0 SOURCE 3 91 -1 -1 960 29760
1 SOURCE 3 31 -1 -1 1620 30420
2 SOURCE 3 0 -1 -1 1140 29940
3 SOURCE 3 61 -1 -1 600 29400
4 SOURCE 3 213 -1 -1 960 29760
5 SOURCE 3 153 -1 -1 1620 30420
6 SOURCE 3 123 -1 -1 1140 29940
7 SOURCE 3 269 -1 -1 1620 30420
8 SOURCE 3 184 -1 -1 600 29400
9 SOURCE 3 322 -1 -1 960 29760
10 SOURCE 3 2 -1 -1 1620 30420
11 SOURCE 3 33 -1 -1 1140 29940
12 SOURCE 3 246 -1 -1 600 29400
13 SOURCE 3 63 -1 -1 960 29760
14 SOURCE 3 294 -1 -1 600 29400
15 SOURCE 3 125 -1 -1 1620 30420
16 SOURCE 3 155 -1 -1 1140 29940
17 SOURCE 3 248 -1 -1 1620 30420
18 SOURCE 3 95 -1 -1 600 29400
19 SOURCE 3 186 -1 -1 960 29760
20 SOURCE 3 4 -1 -1 1620 30420
21 SOURCE 3 35 -1 -1 1140 29940
22 SOURCE 3 353 -1 -1 600 29400
23 SOURCE 3 217 -1 -1 600 29400
24 SOURCE 3 296 -1 -1 960 29760
25 SOURCE 3 127 -1 -1 1620 30420
26 SOURCE 3 157 -1 -1 1140 29940
27 SOURCE 3 355 -1 -1 1620 30420
28 SOURCE 3 66 -1 -1 960 29760
29 SOURCE 3 326 -1 -1 600 29400
30 SOURCE 3 6 -1 -1 1620 30420
31 SOURCE 3 37 -1 -1 1140 29940
32 SOURCE 3 273 -1 -1 600 29400
33 SOURCE 3 98 -1 -1 600 29400
34 SOURCE 3 189 -1 -1 960 29760
35 SOURCE 3 129 -1 -1 1620 30420
36 SOURCE 3 159 -1 -1 1140 29940
37 SOURCE 3 251 -1 -1 1620 30420
38 SOURCE 3 220 -1 -1 600 29400
39 SOURCE 3 299 -1 -1 960 29760
40 SOURCE 3 8 -1 -1 1620 30420
41 SOURCE 3 39 -1 -1 1140 29940
42 SOURCE 3 376 -1 -1 600 29400
43 SOURCE 3 69 -1 -1 960 29760
44 SOURCE 3 329 -1 -1 600 29400
45 SOURCE 3 131 -1 -1 1620 30420
46 SOURCE 3 161 -1 -1 1140 29940
47 SOURCE 3 358 -1 -1 1620 30420
48 SOURCE 3 378 -1 -1 1620 30420
49 SOURCE 3 101 -1 -1 600 29400
50 SOURCE 3 192 -1 -1 960 29760
51 SOURCE 3 10 -1 -1 1620 30420
52 SOURCE 3 41 -1 -1 1140 29940
53 SOURCE 3 276 -1 -1 600 29400
54 SOURCE 3 223 -1 -1 600 29400
55 SOURCE 3 302 -1 -1 960 29760
56 SOURCE 3 133 -1 -1 1620 30420
57 SOURCE 3 163 -1 -1 1140 29940
58 SOURCE 3 254 -1 -1 1620 30420
59 SOURCE 3 72 -1 -1 960 29760
60 SOURCE 3 332 -1 -1 600 29400
61 SOURCE 3 12 -1 -1 1620 30420
62 SOURCE 3 43 -1 -1 1140 29940
63 SOURCE 3 382 -1 -1 600 29400
64 SOURCE 3 104 -1 -1 600 29400
65 SOURCE 3 195 -1 -1 960 29760
66 SOURCE 3 135 -1 -1 1620 30420
67 SOURCE 3 165 -1 -1 1140 29940
68 SOURCE 3 361 -1 -1 1620 30420
69 SOURCE 3 384 -1 -1 1620 30420
70 SOURCE 3 226 -1 -1 600 29400
71 SOURCE 3 305 -1 -1 960 29760
72 SOURCE 3 14 -1 -1 1620 30420
73 SOURCE 3 45 -1 -1 1140 29940
74 SOURCE 3 279 -1 -1 600 29400
75 SOURCE 3 75 -1 -1 960 29760
76 SOURCE 3 335 -1 -1 600 29400
77 SOURCE 3 137 -1 -1 1620 30420
78 SOURCE 3 167 -1 -1 1140 29940
79 SOURCE 3 257 -1 -1 1620 30420
80 SOURCE 3 107 -1 -1 600 29400
81 SOURCE 3 198 -1 -1 960 29760
82 SOURCE 3 16 -1 -1 1620 30420
83 SOURCE 3 47 -1 -1 1140 29940
84 SOURCE 3 388 -1 -1 600 29400
85 SOURCE 3 229 -1 -1 600 29400
86 SOURCE 3 308 -1 -1 960 29760
87 SOURCE 3 139 -1 -1 1620 30420
88 SOURCE 3 169 -1 -1 1140 29940
89 SOURCE 3 364 -1 -1 1620 30420
90 SOURCE 3 390 -1 -1 1620 30420
91 SOURCE 3 78 -1 -1 960 29760
92 SOURCE 3 338 -1 -1 600 29400
93 SOURCE 3 18 -1 -1 1620 30420
94 SOURCE 3 49 -1 -1 1140 29940
95 SOURCE 3 282 -1 -1 600 29400
96 SOURCE 3 110 -1 -1 600 29400
97 SOURCE 3 201 -1 -1 960 29760
98 SOURCE 3 141 -1 -1 1620 30420
99 SOURCE 3 171 -1 -1 1140 29940
100 SOURCE 3 260 -1 -1 1620 30420
101 SOURCE 3 232 -1 -1 600 29400
102 SOURCE 3 311 -1 -1 960 29760
103 SOURCE 3 20 -1 -1 1620 30420
104 SOURCE 3 51 -1 -1 1140 29940
105 SOURCE 3 394 -1 -1 600 29400
106 SOURCE 3 81 -1 -1 960 29760
107 SOURCE 3 341 -1 -1 600 29400
108 SOURCE 3 143 -1 -1 1620 30420
109 SOURCE 3 173 -1 -1 1140 29940
110 SOURCE 3 367 -1 -1 1620 30420
111 SOURCE 3 396 -1 -1 1620 30420
112 SOURCE 3 113 -1 -1 600 29400
113 SOURCE 3 204 -1 -1 960 29760
114 SOURCE 3 22 -1 -1 1620 30420
115 SOURCE 3 53 -1 -1 1140 29940
116 SOURCE 3 285 -1 -1 600 29400
117 SOURCE 3 235 -1 -1 600 29400
118 SOURCE 3 314 -1 -1 960 29760
119 SOURCE 3 145 -1 -1 1620 30420
120 SOURCE 3 175 -1 -1 1140 29940
121 SOURCE 3 263 -1 -1 1620 30420
122 SOURCE 3 84 -1 -1 960 29760
123 SOURCE 3 344 -1 -1 600 29400
124 SOURCE 3 24 -1 -1 1620 30420
125 SOURCE 3 55 -1 -1 1140 29940
126 SOURCE 3 400 -1 -1 600 29400
127 SOURCE 3 116 -1 -1 600 29400
128 SOURCE 3 207 -1 -1 960 29760
129 SOURCE 3 147 -1 -1 1620 30420
130 SOURCE 3 177 -1 -1 1140 29940
131 SOURCE 3 370 -1 -1 1620 30420
132 SOURCE 3 402 -1 -1 1620 30420
133 SOURCE 3 238 -1 -1 600 29400
134 SOURCE 3 317 -1 -1 960 29760
135 SOURCE 3 26 -1 -1 1620 30420
136 SOURCE 3 57 -1 -1 1140 29940
137 SOURCE 3 288 -1 -1 600 29400
138 SOURCE 3 87 -1 -1 960 29760
139 SOURCE 3 347 -1 -1 600 29400
140 SOURCE 3 149 -1 -1 1620 30420
141 SOURCE 3 179 -1 -1 1140 29940
142 SOURCE 3 266 -1 -1 1620 30420
143 SOURCE 3 119 -1 -1 600 29400
144 SOURCE 3 210 -1 -1 960 29760
145 SOURCE 3 28 -1 -1 1620 30420
146 SOURCE 3 59 -1 -1 1140 29940
147 SOURCE 3 406 -1 -1 600 29400
148 SOURCE 3 241 -1 -1 600 29400
149 SOURCE 3 320 -1 -1 960 29760
150 SOURCE 3 151 -1 -1 1620 30420
151 SOURCE 3 181 -1 -1 1140 29940
152 SOURCE 3 373 -1 -1 1620 30420
153 SOURCE 3 408 -1 -1 1620 30420
154 SOURCE 3 90 -1 -1 960 29760
155 SOURCE 3 350 -1 -1 600 29400
156 SOURCE 3 30 -1 -1 1620 30420
157 SOURCE 3 291 -1 -1 600 29400
158 SOURCE 3 122 -1 -1 600 29400
159 SOURCE 3 244 -1 -1 600 29400
160 SOURCE 3 411 -1 -1 600 29400
161 CONNECTION 91 92 -1 -1 1500 1500
162 CONNECTION 91 183 -1 -1 2520 2520
163 CONNECTION 91 214 -1 -1 3300 3300
164 CONNECTION 91 293 300 2220 4320 4320
165 CONNECTION 91 323 300 3000 5100 5100
166 CONNECTION 91 94 300 4020 6120 6120
167 CONNECTION 91 64 300 4800 6900 6900
168 CONNECTION 91 216 300 5820 7920 7920
169 CONNECTION 31 32 -1 -1 2340 2340
170 CONNECTION 31 292 -1 -1 2280 2280
171 CONNECTION 31 245 -1 -1 2580 2580
172 CONNECTION 31 154 -1 -1 4140 4140
173 CONNECTION 31 93 -1 -1 4080 4080
174 CONNECTION 31 270 300 2640 4740 4740
175 CONNECTION 31 34 300 3840 5940 5940
176 CONNECTION 31 215 300 3780 5880 5880
177 CONNECTION 31 352 300 4080 6180 6180
178 CONNECTION 31 156 300 5640 7740 7740
179 CONNECTION 31 324 300 5580 7680 7680
180 CONNECTION 31 249 300 6240 8340 8340
181 CONNECTION 0 1 -1 -1 1860 1860
182 CONNECTION 0 124 -1 -1 3660 3660
183 CONNECTION 0 351 -1 -1 4440 4440
184 CONNECTION 0 3 300 3360 5460 5460
185 CONNECTION 0 126 300 5160 7260 7260
186 CONNECTION 0 271 300 5940 8040 8040
187 CONNECTION 92 154 -1 -1 3600 3600
188 CONNECTION 92 93 -1 -1 3540 3540
189 CONNECTION 92 270 -1 -1 4200 4200
190 CONNECTION 92 34 300 3300 5400 5400
191 CONNECTION 92 215 300 3240 5340 5340
192 CONNECTION 92 352 300 3540 5640 5640
193 CONNECTION 92 156 300 5100 7200 7200
194 CONNECTION 92 324 300 5040 7140 7140
195 CONNECTION 92 249 300 5700 7800 7800
196 CONNECTION 61 62 -1 -1 2880 2880
197 CONNECTION 61 247 300 2220 4320 4320
198 CONNECTION 61 185 300 2580 4680 4680
199 CONNECTION 61 295 300 4380 6480 6480
200 CONNECTION 213 214 -1 -1 1500 1500
201 CONNECTION 213 293 -1 -1 2520 2520
202 CONNECTION 213 323 -1 -1 3300 3300
203 CONNECTION 213 94 300 2220 4320 4320
204 CONNECTION 213 64 300 3000 5100 5100
205 CONNECTION 213 216 300 4020 6120 6120
206 CONNECTION 213 187 300 4800 6900 6900
207 CONNECTION 213 325 300 5820 7920 7920
208 CONNECTION 153 154 -1 -1 2340 2340
209 CONNECTION 153 93 -1 -1 2280 2280
210 CONNECTION 153 270 -1 -1 2940 2940
211 CONNECTION 153 34 -1 -1 4140 4140
212 CONNECTION 153 215 -1 -1 4080 4080
213 CONNECTION 153 352 -1 -1 4380 4380
214 CONNECTION 153 156 300 3840 5940 5940
215 CONNECTION 153 324 300 3780 5880 5880
216 CONNECTION 153 249 300 4440 6540 6540
217 CONNECTION 153 36 300 5640 7740 7740
218 CONNECTION 153 96 300 5580 7680 7680
219 CONNECTION 153 272 300 5880 7980 7980
220 CONNECTION 183 184 -1 -1 720 720
221 CONNECTION 183 33 -1 -1 2040 2040
222 CONNECTION 183 246 -1 -1 1740 1740
223 CONNECTION 183 63 -1 -1 2880 2880
224 CONNECTION 183 294 -1 -1 2520 2520
225 CONNECTION 183 125 -1 -1 3840 3840
226 CONNECTION 183 155 -1 -1 3840 3840
227 CONNECTION 183 248 300 2880 4980 4980
228 CONNECTION 183 95 300 2220 4320 4320
229 CONNECTION 183 186 300 2580 4680 4680
230 CONNECTION 183 4 300 3540 5640 5640
231 CONNECTION 183 35 300 3540 5640 5640
232 CONNECTION 183 353 300 3240 5340 5340
233 CONNECTION 183 217 300 4020 6120 6120
234 CONNECTION 183 296 300 4380 6480 6480
235 CONNECTION 183 127 300 5340 7440 7440
236 CONNECTION 183 157 300 5340 7440 7440
237 CONNECTION 183 355 300 6480 8580 8580
238 SINK 183 3 -1 -1 0 0
239 CONNECTION 123 124 -1 -1 1860 1860
240 CONNECTION 123 351 -1 -1 2640 2640
241 CONNECTION 123 3 -1 -1 3660 3660
242 CONNECTION 123 126 300 3360 5460 5460
243 CONNECTION 123 271 300 4140 6240 6240
244 CONNECTION 123 5 300 5160 7260 7260
245 CONNECTION 1 2 -1 -1 1740 1740
246 CONNECTION 1 33 -1 -1 1740 1740
247 CONNECTION 1 246 -1 -1 1440 1440
248 CONNECTION 1 63 -1 -1 2580 2580
249 CONNECTION 1 294 -1 -1 2220 2220
250 CONNECTION 1 125 -1 -1 3540 3540
251 CONNECTION 1 155 -1 -1 3540 3540
252 CONNECTION 1 248 300 2580 4680 4680
253 CONNECTION 1 95 300 1920 4020 4020
254 CONNECTION 1 186 300 2280 4380 4380
255 CONNECTION 1 4 300 3240 5340 5340
256 CONNECTION 1 35 300 3240 5340 5340
257 CONNECTION 1 353 300 2940 5040 5040
258 CONNECTION 1 217 300 3720 5820 5820
259 CONNECTION 1 296 300 4080 6180 6180
260 CONNECTION 1 127 300 5040 7140 7140
261 CONNECTION 1 157 300 5040 7140 7140
262 CONNECTION 1 355 300 6180 8280 8280
263 CONNECTION 1 66 300 5880 7980 7980
264 CONNECTION 1 326 300 5520 7620 7620
265 SINK 1 3 -1 -1 0 0
266 CONNECTION 32 33 -1 -1 1260 1260
267 CONNECTION 32 63 -1 -1 2100 2100
268 CONNECTION 32 294 -1 -1 1740 1740
269 CONNECTION 32 125 -1 -1 3060 3060
270 CONNECTION 32 155 -1 -1 3060 3060
271 CONNECTION 32 248 -1 -1 4200 4200
272 CONNECTION 32 95 -1 -1 3540 3540
273 CONNECTION 32 186 -1 -1 3900 3900
274 CONNECTION 32 4 300 2760 4860 4860
275 CONNECTION 32 35 300 2760 4860 4860
276 CONNECTION 32 353 300 2460 4560 4560
277 CONNECTION 32 217 300 3240 5340 5340
278 CONNECTION 32 296 300 3600 5700 5700
279 CONNECTION 32 127 300 4560 6660 6660
280 CONNECTION 32 157 300 4560 6660 6660
281 CONNECTION 32 355 300 5700 7800 7800
282 CONNECTION 32 66 300 5400 7500 7500
283 CONNECTION 32 326 300 5040 7140 7140
284 CONNECTION 32 6 300 6360 8460 8460
285 SINK 32 3 -1 -1 0 0
286 CONNECTION 292 293 -1 -1 1080 1080
287 CONNECTION 292 94 -1 -1 2880 2880
288 CONNECTION 292 64 -1 -1 3660 3660
289 CONNECTION 292 216 300 2580 4680 4680
290 CONNECTION 292 187 300 3360 5460 5460
291 CONNECTION 292 325 300 4380 6480 6480
292 CONNECTION 292 297 300 5160 7260 7260
293 CONNECTION 214 270 -1 -1 2400 2400
294 CONNECTION 214 34 -1 -1 3600 3600
295 CONNECTION 214 215 -1 -1 3540 3540
296 CONNECTION 214 352 -1 -1 3840 3840
297 CONNECTION 214 156 300 3300 5400 5400
298 CONNECTION 214 324 300 3240 5340 5340
299 CONNECTION 214 249 300 3900 6000 6000
300 CONNECTION 214 36 300 5100 7200 7200
301 CONNECTION 214 96 300 5040 7140 7140
302 CONNECTION 214 272 300 5340 7440 7440
303 CONNECTION 245 246 -1 -1 720 720
304 CONNECTION 245 63 -1 -1 1860 1860
305 CONNECTION 245 294 -1 -1 1500 1500
306 CONNECTION 245 125 -1 -1 2820 2820
307 CONNECTION 245 155 -1 -1 2820 2820
308 CONNECTION 245 248 -1 -1 3960 3960
309 CONNECTION 245 95 -1 -1 3300 3300
310 CONNECTION 245 186 -1 -1 3660 3660
311 CONNECTION 245 4 -1 -1 4620 4620
312 CONNECTION 245 35 300 2520 4620 4620
313 CONNECTION 245 353 300 2220 4320 4320
314 CONNECTION 245 217 300 3000 5100 5100
315 CONNECTION 245 296 300 3360 5460 5460
316 CONNECTION 245 127 300 4320 6420 6420
317 CONNECTION 245 157 300 4320 6420 6420
318 CONNECTION 245 355 300 5460 7560 7560
319 CONNECTION 245 66 300 5160 7260 7260
320 CONNECTION 245 326 300 4800 6900 6900
321 CONNECTION 245 6 300 6120 8220 8220
322 CONNECTION 245 37 300 6120 8220 8220
323 SINK 245 3 -1 -1 0 0
324 CONNECTION 269 270 -1 -1 1800 1800
325 CONNECTION 269 34 -1 -1 3000 3000
326 CONNECTION 269 215 -1 -1 2940 2940
327 CONNECTION 269 352 -1 -1 3240 3240
328 CONNECTION 269 156 300 2700 4800 4800
329 CONNECTION 269 324 300 2640 4740 4740
330 CONNECTION 269 249 300 3300 5400 5400
331 CONNECTION 269 36 300 4500 6600 6600
332 CONNECTION 269 96 300 4440 6540 6540
333 CONNECTION 269 272 300 4740 6840 6840
334 CONNECTION 269 158 300 6300 8400 8400
335 CONNECTION 269 218 300 6240 8340 8340
336 CONNECTION 184 247 -1 -1 2520 2520
337 CONNECTION 184 185 -1 -1 2880 2880
338 CONNECTION 184 295 300 2580 4680 4680
339 CONNECTION 184 354 300 4020 6120 6120
340 CONNECTION 184 65 300 4380 6480 6480
341 CONNECTION 322 323 -1 -1 1500 1500
342 CONNECTION 322 94 -1 -1 2520 2520
343 CONNECTION 322 64 -1 -1 3300 3300
344 CONNECTION 322 216 300 2220 4320 4320
345 CONNECTION 322 187 300 3000 5100 5100
346 CONNECTION 322 325 300 4020 6120 6120
347 CONNECTION 322 297 300 4800 6900 6900
348 CONNECTION 322 97 300 5820 7920 7920
349 CONNECTION 2 34 -1 -1 2340 2340
350 CONNECTION 2 215 -1 -1 2280 2280
351 CONNECTION 2 352 -1 -1 2580 2580
352 CONNECTION 2 156 -1 -1 4140 4140
353 CONNECTION 2 324 -1 -1 4080 4080
354 CONNECTION 2 249 300 2640 4740 4740
355 CONNECTION 2 36 300 3840 5940 5940
356 CONNECTION 2 96 300 3780 5880 5880
357 CONNECTION 2 272 300 4080 6180 6180
358 CONNECTION 2 158 300 5640 7740 7740
359 CONNECTION 2 218 300 5580 7680 7680
360 CONNECTION 2 356 300 6240 8340 8340
361 CONNECTION 293 294 -1 -1 720 720
362 CONNECTION 293 155 -1 -1 2040 2040
363 CONNECTION 293 248 -1 -1 3180 3180
364 CONNECTION 293 95 -1 -1 2520 2520
365 CONNECTION 293 186 -1 -1 2880 2880
366 CONNECTION 293 4 -1 -1 3840 3840
367 CONNECTION 293 35 -1 -1 3840 3840
368 CONNECTION 293 353 -1 -1 3540 3540
369 CONNECTION 293 217 300 2220 4320 4320
370 CONNECTION 293 296 300 2580 4680 4680
371 CONNECTION 293 127 300 3540 5640 5640
372 CONNECTION 293 157 300 3540 5640 5640
373 CONNECTION 293 355 300 4680 6780 6780
374 CONNECTION 293 66 300 4380 6480 6480
375 CONNECTION 293 326 300 4020 6120 6120
376 CONNECTION 293 6 300 5340 7440 7440
377 CONNECTION 293 37 300 5340 7440 7440
378 CONNECTION 293 273 300 5040 7140 7140
379 SINK 293 3 -1 -1 0 0
380 CONNECTION 33 3 -1 -1 1860 1860
381 CONNECTION 33 126 -1 -1 3660 3660
382 CONNECTION 33 271 -1 -1 4440 4440
383 CONNECTION 33 5 300 3360 5460 5460
384 CONNECTION 33 128 300 5160 7260 7260
385 CONNECTION 33 374 300 5940 8040 8040
386 CONNECTION 124 125 -1 -1 1740 1740
387 CONNECTION 124 155 -1 -1 1740 1740
388 CONNECTION 124 248 -1 -1 2880 2880
389 CONNECTION 124 95 -1 -1 2220 2220
390 CONNECTION 124 186 -1 -1 2580 2580
391 CONNECTION 124 4 -1 -1 3540 3540
392 CONNECTION 124 35 -1 -1 3540 3540
393 CONNECTION 124 353 -1 -1 3240 3240
394 CONNECTION 124 217 300 1920 4020 4020
395 CONNECTION 124 296 300 2280 4380 4380
396 CONNECTION 124 127 300 3240 5340 5340
397 CONNECTION 124 157 300 3240 5340 5340
398 CONNECTION 124 355 300 4380 6480 6480
399 CONNECTION 124 66 300 4080 6180 6180
400 CONNECTION 124 326 300 3720 5820 5820
401 CONNECTION 124 6 300 5040 7140 7140
402 CONNECTION 124 37 300 5040 7140 7140
403 CONNECTION 124 273 300 4740 6840 6840
404 CONNECTION 124 98 300 5520 7620 7620
405 CONNECTION 124 189 300 5880 7980 7980
406 SINK 124 3 -1 -1 0 0
407 CONNECTION 154 155 -1 -1 1260 1260
408 CONNECTION 154 248 -1 -1 2400 2400
409 CONNECTION 154 95 -1 -1 1740 1740
410 CONNECTION 154 186 -1 -1 2100 2100
411 CONNECTION 154 4 -1 -1 3060 3060
412 CONNECTION 154 35 -1 -1 3060 3060
413 CONNECTION 154 353 -1 -1 2760 2760
414 CONNECTION 154 217 -1 -1 3540 3540
415 CONNECTION 154 296 -1 -1 3900 3900
416 CONNECTION 154 127 300 2760 4860 4860
417 CONNECTION 154 157 300 2760 4860 4860
418 CONNECTION 154 355 300 3900 6000 6000
419 CONNECTION 154 66 300 3600 5700 5700
420 CONNECTION 154 326 300 3240 5340 5340
421 CONNECTION 154 6 300 4560 6660 6660
422 CONNECTION 154 37 300 4560 6660 6660
423 CONNECTION 154 273 300 4260 6360 6360
424 CONNECTION 154 98 300 5040 7140 7140
425 CONNECTION 154 189 300 5400 7500 7500
426 CONNECTION 154 129 300 6360 8460 8460
427 SINK 154 3 -1 -1 0 0
428 CONNECTION 93 94 -1 -1 1080 1080
429 CONNECTION 93 216 -1 -1 2880 2880
430 CONNECTION 93 187 -1 -1 3660 3660
431 CONNECTION 93 325 300 2580 4680 4680
432 CONNECTION 93 297 300 3360 5460 5460
433 CONNECTION 93 97 300 4380 6480 6480
434 CONNECTION 93 67 300 5160 7260 7260
435 CONNECTION 246 247 -1 -1 1500 1500
436 CONNECTION 246 185 -1 -1 1860 1860
437 CONNECTION 246 295 300 1560 3660 3660
438 CONNECTION 246 354 300 3000 5100 5100
439 CONNECTION 246 65 300 3360 5460 5460
440 CONNECTION 246 188 300 5160 7260 7260
441 CONNECTION 62 63 -1 -1 1080 1080
442 CONNECTION 62 155 -1 -1 2040 2040
443 CONNECTION 62 248 -1 -1 3180 3180
444 CONNECTION 62 95 -1 -1 2520 2520
445 CONNECTION 62 186 -1 -1 2880 2880
446 CONNECTION 62 4 -1 -1 3840 3840
447 CONNECTION 62 35 -1 -1 3840 3840
448 CONNECTION 62 353 -1 -1 3540 3540
449 CONNECTION 62 217 300 2220 4320 4320
450 CONNECTION 62 296 300 2580 4680 4680
451 CONNECTION 62 127 300 3540 5640 5640
452 CONNECTION 62 157 300 3540 5640 5640
453 CONNECTION 62 355 300 4680 6780 6780
454 CONNECTION 62 66 300 4380 6480 6480
455 CONNECTION 62 326 300 4020 6120 6120
456 CONNECTION 62 6 300 5340 7440 7440
457 CONNECTION 62 37 300 5340 7440 7440
458 CONNECTION 62 273 300 5040 7140 7140
459 SINK 62 3 -1 -1 0 0
460 CONNECTION 323 156 -1 -1 3600 3600
461 CONNECTION 323 324 -1 -1 3540 3540
462 CONNECTION 323 249 -1 -1 4200 4200
463 CONNECTION 323 36 300 3300 5400 5400
464 CONNECTION 323 96 300 3240 5340 5340
465 CONNECTION 323 272 300 3540 5640 5640
466 CONNECTION 323 158 300 5100 7200 7200
467 CONNECTION 323 218 300 5040 7140 7140
468 CONNECTION 323 356 300 5700 7800 7800
469 CONNECTION 351 352 -1 -1 1740 1740
470 CONNECTION 351 156 -1 -1 3300 3300
471 CONNECTION 351 324 -1 -1 3240 3240
472 CONNECTION 351 249 -1 -1 3900 3900
473 CONNECTION 351 36 300 3000 5100 5100
474 CONNECTION 351 96 300 2940 5040 5040
475 CONNECTION 351 272 300 3240 5340 5340
476 CONNECTION 351 158 300 4800 6900 6900
477 CONNECTION 351 218 300 4740 6840 6840
478 CONNECTION 351 356 300 5400 7500 7500
479 CONNECTION 351 38 300 6600 8700 8700
480 CONNECTION 270 126 -1 -1 2520 2520
481 CONNECTION 270 271 -1 -1 3300 3300
482 CONNECTION 270 5 300 2220 4320 4320
483 CONNECTION 270 128 300 4020 6120 6120
484 CONNECTION 270 374 300 4800 6900 6900
485 CONNECTION 270 7 300 5820 7920 7920
486 CONNECTION 63 64 -1 -1 1500 1500
487 CONNECTION 63 216 -1 -1 2520 2520
488 CONNECTION 63 187 -1 -1 3300 3300
489 CONNECTION 63 325 300 2220 4320 4320
490 CONNECTION 63 297 300 3000 5100 5100
491 CONNECTION 63 97 300 4020 6120 6120
492 CONNECTION 63 67 300 4800 6900 6900
493 CONNECTION 63 219 300 5820 7920 7920
494 CONNECTION 294 295 -1 -1 2880 2880
495 CONNECTION 294 354 300 2220 4320 4320
496 CONNECTION 294 65 300 2580 4680 4680
497 CONNECTION 294 188 300 4380 6480 6480
498 CONNECTION 125 156 -1 -1 2340 2340
499 CONNECTION 125 324 -1 -1 2280 2280
500 CONNECTION 125 249 -1 -1 2940 2940
501 CONNECTION 125 36 -1 -1 4140 4140
502 CONNECTION 125 96 -1 -1 4080 4080
503 CONNECTION 125 272 -1 -1 4380 4380
504 CONNECTION 125 158 300 3840 5940 5940
505 CONNECTION 125 218 300 3780 5880 5880
506 CONNECTION 125 356 300 4440 6540 6540
507 CONNECTION 125 38 300 5640 7740 7740
508 CONNECTION 125 327 300 5580 7680 7680
509 CONNECTION 125 375 300 5880 7980 7980
510 CONNECTION 94 95 -1 -1 720 720
511 CONNECTION 94 35 -1 -1 2040 2040
512 CONNECTION 94 353 -1 -1 1740 1740
513 CONNECTION 94 217 -1 -1 2520 2520
514 CONNECTION 94 296 -1 -1 2880 2880
515 CONNECTION 94 127 -1 -1 3840 3840
516 CONNECTION 94 157 -1 -1 3840 3840
517 CONNECTION 94 355 300 2880 4980 4980
518 CONNECTION 94 66 300 2580 4680 4680
519 CONNECTION 94 326 300 2220 4320 4320
520 CONNECTION 94 6 300 3540 5640 5640
521 CONNECTION 94 37 300 3540 5640 5640
522 CONNECTION 94 273 300 3240 5340 5340
523 CONNECTION 94 98 300 4020 6120 6120
524 CONNECTION 94 189 300 4380 6480 6480
525 CONNECTION 94 129 300 5340 7440 7440
526 CONNECTION 94 159 300 5340 7440 7440
527 CONNECTION 94 251 300 6480 8580 8580
528 SINK 94 3 -1 -1 0 0
529 CONNECTION 247 248 -1 -1 1740 1740
530 CONNECTION 247 4 -1 -1 2400 2400
531 CONNECTION 247 35 -1 -1 2400 2400
532 CONNECTION 247 353 -1 -1 2100 2100
533 CONNECTION 247 217 -1 -1 2880 2880
534 CONNECTION 247 296 -1 -1 3240 3240
535 CONNECTION 247 127 -1 -1 4200 4200
536 CONNECTION 247 157 300 2100 4200 4200
537 CONNECTION 247 355 300 3240 5340 5340
538 CONNECTION 247 66 300 2940 5040 5040
539 CONNECTION 247 326 300 2580 4680 4680
540 CONNECTION 247 6 300 3900 6000 6000
541 CONNECTION 247 37 300 3900 6000 6000
542 CONNECTION 247 273 300 3600 5700 5700
543 CONNECTION 247 98 300 4380 6480 6480
544 CONNECTION 247 189 300 4740 6840 6840
545 CONNECTION 247 129 300 5700 7800 7800
546 CONNECTION 247 159 300 5700 7800 7800
547 SINK 247 3 -1 -1 0 0
548 CONNECTION 155 126 -1 -1 1860 1860
549 CONNECTION 155 271 -1 -1 2640 2640
550 CONNECTION 155 5 -1 -1 3660 3660
551 CONNECTION 155 128 300 3360 5460 5460
552 CONNECTION 155 374 300 4140 6240 6240
553 CONNECTION 155 7 300 5160 7260 7260
554 CONNECTION 3 4 -1 -1 1740 1740
555 CONNECTION 3 35 -1 -1 1740 1740
556 CONNECTION 3 353 -1 -1 1440 1440
557 CONNECTION 3 217 -1 -1 2220 2220
558 CONNECTION 3 296 -1 -1 2580 2580
559 CONNECTION 3 127 -1 -1 3540 3540
560 CONNECTION 3 157 -1 -1 3540 3540
561 CONNECTION 3 355 300 2580 4680 4680
562 CONNECTION 3 66 300 2280 4380 4380
563 CONNECTION 3 326 300 1920 4020 4020
564 CONNECTION 3 6 300 3240 5340 5340
565 CONNECTION 3 37 300 3240 5340 5340
566 CONNECTION 3 273 300 2940 5040 5040
567 CONNECTION 3 98 300 3720 5820 5820
568 CONNECTION 3 189 300 4080 6180 6180
569 CONNECTION 3 129 300 5040 7140 7140
570 CONNECTION 3 159 300 5040 7140 7140
571 CONNECTION 3 251 300 6180 8280 8280
572 CONNECTION 3 220 300 5520 7620 7620
573 CONNECTION 3 299 300 5880 7980 7980
574 SINK 3 3 -1 -1 0 0
575 CONNECTION 34 35 -1 -1 1260 1260
576 CONNECTION 34 217 -1 -1 1740 1740
577 CONNECTION 34 296 -1 -1 2100 2100
578 CONNECTION 34 127 -1 -1 3060 3060
579 CONNECTION 34 157 -1 -1 3060 3060
580 CONNECTION 34 355 -1 -1 4200 4200
581 CONNECTION 34 66 -1 -1 3900 3900
582 CONNECTION 34 326 -1 -1 3540 3540
583 CONNECTION 34 6 300 2760 4860 4860
584 CONNECTION 34 37 300 2760 4860 4860
585 CONNECTION 34 273 300 2460 4560 4560
586 CONNECTION 34 98 300 3240 5340 5340
587 CONNECTION 34 189 300 3600 5700 5700
588 CONNECTION 34 129 300 4560 6660 6660
589 CONNECTION 34 159 300 4560 6660 6660
590 CONNECTION 34 251 300 5700 7800 7800
591 CONNECTION 34 220 300 5040 7140 7140
592 CONNECTION 34 299 300 5400 7500 7500
593 CONNECTION 34 8 300 6360 8460 8460
594 SINK 34 3 -1 -1 0 0
595 CONNECTION 215 216 -1 -1 1080 1080
596 CONNECTION 215 325 -1 -1 2880 2880
597 CONNECTION 215 297 -1 -1 3660 3660
598 CONNECTION 215 97 300 2580 4680 4680
599 CONNECTION 215 67 300 3360 5460 5460
600 CONNECTION 215 219 300 4380 6480 6480
601 CONNECTION 215 190 300 5160 7260 7260
602 CONNECTION 64 249 -1 -1 2400 2400
603 CONNECTION 64 36 -1 -1 3600 3600
604 CONNECTION 64 96 -1 -1 3540 3540
605 CONNECTION 64 272 -1 -1 3840 3840
606 CONNECTION 64 158 300 3300 5400 5400
607 CONNECTION 64 218 300 3240 5340 5340
608 CONNECTION 64 356 300 3900 6000 6000
609 CONNECTION 64 38 300 5100 7200 7200
610 CONNECTION 64 327 300 5040 7140 7140
611 CONNECTION 64 375 300 5340 7440 7440
612 CONNECTION 185 186 -1 -1 1080 1080
613 CONNECTION 185 35 -1 -1 2040 2040
614 CONNECTION 185 353 -1 -1 1740 1740
615 CONNECTION 185 217 -1 -1 2520 2520
616 CONNECTION 185 296 -1 -1 2880 2880
617 CONNECTION 185 127 -1 -1 3840 3840
618 CONNECTION 185 157 -1 -1 3840 3840
619 CONNECTION 185 355 300 2880 4980 4980
620 CONNECTION 185 66 300 2580 4680 4680
621 CONNECTION 185 326 300 2220 4320 4320
622 CONNECTION 185 6 300 3540 5640 5640
623 CONNECTION 185 37 300 3540 5640 5640
624 CONNECTION 185 273 300 3240 5340 5340
625 CONNECTION 185 98 300 4020 6120 6120
626 CONNECTION 185 189 300 4380 6480 6480
627 CONNECTION 185 129 300 5340 7440 7440
628 CONNECTION 185 159 300 5340 7440 7440
629 CONNECTION 185 251 300 6480 8580 8580
630 SINK 185 3 -1 -1 0 0
631 CONNECTION 352 353 -1 -1 720 720
632 CONNECTION 352 217 -1 -1 1500 1500
633 CONNECTION 352 296 -1 -1 1860 1860
634 CONNECTION 352 127 -1 -1 2820 2820
635 CONNECTION 352 157 -1 -1 2820 2820
636 CONNECTION 352 355 -1 -1 3960 3960
637 CONNECTION 352 66 -1 -1 3660 3660
638 CONNECTION 352 326 -1 -1 3300 3300
639 CONNECTION 352 6 -1 -1 4620 4620
640 CONNECTION 352 37 300 2520 4620 4620
641 CONNECTION 352 273 300 2220 4320 4320
642 CONNECTION 352 98 300 3000 5100 5100
643 CONNECTION 352 189 300 3360 5460 5460
644 CONNECTION 352 129 300 4320 6420 6420
645 CONNECTION 352 159 300 4320 6420 6420
646 CONNECTION 352 251 300 5460 7560 7560
647 CONNECTION 352 220 300 4800 6900 6900
648 CONNECTION 352 299 300 5160 7260 7260
649 CONNECTION 352 8 300 6120 8220 8220
650 CONNECTION 352 39 300 6120 8220 8220
651 SINK 352 3 -1 -1 0 0
652 CONNECTION 248 249 -1 -1 1800 1800
653 CONNECTION 248 36 -1 -1 3000 3000
654 CONNECTION 248 96 -1 -1 2940 2940
655 CONNECTION 248 272 -1 -1 3240 3240
656 CONNECTION 248 158 300 2700 4800 4800
657 CONNECTION 248 218 300 2640 4740 4740
658 CONNECTION 248 356 300 3300 5400 5400
659 CONNECTION 248 38 300 4500 6600 6600
660 CONNECTION 248 327 300 4440 6540 6540
661 CONNECTION 248 375 300 4740 6840 6840
662 CONNECTION 248 160 300 6300 8400 8400
663 CONNECTION 248 99 300 6240 8340 8340
664 CONNECTION 95 354 -1 -1 2520 2520
665 CONNECTION 95 65 -1 -1 2880 2880
666 CONNECTION 95 188 300 2580 4680 4680
667 CONNECTION 95 250 300 4020 6120 6120
668 CONNECTION 95 298 300 4380 6480 6480
669 CONNECTION 186 187 -1 -1 1500 1500
670 CONNECTION 186 325 -1 -1 2520 2520
671 CONNECTION 186 297 -1 -1 3300 3300
672 CONNECTION 186 97 300 2220 4320 4320
673 CONNECTION 186 67 300 3000 5100 5100
674 CONNECTION 186 219 300 4020 6120 6120
675 CONNECTION 186 190 300 4800 6900 6900
676 CONNECTION 186 328 300 5820 7920 7920
677 CONNECTION 4 36 -1 -1 2340 2340
678 CONNECTION 4 96 -1 -1 2280 2280
679 CONNECTION 4 272 -1 -1 2580 2580
680 CONNECTION 4 158 -1 -1 4140 4140
681 CONNECTION 4 218 -1 -1 4080 4080
682 CONNECTION 4 356 300 2640 4740 4740
683 CONNECTION 4 38 300 3840 5940 5940
684 CONNECTION 4 327 300 3780 5880 5880
685 CONNECTION 4 375 300 4080 6180 6180
686 CONNECTION 4 160 300 5640 7740 7740
687 CONNECTION 4 99 300 5580 7680 7680
688 CONNECTION 4 252 300 6240 8340 8340
689 CONNECTION 216 217 -1 -1 720 720
690 CONNECTION 216 157 -1 -1 2040 2040
691 CONNECTION 216 355 -1 -1 3180 3180
692 CONNECTION 216 66 -1 -1 2880 2880
693 CONNECTION 216 326 -1 -1 2520 2520
694 CONNECTION 216 6 -1 -1 3840 3840
695 CONNECTION 216 37 -1 -1 3840 3840
696 CONNECTION 216 273 -1 -1 3540 3540
697 CONNECTION 216 98 300 2220 4320 4320
698 CONNECTION 216 189 300 2580 4680 4680
699 CONNECTION 216 129 300 3540 5640 5640
700 CONNECTION 216 159 300 3540 5640 5640
701 CONNECTION 216 251 300 4680 6780 6780
702 CONNECTION 216 220 300 4020 6120 6120
703 CONNECTION 216 299 300 4380 6480 6480
704 CONNECTION 216 8 300 5340 7440 7440
705 CONNECTION 216 39 300 5340 7440 7440
706 CONNECTION 216 376 300 5040 7140 7140
707 SINK 216 3 -1 -1 0 0
708 CONNECTION 35 5 -1 -1 1860 1860
709 CONNECTION 35 128 -1 -1 3660 3660
710 CONNECTION 35 374 -1 -1 4440 4440
711 CONNECTION 35 7 300 3360 5460 5460
712 CONNECTION 35 130 300 5160 7260 7260
713 CONNECTION 35 274 300 5940 8040 8040
714 CONNECTION 126 127 -1 -1 1740 1740
715 CONNECTION 126 157 -1 -1 1740 1740
716 CONNECTION 126 355 -1 -1 2880 2880
717 CONNECTION 126 66 -1 -1 2580 2580
718 CONNECTION 126 326 -1 -1 2220 2220
719 CONNECTION 126 6 -1 -1 3540 3540
720 CONNECTION 126 37 -1 -1 3540 3540
721 CONNECTION 126 273 -1 -1 3240 3240
722 CONNECTION 126 98 300 1920 4020 4020
723 CONNECTION 126 189 300 2280 4380 4380
724 CONNECTION 126 129 300 3240 5340 5340
725 CONNECTION 126 159 300 3240 5340 5340
726 CONNECTION 126 251 300 4380 6480 6480
727 CONNECTION 126 220 300 3720 5820 5820
728 CONNECTION 126 299 300 4080 6180 6180
729 CONNECTION 126 8 300 5040 7140 7140
730 CONNECTION 126 39 300 5040 7140 7140
731 CONNECTION 126 376 300 4740 6840 6840
732 CONNECTION 126 69 300 5880 7980 7980
733 CONNECTION 126 329 300 5520 7620 7620
734 SINK 126 3 -1 -1 0 0
735 CONNECTION 156 157 -1 -1 1260 1260
736 CONNECTION 156 355 -1 -1 2400 2400
737 CONNECTION 156 66 -1 -1 2100 2100
738 CONNECTION 156 326 -1 -1 1740 1740
739 CONNECTION 156 6 -1 -1 3060 3060
740 CONNECTION 156 37 -1 -1 3060 3060
741 CONNECTION 156 273 -1 -1 2760 2760
742 CONNECTION 156 98 -1 -1 3540 3540
743 CONNECTION 156 189 -1 -1 3900 3900
744 CONNECTION 156 129 300 2760 4860 4860
745 CONNECTION 156 159 300 2760 4860 4860
746 CONNECTION 156 251 300 3900 6000 6000
747 CONNECTION 156 220 300 3240 5340 5340
748 CONNECTION 156 299 300 3600 5700 5700
749 CONNECTION 156 8 300 4560 6660 6660
750 CONNECTION 156 39 300 4560 6660 6660
751 CONNECTION 156 376 300 4260 6360 6360
752 CONNECTION 156 69 300 5400 7500 7500
753 CONNECTION 156 329 300 5040 7140 7140
754 CONNECTION 156 131 300 6360 8460 8460
755 SINK 156 3 -1 -1 0 0
756 CONNECTION 324 325 -1 -1 1080 1080
757 CONNECTION 324 97 -1 -1 2880 2880
758 CONNECTION 324 67 -1 -1 3660 3660
759 CONNECTION 324 219 300 2580 4680 4680
760 CONNECTION 324 190 300 3360 5460 5460
761 CONNECTION 324 328 300 4380 6480 6480
762 CONNECTION 324 300 300 5160 7260 7260
763 CONNECTION 353 354 -1 -1 1500 1500
764 CONNECTION 353 65 -1 -1 1860 1860
765 CONNECTION 353 188 300 1560 3660 3660
766 CONNECTION 353 250 300 3000 5100 5100
767 CONNECTION 353 298 300 3360 5460 5460
768 CONNECTION 353 68 300 5160 7260 7260
769 CONNECTION 187 158 -1 -1 3600 3600
770 CONNECTION 187 218 -1 -1 3540 3540
771 CONNECTION 187 356 -1 -1 4200 4200
772 CONNECTION 187 38 300 3300 5400 5400
773 CONNECTION 187 327 300 3240 5340 5340
774 CONNECTION 187 375 300 3540 5640 5640
775 CONNECTION 187 160 300 5100 7200 7200
776 CONNECTION 187 99 300 5040 7140 7140
777 CONNECTION 187 252 300 5700 7800 7800
778 CONNECTION 271 272 -1 -1 1740 1740
779 CONNECTION 271 158 -1 -1 3300 3300
780 CONNECTION 271 218 -1 -1 3240 3240
781 CONNECTION 271 356 -1 -1 3900 3900
782 CONNECTION 271 38 300 3000 5100 5100
783 CONNECTION 271 327 300 2940 5040 5040
784 CONNECTION 271 375 300 3240 5340 5340
785 CONNECTION 271 160 300 4800 6900 6900
786 CONNECTION 271 99 300 4740 6840 6840
787 CONNECTION 271 252 300 5400 7500 7500
788 CONNECTION 271 40 300 6600 8700 8700
789 CONNECTION 295 296 -1 -1 1080 1080
790 CONNECTION 295 157 -1 -1 2040 2040
791 CONNECTION 295 355 -1 -1 3180 3180
792 CONNECTION 295 66 -1 -1 2880 2880
793 CONNECTION 295 326 -1 -1 2520 2520
794 CONNECTION 295 6 -1 -1 3840 3840
795 CONNECTION 295 37 -1 -1 3840 3840
796 CONNECTION 295 273 -1 -1 3540 3540
797 CONNECTION 295 98 300 2220 4320 4320
798 CONNECTION 295 189 300 2580 4680 4680
799 CONNECTION 295 129 300 3540 5640 5640
800 CONNECTION 295 159 300 3540 5640 5640
801 CONNECTION 295 251 300 4680 6780 6780
802 CONNECTION 295 220 300 4020 6120 6120
803 CONNECTION 295 299 300 4380 6480 6480
804 CONNECTION 295 8 300 5340 7440 7440
805 CONNECTION 295 39 300 5340 7440 7440
806 CONNECTION 295 376 300 5040 7140 7140
807 SINK 295 3 -1 -1 0 0
808 CONNECTION 249 128 -1 -1 2520 2520
809 CONNECTION 249 374 -1 -1 3300 3300
810 CONNECTION 249 7 300 2220 4320 4320
811 CONNECTION 249 130 300 4020 6120 6120
812 CONNECTION 249 274 300 4800 6900 6900
813 CONNECTION 249 9 300 5820 7920 7920
814 CONNECTION 217 188 -1 -1 2880 2880
815 CONNECTION 217 250 300 2220 4320 4320
816 CONNECTION 217 298 300 2580 4680 4680
817 CONNECTION 217 68 300 4380 6480 6480
818 CONNECTION 296 297 -1 -1 1500 1500
819 CONNECTION 296 97 -1 -1 2520 2520
820 CONNECTION 296 67 -1 -1 3300 3300
821 CONNECTION 296 219 300 2220 4320 4320
822 CONNECTION 296 190 300 3000 5100 5100
823 CONNECTION 296 328 300 4020 6120 6120
824 CONNECTION 296 300 300 4800 6900 6900
825 CONNECTION 296 100 300 5820 7920 7920
826 CONNECTION 127 158 -1 -1 2340 2340
827 CONNECTION 127 218 -1 -1 2280 2280
828 CONNECTION 127 356 -1 -1 2940 2940
829 CONNECTION 127 38 -1 -1 4140 4140
830 CONNECTION 127 327 -1 -1 4080 4080
831 CONNECTION 127 375 -1 -1 4380 4380
832 CONNECTION 127 160 300 3840 5940 5940
833 CONNECTION 127 99 300 3780 5880 5880
834 CONNECTION 127 252 300 4440 6540 6540
835 CONNECTION 127 40 300 5640 7740 7740
836 CONNECTION 127 221 300 5580 7680 7680
837 CONNECTION 127 275 300 5880 7980 7980
838 CONNECTION 325 326 -1 -1 720 720
839 CONNECTION 325 37 -1 -1 2040 2040
840 CONNECTION 325 273 -1 -1 1740 1740
841 CONNECTION 325 98 -1 -1 2520 2520
842 CONNECTION 325 189 -1 -1 2880 2880
843 CONNECTION 325 129 -1 -1 3840 3840
844 CONNECTION 325 159 -1 -1 3840 3840
845 CONNECTION 325 251 300 2880 4980 4980
846 CONNECTION 325 220 300 2220 4320 4320
847 CONNECTION 325 299 300 2580 4680 4680
848 CONNECTION 325 8 300 3540 5640 5640
849 CONNECTION 325 39 300 3540 5640 5640
850 CONNECTION 325 376 300 3240 5340 5340
851 CONNECTION 325 69 300 4380 6480 6480
852 CONNECTION 325 329 300 4020 6120 6120
853 CONNECTION 325 131 300 5340 7440 7440
854 CONNECTION 325 161 300 5340 7440 7440
855 CONNECTION 325 358 300 6480 8580 8580
856 CONNECTION 325 378 300 6480 8580 8580
857 SINK 325 3 -1 -1 0 0
858 CONNECTION 354 355 -1 -1 1740 1740
859 CONNECTION 354 6 -1 -1 2400 2400
860 CONNECTION 354 37 -1 -1 2400 2400
861 CONNECTION 354 273 -1 -1 2100 2100
862 CONNECTION 354 98 -1 -1 2880 2880
863 CONNECTION 354 189 -1 -1 3240 3240
864 CONNECTION 354 129 -1 -1 4200 4200
865 CONNECTION 354 159 300 2100 4200 4200
866 CONNECTION 354 251 300 3240 5340 5340
867 CONNECTION 354 220 300 2580 4680 4680
868 CONNECTION 354 299 300 2940 5040 5040
869 CONNECTION 354 8 300 3900 6000 6000
870 CONNECTION 354 39 300 3900 6000 6000
871 CONNECTION 354 376 300 3600 5700 5700
872 CONNECTION 354 69 300 4740 6840 6840
873 CONNECTION 354 329 300 4380 6480 6480
874 CONNECTION 354 131 300 5700 7800 7800
875 CONNECTION 354 161 300 5700 7800 7800
876 SINK 354 3 -1 -1 0 0
877 CONNECTION 157 128 -1 -1 1860 1860
878 CONNECTION 157 374 -1 -1 2640 2640
879 CONNECTION 157 7 -1 -1 3660 3660
880 CONNECTION 157 130 300 3360 5460 5460
881 CONNECTION 157 274 300 4140 6240 6240
882 CONNECTION 157 9 300 5160 7260 7260
883 CONNECTION 5 6 -1 -1 1740 1740
884 CONNECTION 5 37 -1 -1 1740 1740
885 CONNECTION 5 273 -1 -1 1440 1440
886 CONNECTION 5 98 -1 -1 2220 2220
887 CONNECTION 5 189 -1 -1 2580 2580
888 CONNECTION 5 129 -1 -1 3540 3540
889 CONNECTION 5 159 -1 -1 3540 3540
890 CONNECTION 5 251 300 2580 4680 4680
891 CONNECTION 5 220 300 1920 4020 4020
892 CONNECTION 5 299 300 2280 4380 4380
893 CONNECTION 5 8 300 3240 5340 5340
894 CONNECTION 5 39 300 3240 5340 5340
895 CONNECTION 5 376 300 2940 5040 5040
896 CONNECTION 5 69 300 4080 6180 6180
897 CONNECTION 5 329 300 3720 5820 5820
898 CONNECTION 5 131 300 5040 7140 7140
899 CONNECTION 5 161 300 5040 7140 7140
900 CONNECTION 5 358 300 6180 8280 8280
901 CONNECTION 5 378 300 6180 8280 8280
902 CONNECTION 5 101 300 5520 7620 7620
903 CONNECTION 5 192 300 5880 7980 7980
904 SINK 5 3 -1 -1 0 0
905 CONNECTION 36 37 -1 -1 1260 1260
906 CONNECTION 36 98 -1 -1 1740 1740
907 CONNECTION 36 189 -1 -1 2100 2100
908 CONNECTION 36 129 -1 -1 3060 3060
909 CONNECTION 36 159 -1 -1 3060 3060
910 CONNECTION 36 251 -1 -1 4200 4200
911 CONNECTION 36 220 -1 -1 3540 3540
912 CONNECTION 36 299 -1 -1 3900 3900
913 CONNECTION 36 8 300 2760 4860 4860
914 CONNECTION 36 39 300 2760 4860 4860
915 CONNECTION 36 376 300 2460 4560 4560
916 CONNECTION 36 69 300 3600 5700 5700
917 CONNECTION 36 329 300 3240 5340 5340
918 CONNECTION 36 131 300 4560 6660 6660
919 CONNECTION 36 161 300 4560 6660 6660
920 CONNECTION 36 358 300 5700 7800 7800
921 CONNECTION 36 378 300 5700 7800 7800
922 CONNECTION 36 101 300 5040 7140 7140
923 CONNECTION 36 192 300 5400 7500 7500
924 CONNECTION 36 10 300 6360 8460 8460
925 SINK 36 3 -1 -1 0 0
926 CONNECTION 96 97 -1 -1 1080 1080
927 CONNECTION 96 219 -1 -1 2880 2880
928 CONNECTION 96 190 -1 -1 3660 3660
929 CONNECTION 96 328 300 2580 4680 4680
930 CONNECTION 96 300 300 3360 5460 5460
931 CONNECTION 96 100 300 4380 6480 6480
932 CONNECTION 96 70 300 5160 7260 7260
933 CONNECTION 65 66 -1 -1 1080 1080
934 CONNECTION 65 37 -1 -1 2040 2040
935 CONNECTION 65 273 -1 -1 1740 1740
936 CONNECTION 65 98 -1 -1 2520 2520
937 CONNECTION 65 189 -1 -1 2880 2880
938 CONNECTION 65 129 -1 -1 3840 3840
939 CONNECTION 65 159 -1 -1 3840 3840
940 CONNECTION 65 251 300 2880 4980 4980
941 CONNECTION 65 220 300 2220 4320 4320
942 CONNECTION 65 299 300 2580 4680 4680
943 CONNECTION 65 8 300 3540 5640 5640
944 CONNECTION 65 39 300 3540 5640 5640
945 CONNECTION 65 376 300 3240 5340 5340
946 CONNECTION 65 69 300 4380 6480 6480
947 CONNECTION 65 329 300 4020 6120 6120
948 CONNECTION 65 131 300 5340 7440 7440
949 CONNECTION 65 161 300 5340 7440 7440
950 CONNECTION 65 358 300 6480 8580 8580
951 CONNECTION 65 378 300 6480 8580 8580
952 SINK 65 3 -1 -1 0 0
953 CONNECTION 272 273 -1 -1 720 720
954 CONNECTION 272 98 -1 -1 1500 1500
955 CONNECTION 272 189 -1 -1 1860 1860
956 CONNECTION 272 129 -1 -1 2820 2820
957 CONNECTION 272 159 -1 -1 2820 2820
958 CONNECTION 272 251 -1 -1 3960 3960
959 CONNECTION 272 220 -1 -1 3300 3300
960 CONNECTION 272 299 -1 -1 3660 3660
961 CONNECTION 272 8 -1 -1 4620 4620
962 CONNECTION 272 39 300 2520 4620 4620
963 CONNECTION 272 376 300 2220 4320 4320
964 CONNECTION 272 69 300 3360 5460 5460
965 CONNECTION 272 329 300 3000 5100 5100
966 CONNECTION 272 131 300 4320 6420 6420
967 CONNECTION 272 161 300 4320 6420 6420
968 CONNECTION 272 358 300 5460 7560 7560
969 CONNECTION 272 378 300 5460 7560 7560
970 CONNECTION 272 101 300 4800 6900 6900
971 CONNECTION 272 192 300 5160 7260 7260
972 CONNECTION 272 10 300 6120 8220 8220
973 CONNECTION 272 41 300 6120 8220 8220
974 SINK 272 3 -1 -1 0 0
975 CONNECTION 297 356 -1 -1 2400 2400
976 CONNECTION 297 38 -1 -1 3600 3600
977 CONNECTION 297 327 -1 -1 3540 3540
978 CONNECTION 297 375 -1 -1 3840 3840
979 CONNECTION 297 160 300 3300 5400 5400
980 CONNECTION 297 99 300 3240 5340 5340
981 CONNECTION 297 252 300 3900 6000 6000
982 CONNECTION 297 40 300 5100 7200 7200
983 CONNECTION 297 221 300 5040 7140 7140
984 CONNECTION 297 275 300 5340 7440 7440
985 CONNECTION 355 356 -1 -1 1800 1800
986 CONNECTION 355 38 -1 -1 3000 3000
987 CONNECTION 355 327 -1 -1 2940 2940
988 CONNECTION 355 375 -1 -1 3240 3240
989 CONNECTION 355 160 300 2700 4800 4800
990 CONNECTION 355 99 300 2640 4740 4740
991 CONNECTION 355 252 300 3300 5400 5400
992 CONNECTION 355 40 300 4500 6600 6600
993 CONNECTION 355 221 300 4440 6540 6540
994 CONNECTION 355 275 300 4740 6840 6840
995 CONNECTION 355 162 300 6300 8400 8400
996 CONNECTION 355 330 300 6240 8340 8340
997 CONNECTION 66 67 -1 -1 1500 1500
998 CONNECTION 66 219 -1 -1 2520 2520
999 CONNECTION 66 190 -1 -1 3300 3300
1000 CONNECTION 66 328 300 2220 4320 4320
1001 CONNECTION 66 300 300 3000 5100 5100
1002 CONNECTION 66 100 300 4020 6120 6120
1003 CONNECTION 66 70 300 4800 6900 6900
1004 CONNECTION 66 222 300 5820 7920 7920
1005 CONNECTION 326 250 -1 -1 2520 2520
1006 CONNECTION 326 298 -1 -1 2880 2880
1007 CONNECTION 326 68 300 2580 4680 4680
1008 CONNECTION 326 357 300 4020 6120 6120
1009 CONNECTION 326 377 300 4020 6120 6120
1010 CONNECTION 326 191 300 4380 6480 6480
1011 CONNECTION 6 38 -1 -1 2340 2340
1012 CONNECTION 6 327 -1 -1 2280 2280
1013 CONNECTION 6 375 -1 -1 2580 2580
1014 CONNECTION 6 160 -1 -1 4140 4140
1015 CONNECTION 6 99 -1 -1 4080 4080
1016 CONNECTION 6 252 300 2640 4740 4740
1017 CONNECTION 6 40 300 3840 5940 5940
1018 CONNECTION 6 221 300 3780 5880 5880
1019 CONNECTION 6 275 300 4080 6180 6180
1020 CONNECTION 6 162 300 5640 7740 7740
1021 CONNECTION 6 330 300 5580 7680 7680
1022 CONNECTION 6 359 300 6240 8340 8340
1023 CONNECTION 6 379 300 6240 8340 8340
1024 CONNECTION 97 98 -1 -1 720 720
1025 CONNECTION 97 159 -1 -1 2040 2040
1026 CONNECTION 97 251 -1 -1 3180 3180
1027 CONNECTION 97 220 -1 -1 2520 2520
1028 CONNECTION 97 299 -1 -1 2880 2880
1029 CONNECTION 97 8 -1 -1 3840 3840
1030 CONNECTION 97 39 -1 -1 3840 3840
1031 CONNECTION 97 376 -1 -1 3540 3540
1032 CONNECTION 97 69 300 2580 4680 4680
1033 CONNECTION 97 329 300 2220 4320 4320
1034 CONNECTION 97 131 300 3540 5640 5640
1035 CONNECTION 97 161 300 3540 5640 5640
1036 CONNECTION 97 358 300 4680 6780 6780
1037 CONNECTION 97 378 300 4680 6780 6780
1038 CONNECTION 97 101 300 4020 6120 6120
1039 CONNECTION 97 192 300 4380 6480 6480
1040 CONNECTION 97 10 300 5340 7440 7440
1041 CONNECTION 97 41 300 5340 7440 7440
1042 CONNECTION 97 276 300 5040 7140 7140
1043 SINK 97 3 -1 -1 0 0
1044 CONNECTION 37 7 -1 -1 1860 1860
1045 CONNECTION 37 130 -1 -1 3660 3660
1046 CONNECTION 37 274 -1 -1 4440 4440
1047 CONNECTION 37 9 300 3360 5460 5460
1048 CONNECTION 37 132 300 5160 7260 7260
1049 CONNECTION 37 380 300 5940 8040 8040
1050 CONNECTION 128 129 -1 -1 1740 1740
1051 CONNECTION 128 159 -1 -1 1740 1740
1052 CONNECTION 128 251 -1 -1 2880 2880
1053 CONNECTION 128 220 -1 -1 2220 2220
1054 CONNECTION 128 299 -1 -1 2580 2580
1055 CONNECTION 128 8 -1 -1 3540 3540
1056 CONNECTION 128 39 -1 -1 3540 3540
1057 CONNECTION 128 376 -1 -1 3240 3240
1058 CONNECTION 128 69 300 2280 4380 4380
1059 CONNECTION 128 329 300 1920 4020 4020
1060 CONNECTION 128 131 300 3240 5340 5340
1061 CONNECTION 128 161 300 3240 5340 5340
1062 CONNECTION 128 358 300 4380 6480 6480
1063 CONNECTION 128 378 300 4380 6480 6480
1064 CONNECTION 128 101 300 3720 5820 5820
1065 CONNECTION 128 192 300 4080 6180 6180
1066 CONNECTION 128 10 300 5040 7140 7140
1067 CONNECTION 128 41 300 5040 7140 7140
1068 CONNECTION 128 276 300 4740 6840 6840
1069 CONNECTION 128 223 300 5520 7620 7620
1070 CONNECTION 128 302 300 5880 7980 7980
1071 SINK 128 3 -1 -1 0 0
1072 CONNECTION 158 159 -1 -1 1260 1260
1073 CONNECTION 158 251 -1 -1 2400 2400
1074 CONNECTION 158 220 -1 -1 1740 1740
1075 CONNECTION 158 299 -1 -1 2100 2100
1076 CONNECTION 158 8 -1 -1 3060 3060
1077 CONNECTION 158 39 -1 -1 3060 3060
1078 CONNECTION 158 376 -1 -1 2760 2760
1079 CONNECTION 158 69 -1 -1 3900 3900
1080 CONNECTION 158 329 -1 -1 3540 3540
1081 CONNECTION 158 131 300 2760 4860 4860
1082 CONNECTION 158 161 300 2760 4860 4860
1083 CONNECTION 158 358 300 3900 6000 6000
1084 CONNECTION 158 378 300 3900 6000 6000
1085 CONNECTION 158 101 300 3240 5340 5340
1086 CONNECTION 158 192 300 3600 5700 5700
1087 CONNECTION 158 10 300 4560 6660 6660
1088 CONNECTION 158 41 300 4560 6660 6660
1089 CONNECTION 158 276 300 4260 6360 6360
1090 CONNECTION 158 223 300 5040 7140 7140
1091 CONNECTION 158 302 300 5400 7500 7500
1092 CONNECTION 158 133 300 6360 8460 8460
1093 SINK 158 3 -1 -1 0 0
1094 CONNECTION 218 219 -1 -1 1080 1080
1095 CONNECTION 218 328 -1 -1 2880 2880
1096 CONNECTION 218 300 -1 -1 3660 3660
1097 CONNECTION 218 100 300 2580 4680 4680
1098 CONNECTION 218 70 300 3360 5460 5460
1099 CONNECTION 218 222 300 4380 6480 6480
1100 CONNECTION 218 193 300 5160 7260 7260
1101 CONNECTION 273 250 -1 -1 1500 1500
1102 CONNECTION 273 298 -1 -1 1860 1860
1103 CONNECTION 273 68 300 1560 3660 3660
1104 CONNECTION 273 357 300 3000 5100 5100
1105 CONNECTION 273 377 300 3000 5100 5100
1106 CONNECTION 273 191 300 3360 5460 5460
1107 CONNECTION 273 301 300 5160 7260 7260
1108 CONNECTION 67 160 -1 -1 3600 3600
1109 CONNECTION 67 99 -1 -1 3540 3540
1110 CONNECTION 67 252 -1 -1 4200 4200
1111 CONNECTION 67 40 300 3300 5400 5400
1112 CONNECTION 67 221 300 3240 5340 5340
1113 CONNECTION 67 275 300 3540 5640 5640
1114 CONNECTION 67 162 300 5100 7200 7200
1115 CONNECTION 67 330 300 5040 7140 7140
1116 CONNECTION 67 359 300 5700 7800 7800
1117 CONNECTION 67 379 300 5700 7800 7800
1118 CONNECTION 188 189 -1 -1 1080 1080
1119 CONNECTION 188 159 -1 -1 2040 2040
1120 CONNECTION 188 251 -1 -1 3180 3180
1121 CONNECTION 188 220 -1 -1 2520 2520
1122 CONNECTION 188 299 -1 -1 2880 2880
1123 CONNECTION 188 8 -1 -1 3840 3840
1124 CONNECTION 188 39 -1 -1 3840 3840
1125 CONNECTION 188 376 -1 -1 3540 3540
1126 CONNECTION 188 69 300 2580 4680 4680
1127 CONNECTION 188 329 300 2220 4320 4320
1128 CONNECTION 188 131 300 3540 5640 5640
1129 CONNECTION 188 161 300 3540 5640 5640
1130 CONNECTION 188 358 300 4680 6780 6780
1131 CONNECTION 188 378 300 4680 6780 6780
1132 CONNECTION 188 101 300 4020 6120 6120
1133 CONNECTION 188 192 300 4380 6480 6480
1134 CONNECTION 188 10 300 5340 7440 7440
1135 CONNECTION 188 41 300 5340 7440 7440
1136 CONNECTION 188 276 300 5040 7140 7140
1137 SINK 188 3 -1 -1 0 0
1138 CONNECTION 374 375 -1 -1 1740 1740
1139 CONNECTION 374 160 -1 -1 3300 3300
1140 CONNECTION 374 99 -1 -1 3240 3240
1141 CONNECTION 374 252 -1 -1 3900 3900
1142 CONNECTION 374 40 300 3000 5100 5100
1143 CONNECTION 374 221 300 2940 5040 5040
1144 CONNECTION 374 275 300 3240 5340 5340
1145 CONNECTION 374 162 300 4800 6900 6900
1146 CONNECTION 374 330 300 4740 6840 6840
1147 CONNECTION 374 359 300 5400 7500 7500
1148 CONNECTION 374 379 300 5400 7500 7500
1149 CONNECTION 374 42 300 6600 8700 8700
1150 CONNECTION 356 130 -1 -1 2520 2520
1151 CONNECTION 356 274 -1 -1 3300 3300
1152 CONNECTION 356 9 300 2220 4320 4320
1153 CONNECTION 356 132 300 4020 6120 6120
1154 CONNECTION 356 380 300 4800 6900 6900
1155 CONNECTION 356 11 300 5820 7920 7920
1156 CONNECTION 98 68 -1 -1 2880 2880
1157 CONNECTION 98 357 300 2220 4320 4320
1158 CONNECTION 98 377 300 2220 4320 4320
1159 CONNECTION 98 191 300 2580 4680 4680
1160 CONNECTION 98 301 300 4380 6480 6480
1161 CONNECTION 189 190 -1 -1 1500 1500
1162 CONNECTION 189 328 -1 -1 2520 2520
1163 CONNECTION 189 300 -1 -1 3300 3300
1164 CONNECTION 189 100 300 2220 4320 4320
1165 CONNECTION 189 70 300 3000 5100 5100
1166 CONNECTION 189 222 300 4020 6120 6120
1167 CONNECTION 189 193 300 4800 6900 6900
1168 CONNECTION 189 331 300 5820 7920 7920
1169 CONNECTION 129 160 -1 -1 2340 2340
1170 CONNECTION 129 99 -1 -1 2280 2280
1171 CONNECTION 129 252 -1 -1 2940 2940
1172 CONNECTION 129 40 -1 -1 4140 4140
1173 CONNECTION 129 221 -1 -1 4080 4080
1174 CONNECTION 129 275 -1 -1 4380 4380
1175 CONNECTION 129 162 300 3840 5940 5940
1176 CONNECTION 129 330 300 3780 5880 5880
1177 CONNECTION 129 359 300 4440 6540 6540
1178 CONNECTION 129 379 300 4440 6540 6540
1179 CONNECTION 129 42 300 5640 7740 7740
1180 CONNECTION 129 102 300 5580 7680 7680
1181 CONNECTION 129 381 300 5880 7980 7980
1182 CONNECTION 219 220 -1 -1 720 720
1183 CONNECTION 219 39 -1 -1 2040 2040
1184 CONNECTION 219 376 -1 -1 1740 1740
1185 CONNECTION 219 69 -1 -1 2880 2880
1186 CONNECTION 219 329 -1 -1 2520 2520
1187 CONNECTION 219 131 -1 -1 3840 3840
1188 CONNECTION 219 161 -1 -1 3840 3840
1189 CONNECTION 219 358 300 2880 4980 4980
1190 CONNECTION 219 378 300 2880 4980 4980
1191 CONNECTION 219 101 300 2220 4320 4320
1192 CONNECTION 219 192 300 2580 4680 4680
1193 CONNECTION 219 10 300 3540 5640 5640
1194 CONNECTION 219 41 300 3540 5640 5640
1195 CONNECTION 219 276 300 3240 5340 5340
1196 CONNECTION 219 223 300 4020 6120 6120
1197 CONNECTION 219 302 300 4380 6480 6480
1198 CONNECTION 219 133 300 5340 7440 7440
1199 CONNECTION 219 163 300 5340 7440 7440
1200 CONNECTION 219 254 300 6480 8580 8580
1201 SINK 219 3 -1 -1 0 0
1202 CONNECTION 250 251 -1 -1 1740 1740
1203 CONNECTION 250 8 -1 -1 2400 2400
1204 CONNECTION 250 39 -1 -1 2400 2400
1205 CONNECTION 250 376 -1 -1 2100 2100
1206 CONNECTION 250 69 -1 -1 3240 3240
1207 CONNECTION 250 329 -1 -1 2880 2880
1208 CONNECTION 250 131 -1 -1 4200 4200
1209 CONNECTION 250 161 300 2100 4200 4200
1210 CONNECTION 250 358 300 3240 5340 5340
1211 CONNECTION 250 378 300 3240 5340 5340
1212 CONNECTION 250 101 300 2580 4680 4680
1213 CONNECTION 250 192 300 2940 5040 5040
1214 CONNECTION 250 10 300 3900 6000 6000
1215 CONNECTION 250 41 300 3900 6000 6000
1216 CONNECTION 250 276 300 3600 5700 5700
1217 CONNECTION 250 223 300 4380 6480 6480
1218 CONNECTION 250 302 300 4740 6840 6840
1219 CONNECTION 250 133 300 5700 7800 7800
1220 CONNECTION 250 163 300 5700 7800 7800
1221 SINK 250 3 -1 -1 0 0
1222 CONNECTION 159 130 -1 -1 1860 1860
1223 CONNECTION 159 274 -1 -1 2640 2640
1224 CONNECTION 159 9 -1 -1 3660 3660
1225 CONNECTION 159 132 300 3360 5460 5460
1226 CONNECTION 159 380 300 4140 6240 6240
1227 CONNECTION 159 11 300 5160 7260 7260
1228 CONNECTION 7 8 -1 -1 1740 1740
1229 CONNECTION 7 39 -1 -1 1740 1740
1230 CONNECTION 7 376 -1 -1 1440 1440
1231 CONNECTION 7 69 -1 -1 2580 2580
1232 CONNECTION 7 329 -1 -1 2220 2220
1233 CONNECTION 7 131 -1 -1 3540 3540
1234 CONNECTION 7 161 -1 -1 3540 3540
1235 CONNECTION 7 358 300 2580 4680 4680
1236 CONNECTION 7 378 300 2580 4680 4680
1237 CONNECTION 7 101 300 1920 4020 4020
1238 CONNECTION 7 192 300 2280 4380 4380
1239 CONNECTION 7 10 300 3240 5340 5340
1240 CONNECTION 7 41 300 3240 5340 5340
1241 CONNECTION 7 276 300 2940 5040 5040
1242 CONNECTION 7 223 300 3720 5820 5820
1243 CONNECTION 7 302 300 4080 6180 6180
1244 CONNECTION 7 133 300 5040 7140 7140
1245 CONNECTION 7 163 300 5040 7140 7140
1246 CONNECTION 7 254 300 6180 8280 8280
1247 CONNECTION 7 72 300 5880 7980 7980
1248 CONNECTION 7 332 300 5520 7620 7620
1249 SINK 7 3 -1 -1 0 0
1250 CONNECTION 38 39 -1 -1 1260 1260
1251 CONNECTION 38 69 -1 -1 2100 2100
1252 CONNECTION 38 329 -1 -1 1740 1740
1253 CONNECTION 38 131 -1 -1 3060 3060
1254 CONNECTION 38 161 -1 -1 3060 3060
1255 CONNECTION 38 358 -1 -1 4200 4200
1256 CONNECTION 38 378 -1 -1 4200 4200
1257 CONNECTION 38 101 -1 -1 3540 3540
1258 CONNECTION 38 192 -1 -1 3900 3900
1259 CONNECTION 38 10 300 2760 4860 4860
1260 CONNECTION 38 41 300 2760 4860 4860
1261 CONNECTION 38 276 300 2460 4560 4560
1262 CONNECTION 38 223 300 3240 5340 5340
1263 CONNECTION 38 302 300 3600 5700 5700
1264 CONNECTION 38 133 300 4560 6660 6660
1265 CONNECTION 38 163 300 4560 6660 6660
1266 CONNECTION 38 254 300 5700 7800 7800
1267 CONNECTION 38 72 300 5400 7500 7500
1268 CONNECTION 38 332 300 5040 7140 7140
1269 CONNECTION 38 12 300 6360 8460 8460
1270 SINK 38 3 -1 -1 0 0
1271 CONNECTION 327 328 -1 -1 1080 1080
1272 CONNECTION 327 100 -1 -1 2880 2880
1273 CONNECTION 327 70 -1 -1 3660 3660
1274 CONNECTION 327 222 300 2580 4680 4680
1275 CONNECTION 327 193 300 3360 5460 5460
1276 CONNECTION 327 331 300 4380 6480 6480
1277 CONNECTION 327 303 300 5160 7260 7260
1278 CONNECTION 190 252 -1 -1 2400 2400
1279 CONNECTION 190 40 -1 -1 3600 3600
1280 CONNECTION 190 221 -1 -1 3540 3540
1281 CONNECTION 190 275 -1 -1 3840 3840
1282 CONNECTION 190 162 300 3300 5400 5400
1283 CONNECTION 190 330 300 3240 5340 5340
1284 CONNECTION 190 359 300 3900 6000 6000
1285 CONNECTION 190 379 300 3900 6000 6000
1286 CONNECTION 190 42 300 5100 7200 7200
1287 CONNECTION 190 102 300 5040 7140 7140
1288 CONNECTION 190 381 300 5340 7440 7440
1289 CONNECTION 298 299 -1 -1 1080 1080
1290 CONNECTION 298 39 -1 -1 2040 2040
1291 CONNECTION 298 376 -1 -1 1740 1740
1292 CONNECTION 298 69 -1 -1 2880 2880
1293 CONNECTION 298 329 -1 -1 2520 2520
1294 CONNECTION 298 131 -1 -1 3840 3840
1295 CONNECTION 298 161 -1 -1 3840 3840
1296 CONNECTION 298 358 300 2880 4980 4980
1297 CONNECTION 298 378 300 2880 4980 4980
1298 CONNECTION 298 101 300 2220 4320 4320
1299 CONNECTION 298 192 300 2580 4680 4680
1300 CONNECTION 298 10 300 3540 5640 5640
1301 CONNECTION 298 41 300 3540 5640 5640
1302 CONNECTION 298 276 300 3240 5340 5340
1303 CONNECTION 298 223 300 4020 6120 6120
1304 CONNECTION 298 302 300 4380 6480 6480
1305 CONNECTION 298 133 300 5340 7440 7440
1306 CONNECTION 298 163 300 5340 7440 7440
1307 CONNECTION 298 254 300 6480 8580 8580
1308 SINK 298 3 -1 -1 0 0
1309 CONNECTION 375 376 -1 -1 720 720
1310 CONNECTION 375 69 -1 -1 1860 1860
1311 CONNECTION 375 329 -1 -1 1500 1500
1312 CONNECTION 375 131 -1 -1 2820 2820
1313 CONNECTION 375 161 -1 -1 2820 2820
1314 CONNECTION 375 358 -1 -1 3960 3960
1315 CONNECTION 375 378 -1 -1 3960 3960
1316 CONNECTION 375 101 -1 -1 3300 3300
1317 CONNECTION 375 192 -1 -1 3660 3660
1318 CONNECTION 375 10 -1 -1 4620 4620
1319 CONNECTION 375 41 300 2520 4620 4620
1320 CONNECTION 375 276 300 2220 4320 4320
1321 CONNECTION 375 223 300 3000 5100 5100
1322 CONNECTION 375 302 300 3360 5460 5460
1323 CONNECTION 375 133 300 4320 6420 6420
1324 CONNECTION 375 163 300 4320 6420 6420
1325 CONNECTION 375 254 300 5460 7560 7560
1326 CONNECTION 375 72 300 5160 7260 7260
1327 CONNECTION 375 332 300 4800 6900 6900
1328 CONNECTION 375 12 300 6120 8220 8220
1329 CONNECTION 375 43 300 6120 8220 8220
1330 SINK 375 3 -1 -1 0 0
1331 CONNECTION 251 252 -1 -1 1800 1800
1332 CONNECTION 251 40 -1 -1 3000 3000
1333 CONNECTION 251 221 -1 -1 2940 2940
1334 CONNECTION 251 275 -1 -1 3240 3240
1335 CONNECTION 251 162 300 2700 4800 4800
1336 CONNECTION 251 330 300 2640 4740 4740
1337 CONNECTION 251 359 300 3300 5400 5400
1338 CONNECTION 251 379 300 3300 5400 5400
1339 CONNECTION 251 42 300 4500 6600 6600
1340 CONNECTION 251 102 300 4440 6540 6540
1341 CONNECTION 251 381 300 4740 6840 6840
1342 CONNECTION 251 164 300 6300 8400 8400
1343 CONNECTION 251 224 300 6240 8340 8340
1344 CONNECTION 220 357 -1 -1 2520 2520
1345 CONNECTION 220 377 -1 -1 2520 2520
1346 CONNECTION 220 191 -1 -1 2880 2880
1347 CONNECTION 220 301 300 2580 4680 4680
1348 CONNECTION 220 253 300 4020 6120 6120
1349 CONNECTION 220 71 300 4380 6480 6480
1350 CONNECTION 299 300 -1 -1 1500 1500
1351 CONNECTION 299 100 -1 -1 2520 2520
1352 CONNECTION 299 70 -1 -1 3300 3300
1353 CONNECTION 299 222 300 2220 4320 4320
1354 CONNECTION 299 193 300 3000 5100 5100
1355 CONNECTION 299 331 300 4020 6120 6120
1356 CONNECTION 299 303 300 4800 6900 6900
1357 CONNECTION 299 103 300 5820 7920 7920
1358 CONNECTION 8 40 -1 -1 2340 2340
1359 CONNECTION 8 221 -1 -1 2280 2280
1360 CONNECTION 8 275 -1 -1 2580 2580
1361 CONNECTION 8 162 -1 -1 4140 4140
1362 CONNECTION 8 330 -1 -1 4080 4080
1363 CONNECTION 8 359 300 2640 4740 4740
1364 CONNECTION 8 379 300 2640 4740 4740
1365 CONNECTION 8 42 300 3840 5940 5940
1366 CONNECTION 8 102 300 3780 5880 5880
1367 CONNECTION 8 381 300 4080 6180 6180
1368 CONNECTION 8 164 300 5640 7740 7740
1369 CONNECTION 8 224 300 5580 7680 7680
1370 CONNECTION 8 255 300 6240 8340 8340
1371 CONNECTION 328 329 -1 -1 720 720
1372 CONNECTION 328 161 -1 -1 2040 2040
1373 CONNECTION 328 358 -1 -1 3180 3180
1374 CONNECTION 328 378 -1 -1 3180 3180
1375 CONNECTION 328 101 -1 -1 2520 2520
1376 CONNECTION 328 192 -1 -1 2880 2880
1377 CONNECTION 328 10 -1 -1 3840 3840
1378 CONNECTION 328 41 -1 -1 3840 3840
1379 CONNECTION 328 276 -1 -1 3540 3540
1380 CONNECTION 328 223 300 2220 4320 4320
1381 CONNECTION 328 302 300 2580 4680 4680
1382 CONNECTION 328 133 300 3540 5640 5640
1383 CONNECTION 328 163 300 3540 5640 5640
1384 CONNECTION 328 254 300 4680 6780 6780
1385 CONNECTION 328 72 300 4380 6480 6480
1386 CONNECTION 328 332 300 4020 6120 6120
1387 CONNECTION 328 12 300 5340 7440 7440
1388 CONNECTION 328 43 300 5340 7440 7440
1389 CONNECTION 328 382 300 5040 7140 7140
1390 SINK 328 3 -1 -1 0 0
1391 CONNECTION 39 9 -1 -1 1860 1860
1392 CONNECTION 39 132 -1 -1 3660 3660
1393 CONNECTION 39 380 -1 -1 4440 4440
1394 CONNECTION 39 11 300 3360 5460 5460
1395 CONNECTION 39 134 300 5160 7260 7260
1396 CONNECTION 39 277 300 5940 8040 8040
1397 CONNECTION 130 131 -1 -1 1740 1740
1398 CONNECTION 130 161 -1 -1 1740 1740
1399 CONNECTION 130 358 -1 -1 2880 2880
1400 CONNECTION 130 378 -1 -1 2880 2880
1401 CONNECTION 130 101 -1 -1 2220 2220
1402 CONNECTION 130 192 -1 -1 2580 2580
1403 CONNECTION 130 10 -1 -1 3540 3540
1404 CONNECTION 130 41 -1 -1 3540 3540
1405 CONNECTION 130 276 -1 -1 3240 3240
1406 CONNECTION 130 223 300 1920 4020 4020
1407 CONNECTION 130 302 300 2280 4380 4380
1408 CONNECTION 130 133 300 3240 5340 5340
1409 CONNECTION 130 163 300 3240 5340 5340
1410 CONNECTION 130 254 300 4380 6480 6480
1411 CONNECTION 130 72 300 4080 6180 6180
1412 CONNECTION 130 332 300 3720 5820 5820
1413 CONNECTION 130 12 300 5040 7140 7140
1414 CONNECTION 130 43 300 5040 7140 7140
1415 CONNECTION 130 382 300 4740 6840 6840
1416 CONNECTION 130 104 300 5520 7620 7620
1417 CONNECTION 130 195 300 5880 7980 7980
1418 SINK 130 3 -1 -1 0 0
1419 CONNECTION 160 161 -1 -1 1260 1260
1420 CONNECTION 160 358 -1 -1 2400 2400
1421 CONNECTION 160 378 -1 -1 2400 2400
1422 CONNECTION 160 101 -1 -1 1740 1740
1423 CONNECTION 160 192 -1 -1 2100 2100
1424 CONNECTION 160 10 -1 -1 3060 3060
1425 CONNECTION 160 41 -1 -1 3060 3060
1426 CONNECTION 160 276 -1 -1 2760 2760
1427 CONNECTION 160 223 -1 -1 3540 3540
1428 CONNECTION 160 302 -1 -1 3900 3900
1429 CONNECTION 160 133 300 2760 4860 4860
1430 CONNECTION 160 163 300 2760 4860 4860
1431 CONNECTION 160 254 300 3900 6000 6000
1432 CONNECTION 160 72 300 3600 5700 5700
1433 CONNECTION 160 332 300 3240 5340 5340
1434 CONNECTION 160 12 300 4560 6660 6660
1435 CONNECTION 160 43 300 4560 6660 6660
1436 CONNECTION 160 382 300 4260 6360 6360
1437 CONNECTION 160 104 300 5040 7140 7140
1438 CONNECTION 160 195 300 5400 7500 7500
1439 CONNECTION 160 135 300 6360 8460 8460
1440 SINK 160 3 -1 -1 0 0
1441 CONNECTION 99 100 -1 -1 1080 1080
1442 CONNECTION 99 222 -1 -1 2880 2880
1443 CONNECTION 99 193 -1 -1 3660 3660
1444 CONNECTION 99 331 300 2580 4680 4680
1445 CONNECTION 99 303 300 3360 5460 5460
1446 CONNECTION 99 103 300 4380 6480 6480
1447 CONNECTION 99 73 300 5160 7260 7260
1448 CONNECTION 376 357 -1 -1 1500 1500
1449 CONNECTION 376 377 -1 -1 1500 1500
1450 CONNECTION 376 191 -1 -1 1860 1860
1451 CONNECTION 376 301 300 1560 3660 3660
1452 CONNECTION 376 253 300 3000 5100 5100
1453 CONNECTION 376 71 300 3360 5460 5460
1454 CONNECTION 376 194 300 5160 7260 7260
1455 CONNECTION 68 69 -1 -1 1080 1080
1456 CONNECTION 68 161 -1 -1 2040 2040
1457 CONNECTION 68 358 -1 -1 3180 3180
1458 CONNECTION 68 378 -1 -1 3180 3180
1459 CONNECTION 68 101 -1 -1 2520 2520
1460 CONNECTION 68 192 -1 -1 2880 2880
1461 CONNECTION 68 10 -1 -1 3840 3840
1462 CONNECTION 68 41 -1 -1 3840 3840
1463 CONNECTION 68 276 -1 -1 3540 3540
1464 CONNECTION 68 223 300 2220 4320 4320
1465 CONNECTION 68 302 300 2580 4680 4680
1466 CONNECTION 68 133 300 3540 5640 5640
1467 CONNECTION 68 163 300 3540 5640 5640
1468 CONNECTION 68 254 300 4680 6780 6780
1469 CONNECTION 68 72 300 4380 6480 6480
1470 CONNECTION 68 332 300 4020 6120 6120
1471 CONNECTION 68 12 300 5340 7440 7440
1472 CONNECTION 68 43 300 5340 7440 7440
1473 CONNECTION 68 382 300 5040 7140 7140
1474 SINK 68 3 -1 -1 0 0
1475 CONNECTION 274 275 -1 -1 1740 1740
1476 CONNECTION 274 162 -1 -1 3300 3300
1477 CONNECTION 274 330 -1 -1 3240 3240
1478 CONNECTION 274 359 -1 -1 3900 3900
1479 CONNECTION 274 379 -1 -1 3900 3900
1480 CONNECTION 274 42 300 3000 5100 5100
1481 CONNECTION 274 102 300 2940 5040 5040
1482 CONNECTION 274 381 300 3240 5340 5340
1483 CONNECTION 274 164 300 4800 6900 6900
1484 CONNECTION 274 224 300 4740 6840 6840
1485 CONNECTION 274 255 300 5400 7500 7500
1486 CONNECTION 274 44 300 6600 8700 8700
1487 CONNECTION 300 162 -1 -1 3600 3600
1488 CONNECTION 300 330 -1 -1 3540 3540
1489 CONNECTION 300 359 -1 -1 4200 4200
1490 CONNECTION 300 379 -1 -1 4200 4200
1491 CONNECTION 300 42 300 3300 5400 5400
1492 CONNECTION 300 102 300 3240 5340 5340
1493 CONNECTION 300 381 300 3540 5640 5640
1494 CONNECTION 300 164 300 5100 7200 7200
1495 CONNECTION 300 224 300 5040 7140 7140
1496 CONNECTION 300 255 300 5700 7800 7800
1497 CONNECTION 252 132 -1 -1 2520 2520
1498 CONNECTION 252 380 -1 -1 3300 3300
1499 CONNECTION 252 11 300 2220 4320 4320
1500 CONNECTION 252 134 300 4020 6120 6120
1501 CONNECTION 252 277 300 4800 6900 6900
1502 CONNECTION 252 13 300 5820 7920 7920
1503 CONNECTION 69 70 -1 -1 1500 1500
1504 CONNECTION 69 222 -1 -1 2520 2520
1505 CONNECTION 69 193 -1 -1 3300 3300
1506 CONNECTION 69 331 300 2220 4320 4320
1507 CONNECTION 69 303 300 3000 5100 5100
1508 CONNECTION 69 103 300 4020 6120 6120
1509 CONNECTION 69 73 300 4800 6900 6900
1510 CONNECTION 69 225 300 5820 7920 7920
1511 CONNECTION 329 301 -1 -1 2880 2880
1512 CONNECTION 329 253 300 2220 4320 4320
1513 CONNECTION 329 71 300 2580 4680 4680
1514 CONNECTION 329 194 300 4380 6480 6480
1515 CONNECTION 131 162 -1 -1 2340 2340
1516 CONNECTION 131 330 -1 -1 2280 2280
1517 CONNECTION 131 359 -1 -1 2940 2940
1518 CONNECTION 131 379 -1 -1 2940 2940
1519 CONNECTION 131 42 -1 -1 4140 4140
1520 CONNECTION 131 102 -1 -1 4080 4080
1521 CONNECTION 131 381 -1 -1 4380 4380
1522 CONNECTION 131 164 300 3840 5940 5940
1523 CONNECTION 131 224 300 3780 5880 5880
1524 CONNECTION 131 255 300 4440 6540 6540
1525 CONNECTION 131 44 300 5640 7740 7740
1526 CONNECTION 131 333 300 5580 7680 7680
1527 CONNECTION 131 278 300 5880 7980 7980
1528 CONNECTION 100 101 -1 -1 720 720
1529 CONNECTION 100 41 -1 -1 2040 2040
1530 CONNECTION 100 276 -1 -1 1740 1740
1531 CONNECTION 100 223 -1 -1 2520 2520
1532 CONNECTION 100 302 -1 -1 2880 2880
1533 CONNECTION 100 133 -1 -1 3840 3840
1534 CONNECTION 100 163 -1 -1 3840 3840
1535 CONNECTION 100 254 300 2880 4980 4980
1536 CONNECTION 100 72 300 2580 4680 4680
1537 CONNECTION 100 332 300 2220 4320 4320
1538 CONNECTION 100 12 300 3540 5640 5640
1539 CONNECTION 100 43 300 3540 5640 5640
1540 CONNECTION 100 382 300 3240 5340 5340
1541 CONNECTION 100 104 300 4020 6120 6120
1542 CONNECTION 100 195 300 4380 6480 6480
1543 CONNECTION 100 135 300 5340 7440 7440
1544 CONNECTION 100 165 300 5340 7440 7440
1545 CONNECTION 100 361 300 6480 8580 8580
1546 CONNECTION 100 384 300 6480 8580 8580
1547 SINK 100 3 -1 -1 0 0
1548 CONNECTION 357 358 -1 -1 1740 1740
1549 CONNECTION 357 10 -1 -1 2400 2400
1550 CONNECTION 357 41 -1 -1 2400 2400
1551 CONNECTION 357 276 -1 -1 2100 2100
1552 CONNECTION 357 223 -1 -1 2880 2880
1553 CONNECTION 357 302 -1 -1 3240 3240
1554 CONNECTION 357 133 -1 -1 4200 4200
1555 CONNECTION 357 163 300 2100 4200 4200
1556 CONNECTION 357 254 300 3240 5340 5340
1557 CONNECTION 357 72 300 2940 5040 5040
1558 CONNECTION 357 332 300 2580 4680 4680
1559 CONNECTION 357 12 300 3900 6000 6000
1560 CONNECTION 357 43 300 3900 6000 6000
1561 CONNECTION 357 382 300 3600 5700 5700
1562 CONNECTION 357 104 300 4380 6480 6480
1563 CONNECTION 357 195 300 4740 6840 6840
1564 CONNECTION 357 135 300 5700 7800 7800
1565 CONNECTION 357 165 300 5700 7800 7800
1566 SINK 357 3 -1 -1 0 0
1567 CONNECTION 377 378 -1 -1 1740 1740
1568 CONNECTION 377 10 -1 -1 2400 2400
1569 CONNECTION 377 41 -1 -1 2400 2400
1570 CONNECTION 377 276 -1 -1 2100 2100
1571 CONNECTION 377 223 -1 -1 2880 2880
1572 CONNECTION 377 302 -1 -1 3240 3240
1573 CONNECTION 377 133 -1 -1 4200 4200
1574 CONNECTION 377 163 300 2100 4200 4200
1575 CONNECTION 377 254 300 3240 5340 5340
1576 CONNECTION 377 72 300 2940 5040 5040
1577 CONNECTION 377 332 300 2580 4680 4680
1578 CONNECTION 377 12 300 3900 6000 6000
1579 CONNECTION 377 43 300 3900 6000 6000
1580 CONNECTION 377 382 300 3600 5700 5700
1581 CONNECTION 377 104 300 4380 6480 6480
1582 CONNECTION 377 195 300 4740 6840 6840
1583 CONNECTION 377 135 300 5700 7800 7800
1584 CONNECTION 377 165 300 5700 7800 7800
1585 SINK 377 3 -1 -1 0 0
1586 CONNECTION 161 132 -1 -1 1860 1860
1587 CONNECTION 161 380 -1 -1 2640 2640
1588 CONNECTION 161 11 -1 -1 3660 3660
1589 CONNECTION 161 134 300 3360 5460 5460
1590 CONNECTION 161 277 300 4140 6240 6240
1591 CONNECTION 161 13 300 5160 7260 7260
1592 CONNECTION 9 10 -1 -1 1740 1740
1593 CONNECTION 9 41 -1 -1 1740 1740
1594 CONNECTION 9 276 -1 -1 1440 1440
1595 CONNECTION 9 223 -1 -1 2220 2220
1596 CONNECTION 9 302 -1 -1 2580 2580
1597 CONNECTION 9 133 -1 -1 3540 3540
1598 CONNECTION 9 163 -1 -1 3540 3540
1599 CONNECTION 9 254 300 2580 4680 4680
1600 CONNECTION 9 72 300 2280 4380 4380
1601 CONNECTION 9 332 300 1920 4020 4020
1602 CONNECTION 9 12 300 3240 5340 5340
1603 CONNECTION 9 43 300 3240 5340 5340
1604 CONNECTION 9 382 300 2940 5040 5040
1605 CONNECTION 9 104 300 3720 5820 5820
1606 CONNECTION 9 195 300 4080 6180 6180
1607 CONNECTION 9 135 300 5040 7140 7140
1608 CONNECTION 9 165 300 5040 7140 7140
1609 CONNECTION 9 361 300 6180 8280 8280
1610 CONNECTION 9 384 300 6180 8280 8280
1611 CONNECTION 9 226 300 5520 7620 7620
1612 CONNECTION 9 305 300 5880 7980 7980
1613 SINK 9 3 -1 -1 0 0
1614 CONNECTION 40 41 -1 -1 1260 1260
1615 CONNECTION 40 223 -1 -1 1740 1740
1616 CONNECTION 40 302 -1 -1 2100 2100
1617 CONNECTION 40 133 -1 -1 3060 3060
1618 CONNECTION 40 163 -1 -1 3060 3060
1619 CONNECTION 40 254 -1 -1 4200 4200
1620 CONNECTION 40 72 -1 -1 3900 3900
1621 CONNECTION 40 332 -1 -1 3540 3540
1622 CONNECTION 40 12 300 2760 4860 4860
1623 CONNECTION 40 43 300 2760 4860 4860
1624 CONNECTION 40 382 300 2460 4560 4560
1625 CONNECTION 40 104 300 3240 5340 5340
1626 CONNECTION 40 195 300 3600 5700 5700
1627 CONNECTION 40 135 300 4560 6660 6660
1628 CONNECTION 40 165 300 4560 6660 6660
1629 CONNECTION 40 361 300 5700 7800 7800
1630 CONNECTION 40 384 300 5700 7800 7800
1631 CONNECTION 40 226 300 5040 7140 7140
1632 CONNECTION 40 305 300 5400 7500 7500
1633 CONNECTION 40 14 300 6360 8460 8460
1634 SINK 40 3 -1 -1 0 0
1635 CONNECTION 221 222 -1 -1 1080 1080
1636 CONNECTION 221 331 -1 -1 2880 2880
1637 CONNECTION 221 303 -1 -1 3660 3660
1638 CONNECTION 221 103 300 2580 4680 4680
1639 CONNECTION 221 73 300 3360 5460 5460
1640 CONNECTION 221 225 300 4380 6480 6480
1641 CONNECTION 221 196 300 5160 7260 7260
1642 CONNECTION 70 359 -1 -1 2400 2400
1643 CONNECTION 70 379 -1 -1 2400 2400
1644 CONNECTION 70 42 -1 -1 3600 3600
1645 CONNECTION 70 102 -1 -1 3540 3540
1646 CONNECTION 70 381 -1 -1 3840 3840
1647 CONNECTION 70 164 300 3300 5400 5400
1648 CONNECTION 70 224 300 3240 5340 5340
1649 CONNECTION 70 255 300 3900 6000 6000
1650 CONNECTION 70 44 300 5100 7200 7200
1651 CONNECTION 70 333 300 5040 7140 7140
1652 CONNECTION 70 278 300 5340 7440 7440
1653 CONNECTION 191 192 -1 -1 1080 1080
1654 CONNECTION 191 41 -1 -1 2040 2040
1655 CONNECTION 191 276 -1 -1 1740 1740
1656 CONNECTION 191 223 -1 -1 2520 2520
1657 CONNECTION 191 302 -1 -1 2880 2880
1658 CONNECTION 191 133 -1 -1 3840 3840
1659 CONNECTION 191 163 -1 -1 3840 3840
1660 CONNECTION 191 254 300 2880 4980 4980
1661 CONNECTION 191 72 300 2580 4680 4680
1662 CONNECTION 191 332 300 2220 4320 4320
1663 CONNECTION 191 12 300 3540 5640 5640
1664 CONNECTION 191 43 300 3540 5640 5640
1665 CONNECTION 191 382 300 3240 5340 5340
1666 CONNECTION 191 104 300 4020 6120 6120
1667 CONNECTION 191 195 300 4380 6480 6480
1668 CONNECTION 191 135 300 5340 7440 7440
1669 CONNECTION 191 165 300 5340 7440 7440
1670 CONNECTION 191 361 300 6480 8580 8580
1671 CONNECTION 191 384 300 6480 8580 8580
1672 SINK 191 3 -1 -1 0 0
1673 CONNECTION 275 276 -1 -1 720 720
1674 CONNECTION 275 223 -1 -1 1500 1500
1675 CONNECTION 275 302 -1 -1 1860 1860
1676 CONNECTION 275 133 -1 -1 2820 2820
1677 CONNECTION 275 163 -1 -1 2820 2820
1678 CONNECTION 275 254 -1 -1 3960 3960
1679 CONNECTION 275 72 -1 -1 3660 3660
1680 CONNECTION 275 332 -1 -1 3300 3300
1681 CONNECTION 275 12 -1 -1 4620 4620
1682 CONNECTION 275 43 300 2520 4620 4620
1683 CONNECTION 275 382 300 2220 4320 4320
1684 CONNECTION 275 104 300 3000 5100 5100
1685 CONNECTION 275 195 300 3360 5460 5460
1686 CONNECTION 275 135 300 4320 6420 6420
1687 CONNECTION 275 165 300 4320 6420 6420
1688 CONNECTION 275 361 300 5460 7560 7560
1689 CONNECTION 275 384 300 5460 7560 7560
1690 CONNECTION 275 226 300 4800 6900 6900
1691 CONNECTION 275 305 300 5160 7260 7260
1692 CONNECTION 275 14 300 6120 8220 8220
1693 CONNECTION 275 45 300 6120 8220 8220
1694 SINK 275 3 -1 -1 0 0
1695 CONNECTION 358 359 -1 -1 1800 1800
1696 CONNECTION 358 42 -1 -1 3000 3000
1697 CONNECTION 358 102 -1 -1 2940 2940
1698 CONNECTION 358 381 -1 -1 3240 3240
1699 CONNECTION 358 164 300 2700 4800 4800
1700 CONNECTION 358 224 300 2640 4740 4740
1701 CONNECTION 358 255 300 3300 5400 5400
1702 CONNECTION 358 44 300 4500 6600 6600
1703 CONNECTION 358 333 300 4440 6540 6540
1704 CONNECTION 358 278 300 4740 6840 6840
1705 CONNECTION 358 166 300 6300 8400 8400
1706 CONNECTION 358 105 300 6240 8340 8340
1707 CONNECTION 378 379 -1 -1 1800 1800
1708 CONNECTION 378 42 -1 -1 3000 3000
1709 CONNECTION 378 102 -1 -1 2940 2940
1710 CONNECTION 378 381 -1 -1 3240 3240
1711 CONNECTION 378 164 300 2700 4800 4800
1712 CONNECTION 378 224 300 2640 4740 4740
1713 CONNECTION 378 255 300 3300 5400 5400
1714 CONNECTION 378 44 300 4500 6600 6600
1715 CONNECTION 378 333 300 4440 6540 6540
1716 CONNECTION 378 278 300 4740 6840 6840
1717 CONNECTION 378 166 300 6300 8400 8400
1718 CONNECTION 378 105 300 6240 8340 8340
1719 CONNECTION 101 253 -1 -1 2520 2520
1720 CONNECTION 101 71 -1 -1 2880 2880
1721 CONNECTION 101 194 300 2580 4680 4680
1722 CONNECTION 101 360 300 4020 6120 6120
1723 CONNECTION 101 383 300 4020 6120 6120
1724 CONNECTION 101 304 300 4380 6480 6480
1725 CONNECTION 192 193 -1 -1 1500 1500
1726 CONNECTION 192 331 -1 -1 2520 2520
1727 CONNECTION 192 303 -1 -1 3300 3300
1728 CONNECTION 192 103 300 2220 4320 4320
1729 CONNECTION 192 73 300 3000 5100 5100
1730 CONNECTION 192 225 300 4020 6120 6120
1731 CONNECTION 192 196 300 4800 6900 6900
1732 CONNECTION 192 334 300 5820 7920 7920
1733 CONNECTION 10 42 -1 -1 2340 2340
1734 CONNECTION 10 102 -1 -1 2280 2280
1735 CONNECTION 10 381 -1 -1 2580 2580
1736 CONNECTION 10 164 -1 -1 4140 4140
1737 CONNECTION 10 224 -1 -1 4080 4080
1738 CONNECTION 10 255 300 2640 4740 4740
1739 CONNECTION 10 44 300 3840 5940 5940
1740 CONNECTION 10 333 300 3780 5880 5880
1741 CONNECTION 10 278 300 4080 6180 6180
1742 CONNECTION 10 166 300 5640 7740 7740
1743 CONNECTION 10 105 300 5580 7680 7680
1744 CONNECTION 10 362 300 6240 8340 8340
1745 CONNECTION 10 385 300 6240 8340 8340
1746 CONNECTION 222 223 -1 -1 720 720
1747 CONNECTION 222 163 -1 -1 2040 2040
1748 CONNECTION 222 254 -1 -1 3180 3180
1749 CONNECTION 222 72 -1 -1 2880 2880
1750 CONNECTION 222 332 -1 -1 2520 2520
1751 CONNECTION 222 12 -1 -1 3840 3840
1752 CONNECTION 222 43 -1 -1 3840 3840
1753 CONNECTION 222 382 -1 -1 3540 3540
1754 CONNECTION 222 104 300 2220 4320 4320
1755 CONNECTION 222 195 300 2580 4680 4680
1756 CONNECTION 222 135 300 3540 5640 5640
1757 CONNECTION 222 165 300 3540 5640 5640
1758 CONNECTION 222 361 300 4680 6780 6780
1759 CONNECTION 222 384 300 4680 6780 6780
1760 CONNECTION 222 226 300 4020 6120 6120
1761 CONNECTION 222 305 300 4380 6480 6480
1762 CONNECTION 222 14 300 5340 7440 7440
1763 CONNECTION 222 45 300 5340 7440 7440
1764 CONNECTION 222 279 300 5040 7140 7140
1765 SINK 222 3 -1 -1 0 0
1766 CONNECTION 41 11 -1 -1 1860 1860
1767 CONNECTION 41 134 -1 -1 3660 3660
1768 CONNECTION 41 277 -1 -1 4440 4440
1769 CONNECTION 41 13 300 3360 5460 5460
1770 CONNECTION 41 136 300 5160 7260 7260
1771 CONNECTION 41 386 300 5940 8040 8040
1772 CONNECTION 132 133 -1 -1 1740 1740
1773 CONNECTION 132 163 -1 -1 1740 1740
1774 CONNECTION 132 254 -1 -1 2880 2880
1775 CONNECTION 132 72 -1 -1 2580 2580
1776 CONNECTION 132 332 -1 -1 2220 2220
1777 CONNECTION 132 12 -1 -1 3540 3540
1778 CONNECTION 132 43 -1 -1 3540 3540
1779 CONNECTION 132 382 -1 -1 3240 3240
1780 CONNECTION 132 104 300 1920 4020 4020
1781 CONNECTION 132 195 300 2280 4380 4380
1782 CONNECTION 132 135 300 3240 5340 5340
1783 CONNECTION 132 165 300 3240 5340 5340
1784 CONNECTION 132 361 300 4380 6480 6480
1785 CONNECTION 132 384 300 4380 6480 6480
1786 CONNECTION 132 226 300 3720 5820 5820
1787 CONNECTION 132 305 300 4080 6180 6180
1788 CONNECTION 132 14 300 5040 7140 7140
1789 CONNECTION 132 45 300 5040 7140 7140
1790 CONNECTION 132 279 300 4740 6840 6840
1791 CONNECTION 132 75 300 5880 7980 7980
1792 CONNECTION 132 335 300 5520 7620 7620
1793 SINK 132 3 -1 -1 0 0
1794 CONNECTION 162 163 -1 -1 1260 1260
1795 CONNECTION 162 254 -1 -1 2400 2400
1796 CONNECTION 162 72 -1 -1 2100 2100
1797 CONNECTION 162 332 -1 -1 1740 1740
1798 CONNECTION 162 12 -1 -1 3060 3060
1799 CONNECTION 162 43 -1 -1 3060 3060
1800 CONNECTION 162 382 -1 -1 2760 2760
1801 CONNECTION 162 104 -1 -1 3540 3540
1802 CONNECTION 162 195 -1 -1 3900 3900
1803 CONNECTION 162 135 300 2760 4860 4860
1804 CONNECTION 162 165 300 2760 4860 4860
1805 CONNECTION 162 361 300 3900 6000 6000
1806 CONNECTION 162 384 300 3900 6000 6000
1807 CONNECTION 162 226 300 3240 5340 5340
1808 CONNECTION 162 305 300 3600 5700 5700
1809 CONNECTION 162 14 300 4560 6660 6660
1810 CONNECTION 162 45 300 4560 6660 6660
1811 CONNECTION 162 279 300 4260 6360 6360
1812 CONNECTION 162 75 300 5400 7500 7500
1813 CONNECTION 162 335 300 5040 7140 7140
1814 CONNECTION 162 137 300 6360 8460 8460
1815 SINK 162 3 -1 -1 0 0
1816 CONNECTION 276 253 -1 -1 1500 1500
1817 CONNECTION 276 71 -1 -1 1860 1860
1818 CONNECTION 276 194 300 1560 3660 3660
1819 CONNECTION 276 360 300 3000 5100 5100
1820 CONNECTION 276 383 300 3000 5100 5100
1821 CONNECTION 276 304 300 3360 5460 5460
1822 CONNECTION 276 74 300 5160 7260 7260
1823 CONNECTION 330 331 -1 -1 1080 1080
1824 CONNECTION 330 103 -1 -1 2880 2880
1825 CONNECTION 330 73 -1 -1 3660 3660
1826 CONNECTION 330 225 300 2580 4680 4680
1827 CONNECTION 330 196 300 3360 5460 5460
1828 CONNECTION 330 334 300 4380 6480 6480
1829 CONNECTION 330 306 300 5160 7260 7260
1830 CONNECTION 193 164 -1 -1 3600 3600
1831 CONNECTION 193 224 -1 -1 3540 3540
1832 CONNECTION 193 255 -1 -1 4200 4200
1833 CONNECTION 193 44 300 3300 5400 5400
1834 CONNECTION 193 333 300 3240 5340 5340
1835 CONNECTION 193 278 300 3540 5640 5640
1836 CONNECTION 193 166 300 5100 7200 7200
1837 CONNECTION 193 105 300 5040 7140 7140
1838 CONNECTION 193 362 300 5700 7800 7800
1839 CONNECTION 193 385 300 5700 7800 7800
1840 CONNECTION 301 302 -1 -1 1080 1080
1841 CONNECTION 301 163 -1 -1 2040 2040
1842 CONNECTION 301 254 -1 -1 3180 3180
1843 CONNECTION 301 72 -1 -1 2880 2880
1844 CONNECTION 301 332 -1 -1 2520 2520
1845 CONNECTION 301 12 -1 -1 3840 3840
1846 CONNECTION 301 43 -1 -1 3840 3840
1847 CONNECTION 301 382 -1 -1 3540 3540
1848 CONNECTION 301 104 300 2220 4320 4320
1849 CONNECTION 301 195 300 2580 4680 4680
1850 CONNECTION 301 135 300 3540 5640 5640
1851 CONNECTION 301 165 300 3540 5640 5640
1852 CONNECTION 301 361 300 4680 6780 6780
1853 CONNECTION 301 384 300 4680 6780 6780
1854 CONNECTION 301 226 300 4020 6120 6120
1855 CONNECTION 301 305 300 4380 6480 6480
1856 CONNECTION 301 14 300 5340 7440 7440
1857 CONNECTION 301 45 300 5340 7440 7440
1858 CONNECTION 301 279 300 5040 7140 7140
1859 SINK 301 3 -1 -1 0 0
1860 CONNECTION 380 381 -1 -1 1740 1740
1861 CONNECTION 380 164 -1 -1 3300 3300
1862 CONNECTION 380 224 -1 -1 3240 3240
1863 CONNECTION 380 255 -1 -1 3900 3900
1864 CONNECTION 380 44 300 3000 5100 5100
1865 CONNECTION 380 333 300 2940 5040 5040
1866 CONNECTION 380 278 300 3240 5340 5340
1867 CONNECTION 380 166 300 4800 6900 6900
1868 CONNECTION 380 105 300 4740 6840 6840
1869 CONNECTION 380 362 300 5400 7500 7500
1870 CONNECTION 380 385 300 5400 7500 7500
1871 CONNECTION 380 46 300 6600 8700 8700
1872 CONNECTION 359 134 -1 -1 2520 2520
1873 CONNECTION 359 277 -1 -1 3300 3300
1874 CONNECTION 359 13 300 2220 4320 4320
1875 CONNECTION 359 136 300 4020 6120 6120
1876 CONNECTION 359 386 300 4800 6900 6900
1877 CONNECTION 359 15 300 5820 7920 7920
1878 CONNECTION 379 134 -1 -1 2520 2520
1879 CONNECTION 379 277 -1 -1 3300 3300
1880 CONNECTION 379 13 300 2220 4320 4320
1881 CONNECTION 379 136 300 4020 6120 6120
1882 CONNECTION 379 386 300 4800 6900 6900
1883 CONNECTION 379 15 300 5820 7920 7920
1884 CONNECTION 223 194 -1 -1 2880 2880
1885 CONNECTION 223 360 300 2220 4320 4320
1886 CONNECTION 223 383 300 2220 4320 4320
1887 CONNECTION 223 304 300 2580 4680 4680
1888 CONNECTION 223 74 300 4380 6480 6480
1889 CONNECTION 302 303 -1 -1 1500 1500
1890 CONNECTION 302 103 -1 -1 2520 2520
1891 CONNECTION 302 73 -1 -1 3300 3300
1892 CONNECTION 302 225 300 2220 4320 4320
1893 CONNECTION 302 196 300 3000 5100 5100
1894 CONNECTION 302 334 300 4020 6120 6120
1895 CONNECTION 302 306 300 4800 6900 6900
1896 CONNECTION 302 106 300 5820 7920 7920
1897 CONNECTION 133 164 -1 -1 2340 2340
1898 CONNECTION 133 224 -1 -1 2280 2280
1899 CONNECTION 133 255 -1 -1 2940 2940
1900 CONNECTION 133 44 -1 -1 4140 4140
1901 CONNECTION 133 333 -1 -1 4080 4080
1902 CONNECTION 133 278 -1 -1 4380 4380
1903 CONNECTION 133 166 300 3840 5940 5940
1904 CONNECTION 133 105 300 3780 5880 5880
1905 CONNECTION 133 362 300 4440 6540 6540
1906 CONNECTION 133 385 300 4440 6540 6540
1907 CONNECTION 133 46 300 5640 7740 7740
1908 CONNECTION 133 227 300 5580 7680 7680
1909 CONNECTION 133 387 300 5880 7980 7980
1910 CONNECTION 253 254 -1 -1 1740 1740
1911 CONNECTION 253 12 -1 -1 2400 2400
1912 CONNECTION 253 43 -1 -1 2400 2400
1913 CONNECTION 253 382 -1 -1 2100 2100
1914 CONNECTION 253 104 -1 -1 2880 2880
1915 CONNECTION 253 195 -1 -1 3240 3240
1916 CONNECTION 253 135 -1 -1 4200 4200
1917 CONNECTION 253 165 300 2100 4200 4200
1918 CONNECTION 253 361 300 3240 5340 5340
1919 CONNECTION 253 384 300 3240 5340 5340
1920 CONNECTION 253 226 300 2580 4680 4680
1921 CONNECTION 253 305 300 2940 5040 5040
1922 CONNECTION 253 14 300 3900 6000 6000
1923 CONNECTION 253 45 300 3900 6000 6000
1924 CONNECTION 253 279 300 3600 5700 5700
1925 CONNECTION 253 75 300 4740 6840 6840
1926 CONNECTION 253 335 300 4380 6480 6480
1927 CONNECTION 253 137 300 5700 7800 7800
1928 CONNECTION 253 167 300 5700 7800 7800
1929 SINK 253 3 -1 -1 0 0
1930 CONNECTION 331 332 -1 -1 720 720
1931 CONNECTION 331 43 -1 -1 2040 2040
1932 CONNECTION 331 382 -1 -1 1740 1740
1933 CONNECTION 331 104 -1 -1 2520 2520
1934 CONNECTION 331 195 -1 -1 2880 2880
1935 CONNECTION 331 135 -1 -1 3840 3840
1936 CONNECTION 331 165 -1 -1 3840 3840
1937 CONNECTION 331 361 300 2880 4980 4980
1938 CONNECTION 331 384 300 2880 4980 4980
1939 CONNECTION 331 226 300 2220 4320 4320
1940 CONNECTION 331 305 300 2580 4680 4680
1941 CONNECTION 331 14 300 3540 5640 5640
1942 CONNECTION 331 45 300 3540 5640 5640
1943 CONNECTION 331 279 300 3240 5340 5340
1944 CONNECTION 331 75 300 4380 6480 6480
1945 CONNECTION 331 335 300 4020 6120 6120
1946 CONNECTION 331 137 300 5340 7440 7440
1947 CONNECTION 331 167 300 5340 7440 7440
1948 CONNECTION 331 257 300 6480 8580 8580
1949 SINK 331 3 -1 -1 0 0
1950 CONNECTION 163 134 -1 -1 1860 1860
1951 CONNECTION 163 277 -1 -1 2640 2640
1952 CONNECTION 163 13 -1 -1 3660 3660
1953 CONNECTION 163 136 300 3360 5460 5460
1954 CONNECTION 163 386 300 4140 6240 6240
1955 CONNECTION 163 15 300 5160 7260 7260
1956 CONNECTION 11 12 -1 -1 1740 1740
1957 CONNECTION 11 43 -1 -1 1740 1740
1958 CONNECTION 11 382 -1 -1 1440 1440
1959 CONNECTION 11 104 -1 -1 2220 2220
1960 CONNECTION 11 195 -1 -1 2580 2580
1961 CONNECTION 11 135 -1 -1 3540 3540
1962 CONNECTION 11 165 -1 -1 3540 3540
1963 CONNECTION 11 361 300 2580 4680 4680
1964 CONNECTION 11 384 300 2580 4680 4680
1965 CONNECTION 11 226 300 1920 4020 4020
1966 CONNECTION 11 305 300 2280 4380 4380
1967 CONNECTION 11 14 300 3240 5340 5340
1968 CONNECTION 11 45 300 3240 5340 5340
1969 CONNECTION 11 279 300 2940 5040 5040
1970 CONNECTION 11 75 300 4080 6180 6180
1971 CONNECTION 11 335 300 3720 5820 5820
1972 CONNECTION 11 137 300 5040 7140 7140
1973 CONNECTION 11 167 300 5040 7140 7140
1974 CONNECTION 11 257 300 6180 8280 8280
1975 CONNECTION 11 107 300 5520 7620 7620
1976 CONNECTION 11 198 300 5880 7980 7980
1977 SINK 11 3 -1 -1 0 0
1978 CONNECTION 42 43 -1 -1 1260 1260
1979 CONNECTION 42 104 -1 -1 1740 1740
1980 CONNECTION 42 195 -1 -1 2100 2100
1981 CONNECTION 42 135 -1 -1 3060 3060
1982 CONNECTION 42 165 -1 -1 3060 3060
1983 CONNECTION 42 361 -1 -1 4200 4200
1984 CONNECTION 42 384 -1 -1 4200 4200
1985 CONNECTION 42 226 -1 -1 3540 3540
1986 CONNECTION 42 305 -1 -1 3900 3900
1987 CONNECTION 42 14 300 2760 4860 4860
1988 CONNECTION 42 45 300 2760 4860 4860
1989 CONNECTION 42 279 300 2460 4560 4560
1990 CONNECTION 42 75 300 3600 5700 5700
1991 CONNECTION 42 335 300 3240 5340 5340
1992 CONNECTION 42 137 300 4560 6660 6660
1993 CONNECTION 42 167 300 4560 6660 6660
1994 CONNECTION 42 257 300 5700 7800 7800
1995 CONNECTION 42 107 300 5040 7140 7140
1996 CONNECTION 42 198 300 5400 7500 7500
1997 CONNECTION 42 16 300 6360 8460 8460
1998 SINK 42 3 -1 -1 0 0
1999 CONNECTION 102 103 -1 -1 1080 1080
2000 CONNECTION 102 225 -1 -1 2880 2880
2001 CONNECTION 102 196 -1 -1 3660 3660
2002 CONNECTION 102 334 300 2580 4680 4680
2003 CONNECTION 102 306 300 3360 5460 5460
2004 CONNECTION 102 106 300 4380 6480 6480
2005 CONNECTION 102 76 300 5160 7260 7260
2006 CONNECTION 71 72 -1 -1 1080 1080
2007 CONNECTION 71 43 -1 -1 2040 2040
2008 CONNECTION 71 382 -1 -1 1740 1740
2009 CONNECTION 71 104 -1 -1 2520 2520
2010 CONNECTION 71 195 -1 -1 2880 2880
2011 CONNECTION 71 135 -1 -1 3840 3840
2012 CONNECTION 71 165 -1 -1 3840 3840
2013 CONNECTION 71 361 300 2880 4980 4980
2014 CONNECTION 71 384 300 2880 4980 4980
2015 CONNECTION 71 226 300 2220 4320 4320
2016 CONNECTION 71 305 300 2580 4680 4680
2017 CONNECTION 71 14 300 3540 5640 5640
2018 CONNECTION 71 45 300 3540 5640 5640
2019 CONNECTION 71 279 300 3240 5340 5340
2020 CONNECTION 71 75 300 4380 6480 6480
2021 CONNECTION 71 335 300 4020 6120 6120
2022 CONNECTION 71 137 300 5340 7440 7440
2023 CONNECTION 71 167 300 5340 7440 7440
2024 CONNECTION 71 257 300 6480 8580 8580
2025 SINK 71 3 -1 -1 0 0
2026 CONNECTION 303 255 -1 -1 2400 2400
2027 CONNECTION 303 44 -1 -1 3600 3600
2028 CONNECTION 303 333 -1 -1 3540 3540
2029 CONNECTION 303 278 -1 -1 3840 3840
2030 CONNECTION 303 166 300 3300 5400 5400
2031 CONNECTION 303 105 300 3240 5340 5340
2032 CONNECTION 303 362 300 3900 6000 6000
2033 CONNECTION 303 385 300 3900 6000 6000
2034 CONNECTION 303 46 300 5100 7200 7200
2035 CONNECTION 303 227 300 5040 7140 7140
2036 CONNECTION 303 387 300 5340 7440 7440
2037 CONNECTION 381 382 -1 -1 720 720
2038 CONNECTION 381 104 -1 -1 1500 1500
2039 CONNECTION 381 195 -1 -1 1860 1860
2040 CONNECTION 381 135 -1 -1 2820 2820
2041 CONNECTION 381 165 -1 -1 2820 2820
2042 CONNECTION 381 361 -1 -1 3960 3960
2043 CONNECTION 381 384 -1 -1 3960 3960
2044 CONNECTION 381 226 -1 -1 3300 3300
2045 CONNECTION 381 305 -1 -1 3660 3660
2046 CONNECTION 381 14 -1 -1 4620 4620
2047 CONNECTION 381 45 300 2520 4620 4620
2048 CONNECTION 381 279 300 2220 4320 4320
2049 CONNECTION 381 75 300 3360 5460 5460
2050 CONNECTION 381 335 300 3000 5100 5100
2051 CONNECTION 381 137 300 4320 6420 6420
2052 CONNECTION 381 167 300 4320 6420 6420
2053 CONNECTION 381 257 300 5460 7560 7560
2054 CONNECTION 381 107 300 4800 6900 6900
2055 CONNECTION 381 198 300 5160 7260 7260
2056 CONNECTION 381 16 300 6120 8220 8220
2057 CONNECTION 381 47 300 6120 8220 8220
2058 SINK 381 3 -1 -1 0 0
2059 CONNECTION 254 255 -1 -1 1800 1800
2060 CONNECTION 254 44 -1 -1 3000 3000
2061 CONNECTION 254 333 -1 -1 2940 2940
2062 CONNECTION 254 278 -1 -1 3240 3240
2063 CONNECTION 254 166 300 2700 4800 4800
2064 CONNECTION 254 105 300 2640 4740 4740
2065 CONNECTION 254 362 300 3300 5400 5400
2066 CONNECTION 254 385 300 3300 5400 5400
2067 CONNECTION 254 46 300 4500 6600 6600
2068 CONNECTION 254 227 300 4440 6540 6540
2069 CONNECTION 254 387 300 4740 6840 6840
2070 CONNECTION 254 168 300 6300 8400 8400
2071 CONNECTION 254 336 300 6240 8340 8340
2072 CONNECTION 72 73 -1 -1 1500 1500
2073 CONNECTION 72 225 -1 -1 2520 2520
2074 CONNECTION 72 196 -1 -1 3300 3300
2075 CONNECTION 72 334 300 2220 4320 4320
2076 CONNECTION 72 306 300 3000 5100 5100
2077 CONNECTION 72 106 300 4020 6120 6120
2078 CONNECTION 72 76 300 4800 6900 6900
2079 CONNECTION 72 228 300 5820 7920 7920
2080 CONNECTION 332 360 -1 -1 2520 2520
2081 CONNECTION 332 383 -1 -1 2520 2520
2082 CONNECTION 332 304 -1 -1 2880 2880
2083 CONNECTION 332 74 300 2580 4680 4680
2084 CONNECTION 332 256 300 4020 6120 6120
2085 CONNECTION 332 197 300 4380 6480 6480
2086 CONNECTION 12 44 -1 -1 2340 2340
2087 CONNECTION 12 333 -1 -1 2280 2280
2088 CONNECTION 12 278 -1 -1 2580 2580
2089 CONNECTION 12 166 -1 -1 4140 4140
2090 CONNECTION 12 105 -1 -1 4080 4080
2091 CONNECTION 12 362 300 2640 4740 4740
2092 CONNECTION 12 385 300 2640 4740 4740
2093 CONNECTION 12 46 300 3840 5940 5940
2094 CONNECTION 12 227 300 3780 5880 5880
2095 CONNECTION 12 387 300 4080 6180 6180
2096 CONNECTION 12 168 300 5640 7740 7740
2097 CONNECTION 12 336 300 5580 7680 7680
2098 CONNECTION 12 258 300 6240 8340 8340
2099 CONNECTION 103 104 -1 -1 720 720
2100 CONNECTION 103 165 -1 -1 2040 2040
2101 CONNECTION 103 361 -1 -1 3180 3180
2102 CONNECTION 103 384 -1 -1 3180 3180
2103 CONNECTION 103 226 -1 -1 2520 2520
2104 CONNECTION 103 305 -1 -1 2880 2880
2105 CONNECTION 103 14 -1 -1 3840 3840
2106 CONNECTION 103 45 -1 -1 3840 3840
2107 CONNECTION 103 279 -1 -1 3540 3540
2108 CONNECTION 103 75 300 2580 4680 4680
2109 CONNECTION 103 335 300 2220 4320 4320
2110 CONNECTION 103 137 300 3540 5640 5640
2111 CONNECTION 103 167 300 3540 5640 5640
2112 CONNECTION 103 257 300 4680 6780 6780
2113 CONNECTION 103 107 300 4020 6120 6120
2114 CONNECTION 103 198 300 4380 6480 6480
2115 CONNECTION 103 16 300 5340 7440 7440
2116 CONNECTION 103 47 300 5340 7440 7440
2117 CONNECTION 103 388 300 5040 7140 7140
2118 SINK 103 3 -1 -1 0 0
2119 CONNECTION 43 13 -1 -1 1860 1860
2120 CONNECTION 43 136 -1 -1 3660 3660
2121 CONNECTION 43 386 -1 -1 4440 4440
2122 CONNECTION 43 15 300 3360 5460 5460
2123 CONNECTION 43 138 300 5160 7260 7260
2124 CONNECTION 43 280 300 5940 8040 8040
2125 CONNECTION 134 135 -1 -1 1740 1740
2126 CONNECTION 134 165 -1 -1 1740 1740
2127 CONNECTION 134 361 -1 -1 2880 2880
2128 CONNECTION 134 384 -1 -1 2880 2880
2129 CONNECTION 134 226 -1 -1 2220 2220
2130 CONNECTION 134 305 -1 -1 2580 2580
2131 CONNECTION 134 14 -1 -1 3540 3540
2132 CONNECTION 134 45 -1 -1 3540 3540
2133 CONNECTION 134 279 -1 -1 3240 3240
2134 CONNECTION 134 75 300 2280 4380 4380
2135 CONNECTION 134 335 300 1920 4020 4020
2136 CONNECTION 134 137 300 3240 5340 5340
2137 CONNECTION 134 167 300 3240 5340 5340
2138 CONNECTION 134 257 300 4380 6480 6480
2139 CONNECTION 134 107 300 3720 5820 5820
2140 CONNECTION 134 198 300 4080 6180 6180
2141 CONNECTION 134 16 300 5040 7140 7140
2142 CONNECTION 134 47 300 5040 7140 7140
2143 CONNECTION 134 388 300 4740 6840 6840
2144 CONNECTION 134 229 300 5520 7620 7620
2145 CONNECTION 134 308 300 5880 7980 7980
2146 SINK 134 3 -1 -1 0 0
2147 CONNECTION 164 165 -1 -1 1260 1260
2148 CONNECTION 164 361 -1 -1 2400 2400
2149 CONNECTION 164 384 -1 -1 2400 2400
2150 CONNECTION 164 226 -1 -1 1740 1740
2151 CONNECTION 164 305 -1 -1 2100 2100
2152 CONNECTION 164 14 -1 -1 3060 3060
2153 CONNECTION 164 45 -1 -1 3060 3060
2154 CONNECTION 164 279 -1 -1 2760 2760
2155 CONNECTION 164 75 -1 -1 3900 3900
2156 CONNECTION 164 335 -1 -1 3540 3540
2157 CONNECTION 164 137 300 2760 4860 4860
2158 CONNECTION 164 167 300 2760 4860 4860
2159 CONNECTION 164 257 300 3900 6000 6000
2160 CONNECTION 164 107 300 3240 5340 5340
2161 CONNECTION 164 198 300 3600 5700 5700
2162 CONNECTION 164 16 300 4560 6660 6660
2163 CONNECTION 164 47 300 4560 6660 6660
2164 CONNECTION 164 388 300 4260 6360 6360
2165 CONNECTION 164 229 300 5040 7140 7140
2166 CONNECTION 164 308 300 5400 7500 7500
2167 CONNECTION 164 139 300 6360 8460 8460
2168 SINK 164 3 -1 -1 0 0
2169 CONNECTION 224 225 -1 -1 1080 1080
2170 CONNECTION 224 334 -1 -1 2880 2880
2171 CONNECTION 224 306 -1 -1 3660 3660
2172 CONNECTION 224 106 300 2580 4680 4680
2173 CONNECTION 224 76 300 3360 5460 5460
2174 CONNECTION 224 228 300 4380 6480 6480
2175 CONNECTION 224 199 300 5160 7260 7260
2176 CONNECTION 382 360 -1 -1 1500 1500
2177 CONNECTION 382 383 -1 -1 1500 1500
2178 CONNECTION 382 304 -1 -1 1860 1860
2179 CONNECTION 382 74 300 1560 3660 3660
2180 CONNECTION 382 256 300 3000 5100 5100
2181 CONNECTION 382 197 300 3360 5460 5460
2182 CONNECTION 382 307 300 5160 7260 7260
2183 CONNECTION 73 166 -1 -1 3600 3600
2184 CONNECTION 73 105 -1 -1 3540 3540
2185 CONNECTION 73 362 -1 -1 4200 4200
2186 CONNECTION 73 385 -1 -1 4200 4200
2187 CONNECTION 73 46 300 3300 5400 5400
2188 CONNECTION 73 227 300 3240 5340 5340
2189 CONNECTION 73 387 300 3540 5640 5640
2190 CONNECTION 73 168 300 5100 7200 7200
2191 CONNECTION 73 336 300 5040 7140 7140
2192 CONNECTION 73 258 300 5700 7800 7800
2193 CONNECTION 194 195 -1 -1 1080 1080
2194 CONNECTION 194 165 -1 -1 2040 2040
2195 CONNECTION 194 361 -1 -1 3180 3180
2196 CONNECTION 194 384 -1 -1 3180 3180
2197 CONNECTION 194 226 -1 -1 2520 2520
2198 CONNECTION 194 305 -1 -1 2880 2880
2199 CONNECTION 194 14 -1 -1 3840 3840
2200 CONNECTION 194 45 -1 -1 3840 3840
2201 CONNECTION 194 279 -1 -1 3540 3540
2202 CONNECTION 194 75 300 2580 4680 4680
2203 CONNECTION 194 335 300 2220 4320 4320
2204 CONNECTION 194 137 300 3540 5640 5640
2205 CONNECTION 194 167 300 3540 5640 5640
2206 CONNECTION 194 257 300 4680 6780 6780
2207 CONNECTION 194 107 300 4020 6120 6120
2208 CONNECTION 194 198 300 4380 6480 6480
2209 CONNECTION 194 16 300 5340 7440 7440
2210 CONNECTION 194 47 300 5340 7440 7440
2211 CONNECTION 194 388 300 5040 7140 7140
2212 SINK 194 3 -1 -1 0 0
2213 CONNECTION 277 278 -1 -1 1740 1740
2214 CONNECTION 277 166 -1 -1 3300 3300
2215 CONNECTION 277 105 -1 -1 3240 3240
2216 CONNECTION 277 362 -1 -1 3900 3900
2217 CONNECTION 277 385 -1 -1 3900 3900
2218 CONNECTION 277 46 300 3000 5100 5100
2219 CONNECTION 277 227 300 2940 5040 5040
2220 CONNECTION 277 387 300 3240 5340 5340
2221 CONNECTION 277 168 300 4800 6900 6900
2222 CONNECTION 277 336 300 4740 6840 6840
2223 CONNECTION 277 258 300 5400 7500 7500
2224 CONNECTION 277 48 300 6600 8700 8700
2225 CONNECTION 255 136 -1 -1 2520 2520
2226 CONNECTION 255 386 -1 -1 3300 3300
2227 CONNECTION 255 15 300 2220 4320 4320
2228 CONNECTION 255 138 300 4020 6120 6120
2229 CONNECTION 255 280 300 4800 6900 6900
2230 CONNECTION 255 17 300 5820 7920 7920
2231 CONNECTION 104 74 -1 -1 2880 2880
2232 CONNECTION 104 256 300 2220 4320 4320
2233 CONNECTION 104 197 300 2580 4680 4680
2234 CONNECTION 104 307 300 4380 6480 6480
2235 CONNECTION 195 196 -1 -1 1500 1500
2236 CONNECTION 195 334 -1 -1 2520 2520
2237 CONNECTION 195 306 -1 -1 3300 3300
2238 CONNECTION 195 106 300 2220 4320 4320
2239 CONNECTION 195 76 300 3000 5100 5100
2240 CONNECTION 195 228 300 4020 6120 6120
2241 CONNECTION 195 199 300 4800 6900 6900
2242 CONNECTION 195 337 300 5820 7920 7920
2243 CONNECTION 135 166 -1 -1 2340 2340
2244 CONNECTION 135 105 -1 -1 2280 2280
2245 CONNECTION 135 362 -1 -1 2940 2940
2246 CONNECTION 135 385 -1 -1 2940 2940
2247 CONNECTION 135 46 -1 -1 4140 4140
2248 CONNECTION 135 227 -1 -1 4080 4080
2249 CONNECTION 135 387 -1 -1 4380 4380
2250 CONNECTION 135 168 300 3840 5940 5940
2251 CONNECTION 135 336 300 3780 5880 5880
2252 CONNECTION 135 258 300 4440 6540 6540
2253 CONNECTION 135 48 300 5640 7740 7740
2254 CONNECTION 135 108 300 5580 7680 7680
2255 CONNECTION 135 281 300 5880 7980 7980
2256 CONNECTION 225 226 -1 -1 720 720
2257 CONNECTION 225 45 -1 -1 2040 2040
2258 CONNECTION 225 279 -1 -1 1740 1740
2259 CONNECTION 225 75 -1 -1 2880 2880
2260 CONNECTION 225 335 -1 -1 2520 2520
2261 CONNECTION 225 137 -1 -1 3840 3840
2262 CONNECTION 225 167 -1 -1 3840 3840
2263 CONNECTION 225 257 300 2880 4980 4980
2264 CONNECTION 225 107 300 2220 4320 4320
2265 CONNECTION 225 198 300 2580 4680 4680
2266 CONNECTION 225 16 300 3540 5640 5640
2267 CONNECTION 225 47 300 3540 5640 5640
2268 CONNECTION 225 388 300 3240 5340 5340
2269 CONNECTION 225 229 300 4020 6120 6120
2270 CONNECTION 225 308 300 4380 6480 6480
2271 CONNECTION 225 139 300 5340 7440 7440
2272 CONNECTION 225 169 300 5340 7440 7440
2273 CONNECTION 225 364 300 6480 8580 8580
2274 CONNECTION 225 390 300 6480 8580 8580
2275 SINK 225 3 -1 -1 0 0
2276 CONNECTION 360 361 -1 -1 1740 1740
2277 CONNECTION 360 14 -1 -1 2400 2400
2278 CONNECTION 360 45 -1 -1 2400 2400
2279 CONNECTION 360 279 -1 -1 2100 2100
2280 CONNECTION 360 75 -1 -1 3240 3240
2281 CONNECTION 360 335 -1 -1 2880 2880
2282 CONNECTION 360 137 -1 -1 4200 4200
2283 CONNECTION 360 167 300 2100 4200 4200
2284 CONNECTION 360 257 300 3240 5340 5340
2285 CONNECTION 360 107 300 2580 4680 4680
2286 CONNECTION 360 198 300 2940 5040 5040
2287 CONNECTION 360 16 300 3900 6000 6000
2288 CONNECTION 360 47 300 3900 6000 6000
2289 CONNECTION 360 388 300 3600 5700 5700
2290 CONNECTION 360 229 300 4380 6480 6480
2291 CONNECTION 360 308 300 4740 6840 6840
2292 CONNECTION 360 139 300 5700 7800 7800
2293 CONNECTION 360 169 300 5700 7800 7800
2294 SINK 360 3 -1 -1 0 0
2295 CONNECTION 383 384 -1 -1 1740 1740
2296 CONNECTION 383 14 -1 -1 2400 2400
2297 CONNECTION 383 45 -1 -1 2400 2400
2298 CONNECTION 383 279 -1 -1 2100 2100
2299 CONNECTION 383 75 -1 -1 3240 3240
2300 CONNECTION 383 335 -1 -1 2880 2880
2301 CONNECTION 383 137 -1 -1 4200 4200
2302 CONNECTION 383 167 300 2100 4200 4200
2303 CONNECTION 383 257 300 3240 5340 5340
2304 CONNECTION 383 107 300 2580 4680 4680
2305 CONNECTION 383 198 300 2940 5040 5040
2306 CONNECTION 383 16 300 3900 6000 6000
2307 CONNECTION 383 47 300 3900 6000 6000
2308 CONNECTION 383 388 300 3600 5700 5700
2309 CONNECTION 383 229 300 4380 6480 6480
2310 CONNECTION 383 308 300 4740 6840 6840
2311 CONNECTION 383 139 300 5700 7800 7800
2312 CONNECTION 383 169 300 5700 7800 7800
2313 SINK 383 3 -1 -1 0 0
2314 CONNECTION 165 136 -1 -1 1860 1860
2315 CONNECTION 165 386 -1 -1 2640 2640
2316 CONNECTION 165 15 -1 -1 3660 3660
2317 CONNECTION 165 138 300 3360 5460 5460
2318 CONNECTION 165 280 300 4140 6240 6240
2319 CONNECTION 165 17 300 5160 7260 7260
2320 CONNECTION 13 14 -1 -1 1740 1740
2321 CONNECTION 13 45 -1 -1 1740 1740
2322 CONNECTION 13 279 -1 -1 1440 1440
2323 CONNECTION 13 75 -1 -1 2580 2580
2324 CONNECTION 13 335 -1 -1 2220 2220
2325 CONNECTION 13 137 -1 -1 3540 3540
2326 CONNECTION 13 167 -1 -1 3540 3540
2327 CONNECTION 13 257 300 2580 4680 4680
2328 CONNECTION 13 107 300 1920 4020 4020
2329 CONNECTION 13 198 300 2280 4380 4380
2330 CONNECTION 13 16 300 3240 5340 5340
2331 CONNECTION 13 47 300 3240 5340 5340
2332 CONNECTION 13 388 300 2940 5040 5040
2333 CONNECTION 13 229 300 3720 5820 5820
2334 CONNECTION 13 308 300 4080 6180 6180
2335 CONNECTION 13 139 300 5040 7140 7140
2336 CONNECTION 13 169 300 5040 7140 7140
2337 CONNECTION 13 364 300 6180 8280 8280
2338 CONNECTION 13 390 300 6180 8280 8280
2339 CONNECTION 13 78 300 5880 7980 7980
2340 CONNECTION 13 338 300 5520 7620 7620
2341 SINK 13 3 -1 -1 0 0
2342 CONNECTION 44 45 -1 -1 1260 1260
2343 CONNECTION 44 75 -1 -1 2100 2100
2344 CONNECTION 44 335 -1 -1 1740 1740
2345 CONNECTION 44 137 -1 -1 3060 3060
2346 CONNECTION 44 167 -1 -1 3060 3060
2347 CONNECTION 44 257 -1 -1 4200 4200
2348 CONNECTION 44 107 -1 -1 3540 3540
2349 CONNECTION 44 198 -1 -1 3900 3900
2350 CONNECTION 44 16 300 2760 4860 4860
2351 CONNECTION 44 47 300 2760 4860 4860
2352 CONNECTION 44 388 300 2460 4560 4560
2353 CONNECTION 44 229 300 3240 5340 5340
2354 CONNECTION 44 308 300 3600 5700 5700
2355 CONNECTION 44 139 300 4560 6660 6660
2356 CONNECTION 44 169 300 4560 6660 6660
2357 CONNECTION 44 364 300 5700 7800 7800
2358 CONNECTION 44 390 300 5700 7800 7800
2359 CONNECTION 44 78 300 5400 7500 7500
2360 CONNECTION 44 338 300 5040 7140 7140
2361 CONNECTION 44 18 300 6360 8460 8460
2362 SINK 44 3 -1 -1 0 0
2363 CONNECTION 333 334 -1 -1 1080 1080
2364 CONNECTION 333 106 -1 -1 2880 2880
2365 CONNECTION 333 76 -1 -1 3660 3660
2366 CONNECTION 333 228 300 2580 4680 4680
2367 CONNECTION 333 199 300 3360 5460 5460
2368 CONNECTION 333 337 300 4380 6480 6480
2369 CONNECTION 333 309 300 5160 7260 7260
2370 CONNECTION 196 362 -1 -1 2400 2400
2371 CONNECTION 196 385 -1 -1 2400 2400
2372 CONNECTION 196 46 -1 -1 3600 3600
2373 CONNECTION 196 227 -1 -1 3540 3540
2374 CONNECTION 196 387 -1 -1 3840 3840
2375 CONNECTION 196 168 300 3300 5400 5400
2376 CONNECTION 196 336 300 3240 5340 5340
2377 CONNECTION 196 258 300 3900 6000 6000
2378 CONNECTION 196 48 300 5100 7200 7200
2379 CONNECTION 196 108 300 5040 7140 7140
2380 CONNECTION 196 281 300 5340 7440 7440
2381 CONNECTION 278 279 -1 -1 720 720
2382 CONNECTION 278 75 -1 -1 1860 1860
2383 CONNECTION 278 335 -1 -1 1500 1500
2384 CONNECTION 278 137 -1 -1 2820 2820
2385 CONNECTION 278 167 -1 -1 2820 2820
2386 CONNECTION 278 257 -1 -1 3960 3960
2387 CONNECTION 278 107 -1 -1 3300 3300
2388 CONNECTION 278 198 -1 -1 3660 3660
2389 CONNECTION 278 16 -1 -1 4620 4620
2390 CONNECTION 278 47 300 2520 4620 4620
2391 CONNECTION 278 388 300 2220 4320 4320
2392 CONNECTION 278 229 300 3000 5100 5100
2393 CONNECTION 278 308 300 3360 5460 5460
2394 CONNECTION 278 139 300 4320 6420 6420
2395 CONNECTION 278 169 300 4320 6420 6420
2396 CONNECTION 278 364 300 5460 7560 7560
2397 CONNECTION 278 390 300 5460 7560 7560
2398 CONNECTION 278 78 300 5160 7260 7260
2399 CONNECTION 278 338 300 4800 6900 6900
2400 CONNECTION 278 18 300 6120 8220 8220
2401 CONNECTION 278 49 300 6120 8220 8220
2402 SINK 278 3 -1 -1 0 0
2403 CONNECTION 304 305 -1 -1 1080 1080
2404 CONNECTION 304 45 -1 -1 2040 2040
2405 CONNECTION 304 279 -1 -1 1740 1740
2406 CONNECTION 304 75 -1 -1 2880 2880
2407 CONNECTION 304 335 -1 -1 2520 2520
2408 CONNECTION 304 137 -1 -1 3840 3840
2409 CONNECTION 304 167 -1 -1 3840 3840
2410 CONNECTION 304 257 300 2880 4980 4980
2411 CONNECTION 304 107 300 2220 4320 4320
2412 CONNECTION 304 198 300 2580 4680 4680
2413 CONNECTION 304 16 300 3540 5640 5640
2414 CONNECTION 304 47 300 3540 5640 5640
2415 CONNECTION 304 388 300 3240 5340 5340
2416 CONNECTION 304 229 300 4020 6120 6120
2417 CONNECTION 304 308 300 4380 6480 6480
2418 CONNECTION 304 139 300 5340 7440 7440
2419 CONNECTION 304 169 300 5340 7440 7440
2420 CONNECTION 304 364 300 6480 8580 8580
2421 CONNECTION 304 390 300 6480 8580 8580
2422 SINK 304 3 -1 -1 0 0
2423 CONNECTION 361 362 -1 -1 1800 1800
2424 CONNECTION 361 46 -1 -1 3000 3000
2425 CONNECTION 361 227 -1 -1 2940 2940
2426 CONNECTION 361 387 -1 -1 3240 3240
2427 CONNECTION 361 168 300 2700 4800 4800
2428 CONNECTION 361 336 300 2640 4740 4740
2429 CONNECTION 361 258 300 3300 5400 5400
2430 CONNECTION 361 48 300 4500 6600 6600
2431 CONNECTION 361 108 300 4440 6540 6540
2432 CONNECTION 361 281 300 4740 6840 6840
2433 CONNECTION 361 170 300 6300 8400 8400
2434 CONNECTION 361 230 300 6240 8340 8340
2435 CONNECTION 384 385 -1 -1 1800 1800
2436 CONNECTION 384 46 -1 -1 3000 3000
2437 CONNECTION 384 227 -1 -1 2940 2940
2438 CONNECTION 384 387 -1 -1 3240 3240
2439 CONNECTION 384 168 300 2700 4800 4800
2440 CONNECTION 384 336 300 2640 4740 4740
2441 CONNECTION 384 258 300 3300 5400 5400
2442 CONNECTION 384 48 300 4500 6600 6600
2443 CONNECTION 384 108 300 4440 6540 6540
2444 CONNECTION 384 281 300 4740 6840 6840
2445 CONNECTION 384 170 300 6300 8400 8400
2446 CONNECTION 384 230 300 6240 8340 8340
2447 CONNECTION 226 256 -1 -1 2520 2520
2448 CONNECTION 226 197 -1 -1 2880 2880
2449 CONNECTION 226 307 300 2580 4680 4680
2450 CONNECTION 226 363 300 4020 6120 6120
2451 CONNECTION 226 389 300 4020 6120 6120
2452 CONNECTION 226 77 300 4380 6480 6480
2453 CONNECTION 305 306 -1 -1 1500 1500
2454 CONNECTION 305 106 -1 -1 2520 2520
2455 CONNECTION 305 76 -1 -1 3300 3300
2456 CONNECTION 305 228 300 2220 4320 4320
2457 CONNECTION 305 199 300 3000 5100 5100
2458 CONNECTION 305 337 300 4020 6120 6120
2459 CONNECTION 305 309 300 4800 6900 6900
2460 CONNECTION 305 109 300 5820 7920 7920
2461 CONNECTION 14 46 -1 -1 2340 2340
2462 CONNECTION 14 227 -1 -1 2280 2280
2463 CONNECTION 14 387 -1 -1 2580 2580
2464 CONNECTION 14 168 -1 -1 4140 4140
2465 CONNECTION 14 336 -1 -1 4080 4080
2466 CONNECTION 14 258 300 2640 4740 4740
2467 CONNECTION 14 48 300 3840 5940 5940
2468 CONNECTION 14 108 300 3780 5880 5880
2469 CONNECTION 14 281 300 4080 6180 6180
2470 CONNECTION 14 170 300 5640 7740 7740
2471 CONNECTION 14 230 300 5580 7680 7680
2472 CONNECTION 14 365 300 6240 8340 8340
2473 CONNECTION 14 391 300 6240 8340 8340
2474 CONNECTION 334 335 -1 -1 720 720
2475 CONNECTION 334 167 -1 -1 2040 2040
2476 CONNECTION 334 257 -1 -1 3180 3180
2477 CONNECTION 334 107 -1 -1 2520 2520
2478 CONNECTION 334 198 -1 -1 2880 2880
2479 CONNECTION 334 16 -1 -1 3840 3840
2480 CONNECTION 334 47 -1 -1 3840 3840
2481 CONNECTION 334 388 -1 -1 3540 3540
2482 CONNECTION 334 229 300 2220 4320 4320
2483 CONNECTION 334 308 300 2580 4680 4680
2484 CONNECTION 334 139 300 3540 5640 5640
2485 CONNECTION 334 169 300 3540 5640 5640
2486 CONNECTION 334 364 300 4680 6780 6780
2487 CONNECTION 334 390 300 4680 6780 6780
2488 CONNECTION 334 78 300 4380 6480 6480
2489 CONNECTION 334 338 300 4020 6120 6120
2490 CONNECTION 334 18 300 5340 7440 7440
2491 CONNECTION 334 49 300 5340 7440 7440
2492 CONNECTION 334 282 300 5040 7140 7140
2493 SINK 334 3 -1 -1 0 0
2494 CONNECTION 45 15 -1 -1 1860 1860
2495 CONNECTION 45 138 -1 -1 3660 3660
2496 CONNECTION 45 280 -1 -1 4440 4440
2497 CONNECTION 45 17 300 3360 5460 5460
2498 CONNECTION 45 140 300 5160 7260 7260
2499 CONNECTION 45 392 300 5940 8040 8040
2500 CONNECTION 136 137 -1 -1 1740 1740
2501 CONNECTION 136 167 -1 -1 1740 1740
2502 CONNECTION 136 257 -1 -1 2880 2880
2503 CONNECTION 136 107 -1 -1 2220 2220
2504 CONNECTION 136 198 -1 -1 2580 2580
2505 CONNECTION 136 16 -1 -1 3540 3540
2506 CONNECTION 136 47 -1 -1 3540 3540
2507 CONNECTION 136 388 -1 -1 3240 3240
2508 CONNECTION 136 229 300 1920 4020 4020
2509 CONNECTION 136 308 300 2280 4380 4380
2510 CONNECTION 136 139 300 3240 5340 5340
2511 CONNECTION 136 169 300 3240 5340 5340
2512 CONNECTION 136 364 300 4380 6480 6480
2513 CONNECTION 136 390 300 4380 6480 6480
2514 CONNECTION 136 78 300 4080 6180 6180
2515 CONNECTION 136 338 300 3720 5820 5820
2516 CONNECTION 136 18 300 5040 7140 7140
2517 CONNECTION 136 49 300 5040 7140 7140
2518 CONNECTION 136 282 300 4740 6840 6840
2519 CONNECTION 136 110 300 5520 7620 7620
2520 CONNECTION 136 201 300 5880 7980 7980
2521 SINK 136 3 -1 -1 0 0
2522 CONNECTION 166 167 -1 -1 1260 1260
2523 CONNECTION 166 257 -1 -1 2400 2400
2524 CONNECTION 166 107 -1 -1 1740 1740
2525 CONNECTION 166 198 -1 -1 2100 2100
2526 CONNECTION 166 16 -1 -1 3060 3060
2527 CONNECTION 166 47 -1 -1 3060 3060
2528 CONNECTION 166 388 -1 -1 2760 2760
2529 CONNECTION 166 229 -1 -1 3540 3540
2530 CONNECTION 166 308 -1 -1 3900 3900
2531 CONNECTION 166 139 300 2760 4860 4860
2532 CONNECTION 166 169 300 2760 4860 4860
2533 CONNECTION 166 364 300 3900 6000 6000
2534 CONNECTION 166 390 300 3900 6000 6000
2535 CONNECTION 166 78 300 3600 5700 5700
2536 CONNECTION 166 338 300 3240 5340 5340
2537 CONNECTION 166 18 300 4560 6660 6660
2538 CONNECTION 166 49 300 4560 6660 6660
2539 CONNECTION 166 282 300 4260 6360 6360
2540 CONNECTION 166 110 300 5040 7140 7140
2541 CONNECTION 166 201 300 5400 7500 7500
2542 CONNECTION 166 141 300 6360 8460 8460
2543 SINK 166 3 -1 -1 0 0
2544 CONNECTION 105 106 -1 -1 1080 1080
2545 CONNECTION 105 228 -1 -1 2880 2880
2546 CONNECTION 105 199 -1 -1 3660 3660
2547 CONNECTION 105 337 300 2580 4680 4680
2548 CONNECTION 105 309 300 3360 5460 5460
2549 CONNECTION 105 109 300 4380 6480 6480
2550 CONNECTION 105 79 300 5160 7260 7260
2551 CONNECTION 279 256 -1 -1 1500 1500
2552 CONNECTION 279 197 -1 -1 1860 1860
2553 CONNECTION 279 307 300 1560 3660 3660
2554 CONNECTION 279 363 300 3000 5100 5100
2555 CONNECTION 279 389 300 3000 5100 5100
2556 CONNECTION 279 77 300 3360 5460 5460
2557 CONNECTION 279 200 300 5160 7260 7260
2558 CONNECTION 74 75 -1 -1 1080 1080
2559 CONNECTION 74 167 -1 -1 2040 2040
2560 CONNECTION 74 257 -1 -1 3180 3180
2561 CONNECTION 74 107 -1 -1 2520 2520
2562 CONNECTION 74 198 -1 -1 2880 2880
2563 CONNECTION 74 16 -1 -1 3840 3840
2564 CONNECTION 74 47 -1 -1 3840 3840
2565 CONNECTION 74 388 -1 -1 3540 3540
2566 CONNECTION 74 229 300 2220 4320 4320
2567 CONNECTION 74 308 300 2580 4680 4680
2568 CONNECTION 74 139 300 3540 5640 5640
2569 CONNECTION 74 169 300 3540 5640 5640
2570 CONNECTION 74 364 300 4680 6780 6780
2571 CONNECTION 74 390 300 4680 6780 6780
2572 CONNECTION 74 78 300 4380 6480 6480
2573 CONNECTION 74 338 300 4020 6120 6120
2574 CONNECTION 74 18 300 5340 7440 7440
2575 CONNECTION 74 49 300 5340 7440 7440
2576 CONNECTION 74 282 300 5040 7140 7140
2577 SINK 74 3 -1 -1 0 0
2578 CONNECTION 306 168 -1 -1 3600 3600
2579 CONNECTION 306 336 -1 -1 3540 3540
2580 CONNECTION 306 258 -1 -1 4200 4200
2581 CONNECTION 306 48 300 3300 5400 5400
2582 CONNECTION 306 108 300 3240 5340 5340
2583 CONNECTION 306 281 300 3540 5640 5640
2584 CONNECTION 306 170 300 5100 7200 7200
2585 CONNECTION 306 230 300 5040 7140 7140
2586 CONNECTION 306 365 300 5700 7800 7800
2587 CONNECTION 306 391 300 5700 7800 7800
2588 CONNECTION 386 387 -1 -1 1740 1740
2589 CONNECTION 386 168 -1 -1 3300 3300
2590 CONNECTION 386 336 -1 -1 3240 3240
2591 CONNECTION 386 258 -1 -1 3900 3900
2592 CONNECTION 386 48 300 3000 5100 5100
2593 CONNECTION 386 108 300 2940 5040 5040
2594 CONNECTION 386 281 300 3240 5340 5340
2595 CONNECTION 386 170 300 4800 6900 6900
2596 CONNECTION 386 230 300 4740 6840 6840
2597 CONNECTION 386 365 300 5400 7500 7500
2598 CONNECTION 386 391 300 5400 7500 7500
2599 CONNECTION 386 50 300 6600 8700 8700
2600 CONNECTION 362 138 -1 -1 2520 2520
2601 CONNECTION 362 280 -1 -1 3300 3300
2602 CONNECTION 362 17 300 2220 4320 4320
2603 CONNECTION 362 140 300 4020 6120 6120
2604 CONNECTION 362 392 300 4800 6900 6900
2605 CONNECTION 362 19 300 5820 7920 7920
2606 CONNECTION 385 138 -1 -1 2520 2520
2607 CONNECTION 385 280 -1 -1 3300 3300
2608 CONNECTION 385 17 300 2220 4320 4320
2609 CONNECTION 385 140 300 4020 6120 6120
2610 CONNECTION 385 392 300 4800 6900 6900
2611 CONNECTION 385 19 300 5820 7920 7920
2612 CONNECTION 75 76 -1 -1 1500 1500
2613 CONNECTION 75 228 -1 -1 2520 2520
2614 CONNECTION 75 199 -1 -1 3300 3300
2615 CONNECTION 75 337 300 2220 4320 4320
2616 CONNECTION 75 309 300 3000 5100 5100
2617 CONNECTION 75 109 300 4020 6120 6120
2618 CONNECTION 75 79 300 4800 6900 6900
2619 CONNECTION 75 231 300 5820 7920 7920
2620 CONNECTION 335 307 -1 -1 2880 2880
2621 CONNECTION 335 363 300 2220 4320 4320
2622 CONNECTION 335 389 300 2220 4320 4320
2623 CONNECTION 335 77 300 2580 4680 4680
2624 CONNECTION 335 200 300 4380 6480 6480
2625 CONNECTION 137 168 -1 -1 2340 2340
2626 CONNECTION 137 336 -1 -1 2280 2280
2627 CONNECTION 137 258 -1 -1 2940 2940
2628 CONNECTION 137 48 -1 -1 4140 4140
2629 CONNECTION 137 108 -1 -1 4080 4080
2630 CONNECTION 137 281 -1 -1 4380 4380
2631 CONNECTION 137 170 300 3840 5940 5940
2632 CONNECTION 137 230 300 3780 5880 5880
2633 CONNECTION 137 365 300 4440 6540 6540
2634 CONNECTION 137 391 300 4440 6540 6540
2635 CONNECTION 137 50 300 5640 7740 7740
2636 CONNECTION 137 339 300 5580 7680 7680
2637 CONNECTION 137 393 300 5880 7980 7980
2638 CONNECTION 106 107 -1 -1 720 720
2639 CONNECTION 106 47 -1 -1 2040 2040
2640 CONNECTION 106 388 -1 -1 1740 1740
2641 CONNECTION 106 229 -1 -1 2520 2520
2642 CONNECTION 106 308 -1 -1 2880 2880
2643 CONNECTION 106 139 -1 -1 3840 3840
2644 CONNECTION 106 169 -1 -1 3840 3840
2645 CONNECTION 106 364 300 2880 4980 4980
2646 CONNECTION 106 390 300 2880 4980 4980
2647 CONNECTION 106 78 300 2580 4680 4680
2648 CONNECTION 106 338 300 2220 4320 4320
2649 CONNECTION 106 18 300 3540 5640 5640
2650 CONNECTION 106 49 300 3540 5640 5640
2651 CONNECTION 106 282 300 3240 5340 5340
2652 CONNECTION 106 110 300 4020 6120 6120
2653 CONNECTION 106 201 300 4380 6480 6480
2654 CONNECTION 106 141 300 5340 7440 7440
2655 CONNECTION 106 171 300 5340 7440 7440
2656 CONNECTION 106 260 300 6480 8580 8580
2657 SINK 106 3 -1 -1 0 0
2658 CONNECTION 256 257 -1 -1 1740 1740
2659 CONNECTION 256 16 -1 -1 2400 2400
2660 CONNECTION 256 47 -1 -1 2400 2400
2661 CONNECTION 256 388 -1 -1 2100 2100
2662 CONNECTION 256 229 -1 -1 2880 2880
2663 CONNECTION 256 308 -1 -1 3240 3240
2664 CONNECTION 256 139 -1 -1 4200 4200
2665 CONNECTION 256 169 300 2100 4200 4200
2666 CONNECTION 256 364 300 3240 5340 5340
2667 CONNECTION 256 390 300 3240 5340 5340
2668 CONNECTION 256 78 300 2940 5040 5040
2669 CONNECTION 256 338 300 2580 4680 4680
2670 CONNECTION 256 18 300 3900 6000 6000
2671 CONNECTION 256 49 300 3900 6000 6000
2672 CONNECTION 256 282 300 3600 5700 5700
2673 CONNECTION 256 110 300 4380 6480 6480
2674 CONNECTION 256 201 300 4740 6840 6840
2675 CONNECTION 256 141 300 5700 7800 7800
2676 CONNECTION 256 171 300 5700 7800 7800
2677 SINK 256 3 -1 -1 0 0
2678 CONNECTION 167 138 -1 -1 1860 1860
2679 CONNECTION 167 280 -1 -1 2640 2640
2680 CONNECTION 167 17 -1 -1 3660 3660
2681 CONNECTION 167 140 300 3360 5460 5460
2682 CONNECTION 167 392 300 4140 6240 6240
2683 CONNECTION 167 19 300 5160 7260 7260
2684 CONNECTION 15 16 -1 -1 1740 1740
2685 CONNECTION 15 47 -1 -1 1740 1740
2686 CONNECTION 15 388 -1 -1 1440 1440
2687 CONNECTION 15 229 -1 -1 2220 2220
2688 CONNECTION 15 308 -1 -1 2580 2580
2689 CONNECTION 15 139 -1 -1 3540 3540
2690 CONNECTION 15 169 -1 -1 3540 3540
2691 CONNECTION 15 364 300 2580 4680 4680
2692 CONNECTION 15 390 300 2580 4680 4680
2693 CONNECTION 15 78 300 2280 4380 4380
2694 CONNECTION 15 338 300 1920 4020 4020
2695 CONNECTION 15 18 300 3240 5340 5340
2696 CONNECTION 15 49 300 3240 5340 5340
2697 CONNECTION 15 282 300 2940 5040 5040
2698 CONNECTION 15 110 300 3720 5820 5820
2699 CONNECTION 15 201 300 4080 6180 6180
2700 CONNECTION 15 141 300 5040 7140 7140
2701 CONNECTION 15 171 300 5040 7140 7140
2702 CONNECTION 15 260 300 6180 8280 8280
2703 CONNECTION 15 232 300 5520 7620 7620
2704 CONNECTION 15 311 300 5880 7980 7980
2705 SINK 15 3 -1 -1 0 0
2706 CONNECTION 46 47 -1 -1 1260 1260
2707 CONNECTION 46 229 -1 -1 1740 1740
2708 CONNECTION 46 308 -1 -1 2100 2100
2709 CONNECTION 46 139 -1 -1 3060 3060
2710 CONNECTION 46 169 -1 -1 3060 3060
2711 CONNECTION 46 364 -1 -1 4200 4200
2712 CONNECTION 46 390 -1 -1 4200 4200
2713 CONNECTION 46 78 -1 -1 3900 3900
2714 CONNECTION 46 338 -1 -1 3540 3540
2715 CONNECTION 46 18 300 2760 4860 4860
2716 CONNECTION 46 49 300 2760 4860 4860
2717 CONNECTION 46 282 300 2460 4560 4560
2718 CONNECTION 46 110 300 3240 5340 5340
2719 CONNECTION 46 201 300 3600 5700 5700
2720 CONNECTION 46 141 300 4560 6660 6660
2721 CONNECTION 46 171 300 4560 6660 6660
2722 CONNECTION 46 260 300 5700 7800 7800
2723 CONNECTION 46 232 300 5040 7140 7140
2724 CONNECTION 46 311 300 5400 7500 7500
2725 CONNECTION 46 20 300 6360 8460 8460
2726 SINK 46 3 -1 -1 0 0
2727 CONNECTION 227 228 -1 -1 1080 1080
2728 CONNECTION 227 337 -1 -1 2880 2880
2729 CONNECTION 227 309 -1 -1 3660 3660
2730 CONNECTION 227 109 300 2580 4680 4680
2731 CONNECTION 227 79 300 3360 5460 5460
2732 CONNECTION 227 231 300 4380 6480 6480
2733 CONNECTION 227 202 300 5160 7260 7260
2734 CONNECTION 76 258 -1 -1 2400 2400
2735 CONNECTION 76 48 -1 -1 3600 3600
2736 CONNECTION 76 108 -1 -1 3540 3540
2737 CONNECTION 76 281 -1 -1 3840 3840
2738 CONNECTION 76 170 300 3300 5400 5400
2739 CONNECTION 76 230 300 3240 5340 5340
2740 CONNECTION 76 365 300 3900 6000 6000
2741 CONNECTION 76 391 300 3900 6000 6000
2742 CONNECTION 76 50 300 5100 7200 7200
2743 CONNECTION 76 339 300 5040 7140 7140
2744 CONNECTION 76 393 300 5340 7440 7440
2745 CONNECTION 197 198 -1 -1 1080 1080
2746 CONNECTION 197 47 -1 -1 2040 2040
2747 CONNECTION 197 388 -1 -1 1740 1740
2748 CONNECTION 197 229 -1 -1 2520 2520
2749 CONNECTION 197 308 -1 -1 2880 2880
2750 CONNECTION 197 139 -1 -1 3840 3840
2751 CONNECTION 197 169 -1 -1 3840 3840
2752 CONNECTION 197 364 300 2880 4980 4980
2753 CONNECTION 197 390 300 2880 4980 4980
2754 CONNECTION 197 78 300 2580 4680 4680
2755 CONNECTION 197 338 300 2220 4320 4320
2756 CONNECTION 197 18 300 3540 5640 5640
2757 CONNECTION 197 49 300 3540 5640 5640
2758 CONNECTION 197 282 300 3240 5340 5340
2759 CONNECTION 197 110 300 4020 6120 6120
2760 CONNECTION 197 201 300 4380 6480 6480
2761 CONNECTION 197 141 300 5340 7440 7440
2762 CONNECTION 197 171 300 5340 7440 7440
2763 CONNECTION 197 260 300 6480 8580 8580
2764 SINK 197 3 -1 -1 0 0
2765 CONNECTION 387 388 -1 -1 720 720
2766 CONNECTION 387 229 -1 -1 1500 1500
2767 CONNECTION 387 308 -1 -1 1860 1860
2768 CONNECTION 387 139 -1 -1 2820 2820
2769 CONNECTION 387 169 -1 -1 2820 2820
2770 CONNECTION 387 364 -1 -1 3960 3960
2771 CONNECTION 387 390 -1 -1 3960 3960
2772 CONNECTION 387 78 -1 -1 3660 3660
2773 CONNECTION 387 338 -1 -1 3300 3300
2774 CONNECTION 387 18 -1 -1 4620 4620
2775 CONNECTION 387 49 300 2520 4620 4620
2776 CONNECTION 387 282 300 2220 4320 4320
2777 CONNECTION 387 110 300 3000 5100 5100
2778 CONNECTION 387 201 300 3360 5460 5460
2779 CONNECTION 387 141 300 4320 6420 6420
2780 CONNECTION 387 171 300 4320 6420 6420
2781 CONNECTION 387 260 300 5460 7560 7560
2782 CONNECTION 387 232 300 4800 6900 6900
2783 CONNECTION 387 311 300 5160 7260 7260
2784 CONNECTION 387 20 300 6120 8220 8220
2785 CONNECTION 387 51 300 6120 8220 8220
2786 SINK 387 3 -1 -1 0 0
2787 CONNECTION 257 258 -1 -1 1800 1800
2788 CONNECTION 257 48 -1 -1 3000 3000
2789 CONNECTION 257 108 -1 -1 2940 2940
2790 CONNECTION 257 281 -1 -1 3240 3240
2791 CONNECTION 257 170 300 2700 4800 4800
2792 CONNECTION 257 230 300 2640 4740 4740
2793 CONNECTION 257 365 300 3300 5400 5400
2794 CONNECTION 257 391 300 3300 5400 5400
2795 CONNECTION 257 50 300 4500 6600 6600
2796 CONNECTION 257 339 300 4440 6540 6540
2797 CONNECTION 257 393 300 4740 6840 6840
2798 CONNECTION 257 172 300 6300 8400 8400
2799 CONNECTION 257 111 300 6240 8340 8340
2800 CONNECTION 107 363 -1 -1 2520 2520
2801 CONNECTION 107 389 -1 -1 2520 2520
2802 CONNECTION 107 77 -1 -1 2880 2880
2803 CONNECTION 107 200 300 2580 4680 4680
2804 CONNECTION 107 259 300 4020 6120 6120
2805 CONNECTION 107 310 300 4380 6480 6480
2806 CONNECTION 198 199 -1 -1 1500 1500
2807 CONNECTION 198 337 -1 -1 2520 2520
2808 CONNECTION 198 309 -1 -1 3300 3300
2809 CONNECTION 198 109 300 2220 4320 4320
2810 CONNECTION 198 79 300 3000 5100 5100
2811 CONNECTION 198 231 300 4020 6120 6120
2812 CONNECTION 198 202 300 4800 6900 6900
2813 CONNECTION 198 340 300 5820 7920 7920
2814 CONNECTION 16 48 -1 -1 2340 2340
2815 CONNECTION 16 108 -1 -1 2280 2280
2816 CONNECTION 16 281 -1 -1 2580 2580
2817 CONNECTION 16 170 -1 -1 4140 4140
2818 CONNECTION 16 230 -1 -1 4080 4080
2819 CONNECTION 16 365 300 2640 4740 4740
2820 CONNECTION 16 391 300 2640 4740 4740
2821 CONNECTION 16 50 300 3840 5940 5940
2822 CONNECTION 16 339 300 3780 5880 5880
2823 CONNECTION 16 393 300 4080 6180 6180
2824 CONNECTION 16 172 300 5640 7740 7740
2825 CONNECTION 16 111 300 5580 7680 7680
2826 CONNECTION 16 261 300 6240 8340 8340
2827 CONNECTION 228 229 -1 -1 720 720
2828 CONNECTION 228 169 -1 -1 2040 2040
2829 CONNECTION 228 364 -1 -1 3180 3180
2830 CONNECTION 228 390 -1 -1 3180 3180
2831 CONNECTION 228 78 -1 -1 2880 2880
2832 CONNECTION 228 338 -1 -1 2520 2520
2833 CONNECTION 228 18 -1 -1 3840 3840
2834 CONNECTION 228 49 -1 -1 3840 3840
2835 CONNECTION 228 282 -1 -1 3540 3540
2836 CONNECTION 228 110 300 2220 4320 4320
2837 CONNECTION 228 201 300 2580 4680 4680
2838 CONNECTION 228 141 300 3540 5640 5640
2839 CONNECTION 228 171 300 3540 5640 5640
2840 CONNECTION 228 260 300 4680 6780 6780
2841 CONNECTION 228 232 300 4020 6120 6120
2842 CONNECTION 228 311 300 4380 6480 6480
2843 CONNECTION 228 20 300 5340 7440 7440
2844 CONNECTION 228 51 300 5340 7440 7440
2845 CONNECTION 228 394 300 5040 7140 7140
2846 SINK 228 3 -1 -1 0 0
2847 CONNECTION 47 17 -1 -1 1860 1860
2848 CONNECTION 47 140 -1 -1 3660 3660
2849 CONNECTION 47 392 -1 -1 4440 4440
2850 CONNECTION 47 19 300 3360 5460 5460
2851 CONNECTION 47 142 300 5160 7260 7260
2852 CONNECTION 47 283 300 5940 8040 8040
2853 CONNECTION 138 139 -1 -1 1740 1740
2854 CONNECTION 138 169 -1 -1 1740 1740
2855 CONNECTION 138 364 -1 -1 2880 2880
2856 CONNECTION 138 390 -1 -1 2880 2880
2857 CONNECTION 138 78 -1 -1 2580 2580
2858 CONNECTION 138 338 -1 -1 2220 2220
2859 CONNECTION 138 18 -1 -1 3540 3540
2860 CONNECTION 138 49 -1 -1 3540 3540
2861 CONNECTION 138 282 -1 -1 3240 3240
2862 CONNECTION 138 110 300 1920 4020 4020
2863 CONNECTION 138 201 300 2280 4380 4380
2864 CONNECTION 138 141 300 3240 5340 5340
2865 CONNECTION 138 171 300 3240 5340 5340
2866 CONNECTION 138 260 300 4380 6480 6480
2867 CONNECTION 138 232 300 3720 5820 5820
2868 CONNECTION 138 311 300 4080 6180 6180
2869 CONNECTION 138 20 300 5040 7140 7140
2870 CONNECTION 138 51 300 5040 7140 7140
2871 CONNECTION 138 394 300 4740 6840 6840
2872 CONNECTION 138 81 300 5880 7980 7980
2873 CONNECTION 138 341 300 5520 7620 7620
2874 SINK 138 3 -1 -1 0 0
2875 CONNECTION 168 169 -1 -1 1260 1260
2876 CONNECTION 168 364 -1 -1 2400 2400
2877 CONNECTION 168 390 -1 -1 2400 2400
2878 CONNECTION 168 78 -1 -1 2100 2100
2879 CONNECTION 168 338 -1 -1 1740 1740
2880 CONNECTION 168 18 -1 -1 3060 3060
2881 CONNECTION 168 49 -1 -1 3060 3060
2882 CONNECTION 168 282 -1 -1 2760 2760
2883 CONNECTION 168 110 -1 -1 3540 3540
2884 CONNECTION 168 201 -1 -1 3900 3900
2885 CONNECTION 168 141 300 2760 4860 4860
2886 CONNECTION 168 171 300 2760 4860 4860
2887 CONNECTION 168 260 300 3900 6000 6000
2888 CONNECTION 168 232 300 3240 5340 5340
2889 CONNECTION 168 311 300 3600 5700 5700
2890 CONNECTION 168 20 300 4560 6660 6660
2891 CONNECTION 168 51 300 4560 6660 6660
2892 CONNECTION 168 394 300 4260 6360 6360
2893 CONNECTION 168 81 300 5400 7500 7500
2894 CONNECTION 168 341 300 5040 7140 7140
2895 CONNECTION 168 143 300 6360 8460 8460
2896 SINK 168 3 -1 -1 0 0
2897 CONNECTION 336 337 -1 -1 1080 1080
2898 CONNECTION 336 109 -1 -1 2880 2880
2899 CONNECTION 336 79 -1 -1 3660 3660
2900 CONNECTION 336 231 300 2580 4680 4680
2901 CONNECTION 336 202 300 3360 5460 5460
2902 CONNECTION 336 340 300 4380 6480 6480
2903 CONNECTION 336 312 300 5160 7260 7260
2904 CONNECTION 388 363 -1 -1 1500 1500
2905 CONNECTION 388 389 -1 -1 1500 1500
2906 CONNECTION 388 77 -1 -1 1860 1860
2907 CONNECTION 388 200 300 1560 3660 3660
2908 CONNECTION 388 259 300 3000 5100 5100
2909 CONNECTION 388 310 300 3360 5460 5460
2910 CONNECTION 388 80 300 5160 7260 7260
2911 CONNECTION 199 170 -1 -1 3600 3600
2912 CONNECTION 199 230 -1 -1 3540 3540
2913 CONNECTION 199 365 -1 -1 4200 4200
2914 CONNECTION 199 391 -1 -1 4200 4200
2915 CONNECTION 199 50 300 3300 5400 5400
2916 CONNECTION 199 339 300 3240 5340 5340
2917 CONNECTION 199 393 300 3540 5640 5640
2918 CONNECTION 199 172 300 5100 7200 7200
2919 CONNECTION 199 111 300 5040 7140 7140
2920 CONNECTION 199 261 300 5700 7800 7800
2921 CONNECTION 280 281 -1 -1 1740 1740
2922 CONNECTION 280 170 -1 -1 3300 3300
2923 CONNECTION 280 230 -1 -1 3240 3240
2924 CONNECTION 280 365 -1 -1 3900 3900
2925 CONNECTION 280 391 -1 -1 3900 3900
2926 CONNECTION 280 50 300 3000 5100 5100
2927 CONNECTION 280 339 300 2940 5040 5040
2928 CONNECTION 280 393 300 3240 5340 5340
2929 CONNECTION 280 172 300 4800 6900 6900
2930 CONNECTION 280 111 300 4740 6840 6840
2931 CONNECTION 280 261 300 5400 7500 7500
2932 CONNECTION 280 52 300 6600 8700 8700
2933 CONNECTION 307 308 -1 -1 1080 1080
2934 CONNECTION 307 169 -1 -1 2040 2040
2935 CONNECTION 307 364 -1 -1 3180 3180
2936 CONNECTION 307 390 -1 -1 3180 3180
2937 CONNECTION 307 78 -1 -1 2880 2880
2938 CONNECTION 307 338 -1 -1 2520 2520
2939 CONNECTION 307 18 -1 -1 3840 3840
2940 CONNECTION 307 49 -1 -1 3840 3840
2941 CONNECTION 307 282 -1 -1 3540 3540
2942 CONNECTION 307 110 300 2220 4320 4320
2943 CONNECTION 307 201 300 2580 4680 4680
2944 CONNECTION 307 141 300 3540 5640 5640
2945 CONNECTION 307 171 300 3540 5640 5640
2946 CONNECTION 307 260 300 4680 6780 6780
2947 CONNECTION 307 232 300 4020 6120 6120
2948 CONNECTION 307 311 300 4380 6480 6480
2949 CONNECTION 307 20 300 5340 7440 7440
2950 CONNECTION 307 51 300 5340 7440 7440
2951 CONNECTION 307 394 300 5040 7140 7140
2952 SINK 307 3 -1 -1 0 0
2953 CONNECTION 258 140 -1 -1 2520 2520
2954 CONNECTION 258 392 -1 -1 3300 3300
2955 CONNECTION 258 19 300 2220 4320 4320
2956 CONNECTION 258 142 300 4020 6120 6120
2957 CONNECTION 258 283 300 4800 6900 6900
2958 CONNECTION 258 21 300 5820 7920 7920
2959 CONNECTION 229 200 -1 -1 2880 2880
2960 CONNECTION 229 259 300 2220 4320 4320
2961 CONNECTION 229 310 300 2580 4680 4680
2962 CONNECTION 229 80 300 4380 6480 6480
2963 CONNECTION 308 309 -1 -1 1500 1500
2964 CONNECTION 308 109 -1 -1 2520 2520
2965 CONNECTION 308 79 -1 -1 3300 3300
2966 CONNECTION 308 231 300 2220 4320 4320
2967 CONNECTION 308 202 300 3000 5100 5100
2968 CONNECTION 308 340 300 4020 6120 6120
2969 CONNECTION 308 312 300 4800 6900 6900
2970 CONNECTION 308 112 300 5820 7920 7920
2971 CONNECTION 139 170 -1 -1 2340 2340
2972 CONNECTION 139 230 -1 -1 2280 2280
2973 CONNECTION 139 365 -1 -1 2940 2940
2974 CONNECTION 139 391 -1 -1 2940 2940
2975 CONNECTION 139 50 -1 -1 4140 4140
2976 CONNECTION 139 339 -1 -1 4080 4080
2977 CONNECTION 139 393 -1 -1 4380 4380
2978 CONNECTION 139 172 300 3840 5940 5940
2979 CONNECTION 139 111 300 3780 5880 5880
2980 CONNECTION 139 261 300 4440 6540 6540
2981 CONNECTION 139 52 300 5640 7740 7740
2982 CONNECTION 139 233 300 5580 7680 7680
2983 CONNECTION 139 284 300 5880 7980 7980
2984 CONNECTION 337 338 -1 -1 720 720
2985 CONNECTION 337 49 -1 -1 2040 2040
2986 CONNECTION 337 282 -1 -1 1740 1740
2987 CONNECTION 337 110 -1 -1 2520 2520
2988 CONNECTION 337 201 -1 -1 2880 2880
2989 CONNECTION 337 141 -1 -1 3840 3840
2990 CONNECTION 337 171 -1 -1 3840 3840
2991 CONNECTION 337 260 300 2880 4980 4980
2992 CONNECTION 337 232 300 2220 4320 4320
2993 CONNECTION 337 311 300 2580 4680 4680
2994 CONNECTION 337 20 300 3540 5640 5640
2995 CONNECTION 337 51 300 3540 5640 5640
2996 CONNECTION 337 394 300 3240 5340 5340
2997 CONNECTION 337 81 300 4380 6480 6480
2998 CONNECTION 337 341 300 4020 6120 6120
2999 CONNECTION 337 143 300 5340 7440 7440
3000 CONNECTION 337 173 300 5340 7440 7440
3001 CONNECTION 337 367 300 6480 8580 8580
3002 CONNECTION 337 396 300 6480 8580 8580
3003 SINK 337 3 -1 -1 0 0
3004 CONNECTION 363 364 -1 -1 1740 1740
3005 CONNECTION 363 18 -1 -1 2400 2400
3006 CONNECTION 363 49 -1 -1 2400 2400
3007 CONNECTION 363 282 -1 -1 2100 2100
3008 CONNECTION 363 110 -1 -1 2880 2880
3009 CONNECTION 363 201 -1 -1 3240 3240
3010 CONNECTION 363 141 -1 -1 4200 4200
3011 CONNECTION 363 171 300 2100 4200 4200
3012 CONNECTION 363 260 300 3240 5340 5340
3013 CONNECTION 363 232 300 2580 4680 4680
3014 CONNECTION 363 311 300 2940 5040 5040
3015 CONNECTION 363 20 300 3900 6000 6000
3016 CONNECTION 363 51 300 3900 6000 6000
3017 CONNECTION 363 394 300 3600 5700 5700
3018 CONNECTION 363 81 300 4740 6840 6840
3019 CONNECTION 363 341 300 4380 6480 6480
3020 CONNECTION 363 143 300 5700 7800 7800
3021 CONNECTION 363 173 300 5700 7800 7800
3022 SINK 363 3 -1 -1 0 0
3023 CONNECTION 389 390 -1 -1 1740 1740
3024 CONNECTION 389 18 -1 -1 2400 2400
3025 CONNECTION 389 49 -1 -1 2400 2400
3026 CONNECTION 389 282 -1 -1 2100 2100
3027 CONNECTION 389 110 -1 -1 2880 2880
3028 CONNECTION 389 201 -1 -1 3240 3240
3029 CONNECTION 389 141 -1 -1 4200 4200
3030 CONNECTION 389 171 300 2100 4200 4200
3031 CONNECTION 389 260 300 3240 5340 5340
3032 CONNECTION 389 232 300 2580 4680 4680
3033 CONNECTION 389 311 300 2940 5040 5040
3034 CONNECTION 389 20 300 3900 6000 6000
3035 CONNECTION 389 51 300 3900 6000 6000
3036 CONNECTION 389 394 300 3600 5700 5700
3037 CONNECTION 389 81 300 4740 6840 6840
3038 CONNECTION 389 341 300 4380 6480 6480
3039 CONNECTION 389 143 300 5700 7800 7800
3040 CONNECTION 389 173 300 5700 7800 7800
3041 SINK 389 3 -1 -1 0 0
3042 CONNECTION 169 140 -1 -1 1860 1860
3043 CONNECTION 169 392 -1 -1 2640 2640
3044 CONNECTION 169 19 -1 -1 3660 3660
3045 CONNECTION 169 142 300 3360 5460 5460
3046 CONNECTION 169 283 300 4140 6240 6240
3047 CONNECTION 169 21 300 5160 7260 7260
3048 CONNECTION 17 18 -1 -1 1740 1740
3049 CONNECTION 17 49 -1 -1 1740 1740
3050 CONNECTION 17 282 -1 -1 1440 1440
3051 CONNECTION 17 110 -1 -1 2220 2220
3052 CONNECTION 17 201 -1 -1 2580 2580
3053 CONNECTION 17 141 -1 -1 3540 3540
3054 CONNECTION 17 171 -1 -1 3540 3540
3055 CONNECTION 17 260 300 2580 4680 4680
3056 CONNECTION 17 232 300 1920 4020 4020
3057 CONNECTION 17 311 300 2280 4380 4380
3058 CONNECTION 17 20 300 3240 5340 5340
3059 CONNECTION 17 51 300 3240 5340 5340
3060 CONNECTION 17 394 300 2940 5040 5040
3061 CONNECTION 17 81 300 4080 6180 6180
3062 CONNECTION 17 341 300 3720 5820 5820
3063 CONNECTION 17 143 300 5040 7140 7140
3064 CONNECTION 17 173 300 5040 7140 7140
3065 CONNECTION 17 367 300 6180 8280 8280
3066 CONNECTION 17 396 300 6180 8280 8280
3067 CONNECTION 17 113 300 5520 7620 7620
3068 CONNECTION 17 204 300 5880 7980 7980
3069 SINK 17 3 -1 -1 0 0
3070 CONNECTION 48 49 -1 -1 1260 1260
3071 CONNECTION 48 110 -1 -1 1740 1740
3072 CONNECTION 48 201 -1 -1 2100 2100
3073 CONNECTION 48 141 -1 -1 3060 3060
3074 CONNECTION 48 171 -1 -1 3060 3060
3075 CONNECTION 48 260 -1 -1 4200 4200
3076 CONNECTION 48 232 -1 -1 3540 3540
3077 CONNECTION 48 311 -1 -1 3900 3900
3078 CONNECTION 48 20 300 2760 4860 4860
3079 CONNECTION 48 51 300 2760 4860 4860
3080 CONNECTION 48 394 300 2460 4560 4560
3081 CONNECTION 48 81 300 3600 5700 5700
3082 CONNECTION 48 341 300 3240 5340 5340
3083 CONNECTION 48 143 300 4560 6660 6660
3084 CONNECTION 48 173 300 4560 6660 6660
3085 CONNECTION 48 367 300 5700 7800 7800
3086 CONNECTION 48 396 300 5700 7800 7800
3087 CONNECTION 48 113 300 5040 7140 7140
3088 CONNECTION 48 204 300 5400 7500 7500
3089 CONNECTION 48 22 300 6360 8460 8460
3090 SINK 48 3 -1 -1 0 0
3091 CONNECTION 108 109 -1 -1 1080 1080
3092 CONNECTION 108 231 -1 -1 2880 2880
3093 CONNECTION 108 202 -1 -1 3660 3660
3094 CONNECTION 108 340 300 2580 4680 4680
3095 CONNECTION 108 312 300 3360 5460 5460
3096 CONNECTION 108 112 300 4380 6480 6480
3097 CONNECTION 108 82 300 5160 7260 7260
3098 CONNECTION 77 78 -1 -1 1080 1080
3099 CONNECTION 77 49 -1 -1 2040 2040
3100 CONNECTION 77 282 -1 -1 1740 1740
3101 CONNECTION 77 110 -1 -1 2520 2520
3102 CONNECTION 77 201 -1 -1 2880 2880
3103 CONNECTION 77 141 -1 -1 3840 3840
3104 CONNECTION 77 171 -1 -1 3840 3840
3105 CONNECTION 77 260 300 2880 4980 4980
3106 CONNECTION 77 232 300 2220 4320 4320
3107 CONNECTION 77 311 300 2580 4680 4680
3108 CONNECTION 77 20 300 3540 5640 5640
3109 CONNECTION 77 51 300 3540 5640 5640
3110 CONNECTION 77 394 300 3240 5340 5340
3111 CONNECTION 77 81 300 4380 6480 6480
3112 CONNECTION 77 341 300 4020 6120 6120
3113 CONNECTION 77 143 300 5340 7440 7440
3114 CONNECTION 77 173 300 5340 7440 7440
3115 CONNECTION 77 367 300 6480 8580 8580
3116 CONNECTION 77 396 300 6480 8580 8580
3117 SINK 77 3 -1 -1 0 0
3118 CONNECTION 281 282 -1 -1 720 720
3119 CONNECTION 281 110 -1 -1 1500 1500
3120 CONNECTION 281 201 -1 -1 1860 1860
3121 CONNECTION 281 141 -1 -1 2820 2820
3122 CONNECTION 281 171 -1 -1 2820 2820
3123 CONNECTION 281 260 -1 -1 3960 3960
3124 CONNECTION 281 232 -1 -1 3300 3300
3125 CONNECTION 281 311 -1 -1 3660 3660
3126 CONNECTION 281 20 -1 -1 4620 4620
3127 CONNECTION 281 51 300 2520 4620 4620
3128 CONNECTION 281 394 300 2220 4320 4320
3129 CONNECTION 281 81 300 3360 5460 5460
3130 CONNECTION 281 341 300 3000 5100 5100
3131 CONNECTION 281 143 300 4320 6420 6420
3132 CONNECTION 281 173 300 4320 6420 6420
3133 CONNECTION 281 367 300 5460 7560 7560
3134 CONNECTION 281 396 300 5460 7560 7560
3135 CONNECTION 281 113 300 4800 6900 6900
3136 CONNECTION 281 204 300 5160 7260 7260
3137 CONNECTION 281 22 300 6120 8220 8220
3138 CONNECTION 281 53 300 6120 8220 8220
3139 SINK 281 3 -1 -1 0 0
3140 CONNECTION 309 365 -1 -1 2400 2400
3141 CONNECTION 309 391 -1 -1 2400 2400
3142 CONNECTION 309 50 -1 -1 3600 3600
3143 CONNECTION 309 339 -1 -1 3540 3540
3144 CONNECTION 309 393 -1 -1 3840 3840
3145 CONNECTION 309 172 300 3300 5400 5400
3146 CONNECTION 309 111 300 3240 5340 5340
3147 CONNECTION 309 261 300 3900 6000 6000
3148 CONNECTION 309 52 300 5100 7200 7200
3149 CONNECTION 309 233 300 5040 7140 7140
3150 CONNECTION 309 284 300 5340 7440 7440
3151 CONNECTION 364 365 -1 -1 1800 1800
3152 CONNECTION 364 50 -1 -1 3000 3000
3153 CONNECTION 364 339 -1 -1 2940 2940
3154 CONNECTION 364 393 -1 -1 3240 3240
3155 CONNECTION 364 172 300 2700 4800 4800
3156 CONNECTION 364 111 300 2640 4740 4740
3157 CONNECTION 364 261 300 3300 5400 5400
3158 CONNECTION 364 52 300 4500 6600 6600
3159 CONNECTION 364 233 300 4440 6540 6540
3160 CONNECTION 364 284 300 4740 6840 6840
3161 CONNECTION 364 174 300 6300 8400 8400
3162 CONNECTION 364 342 300 6240 8340 8340
3163 CONNECTION 390 391 -1 -1 1800 1800
3164 CONNECTION 390 50 -1 -1 3000 3000
3165 CONNECTION 390 339 -1 -1 2940 2940
3166 CONNECTION 390 393 -1 -1 3240 3240
3167 CONNECTION 390 172 300 2700 4800 4800
3168 CONNECTION 390 111 300 2640 4740 4740
3169 CONNECTION 390 261 300 3300 5400 5400
3170 CONNECTION 390 52 300 4500 6600 6600
3171 CONNECTION 390 233 300 4440 6540 6540
3172 CONNECTION 390 284 300 4740 6840 6840
3173 CONNECTION 390 174 300 6300 8400 8400
3174 CONNECTION 390 342 300 6240 8340 8340
3175 CONNECTION 78 79 -1 -1 1500 1500
3176 CONNECTION 78 231 -1 -1 2520 2520
3177 CONNECTION 78 202 -1 -1 3300 3300
3178 CONNECTION 78 340 300 2220 4320 4320
3179 CONNECTION 78 312 300 3000 5100 5100
3180 CONNECTION 78 112 300 4020 6120 6120
3181 CONNECTION 78 82 300 4800 6900 6900
3182 CONNECTION 78 234 300 5820 7920 7920
3183 CONNECTION 338 259 -1 -1 2520 2520
3184 CONNECTION 338 310 -1 -1 2880 2880
3185 CONNECTION 338 80 300 2580 4680 4680
3186 CONNECTION 338 366 300 4020 6120 6120
3187 CONNECTION 338 395 300 4020 6120 6120
3188 CONNECTION 338 203 300 4380 6480 6480
3189 CONNECTION 18 50 -1 -1 2340 2340
3190 CONNECTION 18 339 -1 -1 2280 2280
3191 CONNECTION 18 393 -1 -1 2580 2580
3192 CONNECTION 18 172 -1 -1 4140 4140
3193 CONNECTION 18 111 -1 -1 4080 4080
3194 CONNECTION 18 261 300 2640 4740 4740
3195 CONNECTION 18 52 300 3840 5940 5940
3196 CONNECTION 18 233 300 3780 5880 5880
3197 CONNECTION 18 284 300 4080 6180 6180
3198 CONNECTION 18 174 300 5640 7740 7740
3199 CONNECTION 18 342 300 5580 7680 7680
3200 CONNECTION 18 368 300 6240 8340 8340
3201 CONNECTION 18 397 300 6240 8340 8340
3202 CONNECTION 109 110 -1 -1 720 720
3203 CONNECTION 109 171 -1 -1 2040 2040
3204 CONNECTION 109 260 -1 -1 3180 3180
3205 CONNECTION 109 232 -1 -1 2520 2520
3206 CONNECTION 109 311 -1 -1 2880 2880
3207 CONNECTION 109 20 -1 -1 3840 3840
3208 CONNECTION 109 51 -1 -1 3840 3840
3209 CONNECTION 109 394 -1 -1 3540 3540
3210 CONNECTION 109 81 300 2580 4680 4680
3211 CONNECTION 109 341 300 2220 4320 4320
3212 CONNECTION 109 143 300 3540 5640 5640
3213 CONNECTION 109 173 300 3540 5640 5640
3214 CONNECTION 109 367 300 4680 6780 6780
3215 CONNECTION 109 396 300 4680 6780 6780
3216 CONNECTION 109 113 300 4020 6120 6120
3217 CONNECTION 109 204 300 4380 6480 6480
3218 CONNECTION 109 22 300 5340 7440 7440
3219 CONNECTION 109 53 300 5340 7440 7440
3220 CONNECTION 109 285 300 5040 7140 7140
3221 SINK 109 3 -1 -1 0 0
3222 CONNECTION 49 19 -1 -1 1860 1860
3223 CONNECTION 49 142 -1 -1 3660 3660
3224 CONNECTION 49 283 -1 -1 4440 4440
3225 CONNECTION 49 21 300 3360 5460 5460
3226 CONNECTION 49 144 300 5160 7260 7260
3227 CONNECTION 49 398 300 5940 8040 8040
3228 CONNECTION 140 141 -1 -1 1740 1740
3229 CONNECTION 140 171 -1 -1 1740 1740
3230 CONNECTION 140 260 -1 -1 2880 2880
3231 CONNECTION 140 232 -1 -1 2220 2220
3232 CONNECTION 140 311 -1 -1 2580 2580
3233 CONNECTION 140 20 -1 -1 3540 3540
3234 CONNECTION 140 51 -1 -1 3540 3540
3235 CONNECTION 140 394 -1 -1 3240 3240
3236 CONNECTION 140 81 300 2280 4380 4380
3237 CONNECTION 140 341 300 1920 4020 4020
3238 CONNECTION 140 143 300 3240 5340 5340
3239 CONNECTION 140 173 300 3240 5340 5340
3240 CONNECTION 140 367 300 4380 6480 6480
3241 CONNECTION 140 396 300 4380 6480 6480
3242 CONNECTION 140 113 300 3720 5820 5820
3243 CONNECTION 140 204 300 4080 6180 6180
3244 CONNECTION 140 22 300 5040 7140 7140
3245 CONNECTION 140 53 300 5040 7140 7140
3246 CONNECTION 140 285 300 4740 6840 6840
3247 CONNECTION 140 235 300 5520 7620 7620
3248 CONNECTION 140 314 300 5880 7980 7980
3249 SINK 140 3 -1 -1 0 0
3250 CONNECTION 170 171 -1 -1 1260 1260
3251 CONNECTION 170 260 -1 -1 2400 2400
3252 CONNECTION 170 232 -1 -1 1740 1740
3253 CONNECTION 170 311 -1 -1 2100 2100
3254 CONNECTION 170 20 -1 -1 3060 3060
3255 CONNECTION 170 51 -1 -1 3060 3060
3256 CONNECTION 170 394 -1 -1 2760 2760
3257 CONNECTION 170 81 -1 -1 3900 3900
3258 CONNECTION 170 341 -1 -1 3540 3540
3259 CONNECTION 170 143 300 2760 4860 4860
3260 CONNECTION 170 173 300 2760 4860 4860
3261 CONNECTION 170 367 300 3900 6000 6000
3262 CONNECTION 170 396 300 3900 6000 6000
3263 CONNECTION 170 113 300 3240 5340 5340
3264 CONNECTION 170 204 300 3600 5700 5700
3265 CONNECTION 170 22 300 4560 6660 6660
3266 CONNECTION 170 53 300 4560 6660 6660
3267 CONNECTION 170 285 300 4260 6360 6360
3268 CONNECTION 170 235 300 5040 7140 7140
3269 CONNECTION 170 314 300 5400 7500 7500
3270 CONNECTION 170 145 300 6360 8460 8460
3271 SINK 170 3 -1 -1 0 0
3272 CONNECTION 230 231 -1 -1 1080 1080
3273 CONNECTION 230 340 -1 -1 2880 2880
3274 CONNECTION 230 312 -1 -1 3660 3660
3275 CONNECTION 230 112 300 2580 4680 4680
3276 CONNECTION 230 82 300 3360 5460 5460
3277 CONNECTION 230 234 300 4380 6480 6480
3278 CONNECTION 230 205 300 5160 7260 7260
3279 CONNECTION 282 259 -1 -1 1500 1500
3280 CONNECTION 282 310 -1 -1 1860 1860
3281 CONNECTION 282 80 300 1560 3660 3660
3282 CONNECTION 282 366 300 3000 5100 5100
3283 CONNECTION 282 395 300 3000 5100 5100
3284 CONNECTION 282 203 300 3360 5460 5460
3285 CONNECTION 282 313 300 5160 7260 7260
3286 CONNECTION 79 172 -1 -1 3600 3600
3287 CONNECTION 79 111 -1 -1 3540 3540
3288 CONNECTION 79 261 -1 -1 4200 4200
3289 CONNECTION 79 52 300 3300 5400 5400
3290 CONNECTION 79 233 300 3240 5340 5340
3291 CONNECTION 79 284 300 3540 5640 5640
3292 CONNECTION 79 174 300 5100 7200 7200
3293 CONNECTION 79 342 300 5040 7140 7140
3294 CONNECTION 79 368 300 5700 7800 7800
3295 CONNECTION 79 397 300 5700 7800 7800
3296 CONNECTION 200 201 -1 -1 1080 1080
3297 CONNECTION 200 171 -1 -1 2040 2040
3298 CONNECTION 200 260 -1 -1 3180 3180
3299 CONNECTION 200 232 -1 -1 2520 2520
3300 CONNECTION 200 311 -1 -1 2880 2880
3301 CONNECTION 200 20 -1 -1 3840 3840
3302 CONNECTION 200 51 -1 -1 3840 3840
3303 CONNECTION 200 394 -1 -1 3540 3540
3304 CONNECTION 200 81 300 2580 4680 4680
3305 CONNECTION 200 341 300 2220 4320 4320
3306 CONNECTION 200 143 300 3540 5640 5640
3307 CONNECTION 200 173 300 3540 5640 5640
3308 CONNECTION 200 367 300 4680 6780 6780
3309 CONNECTION 200 396 300 4680 6780 6780
3310 CONNECTION 200 113 300 4020 6120 6120
3311 CONNECTION 200 204 300 4380 6480 6480
3312 CONNECTION 200 22 300 5340 7440 7440
3313 CONNECTION 200 53 300 5340 7440 7440
3314 CONNECTION 200 285 300 5040 7140 7140
3315 SINK 200 3 -1 -1 0 0
3316 CONNECTION 392 393 -1 -1 1740 1740
3317 CONNECTION 392 172 -1 -1 3300 3300
3318 CONNECTION 392 111 -1 -1 3240 3240
3319 CONNECTION 392 261 -1 -1 3900 3900
3320 CONNECTION 392 52 300 3000 5100 5100
3321 CONNECTION 392 233 300 2940 5040 5040
3322 CONNECTION 392 284 300 3240 5340 5340
3323 CONNECTION 392 174 300 4800 6900 6900
3324 CONNECTION 392 342 300 4740 6840 6840
3325 CONNECTION 392 368 300 5400 7500 7500
3326 CONNECTION 392 397 300 5400 7500 7500
3327 CONNECTION 392 54 300 6600 8700 8700
3328 CONNECTION 365 142 -1 -1 2520 2520
3329 CONNECTION 365 283 -1 -1 3300 3300
3330 CONNECTION 365 21 300 2220 4320 4320
3331 CONNECTION 365 144 300 4020 6120 6120
3332 CONNECTION 365 398 300 4800 6900 6900
3333 CONNECTION 365 23 300 5820 7920 7920
3334 CONNECTION 391 142 -1 -1 2520 2520
3335 CONNECTION 391 283 -1 -1 3300 3300
3336 CONNECTION 391 21 300 2220 4320 4320
3337 CONNECTION 391 144 300 4020 6120 6120
3338 CONNECTION 391 398 300 4800 6900 6900
3339 CONNECTION 391 23 300 5820 7920 7920
3340 CONNECTION 110 80 -1 -1 2880 2880
3341 CONNECTION 110 366 300 2220 4320 4320
3342 CONNECTION 110 395 300 2220 4320 4320
3343 CONNECTION 110 203 300 2580 4680 4680
3344 CONNECTION 110 313 300 4380 6480 6480
3345 CONNECTION 201 202 -1 -1 1500 1500
3346 CONNECTION 201 340 -1 -1 2520 2520
3347 CONNECTION 201 312 -1 -1 3300 3300
3348 CONNECTION 201 112 300 2220 4320 4320
3349 CONNECTION 201 82 300 3000 5100 5100
3350 CONNECTION 201 234 300 4020 6120 6120
3351 CONNECTION 201 205 300 4800 6900 6900
3352 CONNECTION 201 343 300 5820 7920 7920
3353 CONNECTION 141 172 -1 -1 2340 2340
3354 CONNECTION 141 111 -1 -1 2280 2280
3355 CONNECTION 141 261 -1 -1 2940 2940
3356 CONNECTION 141 52 -1 -1 4140 4140
3357 CONNECTION 141 233 -1 -1 4080 4080
3358 CONNECTION 141 284 -1 -1 4380 4380
3359 CONNECTION 141 174 300 3840 5940 5940
3360 CONNECTION 141 342 300 3780 5880 5880
3361 CONNECTION 141 368 300 4440 6540 6540
3362 CONNECTION 141 397 300 4440 6540 6540
3363 CONNECTION 141 54 300 5640 7740 7740
3364 CONNECTION 141 114 300 5580 7680 7680
3365 CONNECTION 141 399 300 5880 7980 7980
3366 CONNECTION 231 232 -1 -1 720 720
3367 CONNECTION 231 51 -1 -1 2040 2040
3368 CONNECTION 231 394 -1 -1 1740 1740
3369 CONNECTION 231 81 -1 -1 2880 2880
3370 CONNECTION 231 341 -1 -1 2520 2520
3371 CONNECTION 231 143 -1 -1 3840 3840
3372 CONNECTION 231 173 -1 -1 3840 3840
3373 CONNECTION 231 367 300 2880 4980 4980
3374 CONNECTION 231 396 300 2880 4980 4980
3375 CONNECTION 231 113 300 2220 4320 4320
3376 CONNECTION 231 204 300 2580 4680 4680
3377 CONNECTION 231 22 300 3540 5640 5640
3378 CONNECTION 231 53 300 3540 5640 5640
3379 CONNECTION 231 285 300 3240 5340 5340
3380 CONNECTION 231 235 300 4020 6120 6120
3381 CONNECTION 231 314 300 4380 6480 6480
3382 CONNECTION 231 145 300 5340 7440 7440
3383 CONNECTION 231 175 300 5340 7440 7440
3384 CONNECTION 231 263 300 6480 8580 8580
3385 SINK 231 3 -1 -1 0 0
3386 CONNECTION 259 260 -1 -1 1740 1740
3387 CONNECTION 259 20 -1 -1 2400 2400
3388 CONNECTION 259 51 -1 -1 2400 2400
3389 CONNECTION 259 394 -1 -1 2100 2100
3390 CONNECTION 259 81 -1 -1 3240 3240
3391 CONNECTION 259 341 -1 -1 2880 2880
3392 CONNECTION 259 143 -1 -1 4200 4200
3393 CONNECTION 259 173 300 2100 4200 4200
3394 CONNECTION 259 367 300 3240 5340 5340
3395 CONNECTION 259 396 300 3240 5340 5340
3396 CONNECTION 259 113 300 2580 4680 4680
3397 CONNECTION 259 204 300 2940 5040 5040
3398 CONNECTION 259 22 300 3900 6000 6000
3399 CONNECTION 259 53 300 3900 6000 6000
3400 CONNECTION 259 285 300 3600 5700 5700
3401 CONNECTION 259 235 300 4380 6480 6480
3402 CONNECTION 259 314 300 4740 6840 6840
3403 CONNECTION 259 145 300 5700 7800 7800
3404 CONNECTION 259 175 300 5700 7800 7800
3405 SINK 259 3 -1 -1 0 0
3406 CONNECTION 171 142 -1 -1 1860 1860
3407 CONNECTION 171 283 -1 -1 2640 2640
3408 CONNECTION 171 21 -1 -1 3660 3660
3409 CONNECTION 171 144 300 3360 5460 5460
3410 CONNECTION 171 398 300 4140 6240 6240
3411 CONNECTION 171 23 300 5160 7260 7260
3412 CONNECTION 19 20 -1 -1 1740 1740
3413 CONNECTION 19 51 -1 -1 1740 1740
3414 CONNECTION 19 394 -1 -1 1440 1440
3415 CONNECTION 19 81 -1 -1 2580 2580
3416 CONNECTION 19 341 -1 -1 2220 2220
3417 CONNECTION 19 143 -1 -1 3540 3540
3418 CONNECTION 19 173 -1 -1 3540 3540
3419 CONNECTION 19 367 300 2580 4680 4680
3420 CONNECTION 19 396 300 2580 4680 4680
3421 CONNECTION 19 113 300 1920 4020 4020
3422 CONNECTION 19 204 300 2280 4380 4380
3423 CONNECTION 19 22 300 3240 5340 5340
3424 CONNECTION 19 53 300 3240 5340 5340
3425 CONNECTION 19 285 300 2940 5040 5040
3426 CONNECTION 19 235 300 3720 5820 5820
3427 CONNECTION 19 314 300 4080 6180 6180
3428 CONNECTION 19 145 300 5040 7140 7140
3429 CONNECTION 19 175 300 5040 7140 7140
3430 CONNECTION 19 263 300 6180 8280 8280
3431 CONNECTION 19 84 300 5880 7980 7980
3432 CONNECTION 19 344 300 5520 7620 7620
3433 SINK 19 3 -1 -1 0 0
3434 CONNECTION 50 51 -1 -1 1260 1260
3435 CONNECTION 50 81 -1 -1 2100 2100
3436 CONNECTION 50 341 -1 -1 1740 1740
3437 CONNECTION 50 143 -1 -1 3060 3060
3438 CONNECTION 50 173 -1 -1 3060 3060
3439 CONNECTION 50 367 -1 -1 4200 4200
3440 CONNECTION 50 396 -1 -1 4200 4200
3441 CONNECTION 50 113 -1 -1 3540 3540
3442 CONNECTION 50 204 -1 -1 3900 3900
3443 CONNECTION 50 22 300 2760 4860 4860
3444 CONNECTION 50 53 300 2760 4860 4860
3445 CONNECTION 50 285 300 2460 4560 4560
3446 CONNECTION 50 235 300 3240 5340 5340
3447 CONNECTION 50 314 300 3600 5700 5700
3448 CONNECTION 50 145 300 4560 6660 6660
3449 CONNECTION 50 175 300 4560 6660 6660
3450 CONNECTION 50 263 300 5700 7800 7800
3451 CONNECTION 50 84 300 5400 7500 7500
3452 CONNECTION 50 344 300 5040 7140 7140
3453 CONNECTION 50 24 300 6360 8460 8460
3454 SINK 50 3 -1 -1 0 0
3455 CONNECTION 339 340 -1 -1 1080 1080
3456 CONNECTION 339 112 -1 -1 2880 2880
3457 CONNECTION 339 82 -1 -1 3660 3660
3458 CONNECTION 339 234 300 2580 4680 4680
3459 CONNECTION 339 205 300 3360 5460 5460
3460 CONNECTION 339 343 300 4380 6480 6480
3461 CONNECTION 339 315 300 5160 7260 7260
3462 CONNECTION 202 261 -1 -1 2400 2400
3463 CONNECTION 202 52 -1 -1 3600 3600
3464 CONNECTION 202 233 -1 -1 3540 3540
3465 CONNECTION 202 284 -1 -1 3840 3840
3466 CONNECTION 202 174 300 3300 5400 5400
3467 CONNECTION 202 342 300 3240 5340 5340
3468 CONNECTION 202 368 300 3900 6000 6000
3469 CONNECTION 202 397 300 3900 6000 6000
3470 CONNECTION 202 54 300 5100 7200 7200
3471 CONNECTION 202 114 300 5040 7140 7140
3472 CONNECTION 202 399 300 5340 7440 7440
3473 CONNECTION 310 311 -1 -1 1080 1080
3474 CONNECTION 310 51 -1 -1 2040 2040
3475 CONNECTION 310 394 -1 -1 1740 1740
3476 CONNECTION 310 81 -1 -1 2880 2880
3477 CONNECTION 310 341 -1 -1 2520 2520
3478 CONNECTION 310 143 -1 -1 3840 3840
3479 CONNECTION 310 173 -1 -1 3840 3840
3480 CONNECTION 310 367 300 2880 4980 4980
3481 CONNECTION 310 396 300 2880 4980 4980
3482 CONNECTION 310 113 300 2220 4320 4320
3483 CONNECTION 310 204 300 2580 4680 4680
3484 CONNECTION 310 22 300 3540 5640 5640
3485 CONNECTION 310 53 300 3540 5640 5640
3486 CONNECTION 310 285 300 3240 5340 5340
3487 CONNECTION 310 235 300 4020 6120 6120
3488 CONNECTION 310 314 300 4380 6480 6480
3489 CONNECTION 310 145 300 5340 7440 7440
3490 CONNECTION 310 175 300 5340 7440 7440
3491 CONNECTION 310 263 300 6480 8580 8580
3492 SINK 310 3 -1 -1 0 0
3493 CONNECTION 393 394 -1 -1 720 720
3494 CONNECTION 393 81 -1 -1 1860 1860
3495 CONNECTION 393 341 -1 -1 1500 1500
3496 CONNECTION 393 143 -1 -1 2820 2820
3497 CONNECTION 393 173 -1 -1 2820 2820
3498 CONNECTION 393 367 -1 -1 3960 3960
3499 CONNECTION 393 396 -1 -1 3960 3960
3500 CONNECTION 393 113 -1 -1 3300 3300
3501 CONNECTION 393 204 -1 -1 3660 3660
3502 CONNECTION 393 22 -1 -1 4620 4620
3503 CONNECTION 393 53 300 2520 4620 4620
3504 CONNECTION 393 285 300 2220 4320 4320
3505 CONNECTION 393 235 300 3000 5100 5100
3506 CONNECTION 393 314 300 3360 5460 5460
3507 CONNECTION 393 145 300 4320 6420 6420
3508 CONNECTION 393 175 300 4320 6420 6420
3509 CONNECTION 393 263 300 5460 7560 7560
3510 CONNECTION 393 84 300 5160 7260 7260
3511 CONNECTION 393 344 300 4800 6900 6900
3512 CONNECTION 393 24 300 6120 8220 8220
3513 CONNECTION 393 55 300 6120 8220 8220
3514 SINK 393 3 -1 -1 0 0
3515 CONNECTION 260 261 -1 -1 1800 1800
3516 CONNECTION 260 52 -1 -1 3000 3000
3517 CONNECTION 260 233 -1 -1 2940 2940
3518 CONNECTION 260 284 -1 -1 3240 3240
3519 CONNECTION 260 174 300 2700 4800 4800
3520 CONNECTION 260 342 300 2640 4740 4740
3521 CONNECTION 260 368 300 3300 5400 5400
3522 CONNECTION 260 397 300 3300 5400 5400
3523 CONNECTION 260 54 300 4500 6600 6600
3524 CONNECTION 260 114 300 4440 6540 6540
3525 CONNECTION 260 399 300 4740 6840 6840
3526 CONNECTION 260 176 300 6300 8400 8400
3527 CONNECTION 260 236 300 6240 8340 8340
3528 CONNECTION 232 366 -1 -1 2520 2520
3529 CONNECTION 232 395 -1 -1 2520 2520
3530 CONNECTION 232 203 -1 -1 2880 2880
3531 CONNECTION 232 313 300 2580 4680 4680
3532 CONNECTION 232 262 300 4020 6120 6120
3533 CONNECTION 232 83 300 4380 6480 6480
3534 CONNECTION 311 312 -1 -1 1500 1500
3535 CONNECTION 311 112 -1 -1 2520 2520
3536 CONNECTION 311 82 -1 -1 3300 3300
3537 CONNECTION 311 234 300 2220 4320 4320
3538 CONNECTION 311 205 300 3000 5100 5100
3539 CONNECTION 311 343 300 4020 6120 6120
3540 CONNECTION 311 315 300 4800 6900 6900
3541 CONNECTION 311 115 300 5820 7920 7920
3542 CONNECTION 20 52 -1 -1 2340 2340
3543 CONNECTION 20 233 -1 -1 2280 2280
3544 CONNECTION 20 284 -1 -1 2580 2580
3545 CONNECTION 20 174 -1 -1 4140 4140
3546 CONNECTION 20 342 -1 -1 4080 4080
3547 CONNECTION 20 368 300 2640 4740 4740
3548 CONNECTION 20 397 300 2640 4740 4740
3549 CONNECTION 20 54 300 3840 5940 5940
3550 CONNECTION 20 114 300 3780 5880 5880
3551 CONNECTION 20 399 300 4080 6180 6180
3552 CONNECTION 20 176 300 5640 7740 7740
3553 CONNECTION 20 236 300 5580 7680 7680
3554 CONNECTION 20 264 300 6240 8340 8340
3555 CONNECTION 340 341 -1 -1 720 720
3556 CONNECTION 340 173 -1 -1 2040 2040
3557 CONNECTION 340 367 -1 -1 3180 3180
3558 CONNECTION 340 396 -1 -1 3180 3180
3559 CONNECTION 340 113 -1 -1 2520 2520
3560 CONNECTION 340 204 -1 -1 2880 2880
3561 CONNECTION 340 22 -1 -1 3840 3840
3562 CONNECTION 340 53 -1 -1 3840 3840
3563 CONNECTION 340 285 -1 -1 3540 3540
3564 CONNECTION 340 235 300 2220 4320 4320
3565 CONNECTION 340 314 300 2580 4680 4680
3566 CONNECTION 340 145 300 3540 5640 5640
3567 CONNECTION 340 175 300 3540 5640 5640
3568 CONNECTION 340 263 300 4680 6780 6780
3569 CONNECTION 340 84 300 4380 6480 6480
3570 CONNECTION 340 344 300 4020 6120 6120
3571 CONNECTION 340 24 300 5340 7440 7440
3572 CONNECTION 340 55 300 5340 7440 7440
3573 CONNECTION 340 400 300 5040 7140 7140
3574 SINK 340 3 -1 -1 0 0
3575 CONNECTION 51 21 -1 -1 1860 1860
3576 CONNECTION 51 144 -1 -1 3660 3660
3577 CONNECTION 51 398 -1 -1 4440 4440
3578 CONNECTION 51 23 300 3360 5460 5460
3579 CONNECTION 51 146 300 5160 7260 7260
3580 CONNECTION 51 286 300 5940 8040 8040
3581 CONNECTION 142 143 -1 -1 1740 1740
3582 CONNECTION 142 173 -1 -1 1740 1740
3583 CONNECTION 142 367 -1 -1 2880 2880
3584 CONNECTION 142 396 -1 -1 2880 2880
3585 CONNECTION 142 113 -1 -1 2220 2220
3586 CONNECTION 142 204 -1 -1 2580 2580
3587 CONNECTION 142 22 -1 -1 3540 3540
3588 CONNECTION 142 53 -1 -1 3540 3540
3589 CONNECTION 142 285 -1 -1 3240 3240
3590 CONNECTION 142 235 300 1920 4020 4020
3591 CONNECTION 142 314 300 2280 4380 4380
3592 CONNECTION 142 145 300 3240 5340 5340
3593 CONNECTION 142 175 300 3240 5340 5340
3594 CONNECTION 142 263 300 4380 6480 6480
3595 CONNECTION 142 84 300 4080 6180 6180
3596 CONNECTION 142 344 300 3720 5820 5820
3597 CONNECTION 142 24 300 5040 7140 7140
3598 CONNECTION 142 55 300 5040 7140 7140
3599 CONNECTION 142 400 300 4740 6840 6840
3600 CONNECTION 142 116 300 5520 7620 7620
3601 CONNECTION 142 207 300 5880 7980 7980
3602 SINK 142 3 -1 -1 0 0
3603 CONNECTION 172 173 -1 -1 1260 1260
3604 CONNECTION 172 367 -1 -1 2400 2400
3605 CONNECTION 172 396 -1 -1 2400 2400
3606 CONNECTION 172 113 -1 -1 1740 1740
3607 CONNECTION 172 204 -1 -1 2100 2100
3608 CONNECTION 172 22 -1 -1 3060 3060
3609 CONNECTION 172 53 -1 -1 3060 3060
3610 CONNECTION 172 285 -1 -1 2760 2760
3611 CONNECTION 172 235 -1 -1 3540 3540
3612 CONNECTION 172 314 -1 -1 3900 3900
3613 CONNECTION 172 145 300 2760 4860 4860
3614 CONNECTION 172 175 300 2760 4860 4860
3615 CONNECTION 172 263 300 3900 6000 6000
3616 CONNECTION 172 84 300 3600 5700 5700
3617 CONNECTION 172 344 300 3240 5340 5340
3618 CONNECTION 172 24 300 4560 6660 6660
3619 CONNECTION 172 55 300 4560 6660 6660
3620 CONNECTION 172 400 300 4260 6360 6360
3621 CONNECTION 172 116 300 5040 7140 7140
3622 CONNECTION 172 207 300 5400 7500 7500
3623 CONNECTION 172 147 300 6360 8460 8460
3624 SINK 172 3 -1 -1 0 0
3625 CONNECTION 111 112 -1 -1 1080 1080
3626 CONNECTION 111 234 -1 -1 2880 2880
3627 CONNECTION 111 205 -1 -1 3660 3660
3628 CONNECTION 111 343 300 2580 4680 4680
3629 CONNECTION 111 315 300 3360 5460 5460
3630 CONNECTION 111 115 300 4380 6480 6480
3631 CONNECTION 111 85 300 5160 7260 7260
3632 CONNECTION 394 366 -1 -1 1500 1500
3633 CONNECTION 394 395 -1 -1 1500 1500
3634 CONNECTION 394 203 -1 -1 1860 1860
3635 CONNECTION 394 313 300 1560 3660 3660
3636 CONNECTION 394 262 300 3000 5100 5100
3637 CONNECTION 394 83 300 3360 5460 5460
3638 CONNECTION 394 206 300 5160 7260 7260
3639 CONNECTION 80 81 -1 -1 1080 1080
3640 CONNECTION 80 173 -1 -1 2040 2040
3641 CONNECTION 80 367 -1 -1 3180 3180
3642 CONNECTION 80 396 -1 -1 3180 3180
3643 CONNECTION 80 113 -1 -1 2520 2520
3644 CONNECTION 80 204 -1 -1 2880 2880
3645 CONNECTION 80 22 -1 -1 3840 3840
3646 CONNECTION 80 53 -1 -1 3840 3840
3647 CONNECTION 80 285 -1 -1 3540 3540
3648 CONNECTION 80 235 300 2220 4320 4320
3649 CONNECTION 80 314 300 2580 4680 4680
3650 CONNECTION 80 145 300 3540 5640 5640
3651 CONNECTION 80 175 300 3540 5640 5640
3652 CONNECTION 80 263 300 4680 6780 6780
3653 CONNECTION 80 84 300 4380 6480 6480
3654 CONNECTION 80 344 300 4020 6120 6120
3655 CONNECTION 80 24 300 5340 7440 7440
3656 CONNECTION 80 55 300 5340 7440 7440
3657 CONNECTION 80 400 300 5040 7140 7140
3658 SINK 80 3 -1 -1 0 0
3659 CONNECTION 283 284 -1 -1 1740 1740
3660 CONNECTION 283 174 -1 -1 3300 3300
3661 CONNECTION 283 342 -1 -1 3240 3240
3662 CONNECTION 283 368 -1 -1 3900 3900
3663 CONNECTION 283 397 -1 -1 3900 3900
3664 CONNECTION 283 54 300 3000 5100 5100
3665 CONNECTION 283 114 300 2940 5040 5040
3666 CONNECTION 283 399 300 3240 5340 5340
3667 CONNECTION 283 176 300 4800 6900 6900
3668 CONNECTION 283 236 300 4740 6840 6840
3669 CONNECTION 283 264 300 5400 7500 7500
3670 CONNECTION 283 56 300 6600 8700 8700
3671 CONNECTION 312 174 -1 -1 3600 3600
3672 CONNECTION 312 342 -1 -1 3540 3540
3673 CONNECTION 312 368 -1 -1 4200 4200
3674 CONNECTION 312 397 -1 -1 4200 4200
3675 CONNECTION 312 54 300 3300 5400 5400
3676 CONNECTION 312 114 300 3240 5340 5340
3677 CONNECTION 312 399 300 3540 5640 5640
3678 CONNECTION 312 176 300 5100 7200 7200
3679 CONNECTION 312 236 300 5040 7140 7140
3680 CONNECTION 312 264 300 5700 7800 7800
3681 CONNECTION 261 144 -1 -1 2520 2520
3682 CONNECTION 261 398 -1 -1 3300 3300
3683 CONNECTION 261 23 300 2220 4320 4320
3684 CONNECTION 261 146 300 4020 6120 6120
3685 CONNECTION 261 286 300 4800 6900 6900
3686 CONNECTION 261 25 300 5820 7920 7920
3687 CONNECTION 81 82 -1 -1 1500 1500
3688 CONNECTION 81 234 -1 -1 2520 2520
3689 CONNECTION 81 205 -1 -1 3300 3300
3690 CONNECTION 81 343 300 2220 4320 4320
3691 CONNECTION 81 315 300 3000 5100 5100
3692 CONNECTION 81 115 300 4020 6120 6120
3693 CONNECTION 81 85 300 4800 6900 6900
3694 CONNECTION 81 237 300 5820 7920 7920
3695 CONNECTION 341 313 -1 -1 2880 2880
3696 CONNECTION 341 262 300 2220 4320 4320
3697 CONNECTION 341 83 300 2580 4680 4680
3698 CONNECTION 341 206 300 4380 6480 6480
3699 CONNECTION 143 174 -1 -1 2340 2340
3700 CONNECTION 143 342 -1 -1 2280 2280
3701 CONNECTION 143 368 -1 -1 2940 2940
3702 CONNECTION 143 397 -1 -1 2940 2940
3703 CONNECTION 143 54 -1 -1 4140 4140
3704 CONNECTION 143 114 -1 -1 4080 4080
3705 CONNECTION 143 399 -1 -1 4380 4380
3706 CONNECTION 143 176 300 3840 5940 5940
3707 CONNECTION 143 236 300 3780 5880 5880
3708 CONNECTION 143 264 300 4440 6540 6540
3709 CONNECTION 143 56 300 5640 7740 7740
3710 CONNECTION 143 345 300 5580 7680 7680
3711 CONNECTION 143 287 300 5880 7980 7980
3712 CONNECTION 112 113 -1 -1 720 720
3713 CONNECTION 112 53 -1 -1 2040 2040
3714 CONNECTION 112 285 -1 -1 1740 1740
3715 CONNECTION 112 235 -1 -1 2520 2520
3716 CONNECTION 112 314 -1 -1 2880 2880
3717 CONNECTION 112 145 -1 -1 3840 3840
3718 CONNECTION 112 175 -1 -1 3840 3840
3719 CONNECTION 112 263 300 2880 4980 4980
3720 CONNECTION 112 84 300 2580 4680 4680
3721 CONNECTION 112 344 300 2220 4320 4320
3722 CONNECTION 112 24 300 3540 5640 5640
3723 CONNECTION 112 55 300 3540 5640 5640
3724 CONNECTION 112 400 300 3240 5340 5340
3725 CONNECTION 112 116 300 4020 6120 6120
3726 CONNECTION 112 207 300 4380 6480 6480
3727 CONNECTION 112 147 300 5340 7440 7440
3728 CONNECTION 112 177 300 5340 7440 7440
3729 CONNECTION 112 370 300 6480 8580 8580
3730 CONNECTION 112 402 300 6480 8580 8580
3731 SINK 112 3 -1 -1 0 0
3732 CONNECTION 366 367 -1 -1 1740 1740
3733 CONNECTION 366 22 -1 -1 2400 2400
3734 CONNECTION 366 53 -1 -1 2400 2400
3735 CONNECTION 366 285 -1 -1 2100 2100
3736 CONNECTION 366 235 -1 -1 2880 2880
3737 CONNECTION 366 314 -1 -1 3240 3240
3738 CONNECTION 366 145 -1 -1 4200 4200
3739 CONNECTION 366 175 300 2100 4200 4200
3740 CONNECTION 366 263 300 3240 5340 5340
3741 CONNECTION 366 84 300 2940 5040 5040
3742 CONNECTION 366 344 300 2580 4680 4680
3743 CONNECTION 366 24 300 3900 6000 6000
3744 CONNECTION 366 55 300 3900 6000 6000
3745 CONNECTION 366 400 300 3600 5700 5700
3746 CONNECTION 366 116 300 4380 6480 6480
3747 CONNECTION 366 207 300 4740 6840 6840
3748 CONNECTION 366 147 300 5700 7800 7800
3749 CONNECTION 366 177 300 5700 7800 7800
3750 SINK 366 3 -1 -1 0 0
3751 CONNECTION 395 396 -1 -1 1740 1740
3752 CONNECTION 395 22 -1 -1 2400 2400
3753 CONNECTION 395 53 -1 -1 2400 2400
3754 CONNECTION 395 285 -1 -1 2100 2100
3755 CONNECTION 395 235 -1 -1 2880 2880
3756 CONNECTION 395 314 -1 -1 3240 3240
3757 CONNECTION 395 145 -1 -1 4200 4200
3758 CONNECTION 395 175 300 2100 4200 4200
3759 CONNECTION 395 263 300 3240 5340 5340
3760 CONNECTION 395 84 300 2940 5040 5040
3761 CONNECTION 395 344 300 2580 4680 4680
3762 CONNECTION 395 24 300 3900 6000 6000
3763 CONNECTION 395 55 300 3900 6000 6000
3764 CONNECTION 395 400 300 3600 5700 5700
3765 CONNECTION 395 116 300 4380 6480 6480
3766 CONNECTION 395 207 300 4740 6840 6840
3767 CONNECTION 395 147 300 5700 7800 7800
3768 CONNECTION 395 177 300 5700 7800 7800
3769 SINK 395 3 -1 -1 0 0
3770 CONNECTION 173 144 -1 -1 1860 1860
3771 CONNECTION 173 398 -1 -1 2640 2640
3772 CONNECTION 173 23 -1 -1 3660 3660
3773 CONNECTION 173 146 300 3360 5460 5460
3774 CONNECTION 173 286 300 4140 6240 6240
3775 CONNECTION 173 25 300 5160 7260 7260
3776 CONNECTION 21 22 -1 -1 1740 1740
3777 CONNECTION 21 53 -1 -1 1740 1740
3778 CONNECTION 21 285 -1 -1 1440 1440
3779 CONNECTION 21 235 -1 -1 2220 2220
3780 CONNECTION 21 314 -1 -1 2580 2580
3781 CONNECTION 21 145 -1 -1 3540 3540
3782 CONNECTION 21 175 -1 -1 3540 3540
3783 CONNECTION 21 263 300 2580 4680 4680
3784 CONNECTION 21 84 300 2280 4380 4380
3785 CONNECTION 21 344 300 1920 4020 4020
3786 CONNECTION 21 24 300 3240 5340 5340
3787 CONNECTION 21 55 300 3240 5340 5340
3788 CONNECTION 21 400 300 2940 5040 5040
3789 CONNECTION 21 116 300 3720 5820 5820
3790 CONNECTION 21 207 300 4080 6180 6180
3791 CONNECTION 21 147 300 5040 7140 7140
3792 CONNECTION 21 177 300 5040 7140 7140
3793 CONNECTION 21 370 300 6180 8280 8280
3794 CONNECTION 21 402 300 6180 8280 8280
3795 CONNECTION 21 238 300 5520 7620 7620
3796 CONNECTION 21 317 300 5880 7980 7980
3797 SINK 21 3 -1 -1 0 0
3798 CONNECTION 52 53 -1 -1 1260 1260
3799 CONNECTION 52 235 -1 -1 1740 1740
3800 CONNECTION 52 314 -1 -1 2100 2100
3801 CONNECTION 52 145 -1 -1 3060 3060
3802 CONNECTION 52 175 -1 -1 3060 3060
3803 CONNECTION 52 263 -1 -1 4200 4200
3804 CONNECTION 52 84 -1 -1 3900 3900
3805 CONNECTION 52 344 -1 -1 3540 3540
3806 CONNECTION 52 24 300 2760 4860 4860
3807 CONNECTION 52 55 300 2760 4860 4860
3808 CONNECTION 52 400 300 2460 4560 4560
3809 CONNECTION 52 116 300 3240 5340 5340
3810 CONNECTION 52 207 300 3600 5700 5700
3811 CONNECTION 52 147 300 4560 6660 6660
3812 CONNECTION 52 177 300 4560 6660 6660
3813 CONNECTION 52 370 300 5700 7800 7800
3814 CONNECTION 52 402 300 5700 7800 7800
3815 CONNECTION 52 238 300 5040 7140 7140
3816 CONNECTION 52 317 300 5400 7500 7500
3817 CONNECTION 52 26 300 6360 8460 8460
3818 SINK 52 3 -1 -1 0 0
3819 CONNECTION 233 234 -1 -1 1080 1080
3820 CONNECTION 233 343 -1 -1 2880 2880
3821 CONNECTION 233 315 -1 -1 3660 3660
3822 CONNECTION 233 115 300 2580 4680 4680
3823 CONNECTION 233 85 300 3360 5460 5460
3824 CONNECTION 233 237 300 4380 6480 6480
3825 CONNECTION 233 208 300 5160 7260 7260
3826 CONNECTION 82 368 -1 -1 2400 2400
3827 CONNECTION 82 397 -1 -1 2400 2400
3828 CONNECTION 82 54 -1 -1 3600 3600
3829 CONNECTION 82 114 -1 -1 3540 3540
3830 CONNECTION 82 399 -1 -1 3840 3840
3831 CONNECTION 82 176 300 3300 5400 5400
3832 CONNECTION 82 236 300 3240 5340 5340
3833 CONNECTION 82 264 300 3900 6000 6000
3834 CONNECTION 82 56 300 5100 7200 7200
3835 CONNECTION 82 345 300 5040 7140 7140
3836 CONNECTION 82 287 300 5340 7440 7440
3837 CONNECTION 203 204 -1 -1 1080 1080
3838 CONNECTION 203 53 -1 -1 2040 2040
3839 CONNECTION 203 285 -1 -1 1740 1740
3840 CONNECTION 203 235 -1 -1 2520 2520
3841 CONNECTION 203 314 -1 -1 2880 2880
3842 CONNECTION 203 145 -1 -1 3840 3840
3843 CONNECTION 203 175 -1 -1 3840 3840
3844 CONNECTION 203 263 300 2880 4980 4980
3845 CONNECTION 203 84 300 2580 4680 4680
3846 CONNECTION 203 344 300 2220 4320 4320
3847 CONNECTION 203 24 300 3540 5640 5640
3848 CONNECTION 203 55 300 3540 5640 5640
3849 CONNECTION 203 400 300 3240 5340 5340
3850 CONNECTION 203 116 300 4020 6120 6120
3851 CONNECTION 203 207 300 4380 6480 6480
3852 CONNECTION 203 147 300 5340 7440 7440
3853 CONNECTION 203 177 300 5340 7440 7440
3854 CONNECTION 203 370 300 6480 8580 8580
3855 CONNECTION 203 402 300 6480 8580 8580
3856 SINK 203 3 -1 -1 0 0
3857 CONNECTION 284 285 -1 -1 720 720
3858 CONNECTION 284 235 -1 -1 1500 1500
3859 CONNECTION 284 314 -1 -1 1860 1860
3860 CONNECTION 284 145 -1 -1 2820 2820
3861 CONNECTION 284 175 -1 -1 2820 2820
3862 CONNECTION 284 263 -1 -1 3960 3960
3863 CONNECTION 284 84 -1 -1 3660 3660
3864 CONNECTION 284 344 -1 -1 3300 3300
3865 CONNECTION 284 24 -1 -1 4620 4620
3866 CONNECTION 284 55 300 2520 4620 4620
3867 CONNECTION 284 400 300 2220 4320 4320
3868 CONNECTION 284 116 300 3000 5100 5100
3869 CONNECTION 284 207 300 3360 5460 5460
3870 CONNECTION 284 147 300 4320 6420 6420
3871 CONNECTION 284 177 300 4320 6420 6420
3872 CONNECTION 284 370 300 5460 7560 7560
3873 CONNECTION 284 402 300 5460 7560 7560
3874 CONNECTION 284 238 300 4800 6900 6900
3875 CONNECTION 284 317 300 5160 7260 7260
3876 CONNECTION 284 26 300 6120 8220 8220
3877 CONNECTION 284 57 300 6120 8220 8220
3878 SINK 284 3 -1 -1 0 0
3879 CONNECTION 367 368 -1 -1 1800 1800
3880 CONNECTION 367 54 -1 -1 3000 3000
3881 CONNECTION 367 114 -1 -1 2940 2940
3882 CONNECTION 367 399 -1 -1 3240 3240
3883 CONNECTION 367 176 300 2700 4800 4800
3884 CONNECTION 367 236 300 2640 4740 4740
3885 CONNECTION 367 264 300 3300 5400 5400
3886 CONNECTION 367 56 300 4500 6600 6600
3887 CONNECTION 367 345 300 4440 6540 6540
3888 CONNECTION 367 287 300 4740 6840 6840
3889 CONNECTION 367 178 300 6300 8400 8400
3890 CONNECTION 367 117 300 6240 8340 8340
3891 CONNECTION 396 397 -1 -1 1800 1800
3892 CONNECTION 396 54 -1 -1 3000 3000
3893 CONNECTION 396 114 -1 -1 2940 2940
3894 CONNECTION 396 399 -1 -1 3240 3240
3895 CONNECTION 396 176 300 2700 4800 4800
3896 CONNECTION 396 236 300 2640 4740 4740
3897 CONNECTION 396 264 300 3300 5400 5400
3898 CONNECTION 396 56 300 4500 6600 6600
3899 CONNECTION 396 345 300 4440 6540 6540
3900 CONNECTION 396 287 300 4740 6840 6840
3901 CONNECTION 396 178 300 6300 8400 8400
3902 CONNECTION 396 117 300 6240 8340 8340
3903 CONNECTION 113 262 -1 -1 2520 2520
3904 CONNECTION 113 83 -1 -1 2880 2880
3905 CONNECTION 113 206 300 2580 4680 4680
3906 CONNECTION 113 369 300 4020 6120 6120
3907 CONNECTION 113 401 300 4020 6120 6120
3908 CONNECTION 113 316 300 4380 6480 6480
3909 CONNECTION 204 205 -1 -1 1500 1500
3910 CONNECTION 204 343 -1 -1 2520 2520
3911 CONNECTION 204 315 -1 -1 3300 3300
3912 CONNECTION 204 115 300 2220 4320 4320
3913 CONNECTION 204 85 300 3000 5100 5100
3914 CONNECTION 204 237 300 4020 6120 6120
3915 CONNECTION 204 208 300 4800 6900 6900
3916 CONNECTION 204 346 300 5820 7920 7920
3917 CONNECTION 22 54 -1 -1 2340 2340
3918 CONNECTION 22 114 -1 -1 2280 2280
3919 CONNECTION 22 399 -1 -1 2580 2580
3920 CONNECTION 22 176 -1 -1 4140 4140
3921 CONNECTION 22 236 -1 -1 4080 4080
3922 CONNECTION 22 264 300 2640 4740 4740
3923 CONNECTION 22 56 300 3840 5940 5940
3924 CONNECTION 22 345 300 3780 5880 5880
3925 CONNECTION 22 287 300 4080 6180 6180
3926 CONNECTION 22 178 300 5640 7740 7740
3927 CONNECTION 22 117 300 5580 7680 7680
3928 CONNECTION 22 371 300 6240 8340 8340
3929 CONNECTION 22 403 300 6240 8340 8340
3930 CONNECTION 234 235 -1 -1 720 720
3931 CONNECTION 234 175 -1 -1 2040 2040
3932 CONNECTION 234 263 -1 -1 3180 3180
3933 CONNECTION 234 84 -1 -1 2880 2880
3934 CONNECTION 234 344 -1 -1 2520 2520
3935 CONNECTION 234 24 -1 -1 3840 3840
3936 CONNECTION 234 55 -1 -1 3840 3840
3937 CONNECTION 234 400 -1 -1 3540 3540
3938 CONNECTION 234 116 300 2220 4320 4320
3939 CONNECTION 234 207 300 2580 4680 4680
3940 CONNECTION 234 147 300 3540 5640 5640
3941 CONNECTION 234 177 300 3540 5640 5640
3942 CONNECTION 234 370 300 4680 6780 6780
3943 CONNECTION 234 402 300 4680 6780 6780
3944 CONNECTION 234 238 300 4020 6120 6120
3945 CONNECTION 234 317 300 4380 6480 6480
3946 CONNECTION 234 26 300 5340 7440 7440
3947 CONNECTION 234 57 300 5340 7440 7440
3948 CONNECTION 234 288 300 5040 7140 7140
3949 SINK 234 3 -1 -1 0 0
3950 CONNECTION 53 23 -1 -1 1860 1860
3951 CONNECTION 53 146 -1 -1 3660 3660
3952 CONNECTION 53 286 -1 -1 4440 4440
3953 CONNECTION 53 25 300 3360 5460 5460
3954 CONNECTION 53 148 300 5160 7260 7260
3955 CONNECTION 53 404 300 5940 8040 8040
3956 CONNECTION 144 145 -1 -1 1740 1740
3957 CONNECTION 144 175 -1 -1 1740 1740
3958 CONNECTION 144 263 -1 -1 2880 2880
3959 CONNECTION 144 84 -1 -1 2580 2580
3960 CONNECTION 144 344 -1 -1 2220 2220
3961 CONNECTION 144 24 -1 -1 3540 3540
3962 CONNECTION 144 55 -1 -1 3540 3540
3963 CONNECTION 144 400 -1 -1 3240 3240
3964 CONNECTION 144 116 300 1920 4020 4020
3965 CONNECTION 144 207 300 2280 4380 4380
3966 CONNECTION 144 147 300 3240 5340 5340
3967 CONNECTION 144 177 300 3240 5340 5340
3968 CONNECTION 144 370 300 4380 6480 6480
3969 CONNECTION 144 402 300 4380 6480 6480
3970 CONNECTION 144 238 300 3720 5820 5820
3971 CONNECTION 144 317 300 4080 6180 6180
3972 CONNECTION 144 26 300 5040 7140 7140
3973 CONNECTION 144 57 300 5040 7140 7140
3974 CONNECTION 144 288 300 4740 6840 6840
3975 CONNECTION 144 87 300 5880 7980 7980
3976 CONNECTION 144 347 300 5520 7620 7620
3977 SINK 144 3 -1 -1 0 0
3978 CONNECTION 174 175 -1 -1 1260 1260
3979 CONNECTION 174 263 -1 -1 2400 2400
3980 CONNECTION 174 84 -1 -1 2100 2100
3981 CONNECTION 174 344 -1 -1 1740 1740
3982 CONNECTION 174 24 -1 -1 3060 3060
3983 CONNECTION 174 55 -1 -1 3060 3060
3984 CONNECTION 174 400 -1 -1 2760 2760
3985 CONNECTION 174 116 -1 -1 3540 3540
3986 CONNECTION 174 207 -1 -1 3900 3900
3987 CONNECTION 174 147 300 2760 4860 4860
3988 CONNECTION 174 177 300 2760 4860 4860
3989 CONNECTION 174 370 300 3900 6000 6000
3990 CONNECTION 174 402 300 3900 6000 6000
3991 CONNECTION 174 238 300 3240 5340 5340
3992 CONNECTION 174 317 300 3600 5700 5700
3993 CONNECTION 174 26 300 4560 6660 6660
3994 CONNECTION 174 57 300 4560 6660 6660
3995 CONNECTION 174 288 300 4260 6360 6360
3996 CONNECTION 174 87 300 5400 7500 7500
3997 CONNECTION 174 347 300 5040 7140 7140
3998 CONNECTION 174 149 300 6360 8460 8460
3999 SINK 174 3 -1 -1 0 0
4000 CONNECTION 285 262 -1 -1 1500 1500
4001 CONNECTION 285 83 -1 -1 1860 1860
4002 CONNECTION 285 206 300 1560 3660 3660
4003 CONNECTION 285 369 300 3000 5100 5100
4004 CONNECTION 285 401 300 3000 5100 5100
4005 CONNECTION 285 316 300 3360 5460 5460
4006 CONNECTION 285 86 300 5160 7260 7260
4007 CONNECTION 342 343 -1 -1 1080 1080
4008 CONNECTION 342 115 -1 -1 2880 2880
4009 CONNECTION 342 85 -1 -1 3660 3660
4010 CONNECTION 342 237 300 2580 4680 4680
4011 CONNECTION 342 208 300 3360 5460 5460
4012 CONNECTION 342 346 300 4380 6480 6480
4013 CONNECTION 342 318 300 5160 7260 7260
4014 CONNECTION 205 176 -1 -1 3600 3600
4015 CONNECTION 205 236 -1 -1 3540 3540
4016 CONNECTION 205 264 -1 -1 4200 4200
4017 CONNECTION 205 56 300 3300 5400 5400
4018 CONNECTION 205 345 300 3240 5340 5340
4019 CONNECTION 205 287 300 3540 5640 5640
4020 CONNECTION 205 178 300 5100 7200 7200
4021 CONNECTION 205 117 300 5040 7140 7140
4022 CONNECTION 205 371 300 5700 7800 7800
4023 CONNECTION 205 403 300 5700 7800 7800
4024 CONNECTION 313 314 -1 -1 1080 1080
4025 CONNECTION 313 175 -1 -1 2040 2040
4026 CONNECTION 313 263 -1 -1 3180 3180
4027 CONNECTION 313 84 -1 -1 2880 2880
4028 CONNECTION 313 344 -1 -1 2520 2520
4029 CONNECTION 313 24 -1 -1 3840 3840
4030 CONNECTION 313 55 -1 -1 3840 3840
4031 CONNECTION 313 400 -1 -1 3540 3540
4032 CONNECTION 313 116 300 2220 4320 4320
4033 CONNECTION 313 207 300 2580 4680 4680
4034 CONNECTION 313 147 300 3540 5640 5640
4035 CONNECTION 313 177 300 3540 5640 5640
4036 CONNECTION 313 370 300 4680 6780 6780
4037 CONNECTION 313 402 300 4680 6780 6780
4038 CONNECTION 313 238 300 4020 6120 6120
4039 CONNECTION 313 317 300 4380 6480 6480
4040 CONNECTION 313 26 300 5340 7440 7440
4041 CONNECTION 313 57 300 5340 7440 7440
4042 CONNECTION 313 288 300 5040 7140 7140
4043 SINK 313 3 -1 -1 0 0
4044 CONNECTION 398 399 -1 -1 1740 1740
4045 CONNECTION 398 176 -1 -1 3300 3300
4046 CONNECTION 398 236 -1 -1 3240 3240
4047 CONNECTION 398 264 -1 -1 3900 3900
4048 CONNECTION 398 56 300 3000 5100 5100
4049 CONNECTION 398 345 300 2940 5040 5040
4050 CONNECTION 398 287 300 3240 5340 5340
4051 CONNECTION 398 178 300 4800 6900 6900
4052 CONNECTION 398 117 300 4740 6840 6840
4053 CONNECTION 398 371 300 5400 7500 7500
4054 CONNECTION 398 403 300 5400 7500 7500
4055 CONNECTION 398 58 300 6600 8700 8700
4056 CONNECTION 368 146 -1 -1 2520 2520
4057 CONNECTION 368 286 -1 -1 3300 3300
4058 CONNECTION 368 25 300 2220 4320 4320
4059 CONNECTION 368 148 300 4020 6120 6120
4060 CONNECTION 368 404 300 4800 6900 6900
4061 CONNECTION 368 27 300 5820 7920 7920
4062 CONNECTION 397 146 -1 -1 2520 2520
4063 CONNECTION 397 286 -1 -1 3300 3300
4064 CONNECTION 397 25 300 2220 4320 4320
4065 CONNECTION 397 148 300 4020 6120 6120
4066 CONNECTION 397 404 300 4800 6900 6900
4067 CONNECTION 397 27 300 5820 7920 7920
4068 CONNECTION 235 206 -1 -1 2880 2880
4069 CONNECTION 235 369 300 2220 4320 4320
4070 CONNECTION 235 401 300 2220 4320 4320
4071 CONNECTION 235 316 300 2580 4680 4680
4072 CONNECTION 235 86 300 4380 6480 6480
4073 CONNECTION 314 315 -1 -1 1500 1500
4074 CONNECTION 314 115 -1 -1 2520 2520
4075 CONNECTION 314 85 -1 -1 3300 3300
4076 CONNECTION 314 237 300 2220 4320 4320
4077 CONNECTION 314 208 300 3000 5100 5100
4078 CONNECTION 314 346 300 4020 6120 6120
4079 CONNECTION 314 318 300 4800 6900 6900
4080 CONNECTION 314 118 300 5820 7920 7920
4081 CONNECTION 145 176 -1 -1 2340 2340
4082 CONNECTION 145 236 -1 -1 2280 2280
4083 CONNECTION 145 264 -1 -1 2940 2940
4084 CONNECTION 145 56 -1 -1 4140 4140
4085 CONNECTION 145 345 -1 -1 4080 4080
4086 CONNECTION 145 287 -1 -1 4380 4380
4087 CONNECTION 145 178 300 3840 5940 5940
4088 CONNECTION 145 117 300 3780 5880 5880
4089 CONNECTION 145 371 300 4440 6540 6540
4090 CONNECTION 145 403 300 4440 6540 6540
4091 CONNECTION 145 58 300 5640 7740 7740
4092 CONNECTION 145 239 300 5580 7680 7680
4093 CONNECTION 145 405 300 5880 7980 7980
4094 CONNECTION 262 263 -1 -1 1740 1740
4095 CONNECTION 262 24 -1 -1 2400 2400
4096 CONNECTION 262 55 -1 -1 2400 2400
4097 CONNECTION 262 400 -1 -1 2100 2100
4098 CONNECTION 262 116 -1 -1 2880 2880
4099 CONNECTION 262 207 -1 -1 3240 3240
4100 CONNECTION 262 147 -1 -1 4200 4200
4101 CONNECTION 262 177 300 2100 4200 4200
4102 CONNECTION 262 370 300 3240 5340 5340
4103 CONNECTION 262 402 300 3240 5340 5340
4104 CONNECTION 262 238 300 2580 4680 4680
4105 CONNECTION 262 317 300 2940 5040 5040
4106 CONNECTION 262 26 300 3900 6000 6000
4107 CONNECTION 262 57 300 3900 6000 6000
4108 CONNECTION 262 288 300 3600 5700 5700
4109 CONNECTION 262 87 300 4740 6840 6840
4110 CONNECTION 262 347 300 4380 6480 6480
4111 CONNECTION 262 149 300 5700 7800 7800
4112 CONNECTION 262 179 300 5700 7800 7800
4113 SINK 262 3 -1 -1 0 0
4114 CONNECTION 343 344 -1 -1 720 720
4115 CONNECTION 343 55 -1 -1 2040 2040
4116 CONNECTION 343 400 -1 -1 1740 1740
4117 CONNECTION 343 116 -1 -1 2520 2520
4118 CONNECTION 343 207 -1 -1 2880 2880
4119 CONNECTION 343 147 -1 -1 3840 3840
4120 CONNECTION 343 177 -1 -1 3840 3840
4121 CONNECTION 343 370 300 2880 4980 4980
4122 CONNECTION 343 402 300 2880 4980 4980
4123 CONNECTION 343 238 300 2220 4320 4320
4124 CONNECTION 343 317 300 2580 4680 4680
4125 CONNECTION 343 26 300 3540 5640 5640
4126 CONNECTION 343 57 300 3540 5640 5640
4127 CONNECTION 343 288 300 3240 5340 5340
4128 CONNECTION 343 87 300 4380 6480 6480
4129 CONNECTION 343 347 300 4020 6120 6120
4130 CONNECTION 343 149 300 5340 7440 7440
4131 CONNECTION 343 179 300 5340 7440 7440
4132 CONNECTION 343 266 300 6480 8580 8580
4133 SINK 343 3 -1 -1 0 0
4134 CONNECTION 175 146 -1 -1 1860 1860
4135 CONNECTION 175 286 -1 -1 2640 2640
4136 CONNECTION 175 25 -1 -1 3660 3660
4137 CONNECTION 175 148 300 3360 5460 5460
4138 CONNECTION 175 404 300 4140 6240 6240
4139 CONNECTION 175 27 300 5160 7260 7260
4140 CONNECTION 23 24 -1 -1 1740 1740
4141 CONNECTION 23 55 -1 -1 1740 1740
4142 CONNECTION 23 400 -1 -1 1440 1440
4143 CONNECTION 23 116 -1 -1 2220 2220
4144 CONNECTION 23 207 -1 -1 2580 2580
4145 CONNECTION 23 147 -1 -1 3540 3540
4146 CONNECTION 23 177 -1 -1 3540 3540
4147 CONNECTION 23 370 300 2580 4680 4680
4148 CONNECTION 23 402 300 2580 4680 4680
4149 CONNECTION 23 238 300 1920 4020 4020
4150 CONNECTION 23 317 300 2280 4380 4380
4151 CONNECTION 23 26 300 3240 5340 5340
4152 CONNECTION 23 57 300 3240 5340 5340
4153 CONNECTION 23 288 300 2940 5040 5040
4154 CONNECTION 23 87 300 4080 6180 6180
4155 CONNECTION 23 347 300 3720 5820 5820
4156 CONNECTION 23 149 300 5040 7140 7140
4157 CONNECTION 23 179 300 5040 7140 7140
4158 CONNECTION 23 266 300 6180 8280 8280
4159 CONNECTION 23 119 300 5520 7620 7620
4160 CONNECTION 23 210 300 5880 7980 7980
4161 SINK 23 3 -1 -1 0 0
4162 CONNECTION 54 55 -1 -1 1260 1260
4163 CONNECTION 54 116 -1 -1 1740 1740
4164 CONNECTION 54 207 -1 -1 2100 2100
4165 CONNECTION 54 147 -1 -1 3060 3060
4166 CONNECTION 54 177 -1 -1 3060 3060
4167 CONNECTION 54 370 -1 -1 4200 4200
4168 CONNECTION 54 402 -1 -1 4200 4200
4169 CONNECTION 54 238 -1 -1 3540 3540
4170 CONNECTION 54 317 -1 -1 3900 3900
4171 CONNECTION 54 26 300 2760 4860 4860
4172 CONNECTION 54 57 300 2760 4860 4860
4173 CONNECTION 54 288 300 2460 4560 4560
4174 CONNECTION 54 87 300 3600 5700 5700
4175 CONNECTION 54 347 300 3240 5340 5340
4176 CONNECTION 54 149 300 4560 6660 6660
4177 CONNECTION 54 179 300 4560 6660 6660
4178 CONNECTION 54 266 300 5700 7800 7800
4179 CONNECTION 54 119 300 5040 7140 7140
4180 CONNECTION 54 210 300 5400 7500 7500
4181 CONNECTION 54 28 300 6360 8460 8460
4182 SINK 54 3 -1 -1 0 0
4183 CONNECTION 114 115 -1 -1 1080 1080
4184 CONNECTION 114 237 -1 -1 2880 2880
4185 CONNECTION 114 208 -1 -1 3660 3660
4186 CONNECTION 114 346 300 2580 4680 4680
4187 CONNECTION 114 318 300 3360 5460 5460
4188 CONNECTION 114 118 300 4380 6480 6480
4189 CONNECTION 114 88 300 5160 7260 7260
4190 CONNECTION 83 84 -1 -1 1080 1080
4191 CONNECTION 83 55 -1 -1 2040 2040
4192 CONNECTION 83 400 -1 -1 1740 1740
4193 CONNECTION 83 116 -1 -1 2520 2520
4194 CONNECTION 83 207 -1 -1 2880 2880
4195 CONNECTION 83 147 -1 -1 3840 3840
4196 CONNECTION 83 177 -1 -1 3840 3840
4197 CONNECTION 83 370 300 2880 4980 4980
4198 CONNECTION 83 402 300 2880 4980 4980
4199 CONNECTION 83 238 300 2220 4320 4320
4200 CONNECTION 83 317 300 2580 4680 4680
4201 CONNECTION 83 26 300 3540 5640 5640
4202 CONNECTION 83 57 300 3540 5640 5640
4203 CONNECTION 83 288 300 3240 5340 5340
4204 CONNECTION 83 87 300 4380 6480 6480
4205 CONNECTION 83 347 300 4020 6120 6120
4206 CONNECTION 83 149 300 5340 7440 7440
4207 CONNECTION 83 179 300 5340 7440 7440
4208 CONNECTION 83 266 300 6480 8580 8580
4209 SINK 83 3 -1 -1 0 0
4210 CONNECTION 315 264 -1 -1 2400 2400
4211 CONNECTION 315 56 -1 -1 3600 3600
4212 CONNECTION 315 345 -1 -1 3540 3540
4213 CONNECTION 315 287 -1 -1 3840 3840
4214 CONNECTION 315 178 300 3300 5400 5400
4215 CONNECTION 315 117 300 3240 5340 5340
4216 CONNECTION 315 371 300 3900 6000 6000
4217 CONNECTION 315 403 300 3900 6000 6000
4218 CONNECTION 315 58 300 5100 7200 7200
4219 CONNECTION 315 239 300 5040 7140 7140
4220 CONNECTION 315 405 300 5340 7440 7440
4221 CONNECTION 399 400 -1 -1 720 720
4222 CONNECTION 399 116 -1 -1 1500 1500
4223 CONNECTION 399 207 -1 -1 1860 1860
4224 CONNECTION 399 147 -1 -1 2820 2820
4225 CONNECTION 399 177 -1 -1 2820 2820
4226 CONNECTION 399 370 -1 -1 3960 3960
4227 CONNECTION 399 402 -1 -1 3960 3960
4228 CONNECTION 399 238 -1 -1 3300 3300
4229 CONNECTION 399 317 -1 -1 3660 3660
4230 CONNECTION 399 26 -1 -1 4620 4620
4231 CONNECTION 399 57 300 2520 4620 4620
4232 CONNECTION 399 288 300 2220 4320 4320
4233 CONNECTION 399 87 300 3360 5460 5460
4234 CONNECTION 399 347 300 3000 5100 5100
4235 CONNECTION 399 149 300 4320 6420 6420
4236 CONNECTION 399 179 300 4320 6420 6420
4237 CONNECTION 399 266 300 5460 7560 7560
4238 CONNECTION 399 119 300 4800 6900 6900
4239 CONNECTION 399 210 300 5160 7260 7260
4240 CONNECTION 399 28 300 6120 8220 8220
4241 CONNECTION 399 59 300 6120 8220 8220
4242 SINK 399 3 -1 -1 0 0
4243 CONNECTION 263 264 -1 -1 1800 1800
4244 CONNECTION 263 56 -1 -1 3000 3000
4245 CONNECTION 263 345 -1 -1 2940 2940
4246 CONNECTION 263 287 -1 -1 3240 3240
4247 CONNECTION 263 178 300 2700 4800 4800
4248 CONNECTION 263 117 300 2640 4740 4740
4249 CONNECTION 263 371 300 3300 5400 5400
4250 CONNECTION 263 403 300 3300 5400 5400
4251 CONNECTION 263 58 300 4500 6600 6600
4252 CONNECTION 263 239 300 4440 6540 6540
4253 CONNECTION 263 405 300 4740 6840 6840
4254 CONNECTION 263 180 300 6300 8400 8400
4255 CONNECTION 263 348 300 6240 8340 8340
4256 CONNECTION 84 85 -1 -1 1500 1500
4257 CONNECTION 84 237 -1 -1 2520 2520
4258 CONNECTION 84 208 -1 -1 3300 3300
4259 CONNECTION 84 346 300 2220 4320 4320
4260 CONNECTION 84 318 300 3000 5100 5100
4261 CONNECTION 84 118 300 4020 6120 6120
4262 CONNECTION 84 88 300 4800 6900 6900
4263 CONNECTION 84 240 300 5820 7920 7920
4264 CONNECTION 344 369 -1 -1 2520 2520
4265 CONNECTION 344 401 -1 -1 2520 2520
4266 CONNECTION 344 316 -1 -1 2880 2880
4267 CONNECTION 344 86 300 2580 4680 4680
4268 CONNECTION 344 265 300 4020 6120 6120
4269 CONNECTION 344 209 300 4380 6480 6480
4270 CONNECTION 24 56 -1 -1 2340 2340
4271 CONNECTION 24 345 -1 -1 2280 2280
4272 CONNECTION 24 287 -1 -1 2580 2580
4273 CONNECTION 24 178 -1 -1 4140 4140
4274 CONNECTION 24 117 -1 -1 4080 4080
4275 CONNECTION 24 371 300 2640 4740 4740
4276 CONNECTION 24 403 300 2640 4740 4740
4277 CONNECTION 24 58 300 3840 5940 5940
4278 CONNECTION 24 239 300 3780 5880 5880
4279 CONNECTION 24 405 300 4080 6180 6180
4280 CONNECTION 24 180 300 5640 7740 7740
4281 CONNECTION 24 348 300 5580 7680 7680
4282 CONNECTION 24 267 300 6240 8340 8340
4283 CONNECTION 115 116 -1 -1 720 720
4284 CONNECTION 115 177 -1 -1 2040 2040
4285 CONNECTION 115 370 -1 -1 3180 3180
4286 CONNECTION 115 402 -1 -1 3180 3180
4287 CONNECTION 115 238 -1 -1 2520 2520
4288 CONNECTION 115 317 -1 -1 2880 2880
4289 CONNECTION 115 26 -1 -1 3840 3840
4290 CONNECTION 115 57 -1 -1 3840 3840
4291 CONNECTION 115 288 -1 -1 3540 3540
4292 CONNECTION 115 87 300 2580 4680 4680
4293 CONNECTION 115 347 300 2220 4320 4320
4294 CONNECTION 115 149 300 3540 5640 5640
4295 CONNECTION 115 179 300 3540 5640 5640
4296 CONNECTION 115 266 300 4680 6780 6780
4297 CONNECTION 115 119 300 4020 6120 6120
4298 CONNECTION 115 210 300 4380 6480 6480
4299 CONNECTION 115 28 300 5340 7440 7440
4300 CONNECTION 115 59 300 5340 7440 7440
4301 CONNECTION 115 406 300 5040 7140 7140
4302 SINK 115 3 -1 -1 0 0
4303 CONNECTION 55 25 -1 -1 1860 1860
4304 CONNECTION 55 148 -1 -1 3660 3660
4305 CONNECTION 55 404 -1 -1 4440 4440
4306 CONNECTION 55 27 300 3360 5460 5460
4307 CONNECTION 55 150 300 5160 7260 7260
4308 CONNECTION 55 289 300 5940 8040 8040
4309 CONNECTION 146 147 -1 -1 1740 1740
4310 CONNECTION 146 177 -1 -1 1740 1740
4311 CONNECTION 146 370 -1 -1 2880 2880
4312 CONNECTION 146 402 -1 -1 2880 2880
4313 CONNECTION 146 238 -1 -1 2220 2220
4314 CONNECTION 146 317 -1 -1 2580 2580
4315 CONNECTION 146 26 -1 -1 3540 3540
4316 CONNECTION 146 57 -1 -1 3540 3540
4317 CONNECTION 146 288 -1 -1 3240 3240
4318 CONNECTION 146 87 300 2280 4380 4380
4319 CONNECTION 146 347 300 1920 4020 4020
4320 CONNECTION 146 149 300 3240 5340 5340
4321 CONNECTION 146 179 300 3240 5340 5340
4322 CONNECTION 146 266 300 4380 6480 6480
4323 CONNECTION 146 119 300 3720 5820 5820
4324 CONNECTION 146 210 300 4080 6180 6180
4325 CONNECTION 146 28 300 5040 7140 7140
4326 CONNECTION 146 59 300 5040 7140 7140
4327 CONNECTION 146 406 300 4740 6840 6840
4328 CONNECTION 146 241 300 5520 7620 7620
4329 CONNECTION 146 320 300 5880 7980 7980
4330 SINK 146 3 -1 -1 0 0
4331 CONNECTION 176 177 -1 -1 1260 1260
4332 CONNECTION 176 370 -1 -1 2400 2400
4333 CONNECTION 176 402 -1 -1 2400 2400
4334 CONNECTION 176 238 -1 -1 1740 1740
4335 CONNECTION 176 317 -1 -1 2100 2100
4336 CONNECTION 176 26 -1 -1 3060 3060
4337 CONNECTION 176 57 -1 -1 3060 3060
4338 CONNECTION 176 288 -1 -1 2760 2760
4339 CONNECTION 176 87 -1 -1 3900 3900
4340 CONNECTION 176 347 -1 -1 3540 3540
4341 CONNECTION 176 149 300 2760 4860 4860
4342 CONNECTION 176 179 300 2760 4860 4860
4343 CONNECTION 176 266 300 3900 6000 6000
4344 CONNECTION 176 119 300 3240 5340 5340
4345 CONNECTION 176 210 300 3600 5700 5700
4346 CONNECTION 176 28 300 4560 6660 6660
4347 CONNECTION 176 59 300 4560 6660 6660
4348 CONNECTION 176 406 300 4260 6360 6360
4349 CONNECTION 176 241 300 5040 7140 7140
4350 CONNECTION 176 320 300 5400 7500 7500
4351 CONNECTION 176 151 300 6360 8460 8460
4352 SINK 176 3 -1 -1 0 0
4353 CONNECTION 236 237 -1 -1 1080 1080
4354 CONNECTION 236 346 -1 -1 2880 2880
4355 CONNECTION 236 318 -1 -1 3660 3660
4356 CONNECTION 236 118 300 2580 4680 4680
4357 CONNECTION 236 88 300 3360 5460 5460
4358 CONNECTION 236 240 300 4380 6480 6480
4359 CONNECTION 236 211 300 5160 7260 7260
4360 CONNECTION 400 369 -1 -1 1500 1500
4361 CONNECTION 400 401 -1 -1 1500 1500
4362 CONNECTION 400 316 -1 -1 1860 1860
4363 CONNECTION 400 86 300 1560 3660 3660
4364 CONNECTION 400 265 300 3000 5100 5100
4365 CONNECTION 400 209 300 3360 5460 5460
4366 CONNECTION 400 319 300 5160 7260 7260
4367 CONNECTION 85 178 -1 -1 3600 3600
4368 CONNECTION 85 117 -1 -1 3540 3540
4369 CONNECTION 85 371 -1 -1 4200 4200
4370 CONNECTION 85 403 -1 -1 4200 4200
4371 CONNECTION 85 58 300 3300 5400 5400
4372 CONNECTION 85 239 300 3240 5340 5340
4373 CONNECTION 85 405 300 3540 5640 5640
4374 CONNECTION 85 180 300 5100 7200 7200
4375 CONNECTION 85 348 300 5040 7140 7140
4376 CONNECTION 85 267 300 5700 7800 7800
4377 CONNECTION 206 207 -1 -1 1080 1080
4378 CONNECTION 206 177 -1 -1 2040 2040
4379 CONNECTION 206 370 -1 -1 3180 3180
4380 CONNECTION 206 402 -1 -1 3180 3180
4381 CONNECTION 206 238 -1 -1 2520 2520
4382 CONNECTION 206 317 -1 -1 2880 2880
4383 CONNECTION 206 26 -1 -1 3840 3840
4384 CONNECTION 206 57 -1 -1 3840 3840
4385 CONNECTION 206 288 -1 -1 3540 3540
4386 CONNECTION 206 87 300 2580 4680 4680
4387 CONNECTION 206 347 300 2220 4320 4320
4388 CONNECTION 206 149 300 3540 5640 5640
4389 CONNECTION 206 179 300 3540 5640 5640
4390 CONNECTION 206 266 300 4680 6780 6780
4391 CONNECTION 206 119 300 4020 6120 6120
4392 CONNECTION 206 210 300 4380 6480 6480
4393 CONNECTION 206 28 300 5340 7440 7440
4394 CONNECTION 206 59 300 5340 7440 7440
4395 CONNECTION 206 406 300 5040 7140 7140
4396 SINK 206 3 -1 -1 0 0
4397 CONNECTION 286 287 -1 -1 1740 1740
4398 CONNECTION 286 178 -1 -1 3300 3300
4399 CONNECTION 286 117 -1 -1 3240 3240
4400 CONNECTION 286 371 -1 -1 3900 3900
4401 CONNECTION 286 403 -1 -1 3900 3900
4402 CONNECTION 286 58 300 3000 5100 5100
4403 CONNECTION 286 239 300 2940 5040 5040
4404 CONNECTION 286 405 300 3240 5340 5340
4405 CONNECTION 286 180 300 4800 6900 6900
4406 CONNECTION 286 348 300 4740 6840 6840
4407 CONNECTION 286 267 300 5400 7500 7500
4408 CONNECTION 286 60 300 6600 8700 8700
4409 CONNECTION 264 148 -1 -1 2520 2520
4410 CONNECTION 264 404 -1 -1 3300 3300
4411 CONNECTION 264 27 300 2220 4320 4320
4412 CONNECTION 264 150 300 4020 6120 6120
4413 CONNECTION 264 289 300 4800 6900 6900
4414 CONNECTION 264 29 300 5820 7920 7920
4415 CONNECTION 116 86 -1 -1 2880 2880
4416 CONNECTION 116 265 300 2220 4320 4320
4417 CONNECTION 116 209 300 2580 4680 4680
4418 CONNECTION 116 319 300 4380 6480 6480
4419 CONNECTION 207 208 -1 -1 1500 1500
4420 CONNECTION 207 346 -1 -1 2520 2520
4421 CONNECTION 207 318 -1 -1 3300 3300
4422 CONNECTION 207 118 300 2220 4320 4320
4423 CONNECTION 207 88 300 3000 5100 5100
4424 CONNECTION 207 240 300 4020 6120 6120
4425 CONNECTION 207 211 300 4800 6900 6900
4426 CONNECTION 207 349 300 5820 7920 7920
4427 CONNECTION 147 178 -1 -1 2340 2340
4428 CONNECTION 147 117 -1 -1 2280 2280
4429 CONNECTION 147 371 -1 -1 2940 2940
4430 CONNECTION 147 403 -1 -1 2940 2940
4431 CONNECTION 147 58 -1 -1 4140 4140
4432 CONNECTION 147 239 -1 -1 4080 4080
4433 CONNECTION 147 405 -1 -1 4380 4380
4434 CONNECTION 147 180 300 3840 5940 5940
4435 CONNECTION 147 348 300 3780 5880 5880
4436 CONNECTION 147 267 300 4440 6540 6540
4437 CONNECTION 147 60 300 5640 7740 7740
4438 CONNECTION 147 120 300 5580 7680 7680
4439 CONNECTION 147 290 300 5880 7980 7980
4440 CONNECTION 237 238 -1 -1 720 720
4441 CONNECTION 237 57 -1 -1 2040 2040
4442 CONNECTION 237 288 -1 -1 1740 1740
4443 CONNECTION 237 87 -1 -1 2880 2880
4444 CONNECTION 237 347 -1 -1 2520 2520
4445 CONNECTION 237 149 -1 -1 3840 3840
4446 CONNECTION 237 179 -1 -1 3840 3840
4447 CONNECTION 237 266 300 2880 4980 4980
4448 CONNECTION 237 119 300 2220 4320 4320
4449 CONNECTION 237 210 300 2580 4680 4680
4450 CONNECTION 237 28 300 3540 5640 5640
4451 CONNECTION 237 59 300 3540 5640 5640
4452 CONNECTION 237 406 300 3240 5340 5340
4453 CONNECTION 237 241 300 4020 6120 6120
4454 CONNECTION 237 320 300 4380 6480 6480
4455 CONNECTION 237 151 300 5340 7440 7440
4456 CONNECTION 237 181 300 5340 7440 7440
4457 CONNECTION 237 373 300 6480 8580 8580
4458 CONNECTION 237 408 300 6480 8580 8580
4459 SINK 237 3 -1 -1 0 0
4460 CONNECTION 369 370 -1 -1 1740 1740
4461 CONNECTION 369 26 -1 -1 2400 2400
4462 CONNECTION 369 57 -1 -1 2400 2400
4463 CONNECTION 369 288 -1 -1 2100 2100
4464 CONNECTION 369 87 -1 -1 3240 3240
4465 CONNECTION 369 347 -1 -1 2880 2880
4466 CONNECTION 369 149 -1 -1 4200 4200
4467 CONNECTION 369 179 300 2100 4200 4200
4468 CONNECTION 369 266 300 3240 5340 5340
4469 CONNECTION 369 119 300 2580 4680 4680
4470 CONNECTION 369 210 300 2940 5040 5040
4471 CONNECTION 369 28 300 3900 6000 6000
4472 CONNECTION 369 59 300 3900 6000 6000
4473 CONNECTION 369 406 300 3600 5700 5700
4474 CONNECTION 369 241 300 4380 6480 6480
4475 CONNECTION 369 320 300 4740 6840 6840
4476 CONNECTION 369 151 300 5700 7800 7800
4477 CONNECTION 369 181 300 5700 7800 7800
4478 SINK 369 3 -1 -1 0 0
4479 CONNECTION 401 402 -1 -1 1740 1740
4480 CONNECTION 401 26 -1 -1 2400 2400
4481 CONNECTION 401 57 -1 -1 2400 2400
4482 CONNECTION 401 288 -1 -1 2100 2100
4483 CONNECTION 401 87 -1 -1 3240 3240
4484 CONNECTION 401 347 -1 -1 2880 2880
4485 CONNECTION 401 149 -1 -1 4200 4200
4486 CONNECTION 401 179 300 2100 4200 4200
4487 CONNECTION 401 266 300 3240 5340 5340
4488 CONNECTION 401 119 300 2580 4680 4680
4489 CONNECTION 401 210 300 2940 5040 5040
4490 CONNECTION 401 28 300 3900 6000 6000
4491 CONNECTION 401 59 300 3900 6000 6000
4492 CONNECTION 401 406 300 3600 5700 5700
4493 CONNECTION 401 241 300 4380 6480 6480
4494 CONNECTION 401 320 300 4740 6840 6840
4495 CONNECTION 401 151 300 5700 7800 7800
4496 CONNECTION 401 181 300 5700 7800 7800
4497 SINK 401 3 -1 -1 0 0
4498 CONNECTION 177 148 -1 -1 1860 1860
4499 CONNECTION 177 404 -1 -1 2640 2640
4500 CONNECTION 177 27 -1 -1 3660 3660
4501 CONNECTION 177 150 300 3360 5460 5460
4502 CONNECTION 177 289 300 4140 6240 6240
4503 CONNECTION 177 29 300 5160 7260 7260
4504 CONNECTION 25 26 -1 -1 1740 1740
4505 CONNECTION 25 57 -1 -1 1740 1740
4506 CONNECTION 25 288 -1 -1 1440 1440
4507 CONNECTION 25 87 -1 -1 2580 2580
4508 CONNECTION 25 347 -1 -1 2220 2220
4509 CONNECTION 25 149 -1 -1 3540 3540
4510 CONNECTION 25 179 -1 -1 3540 3540
4511 CONNECTION 25 266 300 2580 4680 4680
4512 CONNECTION 25 119 300 1920 4020 4020
4513 CONNECTION 25 210 300 2280 4380 4380
4514 CONNECTION 25 28 300 3240 5340 5340
4515 CONNECTION 25 59 300 3240 5340 5340
4516 CONNECTION 25 406 300 2940 5040 5040
4517 CONNECTION 25 241 300 3720 5820 5820
4518 CONNECTION 25 320 300 4080 6180 6180
4519 CONNECTION 25 151 300 5040 7140 7140
4520 CONNECTION 25 181 300 5040 7140 7140
4521 CONNECTION 25 373 300 6180 8280 8280
4522 CONNECTION 25 408 300 6180 8280 8280
4523 CONNECTION 25 90 300 5880 7980 7980
4524 CONNECTION 25 350 300 5520 7620 7620
4525 SINK 25 3 -1 -1 0 0
4526 CONNECTION 56 57 -1 -1 1260 1260
4527 CONNECTION 56 87 -1 -1 2100 2100
4528 CONNECTION 56 347 -1 -1 1740 1740
4529 CONNECTION 56 149 -1 -1 3060 3060
4530 CONNECTION 56 179 -1 -1 3060 3060
4531 CONNECTION 56 266 -1 -1 4200 4200
4532 CONNECTION 56 119 -1 -1 3540 3540
4533 CONNECTION 56 210 -1 -1 3900 3900
4534 CONNECTION 56 28 300 2760 4860 4860
4535 CONNECTION 56 59 300 2760 4860 4860
4536 CONNECTION 56 406 300 2460 4560 4560
4537 CONNECTION 56 241 300 3240 5340 5340
4538 CONNECTION 56 320 300 3600 5700 5700
4539 CONNECTION 56 151 300 4560 6660 6660
4540 CONNECTION 56 181 300 4560 6660 6660
4541 CONNECTION 56 373 300 5700 7800 7800
4542 CONNECTION 56 408 300 5700 7800 7800
4543 CONNECTION 56 90 300 5400 7500 7500
4544 CONNECTION 56 350 300 5040 7140 7140
4545 CONNECTION 56 30 300 6360 8460 8460
4546 SINK 56 3 -1 -1 0 0
4547 CONNECTION 345 346 -1 -1 1080 1080
4548 CONNECTION 345 118 -1 -1 2880 2880
4549 CONNECTION 345 88 -1 -1 3660 3660
4550 CONNECTION 345 240 300 2580 4680 4680
4551 CONNECTION 345 211 300 3360 5460 5460
4552 CONNECTION 345 349 300 4380 6480 6480
4553 CONNECTION 345 321 300 5160 7260 7260
4554 CONNECTION 208 371 -1 -1 2400 2400
4555 CONNECTION 208 403 -1 -1 2400 2400
4556 CONNECTION 208 58 -1 -1 3600 3600
4557 CONNECTION 208 239 -1 -1 3540 3540
4558 CONNECTION 208 405 -1 -1 3840 3840
4559 CONNECTION 208 180 300 3300 5400 5400
4560 CONNECTION 208 348 300 3240 5340 5340
4561 CONNECTION 208 267 300 3900 6000 6000
4562 CONNECTION 208 60 300 5100 7200 7200
4563 CONNECTION 208 120 300 5040 7140 7140
4564 CONNECTION 208 290 300 5340 7440 7440
4565 CONNECTION 287 288 -1 -1 720 720
4566 CONNECTION 287 87 -1 -1 1860 1860
4567 CONNECTION 287 347 -1 -1 1500 1500
4568 CONNECTION 287 149 -1 -1 2820 2820
4569 CONNECTION 287 179 -1 -1 2820 2820
4570 CONNECTION 287 266 -1 -1 3960 3960
4571 CONNECTION 287 119 -1 -1 3300 3300
4572 CONNECTION 287 210 -1 -1 3660 3660
4573 CONNECTION 287 28 -1 -1 4620 4620
4574 CONNECTION 287 59 300 2520 4620 4620
4575 CONNECTION 287 406 300 2220 4320 4320
4576 CONNECTION 287 241 300 3000 5100 5100
4577 CONNECTION 287 320 300 3360 5460 5460
4578 CONNECTION 287 151 300 4320 6420 6420
4579 CONNECTION 287 181 300 4320 6420 6420
4580 CONNECTION 287 373 300 5460 7560 7560
4581 CONNECTION 287 408 300 5460 7560 7560
4582 CONNECTION 287 90 300 5160 7260 7260
4583 CONNECTION 287 350 300 4800 6900 6900
4584 CONNECTION 287 30 300 6120 8220 8220
4585 SINK 287 3 -1 -1 0 0
4586 CONNECTION 316 317 -1 -1 1080 1080
4587 CONNECTION 316 57 -1 -1 2040 2040
4588 CONNECTION 316 288 -1 -1 1740 1740
4589 CONNECTION 316 87 -1 -1 2880 2880
4590 CONNECTION 316 347 -1 -1 2520 2520
4591 CONNECTION 316 149 -1 -1 3840 3840
4592 CONNECTION 316 179 -1 -1 3840 3840
4593 CONNECTION 316 266 300 2880 4980 4980
4594 CONNECTION 316 119 300 2220 4320 4320
4595 CONNECTION 316 210 300 2580 4680 4680
4596 CONNECTION 316 28 300 3540 5640 5640
4597 CONNECTION 316 59 300 3540 5640 5640
4598 CONNECTION 316 406 300 3240 5340 5340
4599 CONNECTION 316 241 300 4020 6120 6120
4600 CONNECTION 316 320 300 4380 6480 6480
4601 CONNECTION 316 151 300 5340 7440 7440
4602 CONNECTION 316 181 300 5340 7440 7440
4603 CONNECTION 316 373 300 6480 8580 8580
4604 CONNECTION 316 408 300 6480 8580 8580
4605 SINK 316 3 -1 -1 0 0
4606 CONNECTION 370 371 -1 -1 1800 1800
4607 CONNECTION 370 58 -1 -1 3000 3000
4608 CONNECTION 370 239 -1 -1 2940 2940
4609 CONNECTION 370 405 -1 -1 3240 3240
4610 CONNECTION 370 180 300 2700 4800 4800
4611 CONNECTION 370 348 300 2640 4740 4740
4612 CONNECTION 370 267 300 3300 5400 5400
4613 CONNECTION 370 60 300 4500 6600 6600
4614 CONNECTION 370 120 300 4440 6540 6540
4615 CONNECTION 370 290 300 4740 6840 6840
4616 CONNECTION 370 182 300 6300 8400 8400
4617 CONNECTION 370 242 300 6240 8340 8340
4618 CONNECTION 402 403 -1 -1 1800 1800
4619 CONNECTION 402 58 -1 -1 3000 3000
4620 CONNECTION 402 239 -1 -1 2940 2940
4621 CONNECTION 402 405 -1 -1 3240 3240
4622 CONNECTION 402 180 300 2700 4800 4800
4623 CONNECTION 402 348 300 2640 4740 4740
4624 CONNECTION 402 267 300 3300 5400 5400
4625 CONNECTION 402 60 300 4500 6600 6600
4626 CONNECTION 402 120 300 4440 6540 6540
4627 CONNECTION 402 290 300 4740 6840 6840
4628 CONNECTION 402 182 300 6300 8400 8400
4629 CONNECTION 402 242 300 6240 8340 8340
4630 CONNECTION 238 265 -1 -1 2520 2520
4631 CONNECTION 238 209 -1 -1 2880 2880
4632 CONNECTION 238 319 300 2580 4680 4680
4633 CONNECTION 238 372 300 4020 6120 6120
4634 CONNECTION 238 407 300 4020 6120 6120
4635 CONNECTION 238 89 300 4380 6480 6480
4636 CONNECTION 317 318 -1 -1 1500 1500
4637 CONNECTION 317 118 -1 -1 2520 2520
4638 CONNECTION 317 88 -1 -1 3300 3300
4639 CONNECTION 317 240 300 2220 4320 4320
4640 CONNECTION 317 211 300 3000 5100 5100
4641 CONNECTION 317 349 300 4020 6120 6120
4642 CONNECTION 317 321 300 4800 6900 6900
4643 CONNECTION 317 121 300 5820 7920 7920
4644 CONNECTION 26 58 -1 -1 2340 2340
4645 CONNECTION 26 239 -1 -1 2280 2280
4646 CONNECTION 26 405 -1 -1 2580 2580
4647 CONNECTION 26 180 -1 -1 4140 4140
4648 CONNECTION 26 348 -1 -1 4080 4080
4649 CONNECTION 26 267 300 2640 4740 4740
4650 CONNECTION 26 60 300 3840 5940 5940
4651 CONNECTION 26 120 300 3780 5880 5880
4652 CONNECTION 26 290 300 4080 6180 6180
4653 CONNECTION 26 182 300 5640 7740 7740
4654 CONNECTION 26 242 300 5580 7680 7680
4655 CONNECTION 346 347 -1 -1 720 720
4656 CONNECTION 346 179 -1 -1 2040 2040
4657 CONNECTION 346 266 -1 -1 3180 3180
4658 CONNECTION 346 119 -1 -1 2520 2520
4659 CONNECTION 346 210 -1 -1 2880 2880
4660 CONNECTION 346 28 -1 -1 3840 3840
4661 CONNECTION 346 59 -1 -1 3840 3840
4662 CONNECTION 346 406 -1 -1 3540 3540
4663 CONNECTION 346 241 300 2220 4320 4320
4664 CONNECTION 346 320 300 2580 4680 4680
4665 CONNECTION 346 151 300 3540 5640 5640
4666 CONNECTION 346 181 300 3540 5640 5640
4667 CONNECTION 346 373 300 4680 6780 6780
4668 CONNECTION 346 408 300 4680 6780 6780
4669 CONNECTION 346 90 300 4380 6480 6480
4670 CONNECTION 346 350 300 4020 6120 6120
4671 CONNECTION 346 30 300 5340 7440 7440
4672 CONNECTION 346 291 300 5040 7140 7140
4673 SINK 346 3 -1 -1 0 0
4674 CONNECTION 57 27 -1 -1 1860 1860
4675 CONNECTION 57 150 -1 -1 3660 3660
4676 CONNECTION 57 289 -1 -1 4440 4440
4677 CONNECTION 57 29 300 3360 5460 5460
4678 CONNECTION 57 152 300 5160 7260 7260
4679 CONNECTION 57 409 300 5940 8040 8040
4680 CONNECTION 148 149 -1 -1 1740 1740
4681 CONNECTION 148 179 -1 -1 1740 1740
4682 CONNECTION 148 266 -1 -1 2880 2880
4683 CONNECTION 148 119 -1 -1 2220 2220
4684 CONNECTION 148 210 -1 -1 2580 2580
4685 CONNECTION 148 28 -1 -1 3540 3540
4686 CONNECTION 148 59 -1 -1 3540 3540
4687 CONNECTION 148 406 -1 -1 3240 3240
4688 CONNECTION 148 241 300 1920 4020 4020
4689 CONNECTION 148 320 300 2280 4380 4380
4690 CONNECTION 148 151 300 3240 5340 5340
4691 CONNECTION 148 181 300 3240 5340 5340
4692 CONNECTION 148 373 300 4380 6480 6480
4693 CONNECTION 148 408 300 4380 6480 6480
4694 CONNECTION 148 90 300 4080 6180 6180
4695 CONNECTION 148 350 300 3720 5820 5820
4696 CONNECTION 148 30 300 5040 7140 7140
4697 CONNECTION 148 291 300 4740 6840 6840
4698 CONNECTION 148 122 300 5520 7620 7620
4699 SINK 148 3 -1 -1 0 0
4700 CONNECTION 178 179 -1 -1 1260 1260
4701 CONNECTION 178 266 -1 -1 2400 2400
4702 CONNECTION 178 119 -1 -1 1740 1740
4703 CONNECTION 178 210 -1 -1 2100 2100
4704 CONNECTION 178 28 -1 -1 3060 3060
4705 CONNECTION 178 59 -1 -1 3060 3060
4706 CONNECTION 178 406 -1 -1 2760 2760
4707 CONNECTION 178 241 -1 -1 3540 3540
4708 CONNECTION 178 320 -1 -1 3900 3900
4709 CONNECTION 178 151 300 2760 4860 4860
4710 CONNECTION 178 181 300 2760 4860 4860
4711 CONNECTION 178 373 300 3900 6000 6000
4712 CONNECTION 178 408 300 3900 6000 6000
4713 CONNECTION 178 90 300 3600 5700 5700
4714 CONNECTION 178 350 300 3240 5340 5340
4715 CONNECTION 178 30 300 4560 6660 6660
4716 CONNECTION 178 291 300 4260 6360 6360
4717 CONNECTION 178 122 300 5040 7140 7140
4718 SINK 178 3 -1 -1 0 0
4719 CONNECTION 117 118 -1 -1 1080 1080
4720 CONNECTION 117 240 -1 -1 2880 2880
4721 CONNECTION 117 211 -1 -1 3660 3660
4722 CONNECTION 117 349 300 2580 4680 4680
4723 CONNECTION 117 321 300 3360 5460 5460
4724 CONNECTION 117 121 300 4380 6480 6480
4725 CONNECTION 288 265 -1 -1 1500 1500
4726 CONNECTION 288 209 -1 -1 1860 1860
4727 CONNECTION 288 319 300 1560 3660 3660
4728 CONNECTION 288 372 300 3000 5100 5100
4729 CONNECTION 288 407 300 3000 5100 5100
4730 CONNECTION 288 89 300 3360 5460 5460
4731 CONNECTION 288 212 300 5160 7260 7260
4732 CONNECTION 86 87 -1 -1 1080 1080
4733 CONNECTION 86 179 -1 -1 2040 2040
4734 CONNECTION 86 266 -1 -1 3180 3180
4735 CONNECTION 86 119 -1 -1 2520 2520
4736 CONNECTION 86 210 -1 -1 2880 2880
4737 CONNECTION 86 28 -1 -1 3840 3840
4738 CONNECTION 86 59 -1 -1 3840 3840
4739 CONNECTION 86 406 -1 -1 3540 3540
4740 CONNECTION 86 241 300 2220 4320 4320
4741 CONNECTION 86 320 300 2580 4680 4680
4742 CONNECTION 86 151 300 3540 5640 5640
4743 CONNECTION 86 181 300 3540 5640 5640
4744 CONNECTION 86 373 300 4680 6780 6780
4745 CONNECTION 86 408 300 4680 6780 6780
4746 CONNECTION 86 90 300 4380 6480 6480
4747 CONNECTION 86 350 300 4020 6120 6120
4748 CONNECTION 86 30 300 5340 7440 7440
4749 CONNECTION 86 291 300 5040 7140 7140
4750 SINK 86 3 -1 -1 0 0
4751 CONNECTION 318 180 -1 -1 3600 3600
4752 CONNECTION 318 348 -1 -1 3540 3540
4753 CONNECTION 318 267 -1 -1 4200 4200
4754 CONNECTION 318 60 300 3300 5400 5400
4755 CONNECTION 318 120 300 3240 5340 5340
4756 CONNECTION 318 290 300 3540 5640 5640
4757 CONNECTION 318 182 300 5100 7200 7200
4758 CONNECTION 318 242 300 5040 7140 7140
4759 CONNECTION 404 405 -1 -1 1740 1740
4760 CONNECTION 404 180 -1 -1 3300 3300
4761 CONNECTION 404 348 -1 -1 3240 3240
4762 CONNECTION 404 267 -1 -1 3900 3900
4763 CONNECTION 404 60 300 3000 5100 5100
4764 CONNECTION 404 120 300 2940 5040 5040
4765 CONNECTION 404 290 300 3240 5340 5340
4766 CONNECTION 404 182 300 4800 6900 6900
4767 CONNECTION 404 242 300 4740 6840 6840
4768 CONNECTION 371 150 -1 -1 2520 2520
4769 CONNECTION 371 289 -1 -1 3300 3300
4770 CONNECTION 371 29 300 2220 4320 4320
4771 CONNECTION 371 152 300 4020 6120 6120
4772 CONNECTION 371 409 300 4800 6900 6900
4773 CONNECTION 403 150 -1 -1 2520 2520
4774 CONNECTION 403 289 -1 -1 3300 3300
4775 CONNECTION 403 29 300 2220 4320 4320
4776 CONNECTION 403 152 300 4020 6120 6120
4777 CONNECTION 403 409 300 4800 6900 6900
4778 CONNECTION 87 88 -1 -1 1500 1500
4779 CONNECTION 87 240 -1 -1 2520 2520
4780 CONNECTION 87 211 -1 -1 3300 3300
4781 CONNECTION 87 349 300 2220 4320 4320
4782 CONNECTION 87 321 300 3000 5100 5100
4783 CONNECTION 87 121 300 4020 6120 6120
4784 CONNECTION 87 243 300 5820 7920 7920
4785 CONNECTION 347 319 -1 -1 2880 2880
4786 CONNECTION 347 372 300 2220 4320 4320
4787 CONNECTION 347 407 300 2220 4320 4320
4788 CONNECTION 347 89 300 2580 4680 4680
4789 CONNECTION 347 212 300 4380 6480 6480
4790 CONNECTION 149 180 -1 -1 2340 2340
4791 CONNECTION 149 348 -1 -1 2280 2280
4792 CONNECTION 149 267 -1 -1 2940 2940
4793 CONNECTION 149 60 -1 -1 4140 4140
4794 CONNECTION 149 120 -1 -1 4080 4080
4795 CONNECTION 149 290 -1 -1 4380 4380
4796 CONNECTION 149 182 300 3840 5940 5940
4797 CONNECTION 149 242 300 3780 5880 5880
4798 CONNECTION 149 410 300 5880 7980 7980
4799 CONNECTION 118 119 -1 -1 720 720
4800 CONNECTION 118 59 -1 -1 2040 2040
4801 CONNECTION 118 406 -1 -1 1740 1740
4802 CONNECTION 118 241 -1 -1 2520 2520
4803 CONNECTION 118 320 -1 -1 2880 2880
4804 CONNECTION 118 151 -1 -1 3840 3840
4805 CONNECTION 118 181 -1 -1 3840 3840
4806 CONNECTION 118 373 300 2880 4980 4980
4807 CONNECTION 118 408 300 2880 4980 4980
4808 CONNECTION 118 90 300 2580 4680 4680
4809 CONNECTION 118 350 300 2220 4320 4320
4810 CONNECTION 118 30 300 3540 5640 5640
4811 CONNECTION 118 291 300 3240 5340 5340
4812 CONNECTION 118 122 300 4020 6120 6120
4813 SINK 118 3 -1 -1 0 0
4814 CONNECTION 265 266 -1 -1 1740 1740
4815 CONNECTION 265 28 -1 -1 2400 2400
4816 CONNECTION 265 59 -1 -1 2400 2400
4817 CONNECTION 265 406 -1 -1 2100 2100
4818 CONNECTION 265 241 -1 -1 2880 2880
4819 CONNECTION 265 320 -1 -1 3240 3240
4820 CONNECTION 265 151 -1 -1 4200 4200
4821 CONNECTION 265 181 300 2100 4200 4200
4822 CONNECTION 265 373 300 3240 5340 5340
4823 CONNECTION 265 408 300 3240 5340 5340
4824 CONNECTION 265 90 300 2940 5040 5040
4825 CONNECTION 265 350 300 2580 4680 4680
4826 CONNECTION 265 30 300 3900 6000 6000
4827 CONNECTION 265 291 300 3600 5700 5700
4828 CONNECTION 265 122 300 4380 6480 6480
4829 SINK 265 3 -1 -1 0 0
4830 CONNECTION 179 150 -1 -1 1860 1860
4831 CONNECTION 179 289 -1 -1 2640 2640
4832 CONNECTION 179 29 -1 -1 3660 3660
4833 CONNECTION 179 152 300 3360 5460 5460
4834 CONNECTION 179 409 300 4140 6240 6240
4835 CONNECTION 27 28 -1 -1 1740 1740
4836 CONNECTION 27 59 -1 -1 1740 1740
4837 CONNECTION 27 406 -1 -1 1440 1440
4838 CONNECTION 27 241 -1 -1 2220 2220
4839 CONNECTION 27 320 -1 -1 2580 2580
4840 CONNECTION 27 151 -1 -1 3540 3540
4841 CONNECTION 27 181 -1 -1 3540 3540
4842 CONNECTION 27 373 300 2580 4680 4680
4843 CONNECTION 27 408 300 2580 4680 4680
4844 CONNECTION 27 90 300 2280 4380 4380
4845 CONNECTION 27 350 300 1920 4020 4020
4846 CONNECTION 27 30 300 3240 5340 5340
4847 CONNECTION 27 291 300 2940 5040 5040
4848 CONNECTION 27 122 300 3720 5820 5820
4849 CONNECTION 27 244 300 5520 7620 7620
4850 SINK 27 3 -1 -1 0 0
4851 CONNECTION 58 59 -1 -1 1260 1260
4852 CONNECTION 58 241 -1 -1 1740 1740
4853 CONNECTION 58 320 -1 -1 2100 2100
4854 CONNECTION 58 151 -1 -1 3060 3060
4855 CONNECTION 58 181 -1 -1 3060 3060
4856 CONNECTION 58 373 -1 -1 4200 4200
4857 CONNECTION 58 408 -1 -1 4200 4200
4858 CONNECTION 58 90 -1 -1 3900 3900
4859 CONNECTION 58 350 -1 -1 3540 3540
4860 CONNECTION 58 30 300 2760 4860 4860
4861 CONNECTION 58 291 300 2460 4560 4560
4862 CONNECTION 58 122 300 3240 5340 5340
4863 CONNECTION 58 244 300 5040 7140 7140
4864 SINK 58 3 -1 -1 0 0
4865 CONNECTION 239 240 -1 -1 1080 1080
4866 CONNECTION 239 349 -1 -1 2880 2880
4867 CONNECTION 239 321 -1 -1 3660 3660
4868 CONNECTION 239 121 300 2580 4680 4680
4869 CONNECTION 239 243 300 4380 6480 6480
4870 CONNECTION 88 267 -1 -1 2400 2400
4871 CONNECTION 88 60 -1 -1 3600 3600
4872 CONNECTION 88 120 -1 -1 3540 3540
4873 CONNECTION 88 290 -1 -1 3840 3840
4874 CONNECTION 88 182 300 3300 5400 5400
4875 CONNECTION 88 242 300 3240 5340 5340
4876 CONNECTION 88 410 300 5340 7440 7440
4877 CONNECTION 209 210 -1 -1 1080 1080
4878 CONNECTION 209 59 -1 -1 2040 2040
4879 CONNECTION 209 406 -1 -1 1740 1740
4880 CONNECTION 209 241 -1 -1 2520 2520
4881 CONNECTION 209 320 -1 -1 2880 2880
4882 CONNECTION 209 151 -1 -1 3840 3840
4883 CONNECTION 209 181 -1 -1 3840 3840
4884 CONNECTION 209 373 300 2880 4980 4980
4885 CONNECTION 209 408 300 2880 4980 4980
4886 CONNECTION 209 90 300 2580 4680 4680
4887 CONNECTION 209 350 300 2220 4320 4320
4888 CONNECTION 209 30 300 3540 5640 5640
4889 CONNECTION 209 291 300 3240 5340 5340
4890 CONNECTION 209 122 300 4020 6120 6120
4891 SINK 209 3 -1 -1 0 0
4892 CONNECTION 405 406 -1 -1 720 720
4893 CONNECTION 405 241 -1 -1 1500 1500
4894 CONNECTION 405 320 -1 -1 1860 1860
4895 CONNECTION 405 151 -1 -1 2820 2820
4896 CONNECTION 405 181 -1 -1 2820 2820
4897 CONNECTION 405 373 -1 -1 3960 3960
4898 CONNECTION 405 408 -1 -1 3960 3960
4899 CONNECTION 405 90 -1 -1 3660 3660
4900 CONNECTION 405 350 -1 -1 3300 3300
4901 CONNECTION 405 30 -1 -1 4620 4620
4902 CONNECTION 405 291 300 2220 4320 4320
4903 CONNECTION 405 122 300 3000 5100 5100
4904 CONNECTION 405 244 300 4800 6900 6900
4905 SINK 405 3 -1 -1 0 0
4906 CONNECTION 266 267 -1 -1 1800 1800
4907 CONNECTION 266 60 -1 -1 3000 3000
4908 CONNECTION 266 120 -1 -1 2940 2940
4909 CONNECTION 266 290 -1 -1 3240 3240
4910 CONNECTION 266 182 300 2700 4800 4800
4911 CONNECTION 266 242 300 2640 4740 4740
4912 CONNECTION 266 410 300 4740 6840 6840
4913 CONNECTION 119 372 -1 -1 2520 2520
4914 CONNECTION 119 407 -1 -1 2520 2520
4915 CONNECTION 119 89 -1 -1 2880 2880
4916 CONNECTION 119 212 300 2580 4680 4680
4917 CONNECTION 119 268 300 4020 6120 6120
4918 CONNECTION 210 211 -1 -1 1500 1500
4919 CONNECTION 210 349 -1 -1 2520 2520
4920 CONNECTION 210 321 -1 -1 3300 3300
4921 CONNECTION 210 121 300 2220 4320 4320
4922 CONNECTION 210 243 300 4020 6120 6120
4923 CONNECTION 28 60 -1 -1 2340 2340
4924 CONNECTION 28 120 -1 -1 2280 2280
4925 CONNECTION 28 290 -1 -1 2580 2580
4926 CONNECTION 28 182 -1 -1 4140 4140
4927 CONNECTION 28 242 -1 -1 4080 4080
4928 CONNECTION 28 410 300 4080 6180 6180
4929 CONNECTION 240 241 -1 -1 720 720
4930 CONNECTION 240 181 -1 -1 2040 2040
4931 CONNECTION 240 373 -1 -1 3180 3180
4932 CONNECTION 240 408 -1 -1 3180 3180
4933 CONNECTION 240 90 -1 -1 2880 2880
4934 CONNECTION 240 350 -1 -1 2520 2520
4935 CONNECTION 240 30 -1 -1 3840 3840
4936 CONNECTION 240 291 -1 -1 3540 3540
4937 CONNECTION 240 122 300 2220 4320 4320
4938 CONNECTION 240 244 300 4020 6120 6120
4939 CONNECTION 240 411 300 5040 7140 7140
4940 SINK 240 3 -1 -1 0 0
4941 CONNECTION 59 29 -1 -1 1860 1860
4942 CONNECTION 59 152 -1 -1 3660 3660
4943 CONNECTION 59 409 -1 -1 4440 4440
4944 CONNECTION 150 151 -1 -1 1740 1740
4945 CONNECTION 150 181 -1 -1 1740 1740
4946 CONNECTION 150 373 -1 -1 2880 2880
4947 CONNECTION 150 408 -1 -1 2880 2880
4948 CONNECTION 150 90 -1 -1 2580 2580
4949 CONNECTION 150 350 -1 -1 2220 2220
4950 CONNECTION 150 30 -1 -1 3540 3540
4951 CONNECTION 150 291 -1 -1 3240 3240
4952 CONNECTION 150 122 300 1920 4020 4020
4953 CONNECTION 150 244 300 3720 5820 5820
4954 CONNECTION 150 411 300 4740 6840 6840
4955 SINK 150 3 -1 -1 0 0
4956 CONNECTION 180 181 -1 -1 1260 1260
4957 CONNECTION 180 373 -1 -1 2400 2400
4958 CONNECTION 180 408 -1 -1 2400 2400
4959 CONNECTION 180 90 -1 -1 2100 2100
4960 CONNECTION 180 350 -1 -1 1740 1740
4961 CONNECTION 180 30 -1 -1 3060 3060
4962 CONNECTION 180 291 -1 -1 2760 2760
4963 CONNECTION 180 122 -1 -1 3540 3540
4964 CONNECTION 180 244 300 3240 5340 5340
4965 CONNECTION 180 411 300 4260 6360 6360
4966 SINK 180 3 -1 -1 0 0
4967 CONNECTION 348 349 -1 -1 1080 1080
4968 CONNECTION 348 121 -1 -1 2880 2880
4969 CONNECTION 348 243 300 2580 4680 4680
4970 CONNECTION 406 372 -1 -1 1500 1500
4971 CONNECTION 406 407 -1 -1 1500 1500
4972 CONNECTION 406 89 -1 -1 1860 1860
4973 CONNECTION 406 212 300 1560 3660 3660
4974 CONNECTION 406 268 300 3000 5100 5100
4975 CONNECTION 211 182 -1 -1 3600 3600
4976 CONNECTION 211 242 -1 -1 3540 3540
4977 CONNECTION 211 410 300 3540 5640 5640
4978 CONNECTION 289 290 -1 -1 1740 1740
4979 CONNECTION 289 182 -1 -1 3300 3300
4980 CONNECTION 289 242 -1 -1 3240 3240
4981 CONNECTION 289 410 300 3240 5340 5340
4982 CONNECTION 319 320 -1 -1 1080 1080
4983 CONNECTION 319 181 -1 -1 2040 2040
4984 CONNECTION 319 373 -1 -1 3180 3180
4985 CONNECTION 319 408 -1 -1 3180 3180
4986 CONNECTION 319 90 -1 -1 2880 2880
4987 CONNECTION 319 350 -1 -1 2520 2520
4988 CONNECTION 319 30 -1 -1 3840 3840
4989 CONNECTION 319 291 -1 -1 3540 3540
4990 CONNECTION 319 122 300 2220 4320 4320
4991 CONNECTION 319 244 300 4020 6120 6120
4992 CONNECTION 319 411 300 5040 7140 7140
4993 SINK 319 3 -1 -1 0 0
4994 CONNECTION 267 152 -1 -1 2520 2520
4995 CONNECTION 267 409 -1 -1 3300 3300
4996 CONNECTION 241 212 -1 -1 2880 2880
4997 CONNECTION 241 268 300 2220 4320 4320
4998 CONNECTION 320 321 -1 -1 1500 1500
4999 CONNECTION 320 121 -1 -1 2520 2520
5000 CONNECTION 320 243 300 2220 4320 4320
5001 CONNECTION 151 182 -1 -1 2340 2340
5002 CONNECTION 151 242 -1 -1 2280 2280
5003 CONNECTION 151 410 -1 -1 4380 4380
5004 CONNECTION 349 350 -1 -1 720 720
5005 CONNECTION 349 291 -1 -1 1740 1740
5006 CONNECTION 349 122 -1 -1 2520 2520
5007 CONNECTION 349 244 300 2220 4320 4320
5008 CONNECTION 349 411 300 3240 5340 5340
5009 SINK 349 3 -1 -1 0 0
5010 CONNECTION 372 373 -1 -1 1740 1740
5011 CONNECTION 372 30 -1 -1 2400 2400
5012 CONNECTION 372 291 -1 -1 2100 2100
5013 CONNECTION 372 122 -1 -1 2880 2880
5014 CONNECTION 372 244 300 2580 4680 4680
5015 CONNECTION 372 411 300 3600 5700 5700
5016 SINK 372 3 -1 -1 0 0
5017 CONNECTION 407 408 -1 -1 1740 1740
5018 CONNECTION 407 30 -1 -1 2400 2400
5019 CONNECTION 407 291 -1 -1 2100 2100
5020 CONNECTION 407 122 -1 -1 2880 2880
5021 CONNECTION 407 244 300 2580 4680 4680
5022 CONNECTION 407 411 300 3600 5700 5700
5023 SINK 407 3 -1 -1 0 0
5024 CONNECTION 181 152 -1 -1 1860 1860
5025 CONNECTION 181 409 -1 -1 2640 2640
5026 CONNECTION 29 30 -1 -1 1740 1740
5027 CONNECTION 29 291 -1 -1 1440 1440
5028 CONNECTION 29 122 -1 -1 2220 2220
5029 CONNECTION 29 244 300 1920 4020 4020
5030 CONNECTION 29 411 300 2940 5040 5040
5031 SINK 29 3 -1 -1 0 0
5032 CONNECTION 60 122 -1 -1 1740 1740
5033 CONNECTION 60 244 -1 -1 3540 3540
5034 CONNECTION 60 411 300 2460 4560 4560
5035 SINK 60 3 -1 -1 0 0
5036 CONNECTION 120 121 -1 -1 1080 1080
5037 CONNECTION 120 243 -1 -1 2880 2880
5038 CONNECTION 89 90 -1 -1 1080 1080
5039 CONNECTION 89 291 -1 -1 1740 1740
5040 CONNECTION 89 122 -1 -1 2520 2520
5041 CONNECTION 89 244 300 2220 4320 4320
5042 CONNECTION 89 411 300 3240 5340 5340
5043 SINK 89 3 -1 -1 0 0
5044 CONNECTION 290 291 -1 -1 720 720
5045 CONNECTION 290 122 -1 -1 1500 1500
5046 CONNECTION 290 244 -1 -1 3300 3300
5047 CONNECTION 290 411 300 2220 4320 4320
5048 SINK 290 3 -1 -1 0 0
5049 CONNECTION 321 410 -1 -1 3840 3840
5050 CONNECTION 373 410 -1 -1 3240 3240
5051 CONNECTION 408 410 -1 -1 3240 3240
5052 CONNECTION 90 243 -1 -1 2520 2520
5053 CONNECTION 350 268 -1 -1 2520 2520
5054 CONNECTION 350 412 300 4020 6120 6120
5055 CONNECTION 30 410 -1 -1 2580 2580
5056 CONNECTION 121 122 -1 -1 720 720
5057 CONNECTION 121 244 -1 -1 2520 2520
5058 CONNECTION 121 411 -1 -1 3540 3540
5059 SINK 121 3 -1 -1 0 0
5060 CONNECTION 152 244 -1 -1 2220 2220
5061 CONNECTION 152 411 -1 -1 3240 3240
5062 SINK 152 3 -1 -1 0 0
5063 CONNECTION 182 244 -1 -1 1740 1740
5064 CONNECTION 182 411 -1 -1 2760 2760
5065 SINK 182 3 -1 -1 0 0
5066 CONNECTION 242 243 -1 -1 1080 1080
5067 CONNECTION 291 268 -1 -1 1500 1500
5068 CONNECTION 291 412 300 3000 5100 5100
5069 CONNECTION 212 244 -1 -1 2520 2520
5070 CONNECTION 212 411 -1 -1 3540 3540
5071 SINK 212 3 -1 -1 0 0
5072 CONNECTION 409 410 -1 -1 1740 1740
5073 CONNECTION 122 412 300 2220 4320 4320
5074 CONNECTION 243 244 -1 -1 720 720
5075 CONNECTION 243 411 -1 -1 1740 1740
5076 SINK 243 3 -1 -1 0 0
5077 CONNECTION 268 411 -1 -1 2100 2100
5078 SINK 268 3 -1 -1 0 0
5079 CONNECTION 410 411 -1 -1 720 720
5080 SINK 410 3 -1 -1 0 0
5081 CONNECTION 244 412 -1 -1 2520 2520
5082 CONNECTION 411 412 -1 -1 1500 1500
5083 SINK 412 3 -1 -1 0 0
