0 SOURCE 7 63 -1 -1 1440 30240
1 SOURCE 7 252 -1 -1 1440 30240
2 SOURCE 7 280 -1 -1 3360 32160
3 SOURCE 7 43 -1 -1 1440 30240
4 SOURCE 7 91 -1 -1 1080 29880
5 SOURCE 7 494 -1 -1 1440 30240
6 SOURCE 7 19 -1 -1 1980 30780
7 SOURCE 7 198 -1 -1 1980 30780
8 SOURCE 7 182 -1 -1 3360 32160
9 SOURCE 7 381 -1 -1 3180 31980
10 SOURCE 7 296 -1 -1 1080 29880
11 SOURCE 7 667 -1 -1 1440 30240
12 SOURCE 7 214 -1 -1 1980 30780
13 SOURCE 7 691 -1 -1 3360 32160
14 SOURCE 7 238 -1 -1 1080 29880
15 SOURCE 7 474 -1 -1 1440 30240
16 SOURCE 7 522 -1 -1 1080 29880
17 SOURCE 7 852 -1 -1 1440 30240
18 SOURCE 7 453 -1 -1 1980 30780
19 SOURCE 7 618 -1 -1 1980 30780
20 SOURCE 7 605 -1 -1 3360 32160
21 SOURCE 7 157 -1 -1 1080 29880
22 SOURCE 7 752 -1 -1 3180 31980
23 SOURCE 7 706 -1 -1 1080 29880
24 SOURCE 7 988 -1 -1 1440 30240
25 SOURCE 7 633 -1 -1 1980 30780
26 SOURCE 7 1012 -1 -1 3360 32160
27 SOURCE 7 405 -1 -1 1080 29880
28 SOURCE 7 654 -1 -1 1080 29880
29 SOURCE 7 834 -1 -1 1440 30240
30 SOURCE 7 877 -1 -1 1080 29880
31 SOURCE 7 159 -1 -1 1440 30240
32 SOURCE 7 814 -1 -1 1980 30780
33 SOURCE 7 939 -1 -1 1980 30780
34 SOURCE 7 925 -1 -1 3360 32160
35 SOURCE 7 584 -1 -1 1080 29880
36 SOURCE 7 47 -1 -1 3180 31980
37 SOURCE 7 1026 -1 -1 1080 29880
38 SOURCE 7 407 -1 -1 1440 30240
39 SOURCE 7 240 -1 -1 3360 32160
40 SOURCE 7 954 -1 -1 1980 30780
41 SOURCE 7 773 -1 -1 1080 29880
42 SOURCE 7 385 -1 -1 1440 30240
43 SOURCE 7 975 -1 -1 1080 29880
44 SOURCE 7 23 -1 -1 1080 29880
45 SOURCE 7 586 -1 -1 1440 30240
46 SOURCE 7 97 -1 -1 1980 30780
47 SOURCE 7 184 -1 -1 1980 30780
48 SOURCE 7 202 -1 -1 3360 32160
49 SOURCE 7 902 -1 -1 1080 29880
50 SOURCE 7 478 -1 -1 3180 31980
51 SOURCE 7 218 -1 -1 1080 29880
52 SOURCE 7 775 -1 -1 1440 30240
53 SOURCE 7 302 -1 -1 1980 30780
54 SOURCE 7 656 -1 -1 3360 32160
55 SOURCE 7 71 -1 -1 1080 29880
56 SOURCE 7 284 -1 -1 1080 29880
57 SOURCE 7 756 -1 -1 1440 30240
58 SOURCE 7 457 -1 -1 1080 29880
59 SOURCE 7 904 -1 -1 1440 30240
60 SOURCE 7 528 -1 -1 1980 30780
61 SOURCE 7 607 -1 -1 1980 30780
62 SOURCE 7 622 -1 -1 3360 32160
63 SOURCE 7 260 -1 -1 1080 29880
64 SOURCE 7 838 -1 -1 3180 31980
65 SOURCE 7 637 -1 -1 1080 29880
66 SOURCE 7 1065 -1 -1 1440 30240
67 SOURCE 7 712 -1 -1 1980 30780
68 SOURCE 7 977 -1 -1 3360 32160
69 SOURCE 7 502 -1 -1 1080 29880
70 SOURCE 7 695 -1 -1 1080 29880
71 SOURCE 7 1058 -1 -1 1440 30240
72 SOURCE 7 818 -1 -1 1080 29880
73 SOURCE 7 164 -1 -1 1440 30240
74 SOURCE 7 883 -1 -1 1980 30780
75 SOURCE 7 927 -1 -1 1980 30780
76 SOURCE 7 943 -1 -1 3360 32160
77 SOURCE 7 675 -1 -1 1080 29880
78 SOURCE 7 51 -1 -1 3180 31980
79 SOURCE 7 958 -1 -1 1080 29880
80 SOURCE 7 412 -1 -1 1440 30240
81 SOURCE 7 243 -1 -1 3360 32160
82 SOURCE 7 1032 -1 -1 1980 30780
83 SOURCE 7 860 -1 -1 1080 29880
84 SOURCE 7 389 -1 -1 1440 30240
85 SOURCE 7 1016 -1 -1 1080 29880
86 SOURCE 7 28 -1 -1 1080 29880
87 SOURCE 7 591 -1 -1 1440 30240
88 SOURCE 7 102 -1 -1 1980 30780
89 SOURCE 7 187 -1 -1 1980 30780
90 SOURCE 7 205 -1 -1 3360 32160
91 SOURCE 7 996 -1 -1 1080 29880
92 SOURCE 7 482 -1 -1 3180 31980
93 SOURCE 7 223 -1 -1 1080 29880
94 SOURCE 7 780 -1 -1 1440 30240
95 SOURCE 7 307 -1 -1 1980 30780
96 SOURCE 7 659 -1 -1 3360 32160
97 SOURCE 7 76 -1 -1 1080 29880
98 SOURCE 7 287 -1 -1 1080 29880
99 SOURCE 7 760 -1 -1 1440 30240
100 SOURCE 7 462 -1 -1 1080 29880
101 SOURCE 7 909 -1 -1 1440 30240
102 SOURCE 7 533 -1 -1 1980 30780
103 SOURCE 7 610 -1 -1 1980 30780
104 SOURCE 7 625 -1 -1 3360 32160
105 SOURCE 7 265 -1 -1 1080 29880
106 SOURCE 7 842 -1 -1 3180 31980
107 SOURCE 7 1062 -1 -1 3180 31980
108 SOURCE 7 642 -1 -1 1080 29880
109 SOURCE 7 1091 -1 -1 1440 30240
110 SOURCE 7 717 -1 -1 1980 30780
111 SOURCE 7 980 -1 -1 3360 32160
112 SOURCE 7 507 -1 -1 1080 29880
113 SOURCE 7 698 -1 -1 1080 29880
114 SOURCE 7 1084 -1 -1 1440 30240
115 SOURCE 7 823 -1 -1 1080 29880
116 SOURCE 7 169 -1 -1 1440 30240
117 SOURCE 7 888 -1 -1 1980 30780
118 SOURCE 7 930 -1 -1 1980 30780
119 SOURCE 7 946 -1 -1 3360 32160
120 SOURCE 7 680 -1 -1 1080 29880
121 SOURCE 7 55 -1 -1 3180 31980
122 SOURCE 7 963 -1 -1 1080 29880
123 SOURCE 7 417 -1 -1 1440 30240
124 SOURCE 7 246 -1 -1 3360 32160
125 SOURCE 7 1037 -1 -1 1980 30780
126 SOURCE 7 865 -1 -1 1080 29880
127 SOURCE 7 393 -1 -1 1440 30240
128 SOURCE 7 1019 -1 -1 1080 29880
129 SOURCE 7 33 -1 -1 1080 29880
130 SOURCE 7 596 -1 -1 1440 30240
131 SOURCE 7 107 -1 -1 1980 30780
132 SOURCE 7 190 -1 -1 1980 30780
133 SOURCE 7 208 -1 -1 3360 32160
134 SOURCE 7 1001 -1 -1 1080 29880
135 SOURCE 7 1073 -1 -1 1080 29880
136 SOURCE 7 486 -1 -1 3180 31980
137 SOURCE 7 228 -1 -1 1080 29880
138 SOURCE 7 785 -1 -1 1440 30240
139 SOURCE 7 312 -1 -1 1980 30780
140 SOURCE 7 662 -1 -1 3360 32160
141 SOURCE 7 81 -1 -1 1080 29880
142 SOURCE 7 290 -1 -1 1080 29880
143 SOURCE 7 764 -1 -1 1440 30240
144 SOURCE 7 467 -1 -1 1080 29880
145 SOURCE 7 914 -1 -1 1440 30240
146 SOURCE 7 538 -1 -1 1980 30780
147 SOURCE 7 613 -1 -1 1980 30780
148 SOURCE 7 628 -1 -1 3360 32160
149 SOURCE 7 270 -1 -1 1080 29880
150 SOURCE 7 846 -1 -1 3180 31980
151 SOURCE 7 1088 -1 -1 3180 31980
152 SOURCE 7 647 -1 -1 1080 29880
153 SOURCE 7 1116 -1 -1 1440 30240
154 SOURCE 7 722 -1 -1 1980 30780
155 SOURCE 7 983 -1 -1 3360 32160
156 SOURCE 7 512 -1 -1 1080 29880
157 SOURCE 7 701 -1 -1 1080 29880
158 SOURCE 7 1110 -1 -1 1440 30240
159 SOURCE 7 828 -1 -1 1080 29880
160 SOURCE 7 174 -1 -1 1440 30240
161 SOURCE 7 893 -1 -1 1980 30780
162 SOURCE 7 933 -1 -1 1980 30780
163 SOURCE 7 949 -1 -1 3360 32160
164 SOURCE 7 685 -1 -1 1080 29880
165 SOURCE 7 59 -1 -1 3180 31980
166 SOURCE 7 968 -1 -1 1080 29880
167 SOURCE 7 422 -1 -1 1440 30240
168 SOURCE 7 249 -1 -1 3360 32160
169 SOURCE 7 1042 -1 -1 1980 30780
170 SOURCE 7 870 -1 -1 1080 29880
171 SOURCE 7 397 -1 -1 1440 30240
172 SOURCE 7 1022 -1 -1 1080 29880
173 SOURCE 7 38 -1 -1 1080 29880
174 SOURCE 7 601 -1 -1 1440 30240
175 SOURCE 7 112 -1 -1 1980 30780
176 SOURCE 7 193 -1 -1 1980 30780
177 SOURCE 7 211 -1 -1 3360 32160
178 SOURCE 7 1006 -1 -1 1080 29880
179 SOURCE 7 1099 -1 -1 1080 29880
180 SOURCE 7 490 -1 -1 3180 31980
181 SOURCE 7 233 -1 -1 1080 29880
182 SOURCE 7 790 -1 -1 1440 30240
183 SOURCE 7 317 -1 -1 1980 30780
184 SOURCE 7 665 -1 -1 3360 32160
185 SOURCE 7 86 -1 -1 1080 29880
186 SOURCE 7 293 -1 -1 1080 29880
187 SOURCE 7 768 -1 -1 1440 30240
188 SOURCE 7 472 -1 -1 1080 29880
189 SOURCE 7 919 -1 -1 1440 30240
190 SOURCE 7 543 -1 -1 1980 30780
191 SOURCE 7 616 -1 -1 1980 30780
192 SOURCE 7 631 -1 -1 3360 32160
193 SOURCE 7 275 -1 -1 1080 29880
194 SOURCE 7 850 -1 -1 3180 31980
195 SOURCE 7 1114 -1 -1 3180 31980
196 SOURCE 7 652 -1 -1 1080 29880
197 SOURCE 7 1139 -1 -1 1440 30240
198 SOURCE 7 727 -1 -1 1980 30780
199 SOURCE 7 986 -1 -1 3360 32160
200 SOURCE 7 517 -1 -1 1080 29880
201 SOURCE 7 704 -1 -1 1080 29880
202 SOURCE 7 1134 -1 -1 1440 30240
203 SOURCE 7 833 -1 -1 1080 29880
204 SOURCE 7 179 -1 -1 1440 30240
205 SOURCE 7 898 -1 -1 1980 30780
206 SOURCE 7 936 -1 -1 1980 30780
207 SOURCE 7 690 -1 -1 1080 29880
208 SOURCE 7 973 -1 -1 1080 29880
209 SOURCE 7 427 -1 -1 1440 30240
210 SOURCE 7 1047 -1 -1 1980 30780
211 SOURCE 7 875 -1 -1 1080 29880
212 SOURCE 7 401 -1 -1 1440 30240
213 SOURCE 7 196 -1 -1 1980 30780
214 CONNECTION 63 64 -1 -1 1620 1620
215 CONNECTION 63 380 -1 -1 3240 3240
216 CONNECTION 63 253 -1 -1 3420 3420
217 CONNECTION 63 430 -1 -1 3420 3420
218 CONNECTION 63 44 300 2520 4620 4620
219 CONNECTION 63 495 300 3120 5220 5220
220 CONNECTION 63 156 300 4140 6240 6240
221 CONNECTION 63 751 300 4740 6840 6840
222 CONNECTION 63 668 300 4920 7020 7020
223 CONNECTION 63 794 300 4920 7020 7020
224 CONNECTION 63 323 300 5040 7140 7140
225 CONNECTION 63 404 300 5940 8040 8040
226 CONNECTION 63 475 300 6120 8220 8220
227 CONNECTION 64 65 -1 -1 1860 1860
228 CONNECTION 64 362 -1 -1 2880 2880
229 CONNECTION 64 155 -1 -1 3060 3060
230 CONNECTION 64 544 -1 -1 4500 4500
231 CONNECTION 64 254 -1 -1 3660 3660
232 CONNECTION 64 431 -1 -1 3660 3660
233 CONNECTION 64 750 -1 -1 3660 3660
234 CONNECTION 64 322 -1 -1 4080 4080
235 CONNECTION 64 563 -1 -1 4680 4680
236 CONNECTION 64 403 300 2760 4860 4860
237 CONNECTION 64 747 300 4200 6300 6300
238 CONNECTION 64 496 300 3360 5460 5460
239 CONNECTION 64 923 300 3840 5940 5940
240 CONNECTION 64 117 300 4380 6480 6480
241 CONNECTION 64 137 300 6000 8100 8100
242 CONNECTION 64 582 300 4560 6660 6660
243 CONNECTION 64 669 300 5160 7260 7260
244 CONNECTION 64 795 300 5160 7260 7260
245 CONNECTION 64 45 300 5160 7260 7260
246 CONNECTION 64 729 300 5580 7680 7680
247 CONNECTION 64 343 300 6180 8280 8280
248 CONNECTION 64 364 300 7800 9900 9900
249 CONNECTION 64 771 300 6360 8460 8460
250 CONNECTION 252 253 -1 -1 1620 1620
251 CONNECTION 252 44 -1 -1 2820 2820
252 CONNECTION 252 495 -1 -1 3420 3420
253 CONNECTION 252 156 -1 -1 4440 4440
254 CONNECTION 252 751 300 2940 5040 5040
255 CONNECTION 252 668 300 3120 5220 5220
256 CONNECTION 252 794 300 3120 5220 5220
257 CONNECTION 252 323 300 3240 5340 5340
258 CONNECTION 252 404 300 4140 6240 6240
259 CONNECTION 252 475 300 4320 6420 6420
260 CONNECTION 252 853 300 4920 7020 7020
261 CONNECTION 252 583 300 5940 8040 8040
262 CONNECTION 252 46 300 6540 8640 8640
263 CONNECTION 280 281 -1 -1 2640 2640
264 CONNECTION 280 653 -1 -1 4740 4740
265 CONNECTION 280 938 -1 -1 5520 5520
266 CONNECTION 280 692 300 4140 6240 6240
267 CONNECTION 280 974 300 6240 8340 8340
268 CONNECTION 280 183 300 7020 9120 9120
269 CONNECTION 43 44 -1 -1 1620 1620
270 CONNECTION 43 495 -1 -1 2220 2220
271 CONNECTION 43 156 -1 -1 3240 3240
272 CONNECTION 43 751 -1 -1 3840 3840
273 CONNECTION 43 668 -1 -1 4020 4020
274 CONNECTION 43 794 -1 -1 4020 4020
275 CONNECTION 43 323 -1 -1 4140 4140
276 CONNECTION 43 404 300 2940 5040 5040
277 CONNECTION 43 475 300 3120 5220 5220
278 CONNECTION 43 853 300 3720 5820 5820
279 CONNECTION 43 583 300 4740 6840 6840
280 CONNECTION 43 46 300 5340 7440 7440
281 CONNECTION 43 989 300 5520 7620 7620
282 CONNECTION 43 1049 300 5520 7620 7620
283 CONNECTION 43 730 300 5640 7740 7740
284 CONNECTION 43 772 300 6540 8640 8640
285 CONNECTION 65 66 -1 -1 2820 2820
286 CONNECTION 65 136 -1 -1 3180 3180
287 CONNECTION 65 581 -1 -1 3180 3180
288 CONNECTION 65 255 -1 -1 4620 4620
289 CONNECTION 65 432 -1 -1 4620 4620
290 CONNECTION 65 728 -1 -1 4200 4200
291 CONNECTION 65 363 300 2880 4980 4980
292 CONNECTION 65 770 300 2880 4980 4980
293 CONNECTION 65 497 300 4320 6420 6420
294 CONNECTION 65 564 300 4680 6780 6780
295 CONNECTION 65 899 300 4680 6780 6780
296 CONNECTION 65 670 300 6120 8220 8220
297 CONNECTION 65 796 300 6120 8220 8220
298 CONNECTION 65 0 300 5700 7800 7800
299 CONNECTION 65 68 300 6480 8580 8580
300 CONNECTION 65 138 300 6480 8580 8580
301 CONNECTION 91 92 -1 -1 3000 3000
302 CONNECTION 91 851 -1 -1 2760 2760
303 CONNECTION 91 452 -1 -1 2940 2940
304 CONNECTION 91 297 -1 -1 4800 4800
305 CONNECTION 91 987 300 2460 4560 4560
306 CONNECTION 91 632 300 2640 4740 4740
307 CONNECTION 91 1011 300 2640 4740 4740
308 CONNECTION 91 523 300 4500 6600 6600
309 CONNECTION 91 158 300 4260 6360 6360
310 CONNECTION 91 813 300 4440 6540 6540
311 CONNECTION 91 707 300 6300 8400 8400
312 CONNECTION 91 406 300 6060 8160 8160
313 CONNECTION 380 381 -1 -1 3300 3300
314 CONNECTION 380 667 -1 -1 2160 2160
315 CONNECTION 380 214 -1 -1 2880 2880
316 CONNECTION 380 691 -1 -1 4260 4260
317 CONNECTION 380 238 -1 -1 3000 3000
318 CONNECTION 380 474 -1 -1 3360 3360
319 CONNECTION 380 522 -1 -1 3240 3240
320 CONNECTION 380 852 -1 -1 3960 3960
321 CONNECTION 380 453 -1 -1 4680 4680
322 CONNECTION 380 618 -1 -1 4680 4680
323 CONNECTION 380 605 -1 -1 6300 6300
324 CONNECTION 380 157 300 2100 4200 4200
325 CONNECTION 380 752 300 4800 6900 6900
326 CONNECTION 380 706 300 2940 5040 5040
327 CONNECTION 380 988 300 3660 5760 5760
328 CONNECTION 380 633 300 4380 6480 6480
329 CONNECTION 380 1012 300 5760 7860 7860
330 CONNECTION 380 405 300 3900 6000 6000
331 CONNECTION 380 654 300 4500 6600 6600
332 CONNECTION 380 834 300 4860 6960 6960
333 CONNECTION 380 877 300 4740 6840 6840
334 CONNECTION 380 159 300 5460 7560 7560
335 CONNECTION 380 814 300 6180 8280 8280
336 CONNECTION 380 939 300 6180 8280 8280
337 CONNECTION 380 925 300 7800 9900 9900
338 CONNECTION 380 584 300 5700 7800 7800
339 SINK 380 7 -1 -1 0 0
340 CONNECTION 253 254 -1 -1 1860 1860
341 CONNECTION 253 322 -1 -1 2280 2280
342 CONNECTION 253 563 -1 -1 2880 2880
343 CONNECTION 253 403 -1 -1 3060 3060
344 CONNECTION 253 747 -1 -1 4500 4500
345 CONNECTION 253 496 -1 -1 3660 3660
346 CONNECTION 253 923 -1 -1 4140 4140
347 CONNECTION 253 117 -1 -1 4680 4680
348 CONNECTION 253 137 300 4200 6300 6300
349 CONNECTION 253 582 300 2760 4860 4860
350 CONNECTION 253 669 300 3360 5460 5460
351 CONNECTION 253 795 300 3360 5460 5460
352 CONNECTION 253 45 300 3360 5460 5460
353 CONNECTION 253 729 300 3780 5880 5880
354 CONNECTION 253 343 300 4380 6480 6480
355 CONNECTION 253 364 300 6000 8100 8100
356 CONNECTION 253 771 300 4560 6660 6660
357 CONNECTION 253 854 300 5160 7260 7260
358 CONNECTION 253 200 300 5640 7740 7740
359 CONNECTION 253 546 300 6180 8280 8280
360 CONNECTION 253 565 300 7800 9900 9900
361 CONNECTION 253 900 300 6360 8460 8460
362 CONNECTION 430 431 -1 -1 1860 1860
363 CONNECTION 430 322 -1 -1 2280 2280
364 CONNECTION 430 563 -1 -1 2880 2880
365 CONNECTION 430 403 -1 -1 3060 3060
366 CONNECTION 430 747 -1 -1 4500 4500
367 CONNECTION 430 496 -1 -1 3660 3660
368 CONNECTION 430 923 -1 -1 4140 4140
369 CONNECTION 430 117 -1 -1 4680 4680
370 CONNECTION 430 137 300 4200 6300 6300
371 CONNECTION 430 582 300 2760 4860 4860
372 CONNECTION 430 669 300 3360 5460 5460
373 CONNECTION 430 795 300 3360 5460 5460
374 CONNECTION 430 45 300 3360 5460 5460
375 CONNECTION 430 729 300 3780 5880 5880
376 CONNECTION 430 343 300 4380 6480 6480
377 CONNECTION 430 364 300 6000 8100 8100
378 CONNECTION 430 771 300 4560 6660 6660
379 CONNECTION 430 854 300 5160 7260 7260
380 CONNECTION 430 200 300 5640 7740 7740
381 CONNECTION 430 546 300 6180 8280 8280
382 CONNECTION 430 565 300 7800 9900 9900
383 CONNECTION 430 900 300 6360 8460 8460
384 CONNECTION 494 495 -1 -1 1620 1620
385 CONNECTION 494 156 -1 -1 2640 2640
386 CONNECTION 494 751 -1 -1 3240 3240
387 CONNECTION 494 668 -1 -1 3420 3420
388 CONNECTION 494 794 -1 -1 3420 3420
389 CONNECTION 494 323 -1 -1 3540 3540
390 CONNECTION 494 404 -1 -1 4440 4440
391 CONNECTION 494 475 300 2520 4620 4620
392 CONNECTION 494 853 300 3120 5220 5220
393 CONNECTION 494 583 300 4140 6240 6240
394 CONNECTION 494 46 300 4740 6840 6840
395 CONNECTION 494 989 300 4920 7020 7020
396 CONNECTION 494 1049 300 4920 7020 7020
397 CONNECTION 494 730 300 5040 7140 7140
398 CONNECTION 494 772 300 5940 8040 8040
399 CONNECTION 494 835 300 6120 8220 8220
400 CONNECTION 19 20 -1 -1 2040 2040
401 CONNECTION 19 705 -1 -1 2760 2760
402 CONNECTION 19 215 -1 -1 3840 3840
403 CONNECTION 19 876 -1 -1 4560 4560
404 CONNECTION 19 924 300 3240 5340 5340
405 CONNECTION 19 1048 300 2580 4680 4680
406 CONNECTION 19 454 300 3540 5640 5640
407 CONNECTION 19 619 300 3420 5520 5520
408 CONNECTION 19 1025 300 4260 6360 6360
409 CONNECTION 19 634 300 5340 7440 7440
410 CONNECTION 19 22 300 6060 8160 8160
411 CONNECTION 19 201 300 6840 8940 8940
412 CONNECTION 19 324 300 6180 8280 8280
413 CONNECTION 198 199 -1 -1 1920 1920
414 CONNECTION 198 705 -1 -1 2760 2760
415 CONNECTION 198 215 -1 -1 3840 3840
416 CONNECTION 198 876 -1 -1 4560 4560
417 CONNECTION 198 924 300 3240 5340 5340
418 CONNECTION 198 1048 300 2580 4680 4680
419 CONNECTION 198 454 300 3540 5640 5640
420 CONNECTION 198 619 300 3420 5520 5520
421 CONNECTION 198 1025 300 4260 6360 6360
422 CONNECTION 198 634 300 5340 7440 7440
423 CONNECTION 198 22 300 6060 8160 8160
424 CONNECTION 198 201 300 6840 8940 8940
425 CONNECTION 198 324 300 6180 8280 8280
426 CONNECTION 182 692 -1 -1 4200 4200
427 CONNECTION 182 974 -1 -1 6300 6300
428 CONNECTION 182 183 300 4980 7080 7080
429 CONNECTION 182 1013 300 5700 7800 7800
430 CONNECTION 182 283 300 7800 9900 9900
431 CONNECTION 362 255 -1 -1 3600 3600
432 CONNECTION 362 432 -1 -1 3600 3600
433 CONNECTION 362 728 -1 -1 3180 3180
434 CONNECTION 362 363 -1 -1 3960 3960
435 CONNECTION 362 770 -1 -1 3960 3960
436 CONNECTION 362 497 -1 -1 5400 5400
437 CONNECTION 362 564 300 3660 5760 5760
438 CONNECTION 362 899 300 3660 5760 5760
439 CONNECTION 362 670 300 5100 7200 7200
440 CONNECTION 362 796 300 5100 7200 7200
441 CONNECTION 362 0 300 4680 6780 6780
442 CONNECTION 362 68 300 5460 7560 7560
443 CONNECTION 362 138 300 5460 7560 7560
444 CONNECTION 362 855 300 6900 9000 9000
445 CONNECTION 92 93 -1 -1 960 960
446 CONNECTION 92 382 -1 -1 1620 1620
447 CONNECTION 92 952 -1 -1 4140 4140
448 CONNECTION 92 298 -1 -1 2760 2760
449 CONNECTION 92 95 300 3840 5940 5940
450 CONNECTION 92 384 300 4260 6360 6360
451 CONNECTION 92 524 300 2460 4560 4560
452 CONNECTION 92 282 300 4380 6480 6480
453 CONNECTION 92 753 300 3120 5220 5220
454 CONNECTION 92 300 300 5640 7740 7740
455 CONNECTION 92 708 300 4260 6360 6360
456 CONNECTION 92 526 300 7440 9540 9540
457 CONNECTION 92 755 300 7860 9960 9960
458 CONNECTION 44 496 -1 -1 2460 2460
459 CONNECTION 44 923 -1 -1 2940 2940
460 CONNECTION 44 117 -1 -1 3480 3480
461 CONNECTION 44 137 -1 -1 5100 5100
462 CONNECTION 44 582 -1 -1 3660 3660
463 CONNECTION 44 669 -1 -1 4260 4260
464 CONNECTION 44 795 -1 -1 4260 4260
465 CONNECTION 44 45 -1 -1 4260 4260
466 CONNECTION 44 729 300 2580 4680 4680
467 CONNECTION 44 343 300 3180 5280 5280
468 CONNECTION 44 364 300 4800 6900 6900
469 CONNECTION 44 771 300 3360 5460 5460
470 CONNECTION 44 854 300 3960 6060 6060
471 CONNECTION 44 200 300 4440 6540 6540
472 CONNECTION 44 546 300 4980 7080 7080
473 CONNECTION 44 565 300 6600 8700 8700
474 CONNECTION 44 900 300 5160 7260 7260
475 CONNECTION 44 990 300 5760 7860 7860
476 CONNECTION 44 1050 300 5760 7860 7860
477 CONNECTION 44 476 300 5760 7860 7860
478 CONNECTION 44 1 300 6180 8280 8280
479 CONNECTION 44 119 300 6780 8880 8880
480 CONNECTION 44 749 300 6780 8880 8880
481 CONNECTION 155 156 -1 -1 1560 1560
482 CONNECTION 155 751 -1 -1 2160 2160
483 CONNECTION 155 668 -1 -1 2340 2340
484 CONNECTION 155 794 -1 -1 2340 2340
485 CONNECTION 155 323 -1 -1 2460 2460
486 CONNECTION 155 404 -1 -1 3360 3360
487 CONNECTION 155 475 -1 -1 3540 3540
488 CONNECTION 155 853 -1 -1 4140 4140
489 CONNECTION 155 583 300 3060 5160 5160
490 CONNECTION 155 46 300 3660 5760 5760
491 CONNECTION 155 989 300 3840 5940 5940
492 CONNECTION 155 1049 300 3840 5940 5940
493 CONNECTION 155 730 300 3960 6060 6060
494 CONNECTION 155 772 300 4860 6960 6960
495 CONNECTION 155 835 300 5040 7140 7140
496 CONNECTION 155 160 300 5640 7740 7740
497 CONNECTION 544 545 -1 -1 3720 3720
498 CONNECTION 544 21 -1 -1 4260 4260
499 CONNECTION 544 118 -1 -1 5520 5520
500 CONNECTION 544 748 -1 -1 5520 5520
501 CONNECTION 544 216 300 3960 6060 6060
502 CONNECTION 544 344 300 5220 7320 7320
503 CONNECTION 544 455 300 5760 7860 7860
504 CONNECTION 544 547 300 7020 9120 9120
505 CONNECTION 381 382 -1 -1 960 960
506 CONNECTION 381 952 -1 -1 3480 3480
507 CONNECTION 381 298 -1 -1 2100 2100
508 CONNECTION 381 95 -1 -1 5280 5280
509 CONNECTION 381 384 -1 -1 5700 5700
510 CONNECTION 381 524 300 1800 3900 3900
511 CONNECTION 381 282 300 3720 5820 5820
512 CONNECTION 381 753 300 2460 4560 4560
513 CONNECTION 381 300 300 4980 7080 7080
514 CONNECTION 381 708 300 3600 5700 5700
515 CONNECTION 381 526 300 6780 8880 8880
516 CONNECTION 381 755 300 7200 9300 9300
517 CONNECTION 381 879 300 5400 7500 7500
518 CONNECTION 381 693 300 7320 9420 9420
519 CONNECTION 254 255 -1 -1 2820 2820
520 CONNECTION 254 728 -1 -1 2400 2400
521 CONNECTION 254 363 -1 -1 3180 3180
522 CONNECTION 254 770 -1 -1 3180 3180
523 CONNECTION 254 497 -1 -1 4620 4620
524 CONNECTION 254 564 300 2880 4980 4980
525 CONNECTION 254 899 300 2880 4980 4980
526 CONNECTION 254 670 300 4320 6420 6420
527 CONNECTION 254 796 300 4320 6420 6420
528 CONNECTION 254 0 300 3900 6000 6000
529 CONNECTION 254 68 300 4680 6780 6780
530 CONNECTION 254 138 300 4680 6780 6780
531 CONNECTION 254 855 300 6120 8220 8220
532 CONNECTION 254 257 300 6480 8580 8580
533 CONNECTION 254 365 300 6480 8580 8580
534 CONNECTION 431 432 -1 -1 2820 2820
535 CONNECTION 431 728 -1 -1 2400 2400
536 CONNECTION 431 363 -1 -1 3180 3180
537 CONNECTION 431 770 -1 -1 3180 3180
538 CONNECTION 431 497 -1 -1 4620 4620
539 CONNECTION 431 564 300 2880 4980 4980
540 CONNECTION 431 899 300 2880 4980 4980
541 CONNECTION 431 670 300 4320 6420 6420
542 CONNECTION 431 796 300 4320 6420 6420
543 CONNECTION 431 0 300 3900 6000 6000
544 CONNECTION 431 68 300 4680 6780 6780
545 CONNECTION 431 138 300 4680 6780 6780
546 CONNECTION 431 855 300 6120 8220 8220
547 CONNECTION 431 257 300 6480 8580 8580
548 CONNECTION 431 365 300 6480 8580 8580
549 CONNECTION 66 67 -1 -1 3900 3900
550 CONNECTION 66 256 -1 -1 5700 5700
551 CONNECTION 66 433 300 4620 6720 6720
552 CONNECTION 66 498 300 5400 7500 7500
553 CONNECTION 66 671 300 7200 9300 9300
554 CONNECTION 296 297 -1 -1 3000 3000
555 CONNECTION 296 987 -1 -1 2760 2760
556 CONNECTION 296 632 -1 -1 2940 2940
557 CONNECTION 296 1011 -1 -1 2940 2940
558 CONNECTION 296 523 -1 -1 4800 4800
559 CONNECTION 296 158 300 2460 4560 4560
560 CONNECTION 296 813 300 2640 4740 4740
561 CONNECTION 296 707 300 4500 6600 6600
562 CONNECTION 296 406 300 4260 6360 6360
563 CONNECTION 296 239 300 4440 6540 6540
564 CONNECTION 296 953 300 4440 6540 6540
565 CONNECTION 296 878 300 6300 8400 8400
566 CONNECTION 296 585 300 6060 8160 8160
567 CONNECTION 495 496 -1 -1 1860 1860
568 CONNECTION 495 117 -1 -1 2880 2880
569 CONNECTION 495 137 -1 -1 4500 4500
570 CONNECTION 495 582 -1 -1 3060 3060
571 CONNECTION 495 669 -1 -1 3660 3660
572 CONNECTION 495 795 -1 -1 3660 3660
573 CONNECTION 495 45 -1 -1 3660 3660
574 CONNECTION 495 729 -1 -1 4080 4080
575 CONNECTION 495 343 -1 -1 4680 4680
576 CONNECTION 495 364 300 4200 6300 6300
577 CONNECTION 495 771 300 2760 4860 4860
578 CONNECTION 495 854 300 3360 5460 5460
579 CONNECTION 495 200 300 3840 5940 5940
580 CONNECTION 495 546 300 4380 6480 6480
581 CONNECTION 495 565 300 6000 8100 8100
582 CONNECTION 495 900 300 4560 6660 6660
583 CONNECTION 495 990 300 5160 7260 7260
584 CONNECTION 495 1050 300 5160 7260 7260
585 CONNECTION 495 476 300 5160 7260 7260
586 CONNECTION 495 1 300 5580 7680 7680
587 CONNECTION 495 119 300 6180 8280 8280
588 CONNECTION 495 749 300 6180 8280 8280
589 CONNECTION 495 69 300 6360 8460 8460
590 CONNECTION 495 139 300 7800 9900 9900
591 CONNECTION 750 751 -1 -1 1560 1560
592 CONNECTION 750 404 -1 -1 2760 2760
593 CONNECTION 750 475 -1 -1 2940 2940
594 CONNECTION 750 853 -1 -1 3540 3540
595 CONNECTION 750 583 300 2460 4560 4560
596 CONNECTION 750 46 300 3060 5160 5160
597 CONNECTION 750 989 300 3240 5340 5340
598 CONNECTION 750 1049 300 3240 5340 5340
599 CONNECTION 750 730 300 3360 5460 5460
600 CONNECTION 750 772 300 4260 6360 6360
601 CONNECTION 750 835 300 4440 6540 6540
602 CONNECTION 750 160 300 5040 7140 7140
603 CONNECTION 750 901 300 6060 8160 8160
604 CONNECTION 667 668 -1 -1 1620 1620
605 CONNECTION 667 404 -1 -1 2640 2640
606 CONNECTION 667 475 -1 -1 2820 2820
607 CONNECTION 667 853 -1 -1 3420 3420
608 CONNECTION 667 583 -1 -1 4440 4440
609 CONNECTION 667 46 300 2940 5040 5040
610 CONNECTION 667 989 300 3120 5220 5220
611 CONNECTION 667 1049 300 3120 5220 5220
612 CONNECTION 667 730 300 3240 5340 5340
613 CONNECTION 667 772 300 4140 6240 6240
614 CONNECTION 667 835 300 4320 6420 6420
615 CONNECTION 667 160 300 4920 7020 7020
616 CONNECTION 667 901 300 5940 8040 8040
617 CONNECTION 667 477 300 6540 8640 8640
618 CONNECTION 281 952 -1 -1 3480 3480
619 CONNECTION 281 298 -1 -1 2100 2100
620 CONNECTION 281 95 -1 -1 5280 5280
621 CONNECTION 281 384 -1 -1 5700 5700
622 CONNECTION 281 524 300 1800 3900 3900
623 CONNECTION 281 282 300 3720 5820 5820
624 CONNECTION 281 753 300 2460 4560 4560
625 CONNECTION 281 300 300 4980 7080 7080
626 CONNECTION 281 708 300 3600 5700 5700
627 CONNECTION 281 526 300 6780 8880 8880
628 CONNECTION 281 755 300 7200 9300 9300
629 CONNECTION 281 879 300 5400 7500 7500
630 CONNECTION 281 693 300 7320 9420 9420
631 CONNECTION 214 215 -1 -1 2040 2040
632 CONNECTION 214 876 -1 -1 2760 2760
633 CONNECTION 214 924 -1 -1 3540 3540
634 CONNECTION 214 1048 -1 -1 2880 2880
635 CONNECTION 214 454 -1 -1 3840 3840
636 CONNECTION 214 619 -1 -1 3720 3720
637 CONNECTION 214 1025 -1 -1 4560 4560
638 CONNECTION 214 634 300 3540 5640 5640
639 CONNECTION 214 22 300 4260 6360 6360
640 CONNECTION 214 201 300 5040 7140 7140
641 CONNECTION 214 324 300 4380 6480 6480
642 CONNECTION 214 815 300 5340 7440 7440
643 CONNECTION 214 940 300 5220 7320 7320
644 CONNECTION 214 217 300 6060 8160 8160
645 CONNECTION 691 692 -1 -1 2640 2640
646 CONNECTION 691 974 -1 -1 4740 4740
647 CONNECTION 691 183 -1 -1 5520 5520
648 CONNECTION 691 1013 300 4140 6240 6240
649 CONNECTION 691 283 300 6240 8340 8340
650 CONNECTION 691 606 300 7020 9120 9120
651 CONNECTION 322 323 -1 -1 1440 1440
652 CONNECTION 322 404 -1 -1 2340 2340
653 CONNECTION 322 475 -1 -1 2520 2520
654 CONNECTION 322 853 -1 -1 3120 3120
655 CONNECTION 322 583 -1 -1 4140 4140
656 CONNECTION 322 46 300 2640 4740 4740
657 CONNECTION 322 989 300 2820 4920 4920
658 CONNECTION 322 1049 300 2820 4920 4920
659 CONNECTION 322 730 300 2940 5040 5040
660 CONNECTION 322 772 300 3840 5940 5940
661 CONNECTION 322 835 300 4020 6120 6120
662 CONNECTION 322 160 300 4620 6720 6720
663 CONNECTION 322 901 300 5640 7740 7740
664 CONNECTION 322 477 300 6240 8340 8340
665 CONNECTION 322 325 300 6420 8520 8520
666 CONNECTION 322 408 300 6420 8520 8520
667 CONNECTION 20 21 -1 -1 4020 4020
668 CONNECTION 20 118 -1 -1 5280 5280
669 CONNECTION 20 748 -1 -1 5280 5280
670 CONNECTION 20 216 300 3720 5820 5820
671 CONNECTION 20 344 300 4980 7080 7080
672 CONNECTION 20 455 300 5520 7620 7620
673 CONNECTION 20 547 300 6780 8880 8880
674 CONNECTION 199 669 -1 -1 2640 2640
675 CONNECTION 199 795 -1 -1 2640 2640
676 CONNECTION 199 45 -1 -1 2640 2640
677 CONNECTION 199 729 -1 -1 3060 3060
678 CONNECTION 199 343 -1 -1 3660 3660
679 CONNECTION 199 364 -1 -1 5280 5280
680 CONNECTION 199 771 -1 -1 3840 3840
681 CONNECTION 199 854 -1 -1 4440 4440
682 CONNECTION 199 200 300 2820 4920 4920
683 CONNECTION 199 546 300 3360 5460 5460
684 CONNECTION 199 565 300 4980 7080 7080
685 CONNECTION 199 900 300 3540 5640 5640
686 CONNECTION 199 990 300 4140 6240 6240
687 CONNECTION 199 1050 300 4140 6240 6240
688 CONNECTION 199 476 300 4140 6240 6240
689 CONNECTION 199 1 300 4560 6660 6660
690 CONNECTION 199 119 300 5160 7260 7260
691 CONNECTION 199 749 300 5160 7260 7260
692 CONNECTION 199 69 300 5340 7440 7440
693 CONNECTION 199 139 300 6780 8880 8880
694 CONNECTION 199 161 300 5940 8040 8040
695 CONNECTION 199 620 300 6420 8520 8520
696 CONNECTION 563 497 -1 -1 3600 3600
697 CONNECTION 563 564 -1 -1 3960 3960
698 CONNECTION 563 899 -1 -1 3960 3960
699 CONNECTION 563 670 -1 -1 5400 5400
700 CONNECTION 563 796 -1 -1 5400 5400
701 CONNECTION 563 0 300 2880 4980 4980
702 CONNECTION 563 68 300 3660 5760 5760
703 CONNECTION 563 138 300 3660 5760 5760
704 CONNECTION 563 855 300 5100 7200 7200
705 CONNECTION 563 257 300 5460 7560 7560
706 CONNECTION 563 365 300 5460 7560 7560
707 CONNECTION 563 991 300 6900 9000 9000
708 CONNECTION 563 1051 300 6900 9000 9000
709 CONNECTION 563 434 300 6480 8580 8580
710 CONNECTION 851 852 -1 -1 1560 1560
711 CONNECTION 851 157 -1 -1 1800 1800
712 CONNECTION 851 752 -1 -1 4500 4500
713 CONNECTION 851 706 -1 -1 2640 2640
714 CONNECTION 851 988 -1 -1 3360 3360
715 CONNECTION 851 633 -1 -1 4080 4080
716 CONNECTION 851 1012 -1 -1 5460 5460
717 CONNECTION 851 405 -1 -1 3600 3600
718 CONNECTION 851 654 300 2100 4200 4200
719 CONNECTION 851 834 300 2460 4560 4560
720 CONNECTION 851 877 300 2340 4440 4440
721 CONNECTION 851 159 300 3060 5160 5160
722 CONNECTION 851 814 300 3780 5880 5880
723 CONNECTION 851 939 300 3780 5880 5880
724 CONNECTION 851 925 300 5400 7500 7500
725 CONNECTION 851 584 300 3300 5400 5400
726 CONNECTION 851 47 300 6000 8100 8100
727 CONNECTION 851 1026 300 4140 6240 6240
728 CONNECTION 851 407 300 4860 6960 6960
729 CONNECTION 851 240 300 6960 9060 9060
730 CONNECTION 851 954 300 5580 7680 7680
731 CONNECTION 851 773 300 5100 7200 7200
732 CONNECTION 851 385 300 6060 8160 8160
733 CONNECTION 851 975 300 5700 7800 7800
734 CONNECTION 851 23 300 5940 8040 8040
735 SINK 851 7 -1 -1 0 0
736 CONNECTION 452 453 -1 -1 2100 2100
737 CONNECTION 452 752 -1 -1 4320 4320
738 CONNECTION 452 706 -1 -1 2460 2460
739 CONNECTION 452 988 -1 -1 3180 3180
740 CONNECTION 452 633 -1 -1 3900 3900
741 CONNECTION 452 1012 -1 -1 5280 5280
742 CONNECTION 452 405 -1 -1 3420 3420
743 CONNECTION 452 654 -1 -1 4020 4020
744 CONNECTION 452 834 -1 -1 4380 4380
745 CONNECTION 452 877 300 2160 4260 4260
746 CONNECTION 452 159 300 2880 4980 4980
747 CONNECTION 452 814 300 3600 5700 5700
748 CONNECTION 452 939 300 3600 5700 5700
749 CONNECTION 452 925 300 5220 7320 7320
750 CONNECTION 452 584 300 3120 5220 5220
751 CONNECTION 452 47 300 5820 7920 7920
752 CONNECTION 452 1026 300 3960 6060 6060
753 CONNECTION 452 407 300 4680 6780 6780
754 CONNECTION 452 240 300 6780 8880 8880
755 CONNECTION 452 954 300 5400 7500 7500
756 CONNECTION 452 773 300 4920 7020 7020
757 CONNECTION 452 385 300 5880 7980 7980
758 CONNECTION 452 975 300 5520 7620 7620
759 CONNECTION 452 23 300 5760 7860 7860
760 CONNECTION 452 586 300 6480 8580 8580
761 SINK 452 7 -1 -1 0 0
762 CONNECTION 156 157 -1 -1 1200 1200
763 CONNECTION 156 752 -1 -1 3900 3900
764 CONNECTION 156 706 -1 -1 2040 2040
765 CONNECTION 156 988 -1 -1 2760 2760
766 CONNECTION 156 633 -1 -1 3480 3480
767 CONNECTION 156 1012 -1 -1 4860 4860
768 CONNECTION 156 405 -1 -1 3000 3000
769 CONNECTION 156 654 -1 -1 3600 3600
770 CONNECTION 156 834 -1 -1 3960 3960
771 CONNECTION 156 877 -1 -1 3840 3840
772 CONNECTION 156 159 300 2460 4560 4560
773 CONNECTION 156 814 300 3180 5280 5280
774 CONNECTION 156 939 300 3180 5280 5280
775 CONNECTION 156 925 300 4800 6900 6900
776 CONNECTION 156 584 300 2700 4800 4800
777 CONNECTION 156 47 300 5400 7500 7500
778 CONNECTION 156 1026 300 3540 5640 5640
779 CONNECTION 156 407 300 4260 6360 6360
780 CONNECTION 156 240 300 6360 8460 8460
781 CONNECTION 156 954 300 4980 7080 7080
782 CONNECTION 156 773 300 4500 6600 6600
783 CONNECTION 156 385 300 5460 7560 7560
784 CONNECTION 156 975 300 5100 7200 7200
785 CONNECTION 156 23 300 5340 7440 7440
786 CONNECTION 156 586 300 6060 8160 8160
787 CONNECTION 156 97 300 6780 8880 8880
788 CONNECTION 156 184 300 6780 8880 8880
789 CONNECTION 156 202 300 8400 10500 10500
790 SINK 156 7 -1 -1 0 0
791 CONNECTION 297 298 -1 -1 960 960
792 CONNECTION 297 95 -1 -1 4140 4140
793 CONNECTION 297 384 -1 -1 4560 4560
794 CONNECTION 297 524 -1 -1 2760 2760
795 CONNECTION 297 282 -1 -1 4680 4680
796 CONNECTION 297 753 -1 -1 3420 3420
797 CONNECTION 297 300 300 3840 5940 5940
798 CONNECTION 297 708 300 2460 4560 4560
799 CONNECTION 297 526 300 5640 7740 7740
800 CONNECTION 297 755 300 6060 8160 8160
801 CONNECTION 297 879 300 4260 6360 6360
802 CONNECTION 297 693 300 6180 8280 8280
803 CONNECTION 297 48 300 4920 7020 7020
804 CONNECTION 297 710 300 7440 9540 9540
805 CONNECTION 136 137 -1 -1 3060 3060
806 CONNECTION 136 45 -1 -1 2220 2220
807 CONNECTION 136 729 -1 -1 2640 2640
808 CONNECTION 136 343 -1 -1 3240 3240
809 CONNECTION 136 364 -1 -1 4860 4860
810 CONNECTION 136 771 -1 -1 3420 3420
811 CONNECTION 136 854 -1 -1 4020 4020
812 CONNECTION 136 200 -1 -1 4500 4500
813 CONNECTION 136 546 300 2940 5040 5040
814 CONNECTION 136 565 300 4560 6660 6660
815 CONNECTION 136 900 300 3120 5220 5220
816 CONNECTION 136 990 300 3720 5820 5820
817 CONNECTION 136 1050 300 3720 5820 5820
818 CONNECTION 136 476 300 3720 5820 5820
819 CONNECTION 136 1 300 4140 6240 6240
820 CONNECTION 136 119 300 4740 6840 6840
821 CONNECTION 136 749 300 4740 6840 6840
822 CONNECTION 136 69 300 4920 7020 7020
823 CONNECTION 136 139 300 6360 8460 8460
824 CONNECTION 136 161 300 5520 7620 7620
825 CONNECTION 136 620 300 6000 8100 8100
826 CONNECTION 136 345 300 6540 8640 8640
827 CONNECTION 581 582 -1 -1 1620 1620
828 CONNECTION 581 45 -1 -1 2220 2220
829 CONNECTION 581 729 -1 -1 2640 2640
830 CONNECTION 581 343 -1 -1 3240 3240
831 CONNECTION 581 364 -1 -1 4860 4860
832 CONNECTION 581 771 -1 -1 3420 3420
833 CONNECTION 581 854 -1 -1 4020 4020
834 CONNECTION 581 200 -1 -1 4500 4500
835 CONNECTION 581 546 300 2940 5040 5040
836 CONNECTION 581 565 300 4560 6660 6660
837 CONNECTION 581 900 300 3120 5220 5220
838 CONNECTION 581 990 300 3720 5820 5820
839 CONNECTION 581 1050 300 3720 5820 5820
840 CONNECTION 581 476 300 3720 5820 5820
841 CONNECTION 581 1 300 4140 6240 6240
842 CONNECTION 581 119 300 4740 6840 6840
843 CONNECTION 581 749 300 4740 6840 6840
844 CONNECTION 581 69 300 4920 7020 7020
845 CONNECTION 581 139 300 6360 8460 8460
846 CONNECTION 581 161 300 5520 7620 7620
847 CONNECTION 581 620 300 6000 8100 8100
848 CONNECTION 581 345 300 6540 8640 8640
849 CONNECTION 403 404 -1 -1 1560 1560
850 CONNECTION 403 853 -1 -1 2340 2340
851 CONNECTION 403 583 -1 -1 3360 3360
852 CONNECTION 403 46 -1 -1 3960 3960
853 CONNECTION 403 989 -1 -1 4140 4140
854 CONNECTION 403 1049 -1 -1 4140 4140
855 CONNECTION 403 730 -1 -1 4260 4260
856 CONNECTION 403 772 300 3060 5160 5160
857 CONNECTION 403 835 300 3240 5340 5340
858 CONNECTION 403 160 300 3840 5940 5940
859 CONNECTION 403 901 300 4860 6960 6960
860 CONNECTION 403 477 300 5460 7560 7560
861 CONNECTION 403 325 300 5640 7740 7740
862 CONNECTION 403 408 300 5640 7740 7740
863 CONNECTION 403 2 300 5760 7860 7860
864 CONNECTION 747 118 -1 -1 3720 3720
865 CONNECTION 747 748 -1 -1 3720 3720
866 CONNECTION 747 216 -1 -1 4260 4260
867 CONNECTION 747 344 -1 -1 5520 5520
868 CONNECTION 747 455 300 3960 6060 6060
869 CONNECTION 747 547 300 5220 7320 7320
870 CONNECTION 747 635 300 5760 7860 7860
871 CONNECTION 747 120 300 7020 9120 9120
872 CONNECTION 705 706 -1 -1 1200 1200
873 CONNECTION 705 633 -1 -1 2640 2640
874 CONNECTION 705 1012 -1 -1 4020 4020
875 CONNECTION 705 405 -1 -1 2160 2160
876 CONNECTION 705 654 -1 -1 2760 2760
877 CONNECTION 705 834 -1 -1 3120 3120
878 CONNECTION 705 877 -1 -1 3000 3000
879 CONNECTION 705 159 -1 -1 3720 3720
880 CONNECTION 705 814 -1 -1 4440 4440
881 CONNECTION 705 939 -1 -1 4440 4440
882 CONNECTION 705 925 -1 -1 6060 6060
883 CONNECTION 705 584 -1 -1 3960 3960
884 CONNECTION 705 47 300 4560 6660 6660
885 CONNECTION 705 1026 300 2700 4800 4800
886 CONNECTION 705 407 300 3420 5520 5520
887 CONNECTION 705 240 300 5520 7620 7620
888 CONNECTION 705 954 300 4140 6240 6240
889 CONNECTION 705 773 300 3660 5760 5760
890 CONNECTION 705 385 300 4620 6720 6720
891 CONNECTION 705 975 300 4260 6360 6360
892 CONNECTION 705 23 300 4500 6600 6600
893 CONNECTION 705 586 300 5220 7320 7320
894 CONNECTION 705 97 300 5940 8040 8040
895 CONNECTION 705 184 300 5940 8040 8040
896 CONNECTION 705 202 300 7560 9660 9660
897 CONNECTION 705 902 300 5460 7560 7560
898 CONNECTION 705 478 300 8160 10260 10260
899 SINK 705 7 -1 -1 0 0
900 CONNECTION 238 158 -1 -1 3000 3000
901 CONNECTION 238 813 -1 -1 3180 3180
902 CONNECTION 238 707 -1 -1 5040 5040
903 CONNECTION 238 406 300 2700 4800 4800
904 CONNECTION 238 239 300 2880 4980 4980
905 CONNECTION 238 953 300 2880 4980 4980
906 CONNECTION 238 878 300 4740 6840 6840
907 CONNECTION 238 585 300 4500 6600 6600
908 CONNECTION 238 96 300 4680 6780 6780
909 CONNECTION 238 1027 300 6540 8640 8640
910 CONNECTION 474 475 -1 -1 1620 1620
911 CONNECTION 474 853 -1 -1 2220 2220
912 CONNECTION 474 583 -1 -1 3240 3240
913 CONNECTION 474 46 -1 -1 3840 3840
914 CONNECTION 474 989 -1 -1 4020 4020
915 CONNECTION 474 1049 -1 -1 4020 4020
916 CONNECTION 474 730 -1 -1 4140 4140
917 CONNECTION 474 772 300 2940 5040 5040
918 CONNECTION 474 835 300 3120 5220 5220
919 CONNECTION 474 160 300 3720 5820 5820
920 CONNECTION 474 901 300 4740 6840 6840
921 CONNECTION 474 477 300 5340 7440 7440
922 CONNECTION 474 325 300 5520 7620 7620
923 CONNECTION 474 408 300 5520 7620 7620
924 CONNECTION 474 2 300 5640 7740 7740
925 CONNECTION 474 70 300 6540 8640 8640
926 CONNECTION 653 654 -1 -1 1200 1200
927 CONNECTION 653 159 -1 -1 2160 2160
928 CONNECTION 653 814 -1 -1 2880 2880
929 CONNECTION 653 939 -1 -1 2880 2880
930 CONNECTION 653 925 -1 -1 4500 4500
931 CONNECTION 653 584 -1 -1 2400 2400
932 CONNECTION 653 47 -1 -1 5100 5100
933 CONNECTION 653 1026 -1 -1 3240 3240
934 CONNECTION 653 407 -1 -1 3960 3960
935 CONNECTION 653 240 -1 -1 6060 6060
936 CONNECTION 653 954 -1 -1 4680 4680
937 CONNECTION 653 773 300 2100 4200 4200
938 CONNECTION 653 385 300 3060 5160 5160
939 CONNECTION 653 975 300 2700 4800 4800
940 CONNECTION 653 23 300 2940 5040 5040
941 CONNECTION 653 586 300 3660 5760 5760
942 CONNECTION 653 97 300 4380 6480 6480
943 CONNECTION 653 184 300 4380 6480 6480
944 CONNECTION 653 202 300 6000 8100 8100
945 CONNECTION 653 902 300 3900 6000 6000
946 CONNECTION 653 478 300 6600 8700 8700
947 CONNECTION 653 218 300 4740 6840 6840
948 CONNECTION 653 775 300 5460 7560 7560
949 CONNECTION 653 302 300 6180 8280 8280
950 CONNECTION 653 656 300 7560 9660 9660
951 CONNECTION 653 71 300 5700 7800 7800
952 SINK 653 7 -1 -1 0 0
953 CONNECTION 496 497 -1 -1 2820 2820
954 CONNECTION 496 564 -1 -1 3180 3180
955 CONNECTION 496 899 -1 -1 3180 3180
956 CONNECTION 496 670 -1 -1 4620 4620
957 CONNECTION 496 796 -1 -1 4620 4620
958 CONNECTION 496 0 -1 -1 4200 4200
959 CONNECTION 496 68 300 2880 4980 4980
960 CONNECTION 496 138 300 2880 4980 4980
961 CONNECTION 496 855 300 4320 6420 6420
962 CONNECTION 496 257 300 4680 6780 6780
963 CONNECTION 496 365 300 4680 6780 6780
964 CONNECTION 496 991 300 6120 8220 8220
965 CONNECTION 496 1051 300 6120 8220 8220
966 CONNECTION 496 434 300 5700 7800 7800
967 CONNECTION 496 499 300 6480 8580 8580
968 CONNECTION 496 566 300 6480 8580 8580
969 CONNECTION 255 256 -1 -1 3900 3900
970 CONNECTION 255 433 -1 -1 4920 4920
971 CONNECTION 255 498 -1 -1 5700 5700
972 CONNECTION 255 671 300 5400 7500 7500
973 CONNECTION 255 797 300 6420 8520 8520
974 CONNECTION 255 856 300 7200 9300 9300
975 CONNECTION 432 256 -1 -1 3900 3900
976 CONNECTION 432 433 -1 -1 4920 4920
977 CONNECTION 432 498 -1 -1 5700 5700
978 CONNECTION 432 671 300 5400 7500 7500
979 CONNECTION 432 797 300 6420 8520 8520
980 CONNECTION 432 856 300 7200 9300 9300
981 CONNECTION 522 523 -1 -1 3000 3000
982 CONNECTION 522 158 -1 -1 2760 2760
983 CONNECTION 522 813 -1 -1 2940 2940
984 CONNECTION 522 707 -1 -1 4800 4800
985 CONNECTION 522 406 300 2460 4560 4560
986 CONNECTION 522 239 300 2640 4740 4740
987 CONNECTION 522 953 300 2640 4740 4740
988 CONNECTION 522 878 300 4500 6600 6600
989 CONNECTION 522 585 300 4260 6360 6360
990 CONNECTION 522 96 300 4440 6540 6540
991 CONNECTION 522 1027 300 6300 8400 8400
992 CONNECTION 522 774 300 6060 8160 8160
993 CONNECTION 751 752 -1 -1 3300 3300
994 CONNECTION 751 988 -1 -1 2160 2160
995 CONNECTION 751 633 -1 -1 2880 2880
996 CONNECTION 751 1012 -1 -1 4260 4260
997 CONNECTION 751 405 -1 -1 2400 2400
998 CONNECTION 751 654 -1 -1 3000 3000
999 CONNECTION 751 834 -1 -1 3360 3360
1000 CONNECTION 751 877 -1 -1 3240 3240
1001 CONNECTION 751 159 -1 -1 3960 3960
1002 CONNECTION 751 814 -1 -1 4680 4680
1003 CONNECTION 751 939 -1 -1 4680 4680
1004 CONNECTION 751 925 -1 -1 6300 6300
1005 CONNECTION 751 584 300 2100 4200 4200
1006 CONNECTION 751 47 300 4800 6900 6900
1007 CONNECTION 751 1026 300 2940 5040 5040
1008 CONNECTION 751 407 300 3660 5760 5760
1009 CONNECTION 751 240 300 5760 7860 7860
1010 CONNECTION 751 954 300 4380 6480 6480
1011 CONNECTION 751 773 300 3900 6000 6000
1012 CONNECTION 751 385 300 4860 6960 6960
1013 CONNECTION 751 975 300 4500 6600 6600
1014 CONNECTION 751 23 300 4740 6840 6840
1015 CONNECTION 751 586 300 5460 7560 7560
1016 CONNECTION 751 97 300 6180 8280 8280
1017 CONNECTION 751 184 300 6180 8280 8280
1018 CONNECTION 751 202 300 7800 9900 9900
1019 CONNECTION 751 902 300 5700 7800 7800
1020 SINK 751 7 -1 -1 0 0
1021 CONNECTION 668 669 -1 -1 1860 1860
1022 CONNECTION 668 729 -1 -1 2280 2280
1023 CONNECTION 668 343 -1 -1 2880 2880
1024 CONNECTION 668 364 -1 -1 4500 4500
1025 CONNECTION 668 771 -1 -1 3060 3060
1026 CONNECTION 668 854 -1 -1 3660 3660
1027 CONNECTION 668 200 -1 -1 4140 4140
1028 CONNECTION 668 546 -1 -1 4680 4680
1029 CONNECTION 668 565 300 4200 6300 6300
1030 CONNECTION 668 900 300 2760 4860 4860
1031 CONNECTION 668 990 300 3360 5460 5460
1032 CONNECTION 668 1050 300 3360 5460 5460
1033 CONNECTION 668 476 300 3360 5460 5460
1034 CONNECTION 668 1 300 3780 5880 5880
1035 CONNECTION 668 119 300 4380 6480 6480
1036 CONNECTION 668 749 300 4380 6480 6480
1037 CONNECTION 668 69 300 4560 6660 6660
1038 CONNECTION 668 139 300 6000 8100 8100
1039 CONNECTION 668 161 300 5160 7260 7260
1040 CONNECTION 668 620 300 5640 7740 7740
1041 CONNECTION 668 345 300 6180 8280 8280
1042 CONNECTION 668 258 300 6360 8460 8460
1043 CONNECTION 668 366 300 7800 9900 9900
1044 CONNECTION 794 795 -1 -1 1860 1860
1045 CONNECTION 794 729 -1 -1 2280 2280
1046 CONNECTION 794 343 -1 -1 2880 2880
1047 CONNECTION 794 364 -1 -1 4500 4500
1048 CONNECTION 794 771 -1 -1 3060 3060
1049 CONNECTION 794 854 -1 -1 3660 3660
1050 CONNECTION 794 200 -1 -1 4140 4140
1051 CONNECTION 794 546 -1 -1 4680 4680
1052 CONNECTION 794 565 300 4200 6300 6300
1053 CONNECTION 794 900 300 2760 4860 4860
1054 CONNECTION 794 990 300 3360 5460 5460
1055 CONNECTION 794 1050 300 3360 5460 5460
1056 CONNECTION 794 476 300 3360 5460 5460
1057 CONNECTION 794 1 300 3780 5880 5880
1058 CONNECTION 794 119 300 4380 6480 6480
1059 CONNECTION 794 749 300 4380 6480 6480
1060 CONNECTION 794 69 300 4560 6660 6660
1061 CONNECTION 794 139 300 6000 8100 8100
1062 CONNECTION 794 161 300 5160 7260 7260
1063 CONNECTION 794 620 300 5640 7740 7740
1064 CONNECTION 794 345 300 6180 8280 8280
1065 CONNECTION 794 258 300 6360 8460 8460
1066 CONNECTION 794 366 300 7800 9900 9900
1067 CONNECTION 852 853 -1 -1 1620 1620
1068 CONNECTION 852 583 -1 -1 2640 2640
1069 CONNECTION 852 46 -1 -1 3240 3240
1070 CONNECTION 852 989 -1 -1 3420 3420
1071 CONNECTION 852 1049 -1 -1 3420 3420
1072 CONNECTION 852 730 -1 -1 3540 3540
1073 CONNECTION 852 772 -1 -1 4440 4440
1074 CONNECTION 852 835 300 2520 4620 4620
1075 CONNECTION 852 160 300 3120 5220 5220
1076 CONNECTION 852 901 300 4140 6240 6240
1077 CONNECTION 852 477 300 4740 6840 6840
1078 CONNECTION 852 325 300 4920 7020 7020
1079 CONNECTION 852 408 300 4920 7020 7020
1080 CONNECTION 852 2 300 5040 7140 7140
1081 CONNECTION 852 70 300 5940 8040 8040
1082 CONNECTION 852 386 300 6120 8220 8220
1083 CONNECTION 923 924 -1 -1 2100 2100
1084 CONNECTION 923 1025 -1 -1 3120 3120
1085 CONNECTION 923 634 -1 -1 4200 4200
1086 CONNECTION 923 22 -1 -1 4920 4920
1087 CONNECTION 923 201 300 3600 5700 5700
1088 CONNECTION 923 324 300 2940 5040 5040
1089 CONNECTION 923 815 300 3900 6000 6000
1090 CONNECTION 923 940 300 3780 5880 5880
1091 CONNECTION 923 217 300 4620 6720 6720
1092 CONNECTION 923 955 300 5700 7800 7800
1093 CONNECTION 923 456 300 6420 8520 8520
1094 CONNECTION 323 454 -1 -1 2820 2820
1095 CONNECTION 323 619 -1 -1 2700 2700
1096 CONNECTION 323 1025 -1 -1 3540 3540
1097 CONNECTION 323 634 -1 -1 4620 4620
1098 CONNECTION 323 22 300 3240 5340 5340
1099 CONNECTION 323 201 300 4020 6120 6120
1100 CONNECTION 323 324 300 3360 5460 5460
1101 CONNECTION 323 815 300 4320 6420 6420
1102 CONNECTION 323 940 300 4200 6300 6300
1103 CONNECTION 323 217 300 5040 7140 7140
1104 CONNECTION 323 955 300 6120 8220 8220
1105 CONNECTION 323 456 300 6840 8940 8940
1106 CONNECTION 453 454 -1 -1 2040 2040
1107 CONNECTION 453 1025 -1 -1 2760 2760
1108 CONNECTION 453 634 -1 -1 3840 3840
1109 CONNECTION 453 22 -1 -1 4560 4560
1110 CONNECTION 453 201 300 3240 5340 5340
1111 CONNECTION 453 324 300 2580 4680 4680
1112 CONNECTION 453 815 300 3540 5640 5640
1113 CONNECTION 453 940 300 3420 5520 5520
1114 CONNECTION 453 217 300 4260 6360 6360
1115 CONNECTION 453 955 300 5340 7440 7440
1116 CONNECTION 453 456 300 6060 8160 8160
1117 CONNECTION 453 621 300 6840 8940 8940
1118 CONNECTION 453 731 300 6180 8280 8280
1119 CONNECTION 618 619 -1 -1 1920 1920
1120 CONNECTION 618 1025 -1 -1 2760 2760
1121 CONNECTION 618 634 -1 -1 3840 3840
1122 CONNECTION 618 22 -1 -1 4560 4560
1123 CONNECTION 618 201 300 3240 5340 5340
1124 CONNECTION 618 324 300 2580 4680 4680
1125 CONNECTION 618 815 300 3540 5640 5640
1126 CONNECTION 618 940 300 3420 5520 5520
1127 CONNECTION 618 217 300 4260 6360 6360
1128 CONNECTION 618 955 300 5340 7440 7440
1129 CONNECTION 618 456 300 6060 8160 8160
1130 CONNECTION 618 621 300 6840 8940 8940
1131 CONNECTION 618 731 300 6180 8280 8280
1132 CONNECTION 728 729 -1 -1 1620 1620
1133 CONNECTION 728 364 -1 -1 3840 3840
1134 CONNECTION 728 771 -1 -1 2400 2400
1135 CONNECTION 728 854 -1 -1 3000 3000
1136 CONNECTION 728 200 -1 -1 3480 3480
1137 CONNECTION 728 546 -1 -1 4020 4020
1138 CONNECTION 728 565 -1 -1 5640 5640
1139 CONNECTION 728 900 -1 -1 4200 4200
1140 CONNECTION 728 990 300 2700 4800 4800
1141 CONNECTION 728 1050 300 2700 4800 4800
1142 CONNECTION 728 476 300 2700 4800 4800
1143 CONNECTION 728 1 300 3120 5220 5220
1144 CONNECTION 728 119 300 3720 5820 5820
1145 CONNECTION 728 749 300 3720 5820 5820
1146 CONNECTION 728 69 300 3900 6000 6000
1147 CONNECTION 728 139 300 5340 7440 7440
1148 CONNECTION 728 161 300 4500 6600 6600
1149 CONNECTION 728 620 300 4980 7080 7080
1150 CONNECTION 728 345 300 5520 7620 7620
1151 CONNECTION 728 258 300 5700 7800 7800
1152 CONNECTION 728 366 300 7140 9240 9240
1153 CONNECTION 728 326 300 6300 8400 8400
1154 CONNECTION 728 409 300 6300 8400 8400
1155 CONNECTION 728 836 300 6300 8400 8400
1156 CONNECTION 93 94 -1 -1 1980 1980
1157 CONNECTION 93 383 -1 -1 2100 2100
1158 CONNECTION 93 299 -1 -1 3780 3780
1159 CONNECTION 93 525 300 3480 5580 5580
1160 CONNECTION 93 754 300 3600 5700 5700
1161 CONNECTION 93 709 300 5280 7380 7380
1162 CONNECTION 938 939 -1 -1 2100 2100
1163 CONNECTION 938 47 -1 -1 4320 4320
1164 CONNECTION 938 1026 -1 -1 2460 2460
1165 CONNECTION 938 407 -1 -1 3180 3180
1166 CONNECTION 938 240 -1 -1 5280 5280
1167 CONNECTION 938 954 -1 -1 3900 3900
1168 CONNECTION 938 773 -1 -1 3420 3420
1169 CONNECTION 938 385 -1 -1 4380 4380
1170 CONNECTION 938 975 -1 -1 4020 4020
1171 CONNECTION 938 23 300 2160 4260 4260
1172 CONNECTION 938 586 300 2880 4980 4980
1173 CONNECTION 938 97 300 3600 5700 5700
1174 CONNECTION 938 184 300 3600 5700 5700
1175 CONNECTION 938 202 300 5220 7320 7320
1176 CONNECTION 938 902 300 3120 5220 5220
1177 CONNECTION 938 478 300 5820 7920 7920
1178 CONNECTION 938 218 300 3960 6060 6060
1179 CONNECTION 938 775 300 4680 6780 6780
1180 CONNECTION 938 302 300 5400 7500 7500
1181 CONNECTION 938 656 300 6780 8880 8880
1182 CONNECTION 938 71 300 4920 7020 7020
1183 CONNECTION 938 284 300 5520 7620 7620
1184 CONNECTION 938 756 300 5880 7980 7980
1185 CONNECTION 938 457 300 5760 7860 7860
1186 CONNECTION 938 904 300 6480 8580 8580
1187 SINK 938 7 -1 -1 0 0
1188 CONNECTION 605 1013 -1 -1 4200 4200
1189 CONNECTION 605 283 -1 -1 6300 6300
1190 CONNECTION 605 606 300 4980 7080 7080
1191 CONNECTION 605 241 300 5700 7800 7800
1192 CONNECTION 605 694 300 7800 9900 9900
1193 CONNECTION 215 216 -1 -1 4020 4020
1194 CONNECTION 215 344 -1 -1 5280 5280
1195 CONNECTION 215 455 300 3720 5820 5820
1196 CONNECTION 215 547 300 4980 7080 7080
1197 CONNECTION 215 635 300 5520 7620 7620
1198 CONNECTION 215 120 300 6780 8880 8880
1199 CONNECTION 117 670 -1 -1 3600 3600
1200 CONNECTION 117 796 -1 -1 3600 3600
1201 CONNECTION 117 0 -1 -1 3180 3180
1202 CONNECTION 117 68 -1 -1 3960 3960
1203 CONNECTION 117 138 -1 -1 3960 3960
1204 CONNECTION 117 855 -1 -1 5400 5400
1205 CONNECTION 117 257 300 3660 5760 5760
1206 CONNECTION 117 365 300 3660 5760 5760
1207 CONNECTION 117 991 300 5100 7200 7200
1208 CONNECTION 117 1051 300 5100 7200 7200
1209 CONNECTION 117 434 300 4680 6780 6780
1210 CONNECTION 117 499 300 5460 7560 7560
1211 CONNECTION 117 566 300 5460 7560 7560
1212 CONNECTION 117 162 300 6900 9000 9000
1213 CONNECTION 157 158 -1 -1 1800 1800
1214 CONNECTION 157 813 -1 -1 1980 1980
1215 CONNECTION 157 707 -1 -1 3840 3840
1216 CONNECTION 157 406 -1 -1 3600 3600
1217 CONNECTION 157 239 -1 -1 3780 3780
1218 CONNECTION 157 953 -1 -1 3780 3780
1219 CONNECTION 157 878 -1 -1 5640 5640
1220 CONNECTION 157 585 300 3300 5400 5400
1221 CONNECTION 157 96 300 3480 5580 5580
1222 CONNECTION 157 1027 300 5340 7440 7440
1223 CONNECTION 157 774 300 5100 7200 7200
1224 CONNECTION 157 301 300 5280 7380 7380
1225 CONNECTION 157 655 300 5280 7380 7380
1226 CONNECTION 157 24 300 7140 9240 9240
1227 CONNECTION 987 988 -1 -1 1560 1560
1228 CONNECTION 987 405 -1 -1 1800 1800
1229 CONNECTION 987 654 -1 -1 2400 2400
1230 CONNECTION 987 834 -1 -1 2760 2760
1231 CONNECTION 987 877 -1 -1 2640 2640
1232 CONNECTION 987 159 -1 -1 3360 3360
1233 CONNECTION 987 814 -1 -1 4080 4080
1234 CONNECTION 987 939 -1 -1 4080 4080
1235 CONNECTION 987 925 -1 -1 5700 5700
1236 CONNECTION 987 584 -1 -1 3600 3600
1237 CONNECTION 987 47 300 4200 6300 6300
1238 CONNECTION 987 1026 300 2340 4440 4440
1239 CONNECTION 987 407 300 3060 5160 5160
1240 CONNECTION 987 240 300 5160 7260 7260
1241 CONNECTION 987 954 300 3780 5880 5880
1242 CONNECTION 987 773 300 3300 5400 5400
1243 CONNECTION 987 385 300 4260 6360 6360
1244 CONNECTION 987 975 300 3900 6000 6000
1245 CONNECTION 987 23 300 4140 6240 6240
1246 CONNECTION 987 586 300 4860 6960 6960
1247 CONNECTION 987 97 300 5580 7680 7680
1248 CONNECTION 987 184 300 5580 7680 7680
1249 CONNECTION 987 202 300 7200 9300 9300
1250 CONNECTION 987 902 300 5100 7200 7200
1251 CONNECTION 987 478 300 7800 9900 9900
1252 CONNECTION 987 218 300 5940 8040 8040
1253 SINK 987 7 -1 -1 0 0
1254 CONNECTION 632 633 -1 -1 2100 2100
1255 CONNECTION 632 654 -1 -1 2220 2220
1256 CONNECTION 632 834 -1 -1 2580 2580
1257 CONNECTION 632 877 -1 -1 2460 2460
1258 CONNECTION 632 159 -1 -1 3180 3180
1259 CONNECTION 632 814 -1 -1 3900 3900
1260 CONNECTION 632 939 -1 -1 3900 3900
1261 CONNECTION 632 925 -1 -1 5520 5520
1262 CONNECTION 632 584 -1 -1 3420 3420
1263 CONNECTION 632 47 -1 -1 6120 6120
1264 CONNECTION 632 1026 300 2160 4260 4260
1265 CONNECTION 632 407 300 2880 4980 4980
1266 CONNECTION 632 240 300 4980 7080 7080
1267 CONNECTION 632 954 300 3600 5700 5700
1268 CONNECTION 632 773 300 3120 5220 5220
1269 CONNECTION 632 385 300 4080 6180 6180
1270 CONNECTION 632 975 300 3720 5820 5820
1271 CONNECTION 632 23 300 3960 6060 6060
1272 CONNECTION 632 586 300 4680 6780 6780
1273 CONNECTION 632 97 300 5400 7500 7500
1274 CONNECTION 632 184 300 5400 7500 7500
1275 CONNECTION 632 202 300 7020 9120 9120
1276 CONNECTION 632 902 300 4920 7020 7020
1277 CONNECTION 632 478 300 7620 9720 9720
1278 CONNECTION 632 218 300 5760 7860 7860
1279 CONNECTION 632 775 300 6480 8580 8580
1280 SINK 632 7 -1 -1 0 0
1281 CONNECTION 1011 1012 -1 -1 3480 3480
1282 CONNECTION 1011 654 -1 -1 2220 2220
1283 CONNECTION 1011 834 -1 -1 2580 2580
1284 CONNECTION 1011 877 -1 -1 2460 2460
1285 CONNECTION 1011 159 -1 -1 3180 3180
1286 CONNECTION 1011 814 -1 -1 3900 3900
1287 CONNECTION 1011 939 -1 -1 3900 3900
1288 CONNECTION 1011 925 -1 -1 5520 5520
1289 CONNECTION 1011 584 -1 -1 3420 3420
1290 CONNECTION 1011 47 -1 -1 6120 6120
1291 CONNECTION 1011 1026 300 2160 4260 4260
1292 CONNECTION 1011 407 300 2880 4980 4980
1293 CONNECTION 1011 240 300 4980 7080 7080
1294 CONNECTION 1011 954 300 3600 5700 5700
1295 CONNECTION 1011 773 300 3120 5220 5220
1296 CONNECTION 1011 385 300 4080 6180 6180
1297 CONNECTION 1011 975 300 3720 5820 5820
1298 CONNECTION 1011 23 300 3960 6060 6060
1299 CONNECTION 1011 586 300 4680 6780 6780
1300 CONNECTION 1011 97 300 5400 7500 7500
1301 CONNECTION 1011 184 300 5400 7500 7500
1302 CONNECTION 1011 202 300 7020 9120 9120
1303 CONNECTION 1011 902 300 4920 7020 7020
1304 CONNECTION 1011 478 300 7620 9720 9720
1305 CONNECTION 1011 218 300 5760 7860 7860
1306 CONNECTION 1011 775 300 6480 8580 8580
1307 SINK 1011 7 -1 -1 0 0
1308 CONNECTION 404 405 -1 -1 1200 1200
1309 CONNECTION 404 654 -1 -1 1800 1800
1310 CONNECTION 404 834 -1 -1 2160 2160
1311 CONNECTION 404 877 -1 -1 2040 2040
1312 CONNECTION 404 159 -1 -1 2760 2760
1313 CONNECTION 404 814 -1 -1 3480 3480
1314 CONNECTION 404 939 -1 -1 3480 3480
1315 CONNECTION 404 925 -1 -1 5100 5100
1316 CONNECTION 404 584 -1 -1 3000 3000
1317 CONNECTION 404 47 -1 -1 5700 5700
1318 CONNECTION 404 1026 -1 -1 3840 3840
1319 CONNECTION 404 407 300 2460 4560 4560
1320 CONNECTION 404 240 300 4560 6660 6660
1321 CONNECTION 404 954 300 3180 5280 5280
1322 CONNECTION 404 773 300 2700 4800 4800
1323 CONNECTION 404 385 300 3660 5760 5760
1324 CONNECTION 404 975 300 3300 5400 5400
1325 CONNECTION 404 23 300 3540 5640 5640
1326 CONNECTION 404 586 300 4260 6360 6360
1327 CONNECTION 404 97 300 4980 7080 7080
1328 CONNECTION 404 184 300 4980 7080 7080
1329 CONNECTION 404 202 300 6600 8700 8700
1330 CONNECTION 404 902 300 4500 6600 6600
1331 CONNECTION 404 478 300 7200 9300 9300
1332 CONNECTION 404 218 300 5340 7440 7440
1333 CONNECTION 404 775 300 6060 8160 8160
1334 CONNECTION 404 302 300 6780 8880 8880
1335 CONNECTION 404 656 300 8160 10260 10260
1336 SINK 404 7 -1 -1 0 0
1337 CONNECTION 523 524 -1 -1 960 960
1338 CONNECTION 523 753 -1 -1 1620 1620
1339 CONNECTION 523 300 -1 -1 4140 4140
1340 CONNECTION 523 708 -1 -1 2760 2760
1341 CONNECTION 523 526 300 3840 5940 5940
1342 CONNECTION 523 755 300 4260 6360 6360
1343 CONNECTION 523 879 300 2460 4560 4560
1344 CONNECTION 523 693 300 4380 6480 6480
1345 CONNECTION 523 48 300 3120 5220 5220
1346 CONNECTION 523 710 300 5640 7740 7740
1347 CONNECTION 523 1028 300 4260 6360 6360
1348 CONNECTION 523 881 300 7440 9540 9540
1349 CONNECTION 523 1057 300 7860 9960 9960
1350 CONNECTION 382 383 -1 -1 1440 1440
1351 CONNECTION 382 299 -1 -1 3120 3120
1352 CONNECTION 382 525 300 2820 4920 4920
1353 CONNECTION 382 754 300 2940 5040 5040
1354 CONNECTION 382 709 300 4620 6720 6720
1355 CONNECTION 363 364 -1 -1 3060 3060
1356 CONNECTION 363 200 -1 -1 2700 2700
1357 CONNECTION 363 546 -1 -1 3240 3240
1358 CONNECTION 363 565 -1 -1 4860 4860
1359 CONNECTION 363 900 -1 -1 3420 3420
1360 CONNECTION 363 990 -1 -1 4020 4020
1361 CONNECTION 363 1050 -1 -1 4020 4020
1362 CONNECTION 363 476 -1 -1 4020 4020
1363 CONNECTION 363 1 -1 -1 4440 4440
1364 CONNECTION 363 119 300 2940 5040 5040
1365 CONNECTION 363 749 300 2940 5040 5040
1366 CONNECTION 363 69 300 3120 5220 5220
1367 CONNECTION 363 139 300 4560 6660 6660
1368 CONNECTION 363 161 300 3720 5820 5820
1369 CONNECTION 363 620 300 4200 6300 6300
1370 CONNECTION 363 345 300 4740 6840 6840
1371 CONNECTION 363 258 300 4920 7020 7020
1372 CONNECTION 363 366 300 6360 8460 8460
1373 CONNECTION 363 326 300 5520 7620 7620
1374 CONNECTION 363 409 300 5520 7620 7620
1375 CONNECTION 363 836 300 5520 7620 7620
1376 CONNECTION 363 435 300 5940 8040 8040
1377 CONNECTION 363 548 300 6540 8640 8640
1378 CONNECTION 475 854 -1 -1 2460 2460
1379 CONNECTION 475 200 -1 -1 2940 2940
1380 CONNECTION 475 546 -1 -1 3480 3480
1381 CONNECTION 475 565 -1 -1 5100 5100
1382 CONNECTION 475 900 -1 -1 3660 3660
1383 CONNECTION 475 990 -1 -1 4260 4260
1384 CONNECTION 475 1050 -1 -1 4260 4260
1385 CONNECTION 475 476 -1 -1 4260 4260
1386 CONNECTION 475 1 300 2580 4680 4680
1387 CONNECTION 475 119 300 3180 5280 5280
1388 CONNECTION 475 749 300 3180 5280 5280
1389 CONNECTION 475 69 300 3360 5460 5460
1390 CONNECTION 475 139 300 4800 6900 6900
1391 CONNECTION 475 161 300 3960 6060 6060
1392 CONNECTION 475 620 300 4440 6540 6540
1393 CONNECTION 475 345 300 4980 7080 7080
1394 CONNECTION 475 258 300 5160 7260 7260
1395 CONNECTION 475 366 300 6600 8700 8700
1396 CONNECTION 475 326 300 5760 7860 7860
1397 CONNECTION 475 409 300 5760 7860 7860
1398 CONNECTION 475 836 300 5760 7860 7860
1399 CONNECTION 475 435 300 6180 8280 8280
1400 CONNECTION 475 548 300 6780 8880 8880
1401 CONNECTION 770 771 -1 -1 1620 1620
1402 CONNECTION 770 200 -1 -1 2700 2700
1403 CONNECTION 770 546 -1 -1 3240 3240
1404 CONNECTION 770 565 -1 -1 4860 4860
1405 CONNECTION 770 900 -1 -1 3420 3420
1406 CONNECTION 770 990 -1 -1 4020 4020
1407 CONNECTION 770 1050 -1 -1 4020 4020
1408 CONNECTION 770 476 -1 -1 4020 4020
1409 CONNECTION 770 1 -1 -1 4440 4440
1410 CONNECTION 770 119 300 2940 5040 5040
1411 CONNECTION 770 749 300 2940 5040 5040
1412 CONNECTION 770 69 300 3120 5220 5220
1413 CONNECTION 770 139 300 4560 6660 6660
1414 CONNECTION 770 161 300 3720 5820 5820
1415 CONNECTION 770 620 300 4200 6300 6300
1416 CONNECTION 770 345 300 4740 6840 6840
1417 CONNECTION 770 258 300 4920 7020 7020
1418 CONNECTION 770 366 300 6360 8460 8460
1419 CONNECTION 770 326 300 5520 7620 7620
1420 CONNECTION 770 409 300 5520 7620 7620
1421 CONNECTION 770 836 300 5520 7620 7620
1422 CONNECTION 770 435 300 5940 8040 8040
1423 CONNECTION 770 548 300 6540 8640 8640
1424 CONNECTION 137 344 -1 -1 3720 3720
1425 CONNECTION 137 455 -1 -1 4260 4260
1426 CONNECTION 137 547 -1 -1 5520 5520
1427 CONNECTION 137 635 300 3960 6060 6060
1428 CONNECTION 137 120 300 5220 7320 7320
1429 CONNECTION 137 816 300 5760 7860 7860
1430 CONNECTION 137 346 300 7020 9120 9120
1431 CONNECTION 582 583 -1 -1 1560 1560
1432 CONNECTION 582 46 -1 -1 2160 2160
1433 CONNECTION 582 989 -1 -1 2340 2340
1434 CONNECTION 582 1049 -1 -1 2340 2340
1435 CONNECTION 582 730 -1 -1 2460 2460
1436 CONNECTION 582 772 -1 -1 3360 3360
1437 CONNECTION 582 835 -1 -1 3540 3540
1438 CONNECTION 582 160 -1 -1 4140 4140
1439 CONNECTION 582 901 300 3060 5160 5160
1440 CONNECTION 582 477 300 3660 5760 5760
1441 CONNECTION 582 325 300 3840 5940 5940
1442 CONNECTION 582 408 300 3840 5940 5940
1443 CONNECTION 582 2 300 3960 6060 6060
1444 CONNECTION 582 70 300 4860 6960 6960
1445 CONNECTION 582 386 300 5040 7140 7140
1446 CONNECTION 582 587 300 5640 7740 7740
1447 CONNECTION 545 546 -1 -1 1860 1860
1448 CONNECTION 545 990 -1 -1 2640 2640
1449 CONNECTION 545 1050 -1 -1 2640 2640
1450 CONNECTION 545 476 -1 -1 2640 2640
1451 CONNECTION 545 1 -1 -1 3060 3060
1452 CONNECTION 545 119 -1 -1 3660 3660
1453 CONNECTION 545 749 -1 -1 3660 3660
1454 CONNECTION 545 69 -1 -1 3840 3840
1455 CONNECTION 545 139 -1 -1 5280 5280
1456 CONNECTION 545 161 -1 -1 4440 4440
1457 CONNECTION 545 620 300 2820 4920 4920
1458 CONNECTION 545 345 300 3360 5460 5460
1459 CONNECTION 545 258 300 3540 5640 5640
1460 CONNECTION 545 366 300 4980 7080 7080
1461 CONNECTION 545 326 300 4140 6240 6240
1462 CONNECTION 545 409 300 4140 6240 6240
1463 CONNECTION 545 836 300 4140 6240 6240
1464 CONNECTION 545 435 300 4560 6660 6660
1465 CONNECTION 545 548 300 5160 7260 7260
1466 CONNECTION 545 500 300 5340 7440 7440
1467 CONNECTION 545 567 300 6780 8880 8880
1468 CONNECTION 545 588 300 5940 8040 8040
1469 CONNECTION 545 941 300 6420 8520 8520
1470 CONNECTION 876 877 -1 -1 1200 1200
1471 CONNECTION 876 814 -1 -1 2640 2640
1472 CONNECTION 876 939 -1 -1 2640 2640
1473 CONNECTION 876 925 -1 -1 4260 4260
1474 CONNECTION 876 584 -1 -1 2160 2160
1475 CONNECTION 876 47 -1 -1 4860 4860
1476 CONNECTION 876 1026 -1 -1 3000 3000
1477 CONNECTION 876 407 -1 -1 3720 3720
1478 CONNECTION 876 240 -1 -1 5820 5820
1479 CONNECTION 876 954 -1 -1 4440 4440
1480 CONNECTION 876 773 -1 -1 3960 3960
1481 CONNECTION 876 385 300 2820 4920 4920
1482 CONNECTION 876 975 300 2460 4560 4560
1483 CONNECTION 876 23 300 2700 4800 4800
1484 CONNECTION 876 586 300 3420 5520 5520
1485 CONNECTION 876 97 300 4140 6240 6240
1486 CONNECTION 876 184 300 4140 6240 6240
1487 CONNECTION 876 202 300 5760 7860 7860
1488 CONNECTION 876 902 300 3660 5760 5760
1489 CONNECTION 876 478 300 6360 8460 8460
1490 CONNECTION 876 218 300 4500 6600 6600
1491 CONNECTION 876 775 300 5220 7320 7320
1492 CONNECTION 876 302 300 5940 8040 8040
1493 CONNECTION 876 656 300 7320 9420 9420
1494 CONNECTION 876 71 300 5460 7560 7560
1495 CONNECTION 876 284 300 6060 8160 8160
1496 CONNECTION 876 756 300 6420 8520 8520
1497 SINK 876 7 -1 -1 0 0
1498 CONNECTION 752 753 -1 -1 960 960
1499 CONNECTION 752 300 -1 -1 3480 3480
1500 CONNECTION 752 708 -1 -1 2100 2100
1501 CONNECTION 752 526 -1 -1 5280 5280
1502 CONNECTION 752 755 -1 -1 5700 5700
1503 CONNECTION 752 879 300 1800 3900 3900
1504 CONNECTION 752 693 300 3720 5820 5820
1505 CONNECTION 752 48 300 2460 4560 4560
1506 CONNECTION 752 710 300 4980 7080 7080
1507 CONNECTION 752 1028 300 3600 5700 5700
1508 CONNECTION 752 881 300 6780 8880 8880
1509 CONNECTION 752 1057 300 7200 9300 9300
1510 CONNECTION 752 25 300 5400 7500 7500
1511 CONNECTION 752 1014 300 7320 9420 9420
1512 CONNECTION 669 670 -1 -1 2820 2820
1513 CONNECTION 669 0 -1 -1 2400 2400
1514 CONNECTION 669 68 -1 -1 3180 3180
1515 CONNECTION 669 138 -1 -1 3180 3180
1516 CONNECTION 669 855 -1 -1 4620 4620
1517 CONNECTION 669 257 300 2880 4980 4980
1518 CONNECTION 669 365 300 2880 4980 4980
1519 CONNECTION 669 991 300 4320 6420 6420
1520 CONNECTION 669 1051 300 4320 6420 6420
1521 CONNECTION 669 434 300 3900 6000 6000
1522 CONNECTION 669 499 300 4680 6780 6780
1523 CONNECTION 669 566 300 4680 6780 6780
1524 CONNECTION 669 162 300 6120 8220 8220
1525 CONNECTION 669 140 300 6480 8580 8580
1526 CONNECTION 669 672 300 6480 8580 8580
1527 CONNECTION 795 796 -1 -1 2820 2820
1528 CONNECTION 795 0 -1 -1 2400 2400
1529 CONNECTION 795 68 -1 -1 3180 3180
1530 CONNECTION 795 138 -1 -1 3180 3180
1531 CONNECTION 795 855 -1 -1 4620 4620
1532 CONNECTION 795 257 300 2880 4980 4980
1533 CONNECTION 795 365 300 2880 4980 4980
1534 CONNECTION 795 991 300 4320 6420 6420
1535 CONNECTION 795 1051 300 4320 6420 6420
1536 CONNECTION 795 434 300 3900 6000 6000
1537 CONNECTION 795 499 300 4680 6780 6780
1538 CONNECTION 795 566 300 4680 6780 6780
1539 CONNECTION 795 162 300 6120 8220 8220
1540 CONNECTION 795 140 300 6480 8580 8580
1541 CONNECTION 795 672 300 6480 8580 8580
1542 CONNECTION 952 953 -1 -1 1200 1200
1543 CONNECTION 952 585 -1 -1 2820 2820
1544 CONNECTION 952 96 -1 -1 3000 3000
1545 CONNECTION 952 1027 -1 -1 4860 4860
1546 CONNECTION 952 774 300 2520 4620 4620
1547 CONNECTION 952 301 300 2700 4800 4800
1548 CONNECTION 952 655 300 2700 4800 4800
1549 CONNECTION 952 24 300 4560 6660 6660
1550 CONNECTION 952 903 300 4320 6420 6420
1551 CONNECTION 952 527 300 4500 6600 6600
1552 CONNECTION 952 219 300 6360 8460 8460
1553 CONNECTION 952 1064 300 6120 8220 8220
1554 CONNECTION 497 498 -1 -1 3900 3900
1555 CONNECTION 497 671 -1 -1 5700 5700
1556 CONNECTION 497 797 300 4620 6720 6720
1557 CONNECTION 497 856 300 5400 7500 7500
1558 CONNECTION 497 992 300 7200 9300 9300
1559 CONNECTION 706 707 -1 -1 3000 3000
1560 CONNECTION 706 406 -1 -1 2760 2760
1561 CONNECTION 706 239 -1 -1 2940 2940
1562 CONNECTION 706 953 -1 -1 2940 2940
1563 CONNECTION 706 878 -1 -1 4800 4800
1564 CONNECTION 706 585 300 2460 4560 4560
1565 CONNECTION 706 96 300 2640 4740 4740
1566 CONNECTION 706 1027 300 4500 6600 6600
1567 CONNECTION 706 774 300 4260 6360 6360
1568 CONNECTION 706 301 300 4440 6540 6540
1569 CONNECTION 706 655 300 4440 6540 6540
1570 CONNECTION 706 24 300 6300 8400 8400
1571 CONNECTION 706 903 300 6060 8160 8160
1572 CONNECTION 853 854 -1 -1 1860 1860
1573 CONNECTION 853 546 -1 -1 2880 2880
1574 CONNECTION 853 565 -1 -1 4500 4500
1575 CONNECTION 853 900 -1 -1 3060 3060
1576 CONNECTION 853 990 -1 -1 3660 3660
1577 CONNECTION 853 1050 -1 -1 3660 3660
1578 CONNECTION 853 476 -1 -1 3660 3660
1579 CONNECTION 853 1 -1 -1 4080 4080
1580 CONNECTION 853 119 -1 -1 4680 4680
1581 CONNECTION 853 749 -1 -1 4680 4680
1582 CONNECTION 853 69 300 2760 4860 4860
1583 CONNECTION 853 139 300 4200 6300 6300
1584 CONNECTION 853 161 300 3360 5460 5460
1585 CONNECTION 853 620 300 3840 5940 5940
1586 CONNECTION 853 345 300 4380 6480 6480
1587 CONNECTION 853 258 300 4560 6660 6660
1588 CONNECTION 853 366 300 6000 8100 8100
1589 CONNECTION 853 326 300 5160 7260 7260
1590 CONNECTION 853 409 300 5160 7260 7260
1591 CONNECTION 853 836 300 5160 7260 7260
1592 CONNECTION 853 435 300 5580 7680 7680
1593 CONNECTION 853 548 300 6180 8280 8280
1594 CONNECTION 853 500 300 6360 8460 8460
1595 CONNECTION 853 567 300 7800 9900 9900
1596 CONNECTION 45 46 -1 -1 1560 1560
1597 CONNECTION 45 772 -1 -1 2760 2760
1598 CONNECTION 45 835 -1 -1 2940 2940
1599 CONNECTION 45 160 -1 -1 3540 3540
1600 CONNECTION 45 901 300 2460 4560 4560
1601 CONNECTION 45 477 300 3060 5160 5160
1602 CONNECTION 45 325 300 3240 5340 5340
1603 CONNECTION 45 408 300 3240 5340 5340
1604 CONNECTION 45 2 300 3360 5460 5460
1605 CONNECTION 45 70 300 4260 6360 6360
1606 CONNECTION 45 386 300 4440 6540 6540
1607 CONNECTION 45 587 300 5040 7140 7140
1608 CONNECTION 45 259 300 6060 8160 8160
1609 CONNECTION 67 68 -1 -1 1860 1860
1610 CONNECTION 67 855 -1 -1 3300 3300
1611 CONNECTION 67 257 -1 -1 3660 3660
1612 CONNECTION 67 365 -1 -1 3660 3660
1613 CONNECTION 67 991 -1 -1 5100 5100
1614 CONNECTION 67 1051 -1 -1 5100 5100
1615 CONNECTION 67 434 -1 -1 4680 4680
1616 CONNECTION 67 499 300 3360 5460 5460
1617 CONNECTION 67 566 300 3360 5460 5460
1618 CONNECTION 67 162 300 4800 6900 6900
1619 CONNECTION 67 140 300 5160 7260 7260
1620 CONNECTION 67 672 300 5160 7260 7260
1621 CONNECTION 67 327 300 6600 8700 8700
1622 CONNECTION 67 410 300 6600 8700 8700
1623 CONNECTION 67 798 300 6180 8280 8280
1624 CONNECTION 988 989 -1 -1 1620 1620
1625 CONNECTION 988 772 -1 -1 2640 2640
1626 CONNECTION 988 835 -1 -1 2820 2820
1627 CONNECTION 988 160 -1 -1 3420 3420
1628 CONNECTION 988 901 -1 -1 4440 4440
1629 CONNECTION 988 477 300 2940 5040 5040
1630 CONNECTION 988 325 300 3120 5220 5220
1631 CONNECTION 988 408 300 3120 5220 5220
1632 CONNECTION 988 2 300 3240 5340 5340
1633 CONNECTION 988 70 300 4140 6240 6240
1634 CONNECTION 988 386 300 4320 6420 6420
1635 CONNECTION 988 587 300 4920 7020 7020
1636 CONNECTION 988 259 300 5940 8040 8040
1637 CONNECTION 988 837 300 6540 8640 8640
1638 CONNECTION 692 300 -1 -1 3480 3480
1639 CONNECTION 692 708 -1 -1 2100 2100
1640 CONNECTION 692 526 -1 -1 5280 5280
1641 CONNECTION 692 755 -1 -1 5700 5700
1642 CONNECTION 692 879 300 1800 3900 3900
1643 CONNECTION 692 693 300 3720 5820 5820
1644 CONNECTION 692 48 300 2460 4560 4560
1645 CONNECTION 692 710 300 4980 7080 7080
1646 CONNECTION 692 1028 300 3600 5700 5700
1647 CONNECTION 692 881 300 6780 8880 8880
1648 CONNECTION 692 1057 300 7200 9300 9300
1649 CONNECTION 692 25 300 5400 7500 7500
1650 CONNECTION 692 1014 300 7320 9420 9420
1651 CONNECTION 924 925 -1 -1 3480 3480
1652 CONNECTION 924 47 -1 -1 4080 4080
1653 CONNECTION 924 1026 -1 -1 2220 2220
1654 CONNECTION 924 407 -1 -1 2940 2940
1655 CONNECTION 924 240 -1 -1 5040 5040
1656 CONNECTION 924 954 -1 -1 3660 3660
1657 CONNECTION 924 773 -1 -1 3180 3180
1658 CONNECTION 924 385 -1 -1 4140 4140
1659 CONNECTION 924 975 -1 -1 3780 3780
1660 CONNECTION 924 23 -1 -1 4020 4020
1661 CONNECTION 924 586 300 2640 4740 4740
1662 CONNECTION 924 97 300 3360 5460 5460
1663 CONNECTION 924 184 300 3360 5460 5460
1664 CONNECTION 924 202 300 4980 7080 7080
1665 CONNECTION 924 902 300 2880 4980 4980
1666 CONNECTION 924 478 300 5580 7680 7680
1667 CONNECTION 924 218 300 3720 5820 5820
1668 CONNECTION 924 775 300 4440 6540 6540
1669 CONNECTION 924 302 300 5160 7260 7260
1670 CONNECTION 924 656 300 6540 8640 8640
1671 CONNECTION 924 71 300 4680 6780 6780
1672 CONNECTION 924 284 300 5280 7380 7380
1673 CONNECTION 924 756 300 5640 7740 7740
1674 CONNECTION 924 457 300 5520 7620 7620
1675 CONNECTION 924 904 300 6240 8340 8340
1676 CONNECTION 924 528 300 6960 9060 9060
1677 CONNECTION 924 607 300 6960 9060 9060
1678 SINK 924 7 -1 -1 0 0
1679 CONNECTION 1048 1049 -1 -1 1620 1620
1680 CONNECTION 1048 772 -1 -1 2640 2640
1681 CONNECTION 1048 835 -1 -1 2820 2820
1682 CONNECTION 1048 160 -1 -1 3420 3420
1683 CONNECTION 1048 901 -1 -1 4440 4440
1684 CONNECTION 1048 477 300 2940 5040 5040
1685 CONNECTION 1048 325 300 3120 5220 5220
1686 CONNECTION 1048 408 300 3120 5220 5220
1687 CONNECTION 1048 2 300 3240 5340 5340
1688 CONNECTION 1048 70 300 4140 6240 6240
1689 CONNECTION 1048 386 300 4320 6420 6420
1690 CONNECTION 1048 587 300 4920 7020 7020
1691 CONNECTION 1048 259 300 5940 8040 8040
1692 CONNECTION 1048 837 300 6540 8640 8640
1693 CONNECTION 633 634 -1 -1 2040 2040
1694 CONNECTION 633 22 -1 -1 2760 2760
1695 CONNECTION 633 201 -1 -1 3540 3540
1696 CONNECTION 633 324 -1 -1 2880 2880
1697 CONNECTION 633 815 -1 -1 3840 3840
1698 CONNECTION 633 940 -1 -1 3720 3720
1699 CONNECTION 633 217 -1 -1 4560 4560
1700 CONNECTION 633 955 300 3540 5640 5640
1701 CONNECTION 633 456 300 4260 6360 6360
1702 CONNECTION 633 621 300 5040 7140 7140
1703 CONNECTION 633 731 300 4380 6480 6480
1704 CONNECTION 633 98 300 5340 7440 7440
1705 CONNECTION 633 185 300 5220 7320 7320
1706 CONNECTION 633 636 300 6060 8160 8160
1707 CONNECTION 1012 1013 -1 -1 2640 2640
1708 CONNECTION 1012 283 -1 -1 4740 4740
1709 CONNECTION 1012 606 -1 -1 5520 5520
1710 CONNECTION 1012 241 300 4140 6240 6240
1711 CONNECTION 1012 694 300 6240 8340 8340
1712 CONNECTION 1012 926 300 7020 9120 9120
1713 CONNECTION 298 299 -1 -1 1980 1980
1714 CONNECTION 298 525 -1 -1 3780 3780
1715 CONNECTION 298 754 300 1800 3900 3900
1716 CONNECTION 298 709 300 3480 5580 5580
1717 CONNECTION 298 880 300 5280 7380 7380
1718 CONNECTION 298 1056 300 5400 7500 7500
1719 CONNECTION 729 730 -1 -1 1440 1440
1720 CONNECTION 729 772 -1 -1 2340 2340
1721 CONNECTION 729 835 -1 -1 2520 2520
1722 CONNECTION 729 160 -1 -1 3120 3120
1723 CONNECTION 729 901 -1 -1 4140 4140
1724 CONNECTION 729 477 300 2640 4740 4740
1725 CONNECTION 729 325 300 2820 4920 4920
1726 CONNECTION 729 408 300 2820 4920 4920
1727 CONNECTION 729 2 300 2940 5040 5040
1728 CONNECTION 729 70 300 3840 5940 5940
1729 CONNECTION 729 386 300 4020 6120 6120
1730 CONNECTION 729 587 300 4620 6720 6720
1731 CONNECTION 729 259 300 5640 7740 7740
1732 CONNECTION 729 837 300 6240 8340 8340
1733 CONNECTION 729 732 300 6420 8520 8520
1734 CONNECTION 729 776 300 6420 8520 8520
1735 CONNECTION 94 95 -1 -1 3000 3000
1736 CONNECTION 94 524 -1 -1 1620 1620
1737 CONNECTION 94 282 -1 -1 3540 3540
1738 CONNECTION 94 753 -1 -1 2280 2280
1739 CONNECTION 94 300 -1 -1 4800 4800
1740 CONNECTION 94 708 -1 -1 3420 3420
1741 CONNECTION 94 526 300 4500 6600 6600
1742 CONNECTION 94 755 300 4920 7020 7020
1743 CONNECTION 94 879 300 3120 5220 5220
1744 CONNECTION 94 693 300 5040 7140 7140
1745 CONNECTION 94 48 300 3780 5880 5880
1746 CONNECTION 94 710 300 6300 8400 8400
1747 CONNECTION 94 1028 300 4920 7020 7020
1748 CONNECTION 454 455 -1 -1 4020 4020
1749 CONNECTION 454 547 -1 -1 5280 5280
1750 CONNECTION 454 635 300 3720 5820 5820
1751 CONNECTION 454 120 300 4980 7080 7080
1752 CONNECTION 454 816 300 5520 7620 7620
1753 CONNECTION 454 346 300 6780 8880 8880
1754 CONNECTION 619 990 -1 -1 2640 2640
1755 CONNECTION 619 1050 -1 -1 2640 2640
1756 CONNECTION 619 476 -1 -1 2640 2640
1757 CONNECTION 619 1 -1 -1 3060 3060
1758 CONNECTION 619 119 -1 -1 3660 3660
1759 CONNECTION 619 749 -1 -1 3660 3660
1760 CONNECTION 619 69 -1 -1 3840 3840
1761 CONNECTION 619 139 -1 -1 5280 5280
1762 CONNECTION 619 161 -1 -1 4440 4440
1763 CONNECTION 619 620 300 2820 4920 4920
1764 CONNECTION 619 345 300 3360 5460 5460
1765 CONNECTION 619 258 300 3540 5640 5640
1766 CONNECTION 619 366 300 4980 7080 7080
1767 CONNECTION 619 326 300 4140 6240 6240
1768 CONNECTION 619 409 300 4140 6240 6240
1769 CONNECTION 619 836 300 4140 6240 6240
1770 CONNECTION 619 435 300 4560 6660 6660
1771 CONNECTION 619 548 300 5160 7260 7260
1772 CONNECTION 619 500 300 5340 7440 7440
1773 CONNECTION 619 567 300 6780 8880 8880
1774 CONNECTION 619 588 300 5940 8040 8040
1775 CONNECTION 619 941 300 6420 8520 8520
1776 CONNECTION 383 384 -1 -1 3300 3300
1777 CONNECTION 383 524 -1 -1 1500 1500
1778 CONNECTION 383 282 -1 -1 3420 3420
1779 CONNECTION 383 753 -1 -1 2160 2160
1780 CONNECTION 383 300 -1 -1 4680 4680
1781 CONNECTION 383 708 -1 -1 3300 3300
1782 CONNECTION 383 526 300 4380 6480 6480
1783 CONNECTION 383 755 300 4800 6900 6900
1784 CONNECTION 383 879 300 3000 5100 5100
1785 CONNECTION 383 693 300 4920 7020 7020
1786 CONNECTION 383 48 300 3660 5760 5760
1787 CONNECTION 383 710 300 6180 8280 8280
1788 CONNECTION 383 1028 300 4800 6900 6900
1789 CONNECTION 383 881 300 7980 10080 10080
1790 CONNECTION 158 159 -1 -1 1560 1560
1791 CONNECTION 158 584 -1 -1 1800 1800
1792 CONNECTION 158 47 -1 -1 4500 4500
1793 CONNECTION 158 1026 -1 -1 2640 2640
1794 CONNECTION 158 407 -1 -1 3360 3360
1795 CONNECTION 158 240 -1 -1 5460 5460
1796 CONNECTION 158 954 -1 -1 4080 4080
1797 CONNECTION 158 773 -1 -1 3600 3600
1798 CONNECTION 158 385 300 2460 4560 4560
1799 CONNECTION 158 975 300 2100 4200 4200
1800 CONNECTION 158 23 300 2340 4440 4440
1801 CONNECTION 158 586 300 3060 5160 5160
1802 CONNECTION 158 97 300 3780 5880 5880
1803 CONNECTION 158 184 300 3780 5880 5880
1804 CONNECTION 158 202 300 5400 7500 7500
1805 CONNECTION 158 902 300 3300 5400 5400
1806 CONNECTION 158 478 300 6000 8100 8100
1807 CONNECTION 158 218 300 4140 6240 6240
1808 CONNECTION 158 775 300 4860 6960 6960
1809 CONNECTION 158 302 300 5580 7680 7680
1810 CONNECTION 158 656 300 6960 9060 9060
1811 CONNECTION 158 71 300 5100 7200 7200
1812 CONNECTION 158 284 300 5700 7800 7800
1813 CONNECTION 158 756 300 6060 8160 8160
1814 CONNECTION 158 457 300 5940 8040 8040
1815 SINK 158 7 -1 -1 0 0
1816 CONNECTION 343 855 -1 -1 3600 3600
1817 CONNECTION 343 257 -1 -1 3960 3960
1818 CONNECTION 343 365 -1 -1 3960 3960
1819 CONNECTION 343 991 -1 -1 5400 5400
1820 CONNECTION 343 1051 -1 -1 5400 5400
1821 CONNECTION 343 434 300 2880 4980 4980
1822 CONNECTION 343 499 300 3660 5760 5760
1823 CONNECTION 343 566 300 3660 5760 5760
1824 CONNECTION 343 162 300 5100 7200 7200
1825 CONNECTION 343 140 300 5460 7560 7560
1826 CONNECTION 343 672 300 5460 7560 7560
1827 CONNECTION 343 327 300 6900 9000 9000
1828 CONNECTION 343 410 300 6900 9000 9000
1829 CONNECTION 343 798 300 6480 8580 8580
1830 CONNECTION 405 406 -1 -1 1800 1800
1831 CONNECTION 405 239 -1 -1 1980 1980
1832 CONNECTION 405 953 -1 -1 1980 1980
1833 CONNECTION 405 878 -1 -1 3840 3840
1834 CONNECTION 405 585 -1 -1 3600 3600
1835 CONNECTION 405 96 -1 -1 3780 3780
1836 CONNECTION 405 1027 -1 -1 5640 5640
1837 CONNECTION 405 774 300 3300 5400 5400
1838 CONNECTION 405 301 300 3480 5580 5580
1839 CONNECTION 405 655 300 3480 5580 5580
1840 CONNECTION 405 24 300 5340 7440 7440
1841 CONNECTION 405 903 300 5100 7200 7200
1842 CONNECTION 405 527 300 5280 7380 7380
1843 CONNECTION 405 219 300 7140 9240 9240
1844 CONNECTION 813 814 -1 -1 2100 2100
1845 CONNECTION 813 47 -1 -1 4320 4320
1846 CONNECTION 813 1026 -1 -1 2460 2460
1847 CONNECTION 813 407 -1 -1 3180 3180
1848 CONNECTION 813 240 -1 -1 5280 5280
1849 CONNECTION 813 954 -1 -1 3900 3900
1850 CONNECTION 813 773 -1 -1 3420 3420
1851 CONNECTION 813 385 -1 -1 4380 4380
1852 CONNECTION 813 975 -1 -1 4020 4020
1853 CONNECTION 813 23 300 2160 4260 4260
1854 CONNECTION 813 586 300 2880 4980 4980
1855 CONNECTION 813 97 300 3600 5700 5700
1856 CONNECTION 813 184 300 3600 5700 5700
1857 CONNECTION 813 202 300 5220 7320 7320
1858 CONNECTION 813 902 300 3120 5220 5220
1859 CONNECTION 813 478 300 5820 7920 7920
1860 CONNECTION 813 218 300 3960 6060 6060
1861 CONNECTION 813 775 300 4680 6780 6780
1862 CONNECTION 813 302 300 5400 7500 7500
1863 CONNECTION 813 656 300 6780 8880 8880
1864 CONNECTION 813 71 300 4920 7020 7020
1865 CONNECTION 813 284 300 5520 7620 7620
1866 CONNECTION 813 756 300 5880 7980 7980
1867 CONNECTION 813 457 300 5760 7860 7860
1868 CONNECTION 813 904 300 6480 8580 8580
1869 SINK 813 7 -1 -1 0 0
1870 CONNECTION 583 584 -1 -1 1200 1200
1871 CONNECTION 583 47 -1 -1 3900 3900
1872 CONNECTION 583 1026 -1 -1 2040 2040
1873 CONNECTION 583 407 -1 -1 2760 2760
1874 CONNECTION 583 240 -1 -1 4860 4860
1875 CONNECTION 583 954 -1 -1 3480 3480
1876 CONNECTION 583 773 -1 -1 3000 3000
1877 CONNECTION 583 385 -1 -1 3960 3960
1878 CONNECTION 583 975 -1 -1 3600 3600
1879 CONNECTION 583 23 -1 -1 3840 3840
1880 CONNECTION 583 586 300 2460 4560 4560
1881 CONNECTION 583 97 300 3180 5280 5280
1882 CONNECTION 583 184 300 3180 5280 5280
1883 CONNECTION 583 202 300 4800 6900 6900
1884 CONNECTION 583 902 300 2700 4800 4800
1885 CONNECTION 583 478 300 5400 7500 7500
1886 CONNECTION 583 218 300 3540 5640 5640
1887 CONNECTION 583 775 300 4260 6360 6360
1888 CONNECTION 583 302 300 4980 7080 7080
1889 CONNECTION 583 656 300 6360 8460 8460
1890 CONNECTION 583 71 300 4500 6600 6600
1891 CONNECTION 583 284 300 5100 7200 7200
1892 CONNECTION 583 756 300 5460 7560 7560
1893 CONNECTION 583 457 300 5340 7440 7440
1894 CONNECTION 583 904 300 6060 8160 8160
1895 CONNECTION 583 528 300 6780 8880 8880
1896 CONNECTION 583 607 300 6780 8880 8880
1897 CONNECTION 583 622 300 8400 10500 10500
1898 SINK 583 7 -1 -1 0 0
1899 CONNECTION 707 708 -1 -1 960 960
1900 CONNECTION 707 526 -1 -1 4140 4140
1901 CONNECTION 707 755 -1 -1 4560 4560
1902 CONNECTION 707 879 -1 -1 2760 2760
1903 CONNECTION 707 693 -1 -1 4680 4680
1904 CONNECTION 707 48 -1 -1 3420 3420
1905 CONNECTION 707 710 300 3840 5940 5940
1906 CONNECTION 707 1028 300 2460 4560 4560
1907 CONNECTION 707 881 300 5640 7740 7740
1908 CONNECTION 707 1057 300 6060 8160 8160
1909 CONNECTION 707 25 300 4260 6360 6360
1910 CONNECTION 707 1014 300 6180 8280 8280
1911 CONNECTION 707 479 300 4920 7020 7020
1912 CONNECTION 707 1030 300 7440 9540 9540
1913 CONNECTION 21 22 -1 -1 2100 2100
1914 CONNECTION 21 201 -1 -1 2880 2880
1915 CONNECTION 21 324 -1 -1 2220 2220
1916 CONNECTION 21 815 -1 -1 3180 3180
1917 CONNECTION 21 940 -1 -1 3060 3060
1918 CONNECTION 21 217 -1 -1 3900 3900
1919 CONNECTION 21 955 300 2880 4980 4980
1920 CONNECTION 21 456 300 3600 5700 5700
1921 CONNECTION 21 621 300 4380 6480 6480
1922 CONNECTION 21 731 300 3720 5820 5820
1923 CONNECTION 21 98 300 4680 6780 6780
1924 CONNECTION 21 185 300 4560 6660 6660
1925 CONNECTION 21 636 300 5400 7500 7500
1926 CONNECTION 21 303 300 6480 8580 8580
1927 CONNECTION 564 565 -1 -1 3060 3060
1928 CONNECTION 564 476 -1 -1 2220 2220
1929 CONNECTION 564 1 -1 -1 2640 2640
1930 CONNECTION 564 119 -1 -1 3240 3240
1931 CONNECTION 564 749 -1 -1 3240 3240
1932 CONNECTION 564 69 -1 -1 3420 3420
1933 CONNECTION 564 139 -1 -1 4860 4860
1934 CONNECTION 564 161 -1 -1 4020 4020
1935 CONNECTION 564 620 -1 -1 4500 4500
1936 CONNECTION 564 345 300 2940 5040 5040
1937 CONNECTION 564 258 300 3120 5220 5220
1938 CONNECTION 564 366 300 4560 6660 6660
1939 CONNECTION 564 326 300 3720 5820 5820
1940 CONNECTION 564 409 300 3720 5820 5820
1941 CONNECTION 564 836 300 3720 5820 5820
1942 CONNECTION 564 435 300 4140 6240 6240
1943 CONNECTION 564 548 300 4740 6840 6840
1944 CONNECTION 564 500 300 4920 7020 7020
1945 CONNECTION 564 567 300 6360 8460 8460
1946 CONNECTION 564 588 300 5520 7620 7620
1947 CONNECTION 564 941 300 6000 8100 8100
1948 CONNECTION 564 121 300 6540 8640 8640
1949 CONNECTION 899 900 -1 -1 1620 1620
1950 CONNECTION 899 476 -1 -1 2220 2220
1951 CONNECTION 899 1 -1 -1 2640 2640
1952 CONNECTION 899 119 -1 -1 3240 3240
1953 CONNECTION 899 749 -1 -1 3240 3240
1954 CONNECTION 899 69 -1 -1 3420 3420
1955 CONNECTION 899 139 -1 -1 4860 4860
1956 CONNECTION 899 161 -1 -1 4020 4020
1957 CONNECTION 899 620 -1 -1 4500 4500
1958 CONNECTION 899 345 300 2940 5040 5040
1959 CONNECTION 899 258 300 3120 5220 5220
1960 CONNECTION 899 366 300 4560 6660 6660
1961 CONNECTION 899 326 300 3720 5820 5820
1962 CONNECTION 899 409 300 3720 5820 5820
1963 CONNECTION 899 836 300 3720 5820 5820
1964 CONNECTION 899 435 300 4140 6240 6240
1965 CONNECTION 899 548 300 4740 6840 6840
1966 CONNECTION 899 500 300 4920 7020 7020
1967 CONNECTION 899 567 300 6360 8460 8460
1968 CONNECTION 899 588 300 5520 7620 7620
1969 CONNECTION 899 941 300 6000 8100 8100
1970 CONNECTION 899 121 300 6540 8640 8640
1971 CONNECTION 364 547 -1 -1 3720 3720
1972 CONNECTION 364 635 -1 -1 4260 4260
1973 CONNECTION 364 120 -1 -1 5520 5520
1974 CONNECTION 364 816 300 3960 6060 6060
1975 CONNECTION 364 346 300 5220 7320 7320
1976 CONNECTION 364 956 300 5760 7860 7860
1977 CONNECTION 364 549 300 7020 9120 9120
1978 CONNECTION 771 772 -1 -1 1560 1560
1979 CONNECTION 771 160 -1 -1 2340 2340
1980 CONNECTION 771 901 -1 -1 3360 3360
1981 CONNECTION 771 477 -1 -1 3960 3960
1982 CONNECTION 771 325 -1 -1 4140 4140
1983 CONNECTION 771 408 -1 -1 4140 4140
1984 CONNECTION 771 2 -1 -1 4260 4260
1985 CONNECTION 771 70 300 3060 5160 5160
1986 CONNECTION 771 386 300 3240 5340 5340
1987 CONNECTION 771 587 300 3840 5940 5940
1988 CONNECTION 771 259 300 4860 6960 6960
1989 CONNECTION 771 837 300 5460 7560 7560
1990 CONNECTION 771 732 300 5640 7740 7740
1991 CONNECTION 771 776 300 5640 7740 7740
1992 CONNECTION 771 436 300 5760 7860 7860
1993 CONNECTION 118 119 -1 -1 1860 1860
1994 CONNECTION 118 161 -1 -1 2640 2640
1995 CONNECTION 118 620 -1 -1 3120 3120
1996 CONNECTION 118 345 -1 -1 3660 3660
1997 CONNECTION 118 258 -1 -1 3840 3840
1998 CONNECTION 118 366 -1 -1 5280 5280
1999 CONNECTION 118 326 -1 -1 4440 4440
2000 CONNECTION 118 409 -1 -1 4440 4440
2001 CONNECTION 118 836 -1 -1 4440 4440
2002 CONNECTION 118 435 300 2760 4860 4860
2003 CONNECTION 118 548 300 3360 5460 5460
2004 CONNECTION 118 500 300 3540 5640 5640
2005 CONNECTION 118 567 300 4980 7080 7080
2006 CONNECTION 118 588 300 4140 6240 6240
2007 CONNECTION 118 941 300 4620 6720 6720
2008 CONNECTION 118 121 300 5160 7260 7260
2009 CONNECTION 118 141 300 6780 8880 8880
2010 CONNECTION 118 673 300 5340 7440 7440
2011 CONNECTION 118 733 300 5940 8040 8040
2012 CONNECTION 118 777 300 5940 8040 8040
2013 CONNECTION 118 49 300 5940 8040 8040
2014 CONNECTION 118 799 300 6360 8460 8460
2015 CONNECTION 748 749 -1 -1 1860 1860
2016 CONNECTION 748 161 -1 -1 2640 2640
2017 CONNECTION 748 620 -1 -1 3120 3120
2018 CONNECTION 748 345 -1 -1 3660 3660
2019 CONNECTION 748 258 -1 -1 3840 3840
2020 CONNECTION 748 366 -1 -1 5280 5280
2021 CONNECTION 748 326 -1 -1 4440 4440
2022 CONNECTION 748 409 -1 -1 4440 4440
2023 CONNECTION 748 836 -1 -1 4440 4440
2024 CONNECTION 748 435 300 2760 4860 4860
2025 CONNECTION 748 548 300 3360 5460 5460
2026 CONNECTION 748 500 300 3540 5640 5640
2027 CONNECTION 748 567 300 4980 7080 7080
2028 CONNECTION 748 588 300 4140 6240 6240
2029 CONNECTION 748 941 300 4620 6720 6720
2030 CONNECTION 748 121 300 5160 7260 7260
2031 CONNECTION 748 141 300 6780 8880 8880
2032 CONNECTION 748 673 300 5340 7440 7440
2033 CONNECTION 748 733 300 5940 8040 8040
2034 CONNECTION 748 777 300 5940 8040 8040
2035 CONNECTION 748 49 300 5940 8040 8040
2036 CONNECTION 748 799 300 6360 8460 8460
2037 CONNECTION 1025 1026 -1 -1 1200 1200
2038 CONNECTION 1025 240 -1 -1 4020 4020
2039 CONNECTION 1025 954 -1 -1 2640 2640
2040 CONNECTION 1025 773 -1 -1 2160 2160
2041 CONNECTION 1025 385 -1 -1 3120 3120
2042 CONNECTION 1025 975 -1 -1 2760 2760
2043 CONNECTION 1025 23 -1 -1 3000 3000
2044 CONNECTION 1025 586 -1 -1 3720 3720
2045 CONNECTION 1025 97 -1 -1 4440 4440
2046 CONNECTION 1025 184 -1 -1 4440 4440
2047 CONNECTION 1025 202 -1 -1 6060 6060
2048 CONNECTION 1025 902 -1 -1 3960 3960
2049 CONNECTION 1025 478 300 4560 6660 6660
2050 CONNECTION 1025 218 300 2700 4800 4800
2051 CONNECTION 1025 775 300 3420 5520 5520
2052 CONNECTION 1025 302 300 4140 6240 6240
2053 CONNECTION 1025 656 300 5520 7620 7620
2054 CONNECTION 1025 71 300 3660 5760 5760
2055 CONNECTION 1025 284 300 4260 6360 6360
2056 CONNECTION 1025 756 300 4620 6720 6720
2057 CONNECTION 1025 457 300 4500 6600 6600
2058 CONNECTION 1025 904 300 5220 7320 7320
2059 CONNECTION 1025 528 300 5940 8040 8040
2060 CONNECTION 1025 607 300 5940 8040 8040
2061 CONNECTION 1025 622 300 7560 9660 9660
2062 CONNECTION 1025 260 300 5460 7560 7560
2063 CONNECTION 1025 838 300 8160 10260 10260
2064 SINK 1025 7 -1 -1 0 0
2065 CONNECTION 654 585 -1 -1 3000 3000
2066 CONNECTION 654 96 -1 -1 3180 3180
2067 CONNECTION 654 1027 -1 -1 5040 5040
2068 CONNECTION 654 774 300 2700 4800 4800
2069 CONNECTION 654 301 300 2880 4980 4980
2070 CONNECTION 654 655 300 2880 4980 4980
2071 CONNECTION 654 24 300 4740 6840 6840
2072 CONNECTION 654 903 300 4500 6600 6600
2073 CONNECTION 654 527 300 4680 6780 6780
2074 CONNECTION 654 219 300 6540 8640 8640
2075 CONNECTION 834 835 -1 -1 1620 1620
2076 CONNECTION 834 160 -1 -1 2220 2220
2077 CONNECTION 834 901 -1 -1 3240 3240
2078 CONNECTION 834 477 -1 -1 3840 3840
2079 CONNECTION 834 325 -1 -1 4020 4020
2080 CONNECTION 834 408 -1 -1 4020 4020
2081 CONNECTION 834 2 -1 -1 4140 4140
2082 CONNECTION 834 70 300 2940 5040 5040
2083 CONNECTION 834 386 300 3120 5220 5220
2084 CONNECTION 834 587 300 3720 5820 5820
2085 CONNECTION 834 259 300 4740 6840 6840
2086 CONNECTION 834 837 300 5340 7440 7440
2087 CONNECTION 834 732 300 5520 7620 7620
2088 CONNECTION 834 776 300 5520 7620 7620
2089 CONNECTION 834 436 300 5640 7740 7740
2090 CONNECTION 834 501 300 6540 8640 8640
2091 CONNECTION 974 975 -1 -1 1200 1200
2092 CONNECTION 974 586 -1 -1 2160 2160
2093 CONNECTION 974 97 -1 -1 2880 2880
2094 CONNECTION 974 184 -1 -1 2880 2880
2095 CONNECTION 974 202 -1 -1 4500 4500
2096 CONNECTION 974 902 -1 -1 2400 2400
2097 CONNECTION 974 478 -1 -1 5100 5100
2098 CONNECTION 974 218 -1 -1 3240 3240
2099 CONNECTION 974 775 -1 -1 3960 3960
2100 CONNECTION 974 302 -1 -1 4680 4680
2101 CONNECTION 974 656 -1 -1 6060 6060
2102 CONNECTION 974 71 300 2100 4200 4200
2103 CONNECTION 974 284 300 2700 4800 4800
2104 CONNECTION 974 756 300 3060 5160 5160
2105 CONNECTION 974 457 300 2940 5040 5040
2106 CONNECTION 974 904 300 3660 5760 5760
2107 CONNECTION 974 528 300 4380 6480 6480
2108 CONNECTION 974 607 300 4380 6480 6480
2109 CONNECTION 974 622 300 6000 8100 8100
2110 CONNECTION 974 260 300 3900 6000 6000
2111 CONNECTION 974 838 300 6600 8700 8700
2112 CONNECTION 974 637 300 4740 6840 6840
2113 CONNECTION 974 1065 300 5460 7560 7560
2114 CONNECTION 974 712 300 6180 8280 8280
2115 CONNECTION 974 977 300 7560 9660 9660
2116 CONNECTION 974 502 300 5700 7800 7800
2117 SINK 974 7 -1 -1 0 0
2118 CONNECTION 95 96 -1 -1 1200 1200
2119 CONNECTION 95 774 -1 -1 2820 2820
2120 CONNECTION 95 301 -1 -1 3000 3000
2121 CONNECTION 95 655 -1 -1 3000 3000
2122 CONNECTION 95 24 -1 -1 4860 4860
2123 CONNECTION 95 903 300 2520 4620 4620
2124 CONNECTION 95 527 300 2700 4800 4800
2125 CONNECTION 95 219 300 4560 6660 6660
2126 CONNECTION 95 1064 300 4320 6420 6420
2127 CONNECTION 95 711 300 4500 6600 6600
2128 CONNECTION 95 976 300 4500 6600 6600
2129 CONNECTION 95 458 300 6360 8460 8460
2130 CONNECTION 95 163 300 6120 8220 8220
2131 CONNECTION 854 855 -1 -1 2820 2820
2132 CONNECTION 854 257 -1 -1 3180 3180
2133 CONNECTION 854 365 -1 -1 3180 3180
2134 CONNECTION 854 991 -1 -1 4620 4620
2135 CONNECTION 854 1051 -1 -1 4620 4620
2136 CONNECTION 854 434 -1 -1 4200 4200
2137 CONNECTION 854 499 300 2880 4980 4980
2138 CONNECTION 854 566 300 2880 4980 4980
2139 CONNECTION 854 162 300 4320 6420 6420
2140 CONNECTION 854 140 300 4680 6780 6780
2141 CONNECTION 854 672 300 4680 6780 6780
2142 CONNECTION 854 327 300 6120 8220 8220
2143 CONNECTION 854 410 300 6120 8220 8220
2144 CONNECTION 854 798 300 5700 7800 7800
2145 CONNECTION 854 367 300 6480 8580 8580
2146 CONNECTION 854 857 300 6480 8580 8580
2147 CONNECTION 46 47 -1 -1 3300 3300
2148 CONNECTION 46 407 -1 -1 2160 2160
2149 CONNECTION 46 240 -1 -1 4260 4260
2150 CONNECTION 46 954 -1 -1 2880 2880
2151 CONNECTION 46 773 -1 -1 2400 2400
2152 CONNECTION 46 385 -1 -1 3360 3360
2153 CONNECTION 46 975 -1 -1 3000 3000
2154 CONNECTION 46 23 -1 -1 3240 3240
2155 CONNECTION 46 586 -1 -1 3960 3960
2156 CONNECTION 46 97 -1 -1 4680 4680
2157 CONNECTION 46 184 -1 -1 4680 4680
2158 CONNECTION 46 202 -1 -1 6300 6300
2159 CONNECTION 46 902 300 2100 4200 4200
2160 CONNECTION 46 478 300 4800 6900 6900
2161 CONNECTION 46 218 300 2940 5040 5040
2162 CONNECTION 46 775 300 3660 5760 5760
2163 CONNECTION 46 302 300 4380 6480 6480
2164 CONNECTION 46 656 300 5760 7860 7860
2165 CONNECTION 46 71 300 3900 6000 6000
2166 CONNECTION 46 284 300 4500 6600 6600
2167 CONNECTION 46 756 300 4860 6960 6960
2168 CONNECTION 46 457 300 4740 6840 6840
2169 CONNECTION 46 904 300 5460 7560 7560
2170 CONNECTION 46 528 300 6180 8280 8280
2171 CONNECTION 46 607 300 6180 8280 8280
2172 CONNECTION 46 622 300 7800 9900 9900
2173 CONNECTION 46 260 300 5700 7800 7800
2174 SINK 46 7 -1 -1 0 0
2175 CONNECTION 670 671 -1 -1 3900 3900
2176 CONNECTION 670 797 -1 -1 4920 4920
2177 CONNECTION 670 856 -1 -1 5700 5700
2178 CONNECTION 670 992 300 5400 7500 7500
2179 CONNECTION 670 3 300 6420 8520 8520
2180 CONNECTION 670 1052 300 6420 8520 8520
2181 CONNECTION 670 72 300 7200 9300 9300
2182 CONNECTION 796 671 -1 -1 3900 3900
2183 CONNECTION 796 797 -1 -1 4920 4920
2184 CONNECTION 796 856 -1 -1 5700 5700
2185 CONNECTION 796 992 300 5400 7500 7500
2186 CONNECTION 796 3 300 6420 8520 8520
2187 CONNECTION 796 1052 300 6420 8520 8520
2188 CONNECTION 796 72 300 7200 9300 9300
2189 CONNECTION 877 878 -1 -1 3000 3000
2190 CONNECTION 877 585 -1 -1 2760 2760
2191 CONNECTION 877 96 -1 -1 2940 2940
2192 CONNECTION 877 1027 -1 -1 4800 4800
2193 CONNECTION 877 774 300 2460 4560 4560
2194 CONNECTION 877 301 300 2640 4740 4740
2195 CONNECTION 877 655 300 2640 4740 4740
2196 CONNECTION 877 24 300 4500 6600 6600
2197 CONNECTION 877 903 300 4260 6360 6360
2198 CONNECTION 877 527 300 4440 6540 6540
2199 CONNECTION 877 219 300 6300 8400 8400
2200 CONNECTION 877 1064 300 6060 8160 8160
2201 CONNECTION 384 385 -1 -1 1560 1560
2202 CONNECTION 384 586 -1 -1 2160 2160
2203 CONNECTION 384 97 -1 -1 2880 2880
2204 CONNECTION 384 184 -1 -1 2880 2880
2205 CONNECTION 384 202 -1 -1 4500 4500
2206 CONNECTION 384 902 -1 -1 2400 2400
2207 CONNECTION 384 478 -1 -1 5100 5100
2208 CONNECTION 384 218 -1 -1 3240 3240
2209 CONNECTION 384 775 -1 -1 3960 3960
2210 CONNECTION 384 302 -1 -1 4680 4680
2211 CONNECTION 384 656 -1 -1 6060 6060
2212 CONNECTION 384 71 300 2100 4200 4200
2213 CONNECTION 384 284 300 2700 4800 4800
2214 CONNECTION 384 756 300 3060 5160 5160
2215 CONNECTION 384 457 300 2940 5040 5040
2216 CONNECTION 384 904 300 3660 5760 5760
2217 CONNECTION 384 528 300 4380 6480 6480
2218 CONNECTION 384 607 300 4380 6480 6480
2219 CONNECTION 384 622 300 6000 8100 8100
2220 CONNECTION 384 260 300 3900 6000 6000
2221 CONNECTION 384 838 300 6600 8700 8700
2222 CONNECTION 384 637 300 4740 6840 6840
2223 CONNECTION 384 1065 300 5460 7560 7560
2224 CONNECTION 384 712 300 6180 8280 8280
2225 CONNECTION 384 977 300 7560 9660 9660
2226 CONNECTION 384 502 300 5700 7800 7800
2227 SINK 384 7 -1 -1 0 0
2228 CONNECTION 989 990 -1 -1 1860 1860
2229 CONNECTION 989 1 -1 -1 2280 2280
2230 CONNECTION 989 119 -1 -1 2880 2880
2231 CONNECTION 989 749 -1 -1 2880 2880
2232 CONNECTION 989 69 -1 -1 3060 3060
2233 CONNECTION 989 139 -1 -1 4500 4500
2234 CONNECTION 989 161 -1 -1 3660 3660
2235 CONNECTION 989 620 -1 -1 4140 4140
2236 CONNECTION 989 345 -1 -1 4680 4680
2237 CONNECTION 989 258 300 2760 4860 4860
2238 CONNECTION 989 366 300 4200 6300 6300
2239 CONNECTION 989 326 300 3360 5460 5460
2240 CONNECTION 989 409 300 3360 5460 5460
2241 CONNECTION 989 836 300 3360 5460 5460
2242 CONNECTION 989 435 300 3780 5880 5880
2243 CONNECTION 989 548 300 4380 6480 6480
2244 CONNECTION 989 500 300 4560 6660 6660
2245 CONNECTION 989 567 300 6000 8100 8100
2246 CONNECTION 989 588 300 5160 7260 7260
2247 CONNECTION 989 941 300 5640 7740 7740
2248 CONNECTION 989 121 300 6180 8280 8280
2249 CONNECTION 989 141 300 7800 9900 9900
2250 CONNECTION 989 673 300 6360 8460 8460
2251 CONNECTION 1049 1050 -1 -1 1860 1860
2252 CONNECTION 1049 1 -1 -1 2280 2280
2253 CONNECTION 1049 119 -1 -1 2880 2880
2254 CONNECTION 1049 749 -1 -1 2880 2880
2255 CONNECTION 1049 69 -1 -1 3060 3060
2256 CONNECTION 1049 139 -1 -1 4500 4500
2257 CONNECTION 1049 161 -1 -1 3660 3660
2258 CONNECTION 1049 620 -1 -1 4140 4140
2259 CONNECTION 1049 345 -1 -1 4680 4680
2260 CONNECTION 1049 258 300 2760 4860 4860
2261 CONNECTION 1049 366 300 4200 6300 6300
2262 CONNECTION 1049 326 300 3360 5460 5460
2263 CONNECTION 1049 409 300 3360 5460 5460
2264 CONNECTION 1049 836 300 3360 5460 5460
2265 CONNECTION 1049 435 300 3780 5880 5880
2266 CONNECTION 1049 548 300 4380 6480 6480
2267 CONNECTION 1049 500 300 4560 6660 6660
2268 CONNECTION 1049 567 300 6000 8100 8100
2269 CONNECTION 1049 588 300 5160 7260 7260
2270 CONNECTION 1049 941 300 5640 7740 7740
2271 CONNECTION 1049 121 300 6180 8280 8280
2272 CONNECTION 1049 141 300 7800 9900 9900
2273 CONNECTION 1049 673 300 6360 8460 8460
2274 CONNECTION 256 257 -1 -1 1860 1860
2275 CONNECTION 256 991 -1 -1 3300 3300
2276 CONNECTION 256 1051 -1 -1 3300 3300
2277 CONNECTION 256 434 -1 -1 2880 2880
2278 CONNECTION 256 499 -1 -1 3660 3660
2279 CONNECTION 256 566 -1 -1 3660 3660
2280 CONNECTION 256 162 -1 -1 5100 5100
2281 CONNECTION 256 140 300 3360 5460 5460
2282 CONNECTION 256 672 300 3360 5460 5460
2283 CONNECTION 256 327 300 4800 6900 6900
2284 CONNECTION 256 410 300 4800 6900 6900
2285 CONNECTION 256 798 300 4380 6480 6480
2286 CONNECTION 256 367 300 5160 7260 7260
2287 CONNECTION 256 857 300 5160 7260 7260
2288 CONNECTION 256 589 300 6600 8700 8700
2289 CONNECTION 159 160 -1 -1 1620 1620
2290 CONNECTION 159 901 -1 -1 2640 2640
2291 CONNECTION 159 477 -1 -1 3240 3240
2292 CONNECTION 159 325 -1 -1 3420 3420
2293 CONNECTION 159 408 -1 -1 3420 3420
2294 CONNECTION 159 2 -1 -1 3540 3540
2295 CONNECTION 159 70 -1 -1 4440 4440
2296 CONNECTION 159 386 300 2520 4620 4620
2297 CONNECTION 159 587 300 3120 5220 5220
2298 CONNECTION 159 259 300 4140 6240 6240
2299 CONNECTION 159 837 300 4740 6840 6840
2300 CONNECTION 159 732 300 4920 7020 7020
2301 CONNECTION 159 776 300 4920 7020 7020
2302 CONNECTION 159 436 300 5040 7140 7140
2303 CONNECTION 159 501 300 5940 8040 8040
2304 CONNECTION 159 757 300 6120 8220 8220
2305 CONNECTION 200 201 -1 -1 2100 2100
2306 CONNECTION 200 217 -1 -1 3120 3120
2307 CONNECTION 200 955 -1 -1 4200 4200
2308 CONNECTION 200 456 -1 -1 4920 4920
2309 CONNECTION 200 621 300 3600 5700 5700
2310 CONNECTION 200 731 300 2940 5040 5040
2311 CONNECTION 200 98 300 3900 6000 6000
2312 CONNECTION 200 185 300 3780 5880 5880
2313 CONNECTION 200 636 300 4620 6720 6720
2314 CONNECTION 200 303 300 5700 7800 7800
2315 CONNECTION 200 817 300 6420 8520 8520
2316 CONNECTION 730 815 -1 -1 2820 2820
2317 CONNECTION 730 940 -1 -1 2700 2700
2318 CONNECTION 730 217 -1 -1 3540 3540
2319 CONNECTION 730 955 -1 -1 4620 4620
2320 CONNECTION 730 456 300 3240 5340 5340
2321 CONNECTION 730 621 300 4020 6120 6120
2322 CONNECTION 730 731 300 3360 5460 5460
2323 CONNECTION 730 98 300 4320 6420 6420
2324 CONNECTION 730 185 300 4200 6300 6300
2325 CONNECTION 730 636 300 5040 7140 7140
2326 CONNECTION 730 303 300 6120 8220 8220
2327 CONNECTION 730 817 300 6840 8940 8940
2328 CONNECTION 0 1 -1 -1 1620 1620
2329 CONNECTION 0 69 -1 -1 2400 2400
2330 CONNECTION 0 139 -1 -1 3840 3840
2331 CONNECTION 0 161 -1 -1 3000 3000
2332 CONNECTION 0 620 -1 -1 3480 3480
2333 CONNECTION 0 345 -1 -1 4020 4020
2334 CONNECTION 0 258 -1 -1 4200 4200
2335 CONNECTION 0 366 -1 -1 5640 5640
2336 CONNECTION 0 326 300 2700 4800 4800
2337 CONNECTION 0 409 300 2700 4800 4800
2338 CONNECTION 0 836 300 2700 4800 4800
2339 CONNECTION 0 435 300 3120 5220 5220
2340 CONNECTION 0 548 300 3720 5820 5820
2341 CONNECTION 0 500 300 3900 6000 6000
2342 CONNECTION 0 567 300 5340 7440 7440
2343 CONNECTION 0 588 300 4500 6600 6600
2344 CONNECTION 0 941 300 4980 7080 7080
2345 CONNECTION 0 121 300 5520 7620 7620
2346 CONNECTION 0 141 300 7140 9240 9240
2347 CONNECTION 0 673 300 5700 7800 7800
2348 CONNECTION 0 733 300 6300 8400 8400
2349 CONNECTION 0 777 300 6300 8400 8400
2350 CONNECTION 0 49 300 6300 8400 8400
2351 CONNECTION 814 815 -1 -1 2040 2040
2352 CONNECTION 814 217 -1 -1 2760 2760
2353 CONNECTION 814 955 -1 -1 3840 3840
2354 CONNECTION 814 456 -1 -1 4560 4560
2355 CONNECTION 814 621 300 3240 5340 5340
2356 CONNECTION 814 731 300 2580 4680 4680
2357 CONNECTION 814 98 300 3540 5640 5640
2358 CONNECTION 814 185 300 3420 5520 5520
2359 CONNECTION 814 636 300 4260 6360 6360
2360 CONNECTION 814 303 300 5340 7440 7440
2361 CONNECTION 814 817 300 6060 8160 8160
2362 CONNECTION 814 942 300 6840 8940 8940
2363 CONNECTION 814 1074 300 6180 8280 8280
2364 CONNECTION 939 940 -1 -1 1920 1920
2365 CONNECTION 939 217 -1 -1 2760 2760
2366 CONNECTION 939 955 -1 -1 3840 3840
2367 CONNECTION 939 456 -1 -1 4560 4560
2368 CONNECTION 939 621 300 3240 5340 5340
2369 CONNECTION 939 731 300 2580 4680 4680
2370 CONNECTION 939 98 300 3540 5640 5640
2371 CONNECTION 939 185 300 3420 5520 5520
2372 CONNECTION 939 636 300 4260 6360 6360
2373 CONNECTION 939 303 300 5340 7440 7440
2374 CONNECTION 939 817 300 6060 8160 8160
2375 CONNECTION 939 942 300 6840 8940 8940
2376 CONNECTION 939 1074 300 6180 8280 8280
2377 CONNECTION 524 525 -1 -1 1980 1980
2378 CONNECTION 524 754 -1 -1 2100 2100
2379 CONNECTION 524 709 -1 -1 3780 3780
2380 CONNECTION 524 880 300 3480 5580 5580
2381 CONNECTION 524 1056 300 3600 5700 5700
2382 CONNECTION 524 1029 300 5280 7380 7380
2383 CONNECTION 183 184 -1 -1 2100 2100
2384 CONNECTION 183 478 -1 -1 4320 4320
2385 CONNECTION 183 218 -1 -1 2460 2460
2386 CONNECTION 183 775 -1 -1 3180 3180
2387 CONNECTION 183 302 -1 -1 3900 3900
2388 CONNECTION 183 656 -1 -1 5280 5280
2389 CONNECTION 183 71 -1 -1 3420 3420
2390 CONNECTION 183 284 -1 -1 4020 4020
2391 CONNECTION 183 756 -1 -1 4380 4380
2392 CONNECTION 183 457 300 2160 4260 4260
2393 CONNECTION 183 904 300 2880 4980 4980
2394 CONNECTION 183 528 300 3600 5700 5700
2395 CONNECTION 183 607 300 3600 5700 5700
2396 CONNECTION 183 622 300 5220 7320 7320
2397 CONNECTION 183 260 300 3120 5220 5220
2398 CONNECTION 183 838 300 5820 7920 7920
2399 CONNECTION 183 637 300 3960 6060 6060
2400 CONNECTION 183 1065 300 4680 6780 6780
2401 CONNECTION 183 712 300 5400 7500 7500
2402 CONNECTION 183 977 300 6780 8880 8880
2403 CONNECTION 183 502 300 4920 7020 7020
2404 CONNECTION 183 695 300 5520 7620 7620
2405 CONNECTION 183 1058 300 5880 7980 7980
2406 CONNECTION 183 818 300 5760 7860 7860
2407 CONNECTION 183 164 300 6480 8580 8580
2408 SINK 183 7 -1 -1 0 0
2409 CONNECTION 299 300 -1 -1 3000 3000
2410 CONNECTION 299 708 -1 -1 1620 1620
2411 CONNECTION 299 526 -1 -1 4800 4800
2412 CONNECTION 299 755 -1 -1 5220 5220
2413 CONNECTION 299 879 -1 -1 3420 3420
2414 CONNECTION 299 693 -1 -1 5340 5340
2415 CONNECTION 299 48 300 1980 4080 4080
2416 CONNECTION 299 710 300 4500 6600 6600
2417 CONNECTION 299 1028 300 3120 5220 5220
2418 CONNECTION 299 881 300 6300 8400 8400
2419 CONNECTION 299 1057 300 6720 8820 8820
2420 CONNECTION 299 25 300 4920 7020 7020
2421 CONNECTION 299 1014 300 6840 8940 8940
2422 CONNECTION 299 479 300 5580 7680 7680
2423 CONNECTION 925 241 -1 -1 4200 4200
2424 CONNECTION 925 694 -1 -1 6300 6300
2425 CONNECTION 925 926 300 4980 7080 7080
2426 CONNECTION 925 657 300 5700 7800 7800
2427 CONNECTION 925 1015 300 7800 9900 9900
2428 CONNECTION 282 283 -1 -1 3480 3480
2429 CONNECTION 282 606 -1 -1 4260 4260
2430 CONNECTION 282 241 -1 -1 4980 4980
2431 CONNECTION 282 694 300 4980 7080 7080
2432 CONNECTION 282 926 300 5760 7860 7860
2433 CONNECTION 282 657 300 6480 8580 8580
2434 CONNECTION 634 635 -1 -1 4020 4020
2435 CONNECTION 634 120 -1 -1 5280 5280
2436 CONNECTION 634 816 300 3720 5820 5820
2437 CONNECTION 634 346 300 4980 7080 7080
2438 CONNECTION 634 956 300 5520 7620 7620
2439 CONNECTION 634 549 300 6780 8880 8880
2440 CONNECTION 406 407 -1 -1 1560 1560
2441 CONNECTION 406 773 -1 -1 1800 1800
2442 CONNECTION 406 385 -1 -1 2760 2760
2443 CONNECTION 406 975 -1 -1 2400 2400
2444 CONNECTION 406 23 -1 -1 2640 2640
2445 CONNECTION 406 586 -1 -1 3360 3360
2446 CONNECTION 406 97 -1 -1 4080 4080
2447 CONNECTION 406 184 -1 -1 4080 4080
2448 CONNECTION 406 202 -1 -1 5700 5700
2449 CONNECTION 406 902 -1 -1 3600 3600
2450 CONNECTION 406 478 300 4200 6300 6300
2451 CONNECTION 406 218 300 2340 4440 4440
2452 CONNECTION 406 775 300 3060 5160 5160
2453 CONNECTION 406 302 300 3780 5880 5880
2454 CONNECTION 406 656 300 5160 7260 7260
2455 CONNECTION 406 71 300 3300 5400 5400
2456 CONNECTION 406 284 300 3900 6000 6000
2457 CONNECTION 406 756 300 4260 6360 6360
2458 CONNECTION 406 457 300 4140 6240 6240
2459 CONNECTION 406 904 300 4860 6960 6960
2460 CONNECTION 406 528 300 5580 7680 7680
2461 CONNECTION 406 607 300 5580 7680 7680
2462 CONNECTION 406 622 300 7200 9300 9300
2463 CONNECTION 406 260 300 5100 7200 7200
2464 CONNECTION 406 838 300 7800 9900 9900
2465 CONNECTION 406 637 300 5940 8040 8040
2466 SINK 406 7 -1 -1 0 0
2467 CONNECTION 546 991 -1 -1 3600 3600
2468 CONNECTION 546 1051 -1 -1 3600 3600
2469 CONNECTION 546 434 -1 -1 3180 3180
2470 CONNECTION 546 499 -1 -1 3960 3960
2471 CONNECTION 546 566 -1 -1 3960 3960
2472 CONNECTION 546 162 -1 -1 5400 5400
2473 CONNECTION 546 140 300 3660 5760 5760
2474 CONNECTION 546 672 300 3660 5760 5760
2475 CONNECTION 546 327 300 5100 7200 7200
2476 CONNECTION 546 410 300 5100 7200 7200
2477 CONNECTION 546 798 300 4680 6780 6780
2478 CONNECTION 546 367 300 5460 7560 7560
2479 CONNECTION 546 857 300 5460 7560 7560
2480 CONNECTION 546 589 300 6900 9000 9000
2481 CONNECTION 584 585 -1 -1 1800 1800
2482 CONNECTION 584 96 -1 -1 1980 1980
2483 CONNECTION 584 1027 -1 -1 3840 3840
2484 CONNECTION 584 774 -1 -1 3600 3600
2485 CONNECTION 584 301 -1 -1 3780 3780
2486 CONNECTION 584 655 -1 -1 3780 3780
2487 CONNECTION 584 24 -1 -1 5640 5640
2488 CONNECTION 584 903 300 3300 5400 5400
2489 CONNECTION 584 527 300 3480 5580 5580
2490 CONNECTION 584 219 300 5340 7440 7440
2491 CONNECTION 584 1064 300 5100 7200 7200
2492 CONNECTION 584 711 300 5280 7380 7380
2493 CONNECTION 584 976 300 5280 7380 7380
2494 CONNECTION 584 458 300 7140 9240 9240
2495 CONNECTION 239 240 -1 -1 3480 3480
2496 CONNECTION 239 385 -1 -1 2580 2580
2497 CONNECTION 239 975 -1 -1 2220 2220
2498 CONNECTION 239 23 -1 -1 2460 2460
2499 CONNECTION 239 586 -1 -1 3180 3180
2500 CONNECTION 239 97 -1 -1 3900 3900
2501 CONNECTION 239 184 -1 -1 3900 3900
2502 CONNECTION 239 202 -1 -1 5520 5520
2503 CONNECTION 239 902 -1 -1 3420 3420
2504 CONNECTION 239 478 -1 -1 6120 6120
2505 CONNECTION 239 218 300 2160 4260 4260
2506 CONNECTION 239 775 300 2880 4980 4980
2507 CONNECTION 239 302 300 3600 5700 5700
2508 CONNECTION 239 656 300 4980 7080 7080
2509 CONNECTION 239 71 300 3120 5220 5220
2510 CONNECTION 239 284 300 3720 5820 5820
2511 CONNECTION 239 756 300 4080 6180 6180
2512 CONNECTION 239 457 300 3960 6060 6060
2513 CONNECTION 239 904 300 4680 6780 6780
2514 CONNECTION 239 528 300 5400 7500 7500
2515 CONNECTION 239 607 300 5400 7500 7500
2516 CONNECTION 239 622 300 7020 9120 9120
2517 CONNECTION 239 260 300 4920 7020 7020
2518 CONNECTION 239 838 300 7620 9720 9720
2519 CONNECTION 239 637 300 5760 7860 7860
2520 CONNECTION 239 1065 300 6480 8580 8580
2521 SINK 239 7 -1 -1 0 0
2522 CONNECTION 953 954 -1 -1 2100 2100
2523 CONNECTION 953 385 -1 -1 2580 2580
2524 CONNECTION 953 975 -1 -1 2220 2220
2525 CONNECTION 953 23 -1 -1 2460 2460
2526 CONNECTION 953 586 -1 -1 3180 3180
2527 CONNECTION 953 97 -1 -1 3900 3900
2528 CONNECTION 953 184 -1 -1 3900 3900
2529 CONNECTION 953 202 -1 -1 5520 5520
2530 CONNECTION 953 902 -1 -1 3420 3420
2531 CONNECTION 953 478 -1 -1 6120 6120
2532 CONNECTION 953 218 300 2160 4260 4260
2533 CONNECTION 953 775 300 2880 4980 4980
2534 CONNECTION 953 302 300 3600 5700 5700
2535 CONNECTION 953 656 300 4980 7080 7080
2536 CONNECTION 953 71 300 3120 5220 5220
2537 CONNECTION 953 284 300 3720 5820 5820
2538 CONNECTION 953 756 300 4080 6180 6180
2539 CONNECTION 953 457 300 3960 6060 6060
2540 CONNECTION 953 904 300 4680 6780 6780
2541 CONNECTION 953 528 300 5400 7500 7500
2542 CONNECTION 953 607 300 5400 7500 7500
2543 CONNECTION 953 622 300 7020 9120 9120
2544 CONNECTION 953 260 300 4920 7020 7020
2545 CONNECTION 953 838 300 7620 9720 9720
2546 CONNECTION 953 637 300 5760 7860 7860
2547 CONNECTION 953 1065 300 6480 8580 8580
2548 SINK 953 7 -1 -1 0 0
2549 CONNECTION 772 773 -1 -1 1200 1200
2550 CONNECTION 772 385 -1 -1 2160 2160
2551 CONNECTION 772 975 -1 -1 1800 1800
2552 CONNECTION 772 23 -1 -1 2040 2040
2553 CONNECTION 772 586 -1 -1 2760 2760
2554 CONNECTION 772 97 -1 -1 3480 3480
2555 CONNECTION 772 184 -1 -1 3480 3480
2556 CONNECTION 772 202 -1 -1 5100 5100
2557 CONNECTION 772 902 -1 -1 3000 3000
2558 CONNECTION 772 478 -1 -1 5700 5700
2559 CONNECTION 772 218 -1 -1 3840 3840
2560 CONNECTION 772 775 300 2460 4560 4560
2561 CONNECTION 772 302 300 3180 5280 5280
2562 CONNECTION 772 656 300 4560 6660 6660
2563 CONNECTION 772 71 300 2700 4800 4800
2564 CONNECTION 772 284 300 3300 5400 5400
2565 CONNECTION 772 756 300 3660 5760 5760
2566 CONNECTION 772 457 300 3540 5640 5640
2567 CONNECTION 772 904 300 4260 6360 6360
2568 CONNECTION 772 528 300 4980 7080 7080
2569 CONNECTION 772 607 300 4980 7080 7080
2570 CONNECTION 772 622 300 6600 8700 8700
2571 CONNECTION 772 260 300 4500 6600 6600
2572 CONNECTION 772 838 300 7200 9300 9300
2573 CONNECTION 772 637 300 5340 7440 7440
2574 CONNECTION 772 1065 300 6060 8160 8160
2575 CONNECTION 772 712 300 6780 8880 8880
2576 CONNECTION 772 977 300 8160 10260 10260
2577 SINK 772 7 -1 -1 0 0
2578 CONNECTION 878 879 -1 -1 960 960
2579 CONNECTION 878 48 -1 -1 1620 1620
2580 CONNECTION 878 710 -1 -1 4140 4140
2581 CONNECTION 878 1028 -1 -1 2760 2760
2582 CONNECTION 878 881 300 3840 5940 5940
2583 CONNECTION 878 1057 300 4260 6360 6360
2584 CONNECTION 878 25 300 2460 4560 4560
2585 CONNECTION 878 1014 300 4380 6480 6480
2586 CONNECTION 878 479 300 3120 5220 5220
2587 CONNECTION 878 1030 300 5640 7740 7740
2588 CONNECTION 878 220 300 4260 6360 6360
2589 CONNECTION 878 100 300 7440 9540 9540
2590 CONNECTION 878 388 300 7860 9960 9960
2591 CONNECTION 216 217 -1 -1 2100 2100
2592 CONNECTION 216 955 -1 -1 3180 3180
2593 CONNECTION 216 456 -1 -1 3900 3900
2594 CONNECTION 216 621 -1 -1 4680 4680
2595 CONNECTION 216 731 -1 -1 4020 4020
2596 CONNECTION 216 98 300 2880 4980 4980
2597 CONNECTION 216 185 300 2760 4860 4860
2598 CONNECTION 216 636 300 3600 5700 5700
2599 CONNECTION 216 303 300 4680 6780 6780
2600 CONNECTION 216 817 300 5400 7500 7500
2601 CONNECTION 216 942 300 6180 8280 8280
2602 CONNECTION 216 1074 300 5520 7620 7620
2603 CONNECTION 216 529 300 6480 8580 8580
2604 CONNECTION 216 608 300 6360 8460 8460
2605 CONNECTION 753 754 -1 -1 1440 1440
2606 CONNECTION 753 709 -1 -1 3120 3120
2607 CONNECTION 753 880 300 2820 4920 4920
2608 CONNECTION 753 1056 300 2940 5040 5040
2609 CONNECTION 753 1029 300 4620 6720 6720
2610 CONNECTION 68 69 -1 -1 1620 1620
2611 CONNECTION 68 620 -1 -1 2700 2700
2612 CONNECTION 68 345 -1 -1 3240 3240
2613 CONNECTION 68 258 -1 -1 3420 3420
2614 CONNECTION 68 366 -1 -1 4860 4860
2615 CONNECTION 68 326 -1 -1 4020 4020
2616 CONNECTION 68 409 -1 -1 4020 4020
2617 CONNECTION 68 836 -1 -1 4020 4020
2618 CONNECTION 68 435 -1 -1 4440 4440
2619 CONNECTION 68 548 300 2940 5040 5040
2620 CONNECTION 68 500 300 3120 5220 5220
2621 CONNECTION 68 567 300 4560 6660 6660
2622 CONNECTION 68 588 300 3720 5820 5820
2623 CONNECTION 68 941 300 4200 6300 6300
2624 CONNECTION 68 121 300 4740 6840 6840
2625 CONNECTION 68 141 300 6360 8460 8460
2626 CONNECTION 68 673 300 4920 7020 7020
2627 CONNECTION 68 733 300 5520 7620 7620
2628 CONNECTION 68 777 300 5520 7620 7620
2629 CONNECTION 68 49 300 5520 7620 7620
2630 CONNECTION 68 799 300 5940 8040 8040
2631 CONNECTION 68 347 300 6540 8640 8640
2632 CONNECTION 138 139 -1 -1 3060 3060
2633 CONNECTION 138 620 -1 -1 2700 2700
2634 CONNECTION 138 345 -1 -1 3240 3240
2635 CONNECTION 138 258 -1 -1 3420 3420
2636 CONNECTION 138 366 -1 -1 4860 4860
2637 CONNECTION 138 326 -1 -1 4020 4020
2638 CONNECTION 138 409 -1 -1 4020 4020
2639 CONNECTION 138 836 -1 -1 4020 4020
2640 CONNECTION 138 435 -1 -1 4440 4440
2641 CONNECTION 138 548 300 2940 5040 5040
2642 CONNECTION 138 500 300 3120 5220 5220
2643 CONNECTION 138 567 300 4560 6660 6660
2644 CONNECTION 138 588 300 3720 5820 5820
2645 CONNECTION 138 941 300 4200 6300 6300
2646 CONNECTION 138 121 300 4740 6840 6840
2647 CONNECTION 138 141 300 6360 8460 8460
2648 CONNECTION 138 673 300 4920 7020 7020
2649 CONNECTION 138 733 300 5520 7620 7620
2650 CONNECTION 138 777 300 5520 7620 7620
2651 CONNECTION 138 49 300 5520 7620 7620
2652 CONNECTION 138 799 300 5940 8040 8040
2653 CONNECTION 138 347 300 6540 8640 8640
2654 CONNECTION 433 434 -1 -1 1860 1860
2655 CONNECTION 433 499 -1 -1 2640 2640
2656 CONNECTION 433 566 -1 -1 2640 2640
2657 CONNECTION 433 162 -1 -1 4080 4080
2658 CONNECTION 433 140 -1 -1 4440 4440
2659 CONNECTION 433 672 -1 -1 4440 4440
2660 CONNECTION 433 327 300 3780 5880 5880
2661 CONNECTION 433 410 300 3780 5880 5880
2662 CONNECTION 433 798 300 3360 5460 5460
2663 CONNECTION 433 367 300 4140 6240 6240
2664 CONNECTION 433 857 300 4140 6240 6240
2665 CONNECTION 433 589 300 5580 7680 7680
2666 CONNECTION 433 568 300 5940 8040 8040
2667 CONNECTION 433 993 300 5940 8040 8040
2668 CONNECTION 433 734 300 7380 9480 9480
2669 CONNECTION 433 778 300 7380 9480 9480
2670 CONNECTION 835 161 -1 -1 2460 2460
2671 CONNECTION 835 620 -1 -1 2940 2940
2672 CONNECTION 835 345 -1 -1 3480 3480
2673 CONNECTION 835 258 -1 -1 3660 3660
2674 CONNECTION 835 366 -1 -1 5100 5100
2675 CONNECTION 835 326 -1 -1 4260 4260
2676 CONNECTION 835 409 -1 -1 4260 4260
2677 CONNECTION 835 836 -1 -1 4260 4260
2678 CONNECTION 835 435 300 2580 4680 4680
2679 CONNECTION 835 548 300 3180 5280 5280
2680 CONNECTION 835 500 300 3360 5460 5460
2681 CONNECTION 835 567 300 4800 6900 6900
2682 CONNECTION 835 588 300 3960 6060 6060
2683 CONNECTION 835 941 300 4440 6540 6540
2684 CONNECTION 835 121 300 4980 7080 7080
2685 CONNECTION 835 141 300 6600 8700 8700
2686 CONNECTION 835 673 300 5160 7260 7260
2687 CONNECTION 835 733 300 5760 7860 7860
2688 CONNECTION 835 777 300 5760 7860 7860
2689 CONNECTION 835 49 300 5760 7860 7860
2690 CONNECTION 835 799 300 6180 8280 8280
2691 CONNECTION 835 347 300 6780 8880 8880
2692 CONNECTION 565 120 -1 -1 3720 3720
2693 CONNECTION 565 816 -1 -1 4260 4260
2694 CONNECTION 565 346 -1 -1 5520 5520
2695 CONNECTION 565 956 300 3960 6060 6060
2696 CONNECTION 565 549 300 5220 7320 7320
2697 CONNECTION 565 26 300 5760 7860 7860
2698 CONNECTION 565 122 300 7020 9120 9120
2699 CONNECTION 900 901 -1 -1 1560 1560
2700 CONNECTION 900 477 -1 -1 2160 2160
2701 CONNECTION 900 325 -1 -1 2340 2340
2702 CONNECTION 900 408 -1 -1 2340 2340
2703 CONNECTION 900 2 -1 -1 2460 2460
2704 CONNECTION 900 70 -1 -1 3360 3360
2705 CONNECTION 900 386 -1 -1 3540 3540
2706 CONNECTION 900 587 -1 -1 4140 4140
2707 CONNECTION 900 259 300 3060 5160 5160
2708 CONNECTION 900 837 300 3660 5760 5760
2709 CONNECTION 900 732 300 3840 5940 5940
2710 CONNECTION 900 776 300 3840 5940 5940
2711 CONNECTION 900 436 300 3960 6060 6060
2712 CONNECTION 900 501 300 4860 6960 6960
2713 CONNECTION 900 757 300 5040 7140 7140
2714 CONNECTION 900 905 300 5640 7740 7740
2715 CONNECTION 22 23 -1 -1 1200 1200
2716 CONNECTION 22 97 -1 -1 2640 2640
2717 CONNECTION 22 184 -1 -1 2640 2640
2718 CONNECTION 22 202 -1 -1 4260 4260
2719 CONNECTION 22 902 -1 -1 2160 2160
2720 CONNECTION 22 478 -1 -1 4860 4860
2721 CONNECTION 22 218 -1 -1 3000 3000
2722 CONNECTION 22 775 -1 -1 3720 3720
2723 CONNECTION 22 302 -1 -1 4440 4440
2724 CONNECTION 22 656 -1 -1 5820 5820
2725 CONNECTION 22 71 -1 -1 3960 3960
2726 CONNECTION 22 284 300 2460 4560 4560
2727 CONNECTION 22 756 300 2820 4920 4920
2728 CONNECTION 22 457 300 2700 4800 4800
2729 CONNECTION 22 904 300 3420 5520 5520
2730 CONNECTION 22 528 300 4140 6240 6240
2731 CONNECTION 22 607 300 4140 6240 6240
2732 CONNECTION 22 622 300 5760 7860 7860
2733 CONNECTION 22 260 300 3660 5760 5760
2734 CONNECTION 22 838 300 6360 8460 8460
2735 CONNECTION 22 637 300 4500 6600 6600
2736 CONNECTION 22 1065 300 5220 7320 7320
2737 CONNECTION 22 712 300 5940 8040 8040
2738 CONNECTION 22 977 300 7320 9420 9420
2739 CONNECTION 22 502 300 5460 7560 7560
2740 CONNECTION 22 695 300 6060 8160 8160
2741 CONNECTION 22 1058 300 6420 8520 8520
2742 SINK 22 7 -1 -1 0 0
2743 CONNECTION 344 345 -1 -1 1860 1860
2744 CONNECTION 344 326 -1 -1 2640 2640
2745 CONNECTION 344 409 -1 -1 2640 2640
2746 CONNECTION 344 836 -1 -1 2640 2640
2747 CONNECTION 344 435 -1 -1 3060 3060
2748 CONNECTION 344 548 -1 -1 3660 3660
2749 CONNECTION 344 500 -1 -1 3840 3840
2750 CONNECTION 344 567 -1 -1 5280 5280
2751 CONNECTION 344 588 -1 -1 4440 4440
2752 CONNECTION 344 941 300 2820 4920 4920
2753 CONNECTION 344 121 300 3360 5460 5460
2754 CONNECTION 344 141 300 4980 7080 7080
2755 CONNECTION 344 673 300 3540 5640 5640
2756 CONNECTION 344 733 300 4140 6240 6240
2757 CONNECTION 344 777 300 4140 6240 6240
2758 CONNECTION 344 49 300 4140 6240 6240
2759 CONNECTION 344 799 300 4560 6660 6660
2760 CONNECTION 344 347 300 5160 7260 7260
2761 CONNECTION 344 368 300 6780 8880 8880
2762 CONNECTION 344 858 300 5340 7440 7440
2763 CONNECTION 344 906 300 5940 8040 8040
2764 CONNECTION 344 203 300 6420 8520 8520
2765 CONNECTION 47 48 -1 -1 960 960
2766 CONNECTION 47 710 -1 -1 3480 3480
2767 CONNECTION 47 1028 -1 -1 2100 2100
2768 CONNECTION 47 881 -1 -1 5280 5280
2769 CONNECTION 47 1057 -1 -1 5700 5700
2770 CONNECTION 47 25 300 1800 3900 3900
2771 CONNECTION 47 1014 300 3720 5820 5820
2772 CONNECTION 47 479 300 2460 4560 4560
2773 CONNECTION 47 1030 300 4980 7080 7080
2774 CONNECTION 47 220 300 3600 5700 5700
2775 CONNECTION 47 100 300 6780 8880 8880
2776 CONNECTION 47 388 300 7200 9300 9300
2777 CONNECTION 47 459 300 5400 7500 7500
2778 CONNECTION 47 285 300 7320 9420 9420
2779 CONNECTION 300 301 -1 -1 1200 1200
2780 CONNECTION 300 903 -1 -1 2820 2820
2781 CONNECTION 300 527 -1 -1 3000 3000
2782 CONNECTION 300 219 -1 -1 4860 4860
2783 CONNECTION 300 1064 300 2520 4620 4620
2784 CONNECTION 300 711 300 2700 4800 4800
2785 CONNECTION 300 976 300 2700 4800 4800
2786 CONNECTION 300 458 300 4560 6660 6660
2787 CONNECTION 300 163 300 4320 6420 6420
2788 CONNECTION 300 882 300 4500 6600 6600
2789 CONNECTION 300 638 300 6360 8460 8460
2790 CONNECTION 300 411 300 6120 8220 8220
2791 CONNECTION 990 991 -1 -1 2820 2820
2792 CONNECTION 990 434 -1 -1 2400 2400
2793 CONNECTION 990 499 -1 -1 3180 3180
2794 CONNECTION 990 566 -1 -1 3180 3180
2795 CONNECTION 990 162 -1 -1 4620 4620
2796 CONNECTION 990 140 300 2880 4980 4980
2797 CONNECTION 990 672 300 2880 4980 4980
2798 CONNECTION 990 327 300 4320 6420 6420
2799 CONNECTION 990 410 300 4320 6420 6420
2800 CONNECTION 990 798 300 3900 6000 6000
2801 CONNECTION 990 367 300 4680 6780 6780
2802 CONNECTION 990 857 300 4680 6780 6780
2803 CONNECTION 990 589 300 6120 8220 8220
2804 CONNECTION 990 568 300 6480 8580 8580
2805 CONNECTION 990 993 300 6480 8580 8580
2806 CONNECTION 1050 1051 -1 -1 2820 2820
2807 CONNECTION 1050 434 -1 -1 2400 2400
2808 CONNECTION 1050 499 -1 -1 3180 3180
2809 CONNECTION 1050 566 -1 -1 3180 3180
2810 CONNECTION 1050 162 -1 -1 4620 4620
2811 CONNECTION 1050 140 300 2880 4980 4980
2812 CONNECTION 1050 672 300 2880 4980 4980
2813 CONNECTION 1050 327 300 4320 6420 6420
2814 CONNECTION 1050 410 300 4320 6420 6420
2815 CONNECTION 1050 798 300 3900 6000 6000
2816 CONNECTION 1050 367 300 4680 6780 6780
2817 CONNECTION 1050 857 300 4680 6780 6780
2818 CONNECTION 1050 589 300 6120 8220 8220
2819 CONNECTION 1050 568 300 6480 8580 8580
2820 CONNECTION 1050 993 300 6480 8580 8580
2821 CONNECTION 855 856 -1 -1 3900 3900
2822 CONNECTION 855 992 -1 -1 5700 5700
2823 CONNECTION 855 3 300 4620 6720 6720
2824 CONNECTION 855 1052 300 4620 6720 6720
2825 CONNECTION 855 72 300 5400 7500 7500
2826 CONNECTION 855 261 300 7200 9300 9300
2827 CONNECTION 1026 1027 -1 -1 3000 3000
2828 CONNECTION 1026 774 -1 -1 2760 2760
2829 CONNECTION 1026 301 -1 -1 2940 2940
2830 CONNECTION 1026 655 -1 -1 2940 2940
2831 CONNECTION 1026 24 -1 -1 4800 4800
2832 CONNECTION 1026 903 300 2460 4560 4560
2833 CONNECTION 1026 527 300 2640 4740 4740
2834 CONNECTION 1026 219 300 4500 6600 6600
2835 CONNECTION 1026 1064 300 4260 6360 6360
2836 CONNECTION 1026 711 300 4440 6540 6540
2837 CONNECTION 1026 976 300 4440 6540 6540
2838 CONNECTION 1026 458 300 6300 8400 8400
2839 CONNECTION 1026 163 300 6060 8160 8160
2840 CONNECTION 160 161 -1 -1 1860 1860
2841 CONNECTION 160 345 -1 -1 2880 2880
2842 CONNECTION 160 258 -1 -1 3060 3060
2843 CONNECTION 160 366 -1 -1 4500 4500
2844 CONNECTION 160 326 -1 -1 3660 3660
2845 CONNECTION 160 409 -1 -1 3660 3660
2846 CONNECTION 160 836 -1 -1 3660 3660
2847 CONNECTION 160 435 -1 -1 4080 4080
2848 CONNECTION 160 548 -1 -1 4680 4680
2849 CONNECTION 160 500 300 2760 4860 4860
2850 CONNECTION 160 567 300 4200 6300 6300
2851 CONNECTION 160 588 300 3360 5460 5460
2852 CONNECTION 160 941 300 3840 5940 5940
2853 CONNECTION 160 121 300 4380 6480 6480
2854 CONNECTION 160 141 300 6000 8100 8100
2855 CONNECTION 160 673 300 4560 6660 6660
2856 CONNECTION 160 733 300 5160 7260 7260
2857 CONNECTION 160 777 300 5160 7260 7260
2858 CONNECTION 160 49 300 5160 7260 7260
2859 CONNECTION 160 799 300 5580 7680 7680
2860 CONNECTION 160 347 300 6180 8280 8280
2861 CONNECTION 160 368 300 7800 9900 9900
2862 CONNECTION 160 858 300 6360 8460 8460
2863 CONNECTION 476 477 -1 -1 1560 1560
2864 CONNECTION 476 70 -1 -1 2760 2760
2865 CONNECTION 476 386 -1 -1 2940 2940
2866 CONNECTION 476 587 -1 -1 3540 3540
2867 CONNECTION 476 259 300 2460 4560 4560
2868 CONNECTION 476 837 300 3060 5160 5160
2869 CONNECTION 476 732 300 3240 5340 5340
2870 CONNECTION 476 776 300 3240 5340 5340
2871 CONNECTION 476 436 300 3360 5460 5460
2872 CONNECTION 476 501 300 4260 6360 6360
2873 CONNECTION 476 757 300 4440 6540 6540
2874 CONNECTION 476 905 300 5040 7140 7140
2875 CONNECTION 476 674 300 6060 8160 8160
2876 CONNECTION 498 499 -1 -1 1860 1860
2877 CONNECTION 498 162 -1 -1 3300 3300
2878 CONNECTION 498 140 -1 -1 3660 3660
2879 CONNECTION 498 672 -1 -1 3660 3660
2880 CONNECTION 498 327 -1 -1 5100 5100
2881 CONNECTION 498 410 -1 -1 5100 5100
2882 CONNECTION 498 798 -1 -1 4680 4680
2883 CONNECTION 498 367 300 3360 5460 5460
2884 CONNECTION 498 857 300 3360 5460 5460
2885 CONNECTION 498 589 300 4800 6900 6900
2886 CONNECTION 498 568 300 5160 7260 7260
2887 CONNECTION 498 993 300 5160 7260 7260
2888 CONNECTION 498 734 300 6600 8700 8700
2889 CONNECTION 498 778 300 6600 8700 8700
2890 CONNECTION 498 4 300 6180 8280 8280
2891 CONNECTION 498 1053 300 6180 8280 8280
2892 CONNECTION 407 408 -1 -1 1620 1620
2893 CONNECTION 407 70 -1 -1 2640 2640
2894 CONNECTION 407 386 -1 -1 2820 2820
2895 CONNECTION 407 587 -1 -1 3420 3420
2896 CONNECTION 407 259 -1 -1 4440 4440
2897 CONNECTION 407 837 300 2940 5040 5040
2898 CONNECTION 407 732 300 3120 5220 5220
2899 CONNECTION 407 776 300 3120 5220 5220
2900 CONNECTION 407 436 300 3240 5340 5340
2901 CONNECTION 407 501 300 4140 6240 6240
2902 CONNECTION 407 757 300 4320 6420 6420
2903 CONNECTION 407 905 300 4920 7020 7020
2904 CONNECTION 407 674 300 5940 8040 8040
2905 CONNECTION 407 50 300 6540 8640 8640
2906 CONNECTION 1013 710 -1 -1 3480 3480
2907 CONNECTION 1013 1028 -1 -1 2100 2100
2908 CONNECTION 1013 881 -1 -1 5280 5280
2909 CONNECTION 1013 1057 -1 -1 5700 5700
2910 CONNECTION 1013 25 300 1800 3900 3900
2911 CONNECTION 1013 1014 300 3720 5820 5820
2912 CONNECTION 1013 479 300 2460 4560 4560
2913 CONNECTION 1013 1030 300 4980 7080 7080
2914 CONNECTION 1013 220 300 3600 5700 5700
2915 CONNECTION 1013 100 300 6780 8880 8880
2916 CONNECTION 1013 388 300 7200 9300 9300
2917 CONNECTION 1013 459 300 5400 7500 7500
2918 CONNECTION 1013 285 300 7320 9420 9420
2919 CONNECTION 201 202 -1 -1 3480 3480
2920 CONNECTION 201 478 -1 -1 4080 4080
2921 CONNECTION 201 218 -1 -1 2220 2220
2922 CONNECTION 201 775 -1 -1 2940 2940
2923 CONNECTION 201 302 -1 -1 3660 3660
2924 CONNECTION 201 656 -1 -1 5040 5040
2925 CONNECTION 201 71 -1 -1 3180 3180
2926 CONNECTION 201 284 -1 -1 3780 3780
2927 CONNECTION 201 756 -1 -1 4140 4140
2928 CONNECTION 201 457 -1 -1 4020 4020
2929 CONNECTION 201 904 300 2640 4740 4740
2930 CONNECTION 201 528 300 3360 5460 5460
2931 CONNECTION 201 607 300 3360 5460 5460
2932 CONNECTION 201 622 300 4980 7080 7080
2933 CONNECTION 201 260 300 2880 4980 4980
2934 CONNECTION 201 838 300 5580 7680 7680
2935 CONNECTION 201 637 300 3720 5820 5820
2936 CONNECTION 201 1065 300 4440 6540 6540
2937 CONNECTION 201 712 300 5160 7260 7260
2938 CONNECTION 201 977 300 6540 8640 8640
2939 CONNECTION 201 502 300 4680 6780 6780
2940 CONNECTION 201 695 300 5280 7380 7380
2941 CONNECTION 201 1058 300 5640 7740 7740
2942 CONNECTION 201 818 300 5520 7620 7620
2943 CONNECTION 201 164 300 6240 8340 8340
2944 CONNECTION 201 883 300 6960 9060 9060
2945 CONNECTION 201 927 300 6960 9060 9060
2946 SINK 201 7 -1 -1 0 0
2947 CONNECTION 324 325 -1 -1 1620 1620
2948 CONNECTION 324 70 -1 -1 2640 2640
2949 CONNECTION 324 386 -1 -1 2820 2820
2950 CONNECTION 324 587 -1 -1 3420 3420
2951 CONNECTION 324 259 -1 -1 4440 4440
2952 CONNECTION 324 837 300 2940 5040 5040
2953 CONNECTION 324 732 300 3120 5220 5220
2954 CONNECTION 324 776 300 3120 5220 5220
2955 CONNECTION 324 436 300 3240 5340 5340
2956 CONNECTION 324 501 300 4140 6240 6240
2957 CONNECTION 324 757 300 4320 6420 6420
2958 CONNECTION 324 905 300 4920 7020 7020
2959 CONNECTION 324 674 300 5940 8040 8040
2960 CONNECTION 324 50 300 6540 8640 8640
2961 CONNECTION 240 241 -1 -1 2640 2640
2962 CONNECTION 240 694 -1 -1 4740 4740
2963 CONNECTION 240 926 -1 -1 5520 5520
2964 CONNECTION 240 657 300 4140 6240 6240
2965 CONNECTION 240 1015 300 6240 8340 8340
2966 CONNECTION 240 186 300 7020 9120 9120
2967 CONNECTION 954 955 -1 -1 2040 2040
2968 CONNECTION 954 456 -1 -1 2760 2760
2969 CONNECTION 954 621 -1 -1 3540 3540
2970 CONNECTION 954 731 -1 -1 2880 2880
2971 CONNECTION 954 98 -1 -1 3840 3840
2972 CONNECTION 954 185 -1 -1 3720 3720
2973 CONNECTION 954 636 -1 -1 4560 4560
2974 CONNECTION 954 303 300 3540 5640 5640
2975 CONNECTION 954 817 300 4260 6360 6360
2976 CONNECTION 954 942 300 5040 7140 7140
2977 CONNECTION 954 1074 300 4380 6480 6480
2978 CONNECTION 954 529 300 5340 7440 7440
2979 CONNECTION 954 608 300 5220 7320 7320
2980 CONNECTION 954 957 300 6060 8160 8160
2981 CONNECTION 1 2 -1 -1 1440 1440
2982 CONNECTION 1 70 -1 -1 2340 2340
2983 CONNECTION 1 386 -1 -1 2520 2520
2984 CONNECTION 1 587 -1 -1 3120 3120
2985 CONNECTION 1 259 -1 -1 4140 4140
2986 CONNECTION 1 837 300 2640 4740 4740
2987 CONNECTION 1 732 300 2820 4920 4920
2988 CONNECTION 1 776 300 2820 4920 4920
2989 CONNECTION 1 436 300 2940 5040 5040
2990 CONNECTION 1 501 300 3840 5940 5940
2991 CONNECTION 1 757 300 4020 6120 6120
2992 CONNECTION 1 905 300 4620 6720 6720
2993 CONNECTION 1 674 300 5640 7740 7740
2994 CONNECTION 1 50 300 6240 8340 8340
2995 CONNECTION 1 1066 300 6420 8520 8520
2996 CONNECTION 1 1075 300 6420 8520 8520
2997 CONNECTION 708 709 -1 -1 1980 1980
2998 CONNECTION 708 880 -1 -1 3780 3780
2999 CONNECTION 708 1056 300 1800 3900 3900
3000 CONNECTION 708 1029 300 3480 5580 5580
3001 CONNECTION 708 99 300 5280 7380 7380
3002 CONNECTION 708 387 300 5400 7500 7500
3003 CONNECTION 525 526 -1 -1 3000 3000
3004 CONNECTION 525 879 -1 -1 1620 1620
3005 CONNECTION 525 693 -1 -1 3540 3540
3006 CONNECTION 525 48 -1 -1 2280 2280
3007 CONNECTION 525 710 -1 -1 4800 4800
3008 CONNECTION 525 1028 -1 -1 3420 3420
3009 CONNECTION 525 881 300 4500 6600 6600
3010 CONNECTION 525 1057 300 4920 7020 7020
3011 CONNECTION 525 25 300 3120 5220 5220
3012 CONNECTION 525 1014 300 5040 7140 7140
3013 CONNECTION 525 479 300 3780 5880 5880
3014 CONNECTION 525 1030 300 6300 8400 8400
3015 CONNECTION 525 220 300 4920 7020 7020
3016 CONNECTION 815 816 -1 -1 4020 4020
3017 CONNECTION 815 346 -1 -1 5280 5280
3018 CONNECTION 815 956 300 3720 5820 5820
3019 CONNECTION 815 549 300 4980 7080 7080
3020 CONNECTION 815 26 300 5520 7620 7620
3021 CONNECTION 815 122 300 6780 8880 8880
3022 CONNECTION 940 326 -1 -1 2640 2640
3023 CONNECTION 940 409 -1 -1 2640 2640
3024 CONNECTION 940 836 -1 -1 2640 2640
3025 CONNECTION 940 435 -1 -1 3060 3060
3026 CONNECTION 940 548 -1 -1 3660 3660
3027 CONNECTION 940 500 -1 -1 3840 3840
3028 CONNECTION 940 567 -1 -1 5280 5280
3029 CONNECTION 940 588 -1 -1 4440 4440
3030 CONNECTION 940 941 300 2820 4920 4920
3031 CONNECTION 940 121 300 3360 5460 5460
3032 CONNECTION 940 141 300 4980 7080 7080
3033 CONNECTION 940 673 300 3540 5640 5640
3034 CONNECTION 940 733 300 4140 6240 6240
3035 CONNECTION 940 777 300 4140 6240 6240
3036 CONNECTION 940 49 300 4140 6240 6240
3037 CONNECTION 940 799 300 4560 6660 6660
3038 CONNECTION 940 347 300 5160 7260 7260
3039 CONNECTION 940 368 300 6780 8880 8880
3040 CONNECTION 940 858 300 5340 7440 7440
3041 CONNECTION 940 906 300 5940 8040 8040
3042 CONNECTION 940 203 300 6420 8520 8520
3043 CONNECTION 754 755 -1 -1 3300 3300
3044 CONNECTION 754 879 -1 -1 1500 1500
3045 CONNECTION 754 693 -1 -1 3420 3420
3046 CONNECTION 754 48 -1 -1 2160 2160
3047 CONNECTION 754 710 -1 -1 4680 4680
3048 CONNECTION 754 1028 -1 -1 3300 3300
3049 CONNECTION 754 881 300 4380 6480 6480
3050 CONNECTION 754 1057 300 4800 6900 6900
3051 CONNECTION 754 25 300 3000 5100 5100
3052 CONNECTION 754 1014 300 4920 7020 7020
3053 CONNECTION 754 479 300 3660 5760 5760
3054 CONNECTION 754 1030 300 6180 8280 8280
3055 CONNECTION 754 220 300 4800 6900 6900
3056 CONNECTION 754 100 300 7980 10080 10080
3057 CONNECTION 119 162 -1 -1 3600 3600
3058 CONNECTION 119 140 -1 -1 3960 3960
3059 CONNECTION 119 672 -1 -1 3960 3960
3060 CONNECTION 119 327 -1 -1 5400 5400
3061 CONNECTION 119 410 -1 -1 5400 5400
3062 CONNECTION 119 798 300 2880 4980 4980
3063 CONNECTION 119 367 300 3660 5760 5760
3064 CONNECTION 119 857 300 3660 5760 5760
3065 CONNECTION 119 589 300 5100 7200 7200
3066 CONNECTION 119 568 300 5460 7560 7560
3067 CONNECTION 119 993 300 5460 7560 7560
3068 CONNECTION 119 734 300 6900 9000 9000
3069 CONNECTION 119 778 300 6900 9000 9000
3070 CONNECTION 119 4 300 6480 8580 8580
3071 CONNECTION 119 1053 300 6480 8580 8580
3072 CONNECTION 585 586 -1 -1 1560 1560
3073 CONNECTION 585 902 -1 -1 1800 1800
3074 CONNECTION 585 478 -1 -1 4500 4500
3075 CONNECTION 585 218 -1 -1 2640 2640
3076 CONNECTION 585 775 -1 -1 3360 3360
3077 CONNECTION 585 302 -1 -1 4080 4080
3078 CONNECTION 585 656 -1 -1 5460 5460
3079 CONNECTION 585 71 -1 -1 3600 3600
3080 CONNECTION 585 284 300 2100 4200 4200
3081 CONNECTION 585 756 300 2460 4560 4560
3082 CONNECTION 585 457 300 2340 4440 4440
3083 CONNECTION 585 904 300 3060 5160 5160
3084 CONNECTION 585 528 300 3780 5880 5880
3085 CONNECTION 585 607 300 3780 5880 5880
3086 CONNECTION 585 622 300 5400 7500 7500
3087 CONNECTION 585 260 300 3300 5400 5400
3088 CONNECTION 585 838 300 6000 8100 8100
3089 CONNECTION 585 637 300 4140 6240 6240
3090 CONNECTION 585 1065 300 4860 6960 6960
3091 CONNECTION 585 712 300 5580 7680 7680
3092 CONNECTION 585 977 300 6960 9060 9060
3093 CONNECTION 585 502 300 5100 7200 7200
3094 CONNECTION 585 695 300 5700 7800 7800
3095 CONNECTION 585 1058 300 6060 8160 8160
3096 CONNECTION 585 818 300 5940 8040 8040
3097 SINK 585 7 -1 -1 0 0
3098 CONNECTION 749 162 -1 -1 3600 3600
3099 CONNECTION 749 140 -1 -1 3960 3960
3100 CONNECTION 749 672 -1 -1 3960 3960
3101 CONNECTION 749 327 -1 -1 5400 5400
3102 CONNECTION 749 410 -1 -1 5400 5400
3103 CONNECTION 749 798 300 2880 4980 4980
3104 CONNECTION 749 367 300 3660 5760 5760
3105 CONNECTION 749 857 300 3660 5760 5760
3106 CONNECTION 749 589 300 5100 7200 7200
3107 CONNECTION 749 568 300 5460 7560 7560
3108 CONNECTION 749 993 300 5460 7560 7560
3109 CONNECTION 749 734 300 6900 9000 9000
3110 CONNECTION 749 778 300 6900 9000 9000
3111 CONNECTION 749 4 300 6480 8580 8580
3112 CONNECTION 749 1053 300 6480 8580 8580
3113 CONNECTION 773 774 -1 -1 1800 1800
3114 CONNECTION 773 301 -1 -1 1980 1980
3115 CONNECTION 773 655 -1 -1 1980 1980
3116 CONNECTION 773 24 -1 -1 3840 3840
3117 CONNECTION 773 903 -1 -1 3600 3600
3118 CONNECTION 773 527 -1 -1 3780 3780
3119 CONNECTION 773 219 -1 -1 5640 5640
3120 CONNECTION 773 1064 300 3300 5400 5400
3121 CONNECTION 773 711 300 3480 5580 5580
3122 CONNECTION 773 976 300 3480 5580 5580
3123 CONNECTION 773 458 300 5340 7440 7440
3124 CONNECTION 773 163 300 5100 7200 7200
3125 CONNECTION 773 882 300 5280 7380 7380
3126 CONNECTION 773 638 300 7140 9240 9240
3127 CONNECTION 96 97 -1 -1 2100 2100
3128 CONNECTION 96 478 -1 -1 4320 4320
3129 CONNECTION 96 218 -1 -1 2460 2460
3130 CONNECTION 96 775 -1 -1 3180 3180
3131 CONNECTION 96 302 -1 -1 3900 3900
3132 CONNECTION 96 656 -1 -1 5280 5280
3133 CONNECTION 96 71 -1 -1 3420 3420
3134 CONNECTION 96 284 -1 -1 4020 4020
3135 CONNECTION 96 756 -1 -1 4380 4380
3136 CONNECTION 96 457 300 2160 4260 4260
3137 CONNECTION 96 904 300 2880 4980 4980
3138 CONNECTION 96 528 300 3600 5700 5700
3139 CONNECTION 96 607 300 3600 5700 5700
3140 CONNECTION 96 622 300 5220 7320 7320
3141 CONNECTION 96 260 300 3120 5220 5220
3142 CONNECTION 96 838 300 5820 7920 7920
3143 CONNECTION 96 637 300 3960 6060 6060
3144 CONNECTION 96 1065 300 4680 6780 6780
3145 CONNECTION 96 712 300 5400 7500 7500
3146 CONNECTION 96 977 300 6780 8880 8880
3147 CONNECTION 96 502 300 4920 7020 7020
3148 CONNECTION 96 695 300 5520 7620 7620
3149 CONNECTION 96 1058 300 5880 7980 7980
3150 CONNECTION 96 818 300 5760 7860 7860
3151 CONNECTION 96 164 300 6480 8580 8580
3152 SINK 96 7 -1 -1 0 0
3153 CONNECTION 901 902 -1 -1 1200 1200
3154 CONNECTION 901 478 -1 -1 3900 3900
3155 CONNECTION 901 218 -1 -1 2040 2040
3156 CONNECTION 901 775 -1 -1 2760 2760
3157 CONNECTION 901 302 -1 -1 3480 3480
3158 CONNECTION 901 656 -1 -1 4860 4860
3159 CONNECTION 901 71 -1 -1 3000 3000
3160 CONNECTION 901 284 -1 -1 3600 3600
3161 CONNECTION 901 756 -1 -1 3960 3960
3162 CONNECTION 901 457 -1 -1 3840 3840
3163 CONNECTION 901 904 300 2460 4560 4560
3164 CONNECTION 901 528 300 3180 5280 5280
3165 CONNECTION 901 607 300 3180 5280 5280
3166 CONNECTION 901 622 300 4800 6900 6900
3167 CONNECTION 901 260 300 2700 4800 4800
3168 CONNECTION 901 838 300 5400 7500 7500
3169 CONNECTION 901 637 300 3540 5640 5640
3170 CONNECTION 901 1065 300 4260 6360 6360
3171 CONNECTION 901 712 300 4980 7080 7080
3172 CONNECTION 901 977 300 6360 8460 8460
3173 CONNECTION 901 502 300 4500 6600 6600
3174 CONNECTION 901 695 300 5100 7200 7200
3175 CONNECTION 901 1058 300 5460 7560 7560
3176 CONNECTION 901 818 300 5340 7440 7440
3177 CONNECTION 901 164 300 6060 8160 8160
3178 CONNECTION 901 883 300 6780 8880 8880
3179 CONNECTION 901 927 300 6780 8880 8880
3180 CONNECTION 901 943 300 8400 10500 10500
3181 SINK 901 7 -1 -1 0 0
3182 CONNECTION 1027 1028 -1 -1 960 960
3183 CONNECTION 1027 881 -1 -1 4140 4140
3184 CONNECTION 1027 1057 -1 -1 4560 4560
3185 CONNECTION 1027 25 -1 -1 2760 2760
3186 CONNECTION 1027 1014 -1 -1 4680 4680
3187 CONNECTION 1027 479 -1 -1 3420 3420
3188 CONNECTION 1027 1030 300 3840 5940 5940
3189 CONNECTION 1027 220 300 2460 4560 4560
3190 CONNECTION 1027 100 300 5640 7740 7740
3191 CONNECTION 1027 388 300 6060 8160 8160
3192 CONNECTION 1027 459 300 4260 6360 6360
3193 CONNECTION 1027 285 300 6180 8280 8280
3194 CONNECTION 1027 839 300 4920 7020 7020
3195 CONNECTION 1027 305 300 7440 9540 9540
3196 CONNECTION 455 456 -1 -1 2100 2100
3197 CONNECTION 455 621 -1 -1 2880 2880
3198 CONNECTION 455 731 -1 -1 2220 2220
3199 CONNECTION 455 98 -1 -1 3180 3180
3200 CONNECTION 455 185 -1 -1 3060 3060
3201 CONNECTION 455 636 -1 -1 3900 3900
3202 CONNECTION 455 303 300 2880 4980 4980
3203 CONNECTION 455 817 300 3600 5700 5700
3204 CONNECTION 455 942 300 4380 6480 6480
3205 CONNECTION 455 1074 300 3720 5820 5820
3206 CONNECTION 455 529 300 4680 6780 6780
3207 CONNECTION 455 608 300 4560 6660 6660
3208 CONNECTION 455 957 300 5400 7500 7500
3209 CONNECTION 455 713 300 6480 8580 8580
3210 CONNECTION 257 258 -1 -1 1620 1620
3211 CONNECTION 257 836 -1 -1 2220 2220
3212 CONNECTION 257 435 -1 -1 2640 2640
3213 CONNECTION 257 548 -1 -1 3240 3240
3214 CONNECTION 257 500 -1 -1 3420 3420
3215 CONNECTION 257 567 -1 -1 4860 4860
3216 CONNECTION 257 588 -1 -1 4020 4020
3217 CONNECTION 257 941 -1 -1 4500 4500
3218 CONNECTION 257 121 300 2940 5040 5040
3219 CONNECTION 257 141 300 4560 6660 6660
3220 CONNECTION 257 673 300 3120 5220 5220
3221 CONNECTION 257 733 300 3720 5820 5820
3222 CONNECTION 257 777 300 3720 5820 5820
3223 CONNECTION 257 49 300 3720 5820 5820
3224 CONNECTION 257 799 300 4140 6240 6240
3225 CONNECTION 257 347 300 4740 6840 6840
3226 CONNECTION 257 368 300 6360 8460 8460
3227 CONNECTION 257 858 300 4920 7020 7020
3228 CONNECTION 257 906 300 5520 7620 7620
3229 CONNECTION 257 203 300 6000 8100 8100
3230 CONNECTION 257 550 300 6540 8640 8640
3231 CONNECTION 365 366 -1 -1 3060 3060
3232 CONNECTION 365 836 -1 -1 2220 2220
3233 CONNECTION 365 435 -1 -1 2640 2640
3234 CONNECTION 365 548 -1 -1 3240 3240
3235 CONNECTION 365 500 -1 -1 3420 3420
3236 CONNECTION 365 567 -1 -1 4860 4860
3237 CONNECTION 365 588 -1 -1 4020 4020
3238 CONNECTION 365 941 -1 -1 4500 4500
3239 CONNECTION 365 121 300 2940 5040 5040
3240 CONNECTION 365 141 300 4560 6660 6660
3241 CONNECTION 365 673 300 3120 5220 5220
3242 CONNECTION 365 733 300 3720 5820 5820
3243 CONNECTION 365 777 300 3720 5820 5820
3244 CONNECTION 365 49 300 3720 5820 5820
3245 CONNECTION 365 799 300 4140 6240 6240
3246 CONNECTION 365 347 300 4740 6840 6840
3247 CONNECTION 365 368 300 6360 8460 8460
3248 CONNECTION 365 858 300 4920 7020 7020
3249 CONNECTION 365 906 300 5520 7620 7620
3250 CONNECTION 365 203 300 6000 8100 8100
3251 CONNECTION 365 550 300 6540 8640 8640
3252 CONNECTION 69 70 -1 -1 1560 1560
3253 CONNECTION 69 587 -1 -1 2340 2340
3254 CONNECTION 69 259 -1 -1 3360 3360
3255 CONNECTION 69 837 -1 -1 3960 3960
3256 CONNECTION 69 732 -1 -1 4140 4140
3257 CONNECTION 69 776 -1 -1 4140 4140
3258 CONNECTION 69 436 -1 -1 4260 4260
3259 CONNECTION 69 501 300 3060 5160 5160
3260 CONNECTION 69 757 300 3240 5340 5340
3261 CONNECTION 69 905 300 3840 5940 5940
3262 CONNECTION 69 674 300 4860 6960 6960
3263 CONNECTION 69 50 300 5460 7560 7560
3264 CONNECTION 69 1066 300 5640 7740 7740
3265 CONNECTION 69 1075 300 5640 7740 7740
3266 CONNECTION 69 800 300 5760 7860 7860
3267 CONNECTION 139 346 -1 -1 3720 3720
3268 CONNECTION 139 956 -1 -1 4260 4260
3269 CONNECTION 139 549 -1 -1 5520 5520
3270 CONNECTION 139 26 300 3960 6060 6060
3271 CONNECTION 139 122 300 5220 7320 7320
3272 CONNECTION 139 221 300 5760 7860 7860
3273 CONNECTION 139 348 300 7020 9120 9120
3274 CONNECTION 217 218 -1 -1 1200 1200
3275 CONNECTION 217 302 -1 -1 2640 2640
3276 CONNECTION 217 656 -1 -1 4020 4020
3277 CONNECTION 217 71 -1 -1 2160 2160
3278 CONNECTION 217 284 -1 -1 2760 2760
3279 CONNECTION 217 756 -1 -1 3120 3120
3280 CONNECTION 217 457 -1 -1 3000 3000
3281 CONNECTION 217 904 -1 -1 3720 3720
3282 CONNECTION 217 528 -1 -1 4440 4440
3283 CONNECTION 217 607 -1 -1 4440 4440
3284 CONNECTION 217 622 -1 -1 6060 6060
3285 CONNECTION 217 260 -1 -1 3960 3960
3286 CONNECTION 217 838 300 4560 6660 6660
3287 CONNECTION 217 637 300 2700 4800 4800
3288 CONNECTION 217 1065 300 3420 5520 5520
3289 CONNECTION 217 712 300 4140 6240 6240
3290 CONNECTION 217 977 300 5520 7620 7620
3291 CONNECTION 217 502 300 3660 5760 5760
3292 CONNECTION 217 695 300 4260 6360 6360
3293 CONNECTION 217 1058 300 4620 6720 6720
3294 CONNECTION 217 818 300 4500 6600 6600
3295 CONNECTION 217 164 300 5220 7320 7320
3296 CONNECTION 217 883 300 5940 8040 8040
3297 CONNECTION 217 927 300 5940 8040 8040
3298 CONNECTION 217 943 300 7560 9660 9660
3299 CONNECTION 217 675 300 5460 7560 7560
3300 CONNECTION 217 51 300 8160 10260 10260
3301 SINK 217 7 -1 -1 0 0
3302 CONNECTION 547 548 -1 -1 1860 1860
3303 CONNECTION 547 588 -1 -1 2640 2640
3304 CONNECTION 547 941 -1 -1 3120 3120
3305 CONNECTION 547 121 -1 -1 3660 3660
3306 CONNECTION 547 141 -1 -1 5280 5280
3307 CONNECTION 547 673 -1 -1 3840 3840
3308 CONNECTION 547 733 -1 -1 4440 4440
3309 CONNECTION 547 777 -1 -1 4440 4440
3310 CONNECTION 547 49 -1 -1 4440 4440
3311 CONNECTION 547 799 300 2760 4860 4860
3312 CONNECTION 547 347 300 3360 5460 5460
3313 CONNECTION 547 368 300 4980 7080 7080
3314 CONNECTION 547 858 300 3540 5640 5640
3315 CONNECTION 547 906 300 4140 6240 6240
3316 CONNECTION 547 203 300 4620 6720 6720
3317 CONNECTION 547 550 300 5160 7260 7260
3318 CONNECTION 547 569 300 6780 8880 8880
3319 CONNECTION 547 994 300 5340 7440 7440
3320 CONNECTION 547 1067 300 5940 8040 8040
3321 CONNECTION 547 1076 300 5940 8040 8040
3322 CONNECTION 547 480 300 5940 8040 8040
3323 CONNECTION 547 5 300 6360 8460 8460
3324 CONNECTION 547 1054 300 6360 8460 8460
3325 CONNECTION 385 386 -1 -1 1620 1620
3326 CONNECTION 385 587 -1 -1 2220 2220
3327 CONNECTION 385 259 -1 -1 3240 3240
3328 CONNECTION 385 837 -1 -1 3840 3840
3329 CONNECTION 385 732 -1 -1 4020 4020
3330 CONNECTION 385 776 -1 -1 4020 4020
3331 CONNECTION 385 436 -1 -1 4140 4140
3332 CONNECTION 385 501 300 2940 5040 5040
3333 CONNECTION 385 757 300 3120 5220 5220
3334 CONNECTION 385 905 300 3720 5820 5820
3335 CONNECTION 385 674 300 4740 6840 6840
3336 CONNECTION 385 50 300 5340 7440 7440
3337 CONNECTION 385 1066 300 5520 7620 7620
3338 CONNECTION 385 1075 300 5520 7620 7620
3339 CONNECTION 385 800 300 5640 7740 7740
3340 CONNECTION 385 859 300 6540 8640 8640
3341 CONNECTION 975 903 -1 -1 3000 3000
3342 CONNECTION 975 527 -1 -1 3180 3180
3343 CONNECTION 975 219 -1 -1 5040 5040
3344 CONNECTION 975 1064 300 2700 4800 4800
3345 CONNECTION 975 711 300 2880 4980 4980
3346 CONNECTION 975 976 300 2880 4980 4980
3347 CONNECTION 975 458 300 4740 6840 6840
3348 CONNECTION 975 163 300 4500 6600 6600
3349 CONNECTION 975 882 300 4680 6780 6780
3350 CONNECTION 975 638 300 6540 8640 8640
3351 CONNECTION 283 284 -1 -1 1200 1200
3352 CONNECTION 283 904 -1 -1 2160 2160
3353 CONNECTION 283 528 -1 -1 2880 2880
3354 CONNECTION 283 607 -1 -1 2880 2880
3355 CONNECTION 283 622 -1 -1 4500 4500
3356 CONNECTION 283 260 -1 -1 2400 2400
3357 CONNECTION 283 838 -1 -1 5100 5100
3358 CONNECTION 283 637 -1 -1 3240 3240
3359 CONNECTION 283 1065 -1 -1 3960 3960
3360 CONNECTION 283 712 -1 -1 4680 4680
3361 CONNECTION 283 977 -1 -1 6060 6060
3362 CONNECTION 283 502 300 2100 4200 4200
3363 CONNECTION 283 695 300 2700 4800 4800
3364 CONNECTION 283 1058 300 3060 5160 5160
3365 CONNECTION 283 818 300 2940 5040 5040
3366 CONNECTION 283 164 300 3660 5760 5760
3367 CONNECTION 283 883 300 4380 6480 6480
3368 CONNECTION 283 927 300 4380 6480 6480
3369 CONNECTION 283 943 300 6000 8100 8100
3370 CONNECTION 283 675 300 3900 6000 6000
3371 CONNECTION 283 51 300 6600 8700 8700
3372 CONNECTION 283 958 300 4740 6840 6840
3373 CONNECTION 283 412 300 5460 7560 7560
3374 CONNECTION 283 243 300 7560 9660 9660
3375 CONNECTION 283 1032 300 6180 8280 8280
3376 CONNECTION 283 860 300 5700 7800 7800
3377 SINK 283 7 -1 -1 0 0
3378 CONNECTION 161 162 -1 -1 2820 2820
3379 CONNECTION 161 140 -1 -1 3180 3180
3380 CONNECTION 161 672 -1 -1 3180 3180
3381 CONNECTION 161 327 -1 -1 4620 4620
3382 CONNECTION 161 410 -1 -1 4620 4620
3383 CONNECTION 161 798 -1 -1 4200 4200
3384 CONNECTION 161 367 300 2880 4980 4980
3385 CONNECTION 161 857 300 2880 4980 4980
3386 CONNECTION 161 589 300 4320 6420 6420
3387 CONNECTION 161 568 300 4680 6780 6780
3388 CONNECTION 161 993 300 4680 6780 6780
3389 CONNECTION 161 734 300 6120 8220 8220
3390 CONNECTION 161 778 300 6120 8220 8220
3391 CONNECTION 161 4 300 5700 7800 7800
3392 CONNECTION 161 1053 300 5700 7800 7800
3393 CONNECTION 161 73 300 6480 8580 8580
3394 CONNECTION 161 142 300 6480 8580 8580
3395 CONNECTION 526 527 -1 -1 1200 1200
3396 CONNECTION 526 1064 -1 -1 2820 2820
3397 CONNECTION 526 711 -1 -1 3000 3000
3398 CONNECTION 526 976 -1 -1 3000 3000
3399 CONNECTION 526 458 -1 -1 4860 4860
3400 CONNECTION 526 163 300 2520 4620 4620
3401 CONNECTION 526 882 300 2700 4800 4800
3402 CONNECTION 526 638 300 4560 6660 6660
3403 CONNECTION 526 411 300 4320 6420 6420
3404 CONNECTION 526 242 300 4500 6600 6600
3405 CONNECTION 526 1031 300 4500 6600 6600
3406 CONNECTION 526 819 300 6360 8460 8460
3407 CONNECTION 526 590 300 6120 8220 8220
3408 CONNECTION 23 24 -1 -1 3000 3000
3409 CONNECTION 23 903 -1 -1 2760 2760
3410 CONNECTION 23 527 -1 -1 2940 2940
3411 CONNECTION 23 219 -1 -1 4800 4800
3412 CONNECTION 23 1064 300 2460 4560 4560
3413 CONNECTION 23 711 300 2640 4740 4740
3414 CONNECTION 23 976 300 2640 4740 4740
3415 CONNECTION 23 458 300 4500 6600 6600
3416 CONNECTION 23 163 300 4260 6360 6360
3417 CONNECTION 23 882 300 4440 6540 6540
3418 CONNECTION 23 638 300 6300 8400 8400
3419 CONNECTION 23 411 300 6060 8160 8160
3420 CONNECTION 477 478 -1 -1 3300 3300
3421 CONNECTION 477 775 -1 -1 2160 2160
3422 CONNECTION 477 302 -1 -1 2880 2880
3423 CONNECTION 477 656 -1 -1 4260 4260
3424 CONNECTION 477 71 -1 -1 2400 2400
3425 CONNECTION 477 284 -1 -1 3000 3000
3426 CONNECTION 477 756 -1 -1 3360 3360
3427 CONNECTION 477 457 -1 -1 3240 3240
3428 CONNECTION 477 904 -1 -1 3960 3960
3429 CONNECTION 477 528 -1 -1 4680 4680
3430 CONNECTION 477 607 -1 -1 4680 4680
3431 CONNECTION 477 622 -1 -1 6300 6300
3432 CONNECTION 477 260 300 2100 4200 4200
3433 CONNECTION 477 838 300 4800 6900 6900
3434 CONNECTION 477 637 300 2940 5040 5040
3435 CONNECTION 477 1065 300 3660 5760 5760
3436 CONNECTION 477 712 300 4380 6480 6480
3437 CONNECTION 477 977 300 5760 7860 7860
3438 CONNECTION 477 502 300 3900 6000 6000
3439 CONNECTION 477 695 300 4500 6600 6600
3440 CONNECTION 477 1058 300 4860 6960 6960
3441 CONNECTION 477 818 300 4740 6840 6840
3442 CONNECTION 477 164 300 5460 7560 7560
3443 CONNECTION 477 883 300 6180 8280 8280
3444 CONNECTION 477 927 300 6180 8280 8280
3445 CONNECTION 477 943 300 7800 9900 9900
3446 CONNECTION 477 675 300 5700 7800 7800
3447 SINK 477 7 -1 -1 0 0
3448 CONNECTION 991 992 -1 -1 3900 3900
3449 CONNECTION 991 3 -1 -1 4920 4920
3450 CONNECTION 991 1052 -1 -1 4920 4920
3451 CONNECTION 991 72 -1 -1 5700 5700
3452 CONNECTION 991 261 300 5400 7500 7500
3453 CONNECTION 991 437 300 6420 8520 8520
3454 CONNECTION 991 503 300 7200 9300 9300
3455 CONNECTION 1051 992 -1 -1 3900 3900
3456 CONNECTION 1051 3 -1 -1 4920 4920
3457 CONNECTION 1051 1052 -1 -1 4920 4920
3458 CONNECTION 1051 72 -1 -1 5700 5700
3459 CONNECTION 1051 261 300 5400 7500 7500
3460 CONNECTION 1051 437 300 6420 8520 8520
3461 CONNECTION 1051 503 300 7200 9300 9300
3462 CONNECTION 755 756 -1 -1 1560 1560
3463 CONNECTION 755 904 -1 -1 2160 2160
3464 CONNECTION 755 528 -1 -1 2880 2880
3465 CONNECTION 755 607 -1 -1 2880 2880
3466 CONNECTION 755 622 -1 -1 4500 4500
3467 CONNECTION 755 260 -1 -1 2400 2400
3468 CONNECTION 755 838 -1 -1 5100 5100
3469 CONNECTION 755 637 -1 -1 3240 3240
3470 CONNECTION 755 1065 -1 -1 3960 3960
3471 CONNECTION 755 712 -1 -1 4680 4680
3472 CONNECTION 755 977 -1 -1 6060 6060
3473 CONNECTION 755 502 300 2100 4200 4200
3474 CONNECTION 755 695 300 2700 4800 4800
3475 CONNECTION 755 1058 300 3060 5160 5160
3476 CONNECTION 755 818 300 2940 5040 5040
3477 CONNECTION 755 164 300 3660 5760 5760
3478 CONNECTION 755 883 300 4380 6480 6480
3479 CONNECTION 755 927 300 4380 6480 6480
3480 CONNECTION 755 943 300 6000 8100 8100
3481 CONNECTION 755 675 300 3900 6000 6000
3482 CONNECTION 755 51 300 6600 8700 8700
3483 CONNECTION 755 958 300 4740 6840 6840
3484 CONNECTION 755 412 300 5460 7560 7560
3485 CONNECTION 755 243 300 7560 9660 9660
3486 CONNECTION 755 1032 300 6180 8280 8280
3487 CONNECTION 755 860 300 5700 7800 7800
3488 SINK 755 7 -1 -1 0 0
3489 CONNECTION 325 326 -1 -1 1860 1860
3490 CONNECTION 325 435 -1 -1 2280 2280
3491 CONNECTION 325 548 -1 -1 2880 2880
3492 CONNECTION 325 500 -1 -1 3060 3060
3493 CONNECTION 325 567 -1 -1 4500 4500
3494 CONNECTION 325 588 -1 -1 3660 3660
3495 CONNECTION 325 941 -1 -1 4140 4140
3496 CONNECTION 325 121 -1 -1 4680 4680
3497 CONNECTION 325 141 300 4200 6300 6300
3498 CONNECTION 325 673 300 2760 4860 4860
3499 CONNECTION 325 733 300 3360 5460 5460
3500 CONNECTION 325 777 300 3360 5460 5460
3501 CONNECTION 325 49 300 3360 5460 5460
3502 CONNECTION 325 799 300 3780 5880 5880
3503 CONNECTION 325 347 300 4380 6480 6480
3504 CONNECTION 325 368 300 6000 8100 8100
3505 CONNECTION 325 858 300 4560 6660 6660
3506 CONNECTION 325 906 300 5160 7260 7260
3507 CONNECTION 325 203 300 5640 7740 7740
3508 CONNECTION 325 550 300 6180 8280 8280
3509 CONNECTION 325 569 300 7800 9900 9900
3510 CONNECTION 325 994 300 6360 8460 8460
3511 CONNECTION 408 409 -1 -1 1860 1860
3512 CONNECTION 408 435 -1 -1 2280 2280
3513 CONNECTION 408 548 -1 -1 2880 2880
3514 CONNECTION 408 500 -1 -1 3060 3060
3515 CONNECTION 408 567 -1 -1 4500 4500
3516 CONNECTION 408 588 -1 -1 3660 3660
3517 CONNECTION 408 941 -1 -1 4140 4140
3518 CONNECTION 408 121 -1 -1 4680 4680
3519 CONNECTION 408 141 300 4200 6300 6300
3520 CONNECTION 408 673 300 2760 4860 4860
3521 CONNECTION 408 733 300 3360 5460 5460
3522 CONNECTION 408 777 300 3360 5460 5460
3523 CONNECTION 408 49 300 3360 5460 5460
3524 CONNECTION 408 799 300 3780 5880 5880
3525 CONNECTION 408 347 300 4380 6480 6480
3526 CONNECTION 408 368 300 6000 8100 8100
3527 CONNECTION 408 858 300 4560 6660 6660
3528 CONNECTION 408 906 300 5160 7260 7260
3529 CONNECTION 408 203 300 5640 7740 7740
3530 CONNECTION 408 550 300 6180 8280 8280
3531 CONNECTION 408 569 300 7800 9900 9900
3532 CONNECTION 408 994 300 6360 8460 8460
3533 CONNECTION 671 672 -1 -1 1860 1860
3534 CONNECTION 671 327 -1 -1 3300 3300
3535 CONNECTION 671 410 -1 -1 3300 3300
3536 CONNECTION 671 798 -1 -1 2880 2880
3537 CONNECTION 671 367 -1 -1 3660 3660
3538 CONNECTION 671 857 -1 -1 3660 3660
3539 CONNECTION 671 589 -1 -1 5100 5100
3540 CONNECTION 671 568 300 3360 5460 5460
3541 CONNECTION 671 993 300 3360 5460 5460
3542 CONNECTION 671 734 300 4800 6900 6900
3543 CONNECTION 671 778 300 4800 6900 6900
3544 CONNECTION 671 4 300 4380 6480 6480
3545 CONNECTION 671 1053 300 4380 6480 6480
3546 CONNECTION 671 73 300 5160 7260 7260
3547 CONNECTION 671 142 300 5160 7260 7260
3548 CONNECTION 671 907 300 6600 8700 8700
3549 CONNECTION 586 587 -1 -1 1620 1620
3550 CONNECTION 586 259 -1 -1 2640 2640
3551 CONNECTION 586 837 -1 -1 3240 3240
3552 CONNECTION 586 732 -1 -1 3420 3420
3553 CONNECTION 586 776 -1 -1 3420 3420
3554 CONNECTION 586 436 -1 -1 3540 3540
3555 CONNECTION 586 501 -1 -1 4440 4440
3556 CONNECTION 586 757 300 2520 4620 4620
3557 CONNECTION 586 905 300 3120 5220 5220
3558 CONNECTION 586 674 300 4140 6240 6240
3559 CONNECTION 586 50 300 4740 6840 6840
3560 CONNECTION 586 1066 300 4920 7020 7020
3561 CONNECTION 586 1075 300 4920 7020 7020
3562 CONNECTION 586 800 300 5040 7140 7140
3563 CONNECTION 586 859 300 5940 8040 8040
3564 CONNECTION 586 1059 300 6120 8220 8220
3565 CONNECTION 620 621 -1 -1 2100 2100
3566 CONNECTION 620 636 -1 -1 3120 3120
3567 CONNECTION 620 303 -1 -1 4200 4200
3568 CONNECTION 620 817 -1 -1 4920 4920
3569 CONNECTION 620 942 300 3600 5700 5700
3570 CONNECTION 620 1074 300 2940 5040 5040
3571 CONNECTION 620 529 300 3900 6000 6000
3572 CONNECTION 620 608 300 3780 5880 5880
3573 CONNECTION 620 957 300 4620 6720 6720
3574 CONNECTION 620 713 300 5700 7800 7800
3575 CONNECTION 620 27 300 6420 8520 8520
3576 CONNECTION 2 98 -1 -1 2820 2820
3577 CONNECTION 2 185 -1 -1 2700 2700
3578 CONNECTION 2 636 -1 -1 3540 3540
3579 CONNECTION 2 303 -1 -1 4620 4620
3580 CONNECTION 2 817 300 3240 5340 5340
3581 CONNECTION 2 942 300 4020 6120 6120
3582 CONNECTION 2 1074 300 3360 5460 5460
3583 CONNECTION 2 529 300 4320 6420 6420
3584 CONNECTION 2 608 300 4200 6300 6300
3585 CONNECTION 2 957 300 5040 7140 7140
3586 CONNECTION 2 713 300 6120 8220 8220
3587 CONNECTION 2 27 300 6840 8940 8940
3588 CONNECTION 97 98 -1 -1 2040 2040
3589 CONNECTION 97 636 -1 -1 2760 2760
3590 CONNECTION 97 303 -1 -1 3840 3840
3591 CONNECTION 97 817 -1 -1 4560 4560
3592 CONNECTION 97 942 300 3240 5340 5340
3593 CONNECTION 97 1074 300 2580 4680 4680
3594 CONNECTION 97 529 300 3540 5640 5640
3595 CONNECTION 97 608 300 3420 5520 5520
3596 CONNECTION 97 957 300 4260 6360 6360
3597 CONNECTION 97 713 300 5340 7440 7440
3598 CONNECTION 97 27 300 6060 8160 8160
3599 CONNECTION 97 204 300 6840 8940 8940
3600 CONNECTION 97 328 300 6180 8280 8280
3601 CONNECTION 184 185 -1 -1 1920 1920
3602 CONNECTION 184 636 -1 -1 2760 2760
3603 CONNECTION 184 303 -1 -1 3840 3840
3604 CONNECTION 184 817 -1 -1 4560 4560
3605 CONNECTION 184 942 300 3240 5340 5340
3606 CONNECTION 184 1074 300 2580 4680 4680
3607 CONNECTION 184 529 300 3540 5640 5640
3608 CONNECTION 184 608 300 3420 5520 5520
3609 CONNECTION 184 957 300 4260 6360 6360
3610 CONNECTION 184 713 300 5340 7440 7440
3611 CONNECTION 184 27 300 6060 8160 8160
3612 CONNECTION 184 204 300 6840 8940 8940
3613 CONNECTION 184 328 300 6180 8280 8280
3614 CONNECTION 434 435 -1 -1 1620 1620
3615 CONNECTION 434 500 -1 -1 2400 2400
3616 CONNECTION 434 567 -1 -1 3840 3840
3617 CONNECTION 434 588 -1 -1 3000 3000
3618 CONNECTION 434 941 -1 -1 3480 3480
3619 CONNECTION 434 121 -1 -1 4020 4020
3620 CONNECTION 434 141 -1 -1 5640 5640
3621 CONNECTION 434 673 -1 -1 4200 4200
3622 CONNECTION 434 733 300 2700 4800 4800
3623 CONNECTION 434 777 300 2700 4800 4800
3624 CONNECTION 434 49 300 2700 4800 4800
3625 CONNECTION 434 799 300 3120 5220 5220
3626 CONNECTION 434 347 300 3720 5820 5820
3627 CONNECTION 434 368 300 5340 7440 7440
3628 CONNECTION 434 858 300 3900 6000 6000
3629 CONNECTION 434 906 300 4500 6600 6600
3630 CONNECTION 434 203 300 4980 7080 7080
3631 CONNECTION 434 550 300 5520 7620 7620
3632 CONNECTION 434 569 300 7140 9240 9240
3633 CONNECTION 434 994 300 5700 7800 7800
3634 CONNECTION 434 1067 300 6300 8400 8400
3635 CONNECTION 434 1076 300 6300 8400 8400
3636 CONNECTION 434 480 300 6300 8400 8400
3637 CONNECTION 879 880 -1 -1 1980 1980
3638 CONNECTION 879 1056 -1 -1 2100 2100
3639 CONNECTION 879 1029 -1 -1 3780 3780
3640 CONNECTION 879 99 300 3480 5580 5580
3641 CONNECTION 879 387 300 3600 5700 5700
3642 CONNECTION 879 304 300 5280 7380 7380
3643 CONNECTION 606 607 -1 -1 2100 2100
3644 CONNECTION 606 838 -1 -1 4320 4320
3645 CONNECTION 606 637 -1 -1 2460 2460
3646 CONNECTION 606 1065 -1 -1 3180 3180
3647 CONNECTION 606 712 -1 -1 3900 3900
3648 CONNECTION 606 977 -1 -1 5280 5280
3649 CONNECTION 606 502 -1 -1 3420 3420
3650 CONNECTION 606 695 -1 -1 4020 4020
3651 CONNECTION 606 1058 -1 -1 4380 4380
3652 CONNECTION 606 818 300 2160 4260 4260
3653 CONNECTION 606 164 300 2880 4980 4980
3654 CONNECTION 606 883 300 3600 5700 5700
3655 CONNECTION 606 927 300 3600 5700 5700
3656 CONNECTION 606 943 300 5220 7320 7320
3657 CONNECTION 606 675 300 3120 5220 5220
3658 CONNECTION 606 51 300 5820 7920 7920
3659 CONNECTION 606 958 300 3960 6060 6060
3660 CONNECTION 606 412 300 4680 6780 6780
3661 CONNECTION 606 243 300 6780 8880 8880
3662 CONNECTION 606 1032 300 5400 7500 7500
3663 CONNECTION 606 860 300 4920 7020 7020
3664 CONNECTION 606 389 300 5880 7980 7980
3665 CONNECTION 606 1016 300 5520 7620 7620
3666 CONNECTION 606 28 300 5760 7860 7860
3667 CONNECTION 606 591 300 6480 8580 8580
3668 SINK 606 7 -1 -1 0 0
3669 CONNECTION 202 657 -1 -1 4200 4200
3670 CONNECTION 202 1015 -1 -1 6300 6300
3671 CONNECTION 202 186 300 4980 7080 7080
3672 CONNECTION 202 978 300 5700 7800 7800
3673 CONNECTION 202 286 300 7800 9900 9900
3674 CONNECTION 709 710 -1 -1 3000 3000
3675 CONNECTION 709 1028 -1 -1 1620 1620
3676 CONNECTION 709 881 -1 -1 4800 4800
3677 CONNECTION 709 1057 -1 -1 5220 5220
3678 CONNECTION 709 25 -1 -1 3420 3420
3679 CONNECTION 709 1014 -1 -1 5340 5340
3680 CONNECTION 709 479 300 1980 4080 4080
3681 CONNECTION 709 1030 300 4500 6600 6600
3682 CONNECTION 709 220 300 3120 5220 5220
3683 CONNECTION 709 100 300 6300 8400 8400
3684 CONNECTION 709 388 300 6720 8820 8820
3685 CONNECTION 709 459 300 4920 7020 7020
3686 CONNECTION 709 285 300 6840 8940 8940
3687 CONNECTION 709 839 300 5580 7680 7680
3688 CONNECTION 693 694 -1 -1 3480 3480
3689 CONNECTION 693 926 -1 -1 4260 4260
3690 CONNECTION 693 657 -1 -1 4980 4980
3691 CONNECTION 693 1015 300 4980 7080 7080
3692 CONNECTION 693 186 300 5760 7860 7860
3693 CONNECTION 693 978 300 6480 8580 8580
3694 CONNECTION 955 956 -1 -1 4020 4020
3695 CONNECTION 955 549 -1 -1 5280 5280
3696 CONNECTION 955 26 300 3720 5820 5820
3697 CONNECTION 955 122 300 4980 7080 7080
3698 CONNECTION 955 221 300 5520 7620 7620
3699 CONNECTION 955 348 300 6780 8880 8880
3700 CONNECTION 345 327 -1 -1 3600 3600
3701 CONNECTION 345 410 -1 -1 3600 3600
3702 CONNECTION 345 798 -1 -1 3180 3180
3703 CONNECTION 345 367 -1 -1 3960 3960
3704 CONNECTION 345 857 -1 -1 3960 3960
3705 CONNECTION 345 589 -1 -1 5400 5400
3706 CONNECTION 345 568 300 3660 5760 5760
3707 CONNECTION 345 993 300 3660 5760 5760
3708 CONNECTION 345 734 300 5100 7200 7200
3709 CONNECTION 345 778 300 5100 7200 7200
3710 CONNECTION 345 4 300 4680 6780 6780
3711 CONNECTION 345 1053 300 4680 6780 6780
3712 CONNECTION 345 73 300 5460 7560 7560
3713 CONNECTION 345 142 300 5460 7560 7560
3714 CONNECTION 345 907 300 6900 9000 9000
3715 CONNECTION 774 775 -1 -1 1560 1560
3716 CONNECTION 774 71 -1 -1 1800 1800
3717 CONNECTION 774 284 -1 -1 2400 2400
3718 CONNECTION 774 756 -1 -1 2760 2760
3719 CONNECTION 774 457 -1 -1 2640 2640
3720 CONNECTION 774 904 -1 -1 3360 3360
3721 CONNECTION 774 528 -1 -1 4080 4080
3722 CONNECTION 774 607 -1 -1 4080 4080
3723 CONNECTION 774 622 -1 -1 5700 5700
3724 CONNECTION 774 260 -1 -1 3600 3600
3725 CONNECTION 774 838 300 4200 6300 6300
3726 CONNECTION 774 637 300 2340 4440 4440
3727 CONNECTION 774 1065 300 3060 5160 5160
3728 CONNECTION 774 712 300 3780 5880 5880
3729 CONNECTION 774 977 300 5160 7260 7260
3730 CONNECTION 774 502 300 3300 5400 5400
3731 CONNECTION 774 695 300 3900 6000 6000
3732 CONNECTION 774 1058 300 4260 6360 6360
3733 CONNECTION 774 818 300 4140 6240 6240
3734 CONNECTION 774 164 300 4860 6960 6960
3735 CONNECTION 774 883 300 5580 7680 7680
3736 CONNECTION 774 927 300 5580 7680 7680
3737 CONNECTION 774 943 300 7200 9300 9300
3738 CONNECTION 774 675 300 5100 7200 7200
3739 CONNECTION 774 51 300 7800 9900 9900
3740 CONNECTION 774 958 300 5940 8040 8040
3741 SINK 774 7 -1 -1 0 0
3742 CONNECTION 902 903 -1 -1 1800 1800
3743 CONNECTION 902 527 -1 -1 1980 1980
3744 CONNECTION 902 219 -1 -1 3840 3840
3745 CONNECTION 902 1064 -1 -1 3600 3600
3746 CONNECTION 902 711 -1 -1 3780 3780
3747 CONNECTION 902 976 -1 -1 3780 3780
3748 CONNECTION 902 458 -1 -1 5640 5640
3749 CONNECTION 902 163 300 3300 5400 5400
3750 CONNECTION 902 882 300 3480 5580 5580
3751 CONNECTION 902 638 300 5340 7440 7440
3752 CONNECTION 902 411 300 5100 7200 7200
3753 CONNECTION 902 242 300 5280 7380 7380
3754 CONNECTION 902 1031 300 5280 7380 7380
3755 CONNECTION 902 819 300 7140 9240 9240
3756 CONNECTION 301 302 -1 -1 2100 2100
3757 CONNECTION 301 284 -1 -1 2220 2220
3758 CONNECTION 301 756 -1 -1 2580 2580
3759 CONNECTION 301 457 -1 -1 2460 2460
3760 CONNECTION 301 904 -1 -1 3180 3180
3761 CONNECTION 301 528 -1 -1 3900 3900
3762 CONNECTION 301 607 -1 -1 3900 3900
3763 CONNECTION 301 622 -1 -1 5520 5520
3764 CONNECTION 301 260 -1 -1 3420 3420
3765 CONNECTION 301 838 -1 -1 6120 6120
3766 CONNECTION 301 637 300 2160 4260 4260
3767 CONNECTION 301 1065 300 2880 4980 4980
3768 CONNECTION 301 712 300 3600 5700 5700
3769 CONNECTION 301 977 300 4980 7080 7080
3770 CONNECTION 301 502 300 3120 5220 5220
3771 CONNECTION 301 695 300 3720 5820 5820
3772 CONNECTION 301 1058 300 4080 6180 6180
3773 CONNECTION 301 818 300 3960 6060 6060
3774 CONNECTION 301 164 300 4680 6780 6780
3775 CONNECTION 301 883 300 5400 7500 7500
3776 CONNECTION 301 927 300 5400 7500 7500
3777 CONNECTION 301 943 300 7020 9120 9120
3778 CONNECTION 301 675 300 4920 7020 7020
3779 CONNECTION 301 51 300 7620 9720 9720
3780 CONNECTION 301 958 300 5760 7860 7860
3781 CONNECTION 301 412 300 6480 8580 8580
3782 SINK 301 7 -1 -1 0 0
3783 CONNECTION 655 656 -1 -1 3480 3480
3784 CONNECTION 655 284 -1 -1 2220 2220
3785 CONNECTION 655 756 -1 -1 2580 2580
3786 CONNECTION 655 457 -1 -1 2460 2460
3787 CONNECTION 655 904 -1 -1 3180 3180
3788 CONNECTION 655 528 -1 -1 3900 3900
3789 CONNECTION 655 607 -1 -1 3900 3900
3790 CONNECTION 655 622 -1 -1 5520 5520
3791 CONNECTION 655 260 -1 -1 3420 3420
3792 CONNECTION 655 838 -1 -1 6120 6120
3793 CONNECTION 655 637 300 2160 4260 4260
3794 CONNECTION 655 1065 300 2880 4980 4980
3795 CONNECTION 655 712 300 3600 5700 5700
3796 CONNECTION 655 977 300 4980 7080 7080
3797 CONNECTION 655 502 300 3120 5220 5220
3798 CONNECTION 655 695 300 3720 5820 5820
3799 CONNECTION 655 1058 300 4080 6180 6180
3800 CONNECTION 655 818 300 3960 6060 6060
3801 CONNECTION 655 164 300 4680 6780 6780
3802 CONNECTION 655 883 300 5400 7500 7500
3803 CONNECTION 655 927 300 5400 7500 7500
3804 CONNECTION 655 943 300 7020 9120 9120
3805 CONNECTION 655 675 300 4920 7020 7020
3806 CONNECTION 655 51 300 7620 9720 9720
3807 CONNECTION 655 958 300 5760 7860 7860
3808 CONNECTION 655 412 300 6480 8580 8580
3809 SINK 655 7 -1 -1 0 0
3810 CONNECTION 24 25 -1 -1 960 960
3811 CONNECTION 24 479 -1 -1 1620 1620
3812 CONNECTION 24 1030 -1 -1 4140 4140
3813 CONNECTION 24 220 -1 -1 2760 2760
3814 CONNECTION 24 100 300 3840 5940 5940
3815 CONNECTION 24 388 300 4260 6360 6360
3816 CONNECTION 24 459 300 2460 4560 4560
3817 CONNECTION 24 285 300 4380 6480 6480
3818 CONNECTION 24 839 300 3120 5220 5220
3819 CONNECTION 24 305 300 5640 7740 7740
3820 CONNECTION 24 639 300 4260 6360 6360
3821 CONNECTION 24 531 300 7440 9540 9540
3822 CONNECTION 24 759 300 7860 9960 9960
3823 CONNECTION 70 71 -1 -1 1200 1200
3824 CONNECTION 70 284 -1 -1 1800 1800
3825 CONNECTION 70 756 -1 -1 2160 2160
3826 CONNECTION 70 457 -1 -1 2040 2040
3827 CONNECTION 70 904 -1 -1 2760 2760
3828 CONNECTION 70 528 -1 -1 3480 3480
3829 CONNECTION 70 607 -1 -1 3480 3480
3830 CONNECTION 70 622 -1 -1 5100 5100
3831 CONNECTION 70 260 -1 -1 3000 3000
3832 CONNECTION 70 838 -1 -1 5700 5700
3833 CONNECTION 70 637 -1 -1 3840 3840
3834 CONNECTION 70 1065 300 2460 4560 4560
3835 CONNECTION 70 712 300 3180 5280 5280
3836 CONNECTION 70 977 300 4560 6660 6660
3837 CONNECTION 70 502 300 2700 4800 4800
3838 CONNECTION 70 695 300 3300 5400 5400
3839 CONNECTION 70 1058 300 3660 5760 5760
3840 CONNECTION 70 818 300 3540 5640 5640
3841 CONNECTION 70 164 300 4260 6360 6360
3842 CONNECTION 70 883 300 4980 7080 7080
3843 CONNECTION 70 927 300 4980 7080 7080
3844 CONNECTION 70 943 300 6600 8700 8700
3845 CONNECTION 70 675 300 4500 6600 6600
3846 CONNECTION 70 51 300 7200 9300 9300
3847 CONNECTION 70 958 300 5340 7440 7440
3848 CONNECTION 70 412 300 6060 8160 8160
3849 CONNECTION 70 243 300 8160 10260 10260
3850 CONNECTION 70 1032 300 6780 8880 8880
3851 SINK 70 7 -1 -1 0 0
3852 CONNECTION 48 1056 -1 -1 1440 1440
3853 CONNECTION 48 1029 -1 -1 3120 3120
3854 CONNECTION 48 99 300 2820 4920 4920
3855 CONNECTION 48 387 300 2940 5040 5040
3856 CONNECTION 48 304 300 4620 6720 6720
3857 CONNECTION 635 636 -1 -1 2100 2100
3858 CONNECTION 635 303 -1 -1 3180 3180
3859 CONNECTION 635 817 -1 -1 3900 3900
3860 CONNECTION 635 942 -1 -1 4680 4680
3861 CONNECTION 635 1074 -1 -1 4020 4020
3862 CONNECTION 635 529 300 2880 4980 4980
3863 CONNECTION 635 608 300 2760 4860 4860
3864 CONNECTION 635 957 300 3600 5700 5700
3865 CONNECTION 635 713 300 4680 6780 6780
3866 CONNECTION 635 27 300 5400 7500 7500
3867 CONNECTION 635 204 300 6180 8280 8280
3868 CONNECTION 635 328 300 5520 7620 7620
3869 CONNECTION 635 884 300 6480 8580 8580
3870 CONNECTION 635 928 300 6360 8460 8460
3871 CONNECTION 386 588 -1 -1 2460 2460
3872 CONNECTION 386 941 -1 -1 2940 2940
3873 CONNECTION 386 121 -1 -1 3480 3480
3874 CONNECTION 386 141 -1 -1 5100 5100
3875 CONNECTION 386 673 -1 -1 3660 3660
3876 CONNECTION 386 733 -1 -1 4260 4260
3877 CONNECTION 386 777 -1 -1 4260 4260
3878 CONNECTION 386 49 -1 -1 4260 4260
3879 CONNECTION 386 799 300 2580 4680 4680
3880 CONNECTION 386 347 300 3180 5280 5280
3881 CONNECTION 386 368 300 4800 6900 6900
3882 CONNECTION 386 858 300 3360 5460 5460
3883 CONNECTION 386 906 300 3960 6060 6060
3884 CONNECTION 386 203 300 4440 6540 6540
3885 CONNECTION 386 550 300 4980 7080 7080
3886 CONNECTION 386 569 300 6600 8700 8700
3887 CONNECTION 386 994 300 5160 7260 7260
3888 CONNECTION 386 1067 300 5760 7860 7860
3889 CONNECTION 386 1076 300 5760 7860 7860
3890 CONNECTION 386 480 300 5760 7860 7860
3891 CONNECTION 386 5 300 6180 8280 8280
3892 CONNECTION 386 1054 300 6180 8280 8280
3893 CONNECTION 386 123 300 6780 8880 8880
3894 CONNECTION 499 500 -1 -1 1620 1620
3895 CONNECTION 499 941 -1 -1 2700 2700
3896 CONNECTION 499 121 -1 -1 3240 3240
3897 CONNECTION 499 141 -1 -1 4860 4860
3898 CONNECTION 499 673 -1 -1 3420 3420
3899 CONNECTION 499 733 -1 -1 4020 4020
3900 CONNECTION 499 777 -1 -1 4020 4020
3901 CONNECTION 499 49 -1 -1 4020 4020
3902 CONNECTION 499 799 -1 -1 4440 4440
3903 CONNECTION 499 347 300 2940 5040 5040
3904 CONNECTION 499 368 300 4560 6660 6660
3905 CONNECTION 499 858 300 3120 5220 5220
3906 CONNECTION 499 906 300 3720 5820 5820
3907 CONNECTION 499 203 300 4200 6300 6300
3908 CONNECTION 499 550 300 4740 6840 6840
3909 CONNECTION 499 569 300 6360 8460 8460
3910 CONNECTION 499 994 300 4920 7020 7020
3911 CONNECTION 499 1067 300 5520 7620 7620
3912 CONNECTION 499 1076 300 5520 7620 7620
3913 CONNECTION 499 480 300 5520 7620 7620
3914 CONNECTION 499 5 300 5940 8040 8040
3915 CONNECTION 499 1054 300 5940 8040 8040
3916 CONNECTION 499 123 300 6540 8640 8640
3917 CONNECTION 566 567 -1 -1 3060 3060
3918 CONNECTION 566 941 -1 -1 2700 2700
3919 CONNECTION 566 121 -1 -1 3240 3240
3920 CONNECTION 566 141 -1 -1 4860 4860
3921 CONNECTION 566 673 -1 -1 3420 3420
3922 CONNECTION 566 733 -1 -1 4020 4020
3923 CONNECTION 566 777 -1 -1 4020 4020
3924 CONNECTION 566 49 -1 -1 4020 4020
3925 CONNECTION 566 799 -1 -1 4440 4440
3926 CONNECTION 566 347 300 2940 5040 5040
3927 CONNECTION 566 368 300 4560 6660 6660
3928 CONNECTION 566 858 300 3120 5220 5220
3929 CONNECTION 566 906 300 3720 5820 5820
3930 CONNECTION 566 203 300 4200 6300 6300
3931 CONNECTION 566 550 300 4740 6840 6840
3932 CONNECTION 566 569 300 6360 8460 8460
3933 CONNECTION 566 994 300 4920 7020 7020
3934 CONNECTION 566 1067 300 5520 7620 7620
3935 CONNECTION 566 1076 300 5520 7620 7620
3936 CONNECTION 566 480 300 5520 7620 7620
3937 CONNECTION 566 5 300 5940 8040 8040
3938 CONNECTION 566 1054 300 5940 8040 8040
3939 CONNECTION 566 123 300 6540 8640 8640
3940 CONNECTION 797 798 -1 -1 1860 1860
3941 CONNECTION 797 367 -1 -1 2640 2640
3942 CONNECTION 797 857 -1 -1 2640 2640
3943 CONNECTION 797 589 -1 -1 4080 4080
3944 CONNECTION 797 568 -1 -1 4440 4440
3945 CONNECTION 797 993 -1 -1 4440 4440
3946 CONNECTION 797 734 300 3780 5880 5880
3947 CONNECTION 797 778 300 3780 5880 5880
3948 CONNECTION 797 4 300 3360 5460 5460
3949 CONNECTION 797 1053 300 3360 5460 5460
3950 CONNECTION 797 73 300 4140 6240 6240
3951 CONNECTION 797 142 300 4140 6240 6240
3952 CONNECTION 797 907 300 5580 7680 7680
3953 CONNECTION 797 262 300 5940 8040 8040
3954 CONNECTION 797 369 300 5940 8040 8040
3955 CONNECTION 797 1068 300 7380 9480 9480
3956 CONNECTION 797 1077 300 7380 9480 9480
3957 CONNECTION 258 259 -1 -1 1560 1560
3958 CONNECTION 258 837 -1 -1 2160 2160
3959 CONNECTION 258 732 -1 -1 2340 2340
3960 CONNECTION 258 776 -1 -1 2340 2340
3961 CONNECTION 258 436 -1 -1 2460 2460
3962 CONNECTION 258 501 -1 -1 3360 3360
3963 CONNECTION 258 757 -1 -1 3540 3540
3964 CONNECTION 258 905 -1 -1 4140 4140
3965 CONNECTION 258 674 300 3060 5160 5160
3966 CONNECTION 258 50 300 3660 5760 5760
3967 CONNECTION 258 1066 300 3840 5940 5940
3968 CONNECTION 258 1075 300 3840 5940 5940
3969 CONNECTION 258 800 300 3960 6060 6060
3970 CONNECTION 258 859 300 4860 6960 6960
3971 CONNECTION 258 1059 300 5040 7140 7140
3972 CONNECTION 258 165 300 5640 7740 7740
3973 CONNECTION 366 549 -1 -1 3720 3720
3974 CONNECTION 366 26 -1 -1 4260 4260
3975 CONNECTION 366 122 -1 -1 5520 5520
3976 CONNECTION 366 221 300 3960 6060 6060
3977 CONNECTION 366 348 300 5220 7320 7320
3978 CONNECTION 366 460 300 5760 7860 7860
3979 CONNECTION 366 551 300 7020 9120 9120
3980 CONNECTION 120 121 -1 -1 1860 1860
3981 CONNECTION 120 733 -1 -1 2640 2640
3982 CONNECTION 120 777 -1 -1 2640 2640
3983 CONNECTION 120 49 -1 -1 2640 2640
3984 CONNECTION 120 799 -1 -1 3060 3060
3985 CONNECTION 120 347 -1 -1 3660 3660
3986 CONNECTION 120 368 -1 -1 5280 5280
3987 CONNECTION 120 858 -1 -1 3840 3840
3988 CONNECTION 120 906 -1 -1 4440 4440
3989 CONNECTION 120 203 300 2820 4920 4920
3990 CONNECTION 120 550 300 3360 5460 5460
3991 CONNECTION 120 569 300 4980 7080 7080
3992 CONNECTION 120 994 300 3540 5640 5640
3993 CONNECTION 120 1067 300 4140 6240 6240
3994 CONNECTION 120 1076 300 4140 6240 6240
3995 CONNECTION 120 480 300 4140 6240 6240
3996 CONNECTION 120 5 300 4560 6660 6660
3997 CONNECTION 120 1054 300 4560 6660 6660
3998 CONNECTION 120 123 300 5160 7260 7260
3999 CONNECTION 120 74 300 5340 7440 7440
4000 CONNECTION 120 143 300 6780 8880 8880
4001 CONNECTION 120 166 300 5940 8040 8040
4002 CONNECTION 120 623 300 6420 8520 8520
4003 CONNECTION 456 457 -1 -1 1200 1200
4004 CONNECTION 456 528 -1 -1 2640 2640
4005 CONNECTION 456 607 -1 -1 2640 2640
4006 CONNECTION 456 622 -1 -1 4260 4260
4007 CONNECTION 456 260 -1 -1 2160 2160
4008 CONNECTION 456 838 -1 -1 4860 4860
4009 CONNECTION 456 637 -1 -1 3000 3000
4010 CONNECTION 456 1065 -1 -1 3720 3720
4011 CONNECTION 456 712 -1 -1 4440 4440
4012 CONNECTION 456 977 -1 -1 5820 5820
4013 CONNECTION 456 502 -1 -1 3960 3960
4014 CONNECTION 456 695 300 2460 4560 4560
4015 CONNECTION 456 1058 300 2820 4920 4920
4016 CONNECTION 456 818 300 2700 4800 4800
4017 CONNECTION 456 164 300 3420 5520 5520
4018 CONNECTION 456 883 300 4140 6240 6240
4019 CONNECTION 456 927 300 4140 6240 6240
4020 CONNECTION 456 943 300 5760 7860 7860
4021 CONNECTION 456 675 300 3660 5760 5760
4022 CONNECTION 456 51 300 6360 8460 8460
4023 CONNECTION 456 958 300 4500 6600 6600
4024 CONNECTION 456 412 300 5220 7320 7320
4025 CONNECTION 456 243 300 7320 9420 9420
4026 CONNECTION 456 1032 300 5940 8040 8040
4027 CONNECTION 456 860 300 5460 7560 7560
4028 CONNECTION 456 389 300 6420 8520 8520
4029 CONNECTION 456 1016 300 6060 8160 8160
4030 SINK 456 7 -1 -1 0 0
4031 CONNECTION 478 479 -1 -1 960 960
4032 CONNECTION 478 1030 -1 -1 3480 3480
4033 CONNECTION 478 220 -1 -1 2100 2100
4034 CONNECTION 478 100 -1 -1 5280 5280
4035 CONNECTION 478 388 -1 -1 5700 5700
4036 CONNECTION 478 459 300 1800 3900 3900
4037 CONNECTION 478 285 300 3720 5820 5820
4038 CONNECTION 478 839 300 2460 4560 4560
4039 CONNECTION 478 305 300 4980 7080 7080
4040 CONNECTION 478 639 300 3600 5700 5700
4041 CONNECTION 478 531 300 6780 8880 8880
4042 CONNECTION 478 759 300 7200 9300 9300
4043 CONNECTION 478 820 300 5400 7500 7500
4044 CONNECTION 478 696 300 7320 9420 9420
4045 CONNECTION 326 327 -1 -1 2820 2820
4046 CONNECTION 326 798 -1 -1 2400 2400
4047 CONNECTION 326 367 -1 -1 3180 3180
4048 CONNECTION 326 857 -1 -1 3180 3180
4049 CONNECTION 326 589 -1 -1 4620 4620
4050 CONNECTION 326 568 300 2880 4980 4980
4051 CONNECTION 326 993 300 2880 4980 4980
4052 CONNECTION 326 734 300 4320 6420 6420
4053 CONNECTION 326 778 300 4320 6420 6420
4054 CONNECTION 326 4 300 3900 6000 6000
4055 CONNECTION 326 1053 300 3900 6000 6000
4056 CONNECTION 326 73 300 4680 6780 6780
4057 CONNECTION 326 142 300 4680 6780 6780
4058 CONNECTION 326 907 300 6120 8220 8220
4059 CONNECTION 326 262 300 6480 8580 8580
4060 CONNECTION 326 369 300 6480 8580 8580
4061 CONNECTION 409 410 -1 -1 2820 2820
4062 CONNECTION 409 798 -1 -1 2400 2400
4063 CONNECTION 409 367 -1 -1 3180 3180
4064 CONNECTION 409 857 -1 -1 3180 3180
4065 CONNECTION 409 589 -1 -1 4620 4620
4066 CONNECTION 409 568 300 2880 4980 4980
4067 CONNECTION 409 993 300 2880 4980 4980
4068 CONNECTION 409 734 300 4320 6420 6420
4069 CONNECTION 409 778 300 4320 6420 6420
4070 CONNECTION 409 4 300 3900 6000 6000
4071 CONNECTION 409 1053 300 3900 6000 6000
4072 CONNECTION 409 73 300 4680 6780 6780
4073 CONNECTION 409 142 300 4680 6780 6780
4074 CONNECTION 409 907 300 6120 8220 8220
4075 CONNECTION 409 262 300 6480 8580 8580
4076 CONNECTION 409 369 300 6480 8580 8580
4077 CONNECTION 710 711 -1 -1 1200 1200
4078 CONNECTION 710 163 -1 -1 2820 2820
4079 CONNECTION 710 882 -1 -1 3000 3000
4080 CONNECTION 710 638 -1 -1 4860 4860
4081 CONNECTION 710 411 300 2520 4620 4620
4082 CONNECTION 710 242 300 2700 4800 4800
4083 CONNECTION 710 1031 300 2700 4800 4800
4084 CONNECTION 710 819 300 4560 6660 6660
4085 CONNECTION 710 590 300 4320 6420 6420
4086 CONNECTION 710 101 300 4500 6600 6600
4087 CONNECTION 710 959 300 6360 8460 8460
4088 CONNECTION 710 779 300 6120 8220 8220
4089 CONNECTION 162 72 -1 -1 3900 3900
4090 CONNECTION 162 261 -1 -1 5700 5700
4091 CONNECTION 162 437 300 4620 6720 6720
4092 CONNECTION 162 503 300 5400 7500 7500
4093 CONNECTION 162 676 300 7200 9300 9300
4094 CONNECTION 218 219 -1 -1 3000 3000
4095 CONNECTION 218 1064 -1 -1 2760 2760
4096 CONNECTION 218 711 -1 -1 2940 2940
4097 CONNECTION 218 976 -1 -1 2940 2940
4098 CONNECTION 218 458 -1 -1 4800 4800
4099 CONNECTION 218 163 300 2460 4560 4560
4100 CONNECTION 218 882 300 2640 4740 4740
4101 CONNECTION 218 638 300 4500 6600 6600
4102 CONNECTION 218 411 300 4260 6360 6360
4103 CONNECTION 218 242 300 4440 6540 6540
4104 CONNECTION 218 1031 300 4440 6540 6540
4105 CONNECTION 218 819 300 6300 8400 8400
4106 CONNECTION 218 590 300 6060 8160 8160
4107 CONNECTION 587 588 -1 -1 1860 1860
4108 CONNECTION 587 121 -1 -1 2880 2880
4109 CONNECTION 587 141 -1 -1 4500 4500
4110 CONNECTION 587 673 -1 -1 3060 3060
4111 CONNECTION 587 733 -1 -1 3660 3660
4112 CONNECTION 587 777 -1 -1 3660 3660
4113 CONNECTION 587 49 -1 -1 3660 3660
4114 CONNECTION 587 799 -1 -1 4080 4080
4115 CONNECTION 587 347 -1 -1 4680 4680
4116 CONNECTION 587 368 300 4200 6300 6300
4117 CONNECTION 587 858 300 2760 4860 4860
4118 CONNECTION 587 906 300 3360 5460 5460
4119 CONNECTION 587 203 300 3840 5940 5940
4120 CONNECTION 587 550 300 4380 6480 6480
4121 CONNECTION 587 569 300 6000 8100 8100
4122 CONNECTION 587 994 300 4560 6660 6660
4123 CONNECTION 587 1067 300 5160 7260 7260
4124 CONNECTION 587 1076 300 5160 7260 7260
4125 CONNECTION 587 480 300 5160 7260 7260
4126 CONNECTION 587 5 300 5580 7680 7680
4127 CONNECTION 587 1054 300 5580 7680 7680
4128 CONNECTION 587 123 300 6180 8280 8280
4129 CONNECTION 587 74 300 6360 8460 8460
4130 CONNECTION 587 143 300 7800 9900 9900
4131 CONNECTION 836 837 -1 -1 1560 1560
4132 CONNECTION 836 501 -1 -1 2760 2760
4133 CONNECTION 836 757 -1 -1 2940 2940
4134 CONNECTION 836 905 -1 -1 3540 3540
4135 CONNECTION 836 674 300 2460 4560 4560
4136 CONNECTION 836 50 300 3060 5160 5160
4137 CONNECTION 836 1066 300 3240 5340 5340
4138 CONNECTION 836 1075 300 3240 5340 5340
4139 CONNECTION 836 800 300 3360 5460 5460
4140 CONNECTION 836 859 300 4260 6360 6360
4141 CONNECTION 836 1059 300 4440 6540 6540
4142 CONNECTION 836 165 300 5040 7140 7140
4143 CONNECTION 836 995 300 6060 8160 8160
4144 CONNECTION 856 857 -1 -1 1860 1860
4145 CONNECTION 856 589 -1 -1 3300 3300
4146 CONNECTION 856 568 -1 -1 3660 3660
4147 CONNECTION 856 993 -1 -1 3660 3660
4148 CONNECTION 856 734 -1 -1 5100 5100
4149 CONNECTION 856 778 -1 -1 5100 5100
4150 CONNECTION 856 4 -1 -1 4680 4680
4151 CONNECTION 856 1053 -1 -1 4680 4680
4152 CONNECTION 856 73 300 3360 5460 5460
4153 CONNECTION 856 142 300 3360 5460 5460
4154 CONNECTION 856 907 300 4800 6900 6900
4155 CONNECTION 856 262 300 5160 7260 7260
4156 CONNECTION 856 369 300 5160 7260 7260
4157 CONNECTION 856 1068 300 6600 8700 8700
4158 CONNECTION 856 1077 300 6600 8700 8700
4159 CONNECTION 856 438 300 6180 8280 8280
4160 CONNECTION 775 776 -1 -1 1620 1620
4161 CONNECTION 775 501 -1 -1 2640 2640
4162 CONNECTION 775 757 -1 -1 2820 2820
4163 CONNECTION 775 905 -1 -1 3420 3420
4164 CONNECTION 775 674 -1 -1 4440 4440
4165 CONNECTION 775 50 300 2940 5040 5040
4166 CONNECTION 775 1066 300 3120 5220 5220
4167 CONNECTION 775 1075 300 3120 5220 5220
4168 CONNECTION 775 800 300 3240 5340 5340
4169 CONNECTION 775 859 300 4140 6240 6240
4170 CONNECTION 775 1059 300 4320 6420 6420
4171 CONNECTION 775 165 300 4920 7020 7020
4172 CONNECTION 775 995 300 5940 8040 8040
4173 CONNECTION 775 481 300 6540 8640 8640
4174 CONNECTION 241 1030 -1 -1 3480 3480
4175 CONNECTION 241 220 -1 -1 2100 2100
4176 CONNECTION 241 100 -1 -1 5280 5280
4177 CONNECTION 241 388 -1 -1 5700 5700
4178 CONNECTION 241 459 300 1800 3900 3900
4179 CONNECTION 241 285 300 3720 5820 5820
4180 CONNECTION 241 839 300 2460 4560 4560
4181 CONNECTION 241 305 300 4980 7080 7080
4182 CONNECTION 241 639 300 3600 5700 5700
4183 CONNECTION 241 531 300 6780 8880 8880
4184 CONNECTION 241 759 300 7200 9300 9300
4185 CONNECTION 241 820 300 5400 7500 7500
4186 CONNECTION 241 696 300 7320 9420 9420
4187 CONNECTION 621 622 -1 -1 3480 3480
4188 CONNECTION 621 838 -1 -1 4080 4080
4189 CONNECTION 621 637 -1 -1 2220 2220
4190 CONNECTION 621 1065 -1 -1 2940 2940
4191 CONNECTION 621 712 -1 -1 3660 3660
4192 CONNECTION 621 977 -1 -1 5040 5040
4193 CONNECTION 621 502 -1 -1 3180 3180
4194 CONNECTION 621 695 -1 -1 3780 3780
4195 CONNECTION 621 1058 -1 -1 4140 4140
4196 CONNECTION 621 818 -1 -1 4020 4020
4197 CONNECTION 621 164 300 2640 4740 4740
4198 CONNECTION 621 883 300 3360 5460 5460
4199 CONNECTION 621 927 300 3360 5460 5460
4200 CONNECTION 621 943 300 4980 7080 7080
4201 CONNECTION 621 675 300 2880 4980 4980
4202 CONNECTION 621 51 300 5580 7680 7680
4203 CONNECTION 621 958 300 3720 5820 5820
4204 CONNECTION 621 412 300 4440 6540 6540
4205 CONNECTION 621 243 300 6540 8640 8640
4206 CONNECTION 621 1032 300 5160 7260 7260
4207 CONNECTION 621 860 300 4680 6780 6780
4208 CONNECTION 621 389 300 5640 7740 7740
4209 CONNECTION 621 1016 300 5280 7380 7380
4210 CONNECTION 621 28 300 5520 7620 7620
4211 CONNECTION 621 591 300 6240 8340 8340
4212 CONNECTION 621 102 300 6960 9060 9060
4213 CONNECTION 621 187 300 6960 9060 9060
4214 SINK 621 7 -1 -1 0 0
4215 CONNECTION 731 732 -1 -1 1620 1620
4216 CONNECTION 731 501 -1 -1 2640 2640
4217 CONNECTION 731 757 -1 -1 2820 2820
4218 CONNECTION 731 905 -1 -1 3420 3420
4219 CONNECTION 731 674 -1 -1 4440 4440
4220 CONNECTION 731 50 300 2940 5040 5040
4221 CONNECTION 731 1066 300 3120 5220 5220
4222 CONNECTION 731 1075 300 3120 5220 5220
4223 CONNECTION 731 800 300 3240 5340 5340
4224 CONNECTION 731 859 300 4140 6240 6240
4225 CONNECTION 731 1059 300 4320 6420 6420
4226 CONNECTION 731 165 300 4920 7020 7020
4227 CONNECTION 731 995 300 5940 8040 8040
4228 CONNECTION 731 481 300 6540 8640 8640
4229 CONNECTION 302 303 -1 -1 2040 2040
4230 CONNECTION 302 817 -1 -1 2760 2760
4231 CONNECTION 302 942 -1 -1 3540 3540
4232 CONNECTION 302 1074 -1 -1 2880 2880
4233 CONNECTION 302 529 -1 -1 3840 3840
4234 CONNECTION 302 608 -1 -1 3720 3720
4235 CONNECTION 302 957 -1 -1 4560 4560
4236 CONNECTION 302 713 300 3540 5640 5640
4237 CONNECTION 302 27 300 4260 6360 6360
4238 CONNECTION 302 204 300 5040 7140 7140
4239 CONNECTION 302 328 300 4380 6480 6480
4240 CONNECTION 302 884 300 5340 7440 7440
4241 CONNECTION 302 928 300 5220 7320 7320
4242 CONNECTION 302 222 300 6060 8160 8160
4243 CONNECTION 656 657 -1 -1 2640 2640
4244 CONNECTION 656 1015 -1 -1 4740 4740
4245 CONNECTION 656 186 -1 -1 5520 5520
4246 CONNECTION 656 978 300 4140 6240 6240
4247 CONNECTION 656 286 300 6240 8340 8340
4248 CONNECTION 656 609 300 7020 9120 9120
4249 CONNECTION 435 436 -1 -1 1440 1440
4250 CONNECTION 435 501 -1 -1 2340 2340
4251 CONNECTION 435 757 -1 -1 2520 2520
4252 CONNECTION 435 905 -1 -1 3120 3120
4253 CONNECTION 435 674 -1 -1 4140 4140
4254 CONNECTION 435 50 300 2640 4740 4740
4255 CONNECTION 435 1066 300 2820 4920 4920
4256 CONNECTION 435 1075 300 2820 4920 4920
4257 CONNECTION 435 800 300 2940 5040 5040
4258 CONNECTION 435 859 300 3840 5940 5940
4259 CONNECTION 435 1059 300 4020 6120 6120
4260 CONNECTION 435 165 300 4620 6720 6720
4261 CONNECTION 435 995 300 5640 7740 7740
4262 CONNECTION 435 481 300 6240 8340 8340
4263 CONNECTION 435 329 300 6420 8520 8520
4264 CONNECTION 435 413 300 6420 8520 8520
4265 CONNECTION 1028 1029 -1 -1 1980 1980
4266 CONNECTION 1028 99 -1 -1 3780 3780
4267 CONNECTION 1028 387 300 1800 3900 3900
4268 CONNECTION 1028 304 300 3480 5580 5580
4269 CONNECTION 1028 530 300 5280 7380 7380
4270 CONNECTION 1028 758 300 5400 7500 7500
4271 CONNECTION 880 881 -1 -1 3000 3000
4272 CONNECTION 880 25 -1 -1 1620 1620
4273 CONNECTION 880 1014 -1 -1 3540 3540
4274 CONNECTION 880 479 -1 -1 2280 2280
4275 CONNECTION 880 1030 -1 -1 4800 4800
4276 CONNECTION 880 220 -1 -1 3420 3420
4277 CONNECTION 880 100 300 4500 6600 6600
4278 CONNECTION 880 388 300 4920 7020 7020
4279 CONNECTION 880 459 300 3120 5220 5220
4280 CONNECTION 880 285 300 5040 7140 7140
4281 CONNECTION 880 839 300 3780 5880 5880
4282 CONNECTION 880 305 300 6300 8400 8400
4283 CONNECTION 880 639 300 4920 7020 7020
4284 CONNECTION 98 26 -1 -1 4020 4020
4285 CONNECTION 98 122 -1 -1 5280 5280
4286 CONNECTION 98 221 300 3720 5820 5820
4287 CONNECTION 98 348 300 4980 7080 7080
4288 CONNECTION 98 460 300 5520 7620 7620
4289 CONNECTION 98 551 300 6780 8880 8880
4290 CONNECTION 185 733 -1 -1 2640 2640
4291 CONNECTION 185 777 -1 -1 2640 2640
4292 CONNECTION 185 49 -1 -1 2640 2640
4293 CONNECTION 185 799 -1 -1 3060 3060
4294 CONNECTION 185 347 -1 -1 3660 3660
4295 CONNECTION 185 368 -1 -1 5280 5280
4296 CONNECTION 185 858 -1 -1 3840 3840
4297 CONNECTION 185 906 -1 -1 4440 4440
4298 CONNECTION 185 203 300 2820 4920 4920
4299 CONNECTION 185 550 300 3360 5460 5460
4300 CONNECTION 185 569 300 4980 7080 7080
4301 CONNECTION 185 994 300 3540 5640 5640
4302 CONNECTION 185 1067 300 4140 6240 6240
4303 CONNECTION 185 1076 300 4140 6240 6240
4304 CONNECTION 185 480 300 4140 6240 6240
4305 CONNECTION 185 5 300 4560 6660 6660
4306 CONNECTION 185 1054 300 4560 6660 6660
4307 CONNECTION 185 123 300 5160 7260 7260
4308 CONNECTION 185 74 300 5340 7440 7440
4309 CONNECTION 185 143 300 6780 8880 8880
4310 CONNECTION 185 166 300 5940 8040 8040
4311 CONNECTION 185 623 300 6420 8520 8520
4312 CONNECTION 1056 1057 -1 -1 3300 3300
4313 CONNECTION 1056 25 -1 -1 1500 1500
4314 CONNECTION 1056 1014 -1 -1 3420 3420
4315 CONNECTION 1056 479 -1 -1 2160 2160
4316 CONNECTION 1056 1030 -1 -1 4680 4680
4317 CONNECTION 1056 220 -1 -1 3300 3300
4318 CONNECTION 1056 100 300 4380 6480 6480
4319 CONNECTION 1056 388 300 4800 6900 6900
4320 CONNECTION 1056 459 300 3000 5100 5100
4321 CONNECTION 1056 285 300 4920 7020 7020
4322 CONNECTION 1056 839 300 3660 5760 5760
4323 CONNECTION 1056 305 300 6180 8280 8280
4324 CONNECTION 1056 639 300 4800 6900 6900
4325 CONNECTION 1056 531 300 7980 10080 10080
4326 CONNECTION 71 1064 -1 -1 1800 1800
4327 CONNECTION 71 711 -1 -1 1980 1980
4328 CONNECTION 71 976 -1 -1 1980 1980
4329 CONNECTION 71 458 -1 -1 3840 3840
4330 CONNECTION 71 163 -1 -1 3600 3600
4331 CONNECTION 71 882 -1 -1 3780 3780
4332 CONNECTION 71 638 -1 -1 5640 5640
4333 CONNECTION 71 411 300 3300 5400 5400
4334 CONNECTION 71 242 300 3480 5580 5580
4335 CONNECTION 71 1031 300 3480 5580 5580
4336 CONNECTION 71 819 300 5340 7440 7440
4337 CONNECTION 71 590 300 5100 7200 7200
4338 CONNECTION 71 101 300 5280 7380 7380
4339 CONNECTION 71 959 300 7140 9240 9240
4340 CONNECTION 548 589 -1 -1 3600 3600
4341 CONNECTION 548 568 -1 -1 3960 3960
4342 CONNECTION 548 993 -1 -1 3960 3960
4343 CONNECTION 548 734 -1 -1 5400 5400
4344 CONNECTION 548 778 -1 -1 5400 5400
4345 CONNECTION 548 4 300 2880 4980 4980
4346 CONNECTION 548 1053 300 2880 4980 4980
4347 CONNECTION 548 73 300 3660 5760 5760
4348 CONNECTION 548 142 300 3660 5760 5760
4349 CONNECTION 548 907 300 5100 7200 7200
4350 CONNECTION 548 262 300 5460 7560 7560
4351 CONNECTION 548 369 300 5460 7560 7560
4352 CONNECTION 548 1068 300 6900 9000 9000
4353 CONNECTION 548 1077 300 6900 9000 9000
4354 CONNECTION 548 438 300 6480 8580 8580
4355 CONNECTION 903 904 -1 -1 1560 1560
4356 CONNECTION 903 260 -1 -1 1800 1800
4357 CONNECTION 903 838 -1 -1 4500 4500
4358 CONNECTION 903 637 -1 -1 2640 2640
4359 CONNECTION 903 1065 -1 -1 3360 3360
4360 CONNECTION 903 712 -1 -1 4080 4080
4361 CONNECTION 903 977 -1 -1 5460 5460
4362 CONNECTION 903 502 -1 -1 3600 3600
4363 CONNECTION 903 695 300 2100 4200 4200
4364 CONNECTION 903 1058 300 2460 4560 4560
4365 CONNECTION 903 818 300 2340 4440 4440
4366 CONNECTION 903 164 300 3060 5160 5160
4367 CONNECTION 903 883 300 3780 5880 5880
4368 CONNECTION 903 927 300 3780 5880 5880
4369 CONNECTION 903 943 300 5400 7500 7500
4370 CONNECTION 903 675 300 3300 5400 5400
4371 CONNECTION 903 51 300 6000 8100 8100
4372 CONNECTION 903 958 300 4140 6240 6240
4373 CONNECTION 903 412 300 4860 6960 6960
4374 CONNECTION 903 243 300 6960 9060 9060
4375 CONNECTION 903 1032 300 5580 7680 7680
4376 CONNECTION 903 860 300 5100 7200 7200
4377 CONNECTION 903 389 300 6060 8160 8160
4378 CONNECTION 903 1016 300 5700 7800 7800
4379 CONNECTION 903 28 300 5940 8040 8040
4380 SINK 903 7 -1 -1 0 0
4381 CONNECTION 527 528 -1 -1 2100 2100
4382 CONNECTION 527 838 -1 -1 4320 4320
4383 CONNECTION 527 637 -1 -1 2460 2460
4384 CONNECTION 527 1065 -1 -1 3180 3180
4385 CONNECTION 527 712 -1 -1 3900 3900
4386 CONNECTION 527 977 -1 -1 5280 5280
4387 CONNECTION 527 502 -1 -1 3420 3420
4388 CONNECTION 527 695 -1 -1 4020 4020
4389 CONNECTION 527 1058 -1 -1 4380 4380
4390 CONNECTION 527 818 300 2160 4260 4260
4391 CONNECTION 527 164 300 2880 4980 4980
4392 CONNECTION 527 883 300 3600 5700 5700
4393 CONNECTION 527 927 300 3600 5700 5700
4394 CONNECTION 527 943 300 5220 7320 7320
4395 CONNECTION 527 675 300 3120 5220 5220
4396 CONNECTION 527 51 300 5820 7920 7920
4397 CONNECTION 527 958 300 3960 6060 6060
4398 CONNECTION 527 412 300 4680 6780 6780
4399 CONNECTION 527 243 300 6780 8880 8880
4400 CONNECTION 527 1032 300 5400 7500 7500
4401 CONNECTION 527 860 300 4920 7020 7020
4402 CONNECTION 527 389 300 5880 7980 7980
4403 CONNECTION 527 1016 300 5520 7620 7620
4404 CONNECTION 527 28 300 5760 7860 7860
4405 CONNECTION 527 591 300 6480 8580 8580
4406 SINK 527 7 -1 -1 0 0
4407 CONNECTION 219 220 -1 -1 960 960
4408 CONNECTION 219 100 -1 -1 4140 4140
4409 CONNECTION 219 388 -1 -1 4560 4560
4410 CONNECTION 219 459 -1 -1 2760 2760
4411 CONNECTION 219 285 -1 -1 4680 4680
4412 CONNECTION 219 839 -1 -1 3420 3420
4413 CONNECTION 219 305 300 3840 5940 5940
4414 CONNECTION 219 639 300 2460 4560 4560
4415 CONNECTION 219 531 300 5640 7740 7740
4416 CONNECTION 219 759 300 6060 8160 8160
4417 CONNECTION 219 820 300 4260 6360 6360
4418 CONNECTION 219 696 300 6180 8280 8280
4419 CONNECTION 219 52 300 4920 7020 7020
4420 CONNECTION 219 715 300 7440 9540 9540
4421 CONNECTION 259 260 -1 -1 1200 1200
4422 CONNECTION 259 838 -1 -1 3900 3900
4423 CONNECTION 259 637 -1 -1 2040 2040
4424 CONNECTION 259 1065 -1 -1 2760 2760
4425 CONNECTION 259 712 -1 -1 3480 3480
4426 CONNECTION 259 977 -1 -1 4860 4860
4427 CONNECTION 259 502 -1 -1 3000 3000
4428 CONNECTION 259 695 -1 -1 3600 3600
4429 CONNECTION 259 1058 -1 -1 3960 3960
4430 CONNECTION 259 818 -1 -1 3840 3840
4431 CONNECTION 259 164 300 2460 4560 4560
4432 CONNECTION 259 883 300 3180 5280 5280
4433 CONNECTION 259 927 300 3180 5280 5280
4434 CONNECTION 259 943 300 4800 6900 6900
4435 CONNECTION 259 675 300 2700 4800 4800
4436 CONNECTION 259 51 300 5400 7500 7500
4437 CONNECTION 259 958 300 3540 5640 5640
4438 CONNECTION 259 412 300 4260 6360 6360
4439 CONNECTION 259 243 300 6360 8460 8460
4440 CONNECTION 259 1032 300 4980 7080 7080
4441 CONNECTION 259 860 300 4500 6600 6600
4442 CONNECTION 259 389 300 5460 7560 7560
4443 CONNECTION 259 1016 300 5100 7200 7200
4444 CONNECTION 259 28 300 5340 7440 7440
4445 CONNECTION 259 591 300 6060 8160 8160
4446 CONNECTION 259 102 300 6780 8880 8880
4447 CONNECTION 259 187 300 6780 8880 8880
4448 CONNECTION 259 205 300 8400 10500 10500
4449 SINK 259 7 -1 -1 0 0
4450 CONNECTION 816 817 -1 -1 2100 2100
4451 CONNECTION 816 942 -1 -1 2880 2880
4452 CONNECTION 816 1074 -1 -1 2220 2220
4453 CONNECTION 816 529 -1 -1 3180 3180
4454 CONNECTION 816 608 -1 -1 3060 3060
4455 CONNECTION 816 957 -1 -1 3900 3900
4456 CONNECTION 816 713 300 2880 4980 4980
4457 CONNECTION 816 27 300 3600 5700 5700
4458 CONNECTION 816 204 300 4380 6480 6480
4459 CONNECTION 816 328 300 3720 5820 5820
4460 CONNECTION 816 884 300 4680 6780 6780
4461 CONNECTION 816 928 300 4560 6660 6660
4462 CONNECTION 816 222 300 5400 7500 7500
4463 CONNECTION 816 1033 300 6480 8580 8580
4464 CONNECTION 140 141 -1 -1 3060 3060
4465 CONNECTION 140 49 -1 -1 2220 2220
4466 CONNECTION 140 799 -1 -1 2640 2640
4467 CONNECTION 140 347 -1 -1 3240 3240
4468 CONNECTION 140 368 -1 -1 4860 4860
4469 CONNECTION 140 858 -1 -1 3420 3420
4470 CONNECTION 140 906 -1 -1 4020 4020
4471 CONNECTION 140 203 -1 -1 4500 4500
4472 CONNECTION 140 550 300 2940 5040 5040
4473 CONNECTION 140 569 300 4560 6660 6660
4474 CONNECTION 140 994 300 3120 5220 5220
4475 CONNECTION 140 1067 300 3720 5820 5820
4476 CONNECTION 140 1076 300 3720 5820 5820
4477 CONNECTION 140 480 300 3720 5820 5820
4478 CONNECTION 140 5 300 4140 6240 6240
4479 CONNECTION 140 1054 300 4140 6240 6240
4480 CONNECTION 140 123 300 4740 6840 6840
4481 CONNECTION 140 74 300 4920 7020 7020
4482 CONNECTION 140 143 300 6360 8460 8460
4483 CONNECTION 140 166 300 5520 7620 7620
4484 CONNECTION 140 623 300 6000 8100 8100
4485 CONNECTION 140 349 300 6540 8640 8640
4486 CONNECTION 672 673 -1 -1 1620 1620
4487 CONNECTION 672 49 -1 -1 2220 2220
4488 CONNECTION 672 799 -1 -1 2640 2640
4489 CONNECTION 672 347 -1 -1 3240 3240
4490 CONNECTION 672 368 -1 -1 4860 4860
4491 CONNECTION 672 858 -1 -1 3420 3420
4492 CONNECTION 672 906 -1 -1 4020 4020
4493 CONNECTION 672 203 -1 -1 4500 4500
4494 CONNECTION 672 550 300 2940 5040 5040
4495 CONNECTION 672 569 300 4560 6660 6660
4496 CONNECTION 672 994 300 3120 5220 5220
4497 CONNECTION 672 1067 300 3720 5820 5820
4498 CONNECTION 672 1076 300 3720 5820 5820
4499 CONNECTION 672 480 300 3720 5820 5820
4500 CONNECTION 672 5 300 4140 6240 6240
4501 CONNECTION 672 1054 300 4140 6240 6240
4502 CONNECTION 672 123 300 4740 6840 6840
4503 CONNECTION 672 74 300 4920 7020 7020
4504 CONNECTION 672 143 300 6360 8460 8460
4505 CONNECTION 672 166 300 5520 7620 7620
4506 CONNECTION 672 623 300 6000 8100 8100
4507 CONNECTION 672 349 300 6540 8640 8640
4508 CONNECTION 500 501 -1 -1 1560 1560
4509 CONNECTION 500 905 -1 -1 2340 2340
4510 CONNECTION 500 674 -1 -1 3360 3360
4511 CONNECTION 500 50 -1 -1 3960 3960
4512 CONNECTION 500 1066 -1 -1 4140 4140
4513 CONNECTION 500 1075 -1 -1 4140 4140
4514 CONNECTION 500 800 -1 -1 4260 4260
4515 CONNECTION 500 859 300 3060 5160 5160
4516 CONNECTION 500 1059 300 3240 5340 5340
4517 CONNECTION 500 165 300 3840 5940 5940
4518 CONNECTION 500 995 300 4860 6960 6960
4519 CONNECTION 500 481 300 5460 7560 7560
4520 CONNECTION 500 329 300 5640 7740 7740
4521 CONNECTION 500 413 300 5640 7740 7740
4522 CONNECTION 500 6 300 5760 7860 7860
4523 CONNECTION 500 1055 300 5760 7860 7860
4524 CONNECTION 567 122 -1 -1 3720 3720
4525 CONNECTION 567 221 -1 -1 4260 4260
4526 CONNECTION 567 348 -1 -1 5520 5520
4527 CONNECTION 567 460 300 3960 6060 6060
4528 CONNECTION 567 551 300 5220 7320 7320
4529 CONNECTION 567 640 300 5760 7860 7860
4530 CONNECTION 567 124 300 7020 9120 9120
4531 CONNECTION 346 347 -1 -1 1860 1860
4532 CONNECTION 346 906 -1 -1 2640 2640
4533 CONNECTION 346 203 -1 -1 3120 3120
4534 CONNECTION 346 550 -1 -1 3660 3660
4535 CONNECTION 346 569 -1 -1 5280 5280
4536 CONNECTION 346 994 -1 -1 3840 3840
4537 CONNECTION 346 1067 -1 -1 4440 4440
4538 CONNECTION 346 1076 -1 -1 4440 4440
4539 CONNECTION 346 480 -1 -1 4440 4440
4540 CONNECTION 346 5 300 2760 4860 4860
4541 CONNECTION 346 1054 300 2760 4860 4860
4542 CONNECTION 346 123 300 3360 5460 5460
4543 CONNECTION 346 74 300 3540 5640 5640
4544 CONNECTION 346 143 300 4980 7080 7080
4545 CONNECTION 346 166 300 4140 6240 6240
4546 CONNECTION 346 623 300 4620 6720 6720
4547 CONNECTION 346 349 300 5160 7260 7260
4548 CONNECTION 346 263 300 5340 7440 7440
4549 CONNECTION 346 370 300 6780 8880 8880
4550 CONNECTION 346 330 300 5940 8040 8040
4551 CONNECTION 346 414 300 5940 8040 8040
4552 CONNECTION 346 840 300 5940 8040 8040
4553 CONNECTION 346 1060 300 5940 8040 8040
4554 CONNECTION 346 439 300 6360 8460 8460
4555 CONNECTION 636 637 -1 -1 1200 1200
4556 CONNECTION 636 712 -1 -1 2640 2640
4557 CONNECTION 636 977 -1 -1 4020 4020
4558 CONNECTION 636 502 -1 -1 2160 2160
4559 CONNECTION 636 695 -1 -1 2760 2760
4560 CONNECTION 636 1058 -1 -1 3120 3120
4561 CONNECTION 636 818 -1 -1 3000 3000
4562 CONNECTION 636 164 -1 -1 3720 3720
4563 CONNECTION 636 883 -1 -1 4440 4440
4564 CONNECTION 636 927 -1 -1 4440 4440
4565 CONNECTION 636 943 -1 -1 6060 6060
4566 CONNECTION 636 675 -1 -1 3960 3960
4567 CONNECTION 636 51 300 4560 6660 6660
4568 CONNECTION 636 958 300 2700 4800 4800
4569 CONNECTION 636 412 300 3420 5520 5520
4570 CONNECTION 636 243 300 5520 7620 7620
4571 CONNECTION 636 1032 300 4140 6240 6240
4572 CONNECTION 636 860 300 3660 5760 5760
4573 CONNECTION 636 389 300 4620 6720 6720
4574 CONNECTION 636 1016 300 4260 6360 6360
4575 CONNECTION 636 28 300 4500 6600 6600
4576 CONNECTION 636 591 300 5220 7320 7320
4577 CONNECTION 636 102 300 5940 8040 8040
4578 CONNECTION 636 187 300 5940 8040 8040
4579 CONNECTION 636 205 300 7560 9660 9660
4580 CONNECTION 636 996 300 5460 7560 7560
4581 CONNECTION 636 482 300 8160 10260 10260
4582 SINK 636 7 -1 -1 0 0
4583 CONNECTION 284 163 -1 -1 3000 3000
4584 CONNECTION 284 882 -1 -1 3180 3180
4585 CONNECTION 284 638 -1 -1 5040 5040
4586 CONNECTION 284 411 300 2700 4800 4800
4587 CONNECTION 284 242 300 2880 4980 4980
4588 CONNECTION 284 1031 300 2880 4980 4980
4589 CONNECTION 284 819 300 4740 6840 6840
4590 CONNECTION 284 590 300 4500 6600 6600
4591 CONNECTION 284 101 300 4680 6780 6780
4592 CONNECTION 284 959 300 6540 8640 8640
4593 CONNECTION 756 757 -1 -1 1620 1620
4594 CONNECTION 756 905 -1 -1 2220 2220
4595 CONNECTION 756 674 -1 -1 3240 3240
4596 CONNECTION 756 50 -1 -1 3840 3840
4597 CONNECTION 756 1066 -1 -1 4020 4020
4598 CONNECTION 756 1075 -1 -1 4020 4020
4599 CONNECTION 756 800 -1 -1 4140 4140
4600 CONNECTION 756 859 300 2940 5040 5040
4601 CONNECTION 756 1059 300 3120 5220 5220
4602 CONNECTION 756 165 300 3720 5820 5820
4603 CONNECTION 756 995 300 4740 6840 6840
4604 CONNECTION 756 481 300 5340 7440 7440
4605 CONNECTION 756 329 300 5520 7620 7620
4606 CONNECTION 756 413 300 5520 7620 7620
4607 CONNECTION 756 6 300 5640 7740 7740
4608 CONNECTION 756 1055 300 5640 7740 7740
4609 CONNECTION 756 75 300 6540 8640 8640
4610 CONNECTION 694 695 -1 -1 1200 1200
4611 CONNECTION 694 164 -1 -1 2160 2160
4612 CONNECTION 694 883 -1 -1 2880 2880
4613 CONNECTION 694 927 -1 -1 2880 2880
4614 CONNECTION 694 943 -1 -1 4500 4500
4615 CONNECTION 694 675 -1 -1 2400 2400
4616 CONNECTION 694 51 -1 -1 5100 5100
4617 CONNECTION 694 958 -1 -1 3240 3240
4618 CONNECTION 694 412 -1 -1 3960 3960
4619 CONNECTION 694 243 -1 -1 6060 6060
4620 CONNECTION 694 1032 -1 -1 4680 4680
4621 CONNECTION 694 860 300 2100 4200 4200
4622 CONNECTION 694 389 300 3060 5160 5160
4623 CONNECTION 694 1016 300 2700 4800 4800
4624 CONNECTION 694 28 300 2940 5040 5040
4625 CONNECTION 694 591 300 3660 5760 5760
4626 CONNECTION 694 102 300 4380 6480 6480
4627 CONNECTION 694 187 300 4380 6480 6480
4628 CONNECTION 694 205 300 6000 8100 8100
4629 CONNECTION 694 996 300 3900 6000 6000
4630 CONNECTION 694 482 300 6600 8700 8700
4631 CONNECTION 694 223 300 4740 6840 6840
4632 CONNECTION 694 780 300 5460 7560 7560
4633 CONNECTION 694 307 300 6180 8280 8280
4634 CONNECTION 694 659 300 7560 9660 9660
4635 CONNECTION 694 76 300 5700 7800 7800
4636 SINK 694 7 -1 -1 0 0
4637 CONNECTION 588 589 -1 -1 2820 2820
4638 CONNECTION 588 568 -1 -1 3180 3180
4639 CONNECTION 588 993 -1 -1 3180 3180
4640 CONNECTION 588 734 -1 -1 4620 4620
4641 CONNECTION 588 778 -1 -1 4620 4620
4642 CONNECTION 588 4 -1 -1 4200 4200
4643 CONNECTION 588 1053 -1 -1 4200 4200
4644 CONNECTION 588 73 300 2880 4980 4980
4645 CONNECTION 588 142 300 2880 4980 4980
4646 CONNECTION 588 907 300 4320 6420 6420
4647 CONNECTION 588 262 300 4680 6780 6780
4648 CONNECTION 588 369 300 4680 6780 6780
4649 CONNECTION 588 1068 300 6120 8220 8220
4650 CONNECTION 588 1077 300 6120 8220 8220
4651 CONNECTION 588 438 300 5700 7800 7800
4652 CONNECTION 588 504 300 6480 8580 8580
4653 CONNECTION 588 570 300 6480 8580 8580
4654 CONNECTION 881 882 -1 -1 1200 1200
4655 CONNECTION 881 411 -1 -1 2820 2820
4656 CONNECTION 881 242 -1 -1 3000 3000
4657 CONNECTION 881 1031 -1 -1 3000 3000
4658 CONNECTION 881 819 -1 -1 4860 4860
4659 CONNECTION 881 590 300 2520 4620 4620
4660 CONNECTION 881 101 300 2700 4800 4800
4661 CONNECTION 881 959 300 4560 6660 6660
4662 CONNECTION 881 779 300 4320 6420 6420
4663 CONNECTION 881 306 300 4500 6600 6600
4664 CONNECTION 881 658 300 4500 6600 6600
4665 CONNECTION 881 29 300 6360 8460 8460
4666 CONNECTION 881 908 300 6120 8220 8220
4667 CONNECTION 327 261 -1 -1 3900 3900
4668 CONNECTION 327 437 -1 -1 4920 4920
4669 CONNECTION 327 503 -1 -1 5700 5700
4670 CONNECTION 327 676 300 5400 7500 7500
4671 CONNECTION 327 801 300 6420 8520 8520
4672 CONNECTION 327 861 300 7200 9300 9300
4673 CONNECTION 410 261 -1 -1 3900 3900
4674 CONNECTION 410 437 -1 -1 4920 4920
4675 CONNECTION 410 503 -1 -1 5700 5700
4676 CONNECTION 410 676 300 5400 7500 7500
4677 CONNECTION 410 801 300 6420 8520 8520
4678 CONNECTION 410 861 300 7200 9300 9300
4679 CONNECTION 457 458 -1 -1 3000 3000
4680 CONNECTION 457 163 -1 -1 2760 2760
4681 CONNECTION 457 882 -1 -1 2940 2940
4682 CONNECTION 457 638 -1 -1 4800 4800
4683 CONNECTION 457 411 300 2460 4560 4560
4684 CONNECTION 457 242 300 2640 4740 4740
4685 CONNECTION 457 1031 300 2640 4740 4740
4686 CONNECTION 457 819 300 4500 6600 6600
4687 CONNECTION 457 590 300 4260 6360 6360
4688 CONNECTION 457 101 300 4440 6540 6540
4689 CONNECTION 457 959 300 6300 8400 8400
4690 CONNECTION 457 779 300 6060 8160 8160
4691 CONNECTION 837 838 -1 -1 3300 3300
4692 CONNECTION 837 1065 -1 -1 2160 2160
4693 CONNECTION 837 712 -1 -1 2880 2880
4694 CONNECTION 837 977 -1 -1 4260 4260
4695 CONNECTION 837 502 -1 -1 2400 2400
4696 CONNECTION 837 695 -1 -1 3000 3000
4697 CONNECTION 837 1058 -1 -1 3360 3360
4698 CONNECTION 837 818 -1 -1 3240 3240
4699 CONNECTION 837 164 -1 -1 3960 3960
4700 CONNECTION 837 883 -1 -1 4680 4680
4701 CONNECTION 837 927 -1 -1 4680 4680
4702 CONNECTION 837 943 -1 -1 6300 6300
4703 CONNECTION 837 675 300 2100 4200 4200
4704 CONNECTION 837 51 300 4800 6900 6900
4705 CONNECTION 837 958 300 2940 5040 5040
4706 CONNECTION 837 412 300 3660 5760 5760
4707 CONNECTION 837 243 300 5760 7860 7860
4708 CONNECTION 837 1032 300 4380 6480 6480
4709 CONNECTION 837 860 300 3900 6000 6000
4710 CONNECTION 837 389 300 4860 6960 6960
4711 CONNECTION 837 1016 300 4500 6600 6600
4712 CONNECTION 837 28 300 4740 6840 6840
4713 CONNECTION 837 591 300 5460 7560 7560
4714 CONNECTION 837 102 300 6180 8280 8280
4715 CONNECTION 837 187 300 6180 8280 8280
4716 CONNECTION 837 205 300 7800 9900 9900
4717 CONNECTION 837 996 300 5700 7800 7800
4718 SINK 837 7 -1 -1 0 0
4719 CONNECTION 1057 1058 -1 -1 1560 1560
4720 CONNECTION 1057 164 -1 -1 2160 2160
4721 CONNECTION 1057 883 -1 -1 2880 2880
4722 CONNECTION 1057 927 -1 -1 2880 2880
4723 CONNECTION 1057 943 -1 -1 4500 4500
4724 CONNECTION 1057 675 -1 -1 2400 2400
4725 CONNECTION 1057 51 -1 -1 5100 5100
4726 CONNECTION 1057 958 -1 -1 3240 3240
4727 CONNECTION 1057 412 -1 -1 3960 3960
4728 CONNECTION 1057 243 -1 -1 6060 6060
4729 CONNECTION 1057 1032 -1 -1 4680 4680
4730 CONNECTION 1057 860 300 2100 4200 4200
4731 CONNECTION 1057 389 300 3060 5160 5160
4732 CONNECTION 1057 1016 300 2700 4800 4800
4733 CONNECTION 1057 28 300 2940 5040 5040
4734 CONNECTION 1057 591 300 3660 5760 5760
4735 CONNECTION 1057 102 300 4380 6480 6480
4736 CONNECTION 1057 187 300 4380 6480 6480
4737 CONNECTION 1057 205 300 6000 8100 8100
4738 CONNECTION 1057 996 300 3900 6000 6000
4739 CONNECTION 1057 482 300 6600 8700 8700
4740 CONNECTION 1057 223 300 4740 6840 6840
4741 CONNECTION 1057 780 300 5460 7560 7560
4742 CONNECTION 1057 307 300 6180 8280 8280
4743 CONNECTION 1057 659 300 7560 9660 9660
4744 CONNECTION 1057 76 300 5700 7800 7800
4745 SINK 1057 7 -1 -1 0 0
4746 CONNECTION 732 733 -1 -1 1860 1860
4747 CONNECTION 732 799 -1 -1 2280 2280
4748 CONNECTION 732 347 -1 -1 2880 2880
4749 CONNECTION 732 368 -1 -1 4500 4500
4750 CONNECTION 732 858 -1 -1 3060 3060
4751 CONNECTION 732 906 -1 -1 3660 3660
4752 CONNECTION 732 203 -1 -1 4140 4140
4753 CONNECTION 732 550 -1 -1 4680 4680
4754 CONNECTION 732 569 300 4200 6300 6300
4755 CONNECTION 732 994 300 2760 4860 4860
4756 CONNECTION 732 1067 300 3360 5460 5460
4757 CONNECTION 732 1076 300 3360 5460 5460
4758 CONNECTION 732 480 300 3360 5460 5460
4759 CONNECTION 732 5 300 3780 5880 5880
4760 CONNECTION 732 1054 300 3780 5880 5880
4761 CONNECTION 732 123 300 4380 6480 6480
4762 CONNECTION 732 74 300 4560 6660 6660
4763 CONNECTION 732 143 300 6000 8100 8100
4764 CONNECTION 732 166 300 5160 7260 7260
4765 CONNECTION 732 623 300 5640 7740 7740
4766 CONNECTION 732 349 300 6180 8280 8280
4767 CONNECTION 732 263 300 6360 8460 8460
4768 CONNECTION 732 370 300 7800 9900 9900
4769 CONNECTION 776 777 -1 -1 1860 1860
4770 CONNECTION 776 799 -1 -1 2280 2280
4771 CONNECTION 776 347 -1 -1 2880 2880
4772 CONNECTION 776 368 -1 -1 4500 4500
4773 CONNECTION 776 858 -1 -1 3060 3060
4774 CONNECTION 776 906 -1 -1 3660 3660
4775 CONNECTION 776 203 -1 -1 4140 4140
4776 CONNECTION 776 550 -1 -1 4680 4680
4777 CONNECTION 776 569 300 4200 6300 6300
4778 CONNECTION 776 994 300 2760 4860 4860
4779 CONNECTION 776 1067 300 3360 5460 5460
4780 CONNECTION 776 1076 300 3360 5460 5460
4781 CONNECTION 776 480 300 3360 5460 5460
4782 CONNECTION 776 5 300 3780 5880 5880
4783 CONNECTION 776 1054 300 3780 5880 5880
4784 CONNECTION 776 123 300 4380 6480 6480
4785 CONNECTION 776 74 300 4560 6660 6660
4786 CONNECTION 776 143 300 6000 8100 8100
4787 CONNECTION 776 166 300 5160 7260 7260
4788 CONNECTION 776 623 300 5640 7740 7740
4789 CONNECTION 776 349 300 6180 8280 8280
4790 CONNECTION 776 263 300 6360 8460 8460
4791 CONNECTION 776 370 300 7800 9900 9900
4792 CONNECTION 992 993 -1 -1 1860 1860
4793 CONNECTION 992 734 -1 -1 3300 3300
4794 CONNECTION 992 778 -1 -1 3300 3300
4795 CONNECTION 992 4 -1 -1 2880 2880
4796 CONNECTION 992 1053 -1 -1 2880 2880
4797 CONNECTION 992 73 -1 -1 3660 3660
4798 CONNECTION 992 142 -1 -1 3660 3660
4799 CONNECTION 992 907 -1 -1 5100 5100
4800 CONNECTION 992 262 300 3360 5460 5460
4801 CONNECTION 992 369 300 3360 5460 5460
4802 CONNECTION 992 1068 300 4800 6900 6900
4803 CONNECTION 992 1077 300 4800 6900 6900
4804 CONNECTION 992 438 300 4380 6480 6480
4805 CONNECTION 992 504 300 5160 7260 7260
4806 CONNECTION 992 570 300 5160 7260 7260
4807 CONNECTION 992 167 300 6600 8700 8700
4808 CONNECTION 904 905 -1 -1 1620 1620
4809 CONNECTION 904 674 -1 -1 2640 2640
4810 CONNECTION 904 50 -1 -1 3240 3240
4811 CONNECTION 904 1066 -1 -1 3420 3420
4812 CONNECTION 904 1075 -1 -1 3420 3420
4813 CONNECTION 904 800 -1 -1 3540 3540
4814 CONNECTION 904 859 -1 -1 4440 4440
4815 CONNECTION 904 1059 300 2520 4620 4620
4816 CONNECTION 904 165 300 3120 5220 5220
4817 CONNECTION 904 995 300 4140 6240 6240
4818 CONNECTION 904 481 300 4740 6840 6840
4819 CONNECTION 904 329 300 4920 7020 7020
4820 CONNECTION 904 413 300 4920 7020 7020
4821 CONNECTION 904 6 300 5040 7140 7140
4822 CONNECTION 904 1055 300 5040 7140 7140
4823 CONNECTION 904 75 300 5940 8040 8040
4824 CONNECTION 904 390 300 6120 8220 8220
4825 CONNECTION 941 942 -1 -1 2100 2100
4826 CONNECTION 941 957 -1 -1 3120 3120
4827 CONNECTION 941 713 -1 -1 4200 4200
4828 CONNECTION 941 27 -1 -1 4920 4920
4829 CONNECTION 941 204 300 3600 5700 5700
4830 CONNECTION 941 328 300 2940 5040 5040
4831 CONNECTION 941 884 300 3900 6000 6000
4832 CONNECTION 941 928 300 3780 5880 5880
4833 CONNECTION 941 222 300 4620 6720 6720
4834 CONNECTION 941 1033 300 5700 7800 7800
4835 CONNECTION 941 461 300 6420 8520 8520
4836 CONNECTION 436 529 -1 -1 2820 2820
4837 CONNECTION 436 608 -1 -1 2700 2700
4838 CONNECTION 436 957 -1 -1 3540 3540
4839 CONNECTION 436 713 -1 -1 4620 4620
4840 CONNECTION 436 27 300 3240 5340 5340
4841 CONNECTION 436 204 300 4020 6120 6120
4842 CONNECTION 436 328 300 3360 5460 5460
4843 CONNECTION 436 884 300 4320 6420 6420
4844 CONNECTION 436 928 300 4200 6300 6300
4845 CONNECTION 436 222 300 5040 7140 7140
4846 CONNECTION 436 1033 300 6120 8220 8220
4847 CONNECTION 436 461 300 6840 8940 8940
4848 CONNECTION 528 529 -1 -1 2040 2040
4849 CONNECTION 528 957 -1 -1 2760 2760
4850 CONNECTION 528 713 -1 -1 3840 3840
4851 CONNECTION 528 27 -1 -1 4560 4560
4852 CONNECTION 528 204 300 3240 5340 5340
4853 CONNECTION 528 328 300 2580 4680 4680
4854 CONNECTION 528 884 300 3540 5640 5640
4855 CONNECTION 528 928 300 3420 5520 5520
4856 CONNECTION 528 222 300 4260 6360 6360
4857 CONNECTION 528 1033 300 5340 7440 7440
4858 CONNECTION 528 461 300 6060 8160 8160
4859 CONNECTION 528 624 300 6840 8940 8940
4860 CONNECTION 528 735 300 6180 8280 8280
4861 CONNECTION 607 608 -1 -1 1920 1920
4862 CONNECTION 607 957 -1 -1 2760 2760
4863 CONNECTION 607 713 -1 -1 3840 3840
4864 CONNECTION 607 27 -1 -1 4560 4560
4865 CONNECTION 607 204 300 3240 5340 5340
4866 CONNECTION 607 328 300 2580 4680 4680
4867 CONNECTION 607 884 300 3540 5640 5640
4868 CONNECTION 607 928 300 3420 5520 5520
4869 CONNECTION 607 222 300 4260 6360 6360
4870 CONNECTION 607 1033 300 5340 7440 7440
4871 CONNECTION 607 461 300 6060 8160 8160
4872 CONNECTION 607 624 300 6840 8940 8940
4873 CONNECTION 607 735 300 6180 8280 8280
4874 CONNECTION 798 799 -1 -1 1620 1620
4875 CONNECTION 798 368 -1 -1 3840 3840
4876 CONNECTION 798 858 -1 -1 2400 2400
4877 CONNECTION 798 906 -1 -1 3000 3000
4878 CONNECTION 798 203 -1 -1 3480 3480
4879 CONNECTION 798 550 -1 -1 4020 4020
4880 CONNECTION 798 569 -1 -1 5640 5640
4881 CONNECTION 798 994 -1 -1 4200 4200
4882 CONNECTION 798 1067 300 2700 4800 4800
4883 CONNECTION 798 1076 300 2700 4800 4800
4884 CONNECTION 798 480 300 2700 4800 4800
4885 CONNECTION 798 5 300 3120 5220 5220
4886 CONNECTION 798 1054 300 3120 5220 5220
4887 CONNECTION 798 123 300 3720 5820 5820
4888 CONNECTION 798 74 300 3900 6000 6000
4889 CONNECTION 798 143 300 5340 7440 7440
4890 CONNECTION 798 166 300 4500 6600 6600
4891 CONNECTION 798 623 300 4980 7080 7080
4892 CONNECTION 798 349 300 5520 7620 7620
4893 CONNECTION 798 263 300 5700 7800 7800
4894 CONNECTION 798 370 300 7140 9240 9240
4895 CONNECTION 798 330 300 6300 8400 8400
4896 CONNECTION 798 414 300 6300 8400 8400
4897 CONNECTION 798 840 300 6300 8400 8400
4898 CONNECTION 798 1060 300 6300 8400 8400
4899 CONNECTION 25 99 -1 -1 1980 1980
4900 CONNECTION 25 387 -1 -1 2100 2100
4901 CONNECTION 25 304 -1 -1 3780 3780
4902 CONNECTION 25 530 300 3480 5580 5580
4903 CONNECTION 25 758 300 3600 5700 5700
4904 CONNECTION 25 714 300 5280 7380 7380
4905 CONNECTION 926 927 -1 -1 2100 2100
4906 CONNECTION 926 51 -1 -1 4320 4320
4907 CONNECTION 926 958 -1 -1 2460 2460
4908 CONNECTION 926 412 -1 -1 3180 3180
4909 CONNECTION 926 243 -1 -1 5280 5280
4910 CONNECTION 926 1032 -1 -1 3900 3900
4911 CONNECTION 926 860 -1 -1 3420 3420
4912 CONNECTION 926 389 -1 -1 4380 4380
4913 CONNECTION 926 1016 -1 -1 4020 4020
4914 CONNECTION 926 28 300 2160 4260 4260
4915 CONNECTION 926 591 300 2880 4980 4980
4916 CONNECTION 926 102 300 3600 5700 5700
4917 CONNECTION 926 187 300 3600 5700 5700
4918 CONNECTION 926 205 300 5220 7320 7320
4919 CONNECTION 926 996 300 3120 5220 5220
4920 CONNECTION 926 482 300 5820 7920 7920
4921 CONNECTION 926 223 300 3960 6060 6060
4922 CONNECTION 926 780 300 4680 6780 6780
4923 CONNECTION 926 307 300 5400 7500 7500
4924 CONNECTION 926 659 300 6780 8880 8880
4925 CONNECTION 926 76 300 4920 7020 7020
4926 CONNECTION 926 287 300 5520 7620 7620
4927 CONNECTION 926 760 300 5880 7980 7980
4928 CONNECTION 926 462 300 5760 7860 7860
4929 CONNECTION 926 909 300 6480 8580 8580
4930 SINK 926 7 -1 -1 0 0
4931 CONNECTION 622 978 -1 -1 4200 4200
4932 CONNECTION 622 286 -1 -1 6300 6300
4933 CONNECTION 622 609 300 4980 7080 7080
4934 CONNECTION 622 244 300 5700 7800 7800
4935 CONNECTION 622 697 300 7800 9900 9900
4936 CONNECTION 1029 1030 -1 -1 3000 3000
4937 CONNECTION 1029 220 -1 -1 1620 1620
4938 CONNECTION 1029 100 -1 -1 4800 4800
4939 CONNECTION 1029 388 -1 -1 5220 5220
4940 CONNECTION 1029 459 -1 -1 3420 3420
4941 CONNECTION 1029 285 -1 -1 5340 5340
4942 CONNECTION 1029 839 300 1980 4080 4080
4943 CONNECTION 1029 305 300 4500 6600 6600
4944 CONNECTION 1029 639 300 3120 5220 5220
4945 CONNECTION 1029 531 300 6300 8400 8400
4946 CONNECTION 1029 759 300 6720 8820 8820
4947 CONNECTION 1029 820 300 4920 7020 7020
4948 CONNECTION 1029 696 300 6840 8940 8940
4949 CONNECTION 1029 52 300 5580 7680 7680
4950 CONNECTION 303 221 -1 -1 4020 4020
4951 CONNECTION 303 348 -1 -1 5280 5280
4952 CONNECTION 303 460 300 3720 5820 5820
4953 CONNECTION 303 551 300 4980 7080 7080
4954 CONNECTION 303 640 300 5520 7620 7620
4955 CONNECTION 303 124 300 6780 8880 8880
4956 CONNECTION 1014 1015 -1 -1 3480 3480
4957 CONNECTION 1014 186 -1 -1 4260 4260
4958 CONNECTION 1014 978 -1 -1 4980 4980
4959 CONNECTION 1014 286 300 4980 7080 7080
4960 CONNECTION 1014 609 300 5760 7860 7860
4961 CONNECTION 1014 244 300 6480 8580 8580
4962 CONNECTION 121 734 -1 -1 3600 3600
4963 CONNECTION 121 778 -1 -1 3600 3600
4964 CONNECTION 121 4 -1 -1 3180 3180
4965 CONNECTION 121 1053 -1 -1 3180 3180
4966 CONNECTION 121 73 -1 -1 3960 3960
4967 CONNECTION 121 142 -1 -1 3960 3960
4968 CONNECTION 121 907 -1 -1 5400 5400
4969 CONNECTION 121 262 300 3660 5760 5760
4970 CONNECTION 121 369 300 3660 5760 5760
4971 CONNECTION 121 1068 300 5100 7200 7200
4972 CONNECTION 121 1077 300 5100 7200 7200
4973 CONNECTION 121 438 300 4680 6780 6780
4974 CONNECTION 121 504 300 5460 7560 7560
4975 CONNECTION 121 570 300 5460 7560 7560
4976 CONNECTION 121 167 300 6900 9000 9000
4977 CONNECTION 260 163 -1 -1 1800 1800
4978 CONNECTION 260 882 -1 -1 1980 1980
4979 CONNECTION 260 638 -1 -1 3840 3840
4980 CONNECTION 260 411 -1 -1 3600 3600
4981 CONNECTION 260 242 -1 -1 3780 3780
4982 CONNECTION 260 1031 -1 -1 3780 3780
4983 CONNECTION 260 819 -1 -1 5640 5640
4984 CONNECTION 260 590 300 3300 5400 5400
4985 CONNECTION 260 101 300 3480 5580 5580
4986 CONNECTION 260 959 300 5340 7440 7440
4987 CONNECTION 260 779 300 5100 7200 7200
4988 CONNECTION 260 306 300 5280 7380 7380
4989 CONNECTION 260 658 300 5280 7380 7380
4990 CONNECTION 260 29 300 7140 9240 9240
4991 CONNECTION 1064 1065 -1 -1 1560 1560
4992 CONNECTION 1064 502 -1 -1 1800 1800
4993 CONNECTION 1064 695 -1 -1 2400 2400
4994 CONNECTION 1064 1058 -1 -1 2760 2760
4995 CONNECTION 1064 818 -1 -1 2640 2640
4996 CONNECTION 1064 164 -1 -1 3360 3360
4997 CONNECTION 1064 883 -1 -1 4080 4080
4998 CONNECTION 1064 927 -1 -1 4080 4080
4999 CONNECTION 1064 943 -1 -1 5700 5700
5000 CONNECTION 1064 675 -1 -1 3600 3600
5001 CONNECTION 1064 51 300 4200 6300 6300
5002 CONNECTION 1064 958 300 2340 4440 4440
5003 CONNECTION 1064 412 300 3060 5160 5160
5004 CONNECTION 1064 243 300 5160 7260 7260
5005 CONNECTION 1064 1032 300 3780 5880 5880
5006 CONNECTION 1064 860 300 3300 5400 5400
5007 CONNECTION 1064 389 300 4260 6360 6360
5008 CONNECTION 1064 1016 300 3900 6000 6000
5009 CONNECTION 1064 28 300 4140 6240 6240
5010 CONNECTION 1064 591 300 4860 6960 6960
5011 CONNECTION 1064 102 300 5580 7680 7680
5012 CONNECTION 1064 187 300 5580 7680 7680
5013 CONNECTION 1064 205 300 7200 9300 9300
5014 CONNECTION 1064 996 300 5100 7200 7200
5015 CONNECTION 1064 482 300 7800 9900 9900
5016 CONNECTION 1064 223 300 5940 8040 8040
5017 SINK 1064 7 -1 -1 0 0
5018 CONNECTION 711 712 -1 -1 2100 2100
5019 CONNECTION 711 695 -1 -1 2220 2220
5020 CONNECTION 711 1058 -1 -1 2580 2580
5021 CONNECTION 711 818 -1 -1 2460 2460
5022 CONNECTION 711 164 -1 -1 3180 3180
5023 CONNECTION 711 883 -1 -1 3900 3900
5024 CONNECTION 711 927 -1 -1 3900 3900
5025 CONNECTION 711 943 -1 -1 5520 5520
5026 CONNECTION 711 675 -1 -1 3420 3420
5027 CONNECTION 711 51 -1 -1 6120 6120
5028 CONNECTION 711 958 300 2160 4260 4260
5029 CONNECTION 711 412 300 2880 4980 4980
5030 CONNECTION 711 243 300 4980 7080 7080
5031 CONNECTION 711 1032 300 3600 5700 5700
5032 CONNECTION 711 860 300 3120 5220 5220
5033 CONNECTION 711 389 300 4080 6180 6180
5034 CONNECTION 711 1016 300 3720 5820 5820
5035 CONNECTION 711 28 300 3960 6060 6060
5036 CONNECTION 711 591 300 4680 6780 6780
5037 CONNECTION 711 102 300 5400 7500 7500
5038 CONNECTION 711 187 300 5400 7500 7500
5039 CONNECTION 711 205 300 7020 9120 9120
5040 CONNECTION 711 996 300 4920 7020 7020
5041 CONNECTION 711 482 300 7620 9720 9720
5042 CONNECTION 711 223 300 5760 7860 7860
5043 CONNECTION 711 780 300 6480 8580 8580
5044 SINK 711 7 -1 -1 0 0
5045 CONNECTION 976 977 -1 -1 3480 3480
5046 CONNECTION 976 695 -1 -1 2220 2220
5047 CONNECTION 976 1058 -1 -1 2580 2580
5048 CONNECTION 976 818 -1 -1 2460 2460
5049 CONNECTION 976 164 -1 -1 3180 3180
5050 CONNECTION 976 883 -1 -1 3900 3900
5051 CONNECTION 976 927 -1 -1 3900 3900
5052 CONNECTION 976 943 -1 -1 5520 5520
5053 CONNECTION 976 675 -1 -1 3420 3420
5054 CONNECTION 976 51 -1 -1 6120 6120
5055 CONNECTION 976 958 300 2160 4260 4260
5056 CONNECTION 976 412 300 2880 4980 4980
5057 CONNECTION 976 243 300 4980 7080 7080
5058 CONNECTION 976 1032 300 3600 5700 5700
5059 CONNECTION 976 860 300 3120 5220 5220
5060 CONNECTION 976 389 300 4080 6180 6180
5061 CONNECTION 976 1016 300 3720 5820 5820
5062 CONNECTION 976 28 300 3960 6060 6060
5063 CONNECTION 976 591 300 4680 6780 6780
5064 CONNECTION 976 102 300 5400 7500 7500
5065 CONNECTION 976 187 300 5400 7500 7500
5066 CONNECTION 976 205 300 7020 9120 9120
5067 CONNECTION 976 996 300 4920 7020 7020
5068 CONNECTION 976 482 300 7620 9720 9720
5069 CONNECTION 976 223 300 5760 7860 7860
5070 CONNECTION 976 780 300 6480 8580 8580
5071 SINK 976 7 -1 -1 0 0
5072 CONNECTION 458 459 -1 -1 960 960
5073 CONNECTION 458 839 -1 -1 1620 1620
5074 CONNECTION 458 305 -1 -1 4140 4140
5075 CONNECTION 458 639 -1 -1 2760 2760
5076 CONNECTION 458 531 300 3840 5940 5940
5077 CONNECTION 458 759 300 4260 6360 6360
5078 CONNECTION 458 820 300 2460 4560 4560
5079 CONNECTION 458 696 300 4380 6480 6480
5080 CONNECTION 458 52 300 3120 5220 5220
5081 CONNECTION 458 715 300 5640 7740 7740
5082 CONNECTION 458 960 300 4260 6360 6360
5083 CONNECTION 458 886 300 7440 9540 9540
5084 CONNECTION 458 1083 300 7860 9960 9960
5085 CONNECTION 501 502 -1 -1 1200 1200
5086 CONNECTION 501 695 -1 -1 1800 1800
5087 CONNECTION 501 1058 -1 -1 2160 2160
5088 CONNECTION 501 818 -1 -1 2040 2040
5089 CONNECTION 501 164 -1 -1 2760 2760
5090 CONNECTION 501 883 -1 -1 3480 3480
5091 CONNECTION 501 927 -1 -1 3480 3480
5092 CONNECTION 501 943 -1 -1 5100 5100
5093 CONNECTION 501 675 -1 -1 3000 3000
5094 CONNECTION 501 51 -1 -1 5700 5700
5095 CONNECTION 501 958 -1 -1 3840 3840
5096 CONNECTION 501 412 300 2460 4560 4560
5097 CONNECTION 501 243 300 4560 6660 6660
5098 CONNECTION 501 1032 300 3180 5280 5280
5099 CONNECTION 501 860 300 2700 4800 4800
5100 CONNECTION 501 389 300 3660 5760 5760
5101 CONNECTION 501 1016 300 3300 5400 5400
5102 CONNECTION 501 28 300 3540 5640 5640
5103 CONNECTION 501 591 300 4260 6360 6360
5104 CONNECTION 501 102 300 4980 7080 7080
5105 CONNECTION 501 187 300 4980 7080 7080
5106 CONNECTION 501 205 300 6600 8700 8700
5107 CONNECTION 501 996 300 4500 6600 6600
5108 CONNECTION 501 482 300 7200 9300 9300
5109 CONNECTION 501 223 300 5340 7440 7440
5110 CONNECTION 501 780 300 6060 8160 8160
5111 CONNECTION 501 307 300 6780 8880 8880
5112 CONNECTION 501 659 300 8160 10260 10260
5113 SINK 501 7 -1 -1 0 0
5114 CONNECTION 479 387 -1 -1 1440 1440
5115 CONNECTION 479 304 -1 -1 3120 3120
5116 CONNECTION 479 530 300 2820 4920 4920
5117 CONNECTION 479 758 300 2940 5040 5040
5118 CONNECTION 479 714 300 4620 6720 6720
5119 CONNECTION 956 957 -1 -1 2100 2100
5120 CONNECTION 956 713 -1 -1 3180 3180
5121 CONNECTION 956 27 -1 -1 3900 3900
5122 CONNECTION 956 204 -1 -1 4680 4680
5123 CONNECTION 956 328 -1 -1 4020 4020
5124 CONNECTION 956 884 300 2880 4980 4980
5125 CONNECTION 956 928 300 2760 4860 4860
5126 CONNECTION 956 222 300 3600 5700 5700
5127 CONNECTION 956 1033 300 4680 6780 6780
5128 CONNECTION 956 461 300 5400 7500 7500
5129 CONNECTION 956 624 300 6180 8280 8280
5130 CONNECTION 956 735 300 5520 7620 7620
5131 CONNECTION 956 103 300 6480 8580 8580
5132 CONNECTION 956 188 300 6360 8460 8460
5133 CONNECTION 3 4 -1 -1 1860 1860
5134 CONNECTION 3 73 -1 -1 2640 2640
5135 CONNECTION 3 142 -1 -1 2640 2640
5136 CONNECTION 3 907 -1 -1 4080 4080
5137 CONNECTION 3 262 -1 -1 4440 4440
5138 CONNECTION 3 369 -1 -1 4440 4440
5139 CONNECTION 3 1068 300 3780 5880 5880
5140 CONNECTION 3 1077 300 3780 5880 5880
5141 CONNECTION 3 438 300 3360 5460 5460
5142 CONNECTION 3 504 300 4140 6240 6240
5143 CONNECTION 3 570 300 4140 6240 6240
5144 CONNECTION 3 167 300 5580 7680 7680
5145 CONNECTION 3 144 300 5940 8040 8040
5146 CONNECTION 3 677 300 5940 8040 8040
5147 CONNECTION 3 331 300 7380 9480 9480
5148 CONNECTION 3 415 300 7380 9480 9480
5149 CONNECTION 367 368 -1 -1 3060 3060
5150 CONNECTION 367 203 -1 -1 2700 2700
5151 CONNECTION 367 550 -1 -1 3240 3240
5152 CONNECTION 367 569 -1 -1 4860 4860
5153 CONNECTION 367 994 -1 -1 3420 3420
5154 CONNECTION 367 1067 -1 -1 4020 4020
5155 CONNECTION 367 1076 -1 -1 4020 4020
5156 CONNECTION 367 480 -1 -1 4020 4020
5157 CONNECTION 367 5 -1 -1 4440 4440
5158 CONNECTION 367 1054 -1 -1 4440 4440
5159 CONNECTION 367 123 300 2940 5040 5040
5160 CONNECTION 367 74 300 3120 5220 5220
5161 CONNECTION 367 143 300 4560 6660 6660
5162 CONNECTION 367 166 300 3720 5820 5820
5163 CONNECTION 367 623 300 4200 6300 6300
5164 CONNECTION 367 349 300 4740 6840 6840
5165 CONNECTION 367 263 300 4920 7020 7020
5166 CONNECTION 367 370 300 6360 8460 8460
5167 CONNECTION 367 330 300 5520 7620 7620
5168 CONNECTION 367 414 300 5520 7620 7620
5169 CONNECTION 367 840 300 5520 7620 7620
5170 CONNECTION 367 1060 300 5520 7620 7620
5171 CONNECTION 367 439 300 5940 8040 8040
5172 CONNECTION 367 552 300 6540 8640 8640
5173 CONNECTION 757 906 -1 -1 2460 2460
5174 CONNECTION 757 203 -1 -1 2940 2940
5175 CONNECTION 757 550 -1 -1 3480 3480
5176 CONNECTION 757 569 -1 -1 5100 5100
5177 CONNECTION 757 994 -1 -1 3660 3660
5178 CONNECTION 757 1067 -1 -1 4260 4260
5179 CONNECTION 757 1076 -1 -1 4260 4260
5180 CONNECTION 757 480 -1 -1 4260 4260
5181 CONNECTION 757 5 300 2580 4680 4680
5182 CONNECTION 757 1054 300 2580 4680 4680
5183 CONNECTION 757 123 300 3180 5280 5280
5184 CONNECTION 757 74 300 3360 5460 5460
5185 CONNECTION 757 143 300 4800 6900 6900
5186 CONNECTION 757 166 300 3960 6060 6060
5187 CONNECTION 757 623 300 4440 6540 6540
5188 CONNECTION 757 349 300 4980 7080 7080
5189 CONNECTION 757 263 300 5160 7260 7260
5190 CONNECTION 757 370 300 6600 8700 8700
5191 CONNECTION 757 330 300 5760 7860 7860
5192 CONNECTION 757 414 300 5760 7860 7860
5193 CONNECTION 757 840 300 5760 7860 7860
5194 CONNECTION 757 1060 300 5760 7860 7860
5195 CONNECTION 757 439 300 6180 8280 8280
5196 CONNECTION 757 552 300 6780 8880 8880
5197 CONNECTION 857 858 -1 -1 1620 1620
5198 CONNECTION 857 203 -1 -1 2700 2700
5199 CONNECTION 857 550 -1 -1 3240 3240
5200 CONNECTION 857 569 -1 -1 4860 4860
5201 CONNECTION 857 994 -1 -1 3420 3420
5202 CONNECTION 857 1067 -1 -1 4020 4020
5203 CONNECTION 857 1076 -1 -1 4020 4020
5204 CONNECTION 857 480 -1 -1 4020 4020
5205 CONNECTION 857 5 -1 -1 4440 4440
5206 CONNECTION 857 1054 -1 -1 4440 4440
5207 CONNECTION 857 123 300 2940 5040 5040
5208 CONNECTION 857 74 300 3120 5220 5220
5209 CONNECTION 857 143 300 4560 6660 6660
5210 CONNECTION 857 166 300 3720 5820 5820
5211 CONNECTION 857 623 300 4200 6300 6300
5212 CONNECTION 857 349 300 4740 6840 6840
5213 CONNECTION 857 263 300 4920 7020 7020
5214 CONNECTION 857 370 300 6360 8460 8460
5215 CONNECTION 857 330 300 5520 7620 7620
5216 CONNECTION 857 414 300 5520 7620 7620
5217 CONNECTION 857 840 300 5520 7620 7620
5218 CONNECTION 857 1060 300 5520 7620 7620
5219 CONNECTION 857 439 300 5940 8040 8040
5220 CONNECTION 857 552 300 6540 8640 8640
5221 CONNECTION 1052 1053 -1 -1 1860 1860
5222 CONNECTION 1052 73 -1 -1 2640 2640
5223 CONNECTION 1052 142 -1 -1 2640 2640
5224 CONNECTION 1052 907 -1 -1 4080 4080
5225 CONNECTION 1052 262 -1 -1 4440 4440
5226 CONNECTION 1052 369 -1 -1 4440 4440
5227 CONNECTION 1052 1068 300 3780 5880 5880
5228 CONNECTION 1052 1077 300 3780 5880 5880
5229 CONNECTION 1052 438 300 3360 5460 5460
5230 CONNECTION 1052 504 300 4140 6240 6240
5231 CONNECTION 1052 570 300 4140 6240 6240
5232 CONNECTION 1052 167 300 5580 7680 7680
5233 CONNECTION 1052 144 300 5940 8040 8040
5234 CONNECTION 1052 677 300 5940 8040 8040
5235 CONNECTION 1052 331 300 7380 9480 9480
5236 CONNECTION 1052 415 300 7380 9480 9480
5237 CONNECTION 141 348 -1 -1 3720 3720
5238 CONNECTION 141 460 -1 -1 4260 4260
5239 CONNECTION 141 551 -1 -1 5520 5520
5240 CONNECTION 141 640 300 3960 6060 6060
5241 CONNECTION 141 124 300 5220 7320 7320
5242 CONNECTION 141 821 300 5760 7860 7860
5243 CONNECTION 141 350 300 7020 9120 9120
5244 CONNECTION 673 674 -1 -1 1560 1560
5245 CONNECTION 673 50 -1 -1 2160 2160
5246 CONNECTION 673 1066 -1 -1 2340 2340
5247 CONNECTION 673 1075 -1 -1 2340 2340
5248 CONNECTION 673 800 -1 -1 2460 2460
5249 CONNECTION 673 859 -1 -1 3360 3360
5250 CONNECTION 673 1059 -1 -1 3540 3540
5251 CONNECTION 673 165 -1 -1 4140 4140
5252 CONNECTION 673 995 300 3060 5160 5160
5253 CONNECTION 673 481 300 3660 5760 5760
5254 CONNECTION 673 329 300 3840 5940 5940
5255 CONNECTION 673 413 300 3840 5940 5940
5256 CONNECTION 673 6 300 3960 6060 6060
5257 CONNECTION 673 1055 300 3960 6060 6060
5258 CONNECTION 673 75 300 4860 6960 6960
5259 CONNECTION 673 390 300 5040 7140 7140
5260 CONNECTION 673 592 300 5640 7740 7740
5261 CONNECTION 549 550 -1 -1 1860 1860
5262 CONNECTION 549 1067 -1 -1 2640 2640
5263 CONNECTION 549 1076 -1 -1 2640 2640
5264 CONNECTION 549 480 -1 -1 2640 2640
5265 CONNECTION 549 5 -1 -1 3060 3060
5266 CONNECTION 549 1054 -1 -1 3060 3060
5267 CONNECTION 549 123 -1 -1 3660 3660
5268 CONNECTION 549 74 -1 -1 3840 3840
5269 CONNECTION 549 143 -1 -1 5280 5280
5270 CONNECTION 549 166 -1 -1 4440 4440
5271 CONNECTION 549 623 300 2820 4920 4920
5272 CONNECTION 549 349 300 3360 5460 5460
5273 CONNECTION 549 263 300 3540 5640 5640
5274 CONNECTION 549 370 300 4980 7080 7080
5275 CONNECTION 549 330 300 4140 6240 6240
5276 CONNECTION 549 414 300 4140 6240 6240
5277 CONNECTION 549 840 300 4140 6240 6240
5278 CONNECTION 549 1060 300 4140 6240 6240
5279 CONNECTION 549 439 300 4560 6660 6660
5280 CONNECTION 549 552 300 5160 7260 7260
5281 CONNECTION 549 505 300 5340 7440 7440
5282 CONNECTION 549 571 300 6780 8880 8880
5283 CONNECTION 549 593 300 5940 8040 8040
5284 CONNECTION 549 944 300 6420 8520 8520
5285 CONNECTION 817 818 -1 -1 1200 1200
5286 CONNECTION 817 883 -1 -1 2640 2640
5287 CONNECTION 817 927 -1 -1 2640 2640
5288 CONNECTION 817 943 -1 -1 4260 4260
5289 CONNECTION 817 675 -1 -1 2160 2160
5290 CONNECTION 817 51 -1 -1 4860 4860
5291 CONNECTION 817 958 -1 -1 3000 3000
5292 CONNECTION 817 412 -1 -1 3720 3720
5293 CONNECTION 817 243 -1 -1 5820 5820
5294 CONNECTION 817 1032 -1 -1 4440 4440
5295 CONNECTION 817 860 -1 -1 3960 3960
5296 CONNECTION 817 389 300 2820 4920 4920
5297 CONNECTION 817 1016 300 2460 4560 4560
5298 CONNECTION 817 28 300 2700 4800 4800
5299 CONNECTION 817 591 300 3420 5520 5520
5300 CONNECTION 817 102 300 4140 6240 6240
5301 CONNECTION 817 187 300 4140 6240 6240
5302 CONNECTION 817 205 300 5760 7860 7860
5303 CONNECTION 817 996 300 3660 5760 5760
5304 CONNECTION 817 482 300 6360 8460 8460
5305 CONNECTION 817 223 300 4500 6600 6600
5306 CONNECTION 817 780 300 5220 7320 7320
5307 CONNECTION 817 307 300 5940 8040 8040
5308 CONNECTION 817 659 300 7320 9420 9420
5309 CONNECTION 817 76 300 5460 7560 7560
5310 CONNECTION 817 287 300 6060 8160 8160
5311 CONNECTION 817 760 300 6420 8520 8520
5312 SINK 817 7 -1 -1 0 0
5313 CONNECTION 838 839 -1 -1 960 960
5314 CONNECTION 838 305 -1 -1 3480 3480
5315 CONNECTION 838 639 -1 -1 2100 2100
5316 CONNECTION 838 531 -1 -1 5280 5280
5317 CONNECTION 838 759 -1 -1 5700 5700
5318 CONNECTION 838 820 300 1800 3900 3900
5319 CONNECTION 838 696 300 3720 5820 5820
5320 CONNECTION 838 52 300 2460 4560 4560
5321 CONNECTION 838 715 300 4980 7080 7080
5322 CONNECTION 838 960 300 3600 5700 5700
5323 CONNECTION 838 886 300 6780 8880 8880
5324 CONNECTION 838 1083 300 7200 9300 9300
5325 CONNECTION 838 30 300 5400 7500 7500
5326 CONNECTION 838 1017 300 7320 9420 9420
5327 CONNECTION 733 734 -1 -1 2820 2820
5328 CONNECTION 733 4 -1 -1 2400 2400
5329 CONNECTION 733 1053 -1 -1 2400 2400
5330 CONNECTION 733 73 -1 -1 3180 3180
5331 CONNECTION 733 142 -1 -1 3180 3180
5332 CONNECTION 733 907 -1 -1 4620 4620
5333 CONNECTION 733 262 300 2880 4980 4980
5334 CONNECTION 733 369 300 2880 4980 4980
5335 CONNECTION 733 1068 300 4320 6420 6420
5336 CONNECTION 733 1077 300 4320 6420 6420
5337 CONNECTION 733 438 300 3900 6000 6000
5338 CONNECTION 733 504 300 4680 6780 6780
5339 CONNECTION 733 570 300 4680 6780 6780
5340 CONNECTION 733 167 300 6120 8220 8220
5341 CONNECTION 733 144 300 6480 8580 8580
5342 CONNECTION 733 677 300 6480 8580 8580
5343 CONNECTION 777 778 -1 -1 2820 2820
5344 CONNECTION 777 4 -1 -1 2400 2400
5345 CONNECTION 777 1053 -1 -1 2400 2400
5346 CONNECTION 777 73 -1 -1 3180 3180
5347 CONNECTION 777 142 -1 -1 3180 3180
5348 CONNECTION 777 907 -1 -1 4620 4620
5349 CONNECTION 777 262 300 2880 4980 4980
5350 CONNECTION 777 369 300 2880 4980 4980
5351 CONNECTION 777 1068 300 4320 6420 6420
5352 CONNECTION 777 1077 300 4320 6420 6420
5353 CONNECTION 777 438 300 3900 6000 6000
5354 CONNECTION 777 504 300 4680 6780 6780
5355 CONNECTION 777 570 300 4680 6780 6780
5356 CONNECTION 777 167 300 6120 8220 8220
5357 CONNECTION 777 144 300 6480 8580 8580
5358 CONNECTION 777 677 300 6480 8580 8580
5359 CONNECTION 1030 1031 -1 -1 1200 1200
5360 CONNECTION 1030 590 -1 -1 2820 2820
5361 CONNECTION 1030 101 -1 -1 3000 3000
5362 CONNECTION 1030 959 -1 -1 4860 4860
5363 CONNECTION 1030 779 300 2520 4620 4620
5364 CONNECTION 1030 306 300 2700 4800 4800
5365 CONNECTION 1030 658 300 2700 4800 4800
5366 CONNECTION 1030 29 300 4560 6660 6660
5367 CONNECTION 1030 908 300 4320 6420 6420
5368 CONNECTION 1030 532 300 4500 6600 6600
5369 CONNECTION 1030 224 300 6360 8460 8460
5370 CONNECTION 1030 1090 300 6120 8220 8220
5371 CONNECTION 589 503 -1 -1 3900 3900
5372 CONNECTION 589 676 -1 -1 5700 5700
5373 CONNECTION 589 801 300 4620 6720 6720
5374 CONNECTION 589 861 300 5400 7500 7500
5375 CONNECTION 589 997 300 7200 9300 9300
5376 CONNECTION 589 1069 300 7200 9300 9300
5377 CONNECTION 637 638 -1 -1 3000 3000
5378 CONNECTION 637 411 -1 -1 2760 2760
5379 CONNECTION 637 242 -1 -1 2940 2940
5380 CONNECTION 637 1031 -1 -1 2940 2940
5381 CONNECTION 637 819 -1 -1 4800 4800
5382 CONNECTION 637 590 300 2460 4560 4560
5383 CONNECTION 637 101 300 2640 4740 4740
5384 CONNECTION 637 959 300 4500 6600 6600
5385 CONNECTION 637 779 300 4260 6360 6360
5386 CONNECTION 637 306 300 4440 6540 6540
5387 CONNECTION 637 658 300 4440 6540 6540
5388 CONNECTION 637 29 300 6300 8400 8400
5389 CONNECTION 637 908 300 6060 8160 8160
5390 CONNECTION 905 906 -1 -1 1860 1860
5391 CONNECTION 905 550 -1 -1 2880 2880
5392 CONNECTION 905 569 -1 -1 4500 4500
5393 CONNECTION 905 994 -1 -1 3060 3060
5394 CONNECTION 905 1067 -1 -1 3660 3660
5395 CONNECTION 905 1076 -1 -1 3660 3660
5396 CONNECTION 905 480 -1 -1 3660 3660
5397 CONNECTION 905 5 -1 -1 4080 4080
5398 CONNECTION 905 1054 -1 -1 4080 4080
5399 CONNECTION 905 123 -1 -1 4680 4680
5400 CONNECTION 905 74 300 2760 4860 4860
5401 CONNECTION 905 143 300 4200 6300 6300
5402 CONNECTION 905 166 300 3360 5460 5460
5403 CONNECTION 905 623 300 3840 5940 5940
5404 CONNECTION 905 349 300 4380 6480 6480
5405 CONNECTION 905 263 300 4560 6660 6660
5406 CONNECTION 905 370 300 6000 8100 8100
5407 CONNECTION 905 330 300 5160 7260 7260
5408 CONNECTION 905 414 300 5160 7260 7260
5409 CONNECTION 905 840 300 5160 7260 7260
5410 CONNECTION 905 1060 300 5160 7260 7260
5411 CONNECTION 905 439 300 5580 7680 7680
5412 CONNECTION 905 552 300 6180 8280 8280
5413 CONNECTION 905 505 300 6360 8460 8460
5414 CONNECTION 905 571 300 7800 9900 9900
5415 CONNECTION 49 50 -1 -1 1560 1560
5416 CONNECTION 49 859 -1 -1 2760 2760
5417 CONNECTION 49 1059 -1 -1 2940 2940
5418 CONNECTION 49 165 -1 -1 3540 3540
5419 CONNECTION 49 995 300 2460 4560 4560
5420 CONNECTION 49 481 300 3060 5160 5160
5421 CONNECTION 49 329 300 3240 5340 5340
5422 CONNECTION 49 413 300 3240 5340 5340
5423 CONNECTION 49 6 300 3360 5460 5460
5424 CONNECTION 49 1055 300 3360 5460 5460
5425 CONNECTION 49 75 300 4260 6360 6360
5426 CONNECTION 49 390 300 4440 6540 6540
5427 CONNECTION 49 592 300 5040 7140 7140
5428 CONNECTION 49 264 300 6060 8160 8160
5429 CONNECTION 72 73 -1 -1 1860 1860
5430 CONNECTION 72 907 -1 -1 3300 3300
5431 CONNECTION 72 262 -1 -1 3660 3660
5432 CONNECTION 72 369 -1 -1 3660 3660
5433 CONNECTION 72 1068 -1 -1 5100 5100
5434 CONNECTION 72 1077 -1 -1 5100 5100
5435 CONNECTION 72 438 -1 -1 4680 4680
5436 CONNECTION 72 504 300 3360 5460 5460
5437 CONNECTION 72 570 300 3360 5460 5460
5438 CONNECTION 72 167 300 4800 6900 6900
5439 CONNECTION 72 144 300 5160 7260 7260
5440 CONNECTION 72 677 300 5160 7260 7260
5441 CONNECTION 72 331 300 6600 8700 8700
5442 CONNECTION 72 415 300 6600 8700 8700
5443 CONNECTION 72 802 300 6180 8280 8280
5444 CONNECTION 1065 1066 -1 -1 1620 1620
5445 CONNECTION 1065 859 -1 -1 2640 2640
5446 CONNECTION 1065 1059 -1 -1 2820 2820
5447 CONNECTION 1065 165 -1 -1 3420 3420
5448 CONNECTION 1065 995 -1 -1 4440 4440
5449 CONNECTION 1065 481 300 2940 5040 5040
5450 CONNECTION 1065 329 300 3120 5220 5220
5451 CONNECTION 1065 413 300 3120 5220 5220
5452 CONNECTION 1065 6 300 3240 5340 5340
5453 CONNECTION 1065 1055 300 3240 5340 5340
5454 CONNECTION 1065 75 300 4140 6240 6240
5455 CONNECTION 1065 390 300 4320 6420 6420
5456 CONNECTION 1065 592 300 4920 7020 7020
5457 CONNECTION 1065 264 300 5940 8040 8040
5458 CONNECTION 1065 841 300 6540 8640 8640
5459 CONNECTION 1065 1061 300 6540 8640 8640
5460 CONNECTION 657 305 -1 -1 3480 3480
5461 CONNECTION 657 639 -1 -1 2100 2100
5462 CONNECTION 657 531 -1 -1 5280 5280
5463 CONNECTION 657 759 -1 -1 5700 5700
5464 CONNECTION 657 820 300 1800 3900 3900
5465 CONNECTION 657 696 300 3720 5820 5820
5466 CONNECTION 657 52 300 2460 4560 4560
5467 CONNECTION 657 715 300 4980 7080 7080
5468 CONNECTION 657 960 300 3600 5700 5700
5469 CONNECTION 657 886 300 6780 8880 8880
5470 CONNECTION 657 1083 300 7200 9300 9300
5471 CONNECTION 657 30 300 5400 7500 7500
5472 CONNECTION 657 1017 300 7320 9420 9420
5473 CONNECTION 942 943 -1 -1 3480 3480
5474 CONNECTION 942 51 -1 -1 4080 4080
5475 CONNECTION 942 958 -1 -1 2220 2220
5476 CONNECTION 942 412 -1 -1 2940 2940
5477 CONNECTION 942 243 -1 -1 5040 5040
5478 CONNECTION 942 1032 -1 -1 3660 3660
5479 CONNECTION 942 860 -1 -1 3180 3180
5480 CONNECTION 942 389 -1 -1 4140 4140
5481 CONNECTION 942 1016 -1 -1 3780 3780
5482 CONNECTION 942 28 -1 -1 4020 4020
5483 CONNECTION 942 591 300 2640 4740 4740
5484 CONNECTION 942 102 300 3360 5460 5460
5485 CONNECTION 942 187 300 3360 5460 5460
5486 CONNECTION 942 205 300 4980 7080 7080
5487 CONNECTION 942 996 300 2880 4980 4980
5488 CONNECTION 942 482 300 5580 7680 7680
5489 CONNECTION 942 223 300 3720 5820 5820
5490 CONNECTION 942 780 300 4440 6540 6540
5491 CONNECTION 942 307 300 5160 7260 7260
5492 CONNECTION 942 659 300 6540 8640 8640
5493 CONNECTION 942 76 300 4680 6780 6780
5494 CONNECTION 942 287 300 5280 7380 7380
5495 CONNECTION 942 760 300 5640 7740 7740
5496 CONNECTION 942 462 300 5520 7620 7620
5497 CONNECTION 942 909 300 6240 8340 8340
5498 CONNECTION 942 533 300 6960 9060 9060
5499 CONNECTION 942 610 300 6960 9060 9060
5500 SINK 942 7 -1 -1 0 0
5501 CONNECTION 1074 1075 -1 -1 1620 1620
5502 CONNECTION 1074 859 -1 -1 2640 2640
5503 CONNECTION 1074 1059 -1 -1 2820 2820
5504 CONNECTION 1074 165 -1 -1 3420 3420
5505 CONNECTION 1074 995 -1 -1 4440 4440
5506 CONNECTION 1074 481 300 2940 5040 5040
5507 CONNECTION 1074 329 300 3120 5220 5220
5508 CONNECTION 1074 413 300 3120 5220 5220
5509 CONNECTION 1074 6 300 3240 5340 5340
5510 CONNECTION 1074 1055 300 3240 5340 5340
5511 CONNECTION 1074 75 300 4140 6240 6240
5512 CONNECTION 1074 390 300 4320 6420 6420
5513 CONNECTION 1074 592 300 4920 7020 7020
5514 CONNECTION 1074 264 300 5940 8040 8040
5515 CONNECTION 1074 841 300 6540 8640 8640
5516 CONNECTION 1074 1061 300 6540 8640 8640
5517 CONNECTION 712 713 -1 -1 2040 2040
5518 CONNECTION 712 27 -1 -1 2760 2760
5519 CONNECTION 712 204 -1 -1 3540 3540
5520 CONNECTION 712 328 -1 -1 2880 2880
5521 CONNECTION 712 884 -1 -1 3840 3840
5522 CONNECTION 712 928 -1 -1 3720 3720
5523 CONNECTION 712 222 -1 -1 4560 4560
5524 CONNECTION 712 1033 300 3540 5640 5640
5525 CONNECTION 712 461 300 4260 6360 6360
5526 CONNECTION 712 624 300 5040 7140 7140
5527 CONNECTION 712 735 300 4380 6480 6480
5528 CONNECTION 712 103 300 5340 7440 7440
5529 CONNECTION 712 188 300 5220 7320 7320
5530 CONNECTION 712 641 300 6060 8160 8160
5531 CONNECTION 977 978 -1 -1 2640 2640
5532 CONNECTION 977 286 -1 -1 4740 4740
5533 CONNECTION 977 609 -1 -1 5520 5520
5534 CONNECTION 977 244 300 4140 6240 6240
5535 CONNECTION 977 697 300 6240 8340 8340
5536 CONNECTION 977 929 300 7020 9120 9120
5537 CONNECTION 220 304 -1 -1 1980 1980
5538 CONNECTION 220 530 -1 -1 3780 3780
5539 CONNECTION 220 758 300 1800 3900 3900
5540 CONNECTION 220 714 300 3480 5580 5580
5541 CONNECTION 220 885 300 5280 7380 7380
5542 CONNECTION 220 1082 300 5400 7500 7500
5543 CONNECTION 799 800 -1 -1 1440 1440
5544 CONNECTION 799 859 -1 -1 2340 2340
5545 CONNECTION 799 1059 -1 -1 2520 2520
5546 CONNECTION 799 165 -1 -1 3120 3120
5547 CONNECTION 799 995 -1 -1 4140 4140
5548 CONNECTION 799 481 300 2640 4740 4740
5549 CONNECTION 799 329 300 2820 4920 4920
5550 CONNECTION 799 413 300 2820 4920 4920
5551 CONNECTION 799 6 300 2940 5040 5040
5552 CONNECTION 799 1055 300 2940 5040 5040
5553 CONNECTION 799 75 300 3840 5940 5940
5554 CONNECTION 799 390 300 4020 6120 6120
5555 CONNECTION 799 592 300 4620 6720 6720
5556 CONNECTION 799 264 300 5640 7740 7740
5557 CONNECTION 799 841 300 6240 8340 8340
5558 CONNECTION 799 1061 300 6240 8340 8340
5559 CONNECTION 799 736 300 6420 8520 8520
5560 CONNECTION 799 781 300 6420 8520 8520
5561 CONNECTION 99 100 -1 -1 3000 3000
5562 CONNECTION 99 459 -1 -1 1620 1620
5563 CONNECTION 99 285 -1 -1 3540 3540
5564 CONNECTION 99 839 -1 -1 2280 2280
5565 CONNECTION 99 305 -1 -1 4800 4800
5566 CONNECTION 99 639 -1 -1 3420 3420
5567 CONNECTION 99 531 300 4500 6600 6600
5568 CONNECTION 99 759 300 4920 7020 7020
5569 CONNECTION 99 820 300 3120 5220 5220
5570 CONNECTION 99 696 300 5040 7140 7140
5571 CONNECTION 99 52 300 3780 5880 5880
5572 CONNECTION 99 715 300 6300 8400 8400
5573 CONNECTION 99 960 300 4920 7020 7020
5574 CONNECTION 529 460 -1 -1 4020 4020
5575 CONNECTION 529 551 -1 -1 5280 5280
5576 CONNECTION 529 640 300 3720 5820 5820
5577 CONNECTION 529 124 300 4980 7080 7080
5578 CONNECTION 529 821 300 5520 7620 7620
5579 CONNECTION 529 350 300 6780 8880 8880
5580 CONNECTION 608 1067 -1 -1 2640 2640
5581 CONNECTION 608 1076 -1 -1 2640 2640
5582 CONNECTION 608 480 -1 -1 2640 2640
5583 CONNECTION 608 5 -1 -1 3060 3060
5584 CONNECTION 608 1054 -1 -1 3060 3060
5585 CONNECTION 608 123 -1 -1 3660 3660
5586 CONNECTION 608 74 -1 -1 3840 3840
5587 CONNECTION 608 143 -1 -1 5280 5280
5588 CONNECTION 608 166 -1 -1 4440 4440
5589 CONNECTION 608 623 300 2820 4920 4920
5590 CONNECTION 608 349 300 3360 5460 5460
5591 CONNECTION 608 263 300 3540 5640 5640
5592 CONNECTION 608 370 300 4980 7080 7080
5593 CONNECTION 608 330 300 4140 6240 6240
5594 CONNECTION 608 414 300 4140 6240 6240
5595 CONNECTION 608 840 300 4140 6240 6240
5596 CONNECTION 608 1060 300 4140 6240 6240
5597 CONNECTION 608 439 300 4560 6660 6660
5598 CONNECTION 608 552 300 5160 7260 7260
5599 CONNECTION 608 505 300 5340 7440 7440
5600 CONNECTION 608 571 300 6780 8880 8880
5601 CONNECTION 608 593 300 5940 8040 8040
5602 CONNECTION 608 944 300 6420 8520 8520
5603 CONNECTION 387 388 -1 -1 3300 3300
5604 CONNECTION 387 459 -1 -1 1500 1500
5605 CONNECTION 387 285 -1 -1 3420 3420
5606 CONNECTION 387 839 -1 -1 2160 2160
5607 CONNECTION 387 305 -1 -1 4680 4680
5608 CONNECTION 387 639 -1 -1 3300 3300
5609 CONNECTION 387 531 300 4380 6480 6480
5610 CONNECTION 387 759 300 4800 6900 6900
5611 CONNECTION 387 820 300 3000 5100 5100
5612 CONNECTION 387 696 300 4920 7020 7020
5613 CONNECTION 387 52 300 3660 5760 5760
5614 CONNECTION 387 715 300 6180 8280 8280
5615 CONNECTION 387 960 300 4800 6900 6900
5616 CONNECTION 387 886 300 7980 10080 10080
5617 CONNECTION 163 164 -1 -1 1560 1560
5618 CONNECTION 163 675 -1 -1 1800 1800
5619 CONNECTION 163 51 -1 -1 4500 4500
5620 CONNECTION 163 958 -1 -1 2640 2640
5621 CONNECTION 163 412 -1 -1 3360 3360
5622 CONNECTION 163 243 -1 -1 5460 5460
5623 CONNECTION 163 1032 -1 -1 4080 4080
5624 CONNECTION 163 860 -1 -1 3600 3600
5625 CONNECTION 163 389 300 2460 4560 4560
5626 CONNECTION 163 1016 300 2100 4200 4200
5627 CONNECTION 163 28 300 2340 4440 4440
5628 CONNECTION 163 591 300 3060 5160 5160
5629 CONNECTION 163 102 300 3780 5880 5880
5630 CONNECTION 163 187 300 3780 5880 5880
5631 CONNECTION 163 205 300 5400 7500 7500
5632 CONNECTION 163 996 300 3300 5400 5400
5633 CONNECTION 163 482 300 6000 8100 8100
5634 CONNECTION 163 223 300 4140 6240 6240
5635 CONNECTION 163 780 300 4860 6960 6960
5636 CONNECTION 163 307 300 5580 7680 7680
5637 CONNECTION 163 659 300 6960 9060 9060
5638 CONNECTION 163 76 300 5100 7200 7200
5639 CONNECTION 163 287 300 5700 7800 7800
5640 CONNECTION 163 760 300 6060 8160 8160
5641 CONNECTION 163 462 300 5940 8040 8040
5642 SINK 163 7 -1 -1 0 0
5643 CONNECTION 347 907 -1 -1 3600 3600
5644 CONNECTION 347 262 -1 -1 3960 3960
5645 CONNECTION 347 369 -1 -1 3960 3960
5646 CONNECTION 347 1068 -1 -1 5400 5400
5647 CONNECTION 347 1077 -1 -1 5400 5400
5648 CONNECTION 347 438 300 2880 4980 4980
5649 CONNECTION 347 504 300 3660 5760 5760
5650 CONNECTION 347 570 300 3660 5760 5760
5651 CONNECTION 347 167 300 5100 7200 7200
5652 CONNECTION 347 144 300 5460 7560 7560
5653 CONNECTION 347 677 300 5460 7560 7560
5654 CONNECTION 347 331 300 6900 9000 9000
5655 CONNECTION 347 415 300 6900 9000 9000
5656 CONNECTION 347 802 300 6480 8580 8580
5657 CONNECTION 502 411 -1 -1 1800 1800
5658 CONNECTION 502 242 -1 -1 1980 1980
5659 CONNECTION 502 1031 -1 -1 1980 1980
5660 CONNECTION 502 819 -1 -1 3840 3840
5661 CONNECTION 502 590 -1 -1 3600 3600
5662 CONNECTION 502 101 -1 -1 3780 3780
5663 CONNECTION 502 959 -1 -1 5640 5640
5664 CONNECTION 502 779 300 3300 5400 5400
5665 CONNECTION 502 306 300 3480 5580 5580
5666 CONNECTION 502 658 300 3480 5580 5580
5667 CONNECTION 502 29 300 5340 7440 7440
5668 CONNECTION 502 908 300 5100 7200 7200
5669 CONNECTION 502 532 300 5280 7380 7380
5670 CONNECTION 502 224 300 7140 9240 9240
5671 CONNECTION 882 883 -1 -1 2100 2100
5672 CONNECTION 882 51 -1 -1 4320 4320
5673 CONNECTION 882 958 -1 -1 2460 2460
5674 CONNECTION 882 412 -1 -1 3180 3180
5675 CONNECTION 882 243 -1 -1 5280 5280
5676 CONNECTION 882 1032 -1 -1 3900 3900
5677 CONNECTION 882 860 -1 -1 3420 3420
5678 CONNECTION 882 389 -1 -1 4380 4380
5679 CONNECTION 882 1016 -1 -1 4020 4020
5680 CONNECTION 882 28 300 2160 4260 4260
5681 CONNECTION 882 591 300 2880 4980 4980
5682 CONNECTION 882 102 300 3600 5700 5700
5683 CONNECTION 882 187 300 3600 5700 5700
5684 CONNECTION 882 205 300 5220 7320 7320
5685 CONNECTION 882 996 300 3120 5220 5220
5686 CONNECTION 882 482 300 5820 7920 7920
5687 CONNECTION 882 223 300 3960 6060 6060
5688 CONNECTION 882 780 300 4680 6780 6780
5689 CONNECTION 882 307 300 5400 7500 7500
5690 CONNECTION 882 659 300 6780 8880 8880
5691 CONNECTION 882 76 300 4920 7020 7020
5692 CONNECTION 882 287 300 5520 7620 7620
5693 CONNECTION 882 760 300 5880 7980 7980
5694 CONNECTION 882 462 300 5760 7860 7860
5695 CONNECTION 882 909 300 6480 8580 8580
5696 SINK 882 7 -1 -1 0 0
5697 CONNECTION 638 639 -1 -1 960 960
5698 CONNECTION 638 531 -1 -1 4140 4140
5699 CONNECTION 638 759 -1 -1 4560 4560
5700 CONNECTION 638 820 -1 -1 2760 2760
5701 CONNECTION 638 696 -1 -1 4680 4680
5702 CONNECTION 638 52 -1 -1 3420 3420
5703 CONNECTION 638 715 300 3840 5940 5940
5704 CONNECTION 638 960 300 2460 4560 4560
5705 CONNECTION 638 886 300 5640 7740 7740
5706 CONNECTION 638 1083 300 6060 8160 8160
5707 CONNECTION 638 30 300 4260 6360 6360
5708 CONNECTION 638 1017 300 6180 8280 8280
5709 CONNECTION 638 483 300 4920 7020 7020
5710 CONNECTION 638 1035 300 7440 9540 9540
5711 CONNECTION 674 675 -1 -1 1200 1200
5712 CONNECTION 674 51 -1 -1 3900 3900
5713 CONNECTION 674 958 -1 -1 2040 2040
5714 CONNECTION 674 412 -1 -1 2760 2760
5715 CONNECTION 674 243 -1 -1 4860 4860
5716 CONNECTION 674 1032 -1 -1 3480 3480
5717 CONNECTION 674 860 -1 -1 3000 3000
5718 CONNECTION 674 389 -1 -1 3960 3960
5719 CONNECTION 674 1016 -1 -1 3600 3600
5720 CONNECTION 674 28 -1 -1 3840 3840
5721 CONNECTION 674 591 300 2460 4560 4560
5722 CONNECTION 674 102 300 3180 5280 5280
5723 CONNECTION 674 187 300 3180 5280 5280
5724 CONNECTION 674 205 300 4800 6900 6900
5725 CONNECTION 674 996 300 2700 4800 4800
5726 CONNECTION 674 482 300 5400 7500 7500
5727 CONNECTION 674 223 300 3540 5640 5640
5728 CONNECTION 674 780 300 4260 6360 6360
5729 CONNECTION 674 307 300 4980 7080 7080
5730 CONNECTION 674 659 300 6360 8460 8460
5731 CONNECTION 674 76 300 4500 6600 6600
5732 CONNECTION 674 287 300 5100 7200 7200
5733 CONNECTION 674 760 300 5460 7560 7560
5734 CONNECTION 674 462 300 5340 7440 7440
5735 CONNECTION 674 909 300 6060 8160 8160
5736 CONNECTION 674 533 300 6780 8880 8880
5737 CONNECTION 674 610 300 6780 8880 8880
5738 CONNECTION 674 625 300 8400 10500 10500
5739 SINK 674 7 -1 -1 0 0
5740 CONNECTION 26 27 -1 -1 2100 2100
5741 CONNECTION 26 204 -1 -1 2880 2880
5742 CONNECTION 26 328 -1 -1 2220 2220
5743 CONNECTION 26 884 -1 -1 3180 3180
5744 CONNECTION 26 928 -1 -1 3060 3060
5745 CONNECTION 26 222 -1 -1 3900 3900
5746 CONNECTION 26 1033 300 2880 4980 4980
5747 CONNECTION 26 461 300 3600 5700 5700
5748 CONNECTION 26 624 300 4380 6480 6480
5749 CONNECTION 26 735 300 3720 5820 5820
5750 CONNECTION 26 103 300 4680 6780 6780
5751 CONNECTION 26 188 300 4560 6660 6660
5752 CONNECTION 26 641 300 5400 7500 7500
5753 CONNECTION 26 308 300 6480 8580 8580
5754 CONNECTION 568 569 -1 -1 3060 3060
5755 CONNECTION 568 480 -1 -1 2220 2220
5756 CONNECTION 568 5 -1 -1 2640 2640
5757 CONNECTION 568 1054 -1 -1 2640 2640
5758 CONNECTION 568 123 -1 -1 3240 3240
5759 CONNECTION 568 74 -1 -1 3420 3420
5760 CONNECTION 568 143 -1 -1 4860 4860
5761 CONNECTION 568 166 -1 -1 4020 4020
5762 CONNECTION 568 623 -1 -1 4500 4500
5763 CONNECTION 568 349 300 2940 5040 5040
5764 CONNECTION 568 263 300 3120 5220 5220
5765 CONNECTION 568 370 300 4560 6660 6660
5766 CONNECTION 568 330 300 3720 5820 5820
5767 CONNECTION 568 414 300 3720 5820 5820
5768 CONNECTION 568 840 300 3720 5820 5820
5769 CONNECTION 568 1060 300 3720 5820 5820
5770 CONNECTION 568 439 300 4140 6240 6240
5771 CONNECTION 568 552 300 4740 6840 6840
5772 CONNECTION 568 505 300 4920 7020 7020
5773 CONNECTION 568 571 300 6360 8460 8460
5774 CONNECTION 568 593 300 5520 7620 7620
5775 CONNECTION 568 944 300 6000 8100 8100
5776 CONNECTION 568 125 300 6540 8640 8640
5777 CONNECTION 993 994 -1 -1 1620 1620
5778 CONNECTION 993 480 -1 -1 2220 2220
5779 CONNECTION 993 5 -1 -1 2640 2640
5780 CONNECTION 993 1054 -1 -1 2640 2640
5781 CONNECTION 993 123 -1 -1 3240 3240
5782 CONNECTION 993 74 -1 -1 3420 3420
5783 CONNECTION 993 143 -1 -1 4860 4860
5784 CONNECTION 993 166 -1 -1 4020 4020
5785 CONNECTION 993 623 -1 -1 4500 4500
5786 CONNECTION 993 349 300 2940 5040 5040
5787 CONNECTION 993 263 300 3120 5220 5220
5788 CONNECTION 993 370 300 4560 6660 6660
5789 CONNECTION 993 330 300 3720 5820 5820
5790 CONNECTION 993 414 300 3720 5820 5820
5791 CONNECTION 993 840 300 3720 5820 5820
5792 CONNECTION 993 1060 300 3720 5820 5820
5793 CONNECTION 993 439 300 4140 6240 6240
5794 CONNECTION 993 552 300 4740 6840 6840
5795 CONNECTION 993 505 300 4920 7020 7020
5796 CONNECTION 993 571 300 6360 8460 8460
5797 CONNECTION 993 593 300 5520 7620 7620
5798 CONNECTION 993 944 300 6000 8100 8100
5799 CONNECTION 993 125 300 6540 8640 8640
5800 CONNECTION 368 551 -1 -1 3720 3720
5801 CONNECTION 368 640 -1 -1 4260 4260
5802 CONNECTION 368 124 -1 -1 5520 5520
5803 CONNECTION 368 821 300 3960 6060 6060
5804 CONNECTION 368 350 300 5220 7320 7320
5805 CONNECTION 368 961 300 5760 7860 7860
5806 CONNECTION 368 553 300 7020 9120 9120
5807 CONNECTION 858 859 -1 -1 1560 1560
5808 CONNECTION 858 165 -1 -1 2340 2340
5809 CONNECTION 858 995 -1 -1 3360 3360
5810 CONNECTION 858 481 -1 -1 3960 3960
5811 CONNECTION 858 329 -1 -1 4140 4140
5812 CONNECTION 858 413 -1 -1 4140 4140
5813 CONNECTION 858 6 -1 -1 4260 4260
5814 CONNECTION 858 1055 -1 -1 4260 4260
5815 CONNECTION 858 75 300 3060 5160 5160
5816 CONNECTION 858 390 300 3240 5340 5340
5817 CONNECTION 858 592 300 3840 5940 5940
5818 CONNECTION 858 264 300 4860 6960 6960
5819 CONNECTION 858 841 300 5460 7560 7560
5820 CONNECTION 858 1061 300 5460 7560 7560
5821 CONNECTION 858 736 300 5640 7740 7740
5822 CONNECTION 858 781 300 5640 7740 7740
5823 CONNECTION 858 440 300 5760 7860 7860
5824 CONNECTION 122 123 -1 -1 1860 1860
5825 CONNECTION 122 166 -1 -1 2640 2640
5826 CONNECTION 122 623 -1 -1 3120 3120
5827 CONNECTION 122 349 -1 -1 3660 3660
5828 CONNECTION 122 263 -1 -1 3840 3840
5829 CONNECTION 122 370 -1 -1 5280 5280
5830 CONNECTION 122 330 -1 -1 4440 4440
5831 CONNECTION 122 414 -1 -1 4440 4440
5832 CONNECTION 122 840 -1 -1 4440 4440
5833 CONNECTION 122 1060 -1 -1 4440 4440
5834 CONNECTION 122 439 300 2760 4860 4860
5835 CONNECTION 122 552 300 3360 5460 5460
5836 CONNECTION 122 505 300 3540 5640 5640
5837 CONNECTION 122 571 300 4980 7080 7080
5838 CONNECTION 122 593 300 4140 6240 6240
5839 CONNECTION 122 944 300 4620 6720 6720
5840 CONNECTION 122 125 300 5160 7260 7260
5841 CONNECTION 122 145 300 6780 8880 8880
5842 CONNECTION 122 678 300 5340 7440 7440
5843 CONNECTION 122 737 300 5940 8040 8040
5844 CONNECTION 122 782 300 5940 8040 8040
5845 CONNECTION 122 53 300 5940 8040 8040
5846 CONNECTION 122 803 300 6360 8460 8460
5847 CONNECTION 957 958 -1 -1 1200 1200
5848 CONNECTION 957 243 -1 -1 4020 4020
5849 CONNECTION 957 1032 -1 -1 2640 2640
5850 CONNECTION 957 860 -1 -1 2160 2160
5851 CONNECTION 957 389 -1 -1 3120 3120
5852 CONNECTION 957 1016 -1 -1 2760 2760
5853 CONNECTION 957 28 -1 -1 3000 3000
5854 CONNECTION 957 591 -1 -1 3720 3720
5855 CONNECTION 957 102 -1 -1 4440 4440
5856 CONNECTION 957 187 -1 -1 4440 4440
5857 CONNECTION 957 205 -1 -1 6060 6060
5858 CONNECTION 957 996 -1 -1 3960 3960
5859 CONNECTION 957 482 300 4560 6660 6660
5860 CONNECTION 957 223 300 2700 4800 4800
5861 CONNECTION 957 780 300 3420 5520 5520
5862 CONNECTION 957 307 300 4140 6240 6240
5863 CONNECTION 957 659 300 5520 7620 7620
5864 CONNECTION 957 76 300 3660 5760 5760
5865 CONNECTION 957 287 300 4260 6360 6360
5866 CONNECTION 957 760 300 4620 6720 6720
5867 CONNECTION 957 462 300 4500 6600 6600
5868 CONNECTION 957 909 300 5220 7320 7320
5869 CONNECTION 957 533 300 5940 8040 8040
5870 CONNECTION 957 610 300 5940 8040 8040
5871 CONNECTION 957 625 300 7560 9660 9660
5872 CONNECTION 957 265 300 5460 7560 7560
5873 CONNECTION 957 842 300 8160 10260 10260
5874 CONNECTION 957 1062 300 8160 10260 10260
5875 SINK 957 7 -1 -1 0 0
5876 CONNECTION 695 590 -1 -1 3000 3000
5877 CONNECTION 695 101 -1 -1 3180 3180
5878 CONNECTION 695 959 -1 -1 5040 5040
5879 CONNECTION 695 779 300 2700 4800 4800
5880 CONNECTION 695 306 300 2880 4980 4980
5881 CONNECTION 695 658 300 2880 4980 4980
5882 CONNECTION 695 29 300 4740 6840 6840
5883 CONNECTION 695 908 300 4500 6600 6600
5884 CONNECTION 695 532 300 4680 6780 6780
5885 CONNECTION 695 224 300 6540 8640 8640
5886 CONNECTION 1058 1059 -1 -1 1620 1620
5887 CONNECTION 1058 165 -1 -1 2220 2220
5888 CONNECTION 1058 995 -1 -1 3240 3240
5889 CONNECTION 1058 481 -1 -1 3840 3840
5890 CONNECTION 1058 329 -1 -1 4020 4020
5891 CONNECTION 1058 413 -1 -1 4020 4020
5892 CONNECTION 1058 6 -1 -1 4140 4140
5893 CONNECTION 1058 1055 -1 -1 4140 4140
5894 CONNECTION 1058 75 300 2940 5040 5040
5895 CONNECTION 1058 390 300 3120 5220 5220
5896 CONNECTION 1058 592 300 3720 5820 5820
5897 CONNECTION 1058 264 300 4740 6840 6840
5898 CONNECTION 1058 841 300 5340 7440 7440
5899 CONNECTION 1058 1061 300 5340 7440 7440
5900 CONNECTION 1058 736 300 5520 7620 7620
5901 CONNECTION 1058 781 300 5520 7620 7620
5902 CONNECTION 1058 440 300 5640 7740 7740
5903 CONNECTION 1058 506 300 6540 8640 8640
5904 CONNECTION 1015 1016 -1 -1 1200 1200
5905 CONNECTION 1015 591 -1 -1 2160 2160
5906 CONNECTION 1015 102 -1 -1 2880 2880
5907 CONNECTION 1015 187 -1 -1 2880 2880
5908 CONNECTION 1015 205 -1 -1 4500 4500
5909 CONNECTION 1015 996 -1 -1 2400 2400
5910 CONNECTION 1015 482 -1 -1 5100 5100
5911 CONNECTION 1015 223 -1 -1 3240 3240
5912 CONNECTION 1015 780 -1 -1 3960 3960
5913 CONNECTION 1015 307 -1 -1 4680 4680
5914 CONNECTION 1015 659 -1 -1 6060 6060
5915 CONNECTION 1015 76 300 2100 4200 4200
5916 CONNECTION 1015 287 300 2700 4800 4800
5917 CONNECTION 1015 760 300 3060 5160 5160
5918 CONNECTION 1015 462 300 2940 5040 5040
5919 CONNECTION 1015 909 300 3660 5760 5760
5920 CONNECTION 1015 533 300 4380 6480 6480
5921 CONNECTION 1015 610 300 4380 6480 6480
5922 CONNECTION 1015 625 300 6000 8100 8100
5923 CONNECTION 1015 265 300 3900 6000 6000
5924 CONNECTION 1015 842 300 6600 8700 8700
5925 CONNECTION 1015 1062 300 6600 8700 8700
5926 CONNECTION 1015 642 300 4740 6840 6840
5927 CONNECTION 1015 1091 300 5460 7560 7560
5928 CONNECTION 1015 717 300 6180 8280 8280
5929 CONNECTION 1015 980 300 7560 9660 9660
5930 CONNECTION 1015 507 300 5700 7800 7800
5931 SINK 1015 7 -1 -1 0 0
5932 CONNECTION 100 101 -1 -1 1200 1200
5933 CONNECTION 100 779 -1 -1 2820 2820
5934 CONNECTION 100 306 -1 -1 3000 3000
5935 CONNECTION 100 658 -1 -1 3000 3000
5936 CONNECTION 100 29 -1 -1 4860 4860
5937 CONNECTION 100 908 300 2520 4620 4620
5938 CONNECTION 100 532 300 2700 4800 4800
5939 CONNECTION 100 224 300 4560 6660 6660
5940 CONNECTION 100 1090 300 4320 6420 6420
5941 CONNECTION 100 716 300 4500 6600 6600
5942 CONNECTION 100 979 300 4500 6600 6600
5943 CONNECTION 100 463 300 6360 8460 8460
5944 CONNECTION 100 168 300 6120 8220 8220
5945 CONNECTION 906 907 -1 -1 2820 2820
5946 CONNECTION 906 262 -1 -1 3180 3180
5947 CONNECTION 906 369 -1 -1 3180 3180
5948 CONNECTION 906 1068 -1 -1 4620 4620
5949 CONNECTION 906 1077 -1 -1 4620 4620
5950 CONNECTION 906 438 -1 -1 4200 4200
5951 CONNECTION 906 504 300 2880 4980 4980
5952 CONNECTION 906 570 300 2880 4980 4980
5953 CONNECTION 906 167 300 4320 6420 6420
5954 CONNECTION 906 144 300 4680 6780 6780
5955 CONNECTION 906 677 300 4680 6780 6780
5956 CONNECTION 906 331 300 6120 8220 8220
5957 CONNECTION 906 415 300 6120 8220 8220
5958 CONNECTION 906 802 300 5700 7800 7800
5959 CONNECTION 906 371 300 6480 8580 8580
5960 CONNECTION 906 862 300 6480 8580 8580
5961 CONNECTION 50 51 -1 -1 3300 3300
5962 CONNECTION 50 412 -1 -1 2160 2160
5963 CONNECTION 50 243 -1 -1 4260 4260
5964 CONNECTION 50 1032 -1 -1 2880 2880
5965 CONNECTION 50 860 -1 -1 2400 2400
5966 CONNECTION 50 389 -1 -1 3360 3360
5967 CONNECTION 50 1016 -1 -1 3000 3000
5968 CONNECTION 50 28 -1 -1 3240 3240
5969 CONNECTION 50 591 -1 -1 3960 3960
5970 CONNECTION 50 102 -1 -1 4680 4680
5971 CONNECTION 50 187 -1 -1 4680 4680
5972 CONNECTION 50 205 -1 -1 6300 6300
5973 CONNECTION 50 996 300 2100 4200 4200
5974 CONNECTION 50 482 300 4800 6900 6900
5975 CONNECTION 50 223 300 2940 5040 5040
5976 CONNECTION 50 780 300 3660 5760 5760
5977 CONNECTION 50 307 300 4380 6480 6480
5978 CONNECTION 50 659 300 5760 7860 7860
5979 CONNECTION 50 76 300 3900 6000 6000
5980 CONNECTION 50 287 300 4500 6600 6600
5981 CONNECTION 50 760 300 4860 6960 6960
5982 CONNECTION 50 462 300 4740 6840 6840
5983 CONNECTION 50 909 300 5460 7560 7560
5984 CONNECTION 50 533 300 6180 8280 8280
5985 CONNECTION 50 610 300 6180 8280 8280
5986 CONNECTION 50 625 300 7800 9900 9900
5987 CONNECTION 50 265 300 5700 7800 7800
5988 SINK 50 7 -1 -1 0 0
5989 CONNECTION 734 676 -1 -1 3900 3900
5990 CONNECTION 734 801 -1 -1 4920 4920
5991 CONNECTION 734 861 -1 -1 5700 5700
5992 CONNECTION 734 997 300 5400 7500 7500
5993 CONNECTION 734 1069 300 5400 7500 7500
5994 CONNECTION 734 7 300 6420 8520 8520
5995 CONNECTION 734 1078 300 6420 8520 8520
5996 CONNECTION 734 77 300 7200 9300 9300
5997 CONNECTION 778 676 -1 -1 3900 3900
5998 CONNECTION 778 801 -1 -1 4920 4920
5999 CONNECTION 778 861 -1 -1 5700 5700
6000 CONNECTION 778 997 300 5400 7500 7500
6001 CONNECTION 778 1069 300 5400 7500 7500
6002 CONNECTION 778 7 300 6420 8520 8520
6003 CONNECTION 778 1078 300 6420 8520 8520
6004 CONNECTION 778 77 300 7200 9300 9300
6005 CONNECTION 818 819 -1 -1 3000 3000
6006 CONNECTION 818 590 -1 -1 2760 2760
6007 CONNECTION 818 101 -1 -1 2940 2940
6008 CONNECTION 818 959 -1 -1 4800 4800
6009 CONNECTION 818 779 300 2460 4560 4560
6010 CONNECTION 818 306 300 2640 4740 4740
6011 CONNECTION 818 658 300 2640 4740 4740
6012 CONNECTION 818 29 300 4500 6600 6600
6013 CONNECTION 818 908 300 4260 6360 6360
6014 CONNECTION 818 532 300 4440 6540 6540
6015 CONNECTION 818 224 300 6300 8400 8400
6016 CONNECTION 818 1090 300 6060 8160 8160
6017 CONNECTION 388 389 -1 -1 1560 1560
6018 CONNECTION 388 591 -1 -1 2160 2160
6019 CONNECTION 388 102 -1 -1 2880 2880
6020 CONNECTION 388 187 -1 -1 2880 2880
6021 CONNECTION 388 205 -1 -1 4500 4500
6022 CONNECTION 388 996 -1 -1 2400 2400
6023 CONNECTION 388 482 -1 -1 5100 5100
6024 CONNECTION 388 223 -1 -1 3240 3240
6025 CONNECTION 388 780 -1 -1 3960 3960
6026 CONNECTION 388 307 -1 -1 4680 4680
6027 CONNECTION 388 659 -1 -1 6060 6060
6028 CONNECTION 388 76 300 2100 4200 4200
6029 CONNECTION 388 287 300 2700 4800 4800
6030 CONNECTION 388 760 300 3060 5160 5160
6031 CONNECTION 388 462 300 2940 5040 5040
6032 CONNECTION 388 909 300 3660 5760 5760
6033 CONNECTION 388 533 300 4380 6480 6480
6034 CONNECTION 388 610 300 4380 6480 6480
6035 CONNECTION 388 625 300 6000 8100 8100
6036 CONNECTION 388 265 300 3900 6000 6000
6037 CONNECTION 388 842 300 6600 8700 8700
6038 CONNECTION 388 1062 300 6600 8700 8700
6039 CONNECTION 388 642 300 4740 6840 6840
6040 CONNECTION 388 1091 300 5460 7560 7560
6041 CONNECTION 388 717 300 6180 8280 8280
6042 CONNECTION 388 980 300 7560 9660 9660
6043 CONNECTION 388 507 300 5700 7800 7800
6044 SINK 388 7 -1 -1 0 0
6045 CONNECTION 1066 1067 -1 -1 1860 1860
6046 CONNECTION 1066 5 -1 -1 2280 2280
6047 CONNECTION 1066 1054 -1 -1 2280 2280
6048 CONNECTION 1066 123 -1 -1 2880 2880
6049 CONNECTION 1066 74 -1 -1 3060 3060
6050 CONNECTION 1066 143 -1 -1 4500 4500
6051 CONNECTION 1066 166 -1 -1 3660 3660
6052 CONNECTION 1066 623 -1 -1 4140 4140
6053 CONNECTION 1066 349 -1 -1 4680 4680
6054 CONNECTION 1066 263 300 2760 4860 4860
6055 CONNECTION 1066 370 300 4200 6300 6300
6056 CONNECTION 1066 330 300 3360 5460 5460
6057 CONNECTION 1066 414 300 3360 5460 5460
6058 CONNECTION 1066 840 300 3360 5460 5460
6059 CONNECTION 1066 1060 300 3360 5460 5460
6060 CONNECTION 1066 439 300 3780 5880 5880
6061 CONNECTION 1066 552 300 4380 6480 6480
6062 CONNECTION 1066 505 300 4560 6660 6660
6063 CONNECTION 1066 571 300 6000 8100 8100
6064 CONNECTION 1066 593 300 5160 7260 7260
6065 CONNECTION 1066 944 300 5640 7740 7740
6066 CONNECTION 1066 125 300 6180 8280 8280
6067 CONNECTION 1066 145 300 7800 9900 9900
6068 CONNECTION 1066 678 300 6360 8460 8460
6069 CONNECTION 1075 1076 -1 -1 1860 1860
6070 CONNECTION 1075 5 -1 -1 2280 2280
6071 CONNECTION 1075 1054 -1 -1 2280 2280
6072 CONNECTION 1075 123 -1 -1 2880 2880
6073 CONNECTION 1075 74 -1 -1 3060 3060
6074 CONNECTION 1075 143 -1 -1 4500 4500
6075 CONNECTION 1075 166 -1 -1 3660 3660
6076 CONNECTION 1075 623 -1 -1 4140 4140
6077 CONNECTION 1075 349 -1 -1 4680 4680
6078 CONNECTION 1075 263 300 2760 4860 4860
6079 CONNECTION 1075 370 300 4200 6300 6300
6080 CONNECTION 1075 330 300 3360 5460 5460
6081 CONNECTION 1075 414 300 3360 5460 5460
6082 CONNECTION 1075 840 300 3360 5460 5460
6083 CONNECTION 1075 1060 300 3360 5460 5460
6084 CONNECTION 1075 439 300 3780 5880 5880
6085 CONNECTION 1075 552 300 4380 6480 6480
6086 CONNECTION 1075 505 300 4560 6660 6660
6087 CONNECTION 1075 571 300 6000 8100 8100
6088 CONNECTION 1075 593 300 5160 7260 7260
6089 CONNECTION 1075 944 300 5640 7740 7740
6090 CONNECTION 1075 125 300 6180 8280 8280
6091 CONNECTION 1075 145 300 7800 9900 9900
6092 CONNECTION 1075 678 300 6360 8460 8460
6093 CONNECTION 261 262 -1 -1 1860 1860
6094 CONNECTION 261 1068 -1 -1 3300 3300
6095 CONNECTION 261 1077 -1 -1 3300 3300
6096 CONNECTION 261 438 -1 -1 2880 2880
6097 CONNECTION 261 504 -1 -1 3660 3660
6098 CONNECTION 261 570 -1 -1 3660 3660
6099 CONNECTION 261 167 -1 -1 5100 5100
6100 CONNECTION 261 144 300 3360 5460 5460
6101 CONNECTION 261 677 300 3360 5460 5460
6102 CONNECTION 261 331 300 4800 6900 6900
6103 CONNECTION 261 415 300 4800 6900 6900
6104 CONNECTION 261 802 300 4380 6480 6480
6105 CONNECTION 261 371 300 5160 7260 7260
6106 CONNECTION 261 862 300 5160 7260 7260
6107 CONNECTION 261 594 300 6600 8700 8700
6108 CONNECTION 164 165 -1 -1 1620 1620
6109 CONNECTION 164 995 -1 -1 2640 2640
6110 CONNECTION 164 481 -1 -1 3240 3240
6111 CONNECTION 164 329 -1 -1 3420 3420
6112 CONNECTION 164 413 -1 -1 3420 3420
6113 CONNECTION 164 6 -1 -1 3540 3540
6114 CONNECTION 164 1055 -1 -1 3540 3540
6115 CONNECTION 164 75 -1 -1 4440 4440
6116 CONNECTION 164 390 300 2520 4620 4620
6117 CONNECTION 164 592 300 3120 5220 5220
6118 CONNECTION 164 264 300 4140 6240 6240
6119 CONNECTION 164 841 300 4740 6840 6840
6120 CONNECTION 164 1061 300 4740 6840 6840
6121 CONNECTION 164 736 300 4920 7020 7020
6122 CONNECTION 164 781 300 4920 7020 7020
6123 CONNECTION 164 440 300 5040 7140 7140
6124 CONNECTION 164 506 300 5940 8040 8040
6125 CONNECTION 164 761 300 6120 8220 8220
6126 CONNECTION 203 204 -1 -1 2100 2100
6127 CONNECTION 203 222 -1 -1 3120 3120
6128 CONNECTION 203 1033 -1 -1 4200 4200
6129 CONNECTION 203 461 -1 -1 4920 4920
6130 CONNECTION 203 624 300 3600 5700 5700
6131 CONNECTION 203 735 300 2940 5040 5040
6132 CONNECTION 203 103 300 3900 6000 6000
6133 CONNECTION 203 188 300 3780 5880 5880
6134 CONNECTION 203 641 300 4620 6720 6720
6135 CONNECTION 203 308 300 5700 7800 7800
6136 CONNECTION 203 822 300 6420 8520 8520
6137 CONNECTION 800 884 -1 -1 2820 2820
6138 CONNECTION 800 928 -1 -1 2700 2700
6139 CONNECTION 800 222 -1 -1 3540 3540
6140 CONNECTION 800 1033 -1 -1 4620 4620
6141 CONNECTION 800 461 300 3240 5340 5340
6142 CONNECTION 800 624 300 4020 6120 6120
6143 CONNECTION 800 735 300 3360 5460 5460
6144 CONNECTION 800 103 300 4320 6420 6420
6145 CONNECTION 800 188 300 4200 6300 6300
6146 CONNECTION 800 641 300 5040 7140 7140
6147 CONNECTION 800 308 300 6120 8220 8220
6148 CONNECTION 800 822 300 6840 8940 8940
6149 CONNECTION 4 5 -1 -1 1620 1620
6150 CONNECTION 4 74 -1 -1 2400 2400
6151 CONNECTION 4 143 -1 -1 3840 3840
6152 CONNECTION 4 166 -1 -1 3000 3000
6153 CONNECTION 4 623 -1 -1 3480 3480
6154 CONNECTION 4 349 -1 -1 4020 4020
6155 CONNECTION 4 263 -1 -1 4200 4200
6156 CONNECTION 4 370 -1 -1 5640 5640
6157 CONNECTION 4 330 300 2700 4800 4800
6158 CONNECTION 4 414 300 2700 4800 4800
6159 CONNECTION 4 840 300 2700 4800 4800
6160 CONNECTION 4 1060 300 2700 4800 4800
6161 CONNECTION 4 439 300 3120 5220 5220
6162 CONNECTION 4 552 300 3720 5820 5820
6163 CONNECTION 4 505 300 3900 6000 6000
6164 CONNECTION 4 571 300 5340 7440 7440
6165 CONNECTION 4 593 300 4500 6600 6600
6166 CONNECTION 4 944 300 4980 7080 7080
6167 CONNECTION 4 125 300 5520 7620 7620
6168 CONNECTION 4 145 300 7140 9240 9240
6169 CONNECTION 4 678 300 5700 7800 7800
6170 CONNECTION 4 737 300 6300 8400 8400
6171 CONNECTION 4 782 300 6300 8400 8400
6172 CONNECTION 4 53 300 6300 8400 8400
6173 CONNECTION 883 884 -1 -1 2040 2040
6174 CONNECTION 883 222 -1 -1 2760 2760
6175 CONNECTION 883 1033 -1 -1 3840 3840
6176 CONNECTION 883 461 -1 -1 4560 4560
6177 CONNECTION 883 624 300 3240 5340 5340
6178 CONNECTION 883 735 300 2580 4680 4680
6179 CONNECTION 883 103 300 3540 5640 5640
6180 CONNECTION 883 188 300 3420 5520 5520
6181 CONNECTION 883 641 300 4260 6360 6360
6182 CONNECTION 883 308 300 5340 7440 7440
6183 CONNECTION 883 822 300 6060 8160 8160
6184 CONNECTION 883 945 300 6840 8940 8940
6185 CONNECTION 883 1100 300 6180 8280 8280
6186 CONNECTION 927 928 -1 -1 1920 1920
6187 CONNECTION 927 222 -1 -1 2760 2760
6188 CONNECTION 927 1033 -1 -1 3840 3840
6189 CONNECTION 927 461 -1 -1 4560 4560
6190 CONNECTION 927 624 300 3240 5340 5340
6191 CONNECTION 927 735 300 2580 4680 4680
6192 CONNECTION 927 103 300 3540 5640 5640
6193 CONNECTION 927 188 300 3420 5520 5520
6194 CONNECTION 927 641 300 4260 6360 6360
6195 CONNECTION 927 308 300 5340 7440 7440
6196 CONNECTION 927 822 300 6060 8160 8160
6197 CONNECTION 927 945 300 6840 8940 8940
6198 CONNECTION 927 1100 300 6180 8280 8280
6199 CONNECTION 1053 1054 -1 -1 1620 1620
6200 CONNECTION 1053 74 -1 -1 2400 2400
6201 CONNECTION 1053 143 -1 -1 3840 3840
6202 CONNECTION 1053 166 -1 -1 3000 3000
6203 CONNECTION 1053 623 -1 -1 3480 3480
6204 CONNECTION 1053 349 -1 -1 4020 4020
6205 CONNECTION 1053 263 -1 -1 4200 4200
6206 CONNECTION 1053 370 -1 -1 5640 5640
6207 CONNECTION 1053 330 300 2700 4800 4800
6208 CONNECTION 1053 414 300 2700 4800 4800
6209 CONNECTION 1053 840 300 2700 4800 4800
6210 CONNECTION 1053 1060 300 2700 4800 4800
6211 CONNECTION 1053 439 300 3120 5220 5220
6212 CONNECTION 1053 552 300 3720 5820 5820
6213 CONNECTION 1053 505 300 3900 6000 6000
6214 CONNECTION 1053 571 300 5340 7440 7440
6215 CONNECTION 1053 593 300 4500 6600 6600
6216 CONNECTION 1053 944 300 4980 7080 7080
6217 CONNECTION 1053 125 300 5520 7620 7620
6218 CONNECTION 1053 145 300 7140 9240 9240
6219 CONNECTION 1053 678 300 5700 7800 7800
6220 CONNECTION 1053 737 300 6300 8400 8400
6221 CONNECTION 1053 782 300 6300 8400 8400
6222 CONNECTION 1053 53 300 6300 8400 8400
6223 CONNECTION 459 530 -1 -1 1980 1980
6224 CONNECTION 459 758 -1 -1 2100 2100
6225 CONNECTION 459 714 -1 -1 3780 3780
6226 CONNECTION 459 885 300 3480 5580 5580
6227 CONNECTION 459 1082 300 3600 5700 5700
6228 CONNECTION 459 1034 300 5280 7380 7380
6229 CONNECTION 186 187 -1 -1 2100 2100
6230 CONNECTION 186 482 -1 -1 4320 4320
6231 CONNECTION 186 223 -1 -1 2460 2460
6232 CONNECTION 186 780 -1 -1 3180 3180
6233 CONNECTION 186 307 -1 -1 3900 3900
6234 CONNECTION 186 659 -1 -1 5280 5280
6235 CONNECTION 186 76 -1 -1 3420 3420
6236 CONNECTION 186 287 -1 -1 4020 4020
6237 CONNECTION 186 760 -1 -1 4380 4380
6238 CONNECTION 186 462 300 2160 4260 4260
6239 CONNECTION 186 909 300 2880 4980 4980
6240 CONNECTION 186 533 300 3600 5700 5700
6241 CONNECTION 186 610 300 3600 5700 5700
6242 CONNECTION 186 625 300 5220 7320 7320
6243 CONNECTION 186 265 300 3120 5220 5220
6244 CONNECTION 186 842 300 5820 7920 7920
6245 CONNECTION 186 1062 300 5820 7920 7920
6246 CONNECTION 186 642 300 3960 6060 6060
6247 CONNECTION 186 1091 300 4680 6780 6780
6248 CONNECTION 186 717 300 5400 7500 7500
6249 CONNECTION 186 980 300 6780 8880 8880
6250 CONNECTION 186 507 300 4920 7020 7020
6251 CONNECTION 186 698 300 5520 7620 7620
6252 CONNECTION 186 1084 300 5880 7980 7980
6253 CONNECTION 186 823 300 5760 7860 7860
6254 CONNECTION 186 169 300 6480 8580 8580
6255 SINK 186 7 -1 -1 0 0
6256 CONNECTION 304 305 -1 -1 3000 3000
6257 CONNECTION 304 639 -1 -1 1620 1620
6258 CONNECTION 304 531 -1 -1 4800 4800
6259 CONNECTION 304 759 -1 -1 5220 5220
6260 CONNECTION 304 820 -1 -1 3420 3420
6261 CONNECTION 304 696 -1 -1 5340 5340
6262 CONNECTION 304 52 300 1980 4080 4080
6263 CONNECTION 304 715 300 4500 6600 6600
6264 CONNECTION 304 960 300 3120 5220 5220
6265 CONNECTION 304 886 300 6300 8400 8400
6266 CONNECTION 304 1083 300 6720 8820 8820
6267 CONNECTION 304 30 300 4920 7020 7020
6268 CONNECTION 304 1017 300 6840 8940 8940
6269 CONNECTION 304 483 300 5580 7680 7680
6270 CONNECTION 943 244 -1 -1 4200 4200
6271 CONNECTION 943 697 -1 -1 6300 6300
6272 CONNECTION 943 929 300 4980 7080 7080
6273 CONNECTION 943 660 300 5700 7800 7800
6274 CONNECTION 943 1018 300 7800 9900 9900
6275 CONNECTION 285 286 -1 -1 3480 3480
6276 CONNECTION 285 609 -1 -1 4260 4260
6277 CONNECTION 285 244 -1 -1 4980 4980
6278 CONNECTION 285 697 300 4980 7080 7080
6279 CONNECTION 285 929 300 5760 7860 7860
6280 CONNECTION 285 660 300 6480 8580 8580
6281 CONNECTION 713 640 -1 -1 4020 4020
6282 CONNECTION 713 124 -1 -1 5280 5280
6283 CONNECTION 713 821 300 3720 5820 5820
6284 CONNECTION 713 350 300 4980 7080 7080
6285 CONNECTION 713 961 300 5520 7620 7620
6286 CONNECTION 713 553 300 6780 8880 8880
6287 CONNECTION 411 412 -1 -1 1560 1560
6288 CONNECTION 411 860 -1 -1 1800 1800
6289 CONNECTION 411 389 -1 -1 2760 2760
6290 CONNECTION 411 1016 -1 -1 2400 2400
6291 CONNECTION 411 28 -1 -1 2640 2640
6292 CONNECTION 411 591 -1 -1 3360 3360
6293 CONNECTION 411 102 -1 -1 4080 4080
6294 CONNECTION 411 187 -1 -1 4080 4080
6295 CONNECTION 411 205 -1 -1 5700 5700
6296 CONNECTION 411 996 -1 -1 3600 3600
6297 CONNECTION 411 482 300 4200 6300 6300
6298 CONNECTION 411 223 300 2340 4440 4440
6299 CONNECTION 411 780 300 3060 5160 5160
6300 CONNECTION 411 307 300 3780 5880 5880
6301 CONNECTION 411 659 300 5160 7260 7260
6302 CONNECTION 411 76 300 3300 5400 5400
6303 CONNECTION 411 287 300 3900 6000 6000
6304 CONNECTION 411 760 300 4260 6360 6360
6305 CONNECTION 411 462 300 4140 6240 6240
6306 CONNECTION 411 909 300 4860 6960 6960
6307 CONNECTION 411 533 300 5580 7680 7680
6308 CONNECTION 411 610 300 5580 7680 7680
6309 CONNECTION 411 625 300 7200 9300 9300
6310 CONNECTION 411 265 300 5100 7200 7200
6311 CONNECTION 411 842 300 7800 9900 9900
6312 CONNECTION 411 1062 300 7800 9900 9900
6313 CONNECTION 411 642 300 5940 8040 8040
6314 SINK 411 7 -1 -1 0 0
6315 CONNECTION 550 1068 -1 -1 3600 3600
6316 CONNECTION 550 1077 -1 -1 3600 3600
6317 CONNECTION 550 438 -1 -1 3180 3180
6318 CONNECTION 550 504 -1 -1 3960 3960
6319 CONNECTION 550 570 -1 -1 3960 3960
6320 CONNECTION 550 167 -1 -1 5400 5400
6321 CONNECTION 550 144 300 3660 5760 5760
6322 CONNECTION 550 677 300 3660 5760 5760
6323 CONNECTION 550 331 300 5100 7200 7200
6324 CONNECTION 550 415 300 5100 7200 7200
6325 CONNECTION 550 802 300 4680 6780 6780
6326 CONNECTION 550 371 300 5460 7560 7560
6327 CONNECTION 550 862 300 5460 7560 7560
6328 CONNECTION 550 594 300 6900 9000 9000
6329 CONNECTION 675 590 -1 -1 1800 1800
6330 CONNECTION 675 101 -1 -1 1980 1980
6331 CONNECTION 675 959 -1 -1 3840 3840
6332 CONNECTION 675 779 -1 -1 3600 3600
6333 CONNECTION 675 306 -1 -1 3780 3780
6334 CONNECTION 675 658 -1 -1 3780 3780
6335 CONNECTION 675 29 -1 -1 5640 5640
6336 CONNECTION 675 908 300 3300 5400 5400
6337 CONNECTION 675 532 300 3480 5580 5580
6338 CONNECTION 675 224 300 5340 7440 7440
6339 CONNECTION 675 1090 300 5100 7200 7200
6340 CONNECTION 675 716 300 5280 7380 7380
6341 CONNECTION 675 979 300 5280 7380 7380
6342 CONNECTION 675 463 300 7140 9240 9240
6343 CONNECTION 242 243 -1 -1 3480 3480
6344 CONNECTION 242 389 -1 -1 2580 2580
6345 CONNECTION 242 1016 -1 -1 2220 2220
6346 CONNECTION 242 28 -1 -1 2460 2460
6347 CONNECTION 242 591 -1 -1 3180 3180
6348 CONNECTION 242 102 -1 -1 3900 3900
6349 CONNECTION 242 187 -1 -1 3900 3900
6350 CONNECTION 242 205 -1 -1 5520 5520
6351 CONNECTION 242 996 -1 -1 3420 3420
6352 CONNECTION 242 482 -1 -1 6120 6120
6353 CONNECTION 242 223 300 2160 4260 4260
6354 CONNECTION 242 780 300 2880 4980 4980
6355 CONNECTION 242 307 300 3600 5700 5700
6356 CONNECTION 242 659 300 4980 7080 7080
6357 CONNECTION 242 76 300 3120 5220 5220
6358 CONNECTION 242 287 300 3720 5820 5820
6359 CONNECTION 242 760 300 4080 6180 6180
6360 CONNECTION 242 462 300 3960 6060 6060
6361 CONNECTION 242 909 300 4680 6780 6780
6362 CONNECTION 242 533 300 5400 7500 7500
6363 CONNECTION 242 610 300 5400 7500 7500
6364 CONNECTION 242 625 300 7020 9120 9120
6365 CONNECTION 242 265 300 4920 7020 7020
6366 CONNECTION 242 842 300 7620 9720 9720
6367 CONNECTION 242 1062 300 7620 9720 9720
6368 CONNECTION 242 642 300 5760 7860 7860
6369 CONNECTION 242 1091 300 6480 8580 8580
6370 SINK 242 7 -1 -1 0 0
6371 CONNECTION 1031 1032 -1 -1 2100 2100
6372 CONNECTION 1031 389 -1 -1 2580 2580
6373 CONNECTION 1031 1016 -1 -1 2220 2220
6374 CONNECTION 1031 28 -1 -1 2460 2460
6375 CONNECTION 1031 591 -1 -1 3180 3180
6376 CONNECTION 1031 102 -1 -1 3900 3900
6377 CONNECTION 1031 187 -1 -1 3900 3900
6378 CONNECTION 1031 205 -1 -1 5520 5520
6379 CONNECTION 1031 996 -1 -1 3420 3420
6380 CONNECTION 1031 482 -1 -1 6120 6120
6381 CONNECTION 1031 223 300 2160 4260 4260
6382 CONNECTION 1031 780 300 2880 4980 4980
6383 CONNECTION 1031 307 300 3600 5700 5700
6384 CONNECTION 1031 659 300 4980 7080 7080
6385 CONNECTION 1031 76 300 3120 5220 5220
6386 CONNECTION 1031 287 300 3720 5820 5820
6387 CONNECTION 1031 760 300 4080 6180 6180
6388 CONNECTION 1031 462 300 3960 6060 6060
6389 CONNECTION 1031 909 300 4680 6780 6780
6390 CONNECTION 1031 533 300 5400 7500 7500
6391 CONNECTION 1031 610 300 5400 7500 7500
6392 CONNECTION 1031 625 300 7020 9120 9120
6393 CONNECTION 1031 265 300 4920 7020 7020
6394 CONNECTION 1031 842 300 7620 9720 9720
6395 CONNECTION 1031 1062 300 7620 9720 9720
6396 CONNECTION 1031 642 300 5760 7860 7860
6397 CONNECTION 1031 1091 300 6480 8580 8580
6398 SINK 1031 7 -1 -1 0 0
6399 CONNECTION 819 820 -1 -1 960 960
6400 CONNECTION 819 52 -1 -1 1620 1620
6401 CONNECTION 819 715 -1 -1 4140 4140
6402 CONNECTION 819 960 -1 -1 2760 2760
6403 CONNECTION 819 886 300 3840 5940 5940
6404 CONNECTION 819 1083 300 4260 6360 6360
6405 CONNECTION 819 30 300 2460 4560 4560
6406 CONNECTION 819 1017 300 4380 6480 6480
6407 CONNECTION 819 483 300 3120 5220 5220
6408 CONNECTION 819 1035 300 5640 7740 7740
6409 CONNECTION 819 225 300 4260 6360 6360
6410 CONNECTION 819 105 300 7440 9540 9540
6411 CONNECTION 819 392 300 7860 9960 9960
6412 CONNECTION 859 860 -1 -1 1200 1200
6413 CONNECTION 859 389 -1 -1 2160 2160
6414 CONNECTION 859 1016 -1 -1 1800 1800
6415 CONNECTION 859 28 -1 -1 2040 2040
6416 CONNECTION 859 591 -1 -1 2760 2760
6417 CONNECTION 859 102 -1 -1 3480 3480
6418 CONNECTION 859 187 -1 -1 3480 3480
6419 CONNECTION 859 205 -1 -1 5100 5100
6420 CONNECTION 859 996 -1 -1 3000 3000
6421 CONNECTION 859 482 -1 -1 5700 5700
6422 CONNECTION 859 223 -1 -1 3840 3840
6423 CONNECTION 859 780 300 2460 4560 4560
6424 CONNECTION 859 307 300 3180 5280 5280
6425 CONNECTION 859 659 300 4560 6660 6660
6426 CONNECTION 859 76 300 2700 4800 4800
6427 CONNECTION 859 287 300 3300 5400 5400
6428 CONNECTION 859 760 300 3660 5760 5760
6429 CONNECTION 859 462 300 3540 5640 5640
6430 CONNECTION 859 909 300 4260 6360 6360
6431 CONNECTION 859 533 300 4980 7080 7080
6432 CONNECTION 859 610 300 4980 7080 7080
6433 CONNECTION 859 625 300 6600 8700 8700
6434 CONNECTION 859 265 300 4500 6600 6600
6435 CONNECTION 859 842 300 7200 9300 9300
6436 CONNECTION 859 1062 300 7200 9300 9300
6437 CONNECTION 859 642 300 5340 7440 7440
6438 CONNECTION 859 1091 300 6060 8160 8160
6439 CONNECTION 859 717 300 6780 8880 8880
6440 CONNECTION 859 980 300 8160 10260 10260
6441 SINK 859 7 -1 -1 0 0
6442 CONNECTION 221 222 -1 -1 2100 2100
6443 CONNECTION 221 1033 -1 -1 3180 3180
6444 CONNECTION 221 461 -1 -1 3900 3900
6445 CONNECTION 221 624 -1 -1 4680 4680
6446 CONNECTION 221 735 -1 -1 4020 4020
6447 CONNECTION 221 103 300 2880 4980 4980
6448 CONNECTION 221 188 300 2760 4860 4860
6449 CONNECTION 221 641 300 3600 5700 5700
6450 CONNECTION 221 308 300 4680 6780 6780
6451 CONNECTION 221 822 300 5400 7500 7500
6452 CONNECTION 221 945 300 6180 8280 8280
6453 CONNECTION 221 1100 300 5520 7620 7620
6454 CONNECTION 221 534 300 6480 8580 8580
6455 CONNECTION 221 611 300 6360 8460 8460
6456 CONNECTION 839 758 -1 -1 1440 1440
6457 CONNECTION 839 714 -1 -1 3120 3120
6458 CONNECTION 839 885 300 2820 4920 4920
6459 CONNECTION 839 1082 300 2940 5040 5040
6460 CONNECTION 839 1034 300 4620 6720 6720
6461 CONNECTION 73 74 -1 -1 1620 1620
6462 CONNECTION 73 623 -1 -1 2700 2700
6463 CONNECTION 73 349 -1 -1 3240 3240
6464 CONNECTION 73 263 -1 -1 3420 3420
6465 CONNECTION 73 370 -1 -1 4860 4860
6466 CONNECTION 73 330 -1 -1 4020 4020
6467 CONNECTION 73 414 -1 -1 4020 4020
6468 CONNECTION 73 840 -1 -1 4020 4020
6469 CONNECTION 73 1060 -1 -1 4020 4020
6470 CONNECTION 73 439 -1 -1 4440 4440
6471 CONNECTION 73 552 300 2940 5040 5040
6472 CONNECTION 73 505 300 3120 5220 5220
6473 CONNECTION 73 571 300 4560 6660 6660
6474 CONNECTION 73 593 300 3720 5820 5820
6475 CONNECTION 73 944 300 4200 6300 6300
6476 CONNECTION 73 125 300 4740 6840 6840
6477 CONNECTION 73 145 300 6360 8460 8460
6478 CONNECTION 73 678 300 4920 7020 7020
6479 CONNECTION 73 737 300 5520 7620 7620
6480 CONNECTION 73 782 300 5520 7620 7620
6481 CONNECTION 73 53 300 5520 7620 7620
6482 CONNECTION 73 803 300 5940 8040 8040
6483 CONNECTION 73 351 300 6540 8640 8640
6484 CONNECTION 142 143 -1 -1 3060 3060
6485 CONNECTION 142 623 -1 -1 2700 2700
6486 CONNECTION 142 349 -1 -1 3240 3240
6487 CONNECTION 142 263 -1 -1 3420 3420
6488 CONNECTION 142 370 -1 -1 4860 4860
6489 CONNECTION 142 330 -1 -1 4020 4020
6490 CONNECTION 142 414 -1 -1 4020 4020
6491 CONNECTION 142 840 -1 -1 4020 4020
6492 CONNECTION 142 1060 -1 -1 4020 4020
6493 CONNECTION 142 439 -1 -1 4440 4440
6494 CONNECTION 142 552 300 2940 5040 5040
6495 CONNECTION 142 505 300 3120 5220 5220
6496 CONNECTION 142 571 300 4560 6660 6660
6497 CONNECTION 142 593 300 3720 5820 5820
6498 CONNECTION 142 944 300 4200 6300 6300
6499 CONNECTION 142 125 300 4740 6840 6840
6500 CONNECTION 142 145 300 6360 8460 8460
6501 CONNECTION 142 678 300 4920 7020 7020
6502 CONNECTION 142 737 300 5520 7620 7620
6503 CONNECTION 142 782 300 5520 7620 7620
6504 CONNECTION 142 53 300 5520 7620 7620
6505 CONNECTION 142 803 300 5940 8040 8040
6506 CONNECTION 142 351 300 6540 8640 8640
6507 CONNECTION 437 438 -1 -1 1860 1860
6508 CONNECTION 437 504 -1 -1 2640 2640
6509 CONNECTION 437 570 -1 -1 2640 2640
6510 CONNECTION 437 167 -1 -1 4080 4080
6511 CONNECTION 437 144 -1 -1 4440 4440
6512 CONNECTION 437 677 -1 -1 4440 4440
6513 CONNECTION 437 331 300 3780 5880 5880
6514 CONNECTION 437 415 300 3780 5880 5880
6515 CONNECTION 437 802 300 3360 5460 5460
6516 CONNECTION 437 371 300 4140 6240 6240
6517 CONNECTION 437 862 300 4140 6240 6240
6518 CONNECTION 437 594 300 5580 7680 7680
6519 CONNECTION 437 572 300 5940 8040 8040
6520 CONNECTION 437 998 300 5940 8040 8040
6521 CONNECTION 437 1070 300 5940 8040 8040
6522 CONNECTION 437 738 300 7380 9480 9480
6523 CONNECTION 437 783 300 7380 9480 9480
6524 CONNECTION 1059 166 -1 -1 2460 2460
6525 CONNECTION 1059 623 -1 -1 2940 2940
6526 CONNECTION 1059 349 -1 -1 3480 3480
6527 CONNECTION 1059 263 -1 -1 3660 3660
6528 CONNECTION 1059 370 -1 -1 5100 5100
6529 CONNECTION 1059 330 -1 -1 4260 4260
6530 CONNECTION 1059 414 -1 -1 4260 4260
6531 CONNECTION 1059 840 -1 -1 4260 4260
6532 CONNECTION 1059 1060 -1 -1 4260 4260
6533 CONNECTION 1059 439 300 2580 4680 4680
6534 CONNECTION 1059 552 300 3180 5280 5280
6535 CONNECTION 1059 505 300 3360 5460 5460
6536 CONNECTION 1059 571 300 4800 6900 6900
6537 CONNECTION 1059 593 300 3960 6060 6060
6538 CONNECTION 1059 944 300 4440 6540 6540
6539 CONNECTION 1059 125 300 4980 7080 7080
6540 CONNECTION 1059 145 300 6600 8700 8700
6541 CONNECTION 1059 678 300 5160 7260 7260
6542 CONNECTION 1059 737 300 5760 7860 7860
6543 CONNECTION 1059 782 300 5760 7860 7860
6544 CONNECTION 1059 53 300 5760 7860 7860
6545 CONNECTION 1059 803 300 6180 8280 8280
6546 CONNECTION 1059 351 300 6780 8880 8880
6547 CONNECTION 569 124 -1 -1 3720 3720
6548 CONNECTION 569 821 -1 -1 4260 4260
6549 CONNECTION 569 350 -1 -1 5520 5520
6550 CONNECTION 569 961 300 3960 6060 6060
6551 CONNECTION 569 553 300 5220 7320 7320
6552 CONNECTION 569 31 300 5760 7860 7860
6553 CONNECTION 569 126 300 7020 9120 9120
6554 CONNECTION 994 995 -1 -1 1560 1560
6555 CONNECTION 994 481 -1 -1 2160 2160
6556 CONNECTION 994 329 -1 -1 2340 2340
6557 CONNECTION 994 413 -1 -1 2340 2340
6558 CONNECTION 994 6 -1 -1 2460 2460
6559 CONNECTION 994 1055 -1 -1 2460 2460
6560 CONNECTION 994 75 -1 -1 3360 3360
6561 CONNECTION 994 390 -1 -1 3540 3540
6562 CONNECTION 994 592 -1 -1 4140 4140
6563 CONNECTION 994 264 300 3060 5160 5160
6564 CONNECTION 994 841 300 3660 5760 5760
6565 CONNECTION 994 1061 300 3660 5760 5760
6566 CONNECTION 994 736 300 3840 5940 5940
6567 CONNECTION 994 781 300 3840 5940 5940
6568 CONNECTION 994 440 300 3960 6060 6060
6569 CONNECTION 994 506 300 4860 6960 6960
6570 CONNECTION 994 761 300 5040 7140 7140
6571 CONNECTION 994 910 300 5640 7740 7740
6572 CONNECTION 27 28 -1 -1 1200 1200
6573 CONNECTION 27 102 -1 -1 2640 2640
6574 CONNECTION 27 187 -1 -1 2640 2640
6575 CONNECTION 27 205 -1 -1 4260 4260
6576 CONNECTION 27 996 -1 -1 2160 2160
6577 CONNECTION 27 482 -1 -1 4860 4860
6578 CONNECTION 27 223 -1 -1 3000 3000
6579 CONNECTION 27 780 -1 -1 3720 3720
6580 CONNECTION 27 307 -1 -1 4440 4440
6581 CONNECTION 27 659 -1 -1 5820 5820
6582 CONNECTION 27 76 -1 -1 3960 3960
6583 CONNECTION 27 287 300 2460 4560 4560
6584 CONNECTION 27 760 300 2820 4920 4920
6585 CONNECTION 27 462 300 2700 4800 4800
6586 CONNECTION 27 909 300 3420 5520 5520
6587 CONNECTION 27 533 300 4140 6240 6240
6588 CONNECTION 27 610 300 4140 6240 6240
6589 CONNECTION 27 625 300 5760 7860 7860
6590 CONNECTION 27 265 300 3660 5760 5760
6591 CONNECTION 27 842 300 6360 8460 8460
6592 CONNECTION 27 1062 300 6360 8460 8460
6593 CONNECTION 27 642 300 4500 6600 6600
6594 CONNECTION 27 1091 300 5220 7320 7320
6595 CONNECTION 27 717 300 5940 8040 8040
6596 CONNECTION 27 980 300 7320 9420 9420
6597 CONNECTION 27 507 300 5460 7560 7560
6598 CONNECTION 27 698 300 6060 8160 8160
6599 CONNECTION 27 1084 300 6420 8520 8520
6600 SINK 27 7 -1 -1 0 0
6601 CONNECTION 348 349 -1 -1 1860 1860
6602 CONNECTION 348 330 -1 -1 2640 2640
6603 CONNECTION 348 414 -1 -1 2640 2640
6604 CONNECTION 348 840 -1 -1 2640 2640
6605 CONNECTION 348 1060 -1 -1 2640 2640
6606 CONNECTION 348 439 -1 -1 3060 3060
6607 CONNECTION 348 552 -1 -1 3660 3660
6608 CONNECTION 348 505 -1 -1 3840 3840
6609 CONNECTION 348 571 -1 -1 5280 5280
6610 CONNECTION 348 593 -1 -1 4440 4440
6611 CONNECTION 348 944 300 2820 4920 4920
6612 CONNECTION 348 125 300 3360 5460 5460
6613 CONNECTION 348 145 300 4980 7080 7080
6614 CONNECTION 348 678 300 3540 5640 5640
6615 CONNECTION 348 737 300 4140 6240 6240
6616 CONNECTION 348 782 300 4140 6240 6240
6617 CONNECTION 348 53 300 4140 6240 6240
6618 CONNECTION 348 803 300 4560 6660 6660
6619 CONNECTION 348 351 300 5160 7260 7260
6620 CONNECTION 348 372 300 6780 8880 8880
6621 CONNECTION 348 863 300 5340 7440 7440
6622 CONNECTION 348 911 300 5940 8040 8040
6623 CONNECTION 348 206 300 6420 8520 8520
6624 CONNECTION 51 52 -1 -1 960 960
6625 CONNECTION 51 715 -1 -1 3480 3480
6626 CONNECTION 51 960 -1 -1 2100 2100
6627 CONNECTION 51 886 -1 -1 5280 5280
6628 CONNECTION 51 1083 -1 -1 5700 5700
6629 CONNECTION 51 30 300 1800 3900 3900
6630 CONNECTION 51 1017 300 3720 5820 5820
6631 CONNECTION 51 483 300 2460 4560 4560
6632 CONNECTION 51 1035 300 4980 7080 7080
6633 CONNECTION 51 225 300 3600 5700 5700
6634 CONNECTION 51 105 300 6780 8880 8880
6635 CONNECTION 51 392 300 7200 9300 9300
6636 CONNECTION 51 464 300 5400 7500 7500
6637 CONNECTION 51 288 300 7320 9420 9420
6638 CONNECTION 305 306 -1 -1 1200 1200
6639 CONNECTION 305 908 -1 -1 2820 2820
6640 CONNECTION 305 532 -1 -1 3000 3000
6641 CONNECTION 305 224 -1 -1 4860 4860
6642 CONNECTION 305 1090 300 2520 4620 4620
6643 CONNECTION 305 716 300 2700 4800 4800
6644 CONNECTION 305 979 300 2700 4800 4800
6645 CONNECTION 305 463 300 4560 6660 6660
6646 CONNECTION 305 168 300 4320 6420 6420
6647 CONNECTION 305 887 300 4500 6600 6600
6648 CONNECTION 305 643 300 6360 8460 8460
6649 CONNECTION 305 416 300 6120 8220 8220
6650 CONNECTION 1067 1068 -1 -1 2820 2820
6651 CONNECTION 1067 438 -1 -1 2400 2400
6652 CONNECTION 1067 504 -1 -1 3180 3180
6653 CONNECTION 1067 570 -1 -1 3180 3180
6654 CONNECTION 1067 167 -1 -1 4620 4620
6655 CONNECTION 1067 144 300 2880 4980 4980
6656 CONNECTION 1067 677 300 2880 4980 4980
6657 CONNECTION 1067 331 300 4320 6420 6420
6658 CONNECTION 1067 415 300 4320 6420 6420
6659 CONNECTION 1067 802 300 3900 6000 6000
6660 CONNECTION 1067 371 300 4680 6780 6780
6661 CONNECTION 1067 862 300 4680 6780 6780
6662 CONNECTION 1067 594 300 6120 8220 8220
6663 CONNECTION 1067 572 300 6480 8580 8580
6664 CONNECTION 1067 998 300 6480 8580 8580
6665 CONNECTION 1067 1070 300 6480 8580 8580
6666 CONNECTION 1076 1077 -1 -1 2820 2820
6667 CONNECTION 1076 438 -1 -1 2400 2400
6668 CONNECTION 1076 504 -1 -1 3180 3180
6669 CONNECTION 1076 570 -1 -1 3180 3180
6670 CONNECTION 1076 167 -1 -1 4620 4620
6671 CONNECTION 1076 144 300 2880 4980 4980
6672 CONNECTION 1076 677 300 2880 4980 4980
6673 CONNECTION 1076 331 300 4320 6420 6420
6674 CONNECTION 1076 415 300 4320 6420 6420
6675 CONNECTION 1076 802 300 3900 6000 6000
6676 CONNECTION 1076 371 300 4680 6780 6780
6677 CONNECTION 1076 862 300 4680 6780 6780
6678 CONNECTION 1076 594 300 6120 8220 8220
6679 CONNECTION 1076 572 300 6480 8580 8580
6680 CONNECTION 1076 998 300 6480 8580 8580
6681 CONNECTION 1076 1070 300 6480 8580 8580
6682 CONNECTION 907 861 -1 -1 3900 3900
6683 CONNECTION 907 997 -1 -1 5700 5700
6684 CONNECTION 907 1069 -1 -1 5700 5700
6685 CONNECTION 907 7 300 4620 6720 6720
6686 CONNECTION 907 1078 300 4620 6720 6720
6687 CONNECTION 907 77 300 5400 7500 7500
6688 CONNECTION 907 266 300 7200 9300 9300
6689 CONNECTION 958 959 -1 -1 3000 3000
6690 CONNECTION 958 779 -1 -1 2760 2760
6691 CONNECTION 958 306 -1 -1 2940 2940
6692 CONNECTION 958 658 -1 -1 2940 2940
6693 CONNECTION 958 29 -1 -1 4800 4800
6694 CONNECTION 958 908 300 2460 4560 4560
6695 CONNECTION 958 532 300 2640 4740 4740
6696 CONNECTION 958 224 300 4500 6600 6600
6697 CONNECTION 958 1090 300 4260 6360 6360
6698 CONNECTION 958 716 300 4440 6540 6540
6699 CONNECTION 958 979 300 4440 6540 6540
6700 CONNECTION 958 463 300 6300 8400 8400
6701 CONNECTION 958 168 300 6060 8160 8160
6702 CONNECTION 165 166 -1 -1 1860 1860
6703 CONNECTION 165 349 -1 -1 2880 2880
6704 CONNECTION 165 263 -1 -1 3060 3060
6705 CONNECTION 165 370 -1 -1 4500 4500
6706 CONNECTION 165 330 -1 -1 3660 3660
6707 CONNECTION 165 414 -1 -1 3660 3660
6708 CONNECTION 165 840 -1 -1 3660 3660
6709 CONNECTION 165 1060 -1 -1 3660 3660
6710 CONNECTION 165 439 -1 -1 4080 4080
6711 CONNECTION 165 552 -1 -1 4680 4680
6712 CONNECTION 165 505 300 2760 4860 4860
6713 CONNECTION 165 571 300 4200 6300 6300
6714 CONNECTION 165 593 300 3360 5460 5460
6715 CONNECTION 165 944 300 3840 5940 5940
6716 CONNECTION 165 125 300 4380 6480 6480
6717 CONNECTION 165 145 300 6000 8100 8100
6718 CONNECTION 165 678 300 4560 6660 6660
6719 CONNECTION 165 737 300 5160 7260 7260
6720 CONNECTION 165 782 300 5160 7260 7260
6721 CONNECTION 165 53 300 5160 7260 7260
6722 CONNECTION 165 803 300 5580 7680 7680
6723 CONNECTION 165 351 300 6180 8280 8280
6724 CONNECTION 165 372 300 7800 9900 9900
6725 CONNECTION 165 863 300 6360 8460 8460
6726 CONNECTION 480 481 -1 -1 1560 1560
6727 CONNECTION 480 75 -1 -1 2760 2760
6728 CONNECTION 480 390 -1 -1 2940 2940
6729 CONNECTION 480 592 -1 -1 3540 3540
6730 CONNECTION 480 264 300 2460 4560 4560
6731 CONNECTION 480 841 300 3060 5160 5160
6732 CONNECTION 480 1061 300 3060 5160 5160
6733 CONNECTION 480 736 300 3240 5340 5340
6734 CONNECTION 480 781 300 3240 5340 5340
6735 CONNECTION 480 440 300 3360 5460 5460
6736 CONNECTION 480 506 300 4260 6360 6360
6737 CONNECTION 480 761 300 4440 6540 6540
6738 CONNECTION 480 910 300 5040 7140 7140
6739 CONNECTION 480 679 300 6060 8160 8160
6740 CONNECTION 503 504 -1 -1 1860 1860
6741 CONNECTION 503 167 -1 -1 3300 3300
6742 CONNECTION 503 144 -1 -1 3660 3660
6743 CONNECTION 503 677 -1 -1 3660 3660
6744 CONNECTION 503 331 -1 -1 5100 5100
6745 CONNECTION 503 415 -1 -1 5100 5100
6746 CONNECTION 503 802 -1 -1 4680 4680
6747 CONNECTION 503 371 300 3360 5460 5460
6748 CONNECTION 503 862 300 3360 5460 5460
6749 CONNECTION 503 594 300 4800 6900 6900
6750 CONNECTION 503 572 300 5160 7260 7260
6751 CONNECTION 503 998 300 5160 7260 7260
6752 CONNECTION 503 1070 300 5160 7260 7260
6753 CONNECTION 503 738 300 6600 8700 8700
6754 CONNECTION 503 783 300 6600 8700 8700
6755 CONNECTION 503 8 300 6180 8280 8280
6756 CONNECTION 503 1079 300 6180 8280 8280
6757 CONNECTION 412 413 -1 -1 1620 1620
6758 CONNECTION 412 75 -1 -1 2640 2640
6759 CONNECTION 412 390 -1 -1 2820 2820
6760 CONNECTION 412 592 -1 -1 3420 3420
6761 CONNECTION 412 264 -1 -1 4440 4440
6762 CONNECTION 412 841 300 2940 5040 5040
6763 CONNECTION 412 1061 300 2940 5040 5040
6764 CONNECTION 412 736 300 3120 5220 5220
6765 CONNECTION 412 781 300 3120 5220 5220
6766 CONNECTION 412 440 300 3240 5340 5340
6767 CONNECTION 412 506 300 4140 6240 6240
6768 CONNECTION 412 761 300 4320 6420 6420
6769 CONNECTION 412 910 300 4920 7020 7020
6770 CONNECTION 412 679 300 5940 8040 8040
6771 CONNECTION 412 54 300 6540 8640 8640
6772 CONNECTION 978 715 -1 -1 3480 3480
6773 CONNECTION 978 960 -1 -1 2100 2100
6774 CONNECTION 978 886 -1 -1 5280 5280
6775 CONNECTION 978 1083 -1 -1 5700 5700
6776 CONNECTION 978 30 300 1800 3900 3900
6777 CONNECTION 978 1017 300 3720 5820 5820
6778 CONNECTION 978 483 300 2460 4560 4560
6779 CONNECTION 978 1035 300 4980 7080 7080
6780 CONNECTION 978 225 300 3600 5700 5700
6781 CONNECTION 978 105 300 6780 8880 8880
6782 CONNECTION 978 392 300 7200 9300 9300
6783 CONNECTION 978 464 300 5400 7500 7500
6784 CONNECTION 978 288 300 7320 9420 9420
6785 CONNECTION 204 205 -1 -1 3480 3480
6786 CONNECTION 204 482 -1 -1 4080 4080
6787 CONNECTION 204 223 -1 -1 2220 2220
6788 CONNECTION 204 780 -1 -1 2940 2940
6789 CONNECTION 204 307 -1 -1 3660 3660
6790 CONNECTION 204 659 -1 -1 5040 5040
6791 CONNECTION 204 76 -1 -1 3180 3180
6792 CONNECTION 204 287 -1 -1 3780 3780
6793 CONNECTION 204 760 -1 -1 4140 4140
6794 CONNECTION 204 462 -1 -1 4020 4020
6795 CONNECTION 204 909 300 2640 4740 4740
6796 CONNECTION 204 533 300 3360 5460 5460
6797 CONNECTION 204 610 300 3360 5460 5460
6798 CONNECTION 204 625 300 4980 7080 7080
6799 CONNECTION 204 265 300 2880 4980 4980
6800 CONNECTION 204 842 300 5580 7680 7680
6801 CONNECTION 204 1062 300 5580 7680 7680
6802 CONNECTION 204 642 300 3720 5820 5820
6803 CONNECTION 204 1091 300 4440 6540 6540
6804 CONNECTION 204 717 300 5160 7260 7260
6805 CONNECTION 204 980 300 6540 8640 8640
6806 CONNECTION 204 507 300 4680 6780 6780
6807 CONNECTION 204 698 300 5280 7380 7380
6808 CONNECTION 204 1084 300 5640 7740 7740
6809 CONNECTION 204 823 300 5520 7620 7620
6810 CONNECTION 204 169 300 6240 8340 8340
6811 CONNECTION 204 888 300 6960 9060 9060
6812 CONNECTION 204 930 300 6960 9060 9060
6813 SINK 204 7 -1 -1 0 0
6814 CONNECTION 328 329 -1 -1 1620 1620
6815 CONNECTION 328 75 -1 -1 2640 2640
6816 CONNECTION 328 390 -1 -1 2820 2820
6817 CONNECTION 328 592 -1 -1 3420 3420
6818 CONNECTION 328 264 -1 -1 4440 4440
6819 CONNECTION 328 841 300 2940 5040 5040
6820 CONNECTION 328 1061 300 2940 5040 5040
6821 CONNECTION 328 736 300 3120 5220 5220
6822 CONNECTION 328 781 300 3120 5220 5220
6823 CONNECTION 328 440 300 3240 5340 5340
6824 CONNECTION 328 506 300 4140 6240 6240
6825 CONNECTION 328 761 300 4320 6420 6420
6826 CONNECTION 328 910 300 4920 7020 7020
6827 CONNECTION 328 679 300 5940 8040 8040
6828 CONNECTION 328 54 300 6540 8640 8640
6829 CONNECTION 243 244 -1 -1 2640 2640
6830 CONNECTION 243 697 -1 -1 4740 4740
6831 CONNECTION 243 929 -1 -1 5520 5520
6832 CONNECTION 243 660 300 4140 6240 6240
6833 CONNECTION 243 1018 300 6240 8340 8340
6834 CONNECTION 243 189 300 7020 9120 9120
6835 CONNECTION 1032 1033 -1 -1 2040 2040
6836 CONNECTION 1032 461 -1 -1 2760 2760
6837 CONNECTION 1032 624 -1 -1 3540 3540
6838 CONNECTION 1032 735 -1 -1 2880 2880
6839 CONNECTION 1032 103 -1 -1 3840 3840
6840 CONNECTION 1032 188 -1 -1 3720 3720
6841 CONNECTION 1032 641 -1 -1 4560 4560
6842 CONNECTION 1032 308 300 3540 5640 5640
6843 CONNECTION 1032 822 300 4260 6360 6360
6844 CONNECTION 1032 945 300 5040 7140 7140
6845 CONNECTION 1032 1100 300 4380 6480 6480
6846 CONNECTION 1032 534 300 5340 7440 7440
6847 CONNECTION 1032 611 300 5220 7320 7320
6848 CONNECTION 1032 962 300 6060 8160 8160
6849 CONNECTION 5 6 -1 -1 1440 1440
6850 CONNECTION 5 75 -1 -1 2340 2340
6851 CONNECTION 5 390 -1 -1 2520 2520
6852 CONNECTION 5 592 -1 -1 3120 3120
6853 CONNECTION 5 264 -1 -1 4140 4140
6854 CONNECTION 5 841 300 2640 4740 4740
6855 CONNECTION 5 1061 300 2640 4740 4740
6856 CONNECTION 5 736 300 2820 4920 4920
6857 CONNECTION 5 781 300 2820 4920 4920
6858 CONNECTION 5 440 300 2940 5040 5040
6859 CONNECTION 5 506 300 3840 5940 5940
6860 CONNECTION 5 761 300 4020 6120 6120
6861 CONNECTION 5 910 300 4620 6720 6720
6862 CONNECTION 5 679 300 5640 7740 7740
6863 CONNECTION 5 54 300 6240 8340 8340
6864 CONNECTION 5 1092 300 6420 8520 8520
6865 CONNECTION 5 1101 300 6420 8520 8520
6866 CONNECTION 639 714 -1 -1 1980 1980
6867 CONNECTION 639 885 -1 -1 3780 3780
6868 CONNECTION 639 1082 300 1800 3900 3900
6869 CONNECTION 639 1034 300 3480 5580 5580
6870 CONNECTION 639 104 300 5280 7380 7380
6871 CONNECTION 639 391 300 5400 7500 7500
6872 CONNECTION 1054 1055 -1 -1 1440 1440
6873 CONNECTION 1054 75 -1 -1 2340 2340
6874 CONNECTION 1054 390 -1 -1 2520 2520
6875 CONNECTION 1054 592 -1 -1 3120 3120
6876 CONNECTION 1054 264 -1 -1 4140 4140
6877 CONNECTION 1054 841 300 2640 4740 4740
6878 CONNECTION 1054 1061 300 2640 4740 4740
6879 CONNECTION 1054 736 300 2820 4920 4920
6880 CONNECTION 1054 781 300 2820 4920 4920
6881 CONNECTION 1054 440 300 2940 5040 5040
6882 CONNECTION 1054 506 300 3840 5940 5940
6883 CONNECTION 1054 761 300 4020 6120 6120
6884 CONNECTION 1054 910 300 4620 6720 6720
6885 CONNECTION 1054 679 300 5640 7740 7740
6886 CONNECTION 1054 54 300 6240 8340 8340
6887 CONNECTION 1054 1092 300 6420 8520 8520
6888 CONNECTION 1054 1101 300 6420 8520 8520
6889 CONNECTION 530 531 -1 -1 3000 3000
6890 CONNECTION 530 820 -1 -1 1620 1620
6891 CONNECTION 530 696 -1 -1 3540 3540
6892 CONNECTION 530 52 -1 -1 2280 2280
6893 CONNECTION 530 715 -1 -1 4800 4800
6894 CONNECTION 530 960 -1 -1 3420 3420
6895 CONNECTION 530 886 300 4500 6600 6600
6896 CONNECTION 530 1083 300 4920 7020 7020
6897 CONNECTION 530 30 300 3120 5220 5220
6898 CONNECTION 530 1017 300 5040 7140 7140
6899 CONNECTION 530 483 300 3780 5880 5880
6900 CONNECTION 530 1035 300 6300 8400 8400
6901 CONNECTION 530 225 300 4920 7020 7020
6902 CONNECTION 884 821 -1 -1 4020 4020
6903 CONNECTION 884 350 -1 -1 5280 5280
6904 CONNECTION 884 961 300 3720 5820 5820
6905 CONNECTION 884 553 300 4980 7080 7080
6906 CONNECTION 884 31 300 5520 7620 7620
6907 CONNECTION 884 126 300 6780 8880 8880
6908 CONNECTION 928 330 -1 -1 2640 2640
6909 CONNECTION 928 414 -1 -1 2640 2640
6910 CONNECTION 928 840 -1 -1 2640 2640
6911 CONNECTION 928 1060 -1 -1 2640 2640
6912 CONNECTION 928 439 -1 -1 3060 3060
6913 CONNECTION 928 552 -1 -1 3660 3660
6914 CONNECTION 928 505 -1 -1 3840 3840
6915 CONNECTION 928 571 -1 -1 5280 5280
6916 CONNECTION 928 593 -1 -1 4440 4440
6917 CONNECTION 928 944 300 2820 4920 4920
6918 CONNECTION 928 125 300 3360 5460 5460
6919 CONNECTION 928 145 300 4980 7080 7080
6920 CONNECTION 928 678 300 3540 5640 5640
6921 CONNECTION 928 737 300 4140 6240 6240
6922 CONNECTION 928 782 300 4140 6240 6240
6923 CONNECTION 928 53 300 4140 6240 6240
6924 CONNECTION 928 803 300 4560 6660 6660
6925 CONNECTION 928 351 300 5160 7260 7260
6926 CONNECTION 928 372 300 6780 8880 8880
6927 CONNECTION 928 863 300 5340 7440 7440
6928 CONNECTION 928 911 300 5940 8040 8040
6929 CONNECTION 928 206 300 6420 8520 8520
6930 CONNECTION 758 759 -1 -1 3300 3300
6931 CONNECTION 758 820 -1 -1 1500 1500
6932 CONNECTION 758 696 -1 -1 3420 3420
6933 CONNECTION 758 52 -1 -1 2160 2160
6934 CONNECTION 758 715 -1 -1 4680 4680
6935 CONNECTION 758 960 -1 -1 3300 3300
6936 CONNECTION 758 886 300 4380 6480 6480
6937 CONNECTION 758 1083 300 4800 6900 6900
6938 CONNECTION 758 30 300 3000 5100 5100
6939 CONNECTION 758 1017 300 4920 7020 7020
6940 CONNECTION 758 483 300 3660 5760 5760
6941 CONNECTION 758 1035 300 6180 8280 8280
6942 CONNECTION 758 225 300 4800 6900 6900
6943 CONNECTION 758 105 300 7980 10080 10080
6944 CONNECTION 123 167 -1 -1 3600 3600
6945 CONNECTION 123 144 -1 -1 3960 3960
6946 CONNECTION 123 677 -1 -1 3960 3960
6947 CONNECTION 123 331 -1 -1 5400 5400
6948 CONNECTION 123 415 -1 -1 5400 5400
6949 CONNECTION 123 802 300 2880 4980 4980
6950 CONNECTION 123 371 300 3660 5760 5760
6951 CONNECTION 123 862 300 3660 5760 5760
6952 CONNECTION 123 594 300 5100 7200 7200
6953 CONNECTION 123 572 300 5460 7560 7560
6954 CONNECTION 123 998 300 5460 7560 7560
6955 CONNECTION 123 1070 300 5460 7560 7560
6956 CONNECTION 123 738 300 6900 9000 9000
6957 CONNECTION 123 783 300 6900 9000 9000
6958 CONNECTION 123 8 300 6480 8580 8580
6959 CONNECTION 123 1079 300 6480 8580 8580
6960 CONNECTION 590 591 -1 -1 1560 1560
6961 CONNECTION 590 996 -1 -1 1800 1800
6962 CONNECTION 590 482 -1 -1 4500 4500
6963 CONNECTION 590 223 -1 -1 2640 2640
6964 CONNECTION 590 780 -1 -1 3360 3360
6965 CONNECTION 590 307 -1 -1 4080 4080
6966 CONNECTION 590 659 -1 -1 5460 5460
6967 CONNECTION 590 76 -1 -1 3600 3600
6968 CONNECTION 590 287 300 2100 4200 4200
6969 CONNECTION 590 760 300 2460 4560 4560
6970 CONNECTION 590 462 300 2340 4440 4440
6971 CONNECTION 590 909 300 3060 5160 5160
6972 CONNECTION 590 533 300 3780 5880 5880
6973 CONNECTION 590 610 300 3780 5880 5880
6974 CONNECTION 590 625 300 5400 7500 7500
6975 CONNECTION 590 265 300 3300 5400 5400
6976 CONNECTION 590 842 300 6000 8100 8100
6977 CONNECTION 590 1062 300 6000 8100 8100
6978 CONNECTION 590 642 300 4140 6240 6240
6979 CONNECTION 590 1091 300 4860 6960 6960
6980 CONNECTION 590 717 300 5580 7680 7680
6981 CONNECTION 590 980 300 6960 9060 9060
6982 CONNECTION 590 507 300 5100 7200 7200
6983 CONNECTION 590 698 300 5700 7800 7800
6984 CONNECTION 590 1084 300 6060 8160 8160
6985 CONNECTION 590 823 300 5940 8040 8040
6986 SINK 590 7 -1 -1 0 0
6987 CONNECTION 860 779 -1 -1 1800 1800
6988 CONNECTION 860 306 -1 -1 1980 1980
6989 CONNECTION 860 658 -1 -1 1980 1980
6990 CONNECTION 860 29 -1 -1 3840 3840
6991 CONNECTION 860 908 -1 -1 3600 3600
6992 CONNECTION 860 532 -1 -1 3780 3780
6993 CONNECTION 860 224 -1 -1 5640 5640
6994 CONNECTION 860 1090 300 3300 5400 5400
6995 CONNECTION 860 716 300 3480 5580 5580
6996 CONNECTION 860 979 300 3480 5580 5580
6997 CONNECTION 860 463 300 5340 7440 7440
6998 CONNECTION 860 168 300 5100 7200 7200
6999 CONNECTION 860 887 300 5280 7380 7380
7000 CONNECTION 860 643 300 7140 9240 9240
7001 CONNECTION 101 102 -1 -1 2100 2100
7002 CONNECTION 101 482 -1 -1 4320 4320
7003 CONNECTION 101 223 -1 -1 2460 2460
7004 CONNECTION 101 780 -1 -1 3180 3180
7005 CONNECTION 101 307 -1 -1 3900 3900
7006 CONNECTION 101 659 -1 -1 5280 5280
7007 CONNECTION 101 76 -1 -1 3420 3420
7008 CONNECTION 101 287 -1 -1 4020 4020
7009 CONNECTION 101 760 -1 -1 4380 4380
7010 CONNECTION 101 462 300 2160 4260 4260
7011 CONNECTION 101 909 300 2880 4980 4980
7012 CONNECTION 101 533 300 3600 5700 5700
7013 CONNECTION 101 610 300 3600 5700 5700
7014 CONNECTION 101 625 300 5220 7320 7320
7015 CONNECTION 101 265 300 3120 5220 5220
7016 CONNECTION 101 842 300 5820 7920 7920
7017 CONNECTION 101 1062 300 5820 7920 7920
7018 CONNECTION 101 642 300 3960 6060 6060
7019 CONNECTION 101 1091 300 4680 6780 6780
7020 CONNECTION 101 717 300 5400 7500 7500
7021 CONNECTION 101 980 300 6780 8880 8880
7022 CONNECTION 101 507 300 4920 7020 7020
7023 CONNECTION 101 698 300 5520 7620 7620
7024 CONNECTION 101 1084 300 5880 7980 7980
7025 CONNECTION 101 823 300 5760 7860 7860
7026 CONNECTION 101 169 300 6480 8580 8580
7027 SINK 101 7 -1 -1 0 0
7028 CONNECTION 959 960 -1 -1 960 960
7029 CONNECTION 959 886 -1 -1 4140 4140
7030 CONNECTION 959 1083 -1 -1 4560 4560
7031 CONNECTION 959 30 -1 -1 2760 2760
7032 CONNECTION 959 1017 -1 -1 4680 4680
7033 CONNECTION 959 483 -1 -1 3420 3420
7034 CONNECTION 959 1035 300 3840 5940 5940
7035 CONNECTION 959 225 300 2460 4560 4560
7036 CONNECTION 959 105 300 5640 7740 7740
7037 CONNECTION 959 392 300 6060 8160 8160
7038 CONNECTION 959 464 300 4260 6360 6360
7039 CONNECTION 959 288 300 6180 8280 8280
7040 CONNECTION 959 843 300 4920 7020 7020
7041 CONNECTION 959 1063 300 4920 7020 7020
7042 CONNECTION 959 310 300 7440 9540 9540
7043 CONNECTION 995 996 -1 -1 1200 1200
7044 CONNECTION 995 482 -1 -1 3900 3900
7045 CONNECTION 995 223 -1 -1 2040 2040
7046 CONNECTION 995 780 -1 -1 2760 2760
7047 CONNECTION 995 307 -1 -1 3480 3480
7048 CONNECTION 995 659 -1 -1 4860 4860
7049 CONNECTION 995 76 -1 -1 3000 3000
7050 CONNECTION 995 287 -1 -1 3600 3600
7051 CONNECTION 995 760 -1 -1 3960 3960
7052 CONNECTION 995 462 -1 -1 3840 3840
7053 CONNECTION 995 909 300 2460 4560 4560
7054 CONNECTION 995 533 300 3180 5280 5280
7055 CONNECTION 995 610 300 3180 5280 5280
7056 CONNECTION 995 625 300 4800 6900 6900
7057 CONNECTION 995 265 300 2700 4800 4800
7058 CONNECTION 995 842 300 5400 7500 7500
7059 CONNECTION 995 1062 300 5400 7500 7500
7060 CONNECTION 995 642 300 3540 5640 5640
7061 CONNECTION 995 1091 300 4260 6360 6360
7062 CONNECTION 995 717 300 4980 7080 7080
7063 CONNECTION 995 980 300 6360 8460 8460
7064 CONNECTION 995 507 300 4500 6600 6600
7065 CONNECTION 995 698 300 5100 7200 7200
7066 CONNECTION 995 1084 300 5460 7560 7560
7067 CONNECTION 995 823 300 5340 7440 7440
7068 CONNECTION 995 169 300 6060 8160 8160
7069 CONNECTION 995 888 300 6780 8880 8880
7070 CONNECTION 995 930 300 6780 8880 8880
7071 CONNECTION 995 946 300 8400 10500 10500
7072 SINK 995 7 -1 -1 0 0
7073 CONNECTION 460 461 -1 -1 2100 2100
7074 CONNECTION 460 624 -1 -1 2880 2880
7075 CONNECTION 460 735 -1 -1 2220 2220
7076 CONNECTION 460 103 -1 -1 3180 3180
7077 CONNECTION 460 188 -1 -1 3060 3060
7078 CONNECTION 460 641 -1 -1 3900 3900
7079 CONNECTION 460 308 300 2880 4980 4980
7080 CONNECTION 460 822 300 3600 5700 5700
7081 CONNECTION 460 945 300 4380 6480 6480
7082 CONNECTION 460 1100 300 3720 5820 5820
7083 CONNECTION 460 534 300 4680 6780 6780
7084 CONNECTION 460 611 300 4560 6660 6660
7085 CONNECTION 460 962 300 5400 7500 7500
7086 CONNECTION 460 718 300 6480 8580 8580
7087 CONNECTION 262 263 -1 -1 1620 1620
7088 CONNECTION 262 840 -1 -1 2220 2220
7089 CONNECTION 262 1060 -1 -1 2220 2220
7090 CONNECTION 262 439 -1 -1 2640 2640
7091 CONNECTION 262 552 -1 -1 3240 3240
7092 CONNECTION 262 505 -1 -1 3420 3420
7093 CONNECTION 262 571 -1 -1 4860 4860
7094 CONNECTION 262 593 -1 -1 4020 4020
7095 CONNECTION 262 944 -1 -1 4500 4500
7096 CONNECTION 262 125 300 2940 5040 5040
7097 CONNECTION 262 145 300 4560 6660 6660
7098 CONNECTION 262 678 300 3120 5220 5220
7099 CONNECTION 262 737 300 3720 5820 5820
7100 CONNECTION 262 782 300 3720 5820 5820
7101 CONNECTION 262 53 300 3720 5820 5820
7102 CONNECTION 262 803 300 4140 6240 6240
7103 CONNECTION 262 351 300 4740 6840 6840
7104 CONNECTION 262 372 300 6360 8460 8460
7105 CONNECTION 262 863 300 4920 7020 7020
7106 CONNECTION 262 911 300 5520 7620 7620
7107 CONNECTION 262 206 300 6000 8100 8100
7108 CONNECTION 262 554 300 6540 8640 8640
7109 CONNECTION 369 370 -1 -1 3060 3060
7110 CONNECTION 369 840 -1 -1 2220 2220
7111 CONNECTION 369 1060 -1 -1 2220 2220
7112 CONNECTION 369 439 -1 -1 2640 2640
7113 CONNECTION 369 552 -1 -1 3240 3240
7114 CONNECTION 369 505 -1 -1 3420 3420
7115 CONNECTION 369 571 -1 -1 4860 4860
7116 CONNECTION 369 593 -1 -1 4020 4020
7117 CONNECTION 369 944 -1 -1 4500 4500
7118 CONNECTION 369 125 300 2940 5040 5040
7119 CONNECTION 369 145 300 4560 6660 6660
7120 CONNECTION 369 678 300 3120 5220 5220
7121 CONNECTION 369 737 300 3720 5820 5820
7122 CONNECTION 369 782 300 3720 5820 5820
7123 CONNECTION 369 53 300 3720 5820 5820
7124 CONNECTION 369 803 300 4140 6240 6240
7125 CONNECTION 369 351 300 4740 6840 6840
7126 CONNECTION 369 372 300 6360 8460 8460
7127 CONNECTION 369 863 300 4920 7020 7020
7128 CONNECTION 369 911 300 5520 7620 7620
7129 CONNECTION 369 206 300 6000 8100 8100
7130 CONNECTION 369 554 300 6540 8640 8640
7131 CONNECTION 74 75 -1 -1 1560 1560
7132 CONNECTION 74 592 -1 -1 2340 2340
7133 CONNECTION 74 264 -1 -1 3360 3360
7134 CONNECTION 74 841 -1 -1 3960 3960
7135 CONNECTION 74 1061 -1 -1 3960 3960
7136 CONNECTION 74 736 -1 -1 4140 4140
7137 CONNECTION 74 781 -1 -1 4140 4140
7138 CONNECTION 74 440 -1 -1 4260 4260
7139 CONNECTION 74 506 300 3060 5160 5160
7140 CONNECTION 74 761 300 3240 5340 5340
7141 CONNECTION 74 910 300 3840 5940 5940
7142 CONNECTION 74 679 300 4860 6960 6960
7143 CONNECTION 74 54 300 5460 7560 7560
7144 CONNECTION 74 1092 300 5640 7740 7740
7145 CONNECTION 74 1101 300 5640 7740 7740
7146 CONNECTION 74 804 300 5760 7860 7860
7147 CONNECTION 143 350 -1 -1 3720 3720
7148 CONNECTION 143 961 -1 -1 4260 4260
7149 CONNECTION 143 553 -1 -1 5520 5520
7150 CONNECTION 143 31 300 3960 6060 6060
7151 CONNECTION 143 126 300 5220 7320 7320
7152 CONNECTION 143 226 300 5760 7860 7860
7153 CONNECTION 143 352 300 7020 9120 9120
7154 CONNECTION 222 223 -1 -1 1200 1200
7155 CONNECTION 222 307 -1 -1 2640 2640
7156 CONNECTION 222 659 -1 -1 4020 4020
7157 CONNECTION 222 76 -1 -1 2160 2160
7158 CONNECTION 222 287 -1 -1 2760 2760
7159 CONNECTION 222 760 -1 -1 3120 3120
7160 CONNECTION 222 462 -1 -1 3000 3000
7161 CONNECTION 222 909 -1 -1 3720 3720
7162 CONNECTION 222 533 -1 -1 4440 4440
7163 CONNECTION 222 610 -1 -1 4440 4440
7164 CONNECTION 222 625 -1 -1 6060 6060
7165 CONNECTION 222 265 -1 -1 3960 3960
7166 CONNECTION 222 842 300 4560 6660 6660
7167 CONNECTION 222 1062 300 4560 6660 6660
7168 CONNECTION 222 642 300 2700 4800 4800
7169 CONNECTION 222 1091 300 3420 5520 5520
7170 CONNECTION 222 717 300 4140 6240 6240
7171 CONNECTION 222 980 300 5520 7620 7620
7172 CONNECTION 222 507 300 3660 5760 5760
7173 CONNECTION 222 698 300 4260 6360 6360
7174 CONNECTION 222 1084 300 4620 6720 6720
7175 CONNECTION 222 823 300 4500 6600 6600
7176 CONNECTION 222 169 300 5220 7320 7320
7177 CONNECTION 222 888 300 5940 8040 8040
7178 CONNECTION 222 930 300 5940 8040 8040
7179 CONNECTION 222 946 300 7560 9660 9660
7180 CONNECTION 222 680 300 5460 7560 7560
7181 CONNECTION 222 55 300 8160 10260 10260
7182 SINK 222 7 -1 -1 0 0
7183 CONNECTION 551 552 -1 -1 1860 1860
7184 CONNECTION 551 593 -1 -1 2640 2640
7185 CONNECTION 551 944 -1 -1 3120 3120
7186 CONNECTION 551 125 -1 -1 3660 3660
7187 CONNECTION 551 145 -1 -1 5280 5280
7188 CONNECTION 551 678 -1 -1 3840 3840
7189 CONNECTION 551 737 -1 -1 4440 4440
7190 CONNECTION 551 782 -1 -1 4440 4440
7191 CONNECTION 551 53 -1 -1 4440 4440
7192 CONNECTION 551 803 300 2760 4860 4860
7193 CONNECTION 551 351 300 3360 5460 5460
7194 CONNECTION 551 372 300 4980 7080 7080
7195 CONNECTION 551 863 300 3540 5640 5640
7196 CONNECTION 551 911 300 4140 6240 6240
7197 CONNECTION 551 206 300 4620 6720 6720
7198 CONNECTION 551 554 300 5160 7260 7260
7199 CONNECTION 551 573 300 6780 8880 8880
7200 CONNECTION 551 999 300 5340 7440 7440
7201 CONNECTION 551 1071 300 5340 7440 7440
7202 CONNECTION 551 1093 300 5940 8040 8040
7203 CONNECTION 551 1102 300 5940 8040 8040
7204 CONNECTION 551 484 300 5940 8040 8040
7205 CONNECTION 551 9 300 6360 8460 8460
7206 CONNECTION 551 1080 300 6360 8460 8460
7207 CONNECTION 389 390 -1 -1 1620 1620
7208 CONNECTION 389 592 -1 -1 2220 2220
7209 CONNECTION 389 264 -1 -1 3240 3240
7210 CONNECTION 389 841 -1 -1 3840 3840
7211 CONNECTION 389 1061 -1 -1 3840 3840
7212 CONNECTION 389 736 -1 -1 4020 4020
7213 CONNECTION 389 781 -1 -1 4020 4020
7214 CONNECTION 389 440 -1 -1 4140 4140
7215 CONNECTION 389 506 300 2940 5040 5040
7216 CONNECTION 389 761 300 3120 5220 5220
7217 CONNECTION 389 910 300 3720 5820 5820
7218 CONNECTION 389 679 300 4740 6840 6840
7219 CONNECTION 389 54 300 5340 7440 7440
7220 CONNECTION 389 1092 300 5520 7620 7620
7221 CONNECTION 389 1101 300 5520 7620 7620
7222 CONNECTION 389 804 300 5640 7740 7740
7223 CONNECTION 389 864 300 6540 8640 8640
7224 CONNECTION 1016 908 -1 -1 3000 3000
7225 CONNECTION 1016 532 -1 -1 3180 3180
7226 CONNECTION 1016 224 -1 -1 5040 5040
7227 CONNECTION 1016 1090 300 2700 4800 4800
7228 CONNECTION 1016 716 300 2880 4980 4980
7229 CONNECTION 1016 979 300 2880 4980 4980
7230 CONNECTION 1016 463 300 4740 6840 6840
7231 CONNECTION 1016 168 300 4500 6600 6600
7232 CONNECTION 1016 887 300 4680 6780 6780
7233 CONNECTION 1016 643 300 6540 8640 8640
7234 CONNECTION 286 287 -1 -1 1200 1200
7235 CONNECTION 286 909 -1 -1 2160 2160
7236 CONNECTION 286 533 -1 -1 2880 2880
7237 CONNECTION 286 610 -1 -1 2880 2880
7238 CONNECTION 286 625 -1 -1 4500 4500
7239 CONNECTION 286 265 -1 -1 2400 2400
7240 CONNECTION 286 842 -1 -1 5100 5100
7241 CONNECTION 286 1062 -1 -1 5100 5100
7242 CONNECTION 286 642 -1 -1 3240 3240
7243 CONNECTION 286 1091 -1 -1 3960 3960
7244 CONNECTION 286 717 -1 -1 4680 4680
7245 CONNECTION 286 980 -1 -1 6060 6060
7246 CONNECTION 286 507 300 2100 4200 4200
7247 CONNECTION 286 698 300 2700 4800 4800
7248 CONNECTION 286 1084 300 3060 5160 5160
7249 CONNECTION 286 823 300 2940 5040 5040
7250 CONNECTION 286 169 300 3660 5760 5760
7251 CONNECTION 286 888 300 4380 6480 6480
7252 CONNECTION 286 930 300 4380 6480 6480
7253 CONNECTION 286 946 300 6000 8100 8100
7254 CONNECTION 286 680 300 3900 6000 6000
7255 CONNECTION 286 55 300 6600 8700 8700
7256 CONNECTION 286 963 300 4740 6840 6840
7257 CONNECTION 286 417 300 5460 7560 7560
7258 CONNECTION 286 246 300 7560 9660 9660
7259 CONNECTION 286 1037 300 6180 8280 8280
7260 CONNECTION 286 865 300 5700 7800 7800
7261 SINK 286 7 -1 -1 0 0
7262 CONNECTION 166 167 -1 -1 2820 2820
7263 CONNECTION 166 144 -1 -1 3180 3180
7264 CONNECTION 166 677 -1 -1 3180 3180
7265 CONNECTION 166 331 -1 -1 4620 4620
7266 CONNECTION 166 415 -1 -1 4620 4620
7267 CONNECTION 166 802 -1 -1 4200 4200
7268 CONNECTION 166 371 300 2880 4980 4980
7269 CONNECTION 166 862 300 2880 4980 4980
7270 CONNECTION 166 594 300 4320 6420 6420
7271 CONNECTION 166 572 300 4680 6780 6780
7272 CONNECTION 166 998 300 4680 6780 6780
7273 CONNECTION 166 1070 300 4680 6780 6780
7274 CONNECTION 166 738 300 6120 8220 8220
7275 CONNECTION 166 783 300 6120 8220 8220
7276 CONNECTION 166 8 300 5700 7800 7800
7277 CONNECTION 166 1079 300 5700 7800 7800
7278 CONNECTION 166 78 300 6480 8580 8580
7279 CONNECTION 166 146 300 6480 8580 8580
7280 CONNECTION 531 532 -1 -1 1200 1200
7281 CONNECTION 531 1090 -1 -1 2820 2820
7282 CONNECTION 531 716 -1 -1 3000 3000
7283 CONNECTION 531 979 -1 -1 3000 3000
7284 CONNECTION 531 463 -1 -1 4860 4860
7285 CONNECTION 531 168 300 2520 4620 4620
7286 CONNECTION 531 887 300 2700 4800 4800
7287 CONNECTION 531 643 300 4560 6660 6660
7288 CONNECTION 531 416 300 4320 6420 6420
7289 CONNECTION 531 245 300 4500 6600 6600
7290 CONNECTION 531 1036 300 4500 6600 6600
7291 CONNECTION 531 824 300 6360 8460 8460
7292 CONNECTION 531 595 300 6120 8220 8220
7293 CONNECTION 28 29 -1 -1 3000 3000
7294 CONNECTION 28 908 -1 -1 2760 2760
7295 CONNECTION 28 532 -1 -1 2940 2940
7296 CONNECTION 28 224 -1 -1 4800 4800
7297 CONNECTION 28 1090 300 2460 4560 4560
7298 CONNECTION 28 716 300 2640 4740 4740
7299 CONNECTION 28 979 300 2640 4740 4740
7300 CONNECTION 28 463 300 4500 6600 6600
7301 CONNECTION 28 168 300 4260 6360 6360
7302 CONNECTION 28 887 300 4440 6540 6540
7303 CONNECTION 28 643 300 6300 8400 8400
7304 CONNECTION 28 416 300 6060 8160 8160
7305 CONNECTION 481 482 -1 -1 3300 3300
7306 CONNECTION 481 780 -1 -1 2160 2160
7307 CONNECTION 481 307 -1 -1 2880 2880
7308 CONNECTION 481 659 -1 -1 4260 4260
7309 CONNECTION 481 76 -1 -1 2400 2400
7310 CONNECTION 481 287 -1 -1 3000 3000
7311 CONNECTION 481 760 -1 -1 3360 3360
7312 CONNECTION 481 462 -1 -1 3240 3240
7313 CONNECTION 481 909 -1 -1 3960 3960
7314 CONNECTION 481 533 -1 -1 4680 4680
7315 CONNECTION 481 610 -1 -1 4680 4680
7316 CONNECTION 481 625 -1 -1 6300 6300
7317 CONNECTION 481 265 300 2100 4200 4200
7318 CONNECTION 481 842 300 4800 6900 6900
7319 CONNECTION 481 1062 300 4800 6900 6900
7320 CONNECTION 481 642 300 2940 5040 5040
7321 CONNECTION 481 1091 300 3660 5760 5760
7322 CONNECTION 481 717 300 4380 6480 6480
7323 CONNECTION 481 980 300 5760 7860 7860
7324 CONNECTION 481 507 300 3900 6000 6000
7325 CONNECTION 481 698 300 4500 6600 6600
7326 CONNECTION 481 1084 300 4860 6960 6960
7327 CONNECTION 481 823 300 4740 6840 6840
7328 CONNECTION 481 169 300 5460 7560 7560
7329 CONNECTION 481 888 300 6180 8280 8280
7330 CONNECTION 481 930 300 6180 8280 8280
7331 CONNECTION 481 946 300 7800 9900 9900
7332 CONNECTION 481 680 300 5700 7800 7800
7333 SINK 481 7 -1 -1 0 0
7334 CONNECTION 1068 997 -1 -1 3900 3900
7335 CONNECTION 1068 1069 -1 -1 3900 3900
7336 CONNECTION 1068 7 -1 -1 4920 4920
7337 CONNECTION 1068 1078 -1 -1 4920 4920
7338 CONNECTION 1068 77 -1 -1 5700 5700
7339 CONNECTION 1068 266 300 5400 7500 7500
7340 CONNECTION 1068 441 300 6420 8520 8520
7341 CONNECTION 1068 508 300 7200 9300 9300
7342 CONNECTION 1077 997 -1 -1 3900 3900
7343 CONNECTION 1077 1069 -1 -1 3900 3900
7344 CONNECTION 1077 7 -1 -1 4920 4920
7345 CONNECTION 1077 1078 -1 -1 4920 4920
7346 CONNECTION 1077 77 -1 -1 5700 5700
7347 CONNECTION 1077 266 300 5400 7500 7500
7348 CONNECTION 1077 441 300 6420 8520 8520
7349 CONNECTION 1077 508 300 7200 9300 9300
7350 CONNECTION 759 760 -1 -1 1560 1560
7351 CONNECTION 759 909 -1 -1 2160 2160
7352 CONNECTION 759 533 -1 -1 2880 2880
7353 CONNECTION 759 610 -1 -1 2880 2880
7354 CONNECTION 759 625 -1 -1 4500 4500
7355 CONNECTION 759 265 -1 -1 2400 2400
7356 CONNECTION 759 842 -1 -1 5100 5100
7357 CONNECTION 759 1062 -1 -1 5100 5100
7358 CONNECTION 759 642 -1 -1 3240 3240
7359 CONNECTION 759 1091 -1 -1 3960 3960
7360 CONNECTION 759 717 -1 -1 4680 4680
7361 CONNECTION 759 980 -1 -1 6060 6060
7362 CONNECTION 759 507 300 2100 4200 4200
7363 CONNECTION 759 698 300 2700 4800 4800
7364 CONNECTION 759 1084 300 3060 5160 5160
7365 CONNECTION 759 823 300 2940 5040 5040
7366 CONNECTION 759 169 300 3660 5760 5760
7367 CONNECTION 759 888 300 4380 6480 6480
7368 CONNECTION 759 930 300 4380 6480 6480
7369 CONNECTION 759 946 300 6000 8100 8100
7370 CONNECTION 759 680 300 3900 6000 6000
7371 CONNECTION 759 55 300 6600 8700 8700
7372 CONNECTION 759 963 300 4740 6840 6840
7373 CONNECTION 759 417 300 5460 7560 7560
7374 CONNECTION 759 246 300 7560 9660 9660
7375 CONNECTION 759 1037 300 6180 8280 8280
7376 CONNECTION 759 865 300 5700 7800 7800
7377 SINK 759 7 -1 -1 0 0
7378 CONNECTION 329 330 -1 -1 1860 1860
7379 CONNECTION 329 439 -1 -1 2280 2280
7380 CONNECTION 329 552 -1 -1 2880 2880
7381 CONNECTION 329 505 -1 -1 3060 3060
7382 CONNECTION 329 571 -1 -1 4500 4500
7383 CONNECTION 329 593 -1 -1 3660 3660
7384 CONNECTION 329 944 -1 -1 4140 4140
7385 CONNECTION 329 125 -1 -1 4680 4680
7386 CONNECTION 329 145 300 4200 6300 6300
7387 CONNECTION 329 678 300 2760 4860 4860
7388 CONNECTION 329 737 300 3360 5460 5460
7389 CONNECTION 329 782 300 3360 5460 5460
7390 CONNECTION 329 53 300 3360 5460 5460
7391 CONNECTION 329 803 300 3780 5880 5880
7392 CONNECTION 329 351 300 4380 6480 6480
7393 CONNECTION 329 372 300 6000 8100 8100
7394 CONNECTION 329 863 300 4560 6660 6660
7395 CONNECTION 329 911 300 5160 7260 7260
7396 CONNECTION 329 206 300 5640 7740 7740
7397 CONNECTION 329 554 300 6180 8280 8280
7398 CONNECTION 329 573 300 7800 9900 9900
7399 CONNECTION 329 999 300 6360 8460 8460
7400 CONNECTION 329 1071 300 6360 8460 8460
7401 CONNECTION 413 414 -1 -1 1860 1860
7402 CONNECTION 413 439 -1 -1 2280 2280
7403 CONNECTION 413 552 -1 -1 2880 2880
7404 CONNECTION 413 505 -1 -1 3060 3060
7405 CONNECTION 413 571 -1 -1 4500 4500
7406 CONNECTION 413 593 -1 -1 3660 3660
7407 CONNECTION 413 944 -1 -1 4140 4140
7408 CONNECTION 413 125 -1 -1 4680 4680
7409 CONNECTION 413 145 300 4200 6300 6300
7410 CONNECTION 413 678 300 2760 4860 4860
7411 CONNECTION 413 737 300 3360 5460 5460
7412 CONNECTION 413 782 300 3360 5460 5460
7413 CONNECTION 413 53 300 3360 5460 5460
7414 CONNECTION 413 803 300 3780 5880 5880
7415 CONNECTION 413 351 300 4380 6480 6480
7416 CONNECTION 413 372 300 6000 8100 8100
7417 CONNECTION 413 863 300 4560 6660 6660
7418 CONNECTION 413 911 300 5160 7260 7260
7419 CONNECTION 413 206 300 5640 7740 7740
7420 CONNECTION 413 554 300 6180 8280 8280
7421 CONNECTION 413 573 300 7800 9900 9900
7422 CONNECTION 413 999 300 6360 8460 8460
7423 CONNECTION 413 1071 300 6360 8460 8460
7424 CONNECTION 676 677 -1 -1 1860 1860
7425 CONNECTION 676 331 -1 -1 3300 3300
7426 CONNECTION 676 415 -1 -1 3300 3300
7427 CONNECTION 676 802 -1 -1 2880 2880
7428 CONNECTION 676 371 -1 -1 3660 3660
7429 CONNECTION 676 862 -1 -1 3660 3660
7430 CONNECTION 676 594 -1 -1 5100 5100
7431 CONNECTION 676 572 300 3360 5460 5460
7432 CONNECTION 676 998 300 3360 5460 5460
7433 CONNECTION 676 1070 300 3360 5460 5460
7434 CONNECTION 676 738 300 4800 6900 6900
7435 CONNECTION 676 783 300 4800 6900 6900
7436 CONNECTION 676 8 300 4380 6480 6480
7437 CONNECTION 676 1079 300 4380 6480 6480
7438 CONNECTION 676 78 300 5160 7260 7260
7439 CONNECTION 676 146 300 5160 7260 7260
7440 CONNECTION 676 912 300 6600 8700 8700
7441 CONNECTION 591 592 -1 -1 1620 1620
7442 CONNECTION 591 264 -1 -1 2640 2640
7443 CONNECTION 591 841 -1 -1 3240 3240
7444 CONNECTION 591 1061 -1 -1 3240 3240
7445 CONNECTION 591 736 -1 -1 3420 3420
7446 CONNECTION 591 781 -1 -1 3420 3420
7447 CONNECTION 591 440 -1 -1 3540 3540
7448 CONNECTION 591 506 -1 -1 4440 4440
7449 CONNECTION 591 761 300 2520 4620 4620
7450 CONNECTION 591 910 300 3120 5220 5220
7451 CONNECTION 591 679 300 4140 6240 6240
7452 CONNECTION 591 54 300 4740 6840 6840
7453 CONNECTION 591 1092 300 4920 7020 7020
7454 CONNECTION 591 1101 300 4920 7020 7020
7455 CONNECTION 591 804 300 5040 7140 7140
7456 CONNECTION 591 864 300 5940 8040 8040
7457 CONNECTION 591 1085 300 6120 8220 8220
7458 CONNECTION 623 624 -1 -1 2100 2100
7459 CONNECTION 623 641 -1 -1 3120 3120
7460 CONNECTION 623 308 -1 -1 4200 4200
7461 CONNECTION 623 822 -1 -1 4920 4920
7462 CONNECTION 623 945 300 3600 5700 5700
7463 CONNECTION 623 1100 300 2940 5040 5040
7464 CONNECTION 623 534 300 3900 6000 6000
7465 CONNECTION 623 611 300 3780 5880 5880
7466 CONNECTION 623 962 300 4620 6720 6720
7467 CONNECTION 623 718 300 5700 7800 7800
7468 CONNECTION 623 32 300 6420 8520 8520
7469 CONNECTION 6 103 -1 -1 2820 2820
7470 CONNECTION 6 188 -1 -1 2700 2700
7471 CONNECTION 6 641 -1 -1 3540 3540
7472 CONNECTION 6 308 -1 -1 4620 4620
7473 CONNECTION 6 822 300 3240 5340 5340
7474 CONNECTION 6 945 300 4020 6120 6120
7475 CONNECTION 6 1100 300 3360 5460 5460
7476 CONNECTION 6 534 300 4320 6420 6420
7477 CONNECTION 6 611 300 4200 6300 6300
7478 CONNECTION 6 962 300 5040 7140 7140
7479 CONNECTION 6 718 300 6120 8220 8220
7480 CONNECTION 6 32 300 6840 8940 8940
7481 CONNECTION 1055 103 -1 -1 2820 2820
7482 CONNECTION 1055 188 -1 -1 2700 2700
7483 CONNECTION 1055 641 -1 -1 3540 3540
7484 CONNECTION 1055 308 -1 -1 4620 4620
7485 CONNECTION 1055 822 300 3240 5340 5340
7486 CONNECTION 1055 945 300 4020 6120 6120
7487 CONNECTION 1055 1100 300 3360 5460 5460
7488 CONNECTION 1055 534 300 4320 6420 6420
7489 CONNECTION 1055 611 300 4200 6300 6300
7490 CONNECTION 1055 962 300 5040 7140 7140
7491 CONNECTION 1055 718 300 6120 8220 8220
7492 CONNECTION 1055 32 300 6840 8940 8940
7493 CONNECTION 102 103 -1 -1 2040 2040
7494 CONNECTION 102 641 -1 -1 2760 2760
7495 CONNECTION 102 308 -1 -1 3840 3840
7496 CONNECTION 102 822 -1 -1 4560 4560
7497 CONNECTION 102 945 300 3240 5340 5340
7498 CONNECTION 102 1100 300 2580 4680 4680
7499 CONNECTION 102 534 300 3540 5640 5640
7500 CONNECTION 102 611 300 3420 5520 5520
7501 CONNECTION 102 962 300 4260 6360 6360
7502 CONNECTION 102 718 300 5340 7440 7440
7503 CONNECTION 102 32 300 6060 8160 8160
7504 CONNECTION 102 207 300 6840 8940 8940
7505 CONNECTION 102 332 300 6180 8280 8280
7506 CONNECTION 187 188 -1 -1 1920 1920
7507 CONNECTION 187 641 -1 -1 2760 2760
7508 CONNECTION 187 308 -1 -1 3840 3840
7509 CONNECTION 187 822 -1 -1 4560 4560
7510 CONNECTION 187 945 300 3240 5340 5340
7511 CONNECTION 187 1100 300 2580 4680 4680
7512 CONNECTION 187 534 300 3540 5640 5640
7513 CONNECTION 187 611 300 3420 5520 5520
7514 CONNECTION 187 962 300 4260 6360 6360
7515 CONNECTION 187 718 300 5340 7440 7440
7516 CONNECTION 187 32 300 6060 8160 8160
7517 CONNECTION 187 207 300 6840 8940 8940
7518 CONNECTION 187 332 300 6180 8280 8280
7519 CONNECTION 438 439 -1 -1 1620 1620
7520 CONNECTION 438 505 -1 -1 2400 2400
7521 CONNECTION 438 571 -1 -1 3840 3840
7522 CONNECTION 438 593 -1 -1 3000 3000
7523 CONNECTION 438 944 -1 -1 3480 3480
7524 CONNECTION 438 125 -1 -1 4020 4020
7525 CONNECTION 438 145 -1 -1 5640 5640
7526 CONNECTION 438 678 -1 -1 4200 4200
7527 CONNECTION 438 737 300 2700 4800 4800
7528 CONNECTION 438 782 300 2700 4800 4800
7529 CONNECTION 438 53 300 2700 4800 4800
7530 CONNECTION 438 803 300 3120 5220 5220
7531 CONNECTION 438 351 300 3720 5820 5820
7532 CONNECTION 438 372 300 5340 7440 7440
7533 CONNECTION 438 863 300 3900 6000 6000
7534 CONNECTION 438 911 300 4500 6600 6600
7535 CONNECTION 438 206 300 4980 7080 7080
7536 CONNECTION 438 554 300 5520 7620 7620
7537 CONNECTION 438 573 300 7140 9240 9240
7538 CONNECTION 438 999 300 5700 7800 7800
7539 CONNECTION 438 1071 300 5700 7800 7800
7540 CONNECTION 438 1093 300 6300 8400 8400
7541 CONNECTION 438 1102 300 6300 8400 8400
7542 CONNECTION 438 484 300 6300 8400 8400
7543 CONNECTION 820 885 -1 -1 1980 1980
7544 CONNECTION 820 1082 -1 -1 2100 2100
7545 CONNECTION 820 1034 -1 -1 3780 3780
7546 CONNECTION 820 104 300 3480 5580 5580
7547 CONNECTION 820 391 300 3600 5700 5700
7548 CONNECTION 820 309 300 5280 7380 7380
7549 CONNECTION 609 610 -1 -1 2100 2100
7550 CONNECTION 609 842 -1 -1 4320 4320
7551 CONNECTION 609 1062 -1 -1 4320 4320
7552 CONNECTION 609 642 -1 -1 2460 2460
7553 CONNECTION 609 1091 -1 -1 3180 3180
7554 CONNECTION 609 717 -1 -1 3900 3900
7555 CONNECTION 609 980 -1 -1 5280 5280
7556 CONNECTION 609 507 -1 -1 3420 3420
7557 CONNECTION 609 698 -1 -1 4020 4020
7558 CONNECTION 609 1084 -1 -1 4380 4380
7559 CONNECTION 609 823 300 2160 4260 4260
7560 CONNECTION 609 169 300 2880 4980 4980
7561 CONNECTION 609 888 300 3600 5700 5700
7562 CONNECTION 609 930 300 3600 5700 5700
7563 CONNECTION 609 946 300 5220 7320 7320
7564 CONNECTION 609 680 300 3120 5220 5220
7565 CONNECTION 609 55 300 5820 7920 7920
7566 CONNECTION 609 963 300 3960 6060 6060
7567 CONNECTION 609 417 300 4680 6780 6780
7568 CONNECTION 609 246 300 6780 8880 8880
7569 CONNECTION 609 1037 300 5400 7500 7500
7570 CONNECTION 609 865 300 4920 7020 7020
7571 CONNECTION 609 393 300 5880 7980 7980
7572 CONNECTION 609 1019 300 5520 7620 7620
7573 CONNECTION 609 33 300 5760 7860 7860
7574 CONNECTION 609 596 300 6480 8580 8580
7575 SINK 609 7 -1 -1 0 0
7576 CONNECTION 205 660 -1 -1 4200 4200
7577 CONNECTION 205 1018 -1 -1 6300 6300
7578 CONNECTION 205 189 300 4980 7080 7080
7579 CONNECTION 205 981 300 5700 7800 7800
7580 CONNECTION 205 289 300 7800 9900 9900
7581 CONNECTION 714 715 -1 -1 3000 3000
7582 CONNECTION 714 960 -1 -1 1620 1620
7583 CONNECTION 714 886 -1 -1 4800 4800
7584 CONNECTION 714 1083 -1 -1 5220 5220
7585 CONNECTION 714 30 -1 -1 3420 3420
7586 CONNECTION 714 1017 -1 -1 5340 5340
7587 CONNECTION 714 483 300 1980 4080 4080
7588 CONNECTION 714 1035 300 4500 6600 6600
7589 CONNECTION 714 225 300 3120 5220 5220
7590 CONNECTION 714 105 300 6300 8400 8400
7591 CONNECTION 714 392 300 6720 8820 8820
7592 CONNECTION 714 464 300 4920 7020 7020
7593 CONNECTION 714 288 300 6840 8940 8940
7594 CONNECTION 714 843 300 5580 7680 7680
7595 CONNECTION 714 1063 300 5580 7680 7680
7596 CONNECTION 696 697 -1 -1 3480 3480
7597 CONNECTION 696 929 -1 -1 4260 4260
7598 CONNECTION 696 660 -1 -1 4980 4980
7599 CONNECTION 696 1018 300 4980 7080 7080
7600 CONNECTION 696 189 300 5760 7860 7860
7601 CONNECTION 696 981 300 6480 8580 8580
7602 CONNECTION 1033 961 -1 -1 4020 4020
7603 CONNECTION 1033 553 -1 -1 5280 5280
7604 CONNECTION 1033 31 300 3720 5820 5820
7605 CONNECTION 1033 126 300 4980 7080 7080
7606 CONNECTION 1033 226 300 5520 7620 7620
7607 CONNECTION 1033 352 300 6780 8880 8880
7608 CONNECTION 349 331 -1 -1 3600 3600
7609 CONNECTION 349 415 -1 -1 3600 3600
7610 CONNECTION 349 802 -1 -1 3180 3180
7611 CONNECTION 349 371 -1 -1 3960 3960
7612 CONNECTION 349 862 -1 -1 3960 3960
7613 CONNECTION 349 594 -1 -1 5400 5400
7614 CONNECTION 349 572 300 3660 5760 5760
7615 CONNECTION 349 998 300 3660 5760 5760
7616 CONNECTION 349 1070 300 3660 5760 5760
7617 CONNECTION 349 738 300 5100 7200 7200
7618 CONNECTION 349 783 300 5100 7200 7200
7619 CONNECTION 349 8 300 4680 6780 6780
7620 CONNECTION 349 1079 300 4680 6780 6780
7621 CONNECTION 349 78 300 5460 7560 7560
7622 CONNECTION 349 146 300 5460 7560 7560
7623 CONNECTION 349 912 300 6900 9000 9000
7624 CONNECTION 779 780 -1 -1 1560 1560
7625 CONNECTION 779 76 -1 -1 1800 1800
7626 CONNECTION 779 287 -1 -1 2400 2400
7627 CONNECTION 779 760 -1 -1 2760 2760
7628 CONNECTION 779 462 -1 -1 2640 2640
7629 CONNECTION 779 909 -1 -1 3360 3360
7630 CONNECTION 779 533 -1 -1 4080 4080
7631 CONNECTION 779 610 -1 -1 4080 4080
7632 CONNECTION 779 625 -1 -1 5700 5700
7633 CONNECTION 779 265 -1 -1 3600 3600
7634 CONNECTION 779 842 300 4200 6300 6300
7635 CONNECTION 779 1062 300 4200 6300 6300
7636 CONNECTION 779 642 300 2340 4440 4440
7637 CONNECTION 779 1091 300 3060 5160 5160
7638 CONNECTION 779 717 300 3780 5880 5880
7639 CONNECTION 779 980 300 5160 7260 7260
7640 CONNECTION 779 507 300 3300 5400 5400
7641 CONNECTION 779 698 300 3900 6000 6000
7642 CONNECTION 779 1084 300 4260 6360 6360
7643 CONNECTION 779 823 300 4140 6240 6240
7644 CONNECTION 779 169 300 4860 6960 6960
7645 CONNECTION 779 888 300 5580 7680 7680
7646 CONNECTION 779 930 300 5580 7680 7680
7647 CONNECTION 779 946 300 7200 9300 9300
7648 CONNECTION 779 680 300 5100 7200 7200
7649 CONNECTION 779 55 300 7800 9900 9900
7650 CONNECTION 779 963 300 5940 8040 8040
7651 SINK 779 7 -1 -1 0 0
7652 CONNECTION 996 908 -1 -1 1800 1800
7653 CONNECTION 996 532 -1 -1 1980 1980
7654 CONNECTION 996 224 -1 -1 3840 3840
7655 CONNECTION 996 1090 -1 -1 3600 3600
7656 CONNECTION 996 716 -1 -1 3780 3780
7657 CONNECTION 996 979 -1 -1 3780 3780
7658 CONNECTION 996 463 -1 -1 5640 5640
7659 CONNECTION 996 168 300 3300 5400 5400
7660 CONNECTION 996 887 300 3480 5580 5580
7661 CONNECTION 996 643 300 5340 7440 7440
7662 CONNECTION 996 416 300 5100 7200 7200
7663 CONNECTION 996 245 300 5280 7380 7380
7664 CONNECTION 996 1036 300 5280 7380 7380
7665 CONNECTION 996 824 300 7140 9240 9240
7666 CONNECTION 306 307 -1 -1 2100 2100
7667 CONNECTION 306 287 -1 -1 2220 2220
7668 CONNECTION 306 760 -1 -1 2580 2580
7669 CONNECTION 306 462 -1 -1 2460 2460
7670 CONNECTION 306 909 -1 -1 3180 3180
7671 CONNECTION 306 533 -1 -1 3900 3900
7672 CONNECTION 306 610 -1 -1 3900 3900
7673 CONNECTION 306 625 -1 -1 5520 5520
7674 CONNECTION 306 265 -1 -1 3420 3420
7675 CONNECTION 306 842 -1 -1 6120 6120
7676 CONNECTION 306 1062 -1 -1 6120 6120
7677 CONNECTION 306 642 300 2160 4260 4260
7678 CONNECTION 306 1091 300 2880 4980 4980
7679 CONNECTION 306 717 300 3600 5700 5700
7680 CONNECTION 306 980 300 4980 7080 7080
7681 CONNECTION 306 507 300 3120 5220 5220
7682 CONNECTION 306 698 300 3720 5820 5820
7683 CONNECTION 306 1084 300 4080 6180 6180
7684 CONNECTION 306 823 300 3960 6060 6060
7685 CONNECTION 306 169 300 4680 6780 6780
7686 CONNECTION 306 888 300 5400 7500 7500
7687 CONNECTION 306 930 300 5400 7500 7500
7688 CONNECTION 306 946 300 7020 9120 9120
7689 CONNECTION 306 680 300 4920 7020 7020
7690 CONNECTION 306 55 300 7620 9720 9720
7691 CONNECTION 306 963 300 5760 7860 7860
7692 CONNECTION 306 417 300 6480 8580 8580
7693 SINK 306 7 -1 -1 0 0
7694 CONNECTION 658 659 -1 -1 3480 3480
7695 CONNECTION 658 287 -1 -1 2220 2220
7696 CONNECTION 658 760 -1 -1 2580 2580
7697 CONNECTION 658 462 -1 -1 2460 2460
7698 CONNECTION 658 909 -1 -1 3180 3180
7699 CONNECTION 658 533 -1 -1 3900 3900
7700 CONNECTION 658 610 -1 -1 3900 3900
7701 CONNECTION 658 625 -1 -1 5520 5520
7702 CONNECTION 658 265 -1 -1 3420 3420
7703 CONNECTION 658 842 -1 -1 6120 6120
7704 CONNECTION 658 1062 -1 -1 6120 6120
7705 CONNECTION 658 642 300 2160 4260 4260
7706 CONNECTION 658 1091 300 2880 4980 4980
7707 CONNECTION 658 717 300 3600 5700 5700
7708 CONNECTION 658 980 300 4980 7080 7080
7709 CONNECTION 658 507 300 3120 5220 5220
7710 CONNECTION 658 698 300 3720 5820 5820
7711 CONNECTION 658 1084 300 4080 6180 6180
7712 CONNECTION 658 823 300 3960 6060 6060
7713 CONNECTION 658 169 300 4680 6780 6780
7714 CONNECTION 658 888 300 5400 7500 7500
7715 CONNECTION 658 930 300 5400 7500 7500
7716 CONNECTION 658 946 300 7020 9120 9120
7717 CONNECTION 658 680 300 4920 7020 7020
7718 CONNECTION 658 55 300 7620 9720 9720
7719 CONNECTION 658 963 300 5760 7860 7860
7720 CONNECTION 658 417 300 6480 8580 8580
7721 SINK 658 7 -1 -1 0 0
7722 CONNECTION 29 30 -1 -1 960 960
7723 CONNECTION 29 483 -1 -1 1620 1620
7724 CONNECTION 29 1035 -1 -1 4140 4140
7725 CONNECTION 29 225 -1 -1 2760 2760
7726 CONNECTION 29 105 300 3840 5940 5940
7727 CONNECTION 29 392 300 4260 6360 6360
7728 CONNECTION 29 464 300 2460 4560 4560
7729 CONNECTION 29 288 300 4380 6480 6480
7730 CONNECTION 29 843 300 3120 5220 5220
7731 CONNECTION 29 1063 300 3120 5220 5220
7732 CONNECTION 29 310 300 5640 7740 7740
7733 CONNECTION 29 644 300 4260 6360 6360
7734 CONNECTION 29 536 300 7440 9540 9540
7735 CONNECTION 29 763 300 7860 9960 9960
7736 CONNECTION 75 76 -1 -1 1200 1200
7737 CONNECTION 75 287 -1 -1 1800 1800
7738 CONNECTION 75 760 -1 -1 2160 2160
7739 CONNECTION 75 462 -1 -1 2040 2040
7740 CONNECTION 75 909 -1 -1 2760 2760
7741 CONNECTION 75 533 -1 -1 3480 3480
7742 CONNECTION 75 610 -1 -1 3480 3480
7743 CONNECTION 75 625 -1 -1 5100 5100
7744 CONNECTION 75 265 -1 -1 3000 3000
7745 CONNECTION 75 842 -1 -1 5700 5700
7746 CONNECTION 75 1062 -1 -1 5700 5700
7747 CONNECTION 75 642 -1 -1 3840 3840
7748 CONNECTION 75 1091 300 2460 4560 4560
7749 CONNECTION 75 717 300 3180 5280 5280
7750 CONNECTION 75 980 300 4560 6660 6660
7751 CONNECTION 75 507 300 2700 4800 4800
7752 CONNECTION 75 698 300 3300 5400 5400
7753 CONNECTION 75 1084 300 3660 5760 5760
7754 CONNECTION 75 823 300 3540 5640 5640
7755 CONNECTION 75 169 300 4260 6360 6360
7756 CONNECTION 75 888 300 4980 7080 7080
7757 CONNECTION 75 930 300 4980 7080 7080
7758 CONNECTION 75 946 300 6600 8700 8700
7759 CONNECTION 75 680 300 4500 6600 6600
7760 CONNECTION 75 55 300 7200 9300 9300
7761 CONNECTION 75 963 300 5340 7440 7440
7762 CONNECTION 75 417 300 6060 8160 8160
7763 CONNECTION 75 246 300 8160 10260 10260
7764 CONNECTION 75 1037 300 6780 8880 8880
7765 SINK 75 7 -1 -1 0 0
7766 CONNECTION 52 1082 -1 -1 1440 1440
7767 CONNECTION 52 1034 -1 -1 3120 3120
7768 CONNECTION 52 104 300 2820 4920 4920
7769 CONNECTION 52 391 300 2940 5040 5040
7770 CONNECTION 52 309 300 4620 6720 6720
7771 CONNECTION 640 641 -1 -1 2100 2100
7772 CONNECTION 640 308 -1 -1 3180 3180
7773 CONNECTION 640 822 -1 -1 3900 3900
7774 CONNECTION 640 945 -1 -1 4680 4680
7775 CONNECTION 640 1100 -1 -1 4020 4020
7776 CONNECTION 640 534 300 2880 4980 4980
7777 CONNECTION 640 611 300 2760 4860 4860
7778 CONNECTION 640 962 300 3600 5700 5700
7779 CONNECTION 640 718 300 4680 6780 6780
7780 CONNECTION 640 32 300 5400 7500 7500
7781 CONNECTION 640 207 300 6180 8280 8280
7782 CONNECTION 640 332 300 5520 7620 7620
7783 CONNECTION 640 889 300 6480 8580 8580
7784 CONNECTION 640 931 300 6360 8460 8460
7785 CONNECTION 390 593 -1 -1 2460 2460
7786 CONNECTION 390 944 -1 -1 2940 2940
7787 CONNECTION 390 125 -1 -1 3480 3480
7788 CONNECTION 390 145 -1 -1 5100 5100
7789 CONNECTION 390 678 -1 -1 3660 3660
7790 CONNECTION 390 737 -1 -1 4260 4260
7791 CONNECTION 390 782 -1 -1 4260 4260
7792 CONNECTION 390 53 -1 -1 4260 4260
7793 CONNECTION 390 803 300 2580 4680 4680
7794 CONNECTION 390 351 300 3180 5280 5280
7795 CONNECTION 390 372 300 4800 6900 6900
7796 CONNECTION 390 863 300 3360 5460 5460
7797 CONNECTION 390 911 300 3960 6060 6060
7798 CONNECTION 390 206 300 4440 6540 6540
7799 CONNECTION 390 554 300 4980 7080 7080
7800 CONNECTION 390 573 300 6600 8700 8700
7801 CONNECTION 390 999 300 5160 7260 7260
7802 CONNECTION 390 1071 300 5160 7260 7260
7803 CONNECTION 390 1093 300 5760 7860 7860
7804 CONNECTION 390 1102 300 5760 7860 7860
7805 CONNECTION 390 484 300 5760 7860 7860
7806 CONNECTION 390 9 300 6180 8280 8280
7807 CONNECTION 390 1080 300 6180 8280 8280
7808 CONNECTION 390 127 300 6780 8880 8880
7809 CONNECTION 504 505 -1 -1 1620 1620
7810 CONNECTION 504 944 -1 -1 2700 2700
7811 CONNECTION 504 125 -1 -1 3240 3240
7812 CONNECTION 504 145 -1 -1 4860 4860
7813 CONNECTION 504 678 -1 -1 3420 3420
7814 CONNECTION 504 737 -1 -1 4020 4020
7815 CONNECTION 504 782 -1 -1 4020 4020
7816 CONNECTION 504 53 -1 -1 4020 4020
7817 CONNECTION 504 803 -1 -1 4440 4440
7818 CONNECTION 504 351 300 2940 5040 5040
7819 CONNECTION 504 372 300 4560 6660 6660
7820 CONNECTION 504 863 300 3120 5220 5220
7821 CONNECTION 504 911 300 3720 5820 5820
7822 CONNECTION 504 206 300 4200 6300 6300
7823 CONNECTION 504 554 300 4740 6840 6840
7824 CONNECTION 504 573 300 6360 8460 8460
7825 CONNECTION 504 999 300 4920 7020 7020
7826 CONNECTION 504 1071 300 4920 7020 7020
7827 CONNECTION 504 1093 300 5520 7620 7620
7828 CONNECTION 504 1102 300 5520 7620 7620
7829 CONNECTION 504 484 300 5520 7620 7620
7830 CONNECTION 504 9 300 5940 8040 8040
7831 CONNECTION 504 1080 300 5940 8040 8040
7832 CONNECTION 504 127 300 6540 8640 8640
7833 CONNECTION 570 571 -1 -1 3060 3060
7834 CONNECTION 570 944 -1 -1 2700 2700
7835 CONNECTION 570 125 -1 -1 3240 3240
7836 CONNECTION 570 145 -1 -1 4860 4860
7837 CONNECTION 570 678 -1 -1 3420 3420
7838 CONNECTION 570 737 -1 -1 4020 4020
7839 CONNECTION 570 782 -1 -1 4020 4020
7840 CONNECTION 570 53 -1 -1 4020 4020
7841 CONNECTION 570 803 -1 -1 4440 4440
7842 CONNECTION 570 351 300 2940 5040 5040
7843 CONNECTION 570 372 300 4560 6660 6660
7844 CONNECTION 570 863 300 3120 5220 5220
7845 CONNECTION 570 911 300 3720 5820 5820
7846 CONNECTION 570 206 300 4200 6300 6300
7847 CONNECTION 570 554 300 4740 6840 6840
7848 CONNECTION 570 573 300 6360 8460 8460
7849 CONNECTION 570 999 300 4920 7020 7020
7850 CONNECTION 570 1071 300 4920 7020 7020
7851 CONNECTION 570 1093 300 5520 7620 7620
7852 CONNECTION 570 1102 300 5520 7620 7620
7853 CONNECTION 570 484 300 5520 7620 7620
7854 CONNECTION 570 9 300 5940 8040 8040
7855 CONNECTION 570 1080 300 5940 8040 8040
7856 CONNECTION 570 127 300 6540 8640 8640
7857 CONNECTION 801 802 -1 -1 1860 1860
7858 CONNECTION 801 371 -1 -1 2640 2640
7859 CONNECTION 801 862 -1 -1 2640 2640
7860 CONNECTION 801 594 -1 -1 4080 4080
7861 CONNECTION 801 572 -1 -1 4440 4440
7862 CONNECTION 801 998 -1 -1 4440 4440
7863 CONNECTION 801 1070 -1 -1 4440 4440
7864 CONNECTION 801 738 300 3780 5880 5880
7865 CONNECTION 801 783 300 3780 5880 5880
7866 CONNECTION 801 8 300 3360 5460 5460
7867 CONNECTION 801 1079 300 3360 5460 5460
7868 CONNECTION 801 78 300 4140 6240 6240
7869 CONNECTION 801 146 300 4140 6240 6240
7870 CONNECTION 801 912 300 5580 7680 7680
7871 CONNECTION 801 267 300 5940 8040 8040
7872 CONNECTION 801 373 300 5940 8040 8040
7873 CONNECTION 801 1094 300 7380 9480 9480
7874 CONNECTION 801 1103 300 7380 9480 9480
7875 CONNECTION 263 264 -1 -1 1560 1560
7876 CONNECTION 263 841 -1 -1 2160 2160
7877 CONNECTION 263 1061 -1 -1 2160 2160
7878 CONNECTION 263 736 -1 -1 2340 2340
7879 CONNECTION 263 781 -1 -1 2340 2340
7880 CONNECTION 263 440 -1 -1 2460 2460
7881 CONNECTION 263 506 -1 -1 3360 3360
7882 CONNECTION 263 761 -1 -1 3540 3540
7883 CONNECTION 263 910 -1 -1 4140 4140
7884 CONNECTION 263 679 300 3060 5160 5160
7885 CONNECTION 263 54 300 3660 5760 5760
7886 CONNECTION 263 1092 300 3840 5940 5940
7887 CONNECTION 263 1101 300 3840 5940 5940
7888 CONNECTION 263 804 300 3960 6060 6060
7889 CONNECTION 263 864 300 4860 6960 6960
7890 CONNECTION 263 1085 300 5040 7140 7140
7891 CONNECTION 263 170 300 5640 7740 7740
7892 CONNECTION 370 553 -1 -1 3720 3720
7893 CONNECTION 370 31 -1 -1 4260 4260
7894 CONNECTION 370 126 -1 -1 5520 5520
7895 CONNECTION 370 226 300 3960 6060 6060
7896 CONNECTION 370 352 300 5220 7320 7320
7897 CONNECTION 370 465 300 5760 7860 7860
7898 CONNECTION 370 555 300 7020 9120 9120
7899 CONNECTION 124 125 -1 -1 1860 1860
7900 CONNECTION 124 737 -1 -1 2640 2640
7901 CONNECTION 124 782 -1 -1 2640 2640
7902 CONNECTION 124 53 -1 -1 2640 2640
7903 CONNECTION 124 803 -1 -1 3060 3060
7904 CONNECTION 124 351 -1 -1 3660 3660
7905 CONNECTION 124 372 -1 -1 5280 5280
7906 CONNECTION 124 863 -1 -1 3840 3840
7907 CONNECTION 124 911 -1 -1 4440 4440
7908 CONNECTION 124 206 300 2820 4920 4920
7909 CONNECTION 124 554 300 3360 5460 5460
7910 CONNECTION 124 573 300 4980 7080 7080
7911 CONNECTION 124 999 300 3540 5640 5640
7912 CONNECTION 124 1071 300 3540 5640 5640
7913 CONNECTION 124 1093 300 4140 6240 6240
7914 CONNECTION 124 1102 300 4140 6240 6240
7915 CONNECTION 124 484 300 4140 6240 6240
7916 CONNECTION 124 9 300 4560 6660 6660
7917 CONNECTION 124 1080 300 4560 6660 6660
7918 CONNECTION 124 127 300 5160 7260 7260
7919 CONNECTION 124 79 300 5340 7440 7440
7920 CONNECTION 124 147 300 6780 8880 8880
7921 CONNECTION 124 171 300 5940 8040 8040
7922 CONNECTION 124 626 300 6420 8520 8520
7923 CONNECTION 461 462 -1 -1 1200 1200
7924 CONNECTION 461 533 -1 -1 2640 2640
7925 CONNECTION 461 610 -1 -1 2640 2640
7926 CONNECTION 461 625 -1 -1 4260 4260
7927 CONNECTION 461 265 -1 -1 2160 2160
7928 CONNECTION 461 842 -1 -1 4860 4860
7929 CONNECTION 461 1062 -1 -1 4860 4860
7930 CONNECTION 461 642 -1 -1 3000 3000
7931 CONNECTION 461 1091 -1 -1 3720 3720
7932 CONNECTION 461 717 -1 -1 4440 4440
7933 CONNECTION 461 980 -1 -1 5820 5820
7934 CONNECTION 461 507 -1 -1 3960 3960
7935 CONNECTION 461 698 300 2460 4560 4560
7936 CONNECTION 461 1084 300 2820 4920 4920
7937 CONNECTION 461 823 300 2700 4800 4800
7938 CONNECTION 461 169 300 3420 5520 5520
7939 CONNECTION 461 888 300 4140 6240 6240
7940 CONNECTION 461 930 300 4140 6240 6240
7941 CONNECTION 461 946 300 5760 7860 7860
7942 CONNECTION 461 680 300 3660 5760 5760
7943 CONNECTION 461 55 300 6360 8460 8460
7944 CONNECTION 461 963 300 4500 6600 6600
7945 CONNECTION 461 417 300 5220 7320 7320
7946 CONNECTION 461 246 300 7320 9420 9420
7947 CONNECTION 461 1037 300 5940 8040 8040
7948 CONNECTION 461 865 300 5460 7560 7560
7949 CONNECTION 461 393 300 6420 8520 8520
7950 CONNECTION 461 1019 300 6060 8160 8160
7951 SINK 461 7 -1 -1 0 0
7952 CONNECTION 482 483 -1 -1 960 960
7953 CONNECTION 482 1035 -1 -1 3480 3480
7954 CONNECTION 482 225 -1 -1 2100 2100
7955 CONNECTION 482 105 -1 -1 5280 5280
7956 CONNECTION 482 392 -1 -1 5700 5700
7957 CONNECTION 482 464 300 1800 3900 3900
7958 CONNECTION 482 288 300 3720 5820 5820
7959 CONNECTION 482 843 300 2460 4560 4560
7960 CONNECTION 482 1063 300 2460 4560 4560
7961 CONNECTION 482 310 300 4980 7080 7080
7962 CONNECTION 482 644 300 3600 5700 5700
7963 CONNECTION 482 536 300 6780 8880 8880
7964 CONNECTION 482 763 300 7200 9300 9300
7965 CONNECTION 482 825 300 5400 7500 7500
7966 CONNECTION 482 699 300 7320 9420 9420
7967 CONNECTION 330 331 -1 -1 2820 2820
7968 CONNECTION 330 802 -1 -1 2400 2400
7969 CONNECTION 330 371 -1 -1 3180 3180
7970 CONNECTION 330 862 -1 -1 3180 3180
7971 CONNECTION 330 594 -1 -1 4620 4620
7972 CONNECTION 330 572 300 2880 4980 4980
7973 CONNECTION 330 998 300 2880 4980 4980
7974 CONNECTION 330 1070 300 2880 4980 4980
7975 CONNECTION 330 738 300 4320 6420 6420
7976 CONNECTION 330 783 300 4320 6420 6420
7977 CONNECTION 330 8 300 3900 6000 6000
7978 CONNECTION 330 1079 300 3900 6000 6000
7979 CONNECTION 330 78 300 4680 6780 6780
7980 CONNECTION 330 146 300 4680 6780 6780
7981 CONNECTION 330 912 300 6120 8220 8220
7982 CONNECTION 330 267 300 6480 8580 8580
7983 CONNECTION 330 373 300 6480 8580 8580
7984 CONNECTION 414 415 -1 -1 2820 2820
7985 CONNECTION 414 802 -1 -1 2400 2400
7986 CONNECTION 414 371 -1 -1 3180 3180
7987 CONNECTION 414 862 -1 -1 3180 3180
7988 CONNECTION 414 594 -1 -1 4620 4620
7989 CONNECTION 414 572 300 2880 4980 4980
7990 CONNECTION 414 998 300 2880 4980 4980
7991 CONNECTION 414 1070 300 2880 4980 4980
7992 CONNECTION 414 738 300 4320 6420 6420
7993 CONNECTION 414 783 300 4320 6420 6420
7994 CONNECTION 414 8 300 3900 6000 6000
7995 CONNECTION 414 1079 300 3900 6000 6000
7996 CONNECTION 414 78 300 4680 6780 6780
7997 CONNECTION 414 146 300 4680 6780 6780
7998 CONNECTION 414 912 300 6120 8220 8220
7999 CONNECTION 414 267 300 6480 8580 8580
8000 CONNECTION 414 373 300 6480 8580 8580
8001 CONNECTION 715 716 -1 -1 1200 1200
8002 CONNECTION 715 168 -1 -1 2820 2820
8003 CONNECTION 715 887 -1 -1 3000 3000
8004 CONNECTION 715 643 -1 -1 4860 4860
8005 CONNECTION 715 416 300 2520 4620 4620
8006 CONNECTION 715 245 300 2700 4800 4800
8007 CONNECTION 715 1036 300 2700 4800 4800
8008 CONNECTION 715 824 300 4560 6660 6660
8009 CONNECTION 715 595 300 4320 6420 6420
8010 CONNECTION 715 106 300 4500 6600 6600
8011 CONNECTION 715 964 300 6360 8460 8460
8012 CONNECTION 715 784 300 6120 8220 8220
8013 CONNECTION 167 77 -1 -1 3900 3900
8014 CONNECTION 167 266 -1 -1 5700 5700
8015 CONNECTION 167 441 300 4620 6720 6720
8016 CONNECTION 167 508 300 5400 7500 7500
8017 CONNECTION 167 681 300 7200 9300 9300
8018 CONNECTION 223 224 -1 -1 3000 3000
8019 CONNECTION 223 1090 -1 -1 2760 2760
8020 CONNECTION 223 716 -1 -1 2940 2940
8021 CONNECTION 223 979 -1 -1 2940 2940
8022 CONNECTION 223 463 -1 -1 4800 4800
8023 CONNECTION 223 168 300 2460 4560 4560
8024 CONNECTION 223 887 300 2640 4740 4740
8025 CONNECTION 223 643 300 4500 6600 6600
8026 CONNECTION 223 416 300 4260 6360 6360
8027 CONNECTION 223 245 300 4440 6540 6540
8028 CONNECTION 223 1036 300 4440 6540 6540
8029 CONNECTION 223 824 300 6300 8400 8400
8030 CONNECTION 223 595 300 6060 8160 8160
8031 CONNECTION 592 593 -1 -1 1860 1860
8032 CONNECTION 592 125 -1 -1 2880 2880
8033 CONNECTION 592 145 -1 -1 4500 4500
8034 CONNECTION 592 678 -1 -1 3060 3060
8035 CONNECTION 592 737 -1 -1 3660 3660
8036 CONNECTION 592 782 -1 -1 3660 3660
8037 CONNECTION 592 53 -1 -1 3660 3660
8038 CONNECTION 592 803 -1 -1 4080 4080
8039 CONNECTION 592 351 -1 -1 4680 4680
8040 CONNECTION 592 372 300 4200 6300 6300
8041 CONNECTION 592 863 300 2760 4860 4860
8042 CONNECTION 592 911 300 3360 5460 5460
8043 CONNECTION 592 206 300 3840 5940 5940
8044 CONNECTION 592 554 300 4380 6480 6480
8045 CONNECTION 592 573 300 6000 8100 8100
8046 CONNECTION 592 999 300 4560 6660 6660
8047 CONNECTION 592 1071 300 4560 6660 6660
8048 CONNECTION 592 1093 300 5160 7260 7260
8049 CONNECTION 592 1102 300 5160 7260 7260
8050 CONNECTION 592 484 300 5160 7260 7260
8051 CONNECTION 592 9 300 5580 7680 7680
8052 CONNECTION 592 1080 300 5580 7680 7680
8053 CONNECTION 592 127 300 6180 8280 8280
8054 CONNECTION 592 79 300 6360 8460 8460
8055 CONNECTION 592 147 300 7800 9900 9900
8056 CONNECTION 840 841 -1 -1 1560 1560
8057 CONNECTION 840 506 -1 -1 2760 2760
8058 CONNECTION 840 761 -1 -1 2940 2940
8059 CONNECTION 840 910 -1 -1 3540 3540
8060 CONNECTION 840 679 300 2460 4560 4560
8061 CONNECTION 840 54 300 3060 5160 5160
8062 CONNECTION 840 1092 300 3240 5340 5340
8063 CONNECTION 840 1101 300 3240 5340 5340
8064 CONNECTION 840 804 300 3360 5460 5460
8065 CONNECTION 840 864 300 4260 6360 6360
8066 CONNECTION 840 1085 300 4440 6540 6540
8067 CONNECTION 840 170 300 5040 7140 7140
8068 CONNECTION 840 1000 300 6060 8160 8160
8069 CONNECTION 840 1072 300 6060 8160 8160
8070 CONNECTION 1060 1061 -1 -1 1560 1560
8071 CONNECTION 1060 506 -1 -1 2760 2760
8072 CONNECTION 1060 761 -1 -1 2940 2940
8073 CONNECTION 1060 910 -1 -1 3540 3540
8074 CONNECTION 1060 679 300 2460 4560 4560
8075 CONNECTION 1060 54 300 3060 5160 5160
8076 CONNECTION 1060 1092 300 3240 5340 5340
8077 CONNECTION 1060 1101 300 3240 5340 5340
8078 CONNECTION 1060 804 300 3360 5460 5460
8079 CONNECTION 1060 864 300 4260 6360 6360
8080 CONNECTION 1060 1085 300 4440 6540 6540
8081 CONNECTION 1060 170 300 5040 7140 7140
8082 CONNECTION 1060 1000 300 6060 8160 8160
8083 CONNECTION 1060 1072 300 6060 8160 8160
8084 CONNECTION 861 862 -1 -1 1860 1860
8085 CONNECTION 861 594 -1 -1 3300 3300
8086 CONNECTION 861 572 -1 -1 3660 3660
8087 CONNECTION 861 998 -1 -1 3660 3660
8088 CONNECTION 861 1070 -1 -1 3660 3660
8089 CONNECTION 861 738 -1 -1 5100 5100
8090 CONNECTION 861 783 -1 -1 5100 5100
8091 CONNECTION 861 8 -1 -1 4680 4680
8092 CONNECTION 861 1079 -1 -1 4680 4680
8093 CONNECTION 861 78 300 3360 5460 5460
8094 CONNECTION 861 146 300 3360 5460 5460
8095 CONNECTION 861 912 300 4800 6900 6900
8096 CONNECTION 861 267 300 5160 7260 7260
8097 CONNECTION 861 373 300 5160 7260 7260
8098 CONNECTION 861 1094 300 6600 8700 8700
8099 CONNECTION 861 1103 300 6600 8700 8700
8100 CONNECTION 861 442 300 6180 8280 8280
8101 CONNECTION 780 781 -1 -1 1620 1620
8102 CONNECTION 780 506 -1 -1 2640 2640
8103 CONNECTION 780 761 -1 -1 2820 2820
8104 CONNECTION 780 910 -1 -1 3420 3420
8105 CONNECTION 780 679 -1 -1 4440 4440
8106 CONNECTION 780 54 300 2940 5040 5040
8107 CONNECTION 780 1092 300 3120 5220 5220
8108 CONNECTION 780 1101 300 3120 5220 5220
8109 CONNECTION 780 804 300 3240 5340 5340
8110 CONNECTION 780 864 300 4140 6240 6240
8111 CONNECTION 780 1085 300 4320 6420 6420
8112 CONNECTION 780 170 300 4920 7020 7020
8113 CONNECTION 780 1000 300 5940 8040 8040
8114 CONNECTION 780 1072 300 5940 8040 8040
8115 CONNECTION 780 485 300 6540 8640 8640
8116 CONNECTION 244 1035 -1 -1 3480 3480
8117 CONNECTION 244 225 -1 -1 2100 2100
8118 CONNECTION 244 105 -1 -1 5280 5280
8119 CONNECTION 244 392 -1 -1 5700 5700
8120 CONNECTION 244 464 300 1800 3900 3900
8121 CONNECTION 244 288 300 3720 5820 5820
8122 CONNECTION 244 843 300 2460 4560 4560
8123 CONNECTION 244 1063 300 2460 4560 4560
8124 CONNECTION 244 310 300 4980 7080 7080
8125 CONNECTION 244 644 300 3600 5700 5700
8126 CONNECTION 244 536 300 6780 8880 8880
8127 CONNECTION 244 763 300 7200 9300 9300
8128 CONNECTION 244 825 300 5400 7500 7500
8129 CONNECTION 244 699 300 7320 9420 9420
8130 CONNECTION 624 625 -1 -1 3480 3480
8131 CONNECTION 624 842 -1 -1 4080 4080
8132 CONNECTION 624 1062 -1 -1 4080 4080
8133 CONNECTION 624 642 -1 -1 2220 2220
8134 CONNECTION 624 1091 -1 -1 2940 2940
8135 CONNECTION 624 717 -1 -1 3660 3660
8136 CONNECTION 624 980 -1 -1 5040 5040
8137 CONNECTION 624 507 -1 -1 3180 3180
8138 CONNECTION 624 698 -1 -1 3780 3780
8139 CONNECTION 624 1084 -1 -1 4140 4140
8140 CONNECTION 624 823 -1 -1 4020 4020
8141 CONNECTION 624 169 300 2640 4740 4740
8142 CONNECTION 624 888 300 3360 5460 5460
8143 CONNECTION 624 930 300 3360 5460 5460
8144 CONNECTION 624 946 300 4980 7080 7080
8145 CONNECTION 624 680 300 2880 4980 4980
8146 CONNECTION 624 55 300 5580 7680 7680
8147 CONNECTION 624 963 300 3720 5820 5820
8148 CONNECTION 624 417 300 4440 6540 6540
8149 CONNECTION 624 246 300 6540 8640 8640
8150 CONNECTION 624 1037 300 5160 7260 7260
8151 CONNECTION 624 865 300 4680 6780 6780
8152 CONNECTION 624 393 300 5640 7740 7740
8153 CONNECTION 624 1019 300 5280 7380 7380
8154 CONNECTION 624 33 300 5520 7620 7620
8155 CONNECTION 624 596 300 6240 8340 8340
8156 CONNECTION 624 107 300 6960 9060 9060
8157 CONNECTION 624 190 300 6960 9060 9060
8158 SINK 624 7 -1 -1 0 0
8159 CONNECTION 735 736 -1 -1 1620 1620
8160 CONNECTION 735 506 -1 -1 2640 2640
8161 CONNECTION 735 761 -1 -1 2820 2820
8162 CONNECTION 735 910 -1 -1 3420 3420
8163 CONNECTION 735 679 -1 -1 4440 4440
8164 CONNECTION 735 54 300 2940 5040 5040
8165 CONNECTION 735 1092 300 3120 5220 5220
8166 CONNECTION 735 1101 300 3120 5220 5220
8167 CONNECTION 735 804 300 3240 5340 5340
8168 CONNECTION 735 864 300 4140 6240 6240
8169 CONNECTION 735 1085 300 4320 6420 6420
8170 CONNECTION 735 170 300 4920 7020 7020
8171 CONNECTION 735 1000 300 5940 8040 8040
8172 CONNECTION 735 1072 300 5940 8040 8040
8173 CONNECTION 735 485 300 6540 8640 8640
8174 CONNECTION 307 308 -1 -1 2040 2040
8175 CONNECTION 307 822 -1 -1 2760 2760
8176 CONNECTION 307 945 -1 -1 3540 3540
8177 CONNECTION 307 1100 -1 -1 2880 2880
8178 CONNECTION 307 534 -1 -1 3840 3840
8179 CONNECTION 307 611 -1 -1 3720 3720
8180 CONNECTION 307 962 -1 -1 4560 4560
8181 CONNECTION 307 718 300 3540 5640 5640
8182 CONNECTION 307 32 300 4260 6360 6360
8183 CONNECTION 307 207 300 5040 7140 7140
8184 CONNECTION 307 332 300 4380 6480 6480
8185 CONNECTION 307 889 300 5340 7440 7440
8186 CONNECTION 307 931 300 5220 7320 7320
8187 CONNECTION 307 227 300 6060 8160 8160
8188 CONNECTION 659 660 -1 -1 2640 2640
8189 CONNECTION 659 1018 -1 -1 4740 4740
8190 CONNECTION 659 189 -1 -1 5520 5520
8191 CONNECTION 659 981 300 4140 6240 6240
8192 CONNECTION 659 289 300 6240 8340 8340
8193 CONNECTION 659 612 300 7020 9120 9120
8194 CONNECTION 439 440 -1 -1 1440 1440
8195 CONNECTION 439 506 -1 -1 2340 2340
8196 CONNECTION 439 761 -1 -1 2520 2520
8197 CONNECTION 439 910 -1 -1 3120 3120
8198 CONNECTION 439 679 -1 -1 4140 4140
8199 CONNECTION 439 54 300 2640 4740 4740
8200 CONNECTION 439 1092 300 2820 4920 4920
8201 CONNECTION 439 1101 300 2820 4920 4920
8202 CONNECTION 439 804 300 2940 5040 5040
8203 CONNECTION 439 864 300 3840 5940 5940
8204 CONNECTION 439 1085 300 4020 6120 6120
8205 CONNECTION 439 170 300 4620 6720 6720
8206 CONNECTION 439 1000 300 5640 7740 7740
8207 CONNECTION 439 1072 300 5640 7740 7740
8208 CONNECTION 439 485 300 6240 8340 8340
8209 CONNECTION 439 333 300 6420 8520 8520
8210 CONNECTION 439 418 300 6420 8520 8520
8211 CONNECTION 960 1034 -1 -1 1980 1980
8212 CONNECTION 960 104 -1 -1 3780 3780
8213 CONNECTION 960 391 300 1800 3900 3900
8214 CONNECTION 960 309 300 3480 5580 5580
8215 CONNECTION 960 535 300 5280 7380 7380
8216 CONNECTION 960 762 300 5400 7500 7500
8217 CONNECTION 885 886 -1 -1 3000 3000
8218 CONNECTION 885 30 -1 -1 1620 1620
8219 CONNECTION 885 1017 -1 -1 3540 3540
8220 CONNECTION 885 483 -1 -1 2280 2280
8221 CONNECTION 885 1035 -1 -1 4800 4800
8222 CONNECTION 885 225 -1 -1 3420 3420
8223 CONNECTION 885 105 300 4500 6600 6600
8224 CONNECTION 885 392 300 4920 7020 7020
8225 CONNECTION 885 464 300 3120 5220 5220
8226 CONNECTION 885 288 300 5040 7140 7140
8227 CONNECTION 885 843 300 3780 5880 5880
8228 CONNECTION 885 1063 300 3780 5880 5880
8229 CONNECTION 885 310 300 6300 8400 8400
8230 CONNECTION 885 644 300 4920 7020 7020
8231 CONNECTION 103 31 -1 -1 4020 4020
8232 CONNECTION 103 126 -1 -1 5280 5280
8233 CONNECTION 103 226 300 3720 5820 5820
8234 CONNECTION 103 352 300 4980 7080 7080
8235 CONNECTION 103 465 300 5520 7620 7620
8236 CONNECTION 103 555 300 6780 8880 8880
8237 CONNECTION 188 737 -1 -1 2640 2640
8238 CONNECTION 188 782 -1 -1 2640 2640
8239 CONNECTION 188 53 -1 -1 2640 2640
8240 CONNECTION 188 803 -1 -1 3060 3060
8241 CONNECTION 188 351 -1 -1 3660 3660
8242 CONNECTION 188 372 -1 -1 5280 5280
8243 CONNECTION 188 863 -1 -1 3840 3840
8244 CONNECTION 188 911 -1 -1 4440 4440
8245 CONNECTION 188 206 300 2820 4920 4920
8246 CONNECTION 188 554 300 3360 5460 5460
8247 CONNECTION 188 573 300 4980 7080 7080
8248 CONNECTION 188 999 300 3540 5640 5640
8249 CONNECTION 188 1071 300 3540 5640 5640
8250 CONNECTION 188 1093 300 4140 6240 6240
8251 CONNECTION 188 1102 300 4140 6240 6240
8252 CONNECTION 188 484 300 4140 6240 6240
8253 CONNECTION 188 9 300 4560 6660 6660
8254 CONNECTION 188 1080 300 4560 6660 6660
8255 CONNECTION 188 127 300 5160 7260 7260
8256 CONNECTION 188 79 300 5340 7440 7440
8257 CONNECTION 188 147 300 6780 8880 8880
8258 CONNECTION 188 171 300 5940 8040 8040
8259 CONNECTION 188 626 300 6420 8520 8520
8260 CONNECTION 1082 1083 -1 -1 3300 3300
8261 CONNECTION 1082 30 -1 -1 1500 1500
8262 CONNECTION 1082 1017 -1 -1 3420 3420
8263 CONNECTION 1082 483 -1 -1 2160 2160
8264 CONNECTION 1082 1035 -1 -1 4680 4680
8265 CONNECTION 1082 225 -1 -1 3300 3300
8266 CONNECTION 1082 105 300 4380 6480 6480
8267 CONNECTION 1082 392 300 4800 6900 6900
8268 CONNECTION 1082 464 300 3000 5100 5100
8269 CONNECTION 1082 288 300 4920 7020 7020
8270 CONNECTION 1082 843 300 3660 5760 5760
8271 CONNECTION 1082 1063 300 3660 5760 5760
8272 CONNECTION 1082 310 300 6180 8280 8280
8273 CONNECTION 1082 644 300 4800 6900 6900
8274 CONNECTION 1082 536 300 7980 10080 10080
8275 CONNECTION 76 1090 -1 -1 1800 1800
8276 CONNECTION 76 716 -1 -1 1980 1980
8277 CONNECTION 76 979 -1 -1 1980 1980
8278 CONNECTION 76 463 -1 -1 3840 3840
8279 CONNECTION 76 168 -1 -1 3600 3600
8280 CONNECTION 76 887 -1 -1 3780 3780
8281 CONNECTION 76 643 -1 -1 5640 5640
8282 CONNECTION 76 416 300 3300 5400 5400
8283 CONNECTION 76 245 300 3480 5580 5580
8284 CONNECTION 76 1036 300 3480 5580 5580
8285 CONNECTION 76 824 300 5340 7440 7440
8286 CONNECTION 76 595 300 5100 7200 7200
8287 CONNECTION 76 106 300 5280 7380 7380
8288 CONNECTION 76 964 300 7140 9240 9240
8289 CONNECTION 552 594 -1 -1 3600 3600
8290 CONNECTION 552 572 -1 -1 3960 3960
8291 CONNECTION 552 998 -1 -1 3960 3960
8292 CONNECTION 552 1070 -1 -1 3960 3960
8293 CONNECTION 552 738 -1 -1 5400 5400
8294 CONNECTION 552 783 -1 -1 5400 5400
8295 CONNECTION 552 8 300 2880 4980 4980
8296 CONNECTION 552 1079 300 2880 4980 4980
8297 CONNECTION 552 78 300 3660 5760 5760
8298 CONNECTION 552 146 300 3660 5760 5760
8299 CONNECTION 552 912 300 5100 7200 7200
8300 CONNECTION 552 267 300 5460 7560 7560
8301 CONNECTION 552 373 300 5460 7560 7560
8302 CONNECTION 552 1094 300 6900 9000 9000
8303 CONNECTION 552 1103 300 6900 9000 9000
8304 CONNECTION 552 442 300 6480 8580 8580
8305 CONNECTION 908 909 -1 -1 1560 1560
8306 CONNECTION 908 265 -1 -1 1800 1800
8307 CONNECTION 908 842 -1 -1 4500 4500
8308 CONNECTION 908 1062 -1 -1 4500 4500
8309 CONNECTION 908 642 -1 -1 2640 2640
8310 CONNECTION 908 1091 -1 -1 3360 3360
8311 CONNECTION 908 717 -1 -1 4080 4080
8312 CONNECTION 908 980 -1 -1 5460 5460
8313 CONNECTION 908 507 -1 -1 3600 3600
8314 CONNECTION 908 698 300 2100 4200 4200
8315 CONNECTION 908 1084 300 2460 4560 4560
8316 CONNECTION 908 823 300 2340 4440 4440
8317 CONNECTION 908 169 300 3060 5160 5160
8318 CONNECTION 908 888 300 3780 5880 5880
8319 CONNECTION 908 930 300 3780 5880 5880
8320 CONNECTION 908 946 300 5400 7500 7500
8321 CONNECTION 908 680 300 3300 5400 5400
8322 CONNECTION 908 55 300 6000 8100 8100
8323 CONNECTION 908 963 300 4140 6240 6240
8324 CONNECTION 908 417 300 4860 6960 6960
8325 CONNECTION 908 246 300 6960 9060 9060
8326 CONNECTION 908 1037 300 5580 7680 7680
8327 CONNECTION 908 865 300 5100 7200 7200
8328 CONNECTION 908 393 300 6060 8160 8160
8329 CONNECTION 908 1019 300 5700 7800 7800
8330 CONNECTION 908 33 300 5940 8040 8040
8331 SINK 908 7 -1 -1 0 0
8332 CONNECTION 532 533 -1 -1 2100 2100
8333 CONNECTION 532 842 -1 -1 4320 4320
8334 CONNECTION 532 1062 -1 -1 4320 4320
8335 CONNECTION 532 642 -1 -1 2460 2460
8336 CONNECTION 532 1091 -1 -1 3180 3180
8337 CONNECTION 532 717 -1 -1 3900 3900
8338 CONNECTION 532 980 -1 -1 5280 5280
8339 CONNECTION 532 507 -1 -1 3420 3420
8340 CONNECTION 532 698 -1 -1 4020 4020
8341 CONNECTION 532 1084 -1 -1 4380 4380
8342 CONNECTION 532 823 300 2160 4260 4260
8343 CONNECTION 532 169 300 2880 4980 4980
8344 CONNECTION 532 888 300 3600 5700 5700
8345 CONNECTION 532 930 300 3600 5700 5700
8346 CONNECTION 532 946 300 5220 7320 7320
8347 CONNECTION 532 680 300 3120 5220 5220
8348 CONNECTION 532 55 300 5820 7920 7920
8349 CONNECTION 532 963 300 3960 6060 6060
8350 CONNECTION 532 417 300 4680 6780 6780
8351 CONNECTION 532 246 300 6780 8880 8880
8352 CONNECTION 532 1037 300 5400 7500 7500
8353 CONNECTION 532 865 300 4920 7020 7020
8354 CONNECTION 532 393 300 5880 7980 7980
8355 CONNECTION 532 1019 300 5520 7620 7620
8356 CONNECTION 532 33 300 5760 7860 7860
8357 CONNECTION 532 596 300 6480 8580 8580
8358 SINK 532 7 -1 -1 0 0
8359 CONNECTION 224 225 -1 -1 960 960
8360 CONNECTION 224 105 -1 -1 4140 4140
8361 CONNECTION 224 392 -1 -1 4560 4560
8362 CONNECTION 224 464 -1 -1 2760 2760
8363 CONNECTION 224 288 -1 -1 4680 4680
8364 CONNECTION 224 843 -1 -1 3420 3420
8365 CONNECTION 224 1063 -1 -1 3420 3420
8366 CONNECTION 224 310 300 3840 5940 5940
8367 CONNECTION 224 644 300 2460 4560 4560
8368 CONNECTION 224 536 300 5640 7740 7740
8369 CONNECTION 224 763 300 6060 8160 8160
8370 CONNECTION 224 825 300 4260 6360 6360
8371 CONNECTION 224 699 300 6180 8280 8280
8372 CONNECTION 224 56 300 4920 7020 7020
8373 CONNECTION 224 720 300 7440 9540 9540
8374 CONNECTION 264 265 -1 -1 1200 1200
8375 CONNECTION 264 842 -1 -1 3900 3900
8376 CONNECTION 264 1062 -1 -1 3900 3900
8377 CONNECTION 264 642 -1 -1 2040 2040
8378 CONNECTION 264 1091 -1 -1 2760 2760
8379 CONNECTION 264 717 -1 -1 3480 3480
8380 CONNECTION 264 980 -1 -1 4860 4860
8381 CONNECTION 264 507 -1 -1 3000 3000
8382 CONNECTION 264 698 -1 -1 3600 3600
8383 CONNECTION 264 1084 -1 -1 3960 3960
8384 CONNECTION 264 823 -1 -1 3840 3840
8385 CONNECTION 264 169 300 2460 4560 4560
8386 CONNECTION 264 888 300 3180 5280 5280
8387 CONNECTION 264 930 300 3180 5280 5280
8388 CONNECTION 264 946 300 4800 6900 6900
8389 CONNECTION 264 680 300 2700 4800 4800
8390 CONNECTION 264 55 300 5400 7500 7500
8391 CONNECTION 264 963 300 3540 5640 5640
8392 CONNECTION 264 417 300 4260 6360 6360
8393 CONNECTION 264 246 300 6360 8460 8460
8394 CONNECTION 264 1037 300 4980 7080 7080
8395 CONNECTION 264 865 300 4500 6600 6600
8396 CONNECTION 264 393 300 5460 7560 7560
8397 CONNECTION 264 1019 300 5100 7200 7200
8398 CONNECTION 264 33 300 5340 7440 7440
8399 CONNECTION 264 596 300 6060 8160 8160
8400 CONNECTION 264 107 300 6780 8880 8880
8401 CONNECTION 264 190 300 6780 8880 8880
8402 CONNECTION 264 208 300 8400 10500 10500
8403 SINK 264 7 -1 -1 0 0
8404 CONNECTION 821 822 -1 -1 2100 2100
8405 CONNECTION 821 945 -1 -1 2880 2880
8406 CONNECTION 821 1100 -1 -1 2220 2220
8407 CONNECTION 821 534 -1 -1 3180 3180
8408 CONNECTION 821 611 -1 -1 3060 3060
8409 CONNECTION 821 962 -1 -1 3900 3900
8410 CONNECTION 821 718 300 2880 4980 4980
8411 CONNECTION 821 32 300 3600 5700 5700
8412 CONNECTION 821 207 300 4380 6480 6480
8413 CONNECTION 821 332 300 3720 5820 5820
8414 CONNECTION 821 889 300 4680 6780 6780
8415 CONNECTION 821 931 300 4560 6660 6660
8416 CONNECTION 821 227 300 5400 7500 7500
8417 CONNECTION 821 1038 300 6480 8580 8580
8418 CONNECTION 144 145 -1 -1 3060 3060
8419 CONNECTION 144 53 -1 -1 2220 2220
8420 CONNECTION 144 803 -1 -1 2640 2640
8421 CONNECTION 144 351 -1 -1 3240 3240
8422 CONNECTION 144 372 -1 -1 4860 4860
8423 CONNECTION 144 863 -1 -1 3420 3420
8424 CONNECTION 144 911 -1 -1 4020 4020
8425 CONNECTION 144 206 -1 -1 4500 4500
8426 CONNECTION 144 554 300 2940 5040 5040
8427 CONNECTION 144 573 300 4560 6660 6660
8428 CONNECTION 144 999 300 3120 5220 5220
8429 CONNECTION 144 1071 300 3120 5220 5220
8430 CONNECTION 144 1093 300 3720 5820 5820
8431 CONNECTION 144 1102 300 3720 5820 5820
8432 CONNECTION 144 484 300 3720 5820 5820
8433 CONNECTION 144 9 300 4140 6240 6240
8434 CONNECTION 144 1080 300 4140 6240 6240
8435 CONNECTION 144 127 300 4740 6840 6840
8436 CONNECTION 144 79 300 4920 7020 7020
8437 CONNECTION 144 147 300 6360 8460 8460
8438 CONNECTION 144 171 300 5520 7620 7620
8439 CONNECTION 144 626 300 6000 8100 8100
8440 CONNECTION 144 353 300 6540 8640 8640
8441 CONNECTION 677 678 -1 -1 1620 1620
8442 CONNECTION 677 53 -1 -1 2220 2220
8443 CONNECTION 677 803 -1 -1 2640 2640
8444 CONNECTION 677 351 -1 -1 3240 3240
8445 CONNECTION 677 372 -1 -1 4860 4860
8446 CONNECTION 677 863 -1 -1 3420 3420
8447 CONNECTION 677 911 -1 -1 4020 4020
8448 CONNECTION 677 206 -1 -1 4500 4500
8449 CONNECTION 677 554 300 2940 5040 5040
8450 CONNECTION 677 573 300 4560 6660 6660
8451 CONNECTION 677 999 300 3120 5220 5220
8452 CONNECTION 677 1071 300 3120 5220 5220
8453 CONNECTION 677 1093 300 3720 5820 5820
8454 CONNECTION 677 1102 300 3720 5820 5820
8455 CONNECTION 677 484 300 3720 5820 5820
8456 CONNECTION 677 9 300 4140 6240 6240
8457 CONNECTION 677 1080 300 4140 6240 6240
8458 CONNECTION 677 127 300 4740 6840 6840
8459 CONNECTION 677 79 300 4920 7020 7020
8460 CONNECTION 677 147 300 6360 8460 8460
8461 CONNECTION 677 171 300 5520 7620 7620
8462 CONNECTION 677 626 300 6000 8100 8100
8463 CONNECTION 677 353 300 6540 8640 8640
8464 CONNECTION 505 506 -1 -1 1560 1560
8465 CONNECTION 505 910 -1 -1 2340 2340
8466 CONNECTION 505 679 -1 -1 3360 3360
8467 CONNECTION 505 54 -1 -1 3960 3960
8468 CONNECTION 505 1092 -1 -1 4140 4140
8469 CONNECTION 505 1101 -1 -1 4140 4140
8470 CONNECTION 505 804 -1 -1 4260 4260
8471 CONNECTION 505 864 300 3060 5160 5160
8472 CONNECTION 505 1085 300 3240 5340 5340
8473 CONNECTION 505 170 300 3840 5940 5940
8474 CONNECTION 505 1000 300 4860 6960 6960
8475 CONNECTION 505 1072 300 4860 6960 6960
8476 CONNECTION 505 485 300 5460 7560 7560
8477 CONNECTION 505 333 300 5640 7740 7740
8478 CONNECTION 505 418 300 5640 7740 7740
8479 CONNECTION 505 10 300 5760 7860 7860
8480 CONNECTION 505 1081 300 5760 7860 7860
8481 CONNECTION 571 126 -1 -1 3720 3720
8482 CONNECTION 571 226 -1 -1 4260 4260
8483 CONNECTION 571 352 -1 -1 5520 5520
8484 CONNECTION 571 465 300 3960 6060 6060
8485 CONNECTION 571 555 300 5220 7320 7320
8486 CONNECTION 571 645 300 5760 7860 7860
8487 CONNECTION 571 128 300 7020 9120 9120
8488 CONNECTION 350 351 -1 -1 1860 1860
8489 CONNECTION 350 911 -1 -1 2640 2640
8490 CONNECTION 350 206 -1 -1 3120 3120
8491 CONNECTION 350 554 -1 -1 3660 3660
8492 CONNECTION 350 573 -1 -1 5280 5280
8493 CONNECTION 350 999 -1 -1 3840 3840
8494 CONNECTION 350 1071 -1 -1 3840 3840
8495 CONNECTION 350 1093 -1 -1 4440 4440
8496 CONNECTION 350 1102 -1 -1 4440 4440
8497 CONNECTION 350 484 -1 -1 4440 4440
8498 CONNECTION 350 9 300 2760 4860 4860
8499 CONNECTION 350 1080 300 2760 4860 4860
8500 CONNECTION 350 127 300 3360 5460 5460
8501 CONNECTION 350 79 300 3540 5640 5640
8502 CONNECTION 350 147 300 4980 7080 7080
8503 CONNECTION 350 171 300 4140 6240 6240
8504 CONNECTION 350 626 300 4620 6720 6720
8505 CONNECTION 350 353 300 5160 7260 7260
8506 CONNECTION 350 268 300 5340 7440 7440
8507 CONNECTION 350 374 300 6780 8880 8880
8508 CONNECTION 350 334 300 5940 8040 8040
8509 CONNECTION 350 419 300 5940 8040 8040
8510 CONNECTION 350 844 300 5940 8040 8040
8511 CONNECTION 350 1086 300 5940 8040 8040
8512 CONNECTION 350 443 300 6360 8460 8460
8513 CONNECTION 641 642 -1 -1 1200 1200
8514 CONNECTION 641 717 -1 -1 2640 2640
8515 CONNECTION 641 980 -1 -1 4020 4020
8516 CONNECTION 641 507 -1 -1 2160 2160
8517 CONNECTION 641 698 -1 -1 2760 2760
8518 CONNECTION 641 1084 -1 -1 3120 3120
8519 CONNECTION 641 823 -1 -1 3000 3000
8520 CONNECTION 641 169 -1 -1 3720 3720
8521 CONNECTION 641 888 -1 -1 4440 4440
8522 CONNECTION 641 930 -1 -1 4440 4440
8523 CONNECTION 641 946 -1 -1 6060 6060
8524 CONNECTION 641 680 -1 -1 3960 3960
8525 CONNECTION 641 55 300 4560 6660 6660
8526 CONNECTION 641 963 300 2700 4800 4800
8527 CONNECTION 641 417 300 3420 5520 5520
8528 CONNECTION 641 246 300 5520 7620 7620
8529 CONNECTION 641 1037 300 4140 6240 6240
8530 CONNECTION 641 865 300 3660 5760 5760
8531 CONNECTION 641 393 300 4620 6720 6720
8532 CONNECTION 641 1019 300 4260 6360 6360
8533 CONNECTION 641 33 300 4500 6600 6600
8534 CONNECTION 641 596 300 5220 7320 7320
8535 CONNECTION 641 107 300 5940 8040 8040
8536 CONNECTION 641 190 300 5940 8040 8040
8537 CONNECTION 641 208 300 7560 9660 9660
8538 CONNECTION 641 1001 300 5460 7560 7560
8539 CONNECTION 641 1073 300 5460 7560 7560
8540 CONNECTION 641 486 300 8160 10260 10260
8541 SINK 641 7 -1 -1 0 0
8542 CONNECTION 287 168 -1 -1 3000 3000
8543 CONNECTION 287 887 -1 -1 3180 3180
8544 CONNECTION 287 643 -1 -1 5040 5040
8545 CONNECTION 287 416 300 2700 4800 4800
8546 CONNECTION 287 245 300 2880 4980 4980
8547 CONNECTION 287 1036 300 2880 4980 4980
8548 CONNECTION 287 824 300 4740 6840 6840
8549 CONNECTION 287 595 300 4500 6600 6600
8550 CONNECTION 287 106 300 4680 6780 6780
8551 CONNECTION 287 964 300 6540 8640 8640
8552 CONNECTION 760 761 -1 -1 1620 1620
8553 CONNECTION 760 910 -1 -1 2220 2220
8554 CONNECTION 760 679 -1 -1 3240 3240
8555 CONNECTION 760 54 -1 -1 3840 3840
8556 CONNECTION 760 1092 -1 -1 4020 4020
8557 CONNECTION 760 1101 -1 -1 4020 4020
8558 CONNECTION 760 804 -1 -1 4140 4140
8559 CONNECTION 760 864 300 2940 5040 5040
8560 CONNECTION 760 1085 300 3120 5220 5220
8561 CONNECTION 760 170 300 3720 5820 5820
8562 CONNECTION 760 1000 300 4740 6840 6840
8563 CONNECTION 760 1072 300 4740 6840 6840
8564 CONNECTION 760 485 300 5340 7440 7440
8565 CONNECTION 760 333 300 5520 7620 7620
8566 CONNECTION 760 418 300 5520 7620 7620
8567 CONNECTION 760 10 300 5640 7740 7740
8568 CONNECTION 760 1081 300 5640 7740 7740
8569 CONNECTION 760 80 300 6540 8640 8640
8570 CONNECTION 697 698 -1 -1 1200 1200
8571 CONNECTION 697 169 -1 -1 2160 2160
8572 CONNECTION 697 888 -1 -1 2880 2880
8573 CONNECTION 697 930 -1 -1 2880 2880
8574 CONNECTION 697 946 -1 -1 4500 4500
8575 CONNECTION 697 680 -1 -1 2400 2400
8576 CONNECTION 697 55 -1 -1 5100 5100
8577 CONNECTION 697 963 -1 -1 3240 3240
8578 CONNECTION 697 417 -1 -1 3960 3960
8579 CONNECTION 697 246 -1 -1 6060 6060
8580 CONNECTION 697 1037 -1 -1 4680 4680
8581 CONNECTION 697 865 300 2100 4200 4200
8582 CONNECTION 697 393 300 3060 5160 5160
8583 CONNECTION 697 1019 300 2700 4800 4800
8584 CONNECTION 697 33 300 2940 5040 5040
8585 CONNECTION 697 596 300 3660 5760 5760
8586 CONNECTION 697 107 300 4380 6480 6480
8587 CONNECTION 697 190 300 4380 6480 6480
8588 CONNECTION 697 208 300 6000 8100 8100
8589 CONNECTION 697 1001 300 3900 6000 6000
8590 CONNECTION 697 1073 300 3900 6000 6000
8591 CONNECTION 697 486 300 6600 8700 8700
8592 CONNECTION 697 228 300 4740 6840 6840
8593 CONNECTION 697 785 300 5460 7560 7560
8594 CONNECTION 697 312 300 6180 8280 8280
8595 CONNECTION 697 662 300 7560 9660 9660
8596 CONNECTION 697 81 300 5700 7800 7800
8597 SINK 697 7 -1 -1 0 0
8598 CONNECTION 593 594 -1 -1 2820 2820
8599 CONNECTION 593 572 -1 -1 3180 3180
8600 CONNECTION 593 998 -1 -1 3180 3180
8601 CONNECTION 593 1070 -1 -1 3180 3180
8602 CONNECTION 593 738 -1 -1 4620 4620
8603 CONNECTION 593 783 -1 -1 4620 4620
8604 CONNECTION 593 8 -1 -1 4200 4200
8605 CONNECTION 593 1079 -1 -1 4200 4200
8606 CONNECTION 593 78 300 2880 4980 4980
8607 CONNECTION 593 146 300 2880 4980 4980
8608 CONNECTION 593 912 300 4320 6420 6420
8609 CONNECTION 593 267 300 4680 6780 6780
8610 CONNECTION 593 373 300 4680 6780 6780
8611 CONNECTION 593 1094 300 6120 8220 8220
8612 CONNECTION 593 1103 300 6120 8220 8220
8613 CONNECTION 593 442 300 5700 7800 7800
8614 CONNECTION 593 509 300 6480 8580 8580
8615 CONNECTION 593 574 300 6480 8580 8580
8616 CONNECTION 886 887 -1 -1 1200 1200
8617 CONNECTION 886 416 -1 -1 2820 2820
8618 CONNECTION 886 245 -1 -1 3000 3000
8619 CONNECTION 886 1036 -1 -1 3000 3000
8620 CONNECTION 886 824 -1 -1 4860 4860
8621 CONNECTION 886 595 300 2520 4620 4620
8622 CONNECTION 886 106 300 2700 4800 4800
8623 CONNECTION 886 964 300 4560 6660 6660
8624 CONNECTION 886 784 300 4320 6420 6420
8625 CONNECTION 886 311 300 4500 6600 6600
8626 CONNECTION 886 661 300 4500 6600 6600
8627 CONNECTION 886 34 300 6360 8460 8460
8628 CONNECTION 886 913 300 6120 8220 8220
8629 CONNECTION 331 266 -1 -1 3900 3900
8630 CONNECTION 331 441 -1 -1 4920 4920
8631 CONNECTION 331 508 -1 -1 5700 5700
8632 CONNECTION 331 681 300 5400 7500 7500
8633 CONNECTION 331 805 300 6420 8520 8520
8634 CONNECTION 331 866 300 7200 9300 9300
8635 CONNECTION 415 266 -1 -1 3900 3900
8636 CONNECTION 415 441 -1 -1 4920 4920
8637 CONNECTION 415 508 -1 -1 5700 5700
8638 CONNECTION 415 681 300 5400 7500 7500
8639 CONNECTION 415 805 300 6420 8520 8520
8640 CONNECTION 415 866 300 7200 9300 9300
8641 CONNECTION 462 463 -1 -1 3000 3000
8642 CONNECTION 462 168 -1 -1 2760 2760
8643 CONNECTION 462 887 -1 -1 2940 2940
8644 CONNECTION 462 643 -1 -1 4800 4800
8645 CONNECTION 462 416 300 2460 4560 4560
8646 CONNECTION 462 245 300 2640 4740 4740
8647 CONNECTION 462 1036 300 2640 4740 4740
8648 CONNECTION 462 824 300 4500 6600 6600
8649 CONNECTION 462 595 300 4260 6360 6360
8650 CONNECTION 462 106 300 4440 6540 6540
8651 CONNECTION 462 964 300 6300 8400 8400
8652 CONNECTION 462 784 300 6060 8160 8160
8653 CONNECTION 841 842 -1 -1 3300 3300
8654 CONNECTION 841 1091 -1 -1 2160 2160
8655 CONNECTION 841 717 -1 -1 2880 2880
8656 CONNECTION 841 980 -1 -1 4260 4260
8657 CONNECTION 841 507 -1 -1 2400 2400
8658 CONNECTION 841 698 -1 -1 3000 3000
8659 CONNECTION 841 1084 -1 -1 3360 3360
8660 CONNECTION 841 823 -1 -1 3240 3240
8661 CONNECTION 841 169 -1 -1 3960 3960
8662 CONNECTION 841 888 -1 -1 4680 4680
8663 CONNECTION 841 930 -1 -1 4680 4680
8664 CONNECTION 841 946 -1 -1 6300 6300
8665 CONNECTION 841 680 300 2100 4200 4200
8666 CONNECTION 841 55 300 4800 6900 6900
8667 CONNECTION 841 963 300 2940 5040 5040
8668 CONNECTION 841 417 300 3660 5760 5760
8669 CONNECTION 841 246 300 5760 7860 7860
8670 CONNECTION 841 1037 300 4380 6480 6480
8671 CONNECTION 841 865 300 3900 6000 6000
8672 CONNECTION 841 393 300 4860 6960 6960
8673 CONNECTION 841 1019 300 4500 6600 6600
8674 CONNECTION 841 33 300 4740 6840 6840
8675 CONNECTION 841 596 300 5460 7560 7560
8676 CONNECTION 841 107 300 6180 8280 8280
8677 CONNECTION 841 190 300 6180 8280 8280
8678 CONNECTION 841 208 300 7800 9900 9900
8679 CONNECTION 841 1001 300 5700 7800 7800
8680 CONNECTION 841 1073 300 5700 7800 7800
8681 SINK 841 7 -1 -1 0 0
8682 CONNECTION 1061 1062 -1 -1 3300 3300
8683 CONNECTION 1061 1091 -1 -1 2160 2160
8684 CONNECTION 1061 717 -1 -1 2880 2880
8685 CONNECTION 1061 980 -1 -1 4260 4260
8686 CONNECTION 1061 507 -1 -1 2400 2400
8687 CONNECTION 1061 698 -1 -1 3000 3000
8688 CONNECTION 1061 1084 -1 -1 3360 3360
8689 CONNECTION 1061 823 -1 -1 3240 3240
8690 CONNECTION 1061 169 -1 -1 3960 3960
8691 CONNECTION 1061 888 -1 -1 4680 4680
8692 CONNECTION 1061 930 -1 -1 4680 4680
8693 CONNECTION 1061 946 -1 -1 6300 6300
8694 CONNECTION 1061 680 300 2100 4200 4200
8695 CONNECTION 1061 55 300 4800 6900 6900
8696 CONNECTION 1061 963 300 2940 5040 5040
8697 CONNECTION 1061 417 300 3660 5760 5760
8698 CONNECTION 1061 246 300 5760 7860 7860
8699 CONNECTION 1061 1037 300 4380 6480 6480
8700 CONNECTION 1061 865 300 3900 6000 6000
8701 CONNECTION 1061 393 300 4860 6960 6960
8702 CONNECTION 1061 1019 300 4500 6600 6600
8703 CONNECTION 1061 33 300 4740 6840 6840
8704 CONNECTION 1061 596 300 5460 7560 7560
8705 CONNECTION 1061 107 300 6180 8280 8280
8706 CONNECTION 1061 190 300 6180 8280 8280
8707 CONNECTION 1061 208 300 7800 9900 9900
8708 CONNECTION 1061 1001 300 5700 7800 7800
8709 CONNECTION 1061 1073 300 5700 7800 7800
8710 SINK 1061 7 -1 -1 0 0
8711 CONNECTION 1083 1084 -1 -1 1560 1560
8712 CONNECTION 1083 169 -1 -1 2160 2160
8713 CONNECTION 1083 888 -1 -1 2880 2880
8714 CONNECTION 1083 930 -1 -1 2880 2880
8715 CONNECTION 1083 946 -1 -1 4500 4500
8716 CONNECTION 1083 680 -1 -1 2400 2400
8717 CONNECTION 1083 55 -1 -1 5100 5100
8718 CONNECTION 1083 963 -1 -1 3240 3240
8719 CONNECTION 1083 417 -1 -1 3960 3960
8720 CONNECTION 1083 246 -1 -1 6060 6060
8721 CONNECTION 1083 1037 -1 -1 4680 4680
8722 CONNECTION 1083 865 300 2100 4200 4200
8723 CONNECTION 1083 393 300 3060 5160 5160
8724 CONNECTION 1083 1019 300 2700 4800 4800
8725 CONNECTION 1083 33 300 2940 5040 5040
8726 CONNECTION 1083 596 300 3660 5760 5760
8727 CONNECTION 1083 107 300 4380 6480 6480
8728 CONNECTION 1083 190 300 4380 6480 6480
8729 CONNECTION 1083 208 300 6000 8100 8100
8730 CONNECTION 1083 1001 300 3900 6000 6000
8731 CONNECTION 1083 1073 300 3900 6000 6000
8732 CONNECTION 1083 486 300 6600 8700 8700
8733 CONNECTION 1083 228 300 4740 6840 6840
8734 CONNECTION 1083 785 300 5460 7560 7560
8735 CONNECTION 1083 312 300 6180 8280 8280
8736 CONNECTION 1083 662 300 7560 9660 9660
8737 CONNECTION 1083 81 300 5700 7800 7800
8738 SINK 1083 7 -1 -1 0 0
8739 CONNECTION 736 737 -1 -1 1860 1860
8740 CONNECTION 736 803 -1 -1 2280 2280
8741 CONNECTION 736 351 -1 -1 2880 2880
8742 CONNECTION 736 372 -1 -1 4500 4500
8743 CONNECTION 736 863 -1 -1 3060 3060
8744 CONNECTION 736 911 -1 -1 3660 3660
8745 CONNECTION 736 206 -1 -1 4140 4140
8746 CONNECTION 736 554 -1 -1 4680 4680
8747 CONNECTION 736 573 300 4200 6300 6300
8748 CONNECTION 736 999 300 2760 4860 4860
8749 CONNECTION 736 1071 300 2760 4860 4860
8750 CONNECTION 736 1093 300 3360 5460 5460
8751 CONNECTION 736 1102 300 3360 5460 5460
8752 CONNECTION 736 484 300 3360 5460 5460
8753 CONNECTION 736 9 300 3780 5880 5880
8754 CONNECTION 736 1080 300 3780 5880 5880
8755 CONNECTION 736 127 300 4380 6480 6480
8756 CONNECTION 736 79 300 4560 6660 6660
8757 CONNECTION 736 147 300 6000 8100 8100
8758 CONNECTION 736 171 300 5160 7260 7260
8759 CONNECTION 736 626 300 5640 7740 7740
8760 CONNECTION 736 353 300 6180 8280 8280
8761 CONNECTION 736 268 300 6360 8460 8460
8762 CONNECTION 736 374 300 7800 9900 9900
8763 CONNECTION 781 782 -1 -1 1860 1860
8764 CONNECTION 781 803 -1 -1 2280 2280
8765 CONNECTION 781 351 -1 -1 2880 2880
8766 CONNECTION 781 372 -1 -1 4500 4500
8767 CONNECTION 781 863 -1 -1 3060 3060
8768 CONNECTION 781 911 -1 -1 3660 3660
8769 CONNECTION 781 206 -1 -1 4140 4140
8770 CONNECTION 781 554 -1 -1 4680 4680
8771 CONNECTION 781 573 300 4200 6300 6300
8772 CONNECTION 781 999 300 2760 4860 4860
8773 CONNECTION 781 1071 300 2760 4860 4860
8774 CONNECTION 781 1093 300 3360 5460 5460
8775 CONNECTION 781 1102 300 3360 5460 5460
8776 CONNECTION 781 484 300 3360 5460 5460
8777 CONNECTION 781 9 300 3780 5880 5880
8778 CONNECTION 781 1080 300 3780 5880 5880
8779 CONNECTION 781 127 300 4380 6480 6480
8780 CONNECTION 781 79 300 4560 6660 6660
8781 CONNECTION 781 147 300 6000 8100 8100
8782 CONNECTION 781 171 300 5160 7260 7260
8783 CONNECTION 781 626 300 5640 7740 7740
8784 CONNECTION 781 353 300 6180 8280 8280
8785 CONNECTION 781 268 300 6360 8460 8460
8786 CONNECTION 781 374 300 7800 9900 9900
8787 CONNECTION 997 998 -1 -1 1860 1860
8788 CONNECTION 997 738 -1 -1 3300 3300
8789 CONNECTION 997 783 -1 -1 3300 3300
8790 CONNECTION 997 8 -1 -1 2880 2880
8791 CONNECTION 997 1079 -1 -1 2880 2880
8792 CONNECTION 997 78 -1 -1 3660 3660
8793 CONNECTION 997 146 -1 -1 3660 3660
8794 CONNECTION 997 912 -1 -1 5100 5100
8795 CONNECTION 997 267 300 3360 5460 5460
8796 CONNECTION 997 373 300 3360 5460 5460
8797 CONNECTION 997 1094 300 4800 6900 6900
8798 CONNECTION 997 1103 300 4800 6900 6900
8799 CONNECTION 997 442 300 4380 6480 6480
8800 CONNECTION 997 509 300 5160 7260 7260
8801 CONNECTION 997 574 300 5160 7260 7260
8802 CONNECTION 997 172 300 6600 8700 8700
8803 CONNECTION 1069 1070 -1 -1 1860 1860
8804 CONNECTION 1069 738 -1 -1 3300 3300
8805 CONNECTION 1069 783 -1 -1 3300 3300
8806 CONNECTION 1069 8 -1 -1 2880 2880
8807 CONNECTION 1069 1079 -1 -1 2880 2880
8808 CONNECTION 1069 78 -1 -1 3660 3660
8809 CONNECTION 1069 146 -1 -1 3660 3660
8810 CONNECTION 1069 912 -1 -1 5100 5100
8811 CONNECTION 1069 267 300 3360 5460 5460
8812 CONNECTION 1069 373 300 3360 5460 5460
8813 CONNECTION 1069 1094 300 4800 6900 6900
8814 CONNECTION 1069 1103 300 4800 6900 6900
8815 CONNECTION 1069 442 300 4380 6480 6480
8816 CONNECTION 1069 509 300 5160 7260 7260
8817 CONNECTION 1069 574 300 5160 7260 7260
8818 CONNECTION 1069 172 300 6600 8700 8700
8819 CONNECTION 909 910 -1 -1 1620 1620
8820 CONNECTION 909 679 -1 -1 2640 2640
8821 CONNECTION 909 54 -1 -1 3240 3240
8822 CONNECTION 909 1092 -1 -1 3420 3420
8823 CONNECTION 909 1101 -1 -1 3420 3420
8824 CONNECTION 909 804 -1 -1 3540 3540
8825 CONNECTION 909 864 -1 -1 4440 4440
8826 CONNECTION 909 1085 300 2520 4620 4620
8827 CONNECTION 909 170 300 3120 5220 5220
8828 CONNECTION 909 1000 300 4140 6240 6240
8829 CONNECTION 909 1072 300 4140 6240 6240
8830 CONNECTION 909 485 300 4740 6840 6840
8831 CONNECTION 909 333 300 4920 7020 7020
8832 CONNECTION 909 418 300 4920 7020 7020
8833 CONNECTION 909 10 300 5040 7140 7140
8834 CONNECTION 909 1081 300 5040 7140 7140
8835 CONNECTION 909 80 300 5940 8040 8040
8836 CONNECTION 909 394 300 6120 8220 8220
8837 CONNECTION 944 945 -1 -1 2100 2100
8838 CONNECTION 944 962 -1 -1 3120 3120
8839 CONNECTION 944 718 -1 -1 4200 4200
8840 CONNECTION 944 32 -1 -1 4920 4920
8841 CONNECTION 944 207 300 3600 5700 5700
8842 CONNECTION 944 332 300 2940 5040 5040
8843 CONNECTION 944 889 300 3900 6000 6000
8844 CONNECTION 944 931 300 3780 5880 5880
8845 CONNECTION 944 227 300 4620 6720 6720
8846 CONNECTION 944 1038 300 5700 7800 7800
8847 CONNECTION 944 466 300 6420 8520 8520
8848 CONNECTION 440 534 -1 -1 2820 2820
8849 CONNECTION 440 611 -1 -1 2700 2700
8850 CONNECTION 440 962 -1 -1 3540 3540
8851 CONNECTION 440 718 -1 -1 4620 4620
8852 CONNECTION 440 32 300 3240 5340 5340
8853 CONNECTION 440 207 300 4020 6120 6120
8854 CONNECTION 440 332 300 3360 5460 5460
8855 CONNECTION 440 889 300 4320 6420 6420
8856 CONNECTION 440 931 300 4200 6300 6300
8857 CONNECTION 440 227 300 5040 7140 7140
8858 CONNECTION 440 1038 300 6120 8220 8220
8859 CONNECTION 440 466 300 6840 8940 8940
8860 CONNECTION 533 534 -1 -1 2040 2040
8861 CONNECTION 533 962 -1 -1 2760 2760
8862 CONNECTION 533 718 -1 -1 3840 3840
8863 CONNECTION 533 32 -1 -1 4560 4560
8864 CONNECTION 533 207 300 3240 5340 5340
8865 CONNECTION 533 332 300 2580 4680 4680
8866 CONNECTION 533 889 300 3540 5640 5640
8867 CONNECTION 533 931 300 3420 5520 5520
8868 CONNECTION 533 227 300 4260 6360 6360
8869 CONNECTION 533 1038 300 5340 7440 7440
8870 CONNECTION 533 466 300 6060 8160 8160
8871 CONNECTION 533 627 300 6840 8940 8940
8872 CONNECTION 533 739 300 6180 8280 8280
8873 CONNECTION 610 611 -1 -1 1920 1920
8874 CONNECTION 610 962 -1 -1 2760 2760
8875 CONNECTION 610 718 -1 -1 3840 3840
8876 CONNECTION 610 32 -1 -1 4560 4560
8877 CONNECTION 610 207 300 3240 5340 5340
8878 CONNECTION 610 332 300 2580 4680 4680
8879 CONNECTION 610 889 300 3540 5640 5640
8880 CONNECTION 610 931 300 3420 5520 5520
8881 CONNECTION 610 227 300 4260 6360 6360
8882 CONNECTION 610 1038 300 5340 7440 7440
8883 CONNECTION 610 466 300 6060 8160 8160
8884 CONNECTION 610 627 300 6840 8940 8940
8885 CONNECTION 610 739 300 6180 8280 8280
8886 CONNECTION 802 803 -1 -1 1620 1620
8887 CONNECTION 802 372 -1 -1 3840 3840
8888 CONNECTION 802 863 -1 -1 2400 2400
8889 CONNECTION 802 911 -1 -1 3000 3000
8890 CONNECTION 802 206 -1 -1 3480 3480
8891 CONNECTION 802 554 -1 -1 4020 4020
8892 CONNECTION 802 573 -1 -1 5640 5640
8893 CONNECTION 802 999 -1 -1 4200 4200
8894 CONNECTION 802 1071 -1 -1 4200 4200
8895 CONNECTION 802 1093 300 2700 4800 4800
8896 CONNECTION 802 1102 300 2700 4800 4800
8897 CONNECTION 802 484 300 2700 4800 4800
8898 CONNECTION 802 9 300 3120 5220 5220
8899 CONNECTION 802 1080 300 3120 5220 5220
8900 CONNECTION 802 127 300 3720 5820 5820
8901 CONNECTION 802 79 300 3900 6000 6000
8902 CONNECTION 802 147 300 5340 7440 7440
8903 CONNECTION 802 171 300 4500 6600 6600
8904 CONNECTION 802 626 300 4980 7080 7080
8905 CONNECTION 802 353 300 5520 7620 7620
8906 CONNECTION 802 268 300 5700 7800 7800
8907 CONNECTION 802 374 300 7140 9240 9240
8908 CONNECTION 802 334 300 6300 8400 8400
8909 CONNECTION 802 419 300 6300 8400 8400
8910 CONNECTION 802 844 300 6300 8400 8400
8911 CONNECTION 802 1086 300 6300 8400 8400
8912 CONNECTION 30 104 -1 -1 1980 1980
8913 CONNECTION 30 391 -1 -1 2100 2100
8914 CONNECTION 30 309 -1 -1 3780 3780
8915 CONNECTION 30 535 300 3480 5580 5580
8916 CONNECTION 30 762 300 3600 5700 5700
8917 CONNECTION 30 719 300 5280 7380 7380
8918 CONNECTION 929 930 -1 -1 2100 2100
8919 CONNECTION 929 55 -1 -1 4320 4320
8920 CONNECTION 929 963 -1 -1 2460 2460
8921 CONNECTION 929 417 -1 -1 3180 3180
8922 CONNECTION 929 246 -1 -1 5280 5280
8923 CONNECTION 929 1037 -1 -1 3900 3900
8924 CONNECTION 929 865 -1 -1 3420 3420
8925 CONNECTION 929 393 -1 -1 4380 4380
8926 CONNECTION 929 1019 -1 -1 4020 4020
8927 CONNECTION 929 33 300 2160 4260 4260
8928 CONNECTION 929 596 300 2880 4980 4980
8929 CONNECTION 929 107 300 3600 5700 5700
8930 CONNECTION 929 190 300 3600 5700 5700
8931 CONNECTION 929 208 300 5220 7320 7320
8932 CONNECTION 929 1001 300 3120 5220 5220
8933 CONNECTION 929 1073 300 3120 5220 5220
8934 CONNECTION 929 486 300 5820 7920 7920
8935 CONNECTION 929 228 300 3960 6060 6060
8936 CONNECTION 929 785 300 4680 6780 6780
8937 CONNECTION 929 312 300 5400 7500 7500
8938 CONNECTION 929 662 300 6780 8880 8880
8939 CONNECTION 929 81 300 4920 7020 7020
8940 CONNECTION 929 290 300 5520 7620 7620
8941 CONNECTION 929 764 300 5880 7980 7980
8942 CONNECTION 929 467 300 5760 7860 7860
8943 CONNECTION 929 914 300 6480 8580 8580
8944 SINK 929 7 -1 -1 0 0
8945 CONNECTION 625 981 -1 -1 4200 4200
8946 CONNECTION 625 289 -1 -1 6300 6300
8947 CONNECTION 625 612 300 4980 7080 7080
8948 CONNECTION 625 247 300 5700 7800 7800
8949 CONNECTION 625 700 300 7800 9900 9900
8950 CONNECTION 1034 1035 -1 -1 3000 3000
8951 CONNECTION 1034 225 -1 -1 1620 1620
8952 CONNECTION 1034 105 -1 -1 4800 4800
8953 CONNECTION 1034 392 -1 -1 5220 5220
8954 CONNECTION 1034 464 -1 -1 3420 3420
8955 CONNECTION 1034 288 -1 -1 5340 5340
8956 CONNECTION 1034 843 300 1980 4080 4080
8957 CONNECTION 1034 1063 300 1980 4080 4080
8958 CONNECTION 1034 310 300 4500 6600 6600
8959 CONNECTION 1034 644 300 3120 5220 5220
8960 CONNECTION 1034 536 300 6300 8400 8400
8961 CONNECTION 1034 763 300 6720 8820 8820
8962 CONNECTION 1034 825 300 4920 7020 7020
8963 CONNECTION 1034 699 300 6840 8940 8940
8964 CONNECTION 1034 56 300 5580 7680 7680
8965 CONNECTION 308 226 -1 -1 4020 4020
8966 CONNECTION 308 352 -1 -1 5280 5280
8967 CONNECTION 308 465 300 3720 5820 5820
8968 CONNECTION 308 555 300 4980 7080 7080
8969 CONNECTION 308 645 300 5520 7620 7620
8970 CONNECTION 308 128 300 6780 8880 8880
8971 CONNECTION 1017 1018 -1 -1 3480 3480
8972 CONNECTION 1017 189 -1 -1 4260 4260
8973 CONNECTION 1017 981 -1 -1 4980 4980
8974 CONNECTION 1017 289 300 4980 7080 7080
8975 CONNECTION 1017 612 300 5760 7860 7860
8976 CONNECTION 1017 247 300 6480 8580 8580
8977 CONNECTION 125 738 -1 -1 3600 3600
8978 CONNECTION 125 783 -1 -1 3600 3600
8979 CONNECTION 125 8 -1 -1 3180 3180
8980 CONNECTION 125 1079 -1 -1 3180 3180
8981 CONNECTION 125 78 -1 -1 3960 3960
8982 CONNECTION 125 146 -1 -1 3960 3960
8983 CONNECTION 125 912 -1 -1 5400 5400
8984 CONNECTION 125 267 300 3660 5760 5760
8985 CONNECTION 125 373 300 3660 5760 5760
8986 CONNECTION 125 1094 300 5100 7200 7200
8987 CONNECTION 125 1103 300 5100 7200 7200
8988 CONNECTION 125 442 300 4680 6780 6780
8989 CONNECTION 125 509 300 5460 7560 7560
8990 CONNECTION 125 574 300 5460 7560 7560
8991 CONNECTION 125 172 300 6900 9000 9000
8992 CONNECTION 265 168 -1 -1 1800 1800
8993 CONNECTION 265 887 -1 -1 1980 1980
8994 CONNECTION 265 643 -1 -1 3840 3840
8995 CONNECTION 265 416 -1 -1 3600 3600
8996 CONNECTION 265 245 -1 -1 3780 3780
8997 CONNECTION 265 1036 -1 -1 3780 3780
8998 CONNECTION 265 824 -1 -1 5640 5640
8999 CONNECTION 265 595 300 3300 5400 5400
9000 CONNECTION 265 106 300 3480 5580 5580
9001 CONNECTION 265 964 300 5340 7440 7440
9002 CONNECTION 265 784 300 5100 7200 7200
9003 CONNECTION 265 311 300 5280 7380 7380
9004 CONNECTION 265 661 300 5280 7380 7380
9005 CONNECTION 265 34 300 7140 9240 9240
9006 CONNECTION 1090 1091 -1 -1 1560 1560
9007 CONNECTION 1090 507 -1 -1 1800 1800
9008 CONNECTION 1090 698 -1 -1 2400 2400
9009 CONNECTION 1090 1084 -1 -1 2760 2760
9010 CONNECTION 1090 823 -1 -1 2640 2640
9011 CONNECTION 1090 169 -1 -1 3360 3360
9012 CONNECTION 1090 888 -1 -1 4080 4080
9013 CONNECTION 1090 930 -1 -1 4080 4080
9014 CONNECTION 1090 946 -1 -1 5700 5700
9015 CONNECTION 1090 680 -1 -1 3600 3600
9016 CONNECTION 1090 55 300 4200 6300 6300
9017 CONNECTION 1090 963 300 2340 4440 4440
9018 CONNECTION 1090 417 300 3060 5160 5160
9019 CONNECTION 1090 246 300 5160 7260 7260
9020 CONNECTION 1090 1037 300 3780 5880 5880
9021 CONNECTION 1090 865 300 3300 5400 5400
9022 CONNECTION 1090 393 300 4260 6360 6360
9023 CONNECTION 1090 1019 300 3900 6000 6000
9024 CONNECTION 1090 33 300 4140 6240 6240
9025 CONNECTION 1090 596 300 4860 6960 6960
9026 CONNECTION 1090 107 300 5580 7680 7680
9027 CONNECTION 1090 190 300 5580 7680 7680
9028 CONNECTION 1090 208 300 7200 9300 9300
9029 CONNECTION 1090 1001 300 5100 7200 7200
9030 CONNECTION 1090 1073 300 5100 7200 7200
9031 CONNECTION 1090 486 300 7800 9900 9900
9032 CONNECTION 1090 228 300 5940 8040 8040
9033 SINK 1090 7 -1 -1 0 0
9034 CONNECTION 716 717 -1 -1 2100 2100
9035 CONNECTION 716 698 -1 -1 2220 2220
9036 CONNECTION 716 1084 -1 -1 2580 2580
9037 CONNECTION 716 823 -1 -1 2460 2460
9038 CONNECTION 716 169 -1 -1 3180 3180
9039 CONNECTION 716 888 -1 -1 3900 3900
9040 CONNECTION 716 930 -1 -1 3900 3900
9041 CONNECTION 716 946 -1 -1 5520 5520
9042 CONNECTION 716 680 -1 -1 3420 3420
9043 CONNECTION 716 55 -1 -1 6120 6120
9044 CONNECTION 716 963 300 2160 4260 4260
9045 CONNECTION 716 417 300 2880 4980 4980
9046 CONNECTION 716 246 300 4980 7080 7080
9047 CONNECTION 716 1037 300 3600 5700 5700
9048 CONNECTION 716 865 300 3120 5220 5220
9049 CONNECTION 716 393 300 4080 6180 6180
9050 CONNECTION 716 1019 300 3720 5820 5820
9051 CONNECTION 716 33 300 3960 6060 6060
9052 CONNECTION 716 596 300 4680 6780 6780
9053 CONNECTION 716 107 300 5400 7500 7500
9054 CONNECTION 716 190 300 5400 7500 7500
9055 CONNECTION 716 208 300 7020 9120 9120
9056 CONNECTION 716 1001 300 4920 7020 7020
9057 CONNECTION 716 1073 300 4920 7020 7020
9058 CONNECTION 716 486 300 7620 9720 9720
9059 CONNECTION 716 228 300 5760 7860 7860
9060 CONNECTION 716 785 300 6480 8580 8580
9061 SINK 716 7 -1 -1 0 0
9062 CONNECTION 979 980 -1 -1 3480 3480
9063 CONNECTION 979 698 -1 -1 2220 2220
9064 CONNECTION 979 1084 -1 -1 2580 2580
9065 CONNECTION 979 823 -1 -1 2460 2460
9066 CONNECTION 979 169 -1 -1 3180 3180
9067 CONNECTION 979 888 -1 -1 3900 3900
9068 CONNECTION 979 930 -1 -1 3900 3900
9069 CONNECTION 979 946 -1 -1 5520 5520
9070 CONNECTION 979 680 -1 -1 3420 3420
9071 CONNECTION 979 55 -1 -1 6120 6120
9072 CONNECTION 979 963 300 2160 4260 4260
9073 CONNECTION 979 417 300 2880 4980 4980
9074 CONNECTION 979 246 300 4980 7080 7080
9075 CONNECTION 979 1037 300 3600 5700 5700
9076 CONNECTION 979 865 300 3120 5220 5220
9077 CONNECTION 979 393 300 4080 6180 6180
9078 CONNECTION 979 1019 300 3720 5820 5820
9079 CONNECTION 979 33 300 3960 6060 6060
9080 CONNECTION 979 596 300 4680 6780 6780
9081 CONNECTION 979 107 300 5400 7500 7500
9082 CONNECTION 979 190 300 5400 7500 7500
9083 CONNECTION 979 208 300 7020 9120 9120
9084 CONNECTION 979 1001 300 4920 7020 7020
9085 CONNECTION 979 1073 300 4920 7020 7020
9086 CONNECTION 979 486 300 7620 9720 9720
9087 CONNECTION 979 228 300 5760 7860 7860
9088 CONNECTION 979 785 300 6480 8580 8580
9089 SINK 979 7 -1 -1 0 0
9090 CONNECTION 463 464 -1 -1 960 960
9091 CONNECTION 463 843 -1 -1 1620 1620
9092 CONNECTION 463 1063 -1 -1 1620 1620
9093 CONNECTION 463 310 -1 -1 4140 4140
9094 CONNECTION 463 644 -1 -1 2760 2760
9095 CONNECTION 463 536 300 3840 5940 5940
9096 CONNECTION 463 763 300 4260 6360 6360
9097 CONNECTION 463 825 300 2460 4560 4560
9098 CONNECTION 463 699 300 4380 6480 6480
9099 CONNECTION 463 56 300 3120 5220 5220
9100 CONNECTION 463 720 300 5640 7740 7740
9101 CONNECTION 463 965 300 4260 6360 6360
9102 CONNECTION 463 891 300 7440 9540 9540
9103 CONNECTION 463 1109 300 7860 9960 9960
9104 CONNECTION 506 507 -1 -1 1200 1200
9105 CONNECTION 506 698 -1 -1 1800 1800
9106 CONNECTION 506 1084 -1 -1 2160 2160
9107 CONNECTION 506 823 -1 -1 2040 2040
9108 CONNECTION 506 169 -1 -1 2760 2760
9109 CONNECTION 506 888 -1 -1 3480 3480
9110 CONNECTION 506 930 -1 -1 3480 3480
9111 CONNECTION 506 946 -1 -1 5100 5100
9112 CONNECTION 506 680 -1 -1 3000 3000
9113 CONNECTION 506 55 -1 -1 5700 5700
9114 CONNECTION 506 963 -1 -1 3840 3840
9115 CONNECTION 506 417 300 2460 4560 4560
9116 CONNECTION 506 246 300 4560 6660 6660
9117 CONNECTION 506 1037 300 3180 5280 5280
9118 CONNECTION 506 865 300 2700 4800 4800
9119 CONNECTION 506 393 300 3660 5760 5760
9120 CONNECTION 506 1019 300 3300 5400 5400
9121 CONNECTION 506 33 300 3540 5640 5640
9122 CONNECTION 506 596 300 4260 6360 6360
9123 CONNECTION 506 107 300 4980 7080 7080
9124 CONNECTION 506 190 300 4980 7080 7080
9125 CONNECTION 506 208 300 6600 8700 8700
9126 CONNECTION 506 1001 300 4500 6600 6600
9127 CONNECTION 506 1073 300 4500 6600 6600
9128 CONNECTION 506 486 300 7200 9300 9300
9129 CONNECTION 506 228 300 5340 7440 7440
9130 CONNECTION 506 785 300 6060 8160 8160
9131 CONNECTION 506 312 300 6780 8880 8880
9132 CONNECTION 506 662 300 8160 10260 10260
9133 SINK 506 7 -1 -1 0 0
9134 CONNECTION 483 391 -1 -1 1440 1440
9135 CONNECTION 483 309 -1 -1 3120 3120
9136 CONNECTION 483 535 300 2820 4920 4920
9137 CONNECTION 483 762 300 2940 5040 5040
9138 CONNECTION 483 719 300 4620 6720 6720
9139 CONNECTION 961 962 -1 -1 2100 2100
9140 CONNECTION 961 718 -1 -1 3180 3180
9141 CONNECTION 961 32 -1 -1 3900 3900
9142 CONNECTION 961 207 -1 -1 4680 4680
9143 CONNECTION 961 332 -1 -1 4020 4020
9144 CONNECTION 961 889 300 2880 4980 4980
9145 CONNECTION 961 931 300 2760 4860 4860
9146 CONNECTION 961 227 300 3600 5700 5700
9147 CONNECTION 961 1038 300 4680 6780 6780
9148 CONNECTION 961 466 300 5400 7500 7500
9149 CONNECTION 961 627 300 6180 8280 8280
9150 CONNECTION 961 739 300 5520 7620 7620
9151 CONNECTION 961 108 300 6480 8580 8580
9152 CONNECTION 961 191 300 6360 8460 8460
9153 CONNECTION 7 8 -1 -1 1860 1860
9154 CONNECTION 7 78 -1 -1 2640 2640
9155 CONNECTION 7 146 -1 -1 2640 2640
9156 CONNECTION 7 912 -1 -1 4080 4080
9157 CONNECTION 7 267 -1 -1 4440 4440
9158 CONNECTION 7 373 -1 -1 4440 4440
9159 CONNECTION 7 1094 300 3780 5880 5880
9160 CONNECTION 7 1103 300 3780 5880 5880
9161 CONNECTION 7 442 300 3360 5460 5460
9162 CONNECTION 7 509 300 4140 6240 6240
9163 CONNECTION 7 574 300 4140 6240 6240
9164 CONNECTION 7 172 300 5580 7680 7680
9165 CONNECTION 7 148 300 5940 8040 8040
9166 CONNECTION 7 682 300 5940 8040 8040
9167 CONNECTION 7 335 300 7380 9480 9480
9168 CONNECTION 7 420 300 7380 9480 9480
9169 CONNECTION 371 372 -1 -1 3060 3060
9170 CONNECTION 371 206 -1 -1 2700 2700
9171 CONNECTION 371 554 -1 -1 3240 3240
9172 CONNECTION 371 573 -1 -1 4860 4860
9173 CONNECTION 371 999 -1 -1 3420 3420
9174 CONNECTION 371 1071 -1 -1 3420 3420
9175 CONNECTION 371 1093 -1 -1 4020 4020
9176 CONNECTION 371 1102 -1 -1 4020 4020
9177 CONNECTION 371 484 -1 -1 4020 4020
9178 CONNECTION 371 9 -1 -1 4440 4440
9179 CONNECTION 371 1080 -1 -1 4440 4440
9180 CONNECTION 371 127 300 2940 5040 5040
9181 CONNECTION 371 79 300 3120 5220 5220
9182 CONNECTION 371 147 300 4560 6660 6660
9183 CONNECTION 371 171 300 3720 5820 5820
9184 CONNECTION 371 626 300 4200 6300 6300
9185 CONNECTION 371 353 300 4740 6840 6840
9186 CONNECTION 371 268 300 4920 7020 7020
9187 CONNECTION 371 374 300 6360 8460 8460
9188 CONNECTION 371 334 300 5520 7620 7620
9189 CONNECTION 371 419 300 5520 7620 7620
9190 CONNECTION 371 844 300 5520 7620 7620
9191 CONNECTION 371 1086 300 5520 7620 7620
9192 CONNECTION 371 443 300 5940 8040 8040
9193 CONNECTION 371 556 300 6540 8640 8640
9194 CONNECTION 761 911 -1 -1 2460 2460
9195 CONNECTION 761 206 -1 -1 2940 2940
9196 CONNECTION 761 554 -1 -1 3480 3480
9197 CONNECTION 761 573 -1 -1 5100 5100
9198 CONNECTION 761 999 -1 -1 3660 3660
9199 CONNECTION 761 1071 -1 -1 3660 3660
9200 CONNECTION 761 1093 -1 -1 4260 4260
9201 CONNECTION 761 1102 -1 -1 4260 4260
9202 CONNECTION 761 484 -1 -1 4260 4260
9203 CONNECTION 761 9 300 2580 4680 4680
9204 CONNECTION 761 1080 300 2580 4680 4680
9205 CONNECTION 761 127 300 3180 5280 5280
9206 CONNECTION 761 79 300 3360 5460 5460
9207 CONNECTION 761 147 300 4800 6900 6900
9208 CONNECTION 761 171 300 3960 6060 6060
9209 CONNECTION 761 626 300 4440 6540 6540
9210 CONNECTION 761 353 300 4980 7080 7080
9211 CONNECTION 761 268 300 5160 7260 7260
9212 CONNECTION 761 374 300 6600 8700 8700
9213 CONNECTION 761 334 300 5760 7860 7860
9214 CONNECTION 761 419 300 5760 7860 7860
9215 CONNECTION 761 844 300 5760 7860 7860
9216 CONNECTION 761 1086 300 5760 7860 7860
9217 CONNECTION 761 443 300 6180 8280 8280
9218 CONNECTION 761 556 300 6780 8880 8880
9219 CONNECTION 862 863 -1 -1 1620 1620
9220 CONNECTION 862 206 -1 -1 2700 2700
9221 CONNECTION 862 554 -1 -1 3240 3240
9222 CONNECTION 862 573 -1 -1 4860 4860
9223 CONNECTION 862 999 -1 -1 3420 3420
9224 CONNECTION 862 1071 -1 -1 3420 3420
9225 CONNECTION 862 1093 -1 -1 4020 4020
9226 CONNECTION 862 1102 -1 -1 4020 4020
9227 CONNECTION 862 484 -1 -1 4020 4020
9228 CONNECTION 862 9 -1 -1 4440 4440
9229 CONNECTION 862 1080 -1 -1 4440 4440
9230 CONNECTION 862 127 300 2940 5040 5040
9231 CONNECTION 862 79 300 3120 5220 5220
9232 CONNECTION 862 147 300 4560 6660 6660
9233 CONNECTION 862 171 300 3720 5820 5820
9234 CONNECTION 862 626 300 4200 6300 6300
9235 CONNECTION 862 353 300 4740 6840 6840
9236 CONNECTION 862 268 300 4920 7020 7020
9237 CONNECTION 862 374 300 6360 8460 8460
9238 CONNECTION 862 334 300 5520 7620 7620
9239 CONNECTION 862 419 300 5520 7620 7620
9240 CONNECTION 862 844 300 5520 7620 7620
9241 CONNECTION 862 1086 300 5520 7620 7620
9242 CONNECTION 862 443 300 5940 8040 8040
9243 CONNECTION 862 556 300 6540 8640 8640
9244 CONNECTION 1078 1079 -1 -1 1860 1860
9245 CONNECTION 1078 78 -1 -1 2640 2640
9246 CONNECTION 1078 146 -1 -1 2640 2640
9247 CONNECTION 1078 912 -1 -1 4080 4080
9248 CONNECTION 1078 267 -1 -1 4440 4440
9249 CONNECTION 1078 373 -1 -1 4440 4440
9250 CONNECTION 1078 1094 300 3780 5880 5880
9251 CONNECTION 1078 1103 300 3780 5880 5880
9252 CONNECTION 1078 442 300 3360 5460 5460
9253 CONNECTION 1078 509 300 4140 6240 6240
9254 CONNECTION 1078 574 300 4140 6240 6240
9255 CONNECTION 1078 172 300 5580 7680 7680
9256 CONNECTION 1078 148 300 5940 8040 8040
9257 CONNECTION 1078 682 300 5940 8040 8040
9258 CONNECTION 1078 335 300 7380 9480 9480
9259 CONNECTION 1078 420 300 7380 9480 9480
9260 CONNECTION 145 352 -1 -1 3720 3720
9261 CONNECTION 145 465 -1 -1 4260 4260
9262 CONNECTION 145 555 -1 -1 5520 5520
9263 CONNECTION 145 645 300 3960 6060 6060
9264 CONNECTION 145 128 300 5220 7320 7320
9265 CONNECTION 145 826 300 5760 7860 7860
9266 CONNECTION 145 354 300 7020 9120 9120
9267 CONNECTION 678 679 -1 -1 1560 1560
9268 CONNECTION 678 54 -1 -1 2160 2160
9269 CONNECTION 678 1092 -1 -1 2340 2340
9270 CONNECTION 678 1101 -1 -1 2340 2340
9271 CONNECTION 678 804 -1 -1 2460 2460
9272 CONNECTION 678 864 -1 -1 3360 3360
9273 CONNECTION 678 1085 -1 -1 3540 3540
9274 CONNECTION 678 170 -1 -1 4140 4140
9275 CONNECTION 678 1000 300 3060 5160 5160
9276 CONNECTION 678 1072 300 3060 5160 5160
9277 CONNECTION 678 485 300 3660 5760 5760
9278 CONNECTION 678 333 300 3840 5940 5940
9279 CONNECTION 678 418 300 3840 5940 5940
9280 CONNECTION 678 10 300 3960 6060 6060
9281 CONNECTION 678 1081 300 3960 6060 6060
9282 CONNECTION 678 80 300 4860 6960 6960
9283 CONNECTION 678 394 300 5040 7140 7140
9284 CONNECTION 678 597 300 5640 7740 7740
9285 CONNECTION 553 554 -1 -1 1860 1860
9286 CONNECTION 553 1093 -1 -1 2640 2640
9287 CONNECTION 553 1102 -1 -1 2640 2640
9288 CONNECTION 553 484 -1 -1 2640 2640
9289 CONNECTION 553 9 -1 -1 3060 3060
9290 CONNECTION 553 1080 -1 -1 3060 3060
9291 CONNECTION 553 127 -1 -1 3660 3660
9292 CONNECTION 553 79 -1 -1 3840 3840
9293 CONNECTION 553 147 -1 -1 5280 5280
9294 CONNECTION 553 171 -1 -1 4440 4440
9295 CONNECTION 553 626 300 2820 4920 4920
9296 CONNECTION 553 353 300 3360 5460 5460
9297 CONNECTION 553 268 300 3540 5640 5640
9298 CONNECTION 553 374 300 4980 7080 7080
9299 CONNECTION 553 334 300 4140 6240 6240
9300 CONNECTION 553 419 300 4140 6240 6240
9301 CONNECTION 553 844 300 4140 6240 6240
9302 CONNECTION 553 1086 300 4140 6240 6240
9303 CONNECTION 553 443 300 4560 6660 6660
9304 CONNECTION 553 556 300 5160 7260 7260
9305 CONNECTION 553 510 300 5340 7440 7440
9306 CONNECTION 553 575 300 6780 8880 8880
9307 CONNECTION 553 598 300 5940 8040 8040
9308 CONNECTION 553 947 300 6420 8520 8520
9309 CONNECTION 822 823 -1 -1 1200 1200
9310 CONNECTION 822 888 -1 -1 2640 2640
9311 CONNECTION 822 930 -1 -1 2640 2640
9312 CONNECTION 822 946 -1 -1 4260 4260
9313 CONNECTION 822 680 -1 -1 2160 2160
9314 CONNECTION 822 55 -1 -1 4860 4860
9315 CONNECTION 822 963 -1 -1 3000 3000
9316 CONNECTION 822 417 -1 -1 3720 3720
9317 CONNECTION 822 246 -1 -1 5820 5820
9318 CONNECTION 822 1037 -1 -1 4440 4440
9319 CONNECTION 822 865 -1 -1 3960 3960
9320 CONNECTION 822 393 300 2820 4920 4920
9321 CONNECTION 822 1019 300 2460 4560 4560
9322 CONNECTION 822 33 300 2700 4800 4800
9323 CONNECTION 822 596 300 3420 5520 5520
9324 CONNECTION 822 107 300 4140 6240 6240
9325 CONNECTION 822 190 300 4140 6240 6240
9326 CONNECTION 822 208 300 5760 7860 7860
9327 CONNECTION 822 1001 300 3660 5760 5760
9328 CONNECTION 822 1073 300 3660 5760 5760
9329 CONNECTION 822 486 300 6360 8460 8460
9330 CONNECTION 822 228 300 4500 6600 6600
9331 CONNECTION 822 785 300 5220 7320 7320
9332 CONNECTION 822 312 300 5940 8040 8040
9333 CONNECTION 822 662 300 7320 9420 9420
9334 CONNECTION 822 81 300 5460 7560 7560
9335 CONNECTION 822 290 300 6060 8160 8160
9336 CONNECTION 822 764 300 6420 8520 8520
9337 SINK 822 7 -1 -1 0 0
9338 CONNECTION 842 843 -1 -1 960 960
9339 CONNECTION 842 310 -1 -1 3480 3480
9340 CONNECTION 842 644 -1 -1 2100 2100
9341 CONNECTION 842 536 -1 -1 5280 5280
9342 CONNECTION 842 763 -1 -1 5700 5700
9343 CONNECTION 842 825 300 1800 3900 3900
9344 CONNECTION 842 699 300 3720 5820 5820
9345 CONNECTION 842 56 300 2460 4560 4560
9346 CONNECTION 842 720 300 4980 7080 7080
9347 CONNECTION 842 965 300 3600 5700 5700
9348 CONNECTION 842 891 300 6780 8880 8880
9349 CONNECTION 842 1109 300 7200 9300 9300
9350 CONNECTION 842 35 300 5400 7500 7500
9351 CONNECTION 842 1020 300 7320 9420 9420
9352 CONNECTION 1062 1063 -1 -1 960 960
9353 CONNECTION 1062 310 -1 -1 3480 3480
9354 CONNECTION 1062 644 -1 -1 2100 2100
9355 CONNECTION 1062 536 -1 -1 5280 5280
9356 CONNECTION 1062 763 -1 -1 5700 5700
9357 CONNECTION 1062 825 300 1800 3900 3900
9358 CONNECTION 1062 699 300 3720 5820 5820
9359 CONNECTION 1062 56 300 2460 4560 4560
9360 CONNECTION 1062 720 300 4980 7080 7080
9361 CONNECTION 1062 965 300 3600 5700 5700
9362 CONNECTION 1062 891 300 6780 8880 8880
9363 CONNECTION 1062 1109 300 7200 9300 9300
9364 CONNECTION 1062 35 300 5400 7500 7500
9365 CONNECTION 1062 1020 300 7320 9420 9420
9366 CONNECTION 737 738 -1 -1 2820 2820
9367 CONNECTION 737 8 -1 -1 2400 2400
9368 CONNECTION 737 1079 -1 -1 2400 2400
9369 CONNECTION 737 78 -1 -1 3180 3180
9370 CONNECTION 737 146 -1 -1 3180 3180
9371 CONNECTION 737 912 -1 -1 4620 4620
9372 CONNECTION 737 267 300 2880 4980 4980
9373 CONNECTION 737 373 300 2880 4980 4980
9374 CONNECTION 737 1094 300 4320 6420 6420
9375 CONNECTION 737 1103 300 4320 6420 6420
9376 CONNECTION 737 442 300 3900 6000 6000
9377 CONNECTION 737 509 300 4680 6780 6780
9378 CONNECTION 737 574 300 4680 6780 6780
9379 CONNECTION 737 172 300 6120 8220 8220
9380 CONNECTION 737 148 300 6480 8580 8580
9381 CONNECTION 737 682 300 6480 8580 8580
9382 CONNECTION 782 783 -1 -1 2820 2820
9383 CONNECTION 782 8 -1 -1 2400 2400
9384 CONNECTION 782 1079 -1 -1 2400 2400
9385 CONNECTION 782 78 -1 -1 3180 3180
9386 CONNECTION 782 146 -1 -1 3180 3180
9387 CONNECTION 782 912 -1 -1 4620 4620
9388 CONNECTION 782 267 300 2880 4980 4980
9389 CONNECTION 782 373 300 2880 4980 4980
9390 CONNECTION 782 1094 300 4320 6420 6420
9391 CONNECTION 782 1103 300 4320 6420 6420
9392 CONNECTION 782 442 300 3900 6000 6000
9393 CONNECTION 782 509 300 4680 6780 6780
9394 CONNECTION 782 574 300 4680 6780 6780
9395 CONNECTION 782 172 300 6120 8220 8220
9396 CONNECTION 782 148 300 6480 8580 8580
9397 CONNECTION 782 682 300 6480 8580 8580
9398 CONNECTION 1035 1036 -1 -1 1200 1200
9399 CONNECTION 1035 595 -1 -1 2820 2820
9400 CONNECTION 1035 106 -1 -1 3000 3000
9401 CONNECTION 1035 964 -1 -1 4860 4860
9402 CONNECTION 1035 784 300 2520 4620 4620
9403 CONNECTION 1035 311 300 2700 4800 4800
9404 CONNECTION 1035 661 300 2700 4800 4800
9405 CONNECTION 1035 34 300 4560 6660 6660
9406 CONNECTION 1035 913 300 4320 6420 6420
9407 CONNECTION 1035 537 300 4500 6600 6600
9408 CONNECTION 1035 229 300 6360 8460 8460
9409 CONNECTION 1035 1115 300 6120 8220 8220
9410 CONNECTION 594 508 -1 -1 3900 3900
9411 CONNECTION 594 681 -1 -1 5700 5700
9412 CONNECTION 594 805 300 4620 6720 6720
9413 CONNECTION 594 866 300 5400 7500 7500
9414 CONNECTION 594 1002 300 7200 9300 9300
9415 CONNECTION 594 1095 300 7200 9300 9300
9416 CONNECTION 642 643 -1 -1 3000 3000
9417 CONNECTION 642 416 -1 -1 2760 2760
9418 CONNECTION 642 245 -1 -1 2940 2940
9419 CONNECTION 642 1036 -1 -1 2940 2940
9420 CONNECTION 642 824 -1 -1 4800 4800
9421 CONNECTION 642 595 300 2460 4560 4560
9422 CONNECTION 642 106 300 2640 4740 4740
9423 CONNECTION 642 964 300 4500 6600 6600
9424 CONNECTION 642 784 300 4260 6360 6360
9425 CONNECTION 642 311 300 4440 6540 6540
9426 CONNECTION 642 661 300 4440 6540 6540
9427 CONNECTION 642 34 300 6300 8400 8400
9428 CONNECTION 642 913 300 6060 8160 8160
9429 CONNECTION 910 911 -1 -1 1860 1860
9430 CONNECTION 910 554 -1 -1 2880 2880
9431 CONNECTION 910 573 -1 -1 4500 4500
9432 CONNECTION 910 999 -1 -1 3060 3060
9433 CONNECTION 910 1071 -1 -1 3060 3060
9434 CONNECTION 910 1093 -1 -1 3660 3660
9435 CONNECTION 910 1102 -1 -1 3660 3660
9436 CONNECTION 910 484 -1 -1 3660 3660
9437 CONNECTION 910 9 -1 -1 4080 4080
9438 CONNECTION 910 1080 -1 -1 4080 4080
9439 CONNECTION 910 127 -1 -1 4680 4680
9440 CONNECTION 910 79 300 2760 4860 4860
9441 CONNECTION 910 147 300 4200 6300 6300
9442 CONNECTION 910 171 300 3360 5460 5460
9443 CONNECTION 910 626 300 3840 5940 5940
9444 CONNECTION 910 353 300 4380 6480 6480
9445 CONNECTION 910 268 300 4560 6660 6660
9446 CONNECTION 910 374 300 6000 8100 8100
9447 CONNECTION 910 334 300 5160 7260 7260
9448 CONNECTION 910 419 300 5160 7260 7260
9449 CONNECTION 910 844 300 5160 7260 7260
9450 CONNECTION 910 1086 300 5160 7260 7260
9451 CONNECTION 910 443 300 5580 7680 7680
9452 CONNECTION 910 556 300 6180 8280 8280
9453 CONNECTION 910 510 300 6360 8460 8460
9454 CONNECTION 910 575 300 7800 9900 9900
9455 CONNECTION 53 54 -1 -1 1560 1560
9456 CONNECTION 53 864 -1 -1 2760 2760
9457 CONNECTION 53 1085 -1 -1 2940 2940
9458 CONNECTION 53 170 -1 -1 3540 3540
9459 CONNECTION 53 1000 300 2460 4560 4560
9460 CONNECTION 53 1072 300 2460 4560 4560
9461 CONNECTION 53 485 300 3060 5160 5160
9462 CONNECTION 53 333 300 3240 5340 5340
9463 CONNECTION 53 418 300 3240 5340 5340
9464 CONNECTION 53 10 300 3360 5460 5460
9465 CONNECTION 53 1081 300 3360 5460 5460
9466 CONNECTION 53 80 300 4260 6360 6360
9467 CONNECTION 53 394 300 4440 6540 6540
9468 CONNECTION 53 597 300 5040 7140 7140
9469 CONNECTION 53 269 300 6060 8160 8160
9470 CONNECTION 77 78 -1 -1 1860 1860
9471 CONNECTION 77 912 -1 -1 3300 3300
9472 CONNECTION 77 267 -1 -1 3660 3660
9473 CONNECTION 77 373 -1 -1 3660 3660
9474 CONNECTION 77 1094 -1 -1 5100 5100
9475 CONNECTION 77 1103 -1 -1 5100 5100
9476 CONNECTION 77 442 -1 -1 4680 4680
9477 CONNECTION 77 509 300 3360 5460 5460
9478 CONNECTION 77 574 300 3360 5460 5460
9479 CONNECTION 77 172 300 4800 6900 6900
9480 CONNECTION 77 148 300 5160 7260 7260
9481 CONNECTION 77 682 300 5160 7260 7260
9482 CONNECTION 77 335 300 6600 8700 8700
9483 CONNECTION 77 420 300 6600 8700 8700
9484 CONNECTION 77 806 300 6180 8280 8280
9485 CONNECTION 1091 1092 -1 -1 1620 1620
9486 CONNECTION 1091 864 -1 -1 2640 2640
9487 CONNECTION 1091 1085 -1 -1 2820 2820
9488 CONNECTION 1091 170 -1 -1 3420 3420
9489 CONNECTION 1091 1000 -1 -1 4440 4440
9490 CONNECTION 1091 1072 -1 -1 4440 4440
9491 CONNECTION 1091 485 300 2940 5040 5040
9492 CONNECTION 1091 333 300 3120 5220 5220
9493 CONNECTION 1091 418 300 3120 5220 5220
9494 CONNECTION 1091 10 300 3240 5340 5340
9495 CONNECTION 1091 1081 300 3240 5340 5340
9496 CONNECTION 1091 80 300 4140 6240 6240
9497 CONNECTION 1091 394 300 4320 6420 6420
9498 CONNECTION 1091 597 300 4920 7020 7020
9499 CONNECTION 1091 269 300 5940 8040 8040
9500 CONNECTION 1091 845 300 6540 8640 8640
9501 CONNECTION 1091 1087 300 6540 8640 8640
9502 CONNECTION 660 310 -1 -1 3480 3480
9503 CONNECTION 660 644 -1 -1 2100 2100
9504 CONNECTION 660 536 -1 -1 5280 5280
9505 CONNECTION 660 763 -1 -1 5700 5700
9506 CONNECTION 660 825 300 1800 3900 3900
9507 CONNECTION 660 699 300 3720 5820 5820
9508 CONNECTION 660 56 300 2460 4560 4560
9509 CONNECTION 660 720 300 4980 7080 7080
9510 CONNECTION 660 965 300 3600 5700 5700
9511 CONNECTION 660 891 300 6780 8880 8880
9512 CONNECTION 660 1109 300 7200 9300 9300
9513 CONNECTION 660 35 300 5400 7500 7500
9514 CONNECTION 660 1020 300 7320 9420 9420
9515 CONNECTION 945 946 -1 -1 3480 3480
9516 CONNECTION 945 55 -1 -1 4080 4080
9517 CONNECTION 945 963 -1 -1 2220 2220
9518 CONNECTION 945 417 -1 -1 2940 2940
9519 CONNECTION 945 246 -1 -1 5040 5040
9520 CONNECTION 945 1037 -1 -1 3660 3660
9521 CONNECTION 945 865 -1 -1 3180 3180
9522 CONNECTION 945 393 -1 -1 4140 4140
9523 CONNECTION 945 1019 -1 -1 3780 3780
9524 CONNECTION 945 33 -1 -1 4020 4020
9525 CONNECTION 945 596 300 2640 4740 4740
9526 CONNECTION 945 107 300 3360 5460 5460
9527 CONNECTION 945 190 300 3360 5460 5460
9528 CONNECTION 945 208 300 4980 7080 7080
9529 CONNECTION 945 1001 300 2880 4980 4980
9530 CONNECTION 945 1073 300 2880 4980 4980
9531 CONNECTION 945 486 300 5580 7680 7680
9532 CONNECTION 945 228 300 3720 5820 5820
9533 CONNECTION 945 785 300 4440 6540 6540
9534 CONNECTION 945 312 300 5160 7260 7260
9535 CONNECTION 945 662 300 6540 8640 8640
9536 CONNECTION 945 81 300 4680 6780 6780
9537 CONNECTION 945 290 300 5280 7380 7380
9538 CONNECTION 945 764 300 5640 7740 7740
9539 CONNECTION 945 467 300 5520 7620 7620
9540 CONNECTION 945 914 300 6240 8340 8340
9541 CONNECTION 945 538 300 6960 9060 9060
9542 CONNECTION 945 613 300 6960 9060 9060
9543 SINK 945 7 -1 -1 0 0
9544 CONNECTION 1100 1101 -1 -1 1620 1620
9545 CONNECTION 1100 864 -1 -1 2640 2640
9546 CONNECTION 1100 1085 -1 -1 2820 2820
9547 CONNECTION 1100 170 -1 -1 3420 3420
9548 CONNECTION 1100 1000 -1 -1 4440 4440
9549 CONNECTION 1100 1072 -1 -1 4440 4440
9550 CONNECTION 1100 485 300 2940 5040 5040
9551 CONNECTION 1100 333 300 3120 5220 5220
9552 CONNECTION 1100 418 300 3120 5220 5220
9553 CONNECTION 1100 10 300 3240 5340 5340
9554 CONNECTION 1100 1081 300 3240 5340 5340
9555 CONNECTION 1100 80 300 4140 6240 6240
9556 CONNECTION 1100 394 300 4320 6420 6420
9557 CONNECTION 1100 597 300 4920 7020 7020
9558 CONNECTION 1100 269 300 5940 8040 8040
9559 CONNECTION 1100 845 300 6540 8640 8640
9560 CONNECTION 1100 1087 300 6540 8640 8640
9561 CONNECTION 717 718 -1 -1 2040 2040
9562 CONNECTION 717 32 -1 -1 2760 2760
9563 CONNECTION 717 207 -1 -1 3540 3540
9564 CONNECTION 717 332 -1 -1 2880 2880
9565 CONNECTION 717 889 -1 -1 3840 3840
9566 CONNECTION 717 931 -1 -1 3720 3720
9567 CONNECTION 717 227 -1 -1 4560 4560
9568 CONNECTION 717 1038 300 3540 5640 5640
9569 CONNECTION 717 466 300 4260 6360 6360
9570 CONNECTION 717 627 300 5040 7140 7140
9571 CONNECTION 717 739 300 4380 6480 6480
9572 CONNECTION 717 108 300 5340 7440 7440
9573 CONNECTION 717 191 300 5220 7320 7320
9574 CONNECTION 717 646 300 6060 8160 8160
9575 CONNECTION 980 981 -1 -1 2640 2640
9576 CONNECTION 980 289 -1 -1 4740 4740
9577 CONNECTION 980 612 -1 -1 5520 5520
9578 CONNECTION 980 247 300 4140 6240 6240
9579 CONNECTION 980 700 300 6240 8340 8340
9580 CONNECTION 980 932 300 7020 9120 9120
9581 CONNECTION 225 309 -1 -1 1980 1980
9582 CONNECTION 225 535 -1 -1 3780 3780
9583 CONNECTION 225 762 300 1800 3900 3900
9584 CONNECTION 225 719 300 3480 5580 5580
9585 CONNECTION 225 890 300 5280 7380 7380
9586 CONNECTION 225 1108 300 5400 7500 7500
9587 CONNECTION 803 804 -1 -1 1440 1440
9588 CONNECTION 803 864 -1 -1 2340 2340
9589 CONNECTION 803 1085 -1 -1 2520 2520
9590 CONNECTION 803 170 -1 -1 3120 3120
9591 CONNECTION 803 1000 -1 -1 4140 4140
9592 CONNECTION 803 1072 -1 -1 4140 4140
9593 CONNECTION 803 485 300 2640 4740 4740
9594 CONNECTION 803 333 300 2820 4920 4920
9595 CONNECTION 803 418 300 2820 4920 4920
9596 CONNECTION 803 10 300 2940 5040 5040
9597 CONNECTION 803 1081 300 2940 5040 5040
9598 CONNECTION 803 80 300 3840 5940 5940
9599 CONNECTION 803 394 300 4020 6120 6120
9600 CONNECTION 803 597 300 4620 6720 6720
9601 CONNECTION 803 269 300 5640 7740 7740
9602 CONNECTION 803 845 300 6240 8340 8340
9603 CONNECTION 803 1087 300 6240 8340 8340
9604 CONNECTION 803 740 300 6420 8520 8520
9605 CONNECTION 803 786 300 6420 8520 8520
9606 CONNECTION 104 105 -1 -1 3000 3000
9607 CONNECTION 104 464 -1 -1 1620 1620
9608 CONNECTION 104 288 -1 -1 3540 3540
9609 CONNECTION 104 843 -1 -1 2280 2280
9610 CONNECTION 104 1063 -1 -1 2280 2280
9611 CONNECTION 104 310 -1 -1 4800 4800
9612 CONNECTION 104 644 -1 -1 3420 3420
9613 CONNECTION 104 536 300 4500 6600 6600
9614 CONNECTION 104 763 300 4920 7020 7020
9615 CONNECTION 104 825 300 3120 5220 5220
9616 CONNECTION 104 699 300 5040 7140 7140
9617 CONNECTION 104 56 300 3780 5880 5880
9618 CONNECTION 104 720 300 6300 8400 8400
9619 CONNECTION 104 965 300 4920 7020 7020
9620 CONNECTION 534 465 -1 -1 4020 4020
9621 CONNECTION 534 555 -1 -1 5280 5280
9622 CONNECTION 534 645 300 3720 5820 5820
9623 CONNECTION 534 128 300 4980 7080 7080
9624 CONNECTION 534 826 300 5520 7620 7620
9625 CONNECTION 534 354 300 6780 8880 8880
9626 CONNECTION 611 1093 -1 -1 2640 2640
9627 CONNECTION 611 1102 -1 -1 2640 2640
9628 CONNECTION 611 484 -1 -1 2640 2640
9629 CONNECTION 611 9 -1 -1 3060 3060
9630 CONNECTION 611 1080 -1 -1 3060 3060
9631 CONNECTION 611 127 -1 -1 3660 3660
9632 CONNECTION 611 79 -1 -1 3840 3840
9633 CONNECTION 611 147 -1 -1 5280 5280
9634 CONNECTION 611 171 -1 -1 4440 4440
9635 CONNECTION 611 626 300 2820 4920 4920
9636 CONNECTION 611 353 300 3360 5460 5460
9637 CONNECTION 611 268 300 3540 5640 5640
9638 CONNECTION 611 374 300 4980 7080 7080
9639 CONNECTION 611 334 300 4140 6240 6240
9640 CONNECTION 611 419 300 4140 6240 6240
9641 CONNECTION 611 844 300 4140 6240 6240
9642 CONNECTION 611 1086 300 4140 6240 6240
9643 CONNECTION 611 443 300 4560 6660 6660
9644 CONNECTION 611 556 300 5160 7260 7260
9645 CONNECTION 611 510 300 5340 7440 7440
9646 CONNECTION 611 575 300 6780 8880 8880
9647 CONNECTION 611 598 300 5940 8040 8040
9648 CONNECTION 611 947 300 6420 8520 8520
9649 CONNECTION 391 392 -1 -1 3300 3300
9650 CONNECTION 391 464 -1 -1 1500 1500
9651 CONNECTION 391 288 -1 -1 3420 3420
9652 CONNECTION 391 843 -1 -1 2160 2160
9653 CONNECTION 391 1063 -1 -1 2160 2160
9654 CONNECTION 391 310 -1 -1 4680 4680
9655 CONNECTION 391 644 -1 -1 3300 3300
9656 CONNECTION 391 536 300 4380 6480 6480
9657 CONNECTION 391 763 300 4800 6900 6900
9658 CONNECTION 391 825 300 3000 5100 5100
9659 CONNECTION 391 699 300 4920 7020 7020
9660 CONNECTION 391 56 300 3660 5760 5760
9661 CONNECTION 391 720 300 6180 8280 8280
9662 CONNECTION 391 965 300 4800 6900 6900
9663 CONNECTION 391 891 300 7980 10080 10080
9664 CONNECTION 168 169 -1 -1 1560 1560
9665 CONNECTION 168 680 -1 -1 1800 1800
9666 CONNECTION 168 55 -1 -1 4500 4500
9667 CONNECTION 168 963 -1 -1 2640 2640
9668 CONNECTION 168 417 -1 -1 3360 3360
9669 CONNECTION 168 246 -1 -1 5460 5460
9670 CONNECTION 168 1037 -1 -1 4080 4080
9671 CONNECTION 168 865 -1 -1 3600 3600
9672 CONNECTION 168 393 300 2460 4560 4560
9673 CONNECTION 168 1019 300 2100 4200 4200
9674 CONNECTION 168 33 300 2340 4440 4440
9675 CONNECTION 168 596 300 3060 5160 5160
9676 CONNECTION 168 107 300 3780 5880 5880
9677 CONNECTION 168 190 300 3780 5880 5880
9678 CONNECTION 168 208 300 5400 7500 7500
9679 CONNECTION 168 1001 300 3300 5400 5400
9680 CONNECTION 168 1073 300 3300 5400 5400
9681 CONNECTION 168 486 300 6000 8100 8100
9682 CONNECTION 168 228 300 4140 6240 6240
9683 CONNECTION 168 785 300 4860 6960 6960
9684 CONNECTION 168 312 300 5580 7680 7680
9685 CONNECTION 168 662 300 6960 9060 9060
9686 CONNECTION 168 81 300 5100 7200 7200
9687 CONNECTION 168 290 300 5700 7800 7800
9688 CONNECTION 168 764 300 6060 8160 8160
9689 CONNECTION 168 467 300 5940 8040 8040
9690 SINK 168 7 -1 -1 0 0
9691 CONNECTION 351 912 -1 -1 3600 3600
9692 CONNECTION 351 267 -1 -1 3960 3960
9693 CONNECTION 351 373 -1 -1 3960 3960
9694 CONNECTION 351 1094 -1 -1 5400 5400
9695 CONNECTION 351 1103 -1 -1 5400 5400
9696 CONNECTION 351 442 300 2880 4980 4980
9697 CONNECTION 351 509 300 3660 5760 5760
9698 CONNECTION 351 574 300 3660 5760 5760
9699 CONNECTION 351 172 300 5100 7200 7200
9700 CONNECTION 351 148 300 5460 7560 7560
9701 CONNECTION 351 682 300 5460 7560 7560
9702 CONNECTION 351 335 300 6900 9000 9000
9703 CONNECTION 351 420 300 6900 9000 9000
9704 CONNECTION 351 806 300 6480 8580 8580
9705 CONNECTION 507 416 -1 -1 1800 1800
9706 CONNECTION 507 245 -1 -1 1980 1980
9707 CONNECTION 507 1036 -1 -1 1980 1980
9708 CONNECTION 507 824 -1 -1 3840 3840
9709 CONNECTION 507 595 -1 -1 3600 3600
9710 CONNECTION 507 106 -1 -1 3780 3780
9711 CONNECTION 507 964 -1 -1 5640 5640
9712 CONNECTION 507 784 300 3300 5400 5400
9713 CONNECTION 507 311 300 3480 5580 5580
9714 CONNECTION 507 661 300 3480 5580 5580
9715 CONNECTION 507 34 300 5340 7440 7440
9716 CONNECTION 507 913 300 5100 7200 7200
9717 CONNECTION 507 537 300 5280 7380 7380
9718 CONNECTION 507 229 300 7140 9240 9240
9719 CONNECTION 887 888 -1 -1 2100 2100
9720 CONNECTION 887 55 -1 -1 4320 4320
9721 CONNECTION 887 963 -1 -1 2460 2460
9722 CONNECTION 887 417 -1 -1 3180 3180
9723 CONNECTION 887 246 -1 -1 5280 5280
9724 CONNECTION 887 1037 -1 -1 3900 3900
9725 CONNECTION 887 865 -1 -1 3420 3420
9726 CONNECTION 887 393 -1 -1 4380 4380
9727 CONNECTION 887 1019 -1 -1 4020 4020
9728 CONNECTION 887 33 300 2160 4260 4260
9729 CONNECTION 887 596 300 2880 4980 4980
9730 CONNECTION 887 107 300 3600 5700 5700
9731 CONNECTION 887 190 300 3600 5700 5700
9732 CONNECTION 887 208 300 5220 7320 7320
9733 CONNECTION 887 1001 300 3120 5220 5220
9734 CONNECTION 887 1073 300 3120 5220 5220
9735 CONNECTION 887 486 300 5820 7920 7920
9736 CONNECTION 887 228 300 3960 6060 6060
9737 CONNECTION 887 785 300 4680 6780 6780
9738 CONNECTION 887 312 300 5400 7500 7500
9739 CONNECTION 887 662 300 6780 8880 8880
9740 CONNECTION 887 81 300 4920 7020 7020
9741 CONNECTION 887 290 300 5520 7620 7620
9742 CONNECTION 887 764 300 5880 7980 7980
9743 CONNECTION 887 467 300 5760 7860 7860
9744 CONNECTION 887 914 300 6480 8580 8580
9745 SINK 887 7 -1 -1 0 0
9746 CONNECTION 643 644 -1 -1 960 960
9747 CONNECTION 643 536 -1 -1 4140 4140
9748 CONNECTION 643 763 -1 -1 4560 4560
9749 CONNECTION 643 825 -1 -1 2760 2760
9750 CONNECTION 643 699 -1 -1 4680 4680
9751 CONNECTION 643 56 -1 -1 3420 3420
9752 CONNECTION 643 720 300 3840 5940 5940
9753 CONNECTION 643 965 300 2460 4560 4560
9754 CONNECTION 643 891 300 5640 7740 7740
9755 CONNECTION 643 1109 300 6060 8160 8160
9756 CONNECTION 643 35 300 4260 6360 6360
9757 CONNECTION 643 1020 300 6180 8280 8280
9758 CONNECTION 643 487 300 4920 7020 7020
9759 CONNECTION 643 1040 300 7440 9540 9540
9760 CONNECTION 679 680 -1 -1 1200 1200
9761 CONNECTION 679 55 -1 -1 3900 3900
9762 CONNECTION 679 963 -1 -1 2040 2040
9763 CONNECTION 679 417 -1 -1 2760 2760
9764 CONNECTION 679 246 -1 -1 4860 4860
9765 CONNECTION 679 1037 -1 -1 3480 3480
9766 CONNECTION 679 865 -1 -1 3000 3000
9767 CONNECTION 679 393 -1 -1 3960 3960
9768 CONNECTION 679 1019 -1 -1 3600 3600
9769 CONNECTION 679 33 -1 -1 3840 3840
9770 CONNECTION 679 596 300 2460 4560 4560
9771 CONNECTION 679 107 300 3180 5280 5280
9772 CONNECTION 679 190 300 3180 5280 5280
9773 CONNECTION 679 208 300 4800 6900 6900
9774 CONNECTION 679 1001 300 2700 4800 4800
9775 CONNECTION 679 1073 300 2700 4800 4800
9776 CONNECTION 679 486 300 5400 7500 7500
9777 CONNECTION 679 228 300 3540 5640 5640
9778 CONNECTION 679 785 300 4260 6360 6360
9779 CONNECTION 679 312 300 4980 7080 7080
9780 CONNECTION 679 662 300 6360 8460 8460
9781 CONNECTION 679 81 300 4500 6600 6600
9782 CONNECTION 679 290 300 5100 7200 7200
9783 CONNECTION 679 764 300 5460 7560 7560
9784 CONNECTION 679 467 300 5340 7440 7440
9785 CONNECTION 679 914 300 6060 8160 8160
9786 CONNECTION 679 538 300 6780 8880 8880
9787 CONNECTION 679 613 300 6780 8880 8880
9788 CONNECTION 679 628 300 8400 10500 10500
9789 SINK 679 7 -1 -1 0 0
9790 CONNECTION 31 32 -1 -1 2100 2100
9791 CONNECTION 31 207 -1 -1 2880 2880
9792 CONNECTION 31 332 -1 -1 2220 2220
9793 CONNECTION 31 889 -1 -1 3180 3180
9794 CONNECTION 31 931 -1 -1 3060 3060
9795 CONNECTION 31 227 -1 -1 3900 3900
9796 CONNECTION 31 1038 300 2880 4980 4980
9797 CONNECTION 31 466 300 3600 5700 5700
9798 CONNECTION 31 627 300 4380 6480 6480
9799 CONNECTION 31 739 300 3720 5820 5820
9800 CONNECTION 31 108 300 4680 6780 6780
9801 CONNECTION 31 191 300 4560 6660 6660
9802 CONNECTION 31 646 300 5400 7500 7500
9803 CONNECTION 31 313 300 6480 8580 8580
9804 CONNECTION 572 573 -1 -1 3060 3060
9805 CONNECTION 572 484 -1 -1 2220 2220
9806 CONNECTION 572 9 -1 -1 2640 2640
9807 CONNECTION 572 1080 -1 -1 2640 2640
9808 CONNECTION 572 127 -1 -1 3240 3240
9809 CONNECTION 572 79 -1 -1 3420 3420
9810 CONNECTION 572 147 -1 -1 4860 4860
9811 CONNECTION 572 171 -1 -1 4020 4020
9812 CONNECTION 572 626 -1 -1 4500 4500
9813 CONNECTION 572 353 300 2940 5040 5040
9814 CONNECTION 572 268 300 3120 5220 5220
9815 CONNECTION 572 374 300 4560 6660 6660
9816 CONNECTION 572 334 300 3720 5820 5820
9817 CONNECTION 572 419 300 3720 5820 5820
9818 CONNECTION 572 844 300 3720 5820 5820
9819 CONNECTION 572 1086 300 3720 5820 5820
9820 CONNECTION 572 443 300 4140 6240 6240
9821 CONNECTION 572 556 300 4740 6840 6840
9822 CONNECTION 572 510 300 4920 7020 7020
9823 CONNECTION 572 575 300 6360 8460 8460
9824 CONNECTION 572 598 300 5520 7620 7620
9825 CONNECTION 572 947 300 6000 8100 8100
9826 CONNECTION 572 129 300 6540 8640 8640
9827 CONNECTION 998 999 -1 -1 1620 1620
9828 CONNECTION 998 484 -1 -1 2220 2220
9829 CONNECTION 998 9 -1 -1 2640 2640
9830 CONNECTION 998 1080 -1 -1 2640 2640
9831 CONNECTION 998 127 -1 -1 3240 3240
9832 CONNECTION 998 79 -1 -1 3420 3420
9833 CONNECTION 998 147 -1 -1 4860 4860
9834 CONNECTION 998 171 -1 -1 4020 4020
9835 CONNECTION 998 626 -1 -1 4500 4500
9836 CONNECTION 998 353 300 2940 5040 5040
9837 CONNECTION 998 268 300 3120 5220 5220
9838 CONNECTION 998 374 300 4560 6660 6660
9839 CONNECTION 998 334 300 3720 5820 5820
9840 CONNECTION 998 419 300 3720 5820 5820
9841 CONNECTION 998 844 300 3720 5820 5820
9842 CONNECTION 998 1086 300 3720 5820 5820
9843 CONNECTION 998 443 300 4140 6240 6240
9844 CONNECTION 998 556 300 4740 6840 6840
9845 CONNECTION 998 510 300 4920 7020 7020
9846 CONNECTION 998 575 300 6360 8460 8460
9847 CONNECTION 998 598 300 5520 7620 7620
9848 CONNECTION 998 947 300 6000 8100 8100
9849 CONNECTION 998 129 300 6540 8640 8640
9850 CONNECTION 1070 1071 -1 -1 1620 1620
9851 CONNECTION 1070 484 -1 -1 2220 2220
9852 CONNECTION 1070 9 -1 -1 2640 2640
9853 CONNECTION 1070 1080 -1 -1 2640 2640
9854 CONNECTION 1070 127 -1 -1 3240 3240
9855 CONNECTION 1070 79 -1 -1 3420 3420
9856 CONNECTION 1070 147 -1 -1 4860 4860
9857 CONNECTION 1070 171 -1 -1 4020 4020
9858 CONNECTION 1070 626 -1 -1 4500 4500
9859 CONNECTION 1070 353 300 2940 5040 5040
9860 CONNECTION 1070 268 300 3120 5220 5220
9861 CONNECTION 1070 374 300 4560 6660 6660
9862 CONNECTION 1070 334 300 3720 5820 5820
9863 CONNECTION 1070 419 300 3720 5820 5820
9864 CONNECTION 1070 844 300 3720 5820 5820
9865 CONNECTION 1070 1086 300 3720 5820 5820
9866 CONNECTION 1070 443 300 4140 6240 6240
9867 CONNECTION 1070 556 300 4740 6840 6840
9868 CONNECTION 1070 510 300 4920 7020 7020
9869 CONNECTION 1070 575 300 6360 8460 8460
9870 CONNECTION 1070 598 300 5520 7620 7620
9871 CONNECTION 1070 947 300 6000 8100 8100
9872 CONNECTION 1070 129 300 6540 8640 8640
9873 CONNECTION 372 555 -1 -1 3720 3720
9874 CONNECTION 372 645 -1 -1 4260 4260
9875 CONNECTION 372 128 -1 -1 5520 5520
9876 CONNECTION 372 826 300 3960 6060 6060
9877 CONNECTION 372 354 300 5220 7320 7320
9878 CONNECTION 372 966 300 5760 7860 7860
9879 CONNECTION 372 557 300 7020 9120 9120
9880 CONNECTION 863 864 -1 -1 1560 1560
9881 CONNECTION 863 170 -1 -1 2340 2340
9882 CONNECTION 863 1000 -1 -1 3360 3360
9883 CONNECTION 863 1072 -1 -1 3360 3360
9884 CONNECTION 863 485 -1 -1 3960 3960
9885 CONNECTION 863 333 -1 -1 4140 4140
9886 CONNECTION 863 418 -1 -1 4140 4140
9887 CONNECTION 863 10 -1 -1 4260 4260
9888 CONNECTION 863 1081 -1 -1 4260 4260
9889 CONNECTION 863 80 300 3060 5160 5160
9890 CONNECTION 863 394 300 3240 5340 5340
9891 CONNECTION 863 597 300 3840 5940 5940
9892 CONNECTION 863 269 300 4860 6960 6960
9893 CONNECTION 863 845 300 5460 7560 7560
9894 CONNECTION 863 1087 300 5460 7560 7560
9895 CONNECTION 863 740 300 5640 7740 7740
9896 CONNECTION 863 786 300 5640 7740 7740
9897 CONNECTION 863 444 300 5760 7860 7860
9898 CONNECTION 126 127 -1 -1 1860 1860
9899 CONNECTION 126 171 -1 -1 2640 2640
9900 CONNECTION 126 626 -1 -1 3120 3120
9901 CONNECTION 126 353 -1 -1 3660 3660
9902 CONNECTION 126 268 -1 -1 3840 3840
9903 CONNECTION 126 374 -1 -1 5280 5280
9904 CONNECTION 126 334 -1 -1 4440 4440
9905 CONNECTION 126 419 -1 -1 4440 4440
9906 CONNECTION 126 844 -1 -1 4440 4440
9907 CONNECTION 126 1086 -1 -1 4440 4440
9908 CONNECTION 126 443 300 2760 4860 4860
9909 CONNECTION 126 556 300 3360 5460 5460
9910 CONNECTION 126 510 300 3540 5640 5640
9911 CONNECTION 126 575 300 4980 7080 7080
9912 CONNECTION 126 598 300 4140 6240 6240
9913 CONNECTION 126 947 300 4620 6720 6720
9914 CONNECTION 126 129 300 5160 7260 7260
9915 CONNECTION 126 149 300 6780 8880 8880
9916 CONNECTION 126 683 300 5340 7440 7440
9917 CONNECTION 126 741 300 5940 8040 8040
9918 CONNECTION 126 787 300 5940 8040 8040
9919 CONNECTION 126 57 300 5940 8040 8040
9920 CONNECTION 126 807 300 6360 8460 8460
9921 CONNECTION 962 963 -1 -1 1200 1200
9922 CONNECTION 962 246 -1 -1 4020 4020
9923 CONNECTION 962 1037 -1 -1 2640 2640
9924 CONNECTION 962 865 -1 -1 2160 2160
9925 CONNECTION 962 393 -1 -1 3120 3120
9926 CONNECTION 962 1019 -1 -1 2760 2760
9927 CONNECTION 962 33 -1 -1 3000 3000
9928 CONNECTION 962 596 -1 -1 3720 3720
9929 CONNECTION 962 107 -1 -1 4440 4440
9930 CONNECTION 962 190 -1 -1 4440 4440
9931 CONNECTION 962 208 -1 -1 6060 6060
9932 CONNECTION 962 1001 -1 -1 3960 3960
9933 CONNECTION 962 1073 -1 -1 3960 3960
9934 CONNECTION 962 486 300 4560 6660 6660
9935 CONNECTION 962 228 300 2700 4800 4800
9936 CONNECTION 962 785 300 3420 5520 5520
9937 CONNECTION 962 312 300 4140 6240 6240
9938 CONNECTION 962 662 300 5520 7620 7620
9939 CONNECTION 962 81 300 3660 5760 5760
9940 CONNECTION 962 290 300 4260 6360 6360
9941 CONNECTION 962 764 300 4620 6720 6720
9942 CONNECTION 962 467 300 4500 6600 6600
9943 CONNECTION 962 914 300 5220 7320 7320
9944 CONNECTION 962 538 300 5940 8040 8040
9945 CONNECTION 962 613 300 5940 8040 8040
9946 CONNECTION 962 628 300 7560 9660 9660
9947 CONNECTION 962 270 300 5460 7560 7560
9948 CONNECTION 962 846 300 8160 10260 10260
9949 CONNECTION 962 1088 300 8160 10260 10260
9950 SINK 962 7 -1 -1 0 0
9951 CONNECTION 698 595 -1 -1 3000 3000
9952 CONNECTION 698 106 -1 -1 3180 3180
9953 CONNECTION 698 964 -1 -1 5040 5040
9954 CONNECTION 698 784 300 2700 4800 4800
9955 CONNECTION 698 311 300 2880 4980 4980
9956 CONNECTION 698 661 300 2880 4980 4980
9957 CONNECTION 698 34 300 4740 6840 6840
9958 CONNECTION 698 913 300 4500 6600 6600
9959 CONNECTION 698 537 300 4680 6780 6780
9960 CONNECTION 698 229 300 6540 8640 8640
9961 CONNECTION 1084 1085 -1 -1 1620 1620
9962 CONNECTION 1084 170 -1 -1 2220 2220
9963 CONNECTION 1084 1000 -1 -1 3240 3240
9964 CONNECTION 1084 1072 -1 -1 3240 3240
9965 CONNECTION 1084 485 -1 -1 3840 3840
9966 CONNECTION 1084 333 -1 -1 4020 4020
9967 CONNECTION 1084 418 -1 -1 4020 4020
9968 CONNECTION 1084 10 -1 -1 4140 4140
9969 CONNECTION 1084 1081 -1 -1 4140 4140
9970 CONNECTION 1084 80 300 2940 5040 5040
9971 CONNECTION 1084 394 300 3120 5220 5220
9972 CONNECTION 1084 597 300 3720 5820 5820
9973 CONNECTION 1084 269 300 4740 6840 6840
9974 CONNECTION 1084 845 300 5340 7440 7440
9975 CONNECTION 1084 1087 300 5340 7440 7440
9976 CONNECTION 1084 740 300 5520 7620 7620
9977 CONNECTION 1084 786 300 5520 7620 7620
9978 CONNECTION 1084 444 300 5640 7740 7740
9979 CONNECTION 1084 511 300 6540 8640 8640
9980 CONNECTION 1018 1019 -1 -1 1200 1200
9981 CONNECTION 1018 596 -1 -1 2160 2160
9982 CONNECTION 1018 107 -1 -1 2880 2880
9983 CONNECTION 1018 190 -1 -1 2880 2880
9984 CONNECTION 1018 208 -1 -1 4500 4500
9985 CONNECTION 1018 1001 -1 -1 2400 2400
9986 CONNECTION 1018 1073 -1 -1 2400 2400
9987 CONNECTION 1018 486 -1 -1 5100 5100
9988 CONNECTION 1018 228 -1 -1 3240 3240
9989 CONNECTION 1018 785 -1 -1 3960 3960
9990 CONNECTION 1018 312 -1 -1 4680 4680
9991 CONNECTION 1018 662 -1 -1 6060 6060
9992 CONNECTION 1018 81 300 2100 4200 4200
9993 CONNECTION 1018 290 300 2700 4800 4800
9994 CONNECTION 1018 764 300 3060 5160 5160
9995 CONNECTION 1018 467 300 2940 5040 5040
9996 CONNECTION 1018 914 300 3660 5760 5760
9997 CONNECTION 1018 538 300 4380 6480 6480
9998 CONNECTION 1018 613 300 4380 6480 6480
9999 CONNECTION 1018 628 300 6000 8100 8100
10000 CONNECTION 1018 270 300 3900 6000 6000
10001 CONNECTION 1018 846 300 6600 8700 8700
10002 CONNECTION 1018 1088 300 6600 8700 8700
10003 CONNECTION 1018 647 300 4740 6840 6840
10004 CONNECTION 1018 1116 300 5460 7560 7560
10005 CONNECTION 1018 722 300 6180 8280 8280
10006 CONNECTION 1018 983 300 7560 9660 9660
10007 CONNECTION 1018 512 300 5700 7800 7800
10008 SINK 1018 7 -1 -1 0 0
10009 CONNECTION 105 106 -1 -1 1200 1200
10010 CONNECTION 105 784 -1 -1 2820 2820
10011 CONNECTION 105 311 -1 -1 3000 3000
10012 CONNECTION 105 661 -1 -1 3000 3000
10013 CONNECTION 105 34 -1 -1 4860 4860
10014 CONNECTION 105 913 300 2520 4620 4620
10015 CONNECTION 105 537 300 2700 4800 4800
10016 CONNECTION 105 229 300 4560 6660 6660
10017 CONNECTION 105 1115 300 4320 6420 6420
10018 CONNECTION 105 721 300 4500 6600 6600
10019 CONNECTION 105 982 300 4500 6600 6600
10020 CONNECTION 105 468 300 6360 8460 8460
10021 CONNECTION 105 173 300 6120 8220 8220
10022 CONNECTION 911 912 -1 -1 2820 2820
10023 CONNECTION 911 267 -1 -1 3180 3180
10024 CONNECTION 911 373 -1 -1 3180 3180
10025 CONNECTION 911 1094 -1 -1 4620 4620
10026 CONNECTION 911 1103 -1 -1 4620 4620
10027 CONNECTION 911 442 -1 -1 4200 4200
10028 CONNECTION 911 509 300 2880 4980 4980
10029 CONNECTION 911 574 300 2880 4980 4980
10030 CONNECTION 911 172 300 4320 6420 6420
10031 CONNECTION 911 148 300 4680 6780 6780
10032 CONNECTION 911 682 300 4680 6780 6780
10033 CONNECTION 911 335 300 6120 8220 8220
10034 CONNECTION 911 420 300 6120 8220 8220
10035 CONNECTION 911 806 300 5700 7800 7800
10036 CONNECTION 911 375 300 6480 8580 8580
10037 CONNECTION 911 867 300 6480 8580 8580
10038 CONNECTION 54 55 -1 -1 3300 3300
10039 CONNECTION 54 417 -1 -1 2160 2160
10040 CONNECTION 54 246 -1 -1 4260 4260
10041 CONNECTION 54 1037 -1 -1 2880 2880
10042 CONNECTION 54 865 -1 -1 2400 2400
10043 CONNECTION 54 393 -1 -1 3360 3360
10044 CONNECTION 54 1019 -1 -1 3000 3000
10045 CONNECTION 54 33 -1 -1 3240 3240
10046 CONNECTION 54 596 -1 -1 3960 3960
10047 CONNECTION 54 107 -1 -1 4680 4680
10048 CONNECTION 54 190 -1 -1 4680 4680
10049 CONNECTION 54 208 -1 -1 6300 6300
10050 CONNECTION 54 1001 300 2100 4200 4200
10051 CONNECTION 54 1073 300 2100 4200 4200
10052 CONNECTION 54 486 300 4800 6900 6900
10053 CONNECTION 54 228 300 2940 5040 5040
10054 CONNECTION 54 785 300 3660 5760 5760
10055 CONNECTION 54 312 300 4380 6480 6480
10056 CONNECTION 54 662 300 5760 7860 7860
10057 CONNECTION 54 81 300 3900 6000 6000
10058 CONNECTION 54 290 300 4500 6600 6600
10059 CONNECTION 54 764 300 4860 6960 6960
10060 CONNECTION 54 467 300 4740 6840 6840
10061 CONNECTION 54 914 300 5460 7560 7560
10062 CONNECTION 54 538 300 6180 8280 8280
10063 CONNECTION 54 613 300 6180 8280 8280
10064 CONNECTION 54 628 300 7800 9900 9900
10065 CONNECTION 54 270 300 5700 7800 7800
10066 SINK 54 7 -1 -1 0 0
10067 CONNECTION 738 681 -1 -1 3900 3900
10068 CONNECTION 738 805 -1 -1 4920 4920
10069 CONNECTION 738 866 -1 -1 5700 5700
10070 CONNECTION 738 1002 300 5400 7500 7500
10071 CONNECTION 738 1095 300 5400 7500 7500
10072 CONNECTION 738 11 300 6420 8520 8520
10073 CONNECTION 738 1104 300 6420 8520 8520
10074 CONNECTION 738 82 300 7200 9300 9300
10075 CONNECTION 783 681 -1 -1 3900 3900
10076 CONNECTION 783 805 -1 -1 4920 4920
10077 CONNECTION 783 866 -1 -1 5700 5700
10078 CONNECTION 783 1002 300 5400 7500 7500
10079 CONNECTION 783 1095 300 5400 7500 7500
10080 CONNECTION 783 11 300 6420 8520 8520
10081 CONNECTION 783 1104 300 6420 8520 8520
10082 CONNECTION 783 82 300 7200 9300 9300
10083 CONNECTION 823 824 -1 -1 3000 3000
10084 CONNECTION 823 595 -1 -1 2760 2760
10085 CONNECTION 823 106 -1 -1 2940 2940
10086 CONNECTION 823 964 -1 -1 4800 4800
10087 CONNECTION 823 784 300 2460 4560 4560
10088 CONNECTION 823 311 300 2640 4740 4740
10089 CONNECTION 823 661 300 2640 4740 4740
10090 CONNECTION 823 34 300 4500 6600 6600
10091 CONNECTION 823 913 300 4260 6360 6360
10092 CONNECTION 823 537 300 4440 6540 6540
10093 CONNECTION 823 229 300 6300 8400 8400
10094 CONNECTION 823 1115 300 6060 8160 8160
10095 CONNECTION 392 393 -1 -1 1560 1560
10096 CONNECTION 392 596 -1 -1 2160 2160
10097 CONNECTION 392 107 -1 -1 2880 2880
10098 CONNECTION 392 190 -1 -1 2880 2880
10099 CONNECTION 392 208 -1 -1 4500 4500
10100 CONNECTION 392 1001 -1 -1 2400 2400
10101 CONNECTION 392 1073 -1 -1 2400 2400
10102 CONNECTION 392 486 -1 -1 5100 5100
10103 CONNECTION 392 228 -1 -1 3240 3240
10104 CONNECTION 392 785 -1 -1 3960 3960
10105 CONNECTION 392 312 -1 -1 4680 4680
10106 CONNECTION 392 662 -1 -1 6060 6060
10107 CONNECTION 392 81 300 2100 4200 4200
10108 CONNECTION 392 290 300 2700 4800 4800
10109 CONNECTION 392 764 300 3060 5160 5160
10110 CONNECTION 392 467 300 2940 5040 5040
10111 CONNECTION 392 914 300 3660 5760 5760
10112 CONNECTION 392 538 300 4380 6480 6480
10113 CONNECTION 392 613 300 4380 6480 6480
10114 CONNECTION 392 628 300 6000 8100 8100
10115 CONNECTION 392 270 300 3900 6000 6000
10116 CONNECTION 392 846 300 6600 8700 8700
10117 CONNECTION 392 1088 300 6600 8700 8700
10118 CONNECTION 392 647 300 4740 6840 6840
10119 CONNECTION 392 1116 300 5460 7560 7560
10120 CONNECTION 392 722 300 6180 8280 8280
10121 CONNECTION 392 983 300 7560 9660 9660
10122 CONNECTION 392 512 300 5700 7800 7800
10123 SINK 392 7 -1 -1 0 0
10124 CONNECTION 1092 1093 -1 -1 1860 1860
10125 CONNECTION 1092 9 -1 -1 2280 2280
10126 CONNECTION 1092 1080 -1 -1 2280 2280
10127 CONNECTION 1092 127 -1 -1 2880 2880
10128 CONNECTION 1092 79 -1 -1 3060 3060
10129 CONNECTION 1092 147 -1 -1 4500 4500
10130 CONNECTION 1092 171 -1 -1 3660 3660
10131 CONNECTION 1092 626 -1 -1 4140 4140
10132 CONNECTION 1092 353 -1 -1 4680 4680
10133 CONNECTION 1092 268 300 2760 4860 4860
10134 CONNECTION 1092 374 300 4200 6300 6300
10135 CONNECTION 1092 334 300 3360 5460 5460
10136 CONNECTION 1092 419 300 3360 5460 5460
10137 CONNECTION 1092 844 300 3360 5460 5460
10138 CONNECTION 1092 1086 300 3360 5460 5460
10139 CONNECTION 1092 443 300 3780 5880 5880
10140 CONNECTION 1092 556 300 4380 6480 6480
10141 CONNECTION 1092 510 300 4560 6660 6660
10142 CONNECTION 1092 575 300 6000 8100 8100
10143 CONNECTION 1092 598 300 5160 7260 7260
10144 CONNECTION 1092 947 300 5640 7740 7740
10145 CONNECTION 1092 129 300 6180 8280 8280
10146 CONNECTION 1092 149 300 7800 9900 9900
10147 CONNECTION 1092 683 300 6360 8460 8460
10148 CONNECTION 1101 1102 -1 -1 1860 1860
10149 CONNECTION 1101 9 -1 -1 2280 2280
10150 CONNECTION 1101 1080 -1 -1 2280 2280
10151 CONNECTION 1101 127 -1 -1 2880 2880
10152 CONNECTION 1101 79 -1 -1 3060 3060
10153 CONNECTION 1101 147 -1 -1 4500 4500
10154 CONNECTION 1101 171 -1 -1 3660 3660
10155 CONNECTION 1101 626 -1 -1 4140 4140
10156 CONNECTION 1101 353 -1 -1 4680 4680
10157 CONNECTION 1101 268 300 2760 4860 4860
10158 CONNECTION 1101 374 300 4200 6300 6300
10159 CONNECTION 1101 334 300 3360 5460 5460
10160 CONNECTION 1101 419 300 3360 5460 5460
10161 CONNECTION 1101 844 300 3360 5460 5460
10162 CONNECTION 1101 1086 300 3360 5460 5460
10163 CONNECTION 1101 443 300 3780 5880 5880
10164 CONNECTION 1101 556 300 4380 6480 6480
10165 CONNECTION 1101 510 300 4560 6660 6660
10166 CONNECTION 1101 575 300 6000 8100 8100
10167 CONNECTION 1101 598 300 5160 7260 7260
10168 CONNECTION 1101 947 300 5640 7740 7740
10169 CONNECTION 1101 129 300 6180 8280 8280
10170 CONNECTION 1101 149 300 7800 9900 9900
10171 CONNECTION 1101 683 300 6360 8460 8460
10172 CONNECTION 266 267 -1 -1 1860 1860
10173 CONNECTION 266 1094 -1 -1 3300 3300
10174 CONNECTION 266 1103 -1 -1 3300 3300
10175 CONNECTION 266 442 -1 -1 2880 2880
10176 CONNECTION 266 509 -1 -1 3660 3660
10177 CONNECTION 266 574 -1 -1 3660 3660
10178 CONNECTION 266 172 -1 -1 5100 5100
10179 CONNECTION 266 148 300 3360 5460 5460
10180 CONNECTION 266 682 300 3360 5460 5460
10181 CONNECTION 266 335 300 4800 6900 6900
10182 CONNECTION 266 420 300 4800 6900 6900
10183 CONNECTION 266 806 300 4380 6480 6480
10184 CONNECTION 266 375 300 5160 7260 7260
10185 CONNECTION 266 867 300 5160 7260 7260
10186 CONNECTION 266 599 300 6600 8700 8700
10187 CONNECTION 169 170 -1 -1 1620 1620
10188 CONNECTION 169 1000 -1 -1 2640 2640
10189 CONNECTION 169 1072 -1 -1 2640 2640
10190 CONNECTION 169 485 -1 -1 3240 3240
10191 CONNECTION 169 333 -1 -1 3420 3420
10192 CONNECTION 169 418 -1 -1 3420 3420
10193 CONNECTION 169 10 -1 -1 3540 3540
10194 CONNECTION 169 1081 -1 -1 3540 3540
10195 CONNECTION 169 80 -1 -1 4440 4440
10196 CONNECTION 169 394 300 2520 4620 4620
10197 CONNECTION 169 597 300 3120 5220 5220
10198 CONNECTION 169 269 300 4140 6240 6240
10199 CONNECTION 169 845 300 4740 6840 6840
10200 CONNECTION 169 1087 300 4740 6840 6840
10201 CONNECTION 169 740 300 4920 7020 7020
10202 CONNECTION 169 786 300 4920 7020 7020
10203 CONNECTION 169 444 300 5040 7140 7140
10204 CONNECTION 169 511 300 5940 8040 8040
10205 CONNECTION 169 765 300 6120 8220 8220
10206 CONNECTION 206 207 -1 -1 2100 2100
10207 CONNECTION 206 227 -1 -1 3120 3120
10208 CONNECTION 206 1038 -1 -1 4200 4200
10209 CONNECTION 206 466 -1 -1 4920 4920
10210 CONNECTION 206 627 300 3600 5700 5700
10211 CONNECTION 206 739 300 2940 5040 5040
10212 CONNECTION 206 108 300 3900 6000 6000
10213 CONNECTION 206 191 300 3780 5880 5880
10214 CONNECTION 206 646 300 4620 6720 6720
10215 CONNECTION 206 313 300 5700 7800 7800
10216 CONNECTION 206 827 300 6420 8520 8520
10217 CONNECTION 804 889 -1 -1 2820 2820
10218 CONNECTION 804 931 -1 -1 2700 2700
10219 CONNECTION 804 227 -1 -1 3540 3540
10220 CONNECTION 804 1038 -1 -1 4620 4620
10221 CONNECTION 804 466 300 3240 5340 5340
10222 CONNECTION 804 627 300 4020 6120 6120
10223 CONNECTION 804 739 300 3360 5460 5460
10224 CONNECTION 804 108 300 4320 6420 6420
10225 CONNECTION 804 191 300 4200 6300 6300
10226 CONNECTION 804 646 300 5040 7140 7140
10227 CONNECTION 804 313 300 6120 8220 8220
10228 CONNECTION 804 827 300 6840 8940 8940
10229 CONNECTION 8 9 -1 -1 1620 1620
10230 CONNECTION 8 79 -1 -1 2400 2400
10231 CONNECTION 8 147 -1 -1 3840 3840
10232 CONNECTION 8 171 -1 -1 3000 3000
10233 CONNECTION 8 626 -1 -1 3480 3480
10234 CONNECTION 8 353 -1 -1 4020 4020
10235 CONNECTION 8 268 -1 -1 4200 4200
10236 CONNECTION 8 374 -1 -1 5640 5640
10237 CONNECTION 8 334 300 2700 4800 4800
10238 CONNECTION 8 419 300 2700 4800 4800
10239 CONNECTION 8 844 300 2700 4800 4800
10240 CONNECTION 8 1086 300 2700 4800 4800
10241 CONNECTION 8 443 300 3120 5220 5220
10242 CONNECTION 8 556 300 3720 5820 5820
10243 CONNECTION 8 510 300 3900 6000 6000
10244 CONNECTION 8 575 300 5340 7440 7440
10245 CONNECTION 8 598 300 4500 6600 6600
10246 CONNECTION 8 947 300 4980 7080 7080
10247 CONNECTION 8 129 300 5520 7620 7620
10248 CONNECTION 8 149 300 7140 9240 9240
10249 CONNECTION 8 683 300 5700 7800 7800
10250 CONNECTION 8 741 300 6300 8400 8400
10251 CONNECTION 8 787 300 6300 8400 8400
10252 CONNECTION 8 57 300 6300 8400 8400
10253 CONNECTION 888 889 -1 -1 2040 2040
10254 CONNECTION 888 227 -1 -1 2760 2760
10255 CONNECTION 888 1038 -1 -1 3840 3840
10256 CONNECTION 888 466 -1 -1 4560 4560
10257 CONNECTION 888 627 300 3240 5340 5340
10258 CONNECTION 888 739 300 2580 4680 4680
10259 CONNECTION 888 108 300 3540 5640 5640
10260 CONNECTION 888 191 300 3420 5520 5520
10261 CONNECTION 888 646 300 4260 6360 6360
10262 CONNECTION 888 313 300 5340 7440 7440
10263 CONNECTION 888 827 300 6060 8160 8160
10264 CONNECTION 888 948 300 6840 8940 8940
10265 CONNECTION 888 1124 300 6180 8280 8280
10266 CONNECTION 930 931 -1 -1 1920 1920
10267 CONNECTION 930 227 -1 -1 2760 2760
10268 CONNECTION 930 1038 -1 -1 3840 3840
10269 CONNECTION 930 466 -1 -1 4560 4560
10270 CONNECTION 930 627 300 3240 5340 5340
10271 CONNECTION 930 739 300 2580 4680 4680
10272 CONNECTION 930 108 300 3540 5640 5640
10273 CONNECTION 930 191 300 3420 5520 5520
10274 CONNECTION 930 646 300 4260 6360 6360
10275 CONNECTION 930 313 300 5340 7440 7440
10276 CONNECTION 930 827 300 6060 8160 8160
10277 CONNECTION 930 948 300 6840 8940 8940
10278 CONNECTION 930 1124 300 6180 8280 8280
10279 CONNECTION 1079 1080 -1 -1 1620 1620
10280 CONNECTION 1079 79 -1 -1 2400 2400
10281 CONNECTION 1079 147 -1 -1 3840 3840
10282 CONNECTION 1079 171 -1 -1 3000 3000
10283 CONNECTION 1079 626 -1 -1 3480 3480
10284 CONNECTION 1079 353 -1 -1 4020 4020
10285 CONNECTION 1079 268 -1 -1 4200 4200
10286 CONNECTION 1079 374 -1 -1 5640 5640
10287 CONNECTION 1079 334 300 2700 4800 4800
10288 CONNECTION 1079 419 300 2700 4800 4800
10289 CONNECTION 1079 844 300 2700 4800 4800
10290 CONNECTION 1079 1086 300 2700 4800 4800
10291 CONNECTION 1079 443 300 3120 5220 5220
10292 CONNECTION 1079 556 300 3720 5820 5820
10293 CONNECTION 1079 510 300 3900 6000 6000
10294 CONNECTION 1079 575 300 5340 7440 7440
10295 CONNECTION 1079 598 300 4500 6600 6600
10296 CONNECTION 1079 947 300 4980 7080 7080
10297 CONNECTION 1079 129 300 5520 7620 7620
10298 CONNECTION 1079 149 300 7140 9240 9240
10299 CONNECTION 1079 683 300 5700 7800 7800
10300 CONNECTION 1079 741 300 6300 8400 8400
10301 CONNECTION 1079 787 300 6300 8400 8400
10302 CONNECTION 1079 57 300 6300 8400 8400
10303 CONNECTION 464 535 -1 -1 1980 1980
10304 CONNECTION 464 762 -1 -1 2100 2100
10305 CONNECTION 464 719 -1 -1 3780 3780
10306 CONNECTION 464 890 300 3480 5580 5580
10307 CONNECTION 464 1108 300 3600 5700 5700
10308 CONNECTION 464 1039 300 5280 7380 7380
10309 CONNECTION 189 190 -1 -1 2100 2100
10310 CONNECTION 189 486 -1 -1 4320 4320
10311 CONNECTION 189 228 -1 -1 2460 2460
10312 CONNECTION 189 785 -1 -1 3180 3180
10313 CONNECTION 189 312 -1 -1 3900 3900
10314 CONNECTION 189 662 -1 -1 5280 5280
10315 CONNECTION 189 81 -1 -1 3420 3420
10316 CONNECTION 189 290 -1 -1 4020 4020
10317 CONNECTION 189 764 -1 -1 4380 4380
10318 CONNECTION 189 467 300 2160 4260 4260
10319 CONNECTION 189 914 300 2880 4980 4980
10320 CONNECTION 189 538 300 3600 5700 5700
10321 CONNECTION 189 613 300 3600 5700 5700
10322 CONNECTION 189 628 300 5220 7320 7320
10323 CONNECTION 189 270 300 3120 5220 5220
10324 CONNECTION 189 846 300 5820 7920 7920
10325 CONNECTION 189 1088 300 5820 7920 7920
10326 CONNECTION 189 647 300 3960 6060 6060
10327 CONNECTION 189 1116 300 4680 6780 6780
10328 CONNECTION 189 722 300 5400 7500 7500
10329 CONNECTION 189 983 300 6780 8880 8880
10330 CONNECTION 189 512 300 4920 7020 7020
10331 CONNECTION 189 701 300 5520 7620 7620
10332 CONNECTION 189 1110 300 5880 7980 7980
10333 CONNECTION 189 828 300 5760 7860 7860
10334 CONNECTION 189 174 300 6480 8580 8580
10335 SINK 189 7 -1 -1 0 0
10336 CONNECTION 309 310 -1 -1 3000 3000
10337 CONNECTION 309 644 -1 -1 1620 1620
10338 CONNECTION 309 536 -1 -1 4800 4800
10339 CONNECTION 309 763 -1 -1 5220 5220
10340 CONNECTION 309 825 -1 -1 3420 3420
10341 CONNECTION 309 699 -1 -1 5340 5340
10342 CONNECTION 309 56 300 1980 4080 4080
10343 CONNECTION 309 720 300 4500 6600 6600
10344 CONNECTION 309 965 300 3120 5220 5220
10345 CONNECTION 309 891 300 6300 8400 8400
10346 CONNECTION 309 1109 300 6720 8820 8820
10347 CONNECTION 309 35 300 4920 7020 7020
10348 CONNECTION 309 1020 300 6840 8940 8940
10349 CONNECTION 309 487 300 5580 7680 7680
10350 CONNECTION 946 247 -1 -1 4200 4200
10351 CONNECTION 946 700 -1 -1 6300 6300
10352 CONNECTION 946 932 300 4980 7080 7080
10353 CONNECTION 946 663 300 5700 7800 7800
10354 CONNECTION 946 1021 300 7800 9900 9900
10355 CONNECTION 288 289 -1 -1 3480 3480
10356 CONNECTION 288 612 -1 -1 4260 4260
10357 CONNECTION 288 247 -1 -1 4980 4980
10358 CONNECTION 288 700 300 4980 7080 7080
10359 CONNECTION 288 932 300 5760 7860 7860
10360 CONNECTION 288 663 300 6480 8580 8580
10361 CONNECTION 718 645 -1 -1 4020 4020
10362 CONNECTION 718 128 -1 -1 5280 5280
10363 CONNECTION 718 826 300 3720 5820 5820
10364 CONNECTION 718 354 300 4980 7080 7080
10365 CONNECTION 718 966 300 5520 7620 7620
10366 CONNECTION 718 557 300 6780 8880 8880
10367 CONNECTION 416 417 -1 -1 1560 1560
10368 CONNECTION 416 865 -1 -1 1800 1800
10369 CONNECTION 416 393 -1 -1 2760 2760
10370 CONNECTION 416 1019 -1 -1 2400 2400
10371 CONNECTION 416 33 -1 -1 2640 2640
10372 CONNECTION 416 596 -1 -1 3360 3360
10373 CONNECTION 416 107 -1 -1 4080 4080
10374 CONNECTION 416 190 -1 -1 4080 4080
10375 CONNECTION 416 208 -1 -1 5700 5700
10376 CONNECTION 416 1001 -1 -1 3600 3600
10377 CONNECTION 416 1073 -1 -1 3600 3600
10378 CONNECTION 416 486 300 4200 6300 6300
10379 CONNECTION 416 228 300 2340 4440 4440
10380 CONNECTION 416 785 300 3060 5160 5160
10381 CONNECTION 416 312 300 3780 5880 5880
10382 CONNECTION 416 662 300 5160 7260 7260
10383 CONNECTION 416 81 300 3300 5400 5400
10384 CONNECTION 416 290 300 3900 6000 6000
10385 CONNECTION 416 764 300 4260 6360 6360
10386 CONNECTION 416 467 300 4140 6240 6240
10387 CONNECTION 416 914 300 4860 6960 6960
10388 CONNECTION 416 538 300 5580 7680 7680
10389 CONNECTION 416 613 300 5580 7680 7680
10390 CONNECTION 416 628 300 7200 9300 9300
10391 CONNECTION 416 270 300 5100 7200 7200
10392 CONNECTION 416 846 300 7800 9900 9900
10393 CONNECTION 416 1088 300 7800 9900 9900
10394 CONNECTION 416 647 300 5940 8040 8040
10395 SINK 416 7 -1 -1 0 0
10396 CONNECTION 554 1094 -1 -1 3600 3600
10397 CONNECTION 554 1103 -1 -1 3600 3600
10398 CONNECTION 554 442 -1 -1 3180 3180
10399 CONNECTION 554 509 -1 -1 3960 3960
10400 CONNECTION 554 574 -1 -1 3960 3960
10401 CONNECTION 554 172 -1 -1 5400 5400
10402 CONNECTION 554 148 300 3660 5760 5760
10403 CONNECTION 554 682 300 3660 5760 5760
10404 CONNECTION 554 335 300 5100 7200 7200
10405 CONNECTION 554 420 300 5100 7200 7200
10406 CONNECTION 554 806 300 4680 6780 6780
10407 CONNECTION 554 375 300 5460 7560 7560
10408 CONNECTION 554 867 300 5460 7560 7560
10409 CONNECTION 554 599 300 6900 9000 9000
10410 CONNECTION 680 595 -1 -1 1800 1800
10411 CONNECTION 680 106 -1 -1 1980 1980
10412 CONNECTION 680 964 -1 -1 3840 3840
10413 CONNECTION 680 784 -1 -1 3600 3600
10414 CONNECTION 680 311 -1 -1 3780 3780
10415 CONNECTION 680 661 -1 -1 3780 3780
10416 CONNECTION 680 34 -1 -1 5640 5640
10417 CONNECTION 680 913 300 3300 5400 5400
10418 CONNECTION 680 537 300 3480 5580 5580
10419 CONNECTION 680 229 300 5340 7440 7440
10420 CONNECTION 680 1115 300 5100 7200 7200
10421 CONNECTION 680 721 300 5280 7380 7380
10422 CONNECTION 680 982 300 5280 7380 7380
10423 CONNECTION 680 468 300 7140 9240 9240
10424 CONNECTION 245 246 -1 -1 3480 3480
10425 CONNECTION 245 393 -1 -1 2580 2580
10426 CONNECTION 245 1019 -1 -1 2220 2220
10427 CONNECTION 245 33 -1 -1 2460 2460
10428 CONNECTION 245 596 -1 -1 3180 3180
10429 CONNECTION 245 107 -1 -1 3900 3900
10430 CONNECTION 245 190 -1 -1 3900 3900
10431 CONNECTION 245 208 -1 -1 5520 5520
10432 CONNECTION 245 1001 -1 -1 3420 3420
10433 CONNECTION 245 1073 -1 -1 3420 3420
10434 CONNECTION 245 486 -1 -1 6120 6120
10435 CONNECTION 245 228 300 2160 4260 4260
10436 CONNECTION 245 785 300 2880 4980 4980
10437 CONNECTION 245 312 300 3600 5700 5700
10438 CONNECTION 245 662 300 4980 7080 7080
10439 CONNECTION 245 81 300 3120 5220 5220
10440 CONNECTION 245 290 300 3720 5820 5820
10441 CONNECTION 245 764 300 4080 6180 6180
10442 CONNECTION 245 467 300 3960 6060 6060
10443 CONNECTION 245 914 300 4680 6780 6780
10444 CONNECTION 245 538 300 5400 7500 7500
10445 CONNECTION 245 613 300 5400 7500 7500
10446 CONNECTION 245 628 300 7020 9120 9120
10447 CONNECTION 245 270 300 4920 7020 7020
10448 CONNECTION 245 846 300 7620 9720 9720
10449 CONNECTION 245 1088 300 7620 9720 9720
10450 CONNECTION 245 647 300 5760 7860 7860
10451 CONNECTION 245 1116 300 6480 8580 8580
10452 SINK 245 7 -1 -1 0 0
10453 CONNECTION 1036 1037 -1 -1 2100 2100
10454 CONNECTION 1036 393 -1 -1 2580 2580
10455 CONNECTION 1036 1019 -1 -1 2220 2220
10456 CONNECTION 1036 33 -1 -1 2460 2460
10457 CONNECTION 1036 596 -1 -1 3180 3180
10458 CONNECTION 1036 107 -1 -1 3900 3900
10459 CONNECTION 1036 190 -1 -1 3900 3900
10460 CONNECTION 1036 208 -1 -1 5520 5520
10461 CONNECTION 1036 1001 -1 -1 3420 3420
10462 CONNECTION 1036 1073 -1 -1 3420 3420
10463 CONNECTION 1036 486 -1 -1 6120 6120
10464 CONNECTION 1036 228 300 2160 4260 4260
10465 CONNECTION 1036 785 300 2880 4980 4980
10466 CONNECTION 1036 312 300 3600 5700 5700
10467 CONNECTION 1036 662 300 4980 7080 7080
10468 CONNECTION 1036 81 300 3120 5220 5220
10469 CONNECTION 1036 290 300 3720 5820 5820
10470 CONNECTION 1036 764 300 4080 6180 6180
10471 CONNECTION 1036 467 300 3960 6060 6060
10472 CONNECTION 1036 914 300 4680 6780 6780
10473 CONNECTION 1036 538 300 5400 7500 7500
10474 CONNECTION 1036 613 300 5400 7500 7500
10475 CONNECTION 1036 628 300 7020 9120 9120
10476 CONNECTION 1036 270 300 4920 7020 7020
10477 CONNECTION 1036 846 300 7620 9720 9720
10478 CONNECTION 1036 1088 300 7620 9720 9720
10479 CONNECTION 1036 647 300 5760 7860 7860
10480 CONNECTION 1036 1116 300 6480 8580 8580
10481 SINK 1036 7 -1 -1 0 0
10482 CONNECTION 824 825 -1 -1 960 960
10483 CONNECTION 824 56 -1 -1 1620 1620
10484 CONNECTION 824 720 -1 -1 4140 4140
10485 CONNECTION 824 965 -1 -1 2760 2760
10486 CONNECTION 824 891 300 3840 5940 5940
10487 CONNECTION 824 1109 300 4260 6360 6360
10488 CONNECTION 824 35 300 2460 4560 4560
10489 CONNECTION 824 1020 300 4380 6480 6480
10490 CONNECTION 824 487 300 3120 5220 5220
10491 CONNECTION 824 1040 300 5640 7740 7740
10492 CONNECTION 824 230 300 4260 6360 6360
10493 CONNECTION 824 110 300 7440 9540 9540
10494 CONNECTION 824 396 300 7860 9960 9960
10495 CONNECTION 864 865 -1 -1 1200 1200
10496 CONNECTION 864 393 -1 -1 2160 2160
10497 CONNECTION 864 1019 -1 -1 1800 1800
10498 CONNECTION 864 33 -1 -1 2040 2040
10499 CONNECTION 864 596 -1 -1 2760 2760
10500 CONNECTION 864 107 -1 -1 3480 3480
10501 CONNECTION 864 190 -1 -1 3480 3480
10502 CONNECTION 864 208 -1 -1 5100 5100
10503 CONNECTION 864 1001 -1 -1 3000 3000
10504 CONNECTION 864 1073 -1 -1 3000 3000
10505 CONNECTION 864 486 -1 -1 5700 5700
10506 CONNECTION 864 228 -1 -1 3840 3840
10507 CONNECTION 864 785 300 2460 4560 4560
10508 CONNECTION 864 312 300 3180 5280 5280
10509 CONNECTION 864 662 300 4560 6660 6660
10510 CONNECTION 864 81 300 2700 4800 4800
10511 CONNECTION 864 290 300 3300 5400 5400
10512 CONNECTION 864 764 300 3660 5760 5760
10513 CONNECTION 864 467 300 3540 5640 5640
10514 CONNECTION 864 914 300 4260 6360 6360
10515 CONNECTION 864 538 300 4980 7080 7080
10516 CONNECTION 864 613 300 4980 7080 7080
10517 CONNECTION 864 628 300 6600 8700 8700
10518 CONNECTION 864 270 300 4500 6600 6600
10519 CONNECTION 864 846 300 7200 9300 9300
10520 CONNECTION 864 1088 300 7200 9300 9300
10521 CONNECTION 864 647 300 5340 7440 7440
10522 CONNECTION 864 1116 300 6060 8160 8160
10523 CONNECTION 864 722 300 6780 8880 8880
10524 CONNECTION 864 983 300 8160 10260 10260
10525 SINK 864 7 -1 -1 0 0
10526 CONNECTION 226 227 -1 -1 2100 2100
10527 CONNECTION 226 1038 -1 -1 3180 3180
10528 CONNECTION 226 466 -1 -1 3900 3900
10529 CONNECTION 226 627 -1 -1 4680 4680
10530 CONNECTION 226 739 -1 -1 4020 4020
10531 CONNECTION 226 108 300 2880 4980 4980
10532 CONNECTION 226 191 300 2760 4860 4860
10533 CONNECTION 226 646 300 3600 5700 5700
10534 CONNECTION 226 313 300 4680 6780 6780
10535 CONNECTION 226 827 300 5400 7500 7500
10536 CONNECTION 226 948 300 6180 8280 8280
10537 CONNECTION 226 1124 300 5520 7620 7620
10538 CONNECTION 226 539 300 6480 8580 8580
10539 CONNECTION 226 614 300 6360 8460 8460
10540 CONNECTION 843 762 -1 -1 1440 1440
10541 CONNECTION 843 719 -1 -1 3120 3120
10542 CONNECTION 843 890 300 2820 4920 4920
10543 CONNECTION 843 1108 300 2940 5040 5040
10544 CONNECTION 843 1039 300 4620 6720 6720
10545 CONNECTION 1063 762 -1 -1 1440 1440
10546 CONNECTION 1063 719 -1 -1 3120 3120
10547 CONNECTION 1063 890 300 2820 4920 4920
10548 CONNECTION 1063 1108 300 2940 5040 5040
10549 CONNECTION 1063 1039 300 4620 6720 6720
10550 CONNECTION 78 79 -1 -1 1620 1620
10551 CONNECTION 78 626 -1 -1 2700 2700
10552 CONNECTION 78 353 -1 -1 3240 3240
10553 CONNECTION 78 268 -1 -1 3420 3420
10554 CONNECTION 78 374 -1 -1 4860 4860
10555 CONNECTION 78 334 -1 -1 4020 4020
10556 CONNECTION 78 419 -1 -1 4020 4020
10557 CONNECTION 78 844 -1 -1 4020 4020
10558 CONNECTION 78 1086 -1 -1 4020 4020
10559 CONNECTION 78 443 -1 -1 4440 4440
10560 CONNECTION 78 556 300 2940 5040 5040
10561 CONNECTION 78 510 300 3120 5220 5220
10562 CONNECTION 78 575 300 4560 6660 6660
10563 CONNECTION 78 598 300 3720 5820 5820
10564 CONNECTION 78 947 300 4200 6300 6300
10565 CONNECTION 78 129 300 4740 6840 6840
10566 CONNECTION 78 149 300 6360 8460 8460
10567 CONNECTION 78 683 300 4920 7020 7020
10568 CONNECTION 78 741 300 5520 7620 7620
10569 CONNECTION 78 787 300 5520 7620 7620
10570 CONNECTION 78 57 300 5520 7620 7620
10571 CONNECTION 78 807 300 5940 8040 8040
10572 CONNECTION 78 355 300 6540 8640 8640
10573 CONNECTION 146 147 -1 -1 3060 3060
10574 CONNECTION 146 626 -1 -1 2700 2700
10575 CONNECTION 146 353 -1 -1 3240 3240
10576 CONNECTION 146 268 -1 -1 3420 3420
10577 CONNECTION 146 374 -1 -1 4860 4860
10578 CONNECTION 146 334 -1 -1 4020 4020
10579 CONNECTION 146 419 -1 -1 4020 4020
10580 CONNECTION 146 844 -1 -1 4020 4020
10581 CONNECTION 146 1086 -1 -1 4020 4020
10582 CONNECTION 146 443 -1 -1 4440 4440
10583 CONNECTION 146 556 300 2940 5040 5040
10584 CONNECTION 146 510 300 3120 5220 5220
10585 CONNECTION 146 575 300 4560 6660 6660
10586 CONNECTION 146 598 300 3720 5820 5820
10587 CONNECTION 146 947 300 4200 6300 6300
10588 CONNECTION 146 129 300 4740 6840 6840
10589 CONNECTION 146 149 300 6360 8460 8460
10590 CONNECTION 146 683 300 4920 7020 7020
10591 CONNECTION 146 741 300 5520 7620 7620
10592 CONNECTION 146 787 300 5520 7620 7620
10593 CONNECTION 146 57 300 5520 7620 7620
10594 CONNECTION 146 807 300 5940 8040 8040
10595 CONNECTION 146 355 300 6540 8640 8640
10596 CONNECTION 441 442 -1 -1 1860 1860
10597 CONNECTION 441 509 -1 -1 2640 2640
10598 CONNECTION 441 574 -1 -1 2640 2640
10599 CONNECTION 441 172 -1 -1 4080 4080
10600 CONNECTION 441 148 -1 -1 4440 4440
10601 CONNECTION 441 682 -1 -1 4440 4440
10602 CONNECTION 441 335 300 3780 5880 5880
10603 CONNECTION 441 420 300 3780 5880 5880
10604 CONNECTION 441 806 300 3360 5460 5460
10605 CONNECTION 441 375 300 4140 6240 6240
10606 CONNECTION 441 867 300 4140 6240 6240
10607 CONNECTION 441 599 300 5580 7680 7680
10608 CONNECTION 441 576 300 5940 8040 8040
10609 CONNECTION 441 1003 300 5940 8040 8040
10610 CONNECTION 441 1096 300 5940 8040 8040
10611 CONNECTION 441 742 300 7380 9480 9480
10612 CONNECTION 441 788 300 7380 9480 9480
10613 CONNECTION 1085 171 -1 -1 2460 2460
10614 CONNECTION 1085 626 -1 -1 2940 2940
10615 CONNECTION 1085 353 -1 -1 3480 3480
10616 CONNECTION 1085 268 -1 -1 3660 3660
10617 CONNECTION 1085 374 -1 -1 5100 5100
10618 CONNECTION 1085 334 -1 -1 4260 4260
10619 CONNECTION 1085 419 -1 -1 4260 4260
10620 CONNECTION 1085 844 -1 -1 4260 4260
10621 CONNECTION 1085 1086 -1 -1 4260 4260
10622 CONNECTION 1085 443 300 2580 4680 4680
10623 CONNECTION 1085 556 300 3180 5280 5280
10624 CONNECTION 1085 510 300 3360 5460 5460
10625 CONNECTION 1085 575 300 4800 6900 6900
10626 CONNECTION 1085 598 300 3960 6060 6060
10627 CONNECTION 1085 947 300 4440 6540 6540
10628 CONNECTION 1085 129 300 4980 7080 7080
10629 CONNECTION 1085 149 300 6600 8700 8700
10630 CONNECTION 1085 683 300 5160 7260 7260
10631 CONNECTION 1085 741 300 5760 7860 7860
10632 CONNECTION 1085 787 300 5760 7860 7860
10633 CONNECTION 1085 57 300 5760 7860 7860
10634 CONNECTION 1085 807 300 6180 8280 8280
10635 CONNECTION 1085 355 300 6780 8880 8880
10636 CONNECTION 573 128 -1 -1 3720 3720
10637 CONNECTION 573 826 -1 -1 4260 4260
10638 CONNECTION 573 354 -1 -1 5520 5520
10639 CONNECTION 573 966 300 3960 6060 6060
10640 CONNECTION 573 557 300 5220 7320 7320
10641 CONNECTION 573 36 300 5760 7860 7860
10642 CONNECTION 573 130 300 7020 9120 9120
10643 CONNECTION 999 1000 -1 -1 1560 1560
10644 CONNECTION 999 485 -1 -1 2160 2160
10645 CONNECTION 999 333 -1 -1 2340 2340
10646 CONNECTION 999 418 -1 -1 2340 2340
10647 CONNECTION 999 10 -1 -1 2460 2460
10648 CONNECTION 999 1081 -1 -1 2460 2460
10649 CONNECTION 999 80 -1 -1 3360 3360
10650 CONNECTION 999 394 -1 -1 3540 3540
10651 CONNECTION 999 597 -1 -1 4140 4140
10652 CONNECTION 999 269 300 3060 5160 5160
10653 CONNECTION 999 845 300 3660 5760 5760
10654 CONNECTION 999 1087 300 3660 5760 5760
10655 CONNECTION 999 740 300 3840 5940 5940
10656 CONNECTION 999 786 300 3840 5940 5940
10657 CONNECTION 999 444 300 3960 6060 6060
10658 CONNECTION 999 511 300 4860 6960 6960
10659 CONNECTION 999 765 300 5040 7140 7140
10660 CONNECTION 999 915 300 5640 7740 7740
10661 CONNECTION 1071 1072 -1 -1 1560 1560
10662 CONNECTION 1071 485 -1 -1 2160 2160
10663 CONNECTION 1071 333 -1 -1 2340 2340
10664 CONNECTION 1071 418 -1 -1 2340 2340
10665 CONNECTION 1071 10 -1 -1 2460 2460
10666 CONNECTION 1071 1081 -1 -1 2460 2460
10667 CONNECTION 1071 80 -1 -1 3360 3360
10668 CONNECTION 1071 394 -1 -1 3540 3540
10669 CONNECTION 1071 597 -1 -1 4140 4140
10670 CONNECTION 1071 269 300 3060 5160 5160
10671 CONNECTION 1071 845 300 3660 5760 5760
10672 CONNECTION 1071 1087 300 3660 5760 5760
10673 CONNECTION 1071 740 300 3840 5940 5940
10674 CONNECTION 1071 786 300 3840 5940 5940
10675 CONNECTION 1071 444 300 3960 6060 6060
10676 CONNECTION 1071 511 300 4860 6960 6960
10677 CONNECTION 1071 765 300 5040 7140 7140
10678 CONNECTION 1071 915 300 5640 7740 7740
10679 CONNECTION 32 33 -1 -1 1200 1200
10680 CONNECTION 32 107 -1 -1 2640 2640
10681 CONNECTION 32 190 -1 -1 2640 2640
10682 CONNECTION 32 208 -1 -1 4260 4260
10683 CONNECTION 32 1001 -1 -1 2160 2160
10684 CONNECTION 32 1073 -1 -1 2160 2160
10685 CONNECTION 32 486 -1 -1 4860 4860
10686 CONNECTION 32 228 -1 -1 3000 3000
10687 CONNECTION 32 785 -1 -1 3720 3720
10688 CONNECTION 32 312 -1 -1 4440 4440
10689 CONNECTION 32 662 -1 -1 5820 5820
10690 CONNECTION 32 81 -1 -1 3960 3960
10691 CONNECTION 32 290 300 2460 4560 4560
10692 CONNECTION 32 764 300 2820 4920 4920
10693 CONNECTION 32 467 300 2700 4800 4800
10694 CONNECTION 32 914 300 3420 5520 5520
10695 CONNECTION 32 538 300 4140 6240 6240
10696 CONNECTION 32 613 300 4140 6240 6240
10697 CONNECTION 32 628 300 5760 7860 7860
10698 CONNECTION 32 270 300 3660 5760 5760
10699 CONNECTION 32 846 300 6360 8460 8460
10700 CONNECTION 32 1088 300 6360 8460 8460
10701 CONNECTION 32 647 300 4500 6600 6600
10702 CONNECTION 32 1116 300 5220 7320 7320
10703 CONNECTION 32 722 300 5940 8040 8040
10704 CONNECTION 32 983 300 7320 9420 9420
10705 CONNECTION 32 512 300 5460 7560 7560
10706 CONNECTION 32 701 300 6060 8160 8160
10707 CONNECTION 32 1110 300 6420 8520 8520
10708 SINK 32 7 -1 -1 0 0
10709 CONNECTION 352 353 -1 -1 1860 1860
10710 CONNECTION 352 334 -1 -1 2640 2640
10711 CONNECTION 352 419 -1 -1 2640 2640
10712 CONNECTION 352 844 -1 -1 2640 2640
10713 CONNECTION 352 1086 -1 -1 2640 2640
10714 CONNECTION 352 443 -1 -1 3060 3060
10715 CONNECTION 352 556 -1 -1 3660 3660
10716 CONNECTION 352 510 -1 -1 3840 3840
10717 CONNECTION 352 575 -1 -1 5280 5280
10718 CONNECTION 352 598 -1 -1 4440 4440
10719 CONNECTION 352 947 300 2820 4920 4920
10720 CONNECTION 352 129 300 3360 5460 5460
10721 CONNECTION 352 149 300 4980 7080 7080
10722 CONNECTION 352 683 300 3540 5640 5640
10723 CONNECTION 352 741 300 4140 6240 6240
10724 CONNECTION 352 787 300 4140 6240 6240
10725 CONNECTION 352 57 300 4140 6240 6240
10726 CONNECTION 352 807 300 4560 6660 6660
10727 CONNECTION 352 355 300 5160 7260 7260
10728 CONNECTION 352 376 300 6780 8880 8880
10729 CONNECTION 352 868 300 5340 7440 7440
10730 CONNECTION 352 916 300 5940 8040 8040
10731 CONNECTION 352 209 300 6420 8520 8520
10732 CONNECTION 55 56 -1 -1 960 960
10733 CONNECTION 55 720 -1 -1 3480 3480
10734 CONNECTION 55 965 -1 -1 2100 2100
10735 CONNECTION 55 891 -1 -1 5280 5280
10736 CONNECTION 55 1109 -1 -1 5700 5700
10737 CONNECTION 55 35 300 1800 3900 3900
10738 CONNECTION 55 1020 300 3720 5820 5820
10739 CONNECTION 55 487 300 2460 4560 4560
10740 CONNECTION 55 1040 300 4980 7080 7080
10741 CONNECTION 55 230 300 3600 5700 5700
10742 CONNECTION 55 110 300 6780 8880 8880
10743 CONNECTION 55 396 300 7200 9300 9300
10744 CONNECTION 55 469 300 5400 7500 7500
10745 CONNECTION 55 291 300 7320 9420 9420
10746 CONNECTION 310 311 -1 -1 1200 1200
10747 CONNECTION 310 913 -1 -1 2820 2820
10748 CONNECTION 310 537 -1 -1 3000 3000
10749 CONNECTION 310 229 -1 -1 4860 4860
10750 CONNECTION 310 1115 300 2520 4620 4620
10751 CONNECTION 310 721 300 2700 4800 4800
10752 CONNECTION 310 982 300 2700 4800 4800
10753 CONNECTION 310 468 300 4560 6660 6660
10754 CONNECTION 310 173 300 4320 6420 6420
10755 CONNECTION 310 892 300 4500 6600 6600
10756 CONNECTION 310 648 300 6360 8460 8460
10757 CONNECTION 310 421 300 6120 8220 8220
10758 CONNECTION 1093 1094 -1 -1 2820 2820
10759 CONNECTION 1093 442 -1 -1 2400 2400
10760 CONNECTION 1093 509 -1 -1 3180 3180
10761 CONNECTION 1093 574 -1 -1 3180 3180
10762 CONNECTION 1093 172 -1 -1 4620 4620
10763 CONNECTION 1093 148 300 2880 4980 4980
10764 CONNECTION 1093 682 300 2880 4980 4980
10765 CONNECTION 1093 335 300 4320 6420 6420
10766 CONNECTION 1093 420 300 4320 6420 6420
10767 CONNECTION 1093 806 300 3900 6000 6000
10768 CONNECTION 1093 375 300 4680 6780 6780
10769 CONNECTION 1093 867 300 4680 6780 6780
10770 CONNECTION 1093 599 300 6120 8220 8220
10771 CONNECTION 1093 576 300 6480 8580 8580
10772 CONNECTION 1093 1003 300 6480 8580 8580
10773 CONNECTION 1093 1096 300 6480 8580 8580
10774 CONNECTION 1102 1103 -1 -1 2820 2820
10775 CONNECTION 1102 442 -1 -1 2400 2400
10776 CONNECTION 1102 509 -1 -1 3180 3180
10777 CONNECTION 1102 574 -1 -1 3180 3180
10778 CONNECTION 1102 172 -1 -1 4620 4620
10779 CONNECTION 1102 148 300 2880 4980 4980
10780 CONNECTION 1102 682 300 2880 4980 4980
10781 CONNECTION 1102 335 300 4320 6420 6420
10782 CONNECTION 1102 420 300 4320 6420 6420
10783 CONNECTION 1102 806 300 3900 6000 6000
10784 CONNECTION 1102 375 300 4680 6780 6780
10785 CONNECTION 1102 867 300 4680 6780 6780
10786 CONNECTION 1102 599 300 6120 8220 8220
10787 CONNECTION 1102 576 300 6480 8580 8580
10788 CONNECTION 1102 1003 300 6480 8580 8580
10789 CONNECTION 1102 1096 300 6480 8580 8580
10790 CONNECTION 912 866 -1 -1 3900 3900
10791 CONNECTION 912 1002 -1 -1 5700 5700
10792 CONNECTION 912 1095 -1 -1 5700 5700
10793 CONNECTION 912 11 300 4620 6720 6720
10794 CONNECTION 912 1104 300 4620 6720 6720
10795 CONNECTION 912 82 300 5400 7500 7500
10796 CONNECTION 912 271 300 7200 9300 9300
10797 CONNECTION 963 964 -1 -1 3000 3000
10798 CONNECTION 963 784 -1 -1 2760 2760
10799 CONNECTION 963 311 -1 -1 2940 2940
10800 CONNECTION 963 661 -1 -1 2940 2940
10801 CONNECTION 963 34 -1 -1 4800 4800
10802 CONNECTION 963 913 300 2460 4560 4560
10803 CONNECTION 963 537 300 2640 4740 4740
10804 CONNECTION 963 229 300 4500 6600 6600
10805 CONNECTION 963 1115 300 4260 6360 6360
10806 CONNECTION 963 721 300 4440 6540 6540
10807 CONNECTION 963 982 300 4440 6540 6540
10808 CONNECTION 963 468 300 6300 8400 8400
10809 CONNECTION 963 173 300 6060 8160 8160
10810 CONNECTION 170 171 -1 -1 1860 1860
10811 CONNECTION 170 353 -1 -1 2880 2880
10812 CONNECTION 170 268 -1 -1 3060 3060
10813 CONNECTION 170 374 -1 -1 4500 4500
10814 CONNECTION 170 334 -1 -1 3660 3660
10815 CONNECTION 170 419 -1 -1 3660 3660
10816 CONNECTION 170 844 -1 -1 3660 3660
10817 CONNECTION 170 1086 -1 -1 3660 3660
10818 CONNECTION 170 443 -1 -1 4080 4080
10819 CONNECTION 170 556 -1 -1 4680 4680
10820 CONNECTION 170 510 300 2760 4860 4860
10821 CONNECTION 170 575 300 4200 6300 6300
10822 CONNECTION 170 598 300 3360 5460 5460
10823 CONNECTION 170 947 300 3840 5940 5940
10824 CONNECTION 170 129 300 4380 6480 6480
10825 CONNECTION 170 149 300 6000 8100 8100
10826 CONNECTION 170 683 300 4560 6660 6660
10827 CONNECTION 170 741 300 5160 7260 7260
10828 CONNECTION 170 787 300 5160 7260 7260
10829 CONNECTION 170 57 300 5160 7260 7260
10830 CONNECTION 170 807 300 5580 7680 7680
10831 CONNECTION 170 355 300 6180 8280 8280
10832 CONNECTION 170 376 300 7800 9900 9900
10833 CONNECTION 170 868 300 6360 8460 8460
10834 CONNECTION 484 485 -1 -1 1560 1560
10835 CONNECTION 484 80 -1 -1 2760 2760
10836 CONNECTION 484 394 -1 -1 2940 2940
10837 CONNECTION 484 597 -1 -1 3540 3540
10838 CONNECTION 484 269 300 2460 4560 4560
10839 CONNECTION 484 845 300 3060 5160 5160
10840 CONNECTION 484 1087 300 3060 5160 5160
10841 CONNECTION 484 740 300 3240 5340 5340
10842 CONNECTION 484 786 300 3240 5340 5340
10843 CONNECTION 484 444 300 3360 5460 5460
10844 CONNECTION 484 511 300 4260 6360 6360
10845 CONNECTION 484 765 300 4440 6540 6540
10846 CONNECTION 484 915 300 5040 7140 7140
10847 CONNECTION 484 684 300 6060 8160 8160
10848 CONNECTION 508 509 -1 -1 1860 1860
10849 CONNECTION 508 172 -1 -1 3300 3300
10850 CONNECTION 508 148 -1 -1 3660 3660
10851 CONNECTION 508 682 -1 -1 3660 3660
10852 CONNECTION 508 335 -1 -1 5100 5100
10853 CONNECTION 508 420 -1 -1 5100 5100
10854 CONNECTION 508 806 -1 -1 4680 4680
10855 CONNECTION 508 375 300 3360 5460 5460
10856 CONNECTION 508 867 300 3360 5460 5460
10857 CONNECTION 508 599 300 4800 6900 6900
10858 CONNECTION 508 576 300 5160 7260 7260
10859 CONNECTION 508 1003 300 5160 7260 7260
10860 CONNECTION 508 1096 300 5160 7260 7260
10861 CONNECTION 508 742 300 6600 8700 8700
10862 CONNECTION 508 788 300 6600 8700 8700
10863 CONNECTION 508 12 300 6180 8280 8280
10864 CONNECTION 508 1105 300 6180 8280 8280
10865 CONNECTION 417 418 -1 -1 1620 1620
10866 CONNECTION 417 80 -1 -1 2640 2640
10867 CONNECTION 417 394 -1 -1 2820 2820
10868 CONNECTION 417 597 -1 -1 3420 3420
10869 CONNECTION 417 269 -1 -1 4440 4440
10870 CONNECTION 417 845 300 2940 5040 5040
10871 CONNECTION 417 1087 300 2940 5040 5040
10872 CONNECTION 417 740 300 3120 5220 5220
10873 CONNECTION 417 786 300 3120 5220 5220
10874 CONNECTION 417 444 300 3240 5340 5340
10875 CONNECTION 417 511 300 4140 6240 6240
10876 CONNECTION 417 765 300 4320 6420 6420
10877 CONNECTION 417 915 300 4920 7020 7020
10878 CONNECTION 417 684 300 5940 8040 8040
10879 CONNECTION 417 58 300 6540 8640 8640
10880 CONNECTION 981 720 -1 -1 3480 3480
10881 CONNECTION 981 965 -1 -1 2100 2100
10882 CONNECTION 981 891 -1 -1 5280 5280
10883 CONNECTION 981 1109 -1 -1 5700 5700
10884 CONNECTION 981 35 300 1800 3900 3900
10885 CONNECTION 981 1020 300 3720 5820 5820
10886 CONNECTION 981 487 300 2460 4560 4560
10887 CONNECTION 981 1040 300 4980 7080 7080
10888 CONNECTION 981 230 300 3600 5700 5700
10889 CONNECTION 981 110 300 6780 8880 8880
10890 CONNECTION 981 396 300 7200 9300 9300
10891 CONNECTION 981 469 300 5400 7500 7500
10892 CONNECTION 981 291 300 7320 9420 9420
10893 CONNECTION 207 208 -1 -1 3480 3480
10894 CONNECTION 207 486 -1 -1 4080 4080
10895 CONNECTION 207 228 -1 -1 2220 2220
10896 CONNECTION 207 785 -1 -1 2940 2940
10897 CONNECTION 207 312 -1 -1 3660 3660
10898 CONNECTION 207 662 -1 -1 5040 5040
10899 CONNECTION 207 81 -1 -1 3180 3180
10900 CONNECTION 207 290 -1 -1 3780 3780
10901 CONNECTION 207 764 -1 -1 4140 4140
10902 CONNECTION 207 467 -1 -1 4020 4020
10903 CONNECTION 207 914 300 2640 4740 4740
10904 CONNECTION 207 538 300 3360 5460 5460
10905 CONNECTION 207 613 300 3360 5460 5460
10906 CONNECTION 207 628 300 4980 7080 7080
10907 CONNECTION 207 270 300 2880 4980 4980
10908 CONNECTION 207 846 300 5580 7680 7680
10909 CONNECTION 207 1088 300 5580 7680 7680
10910 CONNECTION 207 647 300 3720 5820 5820
10911 CONNECTION 207 1116 300 4440 6540 6540
10912 CONNECTION 207 722 300 5160 7260 7260
10913 CONNECTION 207 983 300 6540 8640 8640
10914 CONNECTION 207 512 300 4680 6780 6780
10915 CONNECTION 207 701 300 5280 7380 7380
10916 CONNECTION 207 1110 300 5640 7740 7740
10917 CONNECTION 207 828 300 5520 7620 7620
10918 CONNECTION 207 174 300 6240 8340 8340
10919 CONNECTION 207 893 300 6960 9060 9060
10920 CONNECTION 207 933 300 6960 9060 9060
10921 SINK 207 7 -1 -1 0 0
10922 CONNECTION 332 333 -1 -1 1620 1620
10923 CONNECTION 332 80 -1 -1 2640 2640
10924 CONNECTION 332 394 -1 -1 2820 2820
10925 CONNECTION 332 597 -1 -1 3420 3420
10926 CONNECTION 332 269 -1 -1 4440 4440
10927 CONNECTION 332 845 300 2940 5040 5040
10928 CONNECTION 332 1087 300 2940 5040 5040
10929 CONNECTION 332 740 300 3120 5220 5220
10930 CONNECTION 332 786 300 3120 5220 5220
10931 CONNECTION 332 444 300 3240 5340 5340
10932 CONNECTION 332 511 300 4140 6240 6240
10933 CONNECTION 332 765 300 4320 6420 6420
10934 CONNECTION 332 915 300 4920 7020 7020
10935 CONNECTION 332 684 300 5940 8040 8040
10936 CONNECTION 332 58 300 6540 8640 8640
10937 CONNECTION 246 247 -1 -1 2640 2640
10938 CONNECTION 246 700 -1 -1 4740 4740
10939 CONNECTION 246 932 -1 -1 5520 5520
10940 CONNECTION 246 663 300 4140 6240 6240
10941 CONNECTION 246 1021 300 6240 8340 8340
10942 CONNECTION 246 192 300 7020 9120 9120
10943 CONNECTION 1037 1038 -1 -1 2040 2040
10944 CONNECTION 1037 466 -1 -1 2760 2760
10945 CONNECTION 1037 627 -1 -1 3540 3540
10946 CONNECTION 1037 739 -1 -1 2880 2880
10947 CONNECTION 1037 108 -1 -1 3840 3840
10948 CONNECTION 1037 191 -1 -1 3720 3720
10949 CONNECTION 1037 646 -1 -1 4560 4560
10950 CONNECTION 1037 313 300 3540 5640 5640
10951 CONNECTION 1037 827 300 4260 6360 6360
10952 CONNECTION 1037 948 300 5040 7140 7140
10953 CONNECTION 1037 1124 300 4380 6480 6480
10954 CONNECTION 1037 539 300 5340 7440 7440
10955 CONNECTION 1037 614 300 5220 7320 7320
10956 CONNECTION 1037 967 300 6060 8160 8160
10957 CONNECTION 9 10 -1 -1 1440 1440
10958 CONNECTION 9 80 -1 -1 2340 2340
10959 CONNECTION 9 394 -1 -1 2520 2520
10960 CONNECTION 9 597 -1 -1 3120 3120
10961 CONNECTION 9 269 -1 -1 4140 4140
10962 CONNECTION 9 845 300 2640 4740 4740
10963 CONNECTION 9 1087 300 2640 4740 4740
10964 CONNECTION 9 740 300 2820 4920 4920
10965 CONNECTION 9 786 300 2820 4920 4920
10966 CONNECTION 9 444 300 2940 5040 5040
10967 CONNECTION 9 511 300 3840 5940 5940
10968 CONNECTION 9 765 300 4020 6120 6120
10969 CONNECTION 9 915 300 4620 6720 6720
10970 CONNECTION 9 684 300 5640 7740 7740
10971 CONNECTION 9 58 300 6240 8340 8340
10972 CONNECTION 9 1117 300 6420 8520 8520
10973 CONNECTION 9 1125 300 6420 8520 8520
10974 CONNECTION 644 719 -1 -1 1980 1980
10975 CONNECTION 644 890 -1 -1 3780 3780
10976 CONNECTION 644 1108 300 1800 3900 3900
10977 CONNECTION 644 1039 300 3480 5580 5580
10978 CONNECTION 644 109 300 5280 7380 7380
10979 CONNECTION 644 395 300 5400 7500 7500
10980 CONNECTION 1080 1081 -1 -1 1440 1440
10981 CONNECTION 1080 80 -1 -1 2340 2340
10982 CONNECTION 1080 394 -1 -1 2520 2520
10983 CONNECTION 1080 597 -1 -1 3120 3120
10984 CONNECTION 1080 269 -1 -1 4140 4140
10985 CONNECTION 1080 845 300 2640 4740 4740
10986 CONNECTION 1080 1087 300 2640 4740 4740
10987 CONNECTION 1080 740 300 2820 4920 4920
10988 CONNECTION 1080 786 300 2820 4920 4920
10989 CONNECTION 1080 444 300 2940 5040 5040
10990 CONNECTION 1080 511 300 3840 5940 5940
10991 CONNECTION 1080 765 300 4020 6120 6120
10992 CONNECTION 1080 915 300 4620 6720 6720
10993 CONNECTION 1080 684 300 5640 7740 7740
10994 CONNECTION 1080 58 300 6240 8340 8340
10995 CONNECTION 1080 1117 300 6420 8520 8520
10996 CONNECTION 1080 1125 300 6420 8520 8520
10997 CONNECTION 535 536 -1 -1 3000 3000
10998 CONNECTION 535 825 -1 -1 1620 1620
10999 CONNECTION 535 699 -1 -1 3540 3540
11000 CONNECTION 535 56 -1 -1 2280 2280
11001 CONNECTION 535 720 -1 -1 4800 4800
11002 CONNECTION 535 965 -1 -1 3420 3420
11003 CONNECTION 535 891 300 4500 6600 6600
11004 CONNECTION 535 1109 300 4920 7020 7020
11005 CONNECTION 535 35 300 3120 5220 5220
11006 CONNECTION 535 1020 300 5040 7140 7140
11007 CONNECTION 535 487 300 3780 5880 5880
11008 CONNECTION 535 1040 300 6300 8400 8400
11009 CONNECTION 535 230 300 4920 7020 7020
11010 CONNECTION 889 826 -1 -1 4020 4020
11011 CONNECTION 889 354 -1 -1 5280 5280
11012 CONNECTION 889 966 300 3720 5820 5820
11013 CONNECTION 889 557 300 4980 7080 7080
11014 CONNECTION 889 36 300 5520 7620 7620
11015 CONNECTION 889 130 300 6780 8880 8880
11016 CONNECTION 931 334 -1 -1 2640 2640
11017 CONNECTION 931 419 -1 -1 2640 2640
11018 CONNECTION 931 844 -1 -1 2640 2640
11019 CONNECTION 931 1086 -1 -1 2640 2640
11020 CONNECTION 931 443 -1 -1 3060 3060
11021 CONNECTION 931 556 -1 -1 3660 3660
11022 CONNECTION 931 510 -1 -1 3840 3840
11023 CONNECTION 931 575 -1 -1 5280 5280
11024 CONNECTION 931 598 -1 -1 4440 4440
11025 CONNECTION 931 947 300 2820 4920 4920
11026 CONNECTION 931 129 300 3360 5460 5460
11027 CONNECTION 931 149 300 4980 7080 7080
11028 CONNECTION 931 683 300 3540 5640 5640
11029 CONNECTION 931 741 300 4140 6240 6240
11030 CONNECTION 931 787 300 4140 6240 6240
11031 CONNECTION 931 57 300 4140 6240 6240
11032 CONNECTION 931 807 300 4560 6660 6660
11033 CONNECTION 931 355 300 5160 7260 7260
11034 CONNECTION 931 376 300 6780 8880 8880
11035 CONNECTION 931 868 300 5340 7440 7440
11036 CONNECTION 931 916 300 5940 8040 8040
11037 CONNECTION 931 209 300 6420 8520 8520
11038 CONNECTION 762 763 -1 -1 3300 3300
11039 CONNECTION 762 825 -1 -1 1500 1500
11040 CONNECTION 762 699 -1 -1 3420 3420
11041 CONNECTION 762 56 -1 -1 2160 2160
11042 CONNECTION 762 720 -1 -1 4680 4680
11043 CONNECTION 762 965 -1 -1 3300 3300
11044 CONNECTION 762 891 300 4380 6480 6480
11045 CONNECTION 762 1109 300 4800 6900 6900
11046 CONNECTION 762 35 300 3000 5100 5100
11047 CONNECTION 762 1020 300 4920 7020 7020
11048 CONNECTION 762 487 300 3660 5760 5760
11049 CONNECTION 762 1040 300 6180 8280 8280
11050 CONNECTION 762 230 300 4800 6900 6900
11051 CONNECTION 762 110 300 7980 10080 10080
11052 CONNECTION 127 172 -1 -1 3600 3600
11053 CONNECTION 127 148 -1 -1 3960 3960
11054 CONNECTION 127 682 -1 -1 3960 3960
11055 CONNECTION 127 335 -1 -1 5400 5400
11056 CONNECTION 127 420 -1 -1 5400 5400
11057 CONNECTION 127 806 300 2880 4980 4980
11058 CONNECTION 127 375 300 3660 5760 5760
11059 CONNECTION 127 867 300 3660 5760 5760
11060 CONNECTION 127 599 300 5100 7200 7200
11061 CONNECTION 127 576 300 5460 7560 7560
11062 CONNECTION 127 1003 300 5460 7560 7560
11063 CONNECTION 127 1096 300 5460 7560 7560
11064 CONNECTION 127 742 300 6900 9000 9000
11065 CONNECTION 127 788 300 6900 9000 9000
11066 CONNECTION 127 12 300 6480 8580 8580
11067 CONNECTION 127 1105 300 6480 8580 8580
11068 CONNECTION 595 596 -1 -1 1560 1560
11069 CONNECTION 595 1001 -1 -1 1800 1800
11070 CONNECTION 595 1073 -1 -1 1800 1800
11071 CONNECTION 595 486 -1 -1 4500 4500
11072 CONNECTION 595 228 -1 -1 2640 2640
11073 CONNECTION 595 785 -1 -1 3360 3360
11074 CONNECTION 595 312 -1 -1 4080 4080
11075 CONNECTION 595 662 -1 -1 5460 5460
11076 CONNECTION 595 81 -1 -1 3600 3600
11077 CONNECTION 595 290 300 2100 4200 4200
11078 CONNECTION 595 764 300 2460 4560 4560
11079 CONNECTION 595 467 300 2340 4440 4440
11080 CONNECTION 595 914 300 3060 5160 5160
11081 CONNECTION 595 538 300 3780 5880 5880
11082 CONNECTION 595 613 300 3780 5880 5880
11083 CONNECTION 595 628 300 5400 7500 7500
11084 CONNECTION 595 270 300 3300 5400 5400
11085 CONNECTION 595 846 300 6000 8100 8100
11086 CONNECTION 595 1088 300 6000 8100 8100
11087 CONNECTION 595 647 300 4140 6240 6240
11088 CONNECTION 595 1116 300 4860 6960 6960
11089 CONNECTION 595 722 300 5580 7680 7680
11090 CONNECTION 595 983 300 6960 9060 9060
11091 CONNECTION 595 512 300 5100 7200 7200
11092 CONNECTION 595 701 300 5700 7800 7800
11093 CONNECTION 595 1110 300 6060 8160 8160
11094 CONNECTION 595 828 300 5940 8040 8040
11095 SINK 595 7 -1 -1 0 0
11096 CONNECTION 865 784 -1 -1 1800 1800
11097 CONNECTION 865 311 -1 -1 1980 1980
11098 CONNECTION 865 661 -1 -1 1980 1980
11099 CONNECTION 865 34 -1 -1 3840 3840
11100 CONNECTION 865 913 -1 -1 3600 3600
11101 CONNECTION 865 537 -1 -1 3780 3780
11102 CONNECTION 865 229 -1 -1 5640 5640
11103 CONNECTION 865 1115 300 3300 5400 5400
11104 CONNECTION 865 721 300 3480 5580 5580
11105 CONNECTION 865 982 300 3480 5580 5580
11106 CONNECTION 865 468 300 5340 7440 7440
11107 CONNECTION 865 173 300 5100 7200 7200
11108 CONNECTION 865 892 300 5280 7380 7380
11109 CONNECTION 865 648 300 7140 9240 9240
11110 CONNECTION 106 107 -1 -1 2100 2100
11111 CONNECTION 106 486 -1 -1 4320 4320
11112 CONNECTION 106 228 -1 -1 2460 2460
11113 CONNECTION 106 785 -1 -1 3180 3180
11114 CONNECTION 106 312 -1 -1 3900 3900
11115 CONNECTION 106 662 -1 -1 5280 5280
11116 CONNECTION 106 81 -1 -1 3420 3420
11117 CONNECTION 106 290 -1 -1 4020 4020
11118 CONNECTION 106 764 -1 -1 4380 4380
11119 CONNECTION 106 467 300 2160 4260 4260
11120 CONNECTION 106 914 300 2880 4980 4980
11121 CONNECTION 106 538 300 3600 5700 5700
11122 CONNECTION 106 613 300 3600 5700 5700
11123 CONNECTION 106 628 300 5220 7320 7320
11124 CONNECTION 106 270 300 3120 5220 5220
11125 CONNECTION 106 846 300 5820 7920 7920
11126 CONNECTION 106 1088 300 5820 7920 7920
11127 CONNECTION 106 647 300 3960 6060 6060
11128 CONNECTION 106 1116 300 4680 6780 6780
11129 CONNECTION 106 722 300 5400 7500 7500
11130 CONNECTION 106 983 300 6780 8880 8880
11131 CONNECTION 106 512 300 4920 7020 7020
11132 CONNECTION 106 701 300 5520 7620 7620
11133 CONNECTION 106 1110 300 5880 7980 7980
11134 CONNECTION 106 828 300 5760 7860 7860
11135 CONNECTION 106 174 300 6480 8580 8580
11136 SINK 106 7 -1 -1 0 0
11137 CONNECTION 964 965 -1 -1 960 960
11138 CONNECTION 964 891 -1 -1 4140 4140
11139 CONNECTION 964 1109 -1 -1 4560 4560
11140 CONNECTION 964 35 -1 -1 2760 2760
11141 CONNECTION 964 1020 -1 -1 4680 4680
11142 CONNECTION 964 487 -1 -1 3420 3420
11143 CONNECTION 964 1040 300 3840 5940 5940
11144 CONNECTION 964 230 300 2460 4560 4560
11145 CONNECTION 964 110 300 5640 7740 7740
11146 CONNECTION 964 396 300 6060 8160 8160
11147 CONNECTION 964 469 300 4260 6360 6360
11148 CONNECTION 964 291 300 6180 8280 8280
11149 CONNECTION 964 847 300 4920 7020 7020
11150 CONNECTION 964 1089 300 4920 7020 7020
11151 CONNECTION 964 315 300 7440 9540 9540
11152 CONNECTION 1000 1001 -1 -1 1200 1200
11153 CONNECTION 1000 486 -1 -1 3900 3900
11154 CONNECTION 1000 228 -1 -1 2040 2040
11155 CONNECTION 1000 785 -1 -1 2760 2760
11156 CONNECTION 1000 312 -1 -1 3480 3480
11157 CONNECTION 1000 662 -1 -1 4860 4860
11158 CONNECTION 1000 81 -1 -1 3000 3000
11159 CONNECTION 1000 290 -1 -1 3600 3600
11160 CONNECTION 1000 764 -1 -1 3960 3960
11161 CONNECTION 1000 467 -1 -1 3840 3840
11162 CONNECTION 1000 914 300 2460 4560 4560
11163 CONNECTION 1000 538 300 3180 5280 5280
11164 CONNECTION 1000 613 300 3180 5280 5280
11165 CONNECTION 1000 628 300 4800 6900 6900
11166 CONNECTION 1000 270 300 2700 4800 4800
11167 CONNECTION 1000 846 300 5400 7500 7500
11168 CONNECTION 1000 1088 300 5400 7500 7500
11169 CONNECTION 1000 647 300 3540 5640 5640
11170 CONNECTION 1000 1116 300 4260 6360 6360
11171 CONNECTION 1000 722 300 4980 7080 7080
11172 CONNECTION 1000 983 300 6360 8460 8460
11173 CONNECTION 1000 512 300 4500 6600 6600
11174 CONNECTION 1000 701 300 5100 7200 7200
11175 CONNECTION 1000 1110 300 5460 7560 7560
11176 CONNECTION 1000 828 300 5340 7440 7440
11177 CONNECTION 1000 174 300 6060 8160 8160
11178 CONNECTION 1000 893 300 6780 8880 8880
11179 CONNECTION 1000 933 300 6780 8880 8880
11180 CONNECTION 1000 949 300 8400 10500 10500
11181 SINK 1000 7 -1 -1 0 0
11182 CONNECTION 1072 1073 -1 -1 1200 1200
11183 CONNECTION 1072 486 -1 -1 3900 3900
11184 CONNECTION 1072 228 -1 -1 2040 2040
11185 CONNECTION 1072 785 -1 -1 2760 2760
11186 CONNECTION 1072 312 -1 -1 3480 3480
11187 CONNECTION 1072 662 -1 -1 4860 4860
11188 CONNECTION 1072 81 -1 -1 3000 3000
11189 CONNECTION 1072 290 -1 -1 3600 3600
11190 CONNECTION 1072 764 -1 -1 3960 3960
11191 CONNECTION 1072 467 -1 -1 3840 3840
11192 CONNECTION 1072 914 300 2460 4560 4560
11193 CONNECTION 1072 538 300 3180 5280 5280
11194 CONNECTION 1072 613 300 3180 5280 5280
11195 CONNECTION 1072 628 300 4800 6900 6900
11196 CONNECTION 1072 270 300 2700 4800 4800
11197 CONNECTION 1072 846 300 5400 7500 7500
11198 CONNECTION 1072 1088 300 5400 7500 7500
11199 CONNECTION 1072 647 300 3540 5640 5640
11200 CONNECTION 1072 1116 300 4260 6360 6360
11201 CONNECTION 1072 722 300 4980 7080 7080
11202 CONNECTION 1072 983 300 6360 8460 8460
11203 CONNECTION 1072 512 300 4500 6600 6600
11204 CONNECTION 1072 701 300 5100 7200 7200
11205 CONNECTION 1072 1110 300 5460 7560 7560
11206 CONNECTION 1072 828 300 5340 7440 7440
11207 CONNECTION 1072 174 300 6060 8160 8160
11208 CONNECTION 1072 893 300 6780 8880 8880
11209 CONNECTION 1072 933 300 6780 8880 8880
11210 CONNECTION 1072 949 300 8400 10500 10500
11211 SINK 1072 7 -1 -1 0 0
11212 CONNECTION 465 466 -1 -1 2100 2100
11213 CONNECTION 465 627 -1 -1 2880 2880
11214 CONNECTION 465 739 -1 -1 2220 2220
11215 CONNECTION 465 108 -1 -1 3180 3180
11216 CONNECTION 465 191 -1 -1 3060 3060
11217 CONNECTION 465 646 -1 -1 3900 3900
11218 CONNECTION 465 313 300 2880 4980 4980
11219 CONNECTION 465 827 300 3600 5700 5700
11220 CONNECTION 465 948 300 4380 6480 6480
11221 CONNECTION 465 1124 300 3720 5820 5820
11222 CONNECTION 465 539 300 4680 6780 6780
11223 CONNECTION 465 614 300 4560 6660 6660
11224 CONNECTION 465 967 300 5400 7500 7500
11225 CONNECTION 465 723 300 6480 8580 8580
11226 CONNECTION 267 268 -1 -1 1620 1620
11227 CONNECTION 267 844 -1 -1 2220 2220
11228 CONNECTION 267 1086 -1 -1 2220 2220
11229 CONNECTION 267 443 -1 -1 2640 2640
11230 CONNECTION 267 556 -1 -1 3240 3240
11231 CONNECTION 267 510 -1 -1 3420 3420
11232 CONNECTION 267 575 -1 -1 4860 4860
11233 CONNECTION 267 598 -1 -1 4020 4020
11234 CONNECTION 267 947 -1 -1 4500 4500
11235 CONNECTION 267 129 300 2940 5040 5040
11236 CONNECTION 267 149 300 4560 6660 6660
11237 CONNECTION 267 683 300 3120 5220 5220
11238 CONNECTION 267 741 300 3720 5820 5820
11239 CONNECTION 267 787 300 3720 5820 5820
11240 CONNECTION 267 57 300 3720 5820 5820
11241 CONNECTION 267 807 300 4140 6240 6240
11242 CONNECTION 267 355 300 4740 6840 6840
11243 CONNECTION 267 376 300 6360 8460 8460
11244 CONNECTION 267 868 300 4920 7020 7020
11245 CONNECTION 267 916 300 5520 7620 7620
11246 CONNECTION 267 209 300 6000 8100 8100
11247 CONNECTION 267 558 300 6540 8640 8640
11248 CONNECTION 373 374 -1 -1 3060 3060
11249 CONNECTION 373 844 -1 -1 2220 2220
11250 CONNECTION 373 1086 -1 -1 2220 2220
11251 CONNECTION 373 443 -1 -1 2640 2640
11252 CONNECTION 373 556 -1 -1 3240 3240
11253 CONNECTION 373 510 -1 -1 3420 3420
11254 CONNECTION 373 575 -1 -1 4860 4860
11255 CONNECTION 373 598 -1 -1 4020 4020
11256 CONNECTION 373 947 -1 -1 4500 4500
11257 CONNECTION 373 129 300 2940 5040 5040
11258 CONNECTION 373 149 300 4560 6660 6660
11259 CONNECTION 373 683 300 3120 5220 5220
11260 CONNECTION 373 741 300 3720 5820 5820
11261 CONNECTION 373 787 300 3720 5820 5820
11262 CONNECTION 373 57 300 3720 5820 5820
11263 CONNECTION 373 807 300 4140 6240 6240
11264 CONNECTION 373 355 300 4740 6840 6840
11265 CONNECTION 373 376 300 6360 8460 8460
11266 CONNECTION 373 868 300 4920 7020 7020
11267 CONNECTION 373 916 300 5520 7620 7620
11268 CONNECTION 373 209 300 6000 8100 8100
11269 CONNECTION 373 558 300 6540 8640 8640
11270 CONNECTION 79 80 -1 -1 1560 1560
11271 CONNECTION 79 597 -1 -1 2340 2340
11272 CONNECTION 79 269 -1 -1 3360 3360
11273 CONNECTION 79 845 -1 -1 3960 3960
11274 CONNECTION 79 1087 -1 -1 3960 3960
11275 CONNECTION 79 740 -1 -1 4140 4140
11276 CONNECTION 79 786 -1 -1 4140 4140
11277 CONNECTION 79 444 -1 -1 4260 4260
11278 CONNECTION 79 511 300 3060 5160 5160
11279 CONNECTION 79 765 300 3240 5340 5340
11280 CONNECTION 79 915 300 3840 5940 5940
11281 CONNECTION 79 684 300 4860 6960 6960
11282 CONNECTION 79 58 300 5460 7560 7560
11283 CONNECTION 79 1117 300 5640 7740 7740
11284 CONNECTION 79 1125 300 5640 7740 7740
11285 CONNECTION 79 808 300 5760 7860 7860
11286 CONNECTION 147 354 -1 -1 3720 3720
11287 CONNECTION 147 966 -1 -1 4260 4260
11288 CONNECTION 147 557 -1 -1 5520 5520
11289 CONNECTION 147 36 300 3960 6060 6060
11290 CONNECTION 147 130 300 5220 7320 7320
11291 CONNECTION 147 231 300 5760 7860 7860
11292 CONNECTION 147 356 300 7020 9120 9120
11293 CONNECTION 227 228 -1 -1 1200 1200
11294 CONNECTION 227 312 -1 -1 2640 2640
11295 CONNECTION 227 662 -1 -1 4020 4020
11296 CONNECTION 227 81 -1 -1 2160 2160
11297 CONNECTION 227 290 -1 -1 2760 2760
11298 CONNECTION 227 764 -1 -1 3120 3120
11299 CONNECTION 227 467 -1 -1 3000 3000
11300 CONNECTION 227 914 -1 -1 3720 3720
11301 CONNECTION 227 538 -1 -1 4440 4440
11302 CONNECTION 227 613 -1 -1 4440 4440
11303 CONNECTION 227 628 -1 -1 6060 6060
11304 CONNECTION 227 270 -1 -1 3960 3960
11305 CONNECTION 227 846 300 4560 6660 6660
11306 CONNECTION 227 1088 300 4560 6660 6660
11307 CONNECTION 227 647 300 2700 4800 4800
11308 CONNECTION 227 1116 300 3420 5520 5520
11309 CONNECTION 227 722 300 4140 6240 6240
11310 CONNECTION 227 983 300 5520 7620 7620
11311 CONNECTION 227 512 300 3660 5760 5760
11312 CONNECTION 227 701 300 4260 6360 6360
11313 CONNECTION 227 1110 300 4620 6720 6720
11314 CONNECTION 227 828 300 4500 6600 6600
11315 CONNECTION 227 174 300 5220 7320 7320
11316 CONNECTION 227 893 300 5940 8040 8040
11317 CONNECTION 227 933 300 5940 8040 8040
11318 CONNECTION 227 949 300 7560 9660 9660
11319 CONNECTION 227 685 300 5460 7560 7560
11320 CONNECTION 227 59 300 8160 10260 10260
11321 SINK 227 7 -1 -1 0 0
11322 CONNECTION 555 556 -1 -1 1860 1860
11323 CONNECTION 555 598 -1 -1 2640 2640
11324 CONNECTION 555 947 -1 -1 3120 3120
11325 CONNECTION 555 129 -1 -1 3660 3660
11326 CONNECTION 555 149 -1 -1 5280 5280
11327 CONNECTION 555 683 -1 -1 3840 3840
11328 CONNECTION 555 741 -1 -1 4440 4440
11329 CONNECTION 555 787 -1 -1 4440 4440
11330 CONNECTION 555 57 -1 -1 4440 4440
11331 CONNECTION 555 807 300 2760 4860 4860
11332 CONNECTION 555 355 300 3360 5460 5460
11333 CONNECTION 555 376 300 4980 7080 7080
11334 CONNECTION 555 868 300 3540 5640 5640
11335 CONNECTION 555 916 300 4140 6240 6240
11336 CONNECTION 555 209 300 4620 6720 6720
11337 CONNECTION 555 558 300 5160 7260 7260
11338 CONNECTION 555 577 300 6780 8880 8880
11339 CONNECTION 555 1004 300 5340 7440 7440
11340 CONNECTION 555 1097 300 5340 7440 7440
11341 CONNECTION 555 1118 300 5940 8040 8040
11342 CONNECTION 555 1126 300 5940 8040 8040
11343 CONNECTION 555 488 300 5940 8040 8040
11344 CONNECTION 555 13 300 6360 8460 8460
11345 CONNECTION 555 1106 300 6360 8460 8460
11346 CONNECTION 393 394 -1 -1 1620 1620
11347 CONNECTION 393 597 -1 -1 2220 2220
11348 CONNECTION 393 269 -1 -1 3240 3240
11349 CONNECTION 393 845 -1 -1 3840 3840
11350 CONNECTION 393 1087 -1 -1 3840 3840
11351 CONNECTION 393 740 -1 -1 4020 4020
11352 CONNECTION 393 786 -1 -1 4020 4020
11353 CONNECTION 393 444 -1 -1 4140 4140
11354 CONNECTION 393 511 300 2940 5040 5040
11355 CONNECTION 393 765 300 3120 5220 5220
11356 CONNECTION 393 915 300 3720 5820 5820
11357 CONNECTION 393 684 300 4740 6840 6840
11358 CONNECTION 393 58 300 5340 7440 7440
11359 CONNECTION 393 1117 300 5520 7620 7620
11360 CONNECTION 393 1125 300 5520 7620 7620
11361 CONNECTION 393 808 300 5640 7740 7740
11362 CONNECTION 393 869 300 6540 8640 8640
11363 CONNECTION 1019 913 -1 -1 3000 3000
11364 CONNECTION 1019 537 -1 -1 3180 3180
11365 CONNECTION 1019 229 -1 -1 5040 5040
11366 CONNECTION 1019 1115 300 2700 4800 4800
11367 CONNECTION 1019 721 300 2880 4980 4980
11368 CONNECTION 1019 982 300 2880 4980 4980
11369 CONNECTION 1019 468 300 4740 6840 6840
11370 CONNECTION 1019 173 300 4500 6600 6600
11371 CONNECTION 1019 892 300 4680 6780 6780
11372 CONNECTION 1019 648 300 6540 8640 8640
11373 CONNECTION 289 290 -1 -1 1200 1200
11374 CONNECTION 289 914 -1 -1 2160 2160
11375 CONNECTION 289 538 -1 -1 2880 2880
11376 CONNECTION 289 613 -1 -1 2880 2880
11377 CONNECTION 289 628 -1 -1 4500 4500
11378 CONNECTION 289 270 -1 -1 2400 2400
11379 CONNECTION 289 846 -1 -1 5100 5100
11380 CONNECTION 289 1088 -1 -1 5100 5100
11381 CONNECTION 289 647 -1 -1 3240 3240
11382 CONNECTION 289 1116 -1 -1 3960 3960
11383 CONNECTION 289 722 -1 -1 4680 4680
11384 CONNECTION 289 983 -1 -1 6060 6060
11385 CONNECTION 289 512 300 2100 4200 4200
11386 CONNECTION 289 701 300 2700 4800 4800
11387 CONNECTION 289 1110 300 3060 5160 5160
11388 CONNECTION 289 828 300 2940 5040 5040
11389 CONNECTION 289 174 300 3660 5760 5760
11390 CONNECTION 289 893 300 4380 6480 6480
11391 CONNECTION 289 933 300 4380 6480 6480
11392 CONNECTION 289 949 300 6000 8100 8100
11393 CONNECTION 289 685 300 3900 6000 6000
11394 CONNECTION 289 59 300 6600 8700 8700
11395 CONNECTION 289 968 300 4740 6840 6840
11396 CONNECTION 289 422 300 5460 7560 7560
11397 CONNECTION 289 249 300 7560 9660 9660
11398 CONNECTION 289 1042 300 6180 8280 8280
11399 CONNECTION 289 870 300 5700 7800 7800
11400 SINK 289 7 -1 -1 0 0
11401 CONNECTION 171 172 -1 -1 2820 2820
11402 CONNECTION 171 148 -1 -1 3180 3180
11403 CONNECTION 171 682 -1 -1 3180 3180
11404 CONNECTION 171 335 -1 -1 4620 4620
11405 CONNECTION 171 420 -1 -1 4620 4620
11406 CONNECTION 171 806 -1 -1 4200 4200
11407 CONNECTION 171 375 300 2880 4980 4980
11408 CONNECTION 171 867 300 2880 4980 4980
11409 CONNECTION 171 599 300 4320 6420 6420
11410 CONNECTION 171 576 300 4680 6780 6780
11411 CONNECTION 171 1003 300 4680 6780 6780
11412 CONNECTION 171 1096 300 4680 6780 6780
11413 CONNECTION 171 742 300 6120 8220 8220
11414 CONNECTION 171 788 300 6120 8220 8220
11415 CONNECTION 171 12 300 5700 7800 7800
11416 CONNECTION 171 1105 300 5700 7800 7800
11417 CONNECTION 171 83 300 6480 8580 8580
11418 CONNECTION 171 150 300 6480 8580 8580
11419 CONNECTION 536 537 -1 -1 1200 1200
11420 CONNECTION 536 1115 -1 -1 2820 2820
11421 CONNECTION 536 721 -1 -1 3000 3000
11422 CONNECTION 536 982 -1 -1 3000 3000
11423 CONNECTION 536 468 -1 -1 4860 4860
11424 CONNECTION 536 173 300 2520 4620 4620
11425 CONNECTION 536 892 300 2700 4800 4800
11426 CONNECTION 536 648 300 4560 6660 6660
11427 CONNECTION 536 421 300 4320 6420 6420
11428 CONNECTION 536 248 300 4500 6600 6600
11429 CONNECTION 536 1041 300 4500 6600 6600
11430 CONNECTION 536 829 300 6360 8460 8460
11431 CONNECTION 536 600 300 6120 8220 8220
11432 CONNECTION 33 34 -1 -1 3000 3000
11433 CONNECTION 33 913 -1 -1 2760 2760
11434 CONNECTION 33 537 -1 -1 2940 2940
11435 CONNECTION 33 229 -1 -1 4800 4800
11436 CONNECTION 33 1115 300 2460 4560 4560
11437 CONNECTION 33 721 300 2640 4740 4740
11438 CONNECTION 33 982 300 2640 4740 4740
11439 CONNECTION 33 468 300 4500 6600 6600
11440 CONNECTION 33 173 300 4260 6360 6360
11441 CONNECTION 33 892 300 4440 6540 6540
11442 CONNECTION 33 648 300 6300 8400 8400
11443 CONNECTION 33 421 300 6060 8160 8160
11444 CONNECTION 485 486 -1 -1 3300 3300
11445 CONNECTION 485 785 -1 -1 2160 2160
11446 CONNECTION 485 312 -1 -1 2880 2880
11447 CONNECTION 485 662 -1 -1 4260 4260
11448 CONNECTION 485 81 -1 -1 2400 2400
11449 CONNECTION 485 290 -1 -1 3000 3000
11450 CONNECTION 485 764 -1 -1 3360 3360
11451 CONNECTION 485 467 -1 -1 3240 3240
11452 CONNECTION 485 914 -1 -1 3960 3960
11453 CONNECTION 485 538 -1 -1 4680 4680
11454 CONNECTION 485 613 -1 -1 4680 4680
11455 CONNECTION 485 628 -1 -1 6300 6300
11456 CONNECTION 485 270 300 2100 4200 4200
11457 CONNECTION 485 846 300 4800 6900 6900
11458 CONNECTION 485 1088 300 4800 6900 6900
11459 CONNECTION 485 647 300 2940 5040 5040
11460 CONNECTION 485 1116 300 3660 5760 5760
11461 CONNECTION 485 722 300 4380 6480 6480
11462 CONNECTION 485 983 300 5760 7860 7860
11463 CONNECTION 485 512 300 3900 6000 6000
11464 CONNECTION 485 701 300 4500 6600 6600
11465 CONNECTION 485 1110 300 4860 6960 6960
11466 CONNECTION 485 828 300 4740 6840 6840
11467 CONNECTION 485 174 300 5460 7560 7560
11468 CONNECTION 485 893 300 6180 8280 8280
11469 CONNECTION 485 933 300 6180 8280 8280
11470 CONNECTION 485 949 300 7800 9900 9900
11471 CONNECTION 485 685 300 5700 7800 7800
11472 SINK 485 7 -1 -1 0 0
11473 CONNECTION 1094 1002 -1 -1 3900 3900
11474 CONNECTION 1094 1095 -1 -1 3900 3900
11475 CONNECTION 1094 11 -1 -1 4920 4920
11476 CONNECTION 1094 1104 -1 -1 4920 4920
11477 CONNECTION 1094 82 -1 -1 5700 5700
11478 CONNECTION 1094 271 300 5400 7500 7500
11479 CONNECTION 1094 445 300 6420 8520 8520
11480 CONNECTION 1094 513 300 7200 9300 9300
11481 CONNECTION 1103 1002 -1 -1 3900 3900
11482 CONNECTION 1103 1095 -1 -1 3900 3900
11483 CONNECTION 1103 11 -1 -1 4920 4920
11484 CONNECTION 1103 1104 -1 -1 4920 4920
11485 CONNECTION 1103 82 -1 -1 5700 5700
11486 CONNECTION 1103 271 300 5400 7500 7500
11487 CONNECTION 1103 445 300 6420 8520 8520
11488 CONNECTION 1103 513 300 7200 9300 9300
11489 CONNECTION 763 764 -1 -1 1560 1560
11490 CONNECTION 763 914 -1 -1 2160 2160
11491 CONNECTION 763 538 -1 -1 2880 2880
11492 CONNECTION 763 613 -1 -1 2880 2880
11493 CONNECTION 763 628 -1 -1 4500 4500
11494 CONNECTION 763 270 -1 -1 2400 2400
11495 CONNECTION 763 846 -1 -1 5100 5100
11496 CONNECTION 763 1088 -1 -1 5100 5100
11497 CONNECTION 763 647 -1 -1 3240 3240
11498 CONNECTION 763 1116 -1 -1 3960 3960
11499 CONNECTION 763 722 -1 -1 4680 4680
11500 CONNECTION 763 983 -1 -1 6060 6060
11501 CONNECTION 763 512 300 2100 4200 4200
11502 CONNECTION 763 701 300 2700 4800 4800
11503 CONNECTION 763 1110 300 3060 5160 5160
11504 CONNECTION 763 828 300 2940 5040 5040
11505 CONNECTION 763 174 300 3660 5760 5760
11506 CONNECTION 763 893 300 4380 6480 6480
11507 CONNECTION 763 933 300 4380 6480 6480
11508 CONNECTION 763 949 300 6000 8100 8100
11509 CONNECTION 763 685 300 3900 6000 6000
11510 CONNECTION 763 59 300 6600 8700 8700
11511 CONNECTION 763 968 300 4740 6840 6840
11512 CONNECTION 763 422 300 5460 7560 7560
11513 CONNECTION 763 249 300 7560 9660 9660
11514 CONNECTION 763 1042 300 6180 8280 8280
11515 CONNECTION 763 870 300 5700 7800 7800
11516 SINK 763 7 -1 -1 0 0
11517 CONNECTION 333 334 -1 -1 1860 1860
11518 CONNECTION 333 443 -1 -1 2280 2280
11519 CONNECTION 333 556 -1 -1 2880 2880
11520 CONNECTION 333 510 -1 -1 3060 3060
11521 CONNECTION 333 575 -1 -1 4500 4500
11522 CONNECTION 333 598 -1 -1 3660 3660
11523 CONNECTION 333 947 -1 -1 4140 4140
11524 CONNECTION 333 129 -1 -1 4680 4680
11525 CONNECTION 333 149 300 4200 6300 6300
11526 CONNECTION 333 683 300 2760 4860 4860
11527 CONNECTION 333 741 300 3360 5460 5460
11528 CONNECTION 333 787 300 3360 5460 5460
11529 CONNECTION 333 57 300 3360 5460 5460
11530 CONNECTION 333 807 300 3780 5880 5880
11531 CONNECTION 333 355 300 4380 6480 6480
11532 CONNECTION 333 376 300 6000 8100 8100
11533 CONNECTION 333 868 300 4560 6660 6660
11534 CONNECTION 333 916 300 5160 7260 7260
11535 CONNECTION 333 209 300 5640 7740 7740
11536 CONNECTION 333 558 300 6180 8280 8280
11537 CONNECTION 333 577 300 7800 9900 9900
11538 CONNECTION 333 1004 300 6360 8460 8460
11539 CONNECTION 333 1097 300 6360 8460 8460
11540 CONNECTION 418 419 -1 -1 1860 1860
11541 CONNECTION 418 443 -1 -1 2280 2280
11542 CONNECTION 418 556 -1 -1 2880 2880
11543 CONNECTION 418 510 -1 -1 3060 3060
11544 CONNECTION 418 575 -1 -1 4500 4500
11545 CONNECTION 418 598 -1 -1 3660 3660
11546 CONNECTION 418 947 -1 -1 4140 4140
11547 CONNECTION 418 129 -1 -1 4680 4680
11548 CONNECTION 418 149 300 4200 6300 6300
11549 CONNECTION 418 683 300 2760 4860 4860
11550 CONNECTION 418 741 300 3360 5460 5460
11551 CONNECTION 418 787 300 3360 5460 5460
11552 CONNECTION 418 57 300 3360 5460 5460
11553 CONNECTION 418 807 300 3780 5880 5880
11554 CONNECTION 418 355 300 4380 6480 6480
11555 CONNECTION 418 376 300 6000 8100 8100
11556 CONNECTION 418 868 300 4560 6660 6660
11557 CONNECTION 418 916 300 5160 7260 7260
11558 CONNECTION 418 209 300 5640 7740 7740
11559 CONNECTION 418 558 300 6180 8280 8280
11560 CONNECTION 418 577 300 7800 9900 9900
11561 CONNECTION 418 1004 300 6360 8460 8460
11562 CONNECTION 418 1097 300 6360 8460 8460
11563 CONNECTION 681 682 -1 -1 1860 1860
11564 CONNECTION 681 335 -1 -1 3300 3300
11565 CONNECTION 681 420 -1 -1 3300 3300
11566 CONNECTION 681 806 -1 -1 2880 2880
11567 CONNECTION 681 375 -1 -1 3660 3660
11568 CONNECTION 681 867 -1 -1 3660 3660
11569 CONNECTION 681 599 -1 -1 5100 5100
11570 CONNECTION 681 576 300 3360 5460 5460
11571 CONNECTION 681 1003 300 3360 5460 5460
11572 CONNECTION 681 1096 300 3360 5460 5460
11573 CONNECTION 681 742 300 4800 6900 6900
11574 CONNECTION 681 788 300 4800 6900 6900
11575 CONNECTION 681 12 300 4380 6480 6480
11576 CONNECTION 681 1105 300 4380 6480 6480
11577 CONNECTION 681 83 300 5160 7260 7260
11578 CONNECTION 681 150 300 5160 7260 7260
11579 CONNECTION 681 917 300 6600 8700 8700
11580 CONNECTION 596 597 -1 -1 1620 1620
11581 CONNECTION 596 269 -1 -1 2640 2640
11582 CONNECTION 596 845 -1 -1 3240 3240
11583 CONNECTION 596 1087 -1 -1 3240 3240
11584 CONNECTION 596 740 -1 -1 3420 3420
11585 CONNECTION 596 786 -1 -1 3420 3420
11586 CONNECTION 596 444 -1 -1 3540 3540
11587 CONNECTION 596 511 -1 -1 4440 4440
11588 CONNECTION 596 765 300 2520 4620 4620
11589 CONNECTION 596 915 300 3120 5220 5220
11590 CONNECTION 596 684 300 4140 6240 6240
11591 CONNECTION 596 58 300 4740 6840 6840
11592 CONNECTION 596 1117 300 4920 7020 7020
11593 CONNECTION 596 1125 300 4920 7020 7020
11594 CONNECTION 596 808 300 5040 7140 7140
11595 CONNECTION 596 869 300 5940 8040 8040
11596 CONNECTION 596 1111 300 6120 8220 8220
11597 CONNECTION 626 627 -1 -1 2100 2100
11598 CONNECTION 626 646 -1 -1 3120 3120
11599 CONNECTION 626 313 -1 -1 4200 4200
11600 CONNECTION 626 827 -1 -1 4920 4920
11601 CONNECTION 626 948 300 3600 5700 5700
11602 CONNECTION 626 1124 300 2940 5040 5040
11603 CONNECTION 626 539 300 3900 6000 6000
11604 CONNECTION 626 614 300 3780 5880 5880
11605 CONNECTION 626 967 300 4620 6720 6720
11606 CONNECTION 626 723 300 5700 7800 7800
11607 CONNECTION 626 37 300 6420 8520 8520
11608 CONNECTION 10 108 -1 -1 2820 2820
11609 CONNECTION 10 191 -1 -1 2700 2700
11610 CONNECTION 10 646 -1 -1 3540 3540
11611 CONNECTION 10 313 -1 -1 4620 4620
11612 CONNECTION 10 827 300 3240 5340 5340
11613 CONNECTION 10 948 300 4020 6120 6120
11614 CONNECTION 10 1124 300 3360 5460 5460
11615 CONNECTION 10 539 300 4320 6420 6420
11616 CONNECTION 10 614 300 4200 6300 6300
11617 CONNECTION 10 967 300 5040 7140 7140
11618 CONNECTION 10 723 300 6120 8220 8220
11619 CONNECTION 10 37 300 6840 8940 8940
11620 CONNECTION 1081 108 -1 -1 2820 2820
11621 CONNECTION 1081 191 -1 -1 2700 2700
11622 CONNECTION 1081 646 -1 -1 3540 3540
11623 CONNECTION 1081 313 -1 -1 4620 4620
11624 CONNECTION 1081 827 300 3240 5340 5340
11625 CONNECTION 1081 948 300 4020 6120 6120
11626 CONNECTION 1081 1124 300 3360 5460 5460
11627 CONNECTION 1081 539 300 4320 6420 6420
11628 CONNECTION 1081 614 300 4200 6300 6300
11629 CONNECTION 1081 967 300 5040 7140 7140
11630 CONNECTION 1081 723 300 6120 8220 8220
11631 CONNECTION 1081 37 300 6840 8940 8940
11632 CONNECTION 107 108 -1 -1 2040 2040
11633 CONNECTION 107 646 -1 -1 2760 2760
11634 CONNECTION 107 313 -1 -1 3840 3840
11635 CONNECTION 107 827 -1 -1 4560 4560
11636 CONNECTION 107 948 300 3240 5340 5340
11637 CONNECTION 107 1124 300 2580 4680 4680
11638 CONNECTION 107 539 300 3540 5640 5640
11639 CONNECTION 107 614 300 3420 5520 5520
11640 CONNECTION 107 967 300 4260 6360 6360
11641 CONNECTION 107 723 300 5340 7440 7440
11642 CONNECTION 107 37 300 6060 8160 8160
11643 CONNECTION 107 210 300 6840 8940 8940
11644 CONNECTION 107 336 300 6180 8280 8280
11645 CONNECTION 190 191 -1 -1 1920 1920
11646 CONNECTION 190 646 -1 -1 2760 2760
11647 CONNECTION 190 313 -1 -1 3840 3840
11648 CONNECTION 190 827 -1 -1 4560 4560
11649 CONNECTION 190 948 300 3240 5340 5340
11650 CONNECTION 190 1124 300 2580 4680 4680
11651 CONNECTION 190 539 300 3540 5640 5640
11652 CONNECTION 190 614 300 3420 5520 5520
11653 CONNECTION 190 967 300 4260 6360 6360
11654 CONNECTION 190 723 300 5340 7440 7440
11655 CONNECTION 190 37 300 6060 8160 8160
11656 CONNECTION 190 210 300 6840 8940 8940
11657 CONNECTION 190 336 300 6180 8280 8280
11658 CONNECTION 442 443 -1 -1 1620 1620
11659 CONNECTION 442 510 -1 -1 2400 2400
11660 CONNECTION 442 575 -1 -1 3840 3840
11661 CONNECTION 442 598 -1 -1 3000 3000
11662 CONNECTION 442 947 -1 -1 3480 3480
11663 CONNECTION 442 129 -1 -1 4020 4020
11664 CONNECTION 442 149 -1 -1 5640 5640
11665 CONNECTION 442 683 -1 -1 4200 4200
11666 CONNECTION 442 741 300 2700 4800 4800
11667 CONNECTION 442 787 300 2700 4800 4800
11668 CONNECTION 442 57 300 2700 4800 4800
11669 CONNECTION 442 807 300 3120 5220 5220
11670 CONNECTION 442 355 300 3720 5820 5820
11671 CONNECTION 442 376 300 5340 7440 7440
11672 CONNECTION 442 868 300 3900 6000 6000
11673 CONNECTION 442 916 300 4500 6600 6600
11674 CONNECTION 442 209 300 4980 7080 7080
11675 CONNECTION 442 558 300 5520 7620 7620
11676 CONNECTION 442 577 300 7140 9240 9240
11677 CONNECTION 442 1004 300 5700 7800 7800
11678 CONNECTION 442 1097 300 5700 7800 7800
11679 CONNECTION 442 1118 300 6300 8400 8400
11680 CONNECTION 442 1126 300 6300 8400 8400
11681 CONNECTION 442 488 300 6300 8400 8400
11682 CONNECTION 825 890 -1 -1 1980 1980
11683 CONNECTION 825 1108 -1 -1 2100 2100
11684 CONNECTION 825 1039 -1 -1 3780 3780
11685 CONNECTION 825 109 300 3480 5580 5580
11686 CONNECTION 825 395 300 3600 5700 5700
11687 CONNECTION 825 314 300 5280 7380 7380
11688 CONNECTION 612 613 -1 -1 2100 2100
11689 CONNECTION 612 846 -1 -1 4320 4320
11690 CONNECTION 612 1088 -1 -1 4320 4320
11691 CONNECTION 612 647 -1 -1 2460 2460
11692 CONNECTION 612 1116 -1 -1 3180 3180
11693 CONNECTION 612 722 -1 -1 3900 3900
11694 CONNECTION 612 983 -1 -1 5280 5280
11695 CONNECTION 612 512 -1 -1 3420 3420
11696 CONNECTION 612 701 -1 -1 4020 4020
11697 CONNECTION 612 1110 -1 -1 4380 4380
11698 CONNECTION 612 828 300 2160 4260 4260
11699 CONNECTION 612 174 300 2880 4980 4980
11700 CONNECTION 612 893 300 3600 5700 5700
11701 CONNECTION 612 933 300 3600 5700 5700
11702 CONNECTION 612 949 300 5220 7320 7320
11703 CONNECTION 612 685 300 3120 5220 5220
11704 CONNECTION 612 59 300 5820 7920 7920
11705 CONNECTION 612 968 300 3960 6060 6060
11706 CONNECTION 612 422 300 4680 6780 6780
11707 CONNECTION 612 249 300 6780 8880 8880
11708 CONNECTION 612 1042 300 5400 7500 7500
11709 CONNECTION 612 870 300 4920 7020 7020
11710 CONNECTION 612 397 300 5880 7980 7980
11711 CONNECTION 612 1022 300 5520 7620 7620
11712 CONNECTION 612 38 300 5760 7860 7860
11713 CONNECTION 612 601 300 6480 8580 8580
11714 SINK 612 7 -1 -1 0 0
11715 CONNECTION 208 663 -1 -1 4200 4200
11716 CONNECTION 208 1021 -1 -1 6300 6300
11717 CONNECTION 208 192 300 4980 7080 7080
11718 CONNECTION 208 984 300 5700 7800 7800
11719 CONNECTION 208 292 300 7800 9900 9900
11720 CONNECTION 719 720 -1 -1 3000 3000
11721 CONNECTION 719 965 -1 -1 1620 1620
11722 CONNECTION 719 891 -1 -1 4800 4800
11723 CONNECTION 719 1109 -1 -1 5220 5220
11724 CONNECTION 719 35 -1 -1 3420 3420
11725 CONNECTION 719 1020 -1 -1 5340 5340
11726 CONNECTION 719 487 300 1980 4080 4080
11727 CONNECTION 719 1040 300 4500 6600 6600
11728 CONNECTION 719 230 300 3120 5220 5220
11729 CONNECTION 719 110 300 6300 8400 8400
11730 CONNECTION 719 396 300 6720 8820 8820
11731 CONNECTION 719 469 300 4920 7020 7020
11732 CONNECTION 719 291 300 6840 8940 8940
11733 CONNECTION 719 847 300 5580 7680 7680
11734 CONNECTION 719 1089 300 5580 7680 7680
11735 CONNECTION 699 700 -1 -1 3480 3480
11736 CONNECTION 699 932 -1 -1 4260 4260
11737 CONNECTION 699 663 -1 -1 4980 4980
11738 CONNECTION 699 1021 300 4980 7080 7080
11739 CONNECTION 699 192 300 5760 7860 7860
11740 CONNECTION 699 984 300 6480 8580 8580
11741 CONNECTION 1038 966 -1 -1 4020 4020
11742 CONNECTION 1038 557 -1 -1 5280 5280
11743 CONNECTION 1038 36 300 3720 5820 5820
11744 CONNECTION 1038 130 300 4980 7080 7080
11745 CONNECTION 1038 231 300 5520 7620 7620
11746 CONNECTION 1038 356 300 6780 8880 8880
11747 CONNECTION 353 335 -1 -1 3600 3600
11748 CONNECTION 353 420 -1 -1 3600 3600
11749 CONNECTION 353 806 -1 -1 3180 3180
11750 CONNECTION 353 375 -1 -1 3960 3960
11751 CONNECTION 353 867 -1 -1 3960 3960
11752 CONNECTION 353 599 -1 -1 5400 5400
11753 CONNECTION 353 576 300 3660 5760 5760
11754 CONNECTION 353 1003 300 3660 5760 5760
11755 CONNECTION 353 1096 300 3660 5760 5760
11756 CONNECTION 353 742 300 5100 7200 7200
11757 CONNECTION 353 788 300 5100 7200 7200
11758 CONNECTION 353 12 300 4680 6780 6780
11759 CONNECTION 353 1105 300 4680 6780 6780
11760 CONNECTION 353 83 300 5460 7560 7560
11761 CONNECTION 353 150 300 5460 7560 7560
11762 CONNECTION 353 917 300 6900 9000 9000
11763 CONNECTION 784 785 -1 -1 1560 1560
11764 CONNECTION 784 81 -1 -1 1800 1800
11765 CONNECTION 784 290 -1 -1 2400 2400
11766 CONNECTION 784 764 -1 -1 2760 2760
11767 CONNECTION 784 467 -1 -1 2640 2640
11768 CONNECTION 784 914 -1 -1 3360 3360
11769 CONNECTION 784 538 -1 -1 4080 4080
11770 CONNECTION 784 613 -1 -1 4080 4080
11771 CONNECTION 784 628 -1 -1 5700 5700
11772 CONNECTION 784 270 -1 -1 3600 3600
11773 CONNECTION 784 846 300 4200 6300 6300
11774 CONNECTION 784 1088 300 4200 6300 6300
11775 CONNECTION 784 647 300 2340 4440 4440
11776 CONNECTION 784 1116 300 3060 5160 5160
11777 CONNECTION 784 722 300 3780 5880 5880
11778 CONNECTION 784 983 300 5160 7260 7260
11779 CONNECTION 784 512 300 3300 5400 5400
11780 CONNECTION 784 701 300 3900 6000 6000
11781 CONNECTION 784 1110 300 4260 6360 6360
11782 CONNECTION 784 828 300 4140 6240 6240
11783 CONNECTION 784 174 300 4860 6960 6960
11784 CONNECTION 784 893 300 5580 7680 7680
11785 CONNECTION 784 933 300 5580 7680 7680
11786 CONNECTION 784 949 300 7200 9300 9300
11787 CONNECTION 784 685 300 5100 7200 7200
11788 CONNECTION 784 59 300 7800 9900 9900
11789 CONNECTION 784 968 300 5940 8040 8040
11790 SINK 784 7 -1 -1 0 0
11791 CONNECTION 1001 913 -1 -1 1800 1800
11792 CONNECTION 1001 537 -1 -1 1980 1980
11793 CONNECTION 1001 229 -1 -1 3840 3840
11794 CONNECTION 1001 1115 -1 -1 3600 3600
11795 CONNECTION 1001 721 -1 -1 3780 3780
11796 CONNECTION 1001 982 -1 -1 3780 3780
11797 CONNECTION 1001 468 -1 -1 5640 5640
11798 CONNECTION 1001 173 300 3300 5400 5400
11799 CONNECTION 1001 892 300 3480 5580 5580
11800 CONNECTION 1001 648 300 5340 7440 7440
11801 CONNECTION 1001 421 300 5100 7200 7200
11802 CONNECTION 1001 248 300 5280 7380 7380
11803 CONNECTION 1001 1041 300 5280 7380 7380
11804 CONNECTION 1001 829 300 7140 9240 9240
11805 CONNECTION 1073 913 -1 -1 1800 1800
11806 CONNECTION 1073 537 -1 -1 1980 1980
11807 CONNECTION 1073 229 -1 -1 3840 3840
11808 CONNECTION 1073 1115 -1 -1 3600 3600
11809 CONNECTION 1073 721 -1 -1 3780 3780
11810 CONNECTION 1073 982 -1 -1 3780 3780
11811 CONNECTION 1073 468 -1 -1 5640 5640
11812 CONNECTION 1073 173 300 3300 5400 5400
11813 CONNECTION 1073 892 300 3480 5580 5580
11814 CONNECTION 1073 648 300 5340 7440 7440
11815 CONNECTION 1073 421 300 5100 7200 7200
11816 CONNECTION 1073 248 300 5280 7380 7380
11817 CONNECTION 1073 1041 300 5280 7380 7380
11818 CONNECTION 1073 829 300 7140 9240 9240
11819 CONNECTION 311 312 -1 -1 2100 2100
11820 CONNECTION 311 290 -1 -1 2220 2220
11821 CONNECTION 311 764 -1 -1 2580 2580
11822 CONNECTION 311 467 -1 -1 2460 2460
11823 CONNECTION 311 914 -1 -1 3180 3180
11824 CONNECTION 311 538 -1 -1 3900 3900
11825 CONNECTION 311 613 -1 -1 3900 3900
11826 CONNECTION 311 628 -1 -1 5520 5520
11827 CONNECTION 311 270 -1 -1 3420 3420
11828 CONNECTION 311 846 -1 -1 6120 6120
11829 CONNECTION 311 1088 -1 -1 6120 6120
11830 CONNECTION 311 647 300 2160 4260 4260
11831 CONNECTION 311 1116 300 2880 4980 4980
11832 CONNECTION 311 722 300 3600 5700 5700
11833 CONNECTION 311 983 300 4980 7080 7080
11834 CONNECTION 311 512 300 3120 5220 5220
11835 CONNECTION 311 701 300 3720 5820 5820
11836 CONNECTION 311 1110 300 4080 6180 6180
11837 CONNECTION 311 828 300 3960 6060 6060
11838 CONNECTION 311 174 300 4680 6780 6780
11839 CONNECTION 311 893 300 5400 7500 7500
11840 CONNECTION 311 933 300 5400 7500 7500
11841 CONNECTION 311 949 300 7020 9120 9120
11842 CONNECTION 311 685 300 4920 7020 7020
11843 CONNECTION 311 59 300 7620 9720 9720
11844 CONNECTION 311 968 300 5760 7860 7860
11845 CONNECTION 311 422 300 6480 8580 8580
11846 SINK 311 7 -1 -1 0 0
11847 CONNECTION 661 662 -1 -1 3480 3480
11848 CONNECTION 661 290 -1 -1 2220 2220
11849 CONNECTION 661 764 -1 -1 2580 2580
11850 CONNECTION 661 467 -1 -1 2460 2460
11851 CONNECTION 661 914 -1 -1 3180 3180
11852 CONNECTION 661 538 -1 -1 3900 3900
11853 CONNECTION 661 613 -1 -1 3900 3900
11854 CONNECTION 661 628 -1 -1 5520 5520
11855 CONNECTION 661 270 -1 -1 3420 3420
11856 CONNECTION 661 846 -1 -1 6120 6120
11857 CONNECTION 661 1088 -1 -1 6120 6120
11858 CONNECTION 661 647 300 2160 4260 4260
11859 CONNECTION 661 1116 300 2880 4980 4980
11860 CONNECTION 661 722 300 3600 5700 5700
11861 CONNECTION 661 983 300 4980 7080 7080
11862 CONNECTION 661 512 300 3120 5220 5220
11863 CONNECTION 661 701 300 3720 5820 5820
11864 CONNECTION 661 1110 300 4080 6180 6180
11865 CONNECTION 661 828 300 3960 6060 6060
11866 CONNECTION 661 174 300 4680 6780 6780
11867 CONNECTION 661 893 300 5400 7500 7500
11868 CONNECTION 661 933 300 5400 7500 7500
11869 CONNECTION 661 949 300 7020 9120 9120
11870 CONNECTION 661 685 300 4920 7020 7020
11871 CONNECTION 661 59 300 7620 9720 9720
11872 CONNECTION 661 968 300 5760 7860 7860
11873 CONNECTION 661 422 300 6480 8580 8580
11874 SINK 661 7 -1 -1 0 0
11875 CONNECTION 34 35 -1 -1 960 960
11876 CONNECTION 34 487 -1 -1 1620 1620
11877 CONNECTION 34 1040 -1 -1 4140 4140
11878 CONNECTION 34 230 -1 -1 2760 2760
11879 CONNECTION 34 110 300 3840 5940 5940
11880 CONNECTION 34 396 300 4260 6360 6360
11881 CONNECTION 34 469 300 2460 4560 4560
11882 CONNECTION 34 291 300 4380 6480 6480
11883 CONNECTION 34 847 300 3120 5220 5220
11884 CONNECTION 34 1089 300 3120 5220 5220
11885 CONNECTION 34 315 300 5640 7740 7740
11886 CONNECTION 34 649 300 4260 6360 6360
11887 CONNECTION 34 541 300 7440 9540 9540
11888 CONNECTION 34 767 300 7860 9960 9960
11889 CONNECTION 80 81 -1 -1 1200 1200
11890 CONNECTION 80 290 -1 -1 1800 1800
11891 CONNECTION 80 764 -1 -1 2160 2160
11892 CONNECTION 80 467 -1 -1 2040 2040
11893 CONNECTION 80 914 -1 -1 2760 2760
11894 CONNECTION 80 538 -1 -1 3480 3480
11895 CONNECTION 80 613 -1 -1 3480 3480
11896 CONNECTION 80 628 -1 -1 5100 5100
11897 CONNECTION 80 270 -1 -1 3000 3000
11898 CONNECTION 80 846 -1 -1 5700 5700
11899 CONNECTION 80 1088 -1 -1 5700 5700
11900 CONNECTION 80 647 -1 -1 3840 3840
11901 CONNECTION 80 1116 300 2460 4560 4560
11902 CONNECTION 80 722 300 3180 5280 5280
11903 CONNECTION 80 983 300 4560 6660 6660
11904 CONNECTION 80 512 300 2700 4800 4800
11905 CONNECTION 80 701 300 3300 5400 5400
11906 CONNECTION 80 1110 300 3660 5760 5760
11907 CONNECTION 80 828 300 3540 5640 5640
11908 CONNECTION 80 174 300 4260 6360 6360
11909 CONNECTION 80 893 300 4980 7080 7080
11910 CONNECTION 80 933 300 4980 7080 7080
11911 CONNECTION 80 949 300 6600 8700 8700
11912 CONNECTION 80 685 300 4500 6600 6600
11913 CONNECTION 80 59 300 7200 9300 9300
11914 CONNECTION 80 968 300 5340 7440 7440
11915 CONNECTION 80 422 300 6060 8160 8160
11916 CONNECTION 80 249 300 8160 10260 10260
11917 CONNECTION 80 1042 300 6780 8880 8880
11918 SINK 80 7 -1 -1 0 0
11919 CONNECTION 56 1108 -1 -1 1440 1440
11920 CONNECTION 56 1039 -1 -1 3120 3120
11921 CONNECTION 56 109 300 2820 4920 4920
11922 CONNECTION 56 395 300 2940 5040 5040
11923 CONNECTION 56 314 300 4620 6720 6720
11924 CONNECTION 645 646 -1 -1 2100 2100
11925 CONNECTION 645 313 -1 -1 3180 3180
11926 CONNECTION 645 827 -1 -1 3900 3900
11927 CONNECTION 645 948 -1 -1 4680 4680
11928 CONNECTION 645 1124 -1 -1 4020 4020
11929 CONNECTION 645 539 300 2880 4980 4980
11930 CONNECTION 645 614 300 2760 4860 4860
11931 CONNECTION 645 967 300 3600 5700 5700
11932 CONNECTION 645 723 300 4680 6780 6780
11933 CONNECTION 645 37 300 5400 7500 7500
11934 CONNECTION 645 210 300 6180 8280 8280
11935 CONNECTION 645 336 300 5520 7620 7620
11936 CONNECTION 645 894 300 6480 8580 8580
11937 CONNECTION 645 934 300 6360 8460 8460
11938 CONNECTION 394 598 -1 -1 2460 2460
11939 CONNECTION 394 947 -1 -1 2940 2940
11940 CONNECTION 394 129 -1 -1 3480 3480
11941 CONNECTION 394 149 -1 -1 5100 5100
11942 CONNECTION 394 683 -1 -1 3660 3660
11943 CONNECTION 394 741 -1 -1 4260 4260
11944 CONNECTION 394 787 -1 -1 4260 4260
11945 CONNECTION 394 57 -1 -1 4260 4260
11946 CONNECTION 394 807 300 2580 4680 4680
11947 CONNECTION 394 355 300 3180 5280 5280
11948 CONNECTION 394 376 300 4800 6900 6900
11949 CONNECTION 394 868 300 3360 5460 5460
11950 CONNECTION 394 916 300 3960 6060 6060
11951 CONNECTION 394 209 300 4440 6540 6540
11952 CONNECTION 394 558 300 4980 7080 7080
11953 CONNECTION 394 577 300 6600 8700 8700
11954 CONNECTION 394 1004 300 5160 7260 7260
11955 CONNECTION 394 1097 300 5160 7260 7260
11956 CONNECTION 394 1118 300 5760 7860 7860
11957 CONNECTION 394 1126 300 5760 7860 7860
11958 CONNECTION 394 488 300 5760 7860 7860
11959 CONNECTION 394 13 300 6180 8280 8280
11960 CONNECTION 394 1106 300 6180 8280 8280
11961 CONNECTION 394 131 300 6780 8880 8880
11962 CONNECTION 509 510 -1 -1 1620 1620
11963 CONNECTION 509 947 -1 -1 2700 2700
11964 CONNECTION 509 129 -1 -1 3240 3240
11965 CONNECTION 509 149 -1 -1 4860 4860
11966 CONNECTION 509 683 -1 -1 3420 3420
11967 CONNECTION 509 741 -1 -1 4020 4020
11968 CONNECTION 509 787 -1 -1 4020 4020
11969 CONNECTION 509 57 -1 -1 4020 4020
11970 CONNECTION 509 807 -1 -1 4440 4440
11971 CONNECTION 509 355 300 2940 5040 5040
11972 CONNECTION 509 376 300 4560 6660 6660
11973 CONNECTION 509 868 300 3120 5220 5220
11974 CONNECTION 509 916 300 3720 5820 5820
11975 CONNECTION 509 209 300 4200 6300 6300
11976 CONNECTION 509 558 300 4740 6840 6840
11977 CONNECTION 509 577 300 6360 8460 8460
11978 CONNECTION 509 1004 300 4920 7020 7020
11979 CONNECTION 509 1097 300 4920 7020 7020
11980 CONNECTION 509 1118 300 5520 7620 7620
11981 CONNECTION 509 1126 300 5520 7620 7620
11982 CONNECTION 509 488 300 5520 7620 7620
11983 CONNECTION 509 13 300 5940 8040 8040
11984 CONNECTION 509 1106 300 5940 8040 8040
11985 CONNECTION 509 131 300 6540 8640 8640
11986 CONNECTION 574 575 -1 -1 3060 3060
11987 CONNECTION 574 947 -1 -1 2700 2700
11988 CONNECTION 574 129 -1 -1 3240 3240
11989 CONNECTION 574 149 -1 -1 4860 4860
11990 CONNECTION 574 683 -1 -1 3420 3420
11991 CONNECTION 574 741 -1 -1 4020 4020
11992 CONNECTION 574 787 -1 -1 4020 4020
11993 CONNECTION 574 57 -1 -1 4020 4020
11994 CONNECTION 574 807 -1 -1 4440 4440
11995 CONNECTION 574 355 300 2940 5040 5040
11996 CONNECTION 574 376 300 4560 6660 6660
11997 CONNECTION 574 868 300 3120 5220 5220
11998 CONNECTION 574 916 300 3720 5820 5820
11999 CONNECTION 574 209 300 4200 6300 6300
12000 CONNECTION 574 558 300 4740 6840 6840
12001 CONNECTION 574 577 300 6360 8460 8460
12002 CONNECTION 574 1004 300 4920 7020 7020
12003 CONNECTION 574 1097 300 4920 7020 7020
12004 CONNECTION 574 1118 300 5520 7620 7620
12005 CONNECTION 574 1126 300 5520 7620 7620
12006 CONNECTION 574 488 300 5520 7620 7620
12007 CONNECTION 574 13 300 5940 8040 8040
12008 CONNECTION 574 1106 300 5940 8040 8040
12009 CONNECTION 574 131 300 6540 8640 8640
12010 CONNECTION 805 806 -1 -1 1860 1860
12011 CONNECTION 805 375 -1 -1 2640 2640
12012 CONNECTION 805 867 -1 -1 2640 2640
12013 CONNECTION 805 599 -1 -1 4080 4080
12014 CONNECTION 805 576 -1 -1 4440 4440
12015 CONNECTION 805 1003 -1 -1 4440 4440
12016 CONNECTION 805 1096 -1 -1 4440 4440
12017 CONNECTION 805 742 300 3780 5880 5880
12018 CONNECTION 805 788 300 3780 5880 5880
12019 CONNECTION 805 12 300 3360 5460 5460
12020 CONNECTION 805 1105 300 3360 5460 5460
12021 CONNECTION 805 83 300 4140 6240 6240
12022 CONNECTION 805 150 300 4140 6240 6240
12023 CONNECTION 805 917 300 5580 7680 7680
12024 CONNECTION 805 272 300 5940 8040 8040
12025 CONNECTION 805 377 300 5940 8040 8040
12026 CONNECTION 805 1119 300 7380 9480 9480
12027 CONNECTION 805 1127 300 7380 9480 9480
12028 CONNECTION 268 269 -1 -1 1560 1560
12029 CONNECTION 268 845 -1 -1 2160 2160
12030 CONNECTION 268 1087 -1 -1 2160 2160
12031 CONNECTION 268 740 -1 -1 2340 2340
12032 CONNECTION 268 786 -1 -1 2340 2340
12033 CONNECTION 268 444 -1 -1 2460 2460
12034 CONNECTION 268 511 -1 -1 3360 3360
12035 CONNECTION 268 765 -1 -1 3540 3540
12036 CONNECTION 268 915 -1 -1 4140 4140
12037 CONNECTION 268 684 300 3060 5160 5160
12038 CONNECTION 268 58 300 3660 5760 5760
12039 CONNECTION 268 1117 300 3840 5940 5940
12040 CONNECTION 268 1125 300 3840 5940 5940
12041 CONNECTION 268 808 300 3960 6060 6060
12042 CONNECTION 268 869 300 4860 6960 6960
12043 CONNECTION 268 1111 300 5040 7140 7140
12044 CONNECTION 268 175 300 5640 7740 7740
12045 CONNECTION 374 557 -1 -1 3720 3720
12046 CONNECTION 374 36 -1 -1 4260 4260
12047 CONNECTION 374 130 -1 -1 5520 5520
12048 CONNECTION 374 231 300 3960 6060 6060
12049 CONNECTION 374 356 300 5220 7320 7320
12050 CONNECTION 374 470 300 5760 7860 7860
12051 CONNECTION 374 559 300 7020 9120 9120
12052 CONNECTION 128 129 -1 -1 1860 1860
12053 CONNECTION 128 741 -1 -1 2640 2640
12054 CONNECTION 128 787 -1 -1 2640 2640
12055 CONNECTION 128 57 -1 -1 2640 2640
12056 CONNECTION 128 807 -1 -1 3060 3060
12057 CONNECTION 128 355 -1 -1 3660 3660
12058 CONNECTION 128 376 -1 -1 5280 5280
12059 CONNECTION 128 868 -1 -1 3840 3840
12060 CONNECTION 128 916 -1 -1 4440 4440
12061 CONNECTION 128 209 300 2820 4920 4920
12062 CONNECTION 128 558 300 3360 5460 5460
12063 CONNECTION 128 577 300 4980 7080 7080
12064 CONNECTION 128 1004 300 3540 5640 5640
12065 CONNECTION 128 1097 300 3540 5640 5640
12066 CONNECTION 128 1118 300 4140 6240 6240
12067 CONNECTION 128 1126 300 4140 6240 6240
12068 CONNECTION 128 488 300 4140 6240 6240
12069 CONNECTION 128 13 300 4560 6660 6660
12070 CONNECTION 128 1106 300 4560 6660 6660
12071 CONNECTION 128 131 300 5160 7260 7260
12072 CONNECTION 128 84 300 5340 7440 7440
12073 CONNECTION 128 151 300 6780 8880 8880
12074 CONNECTION 128 176 300 5940 8040 8040
12075 CONNECTION 128 629 300 6420 8520 8520
12076 CONNECTION 466 467 -1 -1 1200 1200
12077 CONNECTION 466 538 -1 -1 2640 2640
12078 CONNECTION 466 613 -1 -1 2640 2640
12079 CONNECTION 466 628 -1 -1 4260 4260
12080 CONNECTION 466 270 -1 -1 2160 2160
12081 CONNECTION 466 846 -1 -1 4860 4860
12082 CONNECTION 466 1088 -1 -1 4860 4860
12083 CONNECTION 466 647 -1 -1 3000 3000
12084 CONNECTION 466 1116 -1 -1 3720 3720
12085 CONNECTION 466 722 -1 -1 4440 4440
12086 CONNECTION 466 983 -1 -1 5820 5820
12087 CONNECTION 466 512 -1 -1 3960 3960
12088 CONNECTION 466 701 300 2460 4560 4560
12089 CONNECTION 466 1110 300 2820 4920 4920
12090 CONNECTION 466 828 300 2700 4800 4800
12091 CONNECTION 466 174 300 3420 5520 5520
12092 CONNECTION 466 893 300 4140 6240 6240
12093 CONNECTION 466 933 300 4140 6240 6240
12094 CONNECTION 466 949 300 5760 7860 7860
12095 CONNECTION 466 685 300 3660 5760 5760
12096 CONNECTION 466 59 300 6360 8460 8460
12097 CONNECTION 466 968 300 4500 6600 6600
12098 CONNECTION 466 422 300 5220 7320 7320
12099 CONNECTION 466 249 300 7320 9420 9420
12100 CONNECTION 466 1042 300 5940 8040 8040
12101 CONNECTION 466 870 300 5460 7560 7560
12102 CONNECTION 466 397 300 6420 8520 8520
12103 CONNECTION 466 1022 300 6060 8160 8160
12104 SINK 466 7 -1 -1 0 0
12105 CONNECTION 486 487 -1 -1 960 960
12106 CONNECTION 486 1040 -1 -1 3480 3480
12107 CONNECTION 486 230 -1 -1 2100 2100
12108 CONNECTION 486 110 -1 -1 5280 5280
12109 CONNECTION 486 396 -1 -1 5700 5700
12110 CONNECTION 486 469 300 1800 3900 3900
12111 CONNECTION 486 291 300 3720 5820 5820
12112 CONNECTION 486 847 300 2460 4560 4560
12113 CONNECTION 486 1089 300 2460 4560 4560
12114 CONNECTION 486 315 300 4980 7080 7080
12115 CONNECTION 486 649 300 3600 5700 5700
12116 CONNECTION 486 541 300 6780 8880 8880
12117 CONNECTION 486 767 300 7200 9300 9300
12118 CONNECTION 486 830 300 5400 7500 7500
12119 CONNECTION 486 702 300 7320 9420 9420
12120 CONNECTION 334 335 -1 -1 2820 2820
12121 CONNECTION 334 806 -1 -1 2400 2400
12122 CONNECTION 334 375 -1 -1 3180 3180
12123 CONNECTION 334 867 -1 -1 3180 3180
12124 CONNECTION 334 599 -1 -1 4620 4620
12125 CONNECTION 334 576 300 2880 4980 4980
12126 CONNECTION 334 1003 300 2880 4980 4980
12127 CONNECTION 334 1096 300 2880 4980 4980
12128 CONNECTION 334 742 300 4320 6420 6420
12129 CONNECTION 334 788 300 4320 6420 6420
12130 CONNECTION 334 12 300 3900 6000 6000
12131 CONNECTION 334 1105 300 3900 6000 6000
12132 CONNECTION 334 83 300 4680 6780 6780
12133 CONNECTION 334 150 300 4680 6780 6780
12134 CONNECTION 334 917 300 6120 8220 8220
12135 CONNECTION 334 272 300 6480 8580 8580
12136 CONNECTION 334 377 300 6480 8580 8580
12137 CONNECTION 419 420 -1 -1 2820 2820
12138 CONNECTION 419 806 -1 -1 2400 2400
12139 CONNECTION 419 375 -1 -1 3180 3180
12140 CONNECTION 419 867 -1 -1 3180 3180
12141 CONNECTION 419 599 -1 -1 4620 4620
12142 CONNECTION 419 576 300 2880 4980 4980
12143 CONNECTION 419 1003 300 2880 4980 4980
12144 CONNECTION 419 1096 300 2880 4980 4980
12145 CONNECTION 419 742 300 4320 6420 6420
12146 CONNECTION 419 788 300 4320 6420 6420
12147 CONNECTION 419 12 300 3900 6000 6000
12148 CONNECTION 419 1105 300 3900 6000 6000
12149 CONNECTION 419 83 300 4680 6780 6780
12150 CONNECTION 419 150 300 4680 6780 6780
12151 CONNECTION 419 917 300 6120 8220 8220
12152 CONNECTION 419 272 300 6480 8580 8580
12153 CONNECTION 419 377 300 6480 8580 8580
12154 CONNECTION 720 721 -1 -1 1200 1200
12155 CONNECTION 720 173 -1 -1 2820 2820
12156 CONNECTION 720 892 -1 -1 3000 3000
12157 CONNECTION 720 648 -1 -1 4860 4860
12158 CONNECTION 720 421 300 2520 4620 4620
12159 CONNECTION 720 248 300 2700 4800 4800
12160 CONNECTION 720 1041 300 2700 4800 4800
12161 CONNECTION 720 829 300 4560 6660 6660
12162 CONNECTION 720 600 300 4320 6420 6420
12163 CONNECTION 720 111 300 4500 6600 6600
12164 CONNECTION 720 969 300 6360 8460 8460
12165 CONNECTION 720 789 300 6120 8220 8220
12166 CONNECTION 172 82 -1 -1 3900 3900
12167 CONNECTION 172 271 -1 -1 5700 5700
12168 CONNECTION 172 445 300 4620 6720 6720
12169 CONNECTION 172 513 300 5400 7500 7500
12170 CONNECTION 172 686 300 7200 9300 9300
12171 CONNECTION 228 229 -1 -1 3000 3000
12172 CONNECTION 228 1115 -1 -1 2760 2760
12173 CONNECTION 228 721 -1 -1 2940 2940
12174 CONNECTION 228 982 -1 -1 2940 2940
12175 CONNECTION 228 468 -1 -1 4800 4800
12176 CONNECTION 228 173 300 2460 4560 4560
12177 CONNECTION 228 892 300 2640 4740 4740
12178 CONNECTION 228 648 300 4500 6600 6600
12179 CONNECTION 228 421 300 4260 6360 6360
12180 CONNECTION 228 248 300 4440 6540 6540
12181 CONNECTION 228 1041 300 4440 6540 6540
12182 CONNECTION 228 829 300 6300 8400 8400
12183 CONNECTION 228 600 300 6060 8160 8160
12184 CONNECTION 597 598 -1 -1 1860 1860
12185 CONNECTION 597 129 -1 -1 2880 2880
12186 CONNECTION 597 149 -1 -1 4500 4500
12187 CONNECTION 597 683 -1 -1 3060 3060
12188 CONNECTION 597 741 -1 -1 3660 3660
12189 CONNECTION 597 787 -1 -1 3660 3660
12190 CONNECTION 597 57 -1 -1 3660 3660
12191 CONNECTION 597 807 -1 -1 4080 4080
12192 CONNECTION 597 355 -1 -1 4680 4680
12193 CONNECTION 597 376 300 4200 6300 6300
12194 CONNECTION 597 868 300 2760 4860 4860
12195 CONNECTION 597 916 300 3360 5460 5460
12196 CONNECTION 597 209 300 3840 5940 5940
12197 CONNECTION 597 558 300 4380 6480 6480
12198 CONNECTION 597 577 300 6000 8100 8100
12199 CONNECTION 597 1004 300 4560 6660 6660
12200 CONNECTION 597 1097 300 4560 6660 6660
12201 CONNECTION 597 1118 300 5160 7260 7260
12202 CONNECTION 597 1126 300 5160 7260 7260
12203 CONNECTION 597 488 300 5160 7260 7260
12204 CONNECTION 597 13 300 5580 7680 7680
12205 CONNECTION 597 1106 300 5580 7680 7680
12206 CONNECTION 597 131 300 6180 8280 8280
12207 CONNECTION 597 84 300 6360 8460 8460
12208 CONNECTION 597 151 300 7800 9900 9900
12209 CONNECTION 844 845 -1 -1 1560 1560
12210 CONNECTION 844 511 -1 -1 2760 2760
12211 CONNECTION 844 765 -1 -1 2940 2940
12212 CONNECTION 844 915 -1 -1 3540 3540
12213 CONNECTION 844 684 300 2460 4560 4560
12214 CONNECTION 844 58 300 3060 5160 5160
12215 CONNECTION 844 1117 300 3240 5340 5340
12216 CONNECTION 844 1125 300 3240 5340 5340
12217 CONNECTION 844 808 300 3360 5460 5460
12218 CONNECTION 844 869 300 4260 6360 6360
12219 CONNECTION 844 1111 300 4440 6540 6540
12220 CONNECTION 844 175 300 5040 7140 7140
12221 CONNECTION 844 1005 300 6060 8160 8160
12222 CONNECTION 844 1098 300 6060 8160 8160
12223 CONNECTION 1086 1087 -1 -1 1560 1560
12224 CONNECTION 1086 511 -1 -1 2760 2760
12225 CONNECTION 1086 765 -1 -1 2940 2940
12226 CONNECTION 1086 915 -1 -1 3540 3540
12227 CONNECTION 1086 684 300 2460 4560 4560
12228 CONNECTION 1086 58 300 3060 5160 5160
12229 CONNECTION 1086 1117 300 3240 5340 5340
12230 CONNECTION 1086 1125 300 3240 5340 5340
12231 CONNECTION 1086 808 300 3360 5460 5460
12232 CONNECTION 1086 869 300 4260 6360 6360
12233 CONNECTION 1086 1111 300 4440 6540 6540
12234 CONNECTION 1086 175 300 5040 7140 7140
12235 CONNECTION 1086 1005 300 6060 8160 8160
12236 CONNECTION 1086 1098 300 6060 8160 8160
12237 CONNECTION 866 867 -1 -1 1860 1860
12238 CONNECTION 866 599 -1 -1 3300 3300
12239 CONNECTION 866 576 -1 -1 3660 3660
12240 CONNECTION 866 1003 -1 -1 3660 3660
12241 CONNECTION 866 1096 -1 -1 3660 3660
12242 CONNECTION 866 742 -1 -1 5100 5100
12243 CONNECTION 866 788 -1 -1 5100 5100
12244 CONNECTION 866 12 -1 -1 4680 4680
12245 CONNECTION 866 1105 -1 -1 4680 4680
12246 CONNECTION 866 83 300 3360 5460 5460
12247 CONNECTION 866 150 300 3360 5460 5460
12248 CONNECTION 866 917 300 4800 6900 6900
12249 CONNECTION 866 272 300 5160 7260 7260
12250 CONNECTION 866 377 300 5160 7260 7260
12251 CONNECTION 866 1119 300 6600 8700 8700
12252 CONNECTION 866 1127 300 6600 8700 8700
12253 CONNECTION 866 446 300 6180 8280 8280
12254 CONNECTION 785 786 -1 -1 1620 1620
12255 CONNECTION 785 511 -1 -1 2640 2640
12256 CONNECTION 785 765 -1 -1 2820 2820
12257 CONNECTION 785 915 -1 -1 3420 3420
12258 CONNECTION 785 684 -1 -1 4440 4440
12259 CONNECTION 785 58 300 2940 5040 5040
12260 CONNECTION 785 1117 300 3120 5220 5220
12261 CONNECTION 785 1125 300 3120 5220 5220
12262 CONNECTION 785 808 300 3240 5340 5340
12263 CONNECTION 785 869 300 4140 6240 6240
12264 CONNECTION 785 1111 300 4320 6420 6420
12265 CONNECTION 785 175 300 4920 7020 7020
12266 CONNECTION 785 1005 300 5940 8040 8040
12267 CONNECTION 785 1098 300 5940 8040 8040
12268 CONNECTION 785 489 300 6540 8640 8640
12269 CONNECTION 247 1040 -1 -1 3480 3480
12270 CONNECTION 247 230 -1 -1 2100 2100
12271 CONNECTION 247 110 -1 -1 5280 5280
12272 CONNECTION 247 396 -1 -1 5700 5700
12273 CONNECTION 247 469 300 1800 3900 3900
12274 CONNECTION 247 291 300 3720 5820 5820
12275 CONNECTION 247 847 300 2460 4560 4560
12276 CONNECTION 247 1089 300 2460 4560 4560
12277 CONNECTION 247 315 300 4980 7080 7080
12278 CONNECTION 247 649 300 3600 5700 5700
12279 CONNECTION 247 541 300 6780 8880 8880
12280 CONNECTION 247 767 300 7200 9300 9300
12281 CONNECTION 247 830 300 5400 7500 7500
12282 CONNECTION 247 702 300 7320 9420 9420
12283 CONNECTION 627 628 -1 -1 3480 3480
12284 CONNECTION 627 846 -1 -1 4080 4080
12285 CONNECTION 627 1088 -1 -1 4080 4080
12286 CONNECTION 627 647 -1 -1 2220 2220
12287 CONNECTION 627 1116 -1 -1 2940 2940
12288 CONNECTION 627 722 -1 -1 3660 3660
12289 CONNECTION 627 983 -1 -1 5040 5040
12290 CONNECTION 627 512 -1 -1 3180 3180
12291 CONNECTION 627 701 -1 -1 3780 3780
12292 CONNECTION 627 1110 -1 -1 4140 4140
12293 CONNECTION 627 828 -1 -1 4020 4020
12294 CONNECTION 627 174 300 2640 4740 4740
12295 CONNECTION 627 893 300 3360 5460 5460
12296 CONNECTION 627 933 300 3360 5460 5460
12297 CONNECTION 627 949 300 4980 7080 7080
12298 CONNECTION 627 685 300 2880 4980 4980
12299 CONNECTION 627 59 300 5580 7680 7680
12300 CONNECTION 627 968 300 3720 5820 5820
12301 CONNECTION 627 422 300 4440 6540 6540
12302 CONNECTION 627 249 300 6540 8640 8640
12303 CONNECTION 627 1042 300 5160 7260 7260
12304 CONNECTION 627 870 300 4680 6780 6780
12305 CONNECTION 627 397 300 5640 7740 7740
12306 CONNECTION 627 1022 300 5280 7380 7380
12307 CONNECTION 627 38 300 5520 7620 7620
12308 CONNECTION 627 601 300 6240 8340 8340
12309 CONNECTION 627 112 300 6960 9060 9060
12310 CONNECTION 627 193 300 6960 9060 9060
12311 SINK 627 7 -1 -1 0 0
12312 CONNECTION 739 740 -1 -1 1620 1620
12313 CONNECTION 739 511 -1 -1 2640 2640
12314 CONNECTION 739 765 -1 -1 2820 2820
12315 CONNECTION 739 915 -1 -1 3420 3420
12316 CONNECTION 739 684 -1 -1 4440 4440
12317 CONNECTION 739 58 300 2940 5040 5040
12318 CONNECTION 739 1117 300 3120 5220 5220
12319 CONNECTION 739 1125 300 3120 5220 5220
12320 CONNECTION 739 808 300 3240 5340 5340
12321 CONNECTION 739 869 300 4140 6240 6240
12322 CONNECTION 739 1111 300 4320 6420 6420
12323 CONNECTION 739 175 300 4920 7020 7020
12324 CONNECTION 739 1005 300 5940 8040 8040
12325 CONNECTION 739 1098 300 5940 8040 8040
12326 CONNECTION 739 489 300 6540 8640 8640
12327 CONNECTION 312 313 -1 -1 2040 2040
12328 CONNECTION 312 827 -1 -1 2760 2760
12329 CONNECTION 312 948 -1 -1 3540 3540
12330 CONNECTION 312 1124 -1 -1 2880 2880
12331 CONNECTION 312 539 -1 -1 3840 3840
12332 CONNECTION 312 614 -1 -1 3720 3720
12333 CONNECTION 312 967 -1 -1 4560 4560
12334 CONNECTION 312 723 300 3540 5640 5640
12335 CONNECTION 312 37 300 4260 6360 6360
12336 CONNECTION 312 210 300 5040 7140 7140
12337 CONNECTION 312 336 300 4380 6480 6480
12338 CONNECTION 312 894 300 5340 7440 7440
12339 CONNECTION 312 934 300 5220 7320 7320
12340 CONNECTION 312 232 300 6060 8160 8160
12341 CONNECTION 662 663 -1 -1 2640 2640
12342 CONNECTION 662 1021 -1 -1 4740 4740
12343 CONNECTION 662 192 -1 -1 5520 5520
12344 CONNECTION 662 984 300 4140 6240 6240
12345 CONNECTION 662 292 300 6240 8340 8340
12346 CONNECTION 662 615 300 7020 9120 9120
12347 CONNECTION 443 444 -1 -1 1440 1440
12348 CONNECTION 443 511 -1 -1 2340 2340
12349 CONNECTION 443 765 -1 -1 2520 2520
12350 CONNECTION 443 915 -1 -1 3120 3120
12351 CONNECTION 443 684 -1 -1 4140 4140
12352 CONNECTION 443 58 300 2640 4740 4740
12353 CONNECTION 443 1117 300 2820 4920 4920
12354 CONNECTION 443 1125 300 2820 4920 4920
12355 CONNECTION 443 808 300 2940 5040 5040
12356 CONNECTION 443 869 300 3840 5940 5940
12357 CONNECTION 443 1111 300 4020 6120 6120
12358 CONNECTION 443 175 300 4620 6720 6720
12359 CONNECTION 443 1005 300 5640 7740 7740
12360 CONNECTION 443 1098 300 5640 7740 7740
12361 CONNECTION 443 489 300 6240 8340 8340
12362 CONNECTION 443 337 300 6420 8520 8520
12363 CONNECTION 443 423 300 6420 8520 8520
12364 CONNECTION 965 1039 -1 -1 1980 1980
12365 CONNECTION 965 109 -1 -1 3780 3780
12366 CONNECTION 965 395 300 1800 3900 3900
12367 CONNECTION 965 314 300 3480 5580 5580
12368 CONNECTION 965 540 300 5280 7380 7380
12369 CONNECTION 965 766 300 5400 7500 7500
12370 CONNECTION 890 891 -1 -1 3000 3000
12371 CONNECTION 890 35 -1 -1 1620 1620
12372 CONNECTION 890 1020 -1 -1 3540 3540
12373 CONNECTION 890 487 -1 -1 2280 2280
12374 CONNECTION 890 1040 -1 -1 4800 4800
12375 CONNECTION 890 230 -1 -1 3420 3420
12376 CONNECTION 890 110 300 4500 6600 6600
12377 CONNECTION 890 396 300 4920 7020 7020
12378 CONNECTION 890 469 300 3120 5220 5220
12379 CONNECTION 890 291 300 5040 7140 7140
12380 CONNECTION 890 847 300 3780 5880 5880
12381 CONNECTION 890 1089 300 3780 5880 5880
12382 CONNECTION 890 315 300 6300 8400 8400
12383 CONNECTION 890 649 300 4920 7020 7020
12384 CONNECTION 108 36 -1 -1 4020 4020
12385 CONNECTION 108 130 -1 -1 5280 5280
12386 CONNECTION 108 231 300 3720 5820 5820
12387 CONNECTION 108 356 300 4980 7080 7080
12388 CONNECTION 108 470 300 5520 7620 7620
12389 CONNECTION 108 559 300 6780 8880 8880
12390 CONNECTION 191 741 -1 -1 2640 2640
12391 CONNECTION 191 787 -1 -1 2640 2640
12392 CONNECTION 191 57 -1 -1 2640 2640
12393 CONNECTION 191 807 -1 -1 3060 3060
12394 CONNECTION 191 355 -1 -1 3660 3660
12395 CONNECTION 191 376 -1 -1 5280 5280
12396 CONNECTION 191 868 -1 -1 3840 3840
12397 CONNECTION 191 916 -1 -1 4440 4440
12398 CONNECTION 191 209 300 2820 4920 4920
12399 CONNECTION 191 558 300 3360 5460 5460
12400 CONNECTION 191 577 300 4980 7080 7080
12401 CONNECTION 191 1004 300 3540 5640 5640
12402 CONNECTION 191 1097 300 3540 5640 5640
12403 CONNECTION 191 1118 300 4140 6240 6240
12404 CONNECTION 191 1126 300 4140 6240 6240
12405 CONNECTION 191 488 300 4140 6240 6240
12406 CONNECTION 191 13 300 4560 6660 6660
12407 CONNECTION 191 1106 300 4560 6660 6660
12408 CONNECTION 191 131 300 5160 7260 7260
12409 CONNECTION 191 84 300 5340 7440 7440
12410 CONNECTION 191 151 300 6780 8880 8880
12411 CONNECTION 191 176 300 5940 8040 8040
12412 CONNECTION 191 629 300 6420 8520 8520
12413 CONNECTION 1108 1109 -1 -1 3300 3300
12414 CONNECTION 1108 35 -1 -1 1500 1500
12415 CONNECTION 1108 1020 -1 -1 3420 3420
12416 CONNECTION 1108 487 -1 -1 2160 2160
12417 CONNECTION 1108 1040 -1 -1 4680 4680
12418 CONNECTION 1108 230 -1 -1 3300 3300
12419 CONNECTION 1108 110 300 4380 6480 6480
12420 CONNECTION 1108 396 300 4800 6900 6900
12421 CONNECTION 1108 469 300 3000 5100 5100
12422 CONNECTION 1108 291 300 4920 7020 7020
12423 CONNECTION 1108 847 300 3660 5760 5760
12424 CONNECTION 1108 1089 300 3660 5760 5760
12425 CONNECTION 1108 315 300 6180 8280 8280
12426 CONNECTION 1108 649 300 4800 6900 6900
12427 CONNECTION 1108 541 300 7980 10080 10080
12428 CONNECTION 81 1115 -1 -1 1800 1800
12429 CONNECTION 81 721 -1 -1 1980 1980
12430 CONNECTION 81 982 -1 -1 1980 1980
12431 CONNECTION 81 468 -1 -1 3840 3840
12432 CONNECTION 81 173 -1 -1 3600 3600
12433 CONNECTION 81 892 -1 -1 3780 3780
12434 CONNECTION 81 648 -1 -1 5640 5640
12435 CONNECTION 81 421 300 3300 5400 5400
12436 CONNECTION 81 248 300 3480 5580 5580
12437 CONNECTION 81 1041 300 3480 5580 5580
12438 CONNECTION 81 829 300 5340 7440 7440
12439 CONNECTION 81 600 300 5100 7200 7200
12440 CONNECTION 81 111 300 5280 7380 7380
12441 CONNECTION 81 969 300 7140 9240 9240
12442 CONNECTION 556 599 -1 -1 3600 3600
12443 CONNECTION 556 576 -1 -1 3960 3960
12444 CONNECTION 556 1003 -1 -1 3960 3960
12445 CONNECTION 556 1096 -1 -1 3960 3960
12446 CONNECTION 556 742 -1 -1 5400 5400
12447 CONNECTION 556 788 -1 -1 5400 5400
12448 CONNECTION 556 12 300 2880 4980 4980
12449 CONNECTION 556 1105 300 2880 4980 4980
12450 CONNECTION 556 83 300 3660 5760 5760
12451 CONNECTION 556 150 300 3660 5760 5760
12452 CONNECTION 556 917 300 5100 7200 7200
12453 CONNECTION 556 272 300 5460 7560 7560
12454 CONNECTION 556 377 300 5460 7560 7560
12455 CONNECTION 556 1119 300 6900 9000 9000
12456 CONNECTION 556 1127 300 6900 9000 9000
12457 CONNECTION 556 446 300 6480 8580 8580
12458 CONNECTION 913 914 -1 -1 1560 1560
12459 CONNECTION 913 270 -1 -1 1800 1800
12460 CONNECTION 913 846 -1 -1 4500 4500
12461 CONNECTION 913 1088 -1 -1 4500 4500
12462 CONNECTION 913 647 -1 -1 2640 2640
12463 CONNECTION 913 1116 -1 -1 3360 3360
12464 CONNECTION 913 722 -1 -1 4080 4080
12465 CONNECTION 913 983 -1 -1 5460 5460
12466 CONNECTION 913 512 -1 -1 3600 3600
12467 CONNECTION 913 701 300 2100 4200 4200
12468 CONNECTION 913 1110 300 2460 4560 4560
12469 CONNECTION 913 828 300 2340 4440 4440
12470 CONNECTION 913 174 300 3060 5160 5160
12471 CONNECTION 913 893 300 3780 5880 5880
12472 CONNECTION 913 933 300 3780 5880 5880
12473 CONNECTION 913 949 300 5400 7500 7500
12474 CONNECTION 913 685 300 3300 5400 5400
12475 CONNECTION 913 59 300 6000 8100 8100
12476 CONNECTION 913 968 300 4140 6240 6240
12477 CONNECTION 913 422 300 4860 6960 6960
12478 CONNECTION 913 249 300 6960 9060 9060
12479 CONNECTION 913 1042 300 5580 7680 7680
12480 CONNECTION 913 870 300 5100 7200 7200
12481 CONNECTION 913 397 300 6060 8160 8160
12482 CONNECTION 913 1022 300 5700 7800 7800
12483 CONNECTION 913 38 300 5940 8040 8040
12484 SINK 913 7 -1 -1 0 0
12485 CONNECTION 537 538 -1 -1 2100 2100
12486 CONNECTION 537 846 -1 -1 4320 4320
12487 CONNECTION 537 1088 -1 -1 4320 4320
12488 CONNECTION 537 647 -1 -1 2460 2460
12489 CONNECTION 537 1116 -1 -1 3180 3180
12490 CONNECTION 537 722 -1 -1 3900 3900
12491 CONNECTION 537 983 -1 -1 5280 5280
12492 CONNECTION 537 512 -1 -1 3420 3420
12493 CONNECTION 537 701 -1 -1 4020 4020
12494 CONNECTION 537 1110 -1 -1 4380 4380
12495 CONNECTION 537 828 300 2160 4260 4260
12496 CONNECTION 537 174 300 2880 4980 4980
12497 CONNECTION 537 893 300 3600 5700 5700
12498 CONNECTION 537 933 300 3600 5700 5700
12499 CONNECTION 537 949 300 5220 7320 7320
12500 CONNECTION 537 685 300 3120 5220 5220
12501 CONNECTION 537 59 300 5820 7920 7920
12502 CONNECTION 537 968 300 3960 6060 6060
12503 CONNECTION 537 422 300 4680 6780 6780
12504 CONNECTION 537 249 300 6780 8880 8880
12505 CONNECTION 537 1042 300 5400 7500 7500
12506 CONNECTION 537 870 300 4920 7020 7020
12507 CONNECTION 537 397 300 5880 7980 7980
12508 CONNECTION 537 1022 300 5520 7620 7620
12509 CONNECTION 537 38 300 5760 7860 7860
12510 CONNECTION 537 601 300 6480 8580 8580
12511 SINK 537 7 -1 -1 0 0
12512 CONNECTION 229 230 -1 -1 960 960
12513 CONNECTION 229 110 -1 -1 4140 4140
12514 CONNECTION 229 396 -1 -1 4560 4560
12515 CONNECTION 229 469 -1 -1 2760 2760
12516 CONNECTION 229 291 -1 -1 4680 4680
12517 CONNECTION 229 847 -1 -1 3420 3420
12518 CONNECTION 229 1089 -1 -1 3420 3420
12519 CONNECTION 229 315 300 3840 5940 5940
12520 CONNECTION 229 649 300 2460 4560 4560
12521 CONNECTION 229 541 300 5640 7740 7740
12522 CONNECTION 229 767 300 6060 8160 8160
12523 CONNECTION 229 830 300 4260 6360 6360
12524 CONNECTION 229 702 300 6180 8280 8280
12525 CONNECTION 229 60 300 4920 7020 7020
12526 CONNECTION 229 725 300 7440 9540 9540
12527 CONNECTION 269 270 -1 -1 1200 1200
12528 CONNECTION 269 846 -1 -1 3900 3900
12529 CONNECTION 269 1088 -1 -1 3900 3900
12530 CONNECTION 269 647 -1 -1 2040 2040
12531 CONNECTION 269 1116 -1 -1 2760 2760
12532 CONNECTION 269 722 -1 -1 3480 3480
12533 CONNECTION 269 983 -1 -1 4860 4860
12534 CONNECTION 269 512 -1 -1 3000 3000
12535 CONNECTION 269 701 -1 -1 3600 3600
12536 CONNECTION 269 1110 -1 -1 3960 3960
12537 CONNECTION 269 828 -1 -1 3840 3840
12538 CONNECTION 269 174 300 2460 4560 4560
12539 CONNECTION 269 893 300 3180 5280 5280
12540 CONNECTION 269 933 300 3180 5280 5280
12541 CONNECTION 269 949 300 4800 6900 6900
12542 CONNECTION 269 685 300 2700 4800 4800
12543 CONNECTION 269 59 300 5400 7500 7500
12544 CONNECTION 269 968 300 3540 5640 5640
12545 CONNECTION 269 422 300 4260 6360 6360
12546 CONNECTION 269 249 300 6360 8460 8460
12547 CONNECTION 269 1042 300 4980 7080 7080
12548 CONNECTION 269 870 300 4500 6600 6600
12549 CONNECTION 269 397 300 5460 7560 7560
12550 CONNECTION 269 1022 300 5100 7200 7200
12551 CONNECTION 269 38 300 5340 7440 7440
12552 CONNECTION 269 601 300 6060 8160 8160
12553 CONNECTION 269 112 300 6780 8880 8880
12554 CONNECTION 269 193 300 6780 8880 8880
12555 CONNECTION 269 211 300 8400 10500 10500
12556 SINK 269 7 -1 -1 0 0
12557 CONNECTION 826 827 -1 -1 2100 2100
12558 CONNECTION 826 948 -1 -1 2880 2880
12559 CONNECTION 826 1124 -1 -1 2220 2220
12560 CONNECTION 826 539 -1 -1 3180 3180
12561 CONNECTION 826 614 -1 -1 3060 3060
12562 CONNECTION 826 967 -1 -1 3900 3900
12563 CONNECTION 826 723 300 2880 4980 4980
12564 CONNECTION 826 37 300 3600 5700 5700
12565 CONNECTION 826 210 300 4380 6480 6480
12566 CONNECTION 826 336 300 3720 5820 5820
12567 CONNECTION 826 894 300 4680 6780 6780
12568 CONNECTION 826 934 300 4560 6660 6660
12569 CONNECTION 826 232 300 5400 7500 7500
12570 CONNECTION 826 1043 300 6480 8580 8580
12571 CONNECTION 148 149 -1 -1 3060 3060
12572 CONNECTION 148 57 -1 -1 2220 2220
12573 CONNECTION 148 807 -1 -1 2640 2640
12574 CONNECTION 148 355 -1 -1 3240 3240
12575 CONNECTION 148 376 -1 -1 4860 4860
12576 CONNECTION 148 868 -1 -1 3420 3420
12577 CONNECTION 148 916 -1 -1 4020 4020
12578 CONNECTION 148 209 -1 -1 4500 4500
12579 CONNECTION 148 558 300 2940 5040 5040
12580 CONNECTION 148 577 300 4560 6660 6660
12581 CONNECTION 148 1004 300 3120 5220 5220
12582 CONNECTION 148 1097 300 3120 5220 5220
12583 CONNECTION 148 1118 300 3720 5820 5820
12584 CONNECTION 148 1126 300 3720 5820 5820
12585 CONNECTION 148 488 300 3720 5820 5820
12586 CONNECTION 148 13 300 4140 6240 6240
12587 CONNECTION 148 1106 300 4140 6240 6240
12588 CONNECTION 148 131 300 4740 6840 6840
12589 CONNECTION 148 84 300 4920 7020 7020
12590 CONNECTION 148 151 300 6360 8460 8460
12591 CONNECTION 148 176 300 5520 7620 7620
12592 CONNECTION 148 629 300 6000 8100 8100
12593 CONNECTION 148 357 300 6540 8640 8640
12594 CONNECTION 682 683 -1 -1 1620 1620
12595 CONNECTION 682 57 -1 -1 2220 2220
12596 CONNECTION 682 807 -1 -1 2640 2640
12597 CONNECTION 682 355 -1 -1 3240 3240
12598 CONNECTION 682 376 -1 -1 4860 4860
12599 CONNECTION 682 868 -1 -1 3420 3420
12600 CONNECTION 682 916 -1 -1 4020 4020
12601 CONNECTION 682 209 -1 -1 4500 4500
12602 CONNECTION 682 558 300 2940 5040 5040
12603 CONNECTION 682 577 300 4560 6660 6660
12604 CONNECTION 682 1004 300 3120 5220 5220
12605 CONNECTION 682 1097 300 3120 5220 5220
12606 CONNECTION 682 1118 300 3720 5820 5820
12607 CONNECTION 682 1126 300 3720 5820 5820
12608 CONNECTION 682 488 300 3720 5820 5820
12609 CONNECTION 682 13 300 4140 6240 6240
12610 CONNECTION 682 1106 300 4140 6240 6240
12611 CONNECTION 682 131 300 4740 6840 6840
12612 CONNECTION 682 84 300 4920 7020 7020
12613 CONNECTION 682 151 300 6360 8460 8460
12614 CONNECTION 682 176 300 5520 7620 7620
12615 CONNECTION 682 629 300 6000 8100 8100
12616 CONNECTION 682 357 300 6540 8640 8640
12617 CONNECTION 510 511 -1 -1 1560 1560
12618 CONNECTION 510 915 -1 -1 2340 2340
12619 CONNECTION 510 684 -1 -1 3360 3360
12620 CONNECTION 510 58 -1 -1 3960 3960
12621 CONNECTION 510 1117 -1 -1 4140 4140
12622 CONNECTION 510 1125 -1 -1 4140 4140
12623 CONNECTION 510 808 -1 -1 4260 4260
12624 CONNECTION 510 869 300 3060 5160 5160
12625 CONNECTION 510 1111 300 3240 5340 5340
12626 CONNECTION 510 175 300 3840 5940 5940
12627 CONNECTION 510 1005 300 4860 6960 6960
12628 CONNECTION 510 1098 300 4860 6960 6960
12629 CONNECTION 510 489 300 5460 7560 7560
12630 CONNECTION 510 337 300 5640 7740 7740
12631 CONNECTION 510 423 300 5640 7740 7740
12632 CONNECTION 510 14 300 5760 7860 7860
12633 CONNECTION 510 1107 300 5760 7860 7860
12634 CONNECTION 575 130 -1 -1 3720 3720
12635 CONNECTION 575 231 -1 -1 4260 4260
12636 CONNECTION 575 356 -1 -1 5520 5520
12637 CONNECTION 575 470 300 3960 6060 6060
12638 CONNECTION 575 559 300 5220 7320 7320
12639 CONNECTION 575 650 300 5760 7860 7860
12640 CONNECTION 575 132 300 7020 9120 9120
12641 CONNECTION 354 355 -1 -1 1860 1860
12642 CONNECTION 354 916 -1 -1 2640 2640
12643 CONNECTION 354 209 -1 -1 3120 3120
12644 CONNECTION 354 558 -1 -1 3660 3660
12645 CONNECTION 354 577 -1 -1 5280 5280
12646 CONNECTION 354 1004 -1 -1 3840 3840
12647 CONNECTION 354 1097 -1 -1 3840 3840
12648 CONNECTION 354 1118 -1 -1 4440 4440
12649 CONNECTION 354 1126 -1 -1 4440 4440
12650 CONNECTION 354 488 -1 -1 4440 4440
12651 CONNECTION 354 13 300 2760 4860 4860
12652 CONNECTION 354 1106 300 2760 4860 4860
12653 CONNECTION 354 131 300 3360 5460 5460
12654 CONNECTION 354 84 300 3540 5640 5640
12655 CONNECTION 354 151 300 4980 7080 7080
12656 CONNECTION 354 176 300 4140 6240 6240
12657 CONNECTION 354 629 300 4620 6720 6720
12658 CONNECTION 354 357 300 5160 7260 7260
12659 CONNECTION 354 273 300 5340 7440 7440
12660 CONNECTION 354 378 300 6780 8880 8880
12661 CONNECTION 354 338 300 5940 8040 8040
12662 CONNECTION 354 424 300 5940 8040 8040
12663 CONNECTION 354 848 300 5940 8040 8040
12664 CONNECTION 354 1112 300 5940 8040 8040
12665 CONNECTION 354 447 300 6360 8460 8460
12666 CONNECTION 646 647 -1 -1 1200 1200
12667 CONNECTION 646 722 -1 -1 2640 2640
12668 CONNECTION 646 983 -1 -1 4020 4020
12669 CONNECTION 646 512 -1 -1 2160 2160
12670 CONNECTION 646 701 -1 -1 2760 2760
12671 CONNECTION 646 1110 -1 -1 3120 3120
12672 CONNECTION 646 828 -1 -1 3000 3000
12673 CONNECTION 646 174 -1 -1 3720 3720
12674 CONNECTION 646 893 -1 -1 4440 4440
12675 CONNECTION 646 933 -1 -1 4440 4440
12676 CONNECTION 646 949 -1 -1 6060 6060
12677 CONNECTION 646 685 -1 -1 3960 3960
12678 CONNECTION 646 59 300 4560 6660 6660
12679 CONNECTION 646 968 300 2700 4800 4800
12680 CONNECTION 646 422 300 3420 5520 5520
12681 CONNECTION 646 249 300 5520 7620 7620
12682 CONNECTION 646 1042 300 4140 6240 6240
12683 CONNECTION 646 870 300 3660 5760 5760
12684 CONNECTION 646 397 300 4620 6720 6720
12685 CONNECTION 646 1022 300 4260 6360 6360
12686 CONNECTION 646 38 300 4500 6600 6600
12687 CONNECTION 646 601 300 5220 7320 7320
12688 CONNECTION 646 112 300 5940 8040 8040
12689 CONNECTION 646 193 300 5940 8040 8040
12690 CONNECTION 646 211 300 7560 9660 9660
12691 CONNECTION 646 1006 300 5460 7560 7560
12692 CONNECTION 646 1099 300 5460 7560 7560
12693 CONNECTION 646 490 300 8160 10260 10260
12694 SINK 646 7 -1 -1 0 0
12695 CONNECTION 290 173 -1 -1 3000 3000
12696 CONNECTION 290 892 -1 -1 3180 3180
12697 CONNECTION 290 648 -1 -1 5040 5040
12698 CONNECTION 290 421 300 2700 4800 4800
12699 CONNECTION 290 248 300 2880 4980 4980
12700 CONNECTION 290 1041 300 2880 4980 4980
12701 CONNECTION 290 829 300 4740 6840 6840
12702 CONNECTION 290 600 300 4500 6600 6600
12703 CONNECTION 290 111 300 4680 6780 6780
12704 CONNECTION 290 969 300 6540 8640 8640
12705 CONNECTION 764 765 -1 -1 1620 1620
12706 CONNECTION 764 915 -1 -1 2220 2220
12707 CONNECTION 764 684 -1 -1 3240 3240
12708 CONNECTION 764 58 -1 -1 3840 3840
12709 CONNECTION 764 1117 -1 -1 4020 4020
12710 CONNECTION 764 1125 -1 -1 4020 4020
12711 CONNECTION 764 808 -1 -1 4140 4140
12712 CONNECTION 764 869 300 2940 5040 5040
12713 CONNECTION 764 1111 300 3120 5220 5220
12714 CONNECTION 764 175 300 3720 5820 5820
12715 CONNECTION 764 1005 300 4740 6840 6840
12716 CONNECTION 764 1098 300 4740 6840 6840
12717 CONNECTION 764 489 300 5340 7440 7440
12718 CONNECTION 764 337 300 5520 7620 7620
12719 CONNECTION 764 423 300 5520 7620 7620
12720 CONNECTION 764 14 300 5640 7740 7740
12721 CONNECTION 764 1107 300 5640 7740 7740
12722 CONNECTION 764 85 300 6540 8640 8640
12723 CONNECTION 700 701 -1 -1 1200 1200
12724 CONNECTION 700 174 -1 -1 2160 2160
12725 CONNECTION 700 893 -1 -1 2880 2880
12726 CONNECTION 700 933 -1 -1 2880 2880
12727 CONNECTION 700 949 -1 -1 4500 4500
12728 CONNECTION 700 685 -1 -1 2400 2400
12729 CONNECTION 700 59 -1 -1 5100 5100
12730 CONNECTION 700 968 -1 -1 3240 3240
12731 CONNECTION 700 422 -1 -1 3960 3960
12732 CONNECTION 700 249 -1 -1 6060 6060
12733 CONNECTION 700 1042 -1 -1 4680 4680
12734 CONNECTION 700 870 300 2100 4200 4200
12735 CONNECTION 700 397 300 3060 5160 5160
12736 CONNECTION 700 1022 300 2700 4800 4800
12737 CONNECTION 700 38 300 2940 5040 5040
12738 CONNECTION 700 601 300 3660 5760 5760
12739 CONNECTION 700 112 300 4380 6480 6480
12740 CONNECTION 700 193 300 4380 6480 6480
12741 CONNECTION 700 211 300 6000 8100 8100
12742 CONNECTION 700 1006 300 3900 6000 6000
12743 CONNECTION 700 1099 300 3900 6000 6000
12744 CONNECTION 700 490 300 6600 8700 8700
12745 CONNECTION 700 233 300 4740 6840 6840
12746 CONNECTION 700 790 300 5460 7560 7560
12747 CONNECTION 700 317 300 6180 8280 8280
12748 CONNECTION 700 665 300 7560 9660 9660
12749 CONNECTION 700 86 300 5700 7800 7800
12750 SINK 700 7 -1 -1 0 0
12751 CONNECTION 598 599 -1 -1 2820 2820
12752 CONNECTION 598 576 -1 -1 3180 3180
12753 CONNECTION 598 1003 -1 -1 3180 3180
12754 CONNECTION 598 1096 -1 -1 3180 3180
12755 CONNECTION 598 742 -1 -1 4620 4620
12756 CONNECTION 598 788 -1 -1 4620 4620
12757 CONNECTION 598 12 -1 -1 4200 4200
12758 CONNECTION 598 1105 -1 -1 4200 4200
12759 CONNECTION 598 83 300 2880 4980 4980
12760 CONNECTION 598 150 300 2880 4980 4980
12761 CONNECTION 598 917 300 4320 6420 6420
12762 CONNECTION 598 272 300 4680 6780 6780
12763 CONNECTION 598 377 300 4680 6780 6780
12764 CONNECTION 598 1119 300 6120 8220 8220
12765 CONNECTION 598 1127 300 6120 8220 8220
12766 CONNECTION 598 446 300 5700 7800 7800
12767 CONNECTION 598 514 300 6480 8580 8580
12768 CONNECTION 598 578 300 6480 8580 8580
12769 CONNECTION 891 892 -1 -1 1200 1200
12770 CONNECTION 891 421 -1 -1 2820 2820
12771 CONNECTION 891 248 -1 -1 3000 3000
12772 CONNECTION 891 1041 -1 -1 3000 3000
12773 CONNECTION 891 829 -1 -1 4860 4860
12774 CONNECTION 891 600 300 2520 4620 4620
12775 CONNECTION 891 111 300 2700 4800 4800
12776 CONNECTION 891 969 300 4560 6660 6660
12777 CONNECTION 891 789 300 4320 6420 6420
12778 CONNECTION 891 316 300 4500 6600 6600
12779 CONNECTION 891 664 300 4500 6600 6600
12780 CONNECTION 891 39 300 6360 8460 8460
12781 CONNECTION 891 918 300 6120 8220 8220
12782 CONNECTION 335 271 -1 -1 3900 3900
12783 CONNECTION 335 445 -1 -1 4920 4920
12784 CONNECTION 335 513 -1 -1 5700 5700
12785 CONNECTION 335 686 300 5400 7500 7500
12786 CONNECTION 335 809 300 6420 8520 8520
12787 CONNECTION 335 871 300 7200 9300 9300
12788 CONNECTION 420 271 -1 -1 3900 3900
12789 CONNECTION 420 445 -1 -1 4920 4920
12790 CONNECTION 420 513 -1 -1 5700 5700
12791 CONNECTION 420 686 300 5400 7500 7500
12792 CONNECTION 420 809 300 6420 8520 8520
12793 CONNECTION 420 871 300 7200 9300 9300
12794 CONNECTION 467 468 -1 -1 3000 3000
12795 CONNECTION 467 173 -1 -1 2760 2760
12796 CONNECTION 467 892 -1 -1 2940 2940
12797 CONNECTION 467 648 -1 -1 4800 4800
12798 CONNECTION 467 421 300 2460 4560 4560
12799 CONNECTION 467 248 300 2640 4740 4740
12800 CONNECTION 467 1041 300 2640 4740 4740
12801 CONNECTION 467 829 300 4500 6600 6600
12802 CONNECTION 467 600 300 4260 6360 6360
12803 CONNECTION 467 111 300 4440 6540 6540
12804 CONNECTION 467 969 300 6300 8400 8400
12805 CONNECTION 467 789 300 6060 8160 8160
12806 CONNECTION 845 846 -1 -1 3300 3300
12807 CONNECTION 845 1116 -1 -1 2160 2160
12808 CONNECTION 845 722 -1 -1 2880 2880
12809 CONNECTION 845 983 -1 -1 4260 4260
12810 CONNECTION 845 512 -1 -1 2400 2400
12811 CONNECTION 845 701 -1 -1 3000 3000
12812 CONNECTION 845 1110 -1 -1 3360 3360
12813 CONNECTION 845 828 -1 -1 3240 3240
12814 CONNECTION 845 174 -1 -1 3960 3960
12815 CONNECTION 845 893 -1 -1 4680 4680
12816 CONNECTION 845 933 -1 -1 4680 4680
12817 CONNECTION 845 949 -1 -1 6300 6300
12818 CONNECTION 845 685 300 2100 4200 4200
12819 CONNECTION 845 59 300 4800 6900 6900
12820 CONNECTION 845 968 300 2940 5040 5040
12821 CONNECTION 845 422 300 3660 5760 5760
12822 CONNECTION 845 249 300 5760 7860 7860
12823 CONNECTION 845 1042 300 4380 6480 6480
12824 CONNECTION 845 870 300 3900 6000 6000
12825 CONNECTION 845 397 300 4860 6960 6960
12826 CONNECTION 845 1022 300 4500 6600 6600
12827 CONNECTION 845 38 300 4740 6840 6840
12828 CONNECTION 845 601 300 5460 7560 7560
12829 CONNECTION 845 112 300 6180 8280 8280
12830 CONNECTION 845 193 300 6180 8280 8280
12831 CONNECTION 845 211 300 7800 9900 9900
12832 CONNECTION 845 1006 300 5700 7800 7800
12833 CONNECTION 845 1099 300 5700 7800 7800
12834 SINK 845 7 -1 -1 0 0
12835 CONNECTION 1087 1088 -1 -1 3300 3300
12836 CONNECTION 1087 1116 -1 -1 2160 2160
12837 CONNECTION 1087 722 -1 -1 2880 2880
12838 CONNECTION 1087 983 -1 -1 4260 4260
12839 CONNECTION 1087 512 -1 -1 2400 2400
12840 CONNECTION 1087 701 -1 -1 3000 3000
12841 CONNECTION 1087 1110 -1 -1 3360 3360
12842 CONNECTION 1087 828 -1 -1 3240 3240
12843 CONNECTION 1087 174 -1 -1 3960 3960
12844 CONNECTION 1087 893 -1 -1 4680 4680
12845 CONNECTION 1087 933 -1 -1 4680 4680
12846 CONNECTION 1087 949 -1 -1 6300 6300
12847 CONNECTION 1087 685 300 2100 4200 4200
12848 CONNECTION 1087 59 300 4800 6900 6900
12849 CONNECTION 1087 968 300 2940 5040 5040
12850 CONNECTION 1087 422 300 3660 5760 5760
12851 CONNECTION 1087 249 300 5760 7860 7860
12852 CONNECTION 1087 1042 300 4380 6480 6480
12853 CONNECTION 1087 870 300 3900 6000 6000
12854 CONNECTION 1087 397 300 4860 6960 6960
12855 CONNECTION 1087 1022 300 4500 6600 6600
12856 CONNECTION 1087 38 300 4740 6840 6840
12857 CONNECTION 1087 601 300 5460 7560 7560
12858 CONNECTION 1087 112 300 6180 8280 8280
12859 CONNECTION 1087 193 300 6180 8280 8280
12860 CONNECTION 1087 211 300 7800 9900 9900
12861 CONNECTION 1087 1006 300 5700 7800 7800
12862 CONNECTION 1087 1099 300 5700 7800 7800
12863 SINK 1087 7 -1 -1 0 0
12864 CONNECTION 1109 1110 -1 -1 1560 1560
12865 CONNECTION 1109 174 -1 -1 2160 2160
12866 CONNECTION 1109 893 -1 -1 2880 2880
12867 CONNECTION 1109 933 -1 -1 2880 2880
12868 CONNECTION 1109 949 -1 -1 4500 4500
12869 CONNECTION 1109 685 -1 -1 2400 2400
12870 CONNECTION 1109 59 -1 -1 5100 5100
12871 CONNECTION 1109 968 -1 -1 3240 3240
12872 CONNECTION 1109 422 -1 -1 3960 3960
12873 CONNECTION 1109 249 -1 -1 6060 6060
12874 CONNECTION 1109 1042 -1 -1 4680 4680
12875 CONNECTION 1109 870 300 2100 4200 4200
12876 CONNECTION 1109 397 300 3060 5160 5160
12877 CONNECTION 1109 1022 300 2700 4800 4800
12878 CONNECTION 1109 38 300 2940 5040 5040
12879 CONNECTION 1109 601 300 3660 5760 5760
12880 CONNECTION 1109 112 300 4380 6480 6480
12881 CONNECTION 1109 193 300 4380 6480 6480
12882 CONNECTION 1109 211 300 6000 8100 8100
12883 CONNECTION 1109 1006 300 3900 6000 6000
12884 CONNECTION 1109 1099 300 3900 6000 6000
12885 CONNECTION 1109 490 300 6600 8700 8700
12886 CONNECTION 1109 233 300 4740 6840 6840
12887 CONNECTION 1109 790 300 5460 7560 7560
12888 CONNECTION 1109 317 300 6180 8280 8280
12889 CONNECTION 1109 665 300 7560 9660 9660
12890 CONNECTION 1109 86 300 5700 7800 7800
12891 SINK 1109 7 -1 -1 0 0
12892 CONNECTION 740 741 -1 -1 1860 1860
12893 CONNECTION 740 807 -1 -1 2280 2280
12894 CONNECTION 740 355 -1 -1 2880 2880
12895 CONNECTION 740 376 -1 -1 4500 4500
12896 CONNECTION 740 868 -1 -1 3060 3060
12897 CONNECTION 740 916 -1 -1 3660 3660
12898 CONNECTION 740 209 -1 -1 4140 4140
12899 CONNECTION 740 558 -1 -1 4680 4680
12900 CONNECTION 740 577 300 4200 6300 6300
12901 CONNECTION 740 1004 300 2760 4860 4860
12902 CONNECTION 740 1097 300 2760 4860 4860
12903 CONNECTION 740 1118 300 3360 5460 5460
12904 CONNECTION 740 1126 300 3360 5460 5460
12905 CONNECTION 740 488 300 3360 5460 5460
12906 CONNECTION 740 13 300 3780 5880 5880
12907 CONNECTION 740 1106 300 3780 5880 5880
12908 CONNECTION 740 131 300 4380 6480 6480
12909 CONNECTION 740 84 300 4560 6660 6660
12910 CONNECTION 740 151 300 6000 8100 8100
12911 CONNECTION 740 176 300 5160 7260 7260
12912 CONNECTION 740 629 300 5640 7740 7740
12913 CONNECTION 740 357 300 6180 8280 8280
12914 CONNECTION 740 273 300 6360 8460 8460
12915 CONNECTION 740 378 300 7800 9900 9900
12916 CONNECTION 786 787 -1 -1 1860 1860
12917 CONNECTION 786 807 -1 -1 2280 2280
12918 CONNECTION 786 355 -1 -1 2880 2880
12919 CONNECTION 786 376 -1 -1 4500 4500
12920 CONNECTION 786 868 -1 -1 3060 3060
12921 CONNECTION 786 916 -1 -1 3660 3660
12922 CONNECTION 786 209 -1 -1 4140 4140
12923 CONNECTION 786 558 -1 -1 4680 4680
12924 CONNECTION 786 577 300 4200 6300 6300
12925 CONNECTION 786 1004 300 2760 4860 4860
12926 CONNECTION 786 1097 300 2760 4860 4860
12927 CONNECTION 786 1118 300 3360 5460 5460
12928 CONNECTION 786 1126 300 3360 5460 5460
12929 CONNECTION 786 488 300 3360 5460 5460
12930 CONNECTION 786 13 300 3780 5880 5880
12931 CONNECTION 786 1106 300 3780 5880 5880
12932 CONNECTION 786 131 300 4380 6480 6480
12933 CONNECTION 786 84 300 4560 6660 6660
12934 CONNECTION 786 151 300 6000 8100 8100
12935 CONNECTION 786 176 300 5160 7260 7260
12936 CONNECTION 786 629 300 5640 7740 7740
12937 CONNECTION 786 357 300 6180 8280 8280
12938 CONNECTION 786 273 300 6360 8460 8460
12939 CONNECTION 786 378 300 7800 9900 9900
12940 CONNECTION 1002 1003 -1 -1 1860 1860
12941 CONNECTION 1002 742 -1 -1 3300 3300
12942 CONNECTION 1002 788 -1 -1 3300 3300
12943 CONNECTION 1002 12 -1 -1 2880 2880
12944 CONNECTION 1002 1105 -1 -1 2880 2880
12945 CONNECTION 1002 83 -1 -1 3660 3660
12946 CONNECTION 1002 150 -1 -1 3660 3660
12947 CONNECTION 1002 917 -1 -1 5100 5100
12948 CONNECTION 1002 272 300 3360 5460 5460
12949 CONNECTION 1002 377 300 3360 5460 5460
12950 CONNECTION 1002 1119 300 4800 6900 6900
12951 CONNECTION 1002 1127 300 4800 6900 6900
12952 CONNECTION 1002 446 300 4380 6480 6480
12953 CONNECTION 1002 514 300 5160 7260 7260
12954 CONNECTION 1002 578 300 5160 7260 7260
12955 CONNECTION 1002 177 300 6600 8700 8700
12956 CONNECTION 1095 1096 -1 -1 1860 1860
12957 CONNECTION 1095 742 -1 -1 3300 3300
12958 CONNECTION 1095 788 -1 -1 3300 3300
12959 CONNECTION 1095 12 -1 -1 2880 2880
12960 CONNECTION 1095 1105 -1 -1 2880 2880
12961 CONNECTION 1095 83 -1 -1 3660 3660
12962 CONNECTION 1095 150 -1 -1 3660 3660
12963 CONNECTION 1095 917 -1 -1 5100 5100
12964 CONNECTION 1095 272 300 3360 5460 5460
12965 CONNECTION 1095 377 300 3360 5460 5460
12966 CONNECTION 1095 1119 300 4800 6900 6900
12967 CONNECTION 1095 1127 300 4800 6900 6900
12968 CONNECTION 1095 446 300 4380 6480 6480
12969 CONNECTION 1095 514 300 5160 7260 7260
12970 CONNECTION 1095 578 300 5160 7260 7260
12971 CONNECTION 1095 177 300 6600 8700 8700
12972 CONNECTION 914 915 -1 -1 1620 1620
12973 CONNECTION 914 684 -1 -1 2640 2640
12974 CONNECTION 914 58 -1 -1 3240 3240
12975 CONNECTION 914 1117 -1 -1 3420 3420
12976 CONNECTION 914 1125 -1 -1 3420 3420
12977 CONNECTION 914 808 -1 -1 3540 3540
12978 CONNECTION 914 869 -1 -1 4440 4440
12979 CONNECTION 914 1111 300 2520 4620 4620
12980 CONNECTION 914 175 300 3120 5220 5220
12981 CONNECTION 914 1005 300 4140 6240 6240
12982 CONNECTION 914 1098 300 4140 6240 6240
12983 CONNECTION 914 489 300 4740 6840 6840
12984 CONNECTION 914 337 300 4920 7020 7020
12985 CONNECTION 914 423 300 4920 7020 7020
12986 CONNECTION 914 14 300 5040 7140 7140
12987 CONNECTION 914 1107 300 5040 7140 7140
12988 CONNECTION 914 85 300 5940 8040 8040
12989 CONNECTION 914 398 300 6120 8220 8220
12990 CONNECTION 947 948 -1 -1 2100 2100
12991 CONNECTION 947 967 -1 -1 3120 3120
12992 CONNECTION 947 723 -1 -1 4200 4200
12993 CONNECTION 947 37 -1 -1 4920 4920
12994 CONNECTION 947 210 300 3600 5700 5700
12995 CONNECTION 947 336 300 2940 5040 5040
12996 CONNECTION 947 894 300 3900 6000 6000
12997 CONNECTION 947 934 300 3780 5880 5880
12998 CONNECTION 947 232 300 4620 6720 6720
12999 CONNECTION 947 1043 300 5700 7800 7800
13000 CONNECTION 947 471 300 6420 8520 8520
13001 CONNECTION 444 539 -1 -1 2820 2820
13002 CONNECTION 444 614 -1 -1 2700 2700
13003 CONNECTION 444 967 -1 -1 3540 3540
13004 CONNECTION 444 723 -1 -1 4620 4620
13005 CONNECTION 444 37 300 3240 5340 5340
13006 CONNECTION 444 210 300 4020 6120 6120
13007 CONNECTION 444 336 300 3360 5460 5460
13008 CONNECTION 444 894 300 4320 6420 6420
13009 CONNECTION 444 934 300 4200 6300 6300
13010 CONNECTION 444 232 300 5040 7140 7140
13011 CONNECTION 444 1043 300 6120 8220 8220
13012 CONNECTION 444 471 300 6840 8940 8940
13013 CONNECTION 538 539 -1 -1 2040 2040
13014 CONNECTION 538 967 -1 -1 2760 2760
13015 CONNECTION 538 723 -1 -1 3840 3840
13016 CONNECTION 538 37 -1 -1 4560 4560
13017 CONNECTION 538 210 300 3240 5340 5340
13018 CONNECTION 538 336 300 2580 4680 4680
13019 CONNECTION 538 894 300 3540 5640 5640
13020 CONNECTION 538 934 300 3420 5520 5520
13021 CONNECTION 538 232 300 4260 6360 6360
13022 CONNECTION 538 1043 300 5340 7440 7440
13023 CONNECTION 538 471 300 6060 8160 8160
13024 CONNECTION 538 630 300 6840 8940 8940
13025 CONNECTION 538 743 300 6180 8280 8280
13026 CONNECTION 613 614 -1 -1 1920 1920
13027 CONNECTION 613 967 -1 -1 2760 2760
13028 CONNECTION 613 723 -1 -1 3840 3840
13029 CONNECTION 613 37 -1 -1 4560 4560
13030 CONNECTION 613 210 300 3240 5340 5340
13031 CONNECTION 613 336 300 2580 4680 4680
13032 CONNECTION 613 894 300 3540 5640 5640
13033 CONNECTION 613 934 300 3420 5520 5520
13034 CONNECTION 613 232 300 4260 6360 6360
13035 CONNECTION 613 1043 300 5340 7440 7440
13036 CONNECTION 613 471 300 6060 8160 8160
13037 CONNECTION 613 630 300 6840 8940 8940
13038 CONNECTION 613 743 300 6180 8280 8280
13039 CONNECTION 806 807 -1 -1 1620 1620
13040 CONNECTION 806 376 -1 -1 3840 3840
13041 CONNECTION 806 868 -1 -1 2400 2400
13042 CONNECTION 806 916 -1 -1 3000 3000
13043 CONNECTION 806 209 -1 -1 3480 3480
13044 CONNECTION 806 558 -1 -1 4020 4020
13045 CONNECTION 806 577 -1 -1 5640 5640
13046 CONNECTION 806 1004 -1 -1 4200 4200
13047 CONNECTION 806 1097 -1 -1 4200 4200
13048 CONNECTION 806 1118 300 2700 4800 4800
13049 CONNECTION 806 1126 300 2700 4800 4800
13050 CONNECTION 806 488 300 2700 4800 4800
13051 CONNECTION 806 13 300 3120 5220 5220
13052 CONNECTION 806 1106 300 3120 5220 5220
13053 CONNECTION 806 131 300 3720 5820 5820
13054 CONNECTION 806 84 300 3900 6000 6000
13055 CONNECTION 806 151 300 5340 7440 7440
13056 CONNECTION 806 176 300 4500 6600 6600
13057 CONNECTION 806 629 300 4980 7080 7080
13058 CONNECTION 806 357 300 5520 7620 7620
13059 CONNECTION 806 273 300 5700 7800 7800
13060 CONNECTION 806 378 300 7140 9240 9240
13061 CONNECTION 806 338 300 6300 8400 8400
13062 CONNECTION 806 424 300 6300 8400 8400
13063 CONNECTION 806 848 300 6300 8400 8400
13064 CONNECTION 806 1112 300 6300 8400 8400
13065 CONNECTION 35 109 -1 -1 1980 1980
13066 CONNECTION 35 395 -1 -1 2100 2100
13067 CONNECTION 35 314 -1 -1 3780 3780
13068 CONNECTION 35 540 300 3480 5580 5580
13069 CONNECTION 35 766 300 3600 5700 5700
13070 CONNECTION 35 724 300 5280 7380 7380
13071 CONNECTION 932 933 -1 -1 2100 2100
13072 CONNECTION 932 59 -1 -1 4320 4320
13073 CONNECTION 932 968 -1 -1 2460 2460
13074 CONNECTION 932 422 -1 -1 3180 3180
13075 CONNECTION 932 249 -1 -1 5280 5280
13076 CONNECTION 932 1042 -1 -1 3900 3900
13077 CONNECTION 932 870 -1 -1 3420 3420
13078 CONNECTION 932 397 -1 -1 4380 4380
13079 CONNECTION 932 1022 -1 -1 4020 4020
13080 CONNECTION 932 38 300 2160 4260 4260
13081 CONNECTION 932 601 300 2880 4980 4980
13082 CONNECTION 932 112 300 3600 5700 5700
13083 CONNECTION 932 193 300 3600 5700 5700
13084 CONNECTION 932 211 300 5220 7320 7320
13085 CONNECTION 932 1006 300 3120 5220 5220
13086 CONNECTION 932 1099 300 3120 5220 5220
13087 CONNECTION 932 490 300 5820 7920 7920
13088 CONNECTION 932 233 300 3960 6060 6060
13089 CONNECTION 932 790 300 4680 6780 6780
13090 CONNECTION 932 317 300 5400 7500 7500
13091 CONNECTION 932 665 300 6780 8880 8880
13092 CONNECTION 932 86 300 4920 7020 7020
13093 CONNECTION 932 293 300 5520 7620 7620
13094 CONNECTION 932 768 300 5880 7980 7980
13095 CONNECTION 932 472 300 5760 7860 7860
13096 CONNECTION 932 919 300 6480 8580 8580
13097 SINK 932 7 -1 -1 0 0
13098 CONNECTION 628 984 -1 -1 4200 4200
13099 CONNECTION 628 292 -1 -1 6300 6300
13100 CONNECTION 628 615 300 4980 7080 7080
13101 CONNECTION 628 250 300 5700 7800 7800
13102 CONNECTION 628 703 300 7800 9900 9900
13103 CONNECTION 1039 1040 -1 -1 3000 3000
13104 CONNECTION 1039 230 -1 -1 1620 1620
13105 CONNECTION 1039 110 -1 -1 4800 4800
13106 CONNECTION 1039 396 -1 -1 5220 5220
13107 CONNECTION 1039 469 -1 -1 3420 3420
13108 CONNECTION 1039 291 -1 -1 5340 5340
13109 CONNECTION 1039 847 300 1980 4080 4080
13110 CONNECTION 1039 1089 300 1980 4080 4080
13111 CONNECTION 1039 315 300 4500 6600 6600
13112 CONNECTION 1039 649 300 3120 5220 5220
13113 CONNECTION 1039 541 300 6300 8400 8400
13114 CONNECTION 1039 767 300 6720 8820 8820
13115 CONNECTION 1039 830 300 4920 7020 7020
13116 CONNECTION 1039 702 300 6840 8940 8940
13117 CONNECTION 1039 60 300 5580 7680 7680
13118 CONNECTION 313 231 -1 -1 4020 4020
13119 CONNECTION 313 356 -1 -1 5280 5280
13120 CONNECTION 313 470 300 3720 5820 5820
13121 CONNECTION 313 559 300 4980 7080 7080
13122 CONNECTION 313 650 300 5520 7620 7620
13123 CONNECTION 313 132 300 6780 8880 8880
13124 CONNECTION 1020 1021 -1 -1 3480 3480
13125 CONNECTION 1020 192 -1 -1 4260 4260
13126 CONNECTION 1020 984 -1 -1 4980 4980
13127 CONNECTION 1020 292 300 4980 7080 7080
13128 CONNECTION 1020 615 300 5760 7860 7860
13129 CONNECTION 1020 250 300 6480 8580 8580
13130 CONNECTION 129 742 -1 -1 3600 3600
13131 CONNECTION 129 788 -1 -1 3600 3600
13132 CONNECTION 129 12 -1 -1 3180 3180
13133 CONNECTION 129 1105 -1 -1 3180 3180
13134 CONNECTION 129 83 -1 -1 3960 3960
13135 CONNECTION 129 150 -1 -1 3960 3960
13136 CONNECTION 129 917 -1 -1 5400 5400
13137 CONNECTION 129 272 300 3660 5760 5760
13138 CONNECTION 129 377 300 3660 5760 5760
13139 CONNECTION 129 1119 300 5100 7200 7200
13140 CONNECTION 129 1127 300 5100 7200 7200
13141 CONNECTION 129 446 300 4680 6780 6780
13142 CONNECTION 129 514 300 5460 7560 7560
13143 CONNECTION 129 578 300 5460 7560 7560
13144 CONNECTION 129 177 300 6900 9000 9000
13145 CONNECTION 270 173 -1 -1 1800 1800
13146 CONNECTION 270 892 -1 -1 1980 1980
13147 CONNECTION 270 648 -1 -1 3840 3840
13148 CONNECTION 270 421 -1 -1 3600 3600
13149 CONNECTION 270 248 -1 -1 3780 3780
13150 CONNECTION 270 1041 -1 -1 3780 3780
13151 CONNECTION 270 829 -1 -1 5640 5640
13152 CONNECTION 270 600 300 3300 5400 5400
13153 CONNECTION 270 111 300 3480 5580 5580
13154 CONNECTION 270 969 300 5340 7440 7440
13155 CONNECTION 270 789 300 5100 7200 7200
13156 CONNECTION 270 316 300 5280 7380 7380
13157 CONNECTION 270 664 300 5280 7380 7380
13158 CONNECTION 270 39 300 7140 9240 9240
13159 CONNECTION 1115 1116 -1 -1 1560 1560
13160 CONNECTION 1115 512 -1 -1 1800 1800
13161 CONNECTION 1115 701 -1 -1 2400 2400
13162 CONNECTION 1115 1110 -1 -1 2760 2760
13163 CONNECTION 1115 828 -1 -1 2640 2640
13164 CONNECTION 1115 174 -1 -1 3360 3360
13165 CONNECTION 1115 893 -1 -1 4080 4080
13166 CONNECTION 1115 933 -1 -1 4080 4080
13167 CONNECTION 1115 949 -1 -1 5700 5700
13168 CONNECTION 1115 685 -1 -1 3600 3600
13169 CONNECTION 1115 59 300 4200 6300 6300
13170 CONNECTION 1115 968 300 2340 4440 4440
13171 CONNECTION 1115 422 300 3060 5160 5160
13172 CONNECTION 1115 249 300 5160 7260 7260
13173 CONNECTION 1115 1042 300 3780 5880 5880
13174 CONNECTION 1115 870 300 3300 5400 5400
13175 CONNECTION 1115 397 300 4260 6360 6360
13176 CONNECTION 1115 1022 300 3900 6000 6000
13177 CONNECTION 1115 38 300 4140 6240 6240
13178 CONNECTION 1115 601 300 4860 6960 6960
13179 CONNECTION 1115 112 300 5580 7680 7680
13180 CONNECTION 1115 193 300 5580 7680 7680
13181 CONNECTION 1115 211 300 7200 9300 9300
13182 CONNECTION 1115 1006 300 5100 7200 7200
13183 CONNECTION 1115 1099 300 5100 7200 7200
13184 CONNECTION 1115 490 300 7800 9900 9900
13185 CONNECTION 1115 233 300 5940 8040 8040
13186 SINK 1115 7 -1 -1 0 0
13187 CONNECTION 721 722 -1 -1 2100 2100
13188 CONNECTION 721 701 -1 -1 2220 2220
13189 CONNECTION 721 1110 -1 -1 2580 2580
13190 CONNECTION 721 828 -1 -1 2460 2460
13191 CONNECTION 721 174 -1 -1 3180 3180
13192 CONNECTION 721 893 -1 -1 3900 3900
13193 CONNECTION 721 933 -1 -1 3900 3900
13194 CONNECTION 721 949 -1 -1 5520 5520
13195 CONNECTION 721 685 -1 -1 3420 3420
13196 CONNECTION 721 59 -1 -1 6120 6120
13197 CONNECTION 721 968 300 2160 4260 4260
13198 CONNECTION 721 422 300 2880 4980 4980
13199 CONNECTION 721 249 300 4980 7080 7080
13200 CONNECTION 721 1042 300 3600 5700 5700
13201 CONNECTION 721 870 300 3120 5220 5220
13202 CONNECTION 721 397 300 4080 6180 6180
13203 CONNECTION 721 1022 300 3720 5820 5820
13204 CONNECTION 721 38 300 3960 6060 6060
13205 CONNECTION 721 601 300 4680 6780 6780
13206 CONNECTION 721 112 300 5400 7500 7500
13207 CONNECTION 721 193 300 5400 7500 7500
13208 CONNECTION 721 211 300 7020 9120 9120
13209 CONNECTION 721 1006 300 4920 7020 7020
13210 CONNECTION 721 1099 300 4920 7020 7020
13211 CONNECTION 721 490 300 7620 9720 9720
13212 CONNECTION 721 233 300 5760 7860 7860
13213 CONNECTION 721 790 300 6480 8580 8580
13214 SINK 721 7 -1 -1 0 0
13215 CONNECTION 982 983 -1 -1 3480 3480
13216 CONNECTION 982 701 -1 -1 2220 2220
13217 CONNECTION 982 1110 -1 -1 2580 2580
13218 CONNECTION 982 828 -1 -1 2460 2460
13219 CONNECTION 982 174 -1 -1 3180 3180
13220 CONNECTION 982 893 -1 -1 3900 3900
13221 CONNECTION 982 933 -1 -1 3900 3900
13222 CONNECTION 982 949 -1 -1 5520 5520
13223 CONNECTION 982 685 -1 -1 3420 3420
13224 CONNECTION 982 59 -1 -1 6120 6120
13225 CONNECTION 982 968 300 2160 4260 4260
13226 CONNECTION 982 422 300 2880 4980 4980
13227 CONNECTION 982 249 300 4980 7080 7080
13228 CONNECTION 982 1042 300 3600 5700 5700
13229 CONNECTION 982 870 300 3120 5220 5220
13230 CONNECTION 982 397 300 4080 6180 6180
13231 CONNECTION 982 1022 300 3720 5820 5820
13232 CONNECTION 982 38 300 3960 6060 6060
13233 CONNECTION 982 601 300 4680 6780 6780
13234 CONNECTION 982 112 300 5400 7500 7500
13235 CONNECTION 982 193 300 5400 7500 7500
13236 CONNECTION 982 211 300 7020 9120 9120
13237 CONNECTION 982 1006 300 4920 7020 7020
13238 CONNECTION 982 1099 300 4920 7020 7020
13239 CONNECTION 982 490 300 7620 9720 9720
13240 CONNECTION 982 233 300 5760 7860 7860
13241 CONNECTION 982 790 300 6480 8580 8580
13242 SINK 982 7 -1 -1 0 0
13243 CONNECTION 468 469 -1 -1 960 960
13244 CONNECTION 468 847 -1 -1 1620 1620
13245 CONNECTION 468 1089 -1 -1 1620 1620
13246 CONNECTION 468 315 -1 -1 4140 4140
13247 CONNECTION 468 649 -1 -1 2760 2760
13248 CONNECTION 468 541 300 3840 5940 5940
13249 CONNECTION 468 767 300 4260 6360 6360
13250 CONNECTION 468 830 300 2460 4560 4560
13251 CONNECTION 468 702 300 4380 6480 6480
13252 CONNECTION 468 60 300 3120 5220 5220
13253 CONNECTION 468 725 300 5640 7740 7740
13254 CONNECTION 468 970 300 4260 6360 6360
13255 CONNECTION 468 896 300 7440 9540 9540
13256 CONNECTION 468 1133 300 7860 9960 9960
13257 CONNECTION 511 512 -1 -1 1200 1200
13258 CONNECTION 511 701 -1 -1 1800 1800
13259 CONNECTION 511 1110 -1 -1 2160 2160
13260 CONNECTION 511 828 -1 -1 2040 2040
13261 CONNECTION 511 174 -1 -1 2760 2760
13262 CONNECTION 511 893 -1 -1 3480 3480
13263 CONNECTION 511 933 -1 -1 3480 3480
13264 CONNECTION 511 949 -1 -1 5100 5100
13265 CONNECTION 511 685 -1 -1 3000 3000
13266 CONNECTION 511 59 -1 -1 5700 5700
13267 CONNECTION 511 968 -1 -1 3840 3840
13268 CONNECTION 511 422 300 2460 4560 4560
13269 CONNECTION 511 249 300 4560 6660 6660
13270 CONNECTION 511 1042 300 3180 5280 5280
13271 CONNECTION 511 870 300 2700 4800 4800
13272 CONNECTION 511 397 300 3660 5760 5760
13273 CONNECTION 511 1022 300 3300 5400 5400
13274 CONNECTION 511 38 300 3540 5640 5640
13275 CONNECTION 511 601 300 4260 6360 6360
13276 CONNECTION 511 112 300 4980 7080 7080
13277 CONNECTION 511 193 300 4980 7080 7080
13278 CONNECTION 511 211 300 6600 8700 8700
13279 CONNECTION 511 1006 300 4500 6600 6600
13280 CONNECTION 511 1099 300 4500 6600 6600
13281 CONNECTION 511 490 300 7200 9300 9300
13282 CONNECTION 511 233 300 5340 7440 7440
13283 CONNECTION 511 790 300 6060 8160 8160
13284 CONNECTION 511 317 300 6780 8880 8880
13285 CONNECTION 511 665 300 8160 10260 10260
13286 SINK 511 7 -1 -1 0 0
13287 CONNECTION 487 395 -1 -1 1440 1440
13288 CONNECTION 487 314 -1 -1 3120 3120
13289 CONNECTION 487 540 300 2820 4920 4920
13290 CONNECTION 487 766 300 2940 5040 5040
13291 CONNECTION 487 724 300 4620 6720 6720
13292 CONNECTION 966 967 -1 -1 2100 2100
13293 CONNECTION 966 723 -1 -1 3180 3180
13294 CONNECTION 966 37 -1 -1 3900 3900
13295 CONNECTION 966 210 -1 -1 4680 4680
13296 CONNECTION 966 336 -1 -1 4020 4020
13297 CONNECTION 966 894 300 2880 4980 4980
13298 CONNECTION 966 934 300 2760 4860 4860
13299 CONNECTION 966 232 300 3600 5700 5700
13300 CONNECTION 966 1043 300 4680 6780 6780
13301 CONNECTION 966 471 300 5400 7500 7500
13302 CONNECTION 966 630 300 6180 8280 8280
13303 CONNECTION 966 743 300 5520 7620 7620
13304 CONNECTION 966 113 300 6480 8580 8580
13305 CONNECTION 966 194 300 6360 8460 8460
13306 CONNECTION 11 12 -1 -1 1860 1860
13307 CONNECTION 11 83 -1 -1 2640 2640
13308 CONNECTION 11 150 -1 -1 2640 2640
13309 CONNECTION 11 917 -1 -1 4080 4080
13310 CONNECTION 11 272 -1 -1 4440 4440
13311 CONNECTION 11 377 -1 -1 4440 4440
13312 CONNECTION 11 1119 300 3780 5880 5880
13313 CONNECTION 11 1127 300 3780 5880 5880
13314 CONNECTION 11 446 300 3360 5460 5460
13315 CONNECTION 11 514 300 4140 6240 6240
13316 CONNECTION 11 578 300 4140 6240 6240
13317 CONNECTION 11 177 300 5580 7680 7680
13318 CONNECTION 11 152 300 5940 8040 8040
13319 CONNECTION 11 687 300 5940 8040 8040
13320 CONNECTION 11 339 300 7380 9480 9480
13321 CONNECTION 11 425 300 7380 9480 9480
13322 CONNECTION 375 376 -1 -1 3060 3060
13323 CONNECTION 375 209 -1 -1 2700 2700
13324 CONNECTION 375 558 -1 -1 3240 3240
13325 CONNECTION 375 577 -1 -1 4860 4860
13326 CONNECTION 375 1004 -1 -1 3420 3420
13327 CONNECTION 375 1097 -1 -1 3420 3420
13328 CONNECTION 375 1118 -1 -1 4020 4020
13329 CONNECTION 375 1126 -1 -1 4020 4020
13330 CONNECTION 375 488 -1 -1 4020 4020
13331 CONNECTION 375 13 -1 -1 4440 4440
13332 CONNECTION 375 1106 -1 -1 4440 4440
13333 CONNECTION 375 131 300 2940 5040 5040
13334 CONNECTION 375 84 300 3120 5220 5220
13335 CONNECTION 375 151 300 4560 6660 6660
13336 CONNECTION 375 176 300 3720 5820 5820
13337 CONNECTION 375 629 300 4200 6300 6300
13338 CONNECTION 375 357 300 4740 6840 6840
13339 CONNECTION 375 273 300 4920 7020 7020
13340 CONNECTION 375 378 300 6360 8460 8460
13341 CONNECTION 375 338 300 5520 7620 7620
13342 CONNECTION 375 424 300 5520 7620 7620
13343 CONNECTION 375 848 300 5520 7620 7620
13344 CONNECTION 375 1112 300 5520 7620 7620
13345 CONNECTION 375 447 300 5940 8040 8040
13346 CONNECTION 375 560 300 6540 8640 8640
13347 CONNECTION 765 916 -1 -1 2460 2460
13348 CONNECTION 765 209 -1 -1 2940 2940
13349 CONNECTION 765 558 -1 -1 3480 3480
13350 CONNECTION 765 577 -1 -1 5100 5100
13351 CONNECTION 765 1004 -1 -1 3660 3660
13352 CONNECTION 765 1097 -1 -1 3660 3660
13353 CONNECTION 765 1118 -1 -1 4260 4260
13354 CONNECTION 765 1126 -1 -1 4260 4260
13355 CONNECTION 765 488 -1 -1 4260 4260
13356 CONNECTION 765 13 300 2580 4680 4680
13357 CONNECTION 765 1106 300 2580 4680 4680
13358 CONNECTION 765 131 300 3180 5280 5280
13359 CONNECTION 765 84 300 3360 5460 5460
13360 CONNECTION 765 151 300 4800 6900 6900
13361 CONNECTION 765 176 300 3960 6060 6060
13362 CONNECTION 765 629 300 4440 6540 6540
13363 CONNECTION 765 357 300 4980 7080 7080
13364 CONNECTION 765 273 300 5160 7260 7260
13365 CONNECTION 765 378 300 6600 8700 8700
13366 CONNECTION 765 338 300 5760 7860 7860
13367 CONNECTION 765 424 300 5760 7860 7860
13368 CONNECTION 765 848 300 5760 7860 7860
13369 CONNECTION 765 1112 300 5760 7860 7860
13370 CONNECTION 765 447 300 6180 8280 8280
13371 CONNECTION 765 560 300 6780 8880 8880
13372 CONNECTION 867 868 -1 -1 1620 1620
13373 CONNECTION 867 209 -1 -1 2700 2700
13374 CONNECTION 867 558 -1 -1 3240 3240
13375 CONNECTION 867 577 -1 -1 4860 4860
13376 CONNECTION 867 1004 -1 -1 3420 3420
13377 CONNECTION 867 1097 -1 -1 3420 3420
13378 CONNECTION 867 1118 -1 -1 4020 4020
13379 CONNECTION 867 1126 -1 -1 4020 4020
13380 CONNECTION 867 488 -1 -1 4020 4020
13381 CONNECTION 867 13 -1 -1 4440 4440
13382 CONNECTION 867 1106 -1 -1 4440 4440
13383 CONNECTION 867 131 300 2940 5040 5040
13384 CONNECTION 867 84 300 3120 5220 5220
13385 CONNECTION 867 151 300 4560 6660 6660
13386 CONNECTION 867 176 300 3720 5820 5820
13387 CONNECTION 867 629 300 4200 6300 6300
13388 CONNECTION 867 357 300 4740 6840 6840
13389 CONNECTION 867 273 300 4920 7020 7020
13390 CONNECTION 867 378 300 6360 8460 8460
13391 CONNECTION 867 338 300 5520 7620 7620
13392 CONNECTION 867 424 300 5520 7620 7620
13393 CONNECTION 867 848 300 5520 7620 7620
13394 CONNECTION 867 1112 300 5520 7620 7620
13395 CONNECTION 867 447 300 5940 8040 8040
13396 CONNECTION 867 560 300 6540 8640 8640
13397 CONNECTION 1104 1105 -1 -1 1860 1860
13398 CONNECTION 1104 83 -1 -1 2640 2640
13399 CONNECTION 1104 150 -1 -1 2640 2640
13400 CONNECTION 1104 917 -1 -1 4080 4080
13401 CONNECTION 1104 272 -1 -1 4440 4440
13402 CONNECTION 1104 377 -1 -1 4440 4440
13403 CONNECTION 1104 1119 300 3780 5880 5880
13404 CONNECTION 1104 1127 300 3780 5880 5880
13405 CONNECTION 1104 446 300 3360 5460 5460
13406 CONNECTION 1104 514 300 4140 6240 6240
13407 CONNECTION 1104 578 300 4140 6240 6240
13408 CONNECTION 1104 177 300 5580 7680 7680
13409 CONNECTION 1104 152 300 5940 8040 8040
13410 CONNECTION 1104 687 300 5940 8040 8040
13411 CONNECTION 1104 339 300 7380 9480 9480
13412 CONNECTION 1104 425 300 7380 9480 9480
13413 CONNECTION 149 356 -1 -1 3720 3720
13414 CONNECTION 149 470 -1 -1 4260 4260
13415 CONNECTION 149 559 -1 -1 5520 5520
13416 CONNECTION 149 650 300 3960 6060 6060
13417 CONNECTION 149 132 300 5220 7320 7320
13418 CONNECTION 149 831 300 5760 7860 7860
13419 CONNECTION 149 358 300 7020 9120 9120
13420 CONNECTION 683 684 -1 -1 1560 1560
13421 CONNECTION 683 58 -1 -1 2160 2160
13422 CONNECTION 683 1117 -1 -1 2340 2340
13423 CONNECTION 683 1125 -1 -1 2340 2340
13424 CONNECTION 683 808 -1 -1 2460 2460
13425 CONNECTION 683 869 -1 -1 3360 3360
13426 CONNECTION 683 1111 -1 -1 3540 3540
13427 CONNECTION 683 175 -1 -1 4140 4140
13428 CONNECTION 683 1005 300 3060 5160 5160
13429 CONNECTION 683 1098 300 3060 5160 5160
13430 CONNECTION 683 489 300 3660 5760 5760
13431 CONNECTION 683 337 300 3840 5940 5940
13432 CONNECTION 683 423 300 3840 5940 5940
13433 CONNECTION 683 14 300 3960 6060 6060
13434 CONNECTION 683 1107 300 3960 6060 6060
13435 CONNECTION 683 85 300 4860 6960 6960
13436 CONNECTION 683 398 300 5040 7140 7140
13437 CONNECTION 683 602 300 5640 7740 7740
13438 CONNECTION 557 558 -1 -1 1860 1860
13439 CONNECTION 557 1118 -1 -1 2640 2640
13440 CONNECTION 557 1126 -1 -1 2640 2640
13441 CONNECTION 557 488 -1 -1 2640 2640
13442 CONNECTION 557 13 -1 -1 3060 3060
13443 CONNECTION 557 1106 -1 -1 3060 3060
13444 CONNECTION 557 131 -1 -1 3660 3660
13445 CONNECTION 557 84 -1 -1 3840 3840
13446 CONNECTION 557 151 -1 -1 5280 5280
13447 CONNECTION 557 176 -1 -1 4440 4440
13448 CONNECTION 557 629 300 2820 4920 4920
13449 CONNECTION 557 357 300 3360 5460 5460
13450 CONNECTION 557 273 300 3540 5640 5640
13451 CONNECTION 557 378 300 4980 7080 7080
13452 CONNECTION 557 338 300 4140 6240 6240
13453 CONNECTION 557 424 300 4140 6240 6240
13454 CONNECTION 557 848 300 4140 6240 6240
13455 CONNECTION 557 1112 300 4140 6240 6240
13456 CONNECTION 557 447 300 4560 6660 6660
13457 CONNECTION 557 560 300 5160 7260 7260
13458 CONNECTION 557 515 300 5340 7440 7440
13459 CONNECTION 557 579 300 6780 8880 8880
13460 CONNECTION 557 603 300 5940 8040 8040
13461 CONNECTION 557 950 300 6420 8520 8520
13462 CONNECTION 827 828 -1 -1 1200 1200
13463 CONNECTION 827 893 -1 -1 2640 2640
13464 CONNECTION 827 933 -1 -1 2640 2640
13465 CONNECTION 827 949 -1 -1 4260 4260
13466 CONNECTION 827 685 -1 -1 2160 2160
13467 CONNECTION 827 59 -1 -1 4860 4860
13468 CONNECTION 827 968 -1 -1 3000 3000
13469 CONNECTION 827 422 -1 -1 3720 3720
13470 CONNECTION 827 249 -1 -1 5820 5820
13471 CONNECTION 827 1042 -1 -1 4440 4440
13472 CONNECTION 827 870 -1 -1 3960 3960
13473 CONNECTION 827 397 300 2820 4920 4920
13474 CONNECTION 827 1022 300 2460 4560 4560
13475 CONNECTION 827 38 300 2700 4800 4800
13476 CONNECTION 827 601 300 3420 5520 5520
13477 CONNECTION 827 112 300 4140 6240 6240
13478 CONNECTION 827 193 300 4140 6240 6240
13479 CONNECTION 827 211 300 5760 7860 7860
13480 CONNECTION 827 1006 300 3660 5760 5760
13481 CONNECTION 827 1099 300 3660 5760 5760
13482 CONNECTION 827 490 300 6360 8460 8460
13483 CONNECTION 827 233 300 4500 6600 6600
13484 CONNECTION 827 790 300 5220 7320 7320
13485 CONNECTION 827 317 300 5940 8040 8040
13486 CONNECTION 827 665 300 7320 9420 9420
13487 CONNECTION 827 86 300 5460 7560 7560
13488 CONNECTION 827 293 300 6060 8160 8160
13489 CONNECTION 827 768 300 6420 8520 8520
13490 SINK 827 7 -1 -1 0 0
13491 CONNECTION 846 847 -1 -1 960 960
13492 CONNECTION 846 315 -1 -1 3480 3480
13493 CONNECTION 846 649 -1 -1 2100 2100
13494 CONNECTION 846 541 -1 -1 5280 5280
13495 CONNECTION 846 767 -1 -1 5700 5700
13496 CONNECTION 846 830 300 1800 3900 3900
13497 CONNECTION 846 702 300 3720 5820 5820
13498 CONNECTION 846 60 300 2460 4560 4560
13499 CONNECTION 846 725 300 4980 7080 7080
13500 CONNECTION 846 970 300 3600 5700 5700
13501 CONNECTION 846 896 300 6780 8880 8880
13502 CONNECTION 846 1133 300 7200 9300 9300
13503 CONNECTION 846 40 300 5400 7500 7500
13504 CONNECTION 846 1023 300 7320 9420 9420
13505 CONNECTION 1088 1089 -1 -1 960 960
13506 CONNECTION 1088 315 -1 -1 3480 3480
13507 CONNECTION 1088 649 -1 -1 2100 2100
13508 CONNECTION 1088 541 -1 -1 5280 5280
13509 CONNECTION 1088 767 -1 -1 5700 5700
13510 CONNECTION 1088 830 300 1800 3900 3900
13511 CONNECTION 1088 702 300 3720 5820 5820
13512 CONNECTION 1088 60 300 2460 4560 4560
13513 CONNECTION 1088 725 300 4980 7080 7080
13514 CONNECTION 1088 970 300 3600 5700 5700
13515 CONNECTION 1088 896 300 6780 8880 8880
13516 CONNECTION 1088 1133 300 7200 9300 9300
13517 CONNECTION 1088 40 300 5400 7500 7500
13518 CONNECTION 1088 1023 300 7320 9420 9420
13519 CONNECTION 741 742 -1 -1 2820 2820
13520 CONNECTION 741 12 -1 -1 2400 2400
13521 CONNECTION 741 1105 -1 -1 2400 2400
13522 CONNECTION 741 83 -1 -1 3180 3180
13523 CONNECTION 741 150 -1 -1 3180 3180
13524 CONNECTION 741 917 -1 -1 4620 4620
13525 CONNECTION 741 272 300 2880 4980 4980
13526 CONNECTION 741 377 300 2880 4980 4980
13527 CONNECTION 741 1119 300 4320 6420 6420
13528 CONNECTION 741 1127 300 4320 6420 6420
13529 CONNECTION 741 446 300 3900 6000 6000
13530 CONNECTION 741 514 300 4680 6780 6780
13531 CONNECTION 741 578 300 4680 6780 6780
13532 CONNECTION 741 177 300 6120 8220 8220
13533 CONNECTION 741 152 300 6480 8580 8580
13534 CONNECTION 741 687 300 6480 8580 8580
13535 CONNECTION 787 788 -1 -1 2820 2820
13536 CONNECTION 787 12 -1 -1 2400 2400
13537 CONNECTION 787 1105 -1 -1 2400 2400
13538 CONNECTION 787 83 -1 -1 3180 3180
13539 CONNECTION 787 150 -1 -1 3180 3180
13540 CONNECTION 787 917 -1 -1 4620 4620
13541 CONNECTION 787 272 300 2880 4980 4980
13542 CONNECTION 787 377 300 2880 4980 4980
13543 CONNECTION 787 1119 300 4320 6420 6420
13544 CONNECTION 787 1127 300 4320 6420 6420
13545 CONNECTION 787 446 300 3900 6000 6000
13546 CONNECTION 787 514 300 4680 6780 6780
13547 CONNECTION 787 578 300 4680 6780 6780
13548 CONNECTION 787 177 300 6120 8220 8220
13549 CONNECTION 787 152 300 6480 8580 8580
13550 CONNECTION 787 687 300 6480 8580 8580
13551 CONNECTION 1040 1041 -1 -1 1200 1200
13552 CONNECTION 1040 600 -1 -1 2820 2820
13553 CONNECTION 1040 111 -1 -1 3000 3000
13554 CONNECTION 1040 969 -1 -1 4860 4860
13555 CONNECTION 1040 789 300 2520 4620 4620
13556 CONNECTION 1040 316 300 2700 4800 4800
13557 CONNECTION 1040 664 300 2700 4800 4800
13558 CONNECTION 1040 39 300 4560 6660 6660
13559 CONNECTION 1040 918 300 4320 6420 6420
13560 CONNECTION 1040 542 300 4500 6600 6600
13561 CONNECTION 1040 234 300 6360 8460 8460
13562 CONNECTION 1040 1138 300 6120 8220 8220
13563 CONNECTION 599 513 -1 -1 3900 3900
13564 CONNECTION 599 686 -1 -1 5700 5700
13565 CONNECTION 599 809 300 4620 6720 6720
13566 CONNECTION 599 871 300 5400 7500 7500
13567 CONNECTION 599 1007 300 7200 9300 9300
13568 CONNECTION 599 1120 300 7200 9300 9300
13569 CONNECTION 647 648 -1 -1 3000 3000
13570 CONNECTION 647 421 -1 -1 2760 2760
13571 CONNECTION 647 248 -1 -1 2940 2940
13572 CONNECTION 647 1041 -1 -1 2940 2940
13573 CONNECTION 647 829 -1 -1 4800 4800
13574 CONNECTION 647 600 300 2460 4560 4560
13575 CONNECTION 647 111 300 2640 4740 4740
13576 CONNECTION 647 969 300 4500 6600 6600
13577 CONNECTION 647 789 300 4260 6360 6360
13578 CONNECTION 647 316 300 4440 6540 6540
13579 CONNECTION 647 664 300 4440 6540 6540
13580 CONNECTION 647 39 300 6300 8400 8400
13581 CONNECTION 647 918 300 6060 8160 8160
13582 CONNECTION 915 916 -1 -1 1860 1860
13583 CONNECTION 915 558 -1 -1 2880 2880
13584 CONNECTION 915 577 -1 -1 4500 4500
13585 CONNECTION 915 1004 -1 -1 3060 3060
13586 CONNECTION 915 1097 -1 -1 3060 3060
13587 CONNECTION 915 1118 -1 -1 3660 3660
13588 CONNECTION 915 1126 -1 -1 3660 3660
13589 CONNECTION 915 488 -1 -1 3660 3660
13590 CONNECTION 915 13 -1 -1 4080 4080
13591 CONNECTION 915 1106 -1 -1 4080 4080
13592 CONNECTION 915 131 -1 -1 4680 4680
13593 CONNECTION 915 84 300 2760 4860 4860
13594 CONNECTION 915 151 300 4200 6300 6300
13595 CONNECTION 915 176 300 3360 5460 5460
13596 CONNECTION 915 629 300 3840 5940 5940
13597 CONNECTION 915 357 300 4380 6480 6480
13598 CONNECTION 915 273 300 4560 6660 6660
13599 CONNECTION 915 378 300 6000 8100 8100
13600 CONNECTION 915 338 300 5160 7260 7260
13601 CONNECTION 915 424 300 5160 7260 7260
13602 CONNECTION 915 848 300 5160 7260 7260
13603 CONNECTION 915 1112 300 5160 7260 7260
13604 CONNECTION 915 447 300 5580 7680 7680
13605 CONNECTION 915 560 300 6180 8280 8280
13606 CONNECTION 915 515 300 6360 8460 8460
13607 CONNECTION 915 579 300 7800 9900 9900
13608 CONNECTION 57 58 -1 -1 1560 1560
13609 CONNECTION 57 869 -1 -1 2760 2760
13610 CONNECTION 57 1111 -1 -1 2940 2940
13611 CONNECTION 57 175 -1 -1 3540 3540
13612 CONNECTION 57 1005 300 2460 4560 4560
13613 CONNECTION 57 1098 300 2460 4560 4560
13614 CONNECTION 57 489 300 3060 5160 5160
13615 CONNECTION 57 337 300 3240 5340 5340
13616 CONNECTION 57 423 300 3240 5340 5340
13617 CONNECTION 57 14 300 3360 5460 5460
13618 CONNECTION 57 1107 300 3360 5460 5460
13619 CONNECTION 57 85 300 4260 6360 6360
13620 CONNECTION 57 398 300 4440 6540 6540
13621 CONNECTION 57 602 300 5040 7140 7140
13622 CONNECTION 57 274 300 6060 8160 8160
13623 CONNECTION 82 83 -1 -1 1860 1860
13624 CONNECTION 82 917 -1 -1 3300 3300
13625 CONNECTION 82 272 -1 -1 3660 3660
13626 CONNECTION 82 377 -1 -1 3660 3660
13627 CONNECTION 82 1119 -1 -1 5100 5100
13628 CONNECTION 82 1127 -1 -1 5100 5100
13629 CONNECTION 82 446 -1 -1 4680 4680
13630 CONNECTION 82 514 300 3360 5460 5460
13631 CONNECTION 82 578 300 3360 5460 5460
13632 CONNECTION 82 177 300 4800 6900 6900
13633 CONNECTION 82 152 300 5160 7260 7260
13634 CONNECTION 82 687 300 5160 7260 7260
13635 CONNECTION 82 339 300 6600 8700 8700
13636 CONNECTION 82 425 300 6600 8700 8700
13637 CONNECTION 82 810 300 6180 8280 8280
13638 CONNECTION 1116 1117 -1 -1 1620 1620
13639 CONNECTION 1116 869 -1 -1 2640 2640
13640 CONNECTION 1116 1111 -1 -1 2820 2820
13641 CONNECTION 1116 175 -1 -1 3420 3420
13642 CONNECTION 1116 1005 -1 -1 4440 4440
13643 CONNECTION 1116 1098 -1 -1 4440 4440
13644 CONNECTION 1116 489 300 2940 5040 5040
13645 CONNECTION 1116 337 300 3120 5220 5220
13646 CONNECTION 1116 423 300 3120 5220 5220
13647 CONNECTION 1116 14 300 3240 5340 5340
13648 CONNECTION 1116 1107 300 3240 5340 5340
13649 CONNECTION 1116 85 300 4140 6240 6240
13650 CONNECTION 1116 398 300 4320 6420 6420
13651 CONNECTION 1116 602 300 4920 7020 7020
13652 CONNECTION 1116 274 300 5940 8040 8040
13653 CONNECTION 1116 849 300 6540 8640 8640
13654 CONNECTION 1116 1113 300 6540 8640 8640
13655 CONNECTION 663 315 -1 -1 3480 3480
13656 CONNECTION 663 649 -1 -1 2100 2100
13657 CONNECTION 663 541 -1 -1 5280 5280
13658 CONNECTION 663 767 -1 -1 5700 5700
13659 CONNECTION 663 830 300 1800 3900 3900
13660 CONNECTION 663 702 300 3720 5820 5820
13661 CONNECTION 663 60 300 2460 4560 4560
13662 CONNECTION 663 725 300 4980 7080 7080
13663 CONNECTION 663 970 300 3600 5700 5700
13664 CONNECTION 663 896 300 6780 8880 8880
13665 CONNECTION 663 1133 300 7200 9300 9300
13666 CONNECTION 663 40 300 5400 7500 7500
13667 CONNECTION 663 1023 300 7320 9420 9420
13668 CONNECTION 948 949 -1 -1 3480 3480
13669 CONNECTION 948 59 -1 -1 4080 4080
13670 CONNECTION 948 968 -1 -1 2220 2220
13671 CONNECTION 948 422 -1 -1 2940 2940
13672 CONNECTION 948 249 -1 -1 5040 5040
13673 CONNECTION 948 1042 -1 -1 3660 3660
13674 CONNECTION 948 870 -1 -1 3180 3180
13675 CONNECTION 948 397 -1 -1 4140 4140
13676 CONNECTION 948 1022 -1 -1 3780 3780
13677 CONNECTION 948 38 -1 -1 4020 4020
13678 CONNECTION 948 601 300 2640 4740 4740
13679 CONNECTION 948 112 300 3360 5460 5460
13680 CONNECTION 948 193 300 3360 5460 5460
13681 CONNECTION 948 211 300 4980 7080 7080
13682 CONNECTION 948 1006 300 2880 4980 4980
13683 CONNECTION 948 1099 300 2880 4980 4980
13684 CONNECTION 948 490 300 5580 7680 7680
13685 CONNECTION 948 233 300 3720 5820 5820
13686 CONNECTION 948 790 300 4440 6540 6540
13687 CONNECTION 948 317 300 5160 7260 7260
13688 CONNECTION 948 665 300 6540 8640 8640
13689 CONNECTION 948 86 300 4680 6780 6780
13690 CONNECTION 948 293 300 5280 7380 7380
13691 CONNECTION 948 768 300 5640 7740 7740
13692 CONNECTION 948 472 300 5520 7620 7620
13693 CONNECTION 948 919 300 6240 8340 8340
13694 CONNECTION 948 543 300 6960 9060 9060
13695 CONNECTION 948 616 300 6960 9060 9060
13696 SINK 948 7 -1 -1 0 0
13697 CONNECTION 1124 1125 -1 -1 1620 1620
13698 CONNECTION 1124 869 -1 -1 2640 2640
13699 CONNECTION 1124 1111 -1 -1 2820 2820
13700 CONNECTION 1124 175 -1 -1 3420 3420
13701 CONNECTION 1124 1005 -1 -1 4440 4440
13702 CONNECTION 1124 1098 -1 -1 4440 4440
13703 CONNECTION 1124 489 300 2940 5040 5040
13704 CONNECTION 1124 337 300 3120 5220 5220
13705 CONNECTION 1124 423 300 3120 5220 5220
13706 CONNECTION 1124 14 300 3240 5340 5340
13707 CONNECTION 1124 1107 300 3240 5340 5340
13708 CONNECTION 1124 85 300 4140 6240 6240
13709 CONNECTION 1124 398 300 4320 6420 6420
13710 CONNECTION 1124 602 300 4920 7020 7020
13711 CONNECTION 1124 274 300 5940 8040 8040
13712 CONNECTION 1124 849 300 6540 8640 8640
13713 CONNECTION 1124 1113 300 6540 8640 8640
13714 CONNECTION 722 723 -1 -1 2040 2040
13715 CONNECTION 722 37 -1 -1 2760 2760
13716 CONNECTION 722 210 -1 -1 3540 3540
13717 CONNECTION 722 336 -1 -1 2880 2880
13718 CONNECTION 722 894 -1 -1 3840 3840
13719 CONNECTION 722 934 -1 -1 3720 3720
13720 CONNECTION 722 232 -1 -1 4560 4560
13721 CONNECTION 722 1043 300 3540 5640 5640
13722 CONNECTION 722 471 300 4260 6360 6360
13723 CONNECTION 722 630 300 5040 7140 7140
13724 CONNECTION 722 743 300 4380 6480 6480
13725 CONNECTION 722 113 300 5340 7440 7440
13726 CONNECTION 722 194 300 5220 7320 7320
13727 CONNECTION 722 651 300 6060 8160 8160
13728 CONNECTION 983 984 -1 -1 2640 2640
13729 CONNECTION 983 292 -1 -1 4740 4740
13730 CONNECTION 983 615 -1 -1 5520 5520
13731 CONNECTION 983 250 300 4140 6240 6240
13732 CONNECTION 983 703 300 6240 8340 8340
13733 CONNECTION 983 935 300 7020 9120 9120
13734 CONNECTION 230 314 -1 -1 1980 1980
13735 CONNECTION 230 540 -1 -1 3780 3780
13736 CONNECTION 230 766 300 1800 3900 3900
13737 CONNECTION 230 724 300 3480 5580 5580
13738 CONNECTION 230 895 300 5280 7380 7380
13739 CONNECTION 230 1132 300 5400 7500 7500
13740 CONNECTION 807 808 -1 -1 1440 1440
13741 CONNECTION 807 869 -1 -1 2340 2340
13742 CONNECTION 807 1111 -1 -1 2520 2520
13743 CONNECTION 807 175 -1 -1 3120 3120
13744 CONNECTION 807 1005 -1 -1 4140 4140
13745 CONNECTION 807 1098 -1 -1 4140 4140
13746 CONNECTION 807 489 300 2640 4740 4740
13747 CONNECTION 807 337 300 2820 4920 4920
13748 CONNECTION 807 423 300 2820 4920 4920
13749 CONNECTION 807 14 300 2940 5040 5040
13750 CONNECTION 807 1107 300 2940 5040 5040
13751 CONNECTION 807 85 300 3840 5940 5940
13752 CONNECTION 807 398 300 4020 6120 6120
13753 CONNECTION 807 602 300 4620 6720 6720
13754 CONNECTION 807 274 300 5640 7740 7740
13755 CONNECTION 807 849 300 6240 8340 8340
13756 CONNECTION 807 1113 300 6240 8340 8340
13757 CONNECTION 807 744 300 6420 8520 8520
13758 CONNECTION 807 791 300 6420 8520 8520
13759 CONNECTION 109 110 -1 -1 3000 3000
13760 CONNECTION 109 469 -1 -1 1620 1620
13761 CONNECTION 109 291 -1 -1 3540 3540
13762 CONNECTION 109 847 -1 -1 2280 2280
13763 CONNECTION 109 1089 -1 -1 2280 2280
13764 CONNECTION 109 315 -1 -1 4800 4800
13765 CONNECTION 109 649 -1 -1 3420 3420
13766 CONNECTION 109 541 300 4500 6600 6600
13767 CONNECTION 109 767 300 4920 7020 7020
13768 CONNECTION 109 830 300 3120 5220 5220
13769 CONNECTION 109 702 300 5040 7140 7140
13770 CONNECTION 109 60 300 3780 5880 5880
13771 CONNECTION 109 725 300 6300 8400 8400
13772 CONNECTION 109 970 300 4920 7020 7020
13773 CONNECTION 539 470 -1 -1 4020 4020
13774 CONNECTION 539 559 -1 -1 5280 5280
13775 CONNECTION 539 650 300 3720 5820 5820
13776 CONNECTION 539 132 300 4980 7080 7080
13777 CONNECTION 539 831 300 5520 7620 7620
13778 CONNECTION 539 358 300 6780 8880 8880
13779 CONNECTION 614 1118 -1 -1 2640 2640
13780 CONNECTION 614 1126 -1 -1 2640 2640
13781 CONNECTION 614 488 -1 -1 2640 2640
13782 CONNECTION 614 13 -1 -1 3060 3060
13783 CONNECTION 614 1106 -1 -1 3060 3060
13784 CONNECTION 614 131 -1 -1 3660 3660
13785 CONNECTION 614 84 -1 -1 3840 3840
13786 CONNECTION 614 151 -1 -1 5280 5280
13787 CONNECTION 614 176 -1 -1 4440 4440
13788 CONNECTION 614 629 300 2820 4920 4920
13789 CONNECTION 614 357 300 3360 5460 5460
13790 CONNECTION 614 273 300 3540 5640 5640
13791 CONNECTION 614 378 300 4980 7080 7080
13792 CONNECTION 614 338 300 4140 6240 6240
13793 CONNECTION 614 424 300 4140 6240 6240
13794 CONNECTION 614 848 300 4140 6240 6240
13795 CONNECTION 614 1112 300 4140 6240 6240
13796 CONNECTION 614 447 300 4560 6660 6660
13797 CONNECTION 614 560 300 5160 7260 7260
13798 CONNECTION 614 515 300 5340 7440 7440
13799 CONNECTION 614 579 300 6780 8880 8880
13800 CONNECTION 614 603 300 5940 8040 8040
13801 CONNECTION 614 950 300 6420 8520 8520
13802 CONNECTION 395 396 -1 -1 3300 3300
13803 CONNECTION 395 469 -1 -1 1500 1500
13804 CONNECTION 395 291 -1 -1 3420 3420
13805 CONNECTION 395 847 -1 -1 2160 2160
13806 CONNECTION 395 1089 -1 -1 2160 2160
13807 CONNECTION 395 315 -1 -1 4680 4680
13808 CONNECTION 395 649 -1 -1 3300 3300
13809 CONNECTION 395 541 300 4380 6480 6480
13810 CONNECTION 395 767 300 4800 6900 6900
13811 CONNECTION 395 830 300 3000 5100 5100
13812 CONNECTION 395 702 300 4920 7020 7020
13813 CONNECTION 395 60 300 3660 5760 5760
13814 CONNECTION 395 725 300 6180 8280 8280
13815 CONNECTION 395 970 300 4800 6900 6900
13816 CONNECTION 395 896 300 7980 10080 10080
13817 CONNECTION 173 174 -1 -1 1560 1560
13818 CONNECTION 173 685 -1 -1 1800 1800
13819 CONNECTION 173 59 -1 -1 4500 4500
13820 CONNECTION 173 968 -1 -1 2640 2640
13821 CONNECTION 173 422 -1 -1 3360 3360
13822 CONNECTION 173 249 -1 -1 5460 5460
13823 CONNECTION 173 1042 -1 -1 4080 4080
13824 CONNECTION 173 870 -1 -1 3600 3600
13825 CONNECTION 173 397 300 2460 4560 4560
13826 CONNECTION 173 1022 300 2100 4200 4200
13827 CONNECTION 173 38 300 2340 4440 4440
13828 CONNECTION 173 601 300 3060 5160 5160
13829 CONNECTION 173 112 300 3780 5880 5880
13830 CONNECTION 173 193 300 3780 5880 5880
13831 CONNECTION 173 211 300 5400 7500 7500
13832 CONNECTION 173 1006 300 3300 5400 5400
13833 CONNECTION 173 1099 300 3300 5400 5400
13834 CONNECTION 173 490 300 6000 8100 8100
13835 CONNECTION 173 233 300 4140 6240 6240
13836 CONNECTION 173 790 300 4860 6960 6960
13837 CONNECTION 173 317 300 5580 7680 7680
13838 CONNECTION 173 665 300 6960 9060 9060
13839 CONNECTION 173 86 300 5100 7200 7200
13840 CONNECTION 173 293 300 5700 7800 7800
13841 CONNECTION 173 768 300 6060 8160 8160
13842 CONNECTION 173 472 300 5940 8040 8040
13843 SINK 173 7 -1 -1 0 0
13844 CONNECTION 355 917 -1 -1 3600 3600
13845 CONNECTION 355 272 -1 -1 3960 3960
13846 CONNECTION 355 377 -1 -1 3960 3960
13847 CONNECTION 355 1119 -1 -1 5400 5400
13848 CONNECTION 355 1127 -1 -1 5400 5400
13849 CONNECTION 355 446 300 2880 4980 4980
13850 CONNECTION 355 514 300 3660 5760 5760
13851 CONNECTION 355 578 300 3660 5760 5760
13852 CONNECTION 355 177 300 5100 7200 7200
13853 CONNECTION 355 152 300 5460 7560 7560
13854 CONNECTION 355 687 300 5460 7560 7560
13855 CONNECTION 355 339 300 6900 9000 9000
13856 CONNECTION 355 425 300 6900 9000 9000
13857 CONNECTION 355 810 300 6480 8580 8580
13858 CONNECTION 512 421 -1 -1 1800 1800
13859 CONNECTION 512 248 -1 -1 1980 1980
13860 CONNECTION 512 1041 -1 -1 1980 1980
13861 CONNECTION 512 829 -1 -1 3840 3840
13862 CONNECTION 512 600 -1 -1 3600 3600
13863 CONNECTION 512 111 -1 -1 3780 3780
13864 CONNECTION 512 969 -1 -1 5640 5640
13865 CONNECTION 512 789 300 3300 5400 5400
13866 CONNECTION 512 316 300 3480 5580 5580
13867 CONNECTION 512 664 300 3480 5580 5580
13868 CONNECTION 512 39 300 5340 7440 7440
13869 CONNECTION 512 918 300 5100 7200 7200
13870 CONNECTION 512 542 300 5280 7380 7380
13871 CONNECTION 512 234 300 7140 9240 9240
13872 CONNECTION 892 893 -1 -1 2100 2100
13873 CONNECTION 892 59 -1 -1 4320 4320
13874 CONNECTION 892 968 -1 -1 2460 2460
13875 CONNECTION 892 422 -1 -1 3180 3180
13876 CONNECTION 892 249 -1 -1 5280 5280
13877 CONNECTION 892 1042 -1 -1 3900 3900
13878 CONNECTION 892 870 -1 -1 3420 3420
13879 CONNECTION 892 397 -1 -1 4380 4380
13880 CONNECTION 892 1022 -1 -1 4020 4020
13881 CONNECTION 892 38 300 2160 4260 4260
13882 CONNECTION 892 601 300 2880 4980 4980
13883 CONNECTION 892 112 300 3600 5700 5700
13884 CONNECTION 892 193 300 3600 5700 5700
13885 CONNECTION 892 211 300 5220 7320 7320
13886 CONNECTION 892 1006 300 3120 5220 5220
13887 CONNECTION 892 1099 300 3120 5220 5220
13888 CONNECTION 892 490 300 5820 7920 7920
13889 CONNECTION 892 233 300 3960 6060 6060
13890 CONNECTION 892 790 300 4680 6780 6780
13891 CONNECTION 892 317 300 5400 7500 7500
13892 CONNECTION 892 665 300 6780 8880 8880
13893 CONNECTION 892 86 300 4920 7020 7020
13894 CONNECTION 892 293 300 5520 7620 7620
13895 CONNECTION 892 768 300 5880 7980 7980
13896 CONNECTION 892 472 300 5760 7860 7860
13897 CONNECTION 892 919 300 6480 8580 8580
13898 SINK 892 7 -1 -1 0 0
13899 CONNECTION 648 649 -1 -1 960 960
13900 CONNECTION 648 541 -1 -1 4140 4140
13901 CONNECTION 648 767 -1 -1 4560 4560
13902 CONNECTION 648 830 -1 -1 2760 2760
13903 CONNECTION 648 702 -1 -1 4680 4680
13904 CONNECTION 648 60 -1 -1 3420 3420
13905 CONNECTION 648 725 300 3840 5940 5940
13906 CONNECTION 648 970 300 2460 4560 4560
13907 CONNECTION 648 896 300 5640 7740 7740
13908 CONNECTION 648 1133 300 6060 8160 8160
13909 CONNECTION 648 40 300 4260 6360 6360
13910 CONNECTION 648 1023 300 6180 8280 8280
13911 CONNECTION 648 491 300 4920 7020 7020
13912 CONNECTION 648 1045 300 7440 9540 9540
13913 CONNECTION 684 685 -1 -1 1200 1200
13914 CONNECTION 684 59 -1 -1 3900 3900
13915 CONNECTION 684 968 -1 -1 2040 2040
13916 CONNECTION 684 422 -1 -1 2760 2760
13917 CONNECTION 684 249 -1 -1 4860 4860
13918 CONNECTION 684 1042 -1 -1 3480 3480
13919 CONNECTION 684 870 -1 -1 3000 3000
13920 CONNECTION 684 397 -1 -1 3960 3960
13921 CONNECTION 684 1022 -1 -1 3600 3600
13922 CONNECTION 684 38 -1 -1 3840 3840
13923 CONNECTION 684 601 300 2460 4560 4560
13924 CONNECTION 684 112 300 3180 5280 5280
13925 CONNECTION 684 193 300 3180 5280 5280
13926 CONNECTION 684 211 300 4800 6900 6900
13927 CONNECTION 684 1006 300 2700 4800 4800
13928 CONNECTION 684 1099 300 2700 4800 4800
13929 CONNECTION 684 490 300 5400 7500 7500
13930 CONNECTION 684 233 300 3540 5640 5640
13931 CONNECTION 684 790 300 4260 6360 6360
13932 CONNECTION 684 317 300 4980 7080 7080
13933 CONNECTION 684 665 300 6360 8460 8460
13934 CONNECTION 684 86 300 4500 6600 6600
13935 CONNECTION 684 293 300 5100 7200 7200
13936 CONNECTION 684 768 300 5460 7560 7560
13937 CONNECTION 684 472 300 5340 7440 7440
13938 CONNECTION 684 919 300 6060 8160 8160
13939 CONNECTION 684 543 300 6780 8880 8880
13940 CONNECTION 684 616 300 6780 8880 8880
13941 CONNECTION 684 631 300 8400 10500 10500
13942 SINK 684 7 -1 -1 0 0
13943 CONNECTION 36 37 -1 -1 2100 2100
13944 CONNECTION 36 210 -1 -1 2880 2880
13945 CONNECTION 36 336 -1 -1 2220 2220
13946 CONNECTION 36 894 -1 -1 3180 3180
13947 CONNECTION 36 934 -1 -1 3060 3060
13948 CONNECTION 36 232 -1 -1 3900 3900
13949 CONNECTION 36 1043 300 2880 4980 4980
13950 CONNECTION 36 471 300 3600 5700 5700
13951 CONNECTION 36 630 300 4380 6480 6480
13952 CONNECTION 36 743 300 3720 5820 5820
13953 CONNECTION 36 113 300 4680 6780 6780
13954 CONNECTION 36 194 300 4560 6660 6660
13955 CONNECTION 36 651 300 5400 7500 7500
13956 CONNECTION 36 318 300 6480 8580 8580
13957 CONNECTION 576 577 -1 -1 3060 3060
13958 CONNECTION 576 488 -1 -1 2220 2220
13959 CONNECTION 576 13 -1 -1 2640 2640
13960 CONNECTION 576 1106 -1 -1 2640 2640
13961 CONNECTION 576 131 -1 -1 3240 3240
13962 CONNECTION 576 84 -1 -1 3420 3420
13963 CONNECTION 576 151 -1 -1 4860 4860
13964 CONNECTION 576 176 -1 -1 4020 4020
13965 CONNECTION 576 629 -1 -1 4500 4500
13966 CONNECTION 576 357 300 2940 5040 5040
13967 CONNECTION 576 273 300 3120 5220 5220
13968 CONNECTION 576 378 300 4560 6660 6660
13969 CONNECTION 576 338 300 3720 5820 5820
13970 CONNECTION 576 424 300 3720 5820 5820
13971 CONNECTION 576 848 300 3720 5820 5820
13972 CONNECTION 576 1112 300 3720 5820 5820
13973 CONNECTION 576 447 300 4140 6240 6240
13974 CONNECTION 576 560 300 4740 6840 6840
13975 CONNECTION 576 515 300 4920 7020 7020
13976 CONNECTION 576 579 300 6360 8460 8460
13977 CONNECTION 576 603 300 5520 7620 7620
13978 CONNECTION 576 950 300 6000 8100 8100
13979 CONNECTION 576 133 300 6540 8640 8640
13980 CONNECTION 1003 1004 -1 -1 1620 1620
13981 CONNECTION 1003 488 -1 -1 2220 2220
13982 CONNECTION 1003 13 -1 -1 2640 2640
13983 CONNECTION 1003 1106 -1 -1 2640 2640
13984 CONNECTION 1003 131 -1 -1 3240 3240
13985 CONNECTION 1003 84 -1 -1 3420 3420
13986 CONNECTION 1003 151 -1 -1 4860 4860
13987 CONNECTION 1003 176 -1 -1 4020 4020
13988 CONNECTION 1003 629 -1 -1 4500 4500
13989 CONNECTION 1003 357 300 2940 5040 5040
13990 CONNECTION 1003 273 300 3120 5220 5220
13991 CONNECTION 1003 378 300 4560 6660 6660
13992 CONNECTION 1003 338 300 3720 5820 5820
13993 CONNECTION 1003 424 300 3720 5820 5820
13994 CONNECTION 1003 848 300 3720 5820 5820
13995 CONNECTION 1003 1112 300 3720 5820 5820
13996 CONNECTION 1003 447 300 4140 6240 6240
13997 CONNECTION 1003 560 300 4740 6840 6840
13998 CONNECTION 1003 515 300 4920 7020 7020
13999 CONNECTION 1003 579 300 6360 8460 8460
14000 CONNECTION 1003 603 300 5520 7620 7620
14001 CONNECTION 1003 950 300 6000 8100 8100
14002 CONNECTION 1003 133 300 6540 8640 8640
14003 CONNECTION 1096 1097 -1 -1 1620 1620
14004 CONNECTION 1096 488 -1 -1 2220 2220
14005 CONNECTION 1096 13 -1 -1 2640 2640
14006 CONNECTION 1096 1106 -1 -1 2640 2640
14007 CONNECTION 1096 131 -1 -1 3240 3240
14008 CONNECTION 1096 84 -1 -1 3420 3420
14009 CONNECTION 1096 151 -1 -1 4860 4860
14010 CONNECTION 1096 176 -1 -1 4020 4020
14011 CONNECTION 1096 629 -1 -1 4500 4500
14012 CONNECTION 1096 357 300 2940 5040 5040
14013 CONNECTION 1096 273 300 3120 5220 5220
14014 CONNECTION 1096 378 300 4560 6660 6660
14015 CONNECTION 1096 338 300 3720 5820 5820
14016 CONNECTION 1096 424 300 3720 5820 5820
14017 CONNECTION 1096 848 300 3720 5820 5820
14018 CONNECTION 1096 1112 300 3720 5820 5820
14019 CONNECTION 1096 447 300 4140 6240 6240
14020 CONNECTION 1096 560 300 4740 6840 6840
14021 CONNECTION 1096 515 300 4920 7020 7020
14022 CONNECTION 1096 579 300 6360 8460 8460
14023 CONNECTION 1096 603 300 5520 7620 7620
14024 CONNECTION 1096 950 300 6000 8100 8100
14025 CONNECTION 1096 133 300 6540 8640 8640
14026 CONNECTION 376 559 -1 -1 3720 3720
14027 CONNECTION 376 650 -1 -1 4260 4260
14028 CONNECTION 376 132 -1 -1 5520 5520
14029 CONNECTION 376 831 300 3960 6060 6060
14030 CONNECTION 376 358 300 5220 7320 7320
14031 CONNECTION 376 971 300 5760 7860 7860
14032 CONNECTION 376 561 300 7020 9120 9120
14033 CONNECTION 868 869 -1 -1 1560 1560
14034 CONNECTION 868 175 -1 -1 2340 2340
14035 CONNECTION 868 1005 -1 -1 3360 3360
14036 CONNECTION 868 1098 -1 -1 3360 3360
14037 CONNECTION 868 489 -1 -1 3960 3960
14038 CONNECTION 868 337 -1 -1 4140 4140
14039 CONNECTION 868 423 -1 -1 4140 4140
14040 CONNECTION 868 14 -1 -1 4260 4260
14041 CONNECTION 868 1107 -1 -1 4260 4260
14042 CONNECTION 868 85 300 3060 5160 5160
14043 CONNECTION 868 398 300 3240 5340 5340
14044 CONNECTION 868 602 300 3840 5940 5940
14045 CONNECTION 868 274 300 4860 6960 6960
14046 CONNECTION 868 849 300 5460 7560 7560
14047 CONNECTION 868 1113 300 5460 7560 7560
14048 CONNECTION 868 744 300 5640 7740 7740
14049 CONNECTION 868 791 300 5640 7740 7740
14050 CONNECTION 868 448 300 5760 7860 7860
14051 CONNECTION 130 131 -1 -1 1860 1860
14052 CONNECTION 130 176 -1 -1 2640 2640
14053 CONNECTION 130 629 -1 -1 3120 3120
14054 CONNECTION 130 357 -1 -1 3660 3660
14055 CONNECTION 130 273 -1 -1 3840 3840
14056 CONNECTION 130 378 -1 -1 5280 5280
14057 CONNECTION 130 338 -1 -1 4440 4440
14058 CONNECTION 130 424 -1 -1 4440 4440
14059 CONNECTION 130 848 -1 -1 4440 4440
14060 CONNECTION 130 1112 -1 -1 4440 4440
14061 CONNECTION 130 447 300 2760 4860 4860
14062 CONNECTION 130 560 300 3360 5460 5460
14063 CONNECTION 130 515 300 3540 5640 5640
14064 CONNECTION 130 579 300 4980 7080 7080
14065 CONNECTION 130 603 300 4140 6240 6240
14066 CONNECTION 130 950 300 4620 6720 6720
14067 CONNECTION 130 133 300 5160 7260 7260
14068 CONNECTION 130 153 300 6780 8880 8880
14069 CONNECTION 130 688 300 5340 7440 7440
14070 CONNECTION 130 745 300 5940 8040 8040
14071 CONNECTION 130 792 300 5940 8040 8040
14072 CONNECTION 130 61 300 5940 8040 8040
14073 CONNECTION 130 811 300 6360 8460 8460
14074 CONNECTION 967 968 -1 -1 1200 1200
14075 CONNECTION 967 249 -1 -1 4020 4020
14076 CONNECTION 967 1042 -1 -1 2640 2640
14077 CONNECTION 967 870 -1 -1 2160 2160
14078 CONNECTION 967 397 -1 -1 3120 3120
14079 CONNECTION 967 1022 -1 -1 2760 2760
14080 CONNECTION 967 38 -1 -1 3000 3000
14081 CONNECTION 967 601 -1 -1 3720 3720
14082 CONNECTION 967 112 -1 -1 4440 4440
14083 CONNECTION 967 193 -1 -1 4440 4440
14084 CONNECTION 967 211 -1 -1 6060 6060
14085 CONNECTION 967 1006 -1 -1 3960 3960
14086 CONNECTION 967 1099 -1 -1 3960 3960
14087 CONNECTION 967 490 300 4560 6660 6660
14088 CONNECTION 967 233 300 2700 4800 4800
14089 CONNECTION 967 790 300 3420 5520 5520
14090 CONNECTION 967 317 300 4140 6240 6240
14091 CONNECTION 967 665 300 5520 7620 7620
14092 CONNECTION 967 86 300 3660 5760 5760
14093 CONNECTION 967 293 300 4260 6360 6360
14094 CONNECTION 967 768 300 4620 6720 6720
14095 CONNECTION 967 472 300 4500 6600 6600
14096 CONNECTION 967 919 300 5220 7320 7320
14097 CONNECTION 967 543 300 5940 8040 8040
14098 CONNECTION 967 616 300 5940 8040 8040
14099 CONNECTION 967 631 300 7560 9660 9660
14100 CONNECTION 967 275 300 5460 7560 7560
14101 CONNECTION 967 850 300 8160 10260 10260
14102 CONNECTION 967 1114 300 8160 10260 10260
14103 SINK 967 7 -1 -1 0 0
14104 CONNECTION 701 600 -1 -1 3000 3000
14105 CONNECTION 701 111 -1 -1 3180 3180
14106 CONNECTION 701 969 -1 -1 5040 5040
14107 CONNECTION 701 789 300 2700 4800 4800
14108 CONNECTION 701 316 300 2880 4980 4980
14109 CONNECTION 701 664 300 2880 4980 4980
14110 CONNECTION 701 39 300 4740 6840 6840
14111 CONNECTION 701 918 300 4500 6600 6600
14112 CONNECTION 701 542 300 4680 6780 6780
14113 CONNECTION 701 234 300 6540 8640 8640
14114 CONNECTION 1110 1111 -1 -1 1620 1620
14115 CONNECTION 1110 175 -1 -1 2220 2220
14116 CONNECTION 1110 1005 -1 -1 3240 3240
14117 CONNECTION 1110 1098 -1 -1 3240 3240
14118 CONNECTION 1110 489 -1 -1 3840 3840
14119 CONNECTION 1110 337 -1 -1 4020 4020
14120 CONNECTION 1110 423 -1 -1 4020 4020
14121 CONNECTION 1110 14 -1 -1 4140 4140
14122 CONNECTION 1110 1107 -1 -1 4140 4140
14123 CONNECTION 1110 85 300 2940 5040 5040
14124 CONNECTION 1110 398 300 3120 5220 5220
14125 CONNECTION 1110 602 300 3720 5820 5820
14126 CONNECTION 1110 274 300 4740 6840 6840
14127 CONNECTION 1110 849 300 5340 7440 7440
14128 CONNECTION 1110 1113 300 5340 7440 7440
14129 CONNECTION 1110 744 300 5520 7620 7620
14130 CONNECTION 1110 791 300 5520 7620 7620
14131 CONNECTION 1110 448 300 5640 7740 7740
14132 CONNECTION 1110 516 300 6540 8640 8640
14133 CONNECTION 1021 1022 -1 -1 1200 1200
14134 CONNECTION 1021 601 -1 -1 2160 2160
14135 CONNECTION 1021 112 -1 -1 2880 2880
14136 CONNECTION 1021 193 -1 -1 2880 2880
14137 CONNECTION 1021 211 -1 -1 4500 4500
14138 CONNECTION 1021 1006 -1 -1 2400 2400
14139 CONNECTION 1021 1099 -1 -1 2400 2400
14140 CONNECTION 1021 490 -1 -1 5100 5100
14141 CONNECTION 1021 233 -1 -1 3240 3240
14142 CONNECTION 1021 790 -1 -1 3960 3960
14143 CONNECTION 1021 317 -1 -1 4680 4680
14144 CONNECTION 1021 665 -1 -1 6060 6060
14145 CONNECTION 1021 86 300 2100 4200 4200
14146 CONNECTION 1021 293 300 2700 4800 4800
14147 CONNECTION 1021 768 300 3060 5160 5160
14148 CONNECTION 1021 472 300 2940 5040 5040
14149 CONNECTION 1021 919 300 3660 5760 5760
14150 CONNECTION 1021 543 300 4380 6480 6480
14151 CONNECTION 1021 616 300 4380 6480 6480
14152 CONNECTION 1021 631 300 6000 8100 8100
14153 CONNECTION 1021 275 300 3900 6000 6000
14154 CONNECTION 1021 850 300 6600 8700 8700
14155 CONNECTION 1021 1114 300 6600 8700 8700
14156 CONNECTION 1021 652 300 4740 6840 6840
14157 CONNECTION 1021 1139 300 5460 7560 7560
14158 CONNECTION 1021 727 300 6180 8280 8280
14159 CONNECTION 1021 986 300 7560 9660 9660
14160 CONNECTION 1021 517 300 5700 7800 7800
14161 SINK 1021 7 -1 -1 0 0
14162 CONNECTION 110 111 -1 -1 1200 1200
14163 CONNECTION 110 789 -1 -1 2820 2820
14164 CONNECTION 110 316 -1 -1 3000 3000
14165 CONNECTION 110 664 -1 -1 3000 3000
14166 CONNECTION 110 39 -1 -1 4860 4860
14167 CONNECTION 110 918 300 2520 4620 4620
14168 CONNECTION 110 542 300 2700 4800 4800
14169 CONNECTION 110 234 300 4560 6660 6660
14170 CONNECTION 110 1138 300 4320 6420 6420
14171 CONNECTION 110 726 300 4500 6600 6600
14172 CONNECTION 110 985 300 4500 6600 6600
14173 CONNECTION 110 473 300 6360 8460 8460
14174 CONNECTION 110 178 300 6120 8220 8220
14175 CONNECTION 916 917 -1 -1 2820 2820
14176 CONNECTION 916 272 -1 -1 3180 3180
14177 CONNECTION 916 377 -1 -1 3180 3180
14178 CONNECTION 916 1119 -1 -1 4620 4620
14179 CONNECTION 916 1127 -1 -1 4620 4620
14180 CONNECTION 916 446 -1 -1 4200 4200
14181 CONNECTION 916 514 300 2880 4980 4980
14182 CONNECTION 916 578 300 2880 4980 4980
14183 CONNECTION 916 177 300 4320 6420 6420
14184 CONNECTION 916 152 300 4680 6780 6780
14185 CONNECTION 916 687 300 4680 6780 6780
14186 CONNECTION 916 339 300 6120 8220 8220
14187 CONNECTION 916 425 300 6120 8220 8220
14188 CONNECTION 916 810 300 5700 7800 7800
14189 CONNECTION 916 379 300 6480 8580 8580
14190 CONNECTION 916 872 300 6480 8580 8580
14191 CONNECTION 58 59 -1 -1 3300 3300
14192 CONNECTION 58 422 -1 -1 2160 2160
14193 CONNECTION 58 249 -1 -1 4260 4260
14194 CONNECTION 58 1042 -1 -1 2880 2880
14195 CONNECTION 58 870 -1 -1 2400 2400
14196 CONNECTION 58 397 -1 -1 3360 3360
14197 CONNECTION 58 1022 -1 -1 3000 3000
14198 CONNECTION 58 38 -1 -1 3240 3240
14199 CONNECTION 58 601 -1 -1 3960 3960
14200 CONNECTION 58 112 -1 -1 4680 4680
14201 CONNECTION 58 193 -1 -1 4680 4680
14202 CONNECTION 58 211 -1 -1 6300 6300
14203 CONNECTION 58 1006 300 2100 4200 4200
14204 CONNECTION 58 1099 300 2100 4200 4200
14205 CONNECTION 58 490 300 4800 6900 6900
14206 CONNECTION 58 233 300 2940 5040 5040
14207 CONNECTION 58 790 300 3660 5760 5760
14208 CONNECTION 58 317 300 4380 6480 6480
14209 CONNECTION 58 665 300 5760 7860 7860
14210 CONNECTION 58 86 300 3900 6000 6000
14211 CONNECTION 58 293 300 4500 6600 6600
14212 CONNECTION 58 768 300 4860 6960 6960
14213 CONNECTION 58 472 300 4740 6840 6840
14214 CONNECTION 58 919 300 5460 7560 7560
14215 CONNECTION 58 543 300 6180 8280 8280
14216 CONNECTION 58 616 300 6180 8280 8280
14217 CONNECTION 58 631 300 7800 9900 9900
14218 CONNECTION 58 275 300 5700 7800 7800
14219 SINK 58 7 -1 -1 0 0
14220 CONNECTION 742 686 -1 -1 3900 3900
14221 CONNECTION 742 809 -1 -1 4920 4920
14222 CONNECTION 742 871 -1 -1 5700 5700
14223 CONNECTION 742 1007 300 5400 7500 7500
14224 CONNECTION 742 1120 300 5400 7500 7500
14225 CONNECTION 742 15 300 6420 8520 8520
14226 CONNECTION 742 1128 300 6420 8520 8520
14227 CONNECTION 742 87 300 7200 9300 9300
14228 CONNECTION 788 686 -1 -1 3900 3900
14229 CONNECTION 788 809 -1 -1 4920 4920
14230 CONNECTION 788 871 -1 -1 5700 5700
14231 CONNECTION 788 1007 300 5400 7500 7500
14232 CONNECTION 788 1120 300 5400 7500 7500
14233 CONNECTION 788 15 300 6420 8520 8520
14234 CONNECTION 788 1128 300 6420 8520 8520
14235 CONNECTION 788 87 300 7200 9300 9300
14236 CONNECTION 828 829 -1 -1 3000 3000
14237 CONNECTION 828 600 -1 -1 2760 2760
14238 CONNECTION 828 111 -1 -1 2940 2940
14239 CONNECTION 828 969 -1 -1 4800 4800
14240 CONNECTION 828 789 300 2460 4560 4560
14241 CONNECTION 828 316 300 2640 4740 4740
14242 CONNECTION 828 664 300 2640 4740 4740
14243 CONNECTION 828 39 300 4500 6600 6600
14244 CONNECTION 828 918 300 4260 6360 6360
14245 CONNECTION 828 542 300 4440 6540 6540
14246 CONNECTION 828 234 300 6300 8400 8400
14247 CONNECTION 828 1138 300 6060 8160 8160
14248 CONNECTION 396 397 -1 -1 1560 1560
14249 CONNECTION 396 601 -1 -1 2160 2160
14250 CONNECTION 396 112 -1 -1 2880 2880
14251 CONNECTION 396 193 -1 -1 2880 2880
14252 CONNECTION 396 211 -1 -1 4500 4500
14253 CONNECTION 396 1006 -1 -1 2400 2400
14254 CONNECTION 396 1099 -1 -1 2400 2400
14255 CONNECTION 396 490 -1 -1 5100 5100
14256 CONNECTION 396 233 -1 -1 3240 3240
14257 CONNECTION 396 790 -1 -1 3960 3960
14258 CONNECTION 396 317 -1 -1 4680 4680
14259 CONNECTION 396 665 -1 -1 6060 6060
14260 CONNECTION 396 86 300 2100 4200 4200
14261 CONNECTION 396 293 300 2700 4800 4800
14262 CONNECTION 396 768 300 3060 5160 5160
14263 CONNECTION 396 472 300 2940 5040 5040
14264 CONNECTION 396 919 300 3660 5760 5760
14265 CONNECTION 396 543 300 4380 6480 6480
14266 CONNECTION 396 616 300 4380 6480 6480
14267 CONNECTION 396 631 300 6000 8100 8100
14268 CONNECTION 396 275 300 3900 6000 6000
14269 CONNECTION 396 850 300 6600 8700 8700
14270 CONNECTION 396 1114 300 6600 8700 8700
14271 CONNECTION 396 652 300 4740 6840 6840
14272 CONNECTION 396 1139 300 5460 7560 7560
14273 CONNECTION 396 727 300 6180 8280 8280
14274 CONNECTION 396 986 300 7560 9660 9660
14275 CONNECTION 396 517 300 5700 7800 7800
14276 SINK 396 7 -1 -1 0 0
14277 CONNECTION 1117 1118 -1 -1 1860 1860
14278 CONNECTION 1117 13 -1 -1 2280 2280
14279 CONNECTION 1117 1106 -1 -1 2280 2280
14280 CONNECTION 1117 131 -1 -1 2880 2880
14281 CONNECTION 1117 84 -1 -1 3060 3060
14282 CONNECTION 1117 151 -1 -1 4500 4500
14283 CONNECTION 1117 176 -1 -1 3660 3660
14284 CONNECTION 1117 629 -1 -1 4140 4140
14285 CONNECTION 1117 357 -1 -1 4680 4680
14286 CONNECTION 1117 273 300 2760 4860 4860
14287 CONNECTION 1117 378 300 4200 6300 6300
14288 CONNECTION 1117 338 300 3360 5460 5460
14289 CONNECTION 1117 424 300 3360 5460 5460
14290 CONNECTION 1117 848 300 3360 5460 5460
14291 CONNECTION 1117 1112 300 3360 5460 5460
14292 CONNECTION 1117 447 300 3780 5880 5880
14293 CONNECTION 1117 560 300 4380 6480 6480
14294 CONNECTION 1117 515 300 4560 6660 6660
14295 CONNECTION 1117 579 300 6000 8100 8100
14296 CONNECTION 1117 603 300 5160 7260 7260
14297 CONNECTION 1117 950 300 5640 7740 7740
14298 CONNECTION 1117 133 300 6180 8280 8280
14299 CONNECTION 1117 153 300 7800 9900 9900
14300 CONNECTION 1117 688 300 6360 8460 8460
14301 CONNECTION 1125 1126 -1 -1 1860 1860
14302 CONNECTION 1125 13 -1 -1 2280 2280
14303 CONNECTION 1125 1106 -1 -1 2280 2280
14304 CONNECTION 1125 131 -1 -1 2880 2880
14305 CONNECTION 1125 84 -1 -1 3060 3060
14306 CONNECTION 1125 151 -1 -1 4500 4500
14307 CONNECTION 1125 176 -1 -1 3660 3660
14308 CONNECTION 1125 629 -1 -1 4140 4140
14309 CONNECTION 1125 357 -1 -1 4680 4680
14310 CONNECTION 1125 273 300 2760 4860 4860
14311 CONNECTION 1125 378 300 4200 6300 6300
14312 CONNECTION 1125 338 300 3360 5460 5460
14313 CONNECTION 1125 424 300 3360 5460 5460
14314 CONNECTION 1125 848 300 3360 5460 5460
14315 CONNECTION 1125 1112 300 3360 5460 5460
14316 CONNECTION 1125 447 300 3780 5880 5880
14317 CONNECTION 1125 560 300 4380 6480 6480
14318 CONNECTION 1125 515 300 4560 6660 6660
14319 CONNECTION 1125 579 300 6000 8100 8100
14320 CONNECTION 1125 603 300 5160 7260 7260
14321 CONNECTION 1125 950 300 5640 7740 7740
14322 CONNECTION 1125 133 300 6180 8280 8280
14323 CONNECTION 1125 153 300 7800 9900 9900
14324 CONNECTION 1125 688 300 6360 8460 8460
14325 CONNECTION 271 272 -1 -1 1860 1860
14326 CONNECTION 271 1119 -1 -1 3300 3300
14327 CONNECTION 271 1127 -1 -1 3300 3300
14328 CONNECTION 271 446 -1 -1 2880 2880
14329 CONNECTION 271 514 -1 -1 3660 3660
14330 CONNECTION 271 578 -1 -1 3660 3660
14331 CONNECTION 271 177 -1 -1 5100 5100
14332 CONNECTION 271 152 300 3360 5460 5460
14333 CONNECTION 271 687 300 3360 5460 5460
14334 CONNECTION 271 339 300 4800 6900 6900
14335 CONNECTION 271 425 300 4800 6900 6900
14336 CONNECTION 271 810 300 4380 6480 6480
14337 CONNECTION 271 379 300 5160 7260 7260
14338 CONNECTION 271 872 300 5160 7260 7260
14339 CONNECTION 271 604 300 6600 8700 8700
14340 CONNECTION 174 175 -1 -1 1620 1620
14341 CONNECTION 174 1005 -1 -1 2640 2640
14342 CONNECTION 174 1098 -1 -1 2640 2640
14343 CONNECTION 174 489 -1 -1 3240 3240
14344 CONNECTION 174 337 -1 -1 3420 3420
14345 CONNECTION 174 423 -1 -1 3420 3420
14346 CONNECTION 174 14 -1 -1 3540 3540
14347 CONNECTION 174 1107 -1 -1 3540 3540
14348 CONNECTION 174 85 -1 -1 4440 4440
14349 CONNECTION 174 398 300 2520 4620 4620
14350 CONNECTION 174 602 300 3120 5220 5220
14351 CONNECTION 174 274 300 4140 6240 6240
14352 CONNECTION 174 849 300 4740 6840 6840
14353 CONNECTION 174 1113 300 4740 6840 6840
14354 CONNECTION 174 744 300 4920 7020 7020
14355 CONNECTION 174 791 300 4920 7020 7020
14356 CONNECTION 174 448 300 5040 7140 7140
14357 CONNECTION 174 516 300 5940 8040 8040
14358 CONNECTION 174 769 300 6120 8220 8220
14359 CONNECTION 209 210 -1 -1 2100 2100
14360 CONNECTION 209 232 -1 -1 3120 3120
14361 CONNECTION 209 1043 -1 -1 4200 4200
14362 CONNECTION 209 471 -1 -1 4920 4920
14363 CONNECTION 209 630 300 3600 5700 5700
14364 CONNECTION 209 743 300 2940 5040 5040
14365 CONNECTION 209 113 300 3900 6000 6000
14366 CONNECTION 209 194 300 3780 5880 5880
14367 CONNECTION 209 651 300 4620 6720 6720
14368 CONNECTION 209 318 300 5700 7800 7800
14369 CONNECTION 209 832 300 6420 8520 8520
14370 CONNECTION 808 894 -1 -1 2820 2820
14371 CONNECTION 808 934 -1 -1 2700 2700
14372 CONNECTION 808 232 -1 -1 3540 3540
14373 CONNECTION 808 1043 -1 -1 4620 4620
14374 CONNECTION 808 471 300 3240 5340 5340
14375 CONNECTION 808 630 300 4020 6120 6120
14376 CONNECTION 808 743 300 3360 5460 5460
14377 CONNECTION 808 113 300 4320 6420 6420
14378 CONNECTION 808 194 300 4200 6300 6300
14379 CONNECTION 808 651 300 5040 7140 7140
14380 CONNECTION 808 318 300 6120 8220 8220
14381 CONNECTION 808 832 300 6840 8940 8940
14382 CONNECTION 12 13 -1 -1 1620 1620
14383 CONNECTION 12 84 -1 -1 2400 2400
14384 CONNECTION 12 151 -1 -1 3840 3840
14385 CONNECTION 12 176 -1 -1 3000 3000
14386 CONNECTION 12 629 -1 -1 3480 3480
14387 CONNECTION 12 357 -1 -1 4020 4020
14388 CONNECTION 12 273 -1 -1 4200 4200
14389 CONNECTION 12 378 -1 -1 5640 5640
14390 CONNECTION 12 338 300 2700 4800 4800
14391 CONNECTION 12 424 300 2700 4800 4800
14392 CONNECTION 12 848 300 2700 4800 4800
14393 CONNECTION 12 1112 300 2700 4800 4800
14394 CONNECTION 12 447 300 3120 5220 5220
14395 CONNECTION 12 560 300 3720 5820 5820
14396 CONNECTION 12 515 300 3900 6000 6000
14397 CONNECTION 12 579 300 5340 7440 7440
14398 CONNECTION 12 603 300 4500 6600 6600
14399 CONNECTION 12 950 300 4980 7080 7080
14400 CONNECTION 12 133 300 5520 7620 7620
14401 CONNECTION 12 153 300 7140 9240 9240
14402 CONNECTION 12 688 300 5700 7800 7800
14403 CONNECTION 12 745 300 6300 8400 8400
14404 CONNECTION 12 792 300 6300 8400 8400
14405 CONNECTION 12 61 300 6300 8400 8400
14406 CONNECTION 893 894 -1 -1 2040 2040
14407 CONNECTION 893 232 -1 -1 2760 2760
14408 CONNECTION 893 1043 -1 -1 3840 3840
14409 CONNECTION 893 471 -1 -1 4560 4560
14410 CONNECTION 893 630 300 3240 5340 5340
14411 CONNECTION 893 743 300 2580 4680 4680
14412 CONNECTION 893 113 300 3540 5640 5640
14413 CONNECTION 893 194 300 3420 5520 5520
14414 CONNECTION 893 651 300 4260 6360 6360
14415 CONNECTION 893 318 300 5340 7440 7440
14416 CONNECTION 893 832 300 6060 8160 8160
14417 CONNECTION 893 951 300 6840 8940 8940
14418 CONNECTION 893 1147 300 6180 8280 8280
14419 CONNECTION 933 934 -1 -1 1920 1920
14420 CONNECTION 933 232 -1 -1 2760 2760
14421 CONNECTION 933 1043 -1 -1 3840 3840
14422 CONNECTION 933 471 -1 -1 4560 4560
14423 CONNECTION 933 630 300 3240 5340 5340
14424 CONNECTION 933 743 300 2580 4680 4680
14425 CONNECTION 933 113 300 3540 5640 5640
14426 CONNECTION 933 194 300 3420 5520 5520
14427 CONNECTION 933 651 300 4260 6360 6360
14428 CONNECTION 933 318 300 5340 7440 7440
14429 CONNECTION 933 832 300 6060 8160 8160
14430 CONNECTION 933 951 300 6840 8940 8940
14431 CONNECTION 933 1147 300 6180 8280 8280
14432 CONNECTION 1105 1106 -1 -1 1620 1620
14433 CONNECTION 1105 84 -1 -1 2400 2400
14434 CONNECTION 1105 151 -1 -1 3840 3840
14435 CONNECTION 1105 176 -1 -1 3000 3000
14436 CONNECTION 1105 629 -1 -1 3480 3480
14437 CONNECTION 1105 357 -1 -1 4020 4020
14438 CONNECTION 1105 273 -1 -1 4200 4200
14439 CONNECTION 1105 378 -1 -1 5640 5640
14440 CONNECTION 1105 338 300 2700 4800 4800
14441 CONNECTION 1105 424 300 2700 4800 4800
14442 CONNECTION 1105 848 300 2700 4800 4800
14443 CONNECTION 1105 1112 300 2700 4800 4800
14444 CONNECTION 1105 447 300 3120 5220 5220
14445 CONNECTION 1105 560 300 3720 5820 5820
14446 CONNECTION 1105 515 300 3900 6000 6000
14447 CONNECTION 1105 579 300 5340 7440 7440
14448 CONNECTION 1105 603 300 4500 6600 6600
14449 CONNECTION 1105 950 300 4980 7080 7080
14450 CONNECTION 1105 133 300 5520 7620 7620
14451 CONNECTION 1105 153 300 7140 9240 9240
14452 CONNECTION 1105 688 300 5700 7800 7800
14453 CONNECTION 1105 745 300 6300 8400 8400
14454 CONNECTION 1105 792 300 6300 8400 8400
14455 CONNECTION 1105 61 300 6300 8400 8400
14456 CONNECTION 469 540 -1 -1 1980 1980
14457 CONNECTION 469 766 -1 -1 2100 2100
14458 CONNECTION 469 724 -1 -1 3780 3780
14459 CONNECTION 469 895 300 3480 5580 5580
14460 CONNECTION 469 1132 300 3600 5700 5700
14461 CONNECTION 469 1044 300 5280 7380 7380
14462 CONNECTION 192 193 -1 -1 2100 2100
14463 CONNECTION 192 490 -1 -1 4320 4320
14464 CONNECTION 192 233 -1 -1 2460 2460
14465 CONNECTION 192 790 -1 -1 3180 3180
14466 CONNECTION 192 317 -1 -1 3900 3900
14467 CONNECTION 192 665 -1 -1 5280 5280
14468 CONNECTION 192 86 -1 -1 3420 3420
14469 CONNECTION 192 293 -1 -1 4020 4020
14470 CONNECTION 192 768 -1 -1 4380 4380
14471 CONNECTION 192 472 300 2160 4260 4260
14472 CONNECTION 192 919 300 2880 4980 4980
14473 CONNECTION 192 543 300 3600 5700 5700
14474 CONNECTION 192 616 300 3600 5700 5700
14475 CONNECTION 192 631 300 5220 7320 7320
14476 CONNECTION 192 275 300 3120 5220 5220
14477 CONNECTION 192 850 300 5820 7920 7920
14478 CONNECTION 192 1114 300 5820 7920 7920
14479 CONNECTION 192 652 300 3960 6060 6060
14480 CONNECTION 192 1139 300 4680 6780 6780
14481 CONNECTION 192 727 300 5400 7500 7500
14482 CONNECTION 192 986 300 6780 8880 8880
14483 CONNECTION 192 517 300 4920 7020 7020
14484 CONNECTION 192 704 300 5520 7620 7620
14485 CONNECTION 192 1134 300 5880 7980 7980
14486 CONNECTION 192 833 300 5760 7860 7860
14487 CONNECTION 192 179 300 6480 8580 8580
14488 SINK 192 7 -1 -1 0 0
14489 CONNECTION 314 315 -1 -1 3000 3000
14490 CONNECTION 314 649 -1 -1 1620 1620
14491 CONNECTION 314 541 -1 -1 4800 4800
14492 CONNECTION 314 767 -1 -1 5220 5220
14493 CONNECTION 314 830 -1 -1 3420 3420
14494 CONNECTION 314 702 -1 -1 5340 5340
14495 CONNECTION 314 60 300 1980 4080 4080
14496 CONNECTION 314 725 300 4500 6600 6600
14497 CONNECTION 314 970 300 3120 5220 5220
14498 CONNECTION 314 896 300 6300 8400 8400
14499 CONNECTION 314 1133 300 6720 8820 8820
14500 CONNECTION 314 40 300 4920 7020 7020
14501 CONNECTION 314 1023 300 6840 8940 8940
14502 CONNECTION 314 491 300 5580 7680 7680
14503 CONNECTION 949 250 -1 -1 4200 4200
14504 CONNECTION 949 703 -1 -1 6300 6300
14505 CONNECTION 949 935 300 4980 7080 7080
14506 CONNECTION 949 666 300 5700 7800 7800
14507 CONNECTION 949 1024 300 7800 9900 9900
14508 CONNECTION 291 292 -1 -1 3480 3480
14509 CONNECTION 291 615 -1 -1 4260 4260
14510 CONNECTION 291 250 -1 -1 4980 4980
14511 CONNECTION 291 703 300 4980 7080 7080
14512 CONNECTION 291 935 300 5760 7860 7860
14513 CONNECTION 291 666 300 6480 8580 8580
14514 CONNECTION 723 650 -1 -1 4020 4020
14515 CONNECTION 723 132 -1 -1 5280 5280
14516 CONNECTION 723 831 300 3720 5820 5820
14517 CONNECTION 723 358 300 4980 7080 7080
14518 CONNECTION 723 971 300 5520 7620 7620
14519 CONNECTION 723 561 300 6780 8880 8880
14520 CONNECTION 421 422 -1 -1 1560 1560
14521 CONNECTION 421 870 -1 -1 1800 1800
14522 CONNECTION 421 397 -1 -1 2760 2760
14523 CONNECTION 421 1022 -1 -1 2400 2400
14524 CONNECTION 421 38 -1 -1 2640 2640
14525 CONNECTION 421 601 -1 -1 3360 3360
14526 CONNECTION 421 112 -1 -1 4080 4080
14527 CONNECTION 421 193 -1 -1 4080 4080
14528 CONNECTION 421 211 -1 -1 5700 5700
14529 CONNECTION 421 1006 -1 -1 3600 3600
14530 CONNECTION 421 1099 -1 -1 3600 3600
14531 CONNECTION 421 490 300 4200 6300 6300
14532 CONNECTION 421 233 300 2340 4440 4440
14533 CONNECTION 421 790 300 3060 5160 5160
14534 CONNECTION 421 317 300 3780 5880 5880
14535 CONNECTION 421 665 300 5160 7260 7260
14536 CONNECTION 421 86 300 3300 5400 5400
14537 CONNECTION 421 293 300 3900 6000 6000
14538 CONNECTION 421 768 300 4260 6360 6360
14539 CONNECTION 421 472 300 4140 6240 6240
14540 CONNECTION 421 919 300 4860 6960 6960
14541 CONNECTION 421 543 300 5580 7680 7680
14542 CONNECTION 421 616 300 5580 7680 7680
14543 CONNECTION 421 631 300 7200 9300 9300
14544 CONNECTION 421 275 300 5100 7200 7200
14545 CONNECTION 421 850 300 7800 9900 9900
14546 CONNECTION 421 1114 300 7800 9900 9900
14547 CONNECTION 421 652 300 5940 8040 8040
14548 SINK 421 7 -1 -1 0 0
14549 CONNECTION 558 1119 -1 -1 3600 3600
14550 CONNECTION 558 1127 -1 -1 3600 3600
14551 CONNECTION 558 446 -1 -1 3180 3180
14552 CONNECTION 558 514 -1 -1 3960 3960
14553 CONNECTION 558 578 -1 -1 3960 3960
14554 CONNECTION 558 177 -1 -1 5400 5400
14555 CONNECTION 558 152 300 3660 5760 5760
14556 CONNECTION 558 687 300 3660 5760 5760
14557 CONNECTION 558 339 300 5100 7200 7200
14558 CONNECTION 558 425 300 5100 7200 7200
14559 CONNECTION 558 810 300 4680 6780 6780
14560 CONNECTION 558 379 300 5460 7560 7560
14561 CONNECTION 558 872 300 5460 7560 7560
14562 CONNECTION 558 604 300 6900 9000 9000
14563 CONNECTION 685 600 -1 -1 1800 1800
14564 CONNECTION 685 111 -1 -1 1980 1980
14565 CONNECTION 685 969 -1 -1 3840 3840
14566 CONNECTION 685 789 -1 -1 3600 3600
14567 CONNECTION 685 316 -1 -1 3780 3780
14568 CONNECTION 685 664 -1 -1 3780 3780
14569 CONNECTION 685 39 -1 -1 5640 5640
14570 CONNECTION 685 918 300 3300 5400 5400
14571 CONNECTION 685 542 300 3480 5580 5580
14572 CONNECTION 685 234 300 5340 7440 7440
14573 CONNECTION 685 1138 300 5100 7200 7200
14574 CONNECTION 685 726 300 5280 7380 7380
14575 CONNECTION 685 985 300 5280 7380 7380
14576 CONNECTION 685 473 300 7140 9240 9240
14577 CONNECTION 248 249 -1 -1 3480 3480
14578 CONNECTION 248 397 -1 -1 2580 2580
14579 CONNECTION 248 1022 -1 -1 2220 2220
14580 CONNECTION 248 38 -1 -1 2460 2460
14581 CONNECTION 248 601 -1 -1 3180 3180
14582 CONNECTION 248 112 -1 -1 3900 3900
14583 CONNECTION 248 193 -1 -1 3900 3900
14584 CONNECTION 248 211 -1 -1 5520 5520
14585 CONNECTION 248 1006 -1 -1 3420 3420
14586 CONNECTION 248 1099 -1 -1 3420 3420
14587 CONNECTION 248 490 -1 -1 6120 6120
14588 CONNECTION 248 233 300 2160 4260 4260
14589 CONNECTION 248 790 300 2880 4980 4980
14590 CONNECTION 248 317 300 3600 5700 5700
14591 CONNECTION 248 665 300 4980 7080 7080
14592 CONNECTION 248 86 300 3120 5220 5220
14593 CONNECTION 248 293 300 3720 5820 5820
14594 CONNECTION 248 768 300 4080 6180 6180
14595 CONNECTION 248 472 300 3960 6060 6060
14596 CONNECTION 248 919 300 4680 6780 6780
14597 CONNECTION 248 543 300 5400 7500 7500
14598 CONNECTION 248 616 300 5400 7500 7500
14599 CONNECTION 248 631 300 7020 9120 9120
14600 CONNECTION 248 275 300 4920 7020 7020
14601 CONNECTION 248 850 300 7620 9720 9720
14602 CONNECTION 248 1114 300 7620 9720 9720
14603 CONNECTION 248 652 300 5760 7860 7860
14604 CONNECTION 248 1139 300 6480 8580 8580
14605 SINK 248 7 -1 -1 0 0
14606 CONNECTION 1041 1042 -1 -1 2100 2100
14607 CONNECTION 1041 397 -1 -1 2580 2580
14608 CONNECTION 1041 1022 -1 -1 2220 2220
14609 CONNECTION 1041 38 -1 -1 2460 2460
14610 CONNECTION 1041 601 -1 -1 3180 3180
14611 CONNECTION 1041 112 -1 -1 3900 3900
14612 CONNECTION 1041 193 -1 -1 3900 3900
14613 CONNECTION 1041 211 -1 -1 5520 5520
14614 CONNECTION 1041 1006 -1 -1 3420 3420
14615 CONNECTION 1041 1099 -1 -1 3420 3420
14616 CONNECTION 1041 490 -1 -1 6120 6120
14617 CONNECTION 1041 233 300 2160 4260 4260
14618 CONNECTION 1041 790 300 2880 4980 4980
14619 CONNECTION 1041 317 300 3600 5700 5700
14620 CONNECTION 1041 665 300 4980 7080 7080
14621 CONNECTION 1041 86 300 3120 5220 5220
14622 CONNECTION 1041 293 300 3720 5820 5820
14623 CONNECTION 1041 768 300 4080 6180 6180
14624 CONNECTION 1041 472 300 3960 6060 6060
14625 CONNECTION 1041 919 300 4680 6780 6780
14626 CONNECTION 1041 543 300 5400 7500 7500
14627 CONNECTION 1041 616 300 5400 7500 7500
14628 CONNECTION 1041 631 300 7020 9120 9120
14629 CONNECTION 1041 275 300 4920 7020 7020
14630 CONNECTION 1041 850 300 7620 9720 9720
14631 CONNECTION 1041 1114 300 7620 9720 9720
14632 CONNECTION 1041 652 300 5760 7860 7860
14633 CONNECTION 1041 1139 300 6480 8580 8580
14634 SINK 1041 7 -1 -1 0 0
14635 CONNECTION 829 830 -1 -1 960 960
14636 CONNECTION 829 60 -1 -1 1620 1620
14637 CONNECTION 829 725 -1 -1 4140 4140
14638 CONNECTION 829 970 -1 -1 2760 2760
14639 CONNECTION 829 896 300 3840 5940 5940
14640 CONNECTION 829 1133 300 4260 6360 6360
14641 CONNECTION 829 40 300 2460 4560 4560
14642 CONNECTION 829 1023 300 4380 6480 6480
14643 CONNECTION 829 491 300 3120 5220 5220
14644 CONNECTION 829 1045 300 5640 7740 7740
14645 CONNECTION 829 235 300 4260 6360 6360
14646 CONNECTION 829 115 300 7440 9540 9540
14647 CONNECTION 829 400 300 7860 9960 9960
14648 CONNECTION 869 870 -1 -1 1200 1200
14649 CONNECTION 869 397 -1 -1 2160 2160
14650 CONNECTION 869 1022 -1 -1 1800 1800
14651 CONNECTION 869 38 -1 -1 2040 2040
14652 CONNECTION 869 601 -1 -1 2760 2760
14653 CONNECTION 869 112 -1 -1 3480 3480
14654 CONNECTION 869 193 -1 -1 3480 3480
14655 CONNECTION 869 211 -1 -1 5100 5100
14656 CONNECTION 869 1006 -1 -1 3000 3000
14657 CONNECTION 869 1099 -1 -1 3000 3000
14658 CONNECTION 869 490 -1 -1 5700 5700
14659 CONNECTION 869 233 -1 -1 3840 3840
14660 CONNECTION 869 790 300 2460 4560 4560
14661 CONNECTION 869 317 300 3180 5280 5280
14662 CONNECTION 869 665 300 4560 6660 6660
14663 CONNECTION 869 86 300 2700 4800 4800
14664 CONNECTION 869 293 300 3300 5400 5400
14665 CONNECTION 869 768 300 3660 5760 5760
14666 CONNECTION 869 472 300 3540 5640 5640
14667 CONNECTION 869 919 300 4260 6360 6360
14668 CONNECTION 869 543 300 4980 7080 7080
14669 CONNECTION 869 616 300 4980 7080 7080
14670 CONNECTION 869 631 300 6600 8700 8700
14671 CONNECTION 869 275 300 4500 6600 6600
14672 CONNECTION 869 850 300 7200 9300 9300
14673 CONNECTION 869 1114 300 7200 9300 9300
14674 CONNECTION 869 652 300 5340 7440 7440
14675 CONNECTION 869 1139 300 6060 8160 8160
14676 CONNECTION 869 727 300 6780 8880 8880
14677 CONNECTION 869 986 300 8160 10260 10260
14678 SINK 869 7 -1 -1 0 0
14679 CONNECTION 231 232 -1 -1 2100 2100
14680 CONNECTION 231 1043 -1 -1 3180 3180
14681 CONNECTION 231 471 -1 -1 3900 3900
14682 CONNECTION 231 630 -1 -1 4680 4680
14683 CONNECTION 231 743 -1 -1 4020 4020
14684 CONNECTION 231 113 300 2880 4980 4980
14685 CONNECTION 231 194 300 2760 4860 4860
14686 CONNECTION 231 651 300 3600 5700 5700
14687 CONNECTION 231 318 300 4680 6780 6780
14688 CONNECTION 231 832 300 5400 7500 7500
14689 CONNECTION 231 951 300 6180 8280 8280
14690 CONNECTION 231 1147 300 5520 7620 7620
14691 CONNECTION 231 617 300 6360 8460 8460
14692 CONNECTION 847 766 -1 -1 1440 1440
14693 CONNECTION 847 724 -1 -1 3120 3120
14694 CONNECTION 847 895 300 2820 4920 4920
14695 CONNECTION 847 1132 300 2940 5040 5040
14696 CONNECTION 847 1044 300 4620 6720 6720
14697 CONNECTION 1089 766 -1 -1 1440 1440
14698 CONNECTION 1089 724 -1 -1 3120 3120
14699 CONNECTION 1089 895 300 2820 4920 4920
14700 CONNECTION 1089 1132 300 2940 5040 5040
14701 CONNECTION 1089 1044 300 4620 6720 6720
14702 CONNECTION 83 84 -1 -1 1620 1620
14703 CONNECTION 83 629 -1 -1 2700 2700
14704 CONNECTION 83 357 -1 -1 3240 3240
14705 CONNECTION 83 273 -1 -1 3420 3420
14706 CONNECTION 83 378 -1 -1 4860 4860
14707 CONNECTION 83 338 -1 -1 4020 4020
14708 CONNECTION 83 424 -1 -1 4020 4020
14709 CONNECTION 83 848 -1 -1 4020 4020
14710 CONNECTION 83 1112 -1 -1 4020 4020
14711 CONNECTION 83 447 -1 -1 4440 4440
14712 CONNECTION 83 560 300 2940 5040 5040
14713 CONNECTION 83 515 300 3120 5220 5220
14714 CONNECTION 83 579 300 4560 6660 6660
14715 CONNECTION 83 603 300 3720 5820 5820
14716 CONNECTION 83 950 300 4200 6300 6300
14717 CONNECTION 83 133 300 4740 6840 6840
14718 CONNECTION 83 153 300 6360 8460 8460
14719 CONNECTION 83 688 300 4920 7020 7020
14720 CONNECTION 83 745 300 5520 7620 7620
14721 CONNECTION 83 792 300 5520 7620 7620
14722 CONNECTION 83 61 300 5520 7620 7620
14723 CONNECTION 83 811 300 5940 8040 8040
14724 CONNECTION 83 359 300 6540 8640 8640
14725 CONNECTION 150 151 -1 -1 3060 3060
14726 CONNECTION 150 629 -1 -1 2700 2700
14727 CONNECTION 150 357 -1 -1 3240 3240
14728 CONNECTION 150 273 -1 -1 3420 3420
14729 CONNECTION 150 378 -1 -1 4860 4860
14730 CONNECTION 150 338 -1 -1 4020 4020
14731 CONNECTION 150 424 -1 -1 4020 4020
14732 CONNECTION 150 848 -1 -1 4020 4020
14733 CONNECTION 150 1112 -1 -1 4020 4020
14734 CONNECTION 150 447 -1 -1 4440 4440
14735 CONNECTION 150 560 300 2940 5040 5040
14736 CONNECTION 150 515 300 3120 5220 5220
14737 CONNECTION 150 579 300 4560 6660 6660
14738 CONNECTION 150 603 300 3720 5820 5820
14739 CONNECTION 150 950 300 4200 6300 6300
14740 CONNECTION 150 133 300 4740 6840 6840
14741 CONNECTION 150 153 300 6360 8460 8460
14742 CONNECTION 150 688 300 4920 7020 7020
14743 CONNECTION 150 745 300 5520 7620 7620
14744 CONNECTION 150 792 300 5520 7620 7620
14745 CONNECTION 150 61 300 5520 7620 7620
14746 CONNECTION 150 811 300 5940 8040 8040
14747 CONNECTION 150 359 300 6540 8640 8640
14748 CONNECTION 445 446 -1 -1 1860 1860
14749 CONNECTION 445 514 -1 -1 2640 2640
14750 CONNECTION 445 578 -1 -1 2640 2640
14751 CONNECTION 445 177 -1 -1 4080 4080
14752 CONNECTION 445 152 -1 -1 4440 4440
14753 CONNECTION 445 687 -1 -1 4440 4440
14754 CONNECTION 445 339 300 3780 5880 5880
14755 CONNECTION 445 425 300 3780 5880 5880
14756 CONNECTION 445 810 300 3360 5460 5460
14757 CONNECTION 445 379 300 4140 6240 6240
14758 CONNECTION 445 872 300 4140 6240 6240
14759 CONNECTION 445 604 300 5580 7680 7680
14760 CONNECTION 445 580 300 5940 8040 8040
14761 CONNECTION 445 1008 300 5940 8040 8040
14762 CONNECTION 445 1121 300 5940 8040 8040
14763 CONNECTION 445 746 300 7380 9480 9480
14764 CONNECTION 445 793 300 7380 9480 9480
14765 CONNECTION 1111 176 -1 -1 2460 2460
14766 CONNECTION 1111 629 -1 -1 2940 2940
14767 CONNECTION 1111 357 -1 -1 3480 3480
14768 CONNECTION 1111 273 -1 -1 3660 3660
14769 CONNECTION 1111 378 -1 -1 5100 5100
14770 CONNECTION 1111 338 -1 -1 4260 4260
14771 CONNECTION 1111 424 -1 -1 4260 4260
14772 CONNECTION 1111 848 -1 -1 4260 4260
14773 CONNECTION 1111 1112 -1 -1 4260 4260
14774 CONNECTION 1111 447 300 2580 4680 4680
14775 CONNECTION 1111 560 300 3180 5280 5280
14776 CONNECTION 1111 515 300 3360 5460 5460
14777 CONNECTION 1111 579 300 4800 6900 6900
14778 CONNECTION 1111 603 300 3960 6060 6060
14779 CONNECTION 1111 950 300 4440 6540 6540
14780 CONNECTION 1111 133 300 4980 7080 7080
14781 CONNECTION 1111 153 300 6600 8700 8700
14782 CONNECTION 1111 688 300 5160 7260 7260
14783 CONNECTION 1111 745 300 5760 7860 7860
14784 CONNECTION 1111 792 300 5760 7860 7860
14785 CONNECTION 1111 61 300 5760 7860 7860
14786 CONNECTION 1111 811 300 6180 8280 8280
14787 CONNECTION 1111 359 300 6780 8880 8880
14788 CONNECTION 577 132 -1 -1 3720 3720
14789 CONNECTION 577 831 -1 -1 4260 4260
14790 CONNECTION 577 358 -1 -1 5520 5520
14791 CONNECTION 577 971 300 3960 6060 6060
14792 CONNECTION 577 561 300 5220 7320 7320
14793 CONNECTION 577 41 300 5760 7860 7860
14794 CONNECTION 577 134 300 7020 9120 9120
14795 CONNECTION 1004 1005 -1 -1 1560 1560
14796 CONNECTION 1004 489 -1 -1 2160 2160
14797 CONNECTION 1004 337 -1 -1 2340 2340
14798 CONNECTION 1004 423 -1 -1 2340 2340
14799 CONNECTION 1004 14 -1 -1 2460 2460
14800 CONNECTION 1004 1107 -1 -1 2460 2460
14801 CONNECTION 1004 85 -1 -1 3360 3360
14802 CONNECTION 1004 398 -1 -1 3540 3540
14803 CONNECTION 1004 602 -1 -1 4140 4140
14804 CONNECTION 1004 274 300 3060 5160 5160
14805 CONNECTION 1004 849 300 3660 5760 5760
14806 CONNECTION 1004 1113 300 3660 5760 5760
14807 CONNECTION 1004 744 300 3840 5940 5940
14808 CONNECTION 1004 791 300 3840 5940 5940
14809 CONNECTION 1004 448 300 3960 6060 6060
14810 CONNECTION 1004 516 300 4860 6960 6960
14811 CONNECTION 1004 769 300 5040 7140 7140
14812 CONNECTION 1004 920 300 5640 7740 7740
14813 CONNECTION 1097 1098 -1 -1 1560 1560
14814 CONNECTION 1097 489 -1 -1 2160 2160
14815 CONNECTION 1097 337 -1 -1 2340 2340
14816 CONNECTION 1097 423 -1 -1 2340 2340
14817 CONNECTION 1097 14 -1 -1 2460 2460
14818 CONNECTION 1097 1107 -1 -1 2460 2460
14819 CONNECTION 1097 85 -1 -1 3360 3360
14820 CONNECTION 1097 398 -1 -1 3540 3540
14821 CONNECTION 1097 602 -1 -1 4140 4140
14822 CONNECTION 1097 274 300 3060 5160 5160
14823 CONNECTION 1097 849 300 3660 5760 5760
14824 CONNECTION 1097 1113 300 3660 5760 5760
14825 CONNECTION 1097 744 300 3840 5940 5940
14826 CONNECTION 1097 791 300 3840 5940 5940
14827 CONNECTION 1097 448 300 3960 6060 6060
14828 CONNECTION 1097 516 300 4860 6960 6960
14829 CONNECTION 1097 769 300 5040 7140 7140
14830 CONNECTION 1097 920 300 5640 7740 7740
14831 CONNECTION 37 38 -1 -1 1200 1200
14832 CONNECTION 37 112 -1 -1 2640 2640
14833 CONNECTION 37 193 -1 -1 2640 2640
14834 CONNECTION 37 211 -1 -1 4260 4260
14835 CONNECTION 37 1006 -1 -1 2160 2160
14836 CONNECTION 37 1099 -1 -1 2160 2160
14837 CONNECTION 37 490 -1 -1 4860 4860
14838 CONNECTION 37 233 -1 -1 3000 3000
14839 CONNECTION 37 790 -1 -1 3720 3720
14840 CONNECTION 37 317 -1 -1 4440 4440
14841 CONNECTION 37 665 -1 -1 5820 5820
14842 CONNECTION 37 86 -1 -1 3960 3960
14843 CONNECTION 37 293 300 2460 4560 4560
14844 CONNECTION 37 768 300 2820 4920 4920
14845 CONNECTION 37 472 300 2700 4800 4800
14846 CONNECTION 37 919 300 3420 5520 5520
14847 CONNECTION 37 543 300 4140 6240 6240
14848 CONNECTION 37 616 300 4140 6240 6240
14849 CONNECTION 37 631 300 5760 7860 7860
14850 CONNECTION 37 275 300 3660 5760 5760
14851 CONNECTION 37 850 300 6360 8460 8460
14852 CONNECTION 37 1114 300 6360 8460 8460
14853 CONNECTION 37 652 300 4500 6600 6600
14854 CONNECTION 37 1139 300 5220 7320 7320
14855 CONNECTION 37 727 300 5940 8040 8040
14856 CONNECTION 37 986 300 7320 9420 9420
14857 CONNECTION 37 517 300 5460 7560 7560
14858 CONNECTION 37 704 300 6060 8160 8160
14859 CONNECTION 37 1134 300 6420 8520 8520
14860 SINK 37 7 -1 -1 0 0
14861 CONNECTION 356 357 -1 -1 1860 1860
14862 CONNECTION 356 338 -1 -1 2640 2640
14863 CONNECTION 356 424 -1 -1 2640 2640
14864 CONNECTION 356 848 -1 -1 2640 2640
14865 CONNECTION 356 1112 -1 -1 2640 2640
14866 CONNECTION 356 447 -1 -1 3060 3060
14867 CONNECTION 356 560 -1 -1 3660 3660
14868 CONNECTION 356 515 -1 -1 3840 3840
14869 CONNECTION 356 579 -1 -1 5280 5280
14870 CONNECTION 356 603 -1 -1 4440 4440
14871 CONNECTION 356 950 300 2820 4920 4920
14872 CONNECTION 356 133 300 3360 5460 5460
14873 CONNECTION 356 153 300 4980 7080 7080
14874 CONNECTION 356 688 300 3540 5640 5640
14875 CONNECTION 356 745 300 4140 6240 6240
14876 CONNECTION 356 792 300 4140 6240 6240
14877 CONNECTION 356 61 300 4140 6240 6240
14878 CONNECTION 356 811 300 4560 6660 6660
14879 CONNECTION 356 359 300 5160 7260 7260
14880 CONNECTION 356 873 300 5340 7440 7440
14881 CONNECTION 356 921 300 5940 8040 8040
14882 CONNECTION 356 212 300 6420 8520 8520
14883 CONNECTION 59 60 -1 -1 960 960
14884 CONNECTION 59 725 -1 -1 3480 3480
14885 CONNECTION 59 970 -1 -1 2100 2100
14886 CONNECTION 59 896 -1 -1 5280 5280
14887 CONNECTION 59 1133 -1 -1 5700 5700
14888 CONNECTION 59 40 300 1800 3900 3900
14889 CONNECTION 59 1023 300 3720 5820 5820
14890 CONNECTION 59 491 300 2460 4560 4560
14891 CONNECTION 59 1045 300 4980 7080 7080
14892 CONNECTION 59 235 300 3600 5700 5700
14893 CONNECTION 59 115 300 6780 8880 8880
14894 CONNECTION 59 400 300 7200 9300 9300
14895 CONNECTION 59 294 300 7320 9420 9420
14896 CONNECTION 315 316 -1 -1 1200 1200
14897 CONNECTION 315 918 -1 -1 2820 2820
14898 CONNECTION 315 542 -1 -1 3000 3000
14899 CONNECTION 315 234 -1 -1 4860 4860
14900 CONNECTION 315 1138 300 2520 4620 4620
14901 CONNECTION 315 726 300 2700 4800 4800
14902 CONNECTION 315 985 300 2700 4800 4800
14903 CONNECTION 315 473 300 4560 6660 6660
14904 CONNECTION 315 178 300 4320 6420 6420
14905 CONNECTION 315 897 300 4500 6600 6600
14906 CONNECTION 315 426 300 6120 8220 8220
14907 CONNECTION 1118 1119 -1 -1 2820 2820
14908 CONNECTION 1118 446 -1 -1 2400 2400
14909 CONNECTION 1118 514 -1 -1 3180 3180
14910 CONNECTION 1118 578 -1 -1 3180 3180
14911 CONNECTION 1118 177 -1 -1 4620 4620
14912 CONNECTION 1118 152 300 2880 4980 4980
14913 CONNECTION 1118 687 300 2880 4980 4980
14914 CONNECTION 1118 339 300 4320 6420 6420
14915 CONNECTION 1118 425 300 4320 6420 6420
14916 CONNECTION 1118 810 300 3900 6000 6000
14917 CONNECTION 1118 379 300 4680 6780 6780
14918 CONNECTION 1118 872 300 4680 6780 6780
14919 CONNECTION 1118 604 300 6120 8220 8220
14920 CONNECTION 1118 580 300 6480 8580 8580
14921 CONNECTION 1118 1008 300 6480 8580 8580
14922 CONNECTION 1118 1121 300 6480 8580 8580
14923 CONNECTION 1126 1127 -1 -1 2820 2820
14924 CONNECTION 1126 446 -1 -1 2400 2400
14925 CONNECTION 1126 514 -1 -1 3180 3180
14926 CONNECTION 1126 578 -1 -1 3180 3180
14927 CONNECTION 1126 177 -1 -1 4620 4620
14928 CONNECTION 1126 152 300 2880 4980 4980
14929 CONNECTION 1126 687 300 2880 4980 4980
14930 CONNECTION 1126 339 300 4320 6420 6420
14931 CONNECTION 1126 425 300 4320 6420 6420
14932 CONNECTION 1126 810 300 3900 6000 6000
14933 CONNECTION 1126 379 300 4680 6780 6780
14934 CONNECTION 1126 872 300 4680 6780 6780
14935 CONNECTION 1126 604 300 6120 8220 8220
14936 CONNECTION 1126 580 300 6480 8580 8580
14937 CONNECTION 1126 1008 300 6480 8580 8580
14938 CONNECTION 1126 1121 300 6480 8580 8580
14939 CONNECTION 917 871 -1 -1 3900 3900
14940 CONNECTION 917 1007 -1 -1 5700 5700
14941 CONNECTION 917 1120 -1 -1 5700 5700
14942 CONNECTION 917 15 300 4620 6720 6720
14943 CONNECTION 917 1128 300 4620 6720 6720
14944 CONNECTION 917 87 300 5400 7500 7500
14945 CONNECTION 917 276 300 7200 9300 9300
14946 CONNECTION 968 969 -1 -1 3000 3000
14947 CONNECTION 968 789 -1 -1 2760 2760
14948 CONNECTION 968 316 -1 -1 2940 2940
14949 CONNECTION 968 664 -1 -1 2940 2940
14950 CONNECTION 968 39 -1 -1 4800 4800
14951 CONNECTION 968 918 300 2460 4560 4560
14952 CONNECTION 968 542 300 2640 4740 4740
14953 CONNECTION 968 234 300 4500 6600 6600
14954 CONNECTION 968 1138 300 4260 6360 6360
14955 CONNECTION 968 726 300 4440 6540 6540
14956 CONNECTION 968 985 300 4440 6540 6540
14957 CONNECTION 968 473 300 6300 8400 8400
14958 CONNECTION 968 178 300 6060 8160 8160
14959 CONNECTION 175 176 -1 -1 1860 1860
14960 CONNECTION 175 357 -1 -1 2880 2880
14961 CONNECTION 175 273 -1 -1 3060 3060
14962 CONNECTION 175 378 -1 -1 4500 4500
14963 CONNECTION 175 338 -1 -1 3660 3660
14964 CONNECTION 175 424 -1 -1 3660 3660
14965 CONNECTION 175 848 -1 -1 3660 3660
14966 CONNECTION 175 1112 -1 -1 3660 3660
14967 CONNECTION 175 447 -1 -1 4080 4080
14968 CONNECTION 175 560 -1 -1 4680 4680
14969 CONNECTION 175 515 300 2760 4860 4860
14970 CONNECTION 175 579 300 4200 6300 6300
14971 CONNECTION 175 603 300 3360 5460 5460
14972 CONNECTION 175 950 300 3840 5940 5940
14973 CONNECTION 175 133 300 4380 6480 6480
14974 CONNECTION 175 153 300 6000 8100 8100
14975 CONNECTION 175 688 300 4560 6660 6660
14976 CONNECTION 175 745 300 5160 7260 7260
14977 CONNECTION 175 792 300 5160 7260 7260
14978 CONNECTION 175 61 300 5160 7260 7260
14979 CONNECTION 175 811 300 5580 7680 7680
14980 CONNECTION 175 359 300 6180 8280 8280
14981 CONNECTION 175 873 300 6360 8460 8460
14982 CONNECTION 488 489 -1 -1 1560 1560
14983 CONNECTION 488 85 -1 -1 2760 2760
14984 CONNECTION 488 398 -1 -1 2940 2940
14985 CONNECTION 488 602 -1 -1 3540 3540
14986 CONNECTION 488 274 300 2460 4560 4560
14987 CONNECTION 488 849 300 3060 5160 5160
14988 CONNECTION 488 1113 300 3060 5160 5160
14989 CONNECTION 488 744 300 3240 5340 5340
14990 CONNECTION 488 791 300 3240 5340 5340
14991 CONNECTION 488 448 300 3360 5460 5460
14992 CONNECTION 488 516 300 4260 6360 6360
14993 CONNECTION 488 769 300 4440 6540 6540
14994 CONNECTION 488 920 300 5040 7140 7140
14995 CONNECTION 488 689 300 6060 8160 8160
14996 CONNECTION 513 514 -1 -1 1860 1860
14997 CONNECTION 513 177 -1 -1 3300 3300
14998 CONNECTION 513 152 -1 -1 3660 3660
14999 CONNECTION 513 687 -1 -1 3660 3660
15000 CONNECTION 513 339 -1 -1 5100 5100
15001 CONNECTION 513 425 -1 -1 5100 5100
15002 CONNECTION 513 810 -1 -1 4680 4680
15003 CONNECTION 513 379 300 3360 5460 5460
15004 CONNECTION 513 872 300 3360 5460 5460
15005 CONNECTION 513 604 300 4800 6900 6900
15006 CONNECTION 513 580 300 5160 7260 7260
15007 CONNECTION 513 1008 300 5160 7260 7260
15008 CONNECTION 513 1121 300 5160 7260 7260
15009 CONNECTION 513 746 300 6600 8700 8700
15010 CONNECTION 513 793 300 6600 8700 8700
15011 CONNECTION 513 16 300 6180 8280 8280
15012 CONNECTION 513 1129 300 6180 8280 8280
15013 CONNECTION 422 423 -1 -1 1620 1620
15014 CONNECTION 422 85 -1 -1 2640 2640
15015 CONNECTION 422 398 -1 -1 2820 2820
15016 CONNECTION 422 602 -1 -1 3420 3420
15017 CONNECTION 422 274 -1 -1 4440 4440
15018 CONNECTION 422 849 300 2940 5040 5040
15019 CONNECTION 422 1113 300 2940 5040 5040
15020 CONNECTION 422 744 300 3120 5220 5220
15021 CONNECTION 422 791 300 3120 5220 5220
15022 CONNECTION 422 448 300 3240 5340 5340
15023 CONNECTION 422 516 300 4140 6240 6240
15024 CONNECTION 422 769 300 4320 6420 6420
15025 CONNECTION 422 920 300 4920 7020 7020
15026 CONNECTION 422 689 300 5940 8040 8040
15027 CONNECTION 422 62 300 6540 8640 8640
15028 CONNECTION 984 725 -1 -1 3480 3480
15029 CONNECTION 984 970 -1 -1 2100 2100
15030 CONNECTION 984 896 -1 -1 5280 5280
15031 CONNECTION 984 1133 -1 -1 5700 5700
15032 CONNECTION 984 40 300 1800 3900 3900
15033 CONNECTION 984 1023 300 3720 5820 5820
15034 CONNECTION 984 491 300 2460 4560 4560
15035 CONNECTION 984 1045 300 4980 7080 7080
15036 CONNECTION 984 235 300 3600 5700 5700
15037 CONNECTION 984 115 300 6780 8880 8880
15038 CONNECTION 984 400 300 7200 9300 9300
15039 CONNECTION 984 294 300 7320 9420 9420
15040 CONNECTION 210 211 -1 -1 3480 3480
15041 CONNECTION 210 490 -1 -1 4080 4080
15042 CONNECTION 210 233 -1 -1 2220 2220
15043 CONNECTION 210 790 -1 -1 2940 2940
15044 CONNECTION 210 317 -1 -1 3660 3660
15045 CONNECTION 210 665 -1 -1 5040 5040
15046 CONNECTION 210 86 -1 -1 3180 3180
15047 CONNECTION 210 293 -1 -1 3780 3780
15048 CONNECTION 210 768 -1 -1 4140 4140
15049 CONNECTION 210 472 -1 -1 4020 4020
15050 CONNECTION 210 919 300 2640 4740 4740
15051 CONNECTION 210 543 300 3360 5460 5460
15052 CONNECTION 210 616 300 3360 5460 5460
15053 CONNECTION 210 631 300 4980 7080 7080
15054 CONNECTION 210 275 300 2880 4980 4980
15055 CONNECTION 210 850 300 5580 7680 7680
15056 CONNECTION 210 1114 300 5580 7680 7680
15057 CONNECTION 210 652 300 3720 5820 5820
15058 CONNECTION 210 1139 300 4440 6540 6540
15059 CONNECTION 210 727 300 5160 7260 7260
15060 CONNECTION 210 986 300 6540 8640 8640
15061 CONNECTION 210 517 300 4680 6780 6780
15062 CONNECTION 210 704 300 5280 7380 7380
15063 CONNECTION 210 1134 300 5640 7740 7740
15064 CONNECTION 210 833 300 5520 7620 7620
15065 CONNECTION 210 179 300 6240 8340 8340
15066 CONNECTION 210 898 300 6960 9060 9060
15067 CONNECTION 210 936 300 6960 9060 9060
15068 SINK 210 7 -1 -1 0 0
15069 CONNECTION 336 337 -1 -1 1620 1620
15070 CONNECTION 336 85 -1 -1 2640 2640
15071 CONNECTION 336 398 -1 -1 2820 2820
15072 CONNECTION 336 602 -1 -1 3420 3420
15073 CONNECTION 336 274 -1 -1 4440 4440
15074 CONNECTION 336 849 300 2940 5040 5040
15075 CONNECTION 336 1113 300 2940 5040 5040
15076 CONNECTION 336 744 300 3120 5220 5220
15077 CONNECTION 336 791 300 3120 5220 5220
15078 CONNECTION 336 448 300 3240 5340 5340
15079 CONNECTION 336 516 300 4140 6240 6240
15080 CONNECTION 336 769 300 4320 6420 6420
15081 CONNECTION 336 920 300 4920 7020 7020
15082 CONNECTION 336 689 300 5940 8040 8040
15083 CONNECTION 336 62 300 6540 8640 8640
15084 CONNECTION 249 250 -1 -1 2640 2640
15085 CONNECTION 249 703 -1 -1 4740 4740
15086 CONNECTION 249 935 -1 -1 5520 5520
15087 CONNECTION 249 666 300 4140 6240 6240
15088 CONNECTION 249 1024 300 6240 8340 8340
15089 CONNECTION 249 195 300 7020 9120 9120
15090 CONNECTION 1042 1043 -1 -1 2040 2040
15091 CONNECTION 1042 471 -1 -1 2760 2760
15092 CONNECTION 1042 630 -1 -1 3540 3540
15093 CONNECTION 1042 743 -1 -1 2880 2880
15094 CONNECTION 1042 113 -1 -1 3840 3840
15095 CONNECTION 1042 194 -1 -1 3720 3720
15096 CONNECTION 1042 651 -1 -1 4560 4560
15097 CONNECTION 1042 318 300 3540 5640 5640
15098 CONNECTION 1042 832 300 4260 6360 6360
15099 CONNECTION 1042 951 300 5040 7140 7140
15100 CONNECTION 1042 1147 300 4380 6480 6480
15101 CONNECTION 1042 617 300 5220 7320 7320
15102 CONNECTION 1042 972 300 6060 8160 8160
15103 CONNECTION 13 14 -1 -1 1440 1440
15104 CONNECTION 13 85 -1 -1 2340 2340
15105 CONNECTION 13 398 -1 -1 2520 2520
15106 CONNECTION 13 602 -1 -1 3120 3120
15107 CONNECTION 13 274 -1 -1 4140 4140
15108 CONNECTION 13 849 300 2640 4740 4740
15109 CONNECTION 13 1113 300 2640 4740 4740
15110 CONNECTION 13 744 300 2820 4920 4920
15111 CONNECTION 13 791 300 2820 4920 4920
15112 CONNECTION 13 448 300 2940 5040 5040
15113 CONNECTION 13 516 300 3840 5940 5940
15114 CONNECTION 13 769 300 4020 6120 6120
15115 CONNECTION 13 920 300 4620 6720 6720
15116 CONNECTION 13 689 300 5640 7740 7740
15117 CONNECTION 13 62 300 6240 8340 8340
15118 CONNECTION 13 1140 300 6420 8520 8520
15119 CONNECTION 13 1148 300 6420 8520 8520
15120 CONNECTION 649 724 -1 -1 1980 1980
15121 CONNECTION 649 895 -1 -1 3780 3780
15122 CONNECTION 649 1132 300 1800 3900 3900
15123 CONNECTION 649 1044 300 3480 5580 5580
15124 CONNECTION 649 114 300 5280 7380 7380
15125 CONNECTION 649 399 300 5400 7500 7500
15126 CONNECTION 1106 1107 -1 -1 1440 1440
15127 CONNECTION 1106 85 -1 -1 2340 2340
15128 CONNECTION 1106 398 -1 -1 2520 2520
15129 CONNECTION 1106 602 -1 -1 3120 3120
15130 CONNECTION 1106 274 -1 -1 4140 4140
15131 CONNECTION 1106 849 300 2640 4740 4740
15132 CONNECTION 1106 1113 300 2640 4740 4740
15133 CONNECTION 1106 744 300 2820 4920 4920
15134 CONNECTION 1106 791 300 2820 4920 4920
15135 CONNECTION 1106 448 300 2940 5040 5040
15136 CONNECTION 1106 516 300 3840 5940 5940
15137 CONNECTION 1106 769 300 4020 6120 6120
15138 CONNECTION 1106 920 300 4620 6720 6720
15139 CONNECTION 1106 689 300 5640 7740 7740
15140 CONNECTION 1106 62 300 6240 8340 8340
15141 CONNECTION 1106 1140 300 6420 8520 8520
15142 CONNECTION 1106 1148 300 6420 8520 8520
15143 CONNECTION 540 541 -1 -1 3000 3000
15144 CONNECTION 540 830 -1 -1 1620 1620
15145 CONNECTION 540 702 -1 -1 3540 3540
15146 CONNECTION 540 60 -1 -1 2280 2280
15147 CONNECTION 540 725 -1 -1 4800 4800
15148 CONNECTION 540 970 -1 -1 3420 3420
15149 CONNECTION 540 896 300 4500 6600 6600
15150 CONNECTION 540 1133 300 4920 7020 7020
15151 CONNECTION 540 40 300 3120 5220 5220
15152 CONNECTION 540 1023 300 5040 7140 7140
15153 CONNECTION 540 491 300 3780 5880 5880
15154 CONNECTION 540 1045 300 6300 8400 8400
15155 CONNECTION 540 235 300 4920 7020 7020
15156 CONNECTION 894 831 -1 -1 4020 4020
15157 CONNECTION 894 358 -1 -1 5280 5280
15158 CONNECTION 894 971 300 3720 5820 5820
15159 CONNECTION 894 561 300 4980 7080 7080
15160 CONNECTION 894 41 300 5520 7620 7620
15161 CONNECTION 894 134 300 6780 8880 8880
15162 CONNECTION 934 338 -1 -1 2640 2640
15163 CONNECTION 934 424 -1 -1 2640 2640
15164 CONNECTION 934 848 -1 -1 2640 2640
15165 CONNECTION 934 1112 -1 -1 2640 2640
15166 CONNECTION 934 447 -1 -1 3060 3060
15167 CONNECTION 934 560 -1 -1 3660 3660
15168 CONNECTION 934 515 -1 -1 3840 3840
15169 CONNECTION 934 579 -1 -1 5280 5280
15170 CONNECTION 934 603 -1 -1 4440 4440
15171 CONNECTION 934 950 300 2820 4920 4920
15172 CONNECTION 934 133 300 3360 5460 5460
15173 CONNECTION 934 153 300 4980 7080 7080
15174 CONNECTION 934 688 300 3540 5640 5640
15175 CONNECTION 934 745 300 4140 6240 6240
15176 CONNECTION 934 792 300 4140 6240 6240
15177 CONNECTION 934 61 300 4140 6240 6240
15178 CONNECTION 934 811 300 4560 6660 6660
15179 CONNECTION 934 359 300 5160 7260 7260
15180 CONNECTION 934 873 300 5340 7440 7440
15181 CONNECTION 934 921 300 5940 8040 8040
15182 CONNECTION 934 212 300 6420 8520 8520
15183 CONNECTION 766 767 -1 -1 3300 3300
15184 CONNECTION 766 830 -1 -1 1500 1500
15185 CONNECTION 766 702 -1 -1 3420 3420
15186 CONNECTION 766 60 -1 -1 2160 2160
15187 CONNECTION 766 725 -1 -1 4680 4680
15188 CONNECTION 766 970 -1 -1 3300 3300
15189 CONNECTION 766 896 300 4380 6480 6480
15190 CONNECTION 766 1133 300 4800 6900 6900
15191 CONNECTION 766 40 300 3000 5100 5100
15192 CONNECTION 766 1023 300 4920 7020 7020
15193 CONNECTION 766 491 300 3660 5760 5760
15194 CONNECTION 766 1045 300 6180 8280 8280
15195 CONNECTION 766 235 300 4800 6900 6900
15196 CONNECTION 766 115 300 7980 10080 10080
15197 CONNECTION 131 177 -1 -1 3600 3600
15198 CONNECTION 131 152 -1 -1 3960 3960
15199 CONNECTION 131 687 -1 -1 3960 3960
15200 CONNECTION 131 339 -1 -1 5400 5400
15201 CONNECTION 131 425 -1 -1 5400 5400
15202 CONNECTION 131 810 300 2880 4980 4980
15203 CONNECTION 131 379 300 3660 5760 5760
15204 CONNECTION 131 872 300 3660 5760 5760
15205 CONNECTION 131 604 300 5100 7200 7200
15206 CONNECTION 131 580 300 5460 7560 7560
15207 CONNECTION 131 1008 300 5460 7560 7560
15208 CONNECTION 131 1121 300 5460 7560 7560
15209 CONNECTION 131 746 300 6900 9000 9000
15210 CONNECTION 131 793 300 6900 9000 9000
15211 CONNECTION 131 16 300 6480 8580 8580
15212 CONNECTION 131 1129 300 6480 8580 8580
15213 CONNECTION 600 601 -1 -1 1560 1560
15214 CONNECTION 600 1006 -1 -1 1800 1800
15215 CONNECTION 600 1099 -1 -1 1800 1800
15216 CONNECTION 600 490 -1 -1 4500 4500
15217 CONNECTION 600 233 -1 -1 2640 2640
15218 CONNECTION 600 790 -1 -1 3360 3360
15219 CONNECTION 600 317 -1 -1 4080 4080
15220 CONNECTION 600 665 -1 -1 5460 5460
15221 CONNECTION 600 86 -1 -1 3600 3600
15222 CONNECTION 600 293 300 2100 4200 4200
15223 CONNECTION 600 768 300 2460 4560 4560
15224 CONNECTION 600 472 300 2340 4440 4440
15225 CONNECTION 600 919 300 3060 5160 5160
15226 CONNECTION 600 543 300 3780 5880 5880
15227 CONNECTION 600 616 300 3780 5880 5880
15228 CONNECTION 600 631 300 5400 7500 7500
15229 CONNECTION 600 275 300 3300 5400 5400
15230 CONNECTION 600 850 300 6000 8100 8100
15231 CONNECTION 600 1114 300 6000 8100 8100
15232 CONNECTION 600 652 300 4140 6240 6240
15233 CONNECTION 600 1139 300 4860 6960 6960
15234 CONNECTION 600 727 300 5580 7680 7680
15235 CONNECTION 600 986 300 6960 9060 9060
15236 CONNECTION 600 517 300 5100 7200 7200
15237 CONNECTION 600 704 300 5700 7800 7800
15238 CONNECTION 600 1134 300 6060 8160 8160
15239 CONNECTION 600 833 300 5940 8040 8040
15240 SINK 600 7 -1 -1 0 0
15241 CONNECTION 870 789 -1 -1 1800 1800
15242 CONNECTION 870 316 -1 -1 1980 1980
15243 CONNECTION 870 664 -1 -1 1980 1980
15244 CONNECTION 870 39 -1 -1 3840 3840
15245 CONNECTION 870 918 -1 -1 3600 3600
15246 CONNECTION 870 542 -1 -1 3780 3780
15247 CONNECTION 870 234 -1 -1 5640 5640
15248 CONNECTION 870 1138 300 3300 5400 5400
15249 CONNECTION 870 726 300 3480 5580 5580
15250 CONNECTION 870 985 300 3480 5580 5580
15251 CONNECTION 870 473 300 5340 7440 7440
15252 CONNECTION 870 178 300 5100 7200 7200
15253 CONNECTION 870 897 300 5280 7380 7380
15254 CONNECTION 111 112 -1 -1 2100 2100
15255 CONNECTION 111 490 -1 -1 4320 4320
15256 CONNECTION 111 233 -1 -1 2460 2460
15257 CONNECTION 111 790 -1 -1 3180 3180
15258 CONNECTION 111 317 -1 -1 3900 3900
15259 CONNECTION 111 665 -1 -1 5280 5280
15260 CONNECTION 111 86 -1 -1 3420 3420
15261 CONNECTION 111 293 -1 -1 4020 4020
15262 CONNECTION 111 768 -1 -1 4380 4380
15263 CONNECTION 111 472 300 2160 4260 4260
15264 CONNECTION 111 919 300 2880 4980 4980
15265 CONNECTION 111 543 300 3600 5700 5700
15266 CONNECTION 111 616 300 3600 5700 5700
15267 CONNECTION 111 631 300 5220 7320 7320
15268 CONNECTION 111 275 300 3120 5220 5220
15269 CONNECTION 111 850 300 5820 7920 7920
15270 CONNECTION 111 1114 300 5820 7920 7920
15271 CONNECTION 111 652 300 3960 6060 6060
15272 CONNECTION 111 1139 300 4680 6780 6780
15273 CONNECTION 111 727 300 5400 7500 7500
15274 CONNECTION 111 986 300 6780 8880 8880
15275 CONNECTION 111 517 300 4920 7020 7020
15276 CONNECTION 111 704 300 5520 7620 7620
15277 CONNECTION 111 1134 300 5880 7980 7980
15278 CONNECTION 111 833 300 5760 7860 7860
15279 CONNECTION 111 179 300 6480 8580 8580
15280 SINK 111 7 -1 -1 0 0
15281 CONNECTION 969 970 -1 -1 960 960
15282 CONNECTION 969 896 -1 -1 4140 4140
15283 CONNECTION 969 1133 -1 -1 4560 4560
15284 CONNECTION 969 40 -1 -1 2760 2760
15285 CONNECTION 969 1023 -1 -1 4680 4680
15286 CONNECTION 969 491 -1 -1 3420 3420
15287 CONNECTION 969 1045 300 3840 5940 5940
15288 CONNECTION 969 235 300 2460 4560 4560
15289 CONNECTION 969 115 300 5640 7740 7740
15290 CONNECTION 969 400 300 6060 8160 8160
15291 CONNECTION 969 294 300 6180 8280 8280
15292 CONNECTION 969 320 300 7440 9540 9540
15293 CONNECTION 1005 1006 -1 -1 1200 1200
15294 CONNECTION 1005 490 -1 -1 3900 3900
15295 CONNECTION 1005 233 -1 -1 2040 2040
15296 CONNECTION 1005 790 -1 -1 2760 2760
15297 CONNECTION 1005 317 -1 -1 3480 3480
15298 CONNECTION 1005 665 -1 -1 4860 4860
15299 CONNECTION 1005 86 -1 -1 3000 3000
15300 CONNECTION 1005 293 -1 -1 3600 3600
15301 CONNECTION 1005 768 -1 -1 3960 3960
15302 CONNECTION 1005 472 -1 -1 3840 3840
15303 CONNECTION 1005 919 300 2460 4560 4560
15304 CONNECTION 1005 543 300 3180 5280 5280
15305 CONNECTION 1005 616 300 3180 5280 5280
15306 CONNECTION 1005 631 300 4800 6900 6900
15307 CONNECTION 1005 275 300 2700 4800 4800
15308 CONNECTION 1005 850 300 5400 7500 7500
15309 CONNECTION 1005 1114 300 5400 7500 7500
15310 CONNECTION 1005 652 300 3540 5640 5640
15311 CONNECTION 1005 1139 300 4260 6360 6360
15312 CONNECTION 1005 727 300 4980 7080 7080
15313 CONNECTION 1005 986 300 6360 8460 8460
15314 CONNECTION 1005 517 300 4500 6600 6600
15315 CONNECTION 1005 704 300 5100 7200 7200
15316 CONNECTION 1005 1134 300 5460 7560 7560
15317 CONNECTION 1005 833 300 5340 7440 7440
15318 CONNECTION 1005 179 300 6060 8160 8160
15319 CONNECTION 1005 898 300 6780 8880 8880
15320 CONNECTION 1005 936 300 6780 8880 8880
15321 SINK 1005 7 -1 -1 0 0
15322 CONNECTION 1098 1099 -1 -1 1200 1200
15323 CONNECTION 1098 490 -1 -1 3900 3900
15324 CONNECTION 1098 233 -1 -1 2040 2040
15325 CONNECTION 1098 790 -1 -1 2760 2760
15326 CONNECTION 1098 317 -1 -1 3480 3480
15327 CONNECTION 1098 665 -1 -1 4860 4860
15328 CONNECTION 1098 86 -1 -1 3000 3000
15329 CONNECTION 1098 293 -1 -1 3600 3600
15330 CONNECTION 1098 768 -1 -1 3960 3960
15331 CONNECTION 1098 472 -1 -1 3840 3840
15332 CONNECTION 1098 919 300 2460 4560 4560
15333 CONNECTION 1098 543 300 3180 5280 5280
15334 CONNECTION 1098 616 300 3180 5280 5280
15335 CONNECTION 1098 631 300 4800 6900 6900
15336 CONNECTION 1098 275 300 2700 4800 4800
15337 CONNECTION 1098 850 300 5400 7500 7500
15338 CONNECTION 1098 1114 300 5400 7500 7500
15339 CONNECTION 1098 652 300 3540 5640 5640
15340 CONNECTION 1098 1139 300 4260 6360 6360
15341 CONNECTION 1098 727 300 4980 7080 7080
15342 CONNECTION 1098 986 300 6360 8460 8460
15343 CONNECTION 1098 517 300 4500 6600 6600
15344 CONNECTION 1098 704 300 5100 7200 7200
15345 CONNECTION 1098 1134 300 5460 7560 7560
15346 CONNECTION 1098 833 300 5340 7440 7440
15347 CONNECTION 1098 179 300 6060 8160 8160
15348 CONNECTION 1098 898 300 6780 8880 8880
15349 CONNECTION 1098 936 300 6780 8880 8880
15350 SINK 1098 7 -1 -1 0 0
15351 CONNECTION 470 471 -1 -1 2100 2100
15352 CONNECTION 470 630 -1 -1 2880 2880
15353 CONNECTION 470 743 -1 -1 2220 2220
15354 CONNECTION 470 113 -1 -1 3180 3180
15355 CONNECTION 470 194 -1 -1 3060 3060
15356 CONNECTION 470 651 -1 -1 3900 3900
15357 CONNECTION 470 318 300 2880 4980 4980
15358 CONNECTION 470 832 300 3600 5700 5700
15359 CONNECTION 470 951 300 4380 6480 6480
15360 CONNECTION 470 1147 300 3720 5820 5820
15361 CONNECTION 470 617 300 4560 6660 6660
15362 CONNECTION 470 972 300 5400 7500 7500
15363 CONNECTION 272 273 -1 -1 1620 1620
15364 CONNECTION 272 848 -1 -1 2220 2220
15365 CONNECTION 272 1112 -1 -1 2220 2220
15366 CONNECTION 272 447 -1 -1 2640 2640
15367 CONNECTION 272 560 -1 -1 3240 3240
15368 CONNECTION 272 515 -1 -1 3420 3420
15369 CONNECTION 272 579 -1 -1 4860 4860
15370 CONNECTION 272 603 -1 -1 4020 4020
15371 CONNECTION 272 950 -1 -1 4500 4500
15372 CONNECTION 272 133 300 2940 5040 5040
15373 CONNECTION 272 153 300 4560 6660 6660
15374 CONNECTION 272 688 300 3120 5220 5220
15375 CONNECTION 272 745 300 3720 5820 5820
15376 CONNECTION 272 792 300 3720 5820 5820
15377 CONNECTION 272 61 300 3720 5820 5820
15378 CONNECTION 272 811 300 4140 6240 6240
15379 CONNECTION 272 359 300 4740 6840 6840
15380 CONNECTION 272 873 300 4920 7020 7020
15381 CONNECTION 272 921 300 5520 7620 7620
15382 CONNECTION 272 212 300 6000 8100 8100
15383 CONNECTION 272 562 300 6540 8640 8640
15384 CONNECTION 377 378 -1 -1 3060 3060
15385 CONNECTION 377 848 -1 -1 2220 2220
15386 CONNECTION 377 1112 -1 -1 2220 2220
15387 CONNECTION 377 447 -1 -1 2640 2640
15388 CONNECTION 377 560 -1 -1 3240 3240
15389 CONNECTION 377 515 -1 -1 3420 3420
15390 CONNECTION 377 579 -1 -1 4860 4860
15391 CONNECTION 377 603 -1 -1 4020 4020
15392 CONNECTION 377 950 -1 -1 4500 4500
15393 CONNECTION 377 133 300 2940 5040 5040
15394 CONNECTION 377 153 300 4560 6660 6660
15395 CONNECTION 377 688 300 3120 5220 5220
15396 CONNECTION 377 745 300 3720 5820 5820
15397 CONNECTION 377 792 300 3720 5820 5820
15398 CONNECTION 377 61 300 3720 5820 5820
15399 CONNECTION 377 811 300 4140 6240 6240
15400 CONNECTION 377 359 300 4740 6840 6840
15401 CONNECTION 377 873 300 4920 7020 7020
15402 CONNECTION 377 921 300 5520 7620 7620
15403 CONNECTION 377 212 300 6000 8100 8100
15404 CONNECTION 377 562 300 6540 8640 8640
15405 CONNECTION 84 85 -1 -1 1560 1560
15406 CONNECTION 84 602 -1 -1 2340 2340
15407 CONNECTION 84 274 -1 -1 3360 3360
15408 CONNECTION 84 849 -1 -1 3960 3960
15409 CONNECTION 84 1113 -1 -1 3960 3960
15410 CONNECTION 84 744 -1 -1 4140 4140
15411 CONNECTION 84 791 -1 -1 4140 4140
15412 CONNECTION 84 448 -1 -1 4260 4260
15413 CONNECTION 84 516 300 3060 5160 5160
15414 CONNECTION 84 769 300 3240 5340 5340
15415 CONNECTION 84 920 300 3840 5940 5940
15416 CONNECTION 84 689 300 4860 6960 6960
15417 CONNECTION 84 62 300 5460 7560 7560
15418 CONNECTION 84 1140 300 5640 7740 7740
15419 CONNECTION 84 1148 300 5640 7740 7740
15420 CONNECTION 84 812 300 5760 7860 7860
15421 CONNECTION 151 358 -1 -1 3720 3720
15422 CONNECTION 151 971 -1 -1 4260 4260
15423 CONNECTION 151 561 -1 -1 5520 5520
15424 CONNECTION 151 41 300 3960 6060 6060
15425 CONNECTION 151 134 300 5220 7320 7320
15426 CONNECTION 151 236 300 5760 7860 7860
15427 CONNECTION 151 360 300 7020 9120 9120
15428 CONNECTION 232 233 -1 -1 1200 1200
15429 CONNECTION 232 317 -1 -1 2640 2640
15430 CONNECTION 232 665 -1 -1 4020 4020
15431 CONNECTION 232 86 -1 -1 2160 2160
15432 CONNECTION 232 293 -1 -1 2760 2760
15433 CONNECTION 232 768 -1 -1 3120 3120
15434 CONNECTION 232 472 -1 -1 3000 3000
15435 CONNECTION 232 919 -1 -1 3720 3720
15436 CONNECTION 232 543 -1 -1 4440 4440
15437 CONNECTION 232 616 -1 -1 4440 4440
15438 CONNECTION 232 631 -1 -1 6060 6060
15439 CONNECTION 232 275 -1 -1 3960 3960
15440 CONNECTION 232 850 300 4560 6660 6660
15441 CONNECTION 232 1114 300 4560 6660 6660
15442 CONNECTION 232 652 300 2700 4800 4800
15443 CONNECTION 232 1139 300 3420 5520 5520
15444 CONNECTION 232 727 300 4140 6240 6240
15445 CONNECTION 232 986 300 5520 7620 7620
15446 CONNECTION 232 517 300 3660 5760 5760
15447 CONNECTION 232 704 300 4260 6360 6360
15448 CONNECTION 232 1134 300 4620 6720 6720
15449 CONNECTION 232 833 300 4500 6600 6600
15450 CONNECTION 232 179 300 5220 7320 7320
15451 CONNECTION 232 898 300 5940 8040 8040
15452 CONNECTION 232 936 300 5940 8040 8040
15453 CONNECTION 232 690 300 5460 7560 7560
15454 SINK 232 7 -1 -1 0 0
15455 CONNECTION 559 560 -1 -1 1860 1860
15456 CONNECTION 559 603 -1 -1 2640 2640
15457 CONNECTION 559 950 -1 -1 3120 3120
15458 CONNECTION 559 133 -1 -1 3660 3660
15459 CONNECTION 559 153 -1 -1 5280 5280
15460 CONNECTION 559 688 -1 -1 3840 3840
15461 CONNECTION 559 745 -1 -1 4440 4440
15462 CONNECTION 559 792 -1 -1 4440 4440
15463 CONNECTION 559 61 -1 -1 4440 4440
15464 CONNECTION 559 811 300 2760 4860 4860
15465 CONNECTION 559 359 300 3360 5460 5460
15466 CONNECTION 559 873 300 3540 5640 5640
15467 CONNECTION 559 921 300 4140 6240 6240
15468 CONNECTION 559 212 300 4620 6720 6720
15469 CONNECTION 559 562 300 5160 7260 7260
15470 CONNECTION 559 1009 300 5340 7440 7440
15471 CONNECTION 559 1122 300 5340 7440 7440
15472 CONNECTION 559 1141 300 5940 8040 8040
15473 CONNECTION 559 1149 300 5940 8040 8040
15474 CONNECTION 559 492 300 5940 8040 8040
15475 CONNECTION 559 17 300 6360 8460 8460
15476 CONNECTION 559 1130 300 6360 8460 8460
15477 CONNECTION 397 398 -1 -1 1620 1620
15478 CONNECTION 397 602 -1 -1 2220 2220
15479 CONNECTION 397 274 -1 -1 3240 3240
15480 CONNECTION 397 849 -1 -1 3840 3840
15481 CONNECTION 397 1113 -1 -1 3840 3840
15482 CONNECTION 397 744 -1 -1 4020 4020
15483 CONNECTION 397 791 -1 -1 4020 4020
15484 CONNECTION 397 448 -1 -1 4140 4140
15485 CONNECTION 397 516 300 2940 5040 5040
15486 CONNECTION 397 769 300 3120 5220 5220
15487 CONNECTION 397 920 300 3720 5820 5820
15488 CONNECTION 397 689 300 4740 6840 6840
15489 CONNECTION 397 62 300 5340 7440 7440
15490 CONNECTION 397 1140 300 5520 7620 7620
15491 CONNECTION 397 1148 300 5520 7620 7620
15492 CONNECTION 397 812 300 5640 7740 7740
15493 CONNECTION 397 874 300 6540 8640 8640
15494 CONNECTION 1022 918 -1 -1 3000 3000
15495 CONNECTION 1022 542 -1 -1 3180 3180
15496 CONNECTION 1022 234 -1 -1 5040 5040
15497 CONNECTION 1022 1138 300 2700 4800 4800
15498 CONNECTION 1022 726 300 2880 4980 4980
15499 CONNECTION 1022 985 300 2880 4980 4980
15500 CONNECTION 1022 473 300 4740 6840 6840
15501 CONNECTION 1022 178 300 4500 6600 6600
15502 CONNECTION 1022 897 300 4680 6780 6780
15503 CONNECTION 292 293 -1 -1 1200 1200
15504 CONNECTION 292 919 -1 -1 2160 2160
15505 CONNECTION 292 543 -1 -1 2880 2880
15506 CONNECTION 292 616 -1 -1 2880 2880
15507 CONNECTION 292 631 -1 -1 4500 4500
15508 CONNECTION 292 275 -1 -1 2400 2400
15509 CONNECTION 292 850 -1 -1 5100 5100
15510 CONNECTION 292 1114 -1 -1 5100 5100
15511 CONNECTION 292 652 -1 -1 3240 3240
15512 CONNECTION 292 1139 -1 -1 3960 3960
15513 CONNECTION 292 727 -1 -1 4680 4680
15514 CONNECTION 292 986 -1 -1 6060 6060
15515 CONNECTION 292 517 300 2100 4200 4200
15516 CONNECTION 292 704 300 2700 4800 4800
15517 CONNECTION 292 1134 300 3060 5160 5160
15518 CONNECTION 292 833 300 2940 5040 5040
15519 CONNECTION 292 179 300 3660 5760 5760
15520 CONNECTION 292 898 300 4380 6480 6480
15521 CONNECTION 292 936 300 4380 6480 6480
15522 CONNECTION 292 690 300 3900 6000 6000
15523 CONNECTION 292 973 300 4740 6840 6840
15524 CONNECTION 292 427 300 5460 7560 7560
15525 CONNECTION 292 1047 300 6180 8280 8280
15526 CONNECTION 292 875 300 5700 7800 7800
15527 SINK 292 7 -1 -1 0 0
15528 CONNECTION 176 177 -1 -1 2820 2820
15529 CONNECTION 176 152 -1 -1 3180 3180
15530 CONNECTION 176 687 -1 -1 3180 3180
15531 CONNECTION 176 339 -1 -1 4620 4620
15532 CONNECTION 176 425 -1 -1 4620 4620
15533 CONNECTION 176 810 -1 -1 4200 4200
15534 CONNECTION 176 379 300 2880 4980 4980
15535 CONNECTION 176 872 300 2880 4980 4980
15536 CONNECTION 176 604 300 4320 6420 6420
15537 CONNECTION 176 580 300 4680 6780 6780
15538 CONNECTION 176 1008 300 4680 6780 6780
15539 CONNECTION 176 1121 300 4680 6780 6780
15540 CONNECTION 176 746 300 6120 8220 8220
15541 CONNECTION 176 793 300 6120 8220 8220
15542 CONNECTION 176 16 300 5700 7800 7800
15543 CONNECTION 176 1129 300 5700 7800 7800
15544 CONNECTION 176 88 300 6480 8580 8580
15545 CONNECTION 176 154 300 6480 8580 8580
15546 CONNECTION 541 542 -1 -1 1200 1200
15547 CONNECTION 541 1138 -1 -1 2820 2820
15548 CONNECTION 541 726 -1 -1 3000 3000
15549 CONNECTION 541 985 -1 -1 3000 3000
15550 CONNECTION 541 473 -1 -1 4860 4860
15551 CONNECTION 541 178 300 2520 4620 4620
15552 CONNECTION 541 897 300 2700 4800 4800
15553 CONNECTION 541 426 300 4320 6420 6420
15554 CONNECTION 541 251 300 4500 6600 6600
15555 CONNECTION 541 1046 300 4500 6600 6600
15556 CONNECTION 38 39 -1 -1 3000 3000
15557 CONNECTION 38 918 -1 -1 2760 2760
15558 CONNECTION 38 542 -1 -1 2940 2940
15559 CONNECTION 38 234 -1 -1 4800 4800
15560 CONNECTION 38 1138 300 2460 4560 4560
15561 CONNECTION 38 726 300 2640 4740 4740
15562 CONNECTION 38 985 300 2640 4740 4740
15563 CONNECTION 38 473 300 4500 6600 6600
15564 CONNECTION 38 178 300 4260 6360 6360
15565 CONNECTION 38 897 300 4440 6540 6540
15566 CONNECTION 38 426 300 6060 8160 8160
15567 CONNECTION 489 490 -1 -1 3300 3300
15568 CONNECTION 489 790 -1 -1 2160 2160
15569 CONNECTION 489 317 -1 -1 2880 2880
15570 CONNECTION 489 665 -1 -1 4260 4260
15571 CONNECTION 489 86 -1 -1 2400 2400
15572 CONNECTION 489 293 -1 -1 3000 3000
15573 CONNECTION 489 768 -1 -1 3360 3360
15574 CONNECTION 489 472 -1 -1 3240 3240
15575 CONNECTION 489 919 -1 -1 3960 3960
15576 CONNECTION 489 543 -1 -1 4680 4680
15577 CONNECTION 489 616 -1 -1 4680 4680
15578 CONNECTION 489 631 -1 -1 6300 6300
15579 CONNECTION 489 275 300 2100 4200 4200
15580 CONNECTION 489 850 300 4800 6900 6900
15581 CONNECTION 489 1114 300 4800 6900 6900
15582 CONNECTION 489 652 300 2940 5040 5040
15583 CONNECTION 489 1139 300 3660 5760 5760
15584 CONNECTION 489 727 300 4380 6480 6480
15585 CONNECTION 489 986 300 5760 7860 7860
15586 CONNECTION 489 517 300 3900 6000 6000
15587 CONNECTION 489 704 300 4500 6600 6600
15588 CONNECTION 489 1134 300 4860 6960 6960
15589 CONNECTION 489 833 300 4740 6840 6840
15590 CONNECTION 489 179 300 5460 7560 7560
15591 CONNECTION 489 898 300 6180 8280 8280
15592 CONNECTION 489 936 300 6180 8280 8280
15593 CONNECTION 489 690 300 5700 7800 7800
15594 SINK 489 7 -1 -1 0 0
15595 CONNECTION 1119 1007 -1 -1 3900 3900
15596 CONNECTION 1119 1120 -1 -1 3900 3900
15597 CONNECTION 1119 15 -1 -1 4920 4920
15598 CONNECTION 1119 1128 -1 -1 4920 4920
15599 CONNECTION 1119 87 -1 -1 5700 5700
15600 CONNECTION 1119 276 300 5400 7500 7500
15601 CONNECTION 1119 449 300 6420 8520 8520
15602 CONNECTION 1119 518 300 7200 9300 9300
15603 CONNECTION 1127 1007 -1 -1 3900 3900
15604 CONNECTION 1127 1120 -1 -1 3900 3900
15605 CONNECTION 1127 15 -1 -1 4920 4920
15606 CONNECTION 1127 1128 -1 -1 4920 4920
15607 CONNECTION 1127 87 -1 -1 5700 5700
15608 CONNECTION 1127 276 300 5400 7500 7500
15609 CONNECTION 1127 449 300 6420 8520 8520
15610 CONNECTION 1127 518 300 7200 9300 9300
15611 CONNECTION 767 768 -1 -1 1560 1560
15612 CONNECTION 767 919 -1 -1 2160 2160
15613 CONNECTION 767 543 -1 -1 2880 2880
15614 CONNECTION 767 616 -1 -1 2880 2880
15615 CONNECTION 767 631 -1 -1 4500 4500
15616 CONNECTION 767 275 -1 -1 2400 2400
15617 CONNECTION 767 850 -1 -1 5100 5100
15618 CONNECTION 767 1114 -1 -1 5100 5100
15619 CONNECTION 767 652 -1 -1 3240 3240
15620 CONNECTION 767 1139 -1 -1 3960 3960
15621 CONNECTION 767 727 -1 -1 4680 4680
15622 CONNECTION 767 986 -1 -1 6060 6060
15623 CONNECTION 767 517 300 2100 4200 4200
15624 CONNECTION 767 704 300 2700 4800 4800
15625 CONNECTION 767 1134 300 3060 5160 5160
15626 CONNECTION 767 833 300 2940 5040 5040
15627 CONNECTION 767 179 300 3660 5760 5760
15628 CONNECTION 767 898 300 4380 6480 6480
15629 CONNECTION 767 936 300 4380 6480 6480
15630 CONNECTION 767 690 300 3900 6000 6000
15631 CONNECTION 767 973 300 4740 6840 6840
15632 CONNECTION 767 427 300 5460 7560 7560
15633 CONNECTION 767 1047 300 6180 8280 8280
15634 CONNECTION 767 875 300 5700 7800 7800
15635 SINK 767 7 -1 -1 0 0
15636 CONNECTION 337 338 -1 -1 1860 1860
15637 CONNECTION 337 447 -1 -1 2280 2280
15638 CONNECTION 337 560 -1 -1 2880 2880
15639 CONNECTION 337 515 -1 -1 3060 3060
15640 CONNECTION 337 579 -1 -1 4500 4500
15641 CONNECTION 337 603 -1 -1 3660 3660
15642 CONNECTION 337 950 -1 -1 4140 4140
15643 CONNECTION 337 133 -1 -1 4680 4680
15644 CONNECTION 337 153 300 4200 6300 6300
15645 CONNECTION 337 688 300 2760 4860 4860
15646 CONNECTION 337 745 300 3360 5460 5460
15647 CONNECTION 337 792 300 3360 5460 5460
15648 CONNECTION 337 61 300 3360 5460 5460
15649 CONNECTION 337 811 300 3780 5880 5880
15650 CONNECTION 337 359 300 4380 6480 6480
15651 CONNECTION 337 873 300 4560 6660 6660
15652 CONNECTION 337 921 300 5160 7260 7260
15653 CONNECTION 337 212 300 5640 7740 7740
15654 CONNECTION 337 562 300 6180 8280 8280
15655 CONNECTION 337 1009 300 6360 8460 8460
15656 CONNECTION 337 1122 300 6360 8460 8460
15657 CONNECTION 423 424 -1 -1 1860 1860
15658 CONNECTION 423 447 -1 -1 2280 2280
15659 CONNECTION 423 560 -1 -1 2880 2880
15660 CONNECTION 423 515 -1 -1 3060 3060
15661 CONNECTION 423 579 -1 -1 4500 4500
15662 CONNECTION 423 603 -1 -1 3660 3660
15663 CONNECTION 423 950 -1 -1 4140 4140
15664 CONNECTION 423 133 -1 -1 4680 4680
15665 CONNECTION 423 153 300 4200 6300 6300
15666 CONNECTION 423 688 300 2760 4860 4860
15667 CONNECTION 423 745 300 3360 5460 5460
15668 CONNECTION 423 792 300 3360 5460 5460
15669 CONNECTION 423 61 300 3360 5460 5460
15670 CONNECTION 423 811 300 3780 5880 5880
15671 CONNECTION 423 359 300 4380 6480 6480
15672 CONNECTION 423 873 300 4560 6660 6660
15673 CONNECTION 423 921 300 5160 7260 7260
15674 CONNECTION 423 212 300 5640 7740 7740
15675 CONNECTION 423 562 300 6180 8280 8280
15676 CONNECTION 423 1009 300 6360 8460 8460
15677 CONNECTION 423 1122 300 6360 8460 8460
15678 CONNECTION 686 687 -1 -1 1860 1860
15679 CONNECTION 686 339 -1 -1 3300 3300
15680 CONNECTION 686 425 -1 -1 3300 3300
15681 CONNECTION 686 810 -1 -1 2880 2880
15682 CONNECTION 686 379 -1 -1 3660 3660
15683 CONNECTION 686 872 -1 -1 3660 3660
15684 CONNECTION 686 604 -1 -1 5100 5100
15685 CONNECTION 686 580 300 3360 5460 5460
15686 CONNECTION 686 1008 300 3360 5460 5460
15687 CONNECTION 686 1121 300 3360 5460 5460
15688 CONNECTION 686 746 300 4800 6900 6900
15689 CONNECTION 686 793 300 4800 6900 6900
15690 CONNECTION 686 16 300 4380 6480 6480
15691 CONNECTION 686 1129 300 4380 6480 6480
15692 CONNECTION 686 88 300 5160 7260 7260
15693 CONNECTION 686 154 300 5160 7260 7260
15694 CONNECTION 686 922 300 6600 8700 8700
15695 CONNECTION 601 602 -1 -1 1620 1620
15696 CONNECTION 601 274 -1 -1 2640 2640
15697 CONNECTION 601 849 -1 -1 3240 3240
15698 CONNECTION 601 1113 -1 -1 3240 3240
15699 CONNECTION 601 744 -1 -1 3420 3420
15700 CONNECTION 601 791 -1 -1 3420 3420
15701 CONNECTION 601 448 -1 -1 3540 3540
15702 CONNECTION 601 516 -1 -1 4440 4440
15703 CONNECTION 601 769 300 2520 4620 4620
15704 CONNECTION 601 920 300 3120 5220 5220
15705 CONNECTION 601 689 300 4140 6240 6240
15706 CONNECTION 601 62 300 4740 6840 6840
15707 CONNECTION 601 1140 300 4920 7020 7020
15708 CONNECTION 601 1148 300 4920 7020 7020
15709 CONNECTION 601 812 300 5040 7140 7140
15710 CONNECTION 601 874 300 5940 8040 8040
15711 CONNECTION 601 1135 300 6120 8220 8220
15712 CONNECTION 629 630 -1 -1 2100 2100
15713 CONNECTION 629 651 -1 -1 3120 3120
15714 CONNECTION 629 318 -1 -1 4200 4200
15715 CONNECTION 629 832 -1 -1 4920 4920
15716 CONNECTION 629 951 300 3600 5700 5700
15717 CONNECTION 629 1147 300 2940 5040 5040
15718 CONNECTION 629 617 300 3780 5880 5880
15719 CONNECTION 629 972 300 4620 6720 6720
15720 CONNECTION 629 42 300 6420 8520 8520
15721 CONNECTION 14 113 -1 -1 2820 2820
15722 CONNECTION 14 194 -1 -1 2700 2700
15723 CONNECTION 14 651 -1 -1 3540 3540
15724 CONNECTION 14 318 -1 -1 4620 4620
15725 CONNECTION 14 832 300 3240 5340 5340
15726 CONNECTION 14 951 300 4020 6120 6120
15727 CONNECTION 14 1147 300 3360 5460 5460
15728 CONNECTION 14 617 300 4200 6300 6300
15729 CONNECTION 14 972 300 5040 7140 7140
15730 CONNECTION 14 42 300 6840 8940 8940
15731 CONNECTION 1107 113 -1 -1 2820 2820
15732 CONNECTION 1107 194 -1 -1 2700 2700
15733 CONNECTION 1107 651 -1 -1 3540 3540
15734 CONNECTION 1107 318 -1 -1 4620 4620
15735 CONNECTION 1107 832 300 3240 5340 5340
15736 CONNECTION 1107 951 300 4020 6120 6120
15737 CONNECTION 1107 1147 300 3360 5460 5460
15738 CONNECTION 1107 617 300 4200 6300 6300
15739 CONNECTION 1107 972 300 5040 7140 7140
15740 CONNECTION 1107 42 300 6840 8940 8940
15741 CONNECTION 112 113 -1 -1 2040 2040
15742 CONNECTION 112 651 -1 -1 2760 2760
15743 CONNECTION 112 318 -1 -1 3840 3840
15744 CONNECTION 112 832 -1 -1 4560 4560
15745 CONNECTION 112 951 300 3240 5340 5340
15746 CONNECTION 112 1147 300 2580 4680 4680
15747 CONNECTION 112 617 300 3420 5520 5520
15748 CONNECTION 112 972 300 4260 6360 6360
15749 CONNECTION 112 42 300 6060 8160 8160
15750 CONNECTION 112 213 300 6840 8940 8940
15751 CONNECTION 112 340 300 6180 8280 8280
15752 CONNECTION 193 194 -1 -1 1920 1920
15753 CONNECTION 193 651 -1 -1 2760 2760
15754 CONNECTION 193 318 -1 -1 3840 3840
15755 CONNECTION 193 832 -1 -1 4560 4560
15756 CONNECTION 193 951 300 3240 5340 5340
15757 CONNECTION 193 1147 300 2580 4680 4680
15758 CONNECTION 193 617 300 3420 5520 5520
15759 CONNECTION 193 972 300 4260 6360 6360
15760 CONNECTION 193 42 300 6060 8160 8160
15761 CONNECTION 193 213 300 6840 8940 8940
15762 CONNECTION 193 340 300 6180 8280 8280
15763 CONNECTION 446 447 -1 -1 1620 1620
15764 CONNECTION 446 515 -1 -1 2400 2400
15765 CONNECTION 446 579 -1 -1 3840 3840
15766 CONNECTION 446 603 -1 -1 3000 3000
15767 CONNECTION 446 950 -1 -1 3480 3480
15768 CONNECTION 446 133 -1 -1 4020 4020
15769 CONNECTION 446 153 -1 -1 5640 5640
15770 CONNECTION 446 688 -1 -1 4200 4200
15771 CONNECTION 446 745 300 2700 4800 4800
15772 CONNECTION 446 792 300 2700 4800 4800
15773 CONNECTION 446 61 300 2700 4800 4800
15774 CONNECTION 446 811 300 3120 5220 5220
15775 CONNECTION 446 359 300 3720 5820 5820
15776 CONNECTION 446 873 300 3900 6000 6000
15777 CONNECTION 446 921 300 4500 6600 6600
15778 CONNECTION 446 212 300 4980 7080 7080
15779 CONNECTION 446 562 300 5520 7620 7620
15780 CONNECTION 446 1009 300 5700 7800 7800
15781 CONNECTION 446 1122 300 5700 7800 7800
15782 CONNECTION 446 1141 300 6300 8400 8400
15783 CONNECTION 446 1149 300 6300 8400 8400
15784 CONNECTION 446 492 300 6300 8400 8400
15785 CONNECTION 830 895 -1 -1 1980 1980
15786 CONNECTION 830 1132 -1 -1 2100 2100
15787 CONNECTION 830 1044 -1 -1 3780 3780
15788 CONNECTION 830 114 300 3480 5580 5580
15789 CONNECTION 830 399 300 3600 5700 5700
15790 CONNECTION 830 319 300 5280 7380 7380
15791 CONNECTION 615 616 -1 -1 2100 2100
15792 CONNECTION 615 850 -1 -1 4320 4320
15793 CONNECTION 615 1114 -1 -1 4320 4320
15794 CONNECTION 615 652 -1 -1 2460 2460
15795 CONNECTION 615 1139 -1 -1 3180 3180
15796 CONNECTION 615 727 -1 -1 3900 3900
15797 CONNECTION 615 986 -1 -1 5280 5280
15798 CONNECTION 615 517 -1 -1 3420 3420
15799 CONNECTION 615 704 -1 -1 4020 4020
15800 CONNECTION 615 1134 -1 -1 4380 4380
15801 CONNECTION 615 833 300 2160 4260 4260
15802 CONNECTION 615 179 300 2880 4980 4980
15803 CONNECTION 615 898 300 3600 5700 5700
15804 CONNECTION 615 936 300 3600 5700 5700
15805 CONNECTION 615 690 300 3120 5220 5220
15806 CONNECTION 615 973 300 3960 6060 6060
15807 CONNECTION 615 427 300 4680 6780 6780
15808 CONNECTION 615 1047 300 5400 7500 7500
15809 CONNECTION 615 875 300 4920 7020 7020
15810 CONNECTION 615 401 300 5880 7980 7980
15811 SINK 615 7 -1 -1 0 0
15812 CONNECTION 211 666 -1 -1 4200 4200
15813 CONNECTION 211 1024 -1 -1 6300 6300
15814 CONNECTION 211 195 300 4980 7080 7080
15815 CONNECTION 211 295 300 7800 9900 9900
15816 CONNECTION 724 725 -1 -1 3000 3000
15817 CONNECTION 724 970 -1 -1 1620 1620
15818 CONNECTION 724 896 -1 -1 4800 4800
15819 CONNECTION 724 1133 -1 -1 5220 5220
15820 CONNECTION 724 40 -1 -1 3420 3420
15821 CONNECTION 724 1023 -1 -1 5340 5340
15822 CONNECTION 724 491 300 1980 4080 4080
15823 CONNECTION 724 1045 300 4500 6600 6600
15824 CONNECTION 724 235 300 3120 5220 5220
15825 CONNECTION 724 115 300 6300 8400 8400
15826 CONNECTION 724 400 300 6720 8820 8820
15827 CONNECTION 724 294 300 6840 8940 8940
15828 CONNECTION 702 703 -1 -1 3480 3480
15829 CONNECTION 702 935 -1 -1 4260 4260
15830 CONNECTION 702 666 -1 -1 4980 4980
15831 CONNECTION 702 1024 300 4980 7080 7080
15832 CONNECTION 702 195 300 5760 7860 7860
15833 CONNECTION 1043 971 -1 -1 4020 4020
15834 CONNECTION 1043 561 -1 -1 5280 5280
15835 CONNECTION 1043 41 300 3720 5820 5820
15836 CONNECTION 1043 134 300 4980 7080 7080
15837 CONNECTION 1043 236 300 5520 7620 7620
15838 CONNECTION 1043 360 300 6780 8880 8880
15839 CONNECTION 357 339 -1 -1 3600 3600
15840 CONNECTION 357 425 -1 -1 3600 3600
15841 CONNECTION 357 810 -1 -1 3180 3180
15842 CONNECTION 357 379 -1 -1 3960 3960
15843 CONNECTION 357 872 -1 -1 3960 3960
15844 CONNECTION 357 604 -1 -1 5400 5400
15845 CONNECTION 357 580 300 3660 5760 5760
15846 CONNECTION 357 1008 300 3660 5760 5760
15847 CONNECTION 357 1121 300 3660 5760 5760
15848 CONNECTION 357 746 300 5100 7200 7200
15849 CONNECTION 357 793 300 5100 7200 7200
15850 CONNECTION 357 16 300 4680 6780 6780
15851 CONNECTION 357 1129 300 4680 6780 6780
15852 CONNECTION 357 88 300 5460 7560 7560
15853 CONNECTION 357 154 300 5460 7560 7560
15854 CONNECTION 357 922 300 6900 9000 9000
15855 CONNECTION 789 790 -1 -1 1560 1560
15856 CONNECTION 789 86 -1 -1 1800 1800
15857 CONNECTION 789 293 -1 -1 2400 2400
15858 CONNECTION 789 768 -1 -1 2760 2760
15859 CONNECTION 789 472 -1 -1 2640 2640
15860 CONNECTION 789 919 -1 -1 3360 3360
15861 CONNECTION 789 543 -1 -1 4080 4080
15862 CONNECTION 789 616 -1 -1 4080 4080
15863 CONNECTION 789 631 -1 -1 5700 5700
15864 CONNECTION 789 275 -1 -1 3600 3600
15865 CONNECTION 789 850 300 4200 6300 6300
15866 CONNECTION 789 1114 300 4200 6300 6300
15867 CONNECTION 789 652 300 2340 4440 4440
15868 CONNECTION 789 1139 300 3060 5160 5160
15869 CONNECTION 789 727 300 3780 5880 5880
15870 CONNECTION 789 986 300 5160 7260 7260
15871 CONNECTION 789 517 300 3300 5400 5400
15872 CONNECTION 789 704 300 3900 6000 6000
15873 CONNECTION 789 1134 300 4260 6360 6360
15874 CONNECTION 789 833 300 4140 6240 6240
15875 CONNECTION 789 179 300 4860 6960 6960
15876 CONNECTION 789 898 300 5580 7680 7680
15877 CONNECTION 789 936 300 5580 7680 7680
15878 CONNECTION 789 690 300 5100 7200 7200
15879 CONNECTION 789 973 300 5940 8040 8040
15880 SINK 789 7 -1 -1 0 0
15881 CONNECTION 1006 918 -1 -1 1800 1800
15882 CONNECTION 1006 542 -1 -1 1980 1980
15883 CONNECTION 1006 234 -1 -1 3840 3840
15884 CONNECTION 1006 1138 -1 -1 3600 3600
15885 CONNECTION 1006 726 -1 -1 3780 3780
15886 CONNECTION 1006 985 -1 -1 3780 3780
15887 CONNECTION 1006 473 -1 -1 5640 5640
15888 CONNECTION 1006 178 300 3300 5400 5400
15889 CONNECTION 1006 897 300 3480 5580 5580
15890 CONNECTION 1006 426 300 5100 7200 7200
15891 CONNECTION 1006 251 300 5280 7380 7380
15892 CONNECTION 1006 1046 300 5280 7380 7380
15893 CONNECTION 1099 918 -1 -1 1800 1800
15894 CONNECTION 1099 542 -1 -1 1980 1980
15895 CONNECTION 1099 234 -1 -1 3840 3840
15896 CONNECTION 1099 1138 -1 -1 3600 3600
15897 CONNECTION 1099 726 -1 -1 3780 3780
15898 CONNECTION 1099 985 -1 -1 3780 3780
15899 CONNECTION 1099 473 -1 -1 5640 5640
15900 CONNECTION 1099 178 300 3300 5400 5400
15901 CONNECTION 1099 897 300 3480 5580 5580
15902 CONNECTION 1099 426 300 5100 7200 7200
15903 CONNECTION 1099 251 300 5280 7380 7380
15904 CONNECTION 1099 1046 300 5280 7380 7380
15905 CONNECTION 316 317 -1 -1 2100 2100
15906 CONNECTION 316 293 -1 -1 2220 2220
15907 CONNECTION 316 768 -1 -1 2580 2580
15908 CONNECTION 316 472 -1 -1 2460 2460
15909 CONNECTION 316 919 -1 -1 3180 3180
15910 CONNECTION 316 543 -1 -1 3900 3900
15911 CONNECTION 316 616 -1 -1 3900 3900
15912 CONNECTION 316 631 -1 -1 5520 5520
15913 CONNECTION 316 275 -1 -1 3420 3420
15914 CONNECTION 316 850 -1 -1 6120 6120
15915 CONNECTION 316 1114 -1 -1 6120 6120
15916 CONNECTION 316 652 300 2160 4260 4260
15917 CONNECTION 316 1139 300 2880 4980 4980
15918 CONNECTION 316 727 300 3600 5700 5700
15919 CONNECTION 316 986 300 4980 7080 7080
15920 CONNECTION 316 517 300 3120 5220 5220
15921 CONNECTION 316 704 300 3720 5820 5820
15922 CONNECTION 316 1134 300 4080 6180 6180
15923 CONNECTION 316 833 300 3960 6060 6060
15924 CONNECTION 316 179 300 4680 6780 6780
15925 CONNECTION 316 898 300 5400 7500 7500
15926 CONNECTION 316 936 300 5400 7500 7500
15927 CONNECTION 316 690 300 4920 7020 7020
15928 CONNECTION 316 973 300 5760 7860 7860
15929 CONNECTION 316 427 300 6480 8580 8580
15930 SINK 316 7 -1 -1 0 0
15931 CONNECTION 664 665 -1 -1 3480 3480
15932 CONNECTION 664 293 -1 -1 2220 2220
15933 CONNECTION 664 768 -1 -1 2580 2580
15934 CONNECTION 664 472 -1 -1 2460 2460
15935 CONNECTION 664 919 -1 -1 3180 3180
15936 CONNECTION 664 543 -1 -1 3900 3900
15937 CONNECTION 664 616 -1 -1 3900 3900
15938 CONNECTION 664 631 -1 -1 5520 5520
15939 CONNECTION 664 275 -1 -1 3420 3420
15940 CONNECTION 664 850 -1 -1 6120 6120
15941 CONNECTION 664 1114 -1 -1 6120 6120
15942 CONNECTION 664 652 300 2160 4260 4260
15943 CONNECTION 664 1139 300 2880 4980 4980
15944 CONNECTION 664 727 300 3600 5700 5700
15945 CONNECTION 664 986 300 4980 7080 7080
15946 CONNECTION 664 517 300 3120 5220 5220
15947 CONNECTION 664 704 300 3720 5820 5820
15948 CONNECTION 664 1134 300 4080 6180 6180
15949 CONNECTION 664 833 300 3960 6060 6060
15950 CONNECTION 664 179 300 4680 6780 6780
15951 CONNECTION 664 898 300 5400 7500 7500
15952 CONNECTION 664 936 300 5400 7500 7500
15953 CONNECTION 664 690 300 4920 7020 7020
15954 CONNECTION 664 973 300 5760 7860 7860
15955 CONNECTION 664 427 300 6480 8580 8580
15956 SINK 664 7 -1 -1 0 0
15957 CONNECTION 39 40 -1 -1 960 960
15958 CONNECTION 39 491 -1 -1 1620 1620
15959 CONNECTION 39 1045 -1 -1 4140 4140
15960 CONNECTION 39 235 -1 -1 2760 2760
15961 CONNECTION 39 115 300 3840 5940 5940
15962 CONNECTION 39 400 300 4260 6360 6360
15963 CONNECTION 39 294 300 4380 6480 6480
15964 CONNECTION 39 320 300 5640 7740 7740
15965 CONNECTION 85 86 -1 -1 1200 1200
15966 CONNECTION 85 293 -1 -1 1800 1800
15967 CONNECTION 85 768 -1 -1 2160 2160
15968 CONNECTION 85 472 -1 -1 2040 2040
15969 CONNECTION 85 919 -1 -1 2760 2760
15970 CONNECTION 85 543 -1 -1 3480 3480
15971 CONNECTION 85 616 -1 -1 3480 3480
15972 CONNECTION 85 631 -1 -1 5100 5100
15973 CONNECTION 85 275 -1 -1 3000 3000
15974 CONNECTION 85 850 -1 -1 5700 5700
15975 CONNECTION 85 1114 -1 -1 5700 5700
15976 CONNECTION 85 652 -1 -1 3840 3840
15977 CONNECTION 85 1139 300 2460 4560 4560
15978 CONNECTION 85 727 300 3180 5280 5280
15979 CONNECTION 85 986 300 4560 6660 6660
15980 CONNECTION 85 517 300 2700 4800 4800
15981 CONNECTION 85 704 300 3300 5400 5400
15982 CONNECTION 85 1134 300 3660 5760 5760
15983 CONNECTION 85 833 300 3540 5640 5640
15984 CONNECTION 85 179 300 4260 6360 6360
15985 CONNECTION 85 898 300 4980 7080 7080
15986 CONNECTION 85 936 300 4980 7080 7080
15987 CONNECTION 85 690 300 4500 6600 6600
15988 CONNECTION 85 973 300 5340 7440 7440
15989 CONNECTION 85 427 300 6060 8160 8160
15990 CONNECTION 85 1047 300 6780 8880 8880
15991 SINK 85 7 -1 -1 0 0
15992 CONNECTION 60 1132 -1 -1 1440 1440
15993 CONNECTION 60 1044 -1 -1 3120 3120
15994 CONNECTION 60 114 300 2820 4920 4920
15995 CONNECTION 60 399 300 2940 5040 5040
15996 CONNECTION 60 319 300 4620 6720 6720
15997 CONNECTION 650 651 -1 -1 2100 2100
15998 CONNECTION 650 318 -1 -1 3180 3180
15999 CONNECTION 650 832 -1 -1 3900 3900
16000 CONNECTION 650 951 -1 -1 4680 4680
16001 CONNECTION 650 1147 -1 -1 4020 4020
16002 CONNECTION 650 617 300 2760 4860 4860
16003 CONNECTION 650 972 300 3600 5700 5700
16004 CONNECTION 650 42 300 5400 7500 7500
16005 CONNECTION 650 213 300 6180 8280 8280
16006 CONNECTION 650 340 300 5520 7620 7620
16007 CONNECTION 650 937 300 6360 8460 8460
16008 CONNECTION 398 603 -1 -1 2460 2460
16009 CONNECTION 398 950 -1 -1 2940 2940
16010 CONNECTION 398 133 -1 -1 3480 3480
16011 CONNECTION 398 153 -1 -1 5100 5100
16012 CONNECTION 398 688 -1 -1 3660 3660
16013 CONNECTION 398 745 -1 -1 4260 4260
16014 CONNECTION 398 792 -1 -1 4260 4260
16015 CONNECTION 398 61 -1 -1 4260 4260
16016 CONNECTION 398 811 300 2580 4680 4680
16017 CONNECTION 398 359 300 3180 5280 5280
16018 CONNECTION 398 873 300 3360 5460 5460
16019 CONNECTION 398 921 300 3960 6060 6060
16020 CONNECTION 398 212 300 4440 6540 6540
16021 CONNECTION 398 562 300 4980 7080 7080
16022 CONNECTION 398 1009 300 5160 7260 7260
16023 CONNECTION 398 1122 300 5160 7260 7260
16024 CONNECTION 398 1141 300 5760 7860 7860
16025 CONNECTION 398 1149 300 5760 7860 7860
16026 CONNECTION 398 492 300 5760 7860 7860
16027 CONNECTION 398 17 300 6180 8280 8280
16028 CONNECTION 398 1130 300 6180 8280 8280
16029 CONNECTION 398 135 300 6780 8880 8880
16030 CONNECTION 514 515 -1 -1 1620 1620
16031 CONNECTION 514 950 -1 -1 2700 2700
16032 CONNECTION 514 133 -1 -1 3240 3240
16033 CONNECTION 514 153 -1 -1 4860 4860
16034 CONNECTION 514 688 -1 -1 3420 3420
16035 CONNECTION 514 745 -1 -1 4020 4020
16036 CONNECTION 514 792 -1 -1 4020 4020
16037 CONNECTION 514 61 -1 -1 4020 4020
16038 CONNECTION 514 811 -1 -1 4440 4440
16039 CONNECTION 514 359 300 2940 5040 5040
16040 CONNECTION 514 873 300 3120 5220 5220
16041 CONNECTION 514 921 300 3720 5820 5820
16042 CONNECTION 514 212 300 4200 6300 6300
16043 CONNECTION 514 562 300 4740 6840 6840
16044 CONNECTION 514 1009 300 4920 7020 7020
16045 CONNECTION 514 1122 300 4920 7020 7020
16046 CONNECTION 514 1141 300 5520 7620 7620
16047 CONNECTION 514 1149 300 5520 7620 7620
16048 CONNECTION 514 492 300 5520 7620 7620
16049 CONNECTION 514 17 300 5940 8040 8040
16050 CONNECTION 514 1130 300 5940 8040 8040
16051 CONNECTION 514 135 300 6540 8640 8640
16052 CONNECTION 578 579 -1 -1 3060 3060
16053 CONNECTION 578 950 -1 -1 2700 2700
16054 CONNECTION 578 133 -1 -1 3240 3240
16055 CONNECTION 578 153 -1 -1 4860 4860
16056 CONNECTION 578 688 -1 -1 3420 3420
16057 CONNECTION 578 745 -1 -1 4020 4020
16058 CONNECTION 578 792 -1 -1 4020 4020
16059 CONNECTION 578 61 -1 -1 4020 4020
16060 CONNECTION 578 811 -1 -1 4440 4440
16061 CONNECTION 578 359 300 2940 5040 5040
16062 CONNECTION 578 873 300 3120 5220 5220
16063 CONNECTION 578 921 300 3720 5820 5820
16064 CONNECTION 578 212 300 4200 6300 6300
16065 CONNECTION 578 562 300 4740 6840 6840
16066 CONNECTION 578 1009 300 4920 7020 7020
16067 CONNECTION 578 1122 300 4920 7020 7020
16068 CONNECTION 578 1141 300 5520 7620 7620
16069 CONNECTION 578 1149 300 5520 7620 7620
16070 CONNECTION 578 492 300 5520 7620 7620
16071 CONNECTION 578 17 300 5940 8040 8040
16072 CONNECTION 578 1130 300 5940 8040 8040
16073 CONNECTION 578 135 300 6540 8640 8640
16074 CONNECTION 809 810 -1 -1 1860 1860
16075 CONNECTION 809 379 -1 -1 2640 2640
16076 CONNECTION 809 872 -1 -1 2640 2640
16077 CONNECTION 809 604 -1 -1 4080 4080
16078 CONNECTION 809 580 -1 -1 4440 4440
16079 CONNECTION 809 1008 -1 -1 4440 4440
16080 CONNECTION 809 1121 -1 -1 4440 4440
16081 CONNECTION 809 746 300 3780 5880 5880
16082 CONNECTION 809 793 300 3780 5880 5880
16083 CONNECTION 809 16 300 3360 5460 5460
16084 CONNECTION 809 1129 300 3360 5460 5460
16085 CONNECTION 809 88 300 4140 6240 6240
16086 CONNECTION 809 154 300 4140 6240 6240
16087 CONNECTION 809 922 300 5580 7680 7680
16088 CONNECTION 809 277 300 5940 8040 8040
16089 CONNECTION 809 1142 300 7380 9480 9480
16090 CONNECTION 809 1150 300 7380 9480 9480
16091 CONNECTION 273 274 -1 -1 1560 1560
16092 CONNECTION 273 849 -1 -1 2160 2160
16093 CONNECTION 273 1113 -1 -1 2160 2160
16094 CONNECTION 273 744 -1 -1 2340 2340
16095 CONNECTION 273 791 -1 -1 2340 2340
16096 CONNECTION 273 448 -1 -1 2460 2460
16097 CONNECTION 273 516 -1 -1 3360 3360
16098 CONNECTION 273 769 -1 -1 3540 3540
16099 CONNECTION 273 920 -1 -1 4140 4140
16100 CONNECTION 273 689 300 3060 5160 5160
16101 CONNECTION 273 62 300 3660 5760 5760
16102 CONNECTION 273 1140 300 3840 5940 5940
16103 CONNECTION 273 1148 300 3840 5940 5940
16104 CONNECTION 273 812 300 3960 6060 6060
16105 CONNECTION 273 874 300 4860 6960 6960
16106 CONNECTION 273 1135 300 5040 7140 7140
16107 CONNECTION 273 180 300 5640 7740 7740
16108 CONNECTION 378 561 -1 -1 3720 3720
16109 CONNECTION 378 41 -1 -1 4260 4260
16110 CONNECTION 378 134 -1 -1 5520 5520
16111 CONNECTION 378 236 300 3960 6060 6060
16112 CONNECTION 378 360 300 5220 7320 7320
16113 CONNECTION 132 133 -1 -1 1860 1860
16114 CONNECTION 132 745 -1 -1 2640 2640
16115 CONNECTION 132 792 -1 -1 2640 2640
16116 CONNECTION 132 61 -1 -1 2640 2640
16117 CONNECTION 132 811 -1 -1 3060 3060
16118 CONNECTION 132 359 -1 -1 3660 3660
16119 CONNECTION 132 873 -1 -1 3840 3840
16120 CONNECTION 132 921 -1 -1 4440 4440
16121 CONNECTION 132 212 300 2820 4920 4920
16122 CONNECTION 132 562 300 3360 5460 5460
16123 CONNECTION 132 1009 300 3540 5640 5640
16124 CONNECTION 132 1122 300 3540 5640 5640
16125 CONNECTION 132 1141 300 4140 6240 6240
16126 CONNECTION 132 1149 300 4140 6240 6240
16127 CONNECTION 132 492 300 4140 6240 6240
16128 CONNECTION 132 17 300 4560 6660 6660
16129 CONNECTION 132 1130 300 4560 6660 6660
16130 CONNECTION 132 135 300 5160 7260 7260
16131 CONNECTION 132 89 300 5340 7440 7440
16132 CONNECTION 132 181 300 5940 8040 8040
16133 CONNECTION 471 472 -1 -1 1200 1200
16134 CONNECTION 471 543 -1 -1 2640 2640
16135 CONNECTION 471 616 -1 -1 2640 2640
16136 CONNECTION 471 631 -1 -1 4260 4260
16137 CONNECTION 471 275 -1 -1 2160 2160
16138 CONNECTION 471 850 -1 -1 4860 4860
16139 CONNECTION 471 1114 -1 -1 4860 4860
16140 CONNECTION 471 652 -1 -1 3000 3000
16141 CONNECTION 471 1139 -1 -1 3720 3720
16142 CONNECTION 471 727 -1 -1 4440 4440
16143 CONNECTION 471 986 -1 -1 5820 5820
16144 CONNECTION 471 517 -1 -1 3960 3960
16145 CONNECTION 471 704 300 2460 4560 4560
16146 CONNECTION 471 1134 300 2820 4920 4920
16147 CONNECTION 471 833 300 2700 4800 4800
16148 CONNECTION 471 179 300 3420 5520 5520
16149 CONNECTION 471 898 300 4140 6240 6240
16150 CONNECTION 471 936 300 4140 6240 6240
16151 CONNECTION 471 690 300 3660 5760 5760
16152 CONNECTION 471 973 300 4500 6600 6600
16153 CONNECTION 471 427 300 5220 7320 7320
16154 CONNECTION 471 1047 300 5940 8040 8040
16155 CONNECTION 471 875 300 5460 7560 7560
16156 CONNECTION 471 401 300 6420 8520 8520
16157 SINK 471 7 -1 -1 0 0
16158 CONNECTION 490 491 -1 -1 960 960
16159 CONNECTION 490 1045 -1 -1 3480 3480
16160 CONNECTION 490 235 -1 -1 2100 2100
16161 CONNECTION 490 115 -1 -1 5280 5280
16162 CONNECTION 490 400 -1 -1 5700 5700
16163 CONNECTION 490 294 300 3720 5820 5820
16164 CONNECTION 490 320 300 4980 7080 7080
16165 CONNECTION 338 339 -1 -1 2820 2820
16166 CONNECTION 338 810 -1 -1 2400 2400
16167 CONNECTION 338 379 -1 -1 3180 3180
16168 CONNECTION 338 872 -1 -1 3180 3180
16169 CONNECTION 338 604 -1 -1 4620 4620
16170 CONNECTION 338 580 300 2880 4980 4980
16171 CONNECTION 338 1008 300 2880 4980 4980
16172 CONNECTION 338 1121 300 2880 4980 4980
16173 CONNECTION 338 746 300 4320 6420 6420
16174 CONNECTION 338 793 300 4320 6420 6420
16175 CONNECTION 338 16 300 3900 6000 6000
16176 CONNECTION 338 1129 300 3900 6000 6000
16177 CONNECTION 338 88 300 4680 6780 6780
16178 CONNECTION 338 154 300 4680 6780 6780
16179 CONNECTION 338 922 300 6120 8220 8220
16180 CONNECTION 338 277 300 6480 8580 8580
16181 CONNECTION 424 425 -1 -1 2820 2820
16182 CONNECTION 424 810 -1 -1 2400 2400
16183 CONNECTION 424 379 -1 -1 3180 3180
16184 CONNECTION 424 872 -1 -1 3180 3180
16185 CONNECTION 424 604 -1 -1 4620 4620
16186 CONNECTION 424 580 300 2880 4980 4980
16187 CONNECTION 424 1008 300 2880 4980 4980
16188 CONNECTION 424 1121 300 2880 4980 4980
16189 CONNECTION 424 746 300 4320 6420 6420
16190 CONNECTION 424 793 300 4320 6420 6420
16191 CONNECTION 424 16 300 3900 6000 6000
16192 CONNECTION 424 1129 300 3900 6000 6000
16193 CONNECTION 424 88 300 4680 6780 6780
16194 CONNECTION 424 154 300 4680 6780 6780
16195 CONNECTION 424 922 300 6120 8220 8220
16196 CONNECTION 424 277 300 6480 8580 8580
16197 CONNECTION 725 726 -1 -1 1200 1200
16198 CONNECTION 725 178 -1 -1 2820 2820
16199 CONNECTION 725 897 -1 -1 3000 3000
16200 CONNECTION 725 426 300 2520 4620 4620
16201 CONNECTION 725 251 300 2700 4800 4800
16202 CONNECTION 725 1046 300 2700 4800 4800
16203 CONNECTION 725 116 300 4500 6600 6600
16204 CONNECTION 177 87 -1 -1 3900 3900
16205 CONNECTION 177 276 -1 -1 5700 5700
16206 CONNECTION 177 449 300 4620 6720 6720
16207 CONNECTION 177 518 300 5400 7500 7500
16208 CONNECTION 233 234 -1 -1 3000 3000
16209 CONNECTION 233 1138 -1 -1 2760 2760
16210 CONNECTION 233 726 -1 -1 2940 2940
16211 CONNECTION 233 985 -1 -1 2940 2940
16212 CONNECTION 233 473 -1 -1 4800 4800
16213 CONNECTION 233 178 300 2460 4560 4560
16214 CONNECTION 233 897 300 2640 4740 4740
16215 CONNECTION 233 426 300 4260 6360 6360
16216 CONNECTION 233 251 300 4440 6540 6540
16217 CONNECTION 233 1046 300 4440 6540 6540
16218 CONNECTION 602 603 -1 -1 1860 1860
16219 CONNECTION 602 133 -1 -1 2880 2880
16220 CONNECTION 602 153 -1 -1 4500 4500
16221 CONNECTION 602 688 -1 -1 3060 3060
16222 CONNECTION 602 745 -1 -1 3660 3660
16223 CONNECTION 602 792 -1 -1 3660 3660
16224 CONNECTION 602 61 -1 -1 3660 3660
16225 CONNECTION 602 811 -1 -1 4080 4080
16226 CONNECTION 602 359 -1 -1 4680 4680
16227 CONNECTION 602 873 300 2760 4860 4860
16228 CONNECTION 602 921 300 3360 5460 5460
16229 CONNECTION 602 212 300 3840 5940 5940
16230 CONNECTION 602 562 300 4380 6480 6480
16231 CONNECTION 602 1009 300 4560 6660 6660
16232 CONNECTION 602 1122 300 4560 6660 6660
16233 CONNECTION 602 1141 300 5160 7260 7260
16234 CONNECTION 602 1149 300 5160 7260 7260
16235 CONNECTION 602 492 300 5160 7260 7260
16236 CONNECTION 602 17 300 5580 7680 7680
16237 CONNECTION 602 1130 300 5580 7680 7680
16238 CONNECTION 602 135 300 6180 8280 8280
16239 CONNECTION 602 89 300 6360 8460 8460
16240 CONNECTION 848 849 -1 -1 1560 1560
16241 CONNECTION 848 516 -1 -1 2760 2760
16242 CONNECTION 848 769 -1 -1 2940 2940
16243 CONNECTION 848 920 -1 -1 3540 3540
16244 CONNECTION 848 689 300 2460 4560 4560
16245 CONNECTION 848 62 300 3060 5160 5160
16246 CONNECTION 848 1140 300 3240 5340 5340
16247 CONNECTION 848 1148 300 3240 5340 5340
16248 CONNECTION 848 812 300 3360 5460 5460
16249 CONNECTION 848 874 300 4260 6360 6360
16250 CONNECTION 848 1135 300 4440 6540 6540
16251 CONNECTION 848 180 300 5040 7140 7140
16252 CONNECTION 848 1010 300 6060 8160 8160
16253 CONNECTION 848 1123 300 6060 8160 8160
16254 CONNECTION 1112 1113 -1 -1 1560 1560
16255 CONNECTION 1112 516 -1 -1 2760 2760
16256 CONNECTION 1112 769 -1 -1 2940 2940
16257 CONNECTION 1112 920 -1 -1 3540 3540
16258 CONNECTION 1112 689 300 2460 4560 4560
16259 CONNECTION 1112 62 300 3060 5160 5160
16260 CONNECTION 1112 1140 300 3240 5340 5340
16261 CONNECTION 1112 1148 300 3240 5340 5340
16262 CONNECTION 1112 812 300 3360 5460 5460
16263 CONNECTION 1112 874 300 4260 6360 6360
16264 CONNECTION 1112 1135 300 4440 6540 6540
16265 CONNECTION 1112 180 300 5040 7140 7140
16266 CONNECTION 1112 1010 300 6060 8160 8160
16267 CONNECTION 1112 1123 300 6060 8160 8160
16268 CONNECTION 871 872 -1 -1 1860 1860
16269 CONNECTION 871 604 -1 -1 3300 3300
16270 CONNECTION 871 580 -1 -1 3660 3660
16271 CONNECTION 871 1008 -1 -1 3660 3660
16272 CONNECTION 871 1121 -1 -1 3660 3660
16273 CONNECTION 871 746 -1 -1 5100 5100
16274 CONNECTION 871 793 -1 -1 5100 5100
16275 CONNECTION 871 16 -1 -1 4680 4680
16276 CONNECTION 871 1129 -1 -1 4680 4680
16277 CONNECTION 871 88 300 3360 5460 5460
16278 CONNECTION 871 154 300 3360 5460 5460
16279 CONNECTION 871 922 300 4800 6900 6900
16280 CONNECTION 871 277 300 5160 7260 7260
16281 CONNECTION 871 1142 300 6600 8700 8700
16282 CONNECTION 871 1150 300 6600 8700 8700
16283 CONNECTION 871 450 300 6180 8280 8280
16284 CONNECTION 790 791 -1 -1 1620 1620
16285 CONNECTION 790 516 -1 -1 2640 2640
16286 CONNECTION 790 769 -1 -1 2820 2820
16287 CONNECTION 790 920 -1 -1 3420 3420
16288 CONNECTION 790 689 -1 -1 4440 4440
16289 CONNECTION 790 62 300 2940 5040 5040
16290 CONNECTION 790 1140 300 3120 5220 5220
16291 CONNECTION 790 1148 300 3120 5220 5220
16292 CONNECTION 790 812 300 3240 5340 5340
16293 CONNECTION 790 874 300 4140 6240 6240
16294 CONNECTION 790 1135 300 4320 6420 6420
16295 CONNECTION 790 180 300 4920 7020 7020
16296 CONNECTION 790 1010 300 5940 8040 8040
16297 CONNECTION 790 1123 300 5940 8040 8040
16298 CONNECTION 790 493 300 6540 8640 8640
16299 CONNECTION 250 1045 -1 -1 3480 3480
16300 CONNECTION 250 235 -1 -1 2100 2100
16301 CONNECTION 250 115 -1 -1 5280 5280
16302 CONNECTION 250 400 -1 -1 5700 5700
16303 CONNECTION 250 294 300 3720 5820 5820
16304 CONNECTION 250 320 300 4980 7080 7080
16305 CONNECTION 630 631 -1 -1 3480 3480
16306 CONNECTION 630 850 -1 -1 4080 4080
16307 CONNECTION 630 1114 -1 -1 4080 4080
16308 CONNECTION 630 652 -1 -1 2220 2220
16309 CONNECTION 630 1139 -1 -1 2940 2940
16310 CONNECTION 630 727 -1 -1 3660 3660
16311 CONNECTION 630 986 -1 -1 5040 5040
16312 CONNECTION 630 517 -1 -1 3180 3180
16313 CONNECTION 630 704 -1 -1 3780 3780
16314 CONNECTION 630 1134 -1 -1 4140 4140
16315 CONNECTION 630 833 -1 -1 4020 4020
16316 CONNECTION 630 179 300 2640 4740 4740
16317 CONNECTION 630 898 300 3360 5460 5460
16318 CONNECTION 630 936 300 3360 5460 5460
16319 CONNECTION 630 690 300 2880 4980 4980
16320 CONNECTION 630 973 300 3720 5820 5820
16321 CONNECTION 630 427 300 4440 6540 6540
16322 CONNECTION 630 1047 300 5160 7260 7260
16323 CONNECTION 630 875 300 4680 6780 6780
16324 CONNECTION 630 401 300 5640 7740 7740
16325 CONNECTION 630 196 300 6960 9060 9060
16326 SINK 630 7 -1 -1 0 0
16327 CONNECTION 743 744 -1 -1 1620 1620
16328 CONNECTION 743 516 -1 -1 2640 2640
16329 CONNECTION 743 769 -1 -1 2820 2820
16330 CONNECTION 743 920 -1 -1 3420 3420
16331 CONNECTION 743 689 -1 -1 4440 4440
16332 CONNECTION 743 62 300 2940 5040 5040
16333 CONNECTION 743 1140 300 3120 5220 5220
16334 CONNECTION 743 1148 300 3120 5220 5220
16335 CONNECTION 743 812 300 3240 5340 5340
16336 CONNECTION 743 874 300 4140 6240 6240
16337 CONNECTION 743 1135 300 4320 6420 6420
16338 CONNECTION 743 180 300 4920 7020 7020
16339 CONNECTION 743 1010 300 5940 8040 8040
16340 CONNECTION 743 1123 300 5940 8040 8040
16341 CONNECTION 743 493 300 6540 8640 8640
16342 CONNECTION 317 318 -1 -1 2040 2040
16343 CONNECTION 317 832 -1 -1 2760 2760
16344 CONNECTION 317 951 -1 -1 3540 3540
16345 CONNECTION 317 1147 -1 -1 2880 2880
16346 CONNECTION 317 617 -1 -1 3720 3720
16347 CONNECTION 317 972 -1 -1 4560 4560
16348 CONNECTION 317 42 300 4260 6360 6360
16349 CONNECTION 317 213 300 5040 7140 7140
16350 CONNECTION 317 340 300 4380 6480 6480
16351 CONNECTION 317 937 300 5220 7320 7320
16352 CONNECTION 317 237 300 6060 8160 8160
16353 CONNECTION 665 666 -1 -1 2640 2640
16354 CONNECTION 665 1024 -1 -1 4740 4740
16355 CONNECTION 665 195 -1 -1 5520 5520
16356 CONNECTION 665 295 300 6240 8340 8340
16357 CONNECTION 447 448 -1 -1 1440 1440
16358 CONNECTION 447 516 -1 -1 2340 2340
16359 CONNECTION 447 769 -1 -1 2520 2520
16360 CONNECTION 447 920 -1 -1 3120 3120
16361 CONNECTION 447 689 -1 -1 4140 4140
16362 CONNECTION 447 62 300 2640 4740 4740
16363 CONNECTION 447 1140 300 2820 4920 4920
16364 CONNECTION 447 1148 300 2820 4920 4920
16365 CONNECTION 447 812 300 2940 5040 5040
16366 CONNECTION 447 874 300 3840 5940 5940
16367 CONNECTION 447 1135 300 4020 6120 6120
16368 CONNECTION 447 180 300 4620 6720 6720
16369 CONNECTION 447 1010 300 5640 7740 7740
16370 CONNECTION 447 1123 300 5640 7740 7740
16371 CONNECTION 447 493 300 6240 8340 8340
16372 CONNECTION 447 341 300 6420 8520 8520
16373 CONNECTION 447 428 300 6420 8520 8520
16374 CONNECTION 970 1044 -1 -1 1980 1980
16375 CONNECTION 970 114 -1 -1 3780 3780
16376 CONNECTION 970 399 300 1800 3900 3900
16377 CONNECTION 970 319 300 3480 5580 5580
16378 CONNECTION 895 896 -1 -1 3000 3000
16379 CONNECTION 895 40 -1 -1 1620 1620
16380 CONNECTION 895 1023 -1 -1 3540 3540
16381 CONNECTION 895 491 -1 -1 2280 2280
16382 CONNECTION 895 1045 -1 -1 4800 4800
16383 CONNECTION 895 235 -1 -1 3420 3420
16384 CONNECTION 895 115 300 4500 6600 6600
16385 CONNECTION 895 400 300 4920 7020 7020
16386 CONNECTION 895 294 300 5040 7140 7140
16387 CONNECTION 895 320 300 6300 8400 8400
16388 CONNECTION 113 41 -1 -1 4020 4020
16389 CONNECTION 113 134 -1 -1 5280 5280
16390 CONNECTION 113 236 300 3720 5820 5820
16391 CONNECTION 113 360 300 4980 7080 7080
16392 CONNECTION 194 745 -1 -1 2640 2640
16393 CONNECTION 194 792 -1 -1 2640 2640
16394 CONNECTION 194 61 -1 -1 2640 2640
16395 CONNECTION 194 811 -1 -1 3060 3060
16396 CONNECTION 194 359 -1 -1 3660 3660
16397 CONNECTION 194 873 -1 -1 3840 3840
16398 CONNECTION 194 921 -1 -1 4440 4440
16399 CONNECTION 194 212 300 2820 4920 4920
16400 CONNECTION 194 562 300 3360 5460 5460
16401 CONNECTION 194 1009 300 3540 5640 5640
16402 CONNECTION 194 1122 300 3540 5640 5640
16403 CONNECTION 194 1141 300 4140 6240 6240
16404 CONNECTION 194 1149 300 4140 6240 6240
16405 CONNECTION 194 492 300 4140 6240 6240
16406 CONNECTION 194 17 300 4560 6660 6660
16407 CONNECTION 194 1130 300 4560 6660 6660
16408 CONNECTION 194 135 300 5160 7260 7260
16409 CONNECTION 194 89 300 5340 7440 7440
16410 CONNECTION 194 181 300 5940 8040 8040
16411 CONNECTION 1132 1133 -1 -1 3300 3300
16412 CONNECTION 1132 40 -1 -1 1500 1500
16413 CONNECTION 1132 1023 -1 -1 3420 3420
16414 CONNECTION 1132 491 -1 -1 2160 2160
16415 CONNECTION 1132 1045 -1 -1 4680 4680
16416 CONNECTION 1132 235 -1 -1 3300 3300
16417 CONNECTION 1132 115 300 4380 6480 6480
16418 CONNECTION 1132 400 300 4800 6900 6900
16419 CONNECTION 1132 294 300 4920 7020 7020
16420 CONNECTION 1132 320 300 6180 8280 8280
16421 CONNECTION 86 1138 -1 -1 1800 1800
16422 CONNECTION 86 726 -1 -1 1980 1980
16423 CONNECTION 86 985 -1 -1 1980 1980
16424 CONNECTION 86 473 -1 -1 3840 3840
16425 CONNECTION 86 178 -1 -1 3600 3600
16426 CONNECTION 86 897 -1 -1 3780 3780
16427 CONNECTION 86 426 300 3300 5400 5400
16428 CONNECTION 86 251 300 3480 5580 5580
16429 CONNECTION 86 1046 300 3480 5580 5580
16430 CONNECTION 86 116 300 5280 7380 7380
16431 CONNECTION 560 604 -1 -1 3600 3600
16432 CONNECTION 560 580 -1 -1 3960 3960
16433 CONNECTION 560 1008 -1 -1 3960 3960
16434 CONNECTION 560 1121 -1 -1 3960 3960
16435 CONNECTION 560 746 -1 -1 5400 5400
16436 CONNECTION 560 793 -1 -1 5400 5400
16437 CONNECTION 560 16 300 2880 4980 4980
16438 CONNECTION 560 1129 300 2880 4980 4980
16439 CONNECTION 560 88 300 3660 5760 5760
16440 CONNECTION 560 154 300 3660 5760 5760
16441 CONNECTION 560 922 300 5100 7200 7200
16442 CONNECTION 560 277 300 5460 7560 7560
16443 CONNECTION 560 1142 300 6900 9000 9000
16444 CONNECTION 560 1150 300 6900 9000 9000
16445 CONNECTION 560 450 300 6480 8580 8580
16446 CONNECTION 918 919 -1 -1 1560 1560
16447 CONNECTION 918 275 -1 -1 1800 1800
16448 CONNECTION 918 850 -1 -1 4500 4500
16449 CONNECTION 918 1114 -1 -1 4500 4500
16450 CONNECTION 918 652 -1 -1 2640 2640
16451 CONNECTION 918 1139 -1 -1 3360 3360
16452 CONNECTION 918 727 -1 -1 4080 4080
16453 CONNECTION 918 986 -1 -1 5460 5460
16454 CONNECTION 918 517 -1 -1 3600 3600
16455 CONNECTION 918 704 300 2100 4200 4200
16456 CONNECTION 918 1134 300 2460 4560 4560
16457 CONNECTION 918 833 300 2340 4440 4440
16458 CONNECTION 918 179 300 3060 5160 5160
16459 CONNECTION 918 898 300 3780 5880 5880
16460 CONNECTION 918 936 300 3780 5880 5880
16461 CONNECTION 918 690 300 3300 5400 5400
16462 CONNECTION 918 973 300 4140 6240 6240
16463 CONNECTION 918 427 300 4860 6960 6960
16464 CONNECTION 918 1047 300 5580 7680 7680
16465 CONNECTION 918 875 300 5100 7200 7200
16466 CONNECTION 918 401 300 6060 8160 8160
16467 SINK 918 7 -1 -1 0 0
16468 CONNECTION 542 543 -1 -1 2100 2100
16469 CONNECTION 542 850 -1 -1 4320 4320
16470 CONNECTION 542 1114 -1 -1 4320 4320
16471 CONNECTION 542 652 -1 -1 2460 2460
16472 CONNECTION 542 1139 -1 -1 3180 3180
16473 CONNECTION 542 727 -1 -1 3900 3900
16474 CONNECTION 542 986 -1 -1 5280 5280
16475 CONNECTION 542 517 -1 -1 3420 3420
16476 CONNECTION 542 704 -1 -1 4020 4020
16477 CONNECTION 542 1134 -1 -1 4380 4380
16478 CONNECTION 542 833 300 2160 4260 4260
16479 CONNECTION 542 179 300 2880 4980 4980
16480 CONNECTION 542 898 300 3600 5700 5700
16481 CONNECTION 542 936 300 3600 5700 5700
16482 CONNECTION 542 690 300 3120 5220 5220
16483 CONNECTION 542 973 300 3960 6060 6060
16484 CONNECTION 542 427 300 4680 6780 6780
16485 CONNECTION 542 1047 300 5400 7500 7500
16486 CONNECTION 542 875 300 4920 7020 7020
16487 CONNECTION 542 401 300 5880 7980 7980
16488 SINK 542 7 -1 -1 0 0
16489 CONNECTION 234 235 -1 -1 960 960
16490 CONNECTION 234 115 -1 -1 4140 4140
16491 CONNECTION 234 400 -1 -1 4560 4560
16492 CONNECTION 234 294 -1 -1 4680 4680
16493 CONNECTION 234 320 300 3840 5940 5940
16494 CONNECTION 274 275 -1 -1 1200 1200
16495 CONNECTION 274 850 -1 -1 3900 3900
16496 CONNECTION 274 1114 -1 -1 3900 3900
16497 CONNECTION 274 652 -1 -1 2040 2040
16498 CONNECTION 274 1139 -1 -1 2760 2760
16499 CONNECTION 274 727 -1 -1 3480 3480
16500 CONNECTION 274 986 -1 -1 4860 4860
16501 CONNECTION 274 517 -1 -1 3000 3000
16502 CONNECTION 274 704 -1 -1 3600 3600
16503 CONNECTION 274 1134 -1 -1 3960 3960
16504 CONNECTION 274 833 -1 -1 3840 3840
16505 CONNECTION 274 179 300 2460 4560 4560
16506 CONNECTION 274 898 300 3180 5280 5280
16507 CONNECTION 274 936 300 3180 5280 5280
16508 CONNECTION 274 690 300 2700 4800 4800
16509 CONNECTION 274 973 300 3540 5640 5640
16510 CONNECTION 274 427 300 4260 6360 6360
16511 CONNECTION 274 1047 300 4980 7080 7080
16512 CONNECTION 274 875 300 4500 6600 6600
16513 CONNECTION 274 401 300 5460 7560 7560
16514 CONNECTION 274 196 300 6780 8880 8880
16515 SINK 274 7 -1 -1 0 0
16516 CONNECTION 831 832 -1 -1 2100 2100
16517 CONNECTION 831 951 -1 -1 2880 2880
16518 CONNECTION 831 1147 -1 -1 2220 2220
16519 CONNECTION 831 617 -1 -1 3060 3060
16520 CONNECTION 831 972 -1 -1 3900 3900
16521 CONNECTION 831 42 300 3600 5700 5700
16522 CONNECTION 831 213 300 4380 6480 6480
16523 CONNECTION 831 340 300 3720 5820 5820
16524 CONNECTION 831 937 300 4560 6660 6660
16525 CONNECTION 831 237 300 5400 7500 7500
16526 CONNECTION 152 153 -1 -1 3060 3060
16527 CONNECTION 152 61 -1 -1 2220 2220
16528 CONNECTION 152 811 -1 -1 2640 2640
16529 CONNECTION 152 359 -1 -1 3240 3240
16530 CONNECTION 152 873 -1 -1 3420 3420
16531 CONNECTION 152 921 -1 -1 4020 4020
16532 CONNECTION 152 212 -1 -1 4500 4500
16533 CONNECTION 152 562 300 2940 5040 5040
16534 CONNECTION 152 1009 300 3120 5220 5220
16535 CONNECTION 152 1122 300 3120 5220 5220
16536 CONNECTION 152 1141 300 3720 5820 5820
16537 CONNECTION 152 1149 300 3720 5820 5820
16538 CONNECTION 152 492 300 3720 5820 5820
16539 CONNECTION 152 17 300 4140 6240 6240
16540 CONNECTION 152 1130 300 4140 6240 6240
16541 CONNECTION 152 135 300 4740 6840 6840
16542 CONNECTION 152 89 300 4920 7020 7020
16543 CONNECTION 152 181 300 5520 7620 7620
16544 CONNECTION 152 361 300 6540 8640 8640
16545 CONNECTION 687 688 -1 -1 1620 1620
16546 CONNECTION 687 61 -1 -1 2220 2220
16547 CONNECTION 687 811 -1 -1 2640 2640
16548 CONNECTION 687 359 -1 -1 3240 3240
16549 CONNECTION 687 873 -1 -1 3420 3420
16550 CONNECTION 687 921 -1 -1 4020 4020
16551 CONNECTION 687 212 -1 -1 4500 4500
16552 CONNECTION 687 562 300 2940 5040 5040
16553 CONNECTION 687 1009 300 3120 5220 5220
16554 CONNECTION 687 1122 300 3120 5220 5220
16555 CONNECTION 687 1141 300 3720 5820 5820
16556 CONNECTION 687 1149 300 3720 5820 5820
16557 CONNECTION 687 492 300 3720 5820 5820
16558 CONNECTION 687 17 300 4140 6240 6240
16559 CONNECTION 687 1130 300 4140 6240 6240
16560 CONNECTION 687 135 300 4740 6840 6840
16561 CONNECTION 687 89 300 4920 7020 7020
16562 CONNECTION 687 181 300 5520 7620 7620
16563 CONNECTION 687 361 300 6540 8640 8640
16564 CONNECTION 515 516 -1 -1 1560 1560
16565 CONNECTION 515 920 -1 -1 2340 2340
16566 CONNECTION 515 689 -1 -1 3360 3360
16567 CONNECTION 515 62 -1 -1 3960 3960
16568 CONNECTION 515 1140 -1 -1 4140 4140
16569 CONNECTION 515 1148 -1 -1 4140 4140
16570 CONNECTION 515 812 -1 -1 4260 4260
16571 CONNECTION 515 874 300 3060 5160 5160
16572 CONNECTION 515 1135 300 3240 5340 5340
16573 CONNECTION 515 180 300 3840 5940 5940
16574 CONNECTION 515 1010 300 4860 6960 6960
16575 CONNECTION 515 1123 300 4860 6960 6960
16576 CONNECTION 515 493 300 5460 7560 7560
16577 CONNECTION 515 341 300 5640 7740 7740
16578 CONNECTION 515 428 300 5640 7740 7740
16579 CONNECTION 515 18 300 5760 7860 7860
16580 CONNECTION 515 1131 300 5760 7860 7860
16581 CONNECTION 579 134 -1 -1 3720 3720
16582 CONNECTION 579 236 -1 -1 4260 4260
16583 CONNECTION 579 360 -1 -1 5520 5520
16584 CONNECTION 358 359 -1 -1 1860 1860
16585 CONNECTION 358 921 -1 -1 2640 2640
16586 CONNECTION 358 212 -1 -1 3120 3120
16587 CONNECTION 358 562 -1 -1 3660 3660
16588 CONNECTION 358 1009 -1 -1 3840 3840
16589 CONNECTION 358 1122 -1 -1 3840 3840
16590 CONNECTION 358 1141 -1 -1 4440 4440
16591 CONNECTION 358 1149 -1 -1 4440 4440
16592 CONNECTION 358 492 -1 -1 4440 4440
16593 CONNECTION 358 17 300 2760 4860 4860
16594 CONNECTION 358 1130 300 2760 4860 4860
16595 CONNECTION 358 135 300 3360 5460 5460
16596 CONNECTION 358 89 300 3540 5640 5640
16597 CONNECTION 358 181 300 4140 6240 6240
16598 CONNECTION 358 361 300 5160 7260 7260
16599 CONNECTION 358 278 300 5340 7440 7440
16600 CONNECTION 358 342 300 5940 8040 8040
16601 CONNECTION 358 429 300 5940 8040 8040
16602 CONNECTION 358 1136 300 5940 8040 8040
16603 CONNECTION 358 451 300 6360 8460 8460
16604 CONNECTION 651 652 -1 -1 1200 1200
16605 CONNECTION 651 727 -1 -1 2640 2640
16606 CONNECTION 651 986 -1 -1 4020 4020
16607 CONNECTION 651 517 -1 -1 2160 2160
16608 CONNECTION 651 704 -1 -1 2760 2760
16609 CONNECTION 651 1134 -1 -1 3120 3120
16610 CONNECTION 651 833 -1 -1 3000 3000
16611 CONNECTION 651 179 -1 -1 3720 3720
16612 CONNECTION 651 898 -1 -1 4440 4440
16613 CONNECTION 651 936 -1 -1 4440 4440
16614 CONNECTION 651 690 -1 -1 3960 3960
16615 CONNECTION 651 973 300 2700 4800 4800
16616 CONNECTION 651 427 300 3420 5520 5520
16617 CONNECTION 651 1047 300 4140 6240 6240
16618 CONNECTION 651 875 300 3660 5760 5760
16619 CONNECTION 651 401 300 4620 6720 6720
16620 CONNECTION 651 196 300 5940 8040 8040
16621 SINK 651 7 -1 -1 0 0
16622 CONNECTION 293 178 -1 -1 3000 3000
16623 CONNECTION 293 897 -1 -1 3180 3180
16624 CONNECTION 293 426 300 2700 4800 4800
16625 CONNECTION 293 251 300 2880 4980 4980
16626 CONNECTION 293 1046 300 2880 4980 4980
16627 CONNECTION 293 116 300 4680 6780 6780
16628 CONNECTION 768 769 -1 -1 1620 1620
16629 CONNECTION 768 920 -1 -1 2220 2220
16630 CONNECTION 768 689 -1 -1 3240 3240
16631 CONNECTION 768 62 -1 -1 3840 3840
16632 CONNECTION 768 1140 -1 -1 4020 4020
16633 CONNECTION 768 1148 -1 -1 4020 4020
16634 CONNECTION 768 812 -1 -1 4140 4140
16635 CONNECTION 768 874 300 2940 5040 5040
16636 CONNECTION 768 1135 300 3120 5220 5220
16637 CONNECTION 768 180 300 3720 5820 5820
16638 CONNECTION 768 1010 300 4740 6840 6840
16639 CONNECTION 768 1123 300 4740 6840 6840
16640 CONNECTION 768 493 300 5340 7440 7440
16641 CONNECTION 768 341 300 5520 7620 7620
16642 CONNECTION 768 428 300 5520 7620 7620
16643 CONNECTION 768 18 300 5640 7740 7740
16644 CONNECTION 768 1131 300 5640 7740 7740
16645 CONNECTION 768 90 300 6540 8640 8640
16646 CONNECTION 703 704 -1 -1 1200 1200
16647 CONNECTION 703 179 -1 -1 2160 2160
16648 CONNECTION 703 898 -1 -1 2880 2880
16649 CONNECTION 703 936 -1 -1 2880 2880
16650 CONNECTION 703 690 -1 -1 2400 2400
16651 CONNECTION 703 973 -1 -1 3240 3240
16652 CONNECTION 703 427 -1 -1 3960 3960
16653 CONNECTION 703 1047 -1 -1 4680 4680
16654 CONNECTION 703 875 300 2100 4200 4200
16655 CONNECTION 703 401 300 3060 5160 5160
16656 CONNECTION 703 196 300 4380 6480 6480
16657 SINK 703 7 -1 -1 0 0
16658 CONNECTION 603 604 -1 -1 2820 2820
16659 CONNECTION 603 580 -1 -1 3180 3180
16660 CONNECTION 603 1008 -1 -1 3180 3180
16661 CONNECTION 603 1121 -1 -1 3180 3180
16662 CONNECTION 603 746 -1 -1 4620 4620
16663 CONNECTION 603 793 -1 -1 4620 4620
16664 CONNECTION 603 16 -1 -1 4200 4200
16665 CONNECTION 603 1129 -1 -1 4200 4200
16666 CONNECTION 603 88 300 2880 4980 4980
16667 CONNECTION 603 154 300 2880 4980 4980
16668 CONNECTION 603 922 300 4320 6420 6420
16669 CONNECTION 603 277 300 4680 6780 6780
16670 CONNECTION 603 1142 300 6120 8220 8220
16671 CONNECTION 603 1150 300 6120 8220 8220
16672 CONNECTION 603 450 300 5700 7800 7800
16673 CONNECTION 603 519 300 6480 8580 8580
16674 CONNECTION 896 897 -1 -1 1200 1200
16675 CONNECTION 896 426 -1 -1 2820 2820
16676 CONNECTION 896 251 -1 -1 3000 3000
16677 CONNECTION 896 1046 -1 -1 3000 3000
16678 CONNECTION 896 116 300 2700 4800 4800
16679 CONNECTION 896 321 300 4500 6600 6600
16680 CONNECTION 339 276 -1 -1 3900 3900
16681 CONNECTION 339 449 -1 -1 4920 4920
16682 CONNECTION 339 518 -1 -1 5700 5700
16683 CONNECTION 425 276 -1 -1 3900 3900
16684 CONNECTION 425 449 -1 -1 4920 4920
16685 CONNECTION 425 518 -1 -1 5700 5700
16686 CONNECTION 472 473 -1 -1 3000 3000
16687 CONNECTION 472 178 -1 -1 2760 2760
16688 CONNECTION 472 897 -1 -1 2940 2940
16689 CONNECTION 472 426 300 2460 4560 4560
16690 CONNECTION 472 251 300 2640 4740 4740
16691 CONNECTION 472 1046 300 2640 4740 4740
16692 CONNECTION 472 116 300 4440 6540 6540
16693 CONNECTION 849 850 -1 -1 3300 3300
16694 CONNECTION 849 1139 -1 -1 2160 2160
16695 CONNECTION 849 727 -1 -1 2880 2880
16696 CONNECTION 849 986 -1 -1 4260 4260
16697 CONNECTION 849 517 -1 -1 2400 2400
16698 CONNECTION 849 704 -1 -1 3000 3000
16699 CONNECTION 849 1134 -1 -1 3360 3360
16700 CONNECTION 849 833 -1 -1 3240 3240
16701 CONNECTION 849 179 -1 -1 3960 3960
16702 CONNECTION 849 898 -1 -1 4680 4680
16703 CONNECTION 849 936 -1 -1 4680 4680
16704 CONNECTION 849 690 300 2100 4200 4200
16705 CONNECTION 849 973 300 2940 5040 5040
16706 CONNECTION 849 427 300 3660 5760 5760
16707 CONNECTION 849 1047 300 4380 6480 6480
16708 CONNECTION 849 875 300 3900 6000 6000
16709 CONNECTION 849 401 300 4860 6960 6960
16710 CONNECTION 849 196 300 6180 8280 8280
16711 SINK 849 7 -1 -1 0 0
16712 CONNECTION 1113 1114 -1 -1 3300 3300
16713 CONNECTION 1113 1139 -1 -1 2160 2160
16714 CONNECTION 1113 727 -1 -1 2880 2880
16715 CONNECTION 1113 986 -1 -1 4260 4260
16716 CONNECTION 1113 517 -1 -1 2400 2400
16717 CONNECTION 1113 704 -1 -1 3000 3000
16718 CONNECTION 1113 1134 -1 -1 3360 3360
16719 CONNECTION 1113 833 -1 -1 3240 3240
16720 CONNECTION 1113 179 -1 -1 3960 3960
16721 CONNECTION 1113 898 -1 -1 4680 4680
16722 CONNECTION 1113 936 -1 -1 4680 4680
16723 CONNECTION 1113 690 300 2100 4200 4200
16724 CONNECTION 1113 973 300 2940 5040 5040
16725 CONNECTION 1113 427 300 3660 5760 5760
16726 CONNECTION 1113 1047 300 4380 6480 6480
16727 CONNECTION 1113 875 300 3900 6000 6000
16728 CONNECTION 1113 401 300 4860 6960 6960
16729 CONNECTION 1113 196 300 6180 8280 8280
16730 SINK 1113 7 -1 -1 0 0
16731 CONNECTION 1133 1134 -1 -1 1560 1560
16732 CONNECTION 1133 179 -1 -1 2160 2160
16733 CONNECTION 1133 898 -1 -1 2880 2880
16734 CONNECTION 1133 936 -1 -1 2880 2880
16735 CONNECTION 1133 690 -1 -1 2400 2400
16736 CONNECTION 1133 973 -1 -1 3240 3240
16737 CONNECTION 1133 427 -1 -1 3960 3960
16738 CONNECTION 1133 1047 -1 -1 4680 4680
16739 CONNECTION 1133 875 300 2100 4200 4200
16740 CONNECTION 1133 401 300 3060 5160 5160
16741 CONNECTION 1133 196 300 4380 6480 6480
16742 SINK 1133 7 -1 -1 0 0
16743 CONNECTION 744 745 -1 -1 1860 1860
16744 CONNECTION 744 811 -1 -1 2280 2280
16745 CONNECTION 744 359 -1 -1 2880 2880
16746 CONNECTION 744 873 -1 -1 3060 3060
16747 CONNECTION 744 921 -1 -1 3660 3660
16748 CONNECTION 744 212 -1 -1 4140 4140
16749 CONNECTION 744 562 -1 -1 4680 4680
16750 CONNECTION 744 1009 300 2760 4860 4860
16751 CONNECTION 744 1122 300 2760 4860 4860
16752 CONNECTION 744 1141 300 3360 5460 5460
16753 CONNECTION 744 1149 300 3360 5460 5460
16754 CONNECTION 744 492 300 3360 5460 5460
16755 CONNECTION 744 17 300 3780 5880 5880
16756 CONNECTION 744 1130 300 3780 5880 5880
16757 CONNECTION 744 135 300 4380 6480 6480
16758 CONNECTION 744 89 300 4560 6660 6660
16759 CONNECTION 744 181 300 5160 7260 7260
16760 CONNECTION 744 361 300 6180 8280 8280
16761 CONNECTION 744 278 300 6360 8460 8460
16762 CONNECTION 791 792 -1 -1 1860 1860
16763 CONNECTION 791 811 -1 -1 2280 2280
16764 CONNECTION 791 359 -1 -1 2880 2880
16765 CONNECTION 791 873 -1 -1 3060 3060
16766 CONNECTION 791 921 -1 -1 3660 3660
16767 CONNECTION 791 212 -1 -1 4140 4140
16768 CONNECTION 791 562 -1 -1 4680 4680
16769 CONNECTION 791 1009 300 2760 4860 4860
16770 CONNECTION 791 1122 300 2760 4860 4860
16771 CONNECTION 791 1141 300 3360 5460 5460
16772 CONNECTION 791 1149 300 3360 5460 5460
16773 CONNECTION 791 492 300 3360 5460 5460
16774 CONNECTION 791 17 300 3780 5880 5880
16775 CONNECTION 791 1130 300 3780 5880 5880
16776 CONNECTION 791 135 300 4380 6480 6480
16777 CONNECTION 791 89 300 4560 6660 6660
16778 CONNECTION 791 181 300 5160 7260 7260
16779 CONNECTION 791 361 300 6180 8280 8280
16780 CONNECTION 791 278 300 6360 8460 8460
16781 CONNECTION 1007 1008 -1 -1 1860 1860
16782 CONNECTION 1007 746 -1 -1 3300 3300
16783 CONNECTION 1007 793 -1 -1 3300 3300
16784 CONNECTION 1007 16 -1 -1 2880 2880
16785 CONNECTION 1007 1129 -1 -1 2880 2880
16786 CONNECTION 1007 88 -1 -1 3660 3660
16787 CONNECTION 1007 154 -1 -1 3660 3660
16788 CONNECTION 1007 922 -1 -1 5100 5100
16789 CONNECTION 1007 277 300 3360 5460 5460
16790 CONNECTION 1007 1142 300 4800 6900 6900
16791 CONNECTION 1007 1150 300 4800 6900 6900
16792 CONNECTION 1007 450 300 4380 6480 6480
16793 CONNECTION 1007 519 300 5160 7260 7260
16794 CONNECTION 1120 1121 -1 -1 1860 1860
16795 CONNECTION 1120 746 -1 -1 3300 3300
16796 CONNECTION 1120 793 -1 -1 3300 3300
16797 CONNECTION 1120 16 -1 -1 2880 2880
16798 CONNECTION 1120 1129 -1 -1 2880 2880
16799 CONNECTION 1120 88 -1 -1 3660 3660
16800 CONNECTION 1120 154 -1 -1 3660 3660
16801 CONNECTION 1120 922 -1 -1 5100 5100
16802 CONNECTION 1120 277 300 3360 5460 5460
16803 CONNECTION 1120 1142 300 4800 6900 6900
16804 CONNECTION 1120 1150 300 4800 6900 6900
16805 CONNECTION 1120 450 300 4380 6480 6480
16806 CONNECTION 1120 519 300 5160 7260 7260
16807 CONNECTION 919 920 -1 -1 1620 1620
16808 CONNECTION 919 689 -1 -1 2640 2640
16809 CONNECTION 919 62 -1 -1 3240 3240
16810 CONNECTION 919 1140 -1 -1 3420 3420
16811 CONNECTION 919 1148 -1 -1 3420 3420
16812 CONNECTION 919 812 -1 -1 3540 3540
16813 CONNECTION 919 874 -1 -1 4440 4440
16814 CONNECTION 919 1135 300 2520 4620 4620
16815 CONNECTION 919 180 300 3120 5220 5220
16816 CONNECTION 919 1010 300 4140 6240 6240
16817 CONNECTION 919 1123 300 4140 6240 6240
16818 CONNECTION 919 493 300 4740 6840 6840
16819 CONNECTION 919 341 300 4920 7020 7020
16820 CONNECTION 919 428 300 4920 7020 7020
16821 CONNECTION 919 18 300 5040 7140 7140
16822 CONNECTION 919 1131 300 5040 7140 7140
16823 CONNECTION 919 90 300 5940 8040 8040
16824 CONNECTION 919 402 300 6120 8220 8220
16825 CONNECTION 950 951 -1 -1 2100 2100
16826 CONNECTION 950 972 -1 -1 3120 3120
16827 CONNECTION 950 42 -1 -1 4920 4920
16828 CONNECTION 950 213 300 3600 5700 5700
16829 CONNECTION 950 340 300 2940 5040 5040
16830 CONNECTION 950 937 300 3780 5880 5880
16831 CONNECTION 950 237 300 4620 6720 6720
16832 CONNECTION 448 617 -1 -1 2700 2700
16833 CONNECTION 448 972 -1 -1 3540 3540
16834 CONNECTION 448 42 300 3240 5340 5340
16835 CONNECTION 448 213 300 4020 6120 6120
16836 CONNECTION 448 340 300 3360 5460 5460
16837 CONNECTION 448 937 300 4200 6300 6300
16838 CONNECTION 448 237 300 5040 7140 7140
16839 CONNECTION 543 972 -1 -1 2760 2760
16840 CONNECTION 543 42 -1 -1 4560 4560
16841 CONNECTION 543 213 300 3240 5340 5340
16842 CONNECTION 543 340 300 2580 4680 4680
16843 CONNECTION 543 937 300 3420 5520 5520
16844 CONNECTION 543 237 300 4260 6360 6360
16845 CONNECTION 616 617 -1 -1 1920 1920
16846 CONNECTION 616 972 -1 -1 2760 2760
16847 CONNECTION 616 42 -1 -1 4560 4560
16848 CONNECTION 616 213 300 3240 5340 5340
16849 CONNECTION 616 340 300 2580 4680 4680
16850 CONNECTION 616 937 300 3420 5520 5520
16851 CONNECTION 616 237 300 4260 6360 6360
16852 CONNECTION 810 811 -1 -1 1620 1620
16853 CONNECTION 810 873 -1 -1 2400 2400
16854 CONNECTION 810 921 -1 -1 3000 3000
16855 CONNECTION 810 212 -1 -1 3480 3480
16856 CONNECTION 810 562 -1 -1 4020 4020
16857 CONNECTION 810 1009 -1 -1 4200 4200
16858 CONNECTION 810 1122 -1 -1 4200 4200
16859 CONNECTION 810 1141 300 2700 4800 4800
16860 CONNECTION 810 1149 300 2700 4800 4800
16861 CONNECTION 810 492 300 2700 4800 4800
16862 CONNECTION 810 17 300 3120 5220 5220
16863 CONNECTION 810 1130 300 3120 5220 5220
16864 CONNECTION 810 135 300 3720 5820 5820
16865 CONNECTION 810 89 300 3900 6000 6000
16866 CONNECTION 810 181 300 4500 6600 6600
16867 CONNECTION 810 361 300 5520 7620 7620
16868 CONNECTION 810 278 300 5700 7800 7800
16869 CONNECTION 810 342 300 6300 8400 8400
16870 CONNECTION 810 429 300 6300 8400 8400
16871 CONNECTION 810 1136 300 6300 8400 8400
16872 CONNECTION 40 114 -1 -1 1980 1980
16873 CONNECTION 40 399 -1 -1 2100 2100
16874 CONNECTION 40 319 -1 -1 3780 3780
16875 CONNECTION 935 936 -1 -1 2100 2100
16876 CONNECTION 935 973 -1 -1 2460 2460
16877 CONNECTION 935 427 -1 -1 3180 3180
16878 CONNECTION 935 1047 -1 -1 3900 3900
16879 CONNECTION 935 875 -1 -1 3420 3420
16880 CONNECTION 935 401 -1 -1 4380 4380
16881 CONNECTION 935 196 300 3600 5700 5700
16882 SINK 935 7 -1 -1 0 0
16883 CONNECTION 631 295 -1 -1 6300 6300
16884 CONNECTION 1044 1045 -1 -1 3000 3000
16885 CONNECTION 1044 235 -1 -1 1620 1620
16886 CONNECTION 1044 115 -1 -1 4800 4800
16887 CONNECTION 1044 400 -1 -1 5220 5220
16888 CONNECTION 1044 294 -1 -1 5340 5340
16889 CONNECTION 1044 320 300 4500 6600 6600
16890 CONNECTION 318 236 -1 -1 4020 4020
16891 CONNECTION 318 360 -1 -1 5280 5280
16892 CONNECTION 1023 1024 -1 -1 3480 3480
16893 CONNECTION 1023 195 -1 -1 4260 4260
16894 CONNECTION 1023 295 300 4980 7080 7080
16895 CONNECTION 133 746 -1 -1 3600 3600
16896 CONNECTION 133 793 -1 -1 3600 3600
16897 CONNECTION 133 16 -1 -1 3180 3180
16898 CONNECTION 133 1129 -1 -1 3180 3180
16899 CONNECTION 133 88 -1 -1 3960 3960
16900 CONNECTION 133 154 -1 -1 3960 3960
16901 CONNECTION 133 922 -1 -1 5400 5400
16902 CONNECTION 133 277 300 3660 5760 5760
16903 CONNECTION 133 1142 300 5100 7200 7200
16904 CONNECTION 133 1150 300 5100 7200 7200
16905 CONNECTION 133 450 300 4680 6780 6780
16906 CONNECTION 133 519 300 5460 7560 7560
16907 CONNECTION 275 178 -1 -1 1800 1800
16908 CONNECTION 275 897 -1 -1 1980 1980
16909 CONNECTION 275 426 -1 -1 3600 3600
16910 CONNECTION 275 251 -1 -1 3780 3780
16911 CONNECTION 275 1046 -1 -1 3780 3780
16912 CONNECTION 275 116 300 3480 5580 5580
16913 CONNECTION 275 321 300 5280 7380 7380
16914 CONNECTION 1138 1139 -1 -1 1560 1560
16915 CONNECTION 1138 517 -1 -1 1800 1800
16916 CONNECTION 1138 704 -1 -1 2400 2400
16917 CONNECTION 1138 1134 -1 -1 2760 2760
16918 CONNECTION 1138 833 -1 -1 2640 2640
16919 CONNECTION 1138 179 -1 -1 3360 3360
16920 CONNECTION 1138 898 -1 -1 4080 4080
16921 CONNECTION 1138 936 -1 -1 4080 4080
16922 CONNECTION 1138 690 -1 -1 3600 3600
16923 CONNECTION 1138 973 300 2340 4440 4440
16924 CONNECTION 1138 427 300 3060 5160 5160
16925 CONNECTION 1138 1047 300 3780 5880 5880
16926 CONNECTION 1138 875 300 3300 5400 5400
16927 CONNECTION 1138 401 300 4260 6360 6360
16928 CONNECTION 1138 196 300 5580 7680 7680
16929 SINK 1138 7 -1 -1 0 0
16930 CONNECTION 726 727 -1 -1 2100 2100
16931 CONNECTION 726 704 -1 -1 2220 2220
16932 CONNECTION 726 1134 -1 -1 2580 2580
16933 CONNECTION 726 833 -1 -1 2460 2460
16934 CONNECTION 726 179 -1 -1 3180 3180
16935 CONNECTION 726 898 -1 -1 3900 3900
16936 CONNECTION 726 936 -1 -1 3900 3900
16937 CONNECTION 726 690 -1 -1 3420 3420
16938 CONNECTION 726 973 300 2160 4260 4260
16939 CONNECTION 726 427 300 2880 4980 4980
16940 CONNECTION 726 1047 300 3600 5700 5700
16941 CONNECTION 726 875 300 3120 5220 5220
16942 CONNECTION 726 401 300 4080 6180 6180
16943 CONNECTION 726 196 300 5400 7500 7500
16944 SINK 726 7 -1 -1 0 0
16945 CONNECTION 985 986 -1 -1 3480 3480
16946 CONNECTION 985 704 -1 -1 2220 2220
16947 CONNECTION 985 1134 -1 -1 2580 2580
16948 CONNECTION 985 833 -1 -1 2460 2460
16949 CONNECTION 985 179 -1 -1 3180 3180
16950 CONNECTION 985 898 -1 -1 3900 3900
16951 CONNECTION 985 936 -1 -1 3900 3900
16952 CONNECTION 985 690 -1 -1 3420 3420
16953 CONNECTION 985 973 300 2160 4260 4260
16954 CONNECTION 985 427 300 2880 4980 4980
16955 CONNECTION 985 1047 300 3600 5700 5700
16956 CONNECTION 985 875 300 3120 5220 5220
16957 CONNECTION 985 401 300 4080 6180 6180
16958 CONNECTION 985 196 300 5400 7500 7500
16959 SINK 985 7 -1 -1 0 0
16960 CONNECTION 473 320 -1 -1 4140 4140
16961 CONNECTION 516 517 -1 -1 1200 1200
16962 CONNECTION 516 704 -1 -1 1800 1800
16963 CONNECTION 516 1134 -1 -1 2160 2160
16964 CONNECTION 516 833 -1 -1 2040 2040
16965 CONNECTION 516 179 -1 -1 2760 2760
16966 CONNECTION 516 898 -1 -1 3480 3480
16967 CONNECTION 516 936 -1 -1 3480 3480
16968 CONNECTION 516 690 -1 -1 3000 3000
16969 CONNECTION 516 973 -1 -1 3840 3840
16970 CONNECTION 516 427 300 2460 4560 4560
16971 CONNECTION 516 1047 300 3180 5280 5280
16972 CONNECTION 516 875 300 2700 4800 4800
16973 CONNECTION 516 401 300 3660 5760 5760
16974 CONNECTION 516 196 300 4980 7080 7080
16975 SINK 516 7 -1 -1 0 0
16976 CONNECTION 491 399 -1 -1 1440 1440
16977 CONNECTION 491 319 -1 -1 3120 3120
16978 CONNECTION 971 972 -1 -1 2100 2100
16979 CONNECTION 971 42 -1 -1 3900 3900
16980 CONNECTION 971 213 -1 -1 4680 4680
16981 CONNECTION 971 340 -1 -1 4020 4020
16982 CONNECTION 971 937 300 2760 4860 4860
16983 CONNECTION 971 237 300 3600 5700 5700
16984 CONNECTION 971 197 300 6360 8460 8460
16985 CONNECTION 15 16 -1 -1 1860 1860
16986 CONNECTION 15 88 -1 -1 2640 2640
16987 CONNECTION 15 154 -1 -1 2640 2640
16988 CONNECTION 15 922 -1 -1 4080 4080
16989 CONNECTION 15 277 -1 -1 4440 4440
16990 CONNECTION 15 1142 300 3780 5880 5880
16991 CONNECTION 15 1150 300 3780 5880 5880
16992 CONNECTION 15 450 300 3360 5460 5460
16993 CONNECTION 15 519 300 4140 6240 6240
16994 CONNECTION 379 212 -1 -1 2700 2700
16995 CONNECTION 379 562 -1 -1 3240 3240
16996 CONNECTION 379 1009 -1 -1 3420 3420
16997 CONNECTION 379 1122 -1 -1 3420 3420
16998 CONNECTION 379 1141 -1 -1 4020 4020
16999 CONNECTION 379 1149 -1 -1 4020 4020
17000 CONNECTION 379 492 -1 -1 4020 4020
17001 CONNECTION 379 17 -1 -1 4440 4440
17002 CONNECTION 379 1130 -1 -1 4440 4440
17003 CONNECTION 379 135 300 2940 5040 5040
17004 CONNECTION 379 89 300 3120 5220 5220
17005 CONNECTION 379 181 300 3720 5820 5820
17006 CONNECTION 379 361 300 4740 6840 6840
17007 CONNECTION 379 278 300 4920 7020 7020
17008 CONNECTION 379 342 300 5520 7620 7620
17009 CONNECTION 379 429 300 5520 7620 7620
17010 CONNECTION 379 1136 300 5520 7620 7620
17011 CONNECTION 379 451 300 5940 8040 8040
17012 CONNECTION 769 921 -1 -1 2460 2460
17013 CONNECTION 769 212 -1 -1 2940 2940
17014 CONNECTION 769 562 -1 -1 3480 3480
17015 CONNECTION 769 1009 -1 -1 3660 3660
17016 CONNECTION 769 1122 -1 -1 3660 3660
17017 CONNECTION 769 1141 -1 -1 4260 4260
17018 CONNECTION 769 1149 -1 -1 4260 4260
17019 CONNECTION 769 492 -1 -1 4260 4260
17020 CONNECTION 769 17 300 2580 4680 4680
17021 CONNECTION 769 1130 300 2580 4680 4680
17022 CONNECTION 769 135 300 3180 5280 5280
17023 CONNECTION 769 89 300 3360 5460 5460
17024 CONNECTION 769 181 300 3960 6060 6060
17025 CONNECTION 769 361 300 4980 7080 7080
17026 CONNECTION 769 278 300 5160 7260 7260
17027 CONNECTION 769 342 300 5760 7860 7860
17028 CONNECTION 769 429 300 5760 7860 7860
17029 CONNECTION 769 1136 300 5760 7860 7860
17030 CONNECTION 769 451 300 6180 8280 8280
17031 CONNECTION 872 873 -1 -1 1620 1620
17032 CONNECTION 872 212 -1 -1 2700 2700
17033 CONNECTION 872 562 -1 -1 3240 3240
17034 CONNECTION 872 1009 -1 -1 3420 3420
17035 CONNECTION 872 1122 -1 -1 3420 3420
17036 CONNECTION 872 1141 -1 -1 4020 4020
17037 CONNECTION 872 1149 -1 -1 4020 4020
17038 CONNECTION 872 492 -1 -1 4020 4020
17039 CONNECTION 872 17 -1 -1 4440 4440
17040 CONNECTION 872 1130 -1 -1 4440 4440
17041 CONNECTION 872 135 300 2940 5040 5040
17042 CONNECTION 872 89 300 3120 5220 5220
17043 CONNECTION 872 181 300 3720 5820 5820
17044 CONNECTION 872 361 300 4740 6840 6840
17045 CONNECTION 872 278 300 4920 7020 7020
17046 CONNECTION 872 342 300 5520 7620 7620
17047 CONNECTION 872 429 300 5520 7620 7620
17048 CONNECTION 872 1136 300 5520 7620 7620
17049 CONNECTION 872 451 300 5940 8040 8040
17050 CONNECTION 1128 1129 -1 -1 1860 1860
17051 CONNECTION 1128 88 -1 -1 2640 2640
17052 CONNECTION 1128 154 -1 -1 2640 2640
17053 CONNECTION 1128 922 -1 -1 4080 4080
17054 CONNECTION 1128 277 -1 -1 4440 4440
17055 CONNECTION 1128 1142 300 3780 5880 5880
17056 CONNECTION 1128 1150 300 3780 5880 5880
17057 CONNECTION 1128 450 300 3360 5460 5460
17058 CONNECTION 1128 519 300 4140 6240 6240
17059 CONNECTION 153 360 -1 -1 3720 3720
17060 CONNECTION 688 689 -1 -1 1560 1560
17061 CONNECTION 688 62 -1 -1 2160 2160
17062 CONNECTION 688 1140 -1 -1 2340 2340
17063 CONNECTION 688 1148 -1 -1 2340 2340
17064 CONNECTION 688 812 -1 -1 2460 2460
17065 CONNECTION 688 874 -1 -1 3360 3360
17066 CONNECTION 688 1135 -1 -1 3540 3540
17067 CONNECTION 688 180 -1 -1 4140 4140
17068 CONNECTION 688 1010 300 3060 5160 5160
17069 CONNECTION 688 1123 300 3060 5160 5160
17070 CONNECTION 688 493 300 3660 5760 5760
17071 CONNECTION 688 341 300 3840 5940 5940
17072 CONNECTION 688 428 300 3840 5940 5940
17073 CONNECTION 688 18 300 3960 6060 6060
17074 CONNECTION 688 1131 300 3960 6060 6060
17075 CONNECTION 688 90 300 4860 6960 6960
17076 CONNECTION 688 402 300 5040 7140 7140
17077 CONNECTION 561 562 -1 -1 1860 1860
17078 CONNECTION 561 1141 -1 -1 2640 2640
17079 CONNECTION 561 1149 -1 -1 2640 2640
17080 CONNECTION 561 492 -1 -1 2640 2640
17081 CONNECTION 561 17 -1 -1 3060 3060
17082 CONNECTION 561 1130 -1 -1 3060 3060
17083 CONNECTION 561 135 -1 -1 3660 3660
17084 CONNECTION 561 89 -1 -1 3840 3840
17085 CONNECTION 561 181 -1 -1 4440 4440
17086 CONNECTION 561 361 300 3360 5460 5460
17087 CONNECTION 561 278 300 3540 5640 5640
17088 CONNECTION 561 342 300 4140 6240 6240
17089 CONNECTION 561 429 300 4140 6240 6240
17090 CONNECTION 561 1136 300 4140 6240 6240
17091 CONNECTION 561 451 300 4560 6660 6660
17092 CONNECTION 561 520 300 5340 7440 7440
17093 CONNECTION 832 833 -1 -1 1200 1200
17094 CONNECTION 832 898 -1 -1 2640 2640
17095 CONNECTION 832 936 -1 -1 2640 2640
17096 CONNECTION 832 690 -1 -1 2160 2160
17097 CONNECTION 832 973 -1 -1 3000 3000
17098 CONNECTION 832 427 -1 -1 3720 3720
17099 CONNECTION 832 1047 -1 -1 4440 4440
17100 CONNECTION 832 875 -1 -1 3960 3960
17101 CONNECTION 832 401 300 2820 4920 4920
17102 CONNECTION 832 196 300 4140 6240 6240
17103 SINK 832 7 -1 -1 0 0
17104 CONNECTION 850 320 -1 -1 3480 3480
17105 CONNECTION 1114 320 -1 -1 3480 3480
17106 CONNECTION 745 746 -1 -1 2820 2820
17107 CONNECTION 745 16 -1 -1 2400 2400
17108 CONNECTION 745 1129 -1 -1 2400 2400
17109 CONNECTION 745 88 -1 -1 3180 3180
17110 CONNECTION 745 154 -1 -1 3180 3180
17111 CONNECTION 745 922 -1 -1 4620 4620
17112 CONNECTION 745 277 300 2880 4980 4980
17113 CONNECTION 745 1142 300 4320 6420 6420
17114 CONNECTION 745 1150 300 4320 6420 6420
17115 CONNECTION 745 450 300 3900 6000 6000
17116 CONNECTION 745 519 300 4680 6780 6780
17117 CONNECTION 792 793 -1 -1 2820 2820
17118 CONNECTION 792 16 -1 -1 2400 2400
17119 CONNECTION 792 1129 -1 -1 2400 2400
17120 CONNECTION 792 88 -1 -1 3180 3180
17121 CONNECTION 792 154 -1 -1 3180 3180
17122 CONNECTION 792 922 -1 -1 4620 4620
17123 CONNECTION 792 277 300 2880 4980 4980
17124 CONNECTION 792 1142 300 4320 6420 6420
17125 CONNECTION 792 1150 300 4320 6420 6420
17126 CONNECTION 792 450 300 3900 6000 6000
17127 CONNECTION 792 519 300 4680 6780 6780
17128 CONNECTION 1045 1046 -1 -1 1200 1200
17129 CONNECTION 1045 116 -1 -1 3000 3000
17130 CONNECTION 1045 321 300 2700 4800 4800
17131 CONNECTION 604 518 -1 -1 3900 3900
17132 CONNECTION 604 1143 300 7200 9300 9300
17133 CONNECTION 652 426 -1 -1 2760 2760
17134 CONNECTION 652 251 -1 -1 2940 2940
17135 CONNECTION 652 1046 -1 -1 2940 2940
17136 CONNECTION 652 116 300 2640 4740 4740
17137 CONNECTION 652 321 300 4440 6540 6540
17138 CONNECTION 920 921 -1 -1 1860 1860
17139 CONNECTION 920 562 -1 -1 2880 2880
17140 CONNECTION 920 1009 -1 -1 3060 3060
17141 CONNECTION 920 1122 -1 -1 3060 3060
17142 CONNECTION 920 1141 -1 -1 3660 3660
17143 CONNECTION 920 1149 -1 -1 3660 3660
17144 CONNECTION 920 492 -1 -1 3660 3660
17145 CONNECTION 920 17 -1 -1 4080 4080
17146 CONNECTION 920 1130 -1 -1 4080 4080
17147 CONNECTION 920 135 -1 -1 4680 4680
17148 CONNECTION 920 89 300 2760 4860 4860
17149 CONNECTION 920 181 300 3360 5460 5460
17150 CONNECTION 920 361 300 4380 6480 6480
17151 CONNECTION 920 278 300 4560 6660 6660
17152 CONNECTION 920 342 300 5160 7260 7260
17153 CONNECTION 920 429 300 5160 7260 7260
17154 CONNECTION 920 1136 300 5160 7260 7260
17155 CONNECTION 920 451 300 5580 7680 7680
17156 CONNECTION 920 520 300 6360 8460 8460
17157 CONNECTION 61 62 -1 -1 1560 1560
17158 CONNECTION 61 874 -1 -1 2760 2760
17159 CONNECTION 61 1135 -1 -1 2940 2940
17160 CONNECTION 61 180 -1 -1 3540 3540
17161 CONNECTION 61 1010 300 2460 4560 4560
17162 CONNECTION 61 1123 300 2460 4560 4560
17163 CONNECTION 61 493 300 3060 5160 5160
17164 CONNECTION 61 341 300 3240 5340 5340
17165 CONNECTION 61 428 300 3240 5340 5340
17166 CONNECTION 61 18 300 3360 5460 5460
17167 CONNECTION 61 1131 300 3360 5460 5460
17168 CONNECTION 61 90 300 4260 6360 6360
17169 CONNECTION 61 402 300 4440 6540 6540
17170 CONNECTION 61 279 300 6060 8160 8160
17171 CONNECTION 87 88 -1 -1 1860 1860
17172 CONNECTION 87 922 -1 -1 3300 3300
17173 CONNECTION 87 277 -1 -1 3660 3660
17174 CONNECTION 87 1142 -1 -1 5100 5100
17175 CONNECTION 87 1150 -1 -1 5100 5100
17176 CONNECTION 87 450 -1 -1 4680 4680
17177 CONNECTION 87 519 300 3360 5460 5460
17178 CONNECTION 1139 1140 -1 -1 1620 1620
17179 CONNECTION 1139 874 -1 -1 2640 2640
17180 CONNECTION 1139 1135 -1 -1 2820 2820
17181 CONNECTION 1139 180 -1 -1 3420 3420
17182 CONNECTION 1139 1010 -1 -1 4440 4440
17183 CONNECTION 1139 1123 -1 -1 4440 4440
17184 CONNECTION 1139 493 300 2940 5040 5040
17185 CONNECTION 1139 341 300 3120 5220 5220
17186 CONNECTION 1139 428 300 3120 5220 5220
17187 CONNECTION 1139 18 300 3240 5340 5340
17188 CONNECTION 1139 1131 300 3240 5340 5340
17189 CONNECTION 1139 90 300 4140 6240 6240
17190 CONNECTION 1139 402 300 4320 6420 6420
17191 CONNECTION 1139 279 300 5940 8040 8040
17192 CONNECTION 1139 1137 300 6540 8640 8640
17193 CONNECTION 666 320 -1 -1 3480 3480
17194 CONNECTION 951 973 -1 -1 2220 2220
17195 CONNECTION 951 427 -1 -1 2940 2940
17196 CONNECTION 951 1047 -1 -1 3660 3660
17197 CONNECTION 951 875 -1 -1 3180 3180
17198 CONNECTION 951 401 -1 -1 4140 4140
17199 CONNECTION 951 196 300 3360 5460 5460
17200 SINK 951 7 -1 -1 0 0
17201 CONNECTION 1147 1148 -1 -1 1620 1620
17202 CONNECTION 1147 874 -1 -1 2640 2640
17203 CONNECTION 1147 1135 -1 -1 2820 2820
17204 CONNECTION 1147 180 -1 -1 3420 3420
17205 CONNECTION 1147 1010 -1 -1 4440 4440
17206 CONNECTION 1147 1123 -1 -1 4440 4440
17207 CONNECTION 1147 493 300 2940 5040 5040
17208 CONNECTION 1147 341 300 3120 5220 5220
17209 CONNECTION 1147 428 300 3120 5220 5220
17210 CONNECTION 1147 18 300 3240 5340 5340
17211 CONNECTION 1147 1131 300 3240 5340 5340
17212 CONNECTION 1147 90 300 4140 6240 6240
17213 CONNECTION 1147 402 300 4320 6420 6420
17214 CONNECTION 1147 279 300 5940 8040 8040
17215 CONNECTION 1147 1137 300 6540 8640 8640
17216 CONNECTION 727 42 -1 -1 2760 2760
17217 CONNECTION 727 213 -1 -1 3540 3540
17218 CONNECTION 727 340 -1 -1 2880 2880
17219 CONNECTION 727 937 -1 -1 3720 3720
17220 CONNECTION 727 237 -1 -1 4560 4560
17221 CONNECTION 727 197 300 5220 7320 7320
17222 CONNECTION 986 295 -1 -1 4740 4740
17223 CONNECTION 235 319 -1 -1 1980 1980
17224 CONNECTION 811 812 -1 -1 1440 1440
17225 CONNECTION 811 874 -1 -1 2340 2340
17226 CONNECTION 811 1135 -1 -1 2520 2520
17227 CONNECTION 811 180 -1 -1 3120 3120
17228 CONNECTION 811 1010 -1 -1 4140 4140
17229 CONNECTION 811 1123 -1 -1 4140 4140
17230 CONNECTION 811 493 300 2640 4740 4740
17231 CONNECTION 811 341 300 2820 4920 4920
17232 CONNECTION 811 428 300 2820 4920 4920
17233 CONNECTION 811 18 300 2940 5040 5040
17234 CONNECTION 811 1131 300 2940 5040 5040
17235 CONNECTION 811 90 300 3840 5940 5940
17236 CONNECTION 811 402 300 4020 6120 6120
17237 CONNECTION 811 279 300 5640 7740 7740
17238 CONNECTION 811 1137 300 6240 8340 8340
17239 CONNECTION 114 115 -1 -1 3000 3000
17240 CONNECTION 114 294 -1 -1 3540 3540
17241 CONNECTION 114 320 -1 -1 4800 4800
17242 CONNECTION 617 1141 -1 -1 2640 2640
17243 CONNECTION 617 1149 -1 -1 2640 2640
17244 CONNECTION 617 492 -1 -1 2640 2640
17245 CONNECTION 617 17 -1 -1 3060 3060
17246 CONNECTION 617 1130 -1 -1 3060 3060
17247 CONNECTION 617 135 -1 -1 3660 3660
17248 CONNECTION 617 89 -1 -1 3840 3840
17249 CONNECTION 617 181 -1 -1 4440 4440
17250 CONNECTION 617 361 300 3360 5460 5460
17251 CONNECTION 617 278 300 3540 5640 5640
17252 CONNECTION 617 342 300 4140 6240 6240
17253 CONNECTION 617 429 300 4140 6240 6240
17254 CONNECTION 617 1136 300 4140 6240 6240
17255 CONNECTION 617 451 300 4560 6660 6660
17256 CONNECTION 617 520 300 5340 7440 7440
17257 CONNECTION 399 400 -1 -1 3300 3300
17258 CONNECTION 399 294 -1 -1 3420 3420
17259 CONNECTION 399 320 -1 -1 4680 4680
17260 CONNECTION 178 179 -1 -1 1560 1560
17261 CONNECTION 178 690 -1 -1 1800 1800
17262 CONNECTION 178 973 -1 -1 2640 2640
17263 CONNECTION 178 427 -1 -1 3360 3360
17264 CONNECTION 178 1047 -1 -1 4080 4080
17265 CONNECTION 178 875 -1 -1 3600 3600
17266 CONNECTION 178 401 300 2460 4560 4560
17267 CONNECTION 178 196 300 3780 5880 5880
17268 SINK 178 7 -1 -1 0 0
17269 CONNECTION 359 922 -1 -1 3600 3600
17270 CONNECTION 359 277 -1 -1 3960 3960
17271 CONNECTION 359 1142 -1 -1 5400 5400
17272 CONNECTION 359 1150 -1 -1 5400 5400
17273 CONNECTION 359 450 300 2880 4980 4980
17274 CONNECTION 359 519 300 3660 5760 5760
17275 CONNECTION 517 426 -1 -1 1800 1800
17276 CONNECTION 517 251 -1 -1 1980 1980
17277 CONNECTION 517 1046 -1 -1 1980 1980
17278 CONNECTION 517 116 -1 -1 3780 3780
17279 CONNECTION 517 321 300 3480 5580 5580
17280 CONNECTION 897 898 -1 -1 2100 2100
17281 CONNECTION 897 973 -1 -1 2460 2460
17282 CONNECTION 897 427 -1 -1 3180 3180
17283 CONNECTION 897 1047 -1 -1 3900 3900
17284 CONNECTION 897 875 -1 -1 3420 3420
17285 CONNECTION 897 401 -1 -1 4380 4380
17286 CONNECTION 897 196 300 3600 5700 5700
17287 SINK 897 7 -1 -1 0 0
17288 CONNECTION 689 690 -1 -1 1200 1200
17289 CONNECTION 689 973 -1 -1 2040 2040
17290 CONNECTION 689 427 -1 -1 2760 2760
17291 CONNECTION 689 1047 -1 -1 3480 3480
17292 CONNECTION 689 875 -1 -1 3000 3000
17293 CONNECTION 689 401 -1 -1 3960 3960
17294 CONNECTION 689 196 300 3180 5280 5280
17295 SINK 689 7 -1 -1 0 0
17296 CONNECTION 41 42 -1 -1 2100 2100
17297 CONNECTION 41 213 -1 -1 2880 2880
17298 CONNECTION 41 340 -1 -1 2220 2220
17299 CONNECTION 41 937 -1 -1 3060 3060
17300 CONNECTION 41 237 -1 -1 3900 3900
17301 CONNECTION 41 197 300 4560 6660 6660
17302 CONNECTION 580 492 -1 -1 2220 2220
17303 CONNECTION 580 17 -1 -1 2640 2640
17304 CONNECTION 580 1130 -1 -1 2640 2640
17305 CONNECTION 580 135 -1 -1 3240 3240
17306 CONNECTION 580 89 -1 -1 3420 3420
17307 CONNECTION 580 181 -1 -1 4020 4020
17308 CONNECTION 580 361 300 2940 5040 5040
17309 CONNECTION 580 278 300 3120 5220 5220
17310 CONNECTION 580 342 300 3720 5820 5820
17311 CONNECTION 580 429 300 3720 5820 5820
17312 CONNECTION 580 1136 300 3720 5820 5820
17313 CONNECTION 580 451 300 4140 6240 6240
17314 CONNECTION 580 520 300 4920 7020 7020
17315 CONNECTION 1008 1009 -1 -1 1620 1620
17316 CONNECTION 1008 492 -1 -1 2220 2220
17317 CONNECTION 1008 17 -1 -1 2640 2640
17318 CONNECTION 1008 1130 -1 -1 2640 2640
17319 CONNECTION 1008 135 -1 -1 3240 3240
17320 CONNECTION 1008 89 -1 -1 3420 3420
17321 CONNECTION 1008 181 -1 -1 4020 4020
17322 CONNECTION 1008 361 300 2940 5040 5040
17323 CONNECTION 1008 278 300 3120 5220 5220
17324 CONNECTION 1008 342 300 3720 5820 5820
17325 CONNECTION 1008 429 300 3720 5820 5820
17326 CONNECTION 1008 1136 300 3720 5820 5820
17327 CONNECTION 1008 451 300 4140 6240 6240
17328 CONNECTION 1008 520 300 4920 7020 7020
17329 CONNECTION 1121 1122 -1 -1 1620 1620
17330 CONNECTION 1121 492 -1 -1 2220 2220
17331 CONNECTION 1121 17 -1 -1 2640 2640
17332 CONNECTION 1121 1130 -1 -1 2640 2640
17333 CONNECTION 1121 135 -1 -1 3240 3240
17334 CONNECTION 1121 89 -1 -1 3420 3420
17335 CONNECTION 1121 181 -1 -1 4020 4020
17336 CONNECTION 1121 361 300 2940 5040 5040
17337 CONNECTION 1121 278 300 3120 5220 5220
17338 CONNECTION 1121 342 300 3720 5820 5820
17339 CONNECTION 1121 429 300 3720 5820 5820
17340 CONNECTION 1121 1136 300 3720 5820 5820
17341 CONNECTION 1121 451 300 4140 6240 6240
17342 CONNECTION 1121 520 300 4920 7020 7020
17343 CONNECTION 873 874 -1 -1 1560 1560
17344 CONNECTION 873 180 -1 -1 2340 2340
17345 CONNECTION 873 1010 -1 -1 3360 3360
17346 CONNECTION 873 1123 -1 -1 3360 3360
17347 CONNECTION 873 493 -1 -1 3960 3960
17348 CONNECTION 873 341 -1 -1 4140 4140
17349 CONNECTION 873 428 -1 -1 4140 4140
17350 CONNECTION 873 18 -1 -1 4260 4260
17351 CONNECTION 873 1131 -1 -1 4260 4260
17352 CONNECTION 873 90 300 3060 5160 5160
17353 CONNECTION 873 402 300 3240 5340 5340
17354 CONNECTION 873 279 300 4860 6960 6960
17355 CONNECTION 873 1137 300 5460 7560 7560
17356 CONNECTION 134 135 -1 -1 1860 1860
17357 CONNECTION 134 181 -1 -1 2640 2640
17358 CONNECTION 134 361 -1 -1 3660 3660
17359 CONNECTION 134 278 -1 -1 3840 3840
17360 CONNECTION 134 342 -1 -1 4440 4440
17361 CONNECTION 134 429 -1 -1 4440 4440
17362 CONNECTION 134 1136 -1 -1 4440 4440
17363 CONNECTION 134 451 300 2760 4860 4860
17364 CONNECTION 134 520 300 3540 5640 5640
17365 CONNECTION 972 973 -1 -1 1200 1200
17366 CONNECTION 972 1047 -1 -1 2640 2640
17367 CONNECTION 972 875 -1 -1 2160 2160
17368 CONNECTION 972 401 -1 -1 3120 3120
17369 CONNECTION 972 196 -1 -1 4440 4440
17370 SINK 972 7 -1 -1 0 0
17371 CONNECTION 704 116 -1 -1 3180 3180
17372 CONNECTION 704 321 300 2880 4980 4980
17373 CONNECTION 1134 1135 -1 -1 1620 1620
17374 CONNECTION 1134 180 -1 -1 2220 2220
17375 CONNECTION 1134 1010 -1 -1 3240 3240
17376 CONNECTION 1134 1123 -1 -1 3240 3240
17377 CONNECTION 1134 493 -1 -1 3840 3840
17378 CONNECTION 1134 341 -1 -1 4020 4020
17379 CONNECTION 1134 428 -1 -1 4020 4020
17380 CONNECTION 1134 18 -1 -1 4140 4140
17381 CONNECTION 1134 1131 -1 -1 4140 4140
17382 CONNECTION 1134 90 300 2940 5040 5040
17383 CONNECTION 1134 402 300 3120 5220 5220
17384 CONNECTION 1134 279 300 4740 6840 6840
17385 CONNECTION 1134 1137 300 5340 7440 7440
17386 CONNECTION 1134 521 300 6540 8640 8640
17387 CONNECTION 1024 196 -1 -1 2880 2880
17388 SINK 1024 7 -1 -1 0 0
17389 CONNECTION 115 116 -1 -1 1200 1200
17390 CONNECTION 115 321 -1 -1 3000 3000
17391 CONNECTION 921 922 -1 -1 2820 2820
17392 CONNECTION 921 277 -1 -1 3180 3180
17393 CONNECTION 921 1142 -1 -1 4620 4620
17394 CONNECTION 921 1150 -1 -1 4620 4620
17395 CONNECTION 921 450 -1 -1 4200 4200
17396 CONNECTION 921 519 300 2880 4980 4980
17397 CONNECTION 62 427 -1 -1 2160 2160
17398 CONNECTION 62 1047 -1 -1 2880 2880
17399 CONNECTION 62 875 -1 -1 2400 2400
17400 CONNECTION 62 401 -1 -1 3360 3360
17401 CONNECTION 62 196 -1 -1 4680 4680
17402 SINK 62 7 -1 -1 0 0
17403 CONNECTION 746 1143 300 5400 7500 7500
17404 CONNECTION 793 1143 300 5400 7500 7500
17405 CONNECTION 833 116 -1 -1 2940 2940
17406 CONNECTION 833 321 300 2640 4740 4740
17407 CONNECTION 400 401 -1 -1 1560 1560
17408 CONNECTION 400 196 -1 -1 2880 2880
17409 SINK 400 7 -1 -1 0 0
17410 CONNECTION 1140 1141 -1 -1 1860 1860
17411 CONNECTION 1140 17 -1 -1 2280 2280
17412 CONNECTION 1140 1130 -1 -1 2280 2280
17413 CONNECTION 1140 135 -1 -1 2880 2880
17414 CONNECTION 1140 89 -1 -1 3060 3060
17415 CONNECTION 1140 181 -1 -1 3660 3660
17416 CONNECTION 1140 361 -1 -1 4680 4680
17417 CONNECTION 1140 278 300 2760 4860 4860
17418 CONNECTION 1140 342 300 3360 5460 5460
17419 CONNECTION 1140 429 300 3360 5460 5460
17420 CONNECTION 1140 1136 300 3360 5460 5460
17421 CONNECTION 1140 451 300 3780 5880 5880
17422 CONNECTION 1140 520 300 4560 6660 6660
17423 CONNECTION 1148 1149 -1 -1 1860 1860
17424 CONNECTION 1148 17 -1 -1 2280 2280
17425 CONNECTION 1148 1130 -1 -1 2280 2280
17426 CONNECTION 1148 135 -1 -1 2880 2880
17427 CONNECTION 1148 89 -1 -1 3060 3060
17428 CONNECTION 1148 181 -1 -1 3660 3660
17429 CONNECTION 1148 361 -1 -1 4680 4680
17430 CONNECTION 1148 278 300 2760 4860 4860
17431 CONNECTION 1148 342 300 3360 5460 5460
17432 CONNECTION 1148 429 300 3360 5460 5460
17433 CONNECTION 1148 1136 300 3360 5460 5460
17434 CONNECTION 1148 451 300 3780 5880 5880
17435 CONNECTION 1148 520 300 4560 6660 6660
17436 CONNECTION 276 277 -1 -1 1860 1860
17437 CONNECTION 276 1142 -1 -1 3300 3300
17438 CONNECTION 276 1150 -1 -1 3300 3300
17439 CONNECTION 276 450 -1 -1 2880 2880
17440 CONNECTION 276 519 -1 -1 3660 3660
17441 CONNECTION 179 180 -1 -1 1620 1620
17442 CONNECTION 179 1010 -1 -1 2640 2640
17443 CONNECTION 179 1123 -1 -1 2640 2640
17444 CONNECTION 179 493 -1 -1 3240 3240
17445 CONNECTION 179 341 -1 -1 3420 3420
17446 CONNECTION 179 428 -1 -1 3420 3420
17447 CONNECTION 179 18 -1 -1 3540 3540
17448 CONNECTION 179 1131 -1 -1 3540 3540
17449 CONNECTION 179 90 -1 -1 4440 4440
17450 CONNECTION 179 402 300 2520 4620 4620
17451 CONNECTION 179 279 300 4140 6240 6240
17452 CONNECTION 179 1137 300 4740 6840 6840
17453 CONNECTION 179 521 300 5940 8040 8040
17454 CONNECTION 212 213 -1 -1 2100 2100
17455 CONNECTION 212 237 -1 -1 3120 3120
17456 CONNECTION 212 197 300 3780 5880 5880
17457 CONNECTION 812 937 -1 -1 2700 2700
17458 CONNECTION 812 237 -1 -1 3540 3540
17459 CONNECTION 812 197 300 4200 6300 6300
17460 CONNECTION 16 17 -1 -1 1620 1620
17461 CONNECTION 16 89 -1 -1 2400 2400
17462 CONNECTION 16 181 -1 -1 3000 3000
17463 CONNECTION 16 361 -1 -1 4020 4020
17464 CONNECTION 16 278 -1 -1 4200 4200
17465 CONNECTION 16 342 300 2700 4800 4800
17466 CONNECTION 16 429 300 2700 4800 4800
17467 CONNECTION 16 1136 300 2700 4800 4800
17468 CONNECTION 16 451 300 3120 5220 5220
17469 CONNECTION 16 520 300 3900 6000 6000
17470 CONNECTION 898 237 -1 -1 2760 2760
17471 CONNECTION 898 197 300 3420 5520 5520
17472 CONNECTION 936 937 -1 -1 1920 1920
17473 CONNECTION 936 237 -1 -1 2760 2760
17474 CONNECTION 936 197 300 3420 5520 5520
17475 CONNECTION 1129 1130 -1 -1 1620 1620
17476 CONNECTION 1129 89 -1 -1 2400 2400
17477 CONNECTION 1129 181 -1 -1 3000 3000
17478 CONNECTION 1129 361 -1 -1 4020 4020
17479 CONNECTION 1129 278 -1 -1 4200 4200
17480 CONNECTION 1129 342 300 2700 4800 4800
17481 CONNECTION 1129 429 300 2700 4800 4800
17482 CONNECTION 1129 1136 300 2700 4800 4800
17483 CONNECTION 1129 451 300 3120 5220 5220
17484 CONNECTION 1129 520 300 3900 6000 6000
17485 CONNECTION 195 196 -1 -1 2100 2100
17486 SINK 195 7 -1 -1 0 0
17487 CONNECTION 319 320 -1 -1 3000 3000
17488 CONNECTION 294 295 -1 -1 3480 3480
17489 CONNECTION 426 427 -1 -1 1560 1560
17490 CONNECTION 426 875 -1 -1 1800 1800
17491 CONNECTION 426 401 -1 -1 2760 2760
17492 CONNECTION 426 196 -1 -1 4080 4080
17493 SINK 426 7 -1 -1 0 0
17494 CONNECTION 562 1142 -1 -1 3600 3600
17495 CONNECTION 562 1150 -1 -1 3600 3600
17496 CONNECTION 562 450 -1 -1 3180 3180
17497 CONNECTION 562 519 -1 -1 3960 3960
17498 CONNECTION 690 116 -1 -1 1980 1980
17499 CONNECTION 690 321 -1 -1 3780 3780
17500 CONNECTION 251 401 -1 -1 2580 2580
17501 CONNECTION 251 196 -1 -1 3900 3900
17502 SINK 251 7 -1 -1 0 0
17503 CONNECTION 1046 1047 -1 -1 2100 2100
17504 CONNECTION 1046 401 -1 -1 2580 2580
17505 CONNECTION 1046 196 -1 -1 3900 3900
17506 SINK 1046 7 -1 -1 0 0
17507 CONNECTION 874 875 -1 -1 1200 1200
17508 CONNECTION 874 401 -1 -1 2160 2160
17509 CONNECTION 874 196 -1 -1 3480 3480
17510 SINK 874 7 -1 -1 0 0
17511 CONNECTION 236 237 -1 -1 2100 2100
17512 CONNECTION 236 197 300 2760 4860 4860
17513 CONNECTION 88 89 -1 -1 1620 1620
17514 CONNECTION 88 361 -1 -1 3240 3240
17515 CONNECTION 88 278 -1 -1 3420 3420
17516 CONNECTION 88 342 -1 -1 4020 4020
17517 CONNECTION 88 429 -1 -1 4020 4020
17518 CONNECTION 88 1136 -1 -1 4020 4020
17519 CONNECTION 88 451 -1 -1 4440 4440
17520 CONNECTION 88 520 300 3120 5220 5220
17521 CONNECTION 154 361 -1 -1 3240 3240
17522 CONNECTION 154 278 -1 -1 3420 3420
17523 CONNECTION 154 342 -1 -1 4020 4020
17524 CONNECTION 154 429 -1 -1 4020 4020
17525 CONNECTION 154 1136 -1 -1 4020 4020
17526 CONNECTION 154 451 -1 -1 4440 4440
17527 CONNECTION 154 520 300 3120 5220 5220
17528 CONNECTION 449 450 -1 -1 1860 1860
17529 CONNECTION 449 519 -1 -1 2640 2640
17530 CONNECTION 449 1144 300 5940 8040 8040
17531 CONNECTION 1135 181 -1 -1 2460 2460
17532 CONNECTION 1135 361 -1 -1 3480 3480
17533 CONNECTION 1135 278 -1 -1 3660 3660
17534 CONNECTION 1135 342 -1 -1 4260 4260
17535 CONNECTION 1135 429 -1 -1 4260 4260
17536 CONNECTION 1135 1136 -1 -1 4260 4260
17537 CONNECTION 1135 451 300 2580 4680 4680
17538 CONNECTION 1135 520 300 3360 5460 5460
17539 CONNECTION 1009 1010 -1 -1 1560 1560
17540 CONNECTION 1009 493 -1 -1 2160 2160
17541 CONNECTION 1009 341 -1 -1 2340 2340
17542 CONNECTION 1009 428 -1 -1 2340 2340
17543 CONNECTION 1009 18 -1 -1 2460 2460
17544 CONNECTION 1009 1131 -1 -1 2460 2460
17545 CONNECTION 1009 90 -1 -1 3360 3360
17546 CONNECTION 1009 402 -1 -1 3540 3540
17547 CONNECTION 1009 279 300 3060 5160 5160
17548 CONNECTION 1009 1137 300 3660 5760 5760
17549 CONNECTION 1009 521 300 4860 6960 6960
17550 CONNECTION 1122 1123 -1 -1 1560 1560
17551 CONNECTION 1122 493 -1 -1 2160 2160
17552 CONNECTION 1122 341 -1 -1 2340 2340
17553 CONNECTION 1122 428 -1 -1 2340 2340
17554 CONNECTION 1122 18 -1 -1 2460 2460
17555 CONNECTION 1122 1131 -1 -1 2460 2460
17556 CONNECTION 1122 90 -1 -1 3360 3360
17557 CONNECTION 1122 402 -1 -1 3540 3540
17558 CONNECTION 1122 279 300 3060 5160 5160
17559 CONNECTION 1122 1137 300 3660 5760 5760
17560 CONNECTION 1122 521 300 4860 6960 6960
17561 CONNECTION 42 196 -1 -1 2640 2640
17562 SINK 42 7 -1 -1 0 0
17563 CONNECTION 360 361 -1 -1 1860 1860
17564 CONNECTION 360 342 -1 -1 2640 2640
17565 CONNECTION 360 429 -1 -1 2640 2640
17566 CONNECTION 360 1136 -1 -1 2640 2640
17567 CONNECTION 360 451 -1 -1 3060 3060
17568 CONNECTION 360 520 -1 -1 3840 3840
17569 CONNECTION 320 321 -1 -1 1200 1200
17570 CONNECTION 1141 1142 -1 -1 2820 2820
17571 CONNECTION 1141 450 -1 -1 2400 2400
17572 CONNECTION 1141 519 -1 -1 3180 3180
17573 CONNECTION 1141 1144 300 6480 8580 8580
17574 CONNECTION 1149 1150 -1 -1 2820 2820
17575 CONNECTION 1149 450 -1 -1 2400 2400
17576 CONNECTION 1149 519 -1 -1 3180 3180
17577 CONNECTION 1149 1144 300 6480 8580 8580
17578 CONNECTION 922 1143 -1 -1 5700 5700
17579 CONNECTION 973 321 -1 -1 2940 2940
17580 CONNECTION 180 181 -1 -1 1860 1860
17581 CONNECTION 180 361 -1 -1 2880 2880
17582 CONNECTION 180 278 -1 -1 3060 3060
17583 CONNECTION 180 342 -1 -1 3660 3660
17584 CONNECTION 180 429 -1 -1 3660 3660
17585 CONNECTION 180 1136 -1 -1 3660 3660
17586 CONNECTION 180 451 -1 -1 4080 4080
17587 CONNECTION 180 520 300 2760 4860 4860
17588 CONNECTION 492 493 -1 -1 1560 1560
17589 CONNECTION 492 90 -1 -1 2760 2760
17590 CONNECTION 492 402 -1 -1 2940 2940
17591 CONNECTION 492 279 300 2460 4560 4560
17592 CONNECTION 492 1137 300 3060 5160 5160
17593 CONNECTION 492 521 300 4260 6360 6360
17594 CONNECTION 518 519 -1 -1 1860 1860
17595 CONNECTION 518 1144 300 5160 7260 7260
17596 CONNECTION 427 428 -1 -1 1620 1620
17597 CONNECTION 427 90 -1 -1 2640 2640
17598 CONNECTION 427 402 -1 -1 2820 2820
17599 CONNECTION 427 279 -1 -1 4440 4440
17600 CONNECTION 427 1137 300 2940 5040 5040
17601 CONNECTION 427 521 300 4140 6240 6240
17602 SINK 213 7 -1 -1 0 0
17603 CONNECTION 340 341 -1 -1 1620 1620
17604 CONNECTION 340 90 -1 -1 2640 2640
17605 CONNECTION 340 402 -1 -1 2820 2820
17606 CONNECTION 340 279 -1 -1 4440 4440
17607 CONNECTION 340 1137 300 2940 5040 5040
17608 CONNECTION 340 521 300 4140 6240 6240
17609 CONNECTION 1047 197 -1 -1 3720 3720
17610 CONNECTION 17 18 -1 -1 1440 1440
17611 CONNECTION 17 90 -1 -1 2340 2340
17612 CONNECTION 17 402 -1 -1 2520 2520
17613 CONNECTION 17 279 -1 -1 4140 4140
17614 CONNECTION 17 1137 300 2640 4740 4740
17615 CONNECTION 17 521 300 3840 5940 5940
17616 CONNECTION 1130 1131 -1 -1 1440 1440
17617 CONNECTION 1130 90 -1 -1 2340 2340
17618 CONNECTION 1130 402 -1 -1 2520 2520
17619 CONNECTION 1130 279 -1 -1 4140 4140
17620 CONNECTION 1130 1137 300 2640 4740 4740
17621 CONNECTION 1130 521 300 3840 5940 5940
17622 CONNECTION 937 342 -1 -1 2640 2640
17623 CONNECTION 937 429 -1 -1 2640 2640
17624 CONNECTION 937 1136 -1 -1 2640 2640
17625 CONNECTION 937 451 -1 -1 3060 3060
17626 CONNECTION 937 520 -1 -1 3840 3840
17627 CONNECTION 135 1144 300 5460 7560 7560
17628 CONNECTION 875 321 -1 -1 1980 1980
17629 SINK 116 7 -1 -1 0 0
17630 SINK 1010 7 -1 -1 0 0
17631 SINK 1123 7 -1 -1 0 0
17632 CONNECTION 277 278 -1 -1 1620 1620
17633 CONNECTION 277 1136 -1 -1 2220 2220
17634 CONNECTION 277 451 -1 -1 2640 2640
17635 CONNECTION 277 520 -1 -1 3420 3420
17636 CONNECTION 89 90 -1 -1 1560 1560
17637 CONNECTION 89 279 -1 -1 3360 3360
17638 CONNECTION 89 1137 -1 -1 3960 3960
17639 CONNECTION 89 521 300 3060 5160 5160
17640 SINK 237 7 -1 -1 0 0
17641 CONNECTION 401 402 -1 -1 1620 1620
17642 CONNECTION 401 279 -1 -1 3240 3240
17643 CONNECTION 401 1137 -1 -1 3840 3840
17644 CONNECTION 401 521 300 2940 5040 5040
17645 SINK 295 7 -1 -1 0 0
17646 CONNECTION 181 1144 300 4680 6780 6780
17647 SINK 493 7 -1 -1 0 0
17648 CONNECTION 1142 1143 -1 -1 3900 3900
17649 CONNECTION 1150 1143 -1 -1 3900 3900
17650 CONNECTION 341 342 -1 -1 1860 1860
17651 CONNECTION 341 451 -1 -1 2280 2280
17652 CONNECTION 341 520 -1 -1 3060 3060
17653 CONNECTION 341 1145 300 6360 8460 8460
17654 CONNECTION 428 429 -1 -1 1860 1860
17655 CONNECTION 428 451 -1 -1 2280 2280
17656 CONNECTION 428 520 -1 -1 3060 3060
17657 CONNECTION 428 1145 300 6360 8460 8460
17658 CONNECTION 18 197 -1 -1 2700 2700
17659 CONNECTION 1131 197 -1 -1 2700 2700
17660 CONNECTION 196 197 -1 -1 1920 1920
17661 CONNECTION 450 451 -1 -1 1620 1620
17662 CONNECTION 450 520 -1 -1 2400 2400
17663 CONNECTION 450 1145 300 5700 7800 7800
17664 CONNECTION 361 1144 300 3660 5760 5760
17665 SINK 321 7 -1 -1 0 0
17666 SINK 90 7 -1 -1 0 0
17667 CONNECTION 402 1145 300 5160 7260 7260
17668 CONNECTION 519 520 -1 -1 1620 1620
17669 CONNECTION 519 1145 300 4920 7020 7020
17670 CONNECTION 278 279 -1 -1 1560 1560
17671 CONNECTION 278 1137 -1 -1 2160 2160
17672 CONNECTION 278 521 -1 -1 3360 3360
17673 CONNECTION 342 1144 300 2880 4980 4980
17674 CONNECTION 429 1144 300 2880 4980 4980
17675 CONNECTION 1136 1137 -1 -1 1560 1560
17676 CONNECTION 1136 521 -1 -1 2760 2760
17677 CONNECTION 1136 1146 300 6060 8160 8160
17678 CONNECTION 451 521 -1 -1 2340 2340
17679 CONNECTION 451 1146 300 5640 7740 7740
17680 CONNECTION 197 1145 300 3540 5640 5640
17681 SINK 279 7 -1 -1 0 0
17682 CONNECTION 520 521 -1 -1 1560 1560
17683 CONNECTION 520 1146 300 4860 6960 6960
17684 SINK 1137 7 -1 -1 0 0
17685 CONNECTION 1143 1144 -1 -1 1860 1860
17686 SINK 521 7 -1 -1 0 0
17687 CONNECTION 1144 1145 -1 -1 1620 1620
17688 CONNECTION 1145 1146 -1 -1 1560 1560
17689 SINK 1146 7 -1 -1 0 0
