0 SOURCE 0 0 -1 -1 4080 32880
1 SOURCE 0 146 -1 -1 1740 30540
2 SOURCE 0 278 -1 -1 1740 30540
3 SOURCE 0 19 -1 -1 1380 30180
4 SOURCE 0 255 -1 -1 2340 31140
5 SOURCE 0 424 -1 -1 1740 30540
6 SOURCE 0 202 -1 -1 2280 31080
7 SOURCE 0 454 -1 -1 4080 32880
8 SOURCE 0 594 -1 -1 1740 30540
9 SOURCE 0 123 -1 -1 2340 31140
10 SOURCE 0 76 -1 -1 1740 30540
11 SOURCE 0 476 -1 -1 1380 30180
12 SOURCE 0 51 -1 -1 2280 31080
13 SOURCE 0 179 -1 -1 1380 30180
14 SOURCE 0 377 -1 -1 1380 30180
15 SOURCE 0 697 -1 -1 2340 31140
16 SOURCE 0 227 -1 -1 1740 30540
17 SOURCE 0 360 -1 -1 4080 32880
18 SOURCE 0 647 -1 -1 2280 31080
19 SOURCE 0 335 -1 -1 2340 31140
20 SOURCE 0 796 -1 -1 4080 32880
21 SOURCE 0 311 -1 -1 2280 31080
22 SOURCE 0 397 -1 -1 1740 30540
23 SOURCE 0 571 -1 -1 2340 31140
24 SOURCE 0 527 -1 -1 1740 30540
25 SOURCE 0 204 -1 -1 1380 30180
26 SOURCE 0 502 -1 -1 2280 31080
27 SOURCE 0 624 -1 -1 1380 30180
28 SOURCE 0 181 -1 -1 2340 31140
29 SOURCE 0 782 -1 -1 1380 30180
30 SOURCE 0 672 -1 -1 1740 30540
31 SOURCE 0 23 -1 -1 2280 31080
32 SOURCE 0 768 -1 -1 4080 32880
33 SOURCE 0 743 -1 -1 2340 31140
34 SOURCE 0 106 -1 -1 4080 32880
35 SOURCE 0 719 -1 -1 2280 31080
36 SOURCE 0 79 -1 -1 1740 30540
37 SOURCE 0 853 -1 -1 2340 31140
38 SOURCE 0 230 -1 -1 1740 30540
39 SOURCE 0 649 -1 -1 1380 30180
40 SOURCE 0 814 -1 -1 2280 31080
41 SOURCE 0 874 -1 -1 1380 30180
42 SOURCE 0 626 -1 -1 2340 31140
43 SOURCE 0 947 -1 -1 1380 30180
44 SOURCE 0 400 -1 -1 1740 30540
45 SOURCE 0 480 -1 -1 2280 31080
46 SOURCE 0 933 -1 -1 4080 32880
47 SOURCE 0 913 -1 -1 2340 31140
48 SOURCE 0 557 -1 -1 4080 32880
49 SOURCE 0 894 -1 -1 2280 31080
50 SOURCE 0 530 -1 -1 1740 30540
51 SOURCE 0 55 -1 -1 2340 31140
52 SOURCE 0 675 -1 -1 1740 30540
53 SOURCE 0 984 -1 -1 1740 30540
54 SOURCE 0 207 -1 -1 1380 30180
55 SOURCE 0 964 -1 -1 2280 31080
56 SOURCE 0 261 -1 -1 1380 30180
57 SOURCE 0 362 -1 -1 1380 30180
58 SOURCE 0 876 -1 -1 2340 31140
59 SOURCE 0 82 -1 -1 1740 30540
60 SOURCE 0 26 -1 -1 2280 31080
61 SOURCE 0 381 -1 -1 4080 32880
62 SOURCE 0 315 -1 -1 2340 31140
63 SOURCE 0 839 -1 -1 4080 32880
64 SOURCE 0 129 -1 -1 2280 31080
65 SOURCE 0 233 -1 -1 1740 30540
66 SOURCE 0 506 -1 -1 2340 31140
67 SOURCE 0 403 -1 -1 1740 30540
68 SOURCE 0 652 -1 -1 1380 30180
69 SOURCE 0 341 -1 -1 2280 31080
70 SOURCE 0 703 -1 -1 1380 30180
71 SOURCE 0 185 -1 -1 2340 31140
72 SOURCE 0 770 -1 -1 1380 30180
73 SOURCE 0 533 -1 -1 1740 30540
74 SOURCE 0 483 -1 -1 2280 31080
75 SOURCE 0 786 -1 -1 4080 32880
76 SOURCE 0 723 -1 -1 2340 31140
77 SOURCE 0 109 -1 -1 4080 32880
78 SOURCE 0 577 -1 -1 2280 31080
79 SOURCE 0 678 -1 -1 1740 30540
80 SOURCE 0 990 -1 -1 1740 30540
81 SOURCE 0 818 -1 -1 2340 31140
82 SOURCE 0 85 -1 -1 1740 30540
83 SOURCE 0 210 -1 -1 1380 30180
84 SOURCE 0 749 -1 -1 2280 31080
85 SOURCE 0 996 -1 -1 1380 30180
86 SOURCE 0 630 -1 -1 2340 31140
87 SOURCE 0 935 -1 -1 1380 30180
88 SOURCE 0 236 -1 -1 1740 30540
89 SOURCE 0 29 -1 -1 2280 31080
90 SOURCE 0 951 -1 -1 4080 32880
91 SOURCE 0 898 -1 -1 2340 31140
92 SOURCE 0 560 -1 -1 4080 32880
93 SOURCE 0 859 -1 -1 2280 31080
94 SOURCE 0 406 -1 -1 1740 30540
95 SOURCE 0 968 -1 -1 2340 31140
96 SOURCE 0 536 -1 -1 1740 30540
97 SOURCE 0 655 -1 -1 1380 30180
98 SOURCE 0 919 -1 -1 2280 31080
99 SOURCE 0 265 -1 -1 1380 30180
100 SOURCE 0 365 -1 -1 1380 30180
101 SOURCE 0 880 -1 -1 2340 31140
102 SOURCE 0 998 -1 -1 2340 31140
103 SOURCE 0 681 -1 -1 1740 30540
104 SOURCE 0 1004 -1 -1 1740 30540
105 SOURCE 0 384 -1 -1 4080 32880
106 SOURCE 0 486 -1 -1 2280 31080
107 SOURCE 0 60 -1 -1 2340 31140
108 SOURCE 0 842 -1 -1 4080 32880
109 SOURCE 0 1010 -1 -1 2280 31080
110 SOURCE 0 88 -1 -1 1740 30540
111 SOURCE 0 320 -1 -1 2340 31140
112 SOURCE 0 239 -1 -1 1740 30540
113 SOURCE 0 213 -1 -1 1380 30180
114 SOURCE 0 134 -1 -1 2280 31080
115 SOURCE 0 707 -1 -1 1380 30180
116 SOURCE 0 189 -1 -1 2340 31140
117 SOURCE 0 773 -1 -1 1380 30180
118 SOURCE 0 409 -1 -1 1740 30540
119 SOURCE 0 32 -1 -1 2280 31080
120 SOURCE 0 789 -1 -1 4080 32880
121 SOURCE 0 511 -1 -1 2340 31140
122 SOURCE 0 112 -1 -1 4080 32880
123 SOURCE 0 346 -1 -1 2280 31080
124 SOURCE 0 539 -1 -1 1740 30540
125 SOURCE 0 728 -1 -1 2340 31140
126 SOURCE 0 684 -1 -1 1740 30540
127 SOURCE 0 1020 -1 -1 1740 30540
128 SOURCE 0 658 -1 -1 1380 30180
129 SOURCE 0 582 -1 -1 2280 31080
130 SOURCE 0 1026 -1 -1 1380 30180
131 SOURCE 0 634 -1 -1 2340 31140
132 SOURCE 0 938 -1 -1 1380 30180
133 SOURCE 0 91 -1 -1 1740 30540
134 SOURCE 0 489 -1 -1 2280 31080
135 SOURCE 0 954 -1 -1 4080 32880
136 SOURCE 0 823 -1 -1 2340 31140
137 SOURCE 0 563 -1 -1 4080 32880
138 SOURCE 0 754 -1 -1 2280 31080
139 SOURCE 0 242 -1 -1 1740 30540
140 SOURCE 0 903 -1 -1 2340 31140
141 SOURCE 0 412 -1 -1 1740 30540
142 SOURCE 0 216 -1 -1 1380 30180
143 SOURCE 0 864 -1 -1 2280 31080
144 SOURCE 0 269 -1 -1 1380 30180
145 SOURCE 0 368 -1 -1 1380 30180
146 SOURCE 0 884 -1 -1 2340 31140
147 SOURCE 0 1028 -1 -1 2340 31140
148 SOURCE 0 542 -1 -1 1740 30540
149 SOURCE 0 35 -1 -1 2280 31080
150 SOURCE 0 387 -1 -1 4080 32880
151 SOURCE 0 973 -1 -1 2340 31140
152 SOURCE 0 1014 -1 -1 2340 31140
153 SOURCE 0 845 -1 -1 4080 32880
154 SOURCE 0 924 -1 -1 2280 31080
155 SOURCE 0 687 -1 -1 1740 30540
156 SOURCE 0 1034 -1 -1 1740 30540
157 SOURCE 0 65 -1 -1 2340 31140
158 SOURCE 0 94 -1 -1 1740 30540
159 SOURCE 0 661 -1 -1 1380 30180
160 SOURCE 0 1040 -1 -1 2280 31080
161 SOURCE 0 711 -1 -1 1380 30180
162 SOURCE 0 193 -1 -1 2340 31140
163 SOURCE 0 776 -1 -1 1380 30180
164 SOURCE 0 245 -1 -1 1740 30540
165 SOURCE 0 492 -1 -1 2280 31080
166 SOURCE 0 792 -1 -1 4080 32880
167 SOURCE 0 325 -1 -1 2340 31140
168 SOURCE 0 115 -1 -1 4080 32880
169 SOURCE 0 139 -1 -1 2280 31080
170 SOURCE 0 415 -1 -1 1740 30540
171 SOURCE 0 516 -1 -1 2340 31140
172 SOURCE 0 545 -1 -1 1740 30540
173 SOURCE 0 219 -1 -1 1380 30180
174 SOURCE 0 351 -1 -1 2280 31080
175 SOURCE 0 1050 -1 -1 1380 30180
176 SOURCE 0 638 -1 -1 2340 31140
177 SOURCE 0 941 -1 -1 1380 30180
178 SOURCE 0 690 -1 -1 1740 30540
179 SOURCE 0 1058 -1 -1 1740 30540
180 SOURCE 0 38 -1 -1 2280 31080
181 SOURCE 0 957 -1 -1 4080 32880
182 SOURCE 0 733 -1 -1 2340 31140
183 SOURCE 0 566 -1 -1 4080 32880
184 SOURCE 0 587 -1 -1 2280 31080
185 SOURCE 0 97 -1 -1 1740 30540
186 SOURCE 0 828 -1 -1 2340 31140
187 SOURCE 0 248 -1 -1 1740 30540
188 SOURCE 0 664 -1 -1 1380 30180
189 SOURCE 0 759 -1 -1 2280 31080
190 SOURCE 0 273 -1 -1 1380 30180
191 SOURCE 0 371 -1 -1 1380 30180
192 SOURCE 0 888 -1 -1 2340 31140
193 SOURCE 0 1052 -1 -1 2340 31140
194 SOURCE 0 418 -1 -1 1740 30540
195 SOURCE 0 390 -1 -1 4080 32880
196 SOURCE 0 495 -1 -1 2280 31080
197 SOURCE 0 908 -1 -1 2340 31140
198 SOURCE 0 848 -1 -1 4080 32880
199 SOURCE 0 869 -1 -1 2280 31080
200 SOURCE 0 548 -1 -1 1740 30540
201 SOURCE 0 978 -1 -1 2340 31140
202 SOURCE 0 1044 -1 -1 2340 31140
203 SOURCE 0 693 -1 -1 1740 30540
204 SOURCE 0 1064 -1 -1 1740 30540
205 SOURCE 0 222 -1 -1 1380 30180
206 SOURCE 0 929 -1 -1 2280 31080
207 SOURCE 0 715 -1 -1 1380 30180
208 SOURCE 0 197 -1 -1 2340 31140
209 SOURCE 0 779 -1 -1 1380 30180
210 SOURCE 0 100 -1 -1 1740 30540
211 SOURCE 0 41 -1 -1 2280 31080
212 SOURCE 0 795 -1 -1 4080 32880
213 SOURCE 0 70 -1 -1 2340 31140
214 SOURCE 0 118 -1 -1 4080 32880
215 SOURCE 0 1070 -1 -1 2280 31080
216 SOURCE 0 251 -1 -1 1740 30540
217 SOURCE 0 330 -1 -1 2340 31140
218 SOURCE 0 421 -1 -1 1740 30540
219 SOURCE 0 667 -1 -1 1380 30180
220 SOURCE 0 144 -1 -1 2280 31080
221 SOURCE 0 1080 -1 -1 1380 30180
222 SOURCE 0 642 -1 -1 2340 31140
223 SOURCE 0 944 -1 -1 1380 30180
224 SOURCE 0 551 -1 -1 1740 30540
225 SOURCE 0 498 -1 -1 2280 31080
226 SOURCE 0 521 -1 -1 2340 31140
227 SOURCE 0 469 -1 -1 4080 32880
228 SOURCE 0 356 -1 -1 2280 31080
229 SOURCE 0 1088 -1 -1 1740 30540
230 SOURCE 0 738 -1 -1 2340 31140
231 SOURCE 0 43 -1 -1 1380 30180
232 SOURCE 0 592 -1 -1 2280 31080
233 SOURCE 0 277 -1 -1 1380 30180
234 SOURCE 0 374 -1 -1 1380 30180
235 SOURCE 0 1082 -1 -1 2340 31140
236 SOURCE 0 833 -1 -1 2340 31140
237 SOURCE 0 764 -1 -1 2280 31080
238 SOURCE 0 47 -1 -1 2280 31080
239 CONNECTION 0 1 -1 -1 2400 2400
240 CONNECTION 0 105 -1 -1 5400 5400
241 CONNECTION 0 781 -1 -1 6180 6180
242 CONNECTION 0 455 300 1320 6000 6000
243 CONNECTION 0 556 300 2820 9000 9000
244 CONNECTION 0 946 300 3600 9780 9780
245 CONNECTION 146 147 -1 -1 1920 1920
246 CONNECTION 146 75 -1 -1 2700 2700
247 CONNECTION 146 279 -1 -1 3120 3120
248 CONNECTION 146 226 -1 -1 3900 3900
249 CONNECTION 146 425 -1 -1 4320 4320
250 CONNECTION 146 396 300 1260 5100 5100
251 CONNECTION 146 595 300 1440 5520 5520
252 CONNECTION 146 526 300 2460 6300 6300
253 CONNECTION 146 77 300 2640 6720 6720
254 CONNECTION 146 671 300 3660 7500 7500
255 CONNECTION 146 228 300 3840 7920 7920
256 CONNECTION 278 279 -1 -1 1920 1920
257 CONNECTION 278 226 -1 -1 2700 2700
258 CONNECTION 278 425 -1 -1 3120 3120
259 CONNECTION 278 396 -1 -1 3900 3900
260 CONNECTION 278 595 -1 -1 4320 4320
261 CONNECTION 278 526 300 1260 5100 5100
262 CONNECTION 278 77 300 1440 5520 5520
263 CONNECTION 278 671 300 2460 6300 6300
264 CONNECTION 278 228 300 2640 6720 6720
265 CONNECTION 278 151 300 3660 7500 7500
266 CONNECTION 278 398 300 3840 7920 7920
267 CONNECTION 19 20 -1 -1 1320 1320
268 CONNECTION 19 395 -1 -1 2460 2460
269 CONNECTION 19 148 -1 -1 2160 2160
270 CONNECTION 19 525 -1 -1 3660 3660
271 CONNECTION 19 696 -1 -1 3120 3120
272 CONNECTION 19 280 -1 -1 3360 3360
273 CONNECTION 19 359 -1 -1 3480 3480
274 CONNECTION 19 646 -1 -1 3600 3600
275 CONNECTION 19 670 300 780 4860 4860
276 CONNECTION 19 426 300 960 4560 4560
277 CONNECTION 19 477 300 1320 4920 4920
278 CONNECTION 19 150 300 1980 6060 6060
279 CONNECTION 19 378 300 2100 7380 7380
280 CONNECTION 19 596 300 2160 5760 5760
281 CONNECTION 19 282 300 3180 7260 7260
282 CONNECTION 19 180 300 3240 6720 6720
283 CONNECTION 19 78 300 3360 6960 6960
284 CONNECTION 19 767 300 3600 7080 7080
285 CONNECTION 19 22 300 3720 7200 7200
286 CONNECTION 19 428 300 4380 8460 8460
287 CONNECTION 19 229 300 4560 8160 8160
288 CONNECTION 147 148 -1 -1 1320 1320
289 CONNECTION 147 525 -1 -1 2820 2820
290 CONNECTION 147 696 -1 -1 2280 2280
291 CONNECTION 147 280 -1 -1 2520 2520
292 CONNECTION 147 359 -1 -1 2640 2640
293 CONNECTION 147 646 -1 -1 2760 2760
294 CONNECTION 147 670 -1 -1 4020 4020
295 CONNECTION 147 426 -1 -1 3720 3720
296 CONNECTION 147 477 300 480 4080 4080
297 CONNECTION 147 150 300 1140 5220 5220
298 CONNECTION 147 378 300 1260 6540 6540
299 CONNECTION 147 596 300 1320 4920 4920
300 CONNECTION 147 282 300 2340 6420 6420
301 CONNECTION 147 180 300 2400 5880 5880
302 CONNECTION 147 78 300 2520 6120 6120
303 CONNECTION 147 767 300 2760 6240 6240
304 CONNECTION 147 22 300 2880 6360 6360
305 CONNECTION 147 428 300 3540 7620 7620
306 CONNECTION 147 229 300 3720 7320 7320
307 CONNECTION 147 205 300 4080 7680 7680
308 CONNECTION 147 598 300 4740 8820 8820
309 CONNECTION 255 256 -1 -1 2160 2160
310 CONNECTION 255 149 -1 -1 2520 2520
311 CONNECTION 255 501 -1 -1 4320 4320
312 CONNECTION 255 124 -1 -1 4560 4560
313 CONNECTION 255 281 -1 -1 3720 3720
314 CONNECTION 255 623 300 540 4980 4980
315 CONNECTION 255 21 300 660 4260 4260
316 CONNECTION 255 427 300 1320 4920 4920
317 CONNECTION 255 698 300 1320 5760 5760
318 CONNECTION 255 718 300 1680 6120 6120
319 CONNECTION 255 336 300 1920 6360 6360
320 CONNECTION 255 597 300 2520 6120 6120
321 CONNECTION 255 813 300 3480 7920 7920
322 CONNECTION 255 572 300 3720 8160 8160
323 CONNECTION 255 981 300 3720 7320 7320
324 CONNECTION 255 873 300 4140 8580 8580
325 CONNECTION 255 478 300 4260 7860 7860
326 CONNECTION 424 425 -1 -1 1920 1920
327 CONNECTION 424 396 -1 -1 2700 2700
328 CONNECTION 424 595 -1 -1 3120 3120
329 CONNECTION 424 526 -1 -1 3900 3900
330 CONNECTION 424 77 -1 -1 4320 4320
331 CONNECTION 424 671 300 1260 5100 5100
332 CONNECTION 424 228 300 1440 5520 5520
333 CONNECTION 424 151 300 2460 6300 6300
334 CONNECTION 424 398 300 2640 6720 6720
335 CONNECTION 424 283 300 3660 7500 7500
336 CONNECTION 424 528 300 3840 7920 7920
337 CONNECTION 20 310 -1 -1 2940 2940
338 CONNECTION 20 149 -1 -1 2940 2940
339 CONNECTION 20 501 -1 -1 4740 4740
340 CONNECTION 20 124 300 540 4980 4980
341 CONNECTION 20 281 300 540 4140 4140
342 CONNECTION 20 623 300 960 5400 5400
343 CONNECTION 20 21 300 1080 4680 4680
344 CONNECTION 20 427 300 1740 5340 5340
345 CONNECTION 20 698 300 1740 6180 6180
346 CONNECTION 20 718 300 2100 6540 6540
347 CONNECTION 20 336 300 2340 6780 6780
348 CONNECTION 20 597 300 2940 6540 6540
349 CONNECTION 20 813 300 3900 8340 8340
350 CONNECTION 20 572 300 4140 8580 8580
351 CONNECTION 20 981 300 4140 7740 7740
352 CONNECTION 20 873 300 4560 9000 9000
353 CONNECTION 20 478 300 4680 8280 8280
354 CONNECTION 202 2 -1 -1 3480 3480
355 CONNECTION 202 555 -1 -1 3480 3480
356 CONNECTION 202 570 -1 -1 3480 3480
357 CONNECTION 202 203 -1 -1 3900 3900
358 CONNECTION 202 52 -1 -1 5040 5040
359 CONNECTION 202 742 300 900 5280 5280
360 CONNECTION 202 312 300 1980 6840 6840
361 CONNECTION 202 456 300 2220 7080 7080
362 CONNECTION 202 837 300 2400 7080 7080
363 CONNECTION 202 852 300 2700 7080 7080
364 CONNECTION 202 648 300 3120 7500 7500
365 CONNECTION 202 503 300 3780 8640 8640
366 CONNECTION 202 912 300 4500 8880 8880
367 CONNECTION 75 76 -1 -1 2100 2100
368 CONNECTION 75 476 -1 -1 1980 1980
369 CONNECTION 75 51 -1 -1 2940 2940
370 CONNECTION 75 179 -1 -1 2700 2700
371 CONNECTION 75 377 -1 -1 2760 2760
372 CONNECTION 75 697 -1 -1 3720 3720
373 CONNECTION 75 227 -1 -1 3300 3300
374 CONNECTION 75 360 -1 -1 5880 5880
375 CONNECTION 75 647 -1 -1 4080 4080
376 CONNECTION 75 335 -1 -1 4320 4320
377 CONNECTION 75 796 -1 -1 6180 6180
378 CONNECTION 75 311 300 360 4740 4740
379 CONNECTION 75 397 300 660 4500 4500
380 CONNECTION 75 571 300 1680 6120 6120
381 CONNECTION 75 527 300 1860 5700 5700
382 CONNECTION 75 204 300 2100 5580 5580
383 CONNECTION 75 502 300 2160 6540 6540
384 CONNECTION 75 624 300 2820 6300 6300
385 CONNECTION 75 181 300 2880 7320 7320
386 CONNECTION 75 782 300 2880 6360 6360
387 CONNECTION 75 672 300 3060 6900 6900
388 CONNECTION 75 23 300 3300 7680 7680
389 CONNECTION 75 768 300 3300 9480 9480
390 CONNECTION 75 743 300 3480 7920 7920
391 CONNECTION 75 106 300 3600 9780 9780
392 CONNECTION 75 719 300 3960 8340 8340
393 CONNECTION 75 79 300 4260 8100 8100
394 SINK 75 0 -1 -1 300 300
395 CONNECTION 279 280 -1 -1 1320 1320
396 CONNECTION 279 670 -1 -1 2820 2820
397 CONNECTION 279 426 -1 -1 2520 2520
398 CONNECTION 279 477 -1 -1 2880 2880
399 CONNECTION 279 150 -1 -1 4020 4020
400 CONNECTION 279 378 -1 -1 5340 5340
401 CONNECTION 279 596 -1 -1 3720 3720
402 CONNECTION 279 282 300 1140 5220 5220
403 CONNECTION 279 180 300 1200 4680 4680
404 CONNECTION 279 78 300 1320 4920 4920
405 CONNECTION 279 767 300 1560 5040 5040
406 CONNECTION 279 22 300 1680 5160 5160
407 CONNECTION 279 428 300 2340 6420 6420
408 CONNECTION 279 229 300 2520 6120 6120
409 CONNECTION 279 205 300 2880 6480 6480
410 CONNECTION 279 598 300 3540 7620 7620
411 CONNECTION 279 783 300 3660 8940 8940
412 CONNECTION 279 399 300 3720 7320 7320
413 CONNECTION 279 982 300 4740 8820 8820
414 CONNECTION 279 625 300 4800 8280 8280
415 CONNECTION 454 455 -1 -1 2400 2400
416 CONNECTION 454 556 -1 -1 5400 5400
417 CONNECTION 454 946 -1 -1 6180 6180
418 CONNECTION 454 797 300 1320 6000 6000
419 CONNECTION 454 838 300 2820 9000 9000
420 CONNECTION 454 361 300 3600 9780 9780
421 CONNECTION 1 2 -1 -1 2580 2580
422 CONNECTION 1 570 -1 -1 2580 2580
423 CONNECTION 1 203 -1 -1 3000 3000
424 CONNECTION 1 52 -1 -1 4140 4140
425 CONNECTION 1 742 -1 -1 4380 4380
426 CONNECTION 1 312 300 1080 5940 5940
427 CONNECTION 1 456 300 1320 6180 6180
428 CONNECTION 1 837 300 1500 6180 6180
429 CONNECTION 1 852 300 1800 6180 6180
430 CONNECTION 1 648 300 2220 6600 6600
431 CONNECTION 1 503 300 2880 7740 7740
432 CONNECTION 1 912 300 3600 7980 7980
433 CONNECTION 1 720 300 4680 9540 9540
434 CONNECTION 395 396 -1 -1 1560 1560
435 CONNECTION 395 526 -1 -1 2760 2760
436 CONNECTION 395 77 -1 -1 3180 3180
437 CONNECTION 395 671 -1 -1 3960 3960
438 CONNECTION 395 228 -1 -1 4380 4380
439 CONNECTION 395 151 300 1320 5160 5160
440 CONNECTION 395 398 300 1500 5580 5580
441 CONNECTION 395 283 300 2520 6360 6360
442 CONNECTION 395 528 300 2700 6780 6780
443 CONNECTION 395 429 300 3720 7560 7560
444 CONNECTION 395 673 300 3900 7980 7980
445 CONNECTION 148 149 -1 -1 2100 2100
446 CONNECTION 148 501 -1 -1 3900 3900
447 CONNECTION 148 124 -1 -1 4140 4140
448 CONNECTION 148 281 -1 -1 3300 3300
449 CONNECTION 148 623 -1 -1 4560 4560
450 CONNECTION 148 21 -1 -1 3840 3840
451 CONNECTION 148 427 300 900 4500 4500
452 CONNECTION 148 698 300 900 5340 5340
453 CONNECTION 148 718 300 1260 5700 5700
454 CONNECTION 148 336 300 1500 5940 5940
455 CONNECTION 148 597 300 2100 5700 5700
456 CONNECTION 148 813 300 3060 7500 7500
457 CONNECTION 148 572 300 3300 7740 7740
458 CONNECTION 148 981 300 3300 6900 6900
459 CONNECTION 148 873 300 3720 8160 8160
460 CONNECTION 148 478 300 3840 7440 7440
461 CONNECTION 148 152 300 4500 8100 8100
462 CONNECTION 148 182 300 4500 8940 8940
463 CONNECTION 594 595 -1 -1 1920 1920
464 CONNECTION 594 526 -1 -1 2700 2700
465 CONNECTION 594 77 -1 -1 3120 3120
466 CONNECTION 594 671 -1 -1 3900 3900
467 CONNECTION 594 228 -1 -1 4320 4320
468 CONNECTION 594 151 300 1260 5100 5100
469 CONNECTION 594 398 300 1440 5520 5520
470 CONNECTION 594 283 300 2460 6300 6300
471 CONNECTION 594 528 300 2640 6720 6720
472 CONNECTION 594 429 300 3660 7500 7500
473 CONNECTION 594 673 300 3840 7920 7920
474 CONNECTION 226 227 -1 -1 2100 2100
475 CONNECTION 226 360 -1 -1 4680 4680
476 CONNECTION 226 647 -1 -1 2880 2880
477 CONNECTION 226 335 -1 -1 3120 3120
478 CONNECTION 226 796 -1 -1 4980 4980
479 CONNECTION 226 311 -1 -1 3540 3540
480 CONNECTION 226 397 -1 -1 3300 3300
481 CONNECTION 226 571 300 480 4920 4920
482 CONNECTION 226 527 300 660 4500 4500
483 CONNECTION 226 204 300 900 4380 4380
484 CONNECTION 226 502 300 960 5340 5340
485 CONNECTION 226 624 300 1620 5100 5100
486 CONNECTION 226 181 300 1680 6120 6120
487 CONNECTION 226 782 300 1680 5160 5160
488 CONNECTION 226 672 300 1860 5700 5700
489 CONNECTION 226 23 300 2100 6480 6480
490 CONNECTION 226 768 300 2100 8280 8280
491 CONNECTION 226 743 300 2280 6720 6720
492 CONNECTION 226 106 300 2400 8580 8580
493 CONNECTION 226 719 300 2760 7140 7140
494 CONNECTION 226 79 300 3060 6900 6900
495 CONNECTION 226 853 300 4080 8520 8520
496 CONNECTION 226 230 300 4260 8100 8100
497 CONNECTION 226 649 300 4500 7980 7980
498 CONNECTION 226 814 300 4560 8940 8940
499 SINK 226 0 -1 -1 300 300
500 CONNECTION 425 426 -1 -1 1320 1320
501 CONNECTION 425 150 -1 -1 2820 2820
502 CONNECTION 425 378 -1 -1 4140 4140
503 CONNECTION 425 596 -1 -1 2520 2520
504 CONNECTION 425 282 -1 -1 4020 4020
505 CONNECTION 425 180 -1 -1 3480 3480
506 CONNECTION 425 78 -1 -1 3720 3720
507 CONNECTION 425 767 300 360 3840 3840
508 CONNECTION 425 22 300 480 3960 3960
509 CONNECTION 425 428 300 1140 5220 5220
510 CONNECTION 425 229 300 1320 4920 4920
511 CONNECTION 425 205 300 1680 5280 5280
512 CONNECTION 425 598 300 2340 6420 6420
513 CONNECTION 425 783 300 2460 7740 7740
514 CONNECTION 425 399 300 2520 6120 6120
515 CONNECTION 425 982 300 3540 7620 7620
516 CONNECTION 425 625 300 3600 7080 7080
517 CONNECTION 425 529 300 3720 7320 7320
518 CONNECTION 425 932 300 3960 7440 7440
519 CONNECTION 425 479 300 4080 7560 7560
520 CONNECTION 425 153 300 4740 8820 8820
521 CONNECTION 256 257 -1 -1 1380 1380
522 CONNECTION 256 812 -1 -1 3600 3600
523 CONNECTION 256 872 -1 -1 4260 4260
524 CONNECTION 256 125 -1 -1 3780 3780
525 CONNECTION 256 892 300 960 5400 5400
526 CONNECTION 256 699 300 1320 4980 4980
527 CONNECTION 256 337 300 1920 5580 5580
528 CONNECTION 256 962 300 2760 7200 7200
529 CONNECTION 256 259 300 3420 7860 7860
530 CONNECTION 256 573 300 3720 7380 7380
531 CONNECTION 256 127 300 4560 9000 9000
532 CONNECTION 525 526 -1 -1 1560 1560
533 CONNECTION 525 671 -1 -1 2760 2760
534 CONNECTION 525 228 -1 -1 3180 3180
535 CONNECTION 525 151 -1 -1 3960 3960
536 CONNECTION 525 398 -1 -1 4380 4380
537 CONNECTION 525 283 300 1320 5160 5160
538 CONNECTION 525 528 300 1500 5580 5580
539 CONNECTION 525 429 300 2520 6360 6360
540 CONNECTION 525 673 300 2700 6780 6780
541 CONNECTION 525 599 300 3720 7560 7560
542 CONNECTION 525 80 300 3900 7980 7980
543 CONNECTION 696 697 -1 -1 2220 2220
544 CONNECTION 696 360 -1 -1 4380 4380
545 CONNECTION 696 647 -1 -1 2580 2580
546 CONNECTION 696 335 -1 -1 2820 2820
547 CONNECTION 696 796 -1 -1 4680 4680
548 CONNECTION 696 311 -1 -1 3240 3240
549 CONNECTION 696 397 -1 -1 3000 3000
550 CONNECTION 696 571 -1 -1 4620 4620
551 CONNECTION 696 527 300 360 4200 4200
552 CONNECTION 696 204 300 600 4080 4080
553 CONNECTION 696 502 300 660 5040 5040
554 CONNECTION 696 624 300 1320 4800 4800
555 CONNECTION 696 181 300 1380 5820 5820
556 CONNECTION 696 782 300 1380 4860 4860
557 CONNECTION 696 672 300 1560 5400 5400
558 CONNECTION 696 23 300 1800 6180 6180
559 CONNECTION 696 768 300 1800 7980 7980
560 CONNECTION 696 743 300 1980 6420 6420
561 CONNECTION 696 106 300 2100 8280 8280
562 CONNECTION 696 719 300 2460 6840 6840
563 CONNECTION 696 79 300 2760 6600 6600
564 CONNECTION 696 853 300 3780 8220 8220
565 CONNECTION 696 230 300 3960 7800 7800
566 CONNECTION 696 649 300 4200 7680 7680
567 CONNECTION 696 814 300 4260 8640 8640
568 SINK 696 0 -1 -1 300 300
569 CONNECTION 123 124 -1 -1 2160 2160
570 CONNECTION 123 21 -1 -1 1860 1860
571 CONNECTION 123 427 -1 -1 2520 2520
572 CONNECTION 123 698 -1 -1 3360 3360
573 CONNECTION 123 718 -1 -1 3720 3720
574 CONNECTION 123 336 -1 -1 3960 3960
575 CONNECTION 123 597 -1 -1 3720 3720
576 CONNECTION 123 813 300 1080 5520 5520
577 CONNECTION 123 572 300 1320 5760 5760
578 CONNECTION 123 981 300 1320 4920 4920
579 CONNECTION 123 873 300 1740 6180 6180
580 CONNECTION 123 478 300 1860 5460 5460
581 CONNECTION 123 152 300 2520 6120 6120
582 CONNECTION 123 182 300 2520 6960 6960
583 CONNECTION 123 893 300 2880 7320 7320
584 CONNECTION 123 744 300 3120 7560 7560
585 CONNECTION 123 284 300 3720 7320 7320
586 CONNECTION 123 963 300 4680 9120 9120
587 CONNECTION 280 501 -1 -1 2700 2700
588 CONNECTION 280 124 -1 -1 2940 2940
589 CONNECTION 280 281 -1 -1 2100 2100
590 CONNECTION 280 623 -1 -1 3360 3360
591 CONNECTION 280 21 -1 -1 2640 2640
592 CONNECTION 280 427 -1 -1 3300 3300
593 CONNECTION 280 698 -1 -1 4140 4140
594 CONNECTION 280 718 -1 -1 4500 4500
595 CONNECTION 280 336 -1 -1 4740 4740
596 CONNECTION 280 597 300 900 4500 4500
597 CONNECTION 280 813 300 1860 6300 6300
598 CONNECTION 280 572 300 2100 6540 6540
599 CONNECTION 280 981 300 2100 5700 5700
600 CONNECTION 280 873 300 2520 6960 6960
601 CONNECTION 280 478 300 2640 6240 6240
602 CONNECTION 280 152 300 3300 6900 6900
603 CONNECTION 280 182 300 3300 7740 7740
604 CONNECTION 280 893 300 3660 8100 8100
605 CONNECTION 280 744 300 3900 8340 8340
606 CONNECTION 280 284 300 4500 8100 8100
607 CONNECTION 105 624 -1 -1 1920 1920
608 CONNECTION 105 181 -1 -1 2940 2940
609 CONNECTION 105 782 -1 -1 1980 1980
610 CONNECTION 105 672 -1 -1 2520 2520
611 CONNECTION 105 23 -1 -1 3300 3300
612 CONNECTION 105 768 -1 -1 5100 5100
613 CONNECTION 105 743 -1 -1 3540 3540
614 CONNECTION 105 106 -1 -1 5400 5400
615 CONNECTION 105 719 -1 -1 3960 3960
616 CONNECTION 105 79 -1 -1 3720 3720
617 CONNECTION 105 853 300 900 5340 5340
618 CONNECTION 105 230 300 1080 4920 4920
619 CONNECTION 105 649 300 1320 4800 4800
620 CONNECTION 105 814 300 1380 5760 5760
621 CONNECTION 105 874 300 2040 5520 5520
622 CONNECTION 105 626 300 2100 6540 6540
623 CONNECTION 105 947 300 2100 5580 5580
624 CONNECTION 105 400 300 2280 6120 6120
625 CONNECTION 105 480 300 2520 6900 6900
626 CONNECTION 105 933 300 2520 8700 8700
627 CONNECTION 105 913 300 2700 7140 7140
628 CONNECTION 105 557 300 2820 9000 9000
629 CONNECTION 105 894 300 3180 7560 7560
630 CONNECTION 105 530 300 3480 7320 7320
631 CONNECTION 105 55 300 4500 8940 8940
632 CONNECTION 105 675 300 4680 8520 8520
633 CONNECTION 105 984 300 4680 8520 8520
634 SINK 105 0 -1 -1 300 300
635 CONNECTION 310 311 -1 -1 2100 2100
636 CONNECTION 310 571 -1 -1 3480 3480
637 CONNECTION 310 527 -1 -1 3060 3060
638 CONNECTION 310 204 -1 -1 2940 2940
639 CONNECTION 310 502 -1 -1 3900 3900
640 CONNECTION 310 624 -1 -1 3660 3660
641 CONNECTION 310 181 -1 -1 4680 4680
642 CONNECTION 310 782 -1 -1 3720 3720
643 CONNECTION 310 672 300 420 4260 4260
644 CONNECTION 310 23 300 660 5040 5040
645 CONNECTION 310 768 300 660 6840 6840
646 CONNECTION 310 743 300 840 5280 5280
647 CONNECTION 310 106 300 960 7140 7140
648 CONNECTION 310 719 300 1320 5700 5700
649 CONNECTION 310 79 300 1620 5460 5460
650 CONNECTION 310 853 300 2640 7080 7080
651 CONNECTION 310 230 300 2820 6660 6660
652 CONNECTION 310 649 300 3060 6540 6540
653 CONNECTION 310 814 300 3120 7500 7500
654 CONNECTION 310 874 300 3780 7260 7260
655 CONNECTION 310 626 300 3840 8280 8280
656 CONNECTION 310 947 300 3840 7320 7320
657 CONNECTION 310 400 300 4020 7860 7860
658 CONNECTION 310 480 300 4260 8640 8640
659 CONNECTION 310 933 300 4260 10440 10440
660 CONNECTION 310 913 300 4440 8880 8880
661 CONNECTION 310 557 300 4560 10740 10740
662 SINK 310 0 -1 -1 300 300
663 CONNECTION 76 77 -1 -1 1920 1920
664 CONNECTION 76 671 -1 -1 2700 2700
665 CONNECTION 76 228 -1 -1 3120 3120
666 CONNECTION 76 151 -1 -1 3900 3900
667 CONNECTION 76 398 -1 -1 4320 4320
668 CONNECTION 76 283 300 1260 5100 5100
669 CONNECTION 76 528 300 1440 5520 5520
670 CONNECTION 76 429 300 2460 6300 6300
671 CONNECTION 76 673 300 2640 6720 6720
672 CONNECTION 76 599 300 3660 7500 7500
673 CONNECTION 76 80 300 3840 7920 7920
674 CONNECTION 359 360 -1 -1 4020 4020
675 CONNECTION 359 311 -1 -1 2880 2880
676 CONNECTION 359 397 -1 -1 2640 2640
677 CONNECTION 359 571 -1 -1 4260 4260
678 CONNECTION 359 527 -1 -1 3840 3840
679 CONNECTION 359 204 -1 -1 3720 3720
680 CONNECTION 359 502 -1 -1 4680 4680
681 CONNECTION 359 624 300 960 4440 4440
682 CONNECTION 359 181 300 1020 5460 5460
683 CONNECTION 359 782 300 1020 4500 4500
684 CONNECTION 359 672 300 1200 5040 5040
685 CONNECTION 359 23 300 1440 5820 5820
686 CONNECTION 359 768 300 1440 7620 7620
687 CONNECTION 359 743 300 1620 6060 6060
688 CONNECTION 359 106 300 1740 7920 7920
689 CONNECTION 359 719 300 2100 6480 6480
690 CONNECTION 359 79 300 2400 6240 6240
691 CONNECTION 359 853 300 3420 7860 7860
692 CONNECTION 359 230 300 3600 7440 7440
693 CONNECTION 359 649 300 3840 7320 7320
694 CONNECTION 359 814 300 3900 8280 8280
695 CONNECTION 359 874 300 4560 8040 8040
696 CONNECTION 359 626 300 4620 9060 9060
697 CONNECTION 359 947 300 4620 8100 8100
698 CONNECTION 359 400 300 4800 8640 8640
699 SINK 359 0 -1 -1 300 300
700 CONNECTION 476 477 -1 -1 1320 1320
701 CONNECTION 476 150 -1 -1 2460 2460
702 CONNECTION 476 378 -1 -1 3780 3780
703 CONNECTION 476 596 -1 -1 2160 2160
704 CONNECTION 476 282 -1 -1 3660 3660
705 CONNECTION 476 180 -1 -1 3120 3120
706 CONNECTION 476 78 -1 -1 3360 3360
707 CONNECTION 476 767 -1 -1 3480 3480
708 CONNECTION 476 22 -1 -1 3600 3600
709 CONNECTION 476 428 300 780 4860 4860
710 CONNECTION 476 229 300 960 4560 4560
711 CONNECTION 476 205 300 1320 4920 4920
712 CONNECTION 476 598 300 1980 6060 6060
713 CONNECTION 476 783 300 2100 7380 7380
714 CONNECTION 476 399 300 2160 5760 5760
715 CONNECTION 476 982 300 3180 7260 7260
716 CONNECTION 476 625 300 3240 6720 6720
717 CONNECTION 476 529 300 3360 6960 6960
718 CONNECTION 476 932 300 3600 7080 7080
719 CONNECTION 476 479 300 3720 7200 7200
720 CONNECTION 476 153 300 4380 8460 8460
721 CONNECTION 476 674 300 4560 8160 8160
722 CONNECTION 646 647 -1 -1 2100 2100
723 CONNECTION 646 311 -1 -1 2760 2760
724 CONNECTION 646 397 -1 -1 2520 2520
725 CONNECTION 646 571 -1 -1 4140 4140
726 CONNECTION 646 527 -1 -1 3720 3720
727 CONNECTION 646 204 -1 -1 3600 3600
728 CONNECTION 646 502 -1 -1 4560 4560
729 CONNECTION 646 624 300 840 4320 4320
730 CONNECTION 646 181 300 900 5340 5340
731 CONNECTION 646 782 300 900 4380 4380
732 CONNECTION 646 672 300 1080 4920 4920
733 CONNECTION 646 23 300 1320 5700 5700
734 CONNECTION 646 768 300 1320 7500 7500
735 CONNECTION 646 743 300 1500 5940 5940
736 CONNECTION 646 106 300 1620 7800 7800
737 CONNECTION 646 719 300 1980 6360 6360
738 CONNECTION 646 79 300 2280 6120 6120
739 CONNECTION 646 853 300 3300 7740 7740
740 CONNECTION 646 230 300 3480 7320 7320
741 CONNECTION 646 649 300 3720 7200 7200
742 CONNECTION 646 814 300 3780 8160 8160
743 CONNECTION 646 874 300 4440 7920 7920
744 CONNECTION 646 626 300 4500 8940 8940
745 CONNECTION 646 947 300 4500 7980 7980
746 CONNECTION 646 400 300 4680 8520 8520
747 SINK 646 0 -1 -1 300 300
748 CONNECTION 51 52 -1 -1 2580 2580
749 CONNECTION 51 742 -1 -1 2820 2820
750 CONNECTION 51 312 -1 -1 4380 4380
751 CONNECTION 51 456 -1 -1 4620 4620
752 CONNECTION 51 837 -1 -1 4620 4620
753 CONNECTION 51 852 -1 -1 4620 4620
754 CONNECTION 51 648 300 660 5040 5040
755 CONNECTION 51 503 300 1320 6180 6180
756 CONNECTION 51 912 300 2040 6420 6420
757 CONNECTION 51 720 300 3120 7980 7980
758 CONNECTION 51 798 300 3360 8220 8220
759 CONNECTION 51 4 300 3540 8220 8220
760 CONNECTION 51 54 300 3840 8220 8220
761 CONNECTION 51 206 300 4260 8640 8640
762 CONNECTION 396 397 -1 -1 2100 2100
763 CONNECTION 396 571 -1 -1 3720 3720
764 CONNECTION 396 527 -1 -1 3300 3300
765 CONNECTION 396 204 -1 -1 3180 3180
766 CONNECTION 396 502 -1 -1 4140 4140
767 CONNECTION 396 624 300 420 3900 3900
768 CONNECTION 396 181 300 480 4920 4920
769 CONNECTION 396 782 300 480 3960 3960
770 CONNECTION 396 672 300 660 4500 4500
771 CONNECTION 396 23 300 900 5280 5280
772 CONNECTION 396 768 300 900 7080 7080
773 CONNECTION 396 743 300 1080 5520 5520
774 CONNECTION 396 106 300 1200 7380 7380
775 CONNECTION 396 719 300 1560 5940 5940
776 CONNECTION 396 79 300 1860 5700 5700
777 CONNECTION 396 853 300 2880 7320 7320
778 CONNECTION 396 230 300 3060 6900 6900
779 CONNECTION 396 649 300 3300 6780 6780
780 CONNECTION 396 814 300 3360 7740 7740
781 CONNECTION 396 874 300 4020 7500 7500
782 CONNECTION 396 626 300 4080 8520 8520
783 CONNECTION 396 947 300 4080 7560 7560
784 CONNECTION 396 400 300 4260 8100 8100
785 CONNECTION 396 480 300 4500 8880 8880
786 CONNECTION 396 933 300 4500 10680 10680
787 CONNECTION 396 913 300 4680 9120 9120
788 CONNECTION 396 557 300 4800 10980 10980
789 SINK 396 0 -1 -1 300 300
790 CONNECTION 595 596 -1 -1 1320 1320
791 CONNECTION 595 282 -1 -1 2820 2820
792 CONNECTION 595 180 -1 -1 2280 2280
793 CONNECTION 595 78 -1 -1 2520 2520
794 CONNECTION 595 767 -1 -1 2640 2640
795 CONNECTION 595 22 -1 -1 2760 2760
796 CONNECTION 595 428 -1 -1 4020 4020
797 CONNECTION 595 229 -1 -1 3720 3720
798 CONNECTION 595 205 300 480 4080 4080
799 CONNECTION 595 598 300 1140 5220 5220
800 CONNECTION 595 783 300 1260 6540 6540
801 CONNECTION 595 399 300 1320 4920 4920
802 CONNECTION 595 982 300 2340 6420 6420
803 CONNECTION 595 625 300 2400 5880 5880
804 CONNECTION 595 529 300 2520 6120 6120
805 CONNECTION 595 932 300 2760 6240 6240
806 CONNECTION 595 479 300 2880 6360 6360
807 CONNECTION 595 153 300 3540 7620 7620
808 CONNECTION 595 674 300 3720 7320 7320
809 CONNECTION 595 650 300 4080 7680 7680
810 CONNECTION 595 285 300 4740 8820 8820
811 CONNECTION 781 782 -1 -1 1200 1200
812 CONNECTION 781 743 -1 -1 2760 2760
813 CONNECTION 781 106 -1 -1 4620 4620
814 CONNECTION 781 719 -1 -1 3180 3180
815 CONNECTION 781 79 -1 -1 2940 2940
816 CONNECTION 781 853 -1 -1 4560 4560
817 CONNECTION 781 230 -1 -1 4140 4140
818 CONNECTION 781 649 300 540 4020 4020
819 CONNECTION 781 814 300 600 4980 4980
820 CONNECTION 781 874 300 1260 4740 4740
821 CONNECTION 781 626 300 1320 5760 5760
822 CONNECTION 781 947 300 1320 4800 4800
823 CONNECTION 781 400 300 1500 5340 5340
824 CONNECTION 781 480 300 1740 6120 6120
825 CONNECTION 781 933 300 1740 7920 7920
826 CONNECTION 781 913 300 1920 6360 6360
827 CONNECTION 781 557 300 2040 8220 8220
828 CONNECTION 781 894 300 2400 6780 6780
829 CONNECTION 781 530 300 2700 6540 6540
830 CONNECTION 781 55 300 3720 8160 8160
831 CONNECTION 781 675 300 3900 7740 7740
832 CONNECTION 781 984 300 3900 7740 7740
833 CONNECTION 781 207 300 4140 7620 7620
834 CONNECTION 781 964 300 4200 8580 8580
835 SINK 781 0 -1 -1 300 300
836 CONNECTION 149 150 -1 -1 1800 1800
837 CONNECTION 149 282 -1 -1 3000 3000
838 CONNECTION 149 180 -1 -1 2460 2460
839 CONNECTION 149 78 -1 -1 2700 2700
840 CONNECTION 149 767 -1 -1 2820 2820
841 CONNECTION 149 22 -1 -1 2940 2940
842 CONNECTION 149 428 -1 -1 4200 4200
843 CONNECTION 149 229 -1 -1 3900 3900
844 CONNECTION 149 205 300 660 4260 4260
845 CONNECTION 149 598 300 1320 5400 5400
846 CONNECTION 149 783 300 1440 6720 6720
847 CONNECTION 149 399 300 1500 5100 5100
848 CONNECTION 149 982 300 2520 6600 6600
849 CONNECTION 149 625 300 2580 6060 6060
850 CONNECTION 149 529 300 2700 6300 6300
851 CONNECTION 149 932 300 2940 6420 6420
852 CONNECTION 149 479 300 3060 6540 6540
853 CONNECTION 149 153 300 3720 7800 7800
854 CONNECTION 149 674 300 3900 7500 7500
855 CONNECTION 149 650 300 4260 7860 7860
856 CONNECTION 2 911 -1 -1 3300 3300
857 CONNECTION 2 3 -1 -1 4740 4740
858 CONNECTION 2 53 -1 -1 5100 5100
859 CONNECTION 2 313 300 2040 6900 6900
860 CONNECTION 2 457 300 3480 8340 8340
861 CONNECTION 2 504 300 3840 8700 8700
862 CONNECTION 670 671 -1 -1 1560 1560
863 CONNECTION 670 151 -1 -1 2760 2760
864 CONNECTION 670 398 -1 -1 3180 3180
865 CONNECTION 670 283 -1 -1 3960 3960
866 CONNECTION 670 528 -1 -1 4380 4380
867 CONNECTION 670 429 300 1320 5160 5160
868 CONNECTION 670 673 300 1500 5580 5580
869 CONNECTION 670 599 300 2520 6360 6360
870 CONNECTION 670 80 300 2700 6780 6780
871 CONNECTION 670 983 300 3720 7560 7560
872 CONNECTION 670 231 300 3900 7980 7980
873 CONNECTION 179 282 -1 -1 2940 2940
874 CONNECTION 179 180 -1 -1 2400 2400
875 CONNECTION 179 78 -1 -1 2640 2640
876 CONNECTION 179 767 -1 -1 2760 2760
877 CONNECTION 179 22 -1 -1 2880 2880
878 CONNECTION 179 428 -1 -1 4140 4140
879 CONNECTION 179 229 -1 -1 3840 3840
880 CONNECTION 179 205 300 600 4200 4200
881 CONNECTION 179 598 300 1260 5340 5340
882 CONNECTION 179 783 300 1380 6660 6660
883 CONNECTION 179 399 300 1440 5040 5040
884 CONNECTION 179 982 300 2460 6540 6540
885 CONNECTION 179 625 300 2520 6000 6000
886 CONNECTION 179 529 300 2640 6240 6240
887 CONNECTION 179 932 300 2880 6360 6360
888 CONNECTION 179 479 300 3000 6480 6480
889 CONNECTION 179 153 300 3660 7740 7740
890 CONNECTION 179 674 300 3840 7440 7440
891 CONNECTION 179 650 300 4200 7800 7800
892 CONNECTION 377 378 -1 -1 3000 3000
893 CONNECTION 377 282 -1 -1 2880 2880
894 CONNECTION 377 180 -1 -1 2340 2340
895 CONNECTION 377 78 -1 -1 2580 2580
896 CONNECTION 377 767 -1 -1 2700 2700
897 CONNECTION 377 22 -1 -1 2820 2820
898 CONNECTION 377 428 -1 -1 4080 4080
899 CONNECTION 377 229 -1 -1 3780 3780
900 CONNECTION 377 205 300 540 4140 4140
901 CONNECTION 377 598 300 1200 5280 5280
902 CONNECTION 377 783 300 1320 6600 6600
903 CONNECTION 377 399 300 1380 4980 4980
904 CONNECTION 377 982 300 2400 6480 6480
905 CONNECTION 377 625 300 2460 5940 5940
906 CONNECTION 377 529 300 2580 6180 6180
907 CONNECTION 377 932 300 2820 6300 6300
908 CONNECTION 377 479 300 2940 6420 6420
909 CONNECTION 377 153 300 3600 7680 7680
910 CONNECTION 377 674 300 3780 7380 7380
911 CONNECTION 377 650 300 4140 7740 7740
912 CONNECTION 377 285 300 4800 8880 8880
913 CONNECTION 555 556 -1 -1 4020 4020
914 CONNECTION 555 946 -1 -1 4800 4800
915 CONNECTION 555 797 -1 -1 4620 4620
916 CONNECTION 555 838 300 1440 7620 7620
917 CONNECTION 555 361 300 2220 8400 8400
918 CONNECTION 555 107 300 3540 8220 8220
919 CONNECTION 697 698 -1 -1 2160 2160
920 CONNECTION 697 336 -1 -1 2760 2760
921 CONNECTION 697 597 -1 -1 2520 2520
922 CONNECTION 697 813 -1 -1 4320 4320
923 CONNECTION 697 572 -1 -1 4560 4560
924 CONNECTION 697 981 -1 -1 3720 3720
925 CONNECTION 697 873 300 540 4980 4980
926 CONNECTION 697 478 300 660 4260 4260
927 CONNECTION 697 152 300 1320 4920 4920
928 CONNECTION 697 182 300 1320 5760 5760
929 CONNECTION 697 893 300 1680 6120 6120
930 CONNECTION 697 744 300 1920 6360 6360
931 CONNECTION 697 284 300 2520 6120 6120
932 CONNECTION 697 963 300 3480 7920 7920
933 CONNECTION 697 430 300 3720 7320 7320
934 CONNECTION 697 854 300 3720 8160 8160
935 CONNECTION 697 260 300 4140 8580 8580
936 CONNECTION 697 24 300 4260 7860 7860
937 CONNECTION 426 427 -1 -1 2100 2100
938 CONNECTION 426 698 -1 -1 2940 2940
939 CONNECTION 426 718 -1 -1 3300 3300
940 CONNECTION 426 336 -1 -1 3540 3540
941 CONNECTION 426 597 -1 -1 3300 3300
942 CONNECTION 426 813 300 660 5100 5100
943 CONNECTION 426 572 300 900 5340 5340
944 CONNECTION 426 981 300 900 4500 4500
945 CONNECTION 426 873 300 1320 5760 5760
946 CONNECTION 426 478 300 1440 5040 5040
947 CONNECTION 426 152 300 2100 5700 5700
948 CONNECTION 426 182 300 2100 6540 6540
949 CONNECTION 426 893 300 2460 6900 6900
950 CONNECTION 426 744 300 2700 7140 7140
951 CONNECTION 426 284 300 3300 6900 6900
952 CONNECTION 426 963 300 4260 8700 8700
953 CONNECTION 426 430 300 4500 8100 8100
954 CONNECTION 426 854 300 4500 8940 8940
955 CONNECTION 227 228 -1 -1 1920 1920
956 CONNECTION 227 151 -1 -1 2700 2700
957 CONNECTION 227 398 -1 -1 3120 3120
958 CONNECTION 227 283 -1 -1 3900 3900
959 CONNECTION 227 528 -1 -1 4320 4320
960 CONNECTION 227 429 300 1260 5100 5100
961 CONNECTION 227 673 300 1440 5520 5520
962 CONNECTION 227 599 300 2460 6300 6300
963 CONNECTION 227 80 300 2640 6720 6720
964 CONNECTION 227 983 300 3660 7500 7500
965 CONNECTION 227 231 300 3840 7920 7920
966 CONNECTION 570 571 -1 -1 2160 2160
967 CONNECTION 570 502 -1 -1 2580 2580
968 CONNECTION 570 624 -1 -1 2340 2340
969 CONNECTION 570 181 -1 -1 3360 3360
970 CONNECTION 570 782 -1 -1 2400 2400
971 CONNECTION 570 672 -1 -1 2940 2940
972 CONNECTION 570 23 -1 -1 3720 3720
973 CONNECTION 570 768 -1 -1 5520 5520
974 CONNECTION 570 743 -1 -1 3960 3960
975 CONNECTION 570 106 -1 -1 5820 5820
976 CONNECTION 570 719 -1 -1 4380 4380
977 CONNECTION 570 79 -1 -1 4140 4140
978 CONNECTION 570 853 300 1320 5760 5760
979 CONNECTION 570 230 300 1500 5340 5340
980 CONNECTION 570 649 300 1740 5220 5220
981 CONNECTION 570 814 300 1800 6180 6180
982 CONNECTION 570 874 300 2460 5940 5940
983 CONNECTION 570 626 300 2520 6960 6960
984 CONNECTION 570 947 300 2520 6000 6000
985 CONNECTION 570 400 300 2700 6540 6540
986 CONNECTION 570 480 300 2940 7320 7320
987 CONNECTION 570 933 300 2940 9120 9120
988 CONNECTION 570 913 300 3120 7560 7560
989 CONNECTION 570 557 300 3240 9420 9420
990 CONNECTION 570 894 300 3600 7980 7980
991 CONNECTION 570 530 300 3900 7740 7740
992 SINK 570 0 -1 -1 300 300
993 CONNECTION 360 838 -1 -1 5700 5700
994 CONNECTION 360 361 -1 -1 6480 6480
995 CONNECTION 360 107 300 1620 6300 6300
996 CONNECTION 360 5 300 3120 9300 9300
997 CONNECTION 360 769 300 3900 10080 10080
998 CONNECTION 477 718 -1 -1 2940 2940
999 CONNECTION 477 336 -1 -1 3180 3180
1000 CONNECTION 477 597 -1 -1 2940 2940
1001 CONNECTION 477 813 -1 -1 4740 4740
1002 CONNECTION 477 572 300 540 4980 4980
1003 CONNECTION 477 981 300 540 4140 4140
1004 CONNECTION 477 873 300 960 5400 5400
1005 CONNECTION 477 478 300 1080 4680 4680
1006 CONNECTION 477 152 300 1740 5340 5340
1007 CONNECTION 477 182 300 1740 6180 6180
1008 CONNECTION 477 893 300 2100 6540 6540
1009 CONNECTION 477 744 300 2340 6780 6780
1010 CONNECTION 477 284 300 2940 6540 6540
1011 CONNECTION 477 963 300 3900 8340 8340
1012 CONNECTION 477 430 300 4140 7740 7740
1013 CONNECTION 477 854 300 4140 8580 8580
1014 CONNECTION 477 260 300 4560 9000 9000
1015 CONNECTION 477 24 300 4680 8280 8280
1016 CONNECTION 647 312 -1 -1 3240 3240
1017 CONNECTION 647 456 -1 -1 3480 3480
1018 CONNECTION 647 837 -1 -1 3480 3480
1019 CONNECTION 647 852 -1 -1 3480 3480
1020 CONNECTION 647 648 -1 -1 3900 3900
1021 CONNECTION 647 503 -1 -1 5040 5040
1022 CONNECTION 647 912 300 900 5280 5280
1023 CONNECTION 647 720 300 1980 6840 6840
1024 CONNECTION 647 798 300 2220 7080 7080
1025 CONNECTION 647 4 300 2400 7080 7080
1026 CONNECTION 647 54 300 2700 7080 7080
1027 CONNECTION 647 206 300 3120 7500 7500
1028 CONNECTION 647 815 300 3780 8640 8640
1029 CONNECTION 647 314 300 4500 8880 8880
1030 CONNECTION 526 527 -1 -1 2100 2100
1031 CONNECTION 526 204 -1 -1 1980 1980
1032 CONNECTION 526 502 -1 -1 2940 2940
1033 CONNECTION 526 624 -1 -1 2700 2700
1034 CONNECTION 526 181 -1 -1 3720 3720
1035 CONNECTION 526 782 -1 -1 2760 2760
1036 CONNECTION 526 672 -1 -1 3300 3300
1037 CONNECTION 526 23 -1 -1 4080 4080
1038 CONNECTION 526 768 -1 -1 5880 5880
1039 CONNECTION 526 743 -1 -1 4320 4320
1040 CONNECTION 526 106 -1 -1 6180 6180
1041 CONNECTION 526 719 300 360 4740 4740
1042 CONNECTION 526 79 300 660 4500 4500
1043 CONNECTION 526 853 300 1680 6120 6120
1044 CONNECTION 526 230 300 1860 5700 5700
1045 CONNECTION 526 649 300 2100 5580 5580
1046 CONNECTION 526 814 300 2160 6540 6540
1047 CONNECTION 526 874 300 2820 6300 6300
1048 CONNECTION 526 626 300 2880 7320 7320
1049 CONNECTION 526 947 300 2880 6360 6360
1050 CONNECTION 526 400 300 3060 6900 6900
1051 CONNECTION 526 480 300 3300 7680 7680
1052 CONNECTION 526 933 300 3300 9480 9480
1053 CONNECTION 526 913 300 3480 7920 7920
1054 CONNECTION 526 557 300 3600 9780 9780
1055 CONNECTION 526 894 300 3960 8340 8340
1056 CONNECTION 526 530 300 4260 8100 8100
1057 SINK 526 0 -1 -1 300 300
1058 CONNECTION 335 336 -1 -1 2160 2160
1059 CONNECTION 335 597 -1 -1 1920 1920
1060 CONNECTION 335 813 -1 -1 3720 3720
1061 CONNECTION 335 572 -1 -1 3960 3960
1062 CONNECTION 335 981 -1 -1 3120 3120
1063 CONNECTION 335 873 -1 -1 4380 4380
1064 CONNECTION 335 478 -1 -1 3660 3660
1065 CONNECTION 335 152 300 720 4320 4320
1066 CONNECTION 335 182 300 720 5160 5160
1067 CONNECTION 335 893 300 1080 5520 5520
1068 CONNECTION 335 744 300 1320 5760 5760
1069 CONNECTION 335 284 300 1920 5520 5520
1070 CONNECTION 335 963 300 2880 7320 7320
1071 CONNECTION 335 430 300 3120 6720 6720
1072 CONNECTION 335 854 300 3120 7560 7560
1073 CONNECTION 335 260 300 3540 7980 7980
1074 CONNECTION 335 24 300 3660 7260 7260
1075 CONNECTION 335 600 300 4320 7920 7920
1076 CONNECTION 335 627 300 4320 8760 8760
1077 CONNECTION 335 128 300 4680 9120 9120
1078 CONNECTION 77 78 -1 -1 1320 1320
1079 CONNECTION 77 428 -1 -1 2820 2820
1080 CONNECTION 77 229 -1 -1 2520 2520
1081 CONNECTION 77 205 -1 -1 2880 2880
1082 CONNECTION 77 598 -1 -1 4020 4020
1083 CONNECTION 77 783 -1 -1 5340 5340
1084 CONNECTION 77 399 -1 -1 3720 3720
1085 CONNECTION 77 982 300 1140 5220 5220
1086 CONNECTION 77 625 300 1200 4680 4680
1087 CONNECTION 77 529 300 1320 4920 4920
1088 CONNECTION 77 932 300 1560 5040 5040
1089 CONNECTION 77 479 300 1680 5160 5160
1090 CONNECTION 77 153 300 2340 6420 6420
1091 CONNECTION 77 674 300 2520 6120 6120
1092 CONNECTION 77 650 300 2880 6480 6480
1093 CONNECTION 77 285 300 3540 7620 7620
1094 CONNECTION 77 948 300 3660 8940 8940
1095 CONNECTION 77 81 300 3720 7320 7320
1096 CONNECTION 77 431 300 4740 8820 8820
1097 CONNECTION 77 875 300 4800 8280 8280
1098 CONNECTION 203 204 -1 -1 1200 1200
1099 CONNECTION 203 624 -1 -1 1920 1920
1100 CONNECTION 203 181 -1 -1 2940 2940
1101 CONNECTION 203 782 -1 -1 1980 1980
1102 CONNECTION 203 672 -1 -1 2520 2520
1103 CONNECTION 203 23 -1 -1 3300 3300
1104 CONNECTION 203 768 -1 -1 5100 5100
1105 CONNECTION 203 743 -1 -1 3540 3540
1106 CONNECTION 203 106 -1 -1 5400 5400
1107 CONNECTION 203 719 -1 -1 3960 3960
1108 CONNECTION 203 79 -1 -1 3720 3720
1109 CONNECTION 203 853 300 900 5340 5340
1110 CONNECTION 203 230 300 1080 4920 4920
1111 CONNECTION 203 649 300 1320 4800 4800
1112 CONNECTION 203 814 300 1380 5760 5760
1113 CONNECTION 203 874 300 2040 5520 5520
1114 CONNECTION 203 626 300 2100 6540 6540
1115 CONNECTION 203 947 300 2100 5580 5580
1116 CONNECTION 203 400 300 2280 6120 6120
1117 CONNECTION 203 480 300 2520 6900 6900
1118 CONNECTION 203 933 300 2520 8700 8700
1119 CONNECTION 203 913 300 2700 7140 7140
1120 CONNECTION 203 557 300 2820 9000 9000
1121 CONNECTION 203 894 300 3180 7560 7560
1122 CONNECTION 203 530 300 3480 7320 7320
1123 CONNECTION 203 55 300 4500 8940 8940
1124 CONNECTION 203 675 300 4680 8520 8520
1125 CONNECTION 203 984 300 4680 8520 8520
1126 SINK 203 0 -1 -1 300 300
1127 CONNECTION 257 891 -1 -1 1860 1860
1128 CONNECTION 257 931 -1 -1 4200 4200
1129 CONNECTION 257 961 -1 -1 3660 3660
1130 CONNECTION 257 258 300 600 4260 4260
1131 CONNECTION 257 126 300 1800 5460 5460
1132 CONNECTION 257 379 300 2520 7800 7800
1133 CONNECTION 257 338 300 3600 7260 7260
1134 CONNECTION 257 700 300 4200 7860 7860
1135 CONNECTION 501 502 -1 -1 2100 2100
1136 CONNECTION 501 624 -1 -1 1860 1860
1137 CONNECTION 501 181 -1 -1 2880 2880
1138 CONNECTION 501 782 -1 -1 1920 1920
1139 CONNECTION 501 672 -1 -1 2460 2460
1140 CONNECTION 501 23 -1 -1 3240 3240
1141 CONNECTION 501 768 -1 -1 5040 5040
1142 CONNECTION 501 743 -1 -1 3480 3480
1143 CONNECTION 501 106 -1 -1 5340 5340
1144 CONNECTION 501 719 -1 -1 3900 3900
1145 CONNECTION 501 79 -1 -1 3660 3660
1146 CONNECTION 501 853 300 840 5280 5280
1147 CONNECTION 501 230 300 1020 4860 4860
1148 CONNECTION 501 649 300 1260 4740 4740
1149 CONNECTION 501 814 300 1320 5700 5700
1150 CONNECTION 501 874 300 1980 5460 5460
1151 CONNECTION 501 626 300 2040 6480 6480
1152 CONNECTION 501 947 300 2040 5520 5520
1153 CONNECTION 501 400 300 2220 6060 6060
1154 CONNECTION 501 480 300 2460 6840 6840
1155 CONNECTION 501 933 300 2460 8640 8640
1156 CONNECTION 501 913 300 2640 7080 7080
1157 CONNECTION 501 557 300 2760 8940 8940
1158 CONNECTION 501 894 300 3120 7500 7500
1159 CONNECTION 501 530 300 3420 7260 7260
1160 CONNECTION 501 55 300 4440 8880 8880
1161 CONNECTION 501 675 300 4620 8460 8460
1162 CONNECTION 501 984 300 4620 8460 8460
1163 SINK 501 0 -1 -1 300 300
1164 CONNECTION 796 797 -1 -1 2400 2400
1165 CONNECTION 796 838 -1 -1 5400 5400
1166 CONNECTION 796 361 -1 -1 6180 6180
1167 CONNECTION 796 107 300 1320 6000 6000
1168 CONNECTION 796 5 300 2820 9000 9000
1169 CONNECTION 796 769 300 3600 9780 9780
1170 CONNECTION 124 125 -1 -1 1380 1380
1171 CONNECTION 124 892 -1 -1 3000 3000
1172 CONNECTION 124 699 -1 -1 2580 2580
1173 CONNECTION 124 337 -1 -1 3180 3180
1174 CONNECTION 124 962 300 360 4800 4800
1175 CONNECTION 124 259 300 1020 5460 5460
1176 CONNECTION 124 573 300 1320 4980 4980
1177 CONNECTION 124 127 300 2160 6600 6600
1178 CONNECTION 124 183 300 2520 6180 6180
1179 CONNECTION 124 745 300 3120 6780 6780
1180 CONNECTION 124 339 300 3960 8400 8400
1181 CONNECTION 124 701 300 4620 9060 9060
1182 CONNECTION 281 282 -1 -1 1800 1800
1183 CONNECTION 281 22 -1 -1 1740 1740
1184 CONNECTION 281 428 -1 -1 3000 3000
1185 CONNECTION 281 229 -1 -1 2700 2700
1186 CONNECTION 281 205 -1 -1 3060 3060
1187 CONNECTION 281 598 -1 -1 4200 4200
1188 CONNECTION 281 783 -1 -1 5520 5520
1189 CONNECTION 281 399 -1 -1 3900 3900
1190 CONNECTION 281 982 300 1320 5400 5400
1191 CONNECTION 281 625 300 1380 4860 4860
1192 CONNECTION 281 529 300 1500 5100 5100
1193 CONNECTION 281 932 300 1740 5220 5220
1194 CONNECTION 281 479 300 1860 5340 5340
1195 CONNECTION 281 153 300 2520 6600 6600
1196 CONNECTION 281 674 300 2700 6300 6300
1197 CONNECTION 281 650 300 3060 6660 6660
1198 CONNECTION 281 285 300 3720 7800 7800
1199 CONNECTION 281 948 300 3840 9120 9120
1200 CONNECTION 281 81 300 3900 7500 7500
1201 CONNECTION 455 456 -1 -1 2580 2580
1202 CONNECTION 455 852 -1 -1 2580 2580
1203 CONNECTION 455 648 -1 -1 3000 3000
1204 CONNECTION 455 503 -1 -1 4140 4140
1205 CONNECTION 455 912 -1 -1 4380 4380
1206 CONNECTION 455 720 300 1080 5940 5940
1207 CONNECTION 455 798 300 1320 6180 6180
1208 CONNECTION 455 4 300 1500 6180 6180
1209 CONNECTION 455 54 300 1800 6180 6180
1210 CONNECTION 455 206 300 2220 6600 6600
1211 CONNECTION 455 815 300 2880 7740 7740
1212 CONNECTION 455 314 300 3600 7980 7980
1213 CONNECTION 455 895 300 4680 9540 9540
1214 CONNECTION 150 151 -1 -1 1560 1560
1215 CONNECTION 150 283 -1 -1 2760 2760
1216 CONNECTION 150 528 -1 -1 3180 3180
1217 CONNECTION 150 429 -1 -1 3960 3960
1218 CONNECTION 150 673 -1 -1 4380 4380
1219 CONNECTION 150 599 300 1320 5160 5160
1220 CONNECTION 150 80 300 1500 5580 5580
1221 CONNECTION 150 983 300 2520 6360 6360
1222 CONNECTION 150 231 300 2700 6780 6780
1223 CONNECTION 150 154 300 3720 7560 7560
1224 CONNECTION 150 401 300 3900 7980 7980
1225 CONNECTION 311 312 -1 -1 2580 2580
1226 CONNECTION 311 852 -1 -1 2820 2820
1227 CONNECTION 311 648 -1 -1 3240 3240
1228 CONNECTION 311 503 -1 -1 4380 4380
1229 CONNECTION 311 912 -1 -1 4620 4620
1230 CONNECTION 311 720 300 1320 6180 6180
1231 CONNECTION 311 798 300 1560 6420 6420
1232 CONNECTION 311 4 300 1740 6420 6420
1233 CONNECTION 311 54 300 2040 6420 6420
1234 CONNECTION 311 206 300 2460 6840 6840
1235 CONNECTION 311 815 300 3120 7980 7980
1236 CONNECTION 311 314 300 3840 8220 8220
1237 CONNECTION 378 258 -1 -1 2160 2160
1238 CONNECTION 378 126 -1 -1 3360 3360
1239 CONNECTION 378 379 300 420 5700 5700
1240 CONNECTION 378 338 300 1500 5160 5160
1241 CONNECTION 378 700 300 2100 5760 5760
1242 CONNECTION 378 574 300 3300 6960 6960
1243 CONNECTION 378 784 300 4020 9300 9300
1244 CONNECTION 596 597 -1 -1 2100 2100
1245 CONNECTION 596 813 -1 -1 3900 3900
1246 CONNECTION 596 572 -1 -1 4140 4140
1247 CONNECTION 596 981 -1 -1 3300 3300
1248 CONNECTION 596 873 -1 -1 4560 4560
1249 CONNECTION 596 478 -1 -1 3840 3840
1250 CONNECTION 596 152 300 900 4500 4500
1251 CONNECTION 596 182 300 900 5340 5340
1252 CONNECTION 596 893 300 1260 5700 5700
1253 CONNECTION 596 744 300 1500 5940 5940
1254 CONNECTION 596 284 300 2100 5700 5700
1255 CONNECTION 596 963 300 3060 7500 7500
1256 CONNECTION 596 430 300 3300 6900 6900
1257 CONNECTION 596 854 300 3300 7740 7740
1258 CONNECTION 596 260 300 3720 8160 8160
1259 CONNECTION 596 24 300 3840 7440 7440
1260 CONNECTION 596 600 300 4500 8100 8100
1261 CONNECTION 596 627 300 4500 8940 8940
1262 CONNECTION 52 3 -1 -1 3180 3180
1263 CONNECTION 52 53 -1 -1 3540 3540
1264 CONNECTION 52 313 300 480 5340 5340
1265 CONNECTION 52 457 300 1920 6780 6780
1266 CONNECTION 52 504 300 2280 7140 7140
1267 CONNECTION 52 721 300 4080 8940 8940
1268 CONNECTION 397 398 -1 -1 1920 1920
1269 CONNECTION 397 283 -1 -1 2700 2700
1270 CONNECTION 397 528 -1 -1 3120 3120
1271 CONNECTION 397 429 -1 -1 3900 3900
1272 CONNECTION 397 673 -1 -1 4320 4320
1273 CONNECTION 397 599 300 1260 5100 5100
1274 CONNECTION 397 80 300 1440 5520 5520
1275 CONNECTION 397 983 300 2460 6300 6300
1276 CONNECTION 397 231 300 2640 6720 6720
1277 CONNECTION 397 154 300 3660 7500 7500
1278 CONNECTION 397 401 300 3840 7920 7920
1279 CONNECTION 623 624 -1 -1 1200 1200
1280 CONNECTION 623 23 -1 -1 2580 2580
1281 CONNECTION 623 768 -1 -1 4380 4380
1282 CONNECTION 623 743 -1 -1 2820 2820
1283 CONNECTION 623 106 -1 -1 4680 4680
1284 CONNECTION 623 719 -1 -1 3240 3240
1285 CONNECTION 623 79 -1 -1 3000 3000
1286 CONNECTION 623 853 -1 -1 4620 4620
1287 CONNECTION 623 230 300 360 4200 4200
1288 CONNECTION 623 649 300 600 4080 4080
1289 CONNECTION 623 814 300 660 5040 5040
1290 CONNECTION 623 874 300 1320 4800 4800
1291 CONNECTION 623 626 300 1380 5820 5820
1292 CONNECTION 623 947 300 1380 4860 4860
1293 CONNECTION 623 400 300 1560 5400 5400
1294 CONNECTION 623 480 300 1800 6180 6180
1295 CONNECTION 623 933 300 1800 7980 7980
1296 CONNECTION 623 913 300 1980 6420 6420
1297 CONNECTION 623 557 300 2100 8280 8280
1298 CONNECTION 623 894 300 2460 6840 6840
1299 CONNECTION 623 530 300 2760 6600 6600
1300 CONNECTION 623 55 300 3780 8220 8220
1301 CONNECTION 623 675 300 3960 7800 7800
1302 CONNECTION 623 984 300 3960 7800 7800
1303 CONNECTION 623 207 300 4200 7680 7680
1304 CONNECTION 623 964 300 4260 8640 8640
1305 SINK 623 0 -1 -1 300 300
1306 CONNECTION 21 22 -1 -1 1200 1200
1307 CONNECTION 21 428 -1 -1 2460 2460
1308 CONNECTION 21 229 -1 -1 2160 2160
1309 CONNECTION 21 205 -1 -1 2520 2520
1310 CONNECTION 21 598 -1 -1 3660 3660
1311 CONNECTION 21 783 -1 -1 4980 4980
1312 CONNECTION 21 399 -1 -1 3360 3360
1313 CONNECTION 21 982 300 780 4860 4860
1314 CONNECTION 21 625 300 840 4320 4320
1315 CONNECTION 21 529 300 960 4560 4560
1316 CONNECTION 21 932 300 1200 4680 4680
1317 CONNECTION 21 479 300 1320 4800 4800
1318 CONNECTION 21 153 300 1980 6060 6060
1319 CONNECTION 21 674 300 2160 5760 5760
1320 CONNECTION 21 650 300 2520 6120 6120
1321 CONNECTION 21 285 300 3180 7260 7260
1322 CONNECTION 21 948 300 3300 8580 8580
1323 CONNECTION 21 81 300 3360 6960 6960
1324 CONNECTION 21 431 300 4380 8460 8460
1325 CONNECTION 21 875 300 4440 7920 7920
1326 CONNECTION 21 232 300 4560 8160 8160
1327 CONNECTION 21 380 300 4800 8280 8280
1328 CONNECTION 671 672 -1 -1 2100 2100
1329 CONNECTION 671 23 -1 -1 2880 2880
1330 CONNECTION 671 768 -1 -1 4680 4680
1331 CONNECTION 671 743 -1 -1 3120 3120
1332 CONNECTION 671 106 -1 -1 4980 4980
1333 CONNECTION 671 719 -1 -1 3540 3540
1334 CONNECTION 671 79 -1 -1 3300 3300
1335 CONNECTION 671 853 300 480 4920 4920
1336 CONNECTION 671 230 300 660 4500 4500
1337 CONNECTION 671 649 300 900 4380 4380
1338 CONNECTION 671 814 300 960 5340 5340
1339 CONNECTION 671 874 300 1620 5100 5100
1340 CONNECTION 671 626 300 1680 6120 6120
1341 CONNECTION 671 947 300 1680 5160 5160
1342 CONNECTION 671 400 300 1860 5700 5700
1343 CONNECTION 671 480 300 2100 6480 6480
1344 CONNECTION 671 933 300 2100 8280 8280
1345 CONNECTION 671 913 300 2280 6720 6720
1346 CONNECTION 671 557 300 2400 8580 8580
1347 CONNECTION 671 894 300 2760 7140 7140
1348 CONNECTION 671 530 300 3060 6900 6900
1349 CONNECTION 671 55 300 4080 8520 8520
1350 CONNECTION 671 675 300 4260 8100 8100
1351 CONNECTION 671 984 300 4260 8100 8100
1352 CONNECTION 671 207 300 4500 7980 7980
1353 CONNECTION 671 964 300 4560 8940 8940
1354 SINK 671 0 -1 -1 300 300
1355 CONNECTION 228 229 -1 -1 1320 1320
1356 CONNECTION 228 598 -1 -1 2820 2820
1357 CONNECTION 228 783 -1 -1 4140 4140
1358 CONNECTION 228 399 -1 -1 2520 2520
1359 CONNECTION 228 982 -1 -1 4020 4020
1360 CONNECTION 228 625 -1 -1 3480 3480
1361 CONNECTION 228 529 -1 -1 3720 3720
1362 CONNECTION 228 932 300 360 3840 3840
1363 CONNECTION 228 479 300 480 3960 3960
1364 CONNECTION 228 153 300 1140 5220 5220
1365 CONNECTION 228 674 300 1320 4920 4920
1366 CONNECTION 228 650 300 1680 5280 5280
1367 CONNECTION 228 285 300 2340 6420 6420
1368 CONNECTION 228 948 300 2460 7740 7740
1369 CONNECTION 228 81 300 2520 6120 6120
1370 CONNECTION 228 431 300 3540 7620 7620
1371 CONNECTION 228 875 300 3600 7080 7080
1372 CONNECTION 228 232 300 3720 7320 7320
1373 CONNECTION 228 380 300 3960 7440 7440
1374 CONNECTION 228 25 300 4080 7560 7560
1375 CONNECTION 228 601 300 4740 8820 8820
1376 CONNECTION 742 743 -1 -1 2160 2160
1377 CONNECTION 742 719 -1 -1 2580 2580
1378 CONNECTION 742 79 -1 -1 2340 2340
1379 CONNECTION 742 853 -1 -1 3960 3960
1380 CONNECTION 742 230 -1 -1 3540 3540
1381 CONNECTION 742 649 -1 -1 3420 3420
1382 CONNECTION 742 814 -1 -1 4380 4380
1383 CONNECTION 742 874 300 660 4140 4140
1384 CONNECTION 742 626 300 720 5160 5160
1385 CONNECTION 742 947 300 720 4200 4200
1386 CONNECTION 742 400 300 900 4740 4740
1387 CONNECTION 742 480 300 1140 5520 5520
1388 CONNECTION 742 933 300 1140 7320 7320
1389 CONNECTION 742 913 300 1320 5760 5760
1390 CONNECTION 742 557 300 1440 7620 7620
1391 CONNECTION 742 894 300 1800 6180 6180
1392 CONNECTION 742 530 300 2100 5940 5940
1393 CONNECTION 742 55 300 3120 7560 7560
1394 CONNECTION 742 675 300 3300 7140 7140
1395 CONNECTION 742 984 300 3300 7140 7140
1396 CONNECTION 742 207 300 3540 7020 7020
1397 CONNECTION 742 964 300 3600 7980 7980
1398 CONNECTION 742 261 300 4260 7740 7740
1399 CONNECTION 742 362 300 4320 7800 7800
1400 CONNECTION 742 876 300 4320 8760 8760
1401 CONNECTION 742 82 300 4500 8340 8340
1402 CONNECTION 742 26 300 4740 9120 9120
1403 CONNECTION 742 381 300 4740 10920 10920
1404 SINK 742 0 -1 -1 300 300
1405 CONNECTION 427 428 -1 -1 1800 1800
1406 CONNECTION 427 205 -1 -1 1860 1860
1407 CONNECTION 427 598 -1 -1 3000 3000
1408 CONNECTION 427 783 -1 -1 4320 4320
1409 CONNECTION 427 399 -1 -1 2700 2700
1410 CONNECTION 427 982 -1 -1 4200 4200
1411 CONNECTION 427 625 -1 -1 3660 3660
1412 CONNECTION 427 529 -1 -1 3900 3900
1413 CONNECTION 427 932 300 540 4020 4020
1414 CONNECTION 427 479 300 660 4140 4140
1415 CONNECTION 427 153 300 1320 5400 5400
1416 CONNECTION 427 674 300 1500 5100 5100
1417 CONNECTION 427 650 300 1860 5460 5460
1418 CONNECTION 427 285 300 2520 6600 6600
1419 CONNECTION 427 948 300 2640 7920 7920
1420 CONNECTION 427 81 300 2700 6300 6300
1421 CONNECTION 427 431 300 3720 7800 7800
1422 CONNECTION 427 875 300 3780 7260 7260
1423 CONNECTION 427 232 300 3900 7500 7500
1424 CONNECTION 427 380 300 4140 7620 7620
1425 CONNECTION 427 25 300 4260 7740 7740
1426 CONNECTION 698 699 -1 -1 1380 1380
1427 CONNECTION 698 337 -1 -1 1980 1980
1428 CONNECTION 698 962 -1 -1 3600 3600
1429 CONNECTION 698 259 -1 -1 4260 4260
1430 CONNECTION 698 573 -1 -1 3780 3780
1431 CONNECTION 698 127 300 960 5400 5400
1432 CONNECTION 698 183 300 1320 4980 4980
1433 CONNECTION 698 745 300 1920 5580 5580
1434 CONNECTION 698 339 300 2760 7200 7200
1435 CONNECTION 698 701 300 3420 7860 7860
1436 CONNECTION 698 855 300 3720 7380 7380
1437 CONNECTION 698 575 300 4560 9000 9000
1438 CONNECTION 812 813 -1 -1 2160 2160
1439 CONNECTION 812 873 -1 -1 2820 2820
1440 CONNECTION 812 478 -1 -1 2100 2100
1441 CONNECTION 812 152 -1 -1 2760 2760
1442 CONNECTION 812 182 -1 -1 3600 3600
1443 CONNECTION 812 893 -1 -1 3960 3960
1444 CONNECTION 812 744 -1 -1 4200 4200
1445 CONNECTION 812 284 300 360 3960 3960
1446 CONNECTION 812 963 300 1320 5760 5760
1447 CONNECTION 812 430 300 1560 5160 5160
1448 CONNECTION 812 854 300 1560 6000 6000
1449 CONNECTION 812 260 300 1980 6420 6420
1450 CONNECTION 812 24 300 2100 5700 5700
1451 CONNECTION 812 600 300 2760 6360 6360
1452 CONNECTION 812 627 300 2760 7200 7200
1453 CONNECTION 812 128 300 3120 7560 7560
1454 CONNECTION 812 914 300 3360 7800 7800
1455 CONNECTION 812 987 300 3960 7560 7560
1456 CONNECTION 282 283 -1 -1 1560 1560
1457 CONNECTION 282 429 -1 -1 2760 2760
1458 CONNECTION 282 673 -1 -1 3180 3180
1459 CONNECTION 282 599 -1 -1 3960 3960
1460 CONNECTION 282 80 -1 -1 4380 4380
1461 CONNECTION 282 983 300 1320 5160 5160
1462 CONNECTION 282 231 300 1500 5580 5580
1463 CONNECTION 282 154 300 2520 6360 6360
1464 CONNECTION 282 401 300 2700 6780 6780
1465 CONNECTION 282 286 300 3720 7560 7560
1466 CONNECTION 282 531 300 3900 7980 7980
1467 CONNECTION 180 181 -1 -1 2220 2220
1468 CONNECTION 180 23 -1 -1 2580 2580
1469 CONNECTION 180 768 -1 -1 4380 4380
1470 CONNECTION 180 743 -1 -1 2820 2820
1471 CONNECTION 180 106 -1 -1 4680 4680
1472 CONNECTION 180 719 -1 -1 3240 3240
1473 CONNECTION 180 79 -1 -1 3000 3000
1474 CONNECTION 180 853 -1 -1 4620 4620
1475 CONNECTION 180 230 300 360 4200 4200
1476 CONNECTION 180 649 300 600 4080 4080
1477 CONNECTION 180 814 300 660 5040 5040
1478 CONNECTION 180 874 300 1320 4800 4800
1479 CONNECTION 180 626 300 1380 5820 5820
1480 CONNECTION 180 947 300 1380 4860 4860
1481 CONNECTION 180 400 300 1560 5400 5400
1482 CONNECTION 180 480 300 1800 6180 6180
1483 CONNECTION 180 933 300 1800 7980 7980
1484 CONNECTION 180 913 300 1980 6420 6420
1485 CONNECTION 180 557 300 2100 8280 8280
1486 CONNECTION 180 894 300 2460 6840 6840
1487 CONNECTION 180 530 300 2760 6600 6600
1488 CONNECTION 180 55 300 3780 8220 8220
1489 CONNECTION 180 675 300 3960 7800 7800
1490 CONNECTION 180 984 300 3960 7800 7800
1491 CONNECTION 180 207 300 4200 7680 7680
1492 CONNECTION 180 964 300 4260 8640 8640
1493 SINK 180 0 -1 -1 300 300
1494 CONNECTION 571 572 -1 -1 2160 2160
1495 CONNECTION 571 478 -1 -1 1860 1860
1496 CONNECTION 571 152 -1 -1 2520 2520
1497 CONNECTION 571 182 -1 -1 3360 3360
1498 CONNECTION 571 893 -1 -1 3720 3720
1499 CONNECTION 571 744 -1 -1 3960 3960
1500 CONNECTION 571 284 -1 -1 3720 3720
1501 CONNECTION 571 963 300 1080 5520 5520
1502 CONNECTION 571 430 300 1320 4920 4920
1503 CONNECTION 571 854 300 1320 5760 5760
1504 CONNECTION 571 260 300 1740 6180 6180
1505 CONNECTION 571 24 300 1860 5460 5460
1506 CONNECTION 571 600 300 2520 6120 6120
1507 CONNECTION 571 627 300 2520 6960 6960
1508 CONNECTION 571 128 300 2880 7320 7320
1509 CONNECTION 571 914 300 3120 7560 7560
1510 CONNECTION 571 987 300 3720 7320 7320
1511 CONNECTION 571 340 300 4680 9120 9120
1512 CONNECTION 78 813 -1 -1 2700 2700
1513 CONNECTION 78 572 -1 -1 2940 2940
1514 CONNECTION 78 981 -1 -1 2100 2100
1515 CONNECTION 78 873 -1 -1 3360 3360
1516 CONNECTION 78 478 -1 -1 2640 2640
1517 CONNECTION 78 152 -1 -1 3300 3300
1518 CONNECTION 78 182 -1 -1 4140 4140
1519 CONNECTION 78 893 -1 -1 4500 4500
1520 CONNECTION 78 744 -1 -1 4740 4740
1521 CONNECTION 78 284 300 900 4500 4500
1522 CONNECTION 78 963 300 1860 6300 6300
1523 CONNECTION 78 430 300 2100 5700 5700
1524 CONNECTION 78 854 300 2100 6540 6540
1525 CONNECTION 78 260 300 2520 6960 6960
1526 CONNECTION 78 24 300 2640 6240 6240
1527 CONNECTION 78 600 300 3300 6900 6900
1528 CONNECTION 78 627 300 3300 7740 7740
1529 CONNECTION 78 128 300 3660 8100 8100
1530 CONNECTION 78 914 300 3900 8340 8340
1531 CONNECTION 78 987 300 4500 8100 8100
1532 CONNECTION 556 874 -1 -1 1920 1920
1533 CONNECTION 556 626 -1 -1 2940 2940
1534 CONNECTION 556 947 -1 -1 1980 1980
1535 CONNECTION 556 400 -1 -1 2520 2520
1536 CONNECTION 556 480 -1 -1 3300 3300
1537 CONNECTION 556 933 -1 -1 5100 5100
1538 CONNECTION 556 913 -1 -1 3540 3540
1539 CONNECTION 556 557 -1 -1 5400 5400
1540 CONNECTION 556 894 -1 -1 3960 3960
1541 CONNECTION 556 530 -1 -1 3720 3720
1542 CONNECTION 556 55 300 900 5340 5340
1543 CONNECTION 556 675 300 1080 4920 4920
1544 CONNECTION 556 984 300 1080 4920 4920
1545 CONNECTION 556 207 300 1320 4800 4800
1546 CONNECTION 556 964 300 1380 5760 5760
1547 CONNECTION 556 261 300 2040 5520 5520
1548 CONNECTION 556 362 300 2100 5580 5580
1549 CONNECTION 556 876 300 2100 6540 6540
1550 CONNECTION 556 82 300 2280 6120 6120
1551 CONNECTION 556 26 300 2520 6900 6900
1552 CONNECTION 556 381 300 2520 8700 8700
1553 CONNECTION 556 315 300 2700 7140 7140
1554 CONNECTION 556 839 300 2820 9000 9000
1555 CONNECTION 556 129 300 3180 7560 7560
1556 CONNECTION 556 233 300 3480 7320 7320
1557 CONNECTION 556 506 300 4500 8940 8940
1558 CONNECTION 556 403 300 4680 8520 8520
1559 SINK 556 0 -1 -1 300 300
1560 CONNECTION 718 719 -1 -1 2100 2100
1561 CONNECTION 718 853 -1 -1 3480 3480
1562 CONNECTION 718 230 -1 -1 3060 3060
1563 CONNECTION 718 649 -1 -1 2940 2940
1564 CONNECTION 718 814 -1 -1 3900 3900
1565 CONNECTION 718 874 -1 -1 3660 3660
1566 CONNECTION 718 626 -1 -1 4680 4680
1567 CONNECTION 718 947 -1 -1 3720 3720
1568 CONNECTION 718 400 300 420 4260 4260
1569 CONNECTION 718 480 300 660 5040 5040
1570 CONNECTION 718 933 300 660 6840 6840
1571 CONNECTION 718 913 300 840 5280 5280
1572 CONNECTION 718 557 300 960 7140 7140
1573 CONNECTION 718 894 300 1320 5700 5700
1574 CONNECTION 718 530 300 1620 5460 5460
1575 CONNECTION 718 55 300 2640 7080 7080
1576 CONNECTION 718 675 300 2820 6660 6660
1577 CONNECTION 718 984 300 2820 6660 6660
1578 CONNECTION 718 207 300 3060 6540 6540
1579 CONNECTION 718 964 300 3120 7500 7500
1580 CONNECTION 718 261 300 3780 7260 7260
1581 CONNECTION 718 362 300 3840 7320 7320
1582 CONNECTION 718 876 300 3840 8280 8280
1583 CONNECTION 718 82 300 4020 7860 7860
1584 CONNECTION 718 26 300 4260 8640 8640
1585 CONNECTION 718 381 300 4260 10440 10440
1586 CONNECTION 718 315 300 4440 8880 8880
1587 CONNECTION 718 839 300 4560 10740 10740
1588 SINK 718 0 -1 -1 300 300
1589 CONNECTION 527 528 -1 -1 1920 1920
1590 CONNECTION 527 429 -1 -1 2700 2700
1591 CONNECTION 527 673 -1 -1 3120 3120
1592 CONNECTION 527 599 -1 -1 3900 3900
1593 CONNECTION 527 80 -1 -1 4320 4320
1594 CONNECTION 527 983 300 1260 5100 5100
1595 CONNECTION 527 231 300 1440 5520 5520
1596 CONNECTION 527 154 300 2460 6300 6300
1597 CONNECTION 527 401 300 2640 6720 6720
1598 CONNECTION 527 286 300 3660 7500 7500
1599 CONNECTION 527 531 300 3840 7920 7920
1600 CONNECTION 891 892 -1 -1 2160 2160
1601 CONNECTION 891 337 -1 -1 2340 2340
1602 CONNECTION 891 962 -1 -1 3960 3960
1603 CONNECTION 891 259 -1 -1 4620 4620
1604 CONNECTION 891 573 300 480 4140 4140
1605 CONNECTION 891 127 300 1320 5760 5760
1606 CONNECTION 891 183 300 1680 5340 5340
1607 CONNECTION 891 745 300 2280 5940 5940
1608 CONNECTION 891 339 300 3120 7560 7560
1609 CONNECTION 891 701 300 3780 8220 8220
1610 CONNECTION 891 855 300 4080 7740 7740
1611 CONNECTION 767 768 -1 -1 4020 4020
1612 CONNECTION 767 719 -1 -1 2880 2880
1613 CONNECTION 767 79 -1 -1 2640 2640
1614 CONNECTION 767 853 -1 -1 4260 4260
1615 CONNECTION 767 230 -1 -1 3840 3840
1616 CONNECTION 767 649 -1 -1 3720 3720
1617 CONNECTION 767 814 -1 -1 4680 4680
1618 CONNECTION 767 874 300 960 4440 4440
1619 CONNECTION 767 626 300 1020 5460 5460
1620 CONNECTION 767 947 300 1020 4500 4500
1621 CONNECTION 767 400 300 1200 5040 5040
1622 CONNECTION 767 480 300 1440 5820 5820
1623 CONNECTION 767 933 300 1440 7620 7620
1624 CONNECTION 767 913 300 1620 6060 6060
1625 CONNECTION 767 557 300 1740 7920 7920
1626 CONNECTION 767 894 300 2100 6480 6480
1627 CONNECTION 767 530 300 2400 6240 6240
1628 CONNECTION 767 55 300 3420 7860 7860
1629 CONNECTION 767 675 300 3600 7440 7440
1630 CONNECTION 767 984 300 3600 7440 7440
1631 CONNECTION 767 207 300 3840 7320 7320
1632 CONNECTION 767 964 300 3900 8280 8280
1633 CONNECTION 767 261 300 4560 8040 8040
1634 CONNECTION 767 362 300 4620 8100 8100
1635 CONNECTION 767 876 300 4620 9060 9060
1636 CONNECTION 767 82 300 4800 8640 8640
1637 SINK 767 0 -1 -1 300 300
1638 CONNECTION 336 337 -1 -1 1380 1380
1639 CONNECTION 336 962 -1 -1 3000 3000
1640 CONNECTION 336 259 -1 -1 3660 3660
1641 CONNECTION 336 573 -1 -1 3180 3180
1642 CONNECTION 336 127 300 360 4800 4800
1643 CONNECTION 336 183 300 720 4380 4380
1644 CONNECTION 336 745 300 1320 4980 4980
1645 CONNECTION 336 339 300 2160 6600 6600
1646 CONNECTION 336 701 300 2820 7260 7260
1647 CONNECTION 336 855 300 3120 6780 6780
1648 CONNECTION 336 575 300 3960 8400 8400
1649 CONNECTION 336 628 300 4320 7980 7980
1650 CONNECTION 22 23 -1 -1 2100 2100
1651 CONNECTION 22 719 -1 -1 2760 2760
1652 CONNECTION 22 79 -1 -1 2520 2520
1653 CONNECTION 22 853 -1 -1 4140 4140
1654 CONNECTION 22 230 -1 -1 3720 3720
1655 CONNECTION 22 649 -1 -1 3600 3600
1656 CONNECTION 22 814 -1 -1 4560 4560
1657 CONNECTION 22 874 300 840 4320 4320
1658 CONNECTION 22 626 300 900 5340 5340
1659 CONNECTION 22 947 300 900 4380 4380
1660 CONNECTION 22 400 300 1080 4920 4920
1661 CONNECTION 22 480 300 1320 5700 5700
1662 CONNECTION 22 933 300 1320 7500 7500
1663 CONNECTION 22 913 300 1500 5940 5940
1664 CONNECTION 22 557 300 1620 7800 7800
1665 CONNECTION 22 894 300 1980 6360 6360
1666 CONNECTION 22 530 300 2280 6120 6120
1667 CONNECTION 22 55 300 3300 7740 7740
1668 CONNECTION 22 675 300 3480 7320 7320
1669 CONNECTION 22 984 300 3480 7320 7320
1670 CONNECTION 22 207 300 3720 7200 7200
1671 CONNECTION 22 964 300 3780 8160 8160
1672 CONNECTION 22 261 300 4440 7920 7920
1673 CONNECTION 22 362 300 4500 7980 7980
1674 CONNECTION 22 876 300 4500 8940 8940
1675 CONNECTION 22 82 300 4680 8520 8520
1676 SINK 22 0 -1 -1 300 300
1677 CONNECTION 204 205 -1 -1 1320 1320
1678 CONNECTION 204 598 -1 -1 2460 2460
1679 CONNECTION 204 783 -1 -1 3780 3780
1680 CONNECTION 204 399 -1 -1 2160 2160
1681 CONNECTION 204 982 -1 -1 3660 3660
1682 CONNECTION 204 625 -1 -1 3120 3120
1683 CONNECTION 204 529 -1 -1 3360 3360
1684 CONNECTION 204 932 -1 -1 3480 3480
1685 CONNECTION 204 479 -1 -1 3600 3600
1686 CONNECTION 204 153 300 780 4860 4860
1687 CONNECTION 204 674 300 960 4560 4560
1688 CONNECTION 204 650 300 1320 4920 4920
1689 CONNECTION 204 285 300 1980 6060 6060
1690 CONNECTION 204 948 300 2100 7380 7380
1691 CONNECTION 204 81 300 2160 5760 5760
1692 CONNECTION 204 431 300 3180 7260 7260
1693 CONNECTION 204 875 300 3240 6720 6720
1694 CONNECTION 204 232 300 3360 6960 6960
1695 CONNECTION 204 380 300 3600 7080 7080
1696 CONNECTION 204 25 300 3720 7200 7200
1697 CONNECTION 204 601 300 4380 8460 8460
1698 CONNECTION 204 402 300 4560 8160 8160
1699 CONNECTION 872 873 -1 -1 2160 2160
1700 CONNECTION 872 152 -1 -1 2100 2100
1701 CONNECTION 872 182 -1 -1 2940 2940
1702 CONNECTION 872 893 -1 -1 3300 3300
1703 CONNECTION 872 744 -1 -1 3540 3540
1704 CONNECTION 872 284 -1 -1 3300 3300
1705 CONNECTION 872 963 300 660 5100 5100
1706 CONNECTION 872 430 300 900 4500 4500
1707 CONNECTION 872 854 300 900 5340 5340
1708 CONNECTION 872 260 300 1320 5760 5760
1709 CONNECTION 872 24 300 1440 5040 5040
1710 CONNECTION 872 600 300 2100 5700 5700
1711 CONNECTION 872 627 300 2100 6540 6540
1712 CONNECTION 872 128 300 2460 6900 6900
1713 CONNECTION 872 914 300 2700 7140 7140
1714 CONNECTION 872 987 300 3300 6900 6900
1715 CONNECTION 872 340 300 4260 8700 8700
1716 CONNECTION 872 56 300 4500 8940 8940
1717 CONNECTION 872 155 300 4500 8100 8100
1718 CONNECTION 151 79 -1 -1 2100 2100
1719 CONNECTION 151 853 -1 -1 3720 3720
1720 CONNECTION 151 230 -1 -1 3300 3300
1721 CONNECTION 151 649 -1 -1 3180 3180
1722 CONNECTION 151 814 -1 -1 4140 4140
1723 CONNECTION 151 874 300 420 3900 3900
1724 CONNECTION 151 626 300 480 4920 4920
1725 CONNECTION 151 947 300 480 3960 3960
1726 CONNECTION 151 400 300 660 4500 4500
1727 CONNECTION 151 480 300 900 5280 5280
1728 CONNECTION 151 933 300 900 7080 7080
1729 CONNECTION 151 913 300 1080 5520 5520
1730 CONNECTION 151 557 300 1200 7380 7380
1731 CONNECTION 151 894 300 1560 5940 5940
1732 CONNECTION 151 530 300 1860 5700 5700
1733 CONNECTION 151 55 300 2880 7320 7320
1734 CONNECTION 151 675 300 3060 6900 6900
1735 CONNECTION 151 984 300 3060 6900 6900
1736 CONNECTION 151 207 300 3300 6780 6780
1737 CONNECTION 151 964 300 3360 7740 7740
1738 CONNECTION 151 261 300 4020 7500 7500
1739 CONNECTION 151 362 300 4080 7560 7560
1740 CONNECTION 151 876 300 4080 8520 8520
1741 CONNECTION 151 82 300 4260 8100 8100
1742 CONNECTION 151 26 300 4500 8880 8880
1743 CONNECTION 151 381 300 4500 10680 10680
1744 CONNECTION 151 315 300 4680 9120 9120
1745 CONNECTION 151 839 300 4800 10980 10980
1746 SINK 151 0 -1 -1 300 300
1747 CONNECTION 502 503 -1 -1 2580 2580
1748 CONNECTION 502 912 -1 -1 2820 2820
1749 CONNECTION 502 720 -1 -1 4380 4380
1750 CONNECTION 502 798 -1 -1 4620 4620
1751 CONNECTION 502 4 -1 -1 4620 4620
1752 CONNECTION 502 54 -1 -1 4620 4620
1753 CONNECTION 502 206 300 660 5040 5040
1754 CONNECTION 502 815 300 1320 6180 6180
1755 CONNECTION 502 314 300 2040 6420 6420
1756 CONNECTION 502 895 300 3120 7980 7980
1757 CONNECTION 502 108 300 3360 8220 8220
1758 CONNECTION 502 458 300 3540 8220 8220
1759 CONNECTION 502 505 300 3840 8220 8220
1760 CONNECTION 502 651 300 4260 8640 8640
1761 CONNECTION 398 399 -1 -1 1320 1320
1762 CONNECTION 398 982 -1 -1 2820 2820
1763 CONNECTION 398 625 -1 -1 2280 2280
1764 CONNECTION 398 529 -1 -1 2520 2520
1765 CONNECTION 398 932 -1 -1 2640 2640
1766 CONNECTION 398 479 -1 -1 2760 2760
1767 CONNECTION 398 153 -1 -1 4020 4020
1768 CONNECTION 398 674 -1 -1 3720 3720
1769 CONNECTION 398 650 300 480 4080 4080
1770 CONNECTION 398 285 300 1140 5220 5220
1771 CONNECTION 398 948 300 1260 6540 6540
1772 CONNECTION 398 81 300 1320 4920 4920
1773 CONNECTION 398 431 300 2340 6420 6420
1774 CONNECTION 398 875 300 2400 5880 5880
1775 CONNECTION 398 232 300 2520 6120 6120
1776 CONNECTION 398 380 300 2760 6240 6240
1777 CONNECTION 398 25 300 2880 6360 6360
1778 CONNECTION 398 601 300 3540 7620 7620
1779 CONNECTION 398 402 300 3720 7320 7320
1780 CONNECTION 398 208 300 4080 7680 7680
1781 CONNECTION 398 988 300 4740 8820 8820
1782 CONNECTION 125 258 -1 -1 1860 1860
1783 CONNECTION 125 126 -1 -1 3060 3060
1784 CONNECTION 125 379 -1 -1 5400 5400
1785 CONNECTION 125 338 300 1200 4860 4860
1786 CONNECTION 125 700 300 1800 5460 5460
1787 CONNECTION 125 574 300 3000 6660 6660
1788 CONNECTION 125 784 300 3720 9000 9000
1789 CONNECTION 125 746 300 4800 8460 8460
1790 CONNECTION 911 912 -1 -1 2100 2100
1791 CONNECTION 911 720 -1 -1 3660 3660
1792 CONNECTION 911 798 -1 -1 3900 3900
1793 CONNECTION 911 4 -1 -1 3900 3900
1794 CONNECTION 911 54 -1 -1 3900 3900
1795 CONNECTION 911 206 -1 -1 4320 4320
1796 CONNECTION 911 815 300 600 5460 5460
1797 CONNECTION 911 314 300 1320 5700 5700
1798 CONNECTION 911 895 300 2400 7260 7260
1799 CONNECTION 911 108 300 2640 7500 7500
1800 CONNECTION 911 458 300 2820 7500 7500
1801 CONNECTION 911 505 300 3120 7500 7500
1802 CONNECTION 911 651 300 3540 7920 7920
1803 CONNECTION 911 965 300 4200 9060 9060
1804 CONNECTION 312 313 -1 -1 3540 3540
1805 CONNECTION 312 457 -1 -1 4980 4980
1806 CONNECTION 312 504 300 480 5340 5340
1807 CONNECTION 312 721 300 2280 7140 7140
1808 CONNECTION 312 799 300 3720 8580 8580
1809 CONNECTION 312 816 300 4080 8940 8940
1810 CONNECTION 931 932 -1 -1 1200 1200
1811 CONNECTION 931 153 -1 -1 2580 2580
1812 CONNECTION 931 674 -1 -1 2280 2280
1813 CONNECTION 931 650 -1 -1 2640 2640
1814 CONNECTION 931 285 -1 -1 3780 3780
1815 CONNECTION 931 948 -1 -1 5100 5100
1816 CONNECTION 931 81 -1 -1 3480 3480
1817 CONNECTION 931 431 300 900 4980 4980
1818 CONNECTION 931 875 300 960 4440 4440
1819 CONNECTION 931 232 300 1080 4680 4680
1820 CONNECTION 931 380 300 1320 4800 4800
1821 CONNECTION 931 25 300 1440 4920 4920
1822 CONNECTION 931 601 300 2100 6180 6180
1823 CONNECTION 931 402 300 2280 5880 5880
1824 CONNECTION 931 208 300 2640 6240 6240
1825 CONNECTION 931 988 300 3300 7380 7380
1826 CONNECTION 931 363 300 3420 8700 8700
1827 CONNECTION 931 532 300 3480 7080 7080
1828 CONNECTION 931 156 300 4500 8580 8580
1829 CONNECTION 931 184 300 4560 8040 8040
1830 CONNECTION 931 677 300 4680 8280 8280
1831 CONNECTION 931 986 300 4680 8280 8280
1832 CONNECTION 946 947 -1 -1 1200 1200
1833 CONNECTION 946 913 -1 -1 2760 2760
1834 CONNECTION 946 557 -1 -1 4620 4620
1835 CONNECTION 946 894 -1 -1 3180 3180
1836 CONNECTION 946 530 -1 -1 2940 2940
1837 CONNECTION 946 55 -1 -1 4560 4560
1838 CONNECTION 946 675 -1 -1 4140 4140
1839 CONNECTION 946 984 -1 -1 4140 4140
1840 CONNECTION 946 207 300 540 4020 4020
1841 CONNECTION 946 964 300 600 4980 4980
1842 CONNECTION 946 261 300 1260 4740 4740
1843 CONNECTION 946 362 300 1320 4800 4800
1844 CONNECTION 946 876 300 1320 5760 5760
1845 CONNECTION 946 82 300 1500 5340 5340
1846 CONNECTION 946 26 300 1740 6120 6120
1847 CONNECTION 946 381 300 1740 7920 7920
1848 CONNECTION 946 315 300 1920 6360 6360
1849 CONNECTION 946 839 300 2040 8220 8220
1850 CONNECTION 946 129 300 2400 6780 6780
1851 CONNECTION 946 233 300 2700 6540 6540
1852 CONNECTION 946 506 300 3720 8160 8160
1853 CONNECTION 946 403 300 3900 7740 7740
1854 CONNECTION 946 652 300 4140 7620 7620
1855 CONNECTION 946 341 300 4200 8580 8580
1856 SINK 946 0 -1 -1 300 300
1857 CONNECTION 597 598 -1 -1 1800 1800
1858 CONNECTION 597 982 -1 -1 3000 3000
1859 CONNECTION 597 625 -1 -1 2460 2460
1860 CONNECTION 597 529 -1 -1 2700 2700
1861 CONNECTION 597 932 -1 -1 2820 2820
1862 CONNECTION 597 479 -1 -1 2940 2940
1863 CONNECTION 597 153 -1 -1 4200 4200
1864 CONNECTION 597 674 -1 -1 3900 3900
1865 CONNECTION 597 650 300 660 4260 4260
1866 CONNECTION 597 285 300 1320 5400 5400
1867 CONNECTION 597 948 300 1440 6720 6720
1868 CONNECTION 597 81 300 1500 5100 5100
1869 CONNECTION 597 431 300 2520 6600 6600
1870 CONNECTION 597 875 300 2580 6060 6060
1871 CONNECTION 597 232 300 2700 6300 6300
1872 CONNECTION 597 380 300 2940 6420 6420
1873 CONNECTION 597 25 300 3060 6540 6540
1874 CONNECTION 597 601 300 3720 7800 7800
1875 CONNECTION 597 402 300 3900 7500 7500
1876 CONNECTION 597 208 300 4260 7860 7860
1877 CONNECTION 456 313 -1 -1 3300 3300
1878 CONNECTION 456 457 -1 -1 4740 4740
1879 CONNECTION 456 504 -1 -1 5100 5100
1880 CONNECTION 456 721 300 2040 6900 6900
1881 CONNECTION 456 799 300 3480 8340 8340
1882 CONNECTION 456 816 300 3840 8700 8700
1883 CONNECTION 428 429 -1 -1 1560 1560
1884 CONNECTION 428 599 -1 -1 2760 2760
1885 CONNECTION 428 80 -1 -1 3180 3180
1886 CONNECTION 428 983 -1 -1 3960 3960
1887 CONNECTION 428 231 -1 -1 4380 4380
1888 CONNECTION 428 154 300 1320 5160 5160
1889 CONNECTION 428 401 300 1500 5580 5580
1890 CONNECTION 428 286 300 2520 6360 6360
1891 CONNECTION 428 531 300 2700 6780 6780
1892 CONNECTION 428 432 300 3720 7560 7560
1893 CONNECTION 428 676 300 3900 7980 7980
1894 CONNECTION 428 985 300 3900 7980 7980
1895 CONNECTION 624 982 -1 -1 2940 2940
1896 CONNECTION 624 625 -1 -1 2400 2400
1897 CONNECTION 624 529 -1 -1 2640 2640
1898 CONNECTION 624 932 -1 -1 2760 2760
1899 CONNECTION 624 479 -1 -1 2880 2880
1900 CONNECTION 624 153 -1 -1 4140 4140
1901 CONNECTION 624 674 -1 -1 3840 3840
1902 CONNECTION 624 650 300 600 4200 4200
1903 CONNECTION 624 285 300 1260 5340 5340
1904 CONNECTION 624 948 300 1380 6660 6660
1905 CONNECTION 624 81 300 1440 5040 5040
1906 CONNECTION 624 431 300 2460 6540 6540
1907 CONNECTION 624 875 300 2520 6000 6000
1908 CONNECTION 624 232 300 2640 6240 6240
1909 CONNECTION 624 380 300 2880 6360 6360
1910 CONNECTION 624 25 300 3000 6480 6480
1911 CONNECTION 624 601 300 3660 7740 7740
1912 CONNECTION 624 402 300 3840 7440 7440
1913 CONNECTION 624 208 300 4200 7800 7800
1914 CONNECTION 181 182 -1 -1 2160 2160
1915 CONNECTION 181 744 -1 -1 2760 2760
1916 CONNECTION 181 284 -1 -1 2520 2520
1917 CONNECTION 181 963 -1 -1 4320 4320
1918 CONNECTION 181 430 -1 -1 3720 3720
1919 CONNECTION 181 854 -1 -1 4560 4560
1920 CONNECTION 181 260 300 540 4980 4980
1921 CONNECTION 181 24 300 660 4260 4260
1922 CONNECTION 181 600 300 1320 4920 4920
1923 CONNECTION 181 627 300 1320 5760 5760
1924 CONNECTION 181 128 300 1680 6120 6120
1925 CONNECTION 181 914 300 1920 6360 6360
1926 CONNECTION 181 987 300 2520 6120 6120
1927 CONNECTION 181 340 300 3480 7920 7920
1928 CONNECTION 181 56 300 3720 8160 8160
1929 CONNECTION 181 155 300 3720 7320 7320
1930 CONNECTION 181 702 300 4140 8580 8580
1931 CONNECTION 181 481 300 4260 7860 7860
1932 CONNECTION 782 783 -1 -1 3000 3000
1933 CONNECTION 782 982 -1 -1 2880 2880
1934 CONNECTION 782 625 -1 -1 2340 2340
1935 CONNECTION 782 529 -1 -1 2580 2580
1936 CONNECTION 782 932 -1 -1 2700 2700
1937 CONNECTION 782 479 -1 -1 2820 2820
1938 CONNECTION 782 153 -1 -1 4080 4080
1939 CONNECTION 782 674 -1 -1 3780 3780
1940 CONNECTION 782 650 300 540 4140 4140
1941 CONNECTION 782 285 300 1200 5280 5280
1942 CONNECTION 782 948 300 1320 6600 6600
1943 CONNECTION 782 81 300 1380 4980 4980
1944 CONNECTION 782 431 300 2400 6480 6480
1945 CONNECTION 782 875 300 2460 5940 5940
1946 CONNECTION 782 232 300 2580 6180 6180
1947 CONNECTION 782 380 300 2820 6300 6300
1948 CONNECTION 782 25 300 2940 6420 6420
1949 CONNECTION 782 601 300 3600 7680 7680
1950 CONNECTION 782 402 300 3780 7380 7380
1951 CONNECTION 782 208 300 4140 7740 7740
1952 CONNECTION 782 988 300 4800 8880 8880
1953 CONNECTION 837 838 -1 -1 4020 4020
1954 CONNECTION 837 361 -1 -1 4800 4800
1955 CONNECTION 837 107 -1 -1 4620 4620
1956 CONNECTION 837 5 300 1440 7620 7620
1957 CONNECTION 837 769 300 2220 8400 8400
1958 CONNECTION 837 558 300 3540 8220 8220
1959 CONNECTION 229 152 -1 -1 2100 2100
1960 CONNECTION 229 182 -1 -1 2940 2940
1961 CONNECTION 229 893 -1 -1 3300 3300
1962 CONNECTION 229 744 -1 -1 3540 3540
1963 CONNECTION 229 284 -1 -1 3300 3300
1964 CONNECTION 229 963 300 660 5100 5100
1965 CONNECTION 229 430 300 900 4500 4500
1966 CONNECTION 229 854 300 900 5340 5340
1967 CONNECTION 229 260 300 1320 5760 5760
1968 CONNECTION 229 24 300 1440 5040 5040
1969 CONNECTION 229 600 300 2100 5700 5700
1970 CONNECTION 229 627 300 2100 6540 6540
1971 CONNECTION 229 128 300 2460 6900 6900
1972 CONNECTION 229 914 300 2700 7140 7140
1973 CONNECTION 229 987 300 3300 6900 6900
1974 CONNECTION 229 340 300 4260 8700 8700
1975 CONNECTION 229 56 300 4500 8940 8940
1976 CONNECTION 229 155 300 4500 8100 8100
1977 CONNECTION 672 673 -1 -1 1920 1920
1978 CONNECTION 672 599 -1 -1 2700 2700
1979 CONNECTION 672 80 -1 -1 3120 3120
1980 CONNECTION 672 983 -1 -1 3900 3900
1981 CONNECTION 672 231 -1 -1 4320 4320
1982 CONNECTION 672 154 300 1260 5100 5100
1983 CONNECTION 672 401 300 1440 5520 5520
1984 CONNECTION 672 286 300 2460 6300 6300
1985 CONNECTION 672 531 300 2640 6720 6720
1986 CONNECTION 672 432 300 3660 7500 7500
1987 CONNECTION 672 676 300 3840 7920 7920
1988 CONNECTION 672 985 300 3840 7920 7920
1989 CONNECTION 852 853 -1 -1 2160 2160
1990 CONNECTION 852 814 -1 -1 2580 2580
1991 CONNECTION 852 874 -1 -1 2340 2340
1992 CONNECTION 852 626 -1 -1 3360 3360
1993 CONNECTION 852 947 -1 -1 2400 2400
1994 CONNECTION 852 400 -1 -1 2940 2940
1995 CONNECTION 852 480 -1 -1 3720 3720
1996 CONNECTION 852 933 -1 -1 5520 5520
1997 CONNECTION 852 913 -1 -1 3960 3960
1998 CONNECTION 852 557 -1 -1 5820 5820
1999 CONNECTION 852 894 -1 -1 4380 4380
2000 CONNECTION 852 530 -1 -1 4140 4140
2001 CONNECTION 852 55 300 1320 5760 5760
2002 CONNECTION 852 675 300 1500 5340 5340
2003 CONNECTION 852 984 300 1500 5340 5340
2004 CONNECTION 852 207 300 1740 5220 5220
2005 CONNECTION 852 964 300 1800 6180 6180
2006 CONNECTION 852 261 300 2460 5940 5940
2007 CONNECTION 852 362 300 2520 6000 6000
2008 CONNECTION 852 876 300 2520 6960 6960
2009 CONNECTION 852 82 300 2700 6540 6540
2010 CONNECTION 852 26 300 2940 7320 7320
2011 CONNECTION 852 381 300 2940 9120 9120
2012 CONNECTION 852 315 300 3120 7560 7560
2013 CONNECTION 852 839 300 3240 9420 9420
2014 CONNECTION 852 129 300 3600 7980 7980
2015 CONNECTION 852 233 300 3900 7740 7740
2016 SINK 852 0 -1 -1 300 300
2017 CONNECTION 892 893 -1 -1 2160 2160
2018 CONNECTION 892 284 -1 -1 2160 2160
2019 CONNECTION 892 963 -1 -1 3960 3960
2020 CONNECTION 892 430 -1 -1 3360 3360
2021 CONNECTION 892 854 -1 -1 4200 4200
2022 CONNECTION 892 260 -1 -1 4620 4620
2023 CONNECTION 892 24 -1 -1 3900 3900
2024 CONNECTION 892 600 300 960 4560 4560
2025 CONNECTION 892 627 300 960 5400 5400
2026 CONNECTION 892 128 300 1320 5760 5760
2027 CONNECTION 892 914 300 1560 6000 6000
2028 CONNECTION 892 987 300 2160 5760 5760
2029 CONNECTION 892 340 300 3120 7560 7560
2030 CONNECTION 892 56 300 3360 7800 7800
2031 CONNECTION 892 155 300 3360 6960 6960
2032 CONNECTION 892 702 300 3780 8220 8220
2033 CONNECTION 892 481 300 3900 7500 7500
2034 CONNECTION 892 287 300 4560 8160 8160
2035 CONNECTION 892 877 300 4560 9000 9000
2036 CONNECTION 23 720 -1 -1 3240 3240
2037 CONNECTION 23 798 -1 -1 3480 3480
2038 CONNECTION 23 4 -1 -1 3480 3480
2039 CONNECTION 23 54 -1 -1 3480 3480
2040 CONNECTION 23 206 -1 -1 3900 3900
2041 CONNECTION 23 815 -1 -1 5040 5040
2042 CONNECTION 23 314 300 900 5280 5280
2043 CONNECTION 23 895 300 1980 6840 6840
2044 CONNECTION 23 108 300 2220 7080 7080
2045 CONNECTION 23 458 300 2400 7080 7080
2046 CONNECTION 23 505 300 2700 7080 7080
2047 CONNECTION 23 651 300 3120 7500 7500
2048 CONNECTION 23 965 300 3780 8640 8640
2049 CONNECTION 23 722 300 4500 8880 8880
2050 CONNECTION 205 893 -1 -1 2940 2940
2051 CONNECTION 205 744 -1 -1 3180 3180
2052 CONNECTION 205 284 -1 -1 2940 2940
2053 CONNECTION 205 963 -1 -1 4740 4740
2054 CONNECTION 205 430 300 540 4140 4140
2055 CONNECTION 205 854 300 540 4980 4980
2056 CONNECTION 205 260 300 960 5400 5400
2057 CONNECTION 205 24 300 1080 4680 4680
2058 CONNECTION 205 600 300 1740 5340 5340
2059 CONNECTION 205 627 300 1740 6180 6180
2060 CONNECTION 205 128 300 2100 6540 6540
2061 CONNECTION 205 914 300 2340 6780 6780
2062 CONNECTION 205 987 300 2940 6540 6540
2063 CONNECTION 205 340 300 3900 8340 8340
2064 CONNECTION 205 56 300 4140 8580 8580
2065 CONNECTION 205 155 300 4140 7740 7740
2066 CONNECTION 205 702 300 4560 9000 9000
2067 CONNECTION 205 481 300 4680 8280 8280
2068 CONNECTION 768 5 -1 -1 5700 5700
2069 CONNECTION 768 769 -1 -1 6480 6480
2070 CONNECTION 768 558 300 1620 6300 6300
2071 CONNECTION 768 459 300 3120 9300 9300
2072 CONNECTION 768 934 300 3900 10080 10080
2073 CONNECTION 283 230 -1 -1 2100 2100
2074 CONNECTION 283 649 -1 -1 1980 1980
2075 CONNECTION 283 814 -1 -1 2940 2940
2076 CONNECTION 283 874 -1 -1 2700 2700
2077 CONNECTION 283 626 -1 -1 3720 3720
2078 CONNECTION 283 947 -1 -1 2760 2760
2079 CONNECTION 283 400 -1 -1 3300 3300
2080 CONNECTION 283 480 -1 -1 4080 4080
2081 CONNECTION 283 933 -1 -1 5880 5880
2082 CONNECTION 283 913 -1 -1 4320 4320
2083 CONNECTION 283 557 -1 -1 6180 6180
2084 CONNECTION 283 894 300 360 4740 4740
2085 CONNECTION 283 530 300 660 4500 4500
2086 CONNECTION 283 55 300 1680 6120 6120
2087 CONNECTION 283 675 300 1860 5700 5700
2088 CONNECTION 283 984 300 1860 5700 5700
2089 CONNECTION 283 207 300 2100 5580 5580
2090 CONNECTION 283 964 300 2160 6540 6540
2091 CONNECTION 283 261 300 2820 6300 6300
2092 CONNECTION 283 362 300 2880 6360 6360
2093 CONNECTION 283 876 300 2880 7320 7320
2094 CONNECTION 283 82 300 3060 6900 6900
2095 CONNECTION 283 26 300 3300 7680 7680
2096 CONNECTION 283 381 300 3300 9480 9480
2097 CONNECTION 283 315 300 3480 7920 7920
2098 CONNECTION 283 839 300 3600 9780 9780
2099 CONNECTION 283 129 300 3960 8340 8340
2100 CONNECTION 283 233 300 4260 8100 8100
2101 SINK 283 0 -1 -1 300 300
2102 CONNECTION 743 744 -1 -1 2160 2160
2103 CONNECTION 743 284 -1 -1 1920 1920
2104 CONNECTION 743 963 -1 -1 3720 3720
2105 CONNECTION 743 430 -1 -1 3120 3120
2106 CONNECTION 743 854 -1 -1 3960 3960
2107 CONNECTION 743 260 -1 -1 4380 4380
2108 CONNECTION 743 24 -1 -1 3660 3660
2109 CONNECTION 743 600 300 720 4320 4320
2110 CONNECTION 743 627 300 720 5160 5160
2111 CONNECTION 743 128 300 1080 5520 5520
2112 CONNECTION 743 914 300 1320 5760 5760
2113 CONNECTION 743 987 300 1920 5520 5520
2114 CONNECTION 743 340 300 2880 7320 7320
2115 CONNECTION 743 56 300 3120 7560 7560
2116 CONNECTION 743 155 300 3120 6720 6720
2117 CONNECTION 743 702 300 3540 7980 7980
2118 CONNECTION 743 481 300 3660 7260 7260
2119 CONNECTION 743 287 300 4320 7920 7920
2120 CONNECTION 743 877 300 4320 8760 8760
2121 CONNECTION 743 576 300 4680 9120 9120
2122 CONNECTION 528 529 -1 -1 1320 1320
2123 CONNECTION 528 153 -1 -1 2820 2820
2124 CONNECTION 528 674 -1 -1 2520 2520
2125 CONNECTION 528 650 -1 -1 2880 2880
2126 CONNECTION 528 285 -1 -1 4020 4020
2127 CONNECTION 528 948 -1 -1 5340 5340
2128 CONNECTION 528 81 -1 -1 3720 3720
2129 CONNECTION 528 431 300 1140 5220 5220
2130 CONNECTION 528 875 300 1200 4680 4680
2131 CONNECTION 528 232 300 1320 4920 4920
2132 CONNECTION 528 380 300 1560 5040 5040
2133 CONNECTION 528 25 300 1680 5160 5160
2134 CONNECTION 528 601 300 2340 6420 6420
2135 CONNECTION 528 402 300 2520 6120 6120
2136 CONNECTION 528 208 300 2880 6480 6480
2137 CONNECTION 528 988 300 3540 7620 7620
2138 CONNECTION 528 363 300 3660 8940 8940
2139 CONNECTION 528 532 300 3720 7320 7320
2140 CONNECTION 528 156 300 4740 8820 8820
2141 CONNECTION 528 184 300 4800 8280 8280
2142 CONNECTION 106 107 -1 -1 2400 2400
2143 CONNECTION 106 5 -1 -1 5400 5400
2144 CONNECTION 106 769 -1 -1 6180 6180
2145 CONNECTION 106 558 300 1320 6000 6000
2146 CONNECTION 106 459 300 2820 9000 9000
2147 CONNECTION 106 934 300 3600 9780 9780
2148 CONNECTION 648 649 -1 -1 1200 1200
2149 CONNECTION 648 874 -1 -1 1920 1920
2150 CONNECTION 648 626 -1 -1 2940 2940
2151 CONNECTION 648 947 -1 -1 1980 1980
2152 CONNECTION 648 400 -1 -1 2520 2520
2153 CONNECTION 648 480 -1 -1 3300 3300
2154 CONNECTION 648 933 -1 -1 5100 5100
2155 CONNECTION 648 913 -1 -1 3540 3540
2156 CONNECTION 648 557 -1 -1 5400 5400
2157 CONNECTION 648 894 -1 -1 3960 3960
2158 CONNECTION 648 530 -1 -1 3720 3720
2159 CONNECTION 648 55 300 900 5340 5340
2160 CONNECTION 648 675 300 1080 4920 4920
2161 CONNECTION 648 984 300 1080 4920 4920
2162 CONNECTION 648 207 300 1320 4800 4800
2163 CONNECTION 648 964 300 1380 5760 5760
2164 CONNECTION 648 261 300 2040 5520 5520
2165 CONNECTION 648 362 300 2100 5580 5580
2166 CONNECTION 648 876 300 2100 6540 6540
2167 CONNECTION 648 82 300 2280 6120 6120
2168 CONNECTION 648 26 300 2520 6900 6900
2169 CONNECTION 648 381 300 2520 8700 8700
2170 CONNECTION 648 315 300 2700 7140 7140
2171 CONNECTION 648 839 300 2820 9000 9000
2172 CONNECTION 648 129 300 3180 7560 7560
2173 CONNECTION 648 233 300 3480 7320 7320
2174 CONNECTION 648 506 300 4500 8940 8940
2175 CONNECTION 648 403 300 4680 8520 8520
2176 SINK 648 0 -1 -1 300 300
2177 CONNECTION 699 126 -1 -1 1860 1860
2178 CONNECTION 699 379 -1 -1 4200 4200
2179 CONNECTION 699 338 -1 -1 3660 3660
2180 CONNECTION 699 700 300 600 4260 4260
2181 CONNECTION 699 574 300 1800 5460 5460
2182 CONNECTION 699 784 300 2520 7800 7800
2183 CONNECTION 699 746 300 3600 7260 7260
2184 CONNECTION 699 993 300 4200 7860 7860
2185 CONNECTION 813 814 -1 -1 2100 2100
2186 CONNECTION 813 874 -1 -1 1860 1860
2187 CONNECTION 813 626 -1 -1 2880 2880
2188 CONNECTION 813 947 -1 -1 1920 1920
2189 CONNECTION 813 400 -1 -1 2460 2460
2190 CONNECTION 813 480 -1 -1 3240 3240
2191 CONNECTION 813 933 -1 -1 5040 5040
2192 CONNECTION 813 913 -1 -1 3480 3480
2193 CONNECTION 813 557 -1 -1 5340 5340
2194 CONNECTION 813 894 -1 -1 3900 3900
2195 CONNECTION 813 530 -1 -1 3660 3660
2196 CONNECTION 813 55 300 840 5280 5280
2197 CONNECTION 813 675 300 1020 4860 4860
2198 CONNECTION 813 984 300 1020 4860 4860
2199 CONNECTION 813 207 300 1260 4740 4740
2200 CONNECTION 813 964 300 1320 5700 5700
2201 CONNECTION 813 261 300 1980 5460 5460
2202 CONNECTION 813 362 300 2040 5520 5520
2203 CONNECTION 813 876 300 2040 6480 6480
2204 CONNECTION 813 82 300 2220 6060 6060
2205 CONNECTION 813 26 300 2460 6840 6840
2206 CONNECTION 813 381 300 2460 8640 8640
2207 CONNECTION 813 315 300 2640 7080 7080
2208 CONNECTION 813 839 300 2760 8940 8940
2209 CONNECTION 813 129 300 3120 7500 7500
2210 CONNECTION 813 233 300 3420 7260 7260
2211 CONNECTION 813 506 300 4440 8880 8880
2212 CONNECTION 813 403 300 4620 8460 8460
2213 SINK 813 0 -1 -1 300 300
2214 CONNECTION 961 962 -1 -1 2160 2160
2215 CONNECTION 961 259 -1 -1 2820 2820
2216 CONNECTION 961 573 -1 -1 2340 2340
2217 CONNECTION 961 127 -1 -1 3960 3960
2218 CONNECTION 961 183 -1 -1 3540 3540
2219 CONNECTION 961 745 300 480 4140 4140
2220 CONNECTION 961 339 300 1320 5760 5760
2221 CONNECTION 961 701 300 1980 6420 6420
2222 CONNECTION 961 855 300 2280 5940 5940
2223 CONNECTION 961 575 300 3120 7560 7560
2224 CONNECTION 961 628 300 3480 7140 7140
2225 CONNECTION 961 915 300 4080 7740 7740
2226 CONNECTION 3 4 -1 -1 2460 2460
2227 CONNECTION 3 206 -1 -1 2880 2880
2228 CONNECTION 3 815 -1 -1 4020 4020
2229 CONNECTION 3 314 -1 -1 4260 4260
2230 CONNECTION 3 895 300 960 5820 5820
2231 CONNECTION 3 108 300 1200 6060 6060
2232 CONNECTION 3 458 300 1380 6060 6060
2233 CONNECTION 3 505 300 1680 6060 6060
2234 CONNECTION 3 651 300 2100 6480 6480
2235 CONNECTION 3 965 300 2760 7620 7620
2236 CONNECTION 3 722 300 3480 7860 7860
2237 CONNECTION 3 130 300 4560 9420 9420
2238 CONNECTION 3 559 300 4800 9660 9660
2239 CONNECTION 572 573 -1 -1 1380 1380
2240 CONNECTION 572 127 -1 -1 3000 3000
2241 CONNECTION 572 183 -1 -1 2580 2580
2242 CONNECTION 572 745 -1 -1 3180 3180
2243 CONNECTION 572 339 300 360 4800 4800
2244 CONNECTION 572 701 300 1020 5460 5460
2245 CONNECTION 572 855 300 1320 4980 4980
2246 CONNECTION 572 575 300 2160 6600 6600
2247 CONNECTION 572 628 300 2520 6180 6180
2248 CONNECTION 572 915 300 3120 6780 6780
2249 CONNECTION 572 747 300 3960 8400 8400
2250 CONNECTION 572 994 300 4620 9060 9060
2251 CONNECTION 981 982 -1 -1 1800 1800
2252 CONNECTION 981 479 -1 -1 1740 1740
2253 CONNECTION 981 153 -1 -1 3000 3000
2254 CONNECTION 981 674 -1 -1 2700 2700
2255 CONNECTION 981 650 -1 -1 3060 3060
2256 CONNECTION 981 285 -1 -1 4200 4200
2257 CONNECTION 981 948 -1 -1 5520 5520
2258 CONNECTION 981 81 -1 -1 3900 3900
2259 CONNECTION 981 431 300 1320 5400 5400
2260 CONNECTION 981 875 300 1380 4860 4860
2261 CONNECTION 981 232 300 1500 5100 5100
2262 CONNECTION 981 380 300 1740 5220 5220
2263 CONNECTION 981 25 300 1860 5340 5340
2264 CONNECTION 981 601 300 2520 6600 6600
2265 CONNECTION 981 402 300 2700 6300 6300
2266 CONNECTION 981 208 300 3060 6660 6660
2267 CONNECTION 981 988 300 3720 7800 7800
2268 CONNECTION 981 363 300 3840 9120 9120
2269 CONNECTION 981 532 300 3900 7500 7500
2270 CONNECTION 797 798 -1 -1 2580 2580
2271 CONNECTION 797 54 -1 -1 2580 2580
2272 CONNECTION 797 206 -1 -1 3000 3000
2273 CONNECTION 797 815 -1 -1 4140 4140
2274 CONNECTION 797 314 -1 -1 4380 4380
2275 CONNECTION 797 895 300 1080 5940 5940
2276 CONNECTION 797 108 300 1320 6180 6180
2277 CONNECTION 797 458 300 1500 6180 6180
2278 CONNECTION 797 505 300 1800 6180 6180
2279 CONNECTION 797 651 300 2220 6600 6600
2280 CONNECTION 797 965 300 2880 7740 7740
2281 CONNECTION 797 722 300 3600 7980 7980
2282 CONNECTION 797 130 300 4680 9540 9540
2283 CONNECTION 598 599 -1 -1 1560 1560
2284 CONNECTION 598 983 -1 -1 2760 2760
2285 CONNECTION 598 231 -1 -1 3180 3180
2286 CONNECTION 598 154 -1 -1 3960 3960
2287 CONNECTION 598 401 -1 -1 4380 4380
2288 CONNECTION 598 286 300 1320 5160 5160
2289 CONNECTION 598 531 300 1500 5580 5580
2290 CONNECTION 598 432 300 2520 6360 6360
2291 CONNECTION 598 676 300 2700 6780 6780
2292 CONNECTION 598 985 300 2700 6780 6780
2293 CONNECTION 598 602 300 3720 7560 7560
2294 CONNECTION 598 83 300 3900 7980 7980
2295 CONNECTION 719 720 -1 -1 2580 2580
2296 CONNECTION 719 54 -1 -1 2820 2820
2297 CONNECTION 719 206 -1 -1 3240 3240
2298 CONNECTION 719 815 -1 -1 4380 4380
2299 CONNECTION 719 314 -1 -1 4620 4620
2300 CONNECTION 719 895 300 1320 6180 6180
2301 CONNECTION 719 108 300 1560 6420 6420
2302 CONNECTION 719 458 300 1740 6420 6420
2303 CONNECTION 719 505 300 2040 6420 6420
2304 CONNECTION 719 651 300 2460 6840 6840
2305 CONNECTION 719 965 300 3120 7980 7980
2306 CONNECTION 719 722 300 3840 8220 8220
2307 CONNECTION 783 700 -1 -1 2160 2160
2308 CONNECTION 783 574 -1 -1 3360 3360
2309 CONNECTION 783 784 300 420 5700 5700
2310 CONNECTION 783 746 300 1500 5160 5160
2311 CONNECTION 783 993 300 2100 5760 5760
2312 CONNECTION 783 856 300 3300 6960 6960
2313 CONNECTION 783 949 300 4020 9300 9300
2314 CONNECTION 399 284 -1 -1 2100 2100
2315 CONNECTION 399 963 -1 -1 3900 3900
2316 CONNECTION 399 430 -1 -1 3300 3300
2317 CONNECTION 399 854 -1 -1 4140 4140
2318 CONNECTION 399 260 -1 -1 4560 4560
2319 CONNECTION 399 24 -1 -1 3840 3840
2320 CONNECTION 399 600 300 900 4500 4500
2321 CONNECTION 399 627 300 900 5340 5340
2322 CONNECTION 399 128 300 1260 5700 5700
2323 CONNECTION 399 914 300 1500 5940 5940
2324 CONNECTION 399 987 300 2100 5700 5700
2325 CONNECTION 399 340 300 3060 7500 7500
2326 CONNECTION 399 56 300 3300 7740 7740
2327 CONNECTION 399 155 300 3300 6900 6900
2328 CONNECTION 399 702 300 3720 8160 8160
2329 CONNECTION 399 481 300 3840 7440 7440
2330 CONNECTION 399 287 300 4500 8100 8100
2331 CONNECTION 399 877 300 4500 8940 8940
2332 CONNECTION 53 54 -1 -1 2100 2100
2333 CONNECTION 53 815 -1 -1 3660 3660
2334 CONNECTION 53 314 -1 -1 3900 3900
2335 CONNECTION 53 895 300 600 5460 5460
2336 CONNECTION 53 108 300 840 5700 5700
2337 CONNECTION 53 458 300 1020 5700 5700
2338 CONNECTION 53 505 300 1320 5700 5700
2339 CONNECTION 53 651 300 1740 6120 6120
2340 CONNECTION 53 965 300 2400 7260 7260
2341 CONNECTION 53 722 300 3120 7500 7500
2342 CONNECTION 53 130 300 4200 9060 9060
2343 CONNECTION 53 559 300 4440 9300 9300
2344 CONNECTION 53 800 300 4620 9300 9300
2345 CONNECTION 337 379 -1 -1 3600 3600
2346 CONNECTION 337 338 -1 -1 3060 3060
2347 CONNECTION 337 700 -1 -1 3660 3660
2348 CONNECTION 337 574 300 1200 4860 4860
2349 CONNECTION 337 784 300 1920 7200 7200
2350 CONNECTION 337 746 300 3000 6660 6660
2351 CONNECTION 337 993 300 3600 7260 7260
2352 CONNECTION 337 856 300 4800 8460 8460
2353 CONNECTION 79 80 -1 -1 1920 1920
2354 CONNECTION 79 983 -1 -1 2700 2700
2355 CONNECTION 79 231 -1 -1 3120 3120
2356 CONNECTION 79 154 -1 -1 3900 3900
2357 CONNECTION 79 401 -1 -1 4320 4320
2358 CONNECTION 79 286 300 1260 5100 5100
2359 CONNECTION 79 531 300 1440 5520 5520
2360 CONNECTION 79 432 300 2460 6300 6300
2361 CONNECTION 79 676 300 2640 6720 6720
2362 CONNECTION 79 985 300 2640 6720 6720
2363 CONNECTION 79 602 300 3660 7500 7500
2364 CONNECTION 79 83 300 3840 7920 7920
2365 CONNECTION 258 259 -1 -1 2220 2220
2366 CONNECTION 258 127 -1 -1 3360 3360
2367 CONNECTION 258 183 -1 -1 2940 2940
2368 CONNECTION 258 745 -1 -1 3540 3540
2369 CONNECTION 258 339 300 720 5160 5160
2370 CONNECTION 258 701 300 1380 5820 5820
2371 CONNECTION 258 855 300 1680 5340 5340
2372 CONNECTION 258 575 300 2520 6960 6960
2373 CONNECTION 258 628 300 2880 6540 6540
2374 CONNECTION 258 915 300 3480 7140 7140
2375 CONNECTION 258 747 300 4320 8760 8760
2376 CONNECTION 503 457 -1 -1 3180 3180
2377 CONNECTION 503 504 -1 -1 3540 3540
2378 CONNECTION 503 721 300 480 5340 5340
2379 CONNECTION 503 799 300 1920 6780 6780
2380 CONNECTION 503 816 300 2280 7140 7140
2381 CONNECTION 503 896 300 4080 8940 8940
2382 CONNECTION 873 874 -1 -1 1200 1200
2383 CONNECTION 873 480 -1 -1 2580 2580
2384 CONNECTION 873 933 -1 -1 4380 4380
2385 CONNECTION 873 913 -1 -1 2820 2820
2386 CONNECTION 873 557 -1 -1 4680 4680
2387 CONNECTION 873 894 -1 -1 3240 3240
2388 CONNECTION 873 530 -1 -1 3000 3000
2389 CONNECTION 873 55 -1 -1 4620 4620
2390 CONNECTION 873 675 300 360 4200 4200
2391 CONNECTION 873 984 300 360 4200 4200
2392 CONNECTION 873 207 300 600 4080 4080
2393 CONNECTION 873 964 300 660 5040 5040
2394 CONNECTION 873 261 300 1320 4800 4800
2395 CONNECTION 873 362 300 1380 4860 4860
2396 CONNECTION 873 876 300 1380 5820 5820
2397 CONNECTION 873 82 300 1560 5400 5400
2398 CONNECTION 873 26 300 1800 6180 6180
2399 CONNECTION 873 381 300 1800 7980 7980
2400 CONNECTION 873 315 300 1980 6420 6420
2401 CONNECTION 873 839 300 2100 8280 8280
2402 CONNECTION 873 129 300 2460 6840 6840
2403 CONNECTION 873 233 300 2760 6600 6600
2404 CONNECTION 873 506 300 3780 8220 8220
2405 CONNECTION 873 403 300 3960 7800 7800
2406 CONNECTION 873 652 300 4200 7680 7680
2407 CONNECTION 873 341 300 4260 8640 8640
2408 SINK 873 0 -1 -1 300 300
2409 CONNECTION 478 479 -1 -1 1200 1200
2410 CONNECTION 478 153 -1 -1 2460 2460
2411 CONNECTION 478 674 -1 -1 2160 2160
2412 CONNECTION 478 650 -1 -1 2520 2520
2413 CONNECTION 478 285 -1 -1 3660 3660
2414 CONNECTION 478 948 -1 -1 4980 4980
2415 CONNECTION 478 81 -1 -1 3360 3360
2416 CONNECTION 478 431 300 780 4860 4860
2417 CONNECTION 478 875 300 840 4320 4320
2418 CONNECTION 478 232 300 960 4560 4560
2419 CONNECTION 478 380 300 1200 4680 4680
2420 CONNECTION 478 25 300 1320 4800 4800
2421 CONNECTION 478 601 300 1980 6060 6060
2422 CONNECTION 478 402 300 2160 5760 5760
2423 CONNECTION 478 208 300 2520 6120 6120
2424 CONNECTION 478 988 300 3180 7260 7260
2425 CONNECTION 478 363 300 3300 8580 8580
2426 CONNECTION 478 532 300 3360 6960 6960
2427 CONNECTION 478 156 300 4380 8460 8460
2428 CONNECTION 478 184 300 4440 7920 7920
2429 CONNECTION 478 677 300 4560 8160 8160
2430 CONNECTION 478 986 300 4560 8160 8160
2431 CONNECTION 478 785 300 4800 8280 8280
2432 CONNECTION 429 400 -1 -1 2100 2100
2433 CONNECTION 429 480 -1 -1 2880 2880
2434 CONNECTION 429 933 -1 -1 4680 4680
2435 CONNECTION 429 913 -1 -1 3120 3120
2436 CONNECTION 429 557 -1 -1 4980 4980
2437 CONNECTION 429 894 -1 -1 3540 3540
2438 CONNECTION 429 530 -1 -1 3300 3300
2439 CONNECTION 429 55 300 480 4920 4920
2440 CONNECTION 429 675 300 660 4500 4500
2441 CONNECTION 429 984 300 660 4500 4500
2442 CONNECTION 429 207 300 900 4380 4380
2443 CONNECTION 429 964 300 960 5340 5340
2444 CONNECTION 429 261 300 1620 5100 5100
2445 CONNECTION 429 362 300 1680 5160 5160
2446 CONNECTION 429 876 300 1680 6120 6120
2447 CONNECTION 429 82 300 1860 5700 5700
2448 CONNECTION 429 26 300 2100 6480 6480
2449 CONNECTION 429 381 300 2100 8280 8280
2450 CONNECTION 429 315 300 2280 6720 6720
2451 CONNECTION 429 839 300 2400 8580 8580
2452 CONNECTION 429 129 300 2760 7140 7140
2453 CONNECTION 429 233 300 3060 6900 6900
2454 CONNECTION 429 506 300 4080 8520 8520
2455 CONNECTION 429 403 300 4260 8100 8100
2456 CONNECTION 429 652 300 4500 7980 7980
2457 CONNECTION 429 341 300 4560 8940 8940
2458 SINK 429 0 -1 -1 300 300
2459 CONNECTION 673 674 -1 -1 1320 1320
2460 CONNECTION 673 285 -1 -1 2820 2820
2461 CONNECTION 673 948 -1 -1 4140 4140
2462 CONNECTION 673 81 -1 -1 2520 2520
2463 CONNECTION 673 431 -1 -1 4020 4020
2464 CONNECTION 673 875 -1 -1 3480 3480
2465 CONNECTION 673 232 -1 -1 3720 3720
2466 CONNECTION 673 380 300 360 3840 3840
2467 CONNECTION 673 25 300 480 3960 3960
2468 CONNECTION 673 601 300 1140 5220 5220
2469 CONNECTION 673 402 300 1320 4920 4920
2470 CONNECTION 673 208 300 1680 5280 5280
2471 CONNECTION 673 988 300 2340 6420 6420
2472 CONNECTION 673 363 300 2460 7740 7740
2473 CONNECTION 673 532 300 2520 6120 6120
2474 CONNECTION 673 156 300 3540 7620 7620
2475 CONNECTION 673 184 300 3600 7080 7080
2476 CONNECTION 673 677 300 3720 7320 7320
2477 CONNECTION 673 986 300 3720 7320 7320
2478 CONNECTION 673 785 300 3960 7440 7440
2479 CONNECTION 673 482 300 4080 7560 7560
2480 CONNECTION 673 288 300 4740 8820 8820
2481 CONNECTION 912 913 -1 -1 2160 2160
2482 CONNECTION 912 894 -1 -1 2580 2580
2483 CONNECTION 912 530 -1 -1 2340 2340
2484 CONNECTION 912 55 -1 -1 3960 3960
2485 CONNECTION 912 675 -1 -1 3540 3540
2486 CONNECTION 912 984 -1 -1 3540 3540
2487 CONNECTION 912 207 -1 -1 3420 3420
2488 CONNECTION 912 964 -1 -1 4380 4380
2489 CONNECTION 912 261 300 660 4140 4140
2490 CONNECTION 912 362 300 720 4200 4200
2491 CONNECTION 912 876 300 720 5160 5160
2492 CONNECTION 912 82 300 900 4740 4740
2493 CONNECTION 912 26 300 1140 5520 5520
2494 CONNECTION 912 381 300 1140 7320 7320
2495 CONNECTION 912 315 300 1320 5760 5760
2496 CONNECTION 912 839 300 1440 7620 7620
2497 CONNECTION 912 129 300 1800 6180 6180
2498 CONNECTION 912 233 300 2100 5940 5940
2499 CONNECTION 912 506 300 3120 7560 7560
2500 CONNECTION 912 403 300 3300 7140 7140
2501 CONNECTION 912 652 300 3540 7020 7020
2502 CONNECTION 912 341 300 3600 7980 7980
2503 CONNECTION 912 703 300 4260 7740 7740
2504 CONNECTION 912 185 300 4320 8760 8760
2505 CONNECTION 912 770 300 4320 7800 7800
2506 CONNECTION 912 533 300 4500 8340 8340
2507 CONNECTION 912 483 300 4740 9120 9120
2508 CONNECTION 912 786 300 4740 10920 10920
2509 SINK 912 0 -1 -1 300 300
2510 CONNECTION 152 153 -1 -1 1800 1800
2511 CONNECTION 152 650 -1 -1 1860 1860
2512 CONNECTION 152 285 -1 -1 3000 3000
2513 CONNECTION 152 948 -1 -1 4320 4320
2514 CONNECTION 152 81 -1 -1 2700 2700
2515 CONNECTION 152 431 -1 -1 4200 4200
2516 CONNECTION 152 875 -1 -1 3660 3660
2517 CONNECTION 152 232 -1 -1 3900 3900
2518 CONNECTION 152 380 300 540 4020 4020
2519 CONNECTION 152 25 300 660 4140 4140
2520 CONNECTION 152 601 300 1320 5400 5400
2521 CONNECTION 152 402 300 1500 5100 5100
2522 CONNECTION 152 208 300 1860 5460 5460
2523 CONNECTION 152 988 300 2520 6600 6600
2524 CONNECTION 152 363 300 2640 7920 7920
2525 CONNECTION 152 532 300 2700 6300 6300
2526 CONNECTION 152 156 300 3720 7800 7800
2527 CONNECTION 152 184 300 3780 7260 7260
2528 CONNECTION 152 677 300 3900 7500 7500
2529 CONNECTION 152 986 300 3900 7500 7500
2530 CONNECTION 152 785 300 4140 7620 7620
2531 CONNECTION 152 482 300 4260 7740 7740
2532 CONNECTION 182 183 -1 -1 1380 1380
2533 CONNECTION 182 745 -1 -1 1980 1980
2534 CONNECTION 182 339 -1 -1 3600 3600
2535 CONNECTION 182 701 -1 -1 4260 4260
2536 CONNECTION 182 855 -1 -1 3780 3780
2537 CONNECTION 182 575 300 960 5400 5400
2538 CONNECTION 182 628 300 1320 4980 4980
2539 CONNECTION 182 915 300 1920 5580 5580
2540 CONNECTION 182 747 300 2760 7200 7200
2541 CONNECTION 182 994 300 3420 7860 7860
2542 CONNECTION 182 57 300 3720 7380 7380
2543 CONNECTION 182 857 300 4560 9000 9000
2544 CONNECTION 962 963 -1 -1 2160 2160
2545 CONNECTION 962 260 -1 -1 2820 2820
2546 CONNECTION 962 24 -1 -1 2100 2100
2547 CONNECTION 962 600 -1 -1 2760 2760
2548 CONNECTION 962 627 -1 -1 3600 3600
2549 CONNECTION 962 128 -1 -1 3960 3960
2550 CONNECTION 962 914 -1 -1 4200 4200
2551 CONNECTION 962 987 300 360 3960 3960
2552 CONNECTION 962 340 300 1320 5760 5760
2553 CONNECTION 962 56 300 1560 6000 6000
2554 CONNECTION 962 155 300 1560 5160 5160
2555 CONNECTION 962 702 300 1980 6420 6420
2556 CONNECTION 962 481 300 2100 5700 5700
2557 CONNECTION 962 287 300 2760 6360 6360
2558 CONNECTION 962 877 300 2760 7200 7200
2559 CONNECTION 962 576 300 3120 7560 7560
2560 CONNECTION 962 316 300 3360 7800 7800
2561 CONNECTION 962 433 300 3960 7560 7560
2562 CONNECTION 982 983 -1 -1 1560 1560
2563 CONNECTION 982 154 -1 -1 2760 2760
2564 CONNECTION 982 401 -1 -1 3180 3180
2565 CONNECTION 982 286 -1 -1 3960 3960
2566 CONNECTION 982 531 -1 -1 4380 4380
2567 CONNECTION 982 432 300 1320 5160 5160
2568 CONNECTION 982 676 300 1500 5580 5580
2569 CONNECTION 982 985 300 1500 5580 5580
2570 CONNECTION 982 602 300 2520 6360 6360
2571 CONNECTION 982 83 300 2700 6780 6780
2572 CONNECTION 982 989 300 3720 7560 7560
2573 CONNECTION 982 234 300 3900 7980 7980
2574 CONNECTION 625 626 -1 -1 2220 2220
2575 CONNECTION 625 480 -1 -1 2580 2580
2576 CONNECTION 625 933 -1 -1 4380 4380
2577 CONNECTION 625 913 -1 -1 2820 2820
2578 CONNECTION 625 557 -1 -1 4680 4680
2579 CONNECTION 625 894 -1 -1 3240 3240
2580 CONNECTION 625 530 -1 -1 3000 3000
2581 CONNECTION 625 55 -1 -1 4620 4620
2582 CONNECTION 625 675 300 360 4200 4200
2583 CONNECTION 625 984 300 360 4200 4200
2584 CONNECTION 625 207 300 600 4080 4080
2585 CONNECTION 625 964 300 660 5040 5040
2586 CONNECTION 625 261 300 1320 4800 4800
2587 CONNECTION 625 362 300 1380 4860 4860
2588 CONNECTION 625 876 300 1380 5820 5820
2589 CONNECTION 625 82 300 1560 5400 5400
2590 CONNECTION 625 26 300 1800 6180 6180
2591 CONNECTION 625 381 300 1800 7980 7980
2592 CONNECTION 625 315 300 1980 6420 6420
2593 CONNECTION 625 839 300 2100 8280 8280
2594 CONNECTION 625 129 300 2460 6840 6840
2595 CONNECTION 625 233 300 2760 6600 6600
2596 CONNECTION 625 506 300 3780 8220 8220
2597 CONNECTION 625 403 300 3960 7800 7800
2598 CONNECTION 625 652 300 4200 7680 7680
2599 CONNECTION 625 341 300 4260 8640 8640
2600 SINK 625 0 -1 -1 300 300
2601 CONNECTION 853 854 -1 -1 2160 2160
2602 CONNECTION 853 24 -1 -1 1860 1860
2603 CONNECTION 853 600 -1 -1 2520 2520
2604 CONNECTION 853 627 -1 -1 3360 3360
2605 CONNECTION 853 128 -1 -1 3720 3720
2606 CONNECTION 853 914 -1 -1 3960 3960
2607 CONNECTION 853 987 -1 -1 3720 3720
2608 CONNECTION 853 340 300 1080 5520 5520
2609 CONNECTION 853 56 300 1320 5760 5760
2610 CONNECTION 853 155 300 1320 4920 4920
2611 CONNECTION 853 702 300 1740 6180 6180
2612 CONNECTION 853 481 300 1860 5460 5460
2613 CONNECTION 853 287 300 2520 6120 6120
2614 CONNECTION 853 877 300 2520 6960 6960
2615 CONNECTION 853 576 300 2880 7320 7320
2616 CONNECTION 853 316 300 3120 7560 7560
2617 CONNECTION 853 433 300 3720 7320 7320
2618 CONNECTION 853 748 300 4680 9120 9120
2619 CONNECTION 529 963 -1 -1 2700 2700
2620 CONNECTION 529 430 -1 -1 2100 2100
2621 CONNECTION 529 854 -1 -1 2940 2940
2622 CONNECTION 529 260 -1 -1 3360 3360
2623 CONNECTION 529 24 -1 -1 2640 2640
2624 CONNECTION 529 600 -1 -1 3300 3300
2625 CONNECTION 529 627 -1 -1 4140 4140
2626 CONNECTION 529 128 -1 -1 4500 4500
2627 CONNECTION 529 914 -1 -1 4740 4740
2628 CONNECTION 529 987 300 900 4500 4500
2629 CONNECTION 529 340 300 1860 6300 6300
2630 CONNECTION 529 56 300 2100 6540 6540
2631 CONNECTION 529 155 300 2100 5700 5700
2632 CONNECTION 529 702 300 2520 6960 6960
2633 CONNECTION 529 481 300 2640 6240 6240
2634 CONNECTION 529 287 300 3300 6900 6900
2635 CONNECTION 529 877 300 3300 7740 7740
2636 CONNECTION 529 576 300 3660 8100 8100
2637 CONNECTION 529 316 300 3900 8340 8340
2638 CONNECTION 529 433 300 4500 8100 8100
2639 CONNECTION 838 261 -1 -1 1920 1920
2640 CONNECTION 838 362 -1 -1 1980 1980
2641 CONNECTION 838 876 -1 -1 2940 2940
2642 CONNECTION 838 82 -1 -1 2520 2520
2643 CONNECTION 838 26 -1 -1 3300 3300
2644 CONNECTION 838 381 -1 -1 5100 5100
2645 CONNECTION 838 315 -1 -1 3540 3540
2646 CONNECTION 838 839 -1 -1 5400 5400
2647 CONNECTION 838 129 -1 -1 3960 3960
2648 CONNECTION 838 233 -1 -1 3720 3720
2649 CONNECTION 838 506 300 900 5340 5340
2650 CONNECTION 838 403 300 1080 4920 4920
2651 CONNECTION 838 652 300 1320 4800 4800
2652 CONNECTION 838 341 300 1380 5760 5760
2653 CONNECTION 838 703 300 2040 5520 5520
2654 CONNECTION 838 185 300 2100 6540 6540
2655 CONNECTION 838 770 300 2100 5580 5580
2656 CONNECTION 838 533 300 2280 6120 6120
2657 CONNECTION 838 483 300 2520 6900 6900
2658 CONNECTION 838 786 300 2520 8700 8700
2659 CONNECTION 838 723 300 2700 7140 7140
2660 CONNECTION 838 109 300 2820 9000 9000
2661 CONNECTION 838 577 300 3180 7560 7560
2662 CONNECTION 838 678 300 3480 7320 7320
2663 CONNECTION 838 990 300 3480 7320 7320
2664 CONNECTION 838 818 300 4500 8940 8940
2665 CONNECTION 838 85 300 4680 8520 8520
2666 SINK 838 0 -1 -1 300 300
2667 CONNECTION 893 894 -1 -1 2100 2100
2668 CONNECTION 893 55 -1 -1 3480 3480
2669 CONNECTION 893 675 -1 -1 3060 3060
2670 CONNECTION 893 984 -1 -1 3060 3060
2671 CONNECTION 893 207 -1 -1 2940 2940
2672 CONNECTION 893 964 -1 -1 3900 3900
2673 CONNECTION 893 261 -1 -1 3660 3660
2674 CONNECTION 893 362 -1 -1 3720 3720
2675 CONNECTION 893 876 -1 -1 4680 4680
2676 CONNECTION 893 82 300 420 4260 4260
2677 CONNECTION 893 26 300 660 5040 5040
2678 CONNECTION 893 381 300 660 6840 6840
2679 CONNECTION 893 315 300 840 5280 5280
2680 CONNECTION 893 839 300 960 7140 7140
2681 CONNECTION 893 129 300 1320 5700 5700
2682 CONNECTION 893 233 300 1620 5460 5460
2683 CONNECTION 893 506 300 2640 7080 7080
2684 CONNECTION 893 403 300 2820 6660 6660
2685 CONNECTION 893 652 300 3060 6540 6540
2686 CONNECTION 893 341 300 3120 7500 7500
2687 CONNECTION 893 703 300 3780 7260 7260
2688 CONNECTION 893 185 300 3840 8280 8280
2689 CONNECTION 893 770 300 3840 7320 7320
2690 CONNECTION 893 533 300 4020 7860 7860
2691 CONNECTION 893 483 300 4260 8640 8640
2692 CONNECTION 893 786 300 4260 10440 10440
2693 CONNECTION 893 723 300 4440 8880 8880
2694 CONNECTION 893 109 300 4560 10740 10740
2695 SINK 893 0 -1 -1 300 300
2696 CONNECTION 126 127 -1 -1 2160 2160
2697 CONNECTION 126 745 -1 -1 2340 2340
2698 CONNECTION 126 339 -1 -1 3960 3960
2699 CONNECTION 126 701 -1 -1 4620 4620
2700 CONNECTION 126 855 300 480 4140 4140
2701 CONNECTION 126 575 300 1320 5760 5760
2702 CONNECTION 126 628 300 1680 5340 5340
2703 CONNECTION 126 915 300 2280 5940 5940
2704 CONNECTION 126 747 300 3120 7560 7560
2705 CONNECTION 126 994 300 3780 8220 8220
2706 CONNECTION 126 57 300 4080 7740 7740
2707 CONNECTION 230 231 -1 -1 1920 1920
2708 CONNECTION 230 154 -1 -1 2700 2700
2709 CONNECTION 230 401 -1 -1 3120 3120
2710 CONNECTION 230 286 -1 -1 3900 3900
2711 CONNECTION 230 531 -1 -1 4320 4320
2712 CONNECTION 230 432 300 1260 5100 5100
2713 CONNECTION 230 676 300 1440 5520 5520
2714 CONNECTION 230 985 300 1440 5520 5520
2715 CONNECTION 230 602 300 2460 6300 6300
2716 CONNECTION 230 83 300 2640 6720 6720
2717 CONNECTION 230 989 300 3660 7500 7500
2718 CONNECTION 230 234 300 3840 7920 7920
2719 CONNECTION 932 933 -1 -1 4020 4020
2720 CONNECTION 932 894 -1 -1 2880 2880
2721 CONNECTION 932 530 -1 -1 2640 2640
2722 CONNECTION 932 55 -1 -1 4260 4260
2723 CONNECTION 932 675 -1 -1 3840 3840
2724 CONNECTION 932 984 -1 -1 3840 3840
2725 CONNECTION 932 207 -1 -1 3720 3720
2726 CONNECTION 932 964 -1 -1 4680 4680
2727 CONNECTION 932 261 300 960 4440 4440
2728 CONNECTION 932 362 300 1020 4500 4500
2729 CONNECTION 932 876 300 1020 5460 5460
2730 CONNECTION 932 82 300 1200 5040 5040
2731 CONNECTION 932 26 300 1440 5820 5820
2732 CONNECTION 932 381 300 1440 7620 7620
2733 CONNECTION 932 315 300 1620 6060 6060
2734 CONNECTION 932 839 300 1740 7920 7920
2735 CONNECTION 932 129 300 2100 6480 6480
2736 CONNECTION 932 233 300 2400 6240 6240
2737 CONNECTION 932 506 300 3420 7860 7860
2738 CONNECTION 932 403 300 3600 7440 7440
2739 CONNECTION 932 652 300 3840 7320 7320
2740 CONNECTION 932 341 300 3900 8280 8280
2741 CONNECTION 932 703 300 4560 8040 8040
2742 CONNECTION 932 185 300 4620 9060 9060
2743 CONNECTION 932 770 300 4620 8100 8100
2744 CONNECTION 932 533 300 4800 8640 8640
2745 SINK 932 0 -1 -1 300 300
2746 CONNECTION 744 745 -1 -1 1380 1380
2747 CONNECTION 744 339 -1 -1 3000 3000
2748 CONNECTION 744 701 -1 -1 3660 3660
2749 CONNECTION 744 855 -1 -1 3180 3180
2750 CONNECTION 744 575 300 360 4800 4800
2751 CONNECTION 744 628 300 720 4380 4380
2752 CONNECTION 744 915 300 1320 4980 4980
2753 CONNECTION 744 747 300 2160 6600 6600
2754 CONNECTION 744 994 300 2820 7260 7260
2755 CONNECTION 744 57 300 3120 6780 6780
2756 CONNECTION 744 857 300 3960 8400 8400
2757 CONNECTION 744 878 300 4320 7980 7980
2758 CONNECTION 259 260 -1 -1 2160 2160
2759 CONNECTION 259 600 -1 -1 2100 2100
2760 CONNECTION 259 627 -1 -1 2940 2940
2761 CONNECTION 259 128 -1 -1 3300 3300
2762 CONNECTION 259 914 -1 -1 3540 3540
2763 CONNECTION 259 987 -1 -1 3300 3300
2764 CONNECTION 259 340 300 660 5100 5100
2765 CONNECTION 259 56 300 900 5340 5340
2766 CONNECTION 259 155 300 900 4500 4500
2767 CONNECTION 259 702 300 1320 5760 5760
2768 CONNECTION 259 481 300 1440 5040 5040
2769 CONNECTION 259 287 300 2100 5700 5700
2770 CONNECTION 259 877 300 2100 6540 6540
2771 CONNECTION 259 576 300 2460 6900 6900
2772 CONNECTION 259 316 300 2700 7140 7140
2773 CONNECTION 259 433 300 3300 6900 6900
2774 CONNECTION 259 748 300 4260 8700 8700
2775 CONNECTION 259 507 300 4500 8940 8940
2776 CONNECTION 259 603 300 4500 8100 8100
2777 CONNECTION 479 480 -1 -1 2100 2100
2778 CONNECTION 479 894 -1 -1 2760 2760
2779 CONNECTION 479 530 -1 -1 2520 2520
2780 CONNECTION 479 55 -1 -1 4140 4140
2781 CONNECTION 479 675 -1 -1 3720 3720
2782 CONNECTION 479 984 -1 -1 3720 3720
2783 CONNECTION 479 207 -1 -1 3600 3600
2784 CONNECTION 479 964 -1 -1 4560 4560
2785 CONNECTION 479 261 300 840 4320 4320
2786 CONNECTION 479 362 300 900 4380 4380
2787 CONNECTION 479 876 300 900 5340 5340
2788 CONNECTION 479 82 300 1080 4920 4920
2789 CONNECTION 479 26 300 1320 5700 5700
2790 CONNECTION 479 381 300 1320 7500 7500
2791 CONNECTION 479 315 300 1500 5940 5940
2792 CONNECTION 479 839 300 1620 7800 7800
2793 CONNECTION 479 129 300 1980 6360 6360
2794 CONNECTION 479 233 300 2280 6120 6120
2795 CONNECTION 479 506 300 3300 7740 7740
2796 CONNECTION 479 403 300 3480 7320 7320
2797 CONNECTION 479 652 300 3720 7200 7200
2798 CONNECTION 479 341 300 3780 8160 8160
2799 CONNECTION 479 703 300 4440 7920 7920
2800 CONNECTION 479 185 300 4500 8940 8940
2801 CONNECTION 479 770 300 4500 7980 7980
2802 CONNECTION 479 533 300 4680 8520 8520
2803 SINK 479 0 -1 -1 300 300
2804 CONNECTION 649 650 -1 -1 1320 1320
2805 CONNECTION 649 285 -1 -1 2460 2460
2806 CONNECTION 649 948 -1 -1 3780 3780
2807 CONNECTION 649 81 -1 -1 2160 2160
2808 CONNECTION 649 431 -1 -1 3660 3660
2809 CONNECTION 649 875 -1 -1 3120 3120
2810 CONNECTION 649 232 -1 -1 3360 3360
2811 CONNECTION 649 380 -1 -1 3480 3480
2812 CONNECTION 649 25 -1 -1 3600 3600
2813 CONNECTION 649 601 300 780 4860 4860
2814 CONNECTION 649 402 300 960 4560 4560
2815 CONNECTION 649 208 300 1320 4920 4920
2816 CONNECTION 649 988 300 1980 6060 6060
2817 CONNECTION 649 363 300 2100 7380 7380
2818 CONNECTION 649 532 300 2160 5760 5760
2819 CONNECTION 649 156 300 3180 7260 7260
2820 CONNECTION 649 184 300 3240 6720 6720
2821 CONNECTION 649 677 300 3360 6960 6960
2822 CONNECTION 649 986 300 3360 6960 6960
2823 CONNECTION 649 785 300 3600 7080 7080
2824 CONNECTION 649 482 300 3720 7200 7200
2825 CONNECTION 649 288 300 4380 8460 8460
2826 CONNECTION 649 84 300 4560 8160 8160
2827 CONNECTION 599 530 -1 -1 2100 2100
2828 CONNECTION 599 55 -1 -1 3720 3720
2829 CONNECTION 599 675 -1 -1 3300 3300
2830 CONNECTION 599 984 -1 -1 3300 3300
2831 CONNECTION 599 207 -1 -1 3180 3180
2832 CONNECTION 599 964 -1 -1 4140 4140
2833 CONNECTION 599 261 300 420 3900 3900
2834 CONNECTION 599 362 300 480 3960 3960
2835 CONNECTION 599 876 300 480 4920 4920
2836 CONNECTION 599 82 300 660 4500 4500
2837 CONNECTION 599 26 300 900 5280 5280
2838 CONNECTION 599 381 300 900 7080 7080
2839 CONNECTION 599 315 300 1080 5520 5520
2840 CONNECTION 599 839 300 1200 7380 7380
2841 CONNECTION 599 129 300 1560 5940 5940
2842 CONNECTION 599 233 300 1860 5700 5700
2843 CONNECTION 599 506 300 2880 7320 7320
2844 CONNECTION 599 403 300 3060 6900 6900
2845 CONNECTION 599 652 300 3300 6780 6780
2846 CONNECTION 599 341 300 3360 7740 7740
2847 CONNECTION 599 703 300 4020 7500 7500
2848 CONNECTION 599 185 300 4080 8520 8520
2849 CONNECTION 599 770 300 4080 7560 7560
2850 CONNECTION 599 533 300 4260 8100 8100
2851 CONNECTION 599 483 300 4500 8880 8880
2852 CONNECTION 599 786 300 4500 10680 10680
2853 CONNECTION 599 723 300 4680 9120 9120
2854 CONNECTION 599 109 300 4800 10980 10980
2855 SINK 599 0 -1 -1 300 300
2856 CONNECTION 814 815 -1 -1 2580 2580
2857 CONNECTION 814 314 -1 -1 2820 2820
2858 CONNECTION 814 895 -1 -1 4380 4380
2859 CONNECTION 814 108 -1 -1 4620 4620
2860 CONNECTION 814 458 -1 -1 4620 4620
2861 CONNECTION 814 505 -1 -1 4620 4620
2862 CONNECTION 814 651 300 660 5040 5040
2863 CONNECTION 814 965 300 1320 6180 6180
2864 CONNECTION 814 722 300 2040 6420 6420
2865 CONNECTION 814 130 300 3120 7980 7980
2866 CONNECTION 814 559 300 3360 8220 8220
2867 CONNECTION 814 800 300 3540 8220 8220
2868 CONNECTION 814 817 300 3840 8220 8220
2869 CONNECTION 814 209 300 4260 8640 8640
2870 CONNECTION 80 81 -1 -1 1320 1320
2871 CONNECTION 80 431 -1 -1 2820 2820
2872 CONNECTION 80 875 -1 -1 2280 2280
2873 CONNECTION 80 232 -1 -1 2520 2520
2874 CONNECTION 80 380 -1 -1 2640 2640
2875 CONNECTION 80 25 -1 -1 2760 2760
2876 CONNECTION 80 601 -1 -1 4020 4020
2877 CONNECTION 80 402 -1 -1 3720 3720
2878 CONNECTION 80 208 300 480 4080 4080
2879 CONNECTION 80 988 300 1140 5220 5220
2880 CONNECTION 80 363 300 1260 6540 6540
2881 CONNECTION 80 532 300 1320 4920 4920
2882 CONNECTION 80 156 300 2340 6420 6420
2883 CONNECTION 80 184 300 2400 5880 5880
2884 CONNECTION 80 677 300 2520 6120 6120
2885 CONNECTION 80 986 300 2520 6120 6120
2886 CONNECTION 80 785 300 2760 6240 6240
2887 CONNECTION 80 482 300 2880 6360 6360
2888 CONNECTION 80 288 300 3540 7620 7620
2889 CONNECTION 80 84 300 3720 7320 7320
2890 CONNECTION 80 653 300 4080 7680 7680
2891 CONNECTION 80 434 300 4740 8820 8820
2892 CONNECTION 313 314 -1 -1 2100 2100
2893 CONNECTION 313 895 -1 -1 3660 3660
2894 CONNECTION 313 108 -1 -1 3900 3900
2895 CONNECTION 313 458 -1 -1 3900 3900
2896 CONNECTION 313 505 -1 -1 3900 3900
2897 CONNECTION 313 651 -1 -1 4320 4320
2898 CONNECTION 313 965 300 600 5460 5460
2899 CONNECTION 313 722 300 1320 5700 5700
2900 CONNECTION 313 130 300 2400 7260 7260
2901 CONNECTION 313 559 300 2640 7500 7500
2902 CONNECTION 313 800 300 2820 7500 7500
2903 CONNECTION 313 817 300 3120 7500 7500
2904 CONNECTION 313 209 300 3540 7920 7920
2905 CONNECTION 313 342 300 4200 9060 9060
2906 CONNECTION 573 700 -1 -1 1860 1860
2907 CONNECTION 573 574 -1 -1 3060 3060
2908 CONNECTION 573 784 -1 -1 5400 5400
2909 CONNECTION 573 746 300 1200 4860 4860
2910 CONNECTION 573 993 300 1800 5460 5460
2911 CONNECTION 573 856 300 3000 6660 6660
2912 CONNECTION 573 949 300 3720 9000 9000
2913 CONNECTION 573 916 300 4800 8460 8460
2914 CONNECTION 720 721 -1 -1 3540 3540
2915 CONNECTION 720 799 -1 -1 4980 4980
2916 CONNECTION 720 816 300 480 5340 5340
2917 CONNECTION 720 896 300 2280 7140 7140
2918 CONNECTION 720 6 300 3720 8580 8580
2919 CONNECTION 720 966 300 4080 8940 8940
2920 CONNECTION 361 362 -1 -1 1200 1200
2921 CONNECTION 361 315 -1 -1 2760 2760
2922 CONNECTION 361 839 -1 -1 4620 4620
2923 CONNECTION 361 129 -1 -1 3180 3180
2924 CONNECTION 361 233 -1 -1 2940 2940
2925 CONNECTION 361 506 -1 -1 4560 4560
2926 CONNECTION 361 403 -1 -1 4140 4140
2927 CONNECTION 361 652 300 540 4020 4020
2928 CONNECTION 361 341 300 600 4980 4980
2929 CONNECTION 361 703 300 1260 4740 4740
2930 CONNECTION 361 185 300 1320 5760 5760
2931 CONNECTION 361 770 300 1320 4800 4800
2932 CONNECTION 361 533 300 1500 5340 5340
2933 CONNECTION 361 483 300 1740 6120 6120
2934 CONNECTION 361 786 300 1740 7920 7920
2935 CONNECTION 361 723 300 1920 6360 6360
2936 CONNECTION 361 109 300 2040 8220 8220
2937 CONNECTION 361 577 300 2400 6780 6780
2938 CONNECTION 361 678 300 2700 6540 6540
2939 CONNECTION 361 990 300 2700 6540 6540
2940 CONNECTION 361 818 300 3720 8160 8160
2941 CONNECTION 361 85 300 3900 7740 7740
2942 CONNECTION 361 210 300 4140 7620 7620
2943 CONNECTION 361 749 300 4200 8580 8580
2944 SINK 361 0 -1 -1 300 300
2945 CONNECTION 379 380 -1 -1 1200 1200
2946 CONNECTION 379 601 -1 -1 2580 2580
2947 CONNECTION 379 402 -1 -1 2280 2280
2948 CONNECTION 379 208 -1 -1 2640 2640
2949 CONNECTION 379 988 -1 -1 3780 3780
2950 CONNECTION 379 363 -1 -1 5100 5100
2951 CONNECTION 379 532 -1 -1 3480 3480
2952 CONNECTION 379 156 300 900 4980 4980
2953 CONNECTION 379 184 300 960 4440 4440
2954 CONNECTION 379 677 300 1080 4680 4680
2955 CONNECTION 379 986 300 1080 4680 4680
2956 CONNECTION 379 785 300 1320 4800 4800
2957 CONNECTION 379 482 300 1440 4920 4920
2958 CONNECTION 379 288 300 2100 6180 6180
2959 CONNECTION 379 84 300 2280 5880 5880
2960 CONNECTION 379 653 300 2640 6240 6240
2961 CONNECTION 379 434 300 3300 7380 7380
2962 CONNECTION 379 771 300 3420 8700 8700
2963 CONNECTION 379 235 300 3480 7080 7080
2964 CONNECTION 379 604 300 4500 8580 8580
2965 CONNECTION 379 629 300 4560 8040 8040
2966 CONNECTION 379 405 300 4680 8280 8280
2967 CONNECTION 284 285 -1 -1 1800 1800
2968 CONNECTION 284 431 -1 -1 3000 3000
2969 CONNECTION 284 875 -1 -1 2460 2460
2970 CONNECTION 284 232 -1 -1 2700 2700
2971 CONNECTION 284 380 -1 -1 2820 2820
2972 CONNECTION 284 25 -1 -1 2940 2940
2973 CONNECTION 284 601 -1 -1 4200 4200
2974 CONNECTION 284 402 -1 -1 3900 3900
2975 CONNECTION 284 208 300 660 4260 4260
2976 CONNECTION 284 988 300 1320 5400 5400
2977 CONNECTION 284 363 300 1440 6720 6720
2978 CONNECTION 284 532 300 1500 5100 5100
2979 CONNECTION 284 156 300 2520 6600 6600
2980 CONNECTION 284 184 300 2580 6060 6060
2981 CONNECTION 284 677 300 2700 6300 6300
2982 CONNECTION 284 986 300 2700 6300 6300
2983 CONNECTION 284 785 300 2940 6420 6420
2984 CONNECTION 284 482 300 3060 6540 6540
2985 CONNECTION 284 288 300 3720 7800 7800
2986 CONNECTION 284 84 300 3900 7500 7500
2987 CONNECTION 284 653 300 4260 7860 7860
2988 CONNECTION 798 721 -1 -1 3300 3300
2989 CONNECTION 798 799 -1 -1 4740 4740
2990 CONNECTION 798 816 -1 -1 5100 5100
2991 CONNECTION 798 896 300 2040 6900 6900
2992 CONNECTION 798 6 300 3480 8340 8340
2993 CONNECTION 798 966 300 3840 8700 8700
2994 CONNECTION 153 154 -1 -1 1560 1560
2995 CONNECTION 153 286 -1 -1 2760 2760
2996 CONNECTION 153 531 -1 -1 3180 3180
2997 CONNECTION 153 432 -1 -1 3960 3960
2998 CONNECTION 153 676 -1 -1 4380 4380
2999 CONNECTION 153 985 -1 -1 4380 4380
3000 CONNECTION 153 602 300 1320 5160 5160
3001 CONNECTION 153 83 300 1500 5580 5580
3002 CONNECTION 153 989 300 2520 6360 6360
3003 CONNECTION 153 234 300 2700 6780 6780
3004 CONNECTION 153 157 300 3720 7560 7560
3005 CONNECTION 153 404 300 3900 7980 7980
3006 CONNECTION 874 431 -1 -1 2940 2940
3007 CONNECTION 874 875 -1 -1 2400 2400
3008 CONNECTION 874 232 -1 -1 2640 2640
3009 CONNECTION 874 380 -1 -1 2760 2760
3010 CONNECTION 874 25 -1 -1 2880 2880
3011 CONNECTION 874 601 -1 -1 4140 4140
3012 CONNECTION 874 402 -1 -1 3840 3840
3013 CONNECTION 874 208 300 600 4200 4200
3014 CONNECTION 874 988 300 1260 5340 5340
3015 CONNECTION 874 363 300 1380 6660 6660
3016 CONNECTION 874 532 300 1440 5040 5040
3017 CONNECTION 874 156 300 2460 6540 6540
3018 CONNECTION 874 184 300 2520 6000 6000
3019 CONNECTION 874 677 300 2640 6240 6240
3020 CONNECTION 874 986 300 2640 6240 6240
3021 CONNECTION 874 785 300 2880 6360 6360
3022 CONNECTION 874 482 300 3000 6480 6480
3023 CONNECTION 874 288 300 3660 7740 7740
3024 CONNECTION 874 84 300 3840 7440 7440
3025 CONNECTION 874 653 300 4200 7800 7800
3026 CONNECTION 4 5 -1 -1 4020 4020
3027 CONNECTION 4 769 -1 -1 4800 4800
3028 CONNECTION 4 558 -1 -1 4620 4620
3029 CONNECTION 4 459 300 1440 7620 7620
3030 CONNECTION 4 934 300 2220 8400 8400
3031 CONNECTION 4 840 300 3540 8220 8220
3032 CONNECTION 626 627 -1 -1 2160 2160
3033 CONNECTION 626 914 -1 -1 2760 2760
3034 CONNECTION 626 987 -1 -1 2520 2520
3035 CONNECTION 626 340 -1 -1 4320 4320
3036 CONNECTION 626 56 -1 -1 4560 4560
3037 CONNECTION 626 155 -1 -1 3720 3720
3038 CONNECTION 626 702 300 540 4980 4980
3039 CONNECTION 626 481 300 660 4260 4260
3040 CONNECTION 626 287 300 1320 4920 4920
3041 CONNECTION 626 877 300 1320 5760 5760
3042 CONNECTION 626 576 300 1680 6120 6120
3043 CONNECTION 626 316 300 1920 6360 6360
3044 CONNECTION 626 433 300 2520 6120 6120
3045 CONNECTION 626 748 300 3480 7920 7920
3046 CONNECTION 626 507 300 3720 8160 8160
3047 CONNECTION 626 603 300 3720 7320 7320
3048 CONNECTION 626 995 300 4140 8580 8580
3049 CONNECTION 626 27 300 4260 7860 7860
3050 CONNECTION 947 948 -1 -1 3000 3000
3051 CONNECTION 947 431 -1 -1 2880 2880
3052 CONNECTION 947 875 -1 -1 2340 2340
3053 CONNECTION 947 232 -1 -1 2580 2580
3054 CONNECTION 947 380 -1 -1 2700 2700
3055 CONNECTION 947 25 -1 -1 2820 2820
3056 CONNECTION 947 601 -1 -1 4080 4080
3057 CONNECTION 947 402 -1 -1 3780 3780
3058 CONNECTION 947 208 300 540 4140 4140
3059 CONNECTION 947 988 300 1200 5280 5280
3060 CONNECTION 947 363 300 1320 6600 6600
3061 CONNECTION 947 532 300 1380 4980 4980
3062 CONNECTION 947 156 300 2400 6480 6480
3063 CONNECTION 947 184 300 2460 5940 5940
3064 CONNECTION 947 677 300 2580 6180 6180
3065 CONNECTION 947 986 300 2580 6180 6180
3066 CONNECTION 947 785 300 2820 6300 6300
3067 CONNECTION 947 482 300 2940 6420 6420
3068 CONNECTION 947 288 300 3600 7680 7680
3069 CONNECTION 947 84 300 3780 7380 7380
3070 CONNECTION 947 653 300 4140 7740 7740
3071 CONNECTION 947 434 300 4800 8880 8880
3072 CONNECTION 674 600 -1 -1 2100 2100
3073 CONNECTION 674 627 -1 -1 2940 2940
3074 CONNECTION 674 128 -1 -1 3300 3300
3075 CONNECTION 674 914 -1 -1 3540 3540
3076 CONNECTION 674 987 -1 -1 3300 3300
3077 CONNECTION 674 340 300 660 5100 5100
3078 CONNECTION 674 56 300 900 5340 5340
3079 CONNECTION 674 155 300 900 4500 4500
3080 CONNECTION 674 702 300 1320 5760 5760
3081 CONNECTION 674 481 300 1440 5040 5040
3082 CONNECTION 674 287 300 2100 5700 5700
3083 CONNECTION 674 877 300 2100 6540 6540
3084 CONNECTION 674 576 300 2460 6900 6900
3085 CONNECTION 674 316 300 2700 7140 7140
3086 CONNECTION 674 433 300 3300 6900 6900
3087 CONNECTION 674 748 300 4260 8700 8700
3088 CONNECTION 674 507 300 4500 8940 8940
3089 CONNECTION 674 603 300 4500 8100 8100
3090 CONNECTION 400 401 -1 -1 1920 1920
3091 CONNECTION 400 286 -1 -1 2700 2700
3092 CONNECTION 400 531 -1 -1 3120 3120
3093 CONNECTION 400 432 -1 -1 3900 3900
3094 CONNECTION 400 676 -1 -1 4320 4320
3095 CONNECTION 400 985 -1 -1 4320 4320
3096 CONNECTION 400 602 300 1260 5100 5100
3097 CONNECTION 400 83 300 1440 5520 5520
3098 CONNECTION 400 989 300 2460 6300 6300
3099 CONNECTION 400 234 300 2640 6720 6720
3100 CONNECTION 400 157 300 3660 7500 7500
3101 CONNECTION 400 404 300 3840 7920 7920
3102 CONNECTION 54 55 -1 -1 2160 2160
3103 CONNECTION 54 964 -1 -1 2580 2580
3104 CONNECTION 54 261 -1 -1 2340 2340
3105 CONNECTION 54 362 -1 -1 2400 2400
3106 CONNECTION 54 876 -1 -1 3360 3360
3107 CONNECTION 54 82 -1 -1 2940 2940
3108 CONNECTION 54 26 -1 -1 3720 3720
3109 CONNECTION 54 381 -1 -1 5520 5520
3110 CONNECTION 54 315 -1 -1 3960 3960
3111 CONNECTION 54 839 -1 -1 5820 5820
3112 CONNECTION 54 129 -1 -1 4380 4380
3113 CONNECTION 54 233 -1 -1 4140 4140
3114 CONNECTION 54 506 300 1320 5760 5760
3115 CONNECTION 54 403 300 1500 5340 5340
3116 CONNECTION 54 652 300 1740 5220 5220
3117 CONNECTION 54 341 300 1800 6180 6180
3118 CONNECTION 54 703 300 2460 5940 5940
3119 CONNECTION 54 185 300 2520 6960 6960
3120 CONNECTION 54 770 300 2520 6000 6000
3121 CONNECTION 54 533 300 2700 6540 6540
3122 CONNECTION 54 483 300 2940 7320 7320
3123 CONNECTION 54 786 300 2940 9120 9120
3124 CONNECTION 54 723 300 3120 7560 7560
3125 CONNECTION 54 109 300 3240 9420 9420
3126 CONNECTION 54 577 300 3600 7980 7980
3127 CONNECTION 54 678 300 3900 7740 7740
3128 CONNECTION 54 990 300 3900 7740 7740
3129 SINK 54 0 -1 -1 300 300
3130 CONNECTION 127 128 -1 -1 2160 2160
3131 CONNECTION 127 987 -1 -1 2160 2160
3132 CONNECTION 127 340 -1 -1 3960 3960
3133 CONNECTION 127 56 -1 -1 4200 4200
3134 CONNECTION 127 155 -1 -1 3360 3360
3135 CONNECTION 127 702 -1 -1 4620 4620
3136 CONNECTION 127 481 -1 -1 3900 3900
3137 CONNECTION 127 287 300 960 4560 4560
3138 CONNECTION 127 877 300 960 5400 5400
3139 CONNECTION 127 576 300 1320 5760 5760
3140 CONNECTION 127 316 300 1560 6000 6000
3141 CONNECTION 127 433 300 2160 5760 5760
3142 CONNECTION 127 748 300 3120 7560 7560
3143 CONNECTION 127 507 300 3360 7800 7800
3144 CONNECTION 127 603 300 3360 6960 6960
3145 CONNECTION 127 995 300 3780 8220 8220
3146 CONNECTION 127 27 300 3900 7500 7500
3147 CONNECTION 127 186 300 4560 9000 9000
3148 CONNECTION 127 1001 300 4560 8160 8160
3149 CONNECTION 480 895 -1 -1 3240 3240
3150 CONNECTION 480 108 -1 -1 3480 3480
3151 CONNECTION 480 458 -1 -1 3480 3480
3152 CONNECTION 480 505 -1 -1 3480 3480
3153 CONNECTION 480 651 -1 -1 3900 3900
3154 CONNECTION 480 965 -1 -1 5040 5040
3155 CONNECTION 480 722 300 900 5280 5280
3156 CONNECTION 480 130 300 1980 6840 6840
3157 CONNECTION 480 559 300 2220 7080 7080
3158 CONNECTION 480 800 300 2400 7080 7080
3159 CONNECTION 480 817 300 2700 7080 7080
3160 CONNECTION 480 209 300 3120 7500 7500
3161 CONNECTION 480 342 300 3780 8640 8640
3162 CONNECTION 480 897 300 4500 8880 8880
3163 CONNECTION 650 128 -1 -1 2940 2940
3164 CONNECTION 650 914 -1 -1 3180 3180
3165 CONNECTION 650 987 -1 -1 2940 2940
3166 CONNECTION 650 340 -1 -1 4740 4740
3167 CONNECTION 650 56 300 540 4980 4980
3168 CONNECTION 650 155 300 540 4140 4140
3169 CONNECTION 650 702 300 960 5400 5400
3170 CONNECTION 650 481 300 1080 4680 4680
3171 CONNECTION 650 287 300 1740 5340 5340
3172 CONNECTION 650 877 300 1740 6180 6180
3173 CONNECTION 650 576 300 2100 6540 6540
3174 CONNECTION 650 316 300 2340 6780 6780
3175 CONNECTION 650 433 300 2940 6540 6540
3176 CONNECTION 650 748 300 3900 8340 8340
3177 CONNECTION 650 507 300 4140 8580 8580
3178 CONNECTION 650 603 300 4140 7740 7740
3179 CONNECTION 650 995 300 4560 9000 9000
3180 CONNECTION 650 27 300 4680 8280 8280
3181 CONNECTION 933 459 -1 -1 5700 5700
3182 CONNECTION 933 934 -1 -1 6480 6480
3183 CONNECTION 933 840 300 1620 6300 6300
3184 CONNECTION 933 801 300 3120 9300 9300
3185 CONNECTION 933 364 300 3900 10080 10080
3186 CONNECTION 983 675 -1 -1 2100 2100
3187 CONNECTION 983 984 -1 -1 2100 2100
3188 CONNECTION 983 207 -1 -1 1980 1980
3189 CONNECTION 983 964 -1 -1 2940 2940
3190 CONNECTION 983 261 -1 -1 2700 2700
3191 CONNECTION 983 362 -1 -1 2760 2760
3192 CONNECTION 983 876 -1 -1 3720 3720
3193 CONNECTION 983 82 -1 -1 3300 3300
3194 CONNECTION 983 26 -1 -1 4080 4080
3195 CONNECTION 983 381 -1 -1 5880 5880
3196 CONNECTION 983 315 -1 -1 4320 4320
3197 CONNECTION 983 839 -1 -1 6180 6180
3198 CONNECTION 983 129 300 360 4740 4740
3199 CONNECTION 983 233 300 660 4500 4500
3200 CONNECTION 983 506 300 1680 6120 6120
3201 CONNECTION 983 403 300 1860 5700 5700
3202 CONNECTION 983 652 300 2100 5580 5580
3203 CONNECTION 983 341 300 2160 6540 6540
3204 CONNECTION 983 703 300 2820 6300 6300
3205 CONNECTION 983 185 300 2880 7320 7320
3206 CONNECTION 983 770 300 2880 6360 6360
3207 CONNECTION 983 533 300 3060 6900 6900
3208 CONNECTION 983 483 300 3300 7680 7680
3209 CONNECTION 983 786 300 3300 9480 9480
3210 CONNECTION 983 723 300 3480 7920 7920
3211 CONNECTION 983 109 300 3600 9780 9780
3212 CONNECTION 983 577 300 3960 8340 8340
3213 CONNECTION 983 678 300 4260 8100 8100
3214 CONNECTION 983 990 300 4260 8100 8100
3215 SINK 983 0 -1 -1 300 300
3216 CONNECTION 913 914 -1 -1 2160 2160
3217 CONNECTION 913 987 -1 -1 1920 1920
3218 CONNECTION 913 340 -1 -1 3720 3720
3219 CONNECTION 913 56 -1 -1 3960 3960
3220 CONNECTION 913 155 -1 -1 3120 3120
3221 CONNECTION 913 702 -1 -1 4380 4380
3222 CONNECTION 913 481 -1 -1 3660 3660
3223 CONNECTION 913 287 300 720 4320 4320
3224 CONNECTION 913 877 300 720 5160 5160
3225 CONNECTION 913 576 300 1080 5520 5520
3226 CONNECTION 913 316 300 1320 5760 5760
3227 CONNECTION 913 433 300 1920 5520 5520
3228 CONNECTION 913 748 300 2880 7320 7320
3229 CONNECTION 913 507 300 3120 7560 7560
3230 CONNECTION 913 603 300 3120 6720 6720
3231 CONNECTION 913 995 300 3540 7980 7980
3232 CONNECTION 913 27 300 3660 7260 7260
3233 CONNECTION 913 186 300 4320 8760 8760
3234 CONNECTION 913 1001 300 4320 7920 7920
3235 CONNECTION 913 858 300 4680 9120 9120
3236 CONNECTION 231 232 -1 -1 1320 1320
3237 CONNECTION 231 601 -1 -1 2820 2820
3238 CONNECTION 231 402 -1 -1 2520 2520
3239 CONNECTION 231 208 -1 -1 2880 2880
3240 CONNECTION 231 988 -1 -1 4020 4020
3241 CONNECTION 231 363 -1 -1 5340 5340
3242 CONNECTION 231 532 -1 -1 3720 3720
3243 CONNECTION 231 156 300 1140 5220 5220
3244 CONNECTION 231 184 300 1200 4680 4680
3245 CONNECTION 231 677 300 1320 4920 4920
3246 CONNECTION 231 986 300 1320 4920 4920
3247 CONNECTION 231 785 300 1560 5040 5040
3248 CONNECTION 231 482 300 1680 5160 5160
3249 CONNECTION 231 288 300 2340 6420 6420
3250 CONNECTION 231 84 300 2520 6120 6120
3251 CONNECTION 231 653 300 2880 6480 6480
3252 CONNECTION 231 434 300 3540 7620 7620
3253 CONNECTION 231 771 300 3660 8940 8940
3254 CONNECTION 231 235 300 3720 7320 7320
3255 CONNECTION 231 604 300 4740 8820 8820
3256 CONNECTION 231 629 300 4800 8280 8280
3257 CONNECTION 183 574 -1 -1 1860 1860
3258 CONNECTION 183 784 -1 -1 4200 4200
3259 CONNECTION 183 746 -1 -1 3660 3660
3260 CONNECTION 183 993 300 600 4260 4260
3261 CONNECTION 183 856 300 1800 5460 5460
3262 CONNECTION 183 949 300 2520 7800 7800
3263 CONNECTION 183 916 300 3600 7260 7260
3264 CONNECTION 183 262 300 4200 7860 7860
3265 CONNECTION 206 207 -1 -1 1200 1200
3266 CONNECTION 206 261 -1 -1 1920 1920
3267 CONNECTION 206 362 -1 -1 1980 1980
3268 CONNECTION 206 876 -1 -1 2940 2940
3269 CONNECTION 206 82 -1 -1 2520 2520
3270 CONNECTION 206 26 -1 -1 3300 3300
3271 CONNECTION 206 381 -1 -1 5100 5100
3272 CONNECTION 206 315 -1 -1 3540 3540
3273 CONNECTION 206 839 -1 -1 5400 5400
3274 CONNECTION 206 129 -1 -1 3960 3960
3275 CONNECTION 206 233 -1 -1 3720 3720
3276 CONNECTION 206 506 300 900 5340 5340
3277 CONNECTION 206 403 300 1080 4920 4920
3278 CONNECTION 206 652 300 1320 4800 4800
3279 CONNECTION 206 341 300 1380 5760 5760
3280 CONNECTION 206 703 300 2040 5520 5520
3281 CONNECTION 206 185 300 2100 6540 6540
3282 CONNECTION 206 770 300 2100 5580 5580
3283 CONNECTION 206 533 300 2280 6120 6120
3284 CONNECTION 206 483 300 2520 6900 6900
3285 CONNECTION 206 786 300 2520 8700 8700
3286 CONNECTION 206 723 300 2700 7140 7140
3287 CONNECTION 206 109 300 2820 9000 9000
3288 CONNECTION 206 577 300 3180 7560 7560
3289 CONNECTION 206 678 300 3480 7320 7320
3290 CONNECTION 206 990 300 3480 7320 7320
3291 CONNECTION 206 818 300 4500 8940 8940
3292 CONNECTION 206 85 300 4680 8520 8520
3293 SINK 206 0 -1 -1 300 300
3294 CONNECTION 557 558 -1 -1 2400 2400
3295 CONNECTION 557 459 -1 -1 5400 5400
3296 CONNECTION 557 934 -1 -1 6180 6180
3297 CONNECTION 557 840 300 1320 6000 6000
3298 CONNECTION 557 801 300 2820 9000 9000
3299 CONNECTION 557 364 300 3600 9780 9780
3300 CONNECTION 963 964 -1 -1 2100 2100
3301 CONNECTION 963 261 -1 -1 1860 1860
3302 CONNECTION 963 362 -1 -1 1920 1920
3303 CONNECTION 963 876 -1 -1 2880 2880
3304 CONNECTION 963 82 -1 -1 2460 2460
3305 CONNECTION 963 26 -1 -1 3240 3240
3306 CONNECTION 963 381 -1 -1 5040 5040
3307 CONNECTION 963 315 -1 -1 3480 3480
3308 CONNECTION 963 839 -1 -1 5340 5340
3309 CONNECTION 963 129 -1 -1 3900 3900
3310 CONNECTION 963 233 -1 -1 3660 3660
3311 CONNECTION 963 506 300 840 5280 5280
3312 CONNECTION 963 403 300 1020 4860 4860
3313 CONNECTION 963 652 300 1260 4740 4740
3314 CONNECTION 963 341 300 1320 5700 5700
3315 CONNECTION 963 703 300 1980 5460 5460
3316 CONNECTION 963 185 300 2040 6480 6480
3317 CONNECTION 963 770 300 2040 5520 5520
3318 CONNECTION 963 533 300 2220 6060 6060
3319 CONNECTION 963 483 300 2460 6840 6840
3320 CONNECTION 963 786 300 2460 8640 8640
3321 CONNECTION 963 723 300 2640 7080 7080
3322 CONNECTION 963 109 300 2760 8940 8940
3323 CONNECTION 963 577 300 3120 7500 7500
3324 CONNECTION 963 678 300 3420 7260 7260
3325 CONNECTION 963 990 300 3420 7260 7260
3326 CONNECTION 963 818 300 4440 8880 8880
3327 CONNECTION 963 85 300 4620 8460 8460
3328 SINK 963 0 -1 -1 300 300
3329 CONNECTION 338 339 -1 -1 2160 2160
3330 CONNECTION 338 701 -1 -1 2820 2820
3331 CONNECTION 338 855 -1 -1 2340 2340
3332 CONNECTION 338 575 -1 -1 3960 3960
3333 CONNECTION 338 628 -1 -1 3540 3540
3334 CONNECTION 338 915 300 480 4140 4140
3335 CONNECTION 338 747 300 1320 5760 5760
3336 CONNECTION 338 994 300 1980 6420 6420
3337 CONNECTION 338 57 300 2280 5940 5940
3338 CONNECTION 338 857 300 3120 7560 7560
3339 CONNECTION 338 878 300 3480 7140 7140
3340 CONNECTION 338 317 300 4080 7740 7740
3341 CONNECTION 430 431 -1 -1 1800 1800
3342 CONNECTION 430 25 -1 -1 1740 1740
3343 CONNECTION 430 601 -1 -1 3000 3000
3344 CONNECTION 430 402 -1 -1 2700 2700
3345 CONNECTION 430 208 -1 -1 3060 3060
3346 CONNECTION 430 988 -1 -1 4200 4200
3347 CONNECTION 430 363 -1 -1 5520 5520
3348 CONNECTION 430 532 -1 -1 3900 3900
3349 CONNECTION 430 156 300 1320 5400 5400
3350 CONNECTION 430 184 300 1380 4860 4860
3351 CONNECTION 430 677 300 1500 5100 5100
3352 CONNECTION 430 986 300 1500 5100 5100
3353 CONNECTION 430 785 300 1740 5220 5220
3354 CONNECTION 430 482 300 1860 5340 5340
3355 CONNECTION 430 288 300 2520 6600 6600
3356 CONNECTION 430 84 300 2700 6300 6300
3357 CONNECTION 430 653 300 3060 6660 6660
3358 CONNECTION 430 434 300 3720 7800 7800
3359 CONNECTION 430 771 300 3840 9120 9120
3360 CONNECTION 430 235 300 3900 7500 7500
3361 CONNECTION 457 458 -1 -1 2460 2460
3362 CONNECTION 457 651 -1 -1 2880 2880
3363 CONNECTION 457 965 -1 -1 4020 4020
3364 CONNECTION 457 722 -1 -1 4260 4260
3365 CONNECTION 457 130 300 960 5820 5820
3366 CONNECTION 457 559 300 1200 6060 6060
3367 CONNECTION 457 800 300 1380 6060 6060
3368 CONNECTION 457 817 300 1680 6060 6060
3369 CONNECTION 457 209 300 2100 6480 6480
3370 CONNECTION 457 342 300 2760 7620 7620
3371 CONNECTION 457 897 300 3480 7860 7860
3372 CONNECTION 457 578 300 4560 9420 9420
3373 CONNECTION 457 841 300 4800 9660 9660
3374 CONNECTION 854 855 -1 -1 1380 1380
3375 CONNECTION 854 575 -1 -1 3000 3000
3376 CONNECTION 854 628 -1 -1 2580 2580
3377 CONNECTION 854 915 -1 -1 3180 3180
3378 CONNECTION 854 747 300 360 4800 4800
3379 CONNECTION 854 994 300 1020 5460 5460
3380 CONNECTION 854 57 300 1320 4980 4980
3381 CONNECTION 854 857 300 2160 6600 6600
3382 CONNECTION 854 878 300 2520 6180 6180
3383 CONNECTION 854 317 300 3120 6780 6780
3384 CONNECTION 854 917 300 3960 8400 8400
3385 CONNECTION 854 263 300 4620 9060 9060
3386 CONNECTION 107 108 -1 -1 2580 2580
3387 CONNECTION 107 505 -1 -1 2580 2580
3388 CONNECTION 107 651 -1 -1 3000 3000
3389 CONNECTION 107 965 -1 -1 4140 4140
3390 CONNECTION 107 722 -1 -1 4380 4380
3391 CONNECTION 107 130 300 1080 5940 5940
3392 CONNECTION 107 559 300 1320 6180 6180
3393 CONNECTION 107 800 300 1500 6180 6180
3394 CONNECTION 107 817 300 1800 6180 6180
3395 CONNECTION 107 209 300 2220 6600 6600
3396 CONNECTION 107 342 300 2880 7740 7740
3397 CONNECTION 107 897 300 3600 7980 7980
3398 CONNECTION 107 578 300 4680 9540 9540
3399 CONNECTION 285 286 -1 -1 1560 1560
3400 CONNECTION 285 432 -1 -1 2760 2760
3401 CONNECTION 285 676 -1 -1 3180 3180
3402 CONNECTION 285 985 -1 -1 3180 3180
3403 CONNECTION 285 602 -1 -1 3960 3960
3404 CONNECTION 285 83 -1 -1 4380 4380
3405 CONNECTION 285 989 300 1320 5160 5160
3406 CONNECTION 285 234 300 1500 5580 5580
3407 CONNECTION 285 157 300 2520 6360 6360
3408 CONNECTION 285 404 300 2700 6780 6780
3409 CONNECTION 285 289 300 3720 7560 7560
3410 CONNECTION 285 534 300 3900 7980 7980
3411 CONNECTION 894 895 -1 -1 2580 2580
3412 CONNECTION 894 505 -1 -1 2820 2820
3413 CONNECTION 894 651 -1 -1 3240 3240
3414 CONNECTION 894 965 -1 -1 4380 4380
3415 CONNECTION 894 722 -1 -1 4620 4620
3416 CONNECTION 894 130 300 1320 6180 6180
3417 CONNECTION 894 559 300 1560 6420 6420
3418 CONNECTION 894 800 300 1740 6420 6420
3419 CONNECTION 894 817 300 2040 6420 6420
3420 CONNECTION 894 209 300 2460 6840 6840
3421 CONNECTION 894 342 300 3120 7980 7980
3422 CONNECTION 894 897 300 3840 8220 8220
3423 CONNECTION 948 993 -1 -1 2160 2160
3424 CONNECTION 948 856 -1 -1 3360 3360
3425 CONNECTION 948 949 300 420 5700 5700
3426 CONNECTION 948 916 300 1500 5160 5160
3427 CONNECTION 948 262 300 2100 5760 5760
3428 CONNECTION 948 1007 300 3300 6960 6960
3429 CONNECTION 948 382 300 4020 9300 9300
3430 CONNECTION 81 987 -1 -1 2100 2100
3431 CONNECTION 81 340 -1 -1 3900 3900
3432 CONNECTION 81 56 -1 -1 4140 4140
3433 CONNECTION 81 155 -1 -1 3300 3300
3434 CONNECTION 81 702 -1 -1 4560 4560
3435 CONNECTION 81 481 -1 -1 3840 3840
3436 CONNECTION 81 287 300 900 4500 4500
3437 CONNECTION 81 877 300 900 5340 5340
3438 CONNECTION 81 576 300 1260 5700 5700
3439 CONNECTION 81 316 300 1500 5940 5940
3440 CONNECTION 81 433 300 2100 5700 5700
3441 CONNECTION 81 748 300 3060 7500 7500
3442 CONNECTION 81 507 300 3300 7740 7740
3443 CONNECTION 81 603 300 3300 6900 6900
3444 CONNECTION 81 995 300 3720 8160 8160
3445 CONNECTION 81 27 300 3840 7440 7440
3446 CONNECTION 81 186 300 4500 8940 8940
3447 CONNECTION 81 1001 300 4500 8100 8100
3448 CONNECTION 504 505 -1 -1 2100 2100
3449 CONNECTION 504 965 -1 -1 3660 3660
3450 CONNECTION 504 722 -1 -1 3900 3900
3451 CONNECTION 504 130 300 600 5460 5460
3452 CONNECTION 504 559 300 840 5700 5700
3453 CONNECTION 504 800 300 1020 5700 5700
3454 CONNECTION 504 817 300 1320 5700 5700
3455 CONNECTION 504 209 300 1740 6120 6120
3456 CONNECTION 504 342 300 2400 7260 7260
3457 CONNECTION 504 897 300 3120 7500 7500
3458 CONNECTION 504 578 300 4200 9060 9060
3459 CONNECTION 504 841 300 4440 9300 9300
3460 CONNECTION 504 7 300 4620 9300 9300
3461 CONNECTION 745 784 -1 -1 3600 3600
3462 CONNECTION 745 746 -1 -1 3060 3060
3463 CONNECTION 745 993 -1 -1 3660 3660
3464 CONNECTION 745 856 300 1200 4860 4860
3465 CONNECTION 745 949 300 1920 7200 7200
3466 CONNECTION 745 916 300 3000 6660 6660
3467 CONNECTION 745 262 300 3600 7260 7260
3468 CONNECTION 745 1007 300 4800 8460 8460
3469 CONNECTION 260 261 -1 -1 1200 1200
3470 CONNECTION 260 26 -1 -1 2580 2580
3471 CONNECTION 260 381 -1 -1 4380 4380
3472 CONNECTION 260 315 -1 -1 2820 2820
3473 CONNECTION 260 839 -1 -1 4680 4680
3474 CONNECTION 260 129 -1 -1 3240 3240
3475 CONNECTION 260 233 -1 -1 3000 3000
3476 CONNECTION 260 506 -1 -1 4620 4620
3477 CONNECTION 260 403 300 360 4200 4200
3478 CONNECTION 260 652 300 600 4080 4080
3479 CONNECTION 260 341 300 660 5040 5040
3480 CONNECTION 260 703 300 1320 4800 4800
3481 CONNECTION 260 185 300 1380 5820 5820
3482 CONNECTION 260 770 300 1380 4860 4860
3483 CONNECTION 260 533 300 1560 5400 5400
3484 CONNECTION 260 483 300 1800 6180 6180
3485 CONNECTION 260 786 300 1800 7980 7980
3486 CONNECTION 260 723 300 1980 6420 6420
3487 CONNECTION 260 109 300 2100 8280 8280
3488 CONNECTION 260 577 300 2460 6840 6840
3489 CONNECTION 260 678 300 2760 6600 6600
3490 CONNECTION 260 990 300 2760 6600 6600
3491 CONNECTION 260 818 300 3780 8220 8220
3492 CONNECTION 260 85 300 3960 7800 7800
3493 CONNECTION 260 210 300 4200 7680 7680
3494 CONNECTION 260 749 300 4260 8640 8640
3495 SINK 260 0 -1 -1 300 300
3496 CONNECTION 530 531 -1 -1 1920 1920
3497 CONNECTION 530 432 -1 -1 2700 2700
3498 CONNECTION 530 676 -1 -1 3120 3120
3499 CONNECTION 530 985 -1 -1 3120 3120
3500 CONNECTION 530 602 -1 -1 3900 3900
3501 CONNECTION 530 83 -1 -1 4320 4320
3502 CONNECTION 530 989 300 1260 5100 5100
3503 CONNECTION 530 234 300 1440 5520 5520
3504 CONNECTION 530 157 300 2460 6300 6300
3505 CONNECTION 530 404 300 2640 6720 6720
3506 CONNECTION 530 289 300 3660 7500 7500
3507 CONNECTION 530 534 300 3840 7920 7920
3508 CONNECTION 700 701 -1 -1 2220 2220
3509 CONNECTION 700 575 -1 -1 3360 3360
3510 CONNECTION 700 628 -1 -1 2940 2940
3511 CONNECTION 700 915 -1 -1 3540 3540
3512 CONNECTION 700 747 300 720 5160 5160
3513 CONNECTION 700 994 300 1380 5820 5820
3514 CONNECTION 700 57 300 1680 5340 5340
3515 CONNECTION 700 857 300 2520 6960 6960
3516 CONNECTION 700 878 300 2880 6540 6540
3517 CONNECTION 700 317 300 3480 7140 7140
3518 CONNECTION 700 917 300 4320 8760 8760
3519 CONNECTION 815 799 -1 -1 3180 3180
3520 CONNECTION 815 816 -1 -1 3540 3540
3521 CONNECTION 815 896 300 480 5340 5340
3522 CONNECTION 815 6 300 1920 6780 6780
3523 CONNECTION 815 966 300 2280 7140 7140
3524 CONNECTION 815 58 300 4080 8940 8940
3525 CONNECTION 24 25 -1 -1 1200 1200
3526 CONNECTION 24 601 -1 -1 2460 2460
3527 CONNECTION 24 402 -1 -1 2160 2160
3528 CONNECTION 24 208 -1 -1 2520 2520
3529 CONNECTION 24 988 -1 -1 3660 3660
3530 CONNECTION 24 363 -1 -1 4980 4980
3531 CONNECTION 24 532 -1 -1 3360 3360
3532 CONNECTION 24 156 300 780 4860 4860
3533 CONNECTION 24 184 300 840 4320 4320
3534 CONNECTION 24 677 300 960 4560 4560
3535 CONNECTION 24 986 300 960 4560 4560
3536 CONNECTION 24 785 300 1200 4680 4680
3537 CONNECTION 24 482 300 1320 4800 4800
3538 CONNECTION 24 288 300 1980 6060 6060
3539 CONNECTION 24 84 300 2160 5760 5760
3540 CONNECTION 24 653 300 2520 6120 6120
3541 CONNECTION 24 434 300 3180 7260 7260
3542 CONNECTION 24 771 300 3300 8580 8580
3543 CONNECTION 24 235 300 3360 6960 6960
3544 CONNECTION 24 604 300 4380 8460 8460
3545 CONNECTION 24 629 300 4440 7920 7920
3546 CONNECTION 24 405 300 4560 8160 8160
3547 CONNECTION 24 950 300 4800 8280 8280
3548 CONNECTION 154 82 -1 -1 2100 2100
3549 CONNECTION 154 26 -1 -1 2880 2880
3550 CONNECTION 154 381 -1 -1 4680 4680
3551 CONNECTION 154 315 -1 -1 3120 3120
3552 CONNECTION 154 839 -1 -1 4980 4980
3553 CONNECTION 154 129 -1 -1 3540 3540
3554 CONNECTION 154 233 -1 -1 3300 3300
3555 CONNECTION 154 506 300 480 4920 4920
3556 CONNECTION 154 403 300 660 4500 4500
3557 CONNECTION 154 652 300 900 4380 4380
3558 CONNECTION 154 341 300 960 5340 5340
3559 CONNECTION 154 703 300 1620 5100 5100
3560 CONNECTION 154 185 300 1680 6120 6120
3561 CONNECTION 154 770 300 1680 5160 5160
3562 CONNECTION 154 533 300 1860 5700 5700
3563 CONNECTION 154 483 300 2100 6480 6480
3564 CONNECTION 154 786 300 2100 8280 8280
3565 CONNECTION 154 723 300 2280 6720 6720
3566 CONNECTION 154 109 300 2400 8580 8580
3567 CONNECTION 154 577 300 2760 7140 7140
3568 CONNECTION 154 678 300 3060 6900 6900
3569 CONNECTION 154 990 300 3060 6900 6900
3570 CONNECTION 154 818 300 4080 8520 8520
3571 CONNECTION 154 85 300 4260 8100 8100
3572 CONNECTION 154 210 300 4500 7980 7980
3573 CONNECTION 154 749 300 4560 8940 8940
3574 SINK 154 0 -1 -1 300 300
3575 CONNECTION 401 402 -1 -1 1320 1320
3576 CONNECTION 401 988 -1 -1 2820 2820
3577 CONNECTION 401 363 -1 -1 4140 4140
3578 CONNECTION 401 532 -1 -1 2520 2520
3579 CONNECTION 401 156 -1 -1 4020 4020
3580 CONNECTION 401 184 -1 -1 3480 3480
3581 CONNECTION 401 677 -1 -1 3720 3720
3582 CONNECTION 401 986 -1 -1 3720 3720
3583 CONNECTION 401 785 300 360 3840 3840
3584 CONNECTION 401 482 300 480 3960 3960
3585 CONNECTION 401 288 300 1140 5220 5220
3586 CONNECTION 401 84 300 1320 4920 4920
3587 CONNECTION 401 653 300 1680 5280 5280
3588 CONNECTION 401 434 300 2340 6420 6420
3589 CONNECTION 401 771 300 2460 7740 7740
3590 CONNECTION 401 235 300 2520 6120 6120
3591 CONNECTION 401 604 300 3540 7620 7620
3592 CONNECTION 401 629 300 3600 7080 7080
3593 CONNECTION 401 405 300 3720 7320 7320
3594 CONNECTION 401 950 300 3960 7440 7440
3595 CONNECTION 401 28 300 4080 7560 7560
3596 CONNECTION 401 1002 300 4740 8820 8820
3597 CONNECTION 314 315 -1 -1 2160 2160
3598 CONNECTION 314 129 -1 -1 2580 2580
3599 CONNECTION 314 233 -1 -1 2340 2340
3600 CONNECTION 314 506 -1 -1 3960 3960
3601 CONNECTION 314 403 -1 -1 3540 3540
3602 CONNECTION 314 652 -1 -1 3420 3420
3603 CONNECTION 314 341 -1 -1 4380 4380
3604 CONNECTION 314 703 300 660 4140 4140
3605 CONNECTION 314 185 300 720 5160 5160
3606 CONNECTION 314 770 300 720 4200 4200
3607 CONNECTION 314 533 300 900 4740 4740
3608 CONNECTION 314 483 300 1140 5520 5520
3609 CONNECTION 314 786 300 1140 7320 7320
3610 CONNECTION 314 723 300 1320 5760 5760
3611 CONNECTION 314 109 300 1440 7620 7620
3612 CONNECTION 314 577 300 1800 6180 6180
3613 CONNECTION 314 678 300 2100 5940 5940
3614 CONNECTION 314 990 300 2100 5940 5940
3615 CONNECTION 314 818 300 3120 7560 7560
3616 CONNECTION 314 85 300 3300 7140 7140
3617 CONNECTION 314 210 300 3540 7020 7020
3618 CONNECTION 314 749 300 3600 7980 7980
3619 CONNECTION 314 996 300 4260 7740 7740
3620 CONNECTION 314 630 300 4320 8760 8760
3621 CONNECTION 314 935 300 4320 7800 7800
3622 CONNECTION 314 236 300 4500 8340 8340
3623 CONNECTION 314 29 300 4740 9120 9120
3624 CONNECTION 314 951 300 4740 10920 10920
3625 SINK 314 0 -1 -1 300 300
3626 CONNECTION 339 340 -1 -1 2160 2160
3627 CONNECTION 339 702 -1 -1 2820 2820
3628 CONNECTION 339 481 -1 -1 2100 2100
3629 CONNECTION 339 287 -1 -1 2760 2760
3630 CONNECTION 339 877 -1 -1 3600 3600
3631 CONNECTION 339 576 -1 -1 3960 3960
3632 CONNECTION 339 316 -1 -1 4200 4200
3633 CONNECTION 339 433 300 360 3960 3960
3634 CONNECTION 339 748 300 1320 5760 5760
3635 CONNECTION 339 507 300 1560 6000 6000
3636 CONNECTION 339 603 300 1560 5160 5160
3637 CONNECTION 339 995 300 1980 6420 6420
3638 CONNECTION 339 27 300 2100 5700 5700
3639 CONNECTION 339 186 300 2760 7200 7200
3640 CONNECTION 339 1001 300 2760 6360 6360
3641 CONNECTION 339 858 300 3120 7560 7560
3642 CONNECTION 339 724 300 3360 7800 7800
3643 CONNECTION 339 158 300 3960 7560 7560
3644 CONNECTION 600 601 -1 -1 1800 1800
3645 CONNECTION 600 208 -1 -1 1860 1860
3646 CONNECTION 600 988 -1 -1 3000 3000
3647 CONNECTION 600 363 -1 -1 4320 4320
3648 CONNECTION 600 532 -1 -1 2700 2700
3649 CONNECTION 600 156 -1 -1 4200 4200
3650 CONNECTION 600 184 -1 -1 3660 3660
3651 CONNECTION 600 677 -1 -1 3900 3900
3652 CONNECTION 600 986 -1 -1 3900 3900
3653 CONNECTION 600 785 300 540 4020 4020
3654 CONNECTION 600 482 300 660 4140 4140
3655 CONNECTION 600 288 300 1320 5400 5400
3656 CONNECTION 600 84 300 1500 5100 5100
3657 CONNECTION 600 653 300 1860 5460 5460
3658 CONNECTION 600 434 300 2520 6600 6600
3659 CONNECTION 600 771 300 2640 7920 7920
3660 CONNECTION 600 235 300 2700 6300 6300
3661 CONNECTION 600 604 300 3720 7800 7800
3662 CONNECTION 600 629 300 3780 7260 7260
3663 CONNECTION 600 405 300 3900 7500 7500
3664 CONNECTION 600 950 300 4140 7620 7620
3665 CONNECTION 600 28 300 4260 7740 7740
3666 CONNECTION 627 628 -1 -1 1380 1380
3667 CONNECTION 627 915 -1 -1 1980 1980
3668 CONNECTION 627 747 -1 -1 3600 3600
3669 CONNECTION 627 994 -1 -1 4260 4260
3670 CONNECTION 627 57 -1 -1 3780 3780
3671 CONNECTION 627 857 300 960 5400 5400
3672 CONNECTION 627 878 300 1320 4980 4980
3673 CONNECTION 627 317 300 1920 5580 5580
3674 CONNECTION 627 917 300 2760 7200 7200
3675 CONNECTION 627 263 300 3420 7860 7860
3676 CONNECTION 627 508 300 3720 7380 7380
3677 CONNECTION 627 1008 300 4560 9000 9000
3678 CONNECTION 431 432 -1 -1 1560 1560
3679 CONNECTION 431 602 -1 -1 2760 2760
3680 CONNECTION 431 83 -1 -1 3180 3180
3681 CONNECTION 431 989 -1 -1 3960 3960
3682 CONNECTION 431 234 -1 -1 4380 4380
3683 CONNECTION 431 157 300 1320 5160 5160
3684 CONNECTION 431 404 300 1500 5580 5580
3685 CONNECTION 431 289 300 2520 6360 6360
3686 CONNECTION 431 534 300 2700 6780 6780
3687 CONNECTION 431 435 300 3720 7560 7560
3688 CONNECTION 431 679 300 3900 7980 7980
3689 CONNECTION 431 991 300 3900 7980 7980
3690 CONNECTION 875 876 -1 -1 2220 2220
3691 CONNECTION 875 26 -1 -1 2580 2580
3692 CONNECTION 875 381 -1 -1 4380 4380
3693 CONNECTION 875 315 -1 -1 2820 2820
3694 CONNECTION 875 839 -1 -1 4680 4680
3695 CONNECTION 875 129 -1 -1 3240 3240
3696 CONNECTION 875 233 -1 -1 3000 3000
3697 CONNECTION 875 506 -1 -1 4620 4620
3698 CONNECTION 875 403 300 360 4200 4200
3699 CONNECTION 875 652 300 600 4080 4080
3700 CONNECTION 875 341 300 660 5040 5040
3701 CONNECTION 875 703 300 1320 4800 4800
3702 CONNECTION 875 185 300 1380 5820 5820
3703 CONNECTION 875 770 300 1380 4860 4860
3704 CONNECTION 875 533 300 1560 5400 5400
3705 CONNECTION 875 483 300 1800 6180 6180
3706 CONNECTION 875 786 300 1800 7980 7980
3707 CONNECTION 875 723 300 1980 6420 6420
3708 CONNECTION 875 109 300 2100 8280 8280
3709 CONNECTION 875 577 300 2460 6840 6840
3710 CONNECTION 875 678 300 2760 6600 6600
3711 CONNECTION 875 990 300 2760 6600 6600
3712 CONNECTION 875 818 300 3780 8220 8220
3713 CONNECTION 875 85 300 3960 7800 7800
3714 CONNECTION 875 210 300 4200 7680 7680
3715 CONNECTION 875 749 300 4260 8640 8640
3716 SINK 875 0 -1 -1 300 300
3717 CONNECTION 55 56 -1 -1 2160 2160
3718 CONNECTION 55 481 -1 -1 1860 1860
3719 CONNECTION 55 287 -1 -1 2520 2520
3720 CONNECTION 55 877 -1 -1 3360 3360
3721 CONNECTION 55 576 -1 -1 3720 3720
3722 CONNECTION 55 316 -1 -1 3960 3960
3723 CONNECTION 55 433 -1 -1 3720 3720
3724 CONNECTION 55 748 300 1080 5520 5520
3725 CONNECTION 55 507 300 1320 5760 5760
3726 CONNECTION 55 603 300 1320 4920 4920
3727 CONNECTION 55 995 300 1740 6180 6180
3728 CONNECTION 55 27 300 1860 5460 5460
3729 CONNECTION 55 186 300 2520 6960 6960
3730 CONNECTION 55 1001 300 2520 6120 6120
3731 CONNECTION 55 858 300 2880 7320 7320
3732 CONNECTION 55 724 300 3120 7560 7560
3733 CONNECTION 55 158 300 3720 7320 7320
3734 CONNECTION 55 918 300 4680 9120 9120
3735 CONNECTION 232 340 -1 -1 2700 2700
3736 CONNECTION 232 56 -1 -1 2940 2940
3737 CONNECTION 232 155 -1 -1 2100 2100
3738 CONNECTION 232 702 -1 -1 3360 3360
3739 CONNECTION 232 481 -1 -1 2640 2640
3740 CONNECTION 232 287 -1 -1 3300 3300
3741 CONNECTION 232 877 -1 -1 4140 4140
3742 CONNECTION 232 576 -1 -1 4500 4500
3743 CONNECTION 232 316 -1 -1 4740 4740
3744 CONNECTION 232 433 300 900 4500 4500
3745 CONNECTION 232 748 300 1860 6300 6300
3746 CONNECTION 232 507 300 2100 6540 6540
3747 CONNECTION 232 603 300 2100 5700 5700
3748 CONNECTION 232 995 300 2520 6960 6960
3749 CONNECTION 232 27 300 2640 6240 6240
3750 CONNECTION 232 186 300 3300 7740 7740
3751 CONNECTION 232 1001 300 3300 6900 6900
3752 CONNECTION 232 858 300 3660 8100 8100
3753 CONNECTION 232 724 300 3900 8340 8340
3754 CONNECTION 232 158 300 4500 8100 8100
3755 CONNECTION 5 703 -1 -1 1920 1920
3756 CONNECTION 5 185 -1 -1 2940 2940
3757 CONNECTION 5 770 -1 -1 1980 1980
3758 CONNECTION 5 533 -1 -1 2520 2520
3759 CONNECTION 5 483 -1 -1 3300 3300
3760 CONNECTION 5 786 -1 -1 5100 5100
3761 CONNECTION 5 723 -1 -1 3540 3540
3762 CONNECTION 5 109 -1 -1 5400 5400
3763 CONNECTION 5 577 -1 -1 3960 3960
3764 CONNECTION 5 678 -1 -1 3720 3720
3765 CONNECTION 5 990 -1 -1 3720 3720
3766 CONNECTION 5 818 300 900 5340 5340
3767 CONNECTION 5 85 300 1080 4920 4920
3768 CONNECTION 5 210 300 1320 4800 4800
3769 CONNECTION 5 749 300 1380 5760 5760
3770 CONNECTION 5 996 300 2040 5520 5520
3771 CONNECTION 5 630 300 2100 6540 6540
3772 CONNECTION 5 935 300 2100 5580 5580
3773 CONNECTION 5 236 300 2280 6120 6120
3774 CONNECTION 5 29 300 2520 6900 6900
3775 CONNECTION 5 951 300 2520 8700 8700
3776 CONNECTION 5 898 300 2700 7140 7140
3777 CONNECTION 5 560 300 2820 9000 9000
3778 CONNECTION 5 859 300 3180 7560 7560
3779 CONNECTION 5 406 300 3480 7320 7320
3780 CONNECTION 5 968 300 4500 8940 8940
3781 CONNECTION 5 536 300 4680 8520 8520
3782 SINK 5 0 -1 -1 300 300
3783 CONNECTION 128 129 -1 -1 2100 2100
3784 CONNECTION 128 506 -1 -1 3480 3480
3785 CONNECTION 128 403 -1 -1 3060 3060
3786 CONNECTION 128 652 -1 -1 2940 2940
3787 CONNECTION 128 341 -1 -1 3900 3900
3788 CONNECTION 128 703 -1 -1 3660 3660
3789 CONNECTION 128 185 -1 -1 4680 4680
3790 CONNECTION 128 770 -1 -1 3720 3720
3791 CONNECTION 128 533 300 420 4260 4260
3792 CONNECTION 128 483 300 660 5040 5040
3793 CONNECTION 128 786 300 660 6840 6840
3794 CONNECTION 128 723 300 840 5280 5280
3795 CONNECTION 128 109 300 960 7140 7140
3796 CONNECTION 128 577 300 1320 5700 5700
3797 CONNECTION 128 678 300 1620 5460 5460
3798 CONNECTION 128 990 300 1620 5460 5460
3799 CONNECTION 128 818 300 2640 7080 7080
3800 CONNECTION 128 85 300 2820 6660 6660
3801 CONNECTION 128 210 300 3060 6540 6540
3802 CONNECTION 128 749 300 3120 7500 7500
3803 CONNECTION 128 996 300 3780 7260 7260
3804 CONNECTION 128 630 300 3840 8280 8280
3805 CONNECTION 128 935 300 3840 7320 7320
3806 CONNECTION 128 236 300 4020 7860 7860
3807 CONNECTION 128 29 300 4260 8640 8640
3808 CONNECTION 128 951 300 4260 10440 10440
3809 CONNECTION 128 898 300 4440 8880 8880
3810 CONNECTION 128 560 300 4560 10740 10740
3811 SINK 128 0 -1 -1 300 300
3812 CONNECTION 574 575 -1 -1 2160 2160
3813 CONNECTION 574 915 -1 -1 2340 2340
3814 CONNECTION 574 747 -1 -1 3960 3960
3815 CONNECTION 574 994 -1 -1 4620 4620
3816 CONNECTION 574 57 300 480 4140 4140
3817 CONNECTION 574 857 300 1320 5760 5760
3818 CONNECTION 574 878 300 1680 5340 5340
3819 CONNECTION 574 317 300 2280 5940 5940
3820 CONNECTION 574 917 300 3120 7560 7560
3821 CONNECTION 574 263 300 3780 8220 8220
3822 CONNECTION 574 508 300 4080 7740 7740
3823 CONNECTION 675 676 -1 -1 1920 1920
3824 CONNECTION 675 602 -1 -1 2700 2700
3825 CONNECTION 675 83 -1 -1 3120 3120
3826 CONNECTION 675 989 -1 -1 3900 3900
3827 CONNECTION 675 234 -1 -1 4320 4320
3828 CONNECTION 675 157 300 1260 5100 5100
3829 CONNECTION 675 404 300 1440 5520 5520
3830 CONNECTION 675 289 300 2460 6300 6300
3831 CONNECTION 675 534 300 2640 6720 6720
3832 CONNECTION 675 435 300 3660 7500 7500
3833 CONNECTION 675 679 300 3840 7920 7920
3834 CONNECTION 675 991 300 3840 7920 7920
3835 CONNECTION 984 985 -1 -1 1920 1920
3836 CONNECTION 984 602 -1 -1 2700 2700
3837 CONNECTION 984 83 -1 -1 3120 3120
3838 CONNECTION 984 989 -1 -1 3900 3900
3839 CONNECTION 984 234 -1 -1 4320 4320
3840 CONNECTION 984 157 300 1260 5100 5100
3841 CONNECTION 984 404 300 1440 5520 5520
3842 CONNECTION 984 289 300 2460 6300 6300
3843 CONNECTION 984 534 300 2640 6720 6720
3844 CONNECTION 984 435 300 3660 7500 7500
3845 CONNECTION 984 679 300 3840 7920 7920
3846 CONNECTION 984 991 300 3840 7920 7920
3847 CONNECTION 380 381 -1 -1 4020 4020
3848 CONNECTION 380 129 -1 -1 2880 2880
3849 CONNECTION 380 233 -1 -1 2640 2640
3850 CONNECTION 380 506 -1 -1 4260 4260
3851 CONNECTION 380 403 -1 -1 3840 3840
3852 CONNECTION 380 652 -1 -1 3720 3720
3853 CONNECTION 380 341 -1 -1 4680 4680
3854 CONNECTION 380 703 300 960 4440 4440
3855 CONNECTION 380 185 300 1020 5460 5460
3856 CONNECTION 380 770 300 1020 4500 4500
3857 CONNECTION 380 533 300 1200 5040 5040
3858 CONNECTION 380 483 300 1440 5820 5820
3859 CONNECTION 380 786 300 1440 7620 7620
3860 CONNECTION 380 723 300 1620 6060 6060
3861 CONNECTION 380 109 300 1740 7920 7920
3862 CONNECTION 380 577 300 2100 6480 6480
3863 CONNECTION 380 678 300 2400 6240 6240
3864 CONNECTION 380 990 300 2400 6240 6240
3865 CONNECTION 380 818 300 3420 7860 7860
3866 CONNECTION 380 85 300 3600 7440 7440
3867 CONNECTION 380 210 300 3840 7320 7320
3868 CONNECTION 380 749 300 3900 8280 8280
3869 CONNECTION 380 996 300 4560 8040 8040
3870 CONNECTION 380 630 300 4620 9060 9060
3871 CONNECTION 380 935 300 4620 8100 8100
3872 CONNECTION 380 236 300 4800 8640 8640
3873 SINK 380 0 -1 -1 300 300
3874 CONNECTION 914 915 -1 -1 1380 1380
3875 CONNECTION 914 747 -1 -1 3000 3000
3876 CONNECTION 914 994 -1 -1 3660 3660
3877 CONNECTION 914 57 -1 -1 3180 3180
3878 CONNECTION 914 857 300 360 4800 4800
3879 CONNECTION 914 878 300 720 4380 4380
3880 CONNECTION 914 317 300 1320 4980 4980
3881 CONNECTION 914 917 300 2160 6600 6600
3882 CONNECTION 914 263 300 2820 7260 7260
3883 CONNECTION 914 508 300 3120 6780 6780
3884 CONNECTION 914 1008 300 3960 8400 8400
3885 CONNECTION 914 187 300 4320 7980 7980
3886 CONNECTION 25 26 -1 -1 2100 2100
3887 CONNECTION 25 129 -1 -1 2760 2760
3888 CONNECTION 25 233 -1 -1 2520 2520
3889 CONNECTION 25 506 -1 -1 4140 4140
3890 CONNECTION 25 403 -1 -1 3720 3720
3891 CONNECTION 25 652 -1 -1 3600 3600
3892 CONNECTION 25 341 -1 -1 4560 4560
3893 CONNECTION 25 703 300 840 4320 4320
3894 CONNECTION 25 185 300 900 5340 5340
3895 CONNECTION 25 770 300 900 4380 4380
3896 CONNECTION 25 533 300 1080 4920 4920
3897 CONNECTION 25 483 300 1320 5700 5700
3898 CONNECTION 25 786 300 1320 7500 7500
3899 CONNECTION 25 723 300 1500 5940 5940
3900 CONNECTION 25 109 300 1620 7800 7800
3901 CONNECTION 25 577 300 1980 6360 6360
3902 CONNECTION 25 678 300 2280 6120 6120
3903 CONNECTION 25 990 300 2280 6120 6120
3904 CONNECTION 25 818 300 3300 7740 7740
3905 CONNECTION 25 85 300 3480 7320 7320
3906 CONNECTION 25 210 300 3720 7200 7200
3907 CONNECTION 25 749 300 3780 8160 8160
3908 CONNECTION 25 996 300 4440 7920 7920
3909 CONNECTION 25 630 300 4500 8940 8940
3910 CONNECTION 25 935 300 4500 7980 7980
3911 CONNECTION 25 236 300 4680 8520 8520
3912 SINK 25 0 -1 -1 300 300
3913 CONNECTION 207 208 -1 -1 1320 1320
3914 CONNECTION 207 988 -1 -1 2460 2460
3915 CONNECTION 207 363 -1 -1 3780 3780
3916 CONNECTION 207 532 -1 -1 2160 2160
3917 CONNECTION 207 156 -1 -1 3660 3660
3918 CONNECTION 207 184 -1 -1 3120 3120
3919 CONNECTION 207 677 -1 -1 3360 3360
3920 CONNECTION 207 986 -1 -1 3360 3360
3921 CONNECTION 207 785 -1 -1 3480 3480
3922 CONNECTION 207 482 -1 -1 3600 3600
3923 CONNECTION 207 288 300 780 4860 4860
3924 CONNECTION 207 84 300 960 4560 4560
3925 CONNECTION 207 653 300 1320 4920 4920
3926 CONNECTION 207 434 300 1980 6060 6060
3927 CONNECTION 207 771 300 2100 7380 7380
3928 CONNECTION 207 235 300 2160 5760 5760
3929 CONNECTION 207 604 300 3180 7260 7260
3930 CONNECTION 207 629 300 3240 6720 6720
3931 CONNECTION 207 405 300 3360 6960 6960
3932 CONNECTION 207 950 300 3600 7080 7080
3933 CONNECTION 207 28 300 3720 7200 7200
3934 CONNECTION 207 1002 300 4380 8460 8460
3935 CONNECTION 207 535 300 4560 8160 8160
3936 CONNECTION 701 702 -1 -1 2160 2160
3937 CONNECTION 701 287 -1 -1 2100 2100
3938 CONNECTION 701 877 -1 -1 2940 2940
3939 CONNECTION 701 576 -1 -1 3300 3300
3940 CONNECTION 701 316 -1 -1 3540 3540
3941 CONNECTION 701 433 -1 -1 3300 3300
3942 CONNECTION 701 748 300 660 5100 5100
3943 CONNECTION 701 507 300 900 5340 5340
3944 CONNECTION 701 603 300 900 4500 4500
3945 CONNECTION 701 995 300 1320 5760 5760
3946 CONNECTION 701 27 300 1440 5040 5040
3947 CONNECTION 701 186 300 2100 6540 6540
3948 CONNECTION 701 1001 300 2100 5700 5700
3949 CONNECTION 701 858 300 2460 6900 6900
3950 CONNECTION 701 724 300 2700 7140 7140
3951 CONNECTION 701 158 300 3300 6900 6900
3952 CONNECTION 701 918 300 4260 8700 8700
3953 CONNECTION 701 290 300 4500 8100 8100
3954 CONNECTION 701 819 300 4500 8940 8940
3955 CONNECTION 286 233 -1 -1 2100 2100
3956 CONNECTION 286 506 -1 -1 3720 3720
3957 CONNECTION 286 403 -1 -1 3300 3300
3958 CONNECTION 286 652 -1 -1 3180 3180
3959 CONNECTION 286 341 -1 -1 4140 4140
3960 CONNECTION 286 703 300 420 3900 3900
3961 CONNECTION 286 185 300 480 4920 4920
3962 CONNECTION 286 770 300 480 3960 3960
3963 CONNECTION 286 533 300 660 4500 4500
3964 CONNECTION 286 483 300 900 5280 5280
3965 CONNECTION 286 786 300 900 7080 7080
3966 CONNECTION 286 723 300 1080 5520 5520
3967 CONNECTION 286 109 300 1200 7380 7380
3968 CONNECTION 286 577 300 1560 5940 5940
3969 CONNECTION 286 678 300 1860 5700 5700
3970 CONNECTION 286 990 300 1860 5700 5700
3971 CONNECTION 286 818 300 2880 7320 7320
3972 CONNECTION 286 85 300 3060 6900 6900
3973 CONNECTION 286 210 300 3300 6780 6780
3974 CONNECTION 286 749 300 3360 7740 7740
3975 CONNECTION 286 996 300 4020 7500 7500
3976 CONNECTION 286 630 300 4080 8520 8520
3977 CONNECTION 286 935 300 4080 7560 7560
3978 CONNECTION 286 236 300 4260 8100 8100
3979 CONNECTION 286 29 300 4500 8880 8880
3980 CONNECTION 286 951 300 4500 10680 10680
3981 CONNECTION 286 898 300 4680 9120 9120
3982 CONNECTION 286 560 300 4800 10980 10980
3983 SINK 286 0 -1 -1 300 300
3984 CONNECTION 964 965 -1 -1 2580 2580
3985 CONNECTION 964 722 -1 -1 2820 2820
3986 CONNECTION 964 130 -1 -1 4380 4380
3987 CONNECTION 964 559 -1 -1 4620 4620
3988 CONNECTION 964 800 -1 -1 4620 4620
3989 CONNECTION 964 817 -1 -1 4620 4620
3990 CONNECTION 964 209 300 660 5040 5040
3991 CONNECTION 964 342 300 1320 6180 6180
3992 CONNECTION 964 897 300 2040 6420 6420
3993 CONNECTION 964 578 300 3120 7980 7980
3994 CONNECTION 964 841 300 3360 8220 8220
3995 CONNECTION 964 7 300 3540 8220 8220
3996 CONNECTION 964 967 300 3840 8220 8220
3997 CONNECTION 964 654 300 4260 8640 8640
3998 CONNECTION 531 532 -1 -1 1320 1320
3999 CONNECTION 531 156 -1 -1 2820 2820
4000 CONNECTION 531 184 -1 -1 2280 2280
4001 CONNECTION 531 677 -1 -1 2520 2520
4002 CONNECTION 531 986 -1 -1 2520 2520
4003 CONNECTION 531 785 -1 -1 2640 2640
4004 CONNECTION 531 482 -1 -1 2760 2760
4005 CONNECTION 531 288 -1 -1 4020 4020
4006 CONNECTION 531 84 -1 -1 3720 3720
4007 CONNECTION 531 653 300 480 4080 4080
4008 CONNECTION 531 434 300 1140 5220 5220
4009 CONNECTION 531 771 300 1260 6540 6540
4010 CONNECTION 531 235 300 1320 4920 4920
4011 CONNECTION 531 604 300 2340 6420 6420
4012 CONNECTION 531 629 300 2400 5880 5880
4013 CONNECTION 531 405 300 2520 6120 6120
4014 CONNECTION 531 950 300 2760 6240 6240
4015 CONNECTION 531 28 300 2880 6360 6360
4016 CONNECTION 531 1002 300 3540 7620 7620
4017 CONNECTION 531 535 300 3720 7320 7320
4018 CONNECTION 531 211 300 4080 7680 7680
4019 CONNECTION 531 159 300 4740 8820 8820
4020 CONNECTION 721 722 -1 -1 2100 2100
4021 CONNECTION 721 130 -1 -1 3660 3660
4022 CONNECTION 721 559 -1 -1 3900 3900
4023 CONNECTION 721 800 -1 -1 3900 3900
4024 CONNECTION 721 817 -1 -1 3900 3900
4025 CONNECTION 721 209 -1 -1 4320 4320
4026 CONNECTION 721 342 300 600 5460 5460
4027 CONNECTION 721 897 300 1320 5700 5700
4028 CONNECTION 721 578 300 2400 7260 7260
4029 CONNECTION 721 841 300 2640 7500 7500
4030 CONNECTION 721 7 300 2820 7500 7500
4031 CONNECTION 721 967 300 3120 7500 7500
4032 CONNECTION 721 654 300 3540 7920 7920
4033 CONNECTION 721 750 300 4200 9060 9060
4034 CONNECTION 855 993 -1 -1 1860 1860
4035 CONNECTION 855 856 -1 -1 3060 3060
4036 CONNECTION 855 949 -1 -1 5400 5400
4037 CONNECTION 855 916 300 1200 4860 4860
4038 CONNECTION 855 262 300 1800 5460 5460
4039 CONNECTION 855 1007 300 3000 6660 6660
4040 CONNECTION 855 382 300 3720 9000 9000
4041 CONNECTION 855 131 300 4800 8460 8460
4042 CONNECTION 895 896 -1 -1 3540 3540
4043 CONNECTION 895 6 -1 -1 4980 4980
4044 CONNECTION 895 966 300 480 5340 5340
4045 CONNECTION 895 58 300 2280 7140 7140
4046 CONNECTION 895 460 300 3720 8580 8580
4047 CONNECTION 895 318 300 4080 8940 8940
4048 CONNECTION 769 770 -1 -1 1200 1200
4049 CONNECTION 769 723 -1 -1 2760 2760
4050 CONNECTION 769 109 -1 -1 4620 4620
4051 CONNECTION 769 577 -1 -1 3180 3180
4052 CONNECTION 769 678 -1 -1 2940 2940
4053 CONNECTION 769 990 -1 -1 2940 2940
4054 CONNECTION 769 818 -1 -1 4560 4560
4055 CONNECTION 769 85 -1 -1 4140 4140
4056 CONNECTION 769 210 300 540 4020 4020
4057 CONNECTION 769 749 300 600 4980 4980
4058 CONNECTION 769 996 300 1260 4740 4740
4059 CONNECTION 769 630 300 1320 5760 5760
4060 CONNECTION 769 935 300 1320 4800 4800
4061 CONNECTION 769 236 300 1500 5340 5340
4062 CONNECTION 769 29 300 1740 6120 6120
4063 CONNECTION 769 951 300 1740 7920 7920
4064 CONNECTION 769 898 300 1920 6360 6360
4065 CONNECTION 769 560 300 2040 8220 8220
4066 CONNECTION 769 859 300 2400 6780 6780
4067 CONNECTION 769 406 300 2700 6540 6540
4068 CONNECTION 769 968 300 3720 8160 8160
4069 CONNECTION 769 536 300 3900 7740 7740
4070 CONNECTION 769 655 300 4140 7620 7620
4071 CONNECTION 769 919 300 4200 8580 8580
4072 SINK 769 0 -1 -1 300 300
4073 CONNECTION 784 785 -1 -1 1200 1200
4074 CONNECTION 784 288 -1 -1 2580 2580
4075 CONNECTION 784 84 -1 -1 2280 2280
4076 CONNECTION 784 653 -1 -1 2640 2640
4077 CONNECTION 784 434 -1 -1 3780 3780
4078 CONNECTION 784 771 -1 -1 5100 5100
4079 CONNECTION 784 235 -1 -1 3480 3480
4080 CONNECTION 784 604 300 900 4980 4980
4081 CONNECTION 784 629 300 960 4440 4440
4082 CONNECTION 784 405 300 1080 4680 4680
4083 CONNECTION 784 950 300 1320 4800 4800
4084 CONNECTION 784 28 300 1440 4920 4920
4085 CONNECTION 784 1002 300 2100 6180 6180
4086 CONNECTION 784 535 300 2280 5880 5880
4087 CONNECTION 784 211 300 2640 6240 6240
4088 CONNECTION 784 159 300 3300 7380 7380
4089 CONNECTION 784 936 300 3420 8700 8700
4090 CONNECTION 784 680 300 3480 7080 7080
4091 CONNECTION 784 992 300 3480 7080 7080
4092 CONNECTION 784 291 300 4500 8580 8580
4093 CONNECTION 784 879 300 4560 8040 8040
4094 CONNECTION 784 997 300 4560 8040 8040
4095 CONNECTION 784 87 300 4680 8280 8280
4096 CONNECTION 987 988 -1 -1 1800 1800
4097 CONNECTION 987 156 -1 -1 3000 3000
4098 CONNECTION 987 184 -1 -1 2460 2460
4099 CONNECTION 987 677 -1 -1 2700 2700
4100 CONNECTION 987 986 -1 -1 2700 2700
4101 CONNECTION 987 785 -1 -1 2820 2820
4102 CONNECTION 987 482 -1 -1 2940 2940
4103 CONNECTION 987 288 -1 -1 4200 4200
4104 CONNECTION 987 84 -1 -1 3900 3900
4105 CONNECTION 987 653 300 660 4260 4260
4106 CONNECTION 987 434 300 1320 5400 5400
4107 CONNECTION 987 771 300 1440 6720 6720
4108 CONNECTION 987 235 300 1500 5100 5100
4109 CONNECTION 987 604 300 2520 6600 6600
4110 CONNECTION 987 629 300 2580 6060 6060
4111 CONNECTION 987 405 300 2700 6300 6300
4112 CONNECTION 987 950 300 2940 6420 6420
4113 CONNECTION 987 28 300 3060 6540 6540
4114 CONNECTION 987 1002 300 3720 7800 7800
4115 CONNECTION 987 535 300 3900 7500 7500
4116 CONNECTION 987 211 300 4260 7860 7860
4117 CONNECTION 108 896 -1 -1 3300 3300
4118 CONNECTION 108 6 -1 -1 4740 4740
4119 CONNECTION 108 966 -1 -1 5100 5100
4120 CONNECTION 108 58 300 2040 6900 6900
4121 CONNECTION 108 460 300 3480 8340 8340
4122 CONNECTION 108 318 300 3840 8700 8700
4123 CONNECTION 601 602 -1 -1 1560 1560
4124 CONNECTION 601 989 -1 -1 2760 2760
4125 CONNECTION 601 234 -1 -1 3180 3180
4126 CONNECTION 601 157 -1 -1 3960 3960
4127 CONNECTION 601 404 -1 -1 4380 4380
4128 CONNECTION 601 289 300 1320 5160 5160
4129 CONNECTION 601 534 300 1500 5580 5580
4130 CONNECTION 601 435 300 2520 6360 6360
4131 CONNECTION 601 679 300 2700 6780 6780
4132 CONNECTION 601 991 300 2700 6780 6780
4133 CONNECTION 601 605 300 3720 7560 7560
4134 CONNECTION 601 86 300 3900 7980 7980
4135 CONNECTION 261 156 -1 -1 2940 2940
4136 CONNECTION 261 184 -1 -1 2400 2400
4137 CONNECTION 261 677 -1 -1 2640 2640
4138 CONNECTION 261 986 -1 -1 2640 2640
4139 CONNECTION 261 785 -1 -1 2760 2760
4140 CONNECTION 261 482 -1 -1 2880 2880
4141 CONNECTION 261 288 -1 -1 4140 4140
4142 CONNECTION 261 84 -1 -1 3840 3840
4143 CONNECTION 261 653 300 600 4200 4200
4144 CONNECTION 261 434 300 1260 5340 5340
4145 CONNECTION 261 771 300 1380 6660 6660
4146 CONNECTION 261 235 300 1440 5040 5040
4147 CONNECTION 261 604 300 2460 6540 6540
4148 CONNECTION 261 629 300 2520 6000 6000
4149 CONNECTION 261 405 300 2640 6240 6240
4150 CONNECTION 261 950 300 2880 6360 6360
4151 CONNECTION 261 28 300 3000 6480 6480
4152 CONNECTION 261 1002 300 3660 7740 7740
4153 CONNECTION 261 535 300 3840 7440 7440
4154 CONNECTION 261 211 300 4200 7800 7800
4155 CONNECTION 362 363 -1 -1 3000 3000
4156 CONNECTION 362 156 -1 -1 2880 2880
4157 CONNECTION 362 184 -1 -1 2340 2340
4158 CONNECTION 362 677 -1 -1 2580 2580
4159 CONNECTION 362 986 -1 -1 2580 2580
4160 CONNECTION 362 785 -1 -1 2700 2700
4161 CONNECTION 362 482 -1 -1 2820 2820
4162 CONNECTION 362 288 -1 -1 4080 4080
4163 CONNECTION 362 84 -1 -1 3780 3780
4164 CONNECTION 362 653 300 540 4140 4140
4165 CONNECTION 362 434 300 1200 5280 5280
4166 CONNECTION 362 771 300 1320 6600 6600
4167 CONNECTION 362 235 300 1380 4980 4980
4168 CONNECTION 362 604 300 2400 6480 6480
4169 CONNECTION 362 629 300 2460 5940 5940
4170 CONNECTION 362 405 300 2580 6180 6180
4171 CONNECTION 362 950 300 2820 6300 6300
4172 CONNECTION 362 28 300 2940 6420 6420
4173 CONNECTION 362 1002 300 3600 7680 7680
4174 CONNECTION 362 535 300 3780 7380 7380
4175 CONNECTION 362 211 300 4140 7740 7740
4176 CONNECTION 362 159 300 4800 8880 8880
4177 CONNECTION 458 459 -1 -1 4020 4020
4178 CONNECTION 458 934 -1 -1 4800 4800
4179 CONNECTION 458 840 -1 -1 4620 4620
4180 CONNECTION 458 801 300 1440 7620 7620
4181 CONNECTION 458 364 300 2220 8400 8400
4182 CONNECTION 458 110 300 3540 8220 8220
4183 CONNECTION 876 877 -1 -1 2160 2160
4184 CONNECTION 876 316 -1 -1 2760 2760
4185 CONNECTION 876 433 -1 -1 2520 2520
4186 CONNECTION 876 748 -1 -1 4320 4320
4187 CONNECTION 876 507 -1 -1 4560 4560
4188 CONNECTION 876 603 -1 -1 3720 3720
4189 CONNECTION 876 995 300 540 4980 4980
4190 CONNECTION 876 27 300 660 4260 4260
4191 CONNECTION 876 186 300 1320 5760 5760
4192 CONNECTION 876 1001 300 1320 4920 4920
4193 CONNECTION 876 858 300 1680 6120 6120
4194 CONNECTION 876 724 300 1920 6360 6360
4195 CONNECTION 876 158 300 2520 6120 6120
4196 CONNECTION 876 918 300 3480 7920 7920
4197 CONNECTION 876 290 300 3720 7320 7320
4198 CONNECTION 876 819 300 3720 8160 8160
4199 CONNECTION 876 264 300 4140 8580 8580
4200 CONNECTION 876 484 300 4260 7860 7860
4201 CONNECTION 402 287 -1 -1 2100 2100
4202 CONNECTION 402 877 -1 -1 2940 2940
4203 CONNECTION 402 576 -1 -1 3300 3300
4204 CONNECTION 402 316 -1 -1 3540 3540
4205 CONNECTION 402 433 -1 -1 3300 3300
4206 CONNECTION 402 748 300 660 5100 5100
4207 CONNECTION 402 507 300 900 5340 5340
4208 CONNECTION 402 603 300 900 4500 4500
4209 CONNECTION 402 995 300 1320 5760 5760
4210 CONNECTION 402 27 300 1440 5040 5040
4211 CONNECTION 402 186 300 2100 6540 6540
4212 CONNECTION 402 1001 300 2100 5700 5700
4213 CONNECTION 402 858 300 2460 6900 6900
4214 CONNECTION 402 724 300 2700 7140 7140
4215 CONNECTION 402 158 300 3300 6900 6900
4216 CONNECTION 402 918 300 4260 8700 8700
4217 CONNECTION 402 290 300 4500 8100 8100
4218 CONNECTION 402 819 300 4500 8940 8940
4219 CONNECTION 82 83 -1 -1 1920 1920
4220 CONNECTION 82 989 -1 -1 2700 2700
4221 CONNECTION 82 234 -1 -1 3120 3120
4222 CONNECTION 82 157 -1 -1 3900 3900
4223 CONNECTION 82 404 -1 -1 4320 4320
4224 CONNECTION 82 289 300 1260 5100 5100
4225 CONNECTION 82 534 300 1440 5520 5520
4226 CONNECTION 82 435 300 2460 6300 6300
4227 CONNECTION 82 679 300 2640 6720 6720
4228 CONNECTION 82 991 300 2640 6720 6720
4229 CONNECTION 82 605 300 3660 7500 7500
4230 CONNECTION 82 86 300 3840 7920 7920
4231 CONNECTION 505 506 -1 -1 2160 2160
4232 CONNECTION 505 341 -1 -1 2580 2580
4233 CONNECTION 505 703 -1 -1 2340 2340
4234 CONNECTION 505 185 -1 -1 3360 3360
4235 CONNECTION 505 770 -1 -1 2400 2400
4236 CONNECTION 505 533 -1 -1 2940 2940
4237 CONNECTION 505 483 -1 -1 3720 3720
4238 CONNECTION 505 786 -1 -1 5520 5520
4239 CONNECTION 505 723 -1 -1 3960 3960
4240 CONNECTION 505 109 -1 -1 5820 5820
4241 CONNECTION 505 577 -1 -1 4380 4380
4242 CONNECTION 505 678 -1 -1 4140 4140
4243 CONNECTION 505 990 -1 -1 4140 4140
4244 CONNECTION 505 818 300 1320 5760 5760
4245 CONNECTION 505 85 300 1500 5340 5340
4246 CONNECTION 505 210 300 1740 5220 5220
4247 CONNECTION 505 749 300 1800 6180 6180
4248 CONNECTION 505 996 300 2460 5940 5940
4249 CONNECTION 505 630 300 2520 6960 6960
4250 CONNECTION 505 935 300 2520 6000 6000
4251 CONNECTION 505 236 300 2700 6540 6540
4252 CONNECTION 505 29 300 2940 7320 7320
4253 CONNECTION 505 951 300 2940 9120 9120
4254 CONNECTION 505 898 300 3120 7560 7560
4255 CONNECTION 505 560 300 3240 9420 9420
4256 CONNECTION 505 859 300 3600 7980 7980
4257 CONNECTION 505 406 300 3900 7740 7740
4258 SINK 505 0 -1 -1 300 300
4259 CONNECTION 575 576 -1 -1 2160 2160
4260 CONNECTION 575 433 -1 -1 2160 2160
4261 CONNECTION 575 748 -1 -1 3960 3960
4262 CONNECTION 575 507 -1 -1 4200 4200
4263 CONNECTION 575 603 -1 -1 3360 3360
4264 CONNECTION 575 995 -1 -1 4620 4620
4265 CONNECTION 575 27 -1 -1 3900 3900
4266 CONNECTION 575 186 300 960 5400 5400
4267 CONNECTION 575 1001 300 960 4560 4560
4268 CONNECTION 575 858 300 1320 5760 5760
4269 CONNECTION 575 724 300 1560 6000 6000
4270 CONNECTION 575 158 300 2160 5760 5760
4271 CONNECTION 575 918 300 3120 7560 7560
4272 CONNECTION 575 290 300 3360 6960 6960
4273 CONNECTION 575 819 300 3360 7800 7800
4274 CONNECTION 575 264 300 3780 8220 8220
4275 CONNECTION 575 484 300 3900 7500 7500
4276 CONNECTION 575 436 300 4560 8160 8160
4277 CONNECTION 575 631 300 4560 9000 9000
4278 CONNECTION 26 130 -1 -1 3240 3240
4279 CONNECTION 26 559 -1 -1 3480 3480
4280 CONNECTION 26 800 -1 -1 3480 3480
4281 CONNECTION 26 817 -1 -1 3480 3480
4282 CONNECTION 26 209 -1 -1 3900 3900
4283 CONNECTION 26 342 -1 -1 5040 5040
4284 CONNECTION 26 897 300 900 5280 5280
4285 CONNECTION 26 578 300 1980 6840 6840
4286 CONNECTION 26 841 300 2220 7080 7080
4287 CONNECTION 26 7 300 2400 7080 7080
4288 CONNECTION 26 967 300 2700 7080 7080
4289 CONNECTION 26 654 300 3120 7500 7500
4290 CONNECTION 26 750 300 3780 8640 8640
4291 CONNECTION 26 59 300 4500 8880 8880
4292 CONNECTION 208 576 -1 -1 2940 2940
4293 CONNECTION 208 316 -1 -1 3180 3180
4294 CONNECTION 208 433 -1 -1 2940 2940
4295 CONNECTION 208 748 -1 -1 4740 4740
4296 CONNECTION 208 507 300 540 4980 4980
4297 CONNECTION 208 603 300 540 4140 4140
4298 CONNECTION 208 995 300 960 5400 5400
4299 CONNECTION 208 27 300 1080 4680 4680
4300 CONNECTION 208 186 300 1740 6180 6180
4301 CONNECTION 208 1001 300 1740 5340 5340
4302 CONNECTION 208 858 300 2100 6540 6540
4303 CONNECTION 208 724 300 2340 6780 6780
4304 CONNECTION 208 158 300 2940 6540 6540
4305 CONNECTION 208 918 300 3900 8340 8340
4306 CONNECTION 208 290 300 4140 7740 7740
4307 CONNECTION 208 819 300 4140 8580 8580
4308 CONNECTION 208 264 300 4560 9000 9000
4309 CONNECTION 208 484 300 4680 8280 8280
4310 CONNECTION 381 801 -1 -1 5700 5700
4311 CONNECTION 381 364 -1 -1 6480 6480
4312 CONNECTION 381 110 300 1620 6300 6300
4313 CONNECTION 381 8 300 3120 9300 9300
4314 CONNECTION 381 772 300 3900 10080 10080
4315 CONNECTION 432 403 -1 -1 2100 2100
4316 CONNECTION 432 652 -1 -1 1980 1980
4317 CONNECTION 432 341 -1 -1 2940 2940
4318 CONNECTION 432 703 -1 -1 2700 2700
4319 CONNECTION 432 185 -1 -1 3720 3720
4320 CONNECTION 432 770 -1 -1 2760 2760
4321 CONNECTION 432 533 -1 -1 3300 3300
4322 CONNECTION 432 483 -1 -1 4080 4080
4323 CONNECTION 432 786 -1 -1 5880 5880
4324 CONNECTION 432 723 -1 -1 4320 4320
4325 CONNECTION 432 109 -1 -1 6180 6180
4326 CONNECTION 432 577 300 360 4740 4740
4327 CONNECTION 432 678 300 660 4500 4500
4328 CONNECTION 432 990 300 660 4500 4500
4329 CONNECTION 432 818 300 1680 6120 6120
4330 CONNECTION 432 85 300 1860 5700 5700
4331 CONNECTION 432 210 300 2100 5580 5580
4332 CONNECTION 432 749 300 2160 6540 6540
4333 CONNECTION 432 996 300 2820 6300 6300
4334 CONNECTION 432 630 300 2880 7320 7320
4335 CONNECTION 432 935 300 2880 6360 6360
4336 CONNECTION 432 236 300 3060 6900 6900
4337 CONNECTION 432 29 300 3300 7680 7680
4338 CONNECTION 432 951 300 3300 9480 9480
4339 CONNECTION 432 898 300 3480 7920 7920
4340 CONNECTION 432 560 300 3600 9780 9780
4341 CONNECTION 432 859 300 3960 8340 8340
4342 CONNECTION 432 406 300 4260 8100 8100
4343 SINK 432 0 -1 -1 300 300
4344 CONNECTION 315 316 -1 -1 2160 2160
4345 CONNECTION 315 433 -1 -1 1920 1920
4346 CONNECTION 315 748 -1 -1 3720 3720
4347 CONNECTION 315 507 -1 -1 3960 3960
4348 CONNECTION 315 603 -1 -1 3120 3120
4349 CONNECTION 315 995 -1 -1 4380 4380
4350 CONNECTION 315 27 -1 -1 3660 3660
4351 CONNECTION 315 186 300 720 5160 5160
4352 CONNECTION 315 1001 300 720 4320 4320
4353 CONNECTION 315 858 300 1080 5520 5520
4354 CONNECTION 315 724 300 1320 5760 5760
4355 CONNECTION 315 158 300 1920 5520 5520
4356 CONNECTION 315 918 300 2880 7320 7320
4357 CONNECTION 315 290 300 3120 6720 6720
4358 CONNECTION 315 819 300 3120 7560 7560
4359 CONNECTION 315 264 300 3540 7980 7980
4360 CONNECTION 315 484 300 3660 7260 7260
4361 CONNECTION 315 436 300 4320 7920 7920
4362 CONNECTION 315 631 300 4320 8760 8760
4363 CONNECTION 315 1009 300 4680 9120 9120
4364 CONNECTION 676 677 -1 -1 1320 1320
4365 CONNECTION 676 288 -1 -1 2820 2820
4366 CONNECTION 676 84 -1 -1 2520 2520
4367 CONNECTION 676 653 -1 -1 2880 2880
4368 CONNECTION 676 434 -1 -1 4020 4020
4369 CONNECTION 676 771 -1 -1 5340 5340
4370 CONNECTION 676 235 -1 -1 3720 3720
4371 CONNECTION 676 604 300 1140 5220 5220
4372 CONNECTION 676 629 300 1200 4680 4680
4373 CONNECTION 676 405 300 1320 4920 4920
4374 CONNECTION 676 950 300 1560 5040 5040
4375 CONNECTION 676 28 300 1680 5160 5160
4376 CONNECTION 676 1002 300 2340 6420 6420
4377 CONNECTION 676 535 300 2520 6120 6120
4378 CONNECTION 676 211 300 2880 6480 6480
4379 CONNECTION 676 159 300 3540 7620 7620
4380 CONNECTION 676 936 300 3660 8940 8940
4381 CONNECTION 676 680 300 3720 7320 7320
4382 CONNECTION 676 992 300 3720 7320 7320
4383 CONNECTION 676 291 300 4740 8820 8820
4384 CONNECTION 676 879 300 4800 8280 8280
4385 CONNECTION 676 997 300 4800 8280 8280
4386 CONNECTION 985 986 -1 -1 1320 1320
4387 CONNECTION 985 288 -1 -1 2820 2820
4388 CONNECTION 985 84 -1 -1 2520 2520
4389 CONNECTION 985 653 -1 -1 2880 2880
4390 CONNECTION 985 434 -1 -1 4020 4020
4391 CONNECTION 985 771 -1 -1 5340 5340
4392 CONNECTION 985 235 -1 -1 3720 3720
4393 CONNECTION 985 604 300 1140 5220 5220
4394 CONNECTION 985 629 300 1200 4680 4680
4395 CONNECTION 985 405 300 1320 4920 4920
4396 CONNECTION 985 950 300 1560 5040 5040
4397 CONNECTION 985 28 300 1680 5160 5160
4398 CONNECTION 985 1002 300 2340 6420 6420
4399 CONNECTION 985 535 300 2520 6120 6120
4400 CONNECTION 985 211 300 2880 6480 6480
4401 CONNECTION 985 159 300 3540 7620 7620
4402 CONNECTION 985 936 300 3660 8940 8940
4403 CONNECTION 985 680 300 3720 7320 7320
4404 CONNECTION 985 992 300 3720 7320 7320
4405 CONNECTION 985 291 300 4740 8820 8820
4406 CONNECTION 985 879 300 4800 8280 8280
4407 CONNECTION 985 997 300 4800 8280 8280
4408 CONNECTION 340 341 -1 -1 2100 2100
4409 CONNECTION 340 703 -1 -1 1860 1860
4410 CONNECTION 340 185 -1 -1 2880 2880
4411 CONNECTION 340 770 -1 -1 1920 1920
4412 CONNECTION 340 533 -1 -1 2460 2460
4413 CONNECTION 340 483 -1 -1 3240 3240
4414 CONNECTION 340 786 -1 -1 5040 5040
4415 CONNECTION 340 723 -1 -1 3480 3480
4416 CONNECTION 340 109 -1 -1 5340 5340
4417 CONNECTION 340 577 -1 -1 3900 3900
4418 CONNECTION 340 678 -1 -1 3660 3660
4419 CONNECTION 340 990 -1 -1 3660 3660
4420 CONNECTION 340 818 300 840 5280 5280
4421 CONNECTION 340 85 300 1020 4860 4860
4422 CONNECTION 340 210 300 1260 4740 4740
4423 CONNECTION 340 749 300 1320 5700 5700
4424 CONNECTION 340 996 300 1980 5460 5460
4425 CONNECTION 340 630 300 2040 6480 6480
4426 CONNECTION 340 935 300 2040 5520 5520
4427 CONNECTION 340 236 300 2220 6060 6060
4428 CONNECTION 340 29 300 2460 6840 6840
4429 CONNECTION 340 951 300 2460 8640 8640
4430 CONNECTION 340 898 300 2640 7080 7080
4431 CONNECTION 340 560 300 2760 8940 8940
4432 CONNECTION 340 859 300 3120 7500 7500
4433 CONNECTION 340 406 300 3420 7260 7260
4434 CONNECTION 340 968 300 4440 8880 8880
4435 CONNECTION 340 536 300 4620 8460 8460
4436 SINK 340 0 -1 -1 300 300
4437 CONNECTION 628 856 -1 -1 1860 1860
4438 CONNECTION 628 949 -1 -1 4200 4200
4439 CONNECTION 628 916 -1 -1 3660 3660
4440 CONNECTION 628 262 300 600 4260 4260
4441 CONNECTION 628 1007 300 1800 5460 5460
4442 CONNECTION 628 382 300 2520 7800 7800
4443 CONNECTION 628 131 300 3600 7260 7260
4444 CONNECTION 628 704 300 4200 7860 7860
4445 CONNECTION 651 652 -1 -1 1200 1200
4446 CONNECTION 651 703 -1 -1 1920 1920
4447 CONNECTION 651 185 -1 -1 2940 2940
4448 CONNECTION 651 770 -1 -1 1980 1980
4449 CONNECTION 651 533 -1 -1 2520 2520
4450 CONNECTION 651 483 -1 -1 3300 3300
4451 CONNECTION 651 786 -1 -1 5100 5100
4452 CONNECTION 651 723 -1 -1 3540 3540
4453 CONNECTION 651 109 -1 -1 5400 5400
4454 CONNECTION 651 577 -1 -1 3960 3960
4455 CONNECTION 651 678 -1 -1 3720 3720
4456 CONNECTION 651 990 -1 -1 3720 3720
4457 CONNECTION 651 818 300 900 5340 5340
4458 CONNECTION 651 85 300 1080 4920 4920
4459 CONNECTION 651 210 300 1320 4800 4800
4460 CONNECTION 651 749 300 1380 5760 5760
4461 CONNECTION 651 996 300 2040 5520 5520
4462 CONNECTION 651 630 300 2100 6540 6540
4463 CONNECTION 651 935 300 2100 5580 5580
4464 CONNECTION 651 236 300 2280 6120 6120
4465 CONNECTION 651 29 300 2520 6900 6900
4466 CONNECTION 651 951 300 2520 8700 8700
4467 CONNECTION 651 898 300 2700 7140 7140
4468 CONNECTION 651 560 300 2820 9000 9000
4469 CONNECTION 651 859 300 3180 7560 7560
4470 CONNECTION 651 406 300 3480 7320 7320
4471 CONNECTION 651 968 300 4500 8940 8940
4472 CONNECTION 651 536 300 4680 8520 8520
4473 SINK 651 0 -1 -1 300 300
4474 CONNECTION 839 840 -1 -1 2400 2400
4475 CONNECTION 839 801 -1 -1 5400 5400
4476 CONNECTION 839 364 -1 -1 6180 6180
4477 CONNECTION 839 110 300 1320 6000 6000
4478 CONNECTION 839 8 300 2820 9000 9000
4479 CONNECTION 839 772 300 3600 9780 9780
4480 CONNECTION 746 747 -1 -1 2160 2160
4481 CONNECTION 746 994 -1 -1 2820 2820
4482 CONNECTION 746 57 -1 -1 2340 2340
4483 CONNECTION 746 857 -1 -1 3960 3960
4484 CONNECTION 746 878 -1 -1 3540 3540
4485 CONNECTION 746 317 300 480 4140 4140
4486 CONNECTION 746 917 300 1320 5760 5760
4487 CONNECTION 746 263 300 1980 6420 6420
4488 CONNECTION 746 508 300 2280 5940 5940
4489 CONNECTION 746 1008 300 3120 7560 7560
4490 CONNECTION 746 187 300 3480 7140 7140
4491 CONNECTION 746 725 300 4080 7740 7740
4492 CONNECTION 56 57 -1 -1 1380 1380
4493 CONNECTION 56 857 -1 -1 3000 3000
4494 CONNECTION 56 878 -1 -1 2580 2580
4495 CONNECTION 56 317 -1 -1 3180 3180
4496 CONNECTION 56 917 300 360 4800 4800
4497 CONNECTION 56 263 300 1020 5460 5460
4498 CONNECTION 56 508 300 1320 4980 4980
4499 CONNECTION 56 1008 300 2160 6600 6600
4500 CONNECTION 56 187 300 2520 6180 6180
4501 CONNECTION 56 725 300 3120 6780 6780
4502 CONNECTION 56 132 300 3960 8400 8400
4503 CONNECTION 56 705 300 4620 9060 9060
4504 CONNECTION 155 156 -1 -1 1800 1800
4505 CONNECTION 155 482 -1 -1 1740 1740
4506 CONNECTION 155 288 -1 -1 3000 3000
4507 CONNECTION 155 84 -1 -1 2700 2700
4508 CONNECTION 155 653 -1 -1 3060 3060
4509 CONNECTION 155 434 -1 -1 4200 4200
4510 CONNECTION 155 771 -1 -1 5520 5520
4511 CONNECTION 155 235 -1 -1 3900 3900
4512 CONNECTION 155 604 300 1320 5400 5400
4513 CONNECTION 155 629 300 1380 4860 4860
4514 CONNECTION 155 405 300 1500 5100 5100
4515 CONNECTION 155 950 300 1740 5220 5220
4516 CONNECTION 155 28 300 1860 5340 5340
4517 CONNECTION 155 1002 300 2520 6600 6600
4518 CONNECTION 155 535 300 2700 6300 6300
4519 CONNECTION 155 211 300 3060 6660 6660
4520 CONNECTION 155 159 300 3720 7800 7800
4521 CONNECTION 155 936 300 3840 9120 9120
4522 CONNECTION 155 680 300 3900 7500 7500
4523 CONNECTION 155 992 300 3900 7500 7500
4524 CONNECTION 799 800 -1 -1 2460 2460
4525 CONNECTION 799 209 -1 -1 2880 2880
4526 CONNECTION 799 342 -1 -1 4020 4020
4527 CONNECTION 799 897 -1 -1 4260 4260
4528 CONNECTION 799 578 300 960 5820 5820
4529 CONNECTION 799 841 300 1200 6060 6060
4530 CONNECTION 799 7 300 1380 6060 6060
4531 CONNECTION 799 967 300 1680 6060 6060
4532 CONNECTION 799 654 300 2100 6480 6480
4533 CONNECTION 799 750 300 2760 7620 7620
4534 CONNECTION 799 59 300 3480 7860 7860
4535 CONNECTION 799 860 300 4560 9420 9420
4536 CONNECTION 799 111 300 4800 9660 9660
4537 CONNECTION 558 559 -1 -1 2580 2580
4538 CONNECTION 558 817 -1 -1 2580 2580
4539 CONNECTION 558 209 -1 -1 3000 3000
4540 CONNECTION 558 342 -1 -1 4140 4140
4541 CONNECTION 558 897 -1 -1 4380 4380
4542 CONNECTION 558 578 300 1080 5940 5940
4543 CONNECTION 558 841 300 1320 6180 6180
4544 CONNECTION 558 7 300 1500 6180 6180
4545 CONNECTION 558 967 300 1800 6180 6180
4546 CONNECTION 558 654 300 2220 6600 6600
4547 CONNECTION 558 750 300 2880 7740 7740
4548 CONNECTION 558 59 300 3600 7980 7980
4549 CONNECTION 558 860 300 4680 9540 9540
4550 CONNECTION 129 130 -1 -1 2580 2580
4551 CONNECTION 129 817 -1 -1 2820 2820
4552 CONNECTION 129 209 -1 -1 3240 3240
4553 CONNECTION 129 342 -1 -1 4380 4380
4554 CONNECTION 129 897 -1 -1 4620 4620
4555 CONNECTION 129 578 300 1320 6180 6180
4556 CONNECTION 129 841 300 1560 6420 6420
4557 CONNECTION 129 7 300 1740 6420 6420
4558 CONNECTION 129 967 300 2040 6420 6420
4559 CONNECTION 129 654 300 2460 6840 6840
4560 CONNECTION 129 750 300 3120 7980 7980
4561 CONNECTION 129 59 300 3840 8220 8220
4562 CONNECTION 988 989 -1 -1 1560 1560
4563 CONNECTION 988 157 -1 -1 2760 2760
4564 CONNECTION 988 404 -1 -1 3180 3180
4565 CONNECTION 988 289 -1 -1 3960 3960
4566 CONNECTION 988 534 -1 -1 4380 4380
4567 CONNECTION 988 435 300 1320 5160 5160
4568 CONNECTION 988 679 300 1500 5580 5580
4569 CONNECTION 988 991 300 1500 5580 5580
4570 CONNECTION 988 605 300 2520 6360 6360
4571 CONNECTION 988 86 300 2700 6780 6780
4572 CONNECTION 988 1003 300 3720 7560 7560
4573 CONNECTION 988 237 300 3900 7980 7980
4574 CONNECTION 363 262 -1 -1 2160 2160
4575 CONNECTION 363 1007 -1 -1 3360 3360
4576 CONNECTION 363 382 300 420 5700 5700
4577 CONNECTION 363 131 300 1500 5160 5160
4578 CONNECTION 363 704 300 2100 5760 5760
4579 CONNECTION 363 343 300 3300 6960 6960
4580 CONNECTION 363 787 300 4020 9300 9300
4581 CONNECTION 532 433 -1 -1 2100 2100
4582 CONNECTION 532 748 -1 -1 3900 3900
4583 CONNECTION 532 507 -1 -1 4140 4140
4584 CONNECTION 532 603 -1 -1 3300 3300
4585 CONNECTION 532 995 -1 -1 4560 4560
4586 CONNECTION 532 27 -1 -1 3840 3840
4587 CONNECTION 532 186 300 900 5340 5340
4588 CONNECTION 532 1001 300 900 4500 4500
4589 CONNECTION 532 858 300 1260 5700 5700
4590 CONNECTION 532 724 300 1500 5940 5940
4591 CONNECTION 532 158 300 2100 5700 5700
4592 CONNECTION 532 918 300 3060 7500 7500
4593 CONNECTION 532 290 300 3300 6900 6900
4594 CONNECTION 532 819 300 3300 7740 7740
4595 CONNECTION 532 264 300 3720 8160 8160
4596 CONNECTION 532 484 300 3840 7440 7440
4597 CONNECTION 532 436 300 4500 8100 8100
4598 CONNECTION 532 631 300 4500 8940 8940
4599 CONNECTION 816 817 -1 -1 2100 2100
4600 CONNECTION 816 342 -1 -1 3660 3660
4601 CONNECTION 816 897 -1 -1 3900 3900
4602 CONNECTION 816 578 300 600 5460 5460
4603 CONNECTION 816 841 300 840 5700 5700
4604 CONNECTION 816 7 300 1020 5700 5700
4605 CONNECTION 816 967 300 1320 5700 5700
4606 CONNECTION 816 654 300 1740 6120 6120
4607 CONNECTION 816 750 300 2400 7260 7260
4608 CONNECTION 816 59 300 3120 7500 7500
4609 CONNECTION 816 860 300 4200 9060 9060
4610 CONNECTION 816 111 300 4440 9300 9300
4611 CONNECTION 816 461 300 4620 9300 9300
4612 CONNECTION 915 949 -1 -1 3600 3600
4613 CONNECTION 915 916 -1 -1 3060 3060
4614 CONNECTION 915 262 -1 -1 3660 3660
4615 CONNECTION 915 1007 300 1200 4860 4860
4616 CONNECTION 915 382 300 1920 7200 7200
4617 CONNECTION 915 131 300 3000 6660 6660
4618 CONNECTION 915 704 300 3600 7260 7260
4619 CONNECTION 915 343 300 4800 8460 8460
4620 CONNECTION 233 234 -1 -1 1920 1920
4621 CONNECTION 233 157 -1 -1 2700 2700
4622 CONNECTION 233 404 -1 -1 3120 3120
4623 CONNECTION 233 289 -1 -1 3900 3900
4624 CONNECTION 233 534 -1 -1 4320 4320
4625 CONNECTION 233 435 300 1260 5100 5100
4626 CONNECTION 233 679 300 1440 5520 5520
4627 CONNECTION 233 991 300 1440 5520 5520
4628 CONNECTION 233 605 300 2460 6300 6300
4629 CONNECTION 233 86 300 2640 6720 6720
4630 CONNECTION 233 1003 300 3660 7500 7500
4631 CONNECTION 233 237 300 3840 7920 7920
4632 CONNECTION 702 703 -1 -1 1200 1200
4633 CONNECTION 702 483 -1 -1 2580 2580
4634 CONNECTION 702 786 -1 -1 4380 4380
4635 CONNECTION 702 723 -1 -1 2820 2820
4636 CONNECTION 702 109 -1 -1 4680 4680
4637 CONNECTION 702 577 -1 -1 3240 3240
4638 CONNECTION 702 678 -1 -1 3000 3000
4639 CONNECTION 702 990 -1 -1 3000 3000
4640 CONNECTION 702 818 -1 -1 4620 4620
4641 CONNECTION 702 85 300 360 4200 4200
4642 CONNECTION 702 210 300 600 4080 4080
4643 CONNECTION 702 749 300 660 5040 5040
4644 CONNECTION 702 996 300 1320 4800 4800
4645 CONNECTION 702 630 300 1380 5820 5820
4646 CONNECTION 702 935 300 1380 4860 4860
4647 CONNECTION 702 236 300 1560 5400 5400
4648 CONNECTION 702 29 300 1800 6180 6180
4649 CONNECTION 702 951 300 1800 7980 7980
4650 CONNECTION 702 898 300 1980 6420 6420
4651 CONNECTION 702 560 300 2100 8280 8280
4652 CONNECTION 702 859 300 2460 6840 6840
4653 CONNECTION 702 406 300 2760 6600 6600
4654 CONNECTION 702 968 300 3780 8220 8220
4655 CONNECTION 702 536 300 3960 7800 7800
4656 CONNECTION 702 655 300 4200 7680 7680
4657 CONNECTION 702 919 300 4260 8640 8640
4658 SINK 702 0 -1 -1 300 300
4659 CONNECTION 965 6 -1 -1 3180 3180
4660 CONNECTION 965 966 -1 -1 3540 3540
4661 CONNECTION 965 58 300 480 5340 5340
4662 CONNECTION 965 460 300 1920 6780 6780
4663 CONNECTION 965 318 300 2280 7140 7140
4664 CONNECTION 965 509 300 4080 8940 8940
4665 CONNECTION 993 994 -1 -1 2220 2220
4666 CONNECTION 993 857 -1 -1 3360 3360
4667 CONNECTION 993 878 -1 -1 2940 2940
4668 CONNECTION 993 317 -1 -1 3540 3540
4669 CONNECTION 993 917 300 720 5160 5160
4670 CONNECTION 993 263 300 1380 5820 5820
4671 CONNECTION 993 508 300 1680 5340 5340
4672 CONNECTION 993 1008 300 2520 6960 6960
4673 CONNECTION 993 187 300 2880 6540 6540
4674 CONNECTION 993 725 300 3480 7140 7140
4675 CONNECTION 993 132 300 4320 8760 8760
4676 CONNECTION 481 482 -1 -1 1200 1200
4677 CONNECTION 481 288 -1 -1 2460 2460
4678 CONNECTION 481 84 -1 -1 2160 2160
4679 CONNECTION 481 653 -1 -1 2520 2520
4680 CONNECTION 481 434 -1 -1 3660 3660
4681 CONNECTION 481 771 -1 -1 4980 4980
4682 CONNECTION 481 235 -1 -1 3360 3360
4683 CONNECTION 481 604 300 780 4860 4860
4684 CONNECTION 481 629 300 840 4320 4320
4685 CONNECTION 481 405 300 960 4560 4560
4686 CONNECTION 481 950 300 1200 4680 4680
4687 CONNECTION 481 28 300 1320 4800 4800
4688 CONNECTION 481 1002 300 1980 6060 6060
4689 CONNECTION 481 535 300 2160 5760 5760
4690 CONNECTION 481 211 300 2520 6120 6120
4691 CONNECTION 481 159 300 3180 7260 7260
4692 CONNECTION 481 936 300 3300 8580 8580
4693 CONNECTION 481 680 300 3360 6960 6960
4694 CONNECTION 481 992 300 3360 6960 6960
4695 CONNECTION 481 291 300 4380 8460 8460
4696 CONNECTION 481 879 300 4440 7920 7920
4697 CONNECTION 481 997 300 4440 7920 7920
4698 CONNECTION 481 87 300 4560 8160 8160
4699 CONNECTION 481 383 300 4800 8280 8280
4700 CONNECTION 602 533 -1 -1 2100 2100
4701 CONNECTION 602 483 -1 -1 2880 2880
4702 CONNECTION 602 786 -1 -1 4680 4680
4703 CONNECTION 602 723 -1 -1 3120 3120
4704 CONNECTION 602 109 -1 -1 4980 4980
4705 CONNECTION 602 577 -1 -1 3540 3540
4706 CONNECTION 602 678 -1 -1 3300 3300
4707 CONNECTION 602 990 -1 -1 3300 3300
4708 CONNECTION 602 818 300 480 4920 4920
4709 CONNECTION 602 85 300 660 4500 4500
4710 CONNECTION 602 210 300 900 4380 4380
4711 CONNECTION 602 749 300 960 5340 5340
4712 CONNECTION 602 996 300 1620 5100 5100
4713 CONNECTION 602 630 300 1680 6120 6120
4714 CONNECTION 602 935 300 1680 5160 5160
4715 CONNECTION 602 236 300 1860 5700 5700
4716 CONNECTION 602 29 300 2100 6480 6480
4717 CONNECTION 602 951 300 2100 8280 8280
4718 CONNECTION 602 898 300 2280 6720 6720
4719 CONNECTION 602 560 300 2400 8580 8580
4720 CONNECTION 602 859 300 2760 7140 7140
4721 CONNECTION 602 406 300 3060 6900 6900
4722 CONNECTION 602 968 300 4080 8520 8520
4723 CONNECTION 602 536 300 4260 8100 8100
4724 CONNECTION 602 655 300 4500 7980 7980
4725 CONNECTION 602 919 300 4560 8940 8940
4726 SINK 602 0 -1 -1 300 300
4727 CONNECTION 83 84 -1 -1 1320 1320
4728 CONNECTION 83 434 -1 -1 2820 2820
4729 CONNECTION 83 771 -1 -1 4140 4140
4730 CONNECTION 83 235 -1 -1 2520 2520
4731 CONNECTION 83 604 -1 -1 4020 4020
4732 CONNECTION 83 629 -1 -1 3480 3480
4733 CONNECTION 83 405 -1 -1 3720 3720
4734 CONNECTION 83 950 300 360 3840 3840
4735 CONNECTION 83 28 300 480 3960 3960
4736 CONNECTION 83 1002 300 1140 5220 5220
4737 CONNECTION 83 535 300 1320 4920 4920
4738 CONNECTION 83 211 300 1680 5280 5280
4739 CONNECTION 83 159 300 2340 6420 6420
4740 CONNECTION 83 936 300 2460 7740 7740
4741 CONNECTION 83 680 300 2520 6120 6120
4742 CONNECTION 83 992 300 2520 6120 6120
4743 CONNECTION 83 291 300 3540 7620 7620
4744 CONNECTION 83 879 300 3600 7080 7080
4745 CONNECTION 83 997 300 3600 7080 7080
4746 CONNECTION 83 87 300 3720 7320 7320
4747 CONNECTION 83 383 300 3960 7440 7440
4748 CONNECTION 83 485 300 4080 7560 7560
4749 CONNECTION 83 437 300 4740 8820 8820
4750 CONNECTION 722 723 -1 -1 2160 2160
4751 CONNECTION 722 577 -1 -1 2580 2580
4752 CONNECTION 722 678 -1 -1 2340 2340
4753 CONNECTION 722 990 -1 -1 2340 2340
4754 CONNECTION 722 818 -1 -1 3960 3960
4755 CONNECTION 722 85 -1 -1 3540 3540
4756 CONNECTION 722 210 -1 -1 3420 3420
4757 CONNECTION 722 749 -1 -1 4380 4380
4758 CONNECTION 722 996 300 660 4140 4140
4759 CONNECTION 722 630 300 720 5160 5160
4760 CONNECTION 722 935 300 720 4200 4200
4761 CONNECTION 722 236 300 900 4740 4740
4762 CONNECTION 722 29 300 1140 5520 5520
4763 CONNECTION 722 951 300 1140 7320 7320
4764 CONNECTION 722 898 300 1320 5760 5760
4765 CONNECTION 722 560 300 1440 7620 7620
4766 CONNECTION 722 859 300 1800 6180 6180
4767 CONNECTION 722 406 300 2100 5940 5940
4768 CONNECTION 722 968 300 3120 7560 7560
4769 CONNECTION 722 536 300 3300 7140 7140
4770 CONNECTION 722 655 300 3540 7020 7020
4771 CONNECTION 722 919 300 3600 7980 7980
4772 CONNECTION 722 265 300 4260 7740 7740
4773 CONNECTION 722 365 300 4320 7800 7800
4774 CONNECTION 722 880 300 4320 8760 8760
4775 CONNECTION 722 998 300 4320 8760 8760
4776 CONNECTION 722 681 300 4500 8340 8340
4777 CONNECTION 722 1004 300 4500 8340 8340
4778 CONNECTION 722 384 300 4740 10920 10920
4779 CONNECTION 722 486 300 4740 9120 9120
4780 SINK 722 0 -1 -1 300 300
4781 CONNECTION 287 288 -1 -1 1800 1800
4782 CONNECTION 287 653 -1 -1 1860 1860
4783 CONNECTION 287 434 -1 -1 3000 3000
4784 CONNECTION 287 771 -1 -1 4320 4320
4785 CONNECTION 287 235 -1 -1 2700 2700
4786 CONNECTION 287 604 -1 -1 4200 4200
4787 CONNECTION 287 629 -1 -1 3660 3660
4788 CONNECTION 287 405 -1 -1 3900 3900
4789 CONNECTION 287 950 300 540 4020 4020
4790 CONNECTION 287 28 300 660 4140 4140
4791 CONNECTION 287 1002 300 1320 5400 5400
4792 CONNECTION 287 535 300 1500 5100 5100
4793 CONNECTION 287 211 300 1860 5460 5460
4794 CONNECTION 287 159 300 2520 6600 6600
4795 CONNECTION 287 936 300 2640 7920 7920
4796 CONNECTION 287 680 300 2700 6300 6300
4797 CONNECTION 287 992 300 2700 6300 6300
4798 CONNECTION 287 291 300 3720 7800 7800
4799 CONNECTION 287 879 300 3780 7260 7260
4800 CONNECTION 287 997 300 3780 7260 7260
4801 CONNECTION 287 87 300 3900 7500 7500
4802 CONNECTION 287 383 300 4140 7620 7620
4803 CONNECTION 287 485 300 4260 7740 7740
4804 CONNECTION 747 748 -1 -1 2160 2160
4805 CONNECTION 747 995 -1 -1 2820 2820
4806 CONNECTION 747 27 -1 -1 2100 2100
4807 CONNECTION 747 186 -1 -1 3600 3600
4808 CONNECTION 747 1001 -1 -1 2760 2760
4809 CONNECTION 747 858 -1 -1 3960 3960
4810 CONNECTION 747 724 -1 -1 4200 4200
4811 CONNECTION 747 158 300 360 3960 3960
4812 CONNECTION 747 918 300 1320 5760 5760
4813 CONNECTION 747 290 300 1560 5160 5160
4814 CONNECTION 747 819 300 1560 6000 6000
4815 CONNECTION 747 264 300 1980 6420 6420
4816 CONNECTION 747 484 300 2100 5700 5700
4817 CONNECTION 747 436 300 2760 6360 6360
4818 CONNECTION 747 631 300 2760 7200 7200
4819 CONNECTION 747 1009 300 3120 7560 7560
4820 CONNECTION 747 899 300 3360 7800 7800
4821 CONNECTION 747 606 300 3960 7560 7560
4822 CONNECTION 877 878 -1 -1 1380 1380
4823 CONNECTION 877 317 -1 -1 1980 1980
4824 CONNECTION 877 917 -1 -1 3600 3600
4825 CONNECTION 877 263 -1 -1 4260 4260
4826 CONNECTION 877 508 -1 -1 3780 3780
4827 CONNECTION 877 1008 300 960 5400 5400
4828 CONNECTION 877 187 300 1320 4980 4980
4829 CONNECTION 877 725 300 1920 5580 5580
4830 CONNECTION 877 132 300 2760 7200 7200
4831 CONNECTION 877 705 300 3420 7860 7860
4832 CONNECTION 877 820 300 3720 7380 7380
4833 CONNECTION 877 344 300 4560 9000 9000
4834 CONNECTION 156 157 -1 -1 1560 1560
4835 CONNECTION 156 289 -1 -1 2760 2760
4836 CONNECTION 156 534 -1 -1 3180 3180
4837 CONNECTION 156 435 -1 -1 3960 3960
4838 CONNECTION 156 679 -1 -1 4380 4380
4839 CONNECTION 156 991 -1 -1 4380 4380
4840 CONNECTION 156 605 300 1320 5160 5160
4841 CONNECTION 156 86 300 1500 5580 5580
4842 CONNECTION 156 1003 300 2520 6360 6360
4843 CONNECTION 156 237 300 2700 6780 6780
4844 CONNECTION 156 160 300 3720 7560 7560
4845 CONNECTION 156 407 300 3900 7980 7980
4846 CONNECTION 184 185 -1 -1 2220 2220
4847 CONNECTION 184 483 -1 -1 2580 2580
4848 CONNECTION 184 786 -1 -1 4380 4380
4849 CONNECTION 184 723 -1 -1 2820 2820
4850 CONNECTION 184 109 -1 -1 4680 4680
4851 CONNECTION 184 577 -1 -1 3240 3240
4852 CONNECTION 184 678 -1 -1 3000 3000
4853 CONNECTION 184 990 -1 -1 3000 3000
4854 CONNECTION 184 818 -1 -1 4620 4620
4855 CONNECTION 184 85 300 360 4200 4200
4856 CONNECTION 184 210 300 600 4080 4080
4857 CONNECTION 184 749 300 660 5040 5040
4858 CONNECTION 184 996 300 1320 4800 4800
4859 CONNECTION 184 630 300 1380 5820 5820
4860 CONNECTION 184 935 300 1380 4860 4860
4861 CONNECTION 184 236 300 1560 5400 5400
4862 CONNECTION 184 29 300 1800 6180 6180
4863 CONNECTION 184 951 300 1800 7980 7980
4864 CONNECTION 184 898 300 1980 6420 6420
4865 CONNECTION 184 560 300 2100 8280 8280
4866 CONNECTION 184 859 300 2460 6840 6840
4867 CONNECTION 184 406 300 2760 6600 6600
4868 CONNECTION 184 968 300 3780 8220 8220
4869 CONNECTION 184 536 300 3960 7800 7800
4870 CONNECTION 184 655 300 4200 7680 7680
4871 CONNECTION 184 919 300 4260 8640 8640
4872 SINK 184 0 -1 -1 300 300
4873 CONNECTION 506 507 -1 -1 2160 2160
4874 CONNECTION 506 27 -1 -1 1860 1860
4875 CONNECTION 506 186 -1 -1 3360 3360
4876 CONNECTION 506 1001 -1 -1 2520 2520
4877 CONNECTION 506 858 -1 -1 3720 3720
4878 CONNECTION 506 724 -1 -1 3960 3960
4879 CONNECTION 506 158 -1 -1 3720 3720
4880 CONNECTION 506 918 300 1080 5520 5520
4881 CONNECTION 506 290 300 1320 4920 4920
4882 CONNECTION 506 819 300 1320 5760 5760
4883 CONNECTION 506 264 300 1740 6180 6180
4884 CONNECTION 506 484 300 1860 5460 5460
4885 CONNECTION 506 436 300 2520 6120 6120
4886 CONNECTION 506 631 300 2520 6960 6960
4887 CONNECTION 506 1009 300 2880 7320 7320
4888 CONNECTION 506 899 300 3120 7560 7560
4889 CONNECTION 506 606 300 3720 7320 7320
4890 CONNECTION 506 133 300 4680 9120 9120
4891 CONNECTION 677 748 -1 -1 2700 2700
4892 CONNECTION 677 507 -1 -1 2940 2940
4893 CONNECTION 677 603 -1 -1 2100 2100
4894 CONNECTION 677 995 -1 -1 3360 3360
4895 CONNECTION 677 27 -1 -1 2640 2640
4896 CONNECTION 677 186 -1 -1 4140 4140
4897 CONNECTION 677 1001 -1 -1 3300 3300
4898 CONNECTION 677 858 -1 -1 4500 4500
4899 CONNECTION 677 724 -1 -1 4740 4740
4900 CONNECTION 677 158 300 900 4500 4500
4901 CONNECTION 677 918 300 1860 6300 6300
4902 CONNECTION 677 290 300 2100 5700 5700
4903 CONNECTION 677 819 300 2100 6540 6540
4904 CONNECTION 677 264 300 2520 6960 6960
4905 CONNECTION 677 484 300 2640 6240 6240
4906 CONNECTION 677 436 300 3300 6900 6900
4907 CONNECTION 677 631 300 3300 7740 7740
4908 CONNECTION 677 1009 300 3660 8100 8100
4909 CONNECTION 677 899 300 3900 8340 8340
4910 CONNECTION 677 606 300 4500 8100 8100
4911 CONNECTION 986 748 -1 -1 2700 2700
4912 CONNECTION 986 507 -1 -1 2940 2940
4913 CONNECTION 986 603 -1 -1 2100 2100
4914 CONNECTION 986 995 -1 -1 3360 3360
4915 CONNECTION 986 27 -1 -1 2640 2640
4916 CONNECTION 986 186 -1 -1 4140 4140
4917 CONNECTION 986 1001 -1 -1 3300 3300
4918 CONNECTION 986 858 -1 -1 4500 4500
4919 CONNECTION 986 724 -1 -1 4740 4740
4920 CONNECTION 986 158 300 900 4500 4500
4921 CONNECTION 986 918 300 1860 6300 6300
4922 CONNECTION 986 290 300 2100 5700 5700
4923 CONNECTION 986 819 300 2100 6540 6540
4924 CONNECTION 986 264 300 2520 6960 6960
4925 CONNECTION 986 484 300 2640 6240 6240
4926 CONNECTION 986 436 300 3300 6900 6900
4927 CONNECTION 986 631 300 3300 7740 7740
4928 CONNECTION 986 1009 300 3660 8100 8100
4929 CONNECTION 986 899 300 3900 8340 8340
4930 CONNECTION 986 606 300 4500 8100 8100
4931 CONNECTION 459 996 -1 -1 1920 1920
4932 CONNECTION 459 630 -1 -1 2940 2940
4933 CONNECTION 459 935 -1 -1 1980 1980
4934 CONNECTION 459 236 -1 -1 2520 2520
4935 CONNECTION 459 29 -1 -1 3300 3300
4936 CONNECTION 459 951 -1 -1 5100 5100
4937 CONNECTION 459 898 -1 -1 3540 3540
4938 CONNECTION 459 560 -1 -1 5400 5400
4939 CONNECTION 459 859 -1 -1 3960 3960
4940 CONNECTION 459 406 -1 -1 3720 3720
4941 CONNECTION 459 968 300 900 5340 5340
4942 CONNECTION 459 536 300 1080 4920 4920
4943 CONNECTION 459 655 300 1320 4800 4800
4944 CONNECTION 459 919 300 1380 5760 5760
4945 CONNECTION 459 265 300 2040 5520 5520
4946 CONNECTION 459 365 300 2100 5580 5580
4947 CONNECTION 459 880 300 2100 6540 6540
4948 CONNECTION 459 998 300 2100 6540 6540
4949 CONNECTION 459 681 300 2280 6120 6120
4950 CONNECTION 459 1004 300 2280 6120 6120
4951 CONNECTION 459 384 300 2520 8700 8700
4952 CONNECTION 459 486 300 2520 6900 6900
4953 CONNECTION 459 60 300 2700 7140 7140
4954 CONNECTION 459 842 300 2820 9000 9000
4955 CONNECTION 459 1010 300 3180 7560 7560
4956 CONNECTION 459 88 300 3480 7320 7320
4957 CONNECTION 459 320 300 4500 8940 8940
4958 CONNECTION 459 239 300 4680 8520 8520
4959 SINK 459 0 -1 -1 300 300
4960 CONNECTION 576 577 -1 -1 2100 2100
4961 CONNECTION 576 818 -1 -1 3480 3480
4962 CONNECTION 576 85 -1 -1 3060 3060
4963 CONNECTION 576 210 -1 -1 2940 2940
4964 CONNECTION 576 749 -1 -1 3900 3900
4965 CONNECTION 576 996 -1 -1 3660 3660
4966 CONNECTION 576 630 -1 -1 4680 4680
4967 CONNECTION 576 935 -1 -1 3720 3720
4968 CONNECTION 576 236 300 420 4260 4260
4969 CONNECTION 576 29 300 660 5040 5040
4970 CONNECTION 576 951 300 660 6840 6840
4971 CONNECTION 576 898 300 840 5280 5280
4972 CONNECTION 576 560 300 960 7140 7140
4973 CONNECTION 576 859 300 1320 5700 5700
4974 CONNECTION 576 406 300 1620 5460 5460
4975 CONNECTION 576 968 300 2640 7080 7080
4976 CONNECTION 576 536 300 2820 6660 6660
4977 CONNECTION 576 655 300 3060 6540 6540
4978 CONNECTION 576 919 300 3120 7500 7500
4979 CONNECTION 576 265 300 3780 7260 7260
4980 CONNECTION 576 365 300 3840 7320 7320
4981 CONNECTION 576 880 300 3840 8280 8280
4982 CONNECTION 576 998 300 3840 8280 8280
4983 CONNECTION 576 681 300 4020 7860 7860
4984 CONNECTION 576 1004 300 4020 7860 7860
4985 CONNECTION 576 384 300 4260 10440 10440
4986 CONNECTION 576 486 300 4260 8640 8640
4987 CONNECTION 576 60 300 4440 8880 8880
4988 CONNECTION 576 842 300 4560 10740 10740
4989 SINK 576 0 -1 -1 300 300
4990 CONNECTION 403 404 -1 -1 1920 1920
4991 CONNECTION 403 289 -1 -1 2700 2700
4992 CONNECTION 403 534 -1 -1 3120 3120
4993 CONNECTION 403 435 -1 -1 3900 3900
4994 CONNECTION 403 679 -1 -1 4320 4320
4995 CONNECTION 403 991 -1 -1 4320 4320
4996 CONNECTION 403 605 300 1260 5100 5100
4997 CONNECTION 403 86 300 1440 5520 5520
4998 CONNECTION 403 1003 300 2460 6300 6300
4999 CONNECTION 403 237 300 2640 6720 6720
5000 CONNECTION 403 160 300 3660 7500 7500
5001 CONNECTION 403 407 300 3840 7920 7920
5002 CONNECTION 856 857 -1 -1 2160 2160
5003 CONNECTION 856 317 -1 -1 2340 2340
5004 CONNECTION 856 917 -1 -1 3960 3960
5005 CONNECTION 856 263 -1 -1 4620 4620
5006 CONNECTION 856 508 300 480 4140 4140
5007 CONNECTION 856 1008 300 1320 5760 5760
5008 CONNECTION 856 187 300 1680 5340 5340
5009 CONNECTION 856 725 300 2280 5940 5940
5010 CONNECTION 856 132 300 3120 7560 7560
5011 CONNECTION 856 705 300 3780 8220 8220
5012 CONNECTION 856 820 300 4080 7740 7740
5013 CONNECTION 785 786 -1 -1 4020 4020
5014 CONNECTION 785 577 -1 -1 2880 2880
5015 CONNECTION 785 678 -1 -1 2640 2640
5016 CONNECTION 785 990 -1 -1 2640 2640
5017 CONNECTION 785 818 -1 -1 4260 4260
5018 CONNECTION 785 85 -1 -1 3840 3840
5019 CONNECTION 785 210 -1 -1 3720 3720
5020 CONNECTION 785 749 -1 -1 4680 4680
5021 CONNECTION 785 996 300 960 4440 4440
5022 CONNECTION 785 630 300 1020 5460 5460
5023 CONNECTION 785 935 300 1020 4500 4500
5024 CONNECTION 785 236 300 1200 5040 5040
5025 CONNECTION 785 29 300 1440 5820 5820
5026 CONNECTION 785 951 300 1440 7620 7620
5027 CONNECTION 785 898 300 1620 6060 6060
5028 CONNECTION 785 560 300 1740 7920 7920
5029 CONNECTION 785 859 300 2100 6480 6480
5030 CONNECTION 785 406 300 2400 6240 6240
5031 CONNECTION 785 968 300 3420 7860 7860
5032 CONNECTION 785 536 300 3600 7440 7440
5033 CONNECTION 785 655 300 3840 7320 7320
5034 CONNECTION 785 919 300 3900 8280 8280
5035 CONNECTION 785 265 300 4560 8040 8040
5036 CONNECTION 785 365 300 4620 8100 8100
5037 CONNECTION 785 880 300 4620 9060 9060
5038 CONNECTION 785 998 300 4620 9060 9060
5039 CONNECTION 785 681 300 4800 8640 8640
5040 CONNECTION 785 1004 300 4800 8640 8640
5041 SINK 785 0 -1 -1 300 300
5042 CONNECTION 316 317 -1 -1 1380 1380
5043 CONNECTION 316 917 -1 -1 3000 3000
5044 CONNECTION 316 263 -1 -1 3660 3660
5045 CONNECTION 316 508 -1 -1 3180 3180
5046 CONNECTION 316 1008 300 360 4800 4800
5047 CONNECTION 316 187 300 720 4380 4380
5048 CONNECTION 316 725 300 1320 4980 4980
5049 CONNECTION 316 132 300 2160 6600 6600
5050 CONNECTION 316 705 300 2820 7260 7260
5051 CONNECTION 316 820 300 3120 6780 6780
5052 CONNECTION 316 344 300 3960 8400 8400
5053 CONNECTION 316 632 300 4320 7980 7980
5054 CONNECTION 482 483 -1 -1 2100 2100
5055 CONNECTION 482 577 -1 -1 2760 2760
5056 CONNECTION 482 678 -1 -1 2520 2520
5057 CONNECTION 482 990 -1 -1 2520 2520
5058 CONNECTION 482 818 -1 -1 4140 4140
5059 CONNECTION 482 85 -1 -1 3720 3720
5060 CONNECTION 482 210 -1 -1 3600 3600
5061 CONNECTION 482 749 -1 -1 4560 4560
5062 CONNECTION 482 996 300 840 4320 4320
5063 CONNECTION 482 630 300 900 5340 5340
5064 CONNECTION 482 935 300 900 4380 4380
5065 CONNECTION 482 236 300 1080 4920 4920
5066 CONNECTION 482 29 300 1320 5700 5700
5067 CONNECTION 482 951 300 1320 7500 7500
5068 CONNECTION 482 898 300 1500 5940 5940
5069 CONNECTION 482 560 300 1620 7800 7800
5070 CONNECTION 482 859 300 1980 6360 6360
5071 CONNECTION 482 406 300 2280 6120 6120
5072 CONNECTION 482 968 300 3300 7740 7740
5073 CONNECTION 482 536 300 3480 7320 7320
5074 CONNECTION 482 655 300 3720 7200 7200
5075 CONNECTION 482 919 300 3780 8160 8160
5076 CONNECTION 482 265 300 4440 7920 7920
5077 CONNECTION 482 365 300 4500 7980 7980
5078 CONNECTION 482 880 300 4500 8940 8940
5079 CONNECTION 482 998 300 4500 8940 8940
5080 CONNECTION 482 681 300 4680 8520 8520
5081 CONNECTION 482 1004 300 4680 8520 8520
5082 SINK 482 0 -1 -1 300 300
5083 CONNECTION 652 653 -1 -1 1320 1320
5084 CONNECTION 652 434 -1 -1 2460 2460
5085 CONNECTION 652 771 -1 -1 3780 3780
5086 CONNECTION 652 235 -1 -1 2160 2160
5087 CONNECTION 652 604 -1 -1 3660 3660
5088 CONNECTION 652 629 -1 -1 3120 3120
5089 CONNECTION 652 405 -1 -1 3360 3360
5090 CONNECTION 652 950 -1 -1 3480 3480
5091 CONNECTION 652 28 -1 -1 3600 3600
5092 CONNECTION 652 1002 300 780 4860 4860
5093 CONNECTION 652 535 300 960 4560 4560
5094 CONNECTION 652 211 300 1320 4920 4920
5095 CONNECTION 652 159 300 1980 6060 6060
5096 CONNECTION 652 936 300 2100 7380 7380
5097 CONNECTION 652 680 300 2160 5760 5760
5098 CONNECTION 652 992 300 2160 5760 5760
5099 CONNECTION 652 291 300 3180 7260 7260
5100 CONNECTION 652 879 300 3240 6720 6720
5101 CONNECTION 652 997 300 3240 6720 6720
5102 CONNECTION 652 87 300 3360 6960 6960
5103 CONNECTION 652 383 300 3600 7080 7080
5104 CONNECTION 652 485 300 3720 7200 7200
5105 CONNECTION 652 437 300 4380 8460 8460
5106 CONNECTION 652 238 300 4560 8160 8160
5107 CONNECTION 994 995 -1 -1 2160 2160
5108 CONNECTION 994 186 -1 -1 2940 2940
5109 CONNECTION 994 1001 -1 -1 2100 2100
5110 CONNECTION 994 858 -1 -1 3300 3300
5111 CONNECTION 994 724 -1 -1 3540 3540
5112 CONNECTION 994 158 -1 -1 3300 3300
5113 CONNECTION 994 918 300 660 5100 5100
5114 CONNECTION 994 290 300 900 4500 4500
5115 CONNECTION 994 819 300 900 5340 5340
5116 CONNECTION 994 264 300 1320 5760 5760
5117 CONNECTION 994 484 300 1440 5040 5040
5118 CONNECTION 994 436 300 2100 5700 5700
5119 CONNECTION 994 631 300 2100 6540 6540
5120 CONNECTION 994 1009 300 2460 6900 6900
5121 CONNECTION 994 899 300 2700 7140 7140
5122 CONNECTION 994 606 300 3300 6900 6900
5123 CONNECTION 994 133 300 4260 8700 8700
5124 CONNECTION 994 969 300 4500 8940 8940
5125 CONNECTION 994 1017 300 4500 8100 8100
5126 CONNECTION 341 342 -1 -1 2580 2580
5127 CONNECTION 341 897 -1 -1 2820 2820
5128 CONNECTION 341 578 -1 -1 4380 4380
5129 CONNECTION 341 841 -1 -1 4620 4620
5130 CONNECTION 341 7 -1 -1 4620 4620
5131 CONNECTION 341 967 -1 -1 4620 4620
5132 CONNECTION 341 654 300 660 5040 5040
5133 CONNECTION 341 750 300 1320 6180 6180
5134 CONNECTION 341 59 300 2040 6420 6420
5135 CONNECTION 341 860 300 3120 7980 7980
5136 CONNECTION 341 111 300 3360 8220 8220
5137 CONNECTION 341 461 300 3540 8220 8220
5138 CONNECTION 341 319 300 3840 8220 8220
5139 CONNECTION 341 212 300 4260 8640 8640
5140 CONNECTION 989 678 -1 -1 2100 2100
5141 CONNECTION 989 990 -1 -1 2100 2100
5142 CONNECTION 989 818 -1 -1 3720 3720
5143 CONNECTION 989 85 -1 -1 3300 3300
5144 CONNECTION 989 210 -1 -1 3180 3180
5145 CONNECTION 989 749 -1 -1 4140 4140
5146 CONNECTION 989 996 300 420 3900 3900
5147 CONNECTION 989 630 300 480 4920 4920
5148 CONNECTION 989 935 300 480 3960 3960
5149 CONNECTION 989 236 300 660 4500 4500
5150 CONNECTION 989 29 300 900 5280 5280
5151 CONNECTION 989 951 300 900 7080 7080
5152 CONNECTION 989 898 300 1080 5520 5520
5153 CONNECTION 989 560 300 1200 7380 7380
5154 CONNECTION 989 859 300 1560 5940 5940
5155 CONNECTION 989 406 300 1860 5700 5700
5156 CONNECTION 989 968 300 2880 7320 7320
5157 CONNECTION 989 536 300 3060 6900 6900
5158 CONNECTION 989 655 300 3300 6780 6780
5159 CONNECTION 989 919 300 3360 7740 7740
5160 CONNECTION 989 265 300 4020 7500 7500
5161 CONNECTION 989 365 300 4080 7560 7560
5162 CONNECTION 989 880 300 4080 8520 8520
5163 CONNECTION 989 998 300 4080 8520 8520
5164 CONNECTION 989 681 300 4260 8100 8100
5165 CONNECTION 989 1004 300 4260 8100 8100
5166 CONNECTION 989 384 300 4500 10680 10680
5167 CONNECTION 989 486 300 4500 8880 8880
5168 CONNECTION 989 60 300 4680 9120 9120
5169 CONNECTION 989 842 300 4800 10980 10980
5170 SINK 989 0 -1 -1 300 300
5171 CONNECTION 234 235 -1 -1 1320 1320
5172 CONNECTION 234 604 -1 -1 2820 2820
5173 CONNECTION 234 629 -1 -1 2280 2280
5174 CONNECTION 234 405 -1 -1 2520 2520
5175 CONNECTION 234 950 -1 -1 2640 2640
5176 CONNECTION 234 28 -1 -1 2760 2760
5177 CONNECTION 234 1002 -1 -1 4020 4020
5178 CONNECTION 234 535 -1 -1 3720 3720
5179 CONNECTION 234 211 300 480 4080 4080
5180 CONNECTION 234 159 300 1140 5220 5220
5181 CONNECTION 234 936 300 1260 6540 6540
5182 CONNECTION 234 680 300 1320 4920 4920
5183 CONNECTION 234 992 300 1320 4920 4920
5184 CONNECTION 234 291 300 2340 6420 6420
5185 CONNECTION 234 879 300 2400 5880 5880
5186 CONNECTION 234 997 300 2400 5880 5880
5187 CONNECTION 234 87 300 2520 6120 6120
5188 CONNECTION 234 383 300 2760 6240 6240
5189 CONNECTION 234 485 300 2880 6360 6360
5190 CONNECTION 234 437 300 3540 7620 7620
5191 CONNECTION 234 238 300 3720 7320 7320
5192 CONNECTION 234 656 300 4080 7680 7680
5193 CONNECTION 234 607 300 4740 8820 8820
5194 CONNECTION 57 262 -1 -1 1860 1860
5195 CONNECTION 57 1007 -1 -1 3060 3060
5196 CONNECTION 57 382 -1 -1 5400 5400
5197 CONNECTION 57 131 300 1200 4860 4860
5198 CONNECTION 57 704 300 1800 5460 5460
5199 CONNECTION 57 343 300 3000 6660 6660
5200 CONNECTION 57 787 300 3720 9000 9000
5201 CONNECTION 57 579 300 4800 8460 8460
5202 CONNECTION 896 897 -1 -1 2100 2100
5203 CONNECTION 896 578 -1 -1 3660 3660
5204 CONNECTION 896 841 -1 -1 3900 3900
5205 CONNECTION 896 7 -1 -1 3900 3900
5206 CONNECTION 896 967 -1 -1 3900 3900
5207 CONNECTION 896 654 -1 -1 4320 4320
5208 CONNECTION 896 750 300 600 5460 5460
5209 CONNECTION 896 59 300 1320 5700 5700
5210 CONNECTION 896 860 300 2400 7260 7260
5211 CONNECTION 896 111 300 2640 7500 7500
5212 CONNECTION 896 461 300 2820 7500 7500
5213 CONNECTION 896 319 300 3120 7500 7500
5214 CONNECTION 896 212 300 3540 7920 7920
5215 CONNECTION 896 920 300 4200 9060 9060
5216 CONNECTION 130 58 -1 -1 3540 3540
5217 CONNECTION 130 460 -1 -1 4980 4980
5218 CONNECTION 130 318 300 480 5340 5340
5219 CONNECTION 130 509 300 2280 7140 7140
5220 CONNECTION 130 802 300 3720 8580 8580
5221 CONNECTION 130 726 300 4080 8940 8940
5222 CONNECTION 934 935 -1 -1 1200 1200
5223 CONNECTION 934 898 -1 -1 2760 2760
5224 CONNECTION 934 560 -1 -1 4620 4620
5225 CONNECTION 934 859 -1 -1 3180 3180
5226 CONNECTION 934 406 -1 -1 2940 2940
5227 CONNECTION 934 968 -1 -1 4560 4560
5228 CONNECTION 934 536 -1 -1 4140 4140
5229 CONNECTION 934 655 300 540 4020 4020
5230 CONNECTION 934 919 300 600 4980 4980
5231 CONNECTION 934 265 300 1260 4740 4740
5232 CONNECTION 934 365 300 1320 4800 4800
5233 CONNECTION 934 880 300 1320 5760 5760
5234 CONNECTION 934 998 300 1320 5760 5760
5235 CONNECTION 934 681 300 1500 5340 5340
5236 CONNECTION 934 1004 300 1500 5340 5340
5237 CONNECTION 934 384 300 1740 7920 7920
5238 CONNECTION 934 486 300 1740 6120 6120
5239 CONNECTION 934 60 300 1920 6360 6360
5240 CONNECTION 934 842 300 2040 8220 8220
5241 CONNECTION 934 1010 300 2400 6780 6780
5242 CONNECTION 934 88 300 2700 6540 6540
5243 CONNECTION 934 320 300 3720 8160 8160
5244 CONNECTION 934 239 300 3900 7740 7740
5245 CONNECTION 934 213 300 4140 7620 7620
5246 CONNECTION 934 134 300 4200 8580 8580
5247 SINK 934 0 -1 -1 300 300
5248 CONNECTION 949 950 -1 -1 1200 1200
5249 CONNECTION 949 1002 -1 -1 2580 2580
5250 CONNECTION 949 535 -1 -1 2280 2280
5251 CONNECTION 949 211 -1 -1 2640 2640
5252 CONNECTION 949 159 -1 -1 3780 3780
5253 CONNECTION 949 936 -1 -1 5100 5100
5254 CONNECTION 949 680 -1 -1 3480 3480
5255 CONNECTION 949 992 -1 -1 3480 3480
5256 CONNECTION 949 291 300 900 4980 4980
5257 CONNECTION 949 879 300 960 4440 4440
5258 CONNECTION 949 997 300 960 4440 4440
5259 CONNECTION 949 87 300 1080 4680 4680
5260 CONNECTION 949 383 300 1320 4800 4800
5261 CONNECTION 949 485 300 1440 4920 4920
5262 CONNECTION 949 437 300 2100 6180 6180
5263 CONNECTION 949 238 300 2280 5880 5880
5264 CONNECTION 949 656 300 2640 6240 6240
5265 CONNECTION 949 607 300 3300 7380 7380
5266 CONNECTION 949 366 300 3420 8700 8700
5267 CONNECTION 949 408 300 3480 7080 7080
5268 CONNECTION 949 1018 300 4500 8580 8580
5269 CONNECTION 949 188 300 4560 8040 8040
5270 CONNECTION 949 538 300 4680 8280 8280
5271 CONNECTION 433 434 -1 -1 1800 1800
5272 CONNECTION 433 604 -1 -1 3000 3000
5273 CONNECTION 433 629 -1 -1 2460 2460
5274 CONNECTION 433 405 -1 -1 2700 2700
5275 CONNECTION 433 950 -1 -1 2820 2820
5276 CONNECTION 433 28 -1 -1 2940 2940
5277 CONNECTION 433 1002 -1 -1 4200 4200
5278 CONNECTION 433 535 -1 -1 3900 3900
5279 CONNECTION 433 211 300 660 4260 4260
5280 CONNECTION 433 159 300 1320 5400 5400
5281 CONNECTION 433 936 300 1440 6720 6720
5282 CONNECTION 433 680 300 1500 5100 5100
5283 CONNECTION 433 992 300 1500 5100 5100
5284 CONNECTION 433 291 300 2520 6600 6600
5285 CONNECTION 433 879 300 2580 6060 6060
5286 CONNECTION 433 997 300 2580 6060 6060
5287 CONNECTION 433 87 300 2700 6300 6300
5288 CONNECTION 433 383 300 2940 6420 6420
5289 CONNECTION 433 485 300 3060 6540 6540
5290 CONNECTION 433 437 300 3720 7800 7800
5291 CONNECTION 433 238 300 3900 7500 7500
5292 CONNECTION 433 656 300 4260 7860 7860
5293 CONNECTION 559 58 -1 -1 3300 3300
5294 CONNECTION 559 460 -1 -1 4740 4740
5295 CONNECTION 559 318 -1 -1 5100 5100
5296 CONNECTION 559 509 300 2040 6900 6900
5297 CONNECTION 559 802 300 3480 8340 8340
5298 CONNECTION 559 726 300 3840 8700 8700
5299 CONNECTION 288 289 -1 -1 1560 1560
5300 CONNECTION 288 435 -1 -1 2760 2760
5301 CONNECTION 288 679 -1 -1 3180 3180
5302 CONNECTION 288 991 -1 -1 3180 3180
5303 CONNECTION 288 605 -1 -1 3960 3960
5304 CONNECTION 288 86 -1 -1 4380 4380
5305 CONNECTION 288 1003 300 1320 5160 5160
5306 CONNECTION 288 237 300 1500 5580 5580
5307 CONNECTION 288 160 300 2520 6360 6360
5308 CONNECTION 288 407 300 2700 6780 6780
5309 CONNECTION 288 292 300 3720 7560 7560
5310 CONNECTION 288 537 300 3900 7980 7980
5311 CONNECTION 703 604 -1 -1 2940 2940
5312 CONNECTION 703 629 -1 -1 2400 2400
5313 CONNECTION 703 405 -1 -1 2640 2640
5314 CONNECTION 703 950 -1 -1 2760 2760
5315 CONNECTION 703 28 -1 -1 2880 2880
5316 CONNECTION 703 1002 -1 -1 4140 4140
5317 CONNECTION 703 535 -1 -1 3840 3840
5318 CONNECTION 703 211 300 600 4200 4200
5319 CONNECTION 703 159 300 1260 5340 5340
5320 CONNECTION 703 936 300 1380 6660 6660
5321 CONNECTION 703 680 300 1440 5040 5040
5322 CONNECTION 703 992 300 1440 5040 5040
5323 CONNECTION 703 291 300 2460 6540 6540
5324 CONNECTION 703 879 300 2520 6000 6000
5325 CONNECTION 703 997 300 2520 6000 6000
5326 CONNECTION 703 87 300 2640 6240 6240
5327 CONNECTION 703 383 300 2880 6360 6360
5328 CONNECTION 703 485 300 3000 6480 6480
5329 CONNECTION 703 437 300 3660 7740 7740
5330 CONNECTION 703 238 300 3840 7440 7440
5331 CONNECTION 703 656 300 4200 7800 7800
5332 CONNECTION 185 186 -1 -1 2160 2160
5333 CONNECTION 185 724 -1 -1 2760 2760
5334 CONNECTION 185 158 -1 -1 2520 2520
5335 CONNECTION 185 918 -1 -1 4320 4320
5336 CONNECTION 185 290 -1 -1 3720 3720
5337 CONNECTION 185 819 -1 -1 4560 4560
5338 CONNECTION 185 264 300 540 4980 4980
5339 CONNECTION 185 484 300 660 4260 4260
5340 CONNECTION 185 436 300 1320 4920 4920
5341 CONNECTION 185 631 300 1320 5760 5760
5342 CONNECTION 185 1009 300 1680 6120 6120
5343 CONNECTION 185 899 300 1920 6360 6360
5344 CONNECTION 185 606 300 2520 6120 6120
5345 CONNECTION 185 133 300 3480 7920 7920
5346 CONNECTION 185 969 300 3720 8160 8160
5347 CONNECTION 185 1017 300 3720 7320 7320
5348 CONNECTION 185 706 300 4140 8580 8580
5349 CONNECTION 185 30 300 4260 7860 7860
5350 CONNECTION 770 771 -1 -1 3000 3000
5351 CONNECTION 770 604 -1 -1 2880 2880
5352 CONNECTION 770 629 -1 -1 2340 2340
5353 CONNECTION 770 405 -1 -1 2580 2580
5354 CONNECTION 770 950 -1 -1 2700 2700
5355 CONNECTION 770 28 -1 -1 2820 2820
5356 CONNECTION 770 1002 -1 -1 4080 4080
5357 CONNECTION 770 535 -1 -1 3780 3780
5358 CONNECTION 770 211 300 540 4140 4140
5359 CONNECTION 770 159 300 1200 5280 5280
5360 CONNECTION 770 936 300 1320 6600 6600
5361 CONNECTION 770 680 300 1380 4980 4980
5362 CONNECTION 770 992 300 1380 4980 4980
5363 CONNECTION 770 291 300 2400 6480 6480
5364 CONNECTION 770 879 300 2460 5940 5940
5365 CONNECTION 770 997 300 2460 5940 5940
5366 CONNECTION 770 87 300 2580 6180 6180
5367 CONNECTION 770 383 300 2820 6300 6300
5368 CONNECTION 770 485 300 2940 6420 6420
5369 CONNECTION 770 437 300 3600 7680 7680
5370 CONNECTION 770 238 300 3780 7380 7380
5371 CONNECTION 770 656 300 4140 7740 7740
5372 CONNECTION 770 607 300 4800 8880 8880
5373 CONNECTION 800 801 -1 -1 4020 4020
5374 CONNECTION 800 364 -1 -1 4800 4800
5375 CONNECTION 800 110 -1 -1 4620 4620
5376 CONNECTION 800 8 300 1440 7620 7620
5377 CONNECTION 800 772 300 2220 8400 8400
5378 CONNECTION 800 561 300 3540 8220 8220
5379 CONNECTION 84 186 -1 -1 2940 2940
5380 CONNECTION 84 1001 -1 -1 2100 2100
5381 CONNECTION 84 858 -1 -1 3300 3300
5382 CONNECTION 84 724 -1 -1 3540 3540
5383 CONNECTION 84 158 -1 -1 3300 3300
5384 CONNECTION 84 918 300 660 5100 5100
5385 CONNECTION 84 290 300 900 4500 4500
5386 CONNECTION 84 819 300 900 5340 5340
5387 CONNECTION 84 264 300 1320 5760 5760
5388 CONNECTION 84 484 300 1440 5040 5040
5389 CONNECTION 84 436 300 2100 5700 5700
5390 CONNECTION 84 631 300 2100 6540 6540
5391 CONNECTION 84 1009 300 2460 6900 6900
5392 CONNECTION 84 899 300 2700 7140 7140
5393 CONNECTION 84 606 300 3300 6900 6900
5394 CONNECTION 84 133 300 4260 8700 8700
5395 CONNECTION 84 969 300 4500 8940 8940
5396 CONNECTION 84 1017 300 4500 8100 8100
5397 CONNECTION 533 534 -1 -1 1920 1920
5398 CONNECTION 533 435 -1 -1 2700 2700
5399 CONNECTION 533 679 -1 -1 3120 3120
5400 CONNECTION 533 991 -1 -1 3120 3120
5401 CONNECTION 533 605 -1 -1 3900 3900
5402 CONNECTION 533 86 -1 -1 4320 4320
5403 CONNECTION 533 1003 300 1260 5100 5100
5404 CONNECTION 533 237 300 1440 5520 5520
5405 CONNECTION 533 160 300 2460 6300 6300
5406 CONNECTION 533 407 300 2640 6720 6720
5407 CONNECTION 533 292 300 3660 7500 7500
5408 CONNECTION 533 537 300 3840 7920 7920
5409 CONNECTION 817 818 -1 -1 2160 2160
5410 CONNECTION 817 749 -1 -1 2580 2580
5411 CONNECTION 817 996 -1 -1 2340 2340
5412 CONNECTION 817 630 -1 -1 3360 3360
5413 CONNECTION 817 935 -1 -1 2400 2400
5414 CONNECTION 817 236 -1 -1 2940 2940
5415 CONNECTION 817 29 -1 -1 3720 3720
5416 CONNECTION 817 951 -1 -1 5520 5520
5417 CONNECTION 817 898 -1 -1 3960 3960
5418 CONNECTION 817 560 -1 -1 5820 5820
5419 CONNECTION 817 859 -1 -1 4380 4380
5420 CONNECTION 817 406 -1 -1 4140 4140
5421 CONNECTION 817 968 300 1320 5760 5760
5422 CONNECTION 817 536 300 1500 5340 5340
5423 CONNECTION 817 655 300 1740 5220 5220
5424 CONNECTION 817 919 300 1800 6180 6180
5425 CONNECTION 817 265 300 2460 5940 5940
5426 CONNECTION 817 365 300 2520 6000 6000
5427 CONNECTION 817 880 300 2520 6960 6960
5428 CONNECTION 817 998 300 2520 6960 6960
5429 CONNECTION 817 681 300 2700 6540 6540
5430 CONNECTION 817 1004 300 2700 6540 6540
5431 CONNECTION 817 384 300 2940 9120 9120
5432 CONNECTION 817 486 300 2940 7320 7320
5433 CONNECTION 817 60 300 3120 7560 7560
5434 CONNECTION 817 842 300 3240 9420 9420
5435 CONNECTION 817 1010 300 3600 7980 7980
5436 CONNECTION 817 88 300 3900 7740 7740
5437 SINK 817 0 -1 -1 300 300
5438 CONNECTION 857 858 -1 -1 2160 2160
5439 CONNECTION 857 158 -1 -1 2160 2160
5440 CONNECTION 857 918 -1 -1 3960 3960
5441 CONNECTION 857 290 -1 -1 3360 3360
5442 CONNECTION 857 819 -1 -1 4200 4200
5443 CONNECTION 857 264 -1 -1 4620 4620
5444 CONNECTION 857 484 -1 -1 3900 3900
5445 CONNECTION 857 436 300 960 4560 4560
5446 CONNECTION 857 631 300 960 5400 5400
5447 CONNECTION 857 1009 300 1320 5760 5760
5448 CONNECTION 857 899 300 1560 6000 6000
5449 CONNECTION 857 606 300 2160 5760 5760
5450 CONNECTION 857 133 300 3120 7560 7560
5451 CONNECTION 857 969 300 3360 7800 7800
5452 CONNECTION 857 1017 300 3360 6960 6960
5453 CONNECTION 857 706 300 3780 8220 8220
5454 CONNECTION 857 30 300 3900 7500 7500
5455 CONNECTION 857 161 300 4560 8160 8160
5456 CONNECTION 857 881 300 4560 9000 9000
5457 CONNECTION 857 999 300 4560 9000 9000
5458 CONNECTION 483 578 -1 -1 3240 3240
5459 CONNECTION 483 841 -1 -1 3480 3480
5460 CONNECTION 483 7 -1 -1 3480 3480
5461 CONNECTION 483 967 -1 -1 3480 3480
5462 CONNECTION 483 654 -1 -1 3900 3900
5463 CONNECTION 483 750 -1 -1 5040 5040
5464 CONNECTION 483 59 300 900 5280 5280
5465 CONNECTION 483 860 300 1980 6840 6840
5466 CONNECTION 483 111 300 2220 7080 7080
5467 CONNECTION 483 461 300 2400 7080 7080
5468 CONNECTION 483 319 300 2700 7080 7080
5469 CONNECTION 483 212 300 3120 7500 7500
5470 CONNECTION 483 920 300 3780 8640 8640
5471 CONNECTION 483 510 300 4500 8880 8880
5472 CONNECTION 653 858 -1 -1 2940 2940
5473 CONNECTION 653 724 -1 -1 3180 3180
5474 CONNECTION 653 158 -1 -1 2940 2940
5475 CONNECTION 653 918 -1 -1 4740 4740
5476 CONNECTION 653 290 300 540 4140 4140
5477 CONNECTION 653 819 300 540 4980 4980
5478 CONNECTION 653 264 300 960 5400 5400
5479 CONNECTION 653 484 300 1080 4680 4680
5480 CONNECTION 653 436 300 1740 5340 5340
5481 CONNECTION 653 631 300 1740 6180 6180
5482 CONNECTION 653 1009 300 2100 6540 6540
5483 CONNECTION 653 899 300 2340 6780 6780
5484 CONNECTION 653 606 300 2940 6540 6540
5485 CONNECTION 653 133 300 3900 8340 8340
5486 CONNECTION 653 969 300 4140 8580 8580
5487 CONNECTION 653 1017 300 4140 7740 7740
5488 CONNECTION 653 706 300 4560 9000 9000
5489 CONNECTION 653 30 300 4680 8280 8280
5490 CONNECTION 786 8 -1 -1 5700 5700
5491 CONNECTION 786 772 -1 -1 6480 6480
5492 CONNECTION 786 561 300 1620 6300 6300
5493 CONNECTION 786 462 300 3120 9300 9300
5494 CONNECTION 786 937 300 3900 10080 10080
5495 CONNECTION 157 85 -1 -1 2100 2100
5496 CONNECTION 157 210 -1 -1 1980 1980
5497 CONNECTION 157 749 -1 -1 2940 2940
5498 CONNECTION 157 996 -1 -1 2700 2700
5499 CONNECTION 157 630 -1 -1 3720 3720
5500 CONNECTION 157 935 -1 -1 2760 2760
5501 CONNECTION 157 236 -1 -1 3300 3300
5502 CONNECTION 157 29 -1 -1 4080 4080
5503 CONNECTION 157 951 -1 -1 5880 5880
5504 CONNECTION 157 898 -1 -1 4320 4320
5505 CONNECTION 157 560 -1 -1 6180 6180
5506 CONNECTION 157 859 300 360 4740 4740
5507 CONNECTION 157 406 300 660 4500 4500
5508 CONNECTION 157 968 300 1680 6120 6120
5509 CONNECTION 157 536 300 1860 5700 5700
5510 CONNECTION 157 655 300 2100 5580 5580
5511 CONNECTION 157 919 300 2160 6540 6540
5512 CONNECTION 157 265 300 2820 6300 6300
5513 CONNECTION 157 365 300 2880 6360 6360
5514 CONNECTION 157 880 300 2880 7320 7320
5515 CONNECTION 157 998 300 2880 7320 7320
5516 CONNECTION 157 681 300 3060 6900 6900
5517 CONNECTION 157 1004 300 3060 6900 6900
5518 CONNECTION 157 384 300 3300 9480 9480
5519 CONNECTION 157 486 300 3300 7680 7680
5520 CONNECTION 157 60 300 3480 7920 7920
5521 CONNECTION 157 842 300 3600 9780 9780
5522 CONNECTION 157 1010 300 3960 8340 8340
5523 CONNECTION 157 88 300 4260 8100 8100
5524 SINK 157 0 -1 -1 300 300
5525 CONNECTION 723 724 -1 -1 2160 2160
5526 CONNECTION 723 158 -1 -1 1920 1920
5527 CONNECTION 723 918 -1 -1 3720 3720
5528 CONNECTION 723 290 -1 -1 3120 3120
5529 CONNECTION 723 819 -1 -1 3960 3960
5530 CONNECTION 723 264 -1 -1 4380 4380
5531 CONNECTION 723 484 -1 -1 3660 3660
5532 CONNECTION 723 436 300 720 4320 4320
5533 CONNECTION 723 631 300 720 5160 5160
5534 CONNECTION 723 1009 300 1080 5520 5520
5535 CONNECTION 723 899 300 1320 5760 5760
5536 CONNECTION 723 606 300 1920 5520 5520
5537 CONNECTION 723 133 300 2880 7320 7320
5538 CONNECTION 723 969 300 3120 7560 7560
5539 CONNECTION 723 1017 300 3120 6720 6720
5540 CONNECTION 723 706 300 3540 7980 7980
5541 CONNECTION 723 30 300 3660 7260 7260
5542 CONNECTION 723 161 300 4320 7920 7920
5543 CONNECTION 723 881 300 4320 8760 8760
5544 CONNECTION 723 999 300 4320 8760 8760
5545 CONNECTION 723 345 300 4680 9120 9120
5546 CONNECTION 404 405 -1 -1 1320 1320
5547 CONNECTION 404 1002 -1 -1 2820 2820
5548 CONNECTION 404 535 -1 -1 2520 2520
5549 CONNECTION 404 211 -1 -1 2880 2880
5550 CONNECTION 404 159 -1 -1 4020 4020
5551 CONNECTION 404 936 -1 -1 5340 5340
5552 CONNECTION 404 680 -1 -1 3720 3720
5553 CONNECTION 404 992 -1 -1 3720 3720
5554 CONNECTION 404 291 300 1140 5220 5220
5555 CONNECTION 404 879 300 1200 4680 4680
5556 CONNECTION 404 997 300 1200 4680 4680
5557 CONNECTION 404 87 300 1320 4920 4920
5558 CONNECTION 404 383 300 1560 5040 5040
5559 CONNECTION 404 485 300 1680 5160 5160
5560 CONNECTION 404 437 300 2340 6420 6420
5561 CONNECTION 404 238 300 2520 6120 6120
5562 CONNECTION 404 656 300 2880 6480 6480
5563 CONNECTION 404 607 300 3540 7620 7620
5564 CONNECTION 404 366 300 3660 8940 8940
5565 CONNECTION 404 408 300 3720 7320 7320
5566 CONNECTION 404 1018 300 4740 8820 8820
5567 CONNECTION 404 188 300 4800 8280 8280
5568 CONNECTION 109 110 -1 -1 2400 2400
5569 CONNECTION 109 8 -1 -1 5400 5400
5570 CONNECTION 109 772 -1 -1 6180 6180
5571 CONNECTION 109 561 300 1320 6000 6000
5572 CONNECTION 109 462 300 2820 9000 9000
5573 CONNECTION 109 937 300 3600 9780 9780
5574 CONNECTION 209 210 -1 -1 1200 1200
5575 CONNECTION 209 996 -1 -1 1920 1920
5576 CONNECTION 209 630 -1 -1 2940 2940
5577 CONNECTION 209 935 -1 -1 1980 1980
5578 CONNECTION 209 236 -1 -1 2520 2520
5579 CONNECTION 209 29 -1 -1 3300 3300
5580 CONNECTION 209 951 -1 -1 5100 5100
5581 CONNECTION 209 898 -1 -1 3540 3540
5582 CONNECTION 209 560 -1 -1 5400 5400
5583 CONNECTION 209 859 -1 -1 3960 3960
5584 CONNECTION 209 406 -1 -1 3720 3720
5585 CONNECTION 209 968 300 900 5340 5340
5586 CONNECTION 209 536 300 1080 4920 4920
5587 CONNECTION 209 655 300 1320 4800 4800
5588 CONNECTION 209 919 300 1380 5760 5760
5589 CONNECTION 209 265 300 2040 5520 5520
5590 CONNECTION 209 365 300 2100 5580 5580
5591 CONNECTION 209 880 300 2100 6540 6540
5592 CONNECTION 209 998 300 2100 6540 6540
5593 CONNECTION 209 681 300 2280 6120 6120
5594 CONNECTION 209 1004 300 2280 6120 6120
5595 CONNECTION 209 384 300 2520 8700 8700
5596 CONNECTION 209 486 300 2520 6900 6900
5597 CONNECTION 209 60 300 2700 7140 7140
5598 CONNECTION 209 842 300 2820 9000 9000
5599 CONNECTION 209 1010 300 3180 7560 7560
5600 CONNECTION 209 88 300 3480 7320 7320
5601 CONNECTION 209 320 300 4500 8940 8940
5602 CONNECTION 209 239 300 4680 8520 8520
5603 SINK 209 0 -1 -1 300 300
5604 CONNECTION 748 749 -1 -1 2100 2100
5605 CONNECTION 748 996 -1 -1 1860 1860
5606 CONNECTION 748 630 -1 -1 2880 2880
5607 CONNECTION 748 935 -1 -1 1920 1920
5608 CONNECTION 748 236 -1 -1 2460 2460
5609 CONNECTION 748 29 -1 -1 3240 3240
5610 CONNECTION 748 951 -1 -1 5040 5040
5611 CONNECTION 748 898 -1 -1 3480 3480
5612 CONNECTION 748 560 -1 -1 5340 5340
5613 CONNECTION 748 859 -1 -1 3900 3900
5614 CONNECTION 748 406 -1 -1 3660 3660
5615 CONNECTION 748 968 300 840 5280 5280
5616 CONNECTION 748 536 300 1020 4860 4860
5617 CONNECTION 748 655 300 1260 4740 4740
5618 CONNECTION 748 919 300 1320 5700 5700
5619 CONNECTION 748 265 300 1980 5460 5460
5620 CONNECTION 748 365 300 2040 5520 5520
5621 CONNECTION 748 880 300 2040 6480 6480
5622 CONNECTION 748 998 300 2040 6480 6480
5623 CONNECTION 748 681 300 2220 6060 6060
5624 CONNECTION 748 1004 300 2220 6060 6060
5625 CONNECTION 748 384 300 2460 8640 8640
5626 CONNECTION 748 486 300 2460 6840 6840
5627 CONNECTION 748 60 300 2640 7080 7080
5628 CONNECTION 748 842 300 2760 8940 8940
5629 CONNECTION 748 1010 300 3120 7500 7500
5630 CONNECTION 748 88 300 3420 7260 7260
5631 CONNECTION 748 320 300 4440 8880 8880
5632 CONNECTION 748 239 300 4620 8460 8460
5633 SINK 748 0 -1 -1 300 300
5634 CONNECTION 878 1007 -1 -1 1860 1860
5635 CONNECTION 878 382 -1 -1 4200 4200
5636 CONNECTION 878 131 -1 -1 3660 3660
5637 CONNECTION 878 704 300 600 4260 4260
5638 CONNECTION 878 343 300 1800 5460 5460
5639 CONNECTION 878 787 300 2520 7800 7800
5640 CONNECTION 878 579 300 3600 7260 7260
5641 CONNECTION 878 1023 300 4200 7860 7860
5642 CONNECTION 916 917 -1 -1 2160 2160
5643 CONNECTION 916 263 -1 -1 2820 2820
5644 CONNECTION 916 508 -1 -1 2340 2340
5645 CONNECTION 916 1008 -1 -1 3960 3960
5646 CONNECTION 916 187 -1 -1 3540 3540
5647 CONNECTION 916 725 300 480 4140 4140
5648 CONNECTION 916 132 300 1320 5760 5760
5649 CONNECTION 916 705 300 1980 6420 6420
5650 CONNECTION 916 820 300 2280 5940 5940
5651 CONNECTION 916 344 300 3120 7560 7560
5652 CONNECTION 916 632 300 3480 7140 7140
5653 CONNECTION 916 900 300 4080 7740 7740
5654 CONNECTION 6 7 -1 -1 2460 2460
5655 CONNECTION 6 654 -1 -1 2880 2880
5656 CONNECTION 6 750 -1 -1 4020 4020
5657 CONNECTION 6 59 -1 -1 4260 4260
5658 CONNECTION 6 860 300 960 5820 5820
5659 CONNECTION 6 111 300 1200 6060 6060
5660 CONNECTION 6 461 300 1380 6060 6060
5661 CONNECTION 6 319 300 1680 6060 6060
5662 CONNECTION 6 212 300 2100 6480 6480
5663 CONNECTION 6 920 300 2760 7620 7620
5664 CONNECTION 6 510 300 3480 7860 7860
5665 CONNECTION 6 1011 300 4560 9420 9420
5666 CONNECTION 6 562 300 4800 9660 9660
5667 CONNECTION 507 508 -1 -1 1380 1380
5668 CONNECTION 507 1008 -1 -1 3000 3000
5669 CONNECTION 507 187 -1 -1 2580 2580
5670 CONNECTION 507 725 -1 -1 3180 3180
5671 CONNECTION 507 132 300 360 4800 4800
5672 CONNECTION 507 705 300 1020 5460 5460
5673 CONNECTION 507 820 300 1320 4980 4980
5674 CONNECTION 507 344 300 2160 6600 6600
5675 CONNECTION 507 632 300 2520 6180 6180
5676 CONNECTION 507 900 300 3120 6780 6780
5677 CONNECTION 507 580 300 3960 8400 8400
5678 CONNECTION 507 1024 300 4620 9060 9060
5679 CONNECTION 603 604 -1 -1 1800 1800
5680 CONNECTION 603 28 -1 -1 1740 1740
5681 CONNECTION 603 1002 -1 -1 3000 3000
5682 CONNECTION 603 535 -1 -1 2700 2700
5683 CONNECTION 603 211 -1 -1 3060 3060
5684 CONNECTION 603 159 -1 -1 4200 4200
5685 CONNECTION 603 936 -1 -1 5520 5520
5686 CONNECTION 603 680 -1 -1 3900 3900
5687 CONNECTION 603 992 -1 -1 3900 3900
5688 CONNECTION 603 291 300 1320 5400 5400
5689 CONNECTION 603 879 300 1380 4860 4860
5690 CONNECTION 603 997 300 1380 4860 4860
5691 CONNECTION 603 87 300 1500 5100 5100
5692 CONNECTION 603 383 300 1740 5220 5220
5693 CONNECTION 603 485 300 1860 5340 5340
5694 CONNECTION 603 437 300 2520 6600 6600
5695 CONNECTION 603 238 300 2700 6300 6300
5696 CONNECTION 603 656 300 3060 6660 6660
5697 CONNECTION 603 607 300 3720 7800 7800
5698 CONNECTION 603 366 300 3840 9120 9120
5699 CONNECTION 603 408 300 3900 7500 7500
5700 CONNECTION 840 841 -1 -1 2580 2580
5701 CONNECTION 840 967 -1 -1 2580 2580
5702 CONNECTION 840 654 -1 -1 3000 3000
5703 CONNECTION 840 750 -1 -1 4140 4140
5704 CONNECTION 840 59 -1 -1 4380 4380
5705 CONNECTION 840 860 300 1080 5940 5940
5706 CONNECTION 840 111 300 1320 6180 6180
5707 CONNECTION 840 461 300 1500 6180 6180
5708 CONNECTION 840 319 300 1800 6180 6180
5709 CONNECTION 840 212 300 2220 6600 6600
5710 CONNECTION 840 920 300 2880 7740 7740
5711 CONNECTION 840 510 300 3600 7980 7980
5712 CONNECTION 840 1011 300 4680 9540 9540
5713 CONNECTION 434 435 -1 -1 1560 1560
5714 CONNECTION 434 605 -1 -1 2760 2760
5715 CONNECTION 434 86 -1 -1 3180 3180
5716 CONNECTION 434 1003 -1 -1 3960 3960
5717 CONNECTION 434 237 -1 -1 4380 4380
5718 CONNECTION 434 160 300 1320 5160 5160
5719 CONNECTION 434 407 300 1500 5580 5580
5720 CONNECTION 434 292 300 2520 6360 6360
5721 CONNECTION 434 537 300 2700 6780 6780
5722 CONNECTION 434 438 300 3720 7560 7560
5723 CONNECTION 434 682 300 3900 7980 7980
5724 CONNECTION 434 1005 300 3900 7980 7980
5725 CONNECTION 577 578 -1 -1 2580 2580
5726 CONNECTION 577 967 -1 -1 2820 2820
5727 CONNECTION 577 654 -1 -1 3240 3240
5728 CONNECTION 577 750 -1 -1 4380 4380
5729 CONNECTION 577 59 -1 -1 4620 4620
5730 CONNECTION 577 860 300 1320 6180 6180
5731 CONNECTION 577 111 300 1560 6420 6420
5732 CONNECTION 577 461 300 1740 6420 6420
5733 CONNECTION 577 319 300 2040 6420 6420
5734 CONNECTION 577 212 300 2460 6840 6840
5735 CONNECTION 577 920 300 3120 7980 7980
5736 CONNECTION 577 510 300 3840 8220 8220
5737 CONNECTION 771 704 -1 -1 2160 2160
5738 CONNECTION 771 343 -1 -1 3360 3360
5739 CONNECTION 771 787 300 420 5700 5700
5740 CONNECTION 771 579 300 1500 5160 5160
5741 CONNECTION 771 1023 300 2100 5760 5760
5742 CONNECTION 771 751 300 3300 6960 6960
5743 CONNECTION 771 952 300 4020 9300 9300
5744 CONNECTION 235 158 -1 -1 2100 2100
5745 CONNECTION 235 918 -1 -1 3900 3900
5746 CONNECTION 235 290 -1 -1 3300 3300
5747 CONNECTION 235 819 -1 -1 4140 4140
5748 CONNECTION 235 264 -1 -1 4560 4560
5749 CONNECTION 235 484 -1 -1 3840 3840
5750 CONNECTION 235 436 300 900 4500 4500
5751 CONNECTION 235 631 300 900 5340 5340
5752 CONNECTION 235 1009 300 1260 5700 5700
5753 CONNECTION 235 899 300 1500 5940 5940
5754 CONNECTION 235 606 300 2100 5700 5700
5755 CONNECTION 235 133 300 3060 7500 7500
5756 CONNECTION 235 969 300 3300 7740 7740
5757 CONNECTION 235 1017 300 3300 6900 6900
5758 CONNECTION 235 706 300 3720 8160 8160
5759 CONNECTION 235 30 300 3840 7440 7440
5760 CONNECTION 235 161 300 4500 8100 8100
5761 CONNECTION 235 881 300 4500 8940 8940
5762 CONNECTION 235 999 300 4500 8940 8940
5763 CONNECTION 317 382 -1 -1 3600 3600
5764 CONNECTION 317 131 -1 -1 3060 3060
5765 CONNECTION 317 704 -1 -1 3660 3660
5766 CONNECTION 317 343 300 1200 4860 4860
5767 CONNECTION 317 787 300 1920 7200 7200
5768 CONNECTION 317 579 300 3000 6660 6660
5769 CONNECTION 317 1023 300 3600 7260 7260
5770 CONNECTION 317 751 300 4800 8460 8460
5771 CONNECTION 966 967 -1 -1 2100 2100
5772 CONNECTION 966 750 -1 -1 3660 3660
5773 CONNECTION 966 59 -1 -1 3900 3900
5774 CONNECTION 966 860 300 600 5460 5460
5775 CONNECTION 966 111 300 840 5700 5700
5776 CONNECTION 966 461 300 1020 5700 5700
5777 CONNECTION 966 319 300 1320 5700 5700
5778 CONNECTION 966 212 300 1740 6120 6120
5779 CONNECTION 966 920 300 2400 7260 7260
5780 CONNECTION 966 510 300 3120 7500 7500
5781 CONNECTION 966 1011 300 4200 9060 9060
5782 CONNECTION 966 562 300 4440 9300 9300
5783 CONNECTION 966 803 300 4620 9300 9300
5784 CONNECTION 262 263 -1 -1 2220 2220
5785 CONNECTION 262 1008 -1 -1 3360 3360
5786 CONNECTION 262 187 -1 -1 2940 2940
5787 CONNECTION 262 725 -1 -1 3540 3540
5788 CONNECTION 262 132 300 720 5160 5160
5789 CONNECTION 262 705 300 1380 5820 5820
5790 CONNECTION 262 820 300 1680 5340 5340
5791 CONNECTION 262 344 300 2520 6960 6960
5792 CONNECTION 262 632 300 2880 6540 6540
5793 CONNECTION 262 900 300 3480 7140 7140
5794 CONNECTION 262 580 300 4320 8760 8760
5795 CONNECTION 342 460 -1 -1 3180 3180
5796 CONNECTION 342 318 -1 -1 3540 3540
5797 CONNECTION 342 509 300 480 5340 5340
5798 CONNECTION 342 802 300 1920 6780 6780
5799 CONNECTION 342 726 300 2280 7140 7140
5800 CONNECTION 342 821 300 4080 8940 8940
5801 CONNECTION 678 679 -1 -1 1920 1920
5802 CONNECTION 678 605 -1 -1 2700 2700
5803 CONNECTION 678 86 -1 -1 3120 3120
5804 CONNECTION 678 1003 -1 -1 3900 3900
5805 CONNECTION 678 237 -1 -1 4320 4320
5806 CONNECTION 678 160 300 1260 5100 5100
5807 CONNECTION 678 407 300 1440 5520 5520
5808 CONNECTION 678 292 300 2460 6300 6300
5809 CONNECTION 678 537 300 2640 6720 6720
5810 CONNECTION 678 438 300 3660 7500 7500
5811 CONNECTION 678 682 300 3840 7920 7920
5812 CONNECTION 678 1005 300 3840 7920 7920
5813 CONNECTION 990 991 -1 -1 1920 1920
5814 CONNECTION 990 605 -1 -1 2700 2700
5815 CONNECTION 990 86 -1 -1 3120 3120
5816 CONNECTION 990 1003 -1 -1 3900 3900
5817 CONNECTION 990 237 -1 -1 4320 4320
5818 CONNECTION 990 160 300 1260 5100 5100
5819 CONNECTION 990 407 300 1440 5520 5520
5820 CONNECTION 990 292 300 2460 6300 6300
5821 CONNECTION 990 537 300 2640 6720 6720
5822 CONNECTION 990 438 300 3660 7500 7500
5823 CONNECTION 990 682 300 3840 7920 7920
5824 CONNECTION 990 1005 300 3840 7920 7920
5825 CONNECTION 995 996 -1 -1 1200 1200
5826 CONNECTION 995 29 -1 -1 2580 2580
5827 CONNECTION 995 951 -1 -1 4380 4380
5828 CONNECTION 995 898 -1 -1 2820 2820
5829 CONNECTION 995 560 -1 -1 4680 4680
5830 CONNECTION 995 859 -1 -1 3240 3240
5831 CONNECTION 995 406 -1 -1 3000 3000
5832 CONNECTION 995 968 -1 -1 4620 4620
5833 CONNECTION 995 536 300 360 4200 4200
5834 CONNECTION 995 655 300 600 4080 4080
5835 CONNECTION 995 919 300 660 5040 5040
5836 CONNECTION 995 265 300 1320 4800 4800
5837 CONNECTION 995 365 300 1380 4860 4860
5838 CONNECTION 995 880 300 1380 5820 5820
5839 CONNECTION 995 998 300 1380 5820 5820
5840 CONNECTION 995 681 300 1560 5400 5400
5841 CONNECTION 995 1004 300 1560 5400 5400
5842 CONNECTION 995 384 300 1800 7980 7980
5843 CONNECTION 995 486 300 1800 6180 6180
5844 CONNECTION 995 60 300 1980 6420 6420
5845 CONNECTION 995 842 300 2100 8280 8280
5846 CONNECTION 995 1010 300 2460 6840 6840
5847 CONNECTION 995 88 300 2760 6600 6600
5848 CONNECTION 995 320 300 3780 8220 8220
5849 CONNECTION 995 239 300 3960 7800 7800
5850 CONNECTION 995 213 300 4200 7680 7680
5851 CONNECTION 995 134 300 4260 8640 8640
5852 SINK 995 0 -1 -1 300 300
5853 CONNECTION 27 28 -1 -1 1200 1200
5854 CONNECTION 27 1002 -1 -1 2460 2460
5855 CONNECTION 27 535 -1 -1 2160 2160
5856 CONNECTION 27 211 -1 -1 2520 2520
5857 CONNECTION 27 159 -1 -1 3660 3660
5858 CONNECTION 27 936 -1 -1 4980 4980
5859 CONNECTION 27 680 -1 -1 3360 3360
5860 CONNECTION 27 992 -1 -1 3360 3360
5861 CONNECTION 27 291 300 780 4860 4860
5862 CONNECTION 27 879 300 840 4320 4320
5863 CONNECTION 27 997 300 840 4320 4320
5864 CONNECTION 27 87 300 960 4560 4560
5865 CONNECTION 27 383 300 1200 4680 4680
5866 CONNECTION 27 485 300 1320 4800 4800
5867 CONNECTION 27 437 300 1980 6060 6060
5868 CONNECTION 27 238 300 2160 5760 5760
5869 CONNECTION 27 656 300 2520 6120 6120
5870 CONNECTION 27 607 300 3180 7260 7260
5871 CONNECTION 27 366 300 3300 8580 8580
5872 CONNECTION 27 408 300 3360 6960 6960
5873 CONNECTION 27 1018 300 4380 8460 8460
5874 CONNECTION 27 188 300 4440 7920 7920
5875 CONNECTION 27 538 300 4560 8160 8160
5876 CONNECTION 27 788 300 4800 8280 8280
5877 CONNECTION 289 236 -1 -1 2100 2100
5878 CONNECTION 289 29 -1 -1 2880 2880
5879 CONNECTION 289 951 -1 -1 4680 4680
5880 CONNECTION 289 898 -1 -1 3120 3120
5881 CONNECTION 289 560 -1 -1 4980 4980
5882 CONNECTION 289 859 -1 -1 3540 3540
5883 CONNECTION 289 406 -1 -1 3300 3300
5884 CONNECTION 289 968 300 480 4920 4920
5885 CONNECTION 289 536 300 660 4500 4500
5886 CONNECTION 289 655 300 900 4380 4380
5887 CONNECTION 289 919 300 960 5340 5340
5888 CONNECTION 289 265 300 1620 5100 5100
5889 CONNECTION 289 365 300 1680 5160 5160
5890 CONNECTION 289 880 300 1680 6120 6120
5891 CONNECTION 289 998 300 1680 6120 6120
5892 CONNECTION 289 681 300 1860 5700 5700
5893 CONNECTION 289 1004 300 1860 5700 5700
5894 CONNECTION 289 384 300 2100 8280 8280
5895 CONNECTION 289 486 300 2100 6480 6480
5896 CONNECTION 289 60 300 2280 6720 6720
5897 CONNECTION 289 842 300 2400 8580 8580
5898 CONNECTION 289 1010 300 2760 7140 7140
5899 CONNECTION 289 88 300 3060 6900 6900
5900 CONNECTION 289 320 300 4080 8520 8520
5901 CONNECTION 289 239 300 4260 8100 8100
5902 CONNECTION 289 213 300 4500 7980 7980
5903 CONNECTION 289 134 300 4560 8940 8940
5904 SINK 289 0 -1 -1 300 300
5905 CONNECTION 534 535 -1 -1 1320 1320
5906 CONNECTION 534 159 -1 -1 2820 2820
5907 CONNECTION 534 936 -1 -1 4140 4140
5908 CONNECTION 534 680 -1 -1 2520 2520
5909 CONNECTION 534 992 -1 -1 2520 2520
5910 CONNECTION 534 291 -1 -1 4020 4020
5911 CONNECTION 534 879 -1 -1 3480 3480
5912 CONNECTION 534 997 -1 -1 3480 3480
5913 CONNECTION 534 87 -1 -1 3720 3720
5914 CONNECTION 534 383 300 360 3840 3840
5915 CONNECTION 534 485 300 480 3960 3960
5916 CONNECTION 534 437 300 1140 5220 5220
5917 CONNECTION 534 238 300 1320 4920 4920
5918 CONNECTION 534 656 300 1680 5280 5280
5919 CONNECTION 534 607 300 2340 6420 6420
5920 CONNECTION 534 366 300 2460 7740 7740
5921 CONNECTION 534 408 300 2520 6120 6120
5922 CONNECTION 534 1018 300 3540 7620 7620
5923 CONNECTION 534 188 300 3600 7080 7080
5924 CONNECTION 534 538 300 3720 7320 7320
5925 CONNECTION 534 788 300 3960 7440 7440
5926 CONNECTION 534 31 300 4080 7560 7560
5927 CONNECTION 534 162 300 4740 8820 8820
5928 CONNECTION 897 898 -1 -1 2160 2160
5929 CONNECTION 897 859 -1 -1 2580 2580
5930 CONNECTION 897 406 -1 -1 2340 2340
5931 CONNECTION 897 968 -1 -1 3960 3960
5932 CONNECTION 897 536 -1 -1 3540 3540
5933 CONNECTION 897 655 -1 -1 3420 3420
5934 CONNECTION 897 919 -1 -1 4380 4380
5935 CONNECTION 897 265 300 660 4140 4140
5936 CONNECTION 897 365 300 720 4200 4200
5937 CONNECTION 897 880 300 720 5160 5160
5938 CONNECTION 897 998 300 720 5160 5160
5939 CONNECTION 897 681 300 900 4740 4740
5940 CONNECTION 897 1004 300 900 4740 4740
5941 CONNECTION 897 384 300 1140 7320 7320
5942 CONNECTION 897 486 300 1140 5520 5520
5943 CONNECTION 897 60 300 1320 5760 5760
5944 CONNECTION 897 842 300 1440 7620 7620
5945 CONNECTION 897 1010 300 1800 6180 6180
5946 CONNECTION 897 88 300 2100 5940 5940
5947 CONNECTION 897 320 300 3120 7560 7560
5948 CONNECTION 897 239 300 3300 7140 7140
5949 CONNECTION 897 213 300 3540 7020 7020
5950 CONNECTION 897 134 300 3600 7980 7980
5951 CONNECTION 897 707 300 4260 7740 7740
5952 CONNECTION 897 189 300 4320 8760 8760
5953 CONNECTION 897 773 300 4320 7800 7800
5954 CONNECTION 897 409 300 4500 8340 8340
5955 CONNECTION 897 32 300 4740 9120 9120
5956 CONNECTION 897 789 300 4740 10920 10920
5957 SINK 897 0 -1 -1 300 300
5958 CONNECTION 186 187 -1 -1 1380 1380
5959 CONNECTION 186 725 -1 -1 1980 1980
5960 CONNECTION 186 132 -1 -1 3600 3600
5961 CONNECTION 186 705 -1 -1 4260 4260
5962 CONNECTION 186 820 -1 -1 3780 3780
5963 CONNECTION 186 344 300 960 5400 5400
5964 CONNECTION 186 632 300 1320 4980 4980
5965 CONNECTION 186 900 300 1920 5580 5580
5966 CONNECTION 186 580 300 2760 7200 7200
5967 CONNECTION 186 1024 300 3420 7860 7860
5968 CONNECTION 186 970 300 3720 7380 7380
5969 CONNECTION 186 752 300 4560 9000 9000
5970 CONNECTION 917 918 -1 -1 2160 2160
5971 CONNECTION 917 264 -1 -1 2820 2820
5972 CONNECTION 917 484 -1 -1 2100 2100
5973 CONNECTION 917 436 -1 -1 2760 2760
5974 CONNECTION 917 631 -1 -1 3600 3600
5975 CONNECTION 917 1009 -1 -1 3960 3960
5976 CONNECTION 917 899 -1 -1 4200 4200
5977 CONNECTION 917 606 300 360 3960 3960
5978 CONNECTION 917 133 300 1320 5760 5760
5979 CONNECTION 917 969 300 1560 6000 6000
5980 CONNECTION 917 1017 300 1560 5160 5160
5981 CONNECTION 917 706 300 1980 6420 6420
5982 CONNECTION 917 30 300 2100 5700 5700
5983 CONNECTION 917 161 300 2760 6360 6360
5984 CONNECTION 917 881 300 2760 7200 7200
5985 CONNECTION 917 999 300 2760 7200 7200
5986 CONNECTION 917 345 300 3120 7560 7560
5987 CONNECTION 917 61 300 3360 7800 7800
5988 CONNECTION 917 293 300 3960 7560 7560
5989 CONNECTION 1001 1002 -1 -1 1800 1800
5990 CONNECTION 1001 211 -1 -1 1860 1860
5991 CONNECTION 1001 159 -1 -1 3000 3000
5992 CONNECTION 1001 936 -1 -1 4320 4320
5993 CONNECTION 1001 680 -1 -1 2700 2700
5994 CONNECTION 1001 992 -1 -1 2700 2700
5995 CONNECTION 1001 291 -1 -1 4200 4200
5996 CONNECTION 1001 879 -1 -1 3660 3660
5997 CONNECTION 1001 997 -1 -1 3660 3660
5998 CONNECTION 1001 87 -1 -1 3900 3900
5999 CONNECTION 1001 383 300 540 4020 4020
6000 CONNECTION 1001 485 300 660 4140 4140
6001 CONNECTION 1001 437 300 1320 5400 5400
6002 CONNECTION 1001 238 300 1500 5100 5100
6003 CONNECTION 1001 656 300 1860 5460 5460
6004 CONNECTION 1001 607 300 2520 6600 6600
6005 CONNECTION 1001 366 300 2640 7920 7920
6006 CONNECTION 1001 408 300 2700 6300 6300
6007 CONNECTION 1001 1018 300 3720 7800 7800
6008 CONNECTION 1001 188 300 3780 7260 7260
6009 CONNECTION 1001 538 300 3900 7500 7500
6010 CONNECTION 1001 788 300 4140 7620 7620
6011 CONNECTION 1001 31 300 4260 7740 7740
6012 CONNECTION 604 605 -1 -1 1560 1560
6013 CONNECTION 604 1003 -1 -1 2760 2760
6014 CONNECTION 604 237 -1 -1 3180 3180
6015 CONNECTION 604 160 -1 -1 3960 3960
6016 CONNECTION 604 407 -1 -1 4380 4380
6017 CONNECTION 604 292 300 1320 5160 5160
6018 CONNECTION 604 537 300 1500 5580 5580
6019 CONNECTION 604 438 300 2520 6360 6360
6020 CONNECTION 604 682 300 2700 6780 6780
6021 CONNECTION 604 1005 300 2700 6780 6780
6022 CONNECTION 604 608 300 3720 7560 7560
6023 CONNECTION 604 89 300 3900 7980 7980
6024 CONNECTION 629 630 -1 -1 2220 2220
6025 CONNECTION 629 29 -1 -1 2580 2580
6026 CONNECTION 629 951 -1 -1 4380 4380
6027 CONNECTION 629 898 -1 -1 2820 2820
6028 CONNECTION 629 560 -1 -1 4680 4680
6029 CONNECTION 629 859 -1 -1 3240 3240
6030 CONNECTION 629 406 -1 -1 3000 3000
6031 CONNECTION 629 968 -1 -1 4620 4620
6032 CONNECTION 629 536 300 360 4200 4200
6033 CONNECTION 629 655 300 600 4080 4080
6034 CONNECTION 629 919 300 660 5040 5040
6035 CONNECTION 629 265 300 1320 4800 4800
6036 CONNECTION 629 365 300 1380 4860 4860
6037 CONNECTION 629 880 300 1380 5820 5820
6038 CONNECTION 629 998 300 1380 5820 5820
6039 CONNECTION 629 681 300 1560 5400 5400
6040 CONNECTION 629 1004 300 1560 5400 5400
6041 CONNECTION 629 384 300 1800 7980 7980
6042 CONNECTION 629 486 300 1800 6180 6180
6043 CONNECTION 629 60 300 1980 6420 6420
6044 CONNECTION 629 842 300 2100 8280 8280
6045 CONNECTION 629 1010 300 2460 6840 6840
6046 CONNECTION 629 88 300 2760 6600 6600
6047 CONNECTION 629 320 300 3780 8220 8220
6048 CONNECTION 629 239 300 3960 7800 7800
6049 CONNECTION 629 213 300 4200 7680 7680
6050 CONNECTION 629 134 300 4260 8640 8640
6051 SINK 629 0 -1 -1 300 300
6052 CONNECTION 818 819 -1 -1 2160 2160
6053 CONNECTION 818 484 -1 -1 1860 1860
6054 CONNECTION 818 436 -1 -1 2520 2520
6055 CONNECTION 818 631 -1 -1 3360 3360
6056 CONNECTION 818 1009 -1 -1 3720 3720
6057 CONNECTION 818 899 -1 -1 3960 3960
6058 CONNECTION 818 606 -1 -1 3720 3720
6059 CONNECTION 818 133 300 1080 5520 5520
6060 CONNECTION 818 969 300 1320 5760 5760
6061 CONNECTION 818 1017 300 1320 4920 4920
6062 CONNECTION 818 706 300 1740 6180 6180
6063 CONNECTION 818 30 300 1860 5460 5460
6064 CONNECTION 818 161 300 2520 6120 6120
6065 CONNECTION 818 881 300 2520 6960 6960
6066 CONNECTION 818 999 300 2520 6960 6960
6067 CONNECTION 818 345 300 2880 7320 7320
6068 CONNECTION 818 61 300 3120 7560 7560
6069 CONNECTION 818 293 300 3720 7320 7320
6070 CONNECTION 818 581 300 4680 9120 9120
6071 CONNECTION 405 918 -1 -1 2700 2700
6072 CONNECTION 405 290 -1 -1 2100 2100
6073 CONNECTION 405 819 -1 -1 2940 2940
6074 CONNECTION 405 264 -1 -1 3360 3360
6075 CONNECTION 405 484 -1 -1 2640 2640
6076 CONNECTION 405 436 -1 -1 3300 3300
6077 CONNECTION 405 631 -1 -1 4140 4140
6078 CONNECTION 405 1009 -1 -1 4500 4500
6079 CONNECTION 405 899 -1 -1 4740 4740
6080 CONNECTION 405 606 300 900 4500 4500
6081 CONNECTION 405 133 300 1860 6300 6300
6082 CONNECTION 405 969 300 2100 6540 6540
6083 CONNECTION 405 1017 300 2100 5700 5700
6084 CONNECTION 405 706 300 2520 6960 6960
6085 CONNECTION 405 30 300 2640 6240 6240
6086 CONNECTION 405 161 300 3300 6900 6900
6087 CONNECTION 405 881 300 3300 7740 7740
6088 CONNECTION 405 999 300 3300 7740 7740
6089 CONNECTION 405 345 300 3660 8100 8100
6090 CONNECTION 405 61 300 3900 8340 8340
6091 CONNECTION 405 293 300 4500 8100 8100
6092 CONNECTION 801 265 -1 -1 1920 1920
6093 CONNECTION 801 365 -1 -1 1980 1980
6094 CONNECTION 801 880 -1 -1 2940 2940
6095 CONNECTION 801 998 -1 -1 2940 2940
6096 CONNECTION 801 681 -1 -1 2520 2520
6097 CONNECTION 801 1004 -1 -1 2520 2520
6098 CONNECTION 801 384 -1 -1 5100 5100
6099 CONNECTION 801 486 -1 -1 3300 3300
6100 CONNECTION 801 60 -1 -1 3540 3540
6101 CONNECTION 801 842 -1 -1 5400 5400
6102 CONNECTION 801 1010 -1 -1 3960 3960
6103 CONNECTION 801 88 -1 -1 3720 3720
6104 CONNECTION 801 320 300 900 5340 5340
6105 CONNECTION 801 239 300 1080 4920 4920
6106 CONNECTION 801 213 300 1320 4800 4800
6107 CONNECTION 801 134 300 1380 5760 5760
6108 CONNECTION 801 707 300 2040 5520 5520
6109 CONNECTION 801 189 300 2100 6540 6540
6110 CONNECTION 801 773 300 2100 5580 5580
6111 CONNECTION 801 409 300 2280 6120 6120
6112 CONNECTION 801 32 300 2520 6900 6900
6113 CONNECTION 801 789 300 2520 8700 8700
6114 CONNECTION 801 511 300 2700 7140 7140
6115 CONNECTION 801 112 300 2820 9000 9000
6116 CONNECTION 801 346 300 3180 7560 7560
6117 CONNECTION 801 539 300 3480 7320 7320
6118 CONNECTION 801 728 300 4500 8940 8940
6119 CONNECTION 801 684 300 4680 8520 8520
6120 CONNECTION 801 1020 300 4680 8520 8520
6121 SINK 801 0 -1 -1 300 300
6122 CONNECTION 858 859 -1 -1 2100 2100
6123 CONNECTION 858 968 -1 -1 3480 3480
6124 CONNECTION 858 536 -1 -1 3060 3060
6125 CONNECTION 858 655 -1 -1 2940 2940
6126 CONNECTION 858 919 -1 -1 3900 3900
6127 CONNECTION 858 265 -1 -1 3660 3660
6128 CONNECTION 858 365 -1 -1 3720 3720
6129 CONNECTION 858 880 -1 -1 4680 4680
6130 CONNECTION 858 998 -1 -1 4680 4680
6131 CONNECTION 858 681 300 420 4260 4260
6132 CONNECTION 858 1004 300 420 4260 4260
6133 CONNECTION 858 384 300 660 6840 6840
6134 CONNECTION 858 486 300 660 5040 5040
6135 CONNECTION 858 60 300 840 5280 5280
6136 CONNECTION 858 842 300 960 7140 7140
6137 CONNECTION 858 1010 300 1320 5700 5700
6138 CONNECTION 858 88 300 1620 5460 5460
6139 CONNECTION 858 320 300 2640 7080 7080
6140 CONNECTION 858 239 300 2820 6660 6660
6141 CONNECTION 858 213 300 3060 6540 6540
6142 CONNECTION 858 134 300 3120 7500 7500
6143 CONNECTION 858 707 300 3780 7260 7260
6144 CONNECTION 858 189 300 3840 8280 8280
6145 CONNECTION 858 773 300 3840 7320 7320
6146 CONNECTION 858 409 300 4020 7860 7860
6147 CONNECTION 858 32 300 4260 8640 8640
6148 CONNECTION 858 789 300 4260 10440 10440
6149 CONNECTION 858 511 300 4440 8880 8880
6150 CONNECTION 858 112 300 4560 10740 10740
6151 SINK 858 0 -1 -1 300 300
6152 CONNECTION 85 86 -1 -1 1920 1920
6153 CONNECTION 85 1003 -1 -1 2700 2700
6154 CONNECTION 85 237 -1 -1 3120 3120
6155 CONNECTION 85 160 -1 -1 3900 3900
6156 CONNECTION 85 407 -1 -1 4320 4320
6157 CONNECTION 85 292 300 1260 5100 5100
6158 CONNECTION 85 537 300 1440 5520 5520
6159 CONNECTION 85 438 300 2460 6300 6300
6160 CONNECTION 85 682 300 2640 6720 6720
6161 CONNECTION 85 1005 300 2640 6720 6720
6162 CONNECTION 85 608 300 3660 7500 7500
6163 CONNECTION 85 89 300 3840 7920 7920
6164 CONNECTION 1007 1008 -1 -1 2160 2160
6165 CONNECTION 1007 725 -1 -1 2340 2340
6166 CONNECTION 1007 132 -1 -1 3960 3960
6167 CONNECTION 1007 705 -1 -1 4620 4620
6168 CONNECTION 1007 820 300 480 4140 4140
6169 CONNECTION 1007 344 300 1320 5760 5760
6170 CONNECTION 1007 632 300 1680 5340 5340
6171 CONNECTION 1007 900 300 2280 5940 5940
6172 CONNECTION 1007 580 300 3120 7560 7560
6173 CONNECTION 1007 1024 300 3780 8220 8220
6174 CONNECTION 1007 970 300 4080 7740 7740
6175 CONNECTION 950 951 -1 -1 4020 4020
6176 CONNECTION 950 859 -1 -1 2880 2880
6177 CONNECTION 950 406 -1 -1 2640 2640
6178 CONNECTION 950 968 -1 -1 4260 4260
6179 CONNECTION 950 536 -1 -1 3840 3840
6180 CONNECTION 950 655 -1 -1 3720 3720
6181 CONNECTION 950 919 -1 -1 4680 4680
6182 CONNECTION 950 265 300 960 4440 4440
6183 CONNECTION 950 365 300 1020 4500 4500
6184 CONNECTION 950 880 300 1020 5460 5460
6185 CONNECTION 950 998 300 1020 5460 5460
6186 CONNECTION 950 681 300 1200 5040 5040
6187 CONNECTION 950 1004 300 1200 5040 5040
6188 CONNECTION 950 384 300 1440 7620 7620
6189 CONNECTION 950 486 300 1440 5820 5820
6190 CONNECTION 950 60 300 1620 6060 6060
6191 CONNECTION 950 842 300 1740 7920 7920
6192 CONNECTION 950 1010 300 2100 6480 6480
6193 CONNECTION 950 88 300 2400 6240 6240
6194 CONNECTION 950 320 300 3420 7860 7860
6195 CONNECTION 950 239 300 3600 7440 7440
6196 CONNECTION 950 213 300 3840 7320 7320
6197 CONNECTION 950 134 300 3900 8280 8280
6198 CONNECTION 950 707 300 4560 8040 8040
6199 CONNECTION 950 189 300 4620 9060 9060
6200 CONNECTION 950 773 300 4620 8100 8100
6201 CONNECTION 950 409 300 4800 8640 8640
6202 SINK 950 0 -1 -1 300 300
6203 CONNECTION 724 725 -1 -1 1380 1380
6204 CONNECTION 724 132 -1 -1 3000 3000
6205 CONNECTION 724 705 -1 -1 3660 3660
6206 CONNECTION 724 820 -1 -1 3180 3180
6207 CONNECTION 724 344 300 360 4800 4800
6208 CONNECTION 724 632 300 720 4380 4380
6209 CONNECTION 724 900 300 1320 4980 4980
6210 CONNECTION 724 580 300 2160 6600 6600
6211 CONNECTION 724 1024 300 2820 7260 7260
6212 CONNECTION 724 970 300 3120 6780 6780
6213 CONNECTION 724 752 300 3960 8400 8400
6214 CONNECTION 724 882 300 4320 7980 7980
6215 CONNECTION 724 1000 300 4320 7980 7980
6216 CONNECTION 28 29 -1 -1 2100 2100
6217 CONNECTION 28 859 -1 -1 2760 2760
6218 CONNECTION 28 406 -1 -1 2520 2520
6219 CONNECTION 28 968 -1 -1 4140 4140
6220 CONNECTION 28 536 -1 -1 3720 3720
6221 CONNECTION 28 655 -1 -1 3600 3600
6222 CONNECTION 28 919 -1 -1 4560 4560
6223 CONNECTION 28 265 300 840 4320 4320
6224 CONNECTION 28 365 300 900 4380 4380
6225 CONNECTION 28 880 300 900 5340 5340
6226 CONNECTION 28 998 300 900 5340 5340
6227 CONNECTION 28 681 300 1080 4920 4920
6228 CONNECTION 28 1004 300 1080 4920 4920
6229 CONNECTION 28 384 300 1320 7500 7500
6230 CONNECTION 28 486 300 1320 5700 5700
6231 CONNECTION 28 60 300 1500 5940 5940
6232 CONNECTION 28 842 300 1620 7800 7800
6233 CONNECTION 28 1010 300 1980 6360 6360
6234 CONNECTION 28 88 300 2280 6120 6120
6235 CONNECTION 28 320 300 3300 7740 7740
6236 CONNECTION 28 239 300 3480 7320 7320
6237 CONNECTION 28 213 300 3720 7200 7200
6238 CONNECTION 28 134 300 3780 8160 8160
6239 CONNECTION 28 707 300 4440 7920 7920
6240 CONNECTION 28 189 300 4500 8940 8940
6241 CONNECTION 28 773 300 4500 7980 7980
6242 CONNECTION 28 409 300 4680 8520 8520
6243 SINK 28 0 -1 -1 300 300
6244 CONNECTION 210 211 -1 -1 1320 1320
6245 CONNECTION 210 159 -1 -1 2460 2460
6246 CONNECTION 210 936 -1 -1 3780 3780
6247 CONNECTION 210 680 -1 -1 2160 2160
6248 CONNECTION 210 992 -1 -1 2160 2160
6249 CONNECTION 210 291 -1 -1 3660 3660
6250 CONNECTION 210 879 -1 -1 3120 3120
6251 CONNECTION 210 997 -1 -1 3120 3120
6252 CONNECTION 210 87 -1 -1 3360 3360
6253 CONNECTION 210 383 -1 -1 3480 3480
6254 CONNECTION 210 485 -1 -1 3600 3600
6255 CONNECTION 210 437 300 780 4860 4860
6256 CONNECTION 210 238 300 960 4560 4560
6257 CONNECTION 210 656 300 1320 4920 4920
6258 CONNECTION 210 607 300 1980 6060 6060
6259 CONNECTION 210 366 300 2100 7380 7380
6260 CONNECTION 210 408 300 2160 5760 5760
6261 CONNECTION 210 1018 300 3180 7260 7260
6262 CONNECTION 210 188 300 3240 6720 6720
6263 CONNECTION 210 538 300 3360 6960 6960
6264 CONNECTION 210 788 300 3600 7080 7080
6265 CONNECTION 210 31 300 3720 7200 7200
6266 CONNECTION 210 162 300 4380 8460 8460
6267 CONNECTION 210 683 300 4560 8160 8160
6268 CONNECTION 210 1006 300 4560 8160 8160
6269 CONNECTION 263 264 -1 -1 2160 2160
6270 CONNECTION 263 436 -1 -1 2100 2100
6271 CONNECTION 263 631 -1 -1 2940 2940
6272 CONNECTION 263 1009 -1 -1 3300 3300
6273 CONNECTION 263 899 -1 -1 3540 3540
6274 CONNECTION 263 606 -1 -1 3300 3300
6275 CONNECTION 263 133 300 660 5100 5100
6276 CONNECTION 263 969 300 900 5340 5340
6277 CONNECTION 263 1017 300 900 4500 4500
6278 CONNECTION 263 706 300 1320 5760 5760
6279 CONNECTION 263 30 300 1440 5040 5040
6280 CONNECTION 263 161 300 2100 5700 5700
6281 CONNECTION 263 881 300 2100 6540 6540
6282 CONNECTION 263 999 300 2100 6540 6540
6283 CONNECTION 263 345 300 2460 6900 6900
6284 CONNECTION 263 61 300 2700 7140 7140
6285 CONNECTION 263 293 300 3300 6900 6900
6286 CONNECTION 263 581 300 4260 8700 8700
6287 CONNECTION 263 321 300 4500 8940 8940
6288 CONNECTION 263 439 300 4500 8100 8100
6289 CONNECTION 435 406 -1 -1 2100 2100
6290 CONNECTION 435 968 -1 -1 3720 3720
6291 CONNECTION 435 536 -1 -1 3300 3300
6292 CONNECTION 435 655 -1 -1 3180 3180
6293 CONNECTION 435 919 -1 -1 4140 4140
6294 CONNECTION 435 265 300 420 3900 3900
6295 CONNECTION 435 365 300 480 3960 3960
6296 CONNECTION 435 880 300 480 4920 4920
6297 CONNECTION 435 998 300 480 4920 4920
6298 CONNECTION 435 681 300 660 4500 4500
6299 CONNECTION 435 1004 300 660 4500 4500
6300 CONNECTION 435 384 300 900 7080 7080
6301 CONNECTION 435 486 300 900 5280 5280
6302 CONNECTION 435 60 300 1080 5520 5520
6303 CONNECTION 435 842 300 1200 7380 7380
6304 CONNECTION 435 1010 300 1560 5940 5940
6305 CONNECTION 435 88 300 1860 5700 5700
6306 CONNECTION 435 320 300 2880 7320 7320
6307 CONNECTION 435 239 300 3060 6900 6900
6308 CONNECTION 435 213 300 3300 6780 6780
6309 CONNECTION 435 134 300 3360 7740 7740
6310 CONNECTION 435 707 300 4020 7500 7500
6311 CONNECTION 435 189 300 4080 8520 8520
6312 CONNECTION 435 773 300 4080 7560 7560
6313 CONNECTION 435 409 300 4260 8100 8100
6314 CONNECTION 435 32 300 4500 8880 8880
6315 CONNECTION 435 789 300 4500 10680 10680
6316 CONNECTION 435 511 300 4680 9120 9120
6317 CONNECTION 435 112 300 4800 10980 10980
6318 SINK 435 0 -1 -1 300 300
6319 CONNECTION 749 750 -1 -1 2580 2580
6320 CONNECTION 749 59 -1 -1 2820 2820
6321 CONNECTION 749 860 -1 -1 4380 4380
6322 CONNECTION 749 111 -1 -1 4620 4620
6323 CONNECTION 749 461 -1 -1 4620 4620
6324 CONNECTION 749 319 -1 -1 4620 4620
6325 CONNECTION 749 212 300 660 5040 5040
6326 CONNECTION 749 920 300 1320 6180 6180
6327 CONNECTION 749 510 300 2040 6420 6420
6328 CONNECTION 749 1011 300 3120 7980 7980
6329 CONNECTION 749 562 300 3360 8220 8220
6330 CONNECTION 749 803 300 3540 8220 8220
6331 CONNECTION 749 727 300 3840 8220 8220
6332 CONNECTION 749 657 300 4260 8640 8640
6333 CONNECTION 679 680 -1 -1 1320 1320
6334 CONNECTION 679 291 -1 -1 2820 2820
6335 CONNECTION 679 879 -1 -1 2280 2280
6336 CONNECTION 679 997 -1 -1 2280 2280
6337 CONNECTION 679 87 -1 -1 2520 2520
6338 CONNECTION 679 383 -1 -1 2640 2640
6339 CONNECTION 679 485 -1 -1 2760 2760
6340 CONNECTION 679 437 -1 -1 4020 4020
6341 CONNECTION 679 238 -1 -1 3720 3720
6342 CONNECTION 679 656 300 480 4080 4080
6343 CONNECTION 679 607 300 1140 5220 5220
6344 CONNECTION 679 366 300 1260 6540 6540
6345 CONNECTION 679 408 300 1320 4920 4920
6346 CONNECTION 679 1018 300 2340 6420 6420
6347 CONNECTION 679 188 300 2400 5880 5880
6348 CONNECTION 679 538 300 2520 6120 6120
6349 CONNECTION 679 788 300 2760 6240 6240
6350 CONNECTION 679 31 300 2880 6360 6360
6351 CONNECTION 679 162 300 3540 7620 7620
6352 CONNECTION 679 683 300 3720 7320 7320
6353 CONNECTION 679 1006 300 3720 7320 7320
6354 CONNECTION 679 214 300 4080 7680 7680
6355 CONNECTION 679 294 300 4740 8820 8820
6356 CONNECTION 991 992 -1 -1 1320 1320
6357 CONNECTION 991 291 -1 -1 2820 2820
6358 CONNECTION 991 879 -1 -1 2280 2280
6359 CONNECTION 991 997 -1 -1 2280 2280
6360 CONNECTION 991 87 -1 -1 2520 2520
6361 CONNECTION 991 383 -1 -1 2640 2640
6362 CONNECTION 991 485 -1 -1 2760 2760
6363 CONNECTION 991 437 -1 -1 4020 4020
6364 CONNECTION 991 238 -1 -1 3720 3720
6365 CONNECTION 991 656 300 480 4080 4080
6366 CONNECTION 991 607 300 1140 5220 5220
6367 CONNECTION 991 366 300 1260 6540 6540
6368 CONNECTION 991 408 300 1320 4920 4920
6369 CONNECTION 991 1018 300 2340 6420 6420
6370 CONNECTION 991 188 300 2400 5880 5880
6371 CONNECTION 991 538 300 2520 6120 6120
6372 CONNECTION 991 788 300 2760 6240 6240
6373 CONNECTION 991 31 300 2880 6360 6360
6374 CONNECTION 991 162 300 3540 7620 7620
6375 CONNECTION 991 683 300 3720 7320 7320
6376 CONNECTION 991 1006 300 3720 7320 7320
6377 CONNECTION 991 214 300 4080 7680 7680
6378 CONNECTION 991 294 300 4740 8820 8820
6379 CONNECTION 58 59 -1 -1 2100 2100
6380 CONNECTION 58 860 -1 -1 3660 3660
6381 CONNECTION 58 111 -1 -1 3900 3900
6382 CONNECTION 58 461 -1 -1 3900 3900
6383 CONNECTION 58 319 -1 -1 3900 3900
6384 CONNECTION 58 212 -1 -1 4320 4320
6385 CONNECTION 58 920 300 600 5460 5460
6386 CONNECTION 58 510 300 1320 5700 5700
6387 CONNECTION 58 1011 300 2400 7260 7260
6388 CONNECTION 58 562 300 2640 7500 7500
6389 CONNECTION 58 803 300 2820 7500 7500
6390 CONNECTION 58 727 300 3120 7500 7500
6391 CONNECTION 58 657 300 3540 7920 7920
6392 CONNECTION 58 135 300 4200 9060 9060
6393 CONNECTION 508 704 -1 -1 1860 1860
6394 CONNECTION 508 343 -1 -1 3060 3060
6395 CONNECTION 508 787 -1 -1 5400 5400
6396 CONNECTION 508 579 300 1200 4860 4860
6397 CONNECTION 508 1023 300 1800 5460 5460
6398 CONNECTION 508 751 300 3000 6660 6660
6399 CONNECTION 508 952 300 3720 9000 9000
6400 CONNECTION 508 861 300 4800 8460 8460
6401 CONNECTION 578 509 -1 -1 3540 3540
6402 CONNECTION 578 802 -1 -1 4980 4980
6403 CONNECTION 578 726 300 480 5340 5340
6404 CONNECTION 578 821 300 2280 7140 7140
6405 CONNECTION 578 9 300 3720 8580 8580
6406 CONNECTION 578 901 300 4080 8940 8940
6407 CONNECTION 364 365 -1 -1 1200 1200
6408 CONNECTION 364 60 -1 -1 2760 2760
6409 CONNECTION 364 842 -1 -1 4620 4620
6410 CONNECTION 364 1010 -1 -1 3180 3180
6411 CONNECTION 364 88 -1 -1 2940 2940
6412 CONNECTION 364 320 -1 -1 4560 4560
6413 CONNECTION 364 239 -1 -1 4140 4140
6414 CONNECTION 364 213 300 540 4020 4020
6415 CONNECTION 364 134 300 600 4980 4980
6416 CONNECTION 364 707 300 1260 4740 4740
6417 CONNECTION 364 189 300 1320 5760 5760
6418 CONNECTION 364 773 300 1320 4800 4800
6419 CONNECTION 364 409 300 1500 5340 5340
6420 CONNECTION 364 32 300 1740 6120 6120
6421 CONNECTION 364 789 300 1740 7920 7920
6422 CONNECTION 364 511 300 1920 6360 6360
6423 CONNECTION 364 112 300 2040 8220 8220
6424 CONNECTION 364 346 300 2400 6780 6780
6425 CONNECTION 364 539 300 2700 6540 6540
6426 CONNECTION 364 728 300 3720 8160 8160
6427 CONNECTION 364 684 300 3900 7740 7740
6428 CONNECTION 364 1020 300 3900 7740 7740
6429 CONNECTION 364 658 300 4140 7620 7620
6430 CONNECTION 364 582 300 4200 8580 8580
6431 SINK 364 0 -1 -1 300 300
6432 CONNECTION 382 383 -1 -1 1200 1200
6433 CONNECTION 382 437 -1 -1 2580 2580
6434 CONNECTION 382 238 -1 -1 2280 2280
6435 CONNECTION 382 656 -1 -1 2640 2640
6436 CONNECTION 382 607 -1 -1 3780 3780
6437 CONNECTION 382 366 -1 -1 5100 5100
6438 CONNECTION 382 408 -1 -1 3480 3480
6439 CONNECTION 382 1018 300 900 4980 4980
6440 CONNECTION 382 188 300 960 4440 4440
6441 CONNECTION 382 538 300 1080 4680 4680
6442 CONNECTION 382 788 300 1320 4800 4800
6443 CONNECTION 382 31 300 1440 4920 4920
6444 CONNECTION 382 162 300 2100 6180 6180
6445 CONNECTION 382 683 300 2280 5880 5880
6446 CONNECTION 382 1006 300 2280 5880 5880
6447 CONNECTION 382 214 300 2640 6240 6240
6448 CONNECTION 382 294 300 3300 7380 7380
6449 CONNECTION 382 774 300 3420 8700 8700
6450 CONNECTION 382 90 300 3480 7080 7080
6451 CONNECTION 382 440 300 4500 8580 8580
6452 CONNECTION 382 633 300 4560 8040 8040
6453 CONNECTION 382 241 300 4680 8280 8280
6454 CONNECTION 158 159 -1 -1 1800 1800
6455 CONNECTION 158 291 -1 -1 3000 3000
6456 CONNECTION 158 879 -1 -1 2460 2460
6457 CONNECTION 158 997 -1 -1 2460 2460
6458 CONNECTION 158 87 -1 -1 2700 2700
6459 CONNECTION 158 383 -1 -1 2820 2820
6460 CONNECTION 158 485 -1 -1 2940 2940
6461 CONNECTION 158 437 -1 -1 4200 4200
6462 CONNECTION 158 238 -1 -1 3900 3900
6463 CONNECTION 158 656 300 660 4260 4260
6464 CONNECTION 158 607 300 1320 5400 5400
6465 CONNECTION 158 366 300 1440 6720 6720
6466 CONNECTION 158 408 300 1500 5100 5100
6467 CONNECTION 158 1018 300 2520 6600 6600
6468 CONNECTION 158 188 300 2580 6060 6060
6469 CONNECTION 158 538 300 2700 6300 6300
6470 CONNECTION 158 788 300 2940 6420 6420
6471 CONNECTION 158 31 300 3060 6540 6540
6472 CONNECTION 158 162 300 3720 7800 7800
6473 CONNECTION 158 683 300 3900 7500 7500
6474 CONNECTION 158 1006 300 3900 7500 7500
6475 CONNECTION 158 214 300 4260 7860 7860
6476 CONNECTION 841 509 -1 -1 3300 3300
6477 CONNECTION 841 802 -1 -1 4740 4740
6478 CONNECTION 841 726 -1 -1 5100 5100
6479 CONNECTION 841 821 300 2040 6900 6900
6480 CONNECTION 841 9 300 3480 8340 8340
6481 CONNECTION 841 901 300 3840 8700 8700
6482 CONNECTION 1002 1003 -1 -1 1560 1560
6483 CONNECTION 1002 160 -1 -1 2760 2760
6484 CONNECTION 1002 407 -1 -1 3180 3180
6485 CONNECTION 1002 292 -1 -1 3960 3960
6486 CONNECTION 1002 537 -1 -1 4380 4380
6487 CONNECTION 1002 438 300 1320 5160 5160
6488 CONNECTION 1002 682 300 1500 5580 5580
6489 CONNECTION 1002 1005 300 1500 5580 5580
6490 CONNECTION 1002 608 300 2520 6360 6360
6491 CONNECTION 1002 89 300 2700 6780 6780
6492 CONNECTION 1002 1019 300 3720 7560 7560
6493 CONNECTION 1002 240 300 3900 7980 7980
6494 CONNECTION 996 291 -1 -1 2940 2940
6495 CONNECTION 996 879 -1 -1 2400 2400
6496 CONNECTION 996 997 -1 -1 2400 2400
6497 CONNECTION 996 87 -1 -1 2640 2640
6498 CONNECTION 996 383 -1 -1 2760 2760
6499 CONNECTION 996 485 -1 -1 2880 2880
6500 CONNECTION 996 437 -1 -1 4140 4140
6501 CONNECTION 996 238 -1 -1 3840 3840
6502 CONNECTION 996 656 300 600 4200 4200
6503 CONNECTION 996 607 300 1260 5340 5340
6504 CONNECTION 996 366 300 1380 6660 6660
6505 CONNECTION 996 408 300 1440 5040 5040
6506 CONNECTION 996 1018 300 2460 6540 6540
6507 CONNECTION 996 188 300 2520 6000 6000
6508 CONNECTION 996 538 300 2640 6240 6240
6509 CONNECTION 996 788 300 2880 6360 6360
6510 CONNECTION 996 31 300 3000 6480 6480
6511 CONNECTION 996 162 300 3660 7740 7740
6512 CONNECTION 996 683 300 3840 7440 7440
6513 CONNECTION 996 1006 300 3840 7440 7440
6514 CONNECTION 996 214 300 4200 7800 7800
6515 CONNECTION 7 8 -1 -1 4020 4020
6516 CONNECTION 7 772 -1 -1 4800 4800
6517 CONNECTION 7 561 -1 -1 4620 4620
6518 CONNECTION 7 462 300 1440 7620 7620
6519 CONNECTION 7 937 300 2220 8400 8400
6520 CONNECTION 7 843 300 3540 8220 8220
6521 CONNECTION 630 631 -1 -1 2160 2160
6522 CONNECTION 630 899 -1 -1 2760 2760
6523 CONNECTION 630 606 -1 -1 2520 2520
6524 CONNECTION 630 133 -1 -1 4320 4320
6525 CONNECTION 630 969 -1 -1 4560 4560
6526 CONNECTION 630 1017 -1 -1 3720 3720
6527 CONNECTION 630 706 300 540 4980 4980
6528 CONNECTION 630 30 300 660 4260 4260
6529 CONNECTION 630 161 300 1320 4920 4920
6530 CONNECTION 630 881 300 1320 5760 5760
6531 CONNECTION 630 999 300 1320 5760 5760
6532 CONNECTION 630 345 300 1680 6120 6120
6533 CONNECTION 630 61 300 1920 6360 6360
6534 CONNECTION 630 293 300 2520 6120 6120
6535 CONNECTION 630 581 300 3480 7920 7920
6536 CONNECTION 630 321 300 3720 8160 8160
6537 CONNECTION 630 439 300 3720 7320 7320
6538 CONNECTION 630 1025 300 4140 8580 8580
6539 CONNECTION 630 487 300 4260 7860 7860
6540 CONNECTION 935 936 -1 -1 3000 3000
6541 CONNECTION 935 291 -1 -1 2880 2880
6542 CONNECTION 935 879 -1 -1 2340 2340
6543 CONNECTION 935 997 -1 -1 2340 2340
6544 CONNECTION 935 87 -1 -1 2580 2580
6545 CONNECTION 935 383 -1 -1 2700 2700
6546 CONNECTION 935 485 -1 -1 2820 2820
6547 CONNECTION 935 437 -1 -1 4080 4080
6548 CONNECTION 935 238 -1 -1 3780 3780
6549 CONNECTION 935 656 300 540 4140 4140
6550 CONNECTION 935 607 300 1200 5280 5280
6551 CONNECTION 935 366 300 1320 6600 6600
6552 CONNECTION 935 408 300 1380 4980 4980
6553 CONNECTION 935 1018 300 2400 6480 6480
6554 CONNECTION 935 188 300 2460 5940 5940
6555 CONNECTION 935 538 300 2580 6180 6180
6556 CONNECTION 935 788 300 2820 6300 6300
6557 CONNECTION 935 31 300 2940 6420 6420
6558 CONNECTION 935 162 300 3600 7680 7680
6559 CONNECTION 935 683 300 3780 7380 7380
6560 CONNECTION 935 1006 300 3780 7380 7380
6561 CONNECTION 935 214 300 4140 7740 7740
6562 CONNECTION 935 294 300 4800 8880 8880
6563 CONNECTION 535 436 -1 -1 2100 2100
6564 CONNECTION 535 631 -1 -1 2940 2940
6565 CONNECTION 535 1009 -1 -1 3300 3300
6566 CONNECTION 535 899 -1 -1 3540 3540
6567 CONNECTION 535 606 -1 -1 3300 3300
6568 CONNECTION 535 133 300 660 5100 5100
6569 CONNECTION 535 969 300 900 5340 5340
6570 CONNECTION 535 1017 300 900 4500 4500
6571 CONNECTION 535 706 300 1320 5760 5760
6572 CONNECTION 535 30 300 1440 5040 5040
6573 CONNECTION 535 161 300 2100 5700 5700
6574 CONNECTION 535 881 300 2100 6540 6540
6575 CONNECTION 535 999 300 2100 6540 6540
6576 CONNECTION 535 345 300 2460 6900 6900
6577 CONNECTION 535 61 300 2700 7140 7140
6578 CONNECTION 535 293 300 3300 6900 6900
6579 CONNECTION 535 581 300 4260 8700 8700
6580 CONNECTION 535 321 300 4500 8940 8940
6581 CONNECTION 535 439 300 4500 8100 8100
6582 CONNECTION 236 237 -1 -1 1920 1920
6583 CONNECTION 236 160 -1 -1 2700 2700
6584 CONNECTION 236 407 -1 -1 3120 3120
6585 CONNECTION 236 292 -1 -1 3900 3900
6586 CONNECTION 236 537 -1 -1 4320 4320
6587 CONNECTION 236 438 300 1260 5100 5100
6588 CONNECTION 236 682 300 1440 5520 5520
6589 CONNECTION 236 1005 300 1440 5520 5520
6590 CONNECTION 236 608 300 2460 6300 6300
6591 CONNECTION 236 89 300 2640 6720 6720
6592 CONNECTION 236 1019 300 3660 7500 7500
6593 CONNECTION 236 240 300 3840 7920 7920
6594 CONNECTION 967 968 -1 -1 2160 2160
6595 CONNECTION 967 919 -1 -1 2580 2580
6596 CONNECTION 967 265 -1 -1 2340 2340
6597 CONNECTION 967 365 -1 -1 2400 2400
6598 CONNECTION 967 880 -1 -1 3360 3360
6599 CONNECTION 967 998 -1 -1 3360 3360
6600 CONNECTION 967 681 -1 -1 2940 2940
6601 CONNECTION 967 1004 -1 -1 2940 2940
6602 CONNECTION 967 384 -1 -1 5520 5520
6603 CONNECTION 967 486 -1 -1 3720 3720
6604 CONNECTION 967 60 -1 -1 3960 3960
6605 CONNECTION 967 842 -1 -1 5820 5820
6606 CONNECTION 967 1010 -1 -1 4380 4380
6607 CONNECTION 967 88 -1 -1 4140 4140
6608 CONNECTION 967 320 300 1320 5760 5760
6609 CONNECTION 967 239 300 1500 5340 5340
6610 CONNECTION 967 213 300 1740 5220 5220
6611 CONNECTION 967 134 300 1800 6180 6180
6612 CONNECTION 967 707 300 2460 5940 5940
6613 CONNECTION 967 189 300 2520 6960 6960
6614 CONNECTION 967 773 300 2520 6000 6000
6615 CONNECTION 967 409 300 2700 6540 6540
6616 CONNECTION 967 32 300 2940 7320 7320
6617 CONNECTION 967 789 300 2940 9120 9120
6618 CONNECTION 967 511 300 3120 7560 7560
6619 CONNECTION 967 112 300 3240 9420 9420
6620 CONNECTION 967 346 300 3600 7980 7980
6621 CONNECTION 967 539 300 3900 7740 7740
6622 SINK 967 0 -1 -1 300 300
6623 CONNECTION 1008 1009 -1 -1 2160 2160
6624 CONNECTION 1008 606 -1 -1 2160 2160
6625 CONNECTION 1008 133 -1 -1 3960 3960
6626 CONNECTION 1008 969 -1 -1 4200 4200
6627 CONNECTION 1008 1017 -1 -1 3360 3360
6628 CONNECTION 1008 706 -1 -1 4620 4620
6629 CONNECTION 1008 30 -1 -1 3900 3900
6630 CONNECTION 1008 161 300 960 4560 4560
6631 CONNECTION 1008 881 300 960 5400 5400
6632 CONNECTION 1008 999 300 960 5400 5400
6633 CONNECTION 1008 345 300 1320 5760 5760
6634 CONNECTION 1008 61 300 1560 6000 6000
6635 CONNECTION 1008 293 300 2160 5760 5760
6636 CONNECTION 1008 581 300 3120 7560 7560
6637 CONNECTION 1008 321 300 3360 7800 7800
6638 CONNECTION 1008 439 300 3360 6960 6960
6639 CONNECTION 1008 1025 300 3780 8220 8220
6640 CONNECTION 1008 487 300 3900 7500 7500
6641 CONNECTION 1008 190 300 4560 9000 9000
6642 CONNECTION 1008 609 300 4560 8160 8160
6643 CONNECTION 29 860 -1 -1 3240 3240
6644 CONNECTION 29 111 -1 -1 3480 3480
6645 CONNECTION 29 461 -1 -1 3480 3480
6646 CONNECTION 29 319 -1 -1 3480 3480
6647 CONNECTION 29 212 -1 -1 3900 3900
6648 CONNECTION 29 920 -1 -1 5040 5040
6649 CONNECTION 29 510 300 900 5280 5280
6650 CONNECTION 29 1011 300 1980 6840 6840
6651 CONNECTION 29 562 300 2220 7080 7080
6652 CONNECTION 29 803 300 2400 7080 7080
6653 CONNECTION 29 727 300 2700 7080 7080
6654 CONNECTION 29 657 300 3120 7500 7500
6655 CONNECTION 29 135 300 3780 8640 8640
6656 CONNECTION 29 822 300 4500 8880 8880
6657 CONNECTION 211 1009 -1 -1 2940 2940
6658 CONNECTION 211 899 -1 -1 3180 3180
6659 CONNECTION 211 606 -1 -1 2940 2940
6660 CONNECTION 211 133 -1 -1 4740 4740
6661 CONNECTION 211 969 300 540 4980 4980
6662 CONNECTION 211 1017 300 540 4140 4140
6663 CONNECTION 211 706 300 960 5400 5400
6664 CONNECTION 211 30 300 1080 4680 4680
6665 CONNECTION 211 161 300 1740 5340 5340
6666 CONNECTION 211 881 300 1740 6180 6180
6667 CONNECTION 211 999 300 1740 6180 6180
6668 CONNECTION 211 345 300 2100 6540 6540
6669 CONNECTION 211 61 300 2340 6780 6780
6670 CONNECTION 211 293 300 2940 6540 6540
6671 CONNECTION 211 581 300 3900 8340 8340
6672 CONNECTION 211 321 300 4140 8580 8580
6673 CONNECTION 211 439 300 4140 7740 7740
6674 CONNECTION 211 1025 300 4560 9000 9000
6675 CONNECTION 211 487 300 4680 8280 8280
6676 CONNECTION 951 462 -1 -1 5700 5700
6677 CONNECTION 951 937 -1 -1 6480 6480
6678 CONNECTION 951 843 300 1620 6300 6300
6679 CONNECTION 951 804 300 3120 9300 9300
6680 CONNECTION 951 367 300 3900 10080 10080
6681 CONNECTION 605 536 -1 -1 2100 2100
6682 CONNECTION 605 655 -1 -1 1980 1980
6683 CONNECTION 605 919 -1 -1 2940 2940
6684 CONNECTION 605 265 -1 -1 2700 2700
6685 CONNECTION 605 365 -1 -1 2760 2760
6686 CONNECTION 605 880 -1 -1 3720 3720
6687 CONNECTION 605 998 -1 -1 3720 3720
6688 CONNECTION 605 681 -1 -1 3300 3300
6689 CONNECTION 605 1004 -1 -1 3300 3300
6690 CONNECTION 605 384 -1 -1 5880 5880
6691 CONNECTION 605 486 -1 -1 4080 4080
6692 CONNECTION 605 60 -1 -1 4320 4320
6693 CONNECTION 605 842 -1 -1 6180 6180
6694 CONNECTION 605 1010 300 360 4740 4740
6695 CONNECTION 605 88 300 660 4500 4500
6696 CONNECTION 605 320 300 1680 6120 6120
6697 CONNECTION 605 239 300 1860 5700 5700
6698 CONNECTION 605 213 300 2100 5580 5580
6699 CONNECTION 605 134 300 2160 6540 6540
6700 CONNECTION 605 707 300 2820 6300 6300
6701 CONNECTION 605 189 300 2880 7320 7320
6702 CONNECTION 605 773 300 2880 6360 6360
6703 CONNECTION 605 409 300 3060 6900 6900
6704 CONNECTION 605 32 300 3300 7680 7680
6705 CONNECTION 605 789 300 3300 9480 9480
6706 CONNECTION 605 511 300 3480 7920 7920
6707 CONNECTION 605 112 300 3600 9780 9780
6708 CONNECTION 605 346 300 3960 8340 8340
6709 CONNECTION 605 539 300 4260 8100 8100
6710 SINK 605 0 -1 -1 300 300
6711 CONNECTION 898 899 -1 -1 2160 2160
6712 CONNECTION 898 606 -1 -1 1920 1920
6713 CONNECTION 898 133 -1 -1 3720 3720
6714 CONNECTION 898 969 -1 -1 3960 3960
6715 CONNECTION 898 1017 -1 -1 3120 3120
6716 CONNECTION 898 706 -1 -1 4380 4380
6717 CONNECTION 898 30 -1 -1 3660 3660
6718 CONNECTION 898 161 300 720 4320 4320
6719 CONNECTION 898 881 300 720 5160 5160
6720 CONNECTION 898 999 300 720 5160 5160
6721 CONNECTION 898 345 300 1080 5520 5520
6722 CONNECTION 898 61 300 1320 5760 5760
6723 CONNECTION 898 293 300 1920 5520 5520
6724 CONNECTION 898 581 300 2880 7320 7320
6725 CONNECTION 898 321 300 3120 7560 7560
6726 CONNECTION 898 439 300 3120 6720 6720
6727 CONNECTION 898 1025 300 3540 7980 7980
6728 CONNECTION 898 487 300 3660 7260 7260
6729 CONNECTION 898 190 300 4320 8760 8760
6730 CONNECTION 898 609 300 4320 7920 7920
6731 CONNECTION 898 753 300 4680 9120 9120
6732 CONNECTION 86 87 -1 -1 1320 1320
6733 CONNECTION 86 437 -1 -1 2820 2820
6734 CONNECTION 86 238 -1 -1 2520 2520
6735 CONNECTION 86 656 -1 -1 2880 2880
6736 CONNECTION 86 607 -1 -1 4020 4020
6737 CONNECTION 86 366 -1 -1 5340 5340
6738 CONNECTION 86 408 -1 -1 3720 3720
6739 CONNECTION 86 1018 300 1140 5220 5220
6740 CONNECTION 86 188 300 1200 4680 4680
6741 CONNECTION 86 538 300 1320 4920 4920
6742 CONNECTION 86 788 300 1560 5040 5040
6743 CONNECTION 86 31 300 1680 5160 5160
6744 CONNECTION 86 162 300 2340 6420 6420
6745 CONNECTION 86 683 300 2520 6120 6120
6746 CONNECTION 86 1006 300 2520 6120 6120
6747 CONNECTION 86 214 300 2880 6480 6480
6748 CONNECTION 86 294 300 3540 7620 7620
6749 CONNECTION 86 774 300 3660 8940 8940
6750 CONNECTION 86 90 300 3720 7320 7320
6751 CONNECTION 86 440 300 4740 8820 8820
6752 CONNECTION 86 633 300 4800 8280 8280
6753 CONNECTION 187 343 -1 -1 1860 1860
6754 CONNECTION 187 787 -1 -1 4200 4200
6755 CONNECTION 187 579 -1 -1 3660 3660
6756 CONNECTION 187 1023 300 600 4260 4260
6757 CONNECTION 187 751 300 1800 5460 5460
6758 CONNECTION 187 952 300 2520 7800 7800
6759 CONNECTION 187 861 300 3600 7260 7260
6760 CONNECTION 187 266 300 4200 7860 7860
6761 CONNECTION 560 561 -1 -1 2400 2400
6762 CONNECTION 560 462 -1 -1 5400 5400
6763 CONNECTION 560 937 -1 -1 6180 6180
6764 CONNECTION 560 843 300 1320 6000 6000
6765 CONNECTION 560 804 300 2820 9000 9000
6766 CONNECTION 560 367 300 3600 9780 9780
6767 CONNECTION 654 655 -1 -1 1200 1200
6768 CONNECTION 654 265 -1 -1 1920 1920
6769 CONNECTION 654 365 -1 -1 1980 1980
6770 CONNECTION 654 880 -1 -1 2940 2940
6771 CONNECTION 654 998 -1 -1 2940 2940
6772 CONNECTION 654 681 -1 -1 2520 2520
6773 CONNECTION 654 1004 -1 -1 2520 2520
6774 CONNECTION 654 384 -1 -1 5100 5100
6775 CONNECTION 654 486 -1 -1 3300 3300
6776 CONNECTION 654 60 -1 -1 3540 3540
6777 CONNECTION 654 842 -1 -1 5400 5400
6778 CONNECTION 654 1010 -1 -1 3960 3960
6779 CONNECTION 654 88 -1 -1 3720 3720
6780 CONNECTION 654 320 300 900 5340 5340
6781 CONNECTION 654 239 300 1080 4920 4920
6782 CONNECTION 654 213 300 1320 4800 4800
6783 CONNECTION 654 134 300 1380 5760 5760
6784 CONNECTION 654 707 300 2040 5520 5520
6785 CONNECTION 654 189 300 2100 6540 6540
6786 CONNECTION 654 773 300 2100 5580 5580
6787 CONNECTION 654 409 300 2280 6120 6120
6788 CONNECTION 654 32 300 2520 6900 6900
6789 CONNECTION 654 789 300 2520 8700 8700
6790 CONNECTION 654 511 300 2700 7140 7140
6791 CONNECTION 654 112 300 2820 9000 9000
6792 CONNECTION 654 346 300 3180 7560 7560
6793 CONNECTION 654 539 300 3480 7320 7320
6794 CONNECTION 654 728 300 4500 8940 8940
6795 CONNECTION 654 684 300 4680 8520 8520
6796 CONNECTION 654 1020 300 4680 8520 8520
6797 SINK 654 0 -1 -1 300 300
6798 CONNECTION 918 919 -1 -1 2100 2100
6799 CONNECTION 918 265 -1 -1 1860 1860
6800 CONNECTION 918 365 -1 -1 1920 1920
6801 CONNECTION 918 880 -1 -1 2880 2880
6802 CONNECTION 918 998 -1 -1 2880 2880
6803 CONNECTION 918 681 -1 -1 2460 2460
6804 CONNECTION 918 1004 -1 -1 2460 2460
6805 CONNECTION 918 384 -1 -1 5040 5040
6806 CONNECTION 918 486 -1 -1 3240 3240
6807 CONNECTION 918 60 -1 -1 3480 3480
6808 CONNECTION 918 842 -1 -1 5340 5340
6809 CONNECTION 918 1010 -1 -1 3900 3900
6810 CONNECTION 918 88 -1 -1 3660 3660
6811 CONNECTION 918 320 300 840 5280 5280
6812 CONNECTION 918 239 300 1020 4860 4860
6813 CONNECTION 918 213 300 1260 4740 4740
6814 CONNECTION 918 134 300 1320 5700 5700
6815 CONNECTION 918 707 300 1980 5460 5460
6816 CONNECTION 918 189 300 2040 6480 6480
6817 CONNECTION 918 773 300 2040 5520 5520
6818 CONNECTION 918 409 300 2220 6060 6060
6819 CONNECTION 918 32 300 2460 6840 6840
6820 CONNECTION 918 789 300 2460 8640 8640
6821 CONNECTION 918 511 300 2640 7080 7080
6822 CONNECTION 918 112 300 2760 8940 8940
6823 CONNECTION 918 346 300 3120 7500 7500
6824 CONNECTION 918 539 300 3420 7260 7260
6825 CONNECTION 918 728 300 4440 8880 8880
6826 CONNECTION 918 684 300 4620 8460 8460
6827 CONNECTION 918 1020 300 4620 8460 8460
6828 SINK 918 0 -1 -1 300 300
6829 CONNECTION 131 132 -1 -1 2160 2160
6830 CONNECTION 131 705 -1 -1 2820 2820
6831 CONNECTION 131 820 -1 -1 2340 2340
6832 CONNECTION 131 344 -1 -1 3960 3960
6833 CONNECTION 131 632 -1 -1 3540 3540
6834 CONNECTION 131 900 300 480 4140 4140
6835 CONNECTION 131 580 300 1320 5760 5760
6836 CONNECTION 131 1024 300 1980 6420 6420
6837 CONNECTION 131 970 300 2280 5940 5940
6838 CONNECTION 131 752 300 3120 7560 7560
6839 CONNECTION 131 882 300 3480 7140 7140
6840 CONNECTION 131 1000 300 3480 7140 7140
6841 CONNECTION 131 62 300 4080 7740 7740
6842 CONNECTION 290 291 -1 -1 1800 1800
6843 CONNECTION 290 485 -1 -1 1740 1740
6844 CONNECTION 290 437 -1 -1 3000 3000
6845 CONNECTION 290 238 -1 -1 2700 2700
6846 CONNECTION 290 656 -1 -1 3060 3060
6847 CONNECTION 290 607 -1 -1 4200 4200
6848 CONNECTION 290 366 -1 -1 5520 5520
6849 CONNECTION 290 408 -1 -1 3900 3900
6850 CONNECTION 290 1018 300 1320 5400 5400
6851 CONNECTION 290 188 300 1380 4860 4860
6852 CONNECTION 290 538 300 1500 5100 5100
6853 CONNECTION 290 788 300 1740 5220 5220
6854 CONNECTION 290 31 300 1860 5340 5340
6855 CONNECTION 290 162 300 2520 6600 6600
6856 CONNECTION 290 683 300 2700 6300 6300
6857 CONNECTION 290 1006 300 2700 6300 6300
6858 CONNECTION 290 214 300 3060 6660 6660
6859 CONNECTION 290 294 300 3720 7800 7800
6860 CONNECTION 290 774 300 3840 9120 9120
6861 CONNECTION 290 90 300 3900 7500 7500
6862 CONNECTION 460 461 -1 -1 2460 2460
6863 CONNECTION 460 212 -1 -1 2880 2880
6864 CONNECTION 460 920 -1 -1 4020 4020
6865 CONNECTION 460 510 -1 -1 4260 4260
6866 CONNECTION 460 1011 300 960 5820 5820
6867 CONNECTION 460 562 300 1200 6060 6060
6868 CONNECTION 460 803 300 1380 6060 6060
6869 CONNECTION 460 727 300 1680 6060 6060
6870 CONNECTION 460 657 300 2100 6480 6480
6871 CONNECTION 460 135 300 2760 7620 7620
6872 CONNECTION 460 822 300 3480 7860 7860
6873 CONNECTION 460 347 300 4560 9420 9420
6874 CONNECTION 460 844 300 4800 9660 9660
6875 CONNECTION 819 820 -1 -1 1380 1380
6876 CONNECTION 819 344 -1 -1 3000 3000
6877 CONNECTION 819 632 -1 -1 2580 2580
6878 CONNECTION 819 900 -1 -1 3180 3180
6879 CONNECTION 819 580 300 360 4800 4800
6880 CONNECTION 819 1024 300 1020 5460 5460
6881 CONNECTION 819 970 300 1320 4980 4980
6882 CONNECTION 819 752 300 2160 6600 6600
6883 CONNECTION 819 882 300 2520 6180 6180
6884 CONNECTION 819 1000 300 2520 6180 6180
6885 CONNECTION 819 62 300 3120 6780 6780
6886 CONNECTION 819 862 300 3960 8400 8400
6887 CONNECTION 819 267 300 4620 9060 9060
6888 CONNECTION 110 111 -1 -1 2580 2580
6889 CONNECTION 110 319 -1 -1 2580 2580
6890 CONNECTION 110 212 -1 -1 3000 3000
6891 CONNECTION 110 920 -1 -1 4140 4140
6892 CONNECTION 110 510 -1 -1 4380 4380
6893 CONNECTION 110 1011 300 1080 5940 5940
6894 CONNECTION 110 562 300 1320 6180 6180
6895 CONNECTION 110 803 300 1500 6180 6180
6896 CONNECTION 110 727 300 1800 6180 6180
6897 CONNECTION 110 657 300 2220 6600 6600
6898 CONNECTION 110 135 300 2880 7740 7740
6899 CONNECTION 110 822 300 3600 7980 7980
6900 CONNECTION 110 347 300 4680 9540 9540
6901 CONNECTION 159 160 -1 -1 1560 1560
6902 CONNECTION 159 292 -1 -1 2760 2760
6903 CONNECTION 159 537 -1 -1 3180 3180
6904 CONNECTION 159 438 -1 -1 3960 3960
6905 CONNECTION 159 682 -1 -1 4380 4380
6906 CONNECTION 159 1005 -1 -1 4380 4380
6907 CONNECTION 159 608 300 1320 5160 5160
6908 CONNECTION 159 89 300 1500 5580 5580
6909 CONNECTION 159 1019 300 2520 6360 6360
6910 CONNECTION 159 240 300 2700 6780 6780
6911 CONNECTION 159 163 300 3720 7560 7560
6912 CONNECTION 159 410 300 3900 7980 7980
6913 CONNECTION 859 860 -1 -1 2580 2580
6914 CONNECTION 859 319 -1 -1 2820 2820
6915 CONNECTION 859 212 -1 -1 3240 3240
6916 CONNECTION 859 920 -1 -1 4380 4380
6917 CONNECTION 859 510 -1 -1 4620 4620
6918 CONNECTION 859 1011 300 1320 6180 6180
6919 CONNECTION 859 562 300 1560 6420 6420
6920 CONNECTION 859 803 300 1740 6420 6420
6921 CONNECTION 859 727 300 2040 6420 6420
6922 CONNECTION 859 657 300 2460 6840 6840
6923 CONNECTION 859 135 300 3120 7980 7980
6924 CONNECTION 859 822 300 3840 8220 8220
6925 CONNECTION 936 1023 -1 -1 2160 2160
6926 CONNECTION 936 751 -1 -1 3360 3360
6927 CONNECTION 936 952 300 420 5700 5700
6928 CONNECTION 936 861 300 1500 5160 5160
6929 CONNECTION 936 266 300 2100 5760 5760
6930 CONNECTION 936 921 300 3300 6960 6960
6931 CONNECTION 936 385 300 4020 9300 9300
6932 CONNECTION 680 606 -1 -1 2100 2100
6933 CONNECTION 680 133 -1 -1 3900 3900
6934 CONNECTION 680 969 -1 -1 4140 4140
6935 CONNECTION 680 1017 -1 -1 3300 3300
6936 CONNECTION 680 706 -1 -1 4560 4560
6937 CONNECTION 680 30 -1 -1 3840 3840
6938 CONNECTION 680 161 300 900 4500 4500
6939 CONNECTION 680 881 300 900 5340 5340
6940 CONNECTION 680 999 300 900 5340 5340
6941 CONNECTION 680 345 300 1260 5700 5700
6942 CONNECTION 680 61 300 1500 5940 5940
6943 CONNECTION 680 293 300 2100 5700 5700
6944 CONNECTION 680 581 300 3060 7500 7500
6945 CONNECTION 680 321 300 3300 7740 7740
6946 CONNECTION 680 439 300 3300 6900 6900
6947 CONNECTION 680 1025 300 3720 8160 8160
6948 CONNECTION 680 487 300 3840 7440 7440
6949 CONNECTION 680 190 300 4500 8940 8940
6950 CONNECTION 680 609 300 4500 8100 8100
6951 CONNECTION 992 606 -1 -1 2100 2100
6952 CONNECTION 992 133 -1 -1 3900 3900
6953 CONNECTION 992 969 -1 -1 4140 4140
6954 CONNECTION 992 1017 -1 -1 3300 3300
6955 CONNECTION 992 706 -1 -1 4560 4560
6956 CONNECTION 992 30 -1 -1 3840 3840
6957 CONNECTION 992 161 300 900 4500 4500
6958 CONNECTION 992 881 300 900 5340 5340
6959 CONNECTION 992 999 300 900 5340 5340
6960 CONNECTION 992 345 300 1260 5700 5700
6961 CONNECTION 992 61 300 1500 5940 5940
6962 CONNECTION 992 293 300 2100 5700 5700
6963 CONNECTION 992 581 300 3060 7500 7500
6964 CONNECTION 992 321 300 3300 7740 7740
6965 CONNECTION 992 439 300 3300 6900 6900
6966 CONNECTION 992 1025 300 3720 8160 8160
6967 CONNECTION 992 487 300 3840 7440 7440
6968 CONNECTION 992 190 300 4500 8940 8940
6969 CONNECTION 992 609 300 4500 8100 8100
6970 CONNECTION 318 319 -1 -1 2100 2100
6971 CONNECTION 318 920 -1 -1 3660 3660
6972 CONNECTION 318 510 -1 -1 3900 3900
6973 CONNECTION 318 1011 300 600 5460 5460
6974 CONNECTION 318 562 300 840 5700 5700
6975 CONNECTION 318 803 300 1020 5700 5700
6976 CONNECTION 318 727 300 1320 5700 5700
6977 CONNECTION 318 657 300 1740 6120 6120
6978 CONNECTION 318 135 300 2400 7260 7260
6979 CONNECTION 318 822 300 3120 7500 7500
6980 CONNECTION 318 347 300 4200 9060 9060
6981 CONNECTION 318 844 300 4440 9300 9300
6982 CONNECTION 318 10 300 4620 9300 9300
6983 CONNECTION 725 787 -1 -1 3600 3600
6984 CONNECTION 725 579 -1 -1 3060 3060
6985 CONNECTION 725 1023 -1 -1 3660 3660
6986 CONNECTION 725 751 300 1200 4860 4860
6987 CONNECTION 725 952 300 1920 7200 7200
6988 CONNECTION 725 861 300 3000 6660 6660
6989 CONNECTION 725 266 300 3600 7260 7260
6990 CONNECTION 725 921 300 4800 8460 8460
6991 CONNECTION 264 265 -1 -1 1200 1200
6992 CONNECTION 264 384 -1 -1 4380 4380
6993 CONNECTION 264 486 -1 -1 2580 2580
6994 CONNECTION 264 60 -1 -1 2820 2820
6995 CONNECTION 264 842 -1 -1 4680 4680
6996 CONNECTION 264 1010 -1 -1 3240 3240
6997 CONNECTION 264 88 -1 -1 3000 3000
6998 CONNECTION 264 320 -1 -1 4620 4620
6999 CONNECTION 264 239 300 360 4200 4200
7000 CONNECTION 264 213 300 600 4080 4080
7001 CONNECTION 264 134 300 660 5040 5040
7002 CONNECTION 264 707 300 1320 4800 4800
7003 CONNECTION 264 189 300 1380 5820 5820
7004 CONNECTION 264 773 300 1380 4860 4860
7005 CONNECTION 264 409 300 1560 5400 5400
7006 CONNECTION 264 32 300 1800 6180 6180
7007 CONNECTION 264 789 300 1800 7980 7980
7008 CONNECTION 264 511 300 1980 6420 6420
7009 CONNECTION 264 112 300 2100 8280 8280
7010 CONNECTION 264 346 300 2460 6840 6840
7011 CONNECTION 264 539 300 2760 6600 6600
7012 CONNECTION 264 728 300 3780 8220 8220
7013 CONNECTION 264 684 300 3960 7800 7800
7014 CONNECTION 264 1020 300 3960 7800 7800
7015 CONNECTION 264 658 300 4200 7680 7680
7016 CONNECTION 264 582 300 4260 8640 8640
7017 SINK 264 0 -1 -1 300 300
7018 CONNECTION 406 407 -1 -1 1920 1920
7019 CONNECTION 406 292 -1 -1 2700 2700
7020 CONNECTION 406 537 -1 -1 3120 3120
7021 CONNECTION 406 438 -1 -1 3900 3900
7022 CONNECTION 406 682 -1 -1 4320 4320
7023 CONNECTION 406 1005 -1 -1 4320 4320
7024 CONNECTION 406 608 300 1260 5100 5100
7025 CONNECTION 406 89 300 1440 5520 5520
7026 CONNECTION 406 1019 300 2460 6300 6300
7027 CONNECTION 406 240 300 2640 6720 6720
7028 CONNECTION 406 163 300 3660 7500 7500
7029 CONNECTION 406 410 300 3840 7920 7920
7030 CONNECTION 704 705 -1 -1 2220 2220
7031 CONNECTION 704 344 -1 -1 3360 3360
7032 CONNECTION 704 632 -1 -1 2940 2940
7033 CONNECTION 704 900 -1 -1 3540 3540
7034 CONNECTION 704 580 300 720 5160 5160
7035 CONNECTION 704 1024 300 1380 5820 5820
7036 CONNECTION 704 970 300 1680 5340 5340
7037 CONNECTION 704 752 300 2520 6960 6960
7038 CONNECTION 704 882 300 2880 6540 6540
7039 CONNECTION 704 1000 300 2880 6540 6540
7040 CONNECTION 704 62 300 3480 7140 7140
7041 CONNECTION 704 862 300 4320 8760 8760
7042 CONNECTION 750 802 -1 -1 3180 3180
7043 CONNECTION 750 726 -1 -1 3540 3540
7044 CONNECTION 750 821 300 480 5340 5340
7045 CONNECTION 750 9 300 1920 6780 6780
7046 CONNECTION 750 901 300 2280 7140 7140
7047 CONNECTION 750 971 300 4080 8940 8940
7048 CONNECTION 750 1012 300 4080 8940 8940
7049 CONNECTION 484 485 -1 -1 1200 1200
7050 CONNECTION 484 437 -1 -1 2460 2460
7051 CONNECTION 484 238 -1 -1 2160 2160
7052 CONNECTION 484 656 -1 -1 2520 2520
7053 CONNECTION 484 607 -1 -1 3660 3660
7054 CONNECTION 484 366 -1 -1 4980 4980
7055 CONNECTION 484 408 -1 -1 3360 3360
7056 CONNECTION 484 1018 300 780 4860 4860
7057 CONNECTION 484 188 300 840 4320 4320
7058 CONNECTION 484 538 300 960 4560 4560
7059 CONNECTION 484 788 300 1200 4680 4680
7060 CONNECTION 484 31 300 1320 4800 4800
7061 CONNECTION 484 162 300 1980 6060 6060
7062 CONNECTION 484 683 300 2160 5760 5760
7063 CONNECTION 484 1006 300 2160 5760 5760
7064 CONNECTION 484 214 300 2520 6120 6120
7065 CONNECTION 484 294 300 3180 7260 7260
7066 CONNECTION 484 774 300 3300 8580 8580
7067 CONNECTION 484 90 300 3360 6960 6960
7068 CONNECTION 484 440 300 4380 8460 8460
7069 CONNECTION 484 633 300 4440 7920 7920
7070 CONNECTION 484 241 300 4560 8160 8160
7071 CONNECTION 484 953 300 4800 8280 8280
7072 CONNECTION 1003 681 -1 -1 2100 2100
7073 CONNECTION 1003 1004 -1 -1 2100 2100
7074 CONNECTION 1003 384 -1 -1 4680 4680
7075 CONNECTION 1003 486 -1 -1 2880 2880
7076 CONNECTION 1003 60 -1 -1 3120 3120
7077 CONNECTION 1003 842 -1 -1 4980 4980
7078 CONNECTION 1003 1010 -1 -1 3540 3540
7079 CONNECTION 1003 88 -1 -1 3300 3300
7080 CONNECTION 1003 320 300 480 4920 4920
7081 CONNECTION 1003 239 300 660 4500 4500
7082 CONNECTION 1003 213 300 900 4380 4380
7083 CONNECTION 1003 134 300 960 5340 5340
7084 CONNECTION 1003 707 300 1620 5100 5100
7085 CONNECTION 1003 189 300 1680 6120 6120
7086 CONNECTION 1003 773 300 1680 5160 5160
7087 CONNECTION 1003 409 300 1860 5700 5700
7088 CONNECTION 1003 32 300 2100 6480 6480
7089 CONNECTION 1003 789 300 2100 8280 8280
7090 CONNECTION 1003 511 300 2280 6720 6720
7091 CONNECTION 1003 112 300 2400 8580 8580
7092 CONNECTION 1003 346 300 2760 7140 7140
7093 CONNECTION 1003 539 300 3060 6900 6900
7094 CONNECTION 1003 728 300 4080 8520 8520
7095 CONNECTION 1003 684 300 4260 8100 8100
7096 CONNECTION 1003 1020 300 4260 8100 8100
7097 CONNECTION 1003 658 300 4500 7980 7980
7098 CONNECTION 1003 582 300 4560 8940 8940
7099 SINK 1003 0 -1 -1 300 300
7100 CONNECTION 237 238 -1 -1 1320 1320
7101 CONNECTION 237 607 -1 -1 2820 2820
7102 CONNECTION 237 366 -1 -1 4140 4140
7103 CONNECTION 237 408 -1 -1 2520 2520
7104 CONNECTION 237 1018 -1 -1 4020 4020
7105 CONNECTION 237 188 -1 -1 3480 3480
7106 CONNECTION 237 538 -1 -1 3720 3720
7107 CONNECTION 237 788 300 360 3840 3840
7108 CONNECTION 237 31 300 480 3960 3960
7109 CONNECTION 237 162 300 1140 5220 5220
7110 CONNECTION 237 683 300 1320 4920 4920
7111 CONNECTION 237 1006 300 1320 4920 4920
7112 CONNECTION 237 214 300 1680 5280 5280
7113 CONNECTION 237 294 300 2340 6420 6420
7114 CONNECTION 237 774 300 2460 7740 7740
7115 CONNECTION 237 90 300 2520 6120 6120
7116 CONNECTION 237 440 300 3540 7620 7620
7117 CONNECTION 237 633 300 3600 7080 7080
7118 CONNECTION 237 241 300 3720 7320 7320
7119 CONNECTION 237 953 300 3960 7440 7440
7120 CONNECTION 237 488 300 4080 7560 7560
7121 CONNECTION 237 610 300 4740 8820 8820
7122 CONNECTION 59 60 -1 -1 2160 2160
7123 CONNECTION 59 1010 -1 -1 2580 2580
7124 CONNECTION 59 88 -1 -1 2340 2340
7125 CONNECTION 59 320 -1 -1 3960 3960
7126 CONNECTION 59 239 -1 -1 3540 3540
7127 CONNECTION 59 213 -1 -1 3420 3420
7128 CONNECTION 59 134 -1 -1 4380 4380
7129 CONNECTION 59 707 300 660 4140 4140
7130 CONNECTION 59 189 300 720 5160 5160
7131 CONNECTION 59 773 300 720 4200 4200
7132 CONNECTION 59 409 300 900 4740 4740
7133 CONNECTION 59 32 300 1140 5520 5520
7134 CONNECTION 59 789 300 1140 7320 7320
7135 CONNECTION 59 511 300 1320 5760 5760
7136 CONNECTION 59 112 300 1440 7620 7620
7137 CONNECTION 59 346 300 1800 6180 6180
7138 CONNECTION 59 539 300 2100 5940 5940
7139 CONNECTION 59 728 300 3120 7560 7560
7140 CONNECTION 59 684 300 3300 7140 7140
7141 CONNECTION 59 1020 300 3300 7140 7140
7142 CONNECTION 59 658 300 3540 7020 7020
7143 CONNECTION 59 582 300 3600 7980 7980
7144 CONNECTION 59 1026 300 4260 7740 7740
7145 CONNECTION 59 634 300 4320 8760 8760
7146 CONNECTION 59 938 300 4320 7800 7800
7147 CONNECTION 59 91 300 4500 8340 8340
7148 CONNECTION 59 489 300 4740 9120 9120
7149 CONNECTION 59 954 300 4740 10920 10920
7150 SINK 59 0 -1 -1 300 300
7151 CONNECTION 132 133 -1 -1 2160 2160
7152 CONNECTION 132 706 -1 -1 2820 2820
7153 CONNECTION 132 30 -1 -1 2100 2100
7154 CONNECTION 132 161 -1 -1 2760 2760
7155 CONNECTION 132 881 -1 -1 3600 3600
7156 CONNECTION 132 999 -1 -1 3600 3600
7157 CONNECTION 132 345 -1 -1 3960 3960
7158 CONNECTION 132 61 -1 -1 4200 4200
7159 CONNECTION 132 293 300 360 3960 3960
7160 CONNECTION 132 581 300 1320 5760 5760
7161 CONNECTION 132 321 300 1560 6000 6000
7162 CONNECTION 132 439 300 1560 5160 5160
7163 CONNECTION 132 1025 300 1980 6420 6420
7164 CONNECTION 132 487 300 2100 5700 5700
7165 CONNECTION 132 190 300 2760 7200 7200
7166 CONNECTION 132 609 300 2760 6360 6360
7167 CONNECTION 132 753 300 3120 7560 7560
7168 CONNECTION 132 512 300 3360 7800 7800
7169 CONNECTION 132 1031 300 3960 7560 7560
7170 CONNECTION 436 437 -1 -1 1800 1800
7171 CONNECTION 436 656 -1 -1 1860 1860
7172 CONNECTION 436 607 -1 -1 3000 3000
7173 CONNECTION 436 366 -1 -1 4320 4320
7174 CONNECTION 436 408 -1 -1 2700 2700
7175 CONNECTION 436 1018 -1 -1 4200 4200
7176 CONNECTION 436 188 -1 -1 3660 3660
7177 CONNECTION 436 538 -1 -1 3900 3900
7178 CONNECTION 436 788 300 540 4020 4020
7179 CONNECTION 436 31 300 660 4140 4140
7180 CONNECTION 436 162 300 1320 5400 5400
7181 CONNECTION 436 683 300 1500 5100 5100
7182 CONNECTION 436 1006 300 1500 5100 5100
7183 CONNECTION 436 214 300 1860 5460 5460
7184 CONNECTION 436 294 300 2520 6600 6600
7185 CONNECTION 436 774 300 2640 7920 7920
7186 CONNECTION 436 90 300 2700 6300 6300
7187 CONNECTION 436 440 300 3720 7800 7800
7188 CONNECTION 436 633 300 3780 7260 7260
7189 CONNECTION 436 241 300 3900 7500 7500
7190 CONNECTION 436 953 300 4140 7620 7620
7191 CONNECTION 436 488 300 4260 7740 7740
7192 CONNECTION 631 632 -1 -1 1380 1380
7193 CONNECTION 631 900 -1 -1 1980 1980
7194 CONNECTION 631 580 -1 -1 3600 3600
7195 CONNECTION 631 1024 -1 -1 4260 4260
7196 CONNECTION 631 970 -1 -1 3780 3780
7197 CONNECTION 631 752 300 960 5400 5400
7198 CONNECTION 631 882 300 1320 4980 4980
7199 CONNECTION 631 1000 300 1320 4980 4980
7200 CONNECTION 631 62 300 1920 5580 5580
7201 CONNECTION 631 862 300 2760 7200 7200
7202 CONNECTION 631 267 300 3420 7860 7860
7203 CONNECTION 631 322 300 3720 7380 7380
7204 CONNECTION 631 922 300 4560 9000 9000
7205 CONNECTION 291 292 -1 -1 1560 1560
7206 CONNECTION 291 438 -1 -1 2760 2760
7207 CONNECTION 291 682 -1 -1 3180 3180
7208 CONNECTION 291 1005 -1 -1 3180 3180
7209 CONNECTION 291 608 -1 -1 3960 3960
7210 CONNECTION 291 89 -1 -1 4380 4380
7211 CONNECTION 291 1019 300 1320 5160 5160
7212 CONNECTION 291 240 300 1500 5580 5580
7213 CONNECTION 291 163 300 2520 6360 6360
7214 CONNECTION 291 410 300 2700 6780 6780
7215 CONNECTION 291 295 300 3720 7560 7560
7216 CONNECTION 291 540 300 3900 7980 7980
7217 CONNECTION 879 880 -1 -1 2220 2220
7218 CONNECTION 879 384 -1 -1 4380 4380
7219 CONNECTION 879 486 -1 -1 2580 2580
7220 CONNECTION 879 60 -1 -1 2820 2820
7221 CONNECTION 879 842 -1 -1 4680 4680
7222 CONNECTION 879 1010 -1 -1 3240 3240
7223 CONNECTION 879 88 -1 -1 3000 3000
7224 CONNECTION 879 320 -1 -1 4620 4620
7225 CONNECTION 879 239 300 360 4200 4200
7226 CONNECTION 879 213 300 600 4080 4080
7227 CONNECTION 879 134 300 660 5040 5040
7228 CONNECTION 879 707 300 1320 4800 4800
7229 CONNECTION 879 189 300 1380 5820 5820
7230 CONNECTION 879 773 300 1380 4860 4860
7231 CONNECTION 879 409 300 1560 5400 5400
7232 CONNECTION 879 32 300 1800 6180 6180
7233 CONNECTION 879 789 300 1800 7980 7980
7234 CONNECTION 879 511 300 1980 6420 6420
7235 CONNECTION 879 112 300 2100 8280 8280
7236 CONNECTION 879 346 300 2460 6840 6840
7237 CONNECTION 879 539 300 2760 6600 6600
7238 CONNECTION 879 728 300 3780 8220 8220
7239 CONNECTION 879 684 300 3960 7800 7800
7240 CONNECTION 879 1020 300 3960 7800 7800
7241 CONNECTION 879 658 300 4200 7680 7680
7242 CONNECTION 879 582 300 4260 8640 8640
7243 SINK 879 0 -1 -1 300 300
7244 CONNECTION 997 998 -1 -1 2220 2220
7245 CONNECTION 997 384 -1 -1 4380 4380
7246 CONNECTION 997 486 -1 -1 2580 2580
7247 CONNECTION 997 60 -1 -1 2820 2820
7248 CONNECTION 997 842 -1 -1 4680 4680
7249 CONNECTION 997 1010 -1 -1 3240 3240
7250 CONNECTION 997 88 -1 -1 3000 3000
7251 CONNECTION 997 320 -1 -1 4620 4620
7252 CONNECTION 997 239 300 360 4200 4200
7253 CONNECTION 997 213 300 600 4080 4080
7254 CONNECTION 997 134 300 660 5040 5040
7255 CONNECTION 997 707 300 1320 4800 4800
7256 CONNECTION 997 189 300 1380 5820 5820
7257 CONNECTION 997 773 300 1380 4860 4860
7258 CONNECTION 997 409 300 1560 5400 5400
7259 CONNECTION 997 32 300 1800 6180 6180
7260 CONNECTION 997 789 300 1800 7980 7980
7261 CONNECTION 997 511 300 1980 6420 6420
7262 CONNECTION 997 112 300 2100 8280 8280
7263 CONNECTION 997 346 300 2460 6840 6840
7264 CONNECTION 997 539 300 2760 6600 6600
7265 CONNECTION 997 728 300 3780 8220 8220
7266 CONNECTION 997 684 300 3960 7800 7800
7267 CONNECTION 997 1020 300 3960 7800 7800
7268 CONNECTION 997 658 300 4200 7680 7680
7269 CONNECTION 997 582 300 4260 8640 8640
7270 SINK 997 0 -1 -1 300 300
7271 CONNECTION 968 969 -1 -1 2160 2160
7272 CONNECTION 968 30 -1 -1 1860 1860
7273 CONNECTION 968 161 -1 -1 2520 2520
7274 CONNECTION 968 881 -1 -1 3360 3360
7275 CONNECTION 968 999 -1 -1 3360 3360
7276 CONNECTION 968 345 -1 -1 3720 3720
7277 CONNECTION 968 61 -1 -1 3960 3960
7278 CONNECTION 968 293 -1 -1 3720 3720
7279 CONNECTION 968 581 300 1080 5520 5520
7280 CONNECTION 968 321 300 1320 5760 5760
7281 CONNECTION 968 439 300 1320 4920 4920
7282 CONNECTION 968 1025 300 1740 6180 6180
7283 CONNECTION 968 487 300 1860 5460 5460
7284 CONNECTION 968 190 300 2520 6960 6960
7285 CONNECTION 968 609 300 2520 6120 6120
7286 CONNECTION 968 753 300 2880 7320 7320
7287 CONNECTION 968 512 300 3120 7560 7560
7288 CONNECTION 968 1031 300 3720 7320 7320
7289 CONNECTION 968 863 300 4680 9120 9120
7290 CONNECTION 87 133 -1 -1 2700 2700
7291 CONNECTION 87 969 -1 -1 2940 2940
7292 CONNECTION 87 1017 -1 -1 2100 2100
7293 CONNECTION 87 706 -1 -1 3360 3360
7294 CONNECTION 87 30 -1 -1 2640 2640
7295 CONNECTION 87 161 -1 -1 3300 3300
7296 CONNECTION 87 881 -1 -1 4140 4140
7297 CONNECTION 87 999 -1 -1 4140 4140
7298 CONNECTION 87 345 -1 -1 4500 4500
7299 CONNECTION 87 61 -1 -1 4740 4740
7300 CONNECTION 87 293 300 900 4500 4500
7301 CONNECTION 87 581 300 1860 6300 6300
7302 CONNECTION 87 321 300 2100 6540 6540
7303 CONNECTION 87 439 300 2100 5700 5700
7304 CONNECTION 87 1025 300 2520 6960 6960
7305 CONNECTION 87 487 300 2640 6240 6240
7306 CONNECTION 87 190 300 3300 7740 7740
7307 CONNECTION 87 609 300 3300 6900 6900
7308 CONNECTION 87 753 300 3660 8100 8100
7309 CONNECTION 87 512 300 3900 8340 8340
7310 CONNECTION 87 1031 300 4500 8100 8100
7311 CONNECTION 8 707 -1 -1 1920 1920
7312 CONNECTION 8 189 -1 -1 2940 2940
7313 CONNECTION 8 773 -1 -1 1980 1980
7314 CONNECTION 8 409 -1 -1 2520 2520
7315 CONNECTION 8 32 -1 -1 3300 3300
7316 CONNECTION 8 789 -1 -1 5100 5100
7317 CONNECTION 8 511 -1 -1 3540 3540
7318 CONNECTION 8 112 -1 -1 5400 5400
7319 CONNECTION 8 346 -1 -1 3960 3960
7320 CONNECTION 8 539 -1 -1 3720 3720
7321 CONNECTION 8 728 300 900 5340 5340
7322 CONNECTION 8 684 300 1080 4920 4920
7323 CONNECTION 8 1020 300 1080 4920 4920
7324 CONNECTION 8 658 300 1320 4800 4800
7325 CONNECTION 8 582 300 1380 5760 5760
7326 CONNECTION 8 1026 300 2040 5520 5520
7327 CONNECTION 8 634 300 2100 6540 6540
7328 CONNECTION 8 938 300 2100 5580 5580
7329 CONNECTION 8 91 300 2280 6120 6120
7330 CONNECTION 8 489 300 2520 6900 6900
7331 CONNECTION 8 954 300 2520 8700 8700
7332 CONNECTION 8 823 300 2700 7140 7140
7333 CONNECTION 8 563 300 2820 9000 9000
7334 CONNECTION 8 754 300 3180 7560 7560
7335 CONNECTION 8 242 300 3480 7320 7320
7336 CONNECTION 8 903 300 4500 8940 8940
7337 CONNECTION 8 412 300 4680 8520 8520
7338 SINK 8 0 -1 -1 300 300
7339 CONNECTION 1009 1010 -1 -1 2100 2100
7340 CONNECTION 1009 320 -1 -1 3480 3480
7341 CONNECTION 1009 239 -1 -1 3060 3060
7342 CONNECTION 1009 213 -1 -1 2940 2940
7343 CONNECTION 1009 134 -1 -1 3900 3900
7344 CONNECTION 1009 707 -1 -1 3660 3660
7345 CONNECTION 1009 189 -1 -1 4680 4680
7346 CONNECTION 1009 773 -1 -1 3720 3720
7347 CONNECTION 1009 409 300 420 4260 4260
7348 CONNECTION 1009 32 300 660 5040 5040
7349 CONNECTION 1009 789 300 660 6840 6840
7350 CONNECTION 1009 511 300 840 5280 5280
7351 CONNECTION 1009 112 300 960 7140 7140
7352 CONNECTION 1009 346 300 1320 5700 5700
7353 CONNECTION 1009 539 300 1620 5460 5460
7354 CONNECTION 1009 728 300 2640 7080 7080
7355 CONNECTION 1009 684 300 2820 6660 6660
7356 CONNECTION 1009 1020 300 2820 6660 6660
7357 CONNECTION 1009 658 300 3060 6540 6540
7358 CONNECTION 1009 582 300 3120 7500 7500
7359 CONNECTION 1009 1026 300 3780 7260 7260
7360 CONNECTION 1009 634 300 3840 8280 8280
7361 CONNECTION 1009 938 300 3840 7320 7320
7362 CONNECTION 1009 91 300 4020 7860 7860
7363 CONNECTION 1009 489 300 4260 8640 8640
7364 CONNECTION 1009 954 300 4260 10440 10440
7365 CONNECTION 1009 823 300 4440 8880 8880
7366 CONNECTION 1009 563 300 4560 10740 10740
7367 SINK 1009 0 -1 -1 300 300
7368 CONNECTION 343 344 -1 -1 2160 2160
7369 CONNECTION 343 900 -1 -1 2340 2340
7370 CONNECTION 343 580 -1 -1 3960 3960
7371 CONNECTION 343 1024 -1 -1 4620 4620
7372 CONNECTION 343 970 300 480 4140 4140
7373 CONNECTION 343 752 300 1320 5760 5760
7374 CONNECTION 343 882 300 1680 5340 5340
7375 CONNECTION 343 1000 300 1680 5340 5340
7376 CONNECTION 343 62 300 2280 5940 5940
7377 CONNECTION 343 862 300 3120 7560 7560
7378 CONNECTION 343 267 300 3780 8220 8220
7379 CONNECTION 343 322 300 4080 7740 7740
7380 CONNECTION 536 537 -1 -1 1920 1920
7381 CONNECTION 536 438 -1 -1 2700 2700
7382 CONNECTION 536 682 -1 -1 3120 3120
7383 CONNECTION 536 1005 -1 -1 3120 3120
7384 CONNECTION 536 608 -1 -1 3900 3900
7385 CONNECTION 536 89 -1 -1 4320 4320
7386 CONNECTION 536 1019 300 1260 5100 5100
7387 CONNECTION 536 240 300 1440 5520 5520
7388 CONNECTION 536 163 300 2460 6300 6300
7389 CONNECTION 536 410 300 2640 6720 6720
7390 CONNECTION 536 295 300 3660 7500 7500
7391 CONNECTION 536 540 300 3840 7920 7920
7392 CONNECTION 383 384 -1 -1 4020 4020
7393 CONNECTION 383 1010 -1 -1 2880 2880
7394 CONNECTION 383 88 -1 -1 2640 2640
7395 CONNECTION 383 320 -1 -1 4260 4260
7396 CONNECTION 383 239 -1 -1 3840 3840
7397 CONNECTION 383 213 -1 -1 3720 3720
7398 CONNECTION 383 134 -1 -1 4680 4680
7399 CONNECTION 383 707 300 960 4440 4440
7400 CONNECTION 383 189 300 1020 5460 5460
7401 CONNECTION 383 773 300 1020 4500 4500
7402 CONNECTION 383 409 300 1200 5040 5040
7403 CONNECTION 383 32 300 1440 5820 5820
7404 CONNECTION 383 789 300 1440 7620 7620
7405 CONNECTION 383 511 300 1620 6060 6060
7406 CONNECTION 383 112 300 1740 7920 7920
7407 CONNECTION 383 346 300 2100 6480 6480
7408 CONNECTION 383 539 300 2400 6240 6240
7409 CONNECTION 383 728 300 3420 7860 7860
7410 CONNECTION 383 684 300 3600 7440 7440
7411 CONNECTION 383 1020 300 3600 7440 7440
7412 CONNECTION 383 658 300 3840 7320 7320
7413 CONNECTION 383 582 300 3900 8280 8280
7414 CONNECTION 383 1026 300 4560 8040 8040
7415 CONNECTION 383 634 300 4620 9060 9060
7416 CONNECTION 383 938 300 4620 8100 8100
7417 CONNECTION 383 91 300 4800 8640 8640
7418 SINK 383 0 -1 -1 300 300
7419 CONNECTION 899 900 -1 -1 1380 1380
7420 CONNECTION 899 580 -1 -1 3000 3000
7421 CONNECTION 899 1024 -1 -1 3660 3660
7422 CONNECTION 899 970 -1 -1 3180 3180
7423 CONNECTION 899 752 300 360 4800 4800
7424 CONNECTION 899 882 300 720 4380 4380
7425 CONNECTION 899 1000 300 720 4380 4380
7426 CONNECTION 899 62 300 1320 4980 4980
7427 CONNECTION 899 862 300 2160 6600 6600
7428 CONNECTION 899 267 300 2820 7260 7260
7429 CONNECTION 899 322 300 3120 6780 6780
7430 CONNECTION 899 922 300 3960 8400 8400
7431 CONNECTION 899 191 300 4320 7980 7980
7432 CONNECTION 485 486 -1 -1 2100 2100
7433 CONNECTION 485 1010 -1 -1 2760 2760
7434 CONNECTION 485 88 -1 -1 2520 2520
7435 CONNECTION 485 320 -1 -1 4140 4140
7436 CONNECTION 485 239 -1 -1 3720 3720
7437 CONNECTION 485 213 -1 -1 3600 3600
7438 CONNECTION 485 134 -1 -1 4560 4560
7439 CONNECTION 485 707 300 840 4320 4320
7440 CONNECTION 485 189 300 900 5340 5340
7441 CONNECTION 485 773 300 900 4380 4380
7442 CONNECTION 485 409 300 1080 4920 4920
7443 CONNECTION 485 32 300 1320 5700 5700
7444 CONNECTION 485 789 300 1320 7500 7500
7445 CONNECTION 485 511 300 1500 5940 5940
7446 CONNECTION 485 112 300 1620 7800 7800
7447 CONNECTION 485 346 300 1980 6360 6360
7448 CONNECTION 485 539 300 2280 6120 6120
7449 CONNECTION 485 728 300 3300 7740 7740
7450 CONNECTION 485 684 300 3480 7320 7320
7451 CONNECTION 485 1020 300 3480 7320 7320
7452 CONNECTION 485 658 300 3720 7200 7200
7453 CONNECTION 485 582 300 3780 8160 8160
7454 CONNECTION 485 1026 300 4440 7920 7920
7455 CONNECTION 485 634 300 4500 8940 8940
7456 CONNECTION 485 938 300 4500 7980 7980
7457 CONNECTION 485 91 300 4680 8520 8520
7458 SINK 485 0 -1 -1 300 300
7459 CONNECTION 655 656 -1 -1 1320 1320
7460 CONNECTION 655 607 -1 -1 2460 2460
7461 CONNECTION 655 366 -1 -1 3780 3780
7462 CONNECTION 655 408 -1 -1 2160 2160
7463 CONNECTION 655 1018 -1 -1 3660 3660
7464 CONNECTION 655 188 -1 -1 3120 3120
7465 CONNECTION 655 538 -1 -1 3360 3360
7466 CONNECTION 655 788 -1 -1 3480 3480
7467 CONNECTION 655 31 -1 -1 3600 3600
7468 CONNECTION 655 162 300 780 4860 4860
7469 CONNECTION 655 683 300 960 4560 4560
7470 CONNECTION 655 1006 300 960 4560 4560
7471 CONNECTION 655 214 300 1320 4920 4920
7472 CONNECTION 655 294 300 1980 6060 6060
7473 CONNECTION 655 774 300 2100 7380 7380
7474 CONNECTION 655 90 300 2160 5760 5760
7475 CONNECTION 655 440 300 3180 7260 7260
7476 CONNECTION 655 633 300 3240 6720 6720
7477 CONNECTION 655 241 300 3360 6960 6960
7478 CONNECTION 655 953 300 3600 7080 7080
7479 CONNECTION 655 488 300 3720 7200 7200
7480 CONNECTION 655 610 300 4380 8460 8460
7481 CONNECTION 655 411 300 4560 8160 8160
7482 CONNECTION 705 706 -1 -1 2160 2160
7483 CONNECTION 705 161 -1 -1 2100 2100
7484 CONNECTION 705 881 -1 -1 2940 2940
7485 CONNECTION 705 999 -1 -1 2940 2940
7486 CONNECTION 705 345 -1 -1 3300 3300
7487 CONNECTION 705 61 -1 -1 3540 3540
7488 CONNECTION 705 293 -1 -1 3300 3300
7489 CONNECTION 705 581 300 660 5100 5100
7490 CONNECTION 705 321 300 900 5340 5340
7491 CONNECTION 705 439 300 900 4500 4500
7492 CONNECTION 705 1025 300 1320 5760 5760
7493 CONNECTION 705 487 300 1440 5040 5040
7494 CONNECTION 705 190 300 2100 6540 6540
7495 CONNECTION 705 609 300 2100 5700 5700
7496 CONNECTION 705 753 300 2460 6900 6900
7497 CONNECTION 705 512 300 2700 7140 7140
7498 CONNECTION 705 1031 300 3300 6900 6900
7499 CONNECTION 705 863 300 4260 8700 8700
7500 CONNECTION 705 164 300 4500 8100 8100
7501 CONNECTION 705 729 300 4500 8940 8940
7502 CONNECTION 160 88 -1 -1 2100 2100
7503 CONNECTION 160 320 -1 -1 3720 3720
7504 CONNECTION 160 239 -1 -1 3300 3300
7505 CONNECTION 160 213 -1 -1 3180 3180
7506 CONNECTION 160 134 -1 -1 4140 4140
7507 CONNECTION 160 707 300 420 3900 3900
7508 CONNECTION 160 189 300 480 4920 4920
7509 CONNECTION 160 773 300 480 3960 3960
7510 CONNECTION 160 409 300 660 4500 4500
7511 CONNECTION 160 32 300 900 5280 5280
7512 CONNECTION 160 789 300 900 7080 7080
7513 CONNECTION 160 511 300 1080 5520 5520
7514 CONNECTION 160 112 300 1200 7380 7380
7515 CONNECTION 160 346 300 1560 5940 5940
7516 CONNECTION 160 539 300 1860 5700 5700
7517 CONNECTION 160 728 300 2880 7320 7320
7518 CONNECTION 160 684 300 3060 6900 6900
7519 CONNECTION 160 1020 300 3060 6900 6900
7520 CONNECTION 160 658 300 3300 6780 6780
7521 CONNECTION 160 582 300 3360 7740 7740
7522 CONNECTION 160 1026 300 4020 7500 7500
7523 CONNECTION 160 634 300 4080 8520 8520
7524 CONNECTION 160 938 300 4080 7560 7560
7525 CONNECTION 160 91 300 4260 8100 8100
7526 CONNECTION 160 489 300 4500 8880 8880
7527 CONNECTION 160 954 300 4500 10680 10680
7528 CONNECTION 160 823 300 4680 9120 9120
7529 CONNECTION 160 563 300 4800 10980 10980
7530 SINK 160 0 -1 -1 300 300
7531 CONNECTION 919 920 -1 -1 2580 2580
7532 CONNECTION 919 510 -1 -1 2820 2820
7533 CONNECTION 919 1011 -1 -1 4380 4380
7534 CONNECTION 919 562 -1 -1 4620 4620
7535 CONNECTION 919 803 -1 -1 4620 4620
7536 CONNECTION 919 727 -1 -1 4620 4620
7537 CONNECTION 919 657 300 660 5040 5040
7538 CONNECTION 919 135 300 1320 6180 6180
7539 CONNECTION 919 822 300 2040 6420 6420
7540 CONNECTION 919 347 300 3120 7980 7980
7541 CONNECTION 919 844 300 3360 8220 8220
7542 CONNECTION 919 10 300 3540 8220 8220
7543 CONNECTION 919 902 300 3840 8220 8220
7544 CONNECTION 919 215 300 4260 8640 8640
7545 CONNECTION 407 408 -1 -1 1320 1320
7546 CONNECTION 407 1018 -1 -1 2820 2820
7547 CONNECTION 407 188 -1 -1 2280 2280
7548 CONNECTION 407 538 -1 -1 2520 2520
7549 CONNECTION 407 788 -1 -1 2640 2640
7550 CONNECTION 407 31 -1 -1 2760 2760
7551 CONNECTION 407 162 -1 -1 4020 4020
7552 CONNECTION 407 683 -1 -1 3720 3720
7553 CONNECTION 407 1006 -1 -1 3720 3720
7554 CONNECTION 407 214 300 480 4080 4080
7555 CONNECTION 407 294 300 1140 5220 5220
7556 CONNECTION 407 774 300 1260 6540 6540
7557 CONNECTION 407 90 300 1320 4920 4920
7558 CONNECTION 407 440 300 2340 6420 6420
7559 CONNECTION 407 633 300 2400 5880 5880
7560 CONNECTION 407 241 300 2520 6120 6120
7561 CONNECTION 407 953 300 2760 6240 6240
7562 CONNECTION 407 488 300 2880 6360 6360
7563 CONNECTION 407 610 300 3540 7620 7620
7564 CONNECTION 407 411 300 3720 7320 7320
7565 CONNECTION 407 659 300 4080 7680 7680
7566 CONNECTION 407 1032 300 4740 8820 8820
7567 CONNECTION 509 510 -1 -1 2100 2100
7568 CONNECTION 509 1011 -1 -1 3660 3660
7569 CONNECTION 509 562 -1 -1 3900 3900
7570 CONNECTION 509 803 -1 -1 3900 3900
7571 CONNECTION 509 727 -1 -1 3900 3900
7572 CONNECTION 509 657 -1 -1 4320 4320
7573 CONNECTION 509 135 300 600 5460 5460
7574 CONNECTION 509 822 300 1320 5700 5700
7575 CONNECTION 509 347 300 2400 7260 7260
7576 CONNECTION 509 844 300 2640 7500 7500
7577 CONNECTION 509 10 300 2820 7500 7500
7578 CONNECTION 509 902 300 3120 7500 7500
7579 CONNECTION 509 215 300 3540 7920 7920
7580 CONNECTION 509 583 300 4200 9060 9060
7581 CONNECTION 820 1023 -1 -1 1860 1860
7582 CONNECTION 820 751 -1 -1 3060 3060
7583 CONNECTION 820 952 -1 -1 5400 5400
7584 CONNECTION 820 861 300 1200 4860 4860
7585 CONNECTION 820 266 300 1800 5460 5460
7586 CONNECTION 820 921 300 3000 6660 6660
7587 CONNECTION 820 385 300 3720 9000 9000
7588 CONNECTION 820 1037 300 4800 8460 8460
7589 CONNECTION 860 821 -1 -1 3540 3540
7590 CONNECTION 860 9 -1 -1 4980 4980
7591 CONNECTION 860 901 300 480 5340 5340
7592 CONNECTION 860 971 300 2280 7140 7140
7593 CONNECTION 860 1012 300 2280 7140 7140
7594 CONNECTION 860 463 300 3720 8580 8580
7595 CONNECTION 860 63 300 4080 8940 8940
7596 CONNECTION 772 773 -1 -1 1200 1200
7597 CONNECTION 772 511 -1 -1 2760 2760
7598 CONNECTION 772 112 -1 -1 4620 4620
7599 CONNECTION 772 346 -1 -1 3180 3180
7600 CONNECTION 772 539 -1 -1 2940 2940
7601 CONNECTION 772 728 -1 -1 4560 4560
7602 CONNECTION 772 684 -1 -1 4140 4140
7603 CONNECTION 772 1020 -1 -1 4140 4140
7604 CONNECTION 772 658 300 540 4020 4020
7605 CONNECTION 772 582 300 600 4980 4980
7606 CONNECTION 772 1026 300 1260 4740 4740
7607 CONNECTION 772 634 300 1320 5760 5760
7608 CONNECTION 772 938 300 1320 4800 4800
7609 CONNECTION 772 91 300 1500 5340 5340
7610 CONNECTION 772 489 300 1740 6120 6120
7611 CONNECTION 772 954 300 1740 7920 7920
7612 CONNECTION 772 823 300 1920 6360 6360
7613 CONNECTION 772 563 300 2040 8220 8220
7614 CONNECTION 772 754 300 2400 6780 6780
7615 CONNECTION 772 242 300 2700 6540 6540
7616 CONNECTION 772 903 300 3720 8160 8160
7617 CONNECTION 772 412 300 3900 7740 7740
7618 CONNECTION 772 216 300 4140 7620 7620
7619 CONNECTION 772 864 300 4200 8580 8580
7620 SINK 772 0 -1 -1 300 300
7621 CONNECTION 787 788 -1 -1 1200 1200
7622 CONNECTION 787 162 -1 -1 2580 2580
7623 CONNECTION 787 683 -1 -1 2280 2280
7624 CONNECTION 787 1006 -1 -1 2280 2280
7625 CONNECTION 787 214 -1 -1 2640 2640
7626 CONNECTION 787 294 -1 -1 3780 3780
7627 CONNECTION 787 774 -1 -1 5100 5100
7628 CONNECTION 787 90 -1 -1 3480 3480
7629 CONNECTION 787 440 300 900 4980 4980
7630 CONNECTION 787 633 300 960 4440 4440
7631 CONNECTION 787 241 300 1080 4680 4680
7632 CONNECTION 787 953 300 1320 4800 4800
7633 CONNECTION 787 488 300 1440 4920 4920
7634 CONNECTION 787 610 300 2100 6180 6180
7635 CONNECTION 787 411 300 2280 5880 5880
7636 CONNECTION 787 659 300 2640 6240 6240
7637 CONNECTION 787 1032 300 3300 7380 7380
7638 CONNECTION 787 939 300 3420 8700 8700
7639 CONNECTION 787 541 300 3480 7080 7080
7640 CONNECTION 787 165 300 4500 8580 8580
7641 CONNECTION 787 883 300 4560 8040 8040
7642 CONNECTION 787 1027 300 4560 8040 8040
7643 CONNECTION 787 686 300 4680 8280 8280
7644 CONNECTION 787 1022 300 4680 8280 8280
7645 CONNECTION 606 607 -1 -1 1800 1800
7646 CONNECTION 606 1018 -1 -1 3000 3000
7647 CONNECTION 606 188 -1 -1 2460 2460
7648 CONNECTION 606 538 -1 -1 2700 2700
7649 CONNECTION 606 788 -1 -1 2820 2820
7650 CONNECTION 606 31 -1 -1 2940 2940
7651 CONNECTION 606 162 -1 -1 4200 4200
7652 CONNECTION 606 683 -1 -1 3900 3900
7653 CONNECTION 606 1006 -1 -1 3900 3900
7654 CONNECTION 606 214 300 660 4260 4260
7655 CONNECTION 606 294 300 1320 5400 5400
7656 CONNECTION 606 774 300 1440 6720 6720
7657 CONNECTION 606 90 300 1500 5100 5100
7658 CONNECTION 606 440 300 2520 6600 6600
7659 CONNECTION 606 633 300 2580 6060 6060
7660 CONNECTION 606 241 300 2700 6300 6300
7661 CONNECTION 606 953 300 2940 6420 6420
7662 CONNECTION 606 488 300 3060 6540 6540
7663 CONNECTION 606 610 300 3720 7800 7800
7664 CONNECTION 606 411 300 3900 7500 7500
7665 CONNECTION 606 659 300 4260 7860 7860
7666 CONNECTION 111 821 -1 -1 3300 3300
7667 CONNECTION 111 9 -1 -1 4740 4740
7668 CONNECTION 111 901 -1 -1 5100 5100
7669 CONNECTION 111 971 300 2040 6900 6900
7670 CONNECTION 111 1012 300 2040 6900 6900
7671 CONNECTION 111 463 300 3480 8340 8340
7672 CONNECTION 111 63 300 3840 8700 8700
7673 CONNECTION 437 438 -1 -1 1560 1560
7674 CONNECTION 437 608 -1 -1 2760 2760
7675 CONNECTION 437 89 -1 -1 3180 3180
7676 CONNECTION 437 1019 -1 -1 3960 3960
7677 CONNECTION 437 240 -1 -1 4380 4380
7678 CONNECTION 437 163 300 1320 5160 5160
7679 CONNECTION 437 410 300 1500 5580 5580
7680 CONNECTION 437 295 300 2520 6360 6360
7681 CONNECTION 437 540 300 2700 6780 6780
7682 CONNECTION 437 441 300 3720 7560 7560
7683 CONNECTION 437 685 300 3900 7980 7980
7684 CONNECTION 437 1021 300 3900 7980 7980
7685 CONNECTION 265 1018 -1 -1 2940 2940
7686 CONNECTION 265 188 -1 -1 2400 2400
7687 CONNECTION 265 538 -1 -1 2640 2640
7688 CONNECTION 265 788 -1 -1 2760 2760
7689 CONNECTION 265 31 -1 -1 2880 2880
7690 CONNECTION 265 162 -1 -1 4140 4140
7691 CONNECTION 265 683 -1 -1 3840 3840
7692 CONNECTION 265 1006 -1 -1 3840 3840
7693 CONNECTION 265 214 300 600 4200 4200
7694 CONNECTION 265 294 300 1260 5340 5340
7695 CONNECTION 265 774 300 1380 6660 6660
7696 CONNECTION 265 90 300 1440 5040 5040
7697 CONNECTION 265 440 300 2460 6540 6540
7698 CONNECTION 265 633 300 2520 6000 6000
7699 CONNECTION 265 241 300 2640 6240 6240
7700 CONNECTION 265 953 300 2880 6360 6360
7701 CONNECTION 265 488 300 3000 6480 6480
7702 CONNECTION 265 610 300 3660 7740 7740
7703 CONNECTION 265 411 300 3840 7440 7440
7704 CONNECTION 265 659 300 4200 7800 7800
7705 CONNECTION 365 366 -1 -1 3000 3000
7706 CONNECTION 365 1018 -1 -1 2880 2880
7707 CONNECTION 365 188 -1 -1 2340 2340
7708 CONNECTION 365 538 -1 -1 2580 2580
7709 CONNECTION 365 788 -1 -1 2700 2700
7710 CONNECTION 365 31 -1 -1 2820 2820
7711 CONNECTION 365 162 -1 -1 4080 4080
7712 CONNECTION 365 683 -1 -1 3780 3780
7713 CONNECTION 365 1006 -1 -1 3780 3780
7714 CONNECTION 365 214 300 540 4140 4140
7715 CONNECTION 365 294 300 1200 5280 5280
7716 CONNECTION 365 774 300 1320 6600 6600
7717 CONNECTION 365 90 300 1380 4980 4980
7718 CONNECTION 365 440 300 2400 6480 6480
7719 CONNECTION 365 633 300 2460 5940 5940
7720 CONNECTION 365 241 300 2580 6180 6180
7721 CONNECTION 365 953 300 2820 6300 6300
7722 CONNECTION 365 488 300 2940 6420 6420
7723 CONNECTION 365 610 300 3600 7680 7680
7724 CONNECTION 365 411 300 3780 7380 7380
7725 CONNECTION 365 659 300 4140 7740 7740
7726 CONNECTION 365 1032 300 4800 8880 8880
7727 CONNECTION 461 462 -1 -1 4020 4020
7728 CONNECTION 461 937 -1 -1 4800 4800
7729 CONNECTION 461 843 -1 -1 4620 4620
7730 CONNECTION 461 804 300 1440 7620 7620
7731 CONNECTION 461 367 300 2220 8400 8400
7732 CONNECTION 461 113 300 3540 8220 8220
7733 CONNECTION 880 881 -1 -1 2160 2160
7734 CONNECTION 880 61 -1 -1 2760 2760
7735 CONNECTION 880 293 -1 -1 2520 2520
7736 CONNECTION 880 581 -1 -1 4320 4320
7737 CONNECTION 880 321 -1 -1 4560 4560
7738 CONNECTION 880 439 -1 -1 3720 3720
7739 CONNECTION 880 1025 300 540 4980 4980
7740 CONNECTION 880 487 300 660 4260 4260
7741 CONNECTION 880 190 300 1320 5760 5760
7742 CONNECTION 880 609 300 1320 4920 4920
7743 CONNECTION 880 753 300 1680 6120 6120
7744 CONNECTION 880 512 300 1920 6360 6360
7745 CONNECTION 880 1031 300 2520 6120 6120
7746 CONNECTION 880 863 300 3480 7920 7920
7747 CONNECTION 880 164 300 3720 7320 7320
7748 CONNECTION 880 729 300 3720 8160 8160
7749 CONNECTION 880 268 300 4140 8580 8580
7750 CONNECTION 880 33 300 4260 7860 7860
7751 CONNECTION 998 999 -1 -1 2160 2160
7752 CONNECTION 998 61 -1 -1 2760 2760
7753 CONNECTION 998 293 -1 -1 2520 2520
7754 CONNECTION 998 581 -1 -1 4320 4320
7755 CONNECTION 998 321 -1 -1 4560 4560
7756 CONNECTION 998 439 -1 -1 3720 3720
7757 CONNECTION 998 1025 300 540 4980 4980
7758 CONNECTION 998 487 300 660 4260 4260
7759 CONNECTION 998 190 300 1320 5760 5760
7760 CONNECTION 998 609 300 1320 4920 4920
7761 CONNECTION 998 753 300 1680 6120 6120
7762 CONNECTION 998 512 300 1920 6360 6360
7763 CONNECTION 998 1031 300 2520 6120 6120
7764 CONNECTION 998 863 300 3480 7920 7920
7765 CONNECTION 998 164 300 3720 7320 7320
7766 CONNECTION 998 729 300 3720 8160 8160
7767 CONNECTION 998 268 300 4140 8580 8580
7768 CONNECTION 998 33 300 4260 7860 7860
7769 CONNECTION 238 161 -1 -1 2100 2100
7770 CONNECTION 238 881 -1 -1 2940 2940
7771 CONNECTION 238 999 -1 -1 2940 2940
7772 CONNECTION 238 345 -1 -1 3300 3300
7773 CONNECTION 238 61 -1 -1 3540 3540
7774 CONNECTION 238 293 -1 -1 3300 3300
7775 CONNECTION 238 581 300 660 5100 5100
7776 CONNECTION 238 321 300 900 5340 5340
7777 CONNECTION 238 439 300 900 4500 4500
7778 CONNECTION 238 1025 300 1320 5760 5760
7779 CONNECTION 238 487 300 1440 5040 5040
7780 CONNECTION 238 190 300 2100 6540 6540
7781 CONNECTION 238 609 300 2100 5700 5700
7782 CONNECTION 238 753 300 2460 6900 6900
7783 CONNECTION 238 512 300 2700 7140 7140
7784 CONNECTION 238 1031 300 3300 6900 6900
7785 CONNECTION 238 863 300 4260 8700 8700
7786 CONNECTION 238 164 300 4500 8100 8100
7787 CONNECTION 238 729 300 4500 8940 8940
7788 CONNECTION 681 682 -1 -1 1920 1920
7789 CONNECTION 681 608 -1 -1 2700 2700
7790 CONNECTION 681 89 -1 -1 3120 3120
7791 CONNECTION 681 1019 -1 -1 3900 3900
7792 CONNECTION 681 240 -1 -1 4320 4320
7793 CONNECTION 681 163 300 1260 5100 5100
7794 CONNECTION 681 410 300 1440 5520 5520
7795 CONNECTION 681 295 300 2460 6300 6300
7796 CONNECTION 681 540 300 2640 6720 6720
7797 CONNECTION 681 441 300 3660 7500 7500
7798 CONNECTION 681 685 300 3840 7920 7920
7799 CONNECTION 681 1021 300 3840 7920 7920
7800 CONNECTION 1004 1005 -1 -1 1920 1920
7801 CONNECTION 1004 608 -1 -1 2700 2700
7802 CONNECTION 1004 89 -1 -1 3120 3120
7803 CONNECTION 1004 1019 -1 -1 3900 3900
7804 CONNECTION 1004 240 -1 -1 4320 4320
7805 CONNECTION 1004 163 300 1260 5100 5100
7806 CONNECTION 1004 410 300 1440 5520 5520
7807 CONNECTION 1004 295 300 2460 6300 6300
7808 CONNECTION 1004 540 300 2640 6720 6720
7809 CONNECTION 1004 441 300 3660 7500 7500
7810 CONNECTION 1004 685 300 3840 7920 7920
7811 CONNECTION 1004 1021 300 3840 7920 7920
7812 CONNECTION 319 320 -1 -1 2160 2160
7813 CONNECTION 319 134 -1 -1 2580 2580
7814 CONNECTION 319 707 -1 -1 2340 2340
7815 CONNECTION 319 189 -1 -1 3360 3360
7816 CONNECTION 319 773 -1 -1 2400 2400
7817 CONNECTION 319 409 -1 -1 2940 2940
7818 CONNECTION 319 32 -1 -1 3720 3720
7819 CONNECTION 319 789 -1 -1 5520 5520
7820 CONNECTION 319 511 -1 -1 3960 3960
7821 CONNECTION 319 112 -1 -1 5820 5820
7822 CONNECTION 319 346 -1 -1 4380 4380
7823 CONNECTION 319 539 -1 -1 4140 4140
7824 CONNECTION 319 728 300 1320 5760 5760
7825 CONNECTION 319 684 300 1500 5340 5340
7826 CONNECTION 319 1020 300 1500 5340 5340
7827 CONNECTION 319 658 300 1740 5220 5220
7828 CONNECTION 319 582 300 1800 6180 6180
7829 CONNECTION 319 1026 300 2460 5940 5940
7830 CONNECTION 319 634 300 2520 6960 6960
7831 CONNECTION 319 938 300 2520 6000 6000
7832 CONNECTION 319 91 300 2700 6540 6540
7833 CONNECTION 319 489 300 2940 7320 7320
7834 CONNECTION 319 954 300 2940 9120 9120
7835 CONNECTION 319 823 300 3120 7560 7560
7836 CONNECTION 319 563 300 3240 9420 9420
7837 CONNECTION 319 754 300 3600 7980 7980
7838 CONNECTION 319 242 300 3900 7740 7740
7839 SINK 319 0 -1 -1 300 300
7840 CONNECTION 344 345 -1 -1 2160 2160
7841 CONNECTION 344 293 -1 -1 2160 2160
7842 CONNECTION 344 581 -1 -1 3960 3960
7843 CONNECTION 344 321 -1 -1 4200 4200
7844 CONNECTION 344 439 -1 -1 3360 3360
7845 CONNECTION 344 1025 -1 -1 4620 4620
7846 CONNECTION 344 487 -1 -1 3900 3900
7847 CONNECTION 344 190 300 960 5400 5400
7848 CONNECTION 344 609 300 960 4560 4560
7849 CONNECTION 344 753 300 1320 5760 5760
7850 CONNECTION 344 512 300 1560 6000 6000
7851 CONNECTION 344 1031 300 2160 5760 5760
7852 CONNECTION 344 863 300 3120 7560 7560
7853 CONNECTION 344 164 300 3360 6960 6960
7854 CONNECTION 344 729 300 3360 7800 7800
7855 CONNECTION 344 268 300 3780 8220 8220
7856 CONNECTION 344 33 300 3900 7500 7500
7857 CONNECTION 344 296 300 4560 8160 8160
7858 CONNECTION 344 635 300 4560 9000 9000
7859 CONNECTION 384 804 -1 -1 5700 5700
7860 CONNECTION 384 367 -1 -1 6480 6480
7861 CONNECTION 384 113 300 1620 6300 6300
7862 CONNECTION 384 11 300 3120 9300 9300
7863 CONNECTION 384 775 300 3900 10080 10080
7864 CONNECTION 486 1011 -1 -1 3240 3240
7865 CONNECTION 486 562 -1 -1 3480 3480
7866 CONNECTION 486 803 -1 -1 3480 3480
7867 CONNECTION 486 727 -1 -1 3480 3480
7868 CONNECTION 486 657 -1 -1 3900 3900
7869 CONNECTION 486 135 -1 -1 5040 5040
7870 CONNECTION 486 822 300 900 5280 5280
7871 CONNECTION 486 347 300 1980 6840 6840
7872 CONNECTION 486 844 300 2220 7080 7080
7873 CONNECTION 486 10 300 2400 7080 7080
7874 CONNECTION 486 902 300 2700 7080 7080
7875 CONNECTION 486 215 300 3120 7500 7500
7876 CONNECTION 486 583 300 3780 8640 8640
7877 CONNECTION 486 972 300 4500 8880 8880
7878 CONNECTION 486 1013 300 4500 8880 8880
7879 CONNECTION 656 345 -1 -1 2940 2940
7880 CONNECTION 656 61 -1 -1 3180 3180
7881 CONNECTION 656 293 -1 -1 2940 2940
7882 CONNECTION 656 581 -1 -1 4740 4740
7883 CONNECTION 656 321 300 540 4980 4980
7884 CONNECTION 656 439 300 540 4140 4140
7885 CONNECTION 656 1025 300 960 5400 5400
7886 CONNECTION 656 487 300 1080 4680 4680
7887 CONNECTION 656 190 300 1740 6180 6180
7888 CONNECTION 656 609 300 1740 5340 5340
7889 CONNECTION 656 753 300 2100 6540 6540
7890 CONNECTION 656 512 300 2340 6780 6780
7891 CONNECTION 656 1031 300 2940 6540 6540
7892 CONNECTION 656 863 300 3900 8340 8340
7893 CONNECTION 656 164 300 4140 7740 7740
7894 CONNECTION 656 729 300 4140 8580 8580
7895 CONNECTION 656 268 300 4560 9000 9000
7896 CONNECTION 656 33 300 4680 8280 8280
7897 CONNECTION 292 239 -1 -1 2100 2100
7898 CONNECTION 292 213 -1 -1 1980 1980
7899 CONNECTION 292 134 -1 -1 2940 2940
7900 CONNECTION 292 707 -1 -1 2700 2700
7901 CONNECTION 292 189 -1 -1 3720 3720
7902 CONNECTION 292 773 -1 -1 2760 2760
7903 CONNECTION 292 409 -1 -1 3300 3300
7904 CONNECTION 292 32 -1 -1 4080 4080
7905 CONNECTION 292 789 -1 -1 5880 5880
7906 CONNECTION 292 511 -1 -1 4320 4320
7907 CONNECTION 292 112 -1 -1 6180 6180
7908 CONNECTION 292 346 300 360 4740 4740
7909 CONNECTION 292 539 300 660 4500 4500
7910 CONNECTION 292 728 300 1680 6120 6120
7911 CONNECTION 292 684 300 1860 5700 5700
7912 CONNECTION 292 1020 300 1860 5700 5700
7913 CONNECTION 292 658 300 2100 5580 5580
7914 CONNECTION 292 582 300 2160 6540 6540
7915 CONNECTION 292 1026 300 2820 6300 6300
7916 CONNECTION 292 634 300 2880 7320 7320
7917 CONNECTION 292 938 300 2880 6360 6360
7918 CONNECTION 292 91 300 3060 6900 6900
7919 CONNECTION 292 489 300 3300 7680 7680
7920 CONNECTION 292 954 300 3300 9480 9480
7921 CONNECTION 292 823 300 3480 7920 7920
7922 CONNECTION 292 563 300 3600 9780 9780
7923 CONNECTION 292 754 300 3960 8340 8340
7924 CONNECTION 292 242 300 4260 8100 8100
7925 SINK 292 0 -1 -1 300 300
7926 CONNECTION 60 61 -1 -1 2160 2160
7927 CONNECTION 60 293 -1 -1 1920 1920
7928 CONNECTION 60 581 -1 -1 3720 3720
7929 CONNECTION 60 321 -1 -1 3960 3960
7930 CONNECTION 60 439 -1 -1 3120 3120
7931 CONNECTION 60 1025 -1 -1 4380 4380
7932 CONNECTION 60 487 -1 -1 3660 3660
7933 CONNECTION 60 190 300 720 5160 5160
7934 CONNECTION 60 609 300 720 4320 4320
7935 CONNECTION 60 753 300 1080 5520 5520
7936 CONNECTION 60 512 300 1320 5760 5760
7937 CONNECTION 60 1031 300 1920 5520 5520
7938 CONNECTION 60 863 300 2880 7320 7320
7939 CONNECTION 60 164 300 3120 6720 6720
7940 CONNECTION 60 729 300 3120 7560 7560
7941 CONNECTION 60 268 300 3540 7980 7980
7942 CONNECTION 60 33 300 3660 7260 7260
7943 CONNECTION 60 296 300 4320 7920 7920
7944 CONNECTION 60 635 300 4320 8760 8760
7945 CONNECTION 60 923 300 4680 9120 9120
7946 CONNECTION 537 538 -1 -1 1320 1320
7947 CONNECTION 537 162 -1 -1 2820 2820
7948 CONNECTION 537 683 -1 -1 2520 2520
7949 CONNECTION 537 1006 -1 -1 2520 2520
7950 CONNECTION 537 214 -1 -1 2880 2880
7951 CONNECTION 537 294 -1 -1 4020 4020
7952 CONNECTION 537 774 -1 -1 5340 5340
7953 CONNECTION 537 90 -1 -1 3720 3720
7954 CONNECTION 537 440 300 1140 5220 5220
7955 CONNECTION 537 633 300 1200 4680 4680
7956 CONNECTION 537 241 300 1320 4920 4920
7957 CONNECTION 537 953 300 1560 5040 5040
7958 CONNECTION 537 488 300 1680 5160 5160
7959 CONNECTION 537 610 300 2340 6420 6420
7960 CONNECTION 537 411 300 2520 6120 6120
7961 CONNECTION 537 659 300 2880 6480 6480
7962 CONNECTION 537 1032 300 3540 7620 7620
7963 CONNECTION 537 939 300 3660 8940 8940
7964 CONNECTION 537 541 300 3720 7320 7320
7965 CONNECTION 537 165 300 4740 8820 8820
7966 CONNECTION 537 883 300 4800 8280 8280
7967 CONNECTION 537 1027 300 4800 8280 8280
7968 CONNECTION 133 134 -1 -1 2100 2100
7969 CONNECTION 133 707 -1 -1 1860 1860
7970 CONNECTION 133 189 -1 -1 2880 2880
7971 CONNECTION 133 773 -1 -1 1920 1920
7972 CONNECTION 133 409 -1 -1 2460 2460
7973 CONNECTION 133 32 -1 -1 3240 3240
7974 CONNECTION 133 789 -1 -1 5040 5040
7975 CONNECTION 133 511 -1 -1 3480 3480
7976 CONNECTION 133 112 -1 -1 5340 5340
7977 CONNECTION 133 346 -1 -1 3900 3900
7978 CONNECTION 133 539 -1 -1 3660 3660
7979 CONNECTION 133 728 300 840 5280 5280
7980 CONNECTION 133 684 300 1020 4860 4860
7981 CONNECTION 133 1020 300 1020 4860 4860
7982 CONNECTION 133 658 300 1260 4740 4740
7983 CONNECTION 133 582 300 1320 5700 5700
7984 CONNECTION 133 1026 300 1980 5460 5460
7985 CONNECTION 133 634 300 2040 6480 6480
7986 CONNECTION 133 938 300 2040 5520 5520
7987 CONNECTION 133 91 300 2220 6060 6060
7988 CONNECTION 133 489 300 2460 6840 6840
7989 CONNECTION 133 954 300 2460 8640 8640
7990 CONNECTION 133 823 300 2640 7080 7080
7991 CONNECTION 133 563 300 2760 8940 8940
7992 CONNECTION 133 754 300 3120 7500 7500
7993 CONNECTION 133 242 300 3420 7260 7260
7994 CONNECTION 133 903 300 4440 8880 8880
7995 CONNECTION 133 412 300 4620 8460 8460
7996 SINK 133 0 -1 -1 300 300
7997 CONNECTION 212 213 -1 -1 1200 1200
7998 CONNECTION 212 707 -1 -1 1920 1920
7999 CONNECTION 212 189 -1 -1 2940 2940
8000 CONNECTION 212 773 -1 -1 1980 1980
8001 CONNECTION 212 409 -1 -1 2520 2520
8002 CONNECTION 212 32 -1 -1 3300 3300
8003 CONNECTION 212 789 -1 -1 5100 5100
8004 CONNECTION 212 511 -1 -1 3540 3540
8005 CONNECTION 212 112 -1 -1 5400 5400
8006 CONNECTION 212 346 -1 -1 3960 3960
8007 CONNECTION 212 539 -1 -1 3720 3720
8008 CONNECTION 212 728 300 900 5340 5340
8009 CONNECTION 212 684 300 1080 4920 4920
8010 CONNECTION 212 1020 300 1080 4920 4920
8011 CONNECTION 212 658 300 1320 4800 4800
8012 CONNECTION 212 582 300 1380 5760 5760
8013 CONNECTION 212 1026 300 2040 5520 5520
8014 CONNECTION 212 634 300 2100 6540 6540
8015 CONNECTION 212 938 300 2100 5580 5580
8016 CONNECTION 212 91 300 2280 6120 6120
8017 CONNECTION 212 489 300 2520 6900 6900
8018 CONNECTION 212 954 300 2520 8700 8700
8019 CONNECTION 212 823 300 2700 7140 7140
8020 CONNECTION 212 563 300 2820 9000 9000
8021 CONNECTION 212 754 300 3180 7560 7560
8022 CONNECTION 212 242 300 3480 7320 7320
8023 CONNECTION 212 903 300 4500 8940 8940
8024 CONNECTION 212 412 300 4680 8520 8520
8025 SINK 212 0 -1 -1 300 300
8026 CONNECTION 632 751 -1 -1 1860 1860
8027 CONNECTION 632 952 -1 -1 4200 4200
8028 CONNECTION 632 861 -1 -1 3660 3660
8029 CONNECTION 632 266 300 600 4260 4260
8030 CONNECTION 632 921 300 1800 5460 5460
8031 CONNECTION 632 385 300 2520 7800 7800
8032 CONNECTION 632 1037 300 3600 7260 7260
8033 CONNECTION 632 708 300 4200 7860 7860
8034 CONNECTION 842 843 -1 -1 2400 2400
8035 CONNECTION 842 804 -1 -1 5400 5400
8036 CONNECTION 842 367 -1 -1 6180 6180
8037 CONNECTION 842 113 300 1320 6000 6000
8038 CONNECTION 842 11 300 2820 9000 9000
8039 CONNECTION 842 775 300 3600 9780 9780
8040 CONNECTION 579 580 -1 -1 2160 2160
8041 CONNECTION 579 1024 -1 -1 2820 2820
8042 CONNECTION 579 970 -1 -1 2340 2340
8043 CONNECTION 579 752 -1 -1 3960 3960
8044 CONNECTION 579 882 -1 -1 3540 3540
8045 CONNECTION 579 1000 -1 -1 3540 3540
8046 CONNECTION 579 62 300 480 4140 4140
8047 CONNECTION 579 862 300 1320 5760 5760
8048 CONNECTION 579 267 300 1980 6420 6420
8049 CONNECTION 579 322 300 2280 5940 5940
8050 CONNECTION 579 922 300 3120 7560 7560
8051 CONNECTION 579 191 300 3480 7140 7140
8052 CONNECTION 579 513 300 4080 7740 7740
8053 CONNECTION 802 803 -1 -1 2460 2460
8054 CONNECTION 802 657 -1 -1 2880 2880
8055 CONNECTION 802 135 -1 -1 4020 4020
8056 CONNECTION 802 822 -1 -1 4260 4260
8057 CONNECTION 802 347 300 960 5820 5820
8058 CONNECTION 802 844 300 1200 6060 6060
8059 CONNECTION 802 10 300 1380 6060 6060
8060 CONNECTION 802 902 300 1680 6060 6060
8061 CONNECTION 802 215 300 2100 6480 6480
8062 CONNECTION 802 583 300 2760 7620 7620
8063 CONNECTION 802 972 300 3480 7860 7860
8064 CONNECTION 802 1013 300 3480 7860 7860
8065 CONNECTION 802 755 300 4560 9420 9420
8066 CONNECTION 802 114 300 4800 9660 9660
8067 CONNECTION 969 970 -1 -1 1380 1380
8068 CONNECTION 969 752 -1 -1 3000 3000
8069 CONNECTION 969 882 -1 -1 2580 2580
8070 CONNECTION 969 1000 -1 -1 2580 2580
8071 CONNECTION 969 62 -1 -1 3180 3180
8072 CONNECTION 969 862 300 360 4800 4800
8073 CONNECTION 969 267 300 1020 5460 5460
8074 CONNECTION 969 322 300 1320 4980 4980
8075 CONNECTION 969 922 300 2160 6600 6600
8076 CONNECTION 969 191 300 2520 6180 6180
8077 CONNECTION 969 513 300 3120 6780 6780
8078 CONNECTION 969 1038 300 3960 8400 8400
8079 CONNECTION 969 709 300 4620 9060 9060
8080 CONNECTION 1017 1018 -1 -1 1800 1800
8081 CONNECTION 1017 31 -1 -1 1740 1740
8082 CONNECTION 1017 162 -1 -1 3000 3000
8083 CONNECTION 1017 683 -1 -1 2700 2700
8084 CONNECTION 1017 1006 -1 -1 2700 2700
8085 CONNECTION 1017 214 -1 -1 3060 3060
8086 CONNECTION 1017 294 -1 -1 4200 4200
8087 CONNECTION 1017 774 -1 -1 5520 5520
8088 CONNECTION 1017 90 -1 -1 3900 3900
8089 CONNECTION 1017 440 300 1320 5400 5400
8090 CONNECTION 1017 633 300 1380 4860 4860
8091 CONNECTION 1017 241 300 1500 5100 5100
8092 CONNECTION 1017 953 300 1740 5220 5220
8093 CONNECTION 1017 488 300 1860 5340 5340
8094 CONNECTION 1017 610 300 2520 6600 6600
8095 CONNECTION 1017 411 300 2700 6300 6300
8096 CONNECTION 1017 659 300 3060 6660 6660
8097 CONNECTION 1017 1032 300 3720 7800 7800
8098 CONNECTION 1017 939 300 3840 9120 9120
8099 CONNECTION 1017 541 300 3900 7500 7500
8100 CONNECTION 561 562 -1 -1 2580 2580
8101 CONNECTION 561 727 -1 -1 2580 2580
8102 CONNECTION 561 657 -1 -1 3000 3000
8103 CONNECTION 561 135 -1 -1 4140 4140
8104 CONNECTION 561 822 -1 -1 4380 4380
8105 CONNECTION 561 347 300 1080 5940 5940
8106 CONNECTION 561 844 300 1320 6180 6180
8107 CONNECTION 561 10 300 1500 6180 6180
8108 CONNECTION 561 902 300 1800 6180 6180
8109 CONNECTION 561 215 300 2220 6600 6600
8110 CONNECTION 561 583 300 2880 7740 7740
8111 CONNECTION 561 972 300 3600 7980 7980
8112 CONNECTION 561 1013 300 3600 7980 7980
8113 CONNECTION 561 755 300 4680 9540 9540
8114 CONNECTION 607 608 -1 -1 1560 1560
8115 CONNECTION 607 1019 -1 -1 2760 2760
8116 CONNECTION 607 240 -1 -1 3180 3180
8117 CONNECTION 607 163 -1 -1 3960 3960
8118 CONNECTION 607 410 -1 -1 4380 4380
8119 CONNECTION 607 295 300 1320 5160 5160
8120 CONNECTION 607 540 300 1500 5580 5580
8121 CONNECTION 607 441 300 2520 6360 6360
8122 CONNECTION 607 685 300 2700 6780 6780
8123 CONNECTION 607 1021 300 2700 6780 6780
8124 CONNECTION 607 611 300 3720 7560 7560
8125 CONNECTION 607 92 300 3900 7980 7980
8126 CONNECTION 1010 1011 -1 -1 2580 2580
8127 CONNECTION 1010 727 -1 -1 2820 2820
8128 CONNECTION 1010 657 -1 -1 3240 3240
8129 CONNECTION 1010 135 -1 -1 4380 4380
8130 CONNECTION 1010 822 -1 -1 4620 4620
8131 CONNECTION 1010 347 300 1320 6180 6180
8132 CONNECTION 1010 844 300 1560 6420 6420
8133 CONNECTION 1010 10 300 1740 6420 6420
8134 CONNECTION 1010 902 300 2040 6420 6420
8135 CONNECTION 1010 215 300 2460 6840 6840
8136 CONNECTION 1010 583 300 3120 7980 7980
8137 CONNECTION 1010 972 300 3840 8220 8220
8138 CONNECTION 1010 1013 300 3840 8220 8220
8139 CONNECTION 366 266 -1 -1 2160 2160
8140 CONNECTION 366 921 -1 -1 3360 3360
8141 CONNECTION 366 385 300 420 5700 5700
8142 CONNECTION 366 1037 300 1500 5160 5160
8143 CONNECTION 366 708 300 2100 5760 5760
8144 CONNECTION 366 136 300 3300 6960 6960
8145 CONNECTION 366 790 300 4020 9300 9300
8146 CONNECTION 408 293 -1 -1 2100 2100
8147 CONNECTION 408 581 -1 -1 3900 3900
8148 CONNECTION 408 321 -1 -1 4140 4140
8149 CONNECTION 408 439 -1 -1 3300 3300
8150 CONNECTION 408 1025 -1 -1 4560 4560
8151 CONNECTION 408 487 -1 -1 3840 3840
8152 CONNECTION 408 190 300 900 5340 5340
8153 CONNECTION 408 609 300 900 4500 4500
8154 CONNECTION 408 753 300 1260 5700 5700
8155 CONNECTION 408 512 300 1500 5940 5940
8156 CONNECTION 408 1031 300 2100 5700 5700
8157 CONNECTION 408 863 300 3060 7500 7500
8158 CONNECTION 408 164 300 3300 6900 6900
8159 CONNECTION 408 729 300 3300 7740 7740
8160 CONNECTION 408 268 300 3720 8160 8160
8161 CONNECTION 408 33 300 3840 7440 7440
8162 CONNECTION 408 296 300 4500 8100 8100
8163 CONNECTION 408 635 300 4500 8940 8940
8164 CONNECTION 726 727 -1 -1 2100 2100
8165 CONNECTION 726 135 -1 -1 3660 3660
8166 CONNECTION 726 822 -1 -1 3900 3900
8167 CONNECTION 726 347 300 600 5460 5460
8168 CONNECTION 726 844 300 840 5700 5700
8169 CONNECTION 726 10 300 1020 5700 5700
8170 CONNECTION 726 902 300 1320 5700 5700
8171 CONNECTION 726 215 300 1740 6120 6120
8172 CONNECTION 726 583 300 2400 7260 7260
8173 CONNECTION 726 972 300 3120 7500 7500
8174 CONNECTION 726 1013 300 3120 7500 7500
8175 CONNECTION 726 755 300 4200 9060 9060
8176 CONNECTION 726 114 300 4440 9300 9300
8177 CONNECTION 726 464 300 4620 9300 9300
8178 CONNECTION 900 952 -1 -1 3600 3600
8179 CONNECTION 900 861 -1 -1 3060 3060
8180 CONNECTION 900 266 -1 -1 3660 3660
8181 CONNECTION 900 921 300 1200 4860 4860
8182 CONNECTION 900 385 300 1920 7200 7200
8183 CONNECTION 900 1037 300 3000 6660 6660
8184 CONNECTION 900 708 300 3600 7260 7260
8185 CONNECTION 900 136 300 4800 8460 8460
8186 CONNECTION 88 89 -1 -1 1920 1920
8187 CONNECTION 88 1019 -1 -1 2700 2700
8188 CONNECTION 88 240 -1 -1 3120 3120
8189 CONNECTION 88 163 -1 -1 3900 3900
8190 CONNECTION 88 410 -1 -1 4320 4320
8191 CONNECTION 88 295 300 1260 5100 5100
8192 CONNECTION 88 540 300 1440 5520 5520
8193 CONNECTION 88 441 300 2460 6300 6300
8194 CONNECTION 88 685 300 2640 6720 6720
8195 CONNECTION 88 1021 300 2640 6720 6720
8196 CONNECTION 88 611 300 3660 7500 7500
8197 CONNECTION 88 92 300 3840 7920 7920
8198 CONNECTION 706 707 -1 -1 1200 1200
8199 CONNECTION 706 32 -1 -1 2580 2580
8200 CONNECTION 706 789 -1 -1 4380 4380
8201 CONNECTION 706 511 -1 -1 2820 2820
8202 CONNECTION 706 112 -1 -1 4680 4680
8203 CONNECTION 706 346 -1 -1 3240 3240
8204 CONNECTION 706 539 -1 -1 3000 3000
8205 CONNECTION 706 728 -1 -1 4620 4620
8206 CONNECTION 706 684 300 360 4200 4200
8207 CONNECTION 706 1020 300 360 4200 4200
8208 CONNECTION 706 658 300 600 4080 4080
8209 CONNECTION 706 582 300 660 5040 5040
8210 CONNECTION 706 1026 300 1320 4800 4800
8211 CONNECTION 706 634 300 1380 5820 5820
8212 CONNECTION 706 938 300 1380 4860 4860
8213 CONNECTION 706 91 300 1560 5400 5400
8214 CONNECTION 706 489 300 1800 6180 6180
8215 CONNECTION 706 954 300 1800 7980 7980
8216 CONNECTION 706 823 300 1980 6420 6420
8217 CONNECTION 706 563 300 2100 8280 8280
8218 CONNECTION 706 754 300 2460 6840 6840
8219 CONNECTION 706 242 300 2760 6600 6600
8220 CONNECTION 706 903 300 3780 8220 8220
8221 CONNECTION 706 412 300 3960 7800 7800
8222 CONNECTION 706 216 300 4200 7680 7680
8223 CONNECTION 706 864 300 4260 8640 8640
8224 SINK 706 0 -1 -1 300 300
8225 CONNECTION 920 9 -1 -1 3180 3180
8226 CONNECTION 920 901 -1 -1 3540 3540
8227 CONNECTION 920 971 300 480 5340 5340
8228 CONNECTION 920 1012 300 480 5340 5340
8229 CONNECTION 920 463 300 1920 6780 6780
8230 CONNECTION 920 63 300 2280 7140 7140
8231 CONNECTION 920 323 300 4080 8940 8940
8232 CONNECTION 1023 1024 -1 -1 2220 2220
8233 CONNECTION 1023 752 -1 -1 3360 3360
8234 CONNECTION 1023 882 -1 -1 2940 2940
8235 CONNECTION 1023 1000 -1 -1 2940 2940
8236 CONNECTION 1023 62 -1 -1 3540 3540
8237 CONNECTION 1023 862 300 720 5160 5160
8238 CONNECTION 1023 267 300 1380 5820 5820
8239 CONNECTION 1023 322 300 1680 5340 5340
8240 CONNECTION 1023 922 300 2520 6960 6960
8241 CONNECTION 1023 191 300 2880 6540 6540
8242 CONNECTION 1023 513 300 3480 7140 7140
8243 CONNECTION 1023 1038 300 4320 8760 8760
8244 CONNECTION 30 31 -1 -1 1200 1200
8245 CONNECTION 30 162 -1 -1 2460 2460
8246 CONNECTION 30 683 -1 -1 2160 2160
8247 CONNECTION 30 1006 -1 -1 2160 2160
8248 CONNECTION 30 214 -1 -1 2520 2520
8249 CONNECTION 30 294 -1 -1 3660 3660
8250 CONNECTION 30 774 -1 -1 4980 4980
8251 CONNECTION 30 90 -1 -1 3360 3360
8252 CONNECTION 30 440 300 780 4860 4860
8253 CONNECTION 30 633 300 840 4320 4320
8254 CONNECTION 30 241 300 960 4560 4560
8255 CONNECTION 30 953 300 1200 4680 4680
8256 CONNECTION 30 488 300 1320 4800 4800
8257 CONNECTION 30 610 300 1980 6060 6060
8258 CONNECTION 30 411 300 2160 5760 5760
8259 CONNECTION 30 659 300 2520 6120 6120
8260 CONNECTION 30 1032 300 3180 7260 7260
8261 CONNECTION 30 939 300 3300 8580 8580
8262 CONNECTION 30 541 300 3360 6960 6960
8263 CONNECTION 30 165 300 4380 8460 8460
8264 CONNECTION 30 883 300 4440 7920 7920
8265 CONNECTION 30 1027 300 4440 7920 7920
8266 CONNECTION 30 686 300 4560 8160 8160
8267 CONNECTION 30 1022 300 4560 8160 8160
8268 CONNECTION 30 386 300 4800 8280 8280
8269 CONNECTION 438 409 -1 -1 2100 2100
8270 CONNECTION 438 32 -1 -1 2880 2880
8271 CONNECTION 438 789 -1 -1 4680 4680
8272 CONNECTION 438 511 -1 -1 3120 3120
8273 CONNECTION 438 112 -1 -1 4980 4980
8274 CONNECTION 438 346 -1 -1 3540 3540
8275 CONNECTION 438 539 -1 -1 3300 3300
8276 CONNECTION 438 728 300 480 4920 4920
8277 CONNECTION 438 684 300 660 4500 4500
8278 CONNECTION 438 1020 300 660 4500 4500
8279 CONNECTION 438 658 300 900 4380 4380
8280 CONNECTION 438 582 300 960 5340 5340
8281 CONNECTION 438 1026 300 1620 5100 5100
8282 CONNECTION 438 634 300 1680 6120 6120
8283 CONNECTION 438 938 300 1680 5160 5160
8284 CONNECTION 438 91 300 1860 5700 5700
8285 CONNECTION 438 489 300 2100 6480 6480
8286 CONNECTION 438 954 300 2100 8280 8280
8287 CONNECTION 438 823 300 2280 6720 6720
8288 CONNECTION 438 563 300 2400 8580 8580
8289 CONNECTION 438 754 300 2760 7140 7140
8290 CONNECTION 438 242 300 3060 6900 6900
8291 CONNECTION 438 903 300 4080 8520 8520
8292 CONNECTION 438 412 300 4260 8100 8100
8293 CONNECTION 438 216 300 4500 7980 7980
8294 CONNECTION 438 864 300 4560 8940 8940
8295 SINK 438 0 -1 -1 300 300
8296 CONNECTION 682 683 -1 -1 1320 1320
8297 CONNECTION 682 294 -1 -1 2820 2820
8298 CONNECTION 682 774 -1 -1 4140 4140
8299 CONNECTION 682 90 -1 -1 2520 2520
8300 CONNECTION 682 440 -1 -1 4020 4020
8301 CONNECTION 682 633 -1 -1 3480 3480
8302 CONNECTION 682 241 -1 -1 3720 3720
8303 CONNECTION 682 953 300 360 3840 3840
8304 CONNECTION 682 488 300 480 3960 3960
8305 CONNECTION 682 610 300 1140 5220 5220
8306 CONNECTION 682 411 300 1320 4920 4920
8307 CONNECTION 682 659 300 1680 5280 5280
8308 CONNECTION 682 1032 300 2340 6420 6420
8309 CONNECTION 682 939 300 2460 7740 7740
8310 CONNECTION 682 541 300 2520 6120 6120
8311 CONNECTION 682 165 300 3540 7620 7620
8312 CONNECTION 682 883 300 3600 7080 7080
8313 CONNECTION 682 1027 300 3600 7080 7080
8314 CONNECTION 682 686 300 3720 7320 7320
8315 CONNECTION 682 1022 300 3720 7320 7320
8316 CONNECTION 682 386 300 3960 7440 7440
8317 CONNECTION 682 34 300 4080 7560 7560
8318 CONNECTION 682 297 300 4740 8820 8820
8319 CONNECTION 1005 1006 -1 -1 1320 1320
8320 CONNECTION 1005 294 -1 -1 2820 2820
8321 CONNECTION 1005 774 -1 -1 4140 4140
8322 CONNECTION 1005 90 -1 -1 2520 2520
8323 CONNECTION 1005 440 -1 -1 4020 4020
8324 CONNECTION 1005 633 -1 -1 3480 3480
8325 CONNECTION 1005 241 -1 -1 3720 3720
8326 CONNECTION 1005 953 300 360 3840 3840
8327 CONNECTION 1005 488 300 480 3960 3960
8328 CONNECTION 1005 610 300 1140 5220 5220
8329 CONNECTION 1005 411 300 1320 4920 4920
8330 CONNECTION 1005 659 300 1680 5280 5280
8331 CONNECTION 1005 1032 300 2340 6420 6420
8332 CONNECTION 1005 939 300 2460 7740 7740
8333 CONNECTION 1005 541 300 2520 6120 6120
8334 CONNECTION 1005 165 300 3540 7620 7620
8335 CONNECTION 1005 883 300 3600 7080 7080
8336 CONNECTION 1005 1027 300 3600 7080 7080
8337 CONNECTION 1005 686 300 3720 7320 7320
8338 CONNECTION 1005 1022 300 3720 7320 7320
8339 CONNECTION 1005 386 300 3960 7440 7440
8340 CONNECTION 1005 34 300 4080 7560 7560
8341 CONNECTION 1005 297 300 4740 8820 8820
8342 CONNECTION 510 511 -1 -1 2160 2160
8343 CONNECTION 510 346 -1 -1 2580 2580
8344 CONNECTION 510 539 -1 -1 2340 2340
8345 CONNECTION 510 728 -1 -1 3960 3960
8346 CONNECTION 510 684 -1 -1 3540 3540
8347 CONNECTION 510 1020 -1 -1 3540 3540
8348 CONNECTION 510 658 -1 -1 3420 3420
8349 CONNECTION 510 582 -1 -1 4380 4380
8350 CONNECTION 510 1026 300 660 4140 4140
8351 CONNECTION 510 634 300 720 5160 5160
8352 CONNECTION 510 938 300 720 4200 4200
8353 CONNECTION 510 91 300 900 4740 4740
8354 CONNECTION 510 489 300 1140 5520 5520
8355 CONNECTION 510 954 300 1140 7320 7320
8356 CONNECTION 510 823 300 1320 5760 5760
8357 CONNECTION 510 563 300 1440 7620 7620
8358 CONNECTION 510 754 300 1800 6180 6180
8359 CONNECTION 510 242 300 2100 5940 5940
8360 CONNECTION 510 903 300 3120 7560 7560
8361 CONNECTION 510 412 300 3300 7140 7140
8362 CONNECTION 510 216 300 3540 7020 7020
8363 CONNECTION 510 864 300 3600 7980 7980
8364 CONNECTION 510 269 300 4260 7740 7740
8365 CONNECTION 510 368 300 4320 7800 7800
8366 CONNECTION 510 884 300 4320 8760 8760
8367 CONNECTION 510 1028 300 4320 8760 8760
8368 CONNECTION 510 542 300 4500 8340 8340
8369 CONNECTION 510 35 300 4740 9120 9120
8370 CONNECTION 510 387 300 4740 10920 10920
8371 SINK 510 0 -1 -1 300 300
8372 CONNECTION 161 162 -1 -1 1800 1800
8373 CONNECTION 161 214 -1 -1 1860 1860
8374 CONNECTION 161 294 -1 -1 3000 3000
8375 CONNECTION 161 774 -1 -1 4320 4320
8376 CONNECTION 161 90 -1 -1 2700 2700
8377 CONNECTION 161 440 -1 -1 4200 4200
8378 CONNECTION 161 633 -1 -1 3660 3660
8379 CONNECTION 161 241 -1 -1 3900 3900
8380 CONNECTION 161 953 300 540 4020 4020
8381 CONNECTION 161 488 300 660 4140 4140
8382 CONNECTION 161 610 300 1320 5400 5400
8383 CONNECTION 161 411 300 1500 5100 5100
8384 CONNECTION 161 659 300 1860 5460 5460
8385 CONNECTION 161 1032 300 2520 6600 6600
8386 CONNECTION 161 939 300 2640 7920 7920
8387 CONNECTION 161 541 300 2700 6300 6300
8388 CONNECTION 161 165 300 3720 7800 7800
8389 CONNECTION 161 883 300 3780 7260 7260
8390 CONNECTION 161 1027 300 3780 7260 7260
8391 CONNECTION 161 686 300 3900 7500 7500
8392 CONNECTION 161 1022 300 3900 7500 7500
8393 CONNECTION 161 386 300 4140 7620 7620
8394 CONNECTION 161 34 300 4260 7740 7740
8395 CONNECTION 580 581 -1 -1 2160 2160
8396 CONNECTION 580 1025 -1 -1 2820 2820
8397 CONNECTION 580 487 -1 -1 2100 2100
8398 CONNECTION 580 190 -1 -1 3600 3600
8399 CONNECTION 580 609 -1 -1 2760 2760
8400 CONNECTION 580 753 -1 -1 3960 3960
8401 CONNECTION 580 512 -1 -1 4200 4200
8402 CONNECTION 580 1031 300 360 3960 3960
8403 CONNECTION 580 863 300 1320 5760 5760
8404 CONNECTION 580 164 300 1560 5160 5160
8405 CONNECTION 580 729 300 1560 6000 6000
8406 CONNECTION 580 268 300 1980 6420 6420
8407 CONNECTION 580 33 300 2100 5700 5700
8408 CONNECTION 580 296 300 2760 6360 6360
8409 CONNECTION 580 635 300 2760 7200 7200
8410 CONNECTION 580 923 300 3120 7560 7560
8411 CONNECTION 580 824 300 3360 7800 7800
8412 CONNECTION 580 442 300 3960 7560 7560
8413 CONNECTION 881 882 -1 -1 1380 1380
8414 CONNECTION 881 62 -1 -1 1980 1980
8415 CONNECTION 881 862 -1 -1 3600 3600
8416 CONNECTION 881 267 -1 -1 4260 4260
8417 CONNECTION 881 322 -1 -1 3780 3780
8418 CONNECTION 881 922 300 960 5400 5400
8419 CONNECTION 881 191 300 1320 4980 4980
8420 CONNECTION 881 513 300 1920 5580 5580
8421 CONNECTION 881 1038 300 2760 7200 7200
8422 CONNECTION 881 709 300 3420 7860 7860
8423 CONNECTION 881 730 300 3720 7380 7380
8424 CONNECTION 881 137 300 4560 9000 9000
8425 CONNECTION 999 1000 -1 -1 1380 1380
8426 CONNECTION 999 62 -1 -1 1980 1980
8427 CONNECTION 999 862 -1 -1 3600 3600
8428 CONNECTION 999 267 -1 -1 4260 4260
8429 CONNECTION 999 322 -1 -1 3780 3780
8430 CONNECTION 999 922 300 960 5400 5400
8431 CONNECTION 999 191 300 1320 4980 4980
8432 CONNECTION 999 513 300 1920 5580 5580
8433 CONNECTION 999 1038 300 2760 7200 7200
8434 CONNECTION 999 709 300 3420 7860 7860
8435 CONNECTION 999 730 300 3720 7380 7380
8436 CONNECTION 999 137 300 4560 9000 9000
8437 CONNECTION 1018 1019 -1 -1 1560 1560
8438 CONNECTION 1018 163 -1 -1 2760 2760
8439 CONNECTION 1018 410 -1 -1 3180 3180
8440 CONNECTION 1018 295 -1 -1 3960 3960
8441 CONNECTION 1018 540 -1 -1 4380 4380
8442 CONNECTION 1018 441 300 1320 5160 5160
8443 CONNECTION 1018 685 300 1500 5580 5580
8444 CONNECTION 1018 1021 300 1500 5580 5580
8445 CONNECTION 1018 611 300 2520 6360 6360
8446 CONNECTION 1018 92 300 2700 6780 6780
8447 CONNECTION 1018 1033 300 3720 7560 7560
8448 CONNECTION 1018 243 300 3900 7980 7980
8449 CONNECTION 188 189 -1 -1 2220 2220
8450 CONNECTION 188 32 -1 -1 2580 2580
8451 CONNECTION 188 789 -1 -1 4380 4380
8452 CONNECTION 188 511 -1 -1 2820 2820
8453 CONNECTION 188 112 -1 -1 4680 4680
8454 CONNECTION 188 346 -1 -1 3240 3240
8455 CONNECTION 188 539 -1 -1 3000 3000
8456 CONNECTION 188 728 -1 -1 4620 4620
8457 CONNECTION 188 684 300 360 4200 4200
8458 CONNECTION 188 1020 300 360 4200 4200
8459 CONNECTION 188 658 300 600 4080 4080
8460 CONNECTION 188 582 300 660 5040 5040
8461 CONNECTION 188 1026 300 1320 4800 4800
8462 CONNECTION 188 634 300 1380 5820 5820
8463 CONNECTION 188 938 300 1380 4860 4860
8464 CONNECTION 188 91 300 1560 5400 5400
8465 CONNECTION 188 489 300 1800 6180 6180
8466 CONNECTION 188 954 300 1800 7980 7980
8467 CONNECTION 188 823 300 1980 6420 6420
8468 CONNECTION 188 563 300 2100 8280 8280
8469 CONNECTION 188 754 300 2460 6840 6840
8470 CONNECTION 188 242 300 2760 6600 6600
8471 CONNECTION 188 903 300 3780 8220 8220
8472 CONNECTION 188 412 300 3960 7800 7800
8473 CONNECTION 188 216 300 4200 7680 7680
8474 CONNECTION 188 864 300 4260 8640 8640
8475 SINK 188 0 -1 -1 300 300
8476 CONNECTION 320 321 -1 -1 2160 2160
8477 CONNECTION 320 487 -1 -1 1860 1860
8478 CONNECTION 320 190 -1 -1 3360 3360
8479 CONNECTION 320 609 -1 -1 2520 2520
8480 CONNECTION 320 753 -1 -1 3720 3720
8481 CONNECTION 320 512 -1 -1 3960 3960
8482 CONNECTION 320 1031 -1 -1 3720 3720
8483 CONNECTION 320 863 300 1080 5520 5520
8484 CONNECTION 320 164 300 1320 4920 4920
8485 CONNECTION 320 729 300 1320 5760 5760
8486 CONNECTION 320 268 300 1740 6180 6180
8487 CONNECTION 320 33 300 1860 5460 5460
8488 CONNECTION 320 296 300 2520 6120 6120
8489 CONNECTION 320 635 300 2520 6960 6960
8490 CONNECTION 320 923 300 2880 7320 7320
8491 CONNECTION 320 824 300 3120 7560 7560
8492 CONNECTION 320 442 300 3720 7320 7320
8493 CONNECTION 320 1039 300 4680 9120 9120
8494 CONNECTION 538 581 -1 -1 2700 2700
8495 CONNECTION 538 321 -1 -1 2940 2940
8496 CONNECTION 538 439 -1 -1 2100 2100
8497 CONNECTION 538 1025 -1 -1 3360 3360
8498 CONNECTION 538 487 -1 -1 2640 2640
8499 CONNECTION 538 190 -1 -1 4140 4140
8500 CONNECTION 538 609 -1 -1 3300 3300
8501 CONNECTION 538 753 -1 -1 4500 4500
8502 CONNECTION 538 512 -1 -1 4740 4740
8503 CONNECTION 538 1031 300 900 4500 4500
8504 CONNECTION 538 863 300 1860 6300 6300
8505 CONNECTION 538 164 300 2100 5700 5700
8506 CONNECTION 538 729 300 2100 6540 6540
8507 CONNECTION 538 268 300 2520 6960 6960
8508 CONNECTION 538 33 300 2640 6240 6240
8509 CONNECTION 538 296 300 3300 6900 6900
8510 CONNECTION 538 635 300 3300 7740 7740
8511 CONNECTION 538 923 300 3660 8100 8100
8512 CONNECTION 538 824 300 3900 8340 8340
8513 CONNECTION 538 442 300 4500 8100 8100
8514 CONNECTION 345 346 -1 -1 2100 2100
8515 CONNECTION 345 728 -1 -1 3480 3480
8516 CONNECTION 345 684 -1 -1 3060 3060
8517 CONNECTION 345 1020 -1 -1 3060 3060
8518 CONNECTION 345 658 -1 -1 2940 2940
8519 CONNECTION 345 582 -1 -1 3900 3900
8520 CONNECTION 345 1026 -1 -1 3660 3660
8521 CONNECTION 345 634 -1 -1 4680 4680
8522 CONNECTION 345 938 -1 -1 3720 3720
8523 CONNECTION 345 91 300 420 4260 4260
8524 CONNECTION 345 489 300 660 5040 5040
8525 CONNECTION 345 954 300 660 6840 6840
8526 CONNECTION 345 823 300 840 5280 5280
8527 CONNECTION 345 563 300 960 7140 7140
8528 CONNECTION 345 754 300 1320 5700 5700
8529 CONNECTION 345 242 300 1620 5460 5460
8530 CONNECTION 345 903 300 2640 7080 7080
8531 CONNECTION 345 412 300 2820 6660 6660
8532 CONNECTION 345 216 300 3060 6540 6540
8533 CONNECTION 345 864 300 3120 7500 7500
8534 CONNECTION 345 269 300 3780 7260 7260
8535 CONNECTION 345 368 300 3840 7320 7320
8536 CONNECTION 345 884 300 3840 8280 8280
8537 CONNECTION 345 1028 300 3840 8280 8280
8538 CONNECTION 345 542 300 4020 7860 7860
8539 CONNECTION 345 35 300 4260 8640 8640
8540 CONNECTION 345 387 300 4260 10440 10440
8541 CONNECTION 345 973 300 4440 8880 8880
8542 CONNECTION 345 1014 300 4440 8880 8880
8543 CONNECTION 345 845 300 4560 10740 10740
8544 SINK 345 0 -1 -1 300 300
8545 CONNECTION 462 1026 -1 -1 1920 1920
8546 CONNECTION 462 634 -1 -1 2940 2940
8547 CONNECTION 462 938 -1 -1 1980 1980
8548 CONNECTION 462 91 -1 -1 2520 2520
8549 CONNECTION 462 489 -1 -1 3300 3300
8550 CONNECTION 462 954 -1 -1 5100 5100
8551 CONNECTION 462 823 -1 -1 3540 3540
8552 CONNECTION 462 563 -1 -1 5400 5400
8553 CONNECTION 462 754 -1 -1 3960 3960
8554 CONNECTION 462 242 -1 -1 3720 3720
8555 CONNECTION 462 903 300 900 5340 5340
8556 CONNECTION 462 412 300 1080 4920 4920
8557 CONNECTION 462 216 300 1320 4800 4800
8558 CONNECTION 462 864 300 1380 5760 5760
8559 CONNECTION 462 269 300 2040 5520 5520
8560 CONNECTION 462 368 300 2100 5580 5580
8561 CONNECTION 462 884 300 2100 6540 6540
8562 CONNECTION 462 1028 300 2100 6540 6540
8563 CONNECTION 462 542 300 2280 6120 6120
8564 CONNECTION 462 35 300 2520 6900 6900
8565 CONNECTION 462 387 300 2520 8700 8700
8566 CONNECTION 462 973 300 2700 7140 7140
8567 CONNECTION 462 1014 300 2700 7140 7140
8568 CONNECTION 462 845 300 2820 9000 9000
8569 CONNECTION 462 924 300 3180 7560 7560
8570 CONNECTION 462 687 300 3480 7320 7320
8571 CONNECTION 462 1034 300 3480 7320 7320
8572 CONNECTION 462 65 300 4500 8940 8940
8573 CONNECTION 462 94 300 4680 8520 8520
8574 SINK 462 0 -1 -1 300 300
8575 CONNECTION 239 240 -1 -1 1920 1920
8576 CONNECTION 239 163 -1 -1 2700 2700
8577 CONNECTION 239 410 -1 -1 3120 3120
8578 CONNECTION 239 295 -1 -1 3900 3900
8579 CONNECTION 239 540 -1 -1 4320 4320
8580 CONNECTION 239 441 300 1260 5100 5100
8581 CONNECTION 239 685 300 1440 5520 5520
8582 CONNECTION 239 1021 300 1440 5520 5520
8583 CONNECTION 239 611 300 2460 6300 6300
8584 CONNECTION 239 92 300 2640 6720 6720
8585 CONNECTION 239 1033 300 3660 7500 7500
8586 CONNECTION 239 243 300 3840 7920 7920
8587 CONNECTION 751 752 -1 -1 2160 2160
8588 CONNECTION 751 62 -1 -1 2340 2340
8589 CONNECTION 751 862 -1 -1 3960 3960
8590 CONNECTION 751 267 -1 -1 4620 4620
8591 CONNECTION 751 322 300 480 4140 4140
8592 CONNECTION 751 922 300 1320 5760 5760
8593 CONNECTION 751 191 300 1680 5340 5340
8594 CONNECTION 751 513 300 2280 5940 5940
8595 CONNECTION 751 1038 300 3120 7560 7560
8596 CONNECTION 751 709 300 3780 8220 8220
8597 CONNECTION 751 730 300 4080 7740 7740
8598 CONNECTION 788 789 -1 -1 4020 4020
8599 CONNECTION 788 346 -1 -1 2880 2880
8600 CONNECTION 788 539 -1 -1 2640 2640
8601 CONNECTION 788 728 -1 -1 4260 4260
8602 CONNECTION 788 684 -1 -1 3840 3840
8603 CONNECTION 788 1020 -1 -1 3840 3840
8604 CONNECTION 788 658 -1 -1 3720 3720
8605 CONNECTION 788 582 -1 -1 4680 4680
8606 CONNECTION 788 1026 300 960 4440 4440
8607 CONNECTION 788 634 300 1020 5460 5460
8608 CONNECTION 788 938 300 1020 4500 4500
8609 CONNECTION 788 91 300 1200 5040 5040
8610 CONNECTION 788 489 300 1440 5820 5820
8611 CONNECTION 788 954 300 1440 7620 7620
8612 CONNECTION 788 823 300 1620 6060 6060
8613 CONNECTION 788 563 300 1740 7920 7920
8614 CONNECTION 788 754 300 2100 6480 6480
8615 CONNECTION 788 242 300 2400 6240 6240
8616 CONNECTION 788 903 300 3420 7860 7860
8617 CONNECTION 788 412 300 3600 7440 7440
8618 CONNECTION 788 216 300 3840 7320 7320
8619 CONNECTION 788 864 300 3900 8280 8280
8620 CONNECTION 788 269 300 4560 8040 8040
8621 CONNECTION 788 368 300 4620 8100 8100
8622 CONNECTION 788 884 300 4620 9060 9060
8623 CONNECTION 788 1028 300 4620 9060 9060
8624 CONNECTION 788 542 300 4800 8640 8640
8625 SINK 788 0 -1 -1 300 300
8626 CONNECTION 61 62 -1 -1 1380 1380
8627 CONNECTION 61 862 -1 -1 3000 3000
8628 CONNECTION 61 267 -1 -1 3660 3660
8629 CONNECTION 61 322 -1 -1 3180 3180
8630 CONNECTION 61 922 300 360 4800 4800
8631 CONNECTION 61 191 300 720 4380 4380
8632 CONNECTION 61 513 300 1320 4980 4980
8633 CONNECTION 61 1038 300 2160 6600 6600
8634 CONNECTION 61 709 300 2820 7260 7260
8635 CONNECTION 61 730 300 3120 6780 6780
8636 CONNECTION 61 137 300 3960 8400 8400
8637 CONNECTION 61 636 300 4320 7980 7980
8638 CONNECTION 31 32 -1 -1 2100 2100
8639 CONNECTION 31 346 -1 -1 2760 2760
8640 CONNECTION 31 539 -1 -1 2520 2520
8641 CONNECTION 31 728 -1 -1 4140 4140
8642 CONNECTION 31 684 -1 -1 3720 3720
8643 CONNECTION 31 1020 -1 -1 3720 3720
8644 CONNECTION 31 658 -1 -1 3600 3600
8645 CONNECTION 31 582 -1 -1 4560 4560
8646 CONNECTION 31 1026 300 840 4320 4320
8647 CONNECTION 31 634 300 900 5340 5340
8648 CONNECTION 31 938 300 900 4380 4380
8649 CONNECTION 31 91 300 1080 4920 4920
8650 CONNECTION 31 489 300 1320 5700 5700
8651 CONNECTION 31 954 300 1320 7500 7500
8652 CONNECTION 31 823 300 1500 5940 5940
8653 CONNECTION 31 563 300 1620 7800 7800
8654 CONNECTION 31 754 300 1980 6360 6360
8655 CONNECTION 31 242 300 2280 6120 6120
8656 CONNECTION 31 903 300 3300 7740 7740
8657 CONNECTION 31 412 300 3480 7320 7320
8658 CONNECTION 31 216 300 3720 7200 7200
8659 CONNECTION 31 864 300 3780 8160 8160
8660 CONNECTION 31 269 300 4440 7920 7920
8661 CONNECTION 31 368 300 4500 7980 7980
8662 CONNECTION 31 884 300 4500 8940 8940
8663 CONNECTION 31 1028 300 4500 8940 8940
8664 CONNECTION 31 542 300 4680 8520 8520
8665 SINK 31 0 -1 -1 300 300
8666 CONNECTION 213 214 -1 -1 1320 1320
8667 CONNECTION 213 294 -1 -1 2460 2460
8668 CONNECTION 213 774 -1 -1 3780 3780
8669 CONNECTION 213 90 -1 -1 2160 2160
8670 CONNECTION 213 440 -1 -1 3660 3660
8671 CONNECTION 213 633 -1 -1 3120 3120
8672 CONNECTION 213 241 -1 -1 3360 3360
8673 CONNECTION 213 953 -1 -1 3480 3480
8674 CONNECTION 213 488 -1 -1 3600 3600
8675 CONNECTION 213 610 300 780 4860 4860
8676 CONNECTION 213 411 300 960 4560 4560
8677 CONNECTION 213 659 300 1320 4920 4920
8678 CONNECTION 213 1032 300 1980 6060 6060
8679 CONNECTION 213 939 300 2100 7380 7380
8680 CONNECTION 213 541 300 2160 5760 5760
8681 CONNECTION 213 165 300 3180 7260 7260
8682 CONNECTION 213 883 300 3240 6720 6720
8683 CONNECTION 213 1027 300 3240 6720 6720
8684 CONNECTION 213 686 300 3360 6960 6960
8685 CONNECTION 213 1022 300 3360 6960 6960
8686 CONNECTION 213 386 300 3600 7080 7080
8687 CONNECTION 213 34 300 3720 7200 7200
8688 CONNECTION 213 297 300 4380 8460 8460
8689 CONNECTION 213 93 300 4560 8160 8160
8690 CONNECTION 1024 1025 -1 -1 2160 2160
8691 CONNECTION 1024 190 -1 -1 2940 2940
8692 CONNECTION 1024 609 -1 -1 2100 2100
8693 CONNECTION 1024 753 -1 -1 3300 3300
8694 CONNECTION 1024 512 -1 -1 3540 3540
8695 CONNECTION 1024 1031 -1 -1 3300 3300
8696 CONNECTION 1024 863 300 660 5100 5100
8697 CONNECTION 1024 164 300 900 4500 4500
8698 CONNECTION 1024 729 300 900 5340 5340
8699 CONNECTION 1024 268 300 1320 5760 5760
8700 CONNECTION 1024 33 300 1440 5040 5040
8701 CONNECTION 1024 296 300 2100 5700 5700
8702 CONNECTION 1024 635 300 2100 6540 6540
8703 CONNECTION 1024 923 300 2460 6900 6900
8704 CONNECTION 1024 824 300 2700 7140 7140
8705 CONNECTION 1024 442 300 3300 6900 6900
8706 CONNECTION 1024 1039 300 4260 8700 8700
8707 CONNECTION 1024 612 300 4500 8100 8100
8708 CONNECTION 1024 904 300 4500 8940 8940
8709 CONNECTION 134 135 -1 -1 2580 2580
8710 CONNECTION 134 822 -1 -1 2820 2820
8711 CONNECTION 134 347 -1 -1 4380 4380
8712 CONNECTION 134 844 -1 -1 4620 4620
8713 CONNECTION 134 10 -1 -1 4620 4620
8714 CONNECTION 134 902 -1 -1 4620 4620
8715 CONNECTION 134 215 300 660 5040 5040
8716 CONNECTION 134 583 300 1320 6180 6180
8717 CONNECTION 134 972 300 2040 6420 6420
8718 CONNECTION 134 1013 300 2040 6420 6420
8719 CONNECTION 134 755 300 3120 7980 7980
8720 CONNECTION 134 114 300 3360 8220 8220
8721 CONNECTION 134 464 300 3540 8220 8220
8722 CONNECTION 134 64 300 3840 8220 8220
8723 CONNECTION 134 660 300 4260 8640 8640
8724 CONNECTION 608 539 -1 -1 2100 2100
8725 CONNECTION 608 728 -1 -1 3720 3720
8726 CONNECTION 608 684 -1 -1 3300 3300
8727 CONNECTION 608 1020 -1 -1 3300 3300
8728 CONNECTION 608 658 -1 -1 3180 3180
8729 CONNECTION 608 582 -1 -1 4140 4140
8730 CONNECTION 608 1026 300 420 3900 3900
8731 CONNECTION 608 634 300 480 4920 4920
8732 CONNECTION 608 938 300 480 3960 3960
8733 CONNECTION 608 91 300 660 4500 4500
8734 CONNECTION 608 489 300 900 5280 5280
8735 CONNECTION 608 954 300 900 7080 7080
8736 CONNECTION 608 823 300 1080 5520 5520
8737 CONNECTION 608 563 300 1200 7380 7380
8738 CONNECTION 608 754 300 1560 5940 5940
8739 CONNECTION 608 242 300 1860 5700 5700
8740 CONNECTION 608 903 300 2880 7320 7320
8741 CONNECTION 608 412 300 3060 6900 6900
8742 CONNECTION 608 216 300 3300 6780 6780
8743 CONNECTION 608 864 300 3360 7740 7740
8744 CONNECTION 608 269 300 4020 7500 7500
8745 CONNECTION 608 368 300 4080 7560 7560
8746 CONNECTION 608 884 300 4080 8520 8520
8747 CONNECTION 608 1028 300 4080 8520 8520
8748 CONNECTION 608 542 300 4260 8100 8100
8749 CONNECTION 608 35 300 4500 8880 8880
8750 CONNECTION 608 387 300 4500 10680 10680
8751 CONNECTION 608 973 300 4680 9120 9120
8752 CONNECTION 608 1014 300 4680 9120 9120
8753 CONNECTION 608 845 300 4800 10980 10980
8754 SINK 608 0 -1 -1 300 300
8755 CONNECTION 89 90 -1 -1 1320 1320
8756 CONNECTION 89 440 -1 -1 2820 2820
8757 CONNECTION 89 633 -1 -1 2280 2280
8758 CONNECTION 89 241 -1 -1 2520 2520
8759 CONNECTION 89 953 -1 -1 2640 2640
8760 CONNECTION 89 488 -1 -1 2760 2760
8761 CONNECTION 89 610 -1 -1 4020 4020
8762 CONNECTION 89 411 -1 -1 3720 3720
8763 CONNECTION 89 659 300 480 4080 4080
8764 CONNECTION 89 1032 300 1140 5220 5220
8765 CONNECTION 89 939 300 1260 6540 6540
8766 CONNECTION 89 541 300 1320 4920 4920
8767 CONNECTION 89 165 300 2340 6420 6420
8768 CONNECTION 89 883 300 2400 5880 5880
8769 CONNECTION 89 1027 300 2400 5880 5880
8770 CONNECTION 89 686 300 2520 6120 6120
8771 CONNECTION 89 1022 300 2520 6120 6120
8772 CONNECTION 89 386 300 2760 6240 6240
8773 CONNECTION 89 34 300 2880 6360 6360
8774 CONNECTION 89 297 300 3540 7620 7620
8775 CONNECTION 89 93 300 3720 7320 7320
8776 CONNECTION 89 217 300 4080 7680 7680
8777 CONNECTION 89 443 300 4740 8820 8820
8778 CONNECTION 821 822 -1 -1 2100 2100
8779 CONNECTION 821 347 -1 -1 3660 3660
8780 CONNECTION 821 844 -1 -1 3900 3900
8781 CONNECTION 821 10 -1 -1 3900 3900
8782 CONNECTION 821 902 -1 -1 3900 3900
8783 CONNECTION 821 215 -1 -1 4320 4320
8784 CONNECTION 821 583 300 600 5460 5460
8785 CONNECTION 821 972 300 1320 5700 5700
8786 CONNECTION 821 1013 300 1320 5700 5700
8787 CONNECTION 821 755 300 2400 7260 7260
8788 CONNECTION 821 114 300 2640 7500 7500
8789 CONNECTION 821 464 300 2820 7500 7500
8790 CONNECTION 821 64 300 3120 7500 7500
8791 CONNECTION 821 660 300 3540 7920 7920
8792 CONNECTION 821 865 300 4200 9060 9060
8793 CONNECTION 970 266 -1 -1 1860 1860
8794 CONNECTION 970 921 -1 -1 3060 3060
8795 CONNECTION 970 385 -1 -1 5400 5400
8796 CONNECTION 970 1037 300 1200 4860 4860
8797 CONNECTION 970 708 300 1800 5460 5460
8798 CONNECTION 970 136 300 3000 6660 6660
8799 CONNECTION 970 790 300 3720 9000 9000
8800 CONNECTION 970 348 300 4800 8460 8460
8801 CONNECTION 1011 971 -1 -1 3540 3540
8802 CONNECTION 1011 1012 -1 -1 3540 3540
8803 CONNECTION 1011 463 -1 -1 4980 4980
8804 CONNECTION 1011 63 300 480 5340 5340
8805 CONNECTION 1011 323 300 2280 7140 7140
8806 CONNECTION 1011 805 300 3720 8580 8580
8807 CONNECTION 1011 514 300 4080 8940 8940
8808 CONNECTION 937 938 -1 -1 1200 1200
8809 CONNECTION 937 823 -1 -1 2760 2760
8810 CONNECTION 937 563 -1 -1 4620 4620
8811 CONNECTION 937 754 -1 -1 3180 3180
8812 CONNECTION 937 242 -1 -1 2940 2940
8813 CONNECTION 937 903 -1 -1 4560 4560
8814 CONNECTION 937 412 -1 -1 4140 4140
8815 CONNECTION 937 216 300 540 4020 4020
8816 CONNECTION 937 864 300 600 4980 4980
8817 CONNECTION 937 269 300 1260 4740 4740
8818 CONNECTION 937 368 300 1320 4800 4800
8819 CONNECTION 937 884 300 1320 5760 5760
8820 CONNECTION 937 1028 300 1320 5760 5760
8821 CONNECTION 937 542 300 1500 5340 5340
8822 CONNECTION 937 35 300 1740 6120 6120
8823 CONNECTION 937 387 300 1740 7920 7920
8824 CONNECTION 937 973 300 1920 6360 6360
8825 CONNECTION 937 1014 300 1920 6360 6360
8826 CONNECTION 937 845 300 2040 8220 8220
8827 CONNECTION 937 924 300 2400 6780 6780
8828 CONNECTION 937 687 300 2700 6540 6540
8829 CONNECTION 937 1034 300 2700 6540 6540
8830 CONNECTION 937 65 300 3720 8160 8160
8831 CONNECTION 937 94 300 3900 7740 7740
8832 CONNECTION 937 661 300 4140 7620 7620
8833 CONNECTION 937 1040 300 4200 8580 8580
8834 SINK 937 0 -1 -1 300 300
8835 CONNECTION 952 953 -1 -1 1200 1200
8836 CONNECTION 952 610 -1 -1 2580 2580
8837 CONNECTION 952 411 -1 -1 2280 2280
8838 CONNECTION 952 659 -1 -1 2640 2640
8839 CONNECTION 952 1032 -1 -1 3780 3780
8840 CONNECTION 952 939 -1 -1 5100 5100
8841 CONNECTION 952 541 -1 -1 3480 3480
8842 CONNECTION 952 165 300 900 4980 4980
8843 CONNECTION 952 883 300 960 4440 4440
8844 CONNECTION 952 1027 300 960 4440 4440
8845 CONNECTION 952 686 300 1080 4680 4680
8846 CONNECTION 952 1022 300 1080 4680 4680
8847 CONNECTION 952 386 300 1320 4800 4800
8848 CONNECTION 952 34 300 1440 4920 4920
8849 CONNECTION 952 297 300 2100 6180 6180
8850 CONNECTION 952 93 300 2280 5880 5880
8851 CONNECTION 952 217 300 2640 6240 6240
8852 CONNECTION 952 443 300 3300 7380 7380
8853 CONNECTION 952 369 300 3420 8700 8700
8854 CONNECTION 952 244 300 3480 7080 7080
8855 CONNECTION 952 613 300 4500 8580 8580
8856 CONNECTION 952 192 300 4560 8040 8040
8857 CONNECTION 952 414 300 4680 8280 8280
8858 CONNECTION 293 294 -1 -1 1800 1800
8859 CONNECTION 293 440 -1 -1 3000 3000
8860 CONNECTION 293 633 -1 -1 2460 2460
8861 CONNECTION 293 241 -1 -1 2700 2700
8862 CONNECTION 293 953 -1 -1 2820 2820
8863 CONNECTION 293 488 -1 -1 2940 2940
8864 CONNECTION 293 610 -1 -1 4200 4200
8865 CONNECTION 293 411 -1 -1 3900 3900
8866 CONNECTION 293 659 300 660 4260 4260
8867 CONNECTION 293 1032 300 1320 5400 5400
8868 CONNECTION 293 939 300 1440 6720 6720
8869 CONNECTION 293 541 300 1500 5100 5100
8870 CONNECTION 293 165 300 2520 6600 6600
8871 CONNECTION 293 883 300 2580 6060 6060
8872 CONNECTION 293 1027 300 2580 6060 6060
8873 CONNECTION 293 686 300 2700 6300 6300
8874 CONNECTION 293 1022 300 2700 6300 6300
8875 CONNECTION 293 386 300 2940 6420 6420
8876 CONNECTION 293 34 300 3060 6540 6540
8877 CONNECTION 293 297 300 3720 7800 7800
8878 CONNECTION 293 93 300 3900 7500 7500
8879 CONNECTION 293 217 300 4260 7860 7860
8880 CONNECTION 562 971 -1 -1 3300 3300
8881 CONNECTION 562 1012 -1 -1 3300 3300
8882 CONNECTION 562 463 -1 -1 4740 4740
8883 CONNECTION 562 63 -1 -1 5100 5100
8884 CONNECTION 562 323 300 2040 6900 6900
8885 CONNECTION 562 805 300 3480 8340 8340
8886 CONNECTION 562 514 300 3840 8700 8700
8887 CONNECTION 162 163 -1 -1 1560 1560
8888 CONNECTION 162 295 -1 -1 2760 2760
8889 CONNECTION 162 540 -1 -1 3180 3180
8890 CONNECTION 162 441 -1 -1 3960 3960
8891 CONNECTION 162 685 -1 -1 4380 4380
8892 CONNECTION 162 1021 -1 -1 4380 4380
8893 CONNECTION 162 611 300 1320 5160 5160
8894 CONNECTION 162 92 300 1500 5580 5580
8895 CONNECTION 162 1033 300 2520 6360 6360
8896 CONNECTION 162 243 300 2700 6780 6780
8897 CONNECTION 162 166 300 3720 7560 7560
8898 CONNECTION 162 413 300 3900 7980 7980
8899 CONNECTION 707 440 -1 -1 2940 2940
8900 CONNECTION 707 633 -1 -1 2400 2400
8901 CONNECTION 707 241 -1 -1 2640 2640
8902 CONNECTION 707 953 -1 -1 2760 2760
8903 CONNECTION 707 488 -1 -1 2880 2880
8904 CONNECTION 707 610 -1 -1 4140 4140
8905 CONNECTION 707 411 -1 -1 3840 3840
8906 CONNECTION 707 659 300 600 4200 4200
8907 CONNECTION 707 1032 300 1260 5340 5340
8908 CONNECTION 707 939 300 1380 6660 6660
8909 CONNECTION 707 541 300 1440 5040 5040
8910 CONNECTION 707 165 300 2460 6540 6540
8911 CONNECTION 707 883 300 2520 6000 6000
8912 CONNECTION 707 1027 300 2520 6000 6000
8913 CONNECTION 707 686 300 2640 6240 6240
8914 CONNECTION 707 1022 300 2640 6240 6240
8915 CONNECTION 707 386 300 2880 6360 6360
8916 CONNECTION 707 34 300 3000 6480 6480
8917 CONNECTION 707 297 300 3660 7740 7740
8918 CONNECTION 707 93 300 3840 7440 7440
8919 CONNECTION 707 217 300 4200 7800 7800
8920 CONNECTION 189 190 -1 -1 2160 2160
8921 CONNECTION 189 512 -1 -1 2760 2760
8922 CONNECTION 189 1031 -1 -1 2520 2520
8923 CONNECTION 189 863 -1 -1 4320 4320
8924 CONNECTION 189 164 -1 -1 3720 3720
8925 CONNECTION 189 729 -1 -1 4560 4560
8926 CONNECTION 189 268 300 540 4980 4980
8927 CONNECTION 189 33 300 660 4260 4260
8928 CONNECTION 189 296 300 1320 4920 4920
8929 CONNECTION 189 635 300 1320 5760 5760
8930 CONNECTION 189 923 300 1680 6120 6120
8931 CONNECTION 189 824 300 1920 6360 6360
8932 CONNECTION 189 442 300 2520 6120 6120
8933 CONNECTION 189 1039 300 3480 7920 7920
8934 CONNECTION 189 612 300 3720 7320 7320
8935 CONNECTION 189 904 300 3720 8160 8160
8936 CONNECTION 189 710 300 4140 8580 8580
8937 CONNECTION 189 490 300 4260 7860 7860
8938 CONNECTION 773 774 -1 -1 3000 3000
8939 CONNECTION 773 440 -1 -1 2880 2880
8940 CONNECTION 773 633 -1 -1 2340 2340
8941 CONNECTION 773 241 -1 -1 2580 2580
8942 CONNECTION 773 953 -1 -1 2700 2700
8943 CONNECTION 773 488 -1 -1 2820 2820
8944 CONNECTION 773 610 -1 -1 4080 4080
8945 CONNECTION 773 411 -1 -1 3780 3780
8946 CONNECTION 773 659 300 540 4140 4140
8947 CONNECTION 773 1032 300 1200 5280 5280
8948 CONNECTION 773 939 300 1320 6600 6600
8949 CONNECTION 773 541 300 1380 4980 4980
8950 CONNECTION 773 165 300 2400 6480 6480
8951 CONNECTION 773 883 300 2460 5940 5940
8952 CONNECTION 773 1027 300 2460 5940 5940
8953 CONNECTION 773 686 300 2580 6180 6180
8954 CONNECTION 773 1022 300 2580 6180 6180
8955 CONNECTION 773 386 300 2820 6300 6300
8956 CONNECTION 773 34 300 2940 6420 6420
8957 CONNECTION 773 297 300 3600 7680 7680
8958 CONNECTION 773 93 300 3780 7380 7380
8959 CONNECTION 773 217 300 4140 7740 7740
8960 CONNECTION 773 443 300 4800 8880 8880
8961 CONNECTION 803 804 -1 -1 4020 4020
8962 CONNECTION 803 367 -1 -1 4800 4800
8963 CONNECTION 803 113 -1 -1 4620 4620
8964 CONNECTION 803 11 300 1440 7620 7620
8965 CONNECTION 803 775 300 2220 8400 8400
8966 CONNECTION 803 564 300 3540 8220 8220
8967 CONNECTION 683 190 -1 -1 2940 2940
8968 CONNECTION 683 609 -1 -1 2100 2100
8969 CONNECTION 683 753 -1 -1 3300 3300
8970 CONNECTION 683 512 -1 -1 3540 3540
8971 CONNECTION 683 1031 -1 -1 3300 3300
8972 CONNECTION 683 863 300 660 5100 5100
8973 CONNECTION 683 164 300 900 4500 4500
8974 CONNECTION 683 729 300 900 5340 5340
8975 CONNECTION 683 268 300 1320 5760 5760
8976 CONNECTION 683 33 300 1440 5040 5040
8977 CONNECTION 683 296 300 2100 5700 5700
8978 CONNECTION 683 635 300 2100 6540 6540
8979 CONNECTION 683 923 300 2460 6900 6900
8980 CONNECTION 683 824 300 2700 7140 7140
8981 CONNECTION 683 442 300 3300 6900 6900
8982 CONNECTION 683 1039 300 4260 8700 8700
8983 CONNECTION 683 612 300 4500 8100 8100
8984 CONNECTION 683 904 300 4500 8940 8940
8985 CONNECTION 1006 190 -1 -1 2940 2940
8986 CONNECTION 1006 609 -1 -1 2100 2100
8987 CONNECTION 1006 753 -1 -1 3300 3300
8988 CONNECTION 1006 512 -1 -1 3540 3540
8989 CONNECTION 1006 1031 -1 -1 3300 3300
8990 CONNECTION 1006 863 300 660 5100 5100
8991 CONNECTION 1006 164 300 900 4500 4500
8992 CONNECTION 1006 729 300 900 5340 5340
8993 CONNECTION 1006 268 300 1320 5760 5760
8994 CONNECTION 1006 33 300 1440 5040 5040
8995 CONNECTION 1006 296 300 2100 5700 5700
8996 CONNECTION 1006 635 300 2100 6540 6540
8997 CONNECTION 1006 923 300 2460 6900 6900
8998 CONNECTION 1006 824 300 2700 7140 7140
8999 CONNECTION 1006 442 300 3300 6900 6900
9000 CONNECTION 1006 1039 300 4260 8700 8700
9001 CONNECTION 1006 612 300 4500 8100 8100
9002 CONNECTION 1006 904 300 4500 8940 8940
9003 CONNECTION 409 410 -1 -1 1920 1920
9004 CONNECTION 409 295 -1 -1 2700 2700
9005 CONNECTION 409 540 -1 -1 3120 3120
9006 CONNECTION 409 441 -1 -1 3900 3900
9007 CONNECTION 409 685 -1 -1 4320 4320
9008 CONNECTION 409 1021 -1 -1 4320 4320
9009 CONNECTION 409 611 300 1260 5100 5100
9010 CONNECTION 409 92 300 1440 5520 5520
9011 CONNECTION 409 1033 300 2460 6300 6300
9012 CONNECTION 409 243 300 2640 6720 6720
9013 CONNECTION 409 166 300 3660 7500 7500
9014 CONNECTION 409 413 300 3840 7920 7920
9015 CONNECTION 727 728 -1 -1 2160 2160
9016 CONNECTION 727 582 -1 -1 2580 2580
9017 CONNECTION 727 1026 -1 -1 2340 2340
9018 CONNECTION 727 634 -1 -1 3360 3360
9019 CONNECTION 727 938 -1 -1 2400 2400
9020 CONNECTION 727 91 -1 -1 2940 2940
9021 CONNECTION 727 489 -1 -1 3720 3720
9022 CONNECTION 727 954 -1 -1 5520 5520
9023 CONNECTION 727 823 -1 -1 3960 3960
9024 CONNECTION 727 563 -1 -1 5820 5820
9025 CONNECTION 727 754 -1 -1 4380 4380
9026 CONNECTION 727 242 -1 -1 4140 4140
9027 CONNECTION 727 903 300 1320 5760 5760
9028 CONNECTION 727 412 300 1500 5340 5340
9029 CONNECTION 727 216 300 1740 5220 5220
9030 CONNECTION 727 864 300 1800 6180 6180
9031 CONNECTION 727 269 300 2460 5940 5940
9032 CONNECTION 727 368 300 2520 6000 6000
9033 CONNECTION 727 884 300 2520 6960 6960
9034 CONNECTION 727 1028 300 2520 6960 6960
9035 CONNECTION 727 542 300 2700 6540 6540
9036 CONNECTION 727 35 300 2940 7320 7320
9037 CONNECTION 727 387 300 2940 9120 9120
9038 CONNECTION 727 973 300 3120 7560 7560
9039 CONNECTION 727 1014 300 3120 7560 7560
9040 CONNECTION 727 845 300 3240 9420 9420
9041 CONNECTION 727 924 300 3600 7980 7980
9042 CONNECTION 727 687 300 3900 7740 7740
9043 CONNECTION 727 1034 300 3900 7740 7740
9044 SINK 727 0 -1 -1 300 300
9045 CONNECTION 752 753 -1 -1 2160 2160
9046 CONNECTION 752 1031 -1 -1 2160 2160
9047 CONNECTION 752 863 -1 -1 3960 3960
9048 CONNECTION 752 164 -1 -1 3360 3360
9049 CONNECTION 752 729 -1 -1 4200 4200
9050 CONNECTION 752 268 -1 -1 4620 4620
9051 CONNECTION 752 33 -1 -1 3900 3900
9052 CONNECTION 752 296 300 960 4560 4560
9053 CONNECTION 752 635 300 960 5400 5400
9054 CONNECTION 752 923 300 1320 5760 5760
9055 CONNECTION 752 824 300 1560 6000 6000
9056 CONNECTION 752 442 300 2160 5760 5760
9057 CONNECTION 752 1039 300 3120 7560 7560
9058 CONNECTION 752 612 300 3360 6960 6960
9059 CONNECTION 752 904 300 3360 7800 7800
9060 CONNECTION 752 710 300 3780 8220 8220
9061 CONNECTION 752 490 300 3900 7500 7500
9062 CONNECTION 752 885 300 4560 9000 9000
9063 CONNECTION 752 1029 300 4560 9000 9000
9064 CONNECTION 752 1055 300 4560 8160 8160
9065 CONNECTION 32 347 -1 -1 3240 3240
9066 CONNECTION 32 844 -1 -1 3480 3480
9067 CONNECTION 32 10 -1 -1 3480 3480
9068 CONNECTION 32 902 -1 -1 3480 3480
9069 CONNECTION 32 215 -1 -1 3900 3900
9070 CONNECTION 32 583 -1 -1 5040 5040
9071 CONNECTION 32 972 300 900 5280 5280
9072 CONNECTION 32 1013 300 900 5280 5280
9073 CONNECTION 32 755 300 1980 6840 6840
9074 CONNECTION 32 114 300 2220 7080 7080
9075 CONNECTION 32 464 300 2400 7080 7080
9076 CONNECTION 32 64 300 2700 7080 7080
9077 CONNECTION 32 660 300 3120 7500 7500
9078 CONNECTION 32 865 300 3780 8640 8640
9079 CONNECTION 32 324 300 4500 8880 8880
9080 CONNECTION 214 753 -1 -1 2940 2940
9081 CONNECTION 214 512 -1 -1 3180 3180
9082 CONNECTION 214 1031 -1 -1 2940 2940
9083 CONNECTION 214 863 -1 -1 4740 4740
9084 CONNECTION 214 164 300 540 4140 4140
9085 CONNECTION 214 729 300 540 4980 4980
9086 CONNECTION 214 268 300 960 5400 5400
9087 CONNECTION 214 33 300 1080 4680 4680
9088 CONNECTION 214 296 300 1740 5340 5340
9089 CONNECTION 214 635 300 1740 6180 6180
9090 CONNECTION 214 923 300 2100 6540 6540
9091 CONNECTION 214 824 300 2340 6780 6780
9092 CONNECTION 214 442 300 2940 6540 6540
9093 CONNECTION 214 1039 300 3900 8340 8340
9094 CONNECTION 214 612 300 4140 7740 7740
9095 CONNECTION 214 904 300 4140 8580 8580
9096 CONNECTION 214 710 300 4560 9000 9000
9097 CONNECTION 214 490 300 4680 8280 8280
9098 CONNECTION 789 11 -1 -1 5700 5700
9099 CONNECTION 789 775 -1 -1 6480 6480
9100 CONNECTION 789 564 300 1620 6300 6300
9101 CONNECTION 789 465 300 3120 9300 9300
9102 CONNECTION 789 940 300 3900 10080 10080
9103 CONNECTION 1019 684 -1 -1 2100 2100
9104 CONNECTION 1019 1020 -1 -1 2100 2100
9105 CONNECTION 1019 658 -1 -1 1980 1980
9106 CONNECTION 1019 582 -1 -1 2940 2940
9107 CONNECTION 1019 1026 -1 -1 2700 2700
9108 CONNECTION 1019 634 -1 -1 3720 3720
9109 CONNECTION 1019 938 -1 -1 2760 2760
9110 CONNECTION 1019 91 -1 -1 3300 3300
9111 CONNECTION 1019 489 -1 -1 4080 4080
9112 CONNECTION 1019 954 -1 -1 5880 5880
9113 CONNECTION 1019 823 -1 -1 4320 4320
9114 CONNECTION 1019 563 -1 -1 6180 6180
9115 CONNECTION 1019 754 300 360 4740 4740
9116 CONNECTION 1019 242 300 660 4500 4500
9117 CONNECTION 1019 903 300 1680 6120 6120
9118 CONNECTION 1019 412 300 1860 5700 5700
9119 CONNECTION 1019 216 300 2100 5580 5580
9120 CONNECTION 1019 864 300 2160 6540 6540
9121 CONNECTION 1019 269 300 2820 6300 6300
9122 CONNECTION 1019 368 300 2880 6360 6360
9123 CONNECTION 1019 884 300 2880 7320 7320
9124 CONNECTION 1019 1028 300 2880 7320 7320
9125 CONNECTION 1019 542 300 3060 6900 6900
9126 CONNECTION 1019 35 300 3300 7680 7680
9127 CONNECTION 1019 387 300 3300 9480 9480
9128 CONNECTION 1019 973 300 3480 7920 7920
9129 CONNECTION 1019 1014 300 3480 7920 7920
9130 CONNECTION 1019 845 300 3600 9780 9780
9131 CONNECTION 1019 924 300 3960 8340 8340
9132 CONNECTION 1019 687 300 4260 8100 8100
9133 CONNECTION 1019 1034 300 4260 8100 8100
9134 SINK 1019 0 -1 -1 300 300
9135 CONNECTION 511 512 -1 -1 2160 2160
9136 CONNECTION 511 1031 -1 -1 1920 1920
9137 CONNECTION 511 863 -1 -1 3720 3720
9138 CONNECTION 511 164 -1 -1 3120 3120
9139 CONNECTION 511 729 -1 -1 3960 3960
9140 CONNECTION 511 268 -1 -1 4380 4380
9141 CONNECTION 511 33 -1 -1 3660 3660
9142 CONNECTION 511 296 300 720 4320 4320
9143 CONNECTION 511 635 300 720 5160 5160
9144 CONNECTION 511 923 300 1080 5520 5520
9145 CONNECTION 511 824 300 1320 5760 5760
9146 CONNECTION 511 442 300 1920 5520 5520
9147 CONNECTION 511 1039 300 2880 7320 7320
9148 CONNECTION 511 612 300 3120 6720 6720
9149 CONNECTION 511 904 300 3120 7560 7560
9150 CONNECTION 511 710 300 3540 7980 7980
9151 CONNECTION 511 490 300 3660 7260 7260
9152 CONNECTION 511 885 300 4320 8760 8760
9153 CONNECTION 511 1029 300 4320 8760 8760
9154 CONNECTION 511 1055 300 4320 7920 7920
9155 CONNECTION 511 138 300 4680 9120 9120
9156 CONNECTION 240 241 -1 -1 1320 1320
9157 CONNECTION 240 610 -1 -1 2820 2820
9158 CONNECTION 240 411 -1 -1 2520 2520
9159 CONNECTION 240 659 -1 -1 2880 2880
9160 CONNECTION 240 1032 -1 -1 4020 4020
9161 CONNECTION 240 939 -1 -1 5340 5340
9162 CONNECTION 240 541 -1 -1 3720 3720
9163 CONNECTION 240 165 300 1140 5220 5220
9164 CONNECTION 240 883 300 1200 4680 4680
9165 CONNECTION 240 1027 300 1200 4680 4680
9166 CONNECTION 240 686 300 1320 4920 4920
9167 CONNECTION 240 1022 300 1320 4920 4920
9168 CONNECTION 240 386 300 1560 5040 5040
9169 CONNECTION 240 34 300 1680 5160 5160
9170 CONNECTION 240 297 300 2340 6420 6420
9171 CONNECTION 240 93 300 2520 6120 6120
9172 CONNECTION 240 217 300 2880 6480 6480
9173 CONNECTION 240 443 300 3540 7620 7620
9174 CONNECTION 240 369 300 3660 8940 8940
9175 CONNECTION 240 244 300 3720 7320 7320
9176 CONNECTION 240 613 300 4740 8820 8820
9177 CONNECTION 240 192 300 4800 8280 8280
9178 CONNECTION 112 113 -1 -1 2400 2400
9179 CONNECTION 112 11 -1 -1 5400 5400
9180 CONNECTION 112 775 -1 -1 6180 6180
9181 CONNECTION 112 564 300 1320 6000 6000
9182 CONNECTION 112 465 300 2820 9000 9000
9183 CONNECTION 112 940 300 3600 9780 9780
9184 CONNECTION 581 582 -1 -1 2100 2100
9185 CONNECTION 581 1026 -1 -1 1860 1860
9186 CONNECTION 581 634 -1 -1 2880 2880
9187 CONNECTION 581 938 -1 -1 1920 1920
9188 CONNECTION 581 91 -1 -1 2460 2460
9189 CONNECTION 581 489 -1 -1 3240 3240
9190 CONNECTION 581 954 -1 -1 5040 5040
9191 CONNECTION 581 823 -1 -1 3480 3480
9192 CONNECTION 581 563 -1 -1 5340 5340
9193 CONNECTION 581 754 -1 -1 3900 3900
9194 CONNECTION 581 242 -1 -1 3660 3660
9195 CONNECTION 581 903 300 840 5280 5280
9196 CONNECTION 581 412 300 1020 4860 4860
9197 CONNECTION 581 216 300 1260 4740 4740
9198 CONNECTION 581 864 300 1320 5700 5700
9199 CONNECTION 581 269 300 1980 5460 5460
9200 CONNECTION 581 368 300 2040 5520 5520
9201 CONNECTION 581 884 300 2040 6480 6480
9202 CONNECTION 581 1028 300 2040 6480 6480
9203 CONNECTION 581 542 300 2220 6060 6060
9204 CONNECTION 581 35 300 2460 6840 6840
9205 CONNECTION 581 387 300 2460 8640 8640
9206 CONNECTION 581 973 300 2640 7080 7080
9207 CONNECTION 581 1014 300 2640 7080 7080
9208 CONNECTION 581 845 300 2760 8940 8940
9209 CONNECTION 581 924 300 3120 7500 7500
9210 CONNECTION 581 687 300 3420 7260 7260
9211 CONNECTION 581 1034 300 3420 7260 7260
9212 CONNECTION 581 65 300 4440 8880 8880
9213 CONNECTION 581 94 300 4620 8460 8460
9214 SINK 581 0 -1 -1 300 300
9215 CONNECTION 657 658 -1 -1 1200 1200
9216 CONNECTION 657 1026 -1 -1 1920 1920
9217 CONNECTION 657 634 -1 -1 2940 2940
9218 CONNECTION 657 938 -1 -1 1980 1980
9219 CONNECTION 657 91 -1 -1 2520 2520
9220 CONNECTION 657 489 -1 -1 3300 3300
9221 CONNECTION 657 954 -1 -1 5100 5100
9222 CONNECTION 657 823 -1 -1 3540 3540
9223 CONNECTION 657 563 -1 -1 5400 5400
9224 CONNECTION 657 754 -1 -1 3960 3960
9225 CONNECTION 657 242 -1 -1 3720 3720
9226 CONNECTION 657 903 300 900 5340 5340
9227 CONNECTION 657 412 300 1080 4920 4920
9228 CONNECTION 657 216 300 1320 4800 4800
9229 CONNECTION 657 864 300 1380 5760 5760
9230 CONNECTION 657 269 300 2040 5520 5520
9231 CONNECTION 657 368 300 2100 5580 5580
9232 CONNECTION 657 884 300 2100 6540 6540
9233 CONNECTION 657 1028 300 2100 6540 6540
9234 CONNECTION 657 542 300 2280 6120 6120
9235 CONNECTION 657 35 300 2520 6900 6900
9236 CONNECTION 657 387 300 2520 8700 8700
9237 CONNECTION 657 973 300 2700 7140 7140
9238 CONNECTION 657 1014 300 2700 7140 7140
9239 CONNECTION 657 845 300 2820 9000 9000
9240 CONNECTION 657 924 300 3180 7560 7560
9241 CONNECTION 657 687 300 3480 7320 7320
9242 CONNECTION 657 1034 300 3480 7320 7320
9243 CONNECTION 657 65 300 4500 8940 8940
9244 CONNECTION 657 94 300 4680 8520 8520
9245 SINK 657 0 -1 -1 300 300
9246 CONNECTION 882 921 -1 -1 1860 1860
9247 CONNECTION 882 385 -1 -1 4200 4200
9248 CONNECTION 882 1037 -1 -1 3660 3660
9249 CONNECTION 882 708 300 600 4260 4260
9250 CONNECTION 882 136 300 1800 5460 5460
9251 CONNECTION 882 790 300 2520 7800 7800
9252 CONNECTION 882 348 300 3600 7260 7260
9253 CONNECTION 882 1047 300 4200 7860 7860
9254 CONNECTION 1000 921 -1 -1 1860 1860
9255 CONNECTION 1000 385 -1 -1 4200 4200
9256 CONNECTION 1000 1037 -1 -1 3660 3660
9257 CONNECTION 1000 708 300 600 4260 4260
9258 CONNECTION 1000 136 300 1800 5460 5460
9259 CONNECTION 1000 790 300 2520 7800 7800
9260 CONNECTION 1000 348 300 3600 7260 7260
9261 CONNECTION 1000 1047 300 4200 7860 7860
9262 CONNECTION 861 862 -1 -1 2160 2160
9263 CONNECTION 861 267 -1 -1 2820 2820
9264 CONNECTION 861 322 -1 -1 2340 2340
9265 CONNECTION 861 922 -1 -1 3960 3960
9266 CONNECTION 861 191 -1 -1 3540 3540
9267 CONNECTION 861 513 300 480 4140 4140
9268 CONNECTION 861 1038 300 1320 5760 5760
9269 CONNECTION 861 709 300 1980 6420 6420
9270 CONNECTION 861 730 300 2280 5940 5940
9271 CONNECTION 861 137 300 3120 7560 7560
9272 CONNECTION 861 636 300 3480 7140 7140
9273 CONNECTION 861 825 300 4080 7740 7740
9274 CONNECTION 9 10 -1 -1 2460 2460
9275 CONNECTION 9 215 -1 -1 2880 2880
9276 CONNECTION 9 583 -1 -1 4020 4020
9277 CONNECTION 9 972 -1 -1 4260 4260
9278 CONNECTION 9 1013 -1 -1 4260 4260
9279 CONNECTION 9 755 300 960 5820 5820
9280 CONNECTION 9 114 300 1200 6060 6060
9281 CONNECTION 9 464 300 1380 6060 6060
9282 CONNECTION 9 64 300 1680 6060 6060
9283 CONNECTION 9 660 300 2100 6480 6480
9284 CONNECTION 9 865 300 2760 7620 7620
9285 CONNECTION 9 324 300 3480 7860 7860
9286 CONNECTION 9 925 300 4560 9420 9420
9287 CONNECTION 9 565 300 4800 9660 9660
9288 CONNECTION 321 322 -1 -1 1380 1380
9289 CONNECTION 321 922 -1 -1 3000 3000
9290 CONNECTION 321 191 -1 -1 2580 2580
9291 CONNECTION 321 513 -1 -1 3180 3180
9292 CONNECTION 321 1038 300 360 4800 4800
9293 CONNECTION 321 709 300 1020 5460 5460
9294 CONNECTION 321 730 300 1320 4980 4980
9295 CONNECTION 321 137 300 2160 6600 6600
9296 CONNECTION 321 636 300 2520 6180 6180
9297 CONNECTION 321 825 300 3120 6780 6780
9298 CONNECTION 321 349 300 3960 8400 8400
9299 CONNECTION 321 1048 300 4620 9060 9060
9300 CONNECTION 439 440 -1 -1 1800 1800
9301 CONNECTION 439 488 -1 -1 1740 1740
9302 CONNECTION 439 610 -1 -1 3000 3000
9303 CONNECTION 439 411 -1 -1 2700 2700
9304 CONNECTION 439 659 -1 -1 3060 3060
9305 CONNECTION 439 1032 -1 -1 4200 4200
9306 CONNECTION 439 939 -1 -1 5520 5520
9307 CONNECTION 439 541 -1 -1 3900 3900
9308 CONNECTION 439 165 300 1320 5400 5400
9309 CONNECTION 439 883 300 1380 4860 4860
9310 CONNECTION 439 1027 300 1380 4860 4860
9311 CONNECTION 439 686 300 1500 5100 5100
9312 CONNECTION 439 1022 300 1500 5100 5100
9313 CONNECTION 439 386 300 1740 5220 5220
9314 CONNECTION 439 34 300 1860 5340 5340
9315 CONNECTION 439 297 300 2520 6600 6600
9316 CONNECTION 439 93 300 2700 6300 6300
9317 CONNECTION 439 217 300 3060 6660 6660
9318 CONNECTION 439 443 300 3720 7800 7800
9319 CONNECTION 439 369 300 3840 9120 9120
9320 CONNECTION 439 244 300 3900 7500 7500
9321 CONNECTION 843 844 -1 -1 2580 2580
9322 CONNECTION 843 902 -1 -1 2580 2580
9323 CONNECTION 843 215 -1 -1 3000 3000
9324 CONNECTION 843 583 -1 -1 4140 4140
9325 CONNECTION 843 972 -1 -1 4380 4380
9326 CONNECTION 843 1013 -1 -1 4380 4380
9327 CONNECTION 843 755 300 1080 5940 5940
9328 CONNECTION 843 114 300 1320 6180 6180
9329 CONNECTION 843 464 300 1500 6180 6180
9330 CONNECTION 843 64 300 1800 6180 6180
9331 CONNECTION 843 660 300 2220 6600 6600
9332 CONNECTION 843 865 300 2880 7740 7740
9333 CONNECTION 843 324 300 3600 7980 7980
9334 CONNECTION 843 925 300 4680 9540 9540
9335 CONNECTION 294 295 -1 -1 1560 1560
9336 CONNECTION 294 441 -1 -1 2760 2760
9337 CONNECTION 294 685 -1 -1 3180 3180
9338 CONNECTION 294 1021 -1 -1 3180 3180
9339 CONNECTION 294 611 -1 -1 3960 3960
9340 CONNECTION 294 92 -1 -1 4380 4380
9341 CONNECTION 294 1033 300 1320 5160 5160
9342 CONNECTION 294 243 300 1500 5580 5580
9343 CONNECTION 294 166 300 2520 6360 6360
9344 CONNECTION 294 413 300 2700 6780 6780
9345 CONNECTION 294 298 300 3720 7560 7560
9346 CONNECTION 294 543 300 3900 7980 7980
9347 CONNECTION 346 347 -1 -1 2580 2580
9348 CONNECTION 346 902 -1 -1 2820 2820
9349 CONNECTION 346 215 -1 -1 3240 3240
9350 CONNECTION 346 583 -1 -1 4380 4380
9351 CONNECTION 346 972 -1 -1 4620 4620
9352 CONNECTION 346 1013 -1 -1 4620 4620
9353 CONNECTION 346 755 300 1320 6180 6180
9354 CONNECTION 346 114 300 1560 6420 6420
9355 CONNECTION 346 464 300 1740 6420 6420
9356 CONNECTION 346 64 300 2040 6420 6420
9357 CONNECTION 346 660 300 2460 6840 6840
9358 CONNECTION 346 865 300 3120 7980 7980
9359 CONNECTION 346 324 300 3840 8220 8220
9360 CONNECTION 774 708 -1 -1 2160 2160
9361 CONNECTION 774 136 -1 -1 3360 3360
9362 CONNECTION 774 790 300 420 5700 5700
9363 CONNECTION 774 348 300 1500 5160 5160
9364 CONNECTION 774 1047 300 2100 5760 5760
9365 CONNECTION 774 584 300 3300 6960 6960
9366 CONNECTION 774 955 300 4020 9300 9300
9367 CONNECTION 90 1031 -1 -1 2100 2100
9368 CONNECTION 90 863 -1 -1 3900 3900
9369 CONNECTION 90 164 -1 -1 3300 3300
9370 CONNECTION 90 729 -1 -1 4140 4140
9371 CONNECTION 90 268 -1 -1 4560 4560
9372 CONNECTION 90 33 -1 -1 3840 3840
9373 CONNECTION 90 296 300 900 4500 4500
9374 CONNECTION 90 635 300 900 5340 5340
9375 CONNECTION 90 923 300 1260 5700 5700
9376 CONNECTION 90 824 300 1500 5940 5940
9377 CONNECTION 90 442 300 2100 5700 5700
9378 CONNECTION 90 1039 300 3060 7500 7500
9379 CONNECTION 90 612 300 3300 6900 6900
9380 CONNECTION 90 904 300 3300 7740 7740
9381 CONNECTION 90 710 300 3720 8160 8160
9382 CONNECTION 90 490 300 3840 7440 7440
9383 CONNECTION 90 885 300 4500 8940 8940
9384 CONNECTION 90 1029 300 4500 8940 8940
9385 CONNECTION 90 1055 300 4500 8100 8100
9386 CONNECTION 62 385 -1 -1 3600 3600
9387 CONNECTION 62 1037 -1 -1 3060 3060
9388 CONNECTION 62 708 -1 -1 3660 3660
9389 CONNECTION 62 136 300 1200 4860 4860
9390 CONNECTION 62 790 300 1920 7200 7200
9391 CONNECTION 62 348 300 3000 6660 6660
9392 CONNECTION 62 1047 300 3600 7260 7260
9393 CONNECTION 62 584 300 4800 8460 8460
9394 CONNECTION 901 902 -1 -1 2100 2100
9395 CONNECTION 901 583 -1 -1 3660 3660
9396 CONNECTION 901 972 -1 -1 3900 3900
9397 CONNECTION 901 1013 -1 -1 3900 3900
9398 CONNECTION 901 755 300 600 5460 5460
9399 CONNECTION 901 114 300 840 5700 5700
9400 CONNECTION 901 464 300 1020 5700 5700
9401 CONNECTION 901 64 300 1320 5700 5700
9402 CONNECTION 901 660 300 1740 6120 6120
9403 CONNECTION 901 865 300 2400 7260 7260
9404 CONNECTION 901 324 300 3120 7500 7500
9405 CONNECTION 901 925 300 4200 9060 9060
9406 CONNECTION 901 565 300 4440 9300 9300
9407 CONNECTION 901 806 300 4620 9300 9300
9408 CONNECTION 135 463 -1 -1 3180 3180
9409 CONNECTION 135 63 -1 -1 3540 3540
9410 CONNECTION 135 323 300 480 5340 5340
9411 CONNECTION 135 805 300 1920 6780 6780
9412 CONNECTION 135 514 300 2280 7140 7140
9413 CONNECTION 135 731 300 4080 8940 8940
9414 CONNECTION 266 267 -1 -1 2220 2220
9415 CONNECTION 266 922 -1 -1 3360 3360
9416 CONNECTION 266 191 -1 -1 2940 2940
9417 CONNECTION 266 513 -1 -1 3540 3540
9418 CONNECTION 266 1038 300 720 5160 5160
9419 CONNECTION 266 709 300 1380 5820 5820
9420 CONNECTION 266 730 300 1680 5340 5340
9421 CONNECTION 266 137 300 2520 6960 6960
9422 CONNECTION 266 636 300 2880 6540 6540
9423 CONNECTION 266 825 300 3480 7140 7140
9424 CONNECTION 266 349 300 4320 8760 8760
9425 CONNECTION 539 540 -1 -1 1920 1920
9426 CONNECTION 539 441 -1 -1 2700 2700
9427 CONNECTION 539 685 -1 -1 3120 3120
9428 CONNECTION 539 1021 -1 -1 3120 3120
9429 CONNECTION 539 611 -1 -1 3900 3900
9430 CONNECTION 539 92 -1 -1 4320 4320
9431 CONNECTION 539 1033 300 1260 5100 5100
9432 CONNECTION 539 243 300 1440 5520 5520
9433 CONNECTION 539 166 300 2460 6300 6300
9434 CONNECTION 539 413 300 2640 6720 6720
9435 CONNECTION 539 298 300 3660 7500 7500
9436 CONNECTION 539 543 300 3840 7920 7920
9437 CONNECTION 1025 1026 -1 -1 1200 1200
9438 CONNECTION 1025 489 -1 -1 2580 2580
9439 CONNECTION 1025 954 -1 -1 4380 4380
9440 CONNECTION 1025 823 -1 -1 2820 2820
9441 CONNECTION 1025 563 -1 -1 4680 4680
9442 CONNECTION 1025 754 -1 -1 3240 3240
9443 CONNECTION 1025 242 -1 -1 3000 3000
9444 CONNECTION 1025 903 -1 -1 4620 4620
9445 CONNECTION 1025 412 300 360 4200 4200
9446 CONNECTION 1025 216 300 600 4080 4080
9447 CONNECTION 1025 864 300 660 5040 5040
9448 CONNECTION 1025 269 300 1320 4800 4800
9449 CONNECTION 1025 368 300 1380 4860 4860
9450 CONNECTION 1025 884 300 1380 5820 5820
9451 CONNECTION 1025 1028 300 1380 5820 5820
9452 CONNECTION 1025 542 300 1560 5400 5400
9453 CONNECTION 1025 35 300 1800 6180 6180
9454 CONNECTION 1025 387 300 1800 7980 7980
9455 CONNECTION 1025 973 300 1980 6420 6420
9456 CONNECTION 1025 1014 300 1980 6420 6420
9457 CONNECTION 1025 845 300 2100 8280 8280
9458 CONNECTION 1025 924 300 2460 6840 6840
9459 CONNECTION 1025 687 300 2760 6600 6600
9460 CONNECTION 1025 1034 300 2760 6600 6600
9461 CONNECTION 1025 65 300 3780 8220 8220
9462 CONNECTION 1025 94 300 3960 7800 7800
9463 CONNECTION 1025 661 300 4200 7680 7680
9464 CONNECTION 1025 1040 300 4260 8640 8640
9465 SINK 1025 0 -1 -1 300 300
9466 CONNECTION 487 488 -1 -1 1200 1200
9467 CONNECTION 487 610 -1 -1 2460 2460
9468 CONNECTION 487 411 -1 -1 2160 2160
9469 CONNECTION 487 659 -1 -1 2520 2520
9470 CONNECTION 487 1032 -1 -1 3660 3660
9471 CONNECTION 487 939 -1 -1 4980 4980
9472 CONNECTION 487 541 -1 -1 3360 3360
9473 CONNECTION 487 165 300 780 4860 4860
9474 CONNECTION 487 883 300 840 4320 4320
9475 CONNECTION 487 1027 300 840 4320 4320
9476 CONNECTION 487 686 300 960 4560 4560
9477 CONNECTION 487 1022 300 960 4560 4560
9478 CONNECTION 487 386 300 1200 4680 4680
9479 CONNECTION 487 34 300 1320 4800 4800
9480 CONNECTION 487 297 300 1980 6060 6060
9481 CONNECTION 487 93 300 2160 5760 5760
9482 CONNECTION 487 217 300 2520 6120 6120
9483 CONNECTION 487 443 300 3180 7260 7260
9484 CONNECTION 487 369 300 3300 8580 8580
9485 CONNECTION 487 244 300 3360 6960 6960
9486 CONNECTION 487 613 300 4380 8460 8460
9487 CONNECTION 487 192 300 4440 7920 7920
9488 CONNECTION 487 414 300 4560 8160 8160
9489 CONNECTION 487 791 300 4800 8280 8280
9490 CONNECTION 163 91 -1 -1 2100 2100
9491 CONNECTION 163 489 -1 -1 2880 2880
9492 CONNECTION 163 954 -1 -1 4680 4680
9493 CONNECTION 163 823 -1 -1 3120 3120
9494 CONNECTION 163 563 -1 -1 4980 4980
9495 CONNECTION 163 754 -1 -1 3540 3540
9496 CONNECTION 163 242 -1 -1 3300 3300
9497 CONNECTION 163 903 300 480 4920 4920
9498 CONNECTION 163 412 300 660 4500 4500
9499 CONNECTION 163 216 300 900 4380 4380
9500 CONNECTION 163 864 300 960 5340 5340
9501 CONNECTION 163 269 300 1620 5100 5100
9502 CONNECTION 163 368 300 1680 5160 5160
9503 CONNECTION 163 884 300 1680 6120 6120
9504 CONNECTION 163 1028 300 1680 6120 6120
9505 CONNECTION 163 542 300 1860 5700 5700
9506 CONNECTION 163 35 300 2100 6480 6480
9507 CONNECTION 163 387 300 2100 8280 8280
9508 CONNECTION 163 973 300 2280 6720 6720
9509 CONNECTION 163 1014 300 2280 6720 6720
9510 CONNECTION 163 845 300 2400 8580 8580
9511 CONNECTION 163 924 300 2760 7140 7140
9512 CONNECTION 163 687 300 3060 6900 6900
9513 CONNECTION 163 1034 300 3060 6900 6900
9514 CONNECTION 163 65 300 4080 8520 8520
9515 CONNECTION 163 94 300 4260 8100 8100
9516 CONNECTION 163 661 300 4500 7980 7980
9517 CONNECTION 163 1040 300 4560 8940 8940
9518 SINK 163 0 -1 -1 300 300
9519 CONNECTION 410 411 -1 -1 1320 1320
9520 CONNECTION 410 1032 -1 -1 2820 2820
9521 CONNECTION 410 939 -1 -1 4140 4140
9522 CONNECTION 410 541 -1 -1 2520 2520
9523 CONNECTION 410 165 -1 -1 4020 4020
9524 CONNECTION 410 883 -1 -1 3480 3480
9525 CONNECTION 410 1027 -1 -1 3480 3480
9526 CONNECTION 410 686 -1 -1 3720 3720
9527 CONNECTION 410 1022 -1 -1 3720 3720
9528 CONNECTION 410 386 300 360 3840 3840
9529 CONNECTION 410 34 300 480 3960 3960
9530 CONNECTION 410 297 300 1140 5220 5220
9531 CONNECTION 410 93 300 1320 4920 4920
9532 CONNECTION 410 217 300 1680 5280 5280
9533 CONNECTION 410 443 300 2340 6420 6420
9534 CONNECTION 410 369 300 2460 7740 7740
9535 CONNECTION 410 244 300 2520 6120 6120
9536 CONNECTION 410 613 300 3540 7620 7620
9537 CONNECTION 410 192 300 3600 7080 7080
9538 CONNECTION 410 414 300 3720 7320 7320
9539 CONNECTION 410 791 300 3960 7440 7440
9540 CONNECTION 410 491 300 4080 7560 7560
9541 CONNECTION 410 1056 300 4740 8820 8820
9542 CONNECTION 822 823 -1 -1 2160 2160
9543 CONNECTION 822 754 -1 -1 2580 2580
9544 CONNECTION 822 242 -1 -1 2340 2340
9545 CONNECTION 822 903 -1 -1 3960 3960
9546 CONNECTION 822 412 -1 -1 3540 3540
9547 CONNECTION 822 216 -1 -1 3420 3420
9548 CONNECTION 822 864 -1 -1 4380 4380
9549 CONNECTION 822 269 300 660 4140 4140
9550 CONNECTION 822 368 300 720 4200 4200
9551 CONNECTION 822 884 300 720 5160 5160
9552 CONNECTION 822 1028 300 720 5160 5160
9553 CONNECTION 822 542 300 900 4740 4740
9554 CONNECTION 822 35 300 1140 5520 5520
9555 CONNECTION 822 387 300 1140 7320 7320
9556 CONNECTION 822 973 300 1320 5760 5760
9557 CONNECTION 822 1014 300 1320 5760 5760
9558 CONNECTION 822 845 300 1440 7620 7620
9559 CONNECTION 822 924 300 1800 6180 6180
9560 CONNECTION 822 687 300 2100 5940 5940
9561 CONNECTION 822 1034 300 2100 5940 5940
9562 CONNECTION 822 65 300 3120 7560 7560
9563 CONNECTION 822 94 300 3300 7140 7140
9564 CONNECTION 822 661 300 3540 7020 7020
9565 CONNECTION 822 1040 300 3600 7980 7980
9566 CONNECTION 822 711 300 4260 7740 7740
9567 CONNECTION 822 193 300 4320 8760 8760
9568 CONNECTION 822 776 300 4320 7800 7800
9569 CONNECTION 822 245 300 4500 8340 8340
9570 CONNECTION 822 492 300 4740 9120 9120
9571 CONNECTION 822 792 300 4740 10920 10920
9572 SINK 822 0 -1 -1 300 300
9573 CONNECTION 190 191 -1 -1 1380 1380
9574 CONNECTION 190 513 -1 -1 1980 1980
9575 CONNECTION 190 1038 -1 -1 3600 3600
9576 CONNECTION 190 709 -1 -1 4260 4260
9577 CONNECTION 190 730 -1 -1 3780 3780
9578 CONNECTION 190 137 300 960 5400 5400
9579 CONNECTION 190 636 300 1320 4980 4980
9580 CONNECTION 190 825 300 1920 5580 5580
9581 CONNECTION 190 349 300 2760 7200 7200
9582 CONNECTION 190 1048 300 3420 7860 7860
9583 CONNECTION 190 905 300 3720 7380 7380
9584 CONNECTION 190 585 300 4560 9000 9000
9585 CONNECTION 609 610 -1 -1 1800 1800
9586 CONNECTION 609 659 -1 -1 1860 1860
9587 CONNECTION 609 1032 -1 -1 3000 3000
9588 CONNECTION 609 939 -1 -1 4320 4320
9589 CONNECTION 609 541 -1 -1 2700 2700
9590 CONNECTION 609 165 -1 -1 4200 4200
9591 CONNECTION 609 883 -1 -1 3660 3660
9592 CONNECTION 609 1027 -1 -1 3660 3660
9593 CONNECTION 609 686 -1 -1 3900 3900
9594 CONNECTION 609 1022 -1 -1 3900 3900
9595 CONNECTION 609 386 300 540 4020 4020
9596 CONNECTION 609 34 300 660 4140 4140
9597 CONNECTION 609 297 300 1320 5400 5400
9598 CONNECTION 609 93 300 1500 5100 5100
9599 CONNECTION 609 217 300 1860 5460 5460
9600 CONNECTION 609 443 300 2520 6600 6600
9601 CONNECTION 609 369 300 2640 7920 7920
9602 CONNECTION 609 244 300 2700 6300 6300
9603 CONNECTION 609 613 300 3720 7800 7800
9604 CONNECTION 609 192 300 3780 7260 7260
9605 CONNECTION 609 414 300 3900 7500 7500
9606 CONNECTION 609 791 300 4140 7620 7620
9607 CONNECTION 609 491 300 4260 7740 7740
9608 CONNECTION 862 863 -1 -1 2160 2160
9609 CONNECTION 862 268 -1 -1 2820 2820
9610 CONNECTION 862 33 -1 -1 2100 2100
9611 CONNECTION 862 296 -1 -1 2760 2760
9612 CONNECTION 862 635 -1 -1 3600 3600
9613 CONNECTION 862 923 -1 -1 3960 3960
9614 CONNECTION 862 824 -1 -1 4200 4200
9615 CONNECTION 862 442 300 360 3960 3960
9616 CONNECTION 862 1039 300 1320 5760 5760
9617 CONNECTION 862 612 300 1560 5160 5160
9618 CONNECTION 862 904 300 1560 6000 6000
9619 CONNECTION 862 710 300 1980 6420 6420
9620 CONNECTION 862 490 300 2100 5700 5700
9621 CONNECTION 862 885 300 2760 7200 7200
9622 CONNECTION 862 1029 300 2760 7200 7200
9623 CONNECTION 862 1055 300 2760 6360 6360
9624 CONNECTION 862 138 300 3120 7560 7560
9625 CONNECTION 862 974 300 3360 7800 7800
9626 CONNECTION 862 1015 300 3360 7800 7800
9627 CONNECTION 862 167 300 3960 7560 7560
9628 CONNECTION 440 441 -1 -1 1560 1560
9629 CONNECTION 440 611 -1 -1 2760 2760
9630 CONNECTION 440 92 -1 -1 3180 3180
9631 CONNECTION 440 1033 -1 -1 3960 3960
9632 CONNECTION 440 243 -1 -1 4380 4380
9633 CONNECTION 440 166 300 1320 5160 5160
9634 CONNECTION 440 413 300 1500 5580 5580
9635 CONNECTION 440 298 300 2520 6360 6360
9636 CONNECTION 440 543 300 2700 6780 6780
9637 CONNECTION 440 444 300 3720 7560 7560
9638 CONNECTION 440 688 300 3900 7980 7980
9639 CONNECTION 440 1035 300 3900 7980 7980
9640 CONNECTION 633 634 -1 -1 2220 2220
9641 CONNECTION 633 489 -1 -1 2580 2580
9642 CONNECTION 633 954 -1 -1 4380 4380
9643 CONNECTION 633 823 -1 -1 2820 2820
9644 CONNECTION 633 563 -1 -1 4680 4680
9645 CONNECTION 633 754 -1 -1 3240 3240
9646 CONNECTION 633 242 -1 -1 3000 3000
9647 CONNECTION 633 903 -1 -1 4620 4620
9648 CONNECTION 633 412 300 360 4200 4200
9649 CONNECTION 633 216 300 600 4080 4080
9650 CONNECTION 633 864 300 660 5040 5040
9651 CONNECTION 633 269 300 1320 4800 4800
9652 CONNECTION 633 368 300 1380 4860 4860
9653 CONNECTION 633 884 300 1380 5820 5820
9654 CONNECTION 633 1028 300 1380 5820 5820
9655 CONNECTION 633 542 300 1560 5400 5400
9656 CONNECTION 633 35 300 1800 6180 6180
9657 CONNECTION 633 387 300 1800 7980 7980
9658 CONNECTION 633 973 300 1980 6420 6420
9659 CONNECTION 633 1014 300 1980 6420 6420
9660 CONNECTION 633 845 300 2100 8280 8280
9661 CONNECTION 633 924 300 2460 6840 6840
9662 CONNECTION 633 687 300 2760 6600 6600
9663 CONNECTION 633 1034 300 2760 6600 6600
9664 CONNECTION 633 65 300 3780 8220 8220
9665 CONNECTION 633 94 300 3960 7800 7800
9666 CONNECTION 633 661 300 4200 7680 7680
9667 CONNECTION 633 1040 300 4260 8640 8640
9668 SINK 633 0 -1 -1 300 300
9669 CONNECTION 728 729 -1 -1 2160 2160
9670 CONNECTION 728 33 -1 -1 1860 1860
9671 CONNECTION 728 296 -1 -1 2520 2520
9672 CONNECTION 728 635 -1 -1 3360 3360
9673 CONNECTION 728 923 -1 -1 3720 3720
9674 CONNECTION 728 824 -1 -1 3960 3960
9675 CONNECTION 728 442 -1 -1 3720 3720
9676 CONNECTION 728 1039 300 1080 5520 5520
9677 CONNECTION 728 612 300 1320 4920 4920
9678 CONNECTION 728 904 300 1320 5760 5760
9679 CONNECTION 728 710 300 1740 6180 6180
9680 CONNECTION 728 490 300 1860 5460 5460
9681 CONNECTION 728 885 300 2520 6960 6960
9682 CONNECTION 728 1029 300 2520 6960 6960
9683 CONNECTION 728 1055 300 2520 6120 6120
9684 CONNECTION 728 138 300 2880 7320 7320
9685 CONNECTION 728 974 300 3120 7560 7560
9686 CONNECTION 728 1015 300 3120 7560 7560
9687 CONNECTION 728 167 300 3720 7320 7320
9688 CONNECTION 728 350 300 4680 9120 9120
9689 CONNECTION 241 863 -1 -1 2700 2700
9690 CONNECTION 241 164 -1 -1 2100 2100
9691 CONNECTION 241 729 -1 -1 2940 2940
9692 CONNECTION 241 268 -1 -1 3360 3360
9693 CONNECTION 241 33 -1 -1 2640 2640
9694 CONNECTION 241 296 -1 -1 3300 3300
9695 CONNECTION 241 635 -1 -1 4140 4140
9696 CONNECTION 241 923 -1 -1 4500 4500
9697 CONNECTION 241 824 -1 -1 4740 4740
9698 CONNECTION 241 442 300 900 4500 4500
9699 CONNECTION 241 1039 300 1860 6300 6300
9700 CONNECTION 241 612 300 2100 5700 5700
9701 CONNECTION 241 904 300 2100 6540 6540
9702 CONNECTION 241 710 300 2520 6960 6960
9703 CONNECTION 241 490 300 2640 6240 6240
9704 CONNECTION 241 885 300 3300 7740 7740
9705 CONNECTION 241 1029 300 3300 7740 7740
9706 CONNECTION 241 1055 300 3300 6900 6900
9707 CONNECTION 241 138 300 3660 8100 8100
9708 CONNECTION 241 974 300 3900 8340 8340
9709 CONNECTION 241 1015 300 3900 8340 8340
9710 CONNECTION 241 167 300 4500 8100 8100
9711 CONNECTION 753 754 -1 -1 2100 2100
9712 CONNECTION 753 903 -1 -1 3480 3480
9713 CONNECTION 753 412 -1 -1 3060 3060
9714 CONNECTION 753 216 -1 -1 2940 2940
9715 CONNECTION 753 864 -1 -1 3900 3900
9716 CONNECTION 753 269 -1 -1 3660 3660
9717 CONNECTION 753 368 -1 -1 3720 3720
9718 CONNECTION 753 884 -1 -1 4680 4680
9719 CONNECTION 753 1028 -1 -1 4680 4680
9720 CONNECTION 753 542 300 420 4260 4260
9721 CONNECTION 753 35 300 660 5040 5040
9722 CONNECTION 753 387 300 660 6840 6840
9723 CONNECTION 753 973 300 840 5280 5280
9724 CONNECTION 753 1014 300 840 5280 5280
9725 CONNECTION 753 845 300 960 7140 7140
9726 CONNECTION 753 924 300 1320 5700 5700
9727 CONNECTION 753 687 300 1620 5460 5460
9728 CONNECTION 753 1034 300 1620 5460 5460
9729 CONNECTION 753 65 300 2640 7080 7080
9730 CONNECTION 753 94 300 2820 6660 6660
9731 CONNECTION 753 661 300 3060 6540 6540
9732 CONNECTION 753 1040 300 3120 7500 7500
9733 CONNECTION 753 711 300 3780 7260 7260
9734 CONNECTION 753 193 300 3840 8280 8280
9735 CONNECTION 753 776 300 3840 7320 7320
9736 CONNECTION 753 245 300 4020 7860 7860
9737 CONNECTION 753 492 300 4260 8640 8640
9738 CONNECTION 753 792 300 4260 10440 10440
9739 CONNECTION 753 325 300 4440 8880 8880
9740 CONNECTION 753 115 300 4560 10740 10740
9741 SINK 753 0 -1 -1 300 300
9742 CONNECTION 804 269 -1 -1 1920 1920
9743 CONNECTION 804 368 -1 -1 1980 1980
9744 CONNECTION 804 884 -1 -1 2940 2940
9745 CONNECTION 804 1028 -1 -1 2940 2940
9746 CONNECTION 804 542 -1 -1 2520 2520
9747 CONNECTION 804 35 -1 -1 3300 3300
9748 CONNECTION 804 387 -1 -1 5100 5100
9749 CONNECTION 804 973 -1 -1 3540 3540
9750 CONNECTION 804 1014 -1 -1 3540 3540
9751 CONNECTION 804 845 -1 -1 5400 5400
9752 CONNECTION 804 924 -1 -1 3960 3960
9753 CONNECTION 804 687 -1 -1 3720 3720
9754 CONNECTION 804 1034 -1 -1 3720 3720
9755 CONNECTION 804 65 300 900 5340 5340
9756 CONNECTION 804 94 300 1080 4920 4920
9757 CONNECTION 804 661 300 1320 4800 4800
9758 CONNECTION 804 1040 300 1380 5760 5760
9759 CONNECTION 804 711 300 2040 5520 5520
9760 CONNECTION 804 193 300 2100 6540 6540
9761 CONNECTION 804 776 300 2100 5580 5580
9762 CONNECTION 804 245 300 2280 6120 6120
9763 CONNECTION 804 492 300 2520 6900 6900
9764 CONNECTION 804 792 300 2520 8700 8700
9765 CONNECTION 804 325 300 2700 7140 7140
9766 CONNECTION 804 115 300 2820 9000 9000
9767 CONNECTION 804 139 300 3180 7560 7560
9768 CONNECTION 804 415 300 3480 7320 7320
9769 CONNECTION 804 516 300 4500 8940 8940
9770 CONNECTION 804 545 300 4680 8520 8520
9771 SINK 804 0 -1 -1 300 300
9772 CONNECTION 684 685 -1 -1 1920 1920
9773 CONNECTION 684 611 -1 -1 2700 2700
9774 CONNECTION 684 92 -1 -1 3120 3120
9775 CONNECTION 684 1033 -1 -1 3900 3900
9776 CONNECTION 684 243 -1 -1 4320 4320
9777 CONNECTION 684 166 300 1260 5100 5100
9778 CONNECTION 684 413 300 1440 5520 5520
9779 CONNECTION 684 298 300 2460 6300 6300
9780 CONNECTION 684 543 300 2640 6720 6720
9781 CONNECTION 684 444 300 3660 7500 7500
9782 CONNECTION 684 688 300 3840 7920 7920
9783 CONNECTION 684 1035 300 3840 7920 7920
9784 CONNECTION 921 922 -1 -1 2160 2160
9785 CONNECTION 921 513 -1 -1 2340 2340
9786 CONNECTION 921 1038 -1 -1 3960 3960
9787 CONNECTION 921 709 -1 -1 4620 4620
9788 CONNECTION 921 730 300 480 4140 4140
9789 CONNECTION 921 137 300 1320 5760 5760
9790 CONNECTION 921 636 300 1680 5340 5340
9791 CONNECTION 921 825 300 2280 5940 5940
9792 CONNECTION 921 349 300 3120 7560 7560
9793 CONNECTION 921 1048 300 3780 8220 8220
9794 CONNECTION 921 905 300 4080 7740 7740
9795 CONNECTION 1020 1021 -1 -1 1920 1920
9796 CONNECTION 1020 611 -1 -1 2700 2700
9797 CONNECTION 1020 92 -1 -1 3120 3120
9798 CONNECTION 1020 1033 -1 -1 3900 3900
9799 CONNECTION 1020 243 -1 -1 4320 4320
9800 CONNECTION 1020 166 300 1260 5100 5100
9801 CONNECTION 1020 413 300 1440 5520 5520
9802 CONNECTION 1020 298 300 2460 6300 6300
9803 CONNECTION 1020 543 300 2640 6720 6720
9804 CONNECTION 1020 444 300 3660 7500 7500
9805 CONNECTION 1020 688 300 3840 7920 7920
9806 CONNECTION 1020 1035 300 3840 7920 7920
9807 CONNECTION 953 954 -1 -1 4020 4020
9808 CONNECTION 953 754 -1 -1 2880 2880
9809 CONNECTION 953 242 -1 -1 2640 2640
9810 CONNECTION 953 903 -1 -1 4260 4260
9811 CONNECTION 953 412 -1 -1 3840 3840
9812 CONNECTION 953 216 -1 -1 3720 3720
9813 CONNECTION 953 864 -1 -1 4680 4680
9814 CONNECTION 953 269 300 960 4440 4440
9815 CONNECTION 953 368 300 1020 4500 4500
9816 CONNECTION 953 884 300 1020 5460 5460
9817 CONNECTION 953 1028 300 1020 5460 5460
9818 CONNECTION 953 542 300 1200 5040 5040
9819 CONNECTION 953 35 300 1440 5820 5820
9820 CONNECTION 953 387 300 1440 7620 7620
9821 CONNECTION 953 973 300 1620 6060 6060
9822 CONNECTION 953 1014 300 1620 6060 6060
9823 CONNECTION 953 845 300 1740 7920 7920
9824 CONNECTION 953 924 300 2100 6480 6480
9825 CONNECTION 953 687 300 2400 6240 6240
9826 CONNECTION 953 1034 300 2400 6240 6240
9827 CONNECTION 953 65 300 3420 7860 7860
9828 CONNECTION 953 94 300 3600 7440 7440
9829 CONNECTION 953 661 300 3840 7320 7320
9830 CONNECTION 953 1040 300 3900 8280 8280
9831 CONNECTION 953 711 300 4560 8040 8040
9832 CONNECTION 953 193 300 4620 9060 9060
9833 CONNECTION 953 776 300 4620 8100 8100
9834 CONNECTION 953 245 300 4800 8640 8640
9835 SINK 953 0 -1 -1 300 300
9836 CONNECTION 512 513 -1 -1 1380 1380
9837 CONNECTION 512 1038 -1 -1 3000 3000
9838 CONNECTION 512 709 -1 -1 3660 3660
9839 CONNECTION 512 730 -1 -1 3180 3180
9840 CONNECTION 512 137 300 360 4800 4800
9841 CONNECTION 512 636 300 720 4380 4380
9842 CONNECTION 512 825 300 1320 4980 4980
9843 CONNECTION 512 349 300 2160 6600 6600
9844 CONNECTION 512 1048 300 2820 7260 7260
9845 CONNECTION 512 905 300 3120 6780 6780
9846 CONNECTION 512 585 300 3960 8400 8400
9847 CONNECTION 512 886 300 4320 7980 7980
9848 CONNECTION 512 1030 300 4320 7980 7980
9849 CONNECTION 267 268 -1 -1 2160 2160
9850 CONNECTION 267 296 -1 -1 2100 2100
9851 CONNECTION 267 635 -1 -1 2940 2940
9852 CONNECTION 267 923 -1 -1 3300 3300
9853 CONNECTION 267 824 -1 -1 3540 3540
9854 CONNECTION 267 442 -1 -1 3300 3300
9855 CONNECTION 267 1039 300 660 5100 5100
9856 CONNECTION 267 612 300 900 4500 4500
9857 CONNECTION 267 904 300 900 5340 5340
9858 CONNECTION 267 710 300 1320 5760 5760
9859 CONNECTION 267 490 300 1440 5040 5040
9860 CONNECTION 267 885 300 2100 6540 6540
9861 CONNECTION 267 1029 300 2100 6540 6540
9862 CONNECTION 267 1055 300 2100 5700 5700
9863 CONNECTION 267 138 300 2460 6900 6900
9864 CONNECTION 267 974 300 2700 7140 7140
9865 CONNECTION 267 1015 300 2700 7140 7140
9866 CONNECTION 267 167 300 3300 6900 6900
9867 CONNECTION 267 350 300 4260 8700 8700
9868 CONNECTION 267 66 300 4500 8940 8940
9869 CONNECTION 267 299 300 4500 8100 8100
9870 CONNECTION 488 489 -1 -1 2100 2100
9871 CONNECTION 488 754 -1 -1 2760 2760
9872 CONNECTION 488 242 -1 -1 2520 2520
9873 CONNECTION 488 903 -1 -1 4140 4140
9874 CONNECTION 488 412 -1 -1 3720 3720
9875 CONNECTION 488 216 -1 -1 3600 3600
9876 CONNECTION 488 864 -1 -1 4560 4560
9877 CONNECTION 488 269 300 840 4320 4320
9878 CONNECTION 488 368 300 900 4380 4380
9879 CONNECTION 488 884 300 900 5340 5340
9880 CONNECTION 488 1028 300 900 5340 5340
9881 CONNECTION 488 542 300 1080 4920 4920
9882 CONNECTION 488 35 300 1320 5700 5700
9883 CONNECTION 488 387 300 1320 7500 7500
9884 CONNECTION 488 973 300 1500 5940 5940
9885 CONNECTION 488 1014 300 1500 5940 5940
9886 CONNECTION 488 845 300 1620 7800 7800
9887 CONNECTION 488 924 300 1980 6360 6360
9888 CONNECTION 488 687 300 2280 6120 6120
9889 CONNECTION 488 1034 300 2280 6120 6120
9890 CONNECTION 488 65 300 3300 7740 7740
9891 CONNECTION 488 94 300 3480 7320 7320
9892 CONNECTION 488 661 300 3720 7200 7200
9893 CONNECTION 488 1040 300 3780 8160 8160
9894 CONNECTION 488 711 300 4440 7920 7920
9895 CONNECTION 488 193 300 4500 8940 8940
9896 CONNECTION 488 776 300 4500 7980 7980
9897 CONNECTION 488 245 300 4680 8520 8520
9898 SINK 488 0 -1 -1 300 300
9899 CONNECTION 658 659 -1 -1 1320 1320
9900 CONNECTION 658 1032 -1 -1 2460 2460
9901 CONNECTION 658 939 -1 -1 3780 3780
9902 CONNECTION 658 541 -1 -1 2160 2160
9903 CONNECTION 658 165 -1 -1 3660 3660
9904 CONNECTION 658 883 -1 -1 3120 3120
9905 CONNECTION 658 1027 -1 -1 3120 3120
9906 CONNECTION 658 686 -1 -1 3360 3360
9907 CONNECTION 658 1022 -1 -1 3360 3360
9908 CONNECTION 658 386 -1 -1 3480 3480
9909 CONNECTION 658 34 -1 -1 3600 3600
9910 CONNECTION 658 297 300 780 4860 4860
9911 CONNECTION 658 93 300 960 4560 4560
9912 CONNECTION 658 217 300 1320 4920 4920
9913 CONNECTION 658 443 300 1980 6060 6060
9914 CONNECTION 658 369 300 2100 7380 7380
9915 CONNECTION 658 244 300 2160 5760 5760
9916 CONNECTION 658 613 300 3180 7260 7260
9917 CONNECTION 658 192 300 3240 6720 6720
9918 CONNECTION 658 414 300 3360 6960 6960
9919 CONNECTION 658 791 300 3600 7080 7080
9920 CONNECTION 658 491 300 3720 7200 7200
9921 CONNECTION 658 1056 300 4380 8460 8460
9922 CONNECTION 658 544 300 4560 8160 8160
9923 CONNECTION 295 242 -1 -1 2100 2100
9924 CONNECTION 295 903 -1 -1 3720 3720
9925 CONNECTION 295 412 -1 -1 3300 3300
9926 CONNECTION 295 216 -1 -1 3180 3180
9927 CONNECTION 295 864 -1 -1 4140 4140
9928 CONNECTION 295 269 300 420 3900 3900
9929 CONNECTION 295 368 300 480 3960 3960
9930 CONNECTION 295 884 300 480 4920 4920
9931 CONNECTION 295 1028 300 480 4920 4920
9932 CONNECTION 295 542 300 660 4500 4500
9933 CONNECTION 295 35 300 900 5280 5280
9934 CONNECTION 295 387 300 900 7080 7080
9935 CONNECTION 295 973 300 1080 5520 5520
9936 CONNECTION 295 1014 300 1080 5520 5520
9937 CONNECTION 295 845 300 1200 7380 7380
9938 CONNECTION 295 924 300 1560 5940 5940
9939 CONNECTION 295 687 300 1860 5700 5700
9940 CONNECTION 295 1034 300 1860 5700 5700
9941 CONNECTION 295 65 300 2880 7320 7320
9942 CONNECTION 295 94 300 3060 6900 6900
9943 CONNECTION 295 661 300 3300 6780 6780
9944 CONNECTION 295 1040 300 3360 7740 7740
9945 CONNECTION 295 711 300 4020 7500 7500
9946 CONNECTION 295 193 300 4080 8520 8520
9947 CONNECTION 295 776 300 4080 7560 7560
9948 CONNECTION 295 245 300 4260 8100 8100
9949 CONNECTION 295 492 300 4500 8880 8880
9950 CONNECTION 295 792 300 4500 10680 10680
9951 CONNECTION 295 325 300 4680 9120 9120
9952 CONNECTION 295 115 300 4800 10980 10980
9953 SINK 295 0 -1 -1 300 300
9954 CONNECTION 582 583 -1 -1 2580 2580
9955 CONNECTION 582 972 -1 -1 2820 2820
9956 CONNECTION 582 1013 -1 -1 2820 2820
9957 CONNECTION 582 755 -1 -1 4380 4380
9958 CONNECTION 582 114 -1 -1 4620 4620
9959 CONNECTION 582 464 -1 -1 4620 4620
9960 CONNECTION 582 64 -1 -1 4620 4620
9961 CONNECTION 582 660 300 660 5040 5040
9962 CONNECTION 582 865 300 1320 6180 6180
9963 CONNECTION 582 324 300 2040 6420 6420
9964 CONNECTION 582 925 300 3120 7980 7980
9965 CONNECTION 582 565 300 3360 8220 8220
9966 CONNECTION 582 806 300 3540 8220 8220
9967 CONNECTION 582 515 300 3840 8220 8220
9968 CONNECTION 582 218 300 4260 8640 8640
9969 CONNECTION 540 541 -1 -1 1320 1320
9970 CONNECTION 540 165 -1 -1 2820 2820
9971 CONNECTION 540 883 -1 -1 2280 2280
9972 CONNECTION 540 1027 -1 -1 2280 2280
9973 CONNECTION 540 686 -1 -1 2520 2520
9974 CONNECTION 540 1022 -1 -1 2520 2520
9975 CONNECTION 540 386 -1 -1 2640 2640
9976 CONNECTION 540 34 -1 -1 2760 2760
9977 CONNECTION 540 297 -1 -1 4020 4020
9978 CONNECTION 540 93 -1 -1 3720 3720
9979 CONNECTION 540 217 300 480 4080 4080
9980 CONNECTION 540 443 300 1140 5220 5220
9981 CONNECTION 540 369 300 1260 6540 6540
9982 CONNECTION 540 244 300 1320 4920 4920
9983 CONNECTION 540 613 300 2340 6420 6420
9984 CONNECTION 540 192 300 2400 5880 5880
9985 CONNECTION 540 414 300 2520 6120 6120
9986 CONNECTION 540 791 300 2760 6240 6240
9987 CONNECTION 540 491 300 2880 6360 6360
9988 CONNECTION 540 1056 300 3540 7620 7620
9989 CONNECTION 540 544 300 3720 7320 7320
9990 CONNECTION 540 662 300 4080 7680 7680
9991 CONNECTION 540 168 300 4740 8820 8820
9992 CONNECTION 322 708 -1 -1 1860 1860
9993 CONNECTION 322 136 -1 -1 3060 3060
9994 CONNECTION 322 790 -1 -1 5400 5400
9995 CONNECTION 322 348 300 1200 4860 4860
9996 CONNECTION 322 1047 300 1800 5460 5460
9997 CONNECTION 322 584 300 3000 6660 6660
9998 CONNECTION 322 955 300 3720 9000 9000
9999 CONNECTION 322 756 300 4800 8460 8460
10000 CONNECTION 971 972 -1 -1 2100 2100
10001 CONNECTION 971 755 -1 -1 3660 3660
10002 CONNECTION 971 114 -1 -1 3900 3900
10003 CONNECTION 971 464 -1 -1 3900 3900
10004 CONNECTION 971 64 -1 -1 3900 3900
10005 CONNECTION 971 660 -1 -1 4320 4320
10006 CONNECTION 971 865 300 600 5460 5460
10007 CONNECTION 971 324 300 1320 5700 5700
10008 CONNECTION 971 925 300 2400 7260 7260
10009 CONNECTION 971 565 300 2640 7500 7500
10010 CONNECTION 971 806 300 2820 7500 7500
10011 CONNECTION 971 515 300 3120 7500 7500
10012 CONNECTION 971 218 300 3540 7920 7920
10013 CONNECTION 971 1041 300 4200 9060 9060
10014 CONNECTION 1012 1013 -1 -1 2100 2100
10015 CONNECTION 1012 755 -1 -1 3660 3660
10016 CONNECTION 1012 114 -1 -1 3900 3900
10017 CONNECTION 1012 464 -1 -1 3900 3900
10018 CONNECTION 1012 64 -1 -1 3900 3900
10019 CONNECTION 1012 660 -1 -1 4320 4320
10020 CONNECTION 1012 865 300 600 5460 5460
10021 CONNECTION 1012 324 300 1320 5700 5700
10022 CONNECTION 1012 925 300 2400 7260 7260
10023 CONNECTION 1012 565 300 2640 7500 7500
10024 CONNECTION 1012 806 300 2820 7500 7500
10025 CONNECTION 1012 515 300 3120 7500 7500
10026 CONNECTION 1012 218 300 3540 7920 7920
10027 CONNECTION 1012 1041 300 4200 9060 9060
10028 CONNECTION 347 323 -1 -1 3540 3540
10029 CONNECTION 347 805 -1 -1 4980 4980
10030 CONNECTION 347 514 300 480 5340 5340
10031 CONNECTION 347 731 300 2280 7140 7140
10032 CONNECTION 347 12 300 3720 8580 8580
10033 CONNECTION 347 826 300 4080 8940 8940
10034 CONNECTION 367 368 -1 -1 1200 1200
10035 CONNECTION 367 973 -1 -1 2760 2760
10036 CONNECTION 367 1014 -1 -1 2760 2760
10037 CONNECTION 367 845 -1 -1 4620 4620
10038 CONNECTION 367 924 -1 -1 3180 3180
10039 CONNECTION 367 687 -1 -1 2940 2940
10040 CONNECTION 367 1034 -1 -1 2940 2940
10041 CONNECTION 367 65 -1 -1 4560 4560
10042 CONNECTION 367 94 -1 -1 4140 4140
10043 CONNECTION 367 661 300 540 4020 4020
10044 CONNECTION 367 1040 300 600 4980 4980
10045 CONNECTION 367 711 300 1260 4740 4740
10046 CONNECTION 367 193 300 1320 5760 5760
10047 CONNECTION 367 776 300 1320 4800 4800
10048 CONNECTION 367 245 300 1500 5340 5340
10049 CONNECTION 367 492 300 1740 6120 6120
10050 CONNECTION 367 792 300 1740 7920 7920
10051 CONNECTION 367 325 300 1920 6360 6360
10052 CONNECTION 367 115 300 2040 8220 8220
10053 CONNECTION 367 139 300 2400 6780 6780
10054 CONNECTION 367 415 300 2700 6540 6540
10055 CONNECTION 367 516 300 3720 8160 8160
10056 CONNECTION 367 545 300 3900 7740 7740
10057 CONNECTION 367 219 300 4140 7620 7620
10058 CONNECTION 367 351 300 4200 8580 8580
10059 SINK 367 0 -1 -1 300 300
10060 CONNECTION 385 386 -1 -1 1200 1200
10061 CONNECTION 385 297 -1 -1 2580 2580
10062 CONNECTION 385 93 -1 -1 2280 2280
10063 CONNECTION 385 217 -1 -1 2640 2640
10064 CONNECTION 385 443 -1 -1 3780 3780
10065 CONNECTION 385 369 -1 -1 5100 5100
10066 CONNECTION 385 244 -1 -1 3480 3480
10067 CONNECTION 385 613 300 900 4980 4980
10068 CONNECTION 385 192 300 960 4440 4440
10069 CONNECTION 385 414 300 1080 4680 4680
10070 CONNECTION 385 791 300 1320 4800 4800
10071 CONNECTION 385 491 300 1440 4920 4920
10072 CONNECTION 385 1056 300 2100 6180 6180
10073 CONNECTION 385 544 300 2280 5880 5880
10074 CONNECTION 385 662 300 2640 6240 6240
10075 CONNECTION 385 168 300 3300 7380 7380
10076 CONNECTION 385 777 300 3420 8700 8700
10077 CONNECTION 385 689 300 3480 7080 7080
10078 CONNECTION 385 1036 300 3480 7080 7080
10079 CONNECTION 385 300 300 4500 8580 8580
10080 CONNECTION 385 637 300 4560 8040 8040
10081 CONNECTION 385 96 300 4680 8280 8280
10082 CONNECTION 1031 1032 -1 -1 1800 1800
10083 CONNECTION 1031 165 -1 -1 3000 3000
10084 CONNECTION 1031 883 -1 -1 2460 2460
10085 CONNECTION 1031 1027 -1 -1 2460 2460
10086 CONNECTION 1031 686 -1 -1 2700 2700
10087 CONNECTION 1031 1022 -1 -1 2700 2700
10088 CONNECTION 1031 386 -1 -1 2820 2820
10089 CONNECTION 1031 34 -1 -1 2940 2940
10090 CONNECTION 1031 297 -1 -1 4200 4200
10091 CONNECTION 1031 93 -1 -1 3900 3900
10092 CONNECTION 1031 217 300 660 4260 4260
10093 CONNECTION 1031 443 300 1320 5400 5400
10094 CONNECTION 1031 369 300 1440 6720 6720
10095 CONNECTION 1031 244 300 1500 5100 5100
10096 CONNECTION 1031 613 300 2520 6600 6600
10097 CONNECTION 1031 192 300 2580 6060 6060
10098 CONNECTION 1031 414 300 2700 6300 6300
10099 CONNECTION 1031 791 300 2940 6420 6420
10100 CONNECTION 1031 491 300 3060 6540 6540
10101 CONNECTION 1031 1056 300 3720 7800 7800
10102 CONNECTION 1031 544 300 3900 7500 7500
10103 CONNECTION 1031 662 300 4260 7860 7860
10104 CONNECTION 844 323 -1 -1 3300 3300
10105 CONNECTION 844 805 -1 -1 4740 4740
10106 CONNECTION 844 514 -1 -1 5100 5100
10107 CONNECTION 844 731 300 2040 6900 6900
10108 CONNECTION 844 12 300 3480 8340 8340
10109 CONNECTION 844 826 300 3840 8700 8700
10110 CONNECTION 610 611 -1 -1 1560 1560
10111 CONNECTION 610 1033 -1 -1 2760 2760
10112 CONNECTION 610 243 -1 -1 3180 3180
10113 CONNECTION 610 166 -1 -1 3960 3960
10114 CONNECTION 610 413 -1 -1 4380 4380
10115 CONNECTION 610 298 300 1320 5160 5160
10116 CONNECTION 610 543 300 1500 5580 5580
10117 CONNECTION 610 444 300 2520 6360 6360
10118 CONNECTION 610 688 300 2700 6780 6780
10119 CONNECTION 610 1035 300 2700 6780 6780
10120 CONNECTION 610 614 300 3720 7560 7560
10121 CONNECTION 610 95 300 3900 7980 7980
10122 CONNECTION 1026 165 -1 -1 2940 2940
10123 CONNECTION 1026 883 -1 -1 2400 2400
10124 CONNECTION 1026 1027 -1 -1 2400 2400
10125 CONNECTION 1026 686 -1 -1 2640 2640
10126 CONNECTION 1026 1022 -1 -1 2640 2640
10127 CONNECTION 1026 386 -1 -1 2760 2760
10128 CONNECTION 1026 34 -1 -1 2880 2880
10129 CONNECTION 1026 297 -1 -1 4140 4140
10130 CONNECTION 1026 93 -1 -1 3840 3840
10131 CONNECTION 1026 217 300 600 4200 4200
10132 CONNECTION 1026 443 300 1260 5340 5340
10133 CONNECTION 1026 369 300 1380 6660 6660
10134 CONNECTION 1026 244 300 1440 5040 5040
10135 CONNECTION 1026 613 300 2460 6540 6540
10136 CONNECTION 1026 192 300 2520 6000 6000
10137 CONNECTION 1026 414 300 2640 6240 6240
10138 CONNECTION 1026 791 300 2880 6360 6360
10139 CONNECTION 1026 491 300 3000 6480 6480
10140 CONNECTION 1026 1056 300 3660 7740 7740
10141 CONNECTION 1026 544 300 3840 7440 7440
10142 CONNECTION 1026 662 300 4200 7800 7800
10143 CONNECTION 10 11 -1 -1 4020 4020
10144 CONNECTION 10 775 -1 -1 4800 4800
10145 CONNECTION 10 564 -1 -1 4620 4620
10146 CONNECTION 10 465 300 1440 7620 7620
10147 CONNECTION 10 940 300 2220 8400 8400
10148 CONNECTION 10 846 300 3540 8220 8220
10149 CONNECTION 634 635 -1 -1 2160 2160
10150 CONNECTION 634 824 -1 -1 2760 2760
10151 CONNECTION 634 442 -1 -1 2520 2520
10152 CONNECTION 634 1039 -1 -1 4320 4320
10153 CONNECTION 634 612 -1 -1 3720 3720
10154 CONNECTION 634 904 -1 -1 4560 4560
10155 CONNECTION 634 710 300 540 4980 4980
10156 CONNECTION 634 490 300 660 4260 4260
10157 CONNECTION 634 885 300 1320 5760 5760
10158 CONNECTION 634 1029 300 1320 5760 5760
10159 CONNECTION 634 1055 300 1320 4920 4920
10160 CONNECTION 634 138 300 1680 6120 6120
10161 CONNECTION 634 974 300 1920 6360 6360
10162 CONNECTION 634 1015 300 1920 6360 6360
10163 CONNECTION 634 167 300 2520 6120 6120
10164 CONNECTION 634 350 300 3480 7920 7920
10165 CONNECTION 634 66 300 3720 8160 8160
10166 CONNECTION 634 299 300 3720 7320 7320
10167 CONNECTION 634 1049 300 4140 8580 8580
10168 CONNECTION 634 36 300 4260 7860 7860
10169 CONNECTION 938 939 -1 -1 3000 3000
10170 CONNECTION 938 165 -1 -1 2880 2880
10171 CONNECTION 938 883 -1 -1 2340 2340
10172 CONNECTION 938 1027 -1 -1 2340 2340
10173 CONNECTION 938 686 -1 -1 2580 2580
10174 CONNECTION 938 1022 -1 -1 2580 2580
10175 CONNECTION 938 386 -1 -1 2700 2700
10176 CONNECTION 938 34 -1 -1 2820 2820
10177 CONNECTION 938 297 -1 -1 4080 4080
10178 CONNECTION 938 93 -1 -1 3780 3780
10179 CONNECTION 938 217 300 540 4140 4140
10180 CONNECTION 938 443 300 1200 5280 5280
10181 CONNECTION 938 369 300 1320 6600 6600
10182 CONNECTION 938 244 300 1380 4980 4980
10183 CONNECTION 938 613 300 2400 6480 6480
10184 CONNECTION 938 192 300 2460 5940 5940
10185 CONNECTION 938 414 300 2580 6180 6180
10186 CONNECTION 938 791 300 2820 6300 6300
10187 CONNECTION 938 491 300 2940 6420 6420
10188 CONNECTION 938 1056 300 3600 7680 7680
10189 CONNECTION 938 544 300 3780 7380 7380
10190 CONNECTION 938 662 300 4140 7740 7740
10191 CONNECTION 938 168 300 4800 8880 8880
10192 CONNECTION 411 296 -1 -1 2100 2100
10193 CONNECTION 411 635 -1 -1 2940 2940
10194 CONNECTION 411 923 -1 -1 3300 3300
10195 CONNECTION 411 824 -1 -1 3540 3540
10196 CONNECTION 411 442 -1 -1 3300 3300
10197 CONNECTION 411 1039 300 660 5100 5100
10198 CONNECTION 411 612 300 900 4500 4500
10199 CONNECTION 411 904 300 900 5340 5340
10200 CONNECTION 411 710 300 1320 5760 5760
10201 CONNECTION 411 490 300 1440 5040 5040
10202 CONNECTION 411 885 300 2100 6540 6540
10203 CONNECTION 411 1029 300 2100 6540 6540
10204 CONNECTION 411 1055 300 2100 5700 5700
10205 CONNECTION 411 138 300 2460 6900 6900
10206 CONNECTION 411 974 300 2700 7140 7140
10207 CONNECTION 411 1015 300 2700 7140 7140
10208 CONNECTION 411 167 300 3300 6900 6900
10209 CONNECTION 411 350 300 4260 8700 8700
10210 CONNECTION 411 66 300 4500 8940 8940
10211 CONNECTION 411 299 300 4500 8100 8100
10212 CONNECTION 91 92 -1 -1 1920 1920
10213 CONNECTION 91 1033 -1 -1 2700 2700
10214 CONNECTION 91 243 -1 -1 3120 3120
10215 CONNECTION 91 166 -1 -1 3900 3900
10216 CONNECTION 91 413 -1 -1 4320 4320
10217 CONNECTION 91 298 300 1260 5100 5100
10218 CONNECTION 91 543 300 1440 5520 5520
10219 CONNECTION 91 444 300 2460 6300 6300
10220 CONNECTION 91 688 300 2640 6720 6720
10221 CONNECTION 91 1035 300 2640 6720 6720
10222 CONNECTION 91 614 300 3660 7500 7500
10223 CONNECTION 91 95 300 3840 7920 7920
10224 CONNECTION 902 903 -1 -1 2160 2160
10225 CONNECTION 902 864 -1 -1 2580 2580
10226 CONNECTION 902 269 -1 -1 2340 2340
10227 CONNECTION 902 368 -1 -1 2400 2400
10228 CONNECTION 902 884 -1 -1 3360 3360
10229 CONNECTION 902 1028 -1 -1 3360 3360
10230 CONNECTION 902 542 -1 -1 2940 2940
10231 CONNECTION 902 35 -1 -1 3720 3720
10232 CONNECTION 902 387 -1 -1 5520 5520
10233 CONNECTION 902 973 -1 -1 3960 3960
10234 CONNECTION 902 1014 -1 -1 3960 3960
10235 CONNECTION 902 845 -1 -1 5820 5820
10236 CONNECTION 902 924 -1 -1 4380 4380
10237 CONNECTION 902 687 -1 -1 4140 4140
10238 CONNECTION 902 1034 -1 -1 4140 4140
10239 CONNECTION 902 65 300 1320 5760 5760
10240 CONNECTION 902 94 300 1500 5340 5340
10241 CONNECTION 902 661 300 1740 5220 5220
10242 CONNECTION 902 1040 300 1800 6180 6180
10243 CONNECTION 902 711 300 2460 5940 5940
10244 CONNECTION 902 193 300 2520 6960 6960
10245 CONNECTION 902 776 300 2520 6000 6000
10246 CONNECTION 902 245 300 2700 6540 6540
10247 CONNECTION 902 492 300 2940 7320 7320
10248 CONNECTION 902 792 300 2940 9120 9120
10249 CONNECTION 902 325 300 3120 7560 7560
10250 CONNECTION 902 115 300 3240 9420 9420
10251 CONNECTION 902 139 300 3600 7980 7980
10252 CONNECTION 902 415 300 3900 7740 7740
10253 SINK 902 0 -1 -1 300 300
10254 CONNECTION 922 923 -1 -1 2160 2160
10255 CONNECTION 922 442 -1 -1 2160 2160
10256 CONNECTION 922 1039 -1 -1 3960 3960
10257 CONNECTION 922 612 -1 -1 3360 3360
10258 CONNECTION 922 904 -1 -1 4200 4200
10259 CONNECTION 922 710 -1 -1 4620 4620
10260 CONNECTION 922 490 -1 -1 3900 3900
10261 CONNECTION 922 885 300 960 5400 5400
10262 CONNECTION 922 1029 300 960 5400 5400
10263 CONNECTION 922 1055 300 960 4560 4560
10264 CONNECTION 922 138 300 1320 5760 5760
10265 CONNECTION 922 974 300 1560 6000 6000
10266 CONNECTION 922 1015 300 1560 6000 6000
10267 CONNECTION 922 167 300 2160 5760 5760
10268 CONNECTION 922 350 300 3120 7560 7560
10269 CONNECTION 922 66 300 3360 7800 7800
10270 CONNECTION 922 299 300 3360 6960 6960
10271 CONNECTION 922 1049 300 3780 8220 8220
10272 CONNECTION 922 36 300 3900 7500 7500
10273 CONNECTION 922 194 300 4560 9000 9000
10274 CONNECTION 922 445 300 4560 8160 8160
10275 CONNECTION 489 755 -1 -1 3240 3240
10276 CONNECTION 489 114 -1 -1 3480 3480
10277 CONNECTION 489 464 -1 -1 3480 3480
10278 CONNECTION 489 64 -1 -1 3480 3480
10279 CONNECTION 489 660 -1 -1 3900 3900
10280 CONNECTION 489 865 -1 -1 5040 5040
10281 CONNECTION 489 324 300 900 5280 5280
10282 CONNECTION 489 925 300 1980 6840 6840
10283 CONNECTION 489 565 300 2220 7080 7080
10284 CONNECTION 489 806 300 2400 7080 7080
10285 CONNECTION 489 515 300 2700 7080 7080
10286 CONNECTION 489 218 300 3120 7500 7500
10287 CONNECTION 489 1041 300 3780 8640 8640
10288 CONNECTION 489 732 300 4500 8880 8880
10289 CONNECTION 659 923 -1 -1 2940 2940
10290 CONNECTION 659 824 -1 -1 3180 3180
10291 CONNECTION 659 442 -1 -1 2940 2940
10292 CONNECTION 659 1039 -1 -1 4740 4740
10293 CONNECTION 659 612 300 540 4140 4140
10294 CONNECTION 659 904 300 540 4980 4980
10295 CONNECTION 659 710 300 960 5400 5400
10296 CONNECTION 659 490 300 1080 4680 4680
10297 CONNECTION 659 885 300 1740 6180 6180
10298 CONNECTION 659 1029 300 1740 6180 6180
10299 CONNECTION 659 1055 300 1740 5340 5340
10300 CONNECTION 659 138 300 2100 6540 6540
10301 CONNECTION 659 974 300 2340 6780 6780
10302 CONNECTION 659 1015 300 2340 6780 6780
10303 CONNECTION 659 167 300 2940 6540 6540
10304 CONNECTION 659 350 300 3900 8340 8340
10305 CONNECTION 659 66 300 4140 8580 8580
10306 CONNECTION 659 299 300 4140 7740 7740
10307 CONNECTION 659 1049 300 4560 9000 9000
10308 CONNECTION 659 36 300 4680 8280 8280
10309 CONNECTION 954 465 -1 -1 5700 5700
10310 CONNECTION 954 940 -1 -1 6480 6480
10311 CONNECTION 954 846 300 1620 6300 6300
10312 CONNECTION 954 807 300 3120 9300 9300
10313 CONNECTION 954 370 300 3900 10080 10080
10314 CONNECTION 441 412 -1 -1 2100 2100
10315 CONNECTION 441 216 -1 -1 1980 1980
10316 CONNECTION 441 864 -1 -1 2940 2940
10317 CONNECTION 441 269 -1 -1 2700 2700
10318 CONNECTION 441 368 -1 -1 2760 2760
10319 CONNECTION 441 884 -1 -1 3720 3720
10320 CONNECTION 441 1028 -1 -1 3720 3720
10321 CONNECTION 441 542 -1 -1 3300 3300
10322 CONNECTION 441 35 -1 -1 4080 4080
10323 CONNECTION 441 387 -1 -1 5880 5880
10324 CONNECTION 441 973 -1 -1 4320 4320
10325 CONNECTION 441 1014 -1 -1 4320 4320
10326 CONNECTION 441 845 -1 -1 6180 6180
10327 CONNECTION 441 924 300 360 4740 4740
10328 CONNECTION 441 687 300 660 4500 4500
10329 CONNECTION 441 1034 300 660 4500 4500
10330 CONNECTION 441 65 300 1680 6120 6120
10331 CONNECTION 441 94 300 1860 5700 5700
10332 CONNECTION 441 661 300 2100 5580 5580
10333 CONNECTION 441 1040 300 2160 6540 6540
10334 CONNECTION 441 711 300 2820 6300 6300
10335 CONNECTION 441 193 300 2880 7320 7320
10336 CONNECTION 441 776 300 2880 6360 6360
10337 CONNECTION 441 245 300 3060 6900 6900
10338 CONNECTION 441 492 300 3300 7680 7680
10339 CONNECTION 441 792 300 3300 9480 9480
10340 CONNECTION 441 325 300 3480 7920 7920
10341 CONNECTION 441 115 300 3600 9780 9780
10342 CONNECTION 441 139 300 3960 8340 8340
10343 CONNECTION 441 415 300 4260 8100 8100
10344 SINK 441 0 -1 -1 300 300
10345 CONNECTION 823 824 -1 -1 2160 2160
10346 CONNECTION 823 442 -1 -1 1920 1920
10347 CONNECTION 823 1039 -1 -1 3720 3720
10348 CONNECTION 823 612 -1 -1 3120 3120
10349 CONNECTION 823 904 -1 -1 3960 3960
10350 CONNECTION 823 710 -1 -1 4380 4380
10351 CONNECTION 823 490 -1 -1 3660 3660
10352 CONNECTION 823 885 300 720 5160 5160
10353 CONNECTION 823 1029 300 720 5160 5160
10354 CONNECTION 823 1055 300 720 4320 4320
10355 CONNECTION 823 138 300 1080 5520 5520
10356 CONNECTION 823 974 300 1320 5760 5760
10357 CONNECTION 823 1015 300 1320 5760 5760
10358 CONNECTION 823 167 300 1920 5520 5520
10359 CONNECTION 823 350 300 2880 7320 7320
10360 CONNECTION 823 66 300 3120 7560 7560
10361 CONNECTION 823 299 300 3120 6720 6720
10362 CONNECTION 823 1049 300 3540 7980 7980
10363 CONNECTION 823 36 300 3660 7260 7260
10364 CONNECTION 823 194 300 4320 8760 8760
10365 CONNECTION 823 445 300 4320 7920 7920
10366 CONNECTION 823 586 300 4680 9120 9120
10367 CONNECTION 685 686 -1 -1 1320 1320
10368 CONNECTION 685 297 -1 -1 2820 2820
10369 CONNECTION 685 93 -1 -1 2520 2520
10370 CONNECTION 685 217 -1 -1 2880 2880
10371 CONNECTION 685 443 -1 -1 4020 4020
10372 CONNECTION 685 369 -1 -1 5340 5340
10373 CONNECTION 685 244 -1 -1 3720 3720
10374 CONNECTION 685 613 300 1140 5220 5220
10375 CONNECTION 685 192 300 1200 4680 4680
10376 CONNECTION 685 414 300 1320 4920 4920
10377 CONNECTION 685 791 300 1560 5040 5040
10378 CONNECTION 685 491 300 1680 5160 5160
10379 CONNECTION 685 1056 300 2340 6420 6420
10380 CONNECTION 685 544 300 2520 6120 6120
10381 CONNECTION 685 662 300 2880 6480 6480
10382 CONNECTION 685 168 300 3540 7620 7620
10383 CONNECTION 685 777 300 3660 8940 8940
10384 CONNECTION 685 689 300 3720 7320 7320
10385 CONNECTION 685 1036 300 3720 7320 7320
10386 CONNECTION 685 300 300 4740 8820 8820
10387 CONNECTION 685 637 300 4800 8280 8280
10388 CONNECTION 1021 1022 -1 -1 1320 1320
10389 CONNECTION 1021 297 -1 -1 2820 2820
10390 CONNECTION 1021 93 -1 -1 2520 2520
10391 CONNECTION 1021 217 -1 -1 2880 2880
10392 CONNECTION 1021 443 -1 -1 4020 4020
10393 CONNECTION 1021 369 -1 -1 5340 5340
10394 CONNECTION 1021 244 -1 -1 3720 3720
10395 CONNECTION 1021 613 300 1140 5220 5220
10396 CONNECTION 1021 192 300 1200 4680 4680
10397 CONNECTION 1021 414 300 1320 4920 4920
10398 CONNECTION 1021 791 300 1560 5040 5040
10399 CONNECTION 1021 491 300 1680 5160 5160
10400 CONNECTION 1021 1056 300 2340 6420 6420
10401 CONNECTION 1021 544 300 2520 6120 6120
10402 CONNECTION 1021 662 300 2880 6480 6480
10403 CONNECTION 1021 168 300 3540 7620 7620
10404 CONNECTION 1021 777 300 3660 8940 8940
10405 CONNECTION 1021 689 300 3720 7320 7320
10406 CONNECTION 1021 1036 300 3720 7320 7320
10407 CONNECTION 1021 300 300 4740 8820 8820
10408 CONNECTION 1021 637 300 4800 8280 8280
10409 CONNECTION 191 136 -1 -1 1860 1860
10410 CONNECTION 191 790 -1 -1 4200 4200
10411 CONNECTION 191 348 -1 -1 3660 3660
10412 CONNECTION 191 1047 300 600 4260 4260
10413 CONNECTION 191 584 300 1800 5460 5460
10414 CONNECTION 191 955 300 2520 7800 7800
10415 CONNECTION 191 756 300 3600 7260 7260
10416 CONNECTION 191 270 300 4200 7860 7860
10417 CONNECTION 215 216 -1 -1 1200 1200
10418 CONNECTION 215 269 -1 -1 1920 1920
10419 CONNECTION 215 368 -1 -1 1980 1980
10420 CONNECTION 215 884 -1 -1 2940 2940
10421 CONNECTION 215 1028 -1 -1 2940 2940
10422 CONNECTION 215 542 -1 -1 2520 2520
10423 CONNECTION 215 35 -1 -1 3300 3300
10424 CONNECTION 215 387 -1 -1 5100 5100
10425 CONNECTION 215 973 -1 -1 3540 3540
10426 CONNECTION 215 1014 -1 -1 3540 3540
10427 CONNECTION 215 845 -1 -1 5400 5400
10428 CONNECTION 215 924 -1 -1 3960 3960
10429 CONNECTION 215 687 -1 -1 3720 3720
10430 CONNECTION 215 1034 -1 -1 3720 3720
10431 CONNECTION 215 65 300 900 5340 5340
10432 CONNECTION 215 94 300 1080 4920 4920
10433 CONNECTION 215 661 300 1320 4800 4800
10434 CONNECTION 215 1040 300 1380 5760 5760
10435 CONNECTION 215 711 300 2040 5520 5520
10436 CONNECTION 215 193 300 2100 6540 6540
10437 CONNECTION 215 776 300 2100 5580 5580
10438 CONNECTION 215 245 300 2280 6120 6120
10439 CONNECTION 215 492 300 2520 6900 6900
10440 CONNECTION 215 792 300 2520 8700 8700
10441 CONNECTION 215 325 300 2700 7140 7140
10442 CONNECTION 215 115 300 2820 9000 9000
10443 CONNECTION 215 139 300 3180 7560 7560
10444 CONNECTION 215 415 300 3480 7320 7320
10445 CONNECTION 215 516 300 4500 8940 8940
10446 CONNECTION 215 545 300 4680 8520 8520
10447 SINK 215 0 -1 -1 300 300
10448 CONNECTION 563 564 -1 -1 2400 2400
10449 CONNECTION 563 465 -1 -1 5400 5400
10450 CONNECTION 563 940 -1 -1 6180 6180
10451 CONNECTION 563 846 300 1320 6000 6000
10452 CONNECTION 563 807 300 2820 9000 9000
10453 CONNECTION 563 370 300 3600 9780 9780
10454 CONNECTION 863 864 -1 -1 2100 2100
10455 CONNECTION 863 269 -1 -1 1860 1860
10456 CONNECTION 863 368 -1 -1 1920 1920
10457 CONNECTION 863 884 -1 -1 2880 2880
10458 CONNECTION 863 1028 -1 -1 2880 2880
10459 CONNECTION 863 542 -1 -1 2460 2460
10460 CONNECTION 863 35 -1 -1 3240 3240
10461 CONNECTION 863 387 -1 -1 5040 5040
10462 CONNECTION 863 973 -1 -1 3480 3480
10463 CONNECTION 863 1014 -1 -1 3480 3480
10464 CONNECTION 863 845 -1 -1 5340 5340
10465 CONNECTION 863 924 -1 -1 3900 3900
10466 CONNECTION 863 687 -1 -1 3660 3660
10467 CONNECTION 863 1034 -1 -1 3660 3660
10468 CONNECTION 863 65 300 840 5280 5280
10469 CONNECTION 863 94 300 1020 4860 4860
10470 CONNECTION 863 661 300 1260 4740 4740
10471 CONNECTION 863 1040 300 1320 5700 5700
10472 CONNECTION 863 711 300 1980 5460 5460
10473 CONNECTION 863 193 300 2040 6480 6480
10474 CONNECTION 863 776 300 2040 5520 5520
10475 CONNECTION 863 245 300 2220 6060 6060
10476 CONNECTION 863 492 300 2460 6840 6840
10477 CONNECTION 863 792 300 2460 8640 8640
10478 CONNECTION 863 325 300 2640 7080 7080
10479 CONNECTION 863 115 300 2760 8940 8940
10480 CONNECTION 863 139 300 3120 7500 7500
10481 CONNECTION 863 415 300 3420 7260 7260
10482 CONNECTION 863 516 300 4440 8880 8880
10483 CONNECTION 863 545 300 4620 8460 8460
10484 SINK 863 0 -1 -1 300 300
10485 CONNECTION 1037 1038 -1 -1 2160 2160
10486 CONNECTION 1037 709 -1 -1 2820 2820
10487 CONNECTION 1037 730 -1 -1 2340 2340
10488 CONNECTION 1037 137 -1 -1 3960 3960
10489 CONNECTION 1037 636 -1 -1 3540 3540
10490 CONNECTION 1037 825 300 480 4140 4140
10491 CONNECTION 1037 349 300 1320 5760 5760
10492 CONNECTION 1037 1048 300 1980 6420 6420
10493 CONNECTION 1037 905 300 2280 5940 5940
10494 CONNECTION 1037 585 300 3120 7560 7560
10495 CONNECTION 1037 886 300 3480 7140 7140
10496 CONNECTION 1037 1030 300 3480 7140 7140
10497 CONNECTION 1037 975 300 4080 7740 7740
10498 CONNECTION 1037 1016 300 4080 7740 7740
10499 CONNECTION 164 165 -1 -1 1800 1800
10500 CONNECTION 164 34 -1 -1 1740 1740
10501 CONNECTION 164 297 -1 -1 3000 3000
10502 CONNECTION 164 93 -1 -1 2700 2700
10503 CONNECTION 164 217 -1 -1 3060 3060
10504 CONNECTION 164 443 -1 -1 4200 4200
10505 CONNECTION 164 369 -1 -1 5520 5520
10506 CONNECTION 164 244 -1 -1 3900 3900
10507 CONNECTION 164 613 300 1320 5400 5400
10508 CONNECTION 164 192 300 1380 4860 4860
10509 CONNECTION 164 414 300 1500 5100 5100
10510 CONNECTION 164 791 300 1740 5220 5220
10511 CONNECTION 164 491 300 1860 5340 5340
10512 CONNECTION 164 1056 300 2520 6600 6600
10513 CONNECTION 164 544 300 2700 6300 6300
10514 CONNECTION 164 662 300 3060 6660 6660
10515 CONNECTION 164 168 300 3720 7800 7800
10516 CONNECTION 164 777 300 3840 9120 9120
10517 CONNECTION 164 689 300 3900 7500 7500
10518 CONNECTION 164 1036 300 3900 7500 7500
10519 CONNECTION 463 464 -1 -1 2460 2460
10520 CONNECTION 463 660 -1 -1 2880 2880
10521 CONNECTION 463 865 -1 -1 4020 4020
10522 CONNECTION 463 324 -1 -1 4260 4260
10523 CONNECTION 463 925 300 960 5820 5820
10524 CONNECTION 463 565 300 1200 6060 6060
10525 CONNECTION 463 806 300 1380 6060 6060
10526 CONNECTION 463 515 300 1680 6060 6060
10527 CONNECTION 463 218 300 2100 6480 6480
10528 CONNECTION 463 1041 300 2760 7620 7620
10529 CONNECTION 463 732 300 3480 7860 7860
10530 CONNECTION 463 140 300 4560 9420 9420
10531 CONNECTION 463 847 300 4800 9660 9660
10532 CONNECTION 729 730 -1 -1 1380 1380
10533 CONNECTION 729 137 -1 -1 3000 3000
10534 CONNECTION 729 636 -1 -1 2580 2580
10535 CONNECTION 729 825 -1 -1 3180 3180
10536 CONNECTION 729 349 300 360 4800 4800
10537 CONNECTION 729 1048 300 1020 5460 5460
10538 CONNECTION 729 905 300 1320 4980 4980
10539 CONNECTION 729 585 300 2160 6600 6600
10540 CONNECTION 729 886 300 2520 6180 6180
10541 CONNECTION 729 1030 300 2520 6180 6180
10542 CONNECTION 729 975 300 3120 6780 6780
10543 CONNECTION 729 1016 300 3120 6780 6780
10544 CONNECTION 729 757 300 3960 8400 8400
10545 CONNECTION 729 271 300 4620 9060 9060
10546 CONNECTION 113 114 -1 -1 2580 2580
10547 CONNECTION 113 64 -1 -1 2580 2580
10548 CONNECTION 113 660 -1 -1 3000 3000
10549 CONNECTION 113 865 -1 -1 4140 4140
10550 CONNECTION 113 324 -1 -1 4380 4380
10551 CONNECTION 113 925 300 1080 5940 5940
10552 CONNECTION 113 565 300 1320 6180 6180
10553 CONNECTION 113 806 300 1500 6180 6180
10554 CONNECTION 113 515 300 1800 6180 6180
10555 CONNECTION 113 218 300 2220 6600 6600
10556 CONNECTION 113 1041 300 2880 7740 7740
10557 CONNECTION 113 732 300 3600 7980 7980
10558 CONNECTION 113 140 300 4680 9540 9540
10559 CONNECTION 754 755 -1 -1 2580 2580
10560 CONNECTION 754 64 -1 -1 2820 2820
10561 CONNECTION 754 660 -1 -1 3240 3240
10562 CONNECTION 754 865 -1 -1 4380 4380
10563 CONNECTION 754 324 -1 -1 4620 4620
10564 CONNECTION 754 925 300 1320 6180 6180
10565 CONNECTION 754 565 300 1560 6420 6420
10566 CONNECTION 754 806 300 1740 6420 6420
10567 CONNECTION 754 515 300 2040 6420 6420
10568 CONNECTION 754 218 300 2460 6840 6840
10569 CONNECTION 754 1041 300 3120 7980 7980
10570 CONNECTION 754 732 300 3840 8220 8220
10571 CONNECTION 1032 1033 -1 -1 1560 1560
10572 CONNECTION 1032 166 -1 -1 2760 2760
10573 CONNECTION 1032 413 -1 -1 3180 3180
10574 CONNECTION 1032 298 -1 -1 3960 3960
10575 CONNECTION 1032 543 -1 -1 4380 4380
10576 CONNECTION 1032 444 300 1320 5160 5160
10577 CONNECTION 1032 688 300 1500 5580 5580
10578 CONNECTION 1032 1035 300 1500 5580 5580
10579 CONNECTION 1032 614 300 2520 6360 6360
10580 CONNECTION 1032 95 300 2700 6780 6780
10581 CONNECTION 1032 1057 300 3720 7560 7560
10582 CONNECTION 1032 246 300 3900 7980 7980
10583 CONNECTION 939 1047 -1 -1 2160 2160
10584 CONNECTION 939 584 -1 -1 3360 3360
10585 CONNECTION 939 955 300 420 5700 5700
10586 CONNECTION 939 756 300 1500 5160 5160
10587 CONNECTION 939 270 300 2100 5760 5760
10588 CONNECTION 939 866 300 3300 6960 6960
10589 CONNECTION 939 388 300 4020 9300 9300
10590 CONNECTION 541 442 -1 -1 2100 2100
10591 CONNECTION 541 1039 -1 -1 3900 3900
10592 CONNECTION 541 612 -1 -1 3300 3300
10593 CONNECTION 541 904 -1 -1 4140 4140
10594 CONNECTION 541 710 -1 -1 4560 4560
10595 CONNECTION 541 490 -1 -1 3840 3840
10596 CONNECTION 541 885 300 900 5340 5340
10597 CONNECTION 541 1029 300 900 5340 5340
10598 CONNECTION 541 1055 300 900 4500 4500
10599 CONNECTION 541 138 300 1260 5700 5700
10600 CONNECTION 541 974 300 1500 5940 5940
10601 CONNECTION 541 1015 300 1500 5940 5940
10602 CONNECTION 541 167 300 2100 5700 5700
10603 CONNECTION 541 350 300 3060 7500 7500
10604 CONNECTION 541 66 300 3300 7740 7740
10605 CONNECTION 541 299 300 3300 6900 6900
10606 CONNECTION 541 1049 300 3720 8160 8160
10607 CONNECTION 541 36 300 3840 7440 7440
10608 CONNECTION 541 194 300 4500 8940 8940
10609 CONNECTION 541 445 300 4500 8100 8100
10610 CONNECTION 63 64 -1 -1 2100 2100
10611 CONNECTION 63 865 -1 -1 3660 3660
10612 CONNECTION 63 324 -1 -1 3900 3900
10613 CONNECTION 63 925 300 600 5460 5460
10614 CONNECTION 63 565 300 840 5700 5700
10615 CONNECTION 63 806 300 1020 5700 5700
10616 CONNECTION 63 515 300 1320 5700 5700
10617 CONNECTION 63 218 300 1740 6120 6120
10618 CONNECTION 63 1041 300 2400 7260 7260
10619 CONNECTION 63 732 300 3120 7500 7500
10620 CONNECTION 63 140 300 4200 9060 9060
10621 CONNECTION 63 847 300 4440 9300 9300
10622 CONNECTION 63 13 300 4620 9300 9300
10623 CONNECTION 513 790 -1 -1 3600 3600
10624 CONNECTION 513 348 -1 -1 3060 3060
10625 CONNECTION 513 1047 -1 -1 3660 3660
10626 CONNECTION 513 584 300 1200 4860 4860
10627 CONNECTION 513 955 300 1920 7200 7200
10628 CONNECTION 513 756 300 3000 6660 6660
10629 CONNECTION 513 270 300 3600 7260 7260
10630 CONNECTION 513 866 300 4800 8460 8460
10631 CONNECTION 242 243 -1 -1 1920 1920
10632 CONNECTION 242 166 -1 -1 2700 2700
10633 CONNECTION 242 413 -1 -1 3120 3120
10634 CONNECTION 242 298 -1 -1 3900 3900
10635 CONNECTION 242 543 -1 -1 4320 4320
10636 CONNECTION 242 444 300 1260 5100 5100
10637 CONNECTION 242 688 300 1440 5520 5520
10638 CONNECTION 242 1035 300 1440 5520 5520
10639 CONNECTION 242 614 300 2460 6300 6300
10640 CONNECTION 242 95 300 2640 6720 6720
10641 CONNECTION 242 1057 300 3660 7500 7500
10642 CONNECTION 242 246 300 3840 7920 7920
10643 CONNECTION 268 269 -1 -1 1200 1200
10644 CONNECTION 268 35 -1 -1 2580 2580
10645 CONNECTION 268 387 -1 -1 4380 4380
10646 CONNECTION 268 973 -1 -1 2820 2820
10647 CONNECTION 268 1014 -1 -1 2820 2820
10648 CONNECTION 268 845 -1 -1 4680 4680
10649 CONNECTION 268 924 -1 -1 3240 3240
10650 CONNECTION 268 687 -1 -1 3000 3000
10651 CONNECTION 268 1034 -1 -1 3000 3000
10652 CONNECTION 268 65 -1 -1 4620 4620
10653 CONNECTION 268 94 300 360 4200 4200
10654 CONNECTION 268 661 300 600 4080 4080
10655 CONNECTION 268 1040 300 660 5040 5040
10656 CONNECTION 268 711 300 1320 4800 4800
10657 CONNECTION 268 193 300 1380 5820 5820
10658 CONNECTION 268 776 300 1380 4860 4860
10659 CONNECTION 268 245 300 1560 5400 5400
10660 CONNECTION 268 492 300 1800 6180 6180
10661 CONNECTION 268 792 300 1800 7980 7980
10662 CONNECTION 268 325 300 1980 6420 6420
10663 CONNECTION 268 115 300 2100 8280 8280
10664 CONNECTION 268 139 300 2460 6840 6840
10665 CONNECTION 268 415 300 2760 6600 6600
10666 CONNECTION 268 516 300 3780 8220 8220
10667 CONNECTION 268 545 300 3960 7800 7800
10668 CONNECTION 268 219 300 4200 7680 7680
10669 CONNECTION 268 351 300 4260 8640 8640
10670 SINK 268 0 -1 -1 300 300
10671 CONNECTION 583 805 -1 -1 3180 3180
10672 CONNECTION 583 514 -1 -1 3540 3540
10673 CONNECTION 583 731 300 480 5340 5340
10674 CONNECTION 583 12 300 1920 6780 6780
10675 CONNECTION 583 826 300 2280 7140 7140
10676 CONNECTION 583 906 300 4080 8940 8940
10677 CONNECTION 708 709 -1 -1 2220 2220
10678 CONNECTION 708 137 -1 -1 3360 3360
10679 CONNECTION 708 636 -1 -1 2940 2940
10680 CONNECTION 708 825 -1 -1 3540 3540
10681 CONNECTION 708 349 300 720 5160 5160
10682 CONNECTION 708 1048 300 1380 5820 5820
10683 CONNECTION 708 905 300 1680 5340 5340
10684 CONNECTION 708 585 300 2520 6960 6960
10685 CONNECTION 708 886 300 2880 6540 6540
10686 CONNECTION 708 1030 300 2880 6540 6540
10687 CONNECTION 708 975 300 3480 7140 7140
10688 CONNECTION 708 1016 300 3480 7140 7140
10689 CONNECTION 708 757 300 4320 8760 8760
10690 CONNECTION 33 34 -1 -1 1200 1200
10691 CONNECTION 33 297 -1 -1 2460 2460
10692 CONNECTION 33 93 -1 -1 2160 2160
10693 CONNECTION 33 217 -1 -1 2520 2520
10694 CONNECTION 33 443 -1 -1 3660 3660
10695 CONNECTION 33 369 -1 -1 4980 4980
10696 CONNECTION 33 244 -1 -1 3360 3360
10697 CONNECTION 33 613 300 780 4860 4860
10698 CONNECTION 33 192 300 840 4320 4320
10699 CONNECTION 33 414 300 960 4560 4560
10700 CONNECTION 33 791 300 1200 4680 4680
10701 CONNECTION 33 491 300 1320 4800 4800
10702 CONNECTION 33 1056 300 1980 6060 6060
10703 CONNECTION 33 544 300 2160 5760 5760
10704 CONNECTION 33 662 300 2520 6120 6120
10705 CONNECTION 33 168 300 3180 7260 7260
10706 CONNECTION 33 777 300 3300 8580 8580
10707 CONNECTION 33 689 300 3360 6960 6960
10708 CONNECTION 33 1036 300 3360 6960 6960
10709 CONNECTION 33 300 300 4380 8460 8460
10710 CONNECTION 33 637 300 4440 7920 7920
10711 CONNECTION 33 96 300 4560 8160 8160
10712 CONNECTION 33 956 300 4800 8280 8280
10713 CONNECTION 611 542 -1 -1 2100 2100
10714 CONNECTION 611 35 -1 -1 2880 2880
10715 CONNECTION 611 387 -1 -1 4680 4680
10716 CONNECTION 611 973 -1 -1 3120 3120
10717 CONNECTION 611 1014 -1 -1 3120 3120
10718 CONNECTION 611 845 -1 -1 4980 4980
10719 CONNECTION 611 924 -1 -1 3540 3540
10720 CONNECTION 611 687 -1 -1 3300 3300
10721 CONNECTION 611 1034 -1 -1 3300 3300
10722 CONNECTION 611 65 300 480 4920 4920
10723 CONNECTION 611 94 300 660 4500 4500
10724 CONNECTION 611 661 300 900 4380 4380
10725 CONNECTION 611 1040 300 960 5340 5340
10726 CONNECTION 611 711 300 1620 5100 5100
10727 CONNECTION 611 193 300 1680 6120 6120
10728 CONNECTION 611 776 300 1680 5160 5160
10729 CONNECTION 611 245 300 1860 5700 5700
10730 CONNECTION 611 492 300 2100 6480 6480
10731 CONNECTION 611 792 300 2100 8280 8280
10732 CONNECTION 611 325 300 2280 6720 6720
10733 CONNECTION 611 115 300 2400 8580 8580
10734 CONNECTION 611 139 300 2760 7140 7140
10735 CONNECTION 611 415 300 3060 6900 6900
10736 CONNECTION 611 516 300 4080 8520 8520
10737 CONNECTION 611 545 300 4260 8100 8100
10738 CONNECTION 611 219 300 4500 7980 7980
10739 CONNECTION 611 351 300 4560 8940 8940
10740 SINK 611 0 -1 -1 300 300
10741 CONNECTION 92 93 -1 -1 1320 1320
10742 CONNECTION 92 443 -1 -1 2820 2820
10743 CONNECTION 92 369 -1 -1 4140 4140
10744 CONNECTION 92 244 -1 -1 2520 2520
10745 CONNECTION 92 613 -1 -1 4020 4020
10746 CONNECTION 92 192 -1 -1 3480 3480
10747 CONNECTION 92 414 -1 -1 3720 3720
10748 CONNECTION 92 791 300 360 3840 3840
10749 CONNECTION 92 491 300 480 3960 3960
10750 CONNECTION 92 1056 300 1140 5220 5220
10751 CONNECTION 92 544 300 1320 4920 4920
10752 CONNECTION 92 662 300 1680 5280 5280
10753 CONNECTION 92 168 300 2340 6420 6420
10754 CONNECTION 92 777 300 2460 7740 7740
10755 CONNECTION 92 689 300 2520 6120 6120
10756 CONNECTION 92 1036 300 2520 6120 6120
10757 CONNECTION 92 300 300 3540 7620 7620
10758 CONNECTION 92 637 300 3600 7080 7080
10759 CONNECTION 92 96 300 3720 7320 7320
10760 CONNECTION 92 956 300 3960 7440 7440
10761 CONNECTION 92 37 300 4080 7560 7560
10762 CONNECTION 92 446 300 4740 8820 8820
10763 CONNECTION 972 973 -1 -1 2160 2160
10764 CONNECTION 972 924 -1 -1 2580 2580
10765 CONNECTION 972 687 -1 -1 2340 2340
10766 CONNECTION 972 1034 -1 -1 2340 2340
10767 CONNECTION 972 65 -1 -1 3960 3960
10768 CONNECTION 972 94 -1 -1 3540 3540
10769 CONNECTION 972 661 -1 -1 3420 3420
10770 CONNECTION 972 1040 -1 -1 4380 4380
10771 CONNECTION 972 711 300 660 4140 4140
10772 CONNECTION 972 193 300 720 5160 5160
10773 CONNECTION 972 776 300 720 4200 4200
10774 CONNECTION 972 245 300 900 4740 4740
10775 CONNECTION 972 492 300 1140 5520 5520
10776 CONNECTION 972 792 300 1140 7320 7320
10777 CONNECTION 972 325 300 1320 5760 5760
10778 CONNECTION 972 115 300 1440 7620 7620
10779 CONNECTION 972 139 300 1800 6180 6180
10780 CONNECTION 972 415 300 2100 5940 5940
10781 CONNECTION 972 516 300 3120 7560 7560
10782 CONNECTION 972 545 300 3300 7140 7140
10783 CONNECTION 972 219 300 3540 7020 7020
10784 CONNECTION 972 351 300 3600 7980 7980
10785 CONNECTION 972 1050 300 4260 7740 7740
10786 CONNECTION 972 638 300 4320 8760 8760
10787 CONNECTION 972 941 300 4320 7800 7800
10788 CONNECTION 972 690 300 4500 8340 8340
10789 CONNECTION 972 1058 300 4500 8340 8340
10790 CONNECTION 972 38 300 4740 9120 9120
10791 CONNECTION 972 957 300 4740 10920 10920
10792 SINK 972 0 -1 -1 300 300
10793 CONNECTION 1013 1014 -1 -1 2160 2160
10794 CONNECTION 1013 924 -1 -1 2580 2580
10795 CONNECTION 1013 687 -1 -1 2340 2340
10796 CONNECTION 1013 1034 -1 -1 2340 2340
10797 CONNECTION 1013 65 -1 -1 3960 3960
10798 CONNECTION 1013 94 -1 -1 3540 3540
10799 CONNECTION 1013 661 -1 -1 3420 3420
10800 CONNECTION 1013 1040 -1 -1 4380 4380
10801 CONNECTION 1013 711 300 660 4140 4140
10802 CONNECTION 1013 193 300 720 5160 5160
10803 CONNECTION 1013 776 300 720 4200 4200
10804 CONNECTION 1013 245 300 900 4740 4740
10805 CONNECTION 1013 492 300 1140 5520 5520
10806 CONNECTION 1013 792 300 1140 7320 7320
10807 CONNECTION 1013 325 300 1320 5760 5760
10808 CONNECTION 1013 115 300 1440 7620 7620
10809 CONNECTION 1013 139 300 1800 6180 6180
10810 CONNECTION 1013 415 300 2100 5940 5940
10811 CONNECTION 1013 516 300 3120 7560 7560
10812 CONNECTION 1013 545 300 3300 7140 7140
10813 CONNECTION 1013 219 300 3540 7020 7020
10814 CONNECTION 1013 351 300 3600 7980 7980
10815 CONNECTION 1013 1050 300 4260 7740 7740
10816 CONNECTION 1013 638 300 4320 8760 8760
10817 CONNECTION 1013 941 300 4320 7800 7800
10818 CONNECTION 1013 690 300 4500 8340 8340
10819 CONNECTION 1013 1058 300 4500 8340 8340
10820 CONNECTION 1013 38 300 4740 9120 9120
10821 CONNECTION 1013 957 300 4740 10920 10920
10822 SINK 1013 0 -1 -1 300 300
10823 CONNECTION 296 297 -1 -1 1800 1800
10824 CONNECTION 296 217 -1 -1 1860 1860
10825 CONNECTION 296 443 -1 -1 3000 3000
10826 CONNECTION 296 369 -1 -1 4320 4320
10827 CONNECTION 296 244 -1 -1 2700 2700
10828 CONNECTION 296 613 -1 -1 4200 4200
10829 CONNECTION 296 192 -1 -1 3660 3660
10830 CONNECTION 296 414 -1 -1 3900 3900
10831 CONNECTION 296 791 300 540 4020 4020
10832 CONNECTION 296 491 300 660 4140 4140
10833 CONNECTION 296 1056 300 1320 5400 5400
10834 CONNECTION 296 544 300 1500 5100 5100
10835 CONNECTION 296 662 300 1860 5460 5460
10836 CONNECTION 296 168 300 2520 6600 6600
10837 CONNECTION 296 777 300 2640 7920 7920
10838 CONNECTION 296 689 300 2700 6300 6300
10839 CONNECTION 296 1036 300 2700 6300 6300
10840 CONNECTION 296 300 300 3720 7800 7800
10841 CONNECTION 296 637 300 3780 7260 7260
10842 CONNECTION 296 96 300 3900 7500 7500
10843 CONNECTION 296 956 300 4140 7620 7620
10844 CONNECTION 296 37 300 4260 7740 7740
10845 CONNECTION 635 636 -1 -1 1380 1380
10846 CONNECTION 635 825 -1 -1 1980 1980
10847 CONNECTION 635 349 -1 -1 3600 3600
10848 CONNECTION 635 1048 -1 -1 4260 4260
10849 CONNECTION 635 905 -1 -1 3780 3780
10850 CONNECTION 635 585 300 960 5400 5400
10851 CONNECTION 635 886 300 1320 4980 4980
10852 CONNECTION 635 1030 300 1320 4980 4980
10853 CONNECTION 635 975 300 1920 5580 5580
10854 CONNECTION 635 1016 300 1920 5580 5580
10855 CONNECTION 635 757 300 2760 7200 7200
10856 CONNECTION 635 271 300 3420 7860 7860
10857 CONNECTION 635 67 300 3720 7380 7380
10858 CONNECTION 635 867 300 4560 9000 9000
10859 CONNECTION 1038 1039 -1 -1 2160 2160
10860 CONNECTION 1038 710 -1 -1 2820 2820
10861 CONNECTION 1038 490 -1 -1 2100 2100
10862 CONNECTION 1038 885 -1 -1 3600 3600
10863 CONNECTION 1038 1029 -1 -1 3600 3600
10864 CONNECTION 1038 1055 -1 -1 2760 2760
10865 CONNECTION 1038 138 -1 -1 3960 3960
10866 CONNECTION 1038 974 -1 -1 4200 4200
10867 CONNECTION 1038 1015 -1 -1 4200 4200
10868 CONNECTION 1038 167 300 360 3960 3960
10869 CONNECTION 1038 350 300 1320 5760 5760
10870 CONNECTION 1038 66 300 1560 6000 6000
10871 CONNECTION 1038 299 300 1560 5160 5160
10872 CONNECTION 1038 1049 300 1980 6420 6420
10873 CONNECTION 1038 36 300 2100 5700 5700
10874 CONNECTION 1038 194 300 2760 7200 7200
10875 CONNECTION 1038 445 300 2760 6360 6360
10876 CONNECTION 1038 586 300 3120 7560 7560
10877 CONNECTION 1038 326 300 3360 7800 7800
10878 CONNECTION 1038 615 300 3960 7560 7560
10879 CONNECTION 165 166 -1 -1 1560 1560
10880 CONNECTION 165 298 -1 -1 2760 2760
10881 CONNECTION 165 543 -1 -1 3180 3180
10882 CONNECTION 165 444 -1 -1 3960 3960
10883 CONNECTION 165 688 -1 -1 4380 4380
10884 CONNECTION 165 1035 -1 -1 4380 4380
10885 CONNECTION 165 614 300 1320 5160 5160
10886 CONNECTION 165 95 300 1500 5580 5580
10887 CONNECTION 165 1057 300 2520 6360 6360
10888 CONNECTION 165 246 300 2700 6780 6780
10889 CONNECTION 165 169 300 3720 7560 7560
10890 CONNECTION 165 416 300 3900 7980 7980
10891 CONNECTION 883 884 -1 -1 2220 2220
10892 CONNECTION 883 35 -1 -1 2580 2580
10893 CONNECTION 883 387 -1 -1 4380 4380
10894 CONNECTION 883 973 -1 -1 2820 2820
10895 CONNECTION 883 1014 -1 -1 2820 2820
10896 CONNECTION 883 845 -1 -1 4680 4680
10897 CONNECTION 883 924 -1 -1 3240 3240
10898 CONNECTION 883 687 -1 -1 3000 3000
10899 CONNECTION 883 1034 -1 -1 3000 3000
10900 CONNECTION 883 65 -1 -1 4620 4620
10901 CONNECTION 883 94 300 360 4200 4200
10902 CONNECTION 883 661 300 600 4080 4080
10903 CONNECTION 883 1040 300 660 5040 5040
10904 CONNECTION 883 711 300 1320 4800 4800
10905 CONNECTION 883 193 300 1380 5820 5820
10906 CONNECTION 883 776 300 1380 4860 4860
10907 CONNECTION 883 245 300 1560 5400 5400
10908 CONNECTION 883 492 300 1800 6180 6180
10909 CONNECTION 883 792 300 1800 7980 7980
10910 CONNECTION 883 325 300 1980 6420 6420
10911 CONNECTION 883 115 300 2100 8280 8280
10912 CONNECTION 883 139 300 2460 6840 6840
10913 CONNECTION 883 415 300 2760 6600 6600
10914 CONNECTION 883 516 300 3780 8220 8220
10915 CONNECTION 883 545 300 3960 7800 7800
10916 CONNECTION 883 219 300 4200 7680 7680
10917 CONNECTION 883 351 300 4260 8640 8640
10918 SINK 883 0 -1 -1 300 300
10919 CONNECTION 1027 1028 -1 -1 2220 2220
10920 CONNECTION 1027 35 -1 -1 2580 2580
10921 CONNECTION 1027 387 -1 -1 4380 4380
10922 CONNECTION 1027 973 -1 -1 2820 2820
10923 CONNECTION 1027 1014 -1 -1 2820 2820
10924 CONNECTION 1027 845 -1 -1 4680 4680
10925 CONNECTION 1027 924 -1 -1 3240 3240
10926 CONNECTION 1027 687 -1 -1 3000 3000
10927 CONNECTION 1027 1034 -1 -1 3000 3000
10928 CONNECTION 1027 65 -1 -1 4620 4620
10929 CONNECTION 1027 94 300 360 4200 4200
10930 CONNECTION 1027 661 300 600 4080 4080
10931 CONNECTION 1027 1040 300 660 5040 5040
10932 CONNECTION 1027 711 300 1320 4800 4800
10933 CONNECTION 1027 193 300 1380 5820 5820
10934 CONNECTION 1027 776 300 1380 4860 4860
10935 CONNECTION 1027 245 300 1560 5400 5400
10936 CONNECTION 1027 492 300 1800 6180 6180
10937 CONNECTION 1027 792 300 1800 7980 7980
10938 CONNECTION 1027 325 300 1980 6420 6420
10939 CONNECTION 1027 115 300 2100 8280 8280
10940 CONNECTION 1027 139 300 2460 6840 6840
10941 CONNECTION 1027 415 300 2760 6600 6600
10942 CONNECTION 1027 516 300 3780 8220 8220
10943 CONNECTION 1027 545 300 3960 7800 7800
10944 CONNECTION 1027 219 300 4200 7680 7680
10945 CONNECTION 1027 351 300 4260 8640 8640
10946 SINK 1027 0 -1 -1 300 300
10947 CONNECTION 903 904 -1 -1 2160 2160
10948 CONNECTION 903 490 -1 -1 1860 1860
10949 CONNECTION 903 885 -1 -1 3360 3360
10950 CONNECTION 903 1029 -1 -1 3360 3360
10951 CONNECTION 903 1055 -1 -1 2520 2520
10952 CONNECTION 903 138 -1 -1 3720 3720
10953 CONNECTION 903 974 -1 -1 3960 3960
10954 CONNECTION 903 1015 -1 -1 3960 3960
10955 CONNECTION 903 167 -1 -1 3720 3720
10956 CONNECTION 903 350 300 1080 5520 5520
10957 CONNECTION 903 66 300 1320 5760 5760
10958 CONNECTION 903 299 300 1320 4920 4920
10959 CONNECTION 903 1049 300 1740 6180 6180
10960 CONNECTION 903 36 300 1860 5460 5460
10961 CONNECTION 903 194 300 2520 6960 6960
10962 CONNECTION 903 445 300 2520 6120 6120
10963 CONNECTION 903 586 300 2880 7320 7320
10964 CONNECTION 903 326 300 3120 7560 7560
10965 CONNECTION 903 615 300 3720 7320 7320
10966 CONNECTION 903 758 300 4680 9120 9120
10967 CONNECTION 686 1039 -1 -1 2700 2700
10968 CONNECTION 686 612 -1 -1 2100 2100
10969 CONNECTION 686 904 -1 -1 2940 2940
10970 CONNECTION 686 710 -1 -1 3360 3360
10971 CONNECTION 686 490 -1 -1 2640 2640
10972 CONNECTION 686 885 -1 -1 4140 4140
10973 CONNECTION 686 1029 -1 -1 4140 4140
10974 CONNECTION 686 1055 -1 -1 3300 3300
10975 CONNECTION 686 138 -1 -1 4500 4500
10976 CONNECTION 686 974 -1 -1 4740 4740
10977 CONNECTION 686 1015 -1 -1 4740 4740
10978 CONNECTION 686 167 300 900 4500 4500
10979 CONNECTION 686 350 300 1860 6300 6300
10980 CONNECTION 686 66 300 2100 6540 6540
10981 CONNECTION 686 299 300 2100 5700 5700
10982 CONNECTION 686 1049 300 2520 6960 6960
10983 CONNECTION 686 36 300 2640 6240 6240
10984 CONNECTION 686 194 300 3300 7740 7740
10985 CONNECTION 686 445 300 3300 6900 6900
10986 CONNECTION 686 586 300 3660 8100 8100
10987 CONNECTION 686 326 300 3900 8340 8340
10988 CONNECTION 686 615 300 4500 8100 8100
10989 CONNECTION 1022 1039 -1 -1 2700 2700
10990 CONNECTION 1022 612 -1 -1 2100 2100
10991 CONNECTION 1022 904 -1 -1 2940 2940
10992 CONNECTION 1022 710 -1 -1 3360 3360
10993 CONNECTION 1022 490 -1 -1 2640 2640
10994 CONNECTION 1022 885 -1 -1 4140 4140
10995 CONNECTION 1022 1029 -1 -1 4140 4140
10996 CONNECTION 1022 1055 -1 -1 3300 3300
10997 CONNECTION 1022 138 -1 -1 4500 4500
10998 CONNECTION 1022 974 -1 -1 4740 4740
10999 CONNECTION 1022 1015 -1 -1 4740 4740
11000 CONNECTION 1022 167 300 900 4500 4500
11001 CONNECTION 1022 350 300 1860 6300 6300
11002 CONNECTION 1022 66 300 2100 6540 6540
11003 CONNECTION 1022 299 300 2100 5700 5700
11004 CONNECTION 1022 1049 300 2520 6960 6960
11005 CONNECTION 1022 36 300 2640 6240 6240
11006 CONNECTION 1022 194 300 3300 7740 7740
11007 CONNECTION 1022 445 300 3300 6900 6900
11008 CONNECTION 1022 586 300 3660 8100 8100
11009 CONNECTION 1022 326 300 3900 8340 8340
11010 CONNECTION 1022 615 300 4500 8100 8100
11011 CONNECTION 11 711 -1 -1 1920 1920
11012 CONNECTION 11 193 -1 -1 2940 2940
11013 CONNECTION 11 776 -1 -1 1980 1980
11014 CONNECTION 11 245 -1 -1 2520 2520
11015 CONNECTION 11 492 -1 -1 3300 3300
11016 CONNECTION 11 792 -1 -1 5100 5100
11017 CONNECTION 11 325 -1 -1 3540 3540
11018 CONNECTION 11 115 -1 -1 5400 5400
11019 CONNECTION 11 139 -1 -1 3960 3960
11020 CONNECTION 11 415 -1 -1 3720 3720
11021 CONNECTION 11 516 300 900 5340 5340
11022 CONNECTION 11 545 300 1080 4920 4920
11023 CONNECTION 11 219 300 1320 4800 4800
11024 CONNECTION 11 351 300 1380 5760 5760
11025 CONNECTION 11 1050 300 2040 5520 5520
11026 CONNECTION 11 638 300 2100 6540 6540
11027 CONNECTION 11 941 300 2100 5580 5580
11028 CONNECTION 11 690 300 2280 6120 6120
11029 CONNECTION 11 1058 300 2280 6120 6120
11030 CONNECTION 11 38 300 2520 6900 6900
11031 CONNECTION 11 957 300 2520 8700 8700
11032 CONNECTION 11 733 300 2700 7140 7140
11033 CONNECTION 11 566 300 2820 9000 9000
11034 CONNECTION 11 587 300 3180 7560 7560
11035 CONNECTION 11 97 300 3480 7320 7320
11036 CONNECTION 11 828 300 4500 8940 8940
11037 CONNECTION 11 248 300 4680 8520 8520
11038 SINK 11 0 -1 -1 300 300
11039 CONNECTION 923 924 -1 -1 2100 2100
11040 CONNECTION 923 65 -1 -1 3480 3480
11041 CONNECTION 923 94 -1 -1 3060 3060
11042 CONNECTION 923 661 -1 -1 2940 2940
11043 CONNECTION 923 1040 -1 -1 3900 3900
11044 CONNECTION 923 711 -1 -1 3660 3660
11045 CONNECTION 923 193 -1 -1 4680 4680
11046 CONNECTION 923 776 -1 -1 3720 3720
11047 CONNECTION 923 245 300 420 4260 4260
11048 CONNECTION 923 492 300 660 5040 5040
11049 CONNECTION 923 792 300 660 6840 6840
11050 CONNECTION 923 325 300 840 5280 5280
11051 CONNECTION 923 115 300 960 7140 7140
11052 CONNECTION 923 139 300 1320 5700 5700
11053 CONNECTION 923 415 300 1620 5460 5460
11054 CONNECTION 923 516 300 2640 7080 7080
11055 CONNECTION 923 545 300 2820 6660 6660
11056 CONNECTION 923 219 300 3060 6540 6540
11057 CONNECTION 923 351 300 3120 7500 7500
11058 CONNECTION 923 1050 300 3780 7260 7260
11059 CONNECTION 923 638 300 3840 8280 8280
11060 CONNECTION 923 941 300 3840 7320 7320
11061 CONNECTION 923 690 300 4020 7860 7860
11062 CONNECTION 923 1058 300 4020 7860 7860
11063 CONNECTION 923 38 300 4260 8640 8640
11064 CONNECTION 923 957 300 4260 10440 10440
11065 CONNECTION 923 733 300 4440 8880 8880
11066 CONNECTION 923 566 300 4560 10740 10740
11067 SINK 923 0 -1 -1 300 300
11068 CONNECTION 136 137 -1 -1 2160 2160
11069 CONNECTION 136 825 -1 -1 2340 2340
11070 CONNECTION 136 349 -1 -1 3960 3960
11071 CONNECTION 136 1048 -1 -1 4620 4620
11072 CONNECTION 136 905 300 480 4140 4140
11073 CONNECTION 136 585 300 1320 5760 5760
11074 CONNECTION 136 886 300 1680 5340 5340
11075 CONNECTION 136 1030 300 1680 5340 5340
11076 CONNECTION 136 975 300 2280 5940 5940
11077 CONNECTION 136 1016 300 2280 5940 5940
11078 CONNECTION 136 757 300 3120 7560 7560
11079 CONNECTION 136 271 300 3780 8220 8220
11080 CONNECTION 136 67 300 4080 7740 7740
11081 CONNECTION 412 413 -1 -1 1920 1920
11082 CONNECTION 412 298 -1 -1 2700 2700
11083 CONNECTION 412 543 -1 -1 3120 3120
11084 CONNECTION 412 444 -1 -1 3900 3900
11085 CONNECTION 412 688 -1 -1 4320 4320
11086 CONNECTION 412 1035 -1 -1 4320 4320
11087 CONNECTION 412 614 300 1260 5100 5100
11088 CONNECTION 412 95 300 1440 5520 5520
11089 CONNECTION 412 1057 300 2460 6300 6300
11090 CONNECTION 412 246 300 2640 6720 6720
11091 CONNECTION 412 169 300 3660 7500 7500
11092 CONNECTION 412 416 300 3840 7920 7920
11093 CONNECTION 386 387 -1 -1 4020 4020
11094 CONNECTION 386 924 -1 -1 2880 2880
11095 CONNECTION 386 687 -1 -1 2640 2640
11096 CONNECTION 386 1034 -1 -1 2640 2640
11097 CONNECTION 386 65 -1 -1 4260 4260
11098 CONNECTION 386 94 -1 -1 3840 3840
11099 CONNECTION 386 661 -1 -1 3720 3720
11100 CONNECTION 386 1040 -1 -1 4680 4680
11101 CONNECTION 386 711 300 960 4440 4440
11102 CONNECTION 386 193 300 1020 5460 5460
11103 CONNECTION 386 776 300 1020 4500 4500
11104 CONNECTION 386 245 300 1200 5040 5040
11105 CONNECTION 386 492 300 1440 5820 5820
11106 CONNECTION 386 792 300 1440 7620 7620
11107 CONNECTION 386 325 300 1620 6060 6060
11108 CONNECTION 386 115 300 1740 7920 7920
11109 CONNECTION 386 139 300 2100 6480 6480
11110 CONNECTION 386 415 300 2400 6240 6240
11111 CONNECTION 386 516 300 3420 7860 7860
11112 CONNECTION 386 545 300 3600 7440 7440
11113 CONNECTION 386 219 300 3840 7320 7320
11114 CONNECTION 386 351 300 3900 8280 8280
11115 CONNECTION 386 1050 300 4560 8040 8040
11116 CONNECTION 386 638 300 4620 9060 9060
11117 CONNECTION 386 941 300 4620 8100 8100
11118 CONNECTION 386 690 300 4800 8640 8640
11119 CONNECTION 386 1058 300 4800 8640 8640
11120 SINK 386 0 -1 -1 300 300
11121 CONNECTION 824 825 -1 -1 1380 1380
11122 CONNECTION 824 349 -1 -1 3000 3000
11123 CONNECTION 824 1048 -1 -1 3660 3660
11124 CONNECTION 824 905 -1 -1 3180 3180
11125 CONNECTION 824 585 300 360 4800 4800
11126 CONNECTION 824 886 300 720 4380 4380
11127 CONNECTION 824 1030 300 720 4380 4380
11128 CONNECTION 824 975 300 1320 4980 4980
11129 CONNECTION 824 1016 300 1320 4980 4980
11130 CONNECTION 824 757 300 2160 6600 6600
11131 CONNECTION 824 271 300 2820 7260 7260
11132 CONNECTION 824 67 300 3120 6780 6780
11133 CONNECTION 824 867 300 3960 8400 8400
11134 CONNECTION 824 195 300 4320 7980 7980
11135 CONNECTION 34 35 -1 -1 2100 2100
11136 CONNECTION 34 924 -1 -1 2760 2760
11137 CONNECTION 34 687 -1 -1 2520 2520
11138 CONNECTION 34 1034 -1 -1 2520 2520
11139 CONNECTION 34 65 -1 -1 4140 4140
11140 CONNECTION 34 94 -1 -1 3720 3720
11141 CONNECTION 34 661 -1 -1 3600 3600
11142 CONNECTION 34 1040 -1 -1 4560 4560
11143 CONNECTION 34 711 300 840 4320 4320
11144 CONNECTION 34 193 300 900 5340 5340
11145 CONNECTION 34 776 300 900 4380 4380
11146 CONNECTION 34 245 300 1080 4920 4920
11147 CONNECTION 34 492 300 1320 5700 5700
11148 CONNECTION 34 792 300 1320 7500 7500
11149 CONNECTION 34 325 300 1500 5940 5940
11150 CONNECTION 34 115 300 1620 7800 7800
11151 CONNECTION 34 139 300 1980 6360 6360
11152 CONNECTION 34 415 300 2280 6120 6120
11153 CONNECTION 34 516 300 3300 7740 7740
11154 CONNECTION 34 545 300 3480 7320 7320
11155 CONNECTION 34 219 300 3720 7200 7200
11156 CONNECTION 34 351 300 3780 8160 8160
11157 CONNECTION 34 1050 300 4440 7920 7920
11158 CONNECTION 34 638 300 4500 8940 8940
11159 CONNECTION 34 941 300 4500 7980 7980
11160 CONNECTION 34 690 300 4680 8520 8520
11161 CONNECTION 34 1058 300 4680 8520 8520
11162 SINK 34 0 -1 -1 300 300
11163 CONNECTION 216 217 -1 -1 1320 1320
11164 CONNECTION 216 443 -1 -1 2460 2460
11165 CONNECTION 216 369 -1 -1 3780 3780
11166 CONNECTION 216 244 -1 -1 2160 2160
11167 CONNECTION 216 613 -1 -1 3660 3660
11168 CONNECTION 216 192 -1 -1 3120 3120
11169 CONNECTION 216 414 -1 -1 3360 3360
11170 CONNECTION 216 791 -1 -1 3480 3480
11171 CONNECTION 216 491 -1 -1 3600 3600
11172 CONNECTION 216 1056 300 780 4860 4860
11173 CONNECTION 216 544 300 960 4560 4560
11174 CONNECTION 216 662 300 1320 4920 4920
11175 CONNECTION 216 168 300 1980 6060 6060
11176 CONNECTION 216 777 300 2100 7380 7380
11177 CONNECTION 216 689 300 2160 5760 5760
11178 CONNECTION 216 1036 300 2160 5760 5760
11179 CONNECTION 216 300 300 3180 7260 7260
11180 CONNECTION 216 637 300 3240 6720 6720
11181 CONNECTION 216 96 300 3360 6960 6960
11182 CONNECTION 216 956 300 3600 7080 7080
11183 CONNECTION 216 37 300 3720 7200 7200
11184 CONNECTION 216 446 300 4380 8460 8460
11185 CONNECTION 216 247 300 4560 8160 8160
11186 CONNECTION 709 710 -1 -1 2160 2160
11187 CONNECTION 709 885 -1 -1 2940 2940
11188 CONNECTION 709 1029 -1 -1 2940 2940
11189 CONNECTION 709 1055 -1 -1 2100 2100
11190 CONNECTION 709 138 -1 -1 3300 3300
11191 CONNECTION 709 974 -1 -1 3540 3540
11192 CONNECTION 709 1015 -1 -1 3540 3540
11193 CONNECTION 709 167 -1 -1 3300 3300
11194 CONNECTION 709 350 300 660 5100 5100
11195 CONNECTION 709 66 300 900 5340 5340
11196 CONNECTION 709 299 300 900 4500 4500
11197 CONNECTION 709 1049 300 1320 5760 5760
11198 CONNECTION 709 36 300 1440 5040 5040
11199 CONNECTION 709 194 300 2100 6540 6540
11200 CONNECTION 709 445 300 2100 5700 5700
11201 CONNECTION 709 586 300 2460 6900 6900
11202 CONNECTION 709 326 300 2700 7140 7140
11203 CONNECTION 709 615 300 3300 6900 6900
11204 CONNECTION 709 758 300 4260 8700 8700
11205 CONNECTION 709 517 300 4500 8940 8940
11206 CONNECTION 709 1061 300 4500 8100 8100
11207 CONNECTION 864 865 -1 -1 2580 2580
11208 CONNECTION 864 324 -1 -1 2820 2820
11209 CONNECTION 864 925 -1 -1 4380 4380
11210 CONNECTION 864 565 -1 -1 4620 4620
11211 CONNECTION 864 806 -1 -1 4620 4620
11212 CONNECTION 864 515 -1 -1 4620 4620
11213 CONNECTION 864 218 300 660 5040 5040
11214 CONNECTION 864 1041 300 1320 6180 6180
11215 CONNECTION 864 732 300 2040 6420 6420
11216 CONNECTION 864 140 300 3120 7980 7980
11217 CONNECTION 864 847 300 3360 8220 8220
11218 CONNECTION 864 13 300 3540 8220 8220
11219 CONNECTION 864 827 300 3840 8220 8220
11220 CONNECTION 864 663 300 4260 8640 8640
11221 CONNECTION 1033 687 -1 -1 2100 2100
11222 CONNECTION 1033 1034 -1 -1 2100 2100
11223 CONNECTION 1033 65 -1 -1 3720 3720
11224 CONNECTION 1033 94 -1 -1 3300 3300
11225 CONNECTION 1033 661 -1 -1 3180 3180
11226 CONNECTION 1033 1040 -1 -1 4140 4140
11227 CONNECTION 1033 711 300 420 3900 3900
11228 CONNECTION 1033 193 300 480 4920 4920
11229 CONNECTION 1033 776 300 480 3960 3960
11230 CONNECTION 1033 245 300 660 4500 4500
11231 CONNECTION 1033 492 300 900 5280 5280
11232 CONNECTION 1033 792 300 900 7080 7080
11233 CONNECTION 1033 325 300 1080 5520 5520
11234 CONNECTION 1033 115 300 1200 7380 7380
11235 CONNECTION 1033 139 300 1560 5940 5940
11236 CONNECTION 1033 415 300 1860 5700 5700
11237 CONNECTION 1033 516 300 2880 7320 7320
11238 CONNECTION 1033 545 300 3060 6900 6900
11239 CONNECTION 1033 219 300 3300 6780 6780
11240 CONNECTION 1033 351 300 3360 7740 7740
11241 CONNECTION 1033 1050 300 4020 7500 7500
11242 CONNECTION 1033 638 300 4080 8520 8520
11243 CONNECTION 1033 941 300 4080 7560 7560
11244 CONNECTION 1033 690 300 4260 8100 8100
11245 CONNECTION 1033 1058 300 4260 8100 8100
11246 CONNECTION 1033 38 300 4500 8880 8880
11247 CONNECTION 1033 957 300 4500 10680 10680
11248 CONNECTION 1033 733 300 4680 9120 9120
11249 CONNECTION 1033 566 300 4800 10980 10980
11250 SINK 1033 0 -1 -1 300 300
11251 CONNECTION 243 244 -1 -1 1320 1320
11252 CONNECTION 243 613 -1 -1 2820 2820
11253 CONNECTION 243 192 -1 -1 2280 2280
11254 CONNECTION 243 414 -1 -1 2520 2520
11255 CONNECTION 243 791 -1 -1 2640 2640
11256 CONNECTION 243 491 -1 -1 2760 2760
11257 CONNECTION 243 1056 -1 -1 4020 4020
11258 CONNECTION 243 544 -1 -1 3720 3720
11259 CONNECTION 243 662 300 480 4080 4080
11260 CONNECTION 243 168 300 1140 5220 5220
11261 CONNECTION 243 777 300 1260 6540 6540
11262 CONNECTION 243 689 300 1320 4920 4920
11263 CONNECTION 243 1036 300 1320 4920 4920
11264 CONNECTION 243 300 300 2340 6420 6420
11265 CONNECTION 243 637 300 2400 5880 5880
11266 CONNECTION 243 96 300 2520 6120 6120
11267 CONNECTION 243 956 300 2760 6240 6240
11268 CONNECTION 243 37 300 2880 6360 6360
11269 CONNECTION 243 446 300 3540 7620 7620
11270 CONNECTION 243 247 300 3720 7320 7320
11271 CONNECTION 243 220 300 4080 7680 7680
11272 CONNECTION 243 616 300 4740 8820 8820
11273 CONNECTION 323 324 -1 -1 2100 2100
11274 CONNECTION 323 925 -1 -1 3660 3660
11275 CONNECTION 323 565 -1 -1 3900 3900
11276 CONNECTION 323 806 -1 -1 3900 3900
11277 CONNECTION 323 515 -1 -1 3900 3900
11278 CONNECTION 323 218 -1 -1 4320 4320
11279 CONNECTION 323 1041 300 600 5460 5460
11280 CONNECTION 323 732 300 1320 5700 5700
11281 CONNECTION 323 140 300 2400 7260 7260
11282 CONNECTION 323 847 300 2640 7500 7500
11283 CONNECTION 323 13 300 2820 7500 7500
11284 CONNECTION 323 827 300 3120 7500 7500
11285 CONNECTION 323 663 300 3540 7920 7920
11286 CONNECTION 323 352 300 4200 9060 9060
11287 CONNECTION 730 1047 -1 -1 1860 1860
11288 CONNECTION 730 584 -1 -1 3060 3060
11289 CONNECTION 730 955 -1 -1 5400 5400
11290 CONNECTION 730 756 300 1200 4860 4860
11291 CONNECTION 730 270 300 1800 5460 5460
11292 CONNECTION 730 866 300 3000 6660 6660
11293 CONNECTION 730 388 300 3720 9000 9000
11294 CONNECTION 730 926 300 4800 8460 8460
11295 CONNECTION 755 731 -1 -1 3540 3540
11296 CONNECTION 755 12 -1 -1 4980 4980
11297 CONNECTION 755 826 300 480 5340 5340
11298 CONNECTION 755 906 300 2280 7140 7140
11299 CONNECTION 755 466 300 3720 8580 8580
11300 CONNECTION 755 976 300 4080 8940 8940
11301 CONNECTION 755 1042 300 4080 8940 8940
11302 CONNECTION 775 776 -1 -1 1200 1200
11303 CONNECTION 775 325 -1 -1 2760 2760
11304 CONNECTION 775 115 -1 -1 4620 4620
11305 CONNECTION 775 139 -1 -1 3180 3180
11306 CONNECTION 775 415 -1 -1 2940 2940
11307 CONNECTION 775 516 -1 -1 4560 4560
11308 CONNECTION 775 545 -1 -1 4140 4140
11309 CONNECTION 775 219 300 540 4020 4020
11310 CONNECTION 775 351 300 600 4980 4980
11311 CONNECTION 775 1050 300 1260 4740 4740
11312 CONNECTION 775 638 300 1320 5760 5760
11313 CONNECTION 775 941 300 1320 4800 4800
11314 CONNECTION 775 690 300 1500 5340 5340
11315 CONNECTION 775 1058 300 1500 5340 5340
11316 CONNECTION 775 38 300 1740 6120 6120
11317 CONNECTION 775 957 300 1740 7920 7920
11318 CONNECTION 775 733 300 1920 6360 6360
11319 CONNECTION 775 566 300 2040 8220 8220
11320 CONNECTION 775 587 300 2400 6780 6780
11321 CONNECTION 775 97 300 2700 6540 6540
11322 CONNECTION 775 828 300 3720 8160 8160
11323 CONNECTION 775 248 300 3900 7740 7740
11324 CONNECTION 775 664 300 4140 7620 7620
11325 CONNECTION 775 759 300 4200 8580 8580
11326 SINK 775 0 -1 -1 300 300
11327 CONNECTION 790 791 -1 -1 1200 1200
11328 CONNECTION 790 1056 -1 -1 2580 2580
11329 CONNECTION 790 544 -1 -1 2280 2280
11330 CONNECTION 790 662 -1 -1 2640 2640
11331 CONNECTION 790 168 -1 -1 3780 3780
11332 CONNECTION 790 777 -1 -1 5100 5100
11333 CONNECTION 790 689 -1 -1 3480 3480
11334 CONNECTION 790 1036 -1 -1 3480 3480
11335 CONNECTION 790 300 300 900 4980 4980
11336 CONNECTION 790 637 300 960 4440 4440
11337 CONNECTION 790 96 300 1080 4680 4680
11338 CONNECTION 790 956 300 1320 4800 4800
11339 CONNECTION 790 37 300 1440 4920 4920
11340 CONNECTION 790 446 300 2100 6180 6180
11341 CONNECTION 790 247 300 2280 5880 5880
11342 CONNECTION 790 220 300 2640 6240 6240
11343 CONNECTION 790 616 300 3300 7380 7380
11344 CONNECTION 790 942 300 3420 8700 8700
11345 CONNECTION 790 417 300 3480 7080 7080
11346 CONNECTION 790 1062 300 4500 8580 8580
11347 CONNECTION 790 887 300 4560 8040 8040
11348 CONNECTION 790 1051 300 4560 8040 8040
11349 CONNECTION 790 547 300 4680 8280 8280
11350 CONNECTION 442 443 -1 -1 1800 1800
11351 CONNECTION 442 613 -1 -1 3000 3000
11352 CONNECTION 442 192 -1 -1 2460 2460
11353 CONNECTION 442 414 -1 -1 2700 2700
11354 CONNECTION 442 791 -1 -1 2820 2820
11355 CONNECTION 442 491 -1 -1 2940 2940
11356 CONNECTION 442 1056 -1 -1 4200 4200
11357 CONNECTION 442 544 -1 -1 3900 3900
11358 CONNECTION 442 662 300 660 4260 4260
11359 CONNECTION 442 168 300 1320 5400 5400
11360 CONNECTION 442 777 300 1440 6720 6720
11361 CONNECTION 442 689 300 1500 5100 5100
11362 CONNECTION 442 1036 300 1500 5100 5100
11363 CONNECTION 442 300 300 2520 6600 6600
11364 CONNECTION 442 637 300 2580 6060 6060
11365 CONNECTION 442 96 300 2700 6300 6300
11366 CONNECTION 442 956 300 2940 6420 6420
11367 CONNECTION 442 37 300 3060 6540 6540
11368 CONNECTION 442 446 300 3720 7800 7800
11369 CONNECTION 442 247 300 3900 7500 7500
11370 CONNECTION 442 220 300 4260 7860 7860
11371 CONNECTION 114 731 -1 -1 3300 3300
11372 CONNECTION 114 12 -1 -1 4740 4740
11373 CONNECTION 114 826 -1 -1 5100 5100
11374 CONNECTION 114 906 300 2040 6900 6900
11375 CONNECTION 114 466 300 3480 8340 8340
11376 CONNECTION 114 976 300 3840 8700 8700
11377 CONNECTION 114 1042 300 3840 8700 8700
11378 CONNECTION 297 298 -1 -1 1560 1560
11379 CONNECTION 297 444 -1 -1 2760 2760
11380 CONNECTION 297 688 -1 -1 3180 3180
11381 CONNECTION 297 1035 -1 -1 3180 3180
11382 CONNECTION 297 614 -1 -1 3960 3960
11383 CONNECTION 297 95 -1 -1 4380 4380
11384 CONNECTION 297 1057 300 1320 5160 5160
11385 CONNECTION 297 246 300 1500 5580 5580
11386 CONNECTION 297 169 300 2520 6360 6360
11387 CONNECTION 297 416 300 2700 6780 6780
11388 CONNECTION 297 301 300 3720 7560 7560
11389 CONNECTION 297 546 300 3900 7980 7980
11390 CONNECTION 269 613 -1 -1 2940 2940
11391 CONNECTION 269 192 -1 -1 2400 2400
11392 CONNECTION 269 414 -1 -1 2640 2640
11393 CONNECTION 269 791 -1 -1 2760 2760
11394 CONNECTION 269 491 -1 -1 2880 2880
11395 CONNECTION 269 1056 -1 -1 4140 4140
11396 CONNECTION 269 544 -1 -1 3840 3840
11397 CONNECTION 269 662 300 600 4200 4200
11398 CONNECTION 269 168 300 1260 5340 5340
11399 CONNECTION 269 777 300 1380 6660 6660
11400 CONNECTION 269 689 300 1440 5040 5040
11401 CONNECTION 269 1036 300 1440 5040 5040
11402 CONNECTION 269 300 300 2460 6540 6540
11403 CONNECTION 269 637 300 2520 6000 6000
11404 CONNECTION 269 96 300 2640 6240 6240
11405 CONNECTION 269 956 300 2880 6360 6360
11406 CONNECTION 269 37 300 3000 6480 6480
11407 CONNECTION 269 446 300 3660 7740 7740
11408 CONNECTION 269 247 300 3840 7440 7440
11409 CONNECTION 269 220 300 4200 7800 7800
11410 CONNECTION 368 369 -1 -1 3000 3000
11411 CONNECTION 368 613 -1 -1 2880 2880
11412 CONNECTION 368 192 -1 -1 2340 2340
11413 CONNECTION 368 414 -1 -1 2580 2580
11414 CONNECTION 368 791 -1 -1 2700 2700
11415 CONNECTION 368 491 -1 -1 2820 2820
11416 CONNECTION 368 1056 -1 -1 4080 4080
11417 CONNECTION 368 544 -1 -1 3780 3780
11418 CONNECTION 368 662 300 540 4140 4140
11419 CONNECTION 368 168 300 1200 5280 5280
11420 CONNECTION 368 777 300 1320 6600 6600
11421 CONNECTION 368 689 300 1380 4980 4980
11422 CONNECTION 368 1036 300 1380 4980 4980
11423 CONNECTION 368 300 300 2400 6480 6480
11424 CONNECTION 368 637 300 2460 5940 5940
11425 CONNECTION 368 96 300 2580 6180 6180
11426 CONNECTION 368 956 300 2820 6300 6300
11427 CONNECTION 368 37 300 2940 6420 6420
11428 CONNECTION 368 446 300 3600 7680 7680
11429 CONNECTION 368 247 300 3780 7380 7380
11430 CONNECTION 368 220 300 4140 7740 7740
11431 CONNECTION 368 616 300 4800 8880 8880
11432 CONNECTION 464 465 -1 -1 4020 4020
11433 CONNECTION 464 940 -1 -1 4800 4800
11434 CONNECTION 464 846 -1 -1 4620 4620
11435 CONNECTION 464 807 300 1440 7620 7620
11436 CONNECTION 464 370 300 2220 8400 8400
11437 CONNECTION 464 116 300 3540 8220 8220
11438 CONNECTION 884 885 -1 -1 2160 2160
11439 CONNECTION 884 974 -1 -1 2760 2760
11440 CONNECTION 884 1015 -1 -1 2760 2760
11441 CONNECTION 884 167 -1 -1 2520 2520
11442 CONNECTION 884 350 -1 -1 4320 4320
11443 CONNECTION 884 66 -1 -1 4560 4560
11444 CONNECTION 884 299 -1 -1 3720 3720
11445 CONNECTION 884 1049 300 540 4980 4980
11446 CONNECTION 884 36 300 660 4260 4260
11447 CONNECTION 884 194 300 1320 5760 5760
11448 CONNECTION 884 445 300 1320 4920 4920
11449 CONNECTION 884 586 300 1680 6120 6120
11450 CONNECTION 884 326 300 1920 6360 6360
11451 CONNECTION 884 615 300 2520 6120 6120
11452 CONNECTION 884 758 300 3480 7920 7920
11453 CONNECTION 884 517 300 3720 8160 8160
11454 CONNECTION 884 1061 300 3720 7320 7320
11455 CONNECTION 884 272 300 4140 8580 8580
11456 CONNECTION 884 493 300 4260 7860 7860
11457 CONNECTION 1028 1029 -1 -1 2160 2160
11458 CONNECTION 1028 974 -1 -1 2760 2760
11459 CONNECTION 1028 1015 -1 -1 2760 2760
11460 CONNECTION 1028 167 -1 -1 2520 2520
11461 CONNECTION 1028 350 -1 -1 4320 4320
11462 CONNECTION 1028 66 -1 -1 4560 4560
11463 CONNECTION 1028 299 -1 -1 3720 3720
11464 CONNECTION 1028 1049 300 540 4980 4980
11465 CONNECTION 1028 36 300 660 4260 4260
11466 CONNECTION 1028 194 300 1320 5760 5760
11467 CONNECTION 1028 445 300 1320 4920 4920
11468 CONNECTION 1028 586 300 1680 6120 6120
11469 CONNECTION 1028 326 300 1920 6360 6360
11470 CONNECTION 1028 615 300 2520 6120 6120
11471 CONNECTION 1028 758 300 3480 7920 7920
11472 CONNECTION 1028 517 300 3720 8160 8160
11473 CONNECTION 1028 1061 300 3720 7320 7320
11474 CONNECTION 1028 272 300 4140 8580 8580
11475 CONNECTION 1028 493 300 4260 7860 7860
11476 CONNECTION 93 885 -1 -1 2940 2940
11477 CONNECTION 93 1029 -1 -1 2940 2940
11478 CONNECTION 93 1055 -1 -1 2100 2100
11479 CONNECTION 93 138 -1 -1 3300 3300
11480 CONNECTION 93 974 -1 -1 3540 3540
11481 CONNECTION 93 1015 -1 -1 3540 3540
11482 CONNECTION 93 167 -1 -1 3300 3300
11483 CONNECTION 93 350 300 660 5100 5100
11484 CONNECTION 93 66 300 900 5340 5340
11485 CONNECTION 93 299 300 900 4500 4500
11486 CONNECTION 93 1049 300 1320 5760 5760
11487 CONNECTION 93 36 300 1440 5040 5040
11488 CONNECTION 93 194 300 2100 6540 6540
11489 CONNECTION 93 445 300 2100 5700 5700
11490 CONNECTION 93 586 300 2460 6900 6900
11491 CONNECTION 93 326 300 2700 7140 7140
11492 CONNECTION 93 615 300 3300 6900 6900
11493 CONNECTION 93 758 300 4260 8700 8700
11494 CONNECTION 93 517 300 4500 8940 8940
11495 CONNECTION 93 1061 300 4500 8100 8100
11496 CONNECTION 542 543 -1 -1 1920 1920
11497 CONNECTION 542 444 -1 -1 2700 2700
11498 CONNECTION 542 688 -1 -1 3120 3120
11499 CONNECTION 542 1035 -1 -1 3120 3120
11500 CONNECTION 542 614 -1 -1 3900 3900
11501 CONNECTION 542 95 -1 -1 4320 4320
11502 CONNECTION 542 1057 300 1260 5100 5100
11503 CONNECTION 542 246 300 1440 5520 5520
11504 CONNECTION 542 169 300 2460 6300 6300
11505 CONNECTION 542 416 300 2640 6720 6720
11506 CONNECTION 542 301 300 3660 7500 7500
11507 CONNECTION 542 546 300 3840 7920 7920
11508 CONNECTION 64 65 -1 -1 2160 2160
11509 CONNECTION 64 1040 -1 -1 2580 2580
11510 CONNECTION 64 711 -1 -1 2340 2340
11511 CONNECTION 64 193 -1 -1 3360 3360
11512 CONNECTION 64 776 -1 -1 2400 2400
11513 CONNECTION 64 245 -1 -1 2940 2940
11514 CONNECTION 64 492 -1 -1 3720 3720
11515 CONNECTION 64 792 -1 -1 5520 5520
11516 CONNECTION 64 325 -1 -1 3960 3960
11517 CONNECTION 64 115 -1 -1 5820 5820
11518 CONNECTION 64 139 -1 -1 4380 4380
11519 CONNECTION 64 415 -1 -1 4140 4140
11520 CONNECTION 64 516 300 1320 5760 5760
11521 CONNECTION 64 545 300 1500 5340 5340
11522 CONNECTION 64 219 300 1740 5220 5220
11523 CONNECTION 64 351 300 1800 6180 6180
11524 CONNECTION 64 1050 300 2460 5940 5940
11525 CONNECTION 64 638 300 2520 6960 6960
11526 CONNECTION 64 941 300 2520 6000 6000
11527 CONNECTION 64 690 300 2700 6540 6540
11528 CONNECTION 64 1058 300 2700 6540 6540
11529 CONNECTION 64 38 300 2940 7320 7320
11530 CONNECTION 64 957 300 2940 9120 9120
11531 CONNECTION 64 733 300 3120 7560 7560
11532 CONNECTION 64 566 300 3240 9420 9420
11533 CONNECTION 64 587 300 3600 7980 7980
11534 CONNECTION 64 97 300 3900 7740 7740
11535 SINK 64 0 -1 -1 300 300
11536 CONNECTION 137 138 -1 -1 2160 2160
11537 CONNECTION 137 167 -1 -1 2160 2160
11538 CONNECTION 137 350 -1 -1 3960 3960
11539 CONNECTION 137 66 -1 -1 4200 4200
11540 CONNECTION 137 299 -1 -1 3360 3360
11541 CONNECTION 137 1049 -1 -1 4620 4620
11542 CONNECTION 137 36 -1 -1 3900 3900
11543 CONNECTION 137 194 300 960 5400 5400
11544 CONNECTION 137 445 300 960 4560 4560
11545 CONNECTION 137 586 300 1320 5760 5760
11546 CONNECTION 137 326 300 1560 6000 6000
11547 CONNECTION 137 615 300 2160 5760 5760
11548 CONNECTION 137 758 300 3120 7560 7560
11549 CONNECTION 137 517 300 3360 7800 7800
11550 CONNECTION 137 1061 300 3360 6960 6960
11551 CONNECTION 137 272 300 3780 8220 8220
11552 CONNECTION 137 493 300 3900 7500 7500
11553 CONNECTION 137 170 300 4560 8160 8160
11554 CONNECTION 137 639 300 4560 9000 9000
11555 CONNECTION 35 925 -1 -1 3240 3240
11556 CONNECTION 35 565 -1 -1 3480 3480
11557 CONNECTION 35 806 -1 -1 3480 3480
11558 CONNECTION 35 515 -1 -1 3480 3480
11559 CONNECTION 35 218 -1 -1 3900 3900
11560 CONNECTION 35 1041 -1 -1 5040 5040
11561 CONNECTION 35 732 300 900 5280 5280
11562 CONNECTION 35 140 300 1980 6840 6840
11563 CONNECTION 35 847 300 2220 7080 7080
11564 CONNECTION 35 13 300 2400 7080 7080
11565 CONNECTION 35 827 300 2700 7080 7080
11566 CONNECTION 35 663 300 3120 7500 7500
11567 CONNECTION 35 352 300 3780 8640 8640
11568 CONNECTION 35 907 300 4500 8880 8880
11569 CONNECTION 217 138 -1 -1 2940 2940
11570 CONNECTION 217 974 -1 -1 3180 3180
11571 CONNECTION 217 1015 -1 -1 3180 3180
11572 CONNECTION 217 167 -1 -1 2940 2940
11573 CONNECTION 217 350 -1 -1 4740 4740
11574 CONNECTION 217 66 300 540 4980 4980
11575 CONNECTION 217 299 300 540 4140 4140
11576 CONNECTION 217 1049 300 960 5400 5400
11577 CONNECTION 217 36 300 1080 4680 4680
11578 CONNECTION 217 194 300 1740 6180 6180
11579 CONNECTION 217 445 300 1740 5340 5340
11580 CONNECTION 217 586 300 2100 6540 6540
11581 CONNECTION 217 326 300 2340 6780 6780
11582 CONNECTION 217 615 300 2940 6540 6540
11583 CONNECTION 217 758 300 3900 8340 8340
11584 CONNECTION 217 517 300 4140 8580 8580
11585 CONNECTION 217 1061 300 4140 7740 7740
11586 CONNECTION 217 272 300 4560 9000 9000
11587 CONNECTION 217 493 300 4680 8280 8280
11588 CONNECTION 387 807 -1 -1 5700 5700
11589 CONNECTION 387 370 -1 -1 6480 6480
11590 CONNECTION 387 116 300 1620 6300 6300
11591 CONNECTION 387 14 300 3120 9300 9300
11592 CONNECTION 387 778 300 3900 10080 10080
11593 CONNECTION 166 94 -1 -1 2100 2100
11594 CONNECTION 166 661 -1 -1 1980 1980
11595 CONNECTION 166 1040 -1 -1 2940 2940
11596 CONNECTION 166 711 -1 -1 2700 2700
11597 CONNECTION 166 193 -1 -1 3720 3720
11598 CONNECTION 166 776 -1 -1 2760 2760
11599 CONNECTION 166 245 -1 -1 3300 3300
11600 CONNECTION 166 492 -1 -1 4080 4080
11601 CONNECTION 166 792 -1 -1 5880 5880
11602 CONNECTION 166 325 -1 -1 4320 4320
11603 CONNECTION 166 115 -1 -1 6180 6180
11604 CONNECTION 166 139 300 360 4740 4740
11605 CONNECTION 166 415 300 660 4500 4500
11606 CONNECTION 166 516 300 1680 6120 6120
11607 CONNECTION 166 545 300 1860 5700 5700
11608 CONNECTION 166 219 300 2100 5580 5580
11609 CONNECTION 166 351 300 2160 6540 6540
11610 CONNECTION 166 1050 300 2820 6300 6300
11611 CONNECTION 166 638 300 2880 7320 7320
11612 CONNECTION 166 941 300 2880 6360 6360
11613 CONNECTION 166 690 300 3060 6900 6900
11614 CONNECTION 166 1058 300 3060 6900 6900
11615 CONNECTION 166 38 300 3300 7680 7680
11616 CONNECTION 166 957 300 3300 9480 9480
11617 CONNECTION 166 733 300 3480 7920 7920
11618 CONNECTION 166 566 300 3600 9780 9780
11619 CONNECTION 166 587 300 3960 8340 8340
11620 CONNECTION 166 97 300 4260 8100 8100
11621 SINK 166 0 -1 -1 300 300
11622 CONNECTION 973 974 -1 -1 2160 2160
11623 CONNECTION 973 167 -1 -1 1920 1920
11624 CONNECTION 973 350 -1 -1 3720 3720
11625 CONNECTION 973 66 -1 -1 3960 3960
11626 CONNECTION 973 299 -1 -1 3120 3120
11627 CONNECTION 973 1049 -1 -1 4380 4380
11628 CONNECTION 973 36 -1 -1 3660 3660
11629 CONNECTION 973 194 300 720 5160 5160
11630 CONNECTION 973 445 300 720 4320 4320
11631 CONNECTION 973 586 300 1080 5520 5520
11632 CONNECTION 973 326 300 1320 5760 5760
11633 CONNECTION 973 615 300 1920 5520 5520
11634 CONNECTION 973 758 300 2880 7320 7320
11635 CONNECTION 973 517 300 3120 7560 7560
11636 CONNECTION 973 1061 300 3120 6720 6720
11637 CONNECTION 973 272 300 3540 7980 7980
11638 CONNECTION 973 493 300 3660 7260 7260
11639 CONNECTION 973 170 300 4320 7920 7920
11640 CONNECTION 973 639 300 4320 8760 8760
11641 CONNECTION 973 868 300 4680 9120 9120
11642 CONNECTION 1014 1015 -1 -1 2160 2160
11643 CONNECTION 1014 167 -1 -1 1920 1920
11644 CONNECTION 1014 350 -1 -1 3720 3720
11645 CONNECTION 1014 66 -1 -1 3960 3960
11646 CONNECTION 1014 299 -1 -1 3120 3120
11647 CONNECTION 1014 1049 -1 -1 4380 4380
11648 CONNECTION 1014 36 -1 -1 3660 3660
11649 CONNECTION 1014 194 300 720 5160 5160
11650 CONNECTION 1014 445 300 720 4320 4320
11651 CONNECTION 1014 586 300 1080 5520 5520
11652 CONNECTION 1014 326 300 1320 5760 5760
11653 CONNECTION 1014 615 300 1920 5520 5520
11654 CONNECTION 1014 758 300 2880 7320 7320
11655 CONNECTION 1014 517 300 3120 7560 7560
11656 CONNECTION 1014 1061 300 3120 6720 6720
11657 CONNECTION 1014 272 300 3540 7980 7980
11658 CONNECTION 1014 493 300 3660 7260 7260
11659 CONNECTION 1014 170 300 4320 7920 7920
11660 CONNECTION 1014 639 300 4320 8760 8760
11661 CONNECTION 1014 868 300 4680 9120 9120
11662 CONNECTION 413 414 -1 -1 1320 1320
11663 CONNECTION 413 1056 -1 -1 2820 2820
11664 CONNECTION 413 544 -1 -1 2520 2520
11665 CONNECTION 413 662 -1 -1 2880 2880
11666 CONNECTION 413 168 -1 -1 4020 4020
11667 CONNECTION 413 777 -1 -1 5340 5340
11668 CONNECTION 413 689 -1 -1 3720 3720
11669 CONNECTION 413 1036 -1 -1 3720 3720
11670 CONNECTION 413 300 300 1140 5220 5220
11671 CONNECTION 413 637 300 1200 4680 4680
11672 CONNECTION 413 96 300 1320 4920 4920
11673 CONNECTION 413 956 300 1560 5040 5040
11674 CONNECTION 413 37 300 1680 5160 5160
11675 CONNECTION 413 446 300 2340 6420 6420
11676 CONNECTION 413 247 300 2520 6120 6120
11677 CONNECTION 413 220 300 2880 6480 6480
11678 CONNECTION 413 616 300 3540 7620 7620
11679 CONNECTION 413 942 300 3660 8940 8940
11680 CONNECTION 413 417 300 3720 7320 7320
11681 CONNECTION 413 1062 300 4740 8820 8820
11682 CONNECTION 413 887 300 4800 8280 8280
11683 CONNECTION 413 1051 300 4800 8280 8280
11684 CONNECTION 636 584 -1 -1 1860 1860
11685 CONNECTION 636 955 -1 -1 4200 4200
11686 CONNECTION 636 756 -1 -1 3660 3660
11687 CONNECTION 636 270 300 600 4260 4260
11688 CONNECTION 636 866 300 1800 5460 5460
11689 CONNECTION 636 388 300 2520 7800 7800
11690 CONNECTION 636 926 300 3600 7260 7260
11691 CONNECTION 636 712 300 4200 7860 7860
11692 CONNECTION 660 661 -1 -1 1200 1200
11693 CONNECTION 660 711 -1 -1 1920 1920
11694 CONNECTION 660 193 -1 -1 2940 2940
11695 CONNECTION 660 776 -1 -1 1980 1980
11696 CONNECTION 660 245 -1 -1 2520 2520
11697 CONNECTION 660 492 -1 -1 3300 3300
11698 CONNECTION 660 792 -1 -1 5100 5100
11699 CONNECTION 660 325 -1 -1 3540 3540
11700 CONNECTION 660 115 -1 -1 5400 5400
11701 CONNECTION 660 139 -1 -1 3960 3960
11702 CONNECTION 660 415 -1 -1 3720 3720
11703 CONNECTION 660 516 300 900 5340 5340
11704 CONNECTION 660 545 300 1080 4920 4920
11705 CONNECTION 660 219 300 1320 4800 4800
11706 CONNECTION 660 351 300 1380 5760 5760
11707 CONNECTION 660 1050 300 2040 5520 5520
11708 CONNECTION 660 638 300 2100 6540 6540
11709 CONNECTION 660 941 300 2100 5580 5580
11710 CONNECTION 660 690 300 2280 6120 6120
11711 CONNECTION 660 1058 300 2280 6120 6120
11712 CONNECTION 660 38 300 2520 6900 6900
11713 CONNECTION 660 957 300 2520 8700 8700
11714 CONNECTION 660 733 300 2700 7140 7140
11715 CONNECTION 660 566 300 2820 9000 9000
11716 CONNECTION 660 587 300 3180 7560 7560
11717 CONNECTION 660 97 300 3480 7320 7320
11718 CONNECTION 660 828 300 4500 8940 8940
11719 CONNECTION 660 248 300 4680 8520 8520
11720 SINK 660 0 -1 -1 300 300
11721 CONNECTION 845 846 -1 -1 2400 2400
11722 CONNECTION 845 807 -1 -1 5400 5400
11723 CONNECTION 845 370 -1 -1 6180 6180
11724 CONNECTION 845 116 300 1320 6000 6000
11725 CONNECTION 845 14 300 2820 9000 9000
11726 CONNECTION 845 778 300 3600 9780 9780
11727 CONNECTION 1039 1040 -1 -1 2100 2100
11728 CONNECTION 1039 711 -1 -1 1860 1860
11729 CONNECTION 1039 193 -1 -1 2880 2880
11730 CONNECTION 1039 776 -1 -1 1920 1920
11731 CONNECTION 1039 245 -1 -1 2460 2460
11732 CONNECTION 1039 492 -1 -1 3240 3240
11733 CONNECTION 1039 792 -1 -1 5040 5040
11734 CONNECTION 1039 325 -1 -1 3480 3480
11735 CONNECTION 1039 115 -1 -1 5340 5340
11736 CONNECTION 1039 139 -1 -1 3900 3900
11737 CONNECTION 1039 415 -1 -1 3660 3660
11738 CONNECTION 1039 516 300 840 5280 5280
11739 CONNECTION 1039 545 300 1020 4860 4860
11740 CONNECTION 1039 219 300 1260 4740 4740
11741 CONNECTION 1039 351 300 1320 5700 5700
11742 CONNECTION 1039 1050 300 1980 5460 5460
11743 CONNECTION 1039 638 300 2040 6480 6480
11744 CONNECTION 1039 941 300 2040 5520 5520
11745 CONNECTION 1039 690 300 2220 6060 6060
11746 CONNECTION 1039 1058 300 2220 6060 6060
11747 CONNECTION 1039 38 300 2460 6840 6840
11748 CONNECTION 1039 957 300 2460 8640 8640
11749 CONNECTION 1039 733 300 2640 7080 7080
11750 CONNECTION 1039 566 300 2760 8940 8940
11751 CONNECTION 1039 587 300 3120 7500 7500
11752 CONNECTION 1039 97 300 3420 7260 7260
11753 CONNECTION 1039 828 300 4440 8880 8880
11754 CONNECTION 1039 248 300 4620 8460 8460
11755 SINK 1039 0 -1 -1 300 300
11756 CONNECTION 348 349 -1 -1 2160 2160
11757 CONNECTION 348 1048 -1 -1 2820 2820
11758 CONNECTION 348 905 -1 -1 2340 2340
11759 CONNECTION 348 585 -1 -1 3960 3960
11760 CONNECTION 348 886 -1 -1 3540 3540
11761 CONNECTION 348 1030 -1 -1 3540 3540
11762 CONNECTION 348 975 300 480 4140 4140
11763 CONNECTION 348 1016 300 480 4140 4140
11764 CONNECTION 348 757 300 1320 5760 5760
11765 CONNECTION 348 271 300 1980 6420 6420
11766 CONNECTION 348 67 300 2280 5940 5940
11767 CONNECTION 348 867 300 3120 7560 7560
11768 CONNECTION 348 195 300 3480 7140 7140
11769 CONNECTION 348 327 300 4080 7740 7740
11770 CONNECTION 612 613 -1 -1 1800 1800
11771 CONNECTION 612 491 -1 -1 1740 1740
11772 CONNECTION 612 1056 -1 -1 3000 3000
11773 CONNECTION 612 544 -1 -1 2700 2700
11774 CONNECTION 612 662 -1 -1 3060 3060
11775 CONNECTION 612 168 -1 -1 4200 4200
11776 CONNECTION 612 777 -1 -1 5520 5520
11777 CONNECTION 612 689 -1 -1 3900 3900
11778 CONNECTION 612 1036 -1 -1 3900 3900
11779 CONNECTION 612 300 300 1320 5400 5400
11780 CONNECTION 612 637 300 1380 4860 4860
11781 CONNECTION 612 96 300 1500 5100 5100
11782 CONNECTION 612 956 300 1740 5220 5220
11783 CONNECTION 612 37 300 1860 5340 5340
11784 CONNECTION 612 446 300 2520 6600 6600
11785 CONNECTION 612 247 300 2700 6300 6300
11786 CONNECTION 612 220 300 3060 6660 6660
11787 CONNECTION 612 616 300 3720 7800 7800
11788 CONNECTION 612 942 300 3840 9120 9120
11789 CONNECTION 612 417 300 3900 7500 7500
11790 CONNECTION 805 806 -1 -1 2460 2460
11791 CONNECTION 805 218 -1 -1 2880 2880
11792 CONNECTION 805 1041 -1 -1 4020 4020
11793 CONNECTION 805 732 -1 -1 4260 4260
11794 CONNECTION 805 140 300 960 5820 5820
11795 CONNECTION 805 847 300 1200 6060 6060
11796 CONNECTION 805 13 300 1380 6060 6060
11797 CONNECTION 805 827 300 1680 6060 6060
11798 CONNECTION 805 663 300 2100 6480 6480
11799 CONNECTION 805 352 300 2760 7620 7620
11800 CONNECTION 805 907 300 3480 7860 7860
11801 CONNECTION 805 588 300 4560 9420 9420
11802 CONNECTION 805 117 300 4800 9660 9660
11803 CONNECTION 904 905 -1 -1 1380 1380
11804 CONNECTION 904 585 -1 -1 3000 3000
11805 CONNECTION 904 886 -1 -1 2580 2580
11806 CONNECTION 904 1030 -1 -1 2580 2580
11807 CONNECTION 904 975 -1 -1 3180 3180
11808 CONNECTION 904 1016 -1 -1 3180 3180
11809 CONNECTION 904 757 300 360 4800 4800
11810 CONNECTION 904 271 300 1020 5460 5460
11811 CONNECTION 904 67 300 1320 4980 4980
11812 CONNECTION 904 867 300 2160 6600 6600
11813 CONNECTION 904 195 300 2520 6180 6180
11814 CONNECTION 904 327 300 3120 6780 6780
11815 CONNECTION 904 927 300 3960 8400 8400
11816 CONNECTION 904 713 300 4620 9060 9060
11817 CONNECTION 564 565 -1 -1 2580 2580
11818 CONNECTION 564 515 -1 -1 2580 2580
11819 CONNECTION 564 218 -1 -1 3000 3000
11820 CONNECTION 564 1041 -1 -1 4140 4140
11821 CONNECTION 564 732 -1 -1 4380 4380
11822 CONNECTION 564 140 300 1080 5940 5940
11823 CONNECTION 564 847 300 1320 6180 6180
11824 CONNECTION 564 13 300 1500 6180 6180
11825 CONNECTION 564 827 300 1800 6180 6180
11826 CONNECTION 564 663 300 2220 6600 6600
11827 CONNECTION 564 352 300 2880 7740 7740
11828 CONNECTION 564 907 300 3600 7980 7980
11829 CONNECTION 564 588 300 4680 9540 9540
11830 CONNECTION 443 444 -1 -1 1560 1560
11831 CONNECTION 443 614 -1 -1 2760 2760
11832 CONNECTION 443 95 -1 -1 3180 3180
11833 CONNECTION 443 1057 -1 -1 3960 3960
11834 CONNECTION 443 246 -1 -1 4380 4380
11835 CONNECTION 443 169 300 1320 5160 5160
11836 CONNECTION 443 416 300 1500 5580 5580
11837 CONNECTION 443 301 300 2520 6360 6360
11838 CONNECTION 443 546 300 2700 6780 6780
11839 CONNECTION 443 447 300 3720 7560 7560
11840 CONNECTION 443 691 300 3900 7980 7980
11841 CONNECTION 443 1059 300 3900 7980 7980
11842 CONNECTION 924 925 -1 -1 2580 2580
11843 CONNECTION 924 515 -1 -1 2820 2820
11844 CONNECTION 924 218 -1 -1 3240 3240
11845 CONNECTION 924 1041 -1 -1 4380 4380
11846 CONNECTION 924 732 -1 -1 4620 4620
11847 CONNECTION 924 140 300 1320 6180 6180
11848 CONNECTION 924 847 300 1560 6420 6420
11849 CONNECTION 924 13 300 1740 6420 6420
11850 CONNECTION 924 827 300 2040 6420 6420
11851 CONNECTION 924 663 300 2460 6840 6840
11852 CONNECTION 924 352 300 3120 7980 7980
11853 CONNECTION 924 907 300 3840 8220 8220
11854 CONNECTION 369 270 -1 -1 2160 2160
11855 CONNECTION 369 866 -1 -1 3360 3360
11856 CONNECTION 369 388 300 420 5700 5700
11857 CONNECTION 369 926 300 1500 5160 5160
11858 CONNECTION 369 712 300 2100 5760 5760
11859 CONNECTION 369 1067 300 3300 6960 6960
11860 CONNECTION 369 793 300 4020 9300 9300
11861 CONNECTION 244 167 -1 -1 2100 2100
11862 CONNECTION 244 350 -1 -1 3900 3900
11863 CONNECTION 244 66 -1 -1 4140 4140
11864 CONNECTION 244 299 -1 -1 3300 3300
11865 CONNECTION 244 1049 -1 -1 4560 4560
11866 CONNECTION 244 36 -1 -1 3840 3840
11867 CONNECTION 244 194 300 900 5340 5340
11868 CONNECTION 244 445 300 900 4500 4500
11869 CONNECTION 244 586 300 1260 5700 5700
11870 CONNECTION 244 326 300 1500 5940 5940
11871 CONNECTION 244 615 300 2100 5700 5700
11872 CONNECTION 244 758 300 3060 7500 7500
11873 CONNECTION 244 517 300 3300 7740 7740
11874 CONNECTION 244 1061 300 3300 6900 6900
11875 CONNECTION 244 272 300 3720 8160 8160
11876 CONNECTION 244 493 300 3840 7440 7440
11877 CONNECTION 244 170 300 4500 8100 8100
11878 CONNECTION 244 639 300 4500 8940 8940
11879 CONNECTION 514 515 -1 -1 2100 2100
11880 CONNECTION 514 1041 -1 -1 3660 3660
11881 CONNECTION 514 732 -1 -1 3900 3900
11882 CONNECTION 514 140 300 600 5460 5460
11883 CONNECTION 514 847 300 840 5700 5700
11884 CONNECTION 514 13 300 1020 5700 5700
11885 CONNECTION 514 827 300 1320 5700 5700
11886 CONNECTION 514 663 300 1740 6120 6120
11887 CONNECTION 514 352 300 2400 7260 7260
11888 CONNECTION 514 907 300 3120 7500 7500
11889 CONNECTION 514 588 300 4200 9060 9060
11890 CONNECTION 514 117 300 4440 9300 9300
11891 CONNECTION 514 467 300 4620 9300 9300
11892 CONNECTION 825 955 -1 -1 3600 3600
11893 CONNECTION 825 756 -1 -1 3060 3060
11894 CONNECTION 825 270 -1 -1 3660 3660
11895 CONNECTION 825 866 300 1200 4860 4860
11896 CONNECTION 825 388 300 1920 7200 7200
11897 CONNECTION 825 926 300 3000 6660 6660
11898 CONNECTION 825 712 300 3600 7260 7260
11899 CONNECTION 825 1067 300 4800 8460 8460
11900 CONNECTION 687 688 -1 -1 1920 1920
11901 CONNECTION 687 614 -1 -1 2700 2700
11902 CONNECTION 687 95 -1 -1 3120 3120
11903 CONNECTION 687 1057 -1 -1 3900 3900
11904 CONNECTION 687 246 -1 -1 4320 4320
11905 CONNECTION 687 169 300 1260 5100 5100
11906 CONNECTION 687 416 300 1440 5520 5520
11907 CONNECTION 687 301 300 2460 6300 6300
11908 CONNECTION 687 546 300 2640 6720 6720
11909 CONNECTION 687 447 300 3660 7500 7500
11910 CONNECTION 687 691 300 3840 7920 7920
11911 CONNECTION 687 1059 300 3840 7920 7920
11912 CONNECTION 710 711 -1 -1 1200 1200
11913 CONNECTION 710 492 -1 -1 2580 2580
11914 CONNECTION 710 792 -1 -1 4380 4380
11915 CONNECTION 710 325 -1 -1 2820 2820
11916 CONNECTION 710 115 -1 -1 4680 4680
11917 CONNECTION 710 139 -1 -1 3240 3240
11918 CONNECTION 710 415 -1 -1 3000 3000
11919 CONNECTION 710 516 -1 -1 4620 4620
11920 CONNECTION 710 545 300 360 4200 4200
11921 CONNECTION 710 219 300 600 4080 4080
11922 CONNECTION 710 351 300 660 5040 5040
11923 CONNECTION 710 1050 300 1320 4800 4800
11924 CONNECTION 710 638 300 1380 5820 5820
11925 CONNECTION 710 941 300 1380 4860 4860
11926 CONNECTION 710 690 300 1560 5400 5400
11927 CONNECTION 710 1058 300 1560 5400 5400
11928 CONNECTION 710 38 300 1800 6180 6180
11929 CONNECTION 710 957 300 1800 7980 7980
11930 CONNECTION 710 733 300 1980 6420 6420
11931 CONNECTION 710 566 300 2100 8280 8280
11932 CONNECTION 710 587 300 2460 6840 6840
11933 CONNECTION 710 97 300 2760 6600 6600
11934 CONNECTION 710 828 300 3780 8220 8220
11935 CONNECTION 710 248 300 3960 7800 7800
11936 CONNECTION 710 664 300 4200 7680 7680
11937 CONNECTION 710 759 300 4260 8640 8640
11938 SINK 710 0 -1 -1 300 300
11939 CONNECTION 865 12 -1 -1 3180 3180
11940 CONNECTION 865 826 -1 -1 3540 3540
11941 CONNECTION 865 906 300 480 5340 5340
11942 CONNECTION 865 466 300 1920 6780 6780
11943 CONNECTION 865 976 300 2280 7140 7140
11944 CONNECTION 865 1042 300 2280 7140 7140
11945 CONNECTION 865 68 300 4080 8940 8940
11946 CONNECTION 1034 1035 -1 -1 1920 1920
11947 CONNECTION 1034 614 -1 -1 2700 2700
11948 CONNECTION 1034 95 -1 -1 3120 3120
11949 CONNECTION 1034 1057 -1 -1 3900 3900
11950 CONNECTION 1034 246 -1 -1 4320 4320
11951 CONNECTION 1034 169 300 1260 5100 5100
11952 CONNECTION 1034 416 300 1440 5520 5520
11953 CONNECTION 1034 301 300 2460 6300 6300
11954 CONNECTION 1034 546 300 2640 6720 6720
11955 CONNECTION 1034 447 300 3660 7500 7500
11956 CONNECTION 1034 691 300 3840 7920 7920
11957 CONNECTION 1034 1059 300 3840 7920 7920
11958 CONNECTION 1047 1048 -1 -1 2220 2220
11959 CONNECTION 1047 585 -1 -1 3360 3360
11960 CONNECTION 1047 886 -1 -1 2940 2940
11961 CONNECTION 1047 1030 -1 -1 2940 2940
11962 CONNECTION 1047 975 -1 -1 3540 3540
11963 CONNECTION 1047 1016 -1 -1 3540 3540
11964 CONNECTION 1047 757 300 720 5160 5160
11965 CONNECTION 1047 271 300 1380 5820 5820
11966 CONNECTION 1047 67 300 1680 5340 5340
11967 CONNECTION 1047 867 300 2520 6960 6960
11968 CONNECTION 1047 195 300 2880 6540 6540
11969 CONNECTION 1047 327 300 3480 7140 7140
11970 CONNECTION 1047 927 300 4320 8760 8760
11971 CONNECTION 490 491 -1 -1 1200 1200
11972 CONNECTION 490 1056 -1 -1 2460 2460
11973 CONNECTION 490 544 -1 -1 2160 2160
11974 CONNECTION 490 662 -1 -1 2520 2520
11975 CONNECTION 490 168 -1 -1 3660 3660
11976 CONNECTION 490 777 -1 -1 4980 4980
11977 CONNECTION 490 689 -1 -1 3360 3360
11978 CONNECTION 490 1036 -1 -1 3360 3360
11979 CONNECTION 490 300 300 780 4860 4860
11980 CONNECTION 490 637 300 840 4320 4320
11981 CONNECTION 490 96 300 960 4560 4560
11982 CONNECTION 490 956 300 1200 4680 4680
11983 CONNECTION 490 37 300 1320 4800 4800
11984 CONNECTION 490 446 300 1980 6060 6060
11985 CONNECTION 490 247 300 2160 5760 5760
11986 CONNECTION 490 220 300 2520 6120 6120
11987 CONNECTION 490 616 300 3180 7260 7260
11988 CONNECTION 490 942 300 3300 8580 8580
11989 CONNECTION 490 417 300 3360 6960 6960
11990 CONNECTION 490 1062 300 4380 8460 8460
11991 CONNECTION 490 887 300 4440 7920 7920
11992 CONNECTION 490 1051 300 4440 7920 7920
11993 CONNECTION 490 547 300 4560 8160 8160
11994 CONNECTION 490 389 300 4800 8280 8280
11995 CONNECTION 298 245 -1 -1 2100 2100
11996 CONNECTION 298 492 -1 -1 2880 2880
11997 CONNECTION 298 792 -1 -1 4680 4680
11998 CONNECTION 298 325 -1 -1 3120 3120
11999 CONNECTION 298 115 -1 -1 4980 4980
12000 CONNECTION 298 139 -1 -1 3540 3540
12001 CONNECTION 298 415 -1 -1 3300 3300
12002 CONNECTION 298 516 300 480 4920 4920
12003 CONNECTION 298 545 300 660 4500 4500
12004 CONNECTION 298 219 300 900 4380 4380
12005 CONNECTION 298 351 300 960 5340 5340
12006 CONNECTION 298 1050 300 1620 5100 5100
12007 CONNECTION 298 638 300 1680 6120 6120
12008 CONNECTION 298 941 300 1680 5160 5160
12009 CONNECTION 298 690 300 1860 5700 5700
12010 CONNECTION 298 1058 300 1860 5700 5700
12011 CONNECTION 298 38 300 2100 6480 6480
12012 CONNECTION 298 957 300 2100 8280 8280
12013 CONNECTION 298 733 300 2280 6720 6720
12014 CONNECTION 298 566 300 2400 8580 8580
12015 CONNECTION 298 587 300 2760 7140 7140
12016 CONNECTION 298 97 300 3060 6900 6900
12017 CONNECTION 298 828 300 4080 8520 8520
12018 CONNECTION 298 248 300 4260 8100 8100
12019 CONNECTION 298 664 300 4500 7980 7980
12020 CONNECTION 298 759 300 4560 8940 8940
12021 SINK 298 0 -1 -1 300 300
12022 CONNECTION 543 544 -1 -1 1320 1320
12023 CONNECTION 543 168 -1 -1 2820 2820
12024 CONNECTION 543 777 -1 -1 4140 4140
12025 CONNECTION 543 689 -1 -1 2520 2520
12026 CONNECTION 543 1036 -1 -1 2520 2520
12027 CONNECTION 543 300 -1 -1 4020 4020
12028 CONNECTION 543 637 -1 -1 3480 3480
12029 CONNECTION 543 96 -1 -1 3720 3720
12030 CONNECTION 543 956 300 360 3840 3840
12031 CONNECTION 543 37 300 480 3960 3960
12032 CONNECTION 543 446 300 1140 5220 5220
12033 CONNECTION 543 247 300 1320 4920 4920
12034 CONNECTION 543 220 300 1680 5280 5280
12035 CONNECTION 543 616 300 2340 6420 6420
12036 CONNECTION 543 942 300 2460 7740 7740
12037 CONNECTION 543 417 300 2520 6120 6120
12038 CONNECTION 543 1062 300 3540 7620 7620
12039 CONNECTION 543 887 300 3600 7080 7080
12040 CONNECTION 543 1051 300 3600 7080 7080
12041 CONNECTION 543 547 300 3720 7320 7320
12042 CONNECTION 543 389 300 3960 7440 7440
12043 CONNECTION 543 494 300 4080 7560 7560
12044 CONNECTION 543 171 300 4740 8820 8820
12045 CONNECTION 324 325 -1 -1 2160 2160
12046 CONNECTION 324 139 -1 -1 2580 2580
12047 CONNECTION 324 415 -1 -1 2340 2340
12048 CONNECTION 324 516 -1 -1 3960 3960
12049 CONNECTION 324 545 -1 -1 3540 3540
12050 CONNECTION 324 219 -1 -1 3420 3420
12051 CONNECTION 324 351 -1 -1 4380 4380
12052 CONNECTION 324 1050 300 660 4140 4140
12053 CONNECTION 324 638 300 720 5160 5160
12054 CONNECTION 324 941 300 720 4200 4200
12055 CONNECTION 324 690 300 900 4740 4740
12056 CONNECTION 324 1058 300 900 4740 4740
12057 CONNECTION 324 38 300 1140 5520 5520
12058 CONNECTION 324 957 300 1140 7320 7320
12059 CONNECTION 324 733 300 1320 5760 5760
12060 CONNECTION 324 566 300 1440 7620 7620
12061 CONNECTION 324 587 300 1800 6180 6180
12062 CONNECTION 324 97 300 2100 5940 5940
12063 CONNECTION 324 828 300 3120 7560 7560
12064 CONNECTION 324 248 300 3300 7140 7140
12065 CONNECTION 324 664 300 3540 7020 7020
12066 CONNECTION 324 759 300 3600 7980 7980
12067 CONNECTION 324 273 300 4260 7740 7740
12068 CONNECTION 324 371 300 4320 7800 7800
12069 CONNECTION 324 888 300 4320 8760 8760
12070 CONNECTION 324 1052 300 4320 8760 8760
12071 CONNECTION 324 418 300 4500 8340 8340
12072 CONNECTION 324 390 300 4740 10920 10920
12073 CONNECTION 324 495 300 4740 9120 9120
12074 SINK 324 0 -1 -1 300 300
12075 CONNECTION 349 350 -1 -1 2160 2160
12076 CONNECTION 349 1049 -1 -1 2820 2820
12077 CONNECTION 349 36 -1 -1 2100 2100
12078 CONNECTION 349 194 -1 -1 3600 3600
12079 CONNECTION 349 445 -1 -1 2760 2760
12080 CONNECTION 349 586 -1 -1 3960 3960
12081 CONNECTION 349 326 -1 -1 4200 4200
12082 CONNECTION 349 615 300 360 3960 3960
12083 CONNECTION 349 758 300 1320 5760 5760
12084 CONNECTION 349 517 300 1560 6000 6000
12085 CONNECTION 349 1061 300 1560 5160 5160
12086 CONNECTION 349 272 300 1980 6420 6420
12087 CONNECTION 349 493 300 2100 5700 5700
12088 CONNECTION 349 170 300 2760 6360 6360
12089 CONNECTION 349 639 300 2760 7200 7200
12090 CONNECTION 349 868 300 3120 7560 7560
12091 CONNECTION 349 734 300 3360 7800 7800
12092 CONNECTION 349 302 300 3960 7560 7560
12093 CONNECTION 885 886 -1 -1 1380 1380
12094 CONNECTION 885 975 -1 -1 1980 1980
12095 CONNECTION 885 1016 -1 -1 1980 1980
12096 CONNECTION 885 757 -1 -1 3600 3600
12097 CONNECTION 885 271 -1 -1 4260 4260
12098 CONNECTION 885 67 -1 -1 3780 3780
12099 CONNECTION 885 867 300 960 5400 5400
12100 CONNECTION 885 195 300 1320 4980 4980
12101 CONNECTION 885 327 300 1920 5580 5580
12102 CONNECTION 885 927 300 2760 7200 7200
12103 CONNECTION 885 713 300 3420 7860 7860
12104 CONNECTION 885 518 300 3720 7380 7380
12105 CONNECTION 885 1068 300 4560 9000 9000
12106 CONNECTION 1029 1030 -1 -1 1380 1380
12107 CONNECTION 1029 975 -1 -1 1980 1980
12108 CONNECTION 1029 1016 -1 -1 1980 1980
12109 CONNECTION 1029 757 -1 -1 3600 3600
12110 CONNECTION 1029 271 -1 -1 4260 4260
12111 CONNECTION 1029 67 -1 -1 3780 3780
12112 CONNECTION 1029 867 300 960 5400 5400
12113 CONNECTION 1029 195 300 1320 4980 4980
12114 CONNECTION 1029 327 300 1920 5580 5580
12115 CONNECTION 1029 927 300 2760 7200 7200
12116 CONNECTION 1029 713 300 3420 7860 7860
12117 CONNECTION 1029 518 300 3720 7380 7380
12118 CONNECTION 1029 1068 300 4560 9000 9000
12119 CONNECTION 1055 1056 -1 -1 1800 1800
12120 CONNECTION 1055 662 -1 -1 1860 1860
12121 CONNECTION 1055 168 -1 -1 3000 3000
12122 CONNECTION 1055 777 -1 -1 4320 4320
12123 CONNECTION 1055 689 -1 -1 2700 2700
12124 CONNECTION 1055 1036 -1 -1 2700 2700
12125 CONNECTION 1055 300 -1 -1 4200 4200
12126 CONNECTION 1055 637 -1 -1 3660 3660
12127 CONNECTION 1055 96 -1 -1 3900 3900
12128 CONNECTION 1055 956 300 540 4020 4020
12129 CONNECTION 1055 37 300 660 4140 4140
12130 CONNECTION 1055 446 300 1320 5400 5400
12131 CONNECTION 1055 247 300 1500 5100 5100
12132 CONNECTION 1055 220 300 1860 5460 5460
12133 CONNECTION 1055 616 300 2520 6600 6600
12134 CONNECTION 1055 942 300 2640 7920 7920
12135 CONNECTION 1055 417 300 2700 6300 6300
12136 CONNECTION 1055 1062 300 3720 7800 7800
12137 CONNECTION 1055 887 300 3780 7260 7260
12138 CONNECTION 1055 1051 300 3780 7260 7260
12139 CONNECTION 1055 547 300 3900 7500 7500
12140 CONNECTION 1055 389 300 4140 7620 7620
12141 CONNECTION 1055 494 300 4260 7740 7740
12142 CONNECTION 613 614 -1 -1 1560 1560
12143 CONNECTION 613 1057 -1 -1 2760 2760
12144 CONNECTION 613 246 -1 -1 3180 3180
12145 CONNECTION 613 169 -1 -1 3960 3960
12146 CONNECTION 613 416 -1 -1 4380 4380
12147 CONNECTION 613 301 300 1320 5160 5160
12148 CONNECTION 613 546 300 1500 5580 5580
12149 CONNECTION 613 447 300 2520 6360 6360
12150 CONNECTION 613 691 300 2700 6780 6780
12151 CONNECTION 613 1059 300 2700 6780 6780
12152 CONNECTION 613 617 300 3720 7560 7560
12153 CONNECTION 613 98 300 3900 7980 7980
12154 CONNECTION 192 193 -1 -1 2220 2220
12155 CONNECTION 192 492 -1 -1 2580 2580
12156 CONNECTION 192 792 -1 -1 4380 4380
12157 CONNECTION 192 325 -1 -1 2820 2820
12158 CONNECTION 192 115 -1 -1 4680 4680
12159 CONNECTION 192 139 -1 -1 3240 3240
12160 CONNECTION 192 415 -1 -1 3000 3000
12161 CONNECTION 192 516 -1 -1 4620 4620
12162 CONNECTION 192 545 300 360 4200 4200
12163 CONNECTION 192 219 300 600 4080 4080
12164 CONNECTION 192 351 300 660 5040 5040
12165 CONNECTION 192 1050 300 1320 4800 4800
12166 CONNECTION 192 638 300 1380 5820 5820
12167 CONNECTION 192 941 300 1380 4860 4860
12168 CONNECTION 192 690 300 1560 5400 5400
12169 CONNECTION 192 1058 300 1560 5400 5400
12170 CONNECTION 192 38 300 1800 6180 6180
12171 CONNECTION 192 957 300 1800 7980 7980
12172 CONNECTION 192 733 300 1980 6420 6420
12173 CONNECTION 192 566 300 2100 8280 8280
12174 CONNECTION 192 587 300 2460 6840 6840
12175 CONNECTION 192 97 300 2760 6600 6600
12176 CONNECTION 192 828 300 3780 8220 8220
12177 CONNECTION 192 248 300 3960 7800 7800
12178 CONNECTION 192 664 300 4200 7680 7680
12179 CONNECTION 192 759 300 4260 8640 8640
12180 SINK 192 0 -1 -1 300 300
12181 CONNECTION 65 66 -1 -1 2160 2160
12182 CONNECTION 65 36 -1 -1 1860 1860
12183 CONNECTION 65 194 -1 -1 3360 3360
12184 CONNECTION 65 445 -1 -1 2520 2520
12185 CONNECTION 65 586 -1 -1 3720 3720
12186 CONNECTION 65 326 -1 -1 3960 3960
12187 CONNECTION 65 615 -1 -1 3720 3720
12188 CONNECTION 65 758 300 1080 5520 5520
12189 CONNECTION 65 517 300 1320 5760 5760
12190 CONNECTION 65 1061 300 1320 4920 4920
12191 CONNECTION 65 272 300 1740 6180 6180
12192 CONNECTION 65 493 300 1860 5460 5460
12193 CONNECTION 65 170 300 2520 6120 6120
12194 CONNECTION 65 639 300 2520 6960 6960
12195 CONNECTION 65 868 300 2880 7320 7320
12196 CONNECTION 65 734 300 3120 7560 7560
12197 CONNECTION 65 302 300 3720 7320 7320
12198 CONNECTION 65 928 300 4680 9120 9120
12199 CONNECTION 414 350 -1 -1 2700 2700
12200 CONNECTION 414 66 -1 -1 2940 2940
12201 CONNECTION 414 299 -1 -1 2100 2100
12202 CONNECTION 414 1049 -1 -1 3360 3360
12203 CONNECTION 414 36 -1 -1 2640 2640
12204 CONNECTION 414 194 -1 -1 4140 4140
12205 CONNECTION 414 445 -1 -1 3300 3300
12206 CONNECTION 414 586 -1 -1 4500 4500
12207 CONNECTION 414 326 -1 -1 4740 4740
12208 CONNECTION 414 615 300 900 4500 4500
12209 CONNECTION 414 758 300 1860 6300 6300
12210 CONNECTION 414 517 300 2100 6540 6540
12211 CONNECTION 414 1061 300 2100 5700 5700
12212 CONNECTION 414 272 300 2520 6960 6960
12213 CONNECTION 414 493 300 2640 6240 6240
12214 CONNECTION 414 170 300 3300 6900 6900
12215 CONNECTION 414 639 300 3300 7740 7740
12216 CONNECTION 414 868 300 3660 8100 8100
12217 CONNECTION 414 734 300 3900 8340 8340
12218 CONNECTION 414 302 300 4500 8100 8100
12219 CONNECTION 138 139 -1 -1 2100 2100
12220 CONNECTION 138 516 -1 -1 3480 3480
12221 CONNECTION 138 545 -1 -1 3060 3060
12222 CONNECTION 138 219 -1 -1 2940 2940
12223 CONNECTION 138 351 -1 -1 3900 3900
12224 CONNECTION 138 1050 -1 -1 3660 3660
12225 CONNECTION 138 638 -1 -1 4680 4680
12226 CONNECTION 138 941 -1 -1 3720 3720
12227 CONNECTION 138 690 300 420 4260 4260
12228 CONNECTION 138 1058 300 420 4260 4260
12229 CONNECTION 138 38 300 660 5040 5040
12230 CONNECTION 138 957 300 660 6840 6840
12231 CONNECTION 138 733 300 840 5280 5280
12232 CONNECTION 138 566 300 960 7140 7140
12233 CONNECTION 138 587 300 1320 5700 5700
12234 CONNECTION 138 97 300 1620 5460 5460
12235 CONNECTION 138 828 300 2640 7080 7080
12236 CONNECTION 138 248 300 2820 6660 6660
12237 CONNECTION 138 664 300 3060 6540 6540
12238 CONNECTION 138 759 300 3120 7500 7500
12239 CONNECTION 138 273 300 3780 7260 7260
12240 CONNECTION 138 371 300 3840 7320 7320
12241 CONNECTION 138 888 300 3840 8280 8280
12242 CONNECTION 138 1052 300 3840 8280 8280
12243 CONNECTION 138 418 300 4020 7860 7860
12244 CONNECTION 138 390 300 4260 10440 10440
12245 CONNECTION 138 495 300 4260 8640 8640
12246 CONNECTION 138 908 300 4440 8880 8880
12247 CONNECTION 138 848 300 4560 10740 10740
12248 SINK 138 0 -1 -1 300 300
12249 CONNECTION 465 1050 -1 -1 1920 1920
12250 CONNECTION 465 638 -1 -1 2940 2940
12251 CONNECTION 465 941 -1 -1 1980 1980
12252 CONNECTION 465 690 -1 -1 2520 2520
12253 CONNECTION 465 1058 -1 -1 2520 2520
12254 CONNECTION 465 38 -1 -1 3300 3300
12255 CONNECTION 465 957 -1 -1 5100 5100
12256 CONNECTION 465 733 -1 -1 3540 3540
12257 CONNECTION 465 566 -1 -1 5400 5400
12258 CONNECTION 465 587 -1 -1 3960 3960
12259 CONNECTION 465 97 -1 -1 3720 3720
12260 CONNECTION 465 828 300 900 5340 5340
12261 CONNECTION 465 248 300 1080 4920 4920
12262 CONNECTION 465 664 300 1320 4800 4800
12263 CONNECTION 465 759 300 1380 5760 5760
12264 CONNECTION 465 273 300 2040 5520 5520
12265 CONNECTION 465 371 300 2100 5580 5580
12266 CONNECTION 465 888 300 2100 6540 6540
12267 CONNECTION 465 1052 300 2100 6540 6540
12268 CONNECTION 465 418 300 2280 6120 6120
12269 CONNECTION 465 390 300 2520 8700 8700
12270 CONNECTION 465 495 300 2520 6900 6900
12271 CONNECTION 465 908 300 2700 7140 7140
12272 CONNECTION 465 848 300 2820 9000 9000
12273 CONNECTION 465 869 300 3180 7560 7560
12274 CONNECTION 465 548 300 3480 7320 7320
12275 CONNECTION 465 978 300 4500 8940 8940
12276 CONNECTION 465 1044 300 4500 8940 8940
12277 CONNECTION 465 693 300 4680 8520 8520
12278 CONNECTION 465 1064 300 4680 8520 8520
12279 SINK 465 0 -1 -1 300 300
12280 CONNECTION 94 95 -1 -1 1920 1920
12281 CONNECTION 94 1057 -1 -1 2700 2700
12282 CONNECTION 94 246 -1 -1 3120 3120
12283 CONNECTION 94 169 -1 -1 3900 3900
12284 CONNECTION 94 416 -1 -1 4320 4320
12285 CONNECTION 94 301 300 1260 5100 5100
12286 CONNECTION 94 546 300 1440 5520 5520
12287 CONNECTION 94 447 300 2460 6300 6300
12288 CONNECTION 94 691 300 2640 6720 6720
12289 CONNECTION 94 1059 300 2640 6720 6720
12290 CONNECTION 94 617 300 3660 7500 7500
12291 CONNECTION 94 98 300 3840 7920 7920
12292 CONNECTION 584 585 -1 -1 2160 2160
12293 CONNECTION 584 975 -1 -1 2340 2340
12294 CONNECTION 584 1016 -1 -1 2340 2340
12295 CONNECTION 584 757 -1 -1 3960 3960
12296 CONNECTION 584 271 -1 -1 4620 4620
12297 CONNECTION 584 67 300 480 4140 4140
12298 CONNECTION 584 867 300 1320 5760 5760
12299 CONNECTION 584 195 300 1680 5340 5340
12300 CONNECTION 584 327 300 2280 5940 5940
12301 CONNECTION 584 927 300 3120 7560 7560
12302 CONNECTION 584 713 300 3780 8220 8220
12303 CONNECTION 584 518 300 4080 7740 7740
12304 CONNECTION 791 792 -1 -1 4020 4020
12305 CONNECTION 791 139 -1 -1 2880 2880
12306 CONNECTION 791 415 -1 -1 2640 2640
12307 CONNECTION 791 516 -1 -1 4260 4260
12308 CONNECTION 791 545 -1 -1 3840 3840
12309 CONNECTION 791 219 -1 -1 3720 3720
12310 CONNECTION 791 351 -1 -1 4680 4680
12311 CONNECTION 791 1050 300 960 4440 4440
12312 CONNECTION 791 638 300 1020 5460 5460
12313 CONNECTION 791 941 300 1020 4500 4500
12314 CONNECTION 791 690 300 1200 5040 5040
12315 CONNECTION 791 1058 300 1200 5040 5040
12316 CONNECTION 791 38 300 1440 5820 5820
12317 CONNECTION 791 957 300 1440 7620 7620
12318 CONNECTION 791 733 300 1620 6060 6060
12319 CONNECTION 791 566 300 1740 7920 7920
12320 CONNECTION 791 587 300 2100 6480 6480
12321 CONNECTION 791 97 300 2400 6240 6240
12322 CONNECTION 791 828 300 3420 7860 7860
12323 CONNECTION 791 248 300 3600 7440 7440
12324 CONNECTION 791 664 300 3840 7320 7320
12325 CONNECTION 791 759 300 3900 8280 8280
12326 CONNECTION 791 273 300 4560 8040 8040
12327 CONNECTION 791 371 300 4620 8100 8100
12328 CONNECTION 791 888 300 4620 9060 9060
12329 CONNECTION 791 1052 300 4620 9060 9060
12330 CONNECTION 791 418 300 4800 8640 8640
12331 SINK 791 0 -1 -1 300 300
12332 CONNECTION 974 975 -1 -1 1380 1380
12333 CONNECTION 974 757 -1 -1 3000 3000
12334 CONNECTION 974 271 -1 -1 3660 3660
12335 CONNECTION 974 67 -1 -1 3180 3180
12336 CONNECTION 974 867 300 360 4800 4800
12337 CONNECTION 974 195 300 720 4380 4380
12338 CONNECTION 974 327 300 1320 4980 4980
12339 CONNECTION 974 927 300 2160 6600 6600
12340 CONNECTION 974 713 300 2820 7260 7260
12341 CONNECTION 974 518 300 3120 6780 6780
12342 CONNECTION 974 1068 300 3960 8400 8400
12343 CONNECTION 974 640 300 4320 7980 7980
12344 CONNECTION 1015 1016 -1 -1 1380 1380
12345 CONNECTION 1015 757 -1 -1 3000 3000
12346 CONNECTION 1015 271 -1 -1 3660 3660
12347 CONNECTION 1015 67 -1 -1 3180 3180
12348 CONNECTION 1015 867 300 360 4800 4800
12349 CONNECTION 1015 195 300 720 4380 4380
12350 CONNECTION 1015 327 300 1320 4980 4980
12351 CONNECTION 1015 927 300 2160 6600 6600
12352 CONNECTION 1015 713 300 2820 7260 7260
12353 CONNECTION 1015 518 300 3120 6780 6780
12354 CONNECTION 1015 1068 300 3960 8400 8400
12355 CONNECTION 1015 640 300 4320 7980 7980
12356 CONNECTION 491 492 -1 -1 2100 2100
12357 CONNECTION 491 139 -1 -1 2760 2760
12358 CONNECTION 491 415 -1 -1 2520 2520
12359 CONNECTION 491 516 -1 -1 4140 4140
12360 CONNECTION 491 545 -1 -1 3720 3720
12361 CONNECTION 491 219 -1 -1 3600 3600
12362 CONNECTION 491 351 -1 -1 4560 4560
12363 CONNECTION 491 1050 300 840 4320 4320
12364 CONNECTION 491 638 300 900 5340 5340
12365 CONNECTION 491 941 300 900 4380 4380
12366 CONNECTION 491 690 300 1080 4920 4920
12367 CONNECTION 491 1058 300 1080 4920 4920
12368 CONNECTION 491 38 300 1320 5700 5700
12369 CONNECTION 491 957 300 1320 7500 7500
12370 CONNECTION 491 733 300 1500 5940 5940
12371 CONNECTION 491 566 300 1620 7800 7800
12372 CONNECTION 491 587 300 1980 6360 6360
12373 CONNECTION 491 97 300 2280 6120 6120
12374 CONNECTION 491 828 300 3300 7740 7740
12375 CONNECTION 491 248 300 3480 7320 7320
12376 CONNECTION 491 664 300 3720 7200 7200
12377 CONNECTION 491 759 300 3780 8160 8160
12378 CONNECTION 491 273 300 4440 7920 7920
12379 CONNECTION 491 371 300 4500 7980 7980
12380 CONNECTION 491 888 300 4500 8940 8940
12381 CONNECTION 491 1052 300 4500 8940 8940
12382 CONNECTION 491 418 300 4680 8520 8520
12383 SINK 491 0 -1 -1 300 300
12384 CONNECTION 661 662 -1 -1 1320 1320
12385 CONNECTION 661 168 -1 -1 2460 2460
12386 CONNECTION 661 777 -1 -1 3780 3780
12387 CONNECTION 661 689 -1 -1 2160 2160
12388 CONNECTION 661 1036 -1 -1 2160 2160
12389 CONNECTION 661 300 -1 -1 3660 3660
12390 CONNECTION 661 637 -1 -1 3120 3120
12391 CONNECTION 661 96 -1 -1 3360 3360
12392 CONNECTION 661 956 -1 -1 3480 3480
12393 CONNECTION 661 37 -1 -1 3600 3600
12394 CONNECTION 661 446 300 780 4860 4860
12395 CONNECTION 661 247 300 960 4560 4560
12396 CONNECTION 661 220 300 1320 4920 4920
12397 CONNECTION 661 616 300 1980 6060 6060
12398 CONNECTION 661 942 300 2100 7380 7380
12399 CONNECTION 661 417 300 2160 5760 5760
12400 CONNECTION 661 1062 300 3180 7260 7260
12401 CONNECTION 661 887 300 3240 6720 6720
12402 CONNECTION 661 1051 300 3240 6720 6720
12403 CONNECTION 661 547 300 3360 6960 6960
12404 CONNECTION 661 389 300 3600 7080 7080
12405 CONNECTION 661 494 300 3720 7200 7200
12406 CONNECTION 661 171 300 4380 8460 8460
12407 CONNECTION 661 692 300 4560 8160 8160
12408 CONNECTION 661 1060 300 4560 8160 8160
12409 CONNECTION 1048 1049 -1 -1 2160 2160
12410 CONNECTION 1048 194 -1 -1 2940 2940
12411 CONNECTION 1048 445 -1 -1 2100 2100
12412 CONNECTION 1048 586 -1 -1 3300 3300
12413 CONNECTION 1048 326 -1 -1 3540 3540
12414 CONNECTION 1048 615 -1 -1 3300 3300
12415 CONNECTION 1048 758 300 660 5100 5100
12416 CONNECTION 1048 517 300 900 5340 5340
12417 CONNECTION 1048 1061 300 900 4500 4500
12418 CONNECTION 1048 272 300 1320 5760 5760
12419 CONNECTION 1048 493 300 1440 5040 5040
12420 CONNECTION 1048 170 300 2100 5700 5700
12421 CONNECTION 1048 639 300 2100 6540 6540
12422 CONNECTION 1048 868 300 2460 6900 6900
12423 CONNECTION 1048 734 300 2700 7140 7140
12424 CONNECTION 1048 302 300 3300 6900 6900
12425 CONNECTION 1048 928 300 4260 8700 8700
12426 CONNECTION 1048 448 300 4500 8100 8100
12427 CONNECTION 1048 829 300 4500 8940 8940
12428 CONNECTION 444 415 -1 -1 2100 2100
12429 CONNECTION 444 516 -1 -1 3720 3720
12430 CONNECTION 444 545 -1 -1 3300 3300
12431 CONNECTION 444 219 -1 -1 3180 3180
12432 CONNECTION 444 351 -1 -1 4140 4140
12433 CONNECTION 444 1050 300 420 3900 3900
12434 CONNECTION 444 638 300 480 4920 4920
12435 CONNECTION 444 941 300 480 3960 3960
12436 CONNECTION 444 690 300 660 4500 4500
12437 CONNECTION 444 1058 300 660 4500 4500
12438 CONNECTION 444 38 300 900 5280 5280
12439 CONNECTION 444 957 300 900 7080 7080
12440 CONNECTION 444 733 300 1080 5520 5520
12441 CONNECTION 444 566 300 1200 7380 7380
12442 CONNECTION 444 587 300 1560 5940 5940
12443 CONNECTION 444 97 300 1860 5700 5700
12444 CONNECTION 444 828 300 2880 7320 7320
12445 CONNECTION 444 248 300 3060 6900 6900
12446 CONNECTION 444 664 300 3300 6780 6780
12447 CONNECTION 444 759 300 3360 7740 7740
12448 CONNECTION 444 273 300 4020 7500 7500
12449 CONNECTION 444 371 300 4080 7560 7560
12450 CONNECTION 444 888 300 4080 8520 8520
12451 CONNECTION 444 1052 300 4080 8520 8520
12452 CONNECTION 444 418 300 4260 8100 8100
12453 CONNECTION 444 390 300 4500 10680 10680
12454 CONNECTION 444 495 300 4500 8880 8880
12455 CONNECTION 444 908 300 4680 9120 9120
12456 CONNECTION 444 848 300 4800 10980 10980
12457 SINK 444 0 -1 -1 300 300
12458 CONNECTION 1040 1041 -1 -1 2580 2580
12459 CONNECTION 1040 732 -1 -1 2820 2820
12460 CONNECTION 1040 140 -1 -1 4380 4380
12461 CONNECTION 1040 847 -1 -1 4620 4620
12462 CONNECTION 1040 13 -1 -1 4620 4620
12463 CONNECTION 1040 827 -1 -1 4620 4620
12464 CONNECTION 1040 663 300 660 5040 5040
12465 CONNECTION 1040 352 300 1320 6180 6180
12466 CONNECTION 1040 907 300 2040 6420 6420
12467 CONNECTION 1040 588 300 3120 7980 7980
12468 CONNECTION 1040 117 300 3360 8220 8220
12469 CONNECTION 1040 467 300 3540 8220 8220
12470 CONNECTION 1040 977 300 3840 8220 8220
12471 CONNECTION 1040 1043 300 3840 8220 8220
12472 CONNECTION 1040 221 300 4260 8640 8640
12473 CONNECTION 688 689 -1 -1 1320 1320
12474 CONNECTION 688 300 -1 -1 2820 2820
12475 CONNECTION 688 637 -1 -1 2280 2280
12476 CONNECTION 688 96 -1 -1 2520 2520
12477 CONNECTION 688 956 -1 -1 2640 2640
12478 CONNECTION 688 37 -1 -1 2760 2760
12479 CONNECTION 688 446 -1 -1 4020 4020
12480 CONNECTION 688 247 -1 -1 3720 3720
12481 CONNECTION 688 220 300 480 4080 4080
12482 CONNECTION 688 616 300 1140 5220 5220
12483 CONNECTION 688 942 300 1260 6540 6540
12484 CONNECTION 688 417 300 1320 4920 4920
12485 CONNECTION 688 1062 300 2340 6420 6420
12486 CONNECTION 688 887 300 2400 5880 5880
12487 CONNECTION 688 1051 300 2400 5880 5880
12488 CONNECTION 688 547 300 2520 6120 6120
12489 CONNECTION 688 389 300 2760 6240 6240
12490 CONNECTION 688 494 300 2880 6360 6360
12491 CONNECTION 688 171 300 3540 7620 7620
12492 CONNECTION 688 692 300 3720 7320 7320
12493 CONNECTION 688 1060 300 3720 7320 7320
12494 CONNECTION 688 665 300 4080 7680 7680
12495 CONNECTION 688 303 300 4740 8820 8820
12496 CONNECTION 1035 1036 -1 -1 1320 1320
12497 CONNECTION 1035 300 -1 -1 2820 2820
12498 CONNECTION 1035 637 -1 -1 2280 2280
12499 CONNECTION 1035 96 -1 -1 2520 2520
12500 CONNECTION 1035 956 -1 -1 2640 2640
12501 CONNECTION 1035 37 -1 -1 2760 2760
12502 CONNECTION 1035 446 -1 -1 4020 4020
12503 CONNECTION 1035 247 -1 -1 3720 3720
12504 CONNECTION 1035 220 300 480 4080 4080
12505 CONNECTION 1035 616 300 1140 5220 5220
12506 CONNECTION 1035 942 300 1260 6540 6540
12507 CONNECTION 1035 417 300 1320 4920 4920
12508 CONNECTION 1035 1062 300 2340 6420 6420
12509 CONNECTION 1035 887 300 2400 5880 5880
12510 CONNECTION 1035 1051 300 2400 5880 5880
12511 CONNECTION 1035 547 300 2520 6120 6120
12512 CONNECTION 1035 389 300 2760 6240 6240
12513 CONNECTION 1035 494 300 2880 6360 6360
12514 CONNECTION 1035 171 300 3540 7620 7620
12515 CONNECTION 1035 692 300 3720 7320 7320
12516 CONNECTION 1035 1060 300 3720 7320 7320
12517 CONNECTION 1035 665 300 4080 7680 7680
12518 CONNECTION 1035 303 300 4740 8820 8820
12519 CONNECTION 731 732 -1 -1 2100 2100
12520 CONNECTION 731 140 -1 -1 3660 3660
12521 CONNECTION 731 847 -1 -1 3900 3900
12522 CONNECTION 731 13 -1 -1 3900 3900
12523 CONNECTION 731 827 -1 -1 3900 3900
12524 CONNECTION 731 663 -1 -1 4320 4320
12525 CONNECTION 731 352 300 600 5460 5460
12526 CONNECTION 731 907 300 1320 5700 5700
12527 CONNECTION 731 588 300 2400 7260 7260
12528 CONNECTION 731 117 300 2640 7500 7500
12529 CONNECTION 731 467 300 2820 7500 7500
12530 CONNECTION 731 977 300 3120 7500 7500
12531 CONNECTION 731 1043 300 3120 7500 7500
12532 CONNECTION 731 221 300 3540 7920 7920
12533 CONNECTION 731 760 300 4200 9060 9060
12534 CONNECTION 905 270 -1 -1 1860 1860
12535 CONNECTION 905 866 -1 -1 3060 3060
12536 CONNECTION 905 388 -1 -1 5400 5400
12537 CONNECTION 905 926 300 1200 4860 4860
12538 CONNECTION 905 712 300 1800 5460 5460
12539 CONNECTION 905 1067 300 3000 6660 6660
12540 CONNECTION 905 793 300 3720 9000 9000
12541 CONNECTION 905 141 300 4800 8460 8460
12542 CONNECTION 925 906 -1 -1 3540 3540
12543 CONNECTION 925 466 -1 -1 4980 4980
12544 CONNECTION 925 976 300 480 5340 5340
12545 CONNECTION 925 1042 300 480 5340 5340
12546 CONNECTION 925 68 300 2280 7140 7140
12547 CONNECTION 925 808 300 3720 8580 8580
12548 CONNECTION 925 328 300 4080 8940 8940
12549 CONNECTION 940 941 -1 -1 1200 1200
12550 CONNECTION 940 733 -1 -1 2760 2760
12551 CONNECTION 940 566 -1 -1 4620 4620
12552 CONNECTION 940 587 -1 -1 3180 3180
12553 CONNECTION 940 97 -1 -1 2940 2940
12554 CONNECTION 940 828 -1 -1 4560 4560
12555 CONNECTION 940 248 -1 -1 4140 4140
12556 CONNECTION 940 664 300 540 4020 4020
12557 CONNECTION 940 759 300 600 4980 4980
12558 CONNECTION 940 273 300 1260 4740 4740
12559 CONNECTION 940 371 300 1320 4800 4800
12560 CONNECTION 940 888 300 1320 5760 5760
12561 CONNECTION 940 1052 300 1320 5760 5760
12562 CONNECTION 940 418 300 1500 5340 5340
12563 CONNECTION 940 390 300 1740 7920 7920
12564 CONNECTION 940 495 300 1740 6120 6120
12565 CONNECTION 940 908 300 1920 6360 6360
12566 CONNECTION 940 848 300 2040 8220 8220
12567 CONNECTION 940 869 300 2400 6780 6780
12568 CONNECTION 940 548 300 2700 6540 6540
12569 CONNECTION 940 978 300 3720 8160 8160
12570 CONNECTION 940 1044 300 3720 8160 8160
12571 CONNECTION 940 693 300 3900 7740 7740
12572 CONNECTION 940 1064 300 3900 7740 7740
12573 CONNECTION 940 222 300 4140 7620 7620
12574 CONNECTION 940 929 300 4200 8580 8580
12575 SINK 940 0 -1 -1 300 300
12576 CONNECTION 955 956 -1 -1 1200 1200
12577 CONNECTION 955 446 -1 -1 2580 2580
12578 CONNECTION 955 247 -1 -1 2280 2280
12579 CONNECTION 955 220 -1 -1 2640 2640
12580 CONNECTION 955 616 -1 -1 3780 3780
12581 CONNECTION 955 942 -1 -1 5100 5100
12582 CONNECTION 955 417 -1 -1 3480 3480
12583 CONNECTION 955 1062 300 900 4980 4980
12584 CONNECTION 955 887 300 960 4440 4440
12585 CONNECTION 955 1051 300 960 4440 4440
12586 CONNECTION 955 547 300 1080 4680 4680
12587 CONNECTION 955 389 300 1320 4800 4800
12588 CONNECTION 955 494 300 1440 4920 4920
12589 CONNECTION 955 171 300 2100 6180 6180
12590 CONNECTION 955 692 300 2280 5880 5880
12591 CONNECTION 955 1060 300 2280 5880 5880
12592 CONNECTION 955 665 300 2640 6240 6240
12593 CONNECTION 955 303 300 3300 7380 7380
12594 CONNECTION 955 372 300 3420 8700 8700
12595 CONNECTION 955 99 300 3480 7080 7080
12596 CONNECTION 955 449 300 4500 8580 8580
12597 CONNECTION 955 196 300 4560 8040 8040
12598 CONNECTION 955 250 300 4680 8280 8280
12599 CONNECTION 167 168 -1 -1 1800 1800
12600 CONNECTION 167 300 -1 -1 3000 3000
12601 CONNECTION 167 637 -1 -1 2460 2460
12602 CONNECTION 167 96 -1 -1 2700 2700
12603 CONNECTION 167 956 -1 -1 2820 2820
12604 CONNECTION 167 37 -1 -1 2940 2940
12605 CONNECTION 167 446 -1 -1 4200 4200
12606 CONNECTION 167 247 -1 -1 3900 3900
12607 CONNECTION 167 220 300 660 4260 4260
12608 CONNECTION 167 616 300 1320 5400 5400
12609 CONNECTION 167 942 300 1440 6720 6720
12610 CONNECTION 167 417 300 1500 5100 5100
12611 CONNECTION 167 1062 300 2520 6600 6600
12612 CONNECTION 167 887 300 2580 6060 6060
12613 CONNECTION 167 1051 300 2580 6060 6060
12614 CONNECTION 167 547 300 2700 6300 6300
12615 CONNECTION 167 389 300 2940 6420 6420
12616 CONNECTION 167 494 300 3060 6540 6540
12617 CONNECTION 167 171 300 3720 7800 7800
12618 CONNECTION 167 692 300 3900 7500 7500
12619 CONNECTION 167 1060 300 3900 7500 7500
12620 CONNECTION 167 665 300 4260 7860 7860
12621 CONNECTION 565 906 -1 -1 3300 3300
12622 CONNECTION 565 466 -1 -1 4740 4740
12623 CONNECTION 565 976 -1 -1 5100 5100
12624 CONNECTION 565 1042 -1 -1 5100 5100
12625 CONNECTION 565 68 300 2040 6900 6900
12626 CONNECTION 565 808 300 3480 8340 8340
12627 CONNECTION 565 328 300 3840 8700 8700
12628 CONNECTION 1056 1057 -1 -1 1560 1560
12629 CONNECTION 1056 169 -1 -1 2760 2760
12630 CONNECTION 1056 416 -1 -1 3180 3180
12631 CONNECTION 1056 301 -1 -1 3960 3960
12632 CONNECTION 1056 546 -1 -1 4380 4380
12633 CONNECTION 1056 447 300 1320 5160 5160
12634 CONNECTION 1056 691 300 1500 5580 5580
12635 CONNECTION 1056 1059 300 1500 5580 5580
12636 CONNECTION 1056 617 300 2520 6360 6360
12637 CONNECTION 1056 98 300 2700 6780 6780
12638 CONNECTION 1056 1063 300 3720 7560 7560
12639 CONNECTION 1056 249 300 3900 7980 7980
12640 CONNECTION 711 300 -1 -1 2940 2940
12641 CONNECTION 711 637 -1 -1 2400 2400
12642 CONNECTION 711 96 -1 -1 2640 2640
12643 CONNECTION 711 956 -1 -1 2760 2760
12644 CONNECTION 711 37 -1 -1 2880 2880
12645 CONNECTION 711 446 -1 -1 4140 4140
12646 CONNECTION 711 247 -1 -1 3840 3840
12647 CONNECTION 711 220 300 600 4200 4200
12648 CONNECTION 711 616 300 1260 5340 5340
12649 CONNECTION 711 942 300 1380 6660 6660
12650 CONNECTION 711 417 300 1440 5040 5040
12651 CONNECTION 711 1062 300 2460 6540 6540
12652 CONNECTION 711 887 300 2520 6000 6000
12653 CONNECTION 711 1051 300 2520 6000 6000
12654 CONNECTION 711 547 300 2640 6240 6240
12655 CONNECTION 711 389 300 2880 6360 6360
12656 CONNECTION 711 494 300 3000 6480 6480
12657 CONNECTION 711 171 300 3660 7740 7740
12658 CONNECTION 711 692 300 3840 7440 7440
12659 CONNECTION 711 1060 300 3840 7440 7440
12660 CONNECTION 711 665 300 4200 7800 7800
12661 CONNECTION 193 194 -1 -1 2160 2160
12662 CONNECTION 193 326 -1 -1 2760 2760
12663 CONNECTION 193 615 -1 -1 2520 2520
12664 CONNECTION 193 758 -1 -1 4320 4320
12665 CONNECTION 193 517 -1 -1 4560 4560
12666 CONNECTION 193 1061 -1 -1 3720 3720
12667 CONNECTION 193 272 300 540 4980 4980
12668 CONNECTION 193 493 300 660 4260 4260
12669 CONNECTION 193 170 300 1320 4920 4920
12670 CONNECTION 193 639 300 1320 5760 5760
12671 CONNECTION 193 868 300 1680 6120 6120
12672 CONNECTION 193 734 300 1920 6360 6360
12673 CONNECTION 193 302 300 2520 6120 6120
12674 CONNECTION 193 928 300 3480 7920 7920
12675 CONNECTION 193 448 300 3720 7320 7320
12676 CONNECTION 193 829 300 3720 8160 8160
12677 CONNECTION 193 714 300 4140 8580 8580
12678 CONNECTION 193 39 300 4260 7860 7860
12679 CONNECTION 776 777 -1 -1 3000 3000
12680 CONNECTION 776 300 -1 -1 2880 2880
12681 CONNECTION 776 637 -1 -1 2340 2340
12682 CONNECTION 776 96 -1 -1 2580 2580
12683 CONNECTION 776 956 -1 -1 2700 2700
12684 CONNECTION 776 37 -1 -1 2820 2820
12685 CONNECTION 776 446 -1 -1 4080 4080
12686 CONNECTION 776 247 -1 -1 3780 3780
12687 CONNECTION 776 220 300 540 4140 4140
12688 CONNECTION 776 616 300 1200 5280 5280
12689 CONNECTION 776 942 300 1320 6600 6600
12690 CONNECTION 776 417 300 1380 4980 4980
12691 CONNECTION 776 1062 300 2400 6480 6480
12692 CONNECTION 776 887 300 2460 5940 5940
12693 CONNECTION 776 1051 300 2460 5940 5940
12694 CONNECTION 776 547 300 2580 6180 6180
12695 CONNECTION 776 389 300 2820 6300 6300
12696 CONNECTION 776 494 300 2940 6420 6420
12697 CONNECTION 776 171 300 3600 7680 7680
12698 CONNECTION 776 692 300 3780 7380 7380
12699 CONNECTION 776 1060 300 3780 7380 7380
12700 CONNECTION 776 665 300 4140 7740 7740
12701 CONNECTION 776 303 300 4800 8880 8880
12702 CONNECTION 806 807 -1 -1 4020 4020
12703 CONNECTION 806 370 -1 -1 4800 4800
12704 CONNECTION 806 116 -1 -1 4620 4620
12705 CONNECTION 806 14 300 1440 7620 7620
12706 CONNECTION 806 778 300 2220 8400 8400
12707 CONNECTION 806 567 300 3540 8220 8220
12708 CONNECTION 544 194 -1 -1 2940 2940
12709 CONNECTION 544 445 -1 -1 2100 2100
12710 CONNECTION 544 586 -1 -1 3300 3300
12711 CONNECTION 544 326 -1 -1 3540 3540
12712 CONNECTION 544 615 -1 -1 3300 3300
12713 CONNECTION 544 758 300 660 5100 5100
12714 CONNECTION 544 517 300 900 5340 5340
12715 CONNECTION 544 1061 300 900 4500 4500
12716 CONNECTION 544 272 300 1320 5760 5760
12717 CONNECTION 544 493 300 1440 5040 5040
12718 CONNECTION 544 170 300 2100 5700 5700
12719 CONNECTION 544 639 300 2100 6540 6540
12720 CONNECTION 544 868 300 2460 6900 6900
12721 CONNECTION 544 734 300 2700 7140 7140
12722 CONNECTION 544 302 300 3300 6900 6900
12723 CONNECTION 544 928 300 4260 8700 8700
12724 CONNECTION 544 448 300 4500 8100 8100
12725 CONNECTION 544 829 300 4500 8940 8940
12726 CONNECTION 245 246 -1 -1 1920 1920
12727 CONNECTION 245 169 -1 -1 2700 2700
12728 CONNECTION 245 416 -1 -1 3120 3120
12729 CONNECTION 245 301 -1 -1 3900 3900
12730 CONNECTION 245 546 -1 -1 4320 4320
12731 CONNECTION 245 447 300 1260 5100 5100
12732 CONNECTION 245 691 300 1440 5520 5520
12733 CONNECTION 245 1059 300 1440 5520 5520
12734 CONNECTION 245 617 300 2460 6300 6300
12735 CONNECTION 245 98 300 2640 6720 6720
12736 CONNECTION 245 1063 300 3660 7500 7500
12737 CONNECTION 245 249 300 3840 7920 7920
12738 CONNECTION 515 516 -1 -1 2160 2160
12739 CONNECTION 515 351 -1 -1 2580 2580
12740 CONNECTION 515 1050 -1 -1 2340 2340
12741 CONNECTION 515 638 -1 -1 3360 3360
12742 CONNECTION 515 941 -1 -1 2400 2400
12743 CONNECTION 515 690 -1 -1 2940 2940
12744 CONNECTION 515 1058 -1 -1 2940 2940
12745 CONNECTION 515 38 -1 -1 3720 3720
12746 CONNECTION 515 957 -1 -1 5520 5520
12747 CONNECTION 515 733 -1 -1 3960 3960
12748 CONNECTION 515 566 -1 -1 5820 5820
12749 CONNECTION 515 587 -1 -1 4380 4380
12750 CONNECTION 515 97 -1 -1 4140 4140
12751 CONNECTION 515 828 300 1320 5760 5760
12752 CONNECTION 515 248 300 1500 5340 5340
12753 CONNECTION 515 664 300 1740 5220 5220
12754 CONNECTION 515 759 300 1800 6180 6180
12755 CONNECTION 515 273 300 2460 5940 5940
12756 CONNECTION 515 371 300 2520 6000 6000
12757 CONNECTION 515 888 300 2520 6960 6960
12758 CONNECTION 515 1052 300 2520 6960 6960
12759 CONNECTION 515 418 300 2700 6540 6540
12760 CONNECTION 515 390 300 2940 9120 9120
12761 CONNECTION 515 495 300 2940 7320 7320
12762 CONNECTION 515 908 300 3120 7560 7560
12763 CONNECTION 515 848 300 3240 9420 9420
12764 CONNECTION 515 869 300 3600 7980 7980
12765 CONNECTION 515 548 300 3900 7740 7740
12766 SINK 515 0 -1 -1 300 300
12767 CONNECTION 585 586 -1 -1 2160 2160
12768 CONNECTION 585 615 -1 -1 2160 2160
12769 CONNECTION 585 758 -1 -1 3960 3960
12770 CONNECTION 585 517 -1 -1 4200 4200
12771 CONNECTION 585 1061 -1 -1 3360 3360
12772 CONNECTION 585 272 -1 -1 4620 4620
12773 CONNECTION 585 493 -1 -1 3900 3900
12774 CONNECTION 585 170 300 960 4560 4560
12775 CONNECTION 585 639 300 960 5400 5400
12776 CONNECTION 585 868 300 1320 5760 5760
12777 CONNECTION 585 734 300 1560 6000 6000
12778 CONNECTION 585 302 300 2160 5760 5760
12779 CONNECTION 585 928 300 3120 7560 7560
12780 CONNECTION 585 448 300 3360 6960 6960
12781 CONNECTION 585 829 300 3360 7800 7800
12782 CONNECTION 585 714 300 3780 8220 8220
12783 CONNECTION 585 39 300 3900 7500 7500
12784 CONNECTION 585 618 300 4560 8160 8160
12785 CONNECTION 585 889 300 4560 9000 9000
12786 CONNECTION 585 1053 300 4560 9000 9000
12787 CONNECTION 492 140 -1 -1 3240 3240
12788 CONNECTION 492 847 -1 -1 3480 3480
12789 CONNECTION 492 13 -1 -1 3480 3480
12790 CONNECTION 492 827 -1 -1 3480 3480
12791 CONNECTION 492 663 -1 -1 3900 3900
12792 CONNECTION 492 352 -1 -1 5040 5040
12793 CONNECTION 492 907 300 900 5280 5280
12794 CONNECTION 492 588 300 1980 6840 6840
12795 CONNECTION 492 117 300 2220 7080 7080
12796 CONNECTION 492 467 300 2400 7080 7080
12797 CONNECTION 492 977 300 2700 7080 7080
12798 CONNECTION 492 1043 300 2700 7080 7080
12799 CONNECTION 492 221 300 3120 7500 7500
12800 CONNECTION 492 760 300 3780 8640 8640
12801 CONNECTION 492 69 300 4500 8880 8880
12802 CONNECTION 662 586 -1 -1 2940 2940
12803 CONNECTION 662 326 -1 -1 3180 3180
12804 CONNECTION 662 615 -1 -1 2940 2940
12805 CONNECTION 662 758 -1 -1 4740 4740
12806 CONNECTION 662 517 300 540 4980 4980
12807 CONNECTION 662 1061 300 540 4140 4140
12808 CONNECTION 662 272 300 960 5400 5400
12809 CONNECTION 662 493 300 1080 4680 4680
12810 CONNECTION 662 170 300 1740 5340 5340
12811 CONNECTION 662 639 300 1740 6180 6180
12812 CONNECTION 662 868 300 2100 6540 6540
12813 CONNECTION 662 734 300 2340 6780 6780
12814 CONNECTION 662 302 300 2940 6540 6540
12815 CONNECTION 662 928 300 3900 8340 8340
12816 CONNECTION 662 448 300 4140 7740 7740
12817 CONNECTION 662 829 300 4140 8580 8580
12818 CONNECTION 662 714 300 4560 9000 9000
12819 CONNECTION 662 39 300 4680 8280 8280
12820 CONNECTION 792 14 -1 -1 5700 5700
12821 CONNECTION 792 778 -1 -1 6480 6480
12822 CONNECTION 792 567 300 1620 6300 6300
12823 CONNECTION 792 468 300 3120 9300 9300
12824 CONNECTION 792 943 300 3900 10080 10080
12825 CONNECTION 614 545 -1 -1 2100 2100
12826 CONNECTION 614 219 -1 -1 1980 1980
12827 CONNECTION 614 351 -1 -1 2940 2940
12828 CONNECTION 614 1050 -1 -1 2700 2700
12829 CONNECTION 614 638 -1 -1 3720 3720
12830 CONNECTION 614 941 -1 -1 2760 2760
12831 CONNECTION 614 690 -1 -1 3300 3300
12832 CONNECTION 614 1058 -1 -1 3300 3300
12833 CONNECTION 614 38 -1 -1 4080 4080
12834 CONNECTION 614 957 -1 -1 5880 5880
12835 CONNECTION 614 733 -1 -1 4320 4320
12836 CONNECTION 614 566 -1 -1 6180 6180
12837 CONNECTION 614 587 300 360 4740 4740
12838 CONNECTION 614 97 300 660 4500 4500
12839 CONNECTION 614 828 300 1680 6120 6120
12840 CONNECTION 614 248 300 1860 5700 5700
12841 CONNECTION 614 664 300 2100 5580 5580
12842 CONNECTION 614 759 300 2160 6540 6540
12843 CONNECTION 614 273 300 2820 6300 6300
12844 CONNECTION 614 371 300 2880 6360 6360
12845 CONNECTION 614 888 300 2880 7320 7320
12846 CONNECTION 614 1052 300 2880 7320 7320
12847 CONNECTION 614 418 300 3060 6900 6900
12848 CONNECTION 614 390 300 3300 9480 9480
12849 CONNECTION 614 495 300 3300 7680 7680
12850 CONNECTION 614 908 300 3480 7920 7920
12851 CONNECTION 614 848 300 3600 9780 9780
12852 CONNECTION 614 869 300 3960 8340 8340
12853 CONNECTION 614 548 300 4260 8100 8100
12854 SINK 614 0 -1 -1 300 300
12855 CONNECTION 325 326 -1 -1 2160 2160
12856 CONNECTION 325 615 -1 -1 1920 1920
12857 CONNECTION 325 758 -1 -1 3720 3720
12858 CONNECTION 325 517 -1 -1 3960 3960
12859 CONNECTION 325 1061 -1 -1 3120 3120
12860 CONNECTION 325 272 -1 -1 4380 4380
12861 CONNECTION 325 493 -1 -1 3660 3660
12862 CONNECTION 325 170 300 720 4320 4320
12863 CONNECTION 325 639 300 720 5160 5160
12864 CONNECTION 325 868 300 1080 5520 5520
12865 CONNECTION 325 734 300 1320 5760 5760
12866 CONNECTION 325 302 300 1920 5520 5520
12867 CONNECTION 325 928 300 2880 7320 7320
12868 CONNECTION 325 448 300 3120 6720 6720
12869 CONNECTION 325 829 300 3120 7560 7560
12870 CONNECTION 325 714 300 3540 7980 7980
12871 CONNECTION 325 39 300 3660 7260 7260
12872 CONNECTION 325 618 300 4320 7920 7920
12873 CONNECTION 325 889 300 4320 8760 8760
12874 CONNECTION 325 1053 300 4320 8760 8760
12875 CONNECTION 325 1069 300 4680 9120 9120
12876 CONNECTION 95 96 -1 -1 1320 1320
12877 CONNECTION 95 446 -1 -1 2820 2820
12878 CONNECTION 95 247 -1 -1 2520 2520
12879 CONNECTION 95 220 -1 -1 2880 2880
12880 CONNECTION 95 616 -1 -1 4020 4020
12881 CONNECTION 95 942 -1 -1 5340 5340
12882 CONNECTION 95 417 -1 -1 3720 3720
12883 CONNECTION 95 1062 300 1140 5220 5220
12884 CONNECTION 95 887 300 1200 4680 4680
12885 CONNECTION 95 1051 300 1200 4680 4680
12886 CONNECTION 95 547 300 1320 4920 4920
12887 CONNECTION 95 389 300 1560 5040 5040
12888 CONNECTION 95 494 300 1680 5160 5160
12889 CONNECTION 95 171 300 2340 6420 6420
12890 CONNECTION 95 692 300 2520 6120 6120
12891 CONNECTION 95 1060 300 2520 6120 6120
12892 CONNECTION 95 665 300 2880 6480 6480
12893 CONNECTION 95 303 300 3540 7620 7620
12894 CONNECTION 95 372 300 3660 8940 8940
12895 CONNECTION 95 99 300 3720 7320 7320
12896 CONNECTION 95 449 300 4740 8820 8820
12897 CONNECTION 95 196 300 4800 8280 8280
12898 CONNECTION 115 116 -1 -1 2400 2400
12899 CONNECTION 115 14 -1 -1 5400 5400
12900 CONNECTION 115 778 -1 -1 6180 6180
12901 CONNECTION 115 567 300 1320 6000 6000
12902 CONNECTION 115 468 300 2820 9000 9000
12903 CONNECTION 115 943 300 3600 9780 9780
12904 CONNECTION 218 219 -1 -1 1200 1200
12905 CONNECTION 218 1050 -1 -1 1920 1920
12906 CONNECTION 218 638 -1 -1 2940 2940
12907 CONNECTION 218 941 -1 -1 1980 1980
12908 CONNECTION 218 690 -1 -1 2520 2520
12909 CONNECTION 218 1058 -1 -1 2520 2520
12910 CONNECTION 218 38 -1 -1 3300 3300
12911 CONNECTION 218 957 -1 -1 5100 5100
12912 CONNECTION 218 733 -1 -1 3540 3540
12913 CONNECTION 218 566 -1 -1 5400 5400
12914 CONNECTION 218 587 -1 -1 3960 3960
12915 CONNECTION 218 97 -1 -1 3720 3720
12916 CONNECTION 218 828 300 900 5340 5340
12917 CONNECTION 218 248 300 1080 4920 4920
12918 CONNECTION 218 664 300 1320 4800 4800
12919 CONNECTION 218 759 300 1380 5760 5760
12920 CONNECTION 218 273 300 2040 5520 5520
12921 CONNECTION 218 371 300 2100 5580 5580
12922 CONNECTION 218 888 300 2100 6540 6540
12923 CONNECTION 218 1052 300 2100 6540 6540
12924 CONNECTION 218 418 300 2280 6120 6120
12925 CONNECTION 218 390 300 2520 8700 8700
12926 CONNECTION 218 495 300 2520 6900 6900
12927 CONNECTION 218 908 300 2700 7140 7140
12928 CONNECTION 218 848 300 2820 9000 9000
12929 CONNECTION 218 869 300 3180 7560 7560
12930 CONNECTION 218 548 300 3480 7320 7320
12931 CONNECTION 218 978 300 4500 8940 8940
12932 CONNECTION 218 1044 300 4500 8940 8940
12933 CONNECTION 218 693 300 4680 8520 8520
12934 CONNECTION 218 1064 300 4680 8520 8520
12935 SINK 218 0 -1 -1 300 300
12936 CONNECTION 350 351 -1 -1 2100 2100
12937 CONNECTION 350 1050 -1 -1 1860 1860
12938 CONNECTION 350 638 -1 -1 2880 2880
12939 CONNECTION 350 941 -1 -1 1920 1920
12940 CONNECTION 350 690 -1 -1 2460 2460
12941 CONNECTION 350 1058 -1 -1 2460 2460
12942 CONNECTION 350 38 -1 -1 3240 3240
12943 CONNECTION 350 957 -1 -1 5040 5040
12944 CONNECTION 350 733 -1 -1 3480 3480
12945 CONNECTION 350 566 -1 -1 5340 5340
12946 CONNECTION 350 587 -1 -1 3900 3900
12947 CONNECTION 350 97 -1 -1 3660 3660
12948 CONNECTION 350 828 300 840 5280 5280
12949 CONNECTION 350 248 300 1020 4860 4860
12950 CONNECTION 350 664 300 1260 4740 4740
12951 CONNECTION 350 759 300 1320 5700 5700
12952 CONNECTION 350 273 300 1980 5460 5460
12953 CONNECTION 350 371 300 2040 5520 5520
12954 CONNECTION 350 888 300 2040 6480 6480
12955 CONNECTION 350 1052 300 2040 6480 6480
12956 CONNECTION 350 418 300 2220 6060 6060
12957 CONNECTION 350 390 300 2460 8640 8640
12958 CONNECTION 350 495 300 2460 6840 6840
12959 CONNECTION 350 908 300 2640 7080 7080
12960 CONNECTION 350 848 300 2760 8940 8940
12961 CONNECTION 350 869 300 3120 7500 7500
12962 CONNECTION 350 548 300 3420 7260 7260
12963 CONNECTION 350 978 300 4440 8880 8880
12964 CONNECTION 350 1044 300 4440 8880 8880
12965 CONNECTION 350 693 300 4620 8460 8460
12966 CONNECTION 350 1064 300 4620 8460 8460
12967 SINK 350 0 -1 -1 300 300
12968 CONNECTION 886 866 -1 -1 1860 1860
12969 CONNECTION 886 388 -1 -1 4200 4200
12970 CONNECTION 886 926 -1 -1 3660 3660
12971 CONNECTION 886 712 300 600 4260 4260
12972 CONNECTION 886 1067 300 1800 5460 5460
12973 CONNECTION 886 793 300 2520 7800 7800
12974 CONNECTION 886 141 300 3600 7260 7260
12975 CONNECTION 886 1077 300 4200 7860 7860
12976 CONNECTION 1030 866 -1 -1 1860 1860
12977 CONNECTION 1030 388 -1 -1 4200 4200
12978 CONNECTION 1030 926 -1 -1 3660 3660
12979 CONNECTION 1030 712 300 600 4260 4260
12980 CONNECTION 1030 1067 300 1800 5460 5460
12981 CONNECTION 1030 793 300 2520 7800 7800
12982 CONNECTION 1030 141 300 3600 7260 7260
12983 CONNECTION 1030 1077 300 4200 7860 7860
12984 CONNECTION 756 757 -1 -1 2160 2160
12985 CONNECTION 756 271 -1 -1 2820 2820
12986 CONNECTION 756 67 -1 -1 2340 2340
12987 CONNECTION 756 867 -1 -1 3960 3960
12988 CONNECTION 756 195 -1 -1 3540 3540
12989 CONNECTION 756 327 300 480 4140 4140
12990 CONNECTION 756 927 300 1320 5760 5760
12991 CONNECTION 756 713 300 1980 6420 6420
12992 CONNECTION 756 518 300 2280 5940 5940
12993 CONNECTION 756 1068 300 3120 7560 7560
12994 CONNECTION 756 640 300 3480 7140 7140
12995 CONNECTION 756 735 300 4080 7740 7740
12996 CONNECTION 12 13 -1 -1 2460 2460
12997 CONNECTION 12 663 -1 -1 2880 2880
12998 CONNECTION 12 352 -1 -1 4020 4020
12999 CONNECTION 12 907 -1 -1 4260 4260
13000 CONNECTION 12 588 300 960 5820 5820
13001 CONNECTION 12 117 300 1200 6060 6060
13002 CONNECTION 12 467 300 1380 6060 6060
13003 CONNECTION 12 977 300 1680 6060 6060
13004 CONNECTION 12 1043 300 1680 6060 6060
13005 CONNECTION 12 221 300 2100 6480 6480
13006 CONNECTION 12 760 300 2760 7620 7620
13007 CONNECTION 12 69 300 3480 7860 7860
13008 CONNECTION 12 870 300 4560 9420 9420
13009 CONNECTION 12 568 300 4800 9660 9660
13010 CONNECTION 66 67 -1 -1 1380 1380
13011 CONNECTION 66 867 -1 -1 3000 3000
13012 CONNECTION 66 195 -1 -1 2580 2580
13013 CONNECTION 66 327 -1 -1 3180 3180
13014 CONNECTION 66 927 300 360 4800 4800
13015 CONNECTION 66 713 300 1020 5460 5460
13016 CONNECTION 66 518 300 1320 4980 4980
13017 CONNECTION 66 1068 300 2160 6600 6600
13018 CONNECTION 66 640 300 2520 6180 6180
13019 CONNECTION 66 735 300 3120 6780 6780
13020 CONNECTION 66 142 300 3960 8400 8400
13021 CONNECTION 66 1078 300 4620 9060 9060
13022 CONNECTION 299 300 -1 -1 1800 1800
13023 CONNECTION 299 37 -1 -1 1740 1740
13024 CONNECTION 299 446 -1 -1 3000 3000
13025 CONNECTION 299 247 -1 -1 2700 2700
13026 CONNECTION 299 220 -1 -1 3060 3060
13027 CONNECTION 299 616 -1 -1 4200 4200
13028 CONNECTION 299 942 -1 -1 5520 5520
13029 CONNECTION 299 417 -1 -1 3900 3900
13030 CONNECTION 299 1062 300 1320 5400 5400
13031 CONNECTION 299 887 300 1380 4860 4860
13032 CONNECTION 299 1051 300 1380 4860 4860
13033 CONNECTION 299 547 300 1500 5100 5100
13034 CONNECTION 299 389 300 1740 5220 5220
13035 CONNECTION 299 494 300 1860 5340 5340
13036 CONNECTION 299 171 300 2520 6600 6600
13037 CONNECTION 299 692 300 2700 6300 6300
13038 CONNECTION 299 1060 300 2700 6300 6300
13039 CONNECTION 299 665 300 3060 6660 6660
13040 CONNECTION 299 303 300 3720 7800 7800
13041 CONNECTION 299 372 300 3840 9120 9120
13042 CONNECTION 299 99 300 3900 7500 7500
13043 CONNECTION 846 847 -1 -1 2580 2580
13044 CONNECTION 846 827 -1 -1 2580 2580
13045 CONNECTION 846 663 -1 -1 3000 3000
13046 CONNECTION 846 352 -1 -1 4140 4140
13047 CONNECTION 846 907 -1 -1 4380 4380
13048 CONNECTION 846 588 300 1080 5940 5940
13049 CONNECTION 846 117 300 1320 6180 6180
13050 CONNECTION 846 467 300 1500 6180 6180
13051 CONNECTION 846 977 300 1800 6180 6180
13052 CONNECTION 846 1043 300 1800 6180 6180
13053 CONNECTION 846 221 300 2220 6600 6600
13054 CONNECTION 846 760 300 2880 7740 7740
13055 CONNECTION 846 69 300 3600 7980 7980
13056 CONNECTION 846 870 300 4680 9540 9540
13057 CONNECTION 139 140 -1 -1 2580 2580
13058 CONNECTION 139 827 -1 -1 2820 2820
13059 CONNECTION 139 663 -1 -1 3240 3240
13060 CONNECTION 139 352 -1 -1 4380 4380
13061 CONNECTION 139 907 -1 -1 4620 4620
13062 CONNECTION 139 588 300 1320 6180 6180
13063 CONNECTION 139 117 300 1560 6420 6420
13064 CONNECTION 139 467 300 1740 6420 6420
13065 CONNECTION 139 977 300 2040 6420 6420
13066 CONNECTION 139 1043 300 2040 6420 6420
13067 CONNECTION 139 221 300 2460 6840 6840
13068 CONNECTION 139 760 300 3120 7980 7980
13069 CONNECTION 139 69 300 3840 8220 8220
13070 CONNECTION 168 169 -1 -1 1560 1560
13071 CONNECTION 168 301 -1 -1 2760 2760
13072 CONNECTION 168 546 -1 -1 3180 3180
13073 CONNECTION 168 447 -1 -1 3960 3960
13074 CONNECTION 168 691 -1 -1 4380 4380
13075 CONNECTION 168 1059 -1 -1 4380 4380
13076 CONNECTION 168 617 300 1320 5160 5160
13077 CONNECTION 168 98 300 1500 5580 5580
13078 CONNECTION 168 1063 300 2520 6360 6360
13079 CONNECTION 168 249 300 2700 6780 6780
13080 CONNECTION 168 172 300 3720 7560 7560
13081 CONNECTION 168 419 300 3900 7980 7980
13082 CONNECTION 777 712 -1 -1 2160 2160
13083 CONNECTION 777 1067 -1 -1 3360 3360
13084 CONNECTION 777 793 300 420 5700 5700
13085 CONNECTION 777 141 300 1500 5160 5160
13086 CONNECTION 777 1077 300 2100 5760 5760
13087 CONNECTION 777 353 300 3300 6960 6960
13088 CONNECTION 777 958 300 4020 9300 9300
13089 CONNECTION 689 615 -1 -1 2100 2100
13090 CONNECTION 689 758 -1 -1 3900 3900
13091 CONNECTION 689 517 -1 -1 4140 4140
13092 CONNECTION 689 1061 -1 -1 3300 3300
13093 CONNECTION 689 272 -1 -1 4560 4560
13094 CONNECTION 689 493 -1 -1 3840 3840
13095 CONNECTION 689 170 300 900 4500 4500
13096 CONNECTION 689 639 300 900 5340 5340
13097 CONNECTION 689 868 300 1260 5700 5700
13098 CONNECTION 689 734 300 1500 5940 5940
13099 CONNECTION 689 302 300 2100 5700 5700
13100 CONNECTION 689 928 300 3060 7500 7500
13101 CONNECTION 689 448 300 3300 6900 6900
13102 CONNECTION 689 829 300 3300 7740 7740
13103 CONNECTION 689 714 300 3720 8160 8160
13104 CONNECTION 689 39 300 3840 7440 7440
13105 CONNECTION 689 618 300 4500 8100 8100
13106 CONNECTION 689 889 300 4500 8940 8940
13107 CONNECTION 689 1053 300 4500 8940 8940
13108 CONNECTION 1036 615 -1 -1 2100 2100
13109 CONNECTION 1036 758 -1 -1 3900 3900
13110 CONNECTION 1036 517 -1 -1 4140 4140
13111 CONNECTION 1036 1061 -1 -1 3300 3300
13112 CONNECTION 1036 272 -1 -1 4560 4560
13113 CONNECTION 1036 493 -1 -1 3840 3840
13114 CONNECTION 1036 170 300 900 4500 4500
13115 CONNECTION 1036 639 300 900 5340 5340
13116 CONNECTION 1036 868 300 1260 5700 5700
13117 CONNECTION 1036 734 300 1500 5940 5940
13118 CONNECTION 1036 302 300 2100 5700 5700
13119 CONNECTION 1036 928 300 3060 7500 7500
13120 CONNECTION 1036 448 300 3300 6900 6900
13121 CONNECTION 1036 829 300 3300 7740 7740
13122 CONNECTION 1036 714 300 3720 8160 8160
13123 CONNECTION 1036 39 300 3840 7440 7440
13124 CONNECTION 1036 618 300 4500 8100 8100
13125 CONNECTION 1036 889 300 4500 8940 8940
13126 CONNECTION 1036 1053 300 4500 8940 8940
13127 CONNECTION 826 827 -1 -1 2100 2100
13128 CONNECTION 826 352 -1 -1 3660 3660
13129 CONNECTION 826 907 -1 -1 3900 3900
13130 CONNECTION 826 588 300 600 5460 5460
13131 CONNECTION 826 117 300 840 5700 5700
13132 CONNECTION 826 467 300 1020 5700 5700
13133 CONNECTION 826 977 300 1320 5700 5700
13134 CONNECTION 826 1043 300 1320 5700 5700
13135 CONNECTION 826 221 300 1740 6120 6120
13136 CONNECTION 826 760 300 2400 7260 7260
13137 CONNECTION 826 69 300 3120 7500 7500
13138 CONNECTION 826 870 300 4200 9060 9060
13139 CONNECTION 826 568 300 4440 9300 9300
13140 CONNECTION 826 809 300 4620 9300 9300
13141 CONNECTION 975 388 -1 -1 3600 3600
13142 CONNECTION 975 926 -1 -1 3060 3060
13143 CONNECTION 975 712 -1 -1 3660 3660
13144 CONNECTION 975 1067 300 1200 4860 4860
13145 CONNECTION 975 793 300 1920 7200 7200
13146 CONNECTION 975 141 300 3000 6660 6660
13147 CONNECTION 975 1077 300 3600 7260 7260
13148 CONNECTION 975 353 300 4800 8460 8460
13149 CONNECTION 1016 388 -1 -1 3600 3600
13150 CONNECTION 1016 926 -1 -1 3060 3060
13151 CONNECTION 1016 712 -1 -1 3660 3660
13152 CONNECTION 1016 1067 300 1200 4860 4860
13153 CONNECTION 1016 793 300 1920 7200 7200
13154 CONNECTION 1016 141 300 3000 6660 6660
13155 CONNECTION 1016 1077 300 3600 7260 7260
13156 CONNECTION 1016 353 300 4800 8460 8460
13157 CONNECTION 270 271 -1 -1 2220 2220
13158 CONNECTION 270 867 -1 -1 3360 3360
13159 CONNECTION 270 195 -1 -1 2940 2940
13160 CONNECTION 270 327 -1 -1 3540 3540
13161 CONNECTION 270 927 300 720 5160 5160
13162 CONNECTION 270 713 300 1380 5820 5820
13163 CONNECTION 270 518 300 1680 5340 5340
13164 CONNECTION 270 1068 300 2520 6960 6960
13165 CONNECTION 270 640 300 2880 6540 6540
13166 CONNECTION 270 735 300 3480 7140 7140
13167 CONNECTION 270 142 300 4320 8760 8760
13168 CONNECTION 415 416 -1 -1 1920 1920
13169 CONNECTION 415 301 -1 -1 2700 2700
13170 CONNECTION 415 546 -1 -1 3120 3120
13171 CONNECTION 415 447 -1 -1 3900 3900
13172 CONNECTION 415 691 -1 -1 4320 4320
13173 CONNECTION 415 1059 -1 -1 4320 4320
13174 CONNECTION 415 617 300 1260 5100 5100
13175 CONNECTION 415 98 300 1440 5520 5520
13176 CONNECTION 415 1063 300 2460 6300 6300
13177 CONNECTION 415 249 300 2640 6720 6720
13178 CONNECTION 415 172 300 3660 7500 7500
13179 CONNECTION 415 419 300 3840 7920 7920
13180 CONNECTION 1041 466 -1 -1 3180 3180
13181 CONNECTION 1041 976 -1 -1 3540 3540
13182 CONNECTION 1041 1042 -1 -1 3540 3540
13183 CONNECTION 1041 68 300 480 5340 5340
13184 CONNECTION 1041 808 300 1920 6780 6780
13185 CONNECTION 1041 328 300 2280 7140 7140
13186 CONNECTION 1041 519 300 4080 8940 8940
13187 CONNECTION 1049 1050 -1 -1 1200 1200
13188 CONNECTION 1049 38 -1 -1 2580 2580
13189 CONNECTION 1049 957 -1 -1 4380 4380
13190 CONNECTION 1049 733 -1 -1 2820 2820
13191 CONNECTION 1049 566 -1 -1 4680 4680
13192 CONNECTION 1049 587 -1 -1 3240 3240
13193 CONNECTION 1049 97 -1 -1 3000 3000
13194 CONNECTION 1049 828 -1 -1 4620 4620
13195 CONNECTION 1049 248 300 360 4200 4200
13196 CONNECTION 1049 664 300 600 4080 4080
13197 CONNECTION 1049 759 300 660 5040 5040
13198 CONNECTION 1049 273 300 1320 4800 4800
13199 CONNECTION 1049 371 300 1380 4860 4860
13200 CONNECTION 1049 888 300 1380 5820 5820
13201 CONNECTION 1049 1052 300 1380 5820 5820
13202 CONNECTION 1049 418 300 1560 5400 5400
13203 CONNECTION 1049 390 300 1800 7980 7980
13204 CONNECTION 1049 495 300 1800 6180 6180
13205 CONNECTION 1049 908 300 1980 6420 6420
13206 CONNECTION 1049 848 300 2100 8280 8280
13207 CONNECTION 1049 869 300 2460 6840 6840
13208 CONNECTION 1049 548 300 2760 6600 6600
13209 CONNECTION 1049 978 300 3780 8220 8220
13210 CONNECTION 1049 1044 300 3780 8220 8220
13211 CONNECTION 1049 693 300 3960 7800 7800
13212 CONNECTION 1049 1064 300 3960 7800 7800
13213 CONNECTION 1049 222 300 4200 7680 7680
13214 CONNECTION 1049 929 300 4260 8640 8640
13215 SINK 1049 0 -1 -1 300 300
13216 CONNECTION 36 37 -1 -1 1200 1200
13217 CONNECTION 36 446 -1 -1 2460 2460
13218 CONNECTION 36 247 -1 -1 2160 2160
13219 CONNECTION 36 220 -1 -1 2520 2520
13220 CONNECTION 36 616 -1 -1 3660 3660
13221 CONNECTION 36 942 -1 -1 4980 4980
13222 CONNECTION 36 417 -1 -1 3360 3360
13223 CONNECTION 36 1062 300 780 4860 4860
13224 CONNECTION 36 887 300 840 4320 4320
13225 CONNECTION 36 1051 300 840 4320 4320
13226 CONNECTION 36 547 300 960 4560 4560
13227 CONNECTION 36 389 300 1200 4680 4680
13228 CONNECTION 36 494 300 1320 4800 4800
13229 CONNECTION 36 171 300 1980 6060 6060
13230 CONNECTION 36 692 300 2160 5760 5760
13231 CONNECTION 36 1060 300 2160 5760 5760
13232 CONNECTION 36 665 300 2520 6120 6120
13233 CONNECTION 36 303 300 3180 7260 7260
13234 CONNECTION 36 372 300 3300 8580 8580
13235 CONNECTION 36 99 300 3360 6960 6960
13236 CONNECTION 36 449 300 4380 8460 8460
13237 CONNECTION 36 196 300 4440 7920 7920
13238 CONNECTION 36 250 300 4560 8160 8160
13239 CONNECTION 36 794 300 4800 8280 8280
13240 CONNECTION 1057 690 -1 -1 2100 2100
13241 CONNECTION 1057 1058 -1 -1 2100 2100
13242 CONNECTION 1057 38 -1 -1 2880 2880
13243 CONNECTION 1057 957 -1 -1 4680 4680
13244 CONNECTION 1057 733 -1 -1 3120 3120
13245 CONNECTION 1057 566 -1 -1 4980 4980
13246 CONNECTION 1057 587 -1 -1 3540 3540
13247 CONNECTION 1057 97 -1 -1 3300 3300
13248 CONNECTION 1057 828 300 480 4920 4920
13249 CONNECTION 1057 248 300 660 4500 4500
13250 CONNECTION 1057 664 300 900 4380 4380
13251 CONNECTION 1057 759 300 960 5340 5340
13252 CONNECTION 1057 273 300 1620 5100 5100
13253 CONNECTION 1057 371 300 1680 5160 5160
13254 CONNECTION 1057 888 300 1680 6120 6120
13255 CONNECTION 1057 1052 300 1680 6120 6120
13256 CONNECTION 1057 418 300 1860 5700 5700
13257 CONNECTION 1057 390 300 2100 8280 8280
13258 CONNECTION 1057 495 300 2100 6480 6480
13259 CONNECTION 1057 908 300 2280 6720 6720
13260 CONNECTION 1057 848 300 2400 8580 8580
13261 CONNECTION 1057 869 300 2760 7140 7140
13262 CONNECTION 1057 548 300 3060 6900 6900
13263 CONNECTION 1057 978 300 4080 8520 8520
13264 CONNECTION 1057 1044 300 4080 8520 8520
13265 CONNECTION 1057 693 300 4260 8100 8100
13266 CONNECTION 1057 1064 300 4260 8100 8100
13267 CONNECTION 1057 222 300 4500 7980 7980
13268 CONNECTION 1057 929 300 4560 8940 8940
13269 SINK 1057 0 -1 -1 300 300
13270 CONNECTION 246 247 -1 -1 1320 1320
13271 CONNECTION 246 616 -1 -1 2820 2820
13272 CONNECTION 246 942 -1 -1 4140 4140
13273 CONNECTION 246 417 -1 -1 2520 2520
13274 CONNECTION 246 1062 -1 -1 4020 4020
13275 CONNECTION 246 887 -1 -1 3480 3480
13276 CONNECTION 246 1051 -1 -1 3480 3480
13277 CONNECTION 246 547 -1 -1 3720 3720
13278 CONNECTION 246 389 300 360 3840 3840
13279 CONNECTION 246 494 300 480 3960 3960
13280 CONNECTION 246 171 300 1140 5220 5220
13281 CONNECTION 246 692 300 1320 4920 4920
13282 CONNECTION 246 1060 300 1320 4920 4920
13283 CONNECTION 246 665 300 1680 5280 5280
13284 CONNECTION 246 303 300 2340 6420 6420
13285 CONNECTION 246 372 300 2460 7740 7740
13286 CONNECTION 246 99 300 2520 6120 6120
13287 CONNECTION 246 449 300 3540 7620 7620
13288 CONNECTION 246 196 300 3600 7080 7080
13289 CONNECTION 246 250 300 3720 7320 7320
13290 CONNECTION 246 794 300 3960 7440 7440
13291 CONNECTION 246 40 300 4080 7560 7560
13292 CONNECTION 246 619 300 4740 8820 8820
13293 CONNECTION 732 733 -1 -1 2160 2160
13294 CONNECTION 732 587 -1 -1 2580 2580
13295 CONNECTION 732 97 -1 -1 2340 2340
13296 CONNECTION 732 828 -1 -1 3960 3960
13297 CONNECTION 732 248 -1 -1 3540 3540
13298 CONNECTION 732 664 -1 -1 3420 3420
13299 CONNECTION 732 759 -1 -1 4380 4380
13300 CONNECTION 732 273 300 660 4140 4140
13301 CONNECTION 732 371 300 720 4200 4200
13302 CONNECTION 732 888 300 720 5160 5160
13303 CONNECTION 732 1052 300 720 5160 5160
13304 CONNECTION 732 418 300 900 4740 4740
13305 CONNECTION 732 390 300 1140 7320 7320
13306 CONNECTION 732 495 300 1140 5520 5520
13307 CONNECTION 732 908 300 1320 5760 5760
13308 CONNECTION 732 848 300 1440 7620 7620
13309 CONNECTION 732 869 300 1800 6180 6180
13310 CONNECTION 732 548 300 2100 5940 5940
13311 CONNECTION 732 978 300 3120 7560 7560
13312 CONNECTION 732 1044 300 3120 7560 7560
13313 CONNECTION 732 693 300 3300 7140 7140
13314 CONNECTION 732 1064 300 3300 7140 7140
13315 CONNECTION 732 222 300 3540 7020 7020
13316 CONNECTION 732 929 300 3600 7980 7980
13317 CONNECTION 732 715 300 4260 7740 7740
13318 CONNECTION 732 197 300 4320 8760 8760
13319 CONNECTION 732 779 300 4320 7800 7800
13320 CONNECTION 732 100 300 4500 8340 8340
13321 CONNECTION 732 41 300 4740 9120 9120
13322 CONNECTION 732 795 300 4740 10920 10920
13323 SINK 732 0 -1 -1 300 300
13324 CONNECTION 194 195 -1 -1 1380 1380
13325 CONNECTION 194 327 -1 -1 1980 1980
13326 CONNECTION 194 927 -1 -1 3600 3600
13327 CONNECTION 194 713 -1 -1 4260 4260
13328 CONNECTION 194 518 -1 -1 3780 3780
13329 CONNECTION 194 1068 300 960 5400 5400
13330 CONNECTION 194 640 300 1320 4980 4980
13331 CONNECTION 194 735 300 1920 5580 5580
13332 CONNECTION 194 142 300 2760 7200 7200
13333 CONNECTION 194 1078 300 3420 7860 7860
13334 CONNECTION 194 830 300 3720 7380 7380
13335 CONNECTION 194 354 300 4560 9000 9000
13336 CONNECTION 445 446 -1 -1 1800 1800
13337 CONNECTION 445 220 -1 -1 1860 1860
13338 CONNECTION 445 616 -1 -1 3000 3000
13339 CONNECTION 445 942 -1 -1 4320 4320
13340 CONNECTION 445 417 -1 -1 2700 2700
13341 CONNECTION 445 1062 -1 -1 4200 4200
13342 CONNECTION 445 887 -1 -1 3660 3660
13343 CONNECTION 445 1051 -1 -1 3660 3660
13344 CONNECTION 445 547 -1 -1 3900 3900
13345 CONNECTION 445 389 300 540 4020 4020
13346 CONNECTION 445 494 300 660 4140 4140
13347 CONNECTION 445 171 300 1320 5400 5400
13348 CONNECTION 445 692 300 1500 5100 5100
13349 CONNECTION 445 1060 300 1500 5100 5100
13350 CONNECTION 445 665 300 1860 5460 5460
13351 CONNECTION 445 303 300 2520 6600 6600
13352 CONNECTION 445 372 300 2640 7920 7920
13353 CONNECTION 445 99 300 2700 6300 6300
13354 CONNECTION 445 449 300 3720 7800 7800
13355 CONNECTION 445 196 300 3780 7260 7260
13356 CONNECTION 445 250 300 3900 7500 7500
13357 CONNECTION 445 794 300 4140 7620 7620
13358 CONNECTION 445 40 300 4260 7740 7740
13359 CONNECTION 757 758 -1 -1 2160 2160
13360 CONNECTION 757 272 -1 -1 2820 2820
13361 CONNECTION 757 493 -1 -1 2100 2100
13362 CONNECTION 757 170 -1 -1 2760 2760
13363 CONNECTION 757 639 -1 -1 3600 3600
13364 CONNECTION 757 868 -1 -1 3960 3960
13365 CONNECTION 757 734 -1 -1 4200 4200
13366 CONNECTION 757 302 300 360 3960 3960
13367 CONNECTION 757 928 300 1320 5760 5760
13368 CONNECTION 757 448 300 1560 5160 5160
13369 CONNECTION 757 829 300 1560 6000 6000
13370 CONNECTION 757 714 300 1980 6420 6420
13371 CONNECTION 757 39 300 2100 5700 5700
13372 CONNECTION 757 618 300 2760 6360 6360
13373 CONNECTION 757 889 300 2760 7200 7200
13374 CONNECTION 757 1053 300 2760 7200 7200
13375 CONNECTION 757 1069 300 3120 7560 7560
13376 CONNECTION 757 909 300 3360 7800 7800
13377 CONNECTION 757 1085 300 3960 7560 7560
13378 CONNECTION 300 301 -1 -1 1560 1560
13379 CONNECTION 300 447 -1 -1 2760 2760
13380 CONNECTION 300 691 -1 -1 3180 3180
13381 CONNECTION 300 1059 -1 -1 3180 3180
13382 CONNECTION 300 617 -1 -1 3960 3960
13383 CONNECTION 300 98 -1 -1 4380 4380
13384 CONNECTION 300 1063 300 1320 5160 5160
13385 CONNECTION 300 249 300 1500 5580 5580
13386 CONNECTION 300 172 300 2520 6360 6360
13387 CONNECTION 300 419 300 2700 6780 6780
13388 CONNECTION 300 304 300 3720 7560 7560
13389 CONNECTION 300 549 300 3900 7980 7980
13390 CONNECTION 637 638 -1 -1 2220 2220
13391 CONNECTION 637 38 -1 -1 2580 2580
13392 CONNECTION 637 957 -1 -1 4380 4380
13393 CONNECTION 637 733 -1 -1 2820 2820
13394 CONNECTION 637 566 -1 -1 4680 4680
13395 CONNECTION 637 587 -1 -1 3240 3240
13396 CONNECTION 637 97 -1 -1 3000 3000
13397 CONNECTION 637 828 -1 -1 4620 4620
13398 CONNECTION 637 248 300 360 4200 4200
13399 CONNECTION 637 664 300 600 4080 4080
13400 CONNECTION 637 759 300 660 5040 5040
13401 CONNECTION 637 273 300 1320 4800 4800
13402 CONNECTION 637 371 300 1380 4860 4860
13403 CONNECTION 637 888 300 1380 5820 5820
13404 CONNECTION 637 1052 300 1380 5820 5820
13405 CONNECTION 637 418 300 1560 5400 5400
13406 CONNECTION 637 390 300 1800 7980 7980
13407 CONNECTION 637 495 300 1800 6180 6180
13408 CONNECTION 637 908 300 1980 6420 6420
13409 CONNECTION 637 848 300 2100 8280 8280
13410 CONNECTION 637 869 300 2460 6840 6840
13411 CONNECTION 637 548 300 2760 6600 6600
13412 CONNECTION 637 978 300 3780 8220 8220
13413 CONNECTION 637 1044 300 3780 8220 8220
13414 CONNECTION 637 693 300 3960 7800 7800
13415 CONNECTION 637 1064 300 3960 7800 7800
13416 CONNECTION 637 222 300 4200 7680 7680
13417 CONNECTION 637 929 300 4260 8640 8640
13418 SINK 637 0 -1 -1 300 300
13419 CONNECTION 516 517 -1 -1 2160 2160
13420 CONNECTION 516 493 -1 -1 1860 1860
13421 CONNECTION 516 170 -1 -1 2520 2520
13422 CONNECTION 516 639 -1 -1 3360 3360
13423 CONNECTION 516 868 -1 -1 3720 3720
13424 CONNECTION 516 734 -1 -1 3960 3960
13425 CONNECTION 516 302 -1 -1 3720 3720
13426 CONNECTION 516 928 300 1080 5520 5520
13427 CONNECTION 516 448 300 1320 4920 4920
13428 CONNECTION 516 829 300 1320 5760 5760
13429 CONNECTION 516 714 300 1740 6180 6180
13430 CONNECTION 516 39 300 1860 5460 5460
13431 CONNECTION 516 618 300 2520 6120 6120
13432 CONNECTION 516 889 300 2520 6960 6960
13433 CONNECTION 516 1053 300 2520 6960 6960
13434 CONNECTION 516 1069 300 2880 7320 7320
13435 CONNECTION 516 909 300 3120 7560 7560
13436 CONNECTION 516 1085 300 3720 7320 7320
13437 CONNECTION 516 143 300 4680 9120 9120
13438 CONNECTION 96 758 -1 -1 2700 2700
13439 CONNECTION 96 517 -1 -1 2940 2940
13440 CONNECTION 96 1061 -1 -1 2100 2100
13441 CONNECTION 96 272 -1 -1 3360 3360
13442 CONNECTION 96 493 -1 -1 2640 2640
13443 CONNECTION 96 170 -1 -1 3300 3300
13444 CONNECTION 96 639 -1 -1 4140 4140
13445 CONNECTION 96 868 -1 -1 4500 4500
13446 CONNECTION 96 734 -1 -1 4740 4740
13447 CONNECTION 96 302 300 900 4500 4500
13448 CONNECTION 96 928 300 1860 6300 6300
13449 CONNECTION 96 448 300 2100 5700 5700
13450 CONNECTION 96 829 300 2100 6540 6540
13451 CONNECTION 96 714 300 2520 6960 6960
13452 CONNECTION 96 39 300 2640 6240 6240
13453 CONNECTION 96 618 300 3300 6900 6900
13454 CONNECTION 96 889 300 3300 7740 7740
13455 CONNECTION 96 1053 300 3300 7740 7740
13456 CONNECTION 96 1069 300 3660 8100 8100
13457 CONNECTION 96 909 300 3900 8340 8340
13458 CONNECTION 96 1085 300 4500 8100 8100
13459 CONNECTION 586 587 -1 -1 2100 2100
13460 CONNECTION 586 828 -1 -1 3480 3480
13461 CONNECTION 586 248 -1 -1 3060 3060
13462 CONNECTION 586 664 -1 -1 2940 2940
13463 CONNECTION 586 759 -1 -1 3900 3900
13464 CONNECTION 586 273 -1 -1 3660 3660
13465 CONNECTION 586 371 -1 -1 3720 3720
13466 CONNECTION 586 888 -1 -1 4680 4680
13467 CONNECTION 586 1052 -1 -1 4680 4680
13468 CONNECTION 586 418 300 420 4260 4260
13469 CONNECTION 586 390 300 660 6840 6840
13470 CONNECTION 586 495 300 660 5040 5040
13471 CONNECTION 586 908 300 840 5280 5280
13472 CONNECTION 586 848 300 960 7140 7140
13473 CONNECTION 586 869 300 1320 5700 5700
13474 CONNECTION 586 548 300 1620 5460 5460
13475 CONNECTION 586 978 300 2640 7080 7080
13476 CONNECTION 586 1044 300 2640 7080 7080
13477 CONNECTION 586 693 300 2820 6660 6660
13478 CONNECTION 586 1064 300 2820 6660 6660
13479 CONNECTION 586 222 300 3060 6540 6540
13480 CONNECTION 586 929 300 3120 7500 7500
13481 CONNECTION 586 715 300 3780 7260 7260
13482 CONNECTION 586 197 300 3840 8280 8280
13483 CONNECTION 586 779 300 3840 7320 7320
13484 CONNECTION 586 100 300 4020 7860 7860
13485 CONNECTION 586 41 300 4260 8640 8640
13486 CONNECTION 586 795 300 4260 10440 10440
13487 CONNECTION 586 70 300 4440 8880 8880
13488 CONNECTION 586 118 300 4560 10740 10740
13489 SINK 586 0 -1 -1 300 300
13490 CONNECTION 807 273 -1 -1 1920 1920
13491 CONNECTION 807 371 -1 -1 1980 1980
13492 CONNECTION 807 888 -1 -1 2940 2940
13493 CONNECTION 807 1052 -1 -1 2940 2940
13494 CONNECTION 807 418 -1 -1 2520 2520
13495 CONNECTION 807 390 -1 -1 5100 5100
13496 CONNECTION 807 495 -1 -1 3300 3300
13497 CONNECTION 807 908 -1 -1 3540 3540
13498 CONNECTION 807 848 -1 -1 5400 5400
13499 CONNECTION 807 869 -1 -1 3960 3960
13500 CONNECTION 807 548 -1 -1 3720 3720
13501 CONNECTION 807 978 300 900 5340 5340
13502 CONNECTION 807 1044 300 900 5340 5340
13503 CONNECTION 807 693 300 1080 4920 4920
13504 CONNECTION 807 1064 300 1080 4920 4920
13505 CONNECTION 807 222 300 1320 4800 4800
13506 CONNECTION 807 929 300 1380 5760 5760
13507 CONNECTION 807 715 300 2040 5520 5520
13508 CONNECTION 807 197 300 2100 6540 6540
13509 CONNECTION 807 779 300 2100 5580 5580
13510 CONNECTION 807 100 300 2280 6120 6120
13511 CONNECTION 807 41 300 2520 6900 6900
13512 CONNECTION 807 795 300 2520 8700 8700
13513 CONNECTION 807 70 300 2700 7140 7140
13514 CONNECTION 807 118 300 2820 9000 9000
13515 CONNECTION 807 1070 300 3180 7560 7560
13516 CONNECTION 807 251 300 3480 7320 7320
13517 CONNECTION 807 330 300 4500 8940 8940
13518 CONNECTION 807 421 300 4680 8520 8520
13519 SINK 807 0 -1 -1 300 300
13520 CONNECTION 545 546 -1 -1 1920 1920
13521 CONNECTION 545 447 -1 -1 2700 2700
13522 CONNECTION 545 691 -1 -1 3120 3120
13523 CONNECTION 545 1059 -1 -1 3120 3120
13524 CONNECTION 545 617 -1 -1 3900 3900
13525 CONNECTION 545 98 -1 -1 4320 4320
13526 CONNECTION 545 1063 300 1260 5100 5100
13527 CONNECTION 545 249 300 1440 5520 5520
13528 CONNECTION 545 172 300 2460 6300 6300
13529 CONNECTION 545 419 300 2640 6720 6720
13530 CONNECTION 545 304 300 3660 7500 7500
13531 CONNECTION 545 549 300 3840 7920 7920
13532 CONNECTION 866 867 -1 -1 2160 2160
13533 CONNECTION 866 327 -1 -1 2340 2340
13534 CONNECTION 866 927 -1 -1 3960 3960
13535 CONNECTION 866 713 -1 -1 4620 4620
13536 CONNECTION 866 518 300 480 4140 4140
13537 CONNECTION 866 1068 300 1320 5760 5760
13538 CONNECTION 866 640 300 1680 5340 5340
13539 CONNECTION 866 735 300 2280 5940 5940
13540 CONNECTION 866 142 300 3120 7560 7560
13541 CONNECTION 866 1078 300 3780 8220 8220
13542 CONNECTION 866 830 300 4080 7740 7740
13543 CONNECTION 956 957 -1 -1 4020 4020
13544 CONNECTION 956 587 -1 -1 2880 2880
13545 CONNECTION 956 97 -1 -1 2640 2640
13546 CONNECTION 956 828 -1 -1 4260 4260
13547 CONNECTION 956 248 -1 -1 3840 3840
13548 CONNECTION 956 664 -1 -1 3720 3720
13549 CONNECTION 956 759 -1 -1 4680 4680
13550 CONNECTION 956 273 300 960 4440 4440
13551 CONNECTION 956 371 300 1020 4500 4500
13552 CONNECTION 956 888 300 1020 5460 5460
13553 CONNECTION 956 1052 300 1020 5460 5460
13554 CONNECTION 956 418 300 1200 5040 5040
13555 CONNECTION 956 390 300 1440 7620 7620
13556 CONNECTION 956 495 300 1440 5820 5820
13557 CONNECTION 956 908 300 1620 6060 6060
13558 CONNECTION 956 848 300 1740 7920 7920
13559 CONNECTION 956 869 300 2100 6480 6480
13560 CONNECTION 956 548 300 2400 6240 6240
13561 CONNECTION 956 978 300 3420 7860 7860
13562 CONNECTION 956 1044 300 3420 7860 7860
13563 CONNECTION 956 693 300 3600 7440 7440
13564 CONNECTION 956 1064 300 3600 7440 7440
13565 CONNECTION 956 222 300 3840 7320 7320
13566 CONNECTION 956 929 300 3900 8280 8280
13567 CONNECTION 956 715 300 4560 8040 8040
13568 CONNECTION 956 197 300 4620 9060 9060
13569 CONNECTION 956 779 300 4620 8100 8100
13570 CONNECTION 956 100 300 4800 8640 8640
13571 SINK 956 0 -1 -1 300 300
13572 CONNECTION 326 327 -1 -1 1380 1380
13573 CONNECTION 326 927 -1 -1 3000 3000
13574 CONNECTION 326 713 -1 -1 3660 3660
13575 CONNECTION 326 518 -1 -1 3180 3180
13576 CONNECTION 326 1068 300 360 4800 4800
13577 CONNECTION 326 640 300 720 4380 4380
13578 CONNECTION 326 735 300 1320 4980 4980
13579 CONNECTION 326 142 300 2160 6600 6600
13580 CONNECTION 326 1078 300 2820 7260 7260
13581 CONNECTION 326 830 300 3120 6780 6780
13582 CONNECTION 326 354 300 3960 8400 8400
13583 CONNECTION 326 890 300 4320 7980 7980
13584 CONNECTION 326 1054 300 4320 7980 7980
13585 CONNECTION 37 38 -1 -1 2100 2100
13586 CONNECTION 37 587 -1 -1 2760 2760
13587 CONNECTION 37 97 -1 -1 2520 2520
13588 CONNECTION 37 828 -1 -1 4140 4140
13589 CONNECTION 37 248 -1 -1 3720 3720
13590 CONNECTION 37 664 -1 -1 3600 3600
13591 CONNECTION 37 759 -1 -1 4560 4560
13592 CONNECTION 37 273 300 840 4320 4320
13593 CONNECTION 37 371 300 900 4380 4380
13594 CONNECTION 37 888 300 900 5340 5340
13595 CONNECTION 37 1052 300 900 5340 5340
13596 CONNECTION 37 418 300 1080 4920 4920
13597 CONNECTION 37 390 300 1320 7500 7500
13598 CONNECTION 37 495 300 1320 5700 5700
13599 CONNECTION 37 908 300 1500 5940 5940
13600 CONNECTION 37 848 300 1620 7800 7800
13601 CONNECTION 37 869 300 1980 6360 6360
13602 CONNECTION 37 548 300 2280 6120 6120
13603 CONNECTION 37 978 300 3300 7740 7740
13604 CONNECTION 37 1044 300 3300 7740 7740
13605 CONNECTION 37 693 300 3480 7320 7320
13606 CONNECTION 37 1064 300 3480 7320 7320
13607 CONNECTION 37 222 300 3720 7200 7200
13608 CONNECTION 37 929 300 3780 8160 8160
13609 CONNECTION 37 715 300 4440 7920 7920
13610 CONNECTION 37 197 300 4500 8940 8940
13611 CONNECTION 37 779 300 4500 7980 7980
13612 CONNECTION 37 100 300 4680 8520 8520
13613 SINK 37 0 -1 -1 300 300
13614 CONNECTION 219 220 -1 -1 1320 1320
13615 CONNECTION 219 616 -1 -1 2460 2460
13616 CONNECTION 219 942 -1 -1 3780 3780
13617 CONNECTION 219 417 -1 -1 2160 2160
13618 CONNECTION 219 1062 -1 -1 3660 3660
13619 CONNECTION 219 887 -1 -1 3120 3120
13620 CONNECTION 219 1051 -1 -1 3120 3120
13621 CONNECTION 219 547 -1 -1 3360 3360
13622 CONNECTION 219 389 -1 -1 3480 3480
13623 CONNECTION 219 494 -1 -1 3600 3600
13624 CONNECTION 219 171 300 780 4860 4860
13625 CONNECTION 219 692 300 960 4560 4560
13626 CONNECTION 219 1060 300 960 4560 4560
13627 CONNECTION 219 665 300 1320 4920 4920
13628 CONNECTION 219 303 300 1980 6060 6060
13629 CONNECTION 219 372 300 2100 7380 7380
13630 CONNECTION 219 99 300 2160 5760 5760
13631 CONNECTION 219 449 300 3180 7260 7260
13632 CONNECTION 219 196 300 3240 6720 6720
13633 CONNECTION 219 250 300 3360 6960 6960
13634 CONNECTION 219 794 300 3600 7080 7080
13635 CONNECTION 219 40 300 3720 7200 7200
13636 CONNECTION 219 619 300 4380 8460 8460
13637 CONNECTION 219 420 300 4560 8160 8160
13638 CONNECTION 271 272 -1 -1 2160 2160
13639 CONNECTION 271 170 -1 -1 2100 2100
13640 CONNECTION 271 639 -1 -1 2940 2940
13641 CONNECTION 271 868 -1 -1 3300 3300
13642 CONNECTION 271 734 -1 -1 3540 3540
13643 CONNECTION 271 302 -1 -1 3300 3300
13644 CONNECTION 271 928 300 660 5100 5100
13645 CONNECTION 271 448 300 900 4500 4500
13646 CONNECTION 271 829 300 900 5340 5340
13647 CONNECTION 271 714 300 1320 5760 5760
13648 CONNECTION 271 39 300 1440 5040 5040
13649 CONNECTION 271 618 300 2100 5700 5700
13650 CONNECTION 271 889 300 2100 6540 6540
13651 CONNECTION 271 1053 300 2100 6540 6540
13652 CONNECTION 271 1069 300 2460 6900 6900
13653 CONNECTION 271 909 300 2700 7140 7140
13654 CONNECTION 271 1085 300 3300 6900 6900
13655 CONNECTION 271 143 300 4260 8700 8700
13656 CONNECTION 271 173 300 4500 8100 8100
13657 CONNECTION 271 979 300 4500 8940 8940
13658 CONNECTION 271 1045 300 4500 8940 8940
13659 CONNECTION 169 97 -1 -1 2100 2100
13660 CONNECTION 169 828 -1 -1 3720 3720
13661 CONNECTION 169 248 -1 -1 3300 3300
13662 CONNECTION 169 664 -1 -1 3180 3180
13663 CONNECTION 169 759 -1 -1 4140 4140
13664 CONNECTION 169 273 300 420 3900 3900
13665 CONNECTION 169 371 300 480 3960 3960
13666 CONNECTION 169 888 300 480 4920 4920
13667 CONNECTION 169 1052 300 480 4920 4920
13668 CONNECTION 169 418 300 660 4500 4500
13669 CONNECTION 169 390 300 900 7080 7080
13670 CONNECTION 169 495 300 900 5280 5280
13671 CONNECTION 169 908 300 1080 5520 5520
13672 CONNECTION 169 848 300 1200 7380 7380
13673 CONNECTION 169 869 300 1560 5940 5940
13674 CONNECTION 169 548 300 1860 5700 5700
13675 CONNECTION 169 978 300 2880 7320 7320
13676 CONNECTION 169 1044 300 2880 7320 7320
13677 CONNECTION 169 693 300 3060 6900 6900
13678 CONNECTION 169 1064 300 3060 6900 6900
13679 CONNECTION 169 222 300 3300 6780 6780
13680 CONNECTION 169 929 300 3360 7740 7740
13681 CONNECTION 169 715 300 4020 7500 7500
13682 CONNECTION 169 197 300 4080 8520 8520
13683 CONNECTION 169 779 300 4080 7560 7560
13684 CONNECTION 169 100 300 4260 8100 8100
13685 CONNECTION 169 41 300 4500 8880 8880
13686 CONNECTION 169 795 300 4500 10680 10680
13687 CONNECTION 169 70 300 4680 9120 9120
13688 CONNECTION 169 118 300 4800 10980 10980
13689 SINK 169 0 -1 -1 300 300
13690 CONNECTION 351 352 -1 -1 2580 2580
13691 CONNECTION 351 907 -1 -1 2820 2820
13692 CONNECTION 351 588 -1 -1 4380 4380
13693 CONNECTION 351 117 -1 -1 4620 4620
13694 CONNECTION 351 467 -1 -1 4620 4620
13695 CONNECTION 351 977 -1 -1 4620 4620
13696 CONNECTION 351 1043 -1 -1 4620 4620
13697 CONNECTION 351 221 300 660 5040 5040
13698 CONNECTION 351 760 300 1320 6180 6180
13699 CONNECTION 351 69 300 2040 6420 6420
13700 CONNECTION 351 870 300 3120 7980 7980
13701 CONNECTION 351 568 300 3360 8220 8220
13702 CONNECTION 351 809 300 3540 8220 8220
13703 CONNECTION 351 329 300 3840 8220 8220
13704 CONNECTION 351 666 300 4260 8640 8640
13705 CONNECTION 416 417 -1 -1 1320 1320
13706 CONNECTION 416 1062 -1 -1 2820 2820
13707 CONNECTION 416 887 -1 -1 2280 2280
13708 CONNECTION 416 1051 -1 -1 2280 2280
13709 CONNECTION 416 547 -1 -1 2520 2520
13710 CONNECTION 416 389 -1 -1 2640 2640
13711 CONNECTION 416 494 -1 -1 2760 2760
13712 CONNECTION 416 171 -1 -1 4020 4020
13713 CONNECTION 416 692 -1 -1 3720 3720
13714 CONNECTION 416 1060 -1 -1 3720 3720
13715 CONNECTION 416 665 300 480 4080 4080
13716 CONNECTION 416 303 300 1140 5220 5220
13717 CONNECTION 416 372 300 1260 6540 6540
13718 CONNECTION 416 99 300 1320 4920 4920
13719 CONNECTION 416 449 300 2340 6420 6420
13720 CONNECTION 416 196 300 2400 5880 5880
13721 CONNECTION 416 250 300 2520 6120 6120
13722 CONNECTION 416 794 300 2760 6240 6240
13723 CONNECTION 416 40 300 2880 6360 6360
13724 CONNECTION 416 619 300 3540 7620 7620
13725 CONNECTION 416 420 300 3720 7320 7320
13726 CONNECTION 416 223 300 4080 7680 7680
13727 CONNECTION 416 1086 300 4740 8820 8820
13728 CONNECTION 67 712 -1 -1 1860 1860
13729 CONNECTION 67 1067 -1 -1 3060 3060
13730 CONNECTION 67 793 -1 -1 5400 5400
13731 CONNECTION 67 141 300 1200 4860 4860
13732 CONNECTION 67 1077 300 1800 5460 5460
13733 CONNECTION 67 353 300 3000 6660 6660
13734 CONNECTION 67 958 300 3720 9000 9000
13735 CONNECTION 67 589 300 4800 8460 8460
13736 CONNECTION 906 907 -1 -1 2100 2100
13737 CONNECTION 906 588 -1 -1 3660 3660
13738 CONNECTION 906 117 -1 -1 3900 3900
13739 CONNECTION 906 467 -1 -1 3900 3900
13740 CONNECTION 906 977 -1 -1 3900 3900
13741 CONNECTION 906 1043 -1 -1 3900 3900
13742 CONNECTION 906 221 -1 -1 4320 4320
13743 CONNECTION 906 760 300 600 5460 5460
13744 CONNECTION 906 69 300 1320 5700 5700
13745 CONNECTION 906 870 300 2400 7260 7260
13746 CONNECTION 906 568 300 2640 7500 7500
13747 CONNECTION 906 809 300 2820 7500 7500
13748 CONNECTION 906 329 300 3120 7500 7500
13749 CONNECTION 906 666 300 3540 7920 7920
13750 CONNECTION 906 930 300 4200 9060 9060
13751 CONNECTION 140 68 -1 -1 3540 3540
13752 CONNECTION 140 808 -1 -1 4980 4980
13753 CONNECTION 140 328 300 480 5340 5340
13754 CONNECTION 140 519 300 2280 7140 7140
13755 CONNECTION 140 15 300 3720 8580 8580
13756 CONNECTION 140 736 300 4080 8940 8940
13757 CONNECTION 370 371 -1 -1 1200 1200
13758 CONNECTION 370 908 -1 -1 2760 2760
13759 CONNECTION 370 848 -1 -1 4620 4620
13760 CONNECTION 370 869 -1 -1 3180 3180
13761 CONNECTION 370 548 -1 -1 2940 2940
13762 CONNECTION 370 978 -1 -1 4560 4560
13763 CONNECTION 370 1044 -1 -1 4560 4560
13764 CONNECTION 370 693 -1 -1 4140 4140
13765 CONNECTION 370 1064 -1 -1 4140 4140
13766 CONNECTION 370 222 300 540 4020 4020
13767 CONNECTION 370 929 300 600 4980 4980
13768 CONNECTION 370 715 300 1260 4740 4740
13769 CONNECTION 370 197 300 1320 5760 5760
13770 CONNECTION 370 779 300 1320 4800 4800
13771 CONNECTION 370 100 300 1500 5340 5340
13772 CONNECTION 370 41 300 1740 6120 6120
13773 CONNECTION 370 795 300 1740 7920 7920
13774 CONNECTION 370 70 300 1920 6360 6360
13775 CONNECTION 370 118 300 2040 8220 8220
13776 CONNECTION 370 1070 300 2400 6780 6780
13777 CONNECTION 370 251 300 2700 6540 6540
13778 CONNECTION 370 330 300 3720 8160 8160
13779 CONNECTION 370 421 300 3900 7740 7740
13780 CONNECTION 370 667 300 4140 7620 7620
13781 CONNECTION 370 144 300 4200 8580 8580
13782 SINK 370 0 -1 -1 300 300
13783 CONNECTION 388 389 -1 -1 1200 1200
13784 CONNECTION 388 171 -1 -1 2580 2580
13785 CONNECTION 388 692 -1 -1 2280 2280
13786 CONNECTION 388 1060 -1 -1 2280 2280
13787 CONNECTION 388 665 -1 -1 2640 2640
13788 CONNECTION 388 303 -1 -1 3780 3780
13789 CONNECTION 388 372 -1 -1 5100 5100
13790 CONNECTION 388 99 -1 -1 3480 3480
13791 CONNECTION 388 449 300 900 4980 4980
13792 CONNECTION 388 196 300 960 4440 4440
13793 CONNECTION 388 250 300 1080 4680 4680
13794 CONNECTION 388 794 300 1320 4800 4800
13795 CONNECTION 388 40 300 1440 4920 4920
13796 CONNECTION 388 619 300 2100 6180 6180
13797 CONNECTION 388 420 300 2280 5880 5880
13798 CONNECTION 388 223 300 2640 6240 6240
13799 CONNECTION 388 1086 300 3300 7380 7380
13800 CONNECTION 388 550 300 3480 7080 7080
13801 CONNECTION 388 174 300 4500 8580 8580
13802 CONNECTION 388 641 300 4560 8040 8040
13803 CONNECTION 388 695 300 4680 8280 8280
13804 CONNECTION 388 1066 300 4680 8280 8280
13805 CONNECTION 615 616 -1 -1 1800 1800
13806 CONNECTION 615 1062 -1 -1 3000 3000
13807 CONNECTION 615 887 -1 -1 2460 2460
13808 CONNECTION 615 1051 -1 -1 2460 2460
13809 CONNECTION 615 547 -1 -1 2700 2700
13810 CONNECTION 615 389 -1 -1 2820 2820
13811 CONNECTION 615 494 -1 -1 2940 2940
13812 CONNECTION 615 171 -1 -1 4200 4200
13813 CONNECTION 615 692 -1 -1 3900 3900
13814 CONNECTION 615 1060 -1 -1 3900 3900
13815 CONNECTION 615 665 300 660 4260 4260
13816 CONNECTION 615 303 300 1320 5400 5400
13817 CONNECTION 615 372 300 1440 6720 6720
13818 CONNECTION 615 99 300 1500 5100 5100
13819 CONNECTION 615 449 300 2520 6600 6600
13820 CONNECTION 615 196 300 2580 6060 6060
13821 CONNECTION 615 250 300 2700 6300 6300
13822 CONNECTION 615 794 300 2940 6420 6420
13823 CONNECTION 615 40 300 3060 6540 6540
13824 CONNECTION 615 619 300 3720 7800 7800
13825 CONNECTION 615 420 300 3900 7500 7500
13826 CONNECTION 615 223 300 4260 7860 7860
13827 CONNECTION 847 68 -1 -1 3300 3300
13828 CONNECTION 847 808 -1 -1 4740 4740
13829 CONNECTION 847 328 -1 -1 5100 5100
13830 CONNECTION 847 519 300 2040 6900 6900
13831 CONNECTION 847 15 300 3480 8340 8340
13832 CONNECTION 847 736 300 3840 8700 8700
13833 CONNECTION 446 447 -1 -1 1560 1560
13834 CONNECTION 446 617 -1 -1 2760 2760
13835 CONNECTION 446 98 -1 -1 3180 3180
13836 CONNECTION 446 1063 -1 -1 3960 3960
13837 CONNECTION 446 249 -1 -1 4380 4380
13838 CONNECTION 446 172 300 1320 5160 5160
13839 CONNECTION 446 419 300 1500 5580 5580
13840 CONNECTION 446 304 300 2520 6360 6360
13841 CONNECTION 446 549 300 2700 6780 6780
13842 CONNECTION 446 450 300 3720 7560 7560
13843 CONNECTION 446 694 300 3900 7980 7980
13844 CONNECTION 446 1065 300 3900 7980 7980
13845 CONNECTION 1050 1062 -1 -1 2940 2940
13846 CONNECTION 1050 887 -1 -1 2400 2400
13847 CONNECTION 1050 1051 -1 -1 2400 2400
13848 CONNECTION 1050 547 -1 -1 2640 2640
13849 CONNECTION 1050 389 -1 -1 2760 2760
13850 CONNECTION 1050 494 -1 -1 2880 2880
13851 CONNECTION 1050 171 -1 -1 4140 4140
13852 CONNECTION 1050 692 -1 -1 3840 3840
13853 CONNECTION 1050 1060 -1 -1 3840 3840
13854 CONNECTION 1050 665 300 600 4200 4200
13855 CONNECTION 1050 303 300 1260 5340 5340
13856 CONNECTION 1050 372 300 1380 6660 6660
13857 CONNECTION 1050 99 300 1440 5040 5040
13858 CONNECTION 1050 449 300 2460 6540 6540
13859 CONNECTION 1050 196 300 2520 6000 6000
13860 CONNECTION 1050 250 300 2640 6240 6240
13861 CONNECTION 1050 794 300 2880 6360 6360
13862 CONNECTION 1050 40 300 3000 6480 6480
13863 CONNECTION 1050 619 300 3660 7740 7740
13864 CONNECTION 1050 420 300 3840 7440 7440
13865 CONNECTION 1050 223 300 4200 7800 7800
13866 CONNECTION 13 14 -1 -1 4020 4020
13867 CONNECTION 13 778 -1 -1 4800 4800
13868 CONNECTION 13 567 -1 -1 4620 4620
13869 CONNECTION 13 468 300 1440 7620 7620
13870 CONNECTION 13 943 300 2220 8400 8400
13871 CONNECTION 13 849 300 3540 8220 8220
13872 CONNECTION 638 639 -1 -1 2160 2160
13873 CONNECTION 638 734 -1 -1 2760 2760
13874 CONNECTION 638 302 -1 -1 2520 2520
13875 CONNECTION 638 928 -1 -1 4320 4320
13876 CONNECTION 638 448 -1 -1 3720 3720
13877 CONNECTION 638 829 -1 -1 4560 4560
13878 CONNECTION 638 714 300 540 4980 4980
13879 CONNECTION 638 39 300 660 4260 4260
13880 CONNECTION 638 618 300 1320 4920 4920
13881 CONNECTION 638 889 300 1320 5760 5760
13882 CONNECTION 638 1053 300 1320 5760 5760
13883 CONNECTION 638 1069 300 1680 6120 6120
13884 CONNECTION 638 909 300 1920 6360 6360
13885 CONNECTION 638 1085 300 2520 6120 6120
13886 CONNECTION 638 143 300 3480 7920 7920
13887 CONNECTION 638 173 300 3720 7320 7320
13888 CONNECTION 638 979 300 3720 8160 8160
13889 CONNECTION 638 1045 300 3720 8160 8160
13890 CONNECTION 638 1079 300 4140 8580 8580
13891 CONNECTION 638 496 300 4260 7860 7860
13892 CONNECTION 941 942 -1 -1 3000 3000
13893 CONNECTION 941 1062 -1 -1 2880 2880
13894 CONNECTION 941 887 -1 -1 2340 2340
13895 CONNECTION 941 1051 -1 -1 2340 2340
13896 CONNECTION 941 547 -1 -1 2580 2580
13897 CONNECTION 941 389 -1 -1 2700 2700
13898 CONNECTION 941 494 -1 -1 2820 2820
13899 CONNECTION 941 171 -1 -1 4080 4080
13900 CONNECTION 941 692 -1 -1 3780 3780
13901 CONNECTION 941 1060 -1 -1 3780 3780
13902 CONNECTION 941 665 300 540 4140 4140
13903 CONNECTION 941 303 300 1200 5280 5280
13904 CONNECTION 941 372 300 1320 6600 6600
13905 CONNECTION 941 99 300 1380 4980 4980
13906 CONNECTION 941 449 300 2400 6480 6480
13907 CONNECTION 941 196 300 2460 5940 5940
13908 CONNECTION 941 250 300 2580 6180 6180
13909 CONNECTION 941 794 300 2820 6300 6300
13910 CONNECTION 941 40 300 2940 6420 6420
13911 CONNECTION 941 619 300 3600 7680 7680
13912 CONNECTION 941 420 300 3780 7380 7380
13913 CONNECTION 941 223 300 4140 7740 7740
13914 CONNECTION 941 1086 300 4800 8880 8880
13915 CONNECTION 247 170 -1 -1 2100 2100
13916 CONNECTION 247 639 -1 -1 2940 2940
13917 CONNECTION 247 868 -1 -1 3300 3300
13918 CONNECTION 247 734 -1 -1 3540 3540
13919 CONNECTION 247 302 -1 -1 3300 3300
13920 CONNECTION 247 928 300 660 5100 5100
13921 CONNECTION 247 448 300 900 4500 4500
13922 CONNECTION 247 829 300 900 5340 5340
13923 CONNECTION 247 714 300 1320 5760 5760
13924 CONNECTION 247 39 300 1440 5040 5040
13925 CONNECTION 247 618 300 2100 5700 5700
13926 CONNECTION 247 889 300 2100 6540 6540
13927 CONNECTION 247 1053 300 2100 6540 6540
13928 CONNECTION 247 1069 300 2460 6900 6900
13929 CONNECTION 247 909 300 2700 7140 7140
13930 CONNECTION 247 1085 300 3300 6900 6900
13931 CONNECTION 247 143 300 4260 8700 8700
13932 CONNECTION 247 173 300 4500 8100 8100
13933 CONNECTION 247 979 300 4500 8940 8940
13934 CONNECTION 247 1045 300 4500 8940 8940
13935 CONNECTION 690 691 -1 -1 1920 1920
13936 CONNECTION 690 617 -1 -1 2700 2700
13937 CONNECTION 690 98 -1 -1 3120 3120
13938 CONNECTION 690 1063 -1 -1 3900 3900
13939 CONNECTION 690 249 -1 -1 4320 4320
13940 CONNECTION 690 172 300 1260 5100 5100
13941 CONNECTION 690 419 300 1440 5520 5520
13942 CONNECTION 690 304 300 2460 6300 6300
13943 CONNECTION 690 549 300 2640 6720 6720
13944 CONNECTION 690 450 300 3660 7500 7500
13945 CONNECTION 690 694 300 3840 7920 7920
13946 CONNECTION 690 1065 300 3840 7920 7920
13947 CONNECTION 1058 1059 -1 -1 1920 1920
13948 CONNECTION 1058 617 -1 -1 2700 2700
13949 CONNECTION 1058 98 -1 -1 3120 3120
13950 CONNECTION 1058 1063 -1 -1 3900 3900
13951 CONNECTION 1058 249 -1 -1 4320 4320
13952 CONNECTION 1058 172 300 1260 5100 5100
13953 CONNECTION 1058 419 300 1440 5520 5520
13954 CONNECTION 1058 304 300 2460 6300 6300
13955 CONNECTION 1058 549 300 2640 6720 6720
13956 CONNECTION 1058 450 300 3660 7500 7500
13957 CONNECTION 1058 694 300 3840 7920 7920
13958 CONNECTION 1058 1065 300 3840 7920 7920
13959 CONNECTION 827 828 -1 -1 2160 2160
13960 CONNECTION 827 759 -1 -1 2580 2580
13961 CONNECTION 827 273 -1 -1 2340 2340
13962 CONNECTION 827 371 -1 -1 2400 2400
13963 CONNECTION 827 888 -1 -1 3360 3360
13964 CONNECTION 827 1052 -1 -1 3360 3360
13965 CONNECTION 827 418 -1 -1 2940 2940
13966 CONNECTION 827 390 -1 -1 5520 5520
13967 CONNECTION 827 495 -1 -1 3720 3720
13968 CONNECTION 827 908 -1 -1 3960 3960
13969 CONNECTION 827 848 -1 -1 5820 5820
13970 CONNECTION 827 869 -1 -1 4380 4380
13971 CONNECTION 827 548 -1 -1 4140 4140
13972 CONNECTION 827 978 300 1320 5760 5760
13973 CONNECTION 827 1044 300 1320 5760 5760
13974 CONNECTION 827 693 300 1500 5340 5340
13975 CONNECTION 827 1064 300 1500 5340 5340
13976 CONNECTION 827 222 300 1740 5220 5220
13977 CONNECTION 827 929 300 1800 6180 6180
13978 CONNECTION 827 715 300 2460 5940 5940
13979 CONNECTION 827 197 300 2520 6960 6960
13980 CONNECTION 827 779 300 2520 6000 6000
13981 CONNECTION 827 100 300 2700 6540 6540
13982 CONNECTION 827 41 300 2940 7320 7320
13983 CONNECTION 827 795 300 2940 9120 9120
13984 CONNECTION 827 70 300 3120 7560 7560
13985 CONNECTION 827 118 300 3240 9420 9420
13986 CONNECTION 827 1070 300 3600 7980 7980
13987 CONNECTION 827 251 300 3900 7740 7740
13988 SINK 827 0 -1 -1 300 300
13989 CONNECTION 867 868 -1 -1 2160 2160
13990 CONNECTION 867 302 -1 -1 2160 2160
13991 CONNECTION 867 928 -1 -1 3960 3960
13992 CONNECTION 867 448 -1 -1 3360 3360
13993 CONNECTION 867 829 -1 -1 4200 4200
13994 CONNECTION 867 714 -1 -1 4620 4620
13995 CONNECTION 867 39 -1 -1 3900 3900
13996 CONNECTION 867 618 300 960 4560 4560
13997 CONNECTION 867 889 300 960 5400 5400
13998 CONNECTION 867 1053 300 960 5400 5400
13999 CONNECTION 867 1069 300 1320 5760 5760
14000 CONNECTION 867 909 300 1560 6000 6000
14001 CONNECTION 867 1085 300 2160 5760 5760
14002 CONNECTION 867 143 300 3120 7560 7560
14003 CONNECTION 867 173 300 3360 6960 6960
14004 CONNECTION 867 979 300 3360 7800 7800
14005 CONNECTION 867 1045 300 3360 7800 7800
14006 CONNECTION 867 1079 300 3780 8220 8220
14007 CONNECTION 867 496 300 3900 7500 7500
14008 CONNECTION 867 305 300 4560 8160 8160
14009 CONNECTION 38 588 -1 -1 3240 3240
14010 CONNECTION 38 117 -1 -1 3480 3480
14011 CONNECTION 38 467 -1 -1 3480 3480
14012 CONNECTION 38 977 -1 -1 3480 3480
14013 CONNECTION 38 1043 -1 -1 3480 3480
14014 CONNECTION 38 221 -1 -1 3900 3900
14015 CONNECTION 38 760 -1 -1 5040 5040
14016 CONNECTION 38 69 300 900 5280 5280
14017 CONNECTION 38 870 300 1980 6840 6840
14018 CONNECTION 38 568 300 2220 7080 7080
14019 CONNECTION 38 809 300 2400 7080 7080
14020 CONNECTION 38 329 300 2700 7080 7080
14021 CONNECTION 38 666 300 3120 7500 7500
14022 CONNECTION 38 930 300 3780 8640 8640
14023 CONNECTION 38 520 300 4500 8880 8880
14024 CONNECTION 220 868 -1 -1 2940 2940
14025 CONNECTION 220 734 -1 -1 3180 3180
14026 CONNECTION 220 302 -1 -1 2940 2940
14027 CONNECTION 220 928 -1 -1 4740 4740
14028 CONNECTION 220 448 300 540 4140 4140
14029 CONNECTION 220 829 300 540 4980 4980
14030 CONNECTION 220 714 300 960 5400 5400
14031 CONNECTION 220 39 300 1080 4680 4680
14032 CONNECTION 220 618 300 1740 5340 5340
14033 CONNECTION 220 889 300 1740 6180 6180
14034 CONNECTION 220 1053 300 1740 6180 6180
14035 CONNECTION 220 1069 300 2100 6540 6540
14036 CONNECTION 220 909 300 2340 6780 6780
14037 CONNECTION 220 1085 300 2940 6540 6540
14038 CONNECTION 220 143 300 3900 8340 8340
14039 CONNECTION 220 173 300 4140 7740 7740
14040 CONNECTION 220 979 300 4140 8580 8580
14041 CONNECTION 220 1045 300 4140 8580 8580
14042 CONNECTION 220 1079 300 4560 9000 9000
14043 CONNECTION 220 496 300 4680 8280 8280
14044 CONNECTION 957 468 -1 -1 5700 5700
14045 CONNECTION 957 943 -1 -1 6480 6480
14046 CONNECTION 957 849 300 1620 6300 6300
14047 CONNECTION 957 810 300 3120 9300 9300
14048 CONNECTION 957 373 300 3900 10080 10080
14049 CONNECTION 301 248 -1 -1 2100 2100
14050 CONNECTION 301 664 -1 -1 1980 1980
14051 CONNECTION 301 759 -1 -1 2940 2940
14052 CONNECTION 301 273 -1 -1 2700 2700
14053 CONNECTION 301 371 -1 -1 2760 2760
14054 CONNECTION 301 888 -1 -1 3720 3720
14055 CONNECTION 301 1052 -1 -1 3720 3720
14056 CONNECTION 301 418 -1 -1 3300 3300
14057 CONNECTION 301 390 -1 -1 5880 5880
14058 CONNECTION 301 495 -1 -1 4080 4080
14059 CONNECTION 301 908 -1 -1 4320 4320
14060 CONNECTION 301 848 -1 -1 6180 6180
14061 CONNECTION 301 869 300 360 4740 4740
14062 CONNECTION 301 548 300 660 4500 4500
14063 CONNECTION 301 978 300 1680 6120 6120
14064 CONNECTION 301 1044 300 1680 6120 6120
14065 CONNECTION 301 693 300 1860 5700 5700
14066 CONNECTION 301 1064 300 1860 5700 5700
14067 CONNECTION 301 222 300 2100 5580 5580
14068 CONNECTION 301 929 300 2160 6540 6540
14069 CONNECTION 301 715 300 2820 6300 6300
14070 CONNECTION 301 197 300 2880 7320 7320
14071 CONNECTION 301 779 300 2880 6360 6360
14072 CONNECTION 301 100 300 3060 6900 6900
14073 CONNECTION 301 41 300 3300 7680 7680
14074 CONNECTION 301 795 300 3300 9480 9480
14075 CONNECTION 301 70 300 3480 7920 7920
14076 CONNECTION 301 118 300 3600 9780 9780
14077 CONNECTION 301 1070 300 3960 8340 8340
14078 CONNECTION 301 251 300 4260 8100 8100
14079 SINK 301 0 -1 -1 300 300
14080 CONNECTION 733 734 -1 -1 2160 2160
14081 CONNECTION 733 302 -1 -1 1920 1920
14082 CONNECTION 733 928 -1 -1 3720 3720
14083 CONNECTION 733 448 -1 -1 3120 3120
14084 CONNECTION 733 829 -1 -1 3960 3960
14085 CONNECTION 733 714 -1 -1 4380 4380
14086 CONNECTION 733 39 -1 -1 3660 3660
14087 CONNECTION 733 618 300 720 4320 4320
14088 CONNECTION 733 889 300 720 5160 5160
14089 CONNECTION 733 1053 300 720 5160 5160
14090 CONNECTION 733 1069 300 1080 5520 5520
14091 CONNECTION 733 909 300 1320 5760 5760
14092 CONNECTION 733 1085 300 1920 5520 5520
14093 CONNECTION 733 143 300 2880 7320 7320
14094 CONNECTION 733 173 300 3120 6720 6720
14095 CONNECTION 733 979 300 3120 7560 7560
14096 CONNECTION 733 1045 300 3120 7560 7560
14097 CONNECTION 733 1079 300 3540 7980 7980
14098 CONNECTION 733 496 300 3660 7260 7260
14099 CONNECTION 733 305 300 4320 7920 7920
14100 CONNECTION 733 355 300 4680 9120 9120
14101 CONNECTION 546 547 -1 -1 1320 1320
14102 CONNECTION 546 171 -1 -1 2820 2820
14103 CONNECTION 546 692 -1 -1 2520 2520
14104 CONNECTION 546 1060 -1 -1 2520 2520
14105 CONNECTION 546 665 -1 -1 2880 2880
14106 CONNECTION 546 303 -1 -1 4020 4020
14107 CONNECTION 546 372 -1 -1 5340 5340
14108 CONNECTION 546 99 -1 -1 3720 3720
14109 CONNECTION 546 449 300 1140 5220 5220
14110 CONNECTION 546 196 300 1200 4680 4680
14111 CONNECTION 546 250 300 1320 4920 4920
14112 CONNECTION 546 794 300 1560 5040 5040
14113 CONNECTION 546 40 300 1680 5160 5160
14114 CONNECTION 546 619 300 2340 6420 6420
14115 CONNECTION 546 420 300 2520 6120 6120
14116 CONNECTION 546 223 300 2880 6480 6480
14117 CONNECTION 546 1086 300 3540 7620 7620
14118 CONNECTION 546 550 300 3720 7320 7320
14119 CONNECTION 546 174 300 4740 8820 8820
14120 CONNECTION 546 641 300 4800 8280 8280
14121 CONNECTION 195 1067 -1 -1 1860 1860
14122 CONNECTION 195 793 -1 -1 4200 4200
14123 CONNECTION 195 141 -1 -1 3660 3660
14124 CONNECTION 195 1077 300 600 4260 4260
14125 CONNECTION 195 353 300 1800 5460 5460
14126 CONNECTION 195 958 300 2520 7800 7800
14127 CONNECTION 195 589 300 3600 7260 7260
14128 CONNECTION 195 274 300 4200 7860 7860
14129 CONNECTION 566 567 -1 -1 2400 2400
14130 CONNECTION 566 468 -1 -1 5400 5400
14131 CONNECTION 566 943 -1 -1 6180 6180
14132 CONNECTION 566 849 300 1320 6000 6000
14133 CONNECTION 566 810 300 2820 9000 9000
14134 CONNECTION 566 373 300 3600 9780 9780
14135 CONNECTION 663 664 -1 -1 1200 1200
14136 CONNECTION 663 273 -1 -1 1920 1920
14137 CONNECTION 663 371 -1 -1 1980 1980
14138 CONNECTION 663 888 -1 -1 2940 2940
14139 CONNECTION 663 1052 -1 -1 2940 2940
14140 CONNECTION 663 418 -1 -1 2520 2520
14141 CONNECTION 663 390 -1 -1 5100 5100
14142 CONNECTION 663 495 -1 -1 3300 3300
14143 CONNECTION 663 908 -1 -1 3540 3540
14144 CONNECTION 663 848 -1 -1 5400 5400
14145 CONNECTION 663 869 -1 -1 3960 3960
14146 CONNECTION 663 548 -1 -1 3720 3720
14147 CONNECTION 663 978 300 900 5340 5340
14148 CONNECTION 663 1044 300 900 5340 5340
14149 CONNECTION 663 693 300 1080 4920 4920
14150 CONNECTION 663 1064 300 1080 4920 4920
14151 CONNECTION 663 222 300 1320 4800 4800
14152 CONNECTION 663 929 300 1380 5760 5760
14153 CONNECTION 663 715 300 2040 5520 5520
14154 CONNECTION 663 197 300 2100 6540 6540
14155 CONNECTION 663 779 300 2100 5580 5580
14156 CONNECTION 663 100 300 2280 6120 6120
14157 CONNECTION 663 41 300 2520 6900 6900
14158 CONNECTION 663 795 300 2520 8700 8700
14159 CONNECTION 663 70 300 2700 7140 7140
14160 CONNECTION 663 118 300 2820 9000 9000
14161 CONNECTION 663 1070 300 3180 7560 7560
14162 CONNECTION 663 251 300 3480 7320 7320
14163 CONNECTION 663 330 300 4500 8940 8940
14164 CONNECTION 663 421 300 4680 8520 8520
14165 SINK 663 0 -1 -1 300 300
14166 CONNECTION 758 759 -1 -1 2100 2100
14167 CONNECTION 758 273 -1 -1 1860 1860
14168 CONNECTION 758 371 -1 -1 1920 1920
14169 CONNECTION 758 888 -1 -1 2880 2880
14170 CONNECTION 758 1052 -1 -1 2880 2880
14171 CONNECTION 758 418 -1 -1 2460 2460
14172 CONNECTION 758 390 -1 -1 5040 5040
14173 CONNECTION 758 495 -1 -1 3240 3240
14174 CONNECTION 758 908 -1 -1 3480 3480
14175 CONNECTION 758 848 -1 -1 5340 5340
14176 CONNECTION 758 869 -1 -1 3900 3900
14177 CONNECTION 758 548 -1 -1 3660 3660
14178 CONNECTION 758 978 300 840 5280 5280
14179 CONNECTION 758 1044 300 840 5280 5280
14180 CONNECTION 758 693 300 1020 4860 4860
14181 CONNECTION 758 1064 300 1020 4860 4860
14182 CONNECTION 758 222 300 1260 4740 4740
14183 CONNECTION 758 929 300 1320 5700 5700
14184 CONNECTION 758 715 300 1980 5460 5460
14185 CONNECTION 758 197 300 2040 6480 6480
14186 CONNECTION 758 779 300 2040 5520 5520
14187 CONNECTION 758 100 300 2220 6060 6060
14188 CONNECTION 758 41 300 2460 6840 6840
14189 CONNECTION 758 795 300 2460 8640 8640
14190 CONNECTION 758 70 300 2640 7080 7080
14191 CONNECTION 758 118 300 2760 8940 8940
14192 CONNECTION 758 1070 300 3120 7500 7500
14193 CONNECTION 758 251 300 3420 7260 7260
14194 CONNECTION 758 330 300 4440 8880 8880
14195 CONNECTION 758 421 300 4620 8460 8460
14196 SINK 758 0 -1 -1 300 300
14197 CONNECTION 926 927 -1 -1 2160 2160
14198 CONNECTION 926 713 -1 -1 2820 2820
14199 CONNECTION 926 518 -1 -1 2340 2340
14200 CONNECTION 926 1068 -1 -1 3960 3960
14201 CONNECTION 926 640 -1 -1 3540 3540
14202 CONNECTION 926 735 300 480 4140 4140
14203 CONNECTION 926 142 300 1320 5760 5760
14204 CONNECTION 926 1078 300 1980 6420 6420
14205 CONNECTION 926 830 300 2280 5940 5940
14206 CONNECTION 926 354 300 3120 7560 7560
14207 CONNECTION 926 890 300 3480 7140 7140
14208 CONNECTION 926 1054 300 3480 7140 7140
14209 CONNECTION 926 910 300 4080 7740 7740
14210 CONNECTION 466 467 -1 -1 2460 2460
14211 CONNECTION 466 221 -1 -1 2880 2880
14212 CONNECTION 466 760 -1 -1 4020 4020
14213 CONNECTION 466 69 -1 -1 4260 4260
14214 CONNECTION 466 870 300 960 5820 5820
14215 CONNECTION 466 568 300 1200 6060 6060
14216 CONNECTION 466 809 300 1380 6060 6060
14217 CONNECTION 466 329 300 1680 6060 6060
14218 CONNECTION 466 666 300 2100 6480 6480
14219 CONNECTION 466 930 300 2760 7620 7620
14220 CONNECTION 466 520 300 3480 7860 7860
14221 CONNECTION 466 1071 300 4560 9420 9420
14222 CONNECTION 466 850 300 4800 9660 9660
14223 CONNECTION 517 518 -1 -1 1380 1380
14224 CONNECTION 517 1068 -1 -1 3000 3000
14225 CONNECTION 517 640 -1 -1 2580 2580
14226 CONNECTION 517 735 -1 -1 3180 3180
14227 CONNECTION 517 142 300 360 4800 4800
14228 CONNECTION 517 1078 300 1020 5460 5460
14229 CONNECTION 517 830 300 1320 4980 4980
14230 CONNECTION 517 354 300 2160 6600 6600
14231 CONNECTION 517 890 300 2520 6180 6180
14232 CONNECTION 517 1054 300 2520 6180 6180
14233 CONNECTION 517 910 300 3120 6780 6780
14234 CONNECTION 517 590 300 3960 8400 8400
14235 CONNECTION 517 275 300 4620 9060 9060
14236 CONNECTION 1061 1062 -1 -1 1800 1800
14237 CONNECTION 1061 494 -1 -1 1740 1740
14238 CONNECTION 1061 171 -1 -1 3000 3000
14239 CONNECTION 1061 692 -1 -1 2700 2700
14240 CONNECTION 1061 1060 -1 -1 2700 2700
14241 CONNECTION 1061 665 -1 -1 3060 3060
14242 CONNECTION 1061 303 -1 -1 4200 4200
14243 CONNECTION 1061 372 -1 -1 5520 5520
14244 CONNECTION 1061 99 -1 -1 3900 3900
14245 CONNECTION 1061 449 300 1320 5400 5400
14246 CONNECTION 1061 196 300 1380 4860 4860
14247 CONNECTION 1061 250 300 1500 5100 5100
14248 CONNECTION 1061 794 300 1740 5220 5220
14249 CONNECTION 1061 40 300 1860 5340 5340
14250 CONNECTION 1061 619 300 2520 6600 6600
14251 CONNECTION 1061 420 300 2700 6300 6300
14252 CONNECTION 1061 223 300 3060 6660 6660
14253 CONNECTION 1061 1086 300 3720 7800 7800
14254 CONNECTION 1061 550 300 3900 7500 7500
14255 CONNECTION 116 117 -1 -1 2580 2580
14256 CONNECTION 116 977 -1 -1 2580 2580
14257 CONNECTION 116 1043 -1 -1 2580 2580
14258 CONNECTION 116 221 -1 -1 3000 3000
14259 CONNECTION 116 760 -1 -1 4140 4140
14260 CONNECTION 116 69 -1 -1 4380 4380
14261 CONNECTION 116 870 300 1080 5940 5940
14262 CONNECTION 116 568 300 1320 6180 6180
14263 CONNECTION 116 809 300 1500 6180 6180
14264 CONNECTION 116 329 300 1800 6180 6180
14265 CONNECTION 116 666 300 2220 6600 6600
14266 CONNECTION 116 930 300 2880 7740 7740
14267 CONNECTION 116 520 300 3600 7980 7980
14268 CONNECTION 116 1071 300 4680 9540 9540
14269 CONNECTION 587 588 -1 -1 2580 2580
14270 CONNECTION 587 977 -1 -1 2820 2820
14271 CONNECTION 587 1043 -1 -1 2820 2820
14272 CONNECTION 587 221 -1 -1 3240 3240
14273 CONNECTION 587 760 -1 -1 4380 4380
14274 CONNECTION 587 69 -1 -1 4620 4620
14275 CONNECTION 587 870 300 1320 6180 6180
14276 CONNECTION 587 568 300 1560 6420 6420
14277 CONNECTION 587 809 300 1740 6420 6420
14278 CONNECTION 587 329 300 2040 6420 6420
14279 CONNECTION 587 666 300 2460 6840 6840
14280 CONNECTION 587 930 300 3120 7980 7980
14281 CONNECTION 587 520 300 3840 8220 8220
14282 CONNECTION 616 617 -1 -1 1560 1560
14283 CONNECTION 616 1063 -1 -1 2760 2760
14284 CONNECTION 616 249 -1 -1 3180 3180
14285 CONNECTION 616 172 -1 -1 3960 3960
14286 CONNECTION 616 419 -1 -1 4380 4380
14287 CONNECTION 616 304 300 1320 5160 5160
14288 CONNECTION 616 549 300 1500 5580 5580
14289 CONNECTION 616 450 300 2520 6360 6360
14290 CONNECTION 616 694 300 2700 6780 6780
14291 CONNECTION 616 1065 300 2700 6780 6780
14292 CONNECTION 616 620 300 3720 7560 7560
14293 CONNECTION 616 101 300 3900 7980 7980
14294 CONNECTION 942 1077 -1 -1 2160 2160
14295 CONNECTION 942 353 -1 -1 3360 3360
14296 CONNECTION 942 958 300 420 5700 5700
14297 CONNECTION 942 589 300 1500 5160 5160
14298 CONNECTION 942 274 300 2100 5760 5760
14299 CONNECTION 942 761 300 3300 6960 6960
14300 CONNECTION 942 391 300 4020 9300 9300
14301 CONNECTION 417 302 -1 -1 2100 2100
14302 CONNECTION 417 928 -1 -1 3900 3900
14303 CONNECTION 417 448 -1 -1 3300 3300
14304 CONNECTION 417 829 -1 -1 4140 4140
14305 CONNECTION 417 714 -1 -1 4560 4560
14306 CONNECTION 417 39 -1 -1 3840 3840
14307 CONNECTION 417 618 300 900 4500 4500
14308 CONNECTION 417 889 300 900 5340 5340
14309 CONNECTION 417 1053 300 900 5340 5340
14310 CONNECTION 417 1069 300 1260 5700 5700
14311 CONNECTION 417 909 300 1500 5940 5940
14312 CONNECTION 417 1085 300 2100 5700 5700
14313 CONNECTION 417 143 300 3060 7500 7500
14314 CONNECTION 417 173 300 3300 6900 6900
14315 CONNECTION 417 979 300 3300 7740 7740
14316 CONNECTION 417 1045 300 3300 7740 7740
14317 CONNECTION 417 1079 300 3720 8160 8160
14318 CONNECTION 417 496 300 3840 7440 7440
14319 CONNECTION 417 305 300 4500 8100 8100
14320 CONNECTION 327 793 -1 -1 3600 3600
14321 CONNECTION 327 141 -1 -1 3060 3060
14322 CONNECTION 327 1077 -1 -1 3660 3660
14323 CONNECTION 327 353 300 1200 4860 4860
14324 CONNECTION 327 958 300 1920 7200 7200
14325 CONNECTION 327 589 300 3000 6660 6660
14326 CONNECTION 327 274 300 3600 7260 7260
14327 CONNECTION 327 761 300 4800 8460 8460
14328 CONNECTION 976 977 -1 -1 2100 2100
14329 CONNECTION 976 760 -1 -1 3660 3660
14330 CONNECTION 976 69 -1 -1 3900 3900
14331 CONNECTION 976 870 300 600 5460 5460
14332 CONNECTION 976 568 300 840 5700 5700
14333 CONNECTION 976 809 300 1020 5700 5700
14334 CONNECTION 976 329 300 1320 5700 5700
14335 CONNECTION 976 666 300 1740 6120 6120
14336 CONNECTION 976 930 300 2400 7260 7260
14337 CONNECTION 976 520 300 3120 7500 7500
14338 CONNECTION 976 1071 300 4200 9060 9060
14339 CONNECTION 976 850 300 4440 9300 9300
14340 CONNECTION 976 16 300 4620 9300 9300
14341 CONNECTION 1042 1043 -1 -1 2100 2100
14342 CONNECTION 1042 760 -1 -1 3660 3660
14343 CONNECTION 1042 69 -1 -1 3900 3900
14344 CONNECTION 1042 870 300 600 5460 5460
14345 CONNECTION 1042 568 300 840 5700 5700
14346 CONNECTION 1042 809 300 1020 5700 5700
14347 CONNECTION 1042 329 300 1320 5700 5700
14348 CONNECTION 1042 666 300 1740 6120 6120
14349 CONNECTION 1042 930 300 2400 7260 7260
14350 CONNECTION 1042 520 300 3120 7500 7500
14351 CONNECTION 1042 1071 300 4200 9060 9060
14352 CONNECTION 1042 850 300 4440 9300 9300
14353 CONNECTION 1042 16 300 4620 9300 9300
14354 CONNECTION 97 98 -1 -1 1920 1920
14355 CONNECTION 97 1063 -1 -1 2700 2700
14356 CONNECTION 97 249 -1 -1 3120 3120
14357 CONNECTION 97 172 -1 -1 3900 3900
14358 CONNECTION 97 419 -1 -1 4320 4320
14359 CONNECTION 97 304 300 1260 5100 5100
14360 CONNECTION 97 549 300 1440 5520 5520
14361 CONNECTION 97 450 300 2460 6300 6300
14362 CONNECTION 97 694 300 2640 6720 6720
14363 CONNECTION 97 1065 300 2640 6720 6720
14364 CONNECTION 97 620 300 3660 7500 7500
14365 CONNECTION 97 101 300 3840 7920 7920
14366 CONNECTION 272 273 -1 -1 1200 1200
14367 CONNECTION 272 390 -1 -1 4380 4380
14368 CONNECTION 272 495 -1 -1 2580 2580
14369 CONNECTION 272 908 -1 -1 2820 2820
14370 CONNECTION 272 848 -1 -1 4680 4680
14371 CONNECTION 272 869 -1 -1 3240 3240
14372 CONNECTION 272 548 -1 -1 3000 3000
14373 CONNECTION 272 978 -1 -1 4620 4620
14374 CONNECTION 272 1044 -1 -1 4620 4620
14375 CONNECTION 272 693 300 360 4200 4200
14376 CONNECTION 272 1064 300 360 4200 4200
14377 CONNECTION 272 222 300 600 4080 4080
14378 CONNECTION 272 929 300 660 5040 5040
14379 CONNECTION 272 715 300 1320 4800 4800
14380 CONNECTION 272 197 300 1380 5820 5820
14381 CONNECTION 272 779 300 1380 4860 4860
14382 CONNECTION 272 100 300 1560 5400 5400
14383 CONNECTION 272 41 300 1800 6180 6180
14384 CONNECTION 272 795 300 1800 7980 7980
14385 CONNECTION 272 70 300 1980 6420 6420
14386 CONNECTION 272 118 300 2100 8280 8280
14387 CONNECTION 272 1070 300 2460 6840 6840
14388 CONNECTION 272 251 300 2760 6600 6600
14389 CONNECTION 272 330 300 3780 8220 8220
14390 CONNECTION 272 421 300 3960 7800 7800
14391 CONNECTION 272 667 300 4200 7680 7680
14392 CONNECTION 272 144 300 4260 8640 8640
14393 SINK 272 0 -1 -1 300 300
14394 CONNECTION 352 808 -1 -1 3180 3180
14395 CONNECTION 352 328 -1 -1 3540 3540
14396 CONNECTION 352 519 300 480 5340 5340
14397 CONNECTION 352 15 300 1920 6780 6780
14398 CONNECTION 352 736 300 2280 7140 7140
14399 CONNECTION 352 831 300 4080 8940 8940
14400 CONNECTION 712 713 -1 -1 2220 2220
14401 CONNECTION 712 1068 -1 -1 3360 3360
14402 CONNECTION 712 640 -1 -1 2940 2940
14403 CONNECTION 712 735 -1 -1 3540 3540
14404 CONNECTION 712 142 300 720 5160 5160
14405 CONNECTION 712 1078 300 1380 5820 5820
14406 CONNECTION 712 830 300 1680 5340 5340
14407 CONNECTION 712 354 300 2520 6960 6960
14408 CONNECTION 712 890 300 2880 6540 6540
14409 CONNECTION 712 1054 300 2880 6540 6540
14410 CONNECTION 712 910 300 3480 7140 7140
14411 CONNECTION 712 590 300 4320 8760 8760
14412 CONNECTION 493 494 -1 -1 1200 1200
14413 CONNECTION 493 171 -1 -1 2460 2460
14414 CONNECTION 493 692 -1 -1 2160 2160
14415 CONNECTION 493 1060 -1 -1 2160 2160
14416 CONNECTION 493 665 -1 -1 2520 2520
14417 CONNECTION 493 303 -1 -1 3660 3660
14418 CONNECTION 493 372 -1 -1 4980 4980
14419 CONNECTION 493 99 -1 -1 3360 3360
14420 CONNECTION 493 449 300 780 4860 4860
14421 CONNECTION 493 196 300 840 4320 4320
14422 CONNECTION 493 250 300 960 4560 4560
14423 CONNECTION 493 794 300 1200 4680 4680
14424 CONNECTION 493 40 300 1320 4800 4800
14425 CONNECTION 493 619 300 1980 6060 6060
14426 CONNECTION 493 420 300 2160 5760 5760
14427 CONNECTION 493 223 300 2520 6120 6120
14428 CONNECTION 493 1086 300 3180 7260 7260
14429 CONNECTION 493 550 300 3360 6960 6960
14430 CONNECTION 493 174 300 4380 8460 8460
14431 CONNECTION 493 641 300 4440 7920 7920
14432 CONNECTION 493 695 300 4560 8160 8160
14433 CONNECTION 493 1066 300 4560 8160 8160
14434 CONNECTION 493 959 300 4800 8280 8280
14435 CONNECTION 447 418 -1 -1 2100 2100
14436 CONNECTION 447 390 -1 -1 4680 4680
14437 CONNECTION 447 495 -1 -1 2880 2880
14438 CONNECTION 447 908 -1 -1 3120 3120
14439 CONNECTION 447 848 -1 -1 4980 4980
14440 CONNECTION 447 869 -1 -1 3540 3540
14441 CONNECTION 447 548 -1 -1 3300 3300
14442 CONNECTION 447 978 300 480 4920 4920
14443 CONNECTION 447 1044 300 480 4920 4920
14444 CONNECTION 447 693 300 660 4500 4500
14445 CONNECTION 447 1064 300 660 4500 4500
14446 CONNECTION 447 222 300 900 4380 4380
14447 CONNECTION 447 929 300 960 5340 5340
14448 CONNECTION 447 715 300 1620 5100 5100
14449 CONNECTION 447 197 300 1680 6120 6120
14450 CONNECTION 447 779 300 1680 5160 5160
14451 CONNECTION 447 100 300 1860 5700 5700
14452 CONNECTION 447 41 300 2100 6480 6480
14453 CONNECTION 447 795 300 2100 8280 8280
14454 CONNECTION 447 70 300 2280 6720 6720
14455 CONNECTION 447 118 300 2400 8580 8580
14456 CONNECTION 447 1070 300 2760 7140 7140
14457 CONNECTION 447 251 300 3060 6900 6900
14458 CONNECTION 447 330 300 4080 8520 8520
14459 CONNECTION 447 421 300 4260 8100 8100
14460 CONNECTION 447 667 300 4500 7980 7980
14461 CONNECTION 447 144 300 4560 8940 8940
14462 SINK 447 0 -1 -1 300 300
14463 CONNECTION 691 692 -1 -1 1320 1320
14464 CONNECTION 691 303 -1 -1 2820 2820
14465 CONNECTION 691 372 -1 -1 4140 4140
14466 CONNECTION 691 99 -1 -1 2520 2520
14467 CONNECTION 691 449 -1 -1 4020 4020
14468 CONNECTION 691 196 -1 -1 3480 3480
14469 CONNECTION 691 250 -1 -1 3720 3720
14470 CONNECTION 691 794 300 360 3840 3840
14471 CONNECTION 691 40 300 480 3960 3960
14472 CONNECTION 691 619 300 1140 5220 5220
14473 CONNECTION 691 420 300 1320 4920 4920
14474 CONNECTION 691 223 300 1680 5280 5280
14475 CONNECTION 691 1086 300 2340 6420 6420
14476 CONNECTION 691 550 300 2520 6120 6120
14477 CONNECTION 691 174 300 3540 7620 7620
14478 CONNECTION 691 641 300 3600 7080 7080
14479 CONNECTION 691 695 300 3720 7320 7320
14480 CONNECTION 691 1066 300 3720 7320 7320
14481 CONNECTION 691 959 300 3960 7440 7440
14482 CONNECTION 691 497 300 4080 7560 7560
14483 CONNECTION 691 306 300 4740 8820 8820
14484 CONNECTION 1059 1060 -1 -1 1320 1320
14485 CONNECTION 1059 303 -1 -1 2820 2820
14486 CONNECTION 1059 372 -1 -1 4140 4140
14487 CONNECTION 1059 99 -1 -1 2520 2520
14488 CONNECTION 1059 449 -1 -1 4020 4020
14489 CONNECTION 1059 196 -1 -1 3480 3480
14490 CONNECTION 1059 250 -1 -1 3720 3720
14491 CONNECTION 1059 794 300 360 3840 3840
14492 CONNECTION 1059 40 300 480 3960 3960
14493 CONNECTION 1059 619 300 1140 5220 5220
14494 CONNECTION 1059 420 300 1320 4920 4920
14495 CONNECTION 1059 223 300 1680 5280 5280
14496 CONNECTION 1059 1086 300 2340 6420 6420
14497 CONNECTION 1059 550 300 2520 6120 6120
14498 CONNECTION 1059 174 300 3540 7620 7620
14499 CONNECTION 1059 641 300 3600 7080 7080
14500 CONNECTION 1059 695 300 3720 7320 7320
14501 CONNECTION 1059 1066 300 3720 7320 7320
14502 CONNECTION 1059 959 300 3960 7440 7440
14503 CONNECTION 1059 497 300 4080 7560 7560
14504 CONNECTION 1059 306 300 4740 8820 8820
14505 CONNECTION 907 908 -1 -1 2160 2160
14506 CONNECTION 907 869 -1 -1 2580 2580
14507 CONNECTION 907 548 -1 -1 2340 2340
14508 CONNECTION 907 978 -1 -1 3960 3960
14509 CONNECTION 907 1044 -1 -1 3960 3960
14510 CONNECTION 907 693 -1 -1 3540 3540
14511 CONNECTION 907 1064 -1 -1 3540 3540
14512 CONNECTION 907 222 -1 -1 3420 3420
14513 CONNECTION 907 929 -1 -1 4380 4380
14514 CONNECTION 907 715 300 660 4140 4140
14515 CONNECTION 907 197 300 720 5160 5160
14516 CONNECTION 907 779 300 720 4200 4200
14517 CONNECTION 907 100 300 900 4740 4740
14518 CONNECTION 907 41 300 1140 5520 5520
14519 CONNECTION 907 795 300 1140 7320 7320
14520 CONNECTION 907 70 300 1320 5760 5760
14521 CONNECTION 907 118 300 1440 7620 7620
14522 CONNECTION 907 1070 300 1800 6180 6180
14523 CONNECTION 907 251 300 2100 5940 5940
14524 CONNECTION 907 330 300 3120 7560 7560
14525 CONNECTION 907 421 300 3300 7140 7140
14526 CONNECTION 907 667 300 3540 7020 7020
14527 CONNECTION 907 144 300 3600 7980 7980
14528 CONNECTION 907 1080 300 4260 7740 7740
14529 CONNECTION 907 642 300 4320 8760 8760
14530 CONNECTION 907 944 300 4320 7800 7800
14531 CONNECTION 907 551 300 4500 8340 8340
14532 CONNECTION 907 498 300 4740 9120 9120
14533 SINK 907 0 -1 -1 300 300
14534 CONNECTION 170 171 -1 -1 1800 1800
14535 CONNECTION 170 665 -1 -1 1860 1860
14536 CONNECTION 170 303 -1 -1 3000 3000
14537 CONNECTION 170 372 -1 -1 4320 4320
14538 CONNECTION 170 99 -1 -1 2700 2700
14539 CONNECTION 170 449 -1 -1 4200 4200
14540 CONNECTION 170 196 -1 -1 3660 3660
14541 CONNECTION 170 250 -1 -1 3900 3900
14542 CONNECTION 170 794 300 540 4020 4020
14543 CONNECTION 170 40 300 660 4140 4140
14544 CONNECTION 170 619 300 1320 5400 5400
14545 CONNECTION 170 420 300 1500 5100 5100
14546 CONNECTION 170 223 300 1860 5460 5460
14547 CONNECTION 170 1086 300 2520 6600 6600
14548 CONNECTION 170 550 300 2700 6300 6300
14549 CONNECTION 170 174 300 3720 7800 7800
14550 CONNECTION 170 641 300 3780 7260 7260
14551 CONNECTION 170 695 300 3900 7500 7500
14552 CONNECTION 170 1066 300 3900 7500 7500
14553 CONNECTION 170 959 300 4140 7620 7620
14554 CONNECTION 170 497 300 4260 7740 7740
14555 CONNECTION 639 640 -1 -1 1380 1380
14556 CONNECTION 639 735 -1 -1 1980 1980
14557 CONNECTION 639 142 -1 -1 3600 3600
14558 CONNECTION 639 1078 -1 -1 4260 4260
14559 CONNECTION 639 830 -1 -1 3780 3780
14560 CONNECTION 639 354 300 960 5400 5400
14561 CONNECTION 639 890 300 1320 4980 4980
14562 CONNECTION 639 1054 300 1320 4980 4980
14563 CONNECTION 639 910 300 1920 5580 5580
14564 CONNECTION 639 590 300 2760 7200 7200
14565 CONNECTION 639 275 300 3420 7860 7860
14566 CONNECTION 639 762 300 4560 9000 9000
14567 CONNECTION 927 928 -1 -1 2160 2160
14568 CONNECTION 927 714 -1 -1 2820 2820
14569 CONNECTION 927 39 -1 -1 2100 2100
14570 CONNECTION 927 618 -1 -1 2760 2760
14571 CONNECTION 927 889 -1 -1 3600 3600
14572 CONNECTION 927 1053 -1 -1 3600 3600
14573 CONNECTION 927 1069 -1 -1 3960 3960
14574 CONNECTION 927 909 -1 -1 4200 4200
14575 CONNECTION 927 1085 300 360 3960 3960
14576 CONNECTION 927 143 300 1320 5760 5760
14577 CONNECTION 927 173 300 1560 5160 5160
14578 CONNECTION 927 979 300 1560 6000 6000
14579 CONNECTION 927 1045 300 1560 6000 6000
14580 CONNECTION 927 1079 300 1980 6420 6420
14581 CONNECTION 927 496 300 2100 5700 5700
14582 CONNECTION 927 305 300 2760 6360 6360
14583 CONNECTION 927 355 300 3120 7560 7560
14584 CONNECTION 927 451 300 3960 7560 7560
14585 CONNECTION 1062 1063 -1 -1 1560 1560
14586 CONNECTION 1062 172 -1 -1 2760 2760
14587 CONNECTION 1062 419 -1 -1 3180 3180
14588 CONNECTION 1062 304 -1 -1 3960 3960
14589 CONNECTION 1062 549 -1 -1 4380 4380
14590 CONNECTION 1062 450 300 1320 5160 5160
14591 CONNECTION 1062 694 300 1500 5580 5580
14592 CONNECTION 1062 1065 300 1500 5580 5580
14593 CONNECTION 1062 620 300 2520 6360 6360
14594 CONNECTION 1062 101 300 2700 6780 6780
14595 CONNECTION 1062 1087 300 3720 7560 7560
14596 CONNECTION 1062 252 300 3900 7980 7980
14597 CONNECTION 887 888 -1 -1 2220 2220
14598 CONNECTION 887 390 -1 -1 4380 4380
14599 CONNECTION 887 495 -1 -1 2580 2580
14600 CONNECTION 887 908 -1 -1 2820 2820
14601 CONNECTION 887 848 -1 -1 4680 4680
14602 CONNECTION 887 869 -1 -1 3240 3240
14603 CONNECTION 887 548 -1 -1 3000 3000
14604 CONNECTION 887 978 -1 -1 4620 4620
14605 CONNECTION 887 1044 -1 -1 4620 4620
14606 CONNECTION 887 693 300 360 4200 4200
14607 CONNECTION 887 1064 300 360 4200 4200
14608 CONNECTION 887 222 300 600 4080 4080
14609 CONNECTION 887 929 300 660 5040 5040
14610 CONNECTION 887 715 300 1320 4800 4800
14611 CONNECTION 887 197 300 1380 5820 5820
14612 CONNECTION 887 779 300 1380 4860 4860
14613 CONNECTION 887 100 300 1560 5400 5400
14614 CONNECTION 887 41 300 1800 6180 6180
14615 CONNECTION 887 795 300 1800 7980 7980
14616 CONNECTION 887 70 300 1980 6420 6420
14617 CONNECTION 887 118 300 2100 8280 8280
14618 CONNECTION 887 1070 300 2460 6840 6840
14619 CONNECTION 887 251 300 2760 6600 6600
14620 CONNECTION 887 330 300 3780 8220 8220
14621 CONNECTION 887 421 300 3960 7800 7800
14622 CONNECTION 887 667 300 4200 7680 7680
14623 CONNECTION 887 144 300 4260 8640 8640
14624 SINK 887 0 -1 -1 300 300
14625 CONNECTION 1051 1052 -1 -1 2220 2220
14626 CONNECTION 1051 390 -1 -1 4380 4380
14627 CONNECTION 1051 495 -1 -1 2580 2580
14628 CONNECTION 1051 908 -1 -1 2820 2820
14629 CONNECTION 1051 848 -1 -1 4680 4680
14630 CONNECTION 1051 869 -1 -1 3240 3240
14631 CONNECTION 1051 548 -1 -1 3000 3000
14632 CONNECTION 1051 978 -1 -1 4620 4620
14633 CONNECTION 1051 1044 -1 -1 4620 4620
14634 CONNECTION 1051 693 300 360 4200 4200
14635 CONNECTION 1051 1064 300 360 4200 4200
14636 CONNECTION 1051 222 300 600 4080 4080
14637 CONNECTION 1051 929 300 660 5040 5040
14638 CONNECTION 1051 715 300 1320 4800 4800
14639 CONNECTION 1051 197 300 1380 5820 5820
14640 CONNECTION 1051 779 300 1380 4860 4860
14641 CONNECTION 1051 100 300 1560 5400 5400
14642 CONNECTION 1051 41 300 1800 6180 6180
14643 CONNECTION 1051 795 300 1800 7980 7980
14644 CONNECTION 1051 70 300 1980 6420 6420
14645 CONNECTION 1051 118 300 2100 8280 8280
14646 CONNECTION 1051 1070 300 2460 6840 6840
14647 CONNECTION 1051 251 300 2760 6600 6600
14648 CONNECTION 1051 330 300 3780 8220 8220
14649 CONNECTION 1051 421 300 3960 7800 7800
14650 CONNECTION 1051 667 300 4200 7680 7680
14651 CONNECTION 1051 144 300 4260 8640 8640
14652 SINK 1051 0 -1 -1 300 300
14653 CONNECTION 828 829 -1 -1 2160 2160
14654 CONNECTION 828 39 -1 -1 1860 1860
14655 CONNECTION 828 618 -1 -1 2520 2520
14656 CONNECTION 828 889 -1 -1 3360 3360
14657 CONNECTION 828 1053 -1 -1 3360 3360
14658 CONNECTION 828 1069 -1 -1 3720 3720
14659 CONNECTION 828 909 -1 -1 3960 3960
14660 CONNECTION 828 1085 -1 -1 3720 3720
14661 CONNECTION 828 143 300 1080 5520 5520
14662 CONNECTION 828 173 300 1320 4920 4920
14663 CONNECTION 828 979 300 1320 5760 5760
14664 CONNECTION 828 1045 300 1320 5760 5760
14665 CONNECTION 828 1079 300 1740 6180 6180
14666 CONNECTION 828 496 300 1860 5460 5460
14667 CONNECTION 828 305 300 2520 6120 6120
14668 CONNECTION 828 355 300 2880 7320 7320
14669 CONNECTION 828 451 300 3720 7320 7320
14670 CONNECTION 828 591 300 4680 9120 9120
14671 CONNECTION 547 928 -1 -1 2700 2700
14672 CONNECTION 547 448 -1 -1 2100 2100
14673 CONNECTION 547 829 -1 -1 2940 2940
14674 CONNECTION 547 714 -1 -1 3360 3360
14675 CONNECTION 547 39 -1 -1 2640 2640
14676 CONNECTION 547 618 -1 -1 3300 3300
14677 CONNECTION 547 889 -1 -1 4140 4140
14678 CONNECTION 547 1053 -1 -1 4140 4140
14679 CONNECTION 547 1069 -1 -1 4500 4500
14680 CONNECTION 547 909 -1 -1 4740 4740
14681 CONNECTION 547 1085 300 900 4500 4500
14682 CONNECTION 547 143 300 1860 6300 6300
14683 CONNECTION 547 173 300 2100 5700 5700
14684 CONNECTION 547 979 300 2100 6540 6540
14685 CONNECTION 547 1045 300 2100 6540 6540
14686 CONNECTION 547 1079 300 2520 6960 6960
14687 CONNECTION 547 496 300 2640 6240 6240
14688 CONNECTION 547 305 300 3300 6900 6900
14689 CONNECTION 547 355 300 3660 8100 8100
14690 CONNECTION 547 451 300 4500 8100 8100
14691 CONNECTION 14 715 -1 -1 1920 1920
14692 CONNECTION 14 197 -1 -1 2940 2940
14693 CONNECTION 14 779 -1 -1 1980 1980
14694 CONNECTION 14 100 -1 -1 2520 2520
14695 CONNECTION 14 41 -1 -1 3300 3300
14696 CONNECTION 14 795 -1 -1 5100 5100
14697 CONNECTION 14 70 -1 -1 3540 3540
14698 CONNECTION 14 118 -1 -1 5400 5400
14699 CONNECTION 14 1070 -1 -1 3960 3960
14700 CONNECTION 14 251 -1 -1 3720 3720
14701 CONNECTION 14 330 300 900 5340 5340
14702 CONNECTION 14 421 300 1080 4920 4920
14703 CONNECTION 14 667 300 1320 4800 4800
14704 CONNECTION 14 144 300 1380 5760 5760
14705 CONNECTION 14 1080 300 2040 5520 5520
14706 CONNECTION 14 642 300 2100 6540 6540
14707 CONNECTION 14 944 300 2100 5580 5580
14708 CONNECTION 14 551 300 2280 6120 6120
14709 CONNECTION 14 498 300 2520 6900 6900
14710 CONNECTION 14 521 300 2700 7140 7140
14711 CONNECTION 14 469 300 2820 9000 9000
14712 CONNECTION 14 356 300 3180 7560 7560
14713 CONNECTION 14 1088 300 3480 7320 7320
14714 CONNECTION 14 738 300 4500 8940 8940
14715 SINK 14 0 -1 -1 300 300
14716 CONNECTION 868 869 -1 -1 2100 2100
14717 CONNECTION 868 978 -1 -1 3480 3480
14718 CONNECTION 868 1044 -1 -1 3480 3480
14719 CONNECTION 868 693 -1 -1 3060 3060
14720 CONNECTION 868 1064 -1 -1 3060 3060
14721 CONNECTION 868 222 -1 -1 2940 2940
14722 CONNECTION 868 929 -1 -1 3900 3900
14723 CONNECTION 868 715 -1 -1 3660 3660
14724 CONNECTION 868 197 -1 -1 4680 4680
14725 CONNECTION 868 779 -1 -1 3720 3720
14726 CONNECTION 868 100 300 420 4260 4260
14727 CONNECTION 868 41 300 660 5040 5040
14728 CONNECTION 868 795 300 660 6840 6840
14729 CONNECTION 868 70 300 840 5280 5280
14730 CONNECTION 868 118 300 960 7140 7140
14731 CONNECTION 868 1070 300 1320 5700 5700
14732 CONNECTION 868 251 300 1620 5460 5460
14733 CONNECTION 868 330 300 2640 7080 7080
14734 CONNECTION 868 421 300 2820 6660 6660
14735 CONNECTION 868 667 300 3060 6540 6540
14736 CONNECTION 868 144 300 3120 7500 7500
14737 CONNECTION 868 1080 300 3780 7260 7260
14738 CONNECTION 868 642 300 3840 8280 8280
14739 CONNECTION 868 944 300 3840 7320 7320
14740 CONNECTION 868 551 300 4020 7860 7860
14741 CONNECTION 868 498 300 4260 8640 8640
14742 CONNECTION 868 521 300 4440 8880 8880
14743 CONNECTION 868 469 300 4560 10740 10740
14744 SINK 868 0 -1 -1 300 300
14745 CONNECTION 248 249 -1 -1 1920 1920
14746 CONNECTION 248 172 -1 -1 2700 2700
14747 CONNECTION 248 419 -1 -1 3120 3120
14748 CONNECTION 248 304 -1 -1 3900 3900
14749 CONNECTION 248 549 -1 -1 4320 4320
14750 CONNECTION 248 450 300 1260 5100 5100
14751 CONNECTION 248 694 300 1440 5520 5520
14752 CONNECTION 248 1065 300 1440 5520 5520
14753 CONNECTION 248 620 300 2460 6300 6300
14754 CONNECTION 248 101 300 2640 6720 6720
14755 CONNECTION 248 1087 300 3660 7500 7500
14756 CONNECTION 248 252 300 3840 7920 7920
14757 CONNECTION 1067 1068 -1 -1 2160 2160
14758 CONNECTION 1067 735 -1 -1 2340 2340
14759 CONNECTION 1067 142 -1 -1 3960 3960
14760 CONNECTION 1067 1078 -1 -1 4620 4620
14761 CONNECTION 1067 830 300 480 4140 4140
14762 CONNECTION 1067 354 300 1320 5760 5760
14763 CONNECTION 1067 890 300 1680 5340 5340
14764 CONNECTION 1067 1054 300 1680 5340 5340
14765 CONNECTION 1067 910 300 2280 5940 5940
14766 CONNECTION 1067 590 300 3120 7560 7560
14767 CONNECTION 1067 275 300 3780 8220 8220
14768 CONNECTION 389 390 -1 -1 4020 4020
14769 CONNECTION 389 869 -1 -1 2880 2880
14770 CONNECTION 389 548 -1 -1 2640 2640
14771 CONNECTION 389 978 -1 -1 4260 4260
14772 CONNECTION 389 1044 -1 -1 4260 4260
14773 CONNECTION 389 693 -1 -1 3840 3840
14774 CONNECTION 389 1064 -1 -1 3840 3840
14775 CONNECTION 389 222 -1 -1 3720 3720
14776 CONNECTION 389 929 -1 -1 4680 4680
14777 CONNECTION 389 715 300 960 4440 4440
14778 CONNECTION 389 197 300 1020 5460 5460
14779 CONNECTION 389 779 300 1020 4500 4500
14780 CONNECTION 389 100 300 1200 5040 5040
14781 CONNECTION 389 41 300 1440 5820 5820
14782 CONNECTION 389 795 300 1440 7620 7620
14783 CONNECTION 389 70 300 1620 6060 6060
14784 CONNECTION 389 118 300 1740 7920 7920
14785 CONNECTION 389 1070 300 2100 6480 6480
14786 CONNECTION 389 251 300 2400 6240 6240
14787 CONNECTION 389 330 300 3420 7860 7860
14788 CONNECTION 389 421 300 3600 7440 7440
14789 CONNECTION 389 667 300 3840 7320 7320
14790 CONNECTION 389 144 300 3900 8280 8280
14791 CONNECTION 389 1080 300 4560 8040 8040
14792 CONNECTION 389 642 300 4620 9060 9060
14793 CONNECTION 389 944 300 4620 8100 8100
14794 CONNECTION 389 551 300 4800 8640 8640
14795 SINK 389 0 -1 -1 300 300
14796 CONNECTION 734 735 -1 -1 1380 1380
14797 CONNECTION 734 142 -1 -1 3000 3000
14798 CONNECTION 734 1078 -1 -1 3660 3660
14799 CONNECTION 734 830 -1 -1 3180 3180
14800 CONNECTION 734 354 300 360 4800 4800
14801 CONNECTION 734 890 300 720 4380 4380
14802 CONNECTION 734 1054 300 720 4380 4380
14803 CONNECTION 734 910 300 1320 4980 4980
14804 CONNECTION 734 590 300 2160 6600 6600
14805 CONNECTION 734 275 300 2820 7260 7260
14806 CONNECTION 734 762 300 3960 8400 8400
14807 CONNECTION 494 495 -1 -1 2100 2100
14808 CONNECTION 494 869 -1 -1 2760 2760
14809 CONNECTION 494 548 -1 -1 2520 2520
14810 CONNECTION 494 978 -1 -1 4140 4140
14811 CONNECTION 494 1044 -1 -1 4140 4140
14812 CONNECTION 494 693 -1 -1 3720 3720
14813 CONNECTION 494 1064 -1 -1 3720 3720
14814 CONNECTION 494 222 -1 -1 3600 3600
14815 CONNECTION 494 929 -1 -1 4560 4560
14816 CONNECTION 494 715 300 840 4320 4320
14817 CONNECTION 494 197 300 900 5340 5340
14818 CONNECTION 494 779 300 900 4380 4380
14819 CONNECTION 494 100 300 1080 4920 4920
14820 CONNECTION 494 41 300 1320 5700 5700
14821 CONNECTION 494 795 300 1320 7500 7500
14822 CONNECTION 494 70 300 1500 5940 5940
14823 CONNECTION 494 118 300 1620 7800 7800
14824 CONNECTION 494 1070 300 1980 6360 6360
14825 CONNECTION 494 251 300 2280 6120 6120
14826 CONNECTION 494 330 300 3300 7740 7740
14827 CONNECTION 494 421 300 3480 7320 7320
14828 CONNECTION 494 667 300 3720 7200 7200
14829 CONNECTION 494 144 300 3780 8160 8160
14830 CONNECTION 494 1080 300 4440 7920 7920
14831 CONNECTION 494 642 300 4500 8940 8940
14832 CONNECTION 494 944 300 4500 7980 7980
14833 CONNECTION 494 551 300 4680 8520 8520
14834 SINK 494 0 -1 -1 300 300
14835 CONNECTION 664 665 -1 -1 1320 1320
14836 CONNECTION 664 303 -1 -1 2460 2460
14837 CONNECTION 664 372 -1 -1 3780 3780
14838 CONNECTION 664 99 -1 -1 2160 2160
14839 CONNECTION 664 449 -1 -1 3660 3660
14840 CONNECTION 664 196 -1 -1 3120 3120
14841 CONNECTION 664 250 -1 -1 3360 3360
14842 CONNECTION 664 794 -1 -1 3480 3480
14843 CONNECTION 664 40 -1 -1 3600 3600
14844 CONNECTION 664 619 300 780 4860 4860
14845 CONNECTION 664 420 300 960 4560 4560
14846 CONNECTION 664 223 300 1320 4920 4920
14847 CONNECTION 664 1086 300 1980 6060 6060
14848 CONNECTION 664 550 300 2160 5760 5760
14849 CONNECTION 664 174 300 3180 7260 7260
14850 CONNECTION 664 641 300 3240 6720 6720
14851 CONNECTION 664 695 300 3360 6960 6960
14852 CONNECTION 664 1066 300 3360 6960 6960
14853 CONNECTION 664 959 300 3600 7080 7080
14854 CONNECTION 664 497 300 3720 7200 7200
14855 CONNECTION 664 306 300 4380 8460 8460
14856 CONNECTION 664 102 300 4560 8160 8160
14857 CONNECTION 713 714 -1 -1 2160 2160
14858 CONNECTION 713 618 -1 -1 2100 2100
14859 CONNECTION 713 889 -1 -1 2940 2940
14860 CONNECTION 713 1053 -1 -1 2940 2940
14861 CONNECTION 713 1069 -1 -1 3300 3300
14862 CONNECTION 713 909 -1 -1 3540 3540
14863 CONNECTION 713 1085 -1 -1 3300 3300
14864 CONNECTION 713 143 300 660 5100 5100
14865 CONNECTION 713 173 300 900 4500 4500
14866 CONNECTION 713 979 300 900 5340 5340
14867 CONNECTION 713 1045 300 900 5340 5340
14868 CONNECTION 713 1079 300 1320 5760 5760
14869 CONNECTION 713 496 300 1440 5040 5040
14870 CONNECTION 713 305 300 2100 5700 5700
14871 CONNECTION 713 355 300 2460 6900 6900
14872 CONNECTION 713 451 300 3300 6900 6900
14873 CONNECTION 713 591 300 4260 8700 8700
14874 CONNECTION 617 548 -1 -1 2100 2100
14875 CONNECTION 617 978 -1 -1 3720 3720
14876 CONNECTION 617 1044 -1 -1 3720 3720
14877 CONNECTION 617 693 -1 -1 3300 3300
14878 CONNECTION 617 1064 -1 -1 3300 3300
14879 CONNECTION 617 222 -1 -1 3180 3180
14880 CONNECTION 617 929 -1 -1 4140 4140
14881 CONNECTION 617 715 300 420 3900 3900
14882 CONNECTION 617 197 300 480 4920 4920
14883 CONNECTION 617 779 300 480 3960 3960
14884 CONNECTION 617 100 300 660 4500 4500
14885 CONNECTION 617 41 300 900 5280 5280
14886 CONNECTION 617 795 300 900 7080 7080
14887 CONNECTION 617 70 300 1080 5520 5520
14888 CONNECTION 617 118 300 1200 7380 7380
14889 CONNECTION 617 1070 300 1560 5940 5940
14890 CONNECTION 617 251 300 1860 5700 5700
14891 CONNECTION 617 330 300 2880 7320 7320
14892 CONNECTION 617 421 300 3060 6900 6900
14893 CONNECTION 617 667 300 3300 6780 6780
14894 CONNECTION 617 144 300 3360 7740 7740
14895 CONNECTION 617 1080 300 4020 7500 7500
14896 CONNECTION 617 642 300 4080 8520 8520
14897 CONNECTION 617 944 300 4080 7560 7560
14898 CONNECTION 617 551 300 4260 8100 8100
14899 CONNECTION 617 498 300 4500 8880 8880
14900 CONNECTION 617 521 300 4680 9120 9120
14901 CONNECTION 617 469 300 4800 10980 10980
14902 SINK 617 0 -1 -1 300 300
14903 CONNECTION 759 760 -1 -1 2580 2580
14904 CONNECTION 759 69 -1 -1 2820 2820
14905 CONNECTION 759 870 -1 -1 4380 4380
14906 CONNECTION 759 568 -1 -1 4620 4620
14907 CONNECTION 759 809 -1 -1 4620 4620
14908 CONNECTION 759 329 -1 -1 4620 4620
14909 CONNECTION 759 666 300 660 5040 5040
14910 CONNECTION 759 930 300 1320 6180 6180
14911 CONNECTION 759 520 300 2040 6420 6420
14912 CONNECTION 759 1071 300 3120 7980 7980
14913 CONNECTION 759 850 300 3360 8220 8220
14914 CONNECTION 759 16 300 3540 8220 8220
14915 CONNECTION 759 737 300 3840 8220 8220
14916 CONNECTION 759 42 300 4260 8640 8640
14917 CONNECTION 98 99 -1 -1 1320 1320
14918 CONNECTION 98 449 -1 -1 2820 2820
14919 CONNECTION 98 196 -1 -1 2280 2280
14920 CONNECTION 98 250 -1 -1 2520 2520
14921 CONNECTION 98 794 -1 -1 2640 2640
14922 CONNECTION 98 40 -1 -1 2760 2760
14923 CONNECTION 98 619 -1 -1 4020 4020
14924 CONNECTION 98 420 -1 -1 3720 3720
14925 CONNECTION 98 223 300 480 4080 4080
14926 CONNECTION 98 1086 300 1140 5220 5220
14927 CONNECTION 98 550 300 1320 4920 4920
14928 CONNECTION 98 174 300 2340 6420 6420
14929 CONNECTION 98 641 300 2400 5880 5880
14930 CONNECTION 98 695 300 2520 6120 6120
14931 CONNECTION 98 1066 300 2520 6120 6120
14932 CONNECTION 98 959 300 2760 6240 6240
14933 CONNECTION 98 497 300 2880 6360 6360
14934 CONNECTION 98 306 300 3540 7620 7620
14935 CONNECTION 98 102 300 3720 7320 7320
14936 CONNECTION 98 668 300 4080 7680 7680
14937 CONNECTION 98 452 300 4740 8820 8820
14938 CONNECTION 68 69 -1 -1 2100 2100
14939 CONNECTION 68 870 -1 -1 3660 3660
14940 CONNECTION 68 568 -1 -1 3900 3900
14941 CONNECTION 68 809 -1 -1 3900 3900
14942 CONNECTION 68 329 -1 -1 3900 3900
14943 CONNECTION 68 666 -1 -1 4320 4320
14944 CONNECTION 68 930 300 600 5460 5460
14945 CONNECTION 68 520 300 1320 5700 5700
14946 CONNECTION 68 1071 300 2400 7260 7260
14947 CONNECTION 68 850 300 2640 7500 7500
14948 CONNECTION 68 16 300 2820 7500 7500
14949 CONNECTION 68 737 300 3120 7500 7500
14950 CONNECTION 68 42 300 3540 7920 7920
14951 CONNECTION 518 1077 -1 -1 1860 1860
14952 CONNECTION 518 353 -1 -1 3060 3060
14953 CONNECTION 518 958 -1 -1 5400 5400
14954 CONNECTION 518 589 300 1200 4860 4860
14955 CONNECTION 518 274 300 1800 5460 5460
14956 CONNECTION 518 761 300 3000 6660 6660
14957 CONNECTION 518 391 300 3720 9000 9000
14958 CONNECTION 588 519 -1 -1 3540 3540
14959 CONNECTION 588 15 -1 -1 4980 4980
14960 CONNECTION 588 736 300 480 5340 5340
14961 CONNECTION 588 831 300 2280 7140 7140
14962 CONNECTION 778 779 -1 -1 1200 1200
14963 CONNECTION 778 70 -1 -1 2760 2760
14964 CONNECTION 778 118 -1 -1 4620 4620
14965 CONNECTION 778 1070 -1 -1 3180 3180
14966 CONNECTION 778 251 -1 -1 2940 2940
14967 CONNECTION 778 330 -1 -1 4560 4560
14968 CONNECTION 778 421 -1 -1 4140 4140
14969 CONNECTION 778 667 300 540 4020 4020
14970 CONNECTION 778 144 300 600 4980 4980
14971 CONNECTION 778 1080 300 1260 4740 4740
14972 CONNECTION 778 642 300 1320 5760 5760
14973 CONNECTION 778 944 300 1320 4800 4800
14974 CONNECTION 778 551 300 1500 5340 5340
14975 CONNECTION 778 498 300 1740 6120 6120
14976 CONNECTION 778 521 300 1920 6360 6360
14977 CONNECTION 778 469 300 2040 8220 8220
14978 CONNECTION 778 356 300 2400 6780 6780
14979 CONNECTION 778 1088 300 2700 6540 6540
14980 CONNECTION 778 738 300 3720 8160 8160
14981 CONNECTION 778 43 300 4140 7620 7620
14982 CONNECTION 778 592 300 4200 8580 8580
14983 SINK 778 0 -1 -1 300 300
14984 CONNECTION 793 794 -1 -1 1200 1200
14985 CONNECTION 793 619 -1 -1 2580 2580
14986 CONNECTION 793 420 -1 -1 2280 2280
14987 CONNECTION 793 223 -1 -1 2640 2640
14988 CONNECTION 793 1086 -1 -1 3780 3780
14989 CONNECTION 793 550 -1 -1 3480 3480
14990 CONNECTION 793 174 300 900 4980 4980
14991 CONNECTION 793 641 300 960 4440 4440
14992 CONNECTION 793 695 300 1080 4680 4680
14993 CONNECTION 793 1066 300 1080 4680 4680
14994 CONNECTION 793 959 300 1320 4800 4800
14995 CONNECTION 793 497 300 1440 4920 4920
14996 CONNECTION 793 306 300 2100 6180 6180
14997 CONNECTION 793 102 300 2280 5880 5880
14998 CONNECTION 793 668 300 2640 6240 6240
14999 CONNECTION 793 452 300 3300 7380 7380
15000 CONNECTION 793 253 300 3480 7080 7080
15001 CONNECTION 793 1081 300 4560 8040 8040
15002 CONNECTION 793 423 300 4680 8280 8280
15003 CONNECTION 302 303 -1 -1 1800 1800
15004 CONNECTION 302 449 -1 -1 3000 3000
15005 CONNECTION 302 196 -1 -1 2460 2460
15006 CONNECTION 302 250 -1 -1 2700 2700
15007 CONNECTION 302 794 -1 -1 2820 2820
15008 CONNECTION 302 40 -1 -1 2940 2940
15009 CONNECTION 302 619 -1 -1 4200 4200
15010 CONNECTION 302 420 -1 -1 3900 3900
15011 CONNECTION 302 223 300 660 4260 4260
15012 CONNECTION 302 1086 300 1320 5400 5400
15013 CONNECTION 302 550 300 1500 5100 5100
15014 CONNECTION 302 174 300 2520 6600 6600
15015 CONNECTION 302 641 300 2580 6060 6060
15016 CONNECTION 302 695 300 2700 6300 6300
15017 CONNECTION 302 1066 300 2700 6300 6300
15018 CONNECTION 302 959 300 2940 6420 6420
15019 CONNECTION 302 497 300 3060 6540 6540
15020 CONNECTION 302 306 300 3720 7800 7800
15021 CONNECTION 302 102 300 3900 7500 7500
15022 CONNECTION 302 668 300 4260 7860 7860
15023 CONNECTION 117 519 -1 -1 3300 3300
15024 CONNECTION 117 15 -1 -1 4740 4740
15025 CONNECTION 117 736 -1 -1 5100 5100
15026 CONNECTION 117 831 300 2040 6900 6900
15027 CONNECTION 171 172 -1 -1 1560 1560
15028 CONNECTION 171 304 -1 -1 2760 2760
15029 CONNECTION 171 549 -1 -1 3180 3180
15030 CONNECTION 171 450 -1 -1 3960 3960
15031 CONNECTION 171 694 -1 -1 4380 4380
15032 CONNECTION 171 1065 -1 -1 4380 4380
15033 CONNECTION 171 620 300 1320 5160 5160
15034 CONNECTION 171 101 300 1500 5580 5580
15035 CONNECTION 171 1087 300 2520 6360 6360
15036 CONNECTION 171 252 300 2700 6780 6780
15037 CONNECTION 171 175 300 3720 7560 7560
15038 CONNECTION 171 422 300 3900 7980 7980
15039 CONNECTION 273 449 -1 -1 2940 2940
15040 CONNECTION 273 196 -1 -1 2400 2400
15041 CONNECTION 273 250 -1 -1 2640 2640
15042 CONNECTION 273 794 -1 -1 2760 2760
15043 CONNECTION 273 40 -1 -1 2880 2880
15044 CONNECTION 273 619 -1 -1 4140 4140
15045 CONNECTION 273 420 -1 -1 3840 3840
15046 CONNECTION 273 223 300 600 4200 4200
15047 CONNECTION 273 1086 300 1260 5340 5340
15048 CONNECTION 273 550 300 1440 5040 5040
15049 CONNECTION 273 174 300 2460 6540 6540
15050 CONNECTION 273 641 300 2520 6000 6000
15051 CONNECTION 273 695 300 2640 6240 6240
15052 CONNECTION 273 1066 300 2640 6240 6240
15053 CONNECTION 273 959 300 2880 6360 6360
15054 CONNECTION 273 497 300 3000 6480 6480
15055 CONNECTION 273 306 300 3660 7740 7740
15056 CONNECTION 273 102 300 3840 7440 7440
15057 CONNECTION 273 668 300 4200 7800 7800
15058 CONNECTION 371 372 -1 -1 3000 3000
15059 CONNECTION 371 449 -1 -1 2880 2880
15060 CONNECTION 371 196 -1 -1 2340 2340
15061 CONNECTION 371 250 -1 -1 2580 2580
15062 CONNECTION 371 794 -1 -1 2700 2700
15063 CONNECTION 371 40 -1 -1 2820 2820
15064 CONNECTION 371 619 -1 -1 4080 4080
15065 CONNECTION 371 420 -1 -1 3780 3780
15066 CONNECTION 371 223 300 540 4140 4140
15067 CONNECTION 371 1086 300 1200 5280 5280
15068 CONNECTION 371 550 300 1380 4980 4980
15069 CONNECTION 371 174 300 2400 6480 6480
15070 CONNECTION 371 641 300 2460 5940 5940
15071 CONNECTION 371 695 300 2580 6180 6180
15072 CONNECTION 371 1066 300 2580 6180 6180
15073 CONNECTION 371 959 300 2820 6300 6300
15074 CONNECTION 371 497 300 2940 6420 6420
15075 CONNECTION 371 306 300 3600 7680 7680
15076 CONNECTION 371 102 300 3780 7380 7380
15077 CONNECTION 371 668 300 4140 7740 7740
15078 CONNECTION 371 452 300 4800 8880 8880
15079 CONNECTION 467 468 -1 -1 4020 4020
15080 CONNECTION 467 943 -1 -1 4800 4800
15081 CONNECTION 467 849 -1 -1 4620 4620
15082 CONNECTION 467 810 300 1440 7620 7620
15083 CONNECTION 467 373 300 2220 8400 8400
15084 CONNECTION 467 119 300 3540 8220 8220
15085 CONNECTION 888 889 -1 -1 2160 2160
15086 CONNECTION 888 909 -1 -1 2760 2760
15087 CONNECTION 888 1085 -1 -1 2520 2520
15088 CONNECTION 888 143 -1 -1 4320 4320
15089 CONNECTION 888 173 -1 -1 3720 3720
15090 CONNECTION 888 979 -1 -1 4560 4560
15091 CONNECTION 888 1045 -1 -1 4560 4560
15092 CONNECTION 888 1079 300 540 4980 4980
15093 CONNECTION 888 496 300 660 4260 4260
15094 CONNECTION 888 305 300 1320 4920 4920
15095 CONNECTION 888 355 300 1680 6120 6120
15096 CONNECTION 888 451 300 2520 6120 6120
15097 CONNECTION 888 591 300 3480 7920 7920
15098 CONNECTION 888 276 300 4140 8580 8580
15099 CONNECTION 1052 1053 -1 -1 2160 2160
15100 CONNECTION 1052 909 -1 -1 2760 2760
15101 CONNECTION 1052 1085 -1 -1 2520 2520
15102 CONNECTION 1052 143 -1 -1 4320 4320
15103 CONNECTION 1052 173 -1 -1 3720 3720
15104 CONNECTION 1052 979 -1 -1 4560 4560
15105 CONNECTION 1052 1045 -1 -1 4560 4560
15106 CONNECTION 1052 1079 300 540 4980 4980
15107 CONNECTION 1052 496 300 660 4260 4260
15108 CONNECTION 1052 305 300 1320 4920 4920
15109 CONNECTION 1052 355 300 1680 6120 6120
15110 CONNECTION 1052 451 300 2520 6120 6120
15111 CONNECTION 1052 591 300 3480 7920 7920
15112 CONNECTION 1052 276 300 4140 8580 8580
15113 CONNECTION 692 618 -1 -1 2100 2100
15114 CONNECTION 692 889 -1 -1 2940 2940
15115 CONNECTION 692 1053 -1 -1 2940 2940
15116 CONNECTION 692 1069 -1 -1 3300 3300
15117 CONNECTION 692 909 -1 -1 3540 3540
15118 CONNECTION 692 1085 -1 -1 3300 3300
15119 CONNECTION 692 143 300 660 5100 5100
15120 CONNECTION 692 173 300 900 4500 4500
15121 CONNECTION 692 979 300 900 5340 5340
15122 CONNECTION 692 1045 300 900 5340 5340
15123 CONNECTION 692 1079 300 1320 5760 5760
15124 CONNECTION 692 496 300 1440 5040 5040
15125 CONNECTION 692 305 300 2100 5700 5700
15126 CONNECTION 692 355 300 2460 6900 6900
15127 CONNECTION 692 451 300 3300 6900 6900
15128 CONNECTION 692 591 300 4260 8700 8700
15129 CONNECTION 1060 618 -1 -1 2100 2100
15130 CONNECTION 1060 889 -1 -1 2940 2940
15131 CONNECTION 1060 1053 -1 -1 2940 2940
15132 CONNECTION 1060 1069 -1 -1 3300 3300
15133 CONNECTION 1060 909 -1 -1 3540 3540
15134 CONNECTION 1060 1085 -1 -1 3300 3300
15135 CONNECTION 1060 143 300 660 5100 5100
15136 CONNECTION 1060 173 300 900 4500 4500
15137 CONNECTION 1060 979 300 900 5340 5340
15138 CONNECTION 1060 1045 300 900 5340 5340
15139 CONNECTION 1060 1079 300 1320 5760 5760
15140 CONNECTION 1060 496 300 1440 5040 5040
15141 CONNECTION 1060 305 300 2100 5700 5700
15142 CONNECTION 1060 355 300 2460 6900 6900
15143 CONNECTION 1060 451 300 3300 6900 6900
15144 CONNECTION 1060 591 300 4260 8700 8700
15145 CONNECTION 418 419 -1 -1 1920 1920
15146 CONNECTION 418 304 -1 -1 2700 2700
15147 CONNECTION 418 549 -1 -1 3120 3120
15148 CONNECTION 418 450 -1 -1 3900 3900
15149 CONNECTION 418 694 -1 -1 4320 4320
15150 CONNECTION 418 1065 -1 -1 4320 4320
15151 CONNECTION 418 620 300 1260 5100 5100
15152 CONNECTION 418 101 300 1440 5520 5520
15153 CONNECTION 418 1087 300 2460 6300 6300
15154 CONNECTION 418 252 300 2640 6720 6720
15155 CONNECTION 418 175 300 3660 7500 7500
15156 CONNECTION 418 422 300 3840 7920 7920
15157 CONNECTION 977 978 -1 -1 2160 2160
15158 CONNECTION 977 929 -1 -1 2580 2580
15159 CONNECTION 977 715 -1 -1 2340 2340
15160 CONNECTION 977 197 -1 -1 3360 3360
15161 CONNECTION 977 779 -1 -1 2400 2400
15162 CONNECTION 977 100 -1 -1 2940 2940
15163 CONNECTION 977 41 -1 -1 3720 3720
15164 CONNECTION 977 795 -1 -1 5520 5520
15165 CONNECTION 977 70 -1 -1 3960 3960
15166 CONNECTION 977 118 -1 -1 5820 5820
15167 CONNECTION 977 1070 -1 -1 4380 4380
15168 CONNECTION 977 251 -1 -1 4140 4140
15169 CONNECTION 977 330 300 1320 5760 5760
15170 CONNECTION 977 421 300 1500 5340 5340
15171 CONNECTION 977 667 300 1740 5220 5220
15172 CONNECTION 977 144 300 1800 6180 6180
15173 CONNECTION 977 1080 300 2460 5940 5940
15174 CONNECTION 977 642 300 2520 6960 6960
15175 CONNECTION 977 944 300 2520 6000 6000
15176 CONNECTION 977 551 300 2700 6540 6540
15177 CONNECTION 977 498 300 2940 7320 7320
15178 CONNECTION 977 521 300 3120 7560 7560
15179 CONNECTION 977 469 300 3240 9420 9420
15180 CONNECTION 977 356 300 3600 7980 7980
15181 CONNECTION 977 1088 300 3900 7740 7740
15182 SINK 977 0 -1 -1 300 300
15183 CONNECTION 1043 1044 -1 -1 2160 2160
15184 CONNECTION 1043 929 -1 -1 2580 2580
15185 CONNECTION 1043 715 -1 -1 2340 2340
15186 CONNECTION 1043 197 -1 -1 3360 3360
15187 CONNECTION 1043 779 -1 -1 2400 2400
15188 CONNECTION 1043 100 -1 -1 2940 2940
15189 CONNECTION 1043 41 -1 -1 3720 3720
15190 CONNECTION 1043 795 -1 -1 5520 5520
15191 CONNECTION 1043 70 -1 -1 3960 3960
15192 CONNECTION 1043 118 -1 -1 5820 5820
15193 CONNECTION 1043 1070 -1 -1 4380 4380
15194 CONNECTION 1043 251 -1 -1 4140 4140
15195 CONNECTION 1043 330 300 1320 5760 5760
15196 CONNECTION 1043 421 300 1500 5340 5340
15197 CONNECTION 1043 667 300 1740 5220 5220
15198 CONNECTION 1043 144 300 1800 6180 6180
15199 CONNECTION 1043 1080 300 2460 5940 5940
15200 CONNECTION 1043 642 300 2520 6960 6960
15201 CONNECTION 1043 944 300 2520 6000 6000
15202 CONNECTION 1043 551 300 2700 6540 6540
15203 CONNECTION 1043 498 300 2940 7320 7320
15204 CONNECTION 1043 521 300 3120 7560 7560
15205 CONNECTION 1043 469 300 3240 9420 9420
15206 CONNECTION 1043 356 300 3600 7980 7980
15207 CONNECTION 1043 1088 300 3900 7740 7740
15208 SINK 1043 0 -1 -1 300 300
15209 CONNECTION 1068 1069 -1 -1 2160 2160
15210 CONNECTION 1068 1085 -1 -1 2160 2160
15211 CONNECTION 1068 143 -1 -1 3960 3960
15212 CONNECTION 1068 173 -1 -1 3360 3360
15213 CONNECTION 1068 979 -1 -1 4200 4200
15214 CONNECTION 1068 1045 -1 -1 4200 4200
15215 CONNECTION 1068 1079 -1 -1 4620 4620
15216 CONNECTION 1068 496 -1 -1 3900 3900
15217 CONNECTION 1068 305 300 960 4560 4560
15218 CONNECTION 1068 355 300 1320 5760 5760
15219 CONNECTION 1068 451 300 2160 5760 5760
15220 CONNECTION 1068 591 300 3120 7560 7560
15221 CONNECTION 1068 276 300 3780 8220 8220
15222 CONNECTION 390 810 -1 -1 5700 5700
15223 CONNECTION 390 373 -1 -1 6480 6480
15224 CONNECTION 390 119 300 1620 6300 6300
15225 CONNECTION 390 17 300 3120 9300 9300
15226 CONNECTION 495 870 -1 -1 3240 3240
15227 CONNECTION 495 568 -1 -1 3480 3480
15228 CONNECTION 495 809 -1 -1 3480 3480
15229 CONNECTION 495 329 -1 -1 3480 3480
15230 CONNECTION 495 666 -1 -1 3900 3900
15231 CONNECTION 495 930 -1 -1 5040 5040
15232 CONNECTION 495 520 300 900 5280 5280
15233 CONNECTION 495 1071 300 1980 6840 6840
15234 CONNECTION 495 850 300 2220 7080 7080
15235 CONNECTION 495 16 300 2400 7080 7080
15236 CONNECTION 495 737 300 2700 7080 7080
15237 CONNECTION 495 42 300 3120 7500 7500
15238 CONNECTION 495 832 300 4500 8880 8880
15239 CONNECTION 665 1069 -1 -1 2940 2940
15240 CONNECTION 665 909 -1 -1 3180 3180
15241 CONNECTION 665 1085 -1 -1 2940 2940
15242 CONNECTION 665 143 -1 -1 4740 4740
15243 CONNECTION 665 173 300 540 4140 4140
15244 CONNECTION 665 979 300 540 4980 4980
15245 CONNECTION 665 1045 300 540 4980 4980
15246 CONNECTION 665 1079 300 960 5400 5400
15247 CONNECTION 665 496 300 1080 4680 4680
15248 CONNECTION 665 305 300 1740 5340 5340
15249 CONNECTION 665 355 300 2100 6540 6540
15250 CONNECTION 665 451 300 2940 6540 6540
15251 CONNECTION 665 591 300 3900 8340 8340
15252 CONNECTION 665 276 300 4560 9000 9000
15253 CONNECTION 1063 693 -1 -1 2100 2100
15254 CONNECTION 1063 1064 -1 -1 2100 2100
15255 CONNECTION 1063 222 -1 -1 1980 1980
15256 CONNECTION 1063 929 -1 -1 2940 2940
15257 CONNECTION 1063 715 -1 -1 2700 2700
15258 CONNECTION 1063 197 -1 -1 3720 3720
15259 CONNECTION 1063 779 -1 -1 2760 2760
15260 CONNECTION 1063 100 -1 -1 3300 3300
15261 CONNECTION 1063 41 -1 -1 4080 4080
15262 CONNECTION 1063 795 -1 -1 5880 5880
15263 CONNECTION 1063 70 -1 -1 4320 4320
15264 CONNECTION 1063 118 -1 -1 6180 6180
15265 CONNECTION 1063 1070 300 360 4740 4740
15266 CONNECTION 1063 251 300 660 4500 4500
15267 CONNECTION 1063 330 300 1680 6120 6120
15268 CONNECTION 1063 421 300 1860 5700 5700
15269 CONNECTION 1063 667 300 2100 5580 5580
15270 CONNECTION 1063 144 300 2160 6540 6540
15271 CONNECTION 1063 1080 300 2820 6300 6300
15272 CONNECTION 1063 642 300 2880 7320 7320
15273 CONNECTION 1063 944 300 2880 6360 6360
15274 CONNECTION 1063 551 300 3060 6900 6900
15275 CONNECTION 1063 498 300 3300 7680 7680
15276 CONNECTION 1063 521 300 3480 7920 7920
15277 CONNECTION 1063 469 300 3600 9780 9780
15278 CONNECTION 1063 356 300 3960 8340 8340
15279 CONNECTION 1063 1088 300 4260 8100 8100
15280 SINK 1063 0 -1 -1 300 300
15281 CONNECTION 908 909 -1 -1 2160 2160
15282 CONNECTION 908 1085 -1 -1 1920 1920
15283 CONNECTION 908 143 -1 -1 3720 3720
15284 CONNECTION 908 173 -1 -1 3120 3120
15285 CONNECTION 908 979 -1 -1 3960 3960
15286 CONNECTION 908 1045 -1 -1 3960 3960
15287 CONNECTION 908 1079 -1 -1 4380 4380
15288 CONNECTION 908 496 -1 -1 3660 3660
15289 CONNECTION 908 305 300 720 4320 4320
15290 CONNECTION 908 355 300 1080 5520 5520
15291 CONNECTION 908 451 300 1920 5520 5520
15292 CONNECTION 908 591 300 2880 7320 7320
15293 CONNECTION 908 276 300 3540 7980 7980
15294 CONNECTION 908 763 300 4680 9120 9120
15295 CONNECTION 249 250 -1 -1 1320 1320
15296 CONNECTION 249 619 -1 -1 2820 2820
15297 CONNECTION 249 420 -1 -1 2520 2520
15298 CONNECTION 249 223 -1 -1 2880 2880
15299 CONNECTION 249 1086 -1 -1 4020 4020
15300 CONNECTION 249 550 -1 -1 3720 3720
15301 CONNECTION 249 174 300 1140 5220 5220
15302 CONNECTION 249 641 300 1200 4680 4680
15303 CONNECTION 249 695 300 1320 4920 4920
15304 CONNECTION 249 1066 300 1320 4920 4920
15305 CONNECTION 249 959 300 1560 5040 5040
15306 CONNECTION 249 497 300 1680 5160 5160
15307 CONNECTION 249 306 300 2340 6420 6420
15308 CONNECTION 249 102 300 2520 6120 6120
15309 CONNECTION 249 668 300 2880 6480 6480
15310 CONNECTION 249 452 300 3540 7620 7620
15311 CONNECTION 249 253 300 3720 7320 7320
15312 CONNECTION 249 1081 300 4800 8280 8280
15313 CONNECTION 221 222 -1 -1 1200 1200
15314 CONNECTION 221 715 -1 -1 1920 1920
15315 CONNECTION 221 197 -1 -1 2940 2940
15316 CONNECTION 221 779 -1 -1 1980 1980
15317 CONNECTION 221 100 -1 -1 2520 2520
15318 CONNECTION 221 41 -1 -1 3300 3300
15319 CONNECTION 221 795 -1 -1 5100 5100
15320 CONNECTION 221 70 -1 -1 3540 3540
15321 CONNECTION 221 118 -1 -1 5400 5400
15322 CONNECTION 221 1070 -1 -1 3960 3960
15323 CONNECTION 221 251 -1 -1 3720 3720
15324 CONNECTION 221 330 300 900 5340 5340
15325 CONNECTION 221 421 300 1080 4920 4920
15326 CONNECTION 221 667 300 1320 4800 4800
15327 CONNECTION 221 144 300 1380 5760 5760
15328 CONNECTION 221 1080 300 2040 5520 5520
15329 CONNECTION 221 642 300 2100 6540 6540
15330 CONNECTION 221 944 300 2100 5580 5580
15331 CONNECTION 221 551 300 2280 6120 6120
15332 CONNECTION 221 498 300 2520 6900 6900
15333 CONNECTION 221 521 300 2700 7140 7140
15334 CONNECTION 221 469 300 2820 9000 9000
15335 CONNECTION 221 356 300 3180 7560 7560
15336 CONNECTION 221 1088 300 3480 7320 7320
15337 CONNECTION 221 738 300 4500 8940 8940
15338 SINK 221 0 -1 -1 300 300
15339 CONNECTION 640 353 -1 -1 1860 1860
15340 CONNECTION 640 958 -1 -1 4200 4200
15341 CONNECTION 640 589 -1 -1 3660 3660
15342 CONNECTION 640 274 300 600 4260 4260
15343 CONNECTION 640 761 300 1800 5460 5460
15344 CONNECTION 640 391 300 2520 7800 7800
15345 CONNECTION 848 849 -1 -1 2400 2400
15346 CONNECTION 848 810 -1 -1 5400 5400
15347 CONNECTION 848 373 -1 -1 6180 6180
15348 CONNECTION 848 119 300 1320 6000 6000
15349 CONNECTION 848 17 300 2820 9000 9000
15350 CONNECTION 928 929 -1 -1 2100 2100
15351 CONNECTION 928 715 -1 -1 1860 1860
15352 CONNECTION 928 197 -1 -1 2880 2880
15353 CONNECTION 928 779 -1 -1 1920 1920
15354 CONNECTION 928 100 -1 -1 2460 2460
15355 CONNECTION 928 41 -1 -1 3240 3240
15356 CONNECTION 928 795 -1 -1 5040 5040
15357 CONNECTION 928 70 -1 -1 3480 3480
15358 CONNECTION 928 118 -1 -1 5340 5340
15359 CONNECTION 928 1070 -1 -1 3900 3900
15360 CONNECTION 928 251 -1 -1 3660 3660
15361 CONNECTION 928 330 300 840 5280 5280
15362 CONNECTION 928 421 300 1020 4860 4860
15363 CONNECTION 928 667 300 1260 4740 4740
15364 CONNECTION 928 144 300 1320 5700 5700
15365 CONNECTION 928 1080 300 1980 5460 5460
15366 CONNECTION 928 642 300 2040 6480 6480
15367 CONNECTION 928 944 300 2040 5520 5520
15368 CONNECTION 928 551 300 2220 6060 6060
15369 CONNECTION 928 498 300 2460 6840 6840
15370 CONNECTION 928 521 300 2640 7080 7080
15371 CONNECTION 928 469 300 2760 8940 8940
15372 CONNECTION 928 356 300 3120 7500 7500
15373 CONNECTION 928 1088 300 3420 7260 7260
15374 CONNECTION 928 738 300 4440 8880 8880
15375 SINK 928 0 -1 -1 300 300
15376 CONNECTION 141 142 -1 -1 2160 2160
15377 CONNECTION 141 1078 -1 -1 2820 2820
15378 CONNECTION 141 830 -1 -1 2340 2340
15379 CONNECTION 141 354 -1 -1 3960 3960
15380 CONNECTION 141 890 -1 -1 3540 3540
15381 CONNECTION 141 1054 -1 -1 3540 3540
15382 CONNECTION 141 910 300 480 4140 4140
15383 CONNECTION 141 590 300 1320 5760 5760
15384 CONNECTION 141 275 300 1980 6420 6420
15385 CONNECTION 141 762 300 3120 7560 7560
15386 CONNECTION 448 449 -1 -1 1800 1800
15387 CONNECTION 448 40 -1 -1 1740 1740
15388 CONNECTION 448 619 -1 -1 3000 3000
15389 CONNECTION 448 420 -1 -1 2700 2700
15390 CONNECTION 448 223 -1 -1 3060 3060
15391 CONNECTION 448 1086 -1 -1 4200 4200
15392 CONNECTION 448 550 -1 -1 3900 3900
15393 CONNECTION 448 174 300 1320 5400 5400
15394 CONNECTION 448 641 300 1380 4860 4860
15395 CONNECTION 448 695 300 1500 5100 5100
15396 CONNECTION 448 1066 300 1500 5100 5100
15397 CONNECTION 448 959 300 1740 5220 5220
15398 CONNECTION 448 497 300 1860 5340 5340
15399 CONNECTION 448 306 300 2520 6600 6600
15400 CONNECTION 448 102 300 2700 6300 6300
15401 CONNECTION 448 668 300 3060 6660 6660
15402 CONNECTION 448 452 300 3720 7800 7800
15403 CONNECTION 448 253 300 3900 7500 7500
15404 CONNECTION 808 809 -1 -1 2460 2460
15405 CONNECTION 808 666 -1 -1 2880 2880
15406 CONNECTION 808 930 -1 -1 4020 4020
15407 CONNECTION 808 520 -1 -1 4260 4260
15408 CONNECTION 808 1071 300 960 5820 5820
15409 CONNECTION 808 850 300 1200 6060 6060
15410 CONNECTION 808 16 300 1380 6060 6060
15411 CONNECTION 808 737 300 1680 6060 6060
15412 CONNECTION 808 42 300 2100 6480 6480
15413 CONNECTION 808 832 300 3480 7860 7860
15414 CONNECTION 808 357 300 4560 9420 9420
15415 CONNECTION 808 120 300 4800 9660 9660
15416 CONNECTION 829 830 -1 -1 1380 1380
15417 CONNECTION 829 354 -1 -1 3000 3000
15418 CONNECTION 829 890 -1 -1 2580 2580
15419 CONNECTION 829 1054 -1 -1 2580 2580
15420 CONNECTION 829 910 -1 -1 3180 3180
15421 CONNECTION 829 590 300 360 4800 4800
15422 CONNECTION 829 275 300 1020 5460 5460
15423 CONNECTION 829 762 300 2160 6600 6600
15424 CONNECTION 567 568 -1 -1 2580 2580
15425 CONNECTION 567 329 -1 -1 2580 2580
15426 CONNECTION 567 666 -1 -1 3000 3000
15427 CONNECTION 567 930 -1 -1 4140 4140
15428 CONNECTION 567 520 -1 -1 4380 4380
15429 CONNECTION 567 1071 300 1080 5940 5940
15430 CONNECTION 567 850 300 1320 6180 6180
15431 CONNECTION 567 16 300 1500 6180 6180
15432 CONNECTION 567 737 300 1800 6180 6180
15433 CONNECTION 567 42 300 2220 6600 6600
15434 CONNECTION 567 832 300 3600 7980 7980
15435 CONNECTION 567 357 300 4680 9540 9540
15436 CONNECTION 303 304 -1 -1 1560 1560
15437 CONNECTION 303 450 -1 -1 2760 2760
15438 CONNECTION 303 694 -1 -1 3180 3180
15439 CONNECTION 303 1065 -1 -1 3180 3180
15440 CONNECTION 303 620 -1 -1 3960 3960
15441 CONNECTION 303 101 -1 -1 4380 4380
15442 CONNECTION 303 1087 300 1320 5160 5160
15443 CONNECTION 303 252 300 1500 5580 5580
15444 CONNECTION 303 175 300 2520 6360 6360
15445 CONNECTION 303 422 300 2700 6780 6780
15446 CONNECTION 303 307 300 3720 7560 7560
15447 CONNECTION 303 552 300 3900 7980 7980
15448 CONNECTION 869 870 -1 -1 2580 2580
15449 CONNECTION 869 329 -1 -1 2820 2820
15450 CONNECTION 869 666 -1 -1 3240 3240
15451 CONNECTION 869 930 -1 -1 4380 4380
15452 CONNECTION 869 520 -1 -1 4620 4620
15453 CONNECTION 869 1071 300 1320 6180 6180
15454 CONNECTION 869 850 300 1560 6420 6420
15455 CONNECTION 869 16 300 1740 6420 6420
15456 CONNECTION 869 737 300 2040 6420 6420
15457 CONNECTION 869 42 300 2460 6840 6840
15458 CONNECTION 869 832 300 3840 8220 8220
15459 CONNECTION 372 274 -1 -1 2160 2160
15460 CONNECTION 372 761 -1 -1 3360 3360
15461 CONNECTION 372 391 300 420 5700 5700
15462 CONNECTION 99 1085 -1 -1 2100 2100
15463 CONNECTION 99 143 -1 -1 3900 3900
15464 CONNECTION 99 173 -1 -1 3300 3300
15465 CONNECTION 99 979 -1 -1 4140 4140
15466 CONNECTION 99 1045 -1 -1 4140 4140
15467 CONNECTION 99 1079 -1 -1 4560 4560
15468 CONNECTION 99 496 -1 -1 3840 3840
15469 CONNECTION 99 305 300 900 4500 4500
15470 CONNECTION 99 355 300 1260 5700 5700
15471 CONNECTION 99 451 300 2100 5700 5700
15472 CONNECTION 99 591 300 3060 7500 7500
15473 CONNECTION 99 276 300 3720 8160 8160
15474 CONNECTION 328 329 -1 -1 2100 2100
15475 CONNECTION 328 930 -1 -1 3660 3660
15476 CONNECTION 328 520 -1 -1 3900 3900
15477 CONNECTION 328 1071 300 600 5460 5460
15478 CONNECTION 328 850 300 840 5700 5700
15479 CONNECTION 328 16 300 1020 5700 5700
15480 CONNECTION 328 737 300 1320 5700 5700
15481 CONNECTION 328 42 300 1740 6120 6120
15482 CONNECTION 328 832 300 3120 7500 7500
15483 CONNECTION 328 357 300 4200 9060 9060
15484 CONNECTION 328 120 300 4440 9300 9300
15485 CONNECTION 735 958 -1 -1 3600 3600
15486 CONNECTION 735 589 -1 -1 3060 3060
15487 CONNECTION 735 274 -1 -1 3660 3660
15488 CONNECTION 735 761 300 1200 4860 4860
15489 CONNECTION 735 391 300 1920 7200 7200
15490 CONNECTION 548 549 -1 -1 1920 1920
15491 CONNECTION 548 450 -1 -1 2700 2700
15492 CONNECTION 548 694 -1 -1 3120 3120
15493 CONNECTION 548 1065 -1 -1 3120 3120
15494 CONNECTION 548 620 -1 -1 3900 3900
15495 CONNECTION 548 101 -1 -1 4320 4320
15496 CONNECTION 548 1087 300 1260 5100 5100
15497 CONNECTION 548 252 300 1440 5520 5520
15498 CONNECTION 548 175 300 2460 6300 6300
15499 CONNECTION 548 422 300 2640 6720 6720
15500 CONNECTION 548 307 300 3660 7500 7500
15501 CONNECTION 548 552 300 3840 7920 7920
15502 CONNECTION 714 715 -1 -1 1200 1200
15503 CONNECTION 714 41 -1 -1 2580 2580
15504 CONNECTION 714 795 -1 -1 4380 4380
15505 CONNECTION 714 70 -1 -1 2820 2820
15506 CONNECTION 714 118 -1 -1 4680 4680
15507 CONNECTION 714 1070 -1 -1 3240 3240
15508 CONNECTION 714 251 -1 -1 3000 3000
15509 CONNECTION 714 330 -1 -1 4620 4620
15510 CONNECTION 714 421 300 360 4200 4200
15511 CONNECTION 714 667 300 600 4080 4080
15512 CONNECTION 714 144 300 660 5040 5040
15513 CONNECTION 714 1080 300 1320 4800 4800
15514 CONNECTION 714 642 300 1380 5820 5820
15515 CONNECTION 714 944 300 1380 4860 4860
15516 CONNECTION 714 551 300 1560 5400 5400
15517 CONNECTION 714 498 300 1800 6180 6180
15518 CONNECTION 714 521 300 1980 6420 6420
15519 CONNECTION 714 469 300 2100 8280 8280
15520 CONNECTION 714 356 300 2460 6840 6840
15521 CONNECTION 714 1088 300 2760 6600 6600
15522 CONNECTION 714 738 300 3780 8220 8220
15523 CONNECTION 714 43 300 4200 7680 7680
15524 CONNECTION 714 592 300 4260 8640 8640
15525 SINK 714 0 -1 -1 300 300
15526 CONNECTION 760 15 -1 -1 3180 3180
15527 CONNECTION 760 736 -1 -1 3540 3540
15528 CONNECTION 760 831 300 480 5340 5340
15529 CONNECTION 760 1072 300 4080 8940 8940
15530 CONNECTION 1077 1078 -1 -1 2220 2220
15531 CONNECTION 1077 354 -1 -1 3360 3360
15532 CONNECTION 1077 890 -1 -1 2940 2940
15533 CONNECTION 1077 1054 -1 -1 2940 2940
15534 CONNECTION 1077 910 -1 -1 3540 3540
15535 CONNECTION 1077 590 300 720 5160 5160
15536 CONNECTION 1077 275 300 1380 5820 5820
15537 CONNECTION 1077 762 300 2520 6960 6960
15538 CONNECTION 39 40 -1 -1 1200 1200
15539 CONNECTION 39 619 -1 -1 2460 2460
15540 CONNECTION 39 420 -1 -1 2160 2160
15541 CONNECTION 39 223 -1 -1 2520 2520
15542 CONNECTION 39 1086 -1 -1 3660 3660
15543 CONNECTION 39 550 -1 -1 3360 3360
15544 CONNECTION 39 174 300 780 4860 4860
15545 CONNECTION 39 641 300 840 4320 4320
15546 CONNECTION 39 695 300 960 4560 4560
15547 CONNECTION 39 1066 300 960 4560 4560
15548 CONNECTION 39 959 300 1200 4680 4680
15549 CONNECTION 39 497 300 1320 4800 4800
15550 CONNECTION 39 306 300 1980 6060 6060
15551 CONNECTION 39 102 300 2160 5760 5760
15552 CONNECTION 39 668 300 2520 6120 6120
15553 CONNECTION 39 452 300 3180 7260 7260
15554 CONNECTION 39 253 300 3360 6960 6960
15555 CONNECTION 39 1081 300 4440 7920 7920
15556 CONNECTION 39 423 300 4560 8160 8160
15557 CONNECTION 39 392 300 4800 8280 8280
15558 CONNECTION 172 100 -1 -1 2100 2100
15559 CONNECTION 172 41 -1 -1 2880 2880
15560 CONNECTION 172 795 -1 -1 4680 4680
15561 CONNECTION 172 70 -1 -1 3120 3120
15562 CONNECTION 172 118 -1 -1 4980 4980
15563 CONNECTION 172 1070 -1 -1 3540 3540
15564 CONNECTION 172 251 -1 -1 3300 3300
15565 CONNECTION 172 330 300 480 4920 4920
15566 CONNECTION 172 421 300 660 4500 4500
15567 CONNECTION 172 667 300 900 4380 4380
15568 CONNECTION 172 144 300 960 5340 5340
15569 CONNECTION 172 1080 300 1620 5100 5100
15570 CONNECTION 172 642 300 1680 6120 6120
15571 CONNECTION 172 944 300 1680 5160 5160
15572 CONNECTION 172 551 300 1860 5700 5700
15573 CONNECTION 172 498 300 2100 6480 6480
15574 CONNECTION 172 521 300 2280 6720 6720
15575 CONNECTION 172 469 300 2400 8580 8580
15576 CONNECTION 172 356 300 2760 7140 7140
15577 CONNECTION 172 1088 300 3060 6900 6900
15578 CONNECTION 172 738 300 4080 8520 8520
15579 CONNECTION 172 43 300 4500 7980 7980
15580 CONNECTION 172 592 300 4560 8940 8940
15581 SINK 172 0 -1 -1 300 300
15582 CONNECTION 419 420 -1 -1 1320 1320
15583 CONNECTION 419 1086 -1 -1 2820 2820
15584 CONNECTION 419 550 -1 -1 2520 2520
15585 CONNECTION 419 174 -1 -1 4020 4020
15586 CONNECTION 419 641 -1 -1 3480 3480
15587 CONNECTION 419 695 -1 -1 3720 3720
15588 CONNECTION 419 1066 -1 -1 3720 3720
15589 CONNECTION 419 959 300 360 3840 3840
15590 CONNECTION 419 497 300 480 3960 3960
15591 CONNECTION 419 306 300 1140 5220 5220
15592 CONNECTION 419 102 300 1320 4920 4920
15593 CONNECTION 419 668 300 1680 5280 5280
15594 CONNECTION 419 452 300 2340 6420 6420
15595 CONNECTION 419 253 300 2520 6120 6120
15596 CONNECTION 419 1081 300 3600 7080 7080
15597 CONNECTION 419 423 300 3720 7320 7320
15598 CONNECTION 419 392 300 3960 7440 7440
15599 CONNECTION 69 70 -1 -1 2160 2160
15600 CONNECTION 69 1070 -1 -1 2580 2580
15601 CONNECTION 69 251 -1 -1 2340 2340
15602 CONNECTION 69 330 -1 -1 3960 3960
15603 CONNECTION 69 421 -1 -1 3540 3540
15604 CONNECTION 69 667 -1 -1 3420 3420
15605 CONNECTION 69 144 -1 -1 4380 4380
15606 CONNECTION 69 1080 300 660 4140 4140
15607 CONNECTION 69 642 300 720 5160 5160
15608 CONNECTION 69 944 300 720 4200 4200
15609 CONNECTION 69 551 300 900 4740 4740
15610 CONNECTION 69 498 300 1140 5520 5520
15611 CONNECTION 69 521 300 1320 5760 5760
15612 CONNECTION 69 469 300 1440 7620 7620
15613 CONNECTION 69 356 300 1800 6180 6180
15614 CONNECTION 69 1088 300 2100 5940 5940
15615 CONNECTION 69 738 300 3120 7560 7560
15616 CONNECTION 69 43 300 3540 7020 7020
15617 CONNECTION 69 592 300 3600 7980 7980
15618 CONNECTION 69 277 300 4260 7740 7740
15619 CONNECTION 69 374 300 4320 7800 7800
15620 CONNECTION 69 1082 300 4320 8760 8760
15621 SINK 69 0 -1 -1 300 300
15622 CONNECTION 142 143 -1 -1 2160 2160
15623 CONNECTION 142 1079 -1 -1 2820 2820
15624 CONNECTION 142 496 -1 -1 2100 2100
15625 CONNECTION 142 305 -1 -1 2760 2760
15626 CONNECTION 142 355 -1 -1 3960 3960
15627 CONNECTION 142 451 300 360 3960 3960
15628 CONNECTION 142 591 300 1320 5760 5760
15629 CONNECTION 142 276 300 1980 6420 6420
15630 CONNECTION 142 763 300 3120 7560 7560
15631 CONNECTION 618 619 -1 -1 1800 1800
15632 CONNECTION 618 223 -1 -1 1860 1860
15633 CONNECTION 618 1086 -1 -1 3000 3000
15634 CONNECTION 618 550 -1 -1 2700 2700
15635 CONNECTION 618 174 -1 -1 4200 4200
15636 CONNECTION 618 641 -1 -1 3660 3660
15637 CONNECTION 618 695 -1 -1 3900 3900
15638 CONNECTION 618 1066 -1 -1 3900 3900
15639 CONNECTION 618 959 300 540 4020 4020
15640 CONNECTION 618 497 300 660 4140 4140
15641 CONNECTION 618 306 300 1320 5400 5400
15642 CONNECTION 618 102 300 1500 5100 5100
15643 CONNECTION 618 668 300 1860 5460 5460
15644 CONNECTION 618 452 300 2520 6600 6600
15645 CONNECTION 618 253 300 2700 6300 6300
15646 CONNECTION 618 1081 300 3780 7260 7260
15647 CONNECTION 618 423 300 3900 7500 7500
15648 CONNECTION 618 392 300 4140 7620 7620
15649 CONNECTION 889 890 -1 -1 1380 1380
15650 CONNECTION 889 910 -1 -1 1980 1980
15651 CONNECTION 889 590 -1 -1 3600 3600
15652 CONNECTION 889 275 -1 -1 4260 4260
15653 CONNECTION 889 762 300 960 5400 5400
15654 CONNECTION 1053 1054 -1 -1 1380 1380
15655 CONNECTION 1053 910 -1 -1 1980 1980
15656 CONNECTION 1053 590 -1 -1 3600 3600
15657 CONNECTION 1053 275 -1 -1 4260 4260
15658 CONNECTION 1053 762 300 960 5400 5400
15659 CONNECTION 449 450 -1 -1 1560 1560
15660 CONNECTION 449 620 -1 -1 2760 2760
15661 CONNECTION 449 101 -1 -1 3180 3180
15662 CONNECTION 449 1087 -1 -1 3960 3960
15663 CONNECTION 449 252 -1 -1 4380 4380
15664 CONNECTION 449 175 300 1320 5160 5160
15665 CONNECTION 449 422 300 1500 5580 5580
15666 CONNECTION 449 307 300 2520 6360 6360
15667 CONNECTION 449 552 300 2700 6780 6780
15668 CONNECTION 449 453 300 3720 7560 7560
15669 CONNECTION 449 1089 300 3900 7980 7980
15670 CONNECTION 196 197 -1 -1 2220 2220
15671 CONNECTION 196 41 -1 -1 2580 2580
15672 CONNECTION 196 795 -1 -1 4380 4380
15673 CONNECTION 196 70 -1 -1 2820 2820
15674 CONNECTION 196 118 -1 -1 4680 4680
15675 CONNECTION 196 1070 -1 -1 3240 3240
15676 CONNECTION 196 251 -1 -1 3000 3000
15677 CONNECTION 196 330 -1 -1 4620 4620
15678 CONNECTION 196 421 300 360 4200 4200
15679 CONNECTION 196 667 300 600 4080 4080
15680 CONNECTION 196 144 300 660 5040 5040
15681 CONNECTION 196 1080 300 1320 4800 4800
15682 CONNECTION 196 642 300 1380 5820 5820
15683 CONNECTION 196 944 300 1380 4860 4860
15684 CONNECTION 196 551 300 1560 5400 5400
15685 CONNECTION 196 498 300 1800 6180 6180
15686 CONNECTION 196 521 300 1980 6420 6420
15687 CONNECTION 196 469 300 2100 8280 8280
15688 CONNECTION 196 356 300 2460 6840 6840
15689 CONNECTION 196 1088 300 2760 6600 6600
15690 CONNECTION 196 738 300 3780 8220 8220
15691 CONNECTION 196 43 300 4200 7680 7680
15692 CONNECTION 196 592 300 4260 8640 8640
15693 SINK 196 0 -1 -1 300 300
15694 CONNECTION 978 979 -1 -1 2160 2160
15695 CONNECTION 978 496 -1 -1 1860 1860
15696 CONNECTION 978 305 -1 -1 2520 2520
15697 CONNECTION 978 355 -1 -1 3720 3720
15698 CONNECTION 978 451 -1 -1 3720 3720
15699 CONNECTION 978 591 300 1080 5520 5520
15700 CONNECTION 978 276 300 1740 6180 6180
15701 CONNECTION 978 763 300 2880 7320 7320
15702 CONNECTION 1044 1045 -1 -1 2160 2160
15703 CONNECTION 1044 496 -1 -1 1860 1860
15704 CONNECTION 1044 305 -1 -1 2520 2520
15705 CONNECTION 1044 355 -1 -1 3720 3720
15706 CONNECTION 1044 451 -1 -1 3720 3720
15707 CONNECTION 1044 591 300 1080 5520 5520
15708 CONNECTION 1044 276 300 1740 6180 6180
15709 CONNECTION 1044 763 300 2880 7320 7320
15710 CONNECTION 250 143 -1 -1 2700 2700
15711 CONNECTION 250 173 -1 -1 2100 2100
15712 CONNECTION 250 979 -1 -1 2940 2940
15713 CONNECTION 250 1045 -1 -1 2940 2940
15714 CONNECTION 250 1079 -1 -1 3360 3360
15715 CONNECTION 250 496 -1 -1 2640 2640
15716 CONNECTION 250 305 -1 -1 3300 3300
15717 CONNECTION 250 355 -1 -1 4500 4500
15718 CONNECTION 250 451 300 900 4500 4500
15719 CONNECTION 250 591 300 1860 6300 6300
15720 CONNECTION 250 276 300 2520 6960 6960
15721 CONNECTION 250 763 300 3660 8100 8100
15722 CONNECTION 468 1080 -1 -1 1920 1920
15723 CONNECTION 468 642 -1 -1 2940 2940
15724 CONNECTION 468 944 -1 -1 1980 1980
15725 CONNECTION 468 551 -1 -1 2520 2520
15726 CONNECTION 468 498 -1 -1 3300 3300
15727 CONNECTION 468 521 -1 -1 3540 3540
15728 CONNECTION 468 469 -1 -1 5400 5400
15729 CONNECTION 468 356 -1 -1 3960 3960
15730 CONNECTION 468 1088 -1 -1 3720 3720
15731 CONNECTION 468 738 300 900 5340 5340
15732 CONNECTION 468 43 300 1320 4800 4800
15733 CONNECTION 468 592 300 1380 5760 5760
15734 CONNECTION 468 277 300 2040 5520 5520
15735 CONNECTION 468 374 300 2100 5580 5580
15736 CONNECTION 468 1082 300 2100 6540 6540
15737 CONNECTION 468 833 300 2700 7140 7140
15738 CONNECTION 468 764 300 3180 7560 7560
15739 SINK 468 0 -1 -1 300 300
15740 CONNECTION 1069 1070 -1 -1 2100 2100
15741 CONNECTION 1069 330 -1 -1 3480 3480
15742 CONNECTION 1069 421 -1 -1 3060 3060
15743 CONNECTION 1069 667 -1 -1 2940 2940
15744 CONNECTION 1069 144 -1 -1 3900 3900
15745 CONNECTION 1069 1080 -1 -1 3660 3660
15746 CONNECTION 1069 642 -1 -1 4680 4680
15747 CONNECTION 1069 944 -1 -1 3720 3720
15748 CONNECTION 1069 551 300 420 4260 4260
15749 CONNECTION 1069 498 300 660 5040 5040
15750 CONNECTION 1069 521 300 840 5280 5280
15751 CONNECTION 1069 469 300 960 7140 7140
15752 CONNECTION 1069 356 300 1320 5700 5700
15753 CONNECTION 1069 1088 300 1620 5460 5460
15754 CONNECTION 1069 738 300 2640 7080 7080
15755 CONNECTION 1069 43 300 3060 6540 6540
15756 CONNECTION 1069 592 300 3120 7500 7500
15757 CONNECTION 1069 277 300 3780 7260 7260
15758 CONNECTION 1069 374 300 3840 7320 7320
15759 CONNECTION 1069 1082 300 3840 8280 8280
15760 CONNECTION 1069 833 300 4440 8880 8880
15761 SINK 1069 0 -1 -1 300 300
15762 CONNECTION 353 354 -1 -1 2160 2160
15763 CONNECTION 353 910 -1 -1 2340 2340
15764 CONNECTION 353 590 -1 -1 3960 3960
15765 CONNECTION 353 275 -1 -1 4620 4620
15766 CONNECTION 353 762 300 1320 5760 5760
15767 CONNECTION 693 694 -1 -1 1920 1920
15768 CONNECTION 693 620 -1 -1 2700 2700
15769 CONNECTION 693 101 -1 -1 3120 3120
15770 CONNECTION 693 1087 -1 -1 3900 3900
15771 CONNECTION 693 252 -1 -1 4320 4320
15772 CONNECTION 693 175 300 1260 5100 5100
15773 CONNECTION 693 422 300 1440 5520 5520
15774 CONNECTION 693 307 300 2460 6300 6300
15775 CONNECTION 693 552 300 2640 6720 6720
15776 CONNECTION 693 453 300 3660 7500 7500
15777 CONNECTION 693 1089 300 3840 7920 7920
15778 CONNECTION 1064 1065 -1 -1 1920 1920
15779 CONNECTION 1064 620 -1 -1 2700 2700
15780 CONNECTION 1064 101 -1 -1 3120 3120
15781 CONNECTION 1064 1087 -1 -1 3900 3900
15782 CONNECTION 1064 252 -1 -1 4320 4320
15783 CONNECTION 1064 175 300 1260 5100 5100
15784 CONNECTION 1064 422 300 1440 5520 5520
15785 CONNECTION 1064 307 300 2460 6300 6300
15786 CONNECTION 1064 552 300 2640 6720 6720
15787 CONNECTION 1064 453 300 3660 7500 7500
15788 CONNECTION 1064 1089 300 3840 7920 7920
15789 CONNECTION 794 795 -1 -1 4020 4020
15790 CONNECTION 794 1070 -1 -1 2880 2880
15791 CONNECTION 794 251 -1 -1 2640 2640
15792 CONNECTION 794 330 -1 -1 4260 4260
15793 CONNECTION 794 421 -1 -1 3840 3840
15794 CONNECTION 794 667 -1 -1 3720 3720
15795 CONNECTION 794 144 -1 -1 4680 4680
15796 CONNECTION 794 1080 300 960 4440 4440
15797 CONNECTION 794 642 300 1020 5460 5460
15798 CONNECTION 794 944 300 1020 4500 4500
15799 CONNECTION 794 551 300 1200 5040 5040
15800 CONNECTION 794 498 300 1440 5820 5820
15801 CONNECTION 794 521 300 1620 6060 6060
15802 CONNECTION 794 469 300 1740 7920 7920
15803 CONNECTION 794 356 300 2100 6480 6480
15804 CONNECTION 794 1088 300 2400 6240 6240
15805 CONNECTION 794 738 300 3420 7860 7860
15806 CONNECTION 794 43 300 3840 7320 7320
15807 CONNECTION 794 592 300 3900 8280 8280
15808 CONNECTION 794 277 300 4560 8040 8040
15809 CONNECTION 794 374 300 4620 8100 8100
15810 CONNECTION 794 1082 300 4620 9060 9060
15811 SINK 794 0 -1 -1 300 300
15812 CONNECTION 909 910 -1 -1 1380 1380
15813 CONNECTION 909 590 -1 -1 3000 3000
15814 CONNECTION 909 275 -1 -1 3660 3660
15815 CONNECTION 909 762 300 360 4800 4800
15816 CONNECTION 40 41 -1 -1 2100 2100
15817 CONNECTION 40 1070 -1 -1 2760 2760
15818 CONNECTION 40 251 -1 -1 2520 2520
15819 CONNECTION 40 330 -1 -1 4140 4140
15820 CONNECTION 40 421 -1 -1 3720 3720
15821 CONNECTION 40 667 -1 -1 3600 3600
15822 CONNECTION 40 144 -1 -1 4560 4560
15823 CONNECTION 40 1080 300 840 4320 4320
15824 CONNECTION 40 642 300 900 5340 5340
15825 CONNECTION 40 944 300 900 4380 4380
15826 CONNECTION 40 551 300 1080 4920 4920
15827 CONNECTION 40 498 300 1320 5700 5700
15828 CONNECTION 40 521 300 1500 5940 5940
15829 CONNECTION 40 469 300 1620 7800 7800
15830 CONNECTION 40 356 300 1980 6360 6360
15831 CONNECTION 40 1088 300 2280 6120 6120
15832 CONNECTION 40 738 300 3300 7740 7740
15833 CONNECTION 40 43 300 3720 7200 7200
15834 CONNECTION 40 592 300 3780 8160 8160
15835 CONNECTION 40 277 300 4440 7920 7920
15836 CONNECTION 40 374 300 4500 7980 7980
15837 CONNECTION 40 1082 300 4500 8940 8940
15838 SINK 40 0 -1 -1 300 300
15839 CONNECTION 222 223 -1 -1 1320 1320
15840 CONNECTION 222 1086 -1 -1 2460 2460
15841 CONNECTION 222 550 -1 -1 2160 2160
15842 CONNECTION 222 174 -1 -1 3660 3660
15843 CONNECTION 222 641 -1 -1 3120 3120
15844 CONNECTION 222 695 -1 -1 3360 3360
15845 CONNECTION 222 1066 -1 -1 3360 3360
15846 CONNECTION 222 959 -1 -1 3480 3480
15847 CONNECTION 222 497 -1 -1 3600 3600
15848 CONNECTION 222 306 300 780 4860 4860
15849 CONNECTION 222 102 300 960 4560 4560
15850 CONNECTION 222 668 300 1320 4920 4920
15851 CONNECTION 222 452 300 1980 6060 6060
15852 CONNECTION 222 253 300 2160 5760 5760
15853 CONNECTION 222 1081 300 3240 6720 6720
15854 CONNECTION 222 423 300 3360 6960 6960
15855 CONNECTION 222 392 300 3600 7080 7080
15856 CONNECTION 222 553 300 4560 8160 8160
15857 CONNECTION 1078 1079 -1 -1 2160 2160
15858 CONNECTION 1078 305 -1 -1 2100 2100
15859 CONNECTION 1078 355 -1 -1 3300 3300
15860 CONNECTION 1078 451 -1 -1 3300 3300
15861 CONNECTION 1078 591 300 660 5100 5100
15862 CONNECTION 1078 276 300 1320 5760 5760
15863 CONNECTION 1078 763 300 2460 6900 6900
15864 CONNECTION 304 251 -1 -1 2100 2100
15865 CONNECTION 304 330 -1 -1 3720 3720
15866 CONNECTION 304 421 -1 -1 3300 3300
15867 CONNECTION 304 667 -1 -1 3180 3180
15868 CONNECTION 304 144 -1 -1 4140 4140
15869 CONNECTION 304 1080 300 420 3900 3900
15870 CONNECTION 304 642 300 480 4920 4920
15871 CONNECTION 304 944 300 480 3960 3960
15872 CONNECTION 304 551 300 660 4500 4500
15873 CONNECTION 304 498 300 900 5280 5280
15874 CONNECTION 304 521 300 1080 5520 5520
15875 CONNECTION 304 469 300 1200 7380 7380
15876 CONNECTION 304 356 300 1560 5940 5940
15877 CONNECTION 304 1088 300 1860 5700 5700
15878 CONNECTION 304 738 300 2880 7320 7320
15879 CONNECTION 304 43 300 3300 6780 6780
15880 CONNECTION 304 592 300 3360 7740 7740
15881 CONNECTION 304 277 300 4020 7500 7500
15882 CONNECTION 304 374 300 4080 7560 7560
15883 CONNECTION 304 1082 300 4080 8520 8520
15884 CONNECTION 304 833 300 4680 9120 9120
15885 SINK 304 0 -1 -1 300 300
15886 CONNECTION 929 930 -1 -1 2580 2580
15887 CONNECTION 929 520 -1 -1 2820 2820
15888 CONNECTION 929 1071 -1 -1 4380 4380
15889 CONNECTION 929 850 -1 -1 4620 4620
15890 CONNECTION 929 16 -1 -1 4620 4620
15891 CONNECTION 929 737 -1 -1 4620 4620
15892 CONNECTION 929 42 300 660 5040 5040
15893 CONNECTION 929 832 300 2040 6420 6420
15894 CONNECTION 929 357 300 3120 7980 7980
15895 CONNECTION 929 120 300 3360 8220 8220
15896 CONNECTION 549 550 -1 -1 1320 1320
15897 CONNECTION 549 174 -1 -1 2820 2820
15898 CONNECTION 549 641 -1 -1 2280 2280
15899 CONNECTION 549 695 -1 -1 2520 2520
15900 CONNECTION 549 1066 -1 -1 2520 2520
15901 CONNECTION 549 959 -1 -1 2640 2640
15902 CONNECTION 549 497 -1 -1 2760 2760
15903 CONNECTION 549 306 -1 -1 4020 4020
15904 CONNECTION 549 102 -1 -1 3720 3720
15905 CONNECTION 549 668 300 480 4080 4080
15906 CONNECTION 549 452 300 1140 5220 5220
15907 CONNECTION 549 253 300 1320 4920 4920
15908 CONNECTION 549 1081 300 2400 5880 5880
15909 CONNECTION 549 423 300 2520 6120 6120
15910 CONNECTION 549 392 300 2760 6240 6240
15911 CONNECTION 549 553 300 3720 7320 7320
15912 CONNECTION 549 44 300 4080 7680 7680
15913 CONNECTION 519 520 -1 -1 2100 2100
15914 CONNECTION 519 1071 -1 -1 3660 3660
15915 CONNECTION 519 850 -1 -1 3900 3900
15916 CONNECTION 519 16 -1 -1 3900 3900
15917 CONNECTION 519 737 -1 -1 3900 3900
15918 CONNECTION 519 42 -1 -1 4320 4320
15919 CONNECTION 519 832 300 1320 5700 5700
15920 CONNECTION 519 357 300 2400 7260 7260
15921 CONNECTION 519 120 300 2640 7500 7500
15922 CONNECTION 519 593 300 4200 9060 9060
15923 CONNECTION 830 274 -1 -1 1860 1860
15924 CONNECTION 830 761 -1 -1 3060 3060
15925 CONNECTION 830 391 -1 -1 5400 5400
15926 CONNECTION 870 831 -1 -1 3540 3540
15927 CONNECTION 870 1072 300 2280 7140 7140
15928 CONNECTION 943 944 -1 -1 1200 1200
15929 CONNECTION 943 521 -1 -1 2760 2760
15930 CONNECTION 943 469 -1 -1 4620 4620
15931 CONNECTION 943 356 -1 -1 3180 3180
15932 CONNECTION 943 1088 -1 -1 2940 2940
15933 CONNECTION 943 738 -1 -1 4560 4560
15934 CONNECTION 943 43 300 540 4020 4020
15935 CONNECTION 943 592 300 600 4980 4980
15936 CONNECTION 943 277 300 1260 4740 4740
15937 CONNECTION 943 374 300 1320 4800 4800
15938 CONNECTION 943 1082 300 1320 5760 5760
15939 CONNECTION 943 833 300 1920 6360 6360
15940 CONNECTION 943 764 300 2400 6780 6780
15941 SINK 943 0 -1 -1 300 300
15942 CONNECTION 958 959 -1 -1 1200 1200
15943 CONNECTION 958 306 -1 -1 2580 2580
15944 CONNECTION 958 102 -1 -1 2280 2280
15945 CONNECTION 958 668 -1 -1 2640 2640
15946 CONNECTION 958 452 -1 -1 3780 3780
15947 CONNECTION 958 253 -1 -1 3480 3480
15948 CONNECTION 958 1081 300 960 4440 4440
15949 CONNECTION 958 423 300 1080 4680 4680
15950 CONNECTION 958 392 300 1320 4800 4800
15951 CONNECTION 958 553 300 2280 5880 5880
15952 CONNECTION 958 44 300 2640 6240 6240
15953 CONNECTION 958 1090 300 3480 7080 7080
15954 CONNECTION 1085 1086 -1 -1 1800 1800
15955 CONNECTION 1085 174 -1 -1 3000 3000
15956 CONNECTION 1085 641 -1 -1 2460 2460
15957 CONNECTION 1085 695 -1 -1 2700 2700
15958 CONNECTION 1085 1066 -1 -1 2700 2700
15959 CONNECTION 1085 959 -1 -1 2820 2820
15960 CONNECTION 1085 497 -1 -1 2940 2940
15961 CONNECTION 1085 306 -1 -1 4200 4200
15962 CONNECTION 1085 102 -1 -1 3900 3900
15963 CONNECTION 1085 668 300 660 4260 4260
15964 CONNECTION 1085 452 300 1320 5400 5400
15965 CONNECTION 1085 253 300 1500 5100 5100
15966 CONNECTION 1085 1081 300 2580 6060 6060
15967 CONNECTION 1085 423 300 2700 6300 6300
15968 CONNECTION 1085 392 300 2940 6420 6420
15969 CONNECTION 1085 553 300 3900 7500 7500
15970 CONNECTION 1085 44 300 4260 7860 7860
15971 CONNECTION 568 831 -1 -1 3300 3300
15972 CONNECTION 568 1072 300 2040 6900 6900
15973 CONNECTION 619 620 -1 -1 1560 1560
15974 CONNECTION 619 1087 -1 -1 2760 2760
15975 CONNECTION 619 252 -1 -1 3180 3180
15976 CONNECTION 619 175 -1 -1 3960 3960
15977 CONNECTION 619 422 -1 -1 4380 4380
15978 CONNECTION 619 307 300 1320 5160 5160
15979 CONNECTION 619 552 300 1500 5580 5580
15980 CONNECTION 619 453 300 2520 6360 6360
15981 CONNECTION 619 1089 300 2700 6780 6780
15982 CONNECTION 715 174 -1 -1 2940 2940
15983 CONNECTION 715 641 -1 -1 2400 2400
15984 CONNECTION 715 695 -1 -1 2640 2640
15985 CONNECTION 715 1066 -1 -1 2640 2640
15986 CONNECTION 715 959 -1 -1 2760 2760
15987 CONNECTION 715 497 -1 -1 2880 2880
15988 CONNECTION 715 306 -1 -1 4140 4140
15989 CONNECTION 715 102 -1 -1 3840 3840
15990 CONNECTION 715 668 300 600 4200 4200
15991 CONNECTION 715 452 300 1260 5340 5340
15992 CONNECTION 715 253 300 1440 5040 5040
15993 CONNECTION 715 1081 300 2520 6000 6000
15994 CONNECTION 715 423 300 2640 6240 6240
15995 CONNECTION 715 392 300 2880 6360 6360
15996 CONNECTION 715 553 300 3840 7440 7440
15997 CONNECTION 715 44 300 4200 7800 7800
15998 CONNECTION 197 451 -1 -1 2520 2520
15999 CONNECTION 197 591 -1 -1 4320 4320
16000 CONNECTION 197 276 300 540 4980 4980
16001 CONNECTION 197 763 300 1680 6120 6120
16002 CONNECTION 779 174 -1 -1 2880 2880
16003 CONNECTION 779 641 -1 -1 2340 2340
16004 CONNECTION 779 695 -1 -1 2580 2580
16005 CONNECTION 779 1066 -1 -1 2580 2580
16006 CONNECTION 779 959 -1 -1 2700 2700
16007 CONNECTION 779 497 -1 -1 2820 2820
16008 CONNECTION 779 306 -1 -1 4080 4080
16009 CONNECTION 779 102 -1 -1 3780 3780
16010 CONNECTION 779 668 300 540 4140 4140
16011 CONNECTION 779 452 300 1200 5280 5280
16012 CONNECTION 779 253 300 1380 4980 4980
16013 CONNECTION 779 1081 300 2460 5940 5940
16014 CONNECTION 779 423 300 2580 6180 6180
16015 CONNECTION 779 392 300 2820 6300 6300
16016 CONNECTION 779 553 300 3780 7380 7380
16017 CONNECTION 779 44 300 4140 7740 7740
16018 CONNECTION 809 810 -1 -1 4020 4020
16019 CONNECTION 809 373 -1 -1 4800 4800
16020 CONNECTION 809 119 -1 -1 4620 4620
16021 CONNECTION 809 17 300 1440 7620 7620
16022 CONNECTION 809 470 300 3540 8220 8220
16023 CONNECTION 420 305 -1 -1 2100 2100
16024 CONNECTION 420 355 -1 -1 3300 3300
16025 CONNECTION 420 451 -1 -1 3300 3300
16026 CONNECTION 420 591 300 660 5100 5100
16027 CONNECTION 420 276 300 1320 5760 5760
16028 CONNECTION 420 763 300 2460 6900 6900
16029 CONNECTION 100 101 -1 -1 1920 1920
16030 CONNECTION 100 1087 -1 -1 2700 2700
16031 CONNECTION 100 252 -1 -1 3120 3120
16032 CONNECTION 100 175 -1 -1 3900 3900
16033 CONNECTION 100 422 -1 -1 4320 4320
16034 CONNECTION 100 307 300 1260 5100 5100
16035 CONNECTION 100 552 300 1440 5520 5520
16036 CONNECTION 100 453 300 2460 6300 6300
16037 CONNECTION 100 1089 300 2640 6720 6720
16038 CONNECTION 329 330 -1 -1 2160 2160
16039 CONNECTION 329 144 -1 -1 2580 2580
16040 CONNECTION 329 1080 -1 -1 2340 2340
16041 CONNECTION 329 642 -1 -1 3360 3360
16042 CONNECTION 329 944 -1 -1 2400 2400
16043 CONNECTION 329 551 -1 -1 2940 2940
16044 CONNECTION 329 498 -1 -1 3720 3720
16045 CONNECTION 329 521 -1 -1 3960 3960
16046 CONNECTION 329 469 -1 -1 5820 5820
16047 CONNECTION 329 356 -1 -1 4380 4380
16048 CONNECTION 329 1088 -1 -1 4140 4140
16049 CONNECTION 329 738 300 1320 5760 5760
16050 CONNECTION 329 43 300 1740 5220 5220
16051 CONNECTION 329 592 300 1800 6180 6180
16052 CONNECTION 329 277 300 2460 5940 5940
16053 CONNECTION 329 374 300 2520 6000 6000
16054 CONNECTION 329 1082 300 2520 6960 6960
16055 CONNECTION 329 833 300 3120 7560 7560
16056 CONNECTION 329 764 300 3600 7980 7980
16057 SINK 329 0 -1 -1 300 300
16058 CONNECTION 354 355 -1 -1 2160 2160
16059 CONNECTION 354 451 -1 -1 2160 2160
16060 CONNECTION 354 591 -1 -1 3960 3960
16061 CONNECTION 354 276 -1 -1 4620 4620
16062 CONNECTION 354 763 300 1320 5760 5760
16063 CONNECTION 41 1071 -1 -1 3240 3240
16064 CONNECTION 41 850 -1 -1 3480 3480
16065 CONNECTION 41 16 -1 -1 3480 3480
16066 CONNECTION 41 737 -1 -1 3480 3480
16067 CONNECTION 41 42 -1 -1 3900 3900
16068 CONNECTION 41 832 300 900 5280 5280
16069 CONNECTION 41 357 300 1980 6840 6840
16070 CONNECTION 41 120 300 2220 7080 7080
16071 CONNECTION 41 593 300 3780 8640 8640
16072 CONNECTION 41 1073 300 4500 8880 8880
16073 CONNECTION 223 355 -1 -1 2940 2940
16074 CONNECTION 223 451 -1 -1 2940 2940
16075 CONNECTION 223 591 -1 -1 4740 4740
16076 CONNECTION 223 276 300 960 5400 5400
16077 CONNECTION 223 763 300 2100 6540 6540
16078 CONNECTION 795 17 -1 -1 5700 5700
16079 CONNECTION 795 470 300 1620 6300 6300
16080 CONNECTION 450 421 -1 -1 2100 2100
16081 CONNECTION 450 667 -1 -1 1980 1980
16082 CONNECTION 450 144 -1 -1 2940 2940
16083 CONNECTION 450 1080 -1 -1 2700 2700
16084 CONNECTION 450 642 -1 -1 3720 3720
16085 CONNECTION 450 944 -1 -1 2760 2760
16086 CONNECTION 450 551 -1 -1 3300 3300
16087 CONNECTION 450 498 -1 -1 4080 4080
16088 CONNECTION 450 521 -1 -1 4320 4320
16089 CONNECTION 450 469 -1 -1 6180 6180
16090 CONNECTION 450 356 300 360 4740 4740
16091 CONNECTION 450 1088 300 660 4500 4500
16092 CONNECTION 450 738 300 1680 6120 6120
16093 CONNECTION 450 43 300 2100 5580 5580
16094 CONNECTION 450 592 300 2160 6540 6540
16095 CONNECTION 450 277 300 2820 6300 6300
16096 CONNECTION 450 374 300 2880 6360 6360
16097 CONNECTION 450 1082 300 2880 7320 7320
16098 CONNECTION 450 833 300 3480 7920 7920
16099 CONNECTION 450 764 300 3960 8340 8340
16100 SINK 450 0 -1 -1 300 300
16101 CONNECTION 70 451 -1 -1 1920 1920
16102 CONNECTION 70 591 -1 -1 3720 3720
16103 CONNECTION 70 276 -1 -1 4380 4380
16104 CONNECTION 70 763 300 1080 5520 5520
16105 CONNECTION 694 695 -1 -1 1320 1320
16106 CONNECTION 694 306 -1 -1 2820 2820
16107 CONNECTION 694 102 -1 -1 2520 2520
16108 CONNECTION 694 668 -1 -1 2880 2880
16109 CONNECTION 694 452 -1 -1 4020 4020
16110 CONNECTION 694 253 -1 -1 3720 3720
16111 CONNECTION 694 1081 300 1200 4680 4680
16112 CONNECTION 694 423 300 1320 4920 4920
16113 CONNECTION 694 392 300 1560 5040 5040
16114 CONNECTION 694 553 300 2520 6120 6120
16115 CONNECTION 694 44 300 2880 6480 6480
16116 CONNECTION 694 1090 300 3720 7320 7320
16117 CONNECTION 1065 1066 -1 -1 1320 1320
16118 CONNECTION 1065 306 -1 -1 2820 2820
16119 CONNECTION 1065 102 -1 -1 2520 2520
16120 CONNECTION 1065 668 -1 -1 2880 2880
16121 CONNECTION 1065 452 -1 -1 4020 4020
16122 CONNECTION 1065 253 -1 -1 3720 3720
16123 CONNECTION 1065 1081 300 1200 4680 4680
16124 CONNECTION 1065 423 300 1320 4920 4920
16125 CONNECTION 1065 392 300 1560 5040 5040
16126 CONNECTION 1065 553 300 2520 6120 6120
16127 CONNECTION 1065 44 300 2880 6480 6480
16128 CONNECTION 1065 1090 300 3720 7320 7320
16129 CONNECTION 118 119 -1 -1 2400 2400
16130 CONNECTION 118 17 -1 -1 5400 5400
16131 CONNECTION 118 470 300 1320 6000 6000
16132 CONNECTION 143 144 -1 -1 2100 2100
16133 CONNECTION 143 1080 -1 -1 1860 1860
16134 CONNECTION 143 642 -1 -1 2880 2880
16135 CONNECTION 143 944 -1 -1 1920 1920
16136 CONNECTION 143 551 -1 -1 2460 2460
16137 CONNECTION 143 498 -1 -1 3240 3240
16138 CONNECTION 143 521 -1 -1 3480 3480
16139 CONNECTION 143 469 -1 -1 5340 5340
16140 CONNECTION 143 356 -1 -1 3900 3900
16141 CONNECTION 143 1088 -1 -1 3660 3660
16142 CONNECTION 143 738 300 840 5280 5280
16143 CONNECTION 143 43 300 1260 4740 4740
16144 CONNECTION 143 592 300 1320 5700 5700
16145 CONNECTION 143 277 300 1980 5460 5460
16146 CONNECTION 143 374 300 2040 5520 5520
16147 CONNECTION 143 1082 300 2040 6480 6480
16148 CONNECTION 143 833 300 2640 7080 7080
16149 CONNECTION 143 764 300 3120 7500 7500
16150 SINK 143 0 -1 -1 300 300
16151 CONNECTION 666 667 -1 -1 1200 1200
16152 CONNECTION 666 1080 -1 -1 1920 1920
16153 CONNECTION 666 642 -1 -1 2940 2940
16154 CONNECTION 666 944 -1 -1 1980 1980
16155 CONNECTION 666 551 -1 -1 2520 2520
16156 CONNECTION 666 498 -1 -1 3300 3300
16157 CONNECTION 666 521 -1 -1 3540 3540
16158 CONNECTION 666 469 -1 -1 5400 5400
16159 CONNECTION 666 356 -1 -1 3960 3960
16160 CONNECTION 666 1088 -1 -1 3720 3720
16161 CONNECTION 666 738 300 900 5340 5340
16162 CONNECTION 666 43 300 1320 4800 4800
16163 CONNECTION 666 592 300 1380 5760 5760
16164 CONNECTION 666 277 300 2040 5520 5520
16165 CONNECTION 666 374 300 2100 5580 5580
16166 CONNECTION 666 1082 300 2100 6540 6540
16167 CONNECTION 666 833 300 2700 7140 7140
16168 CONNECTION 666 764 300 3180 7560 7560
16169 SINK 666 0 -1 -1 300 300
16170 CONNECTION 890 761 -1 -1 1860 1860
16171 CONNECTION 890 391 -1 -1 4200 4200
16172 CONNECTION 1054 761 -1 -1 1860 1860
16173 CONNECTION 1054 391 -1 -1 4200 4200
16174 CONNECTION 589 590 -1 -1 2160 2160
16175 CONNECTION 589 275 -1 -1 2820 2820
16176 CONNECTION 589 762 -1 -1 3960 3960
16177 CONNECTION 15 16 -1 -1 2460 2460
16178 CONNECTION 15 42 -1 -1 2880 2880
16179 CONNECTION 15 832 -1 -1 4260 4260
16180 CONNECTION 15 357 300 960 5820 5820
16181 CONNECTION 15 120 300 1200 6060 6060
16182 CONNECTION 15 593 300 2760 7620 7620
16183 CONNECTION 15 1073 300 3480 7860 7860
16184 CONNECTION 15 765 300 4560 9420 9420
16185 CONNECTION 15 471 300 4800 9660 9660
16186 CONNECTION 173 174 -1 -1 1800 1800
16187 CONNECTION 173 497 -1 -1 1740 1740
16188 CONNECTION 173 306 -1 -1 3000 3000
16189 CONNECTION 173 102 -1 -1 2700 2700
16190 CONNECTION 173 668 -1 -1 3060 3060
16191 CONNECTION 173 452 -1 -1 4200 4200
16192 CONNECTION 173 253 -1 -1 3900 3900
16193 CONNECTION 173 1081 300 1380 4860 4860
16194 CONNECTION 173 423 300 1500 5100 5100
16195 CONNECTION 173 392 300 1740 5220 5220
16196 CONNECTION 173 553 300 2700 6300 6300
16197 CONNECTION 173 44 300 3060 6660 6660
16198 CONNECTION 173 1090 300 3900 7500 7500
16199 CONNECTION 979 762 -1 -1 3000 3000
16200 CONNECTION 1045 762 -1 -1 3000 3000
16201 CONNECTION 849 850 -1 -1 2580 2580
16202 CONNECTION 849 737 -1 -1 2580 2580
16203 CONNECTION 849 42 -1 -1 3000 3000
16204 CONNECTION 849 832 -1 -1 4380 4380
16205 CONNECTION 849 357 300 1080 5940 5940
16206 CONNECTION 849 120 300 1320 6180 6180
16207 CONNECTION 849 593 300 2880 7740 7740
16208 CONNECTION 849 1073 300 3600 7980 7980
16209 CONNECTION 849 765 300 4680 9540 9540
16210 CONNECTION 1070 1071 -1 -1 2580 2580
16211 CONNECTION 1070 737 -1 -1 2820 2820
16212 CONNECTION 1070 42 -1 -1 3240 3240
16213 CONNECTION 1070 832 -1 -1 4620 4620
16214 CONNECTION 1070 357 300 1320 6180 6180
16215 CONNECTION 1070 120 300 1560 6420 6420
16216 CONNECTION 1070 593 300 3120 7980 7980
16217 CONNECTION 1070 1073 300 3840 8220 8220
16218 CONNECTION 1086 1087 -1 -1 1560 1560
16219 CONNECTION 1086 175 -1 -1 2760 2760
16220 CONNECTION 1086 422 -1 -1 3180 3180
16221 CONNECTION 1086 307 -1 -1 3960 3960
16222 CONNECTION 1086 552 -1 -1 4380 4380
16223 CONNECTION 1086 453 300 1320 5160 5160
16224 CONNECTION 1086 1089 300 1500 5580 5580
16225 CONNECTION 550 451 -1 -1 2100 2100
16226 CONNECTION 550 591 -1 -1 3900 3900
16227 CONNECTION 550 276 -1 -1 4560 4560
16228 CONNECTION 550 763 300 1260 5700 5700
16229 CONNECTION 736 737 -1 -1 2100 2100
16230 CONNECTION 736 832 -1 -1 3900 3900
16231 CONNECTION 736 357 300 600 5460 5460
16232 CONNECTION 736 120 300 840 5700 5700
16233 CONNECTION 736 593 300 2400 7260 7260
16234 CONNECTION 736 1073 300 3120 7500 7500
16235 CONNECTION 736 765 300 4200 9060 9060
16236 CONNECTION 736 471 300 4440 9300 9300
16237 CONNECTION 910 391 -1 -1 3600 3600
16238 CONNECTION 251 252 -1 -1 1920 1920
16239 CONNECTION 251 175 -1 -1 2700 2700
16240 CONNECTION 251 422 -1 -1 3120 3120
16241 CONNECTION 251 307 -1 -1 3900 3900
16242 CONNECTION 251 552 -1 -1 4320 4320
16243 CONNECTION 251 453 300 1260 5100 5100
16244 CONNECTION 251 1089 300 1440 5520 5520
16245 CONNECTION 274 275 -1 -1 2220 2220
16246 CONNECTION 274 762 -1 -1 3360 3360
16247 CONNECTION 930 1072 300 480 5340 5340
16248 CONNECTION 1079 1080 -1 -1 1200 1200
16249 CONNECTION 1079 498 -1 -1 2580 2580
16250 CONNECTION 1079 521 -1 -1 2820 2820
16251 CONNECTION 1079 469 -1 -1 4680 4680
16252 CONNECTION 1079 356 -1 -1 3240 3240
16253 CONNECTION 1079 1088 -1 -1 3000 3000
16254 CONNECTION 1079 738 -1 -1 4620 4620
16255 CONNECTION 1079 43 300 600 4080 4080
16256 CONNECTION 1079 592 300 660 5040 5040
16257 CONNECTION 1079 277 300 1320 4800 4800
16258 CONNECTION 1079 374 300 1380 4860 4860
16259 CONNECTION 1079 1082 300 1380 5820 5820
16260 CONNECTION 1079 833 300 1980 6420 6420
16261 CONNECTION 1079 764 300 2460 6840 6840
16262 SINK 1079 0 -1 -1 300 300
16263 CONNECTION 496 497 -1 -1 1200 1200
16264 CONNECTION 496 306 -1 -1 2460 2460
16265 CONNECTION 496 102 -1 -1 2160 2160
16266 CONNECTION 496 668 -1 -1 2520 2520
16267 CONNECTION 496 452 -1 -1 3660 3660
16268 CONNECTION 496 253 -1 -1 3360 3360
16269 CONNECTION 496 1081 300 840 4320 4320
16270 CONNECTION 496 423 300 960 4560 4560
16271 CONNECTION 496 392 300 1200 4680 4680
16272 CONNECTION 496 553 300 2160 5760 5760
16273 CONNECTION 496 44 300 2520 6120 6120
16274 CONNECTION 496 1090 300 3360 6960 6960
16275 CONNECTION 620 551 -1 -1 2100 2100
16276 CONNECTION 620 498 -1 -1 2880 2880
16277 CONNECTION 620 521 -1 -1 3120 3120
16278 CONNECTION 620 469 -1 -1 4980 4980
16279 CONNECTION 620 356 -1 -1 3540 3540
16280 CONNECTION 620 1088 -1 -1 3300 3300
16281 CONNECTION 620 738 300 480 4920 4920
16282 CONNECTION 620 43 300 900 4380 4380
16283 CONNECTION 620 592 300 960 5340 5340
16284 CONNECTION 620 277 300 1620 5100 5100
16285 CONNECTION 620 374 300 1680 5160 5160
16286 CONNECTION 620 1082 300 1680 6120 6120
16287 CONNECTION 620 833 300 2280 6720 6720
16288 CONNECTION 620 764 300 2760 7140 7140
16289 SINK 620 0 -1 -1 300 300
16290 CONNECTION 101 102 -1 -1 1320 1320
16291 CONNECTION 101 452 -1 -1 2820 2820
16292 CONNECTION 101 253 -1 -1 2520 2520
16293 CONNECTION 101 1081 -1 -1 3480 3480
16294 CONNECTION 101 423 -1 -1 3720 3720
16295 CONNECTION 101 392 300 360 3840 3840
16296 CONNECTION 101 553 300 1320 4920 4920
16297 CONNECTION 101 44 300 1680 5280 5280
16298 CONNECTION 101 1090 300 2520 6120 6120
16299 CONNECTION 520 521 -1 -1 2160 2160
16300 CONNECTION 520 356 -1 -1 2580 2580
16301 CONNECTION 520 1088 -1 -1 2340 2340
16302 CONNECTION 520 738 -1 -1 3960 3960
16303 CONNECTION 520 43 -1 -1 3420 3420
16304 CONNECTION 520 592 -1 -1 4380 4380
16305 CONNECTION 520 277 300 660 4140 4140
16306 CONNECTION 520 374 300 720 4200 4200
16307 CONNECTION 520 1082 300 720 5160 5160
16308 CONNECTION 520 833 300 1320 5760 5760
16309 CONNECTION 520 764 300 1800 6180 6180
16310 SINK 520 0 -1 -1 300 300
16311 CONNECTION 305 306 -1 -1 1800 1800
16312 CONNECTION 305 668 -1 -1 1860 1860
16313 CONNECTION 305 452 -1 -1 3000 3000
16314 CONNECTION 305 253 -1 -1 2700 2700
16315 CONNECTION 305 1081 -1 -1 3660 3660
16316 CONNECTION 305 423 -1 -1 3900 3900
16317 CONNECTION 305 392 300 540 4020 4020
16318 CONNECTION 305 553 300 1500 5100 5100
16319 CONNECTION 305 44 300 1860 5460 5460
16320 CONNECTION 305 1090 300 2700 6300 6300
16321 CONNECTION 590 591 -1 -1 2160 2160
16322 CONNECTION 590 276 -1 -1 2820 2820
16323 CONNECTION 590 763 -1 -1 3960 3960
16324 CONNECTION 174 175 -1 -1 1560 1560
16325 CONNECTION 174 307 -1 -1 2760 2760
16326 CONNECTION 174 552 -1 -1 3180 3180
16327 CONNECTION 174 453 -1 -1 3960 3960
16328 CONNECTION 174 1089 -1 -1 4380 4380
16329 CONNECTION 641 642 -1 -1 2220 2220
16330 CONNECTION 641 498 -1 -1 2580 2580
16331 CONNECTION 641 521 -1 -1 2820 2820
16332 CONNECTION 641 469 -1 -1 4680 4680
16333 CONNECTION 641 356 -1 -1 3240 3240
16334 CONNECTION 641 1088 -1 -1 3000 3000
16335 CONNECTION 641 738 -1 -1 4620 4620
16336 CONNECTION 641 43 300 600 4080 4080
16337 CONNECTION 641 592 300 660 5040 5040
16338 CONNECTION 641 277 300 1320 4800 4800
16339 CONNECTION 641 374 300 1380 4860 4860
16340 CONNECTION 641 1082 300 1380 5820 5820
16341 CONNECTION 641 833 300 1980 6420 6420
16342 CONNECTION 641 764 300 2460 6840 6840
16343 SINK 641 0 -1 -1 300 300
16344 CONNECTION 330 763 -1 -1 3720 3720
16345 CONNECTION 695 591 -1 -1 2700 2700
16346 CONNECTION 695 276 -1 -1 3360 3360
16347 CONNECTION 695 763 -1 -1 4500 4500
16348 CONNECTION 1066 591 -1 -1 2700 2700
16349 CONNECTION 1066 276 -1 -1 3360 3360
16350 CONNECTION 1066 763 -1 -1 4500 4500
16351 CONNECTION 355 356 -1 -1 2100 2100
16352 CONNECTION 355 738 -1 -1 3480 3480
16353 CONNECTION 355 43 -1 -1 2940 2940
16354 CONNECTION 355 592 -1 -1 3900 3900
16355 CONNECTION 355 277 -1 -1 3660 3660
16356 CONNECTION 355 374 -1 -1 3720 3720
16357 CONNECTION 355 1082 -1 -1 4680 4680
16358 CONNECTION 355 833 300 840 5280 5280
16359 CONNECTION 355 764 300 1320 5700 5700
16360 SINK 355 0 -1 -1 300 300
16361 CONNECTION 810 277 -1 -1 1920 1920
16362 CONNECTION 810 374 -1 -1 1980 1980
16363 CONNECTION 810 1082 -1 -1 2940 2940
16364 CONNECTION 810 833 -1 -1 3540 3540
16365 CONNECTION 810 764 -1 -1 3960 3960
16366 SINK 810 0 -1 -1 300 300
16367 CONNECTION 421 422 -1 -1 1920 1920
16368 CONNECTION 421 307 -1 -1 2700 2700
16369 CONNECTION 421 552 -1 -1 3120 3120
16370 CONNECTION 421 453 -1 -1 3900 3900
16371 CONNECTION 421 1089 -1 -1 4320 4320
16372 CONNECTION 761 762 -1 -1 2160 2160
16373 CONNECTION 959 356 -1 -1 2880 2880
16374 CONNECTION 959 1088 -1 -1 2640 2640
16375 CONNECTION 959 738 -1 -1 4260 4260
16376 CONNECTION 959 43 -1 -1 3720 3720
16377 CONNECTION 959 592 -1 -1 4680 4680
16378 CONNECTION 959 277 300 960 4440 4440
16379 CONNECTION 959 374 300 1020 4500 4500
16380 CONNECTION 959 1082 300 1020 5460 5460
16381 CONNECTION 959 833 300 1620 6060 6060
16382 CONNECTION 959 764 300 2100 6480 6480
16383 SINK 959 0 -1 -1 300 300
16384 CONNECTION 275 276 -1 -1 2160 2160
16385 CONNECTION 275 763 -1 -1 3300 3300
16386 CONNECTION 497 498 -1 -1 2100 2100
16387 CONNECTION 497 356 -1 -1 2760 2760
16388 CONNECTION 497 1088 -1 -1 2520 2520
16389 CONNECTION 497 738 -1 -1 4140 4140
16390 CONNECTION 497 43 -1 -1 3600 3600
16391 CONNECTION 497 592 -1 -1 4560 4560
16392 CONNECTION 497 277 300 840 4320 4320
16393 CONNECTION 497 374 300 900 4380 4380
16394 CONNECTION 497 1082 300 900 5340 5340
16395 CONNECTION 497 833 300 1500 5940 5940
16396 CONNECTION 497 764 300 1980 6360 6360
16397 SINK 497 0 -1 -1 300 300
16398 CONNECTION 667 668 -1 -1 1320 1320
16399 CONNECTION 667 452 -1 -1 2460 2460
16400 CONNECTION 667 253 -1 -1 2160 2160
16401 CONNECTION 667 1081 -1 -1 3120 3120
16402 CONNECTION 667 423 -1 -1 3360 3360
16403 CONNECTION 667 392 -1 -1 3480 3480
16404 CONNECTION 667 553 300 960 4560 4560
16405 CONNECTION 667 44 300 1320 4920 4920
16406 CONNECTION 667 1090 300 2160 5760 5760
16407 CONNECTION 144 832 -1 -1 2820 2820
16408 CONNECTION 144 357 -1 -1 4380 4380
16409 CONNECTION 144 120 -1 -1 4620 4620
16410 CONNECTION 144 593 300 1320 6180 6180
16411 CONNECTION 144 1073 300 2040 6420 6420
16412 CONNECTION 144 765 300 3120 7980 7980
16413 CONNECTION 144 471 300 3360 8220 8220
16414 CONNECTION 1087 1088 -1 -1 2100 2100
16415 CONNECTION 1087 738 -1 -1 3720 3720
16416 CONNECTION 1087 43 -1 -1 3180 3180
16417 CONNECTION 1087 592 -1 -1 4140 4140
16418 CONNECTION 1087 277 300 420 3900 3900
16419 CONNECTION 1087 374 300 480 3960 3960
16420 CONNECTION 1087 1082 300 480 4920 4920
16421 CONNECTION 1087 833 300 1080 5520 5520
16422 CONNECTION 1087 764 300 1560 5940 5940
16423 SINK 1087 0 -1 -1 300 300
16424 CONNECTION 252 253 -1 -1 1320 1320
16425 CONNECTION 252 1081 -1 -1 2280 2280
16426 CONNECTION 252 423 -1 -1 2520 2520
16427 CONNECTION 252 392 -1 -1 2640 2640
16428 CONNECTION 252 553 -1 -1 3720 3720
16429 CONNECTION 252 44 300 480 4080 4080
16430 CONNECTION 252 1090 300 1320 4920 4920
16431 CONNECTION 831 832 -1 -1 2100 2100
16432 CONNECTION 831 357 -1 -1 3660 3660
16433 CONNECTION 831 120 -1 -1 3900 3900
16434 CONNECTION 831 593 300 600 5460 5460
16435 CONNECTION 831 1073 300 1320 5700 5700
16436 CONNECTION 831 765 300 2400 7260 7260
16437 CONNECTION 831 471 300 2640 7500 7500
16438 CONNECTION 1071 1072 -1 -1 3540 3540
16439 CONNECTION 373 374 -1 -1 1200 1200
16440 CONNECTION 373 833 -1 -1 2760 2760
16441 CONNECTION 373 764 -1 -1 3180 3180
16442 SINK 373 0 -1 -1 300 300
16443 CONNECTION 391 392 -1 -1 1200 1200
16444 CONNECTION 391 553 -1 -1 2280 2280
16445 CONNECTION 391 44 -1 -1 2640 2640
16446 CONNECTION 391 1090 -1 -1 3480 3480
16447 CONNECTION 451 452 -1 -1 1800 1800
16448 CONNECTION 451 1081 -1 -1 2460 2460
16449 CONNECTION 451 423 -1 -1 2700 2700
16450 CONNECTION 451 392 -1 -1 2820 2820
16451 CONNECTION 451 553 -1 -1 3900 3900
16452 CONNECTION 451 44 300 660 4260 4260
16453 CONNECTION 451 1090 300 1500 5100 5100
16454 CONNECTION 850 1072 -1 -1 3300 3300
16455 CONNECTION 306 307 -1 -1 1560 1560
16456 CONNECTION 306 453 -1 -1 2760 2760
16457 CONNECTION 306 1089 -1 -1 3180 3180
16458 CONNECTION 1080 1081 -1 -1 2400 2400
16459 CONNECTION 1080 423 -1 -1 2640 2640
16460 CONNECTION 1080 392 -1 -1 2760 2760
16461 CONNECTION 1080 553 -1 -1 3840 3840
16462 CONNECTION 1080 44 300 600 4200 4200
16463 CONNECTION 1080 1090 300 1440 5040 5040
16464 CONNECTION 16 17 -1 -1 4020 4020
16465 CONNECTION 16 470 -1 -1 4620 4620
16466 CONNECTION 642 45 300 4260 7860 7860
16467 CONNECTION 944 1081 -1 -1 2340 2340
16468 CONNECTION 944 423 -1 -1 2580 2580
16469 CONNECTION 944 392 -1 -1 2700 2700
16470 CONNECTION 944 553 -1 -1 3780 3780
16471 CONNECTION 944 44 300 540 4140 4140
16472 CONNECTION 944 1090 300 1380 4980 4980
16473 CONNECTION 102 763 -1 -1 3300 3300
16474 CONNECTION 551 552 -1 -1 1920 1920
16475 CONNECTION 551 453 -1 -1 2700 2700
16476 CONNECTION 551 1089 -1 -1 3120 3120
16477 CONNECTION 737 738 -1 -1 2160 2160
16478 CONNECTION 737 592 -1 -1 2580 2580
16479 CONNECTION 737 277 -1 -1 2340 2340
16480 CONNECTION 737 374 -1 -1 2400 2400
16481 CONNECTION 737 1082 -1 -1 3360 3360
16482 CONNECTION 737 833 -1 -1 3960 3960
16483 CONNECTION 737 764 -1 -1 4380 4380
16484 SINK 737 0 -1 -1 300 300
16485 CONNECTION 762 763 -1 -1 2160 2160
16486 CONNECTION 762 45 300 3900 7500 7500
16487 CONNECTION 498 357 -1 -1 3240 3240
16488 CONNECTION 498 120 -1 -1 3480 3480
16489 CONNECTION 498 593 -1 -1 5040 5040
16490 CONNECTION 498 1073 300 900 5280 5280
16491 CONNECTION 498 765 300 1980 6840 6840
16492 CONNECTION 498 471 300 2220 7080 7080
16493 CONNECTION 668 763 -1 -1 2940 2940
16494 CONNECTION 668 45 300 4680 8280 8280
16495 CONNECTION 175 43 -1 -1 1980 1980
16496 CONNECTION 175 592 -1 -1 2940 2940
16497 CONNECTION 175 277 -1 -1 2700 2700
16498 CONNECTION 175 374 -1 -1 2760 2760
16499 CONNECTION 175 1082 -1 -1 3720 3720
16500 CONNECTION 175 833 -1 -1 4320 4320
16501 CONNECTION 175 764 300 360 4740 4740
16502 SINK 175 0 -1 -1 300 300
16503 CONNECTION 521 45 300 3660 7260 7260
16504 CONNECTION 422 423 -1 -1 1320 1320
16505 CONNECTION 422 553 -1 -1 2520 2520
16506 CONNECTION 422 44 -1 -1 2880 2880
16507 CONNECTION 422 1090 -1 -1 3720 3720
16508 CONNECTION 42 43 -1 -1 1200 1200
16509 CONNECTION 42 277 -1 -1 1920 1920
16510 CONNECTION 42 374 -1 -1 1980 1980
16511 CONNECTION 42 1082 -1 -1 2940 2940
16512 CONNECTION 42 833 -1 -1 3540 3540
16513 CONNECTION 42 764 -1 -1 3960 3960
16514 SINK 42 0 -1 -1 300 300
16515 CONNECTION 469 470 -1 -1 2400 2400
16516 CONNECTION 591 592 -1 -1 2100 2100
16517 CONNECTION 591 277 -1 -1 1860 1860
16518 CONNECTION 591 374 -1 -1 1920 1920
16519 CONNECTION 591 1082 -1 -1 2880 2880
16520 CONNECTION 591 833 -1 -1 3480 3480
16521 CONNECTION 591 764 -1 -1 3900 3900
16522 SINK 591 0 -1 -1 300 300
16523 CONNECTION 119 120 -1 -1 2580 2580
16524 CONNECTION 119 593 -1 -1 4140 4140
16525 CONNECTION 119 1073 -1 -1 4380 4380
16526 CONNECTION 119 765 300 1080 5940 5940
16527 CONNECTION 119 471 300 1320 6180 6180
16528 CONNECTION 356 357 -1 -1 2580 2580
16529 CONNECTION 356 593 -1 -1 4380 4380
16530 CONNECTION 356 1073 -1 -1 4620 4620
16531 CONNECTION 356 765 300 1320 6180 6180
16532 CONNECTION 356 471 300 1560 6420 6420
16533 CONNECTION 452 453 -1 -1 1560 1560
16534 CONNECTION 253 45 300 3840 7440 7440
16535 CONNECTION 276 277 -1 -1 1200 1200
16536 CONNECTION 276 833 -1 -1 2820 2820
16537 CONNECTION 276 764 -1 -1 3240 3240
16538 SINK 276 0 -1 -1 300 300
16539 CONNECTION 1088 1089 -1 -1 1920 1920
16540 CONNECTION 307 833 -1 -1 3120 3120
16541 CONNECTION 307 764 -1 -1 3540 3540
16542 SINK 307 0 -1 -1 300 300
16543 CONNECTION 552 553 -1 -1 1320 1320
16544 CONNECTION 552 1090 -1 -1 2520 2520
16545 CONNECTION 552 46 300 4080 7560 7560
16546 CONNECTION 832 833 -1 -1 2160 2160
16547 CONNECTION 832 764 -1 -1 2580 2580
16548 CONNECTION 832 47 300 4740 9120 9120
16549 SINK 832 0 -1 -1 300 300
16550 CONNECTION 1081 1082 -1 -1 2220 2220
16551 CONNECTION 1081 833 -1 -1 2820 2820
16552 CONNECTION 1081 764 -1 -1 3240 3240
16553 SINK 1081 0 -1 -1 300 300
16554 CONNECTION 738 45 300 1860 5460 5460
16555 CONNECTION 423 45 300 2640 6240 6240
16556 CONNECTION 17 47 300 2520 6900 6900
16557 SINK 17 0 -1 -1 300 300
16558 CONNECTION 763 764 -1 -1 2100 2100
16559 CONNECTION 763 47 300 4260 8640 8640
16560 SINK 763 0 -1 -1 300 300
16561 CONNECTION 392 764 -1 -1 2880 2880
16562 SINK 392 0 -1 -1 300 300
16563 CONNECTION 43 44 -1 -1 1320 1320
16564 CONNECTION 43 1090 -1 -1 2160 2160
16565 CONNECTION 43 46 300 3720 7200 7200
16566 CONNECTION 453 47 300 4500 8880 8880
16567 SINK 453 0 -1 -1 300 300
16568 CONNECTION 592 593 -1 -1 2580 2580
16569 CONNECTION 592 1073 -1 -1 2820 2820
16570 CONNECTION 592 765 -1 -1 4380 4380
16571 CONNECTION 592 471 -1 -1 4620 4620
16572 CONNECTION 1089 1090 -1 -1 1320 1320
16573 CONNECTION 1089 46 300 2880 6360 6360
16574 CONNECTION 1072 1073 -1 -1 2100 2100
16575 CONNECTION 1072 765 -1 -1 3660 3660
16576 CONNECTION 1072 471 -1 -1 3900 3900
16577 CONNECTION 357 472 300 3720 8580 8580
16578 CONNECTION 120 472 300 3480 8340 8340
16579 CONNECTION 277 46 300 3000 6480 6480
16580 CONNECTION 374 46 300 2940 6420 6420
16581 CONNECTION 1082 45 300 660 4260 4260
16582 CONNECTION 553 45 300 1440 5040 5040
16583 CONNECTION 44 45 300 1080 4680 4680
16584 CONNECTION 833 45 -1 -1 3660 3660
16585 CONNECTION 470 471 -1 -1 2580 2580
16586 CONNECTION 764 765 -1 -1 2580 2580
16587 CONNECTION 1090 45 -1 -1 3840 3840
16588 CONNECTION 593 472 300 1920 6780 6780
16589 CONNECTION 1073 47 300 1140 5520 5520
16590 SINK 1073 0 -1 -1 300 300
16591 CONNECTION 765 472 -1 -1 4980 4980
16592 CONNECTION 471 472 -1 -1 4740 4740
16593 CONNECTION 45 46 -1 -1 1200 1200
16594 CONNECTION 46 47 -1 -1 2100 2100
16595 SINK 46 0 -1 -1 300 300
16596 CONNECTION 47 473 -1 -1 3480 3480
16597 CONNECTION 472 473 -1 -1 2460 2460
16598 CONNECTION 473 474 -1 -1 4020 4020
16599 SINK 474 0 -1 -1 300 300
