0 SOURCE 2 52 -1 -1 2160 30960
1 SOURCE 2 27 -1 -1 2820 31620
2 SOURCE 2 168 -1 -1 1920 30720
3 SOURCE 2 143 -1 -1 2820 31620
4 SOURCE 2 1 -1 -1 1020 29820
5 SOURCE 2 69 -1 -1 1920 30720
6 SOURCE 2 235 -1 -1 2820 31620
7 SOURCE 2 93 -1 -1 1020 29820
8 SOURCE 2 311 -1 -1 2820 31620
9 SOURCE 2 384 -1 -1 2160 30960
10 SOURCE 2 193 -1 -1 1020 29820
11 SOURCE 2 361 -1 -1 2820 31620
12 SOURCE 2 448 -1 -1 1920 30720
13 SOURCE 2 261 -1 -1 1020 29820
14 SOURCE 2 3 -1 -1 2820 31620
15 SOURCE 2 337 -1 -1 1020 29820
16 SOURCE 2 401 -1 -1 1920 30720
17 SOURCE 2 95 -1 -1 2820 31620
18 SOURCE 2 29 -1 -1 1020 29820
19 SOURCE 2 288 -1 -1 2160 30960
20 SOURCE 2 195 -1 -1 2820 31620
21 SOURCE 2 507 -1 -1 2160 30960
22 SOURCE 2 145 -1 -1 1020 29820
23 SOURCE 2 263 -1 -1 2820 31620
24 SOURCE 2 121 -1 -1 1920 30720
25 SOURCE 2 237 -1 -1 1020 29820
26 SOURCE 2 339 -1 -1 2820 31620
27 SOURCE 2 313 -1 -1 1020 29820
28 SOURCE 2 512 -1 -1 1920 30720
29 SOURCE 2 5 -1 -1 2820 31620
30 SOURCE 2 363 -1 -1 1020 29820
31 SOURCE 2 488 -1 -1 2160 30960
32 SOURCE 2 97 -1 -1 2820 31620
33 SOURCE 2 220 -1 -1 2160 30960
34 SOURCE 2 31 -1 -1 1020 29820
35 SOURCE 2 197 -1 -1 2820 31620
36 SOURCE 2 427 -1 -1 1920 30720
37 SOURCE 2 147 -1 -1 1020 29820
38 SOURCE 2 265 -1 -1 2820 31620
39 SOURCE 2 239 -1 -1 1020 29820
40 SOURCE 2 290 -1 -1 1920 30720
41 SOURCE 2 341 -1 -1 2820 31620
42 SOURCE 2 315 -1 -1 1020 29820
43 SOURCE 2 73 -1 -1 2160 30960
44 SOURCE 2 7 -1 -1 2820 31620
45 SOURCE 2 474 -1 -1 2160 30960
46 SOURCE 2 365 -1 -1 1020 29820
47 SOURCE 2 99 -1 -1 2820 31620
48 SOURCE 2 124 -1 -1 1920 30720
49 SOURCE 2 33 -1 -1 1020 29820
50 SOURCE 2 199 -1 -1 2820 31620
51 SOURCE 2 149 -1 -1 1020 29820
52 SOURCE 2 490 -1 -1 1920 30720
53 SOURCE 2 267 -1 -1 2820 31620
54 SOURCE 2 241 -1 -1 1020 29820
55 SOURCE 2 405 -1 -1 2160 30960
56 SOURCE 2 343 -1 -1 2820 31620
57 SOURCE 2 222 -1 -1 2160 30960
58 SOURCE 2 317 -1 -1 1020 29820
59 SOURCE 2 9 -1 -1 2820 31620
60 SOURCE 2 430 -1 -1 1920 30720
61 SOURCE 2 367 -1 -1 1020 29820
62 SOURCE 2 101 -1 -1 2820 31620
63 SOURCE 2 35 -1 -1 1020 29820
64 SOURCE 2 293 -1 -1 1920 30720
65 SOURCE 2 201 -1 -1 2820 31620
66 SOURCE 2 151 -1 -1 1020 29820
67 SOURCE 2 76 -1 -1 2160 30960
68 SOURCE 2 516 -1 -1 2160 30960
69 SOURCE 2 269 -1 -1 2820 31620
70 SOURCE 2 476 -1 -1 2160 30960
71 SOURCE 2 243 -1 -1 1020 29820
72 SOURCE 2 345 -1 -1 2820 31620
73 SOURCE 2 127 -1 -1 1920 30720
74 SOURCE 2 319 -1 -1 1020 29820
75 SOURCE 2 11 -1 -1 2820 31620
76 SOURCE 2 369 -1 -1 1020 29820
77 SOURCE 2 493 -1 -1 1920 30720
78 SOURCE 2 103 -1 -1 2820 31620
79 SOURCE 2 37 -1 -1 1020 29820
80 SOURCE 2 408 -1 -1 2160 30960
81 SOURCE 2 203 -1 -1 2820 31620
82 SOURCE 2 224 -1 -1 2160 30960
83 SOURCE 2 153 -1 -1 1020 29820
84 SOURCE 2 271 -1 -1 2820 31620
85 SOURCE 2 433 -1 -1 1920 30720
86 SOURCE 2 245 -1 -1 1020 29820
87 SOURCE 2 347 -1 -1 2820 31620
88 SOURCE 2 321 -1 -1 1020 29820
89 SOURCE 2 296 -1 -1 1920 30720
90 SOURCE 2 13 -1 -1 2820 31620
91 SOURCE 2 371 -1 -1 1020 29820
92 SOURCE 2 79 -1 -1 2160 30960
93 SOURCE 2 105 -1 -1 2820 31620
94 SOURCE 2 478 -1 -1 2160 30960
95 SOURCE 2 39 -1 -1 1020 29820
96 SOURCE 2 205 -1 -1 2820 31620
97 SOURCE 2 130 -1 -1 1920 30720
98 SOURCE 2 155 -1 -1 1020 29820
99 SOURCE 2 273 -1 -1 2820 31620
100 SOURCE 2 247 -1 -1 1020 29820
101 SOURCE 2 496 -1 -1 1920 30720
102 SOURCE 2 349 -1 -1 2820 31620
103 SOURCE 2 323 -1 -1 1020 29820
104 SOURCE 2 411 -1 -1 2160 30960
105 SOURCE 2 15 -1 -1 2820 31620
106 SOURCE 2 226 -1 -1 2160 30960
107 SOURCE 2 373 -1 -1 1020 29820
108 SOURCE 2 107 -1 -1 2820 31620
109 SOURCE 2 436 -1 -1 1920 30720
110 SOURCE 2 41 -1 -1 1020 29820
111 SOURCE 2 207 -1 -1 2820 31620
112 SOURCE 2 157 -1 -1 1020 29820
113 SOURCE 2 299 -1 -1 1920 30720
114 SOURCE 2 275 -1 -1 2820 31620
115 SOURCE 2 249 -1 -1 1020 29820
116 SOURCE 2 82 -1 -1 2160 30960
117 SOURCE 2 351 -1 -1 2820 31620
118 SOURCE 2 480 -1 -1 2160 30960
119 SOURCE 2 325 -1 -1 1020 29820
120 SOURCE 2 17 -1 -1 2820 31620
121 SOURCE 2 133 -1 -1 1920 30720
122 SOURCE 2 375 -1 -1 1020 29820
123 SOURCE 2 109 -1 -1 2820 31620
124 SOURCE 2 43 -1 -1 1020 29820
125 SOURCE 2 499 -1 -1 1920 30720
126 SOURCE 2 209 -1 -1 2820 31620
127 SOURCE 2 159 -1 -1 1020 29820
128 SOURCE 2 414 -1 -1 2160 30960
129 SOURCE 2 277 -1 -1 2820 31620
130 SOURCE 2 228 -1 -1 2160 30960
131 SOURCE 2 251 -1 -1 1020 29820
132 SOURCE 2 353 -1 -1 2820 31620
133 SOURCE 2 439 -1 -1 1920 30720
134 SOURCE 2 327 -1 -1 1020 29820
135 SOURCE 2 19 -1 -1 2820 31620
136 SOURCE 2 377 -1 -1 1020 29820
137 SOURCE 2 302 -1 -1 1920 30720
138 SOURCE 2 111 -1 -1 2820 31620
139 SOURCE 2 45 -1 -1 1020 29820
140 SOURCE 2 85 -1 -1 2160 30960
141 SOURCE 2 211 -1 -1 2820 31620
142 SOURCE 2 482 -1 -1 2160 30960
143 SOURCE 2 161 -1 -1 1020 29820
144 SOURCE 2 279 -1 -1 2820 31620
145 SOURCE 2 136 -1 -1 1920 30720
146 SOURCE 2 253 -1 -1 1020 29820
147 SOURCE 2 355 -1 -1 2820 31620
148 SOURCE 2 329 -1 -1 1020 29820
149 SOURCE 2 502 -1 -1 1920 30720
150 SOURCE 2 21 -1 -1 2820 31620
151 SOURCE 2 379 -1 -1 1020 29820
152 SOURCE 2 417 -1 -1 2160 30960
153 SOURCE 2 113 -1 -1 2820 31620
154 SOURCE 2 230 -1 -1 2160 30960
155 SOURCE 2 47 -1 -1 1020 29820
156 SOURCE 2 213 -1 -1 2820 31620
157 SOURCE 2 442 -1 -1 1920 30720
158 SOURCE 2 163 -1 -1 1020 29820
159 SOURCE 2 281 -1 -1 2820 31620
160 SOURCE 2 255 -1 -1 1020 29820
161 SOURCE 2 305 -1 -1 1920 30720
162 SOURCE 2 357 -1 -1 2820 31620
163 SOURCE 2 331 -1 -1 1020 29820
164 SOURCE 2 88 -1 -1 2160 30960
165 SOURCE 2 23 -1 -1 2820 31620
166 SOURCE 2 484 -1 -1 2160 30960
167 SOURCE 2 381 -1 -1 1020 29820
168 SOURCE 2 115 -1 -1 2820 31620
169 SOURCE 2 139 -1 -1 1920 30720
170 SOURCE 2 49 -1 -1 1020 29820
171 SOURCE 2 215 -1 -1 2820 31620
172 SOURCE 2 165 -1 -1 1020 29820
173 SOURCE 2 505 -1 -1 1920 30720
174 SOURCE 2 283 -1 -1 2820 31620
175 SOURCE 2 257 -1 -1 1020 29820
176 SOURCE 2 420 -1 -1 2160 30960
177 SOURCE 2 232 -1 -1 2160 30960
178 SOURCE 2 333 -1 -1 1020 29820
179 SOURCE 2 445 -1 -1 1920 30720
180 SOURCE 2 308 -1 -1 1920 30720
181 CONNECTION 52 53 -1 -1 3480 3480
182 CONNECTION 52 119 -1 -1 2400 2400
183 CONNECTION 52 400 -1 -1 4140 4140
184 CONNECTION 52 170 -1 -1 4860 4860
185 CONNECTION 52 219 300 780 5040 5040
186 CONNECTION 52 385 300 1320 7080 7080
187 CONNECTION 52 425 300 2520 6000 6000
188 CONNECTION 52 511 300 3480 7740 7740
189 CONNECTION 52 450 300 3660 8460 8460
190 CONNECTION 52 473 300 4380 8640 8640
191 CONNECTION 27 28 -1 -1 3420 3420
192 CONNECTION 27 424 -1 -1 3300 3300
193 CONNECTION 27 144 -1 -1 4320 4320
194 CONNECTION 27 236 -1 -1 5220 5220
195 CONNECTION 27 312 300 1200 6120 6120
196 CONNECTION 27 171 300 2100 6900 6900
197 CONNECTION 27 362 300 2100 7020 7020
198 CONNECTION 27 30 300 3000 7920 7920
199 CONNECTION 27 146 300 3900 8820 8820
200 CONNECTION 27 238 300 4800 9720 9720
201 CONNECTION 168 169 -1 -1 1200 1200
202 CONNECTION 168 70 -1 -1 3780 3780
203 CONNECTION 168 120 -1 -1 3000 3000
204 CONNECTION 168 287 -1 -1 3900 3900
205 CONNECTION 168 449 300 1320 4800 4800
206 CONNECTION 168 402 300 2460 7380 7380
207 CONNECTION 168 426 300 2580 6600 6600
208 CONNECTION 168 487 300 3480 7500 7500
209 CONNECTION 143 144 -1 -1 3420 3420
210 CONNECTION 143 236 -1 -1 4320 4320
211 CONNECTION 143 312 -1 -1 5220 5220
212 CONNECTION 143 171 300 1200 6000 6000
213 CONNECTION 143 362 300 1200 6120 6120
214 CONNECTION 143 30 300 2100 7020 7020
215 CONNECTION 143 146 300 3000 7920 7920
216 CONNECTION 143 238 300 3900 8820 8820
217 CONNECTION 143 314 300 4800 9720 9720
218 CONNECTION 143 451 300 4800 9600 9600
219 CONNECTION 53 486 -1 -1 3420 3420
220 CONNECTION 53 54 300 1020 6780 6780
221 CONNECTION 53 71 300 2100 7020 7020
222 CONNECTION 53 386 300 4620 10380 10380
223 CONNECTION 1 2 -1 -1 2100 2100
224 CONNECTION 1 94 -1 -1 3000 3000
225 CONNECTION 1 194 300 780 3900 3900
226 CONNECTION 1 262 300 1680 4800 4800
227 CONNECTION 1 338 300 2580 5700 5700
228 CONNECTION 1 4 300 3480 6600 6600
229 CONNECTION 1 96 300 4380 7500 7500
230 CONNECTION 69 70 -1 -1 2640 2640
231 CONNECTION 69 287 -1 -1 2760 2760
232 CONNECTION 69 449 -1 -1 3660 3660
233 CONNECTION 69 402 300 1320 6240 6240
234 CONNECTION 69 426 300 1440 5460 5460
235 CONNECTION 69 487 300 2340 6360 6360
236 CONNECTION 69 122 300 3780 7260 7260
237 CONNECTION 235 236 -1 -1 3420 3420
238 CONNECTION 235 312 -1 -1 4320 4320
239 CONNECTION 235 171 -1 -1 5100 5100
240 CONNECTION 235 362 -1 -1 5220 5220
241 CONNECTION 235 30 300 1200 6120 6120
242 CONNECTION 235 146 300 2100 7020 7020
243 CONNECTION 235 238 300 3000 7920 7920
244 CONNECTION 235 314 300 3900 8820 8820
245 CONNECTION 235 451 300 3900 8700 8700
246 CONNECTION 235 364 300 4800 9720 9720
247 CONNECTION 169 170 -1 -1 2520 2520
248 CONNECTION 169 219 -1 -1 2700 2700
249 CONNECTION 169 385 -1 -1 4740 4740
250 CONNECTION 169 425 -1 -1 3660 3660
251 CONNECTION 169 511 300 1140 5400 5400
252 CONNECTION 169 450 300 1320 6120 6120
253 CONNECTION 169 473 300 2040 6300 6300
254 CONNECTION 169 508 300 2580 8340 8340
255 CONNECTION 169 172 300 3780 7260 7260
256 CONNECTION 169 289 300 4740 9000 9000
257 CONNECTION 119 120 -1 -1 1740 1740
258 CONNECTION 119 287 -1 -1 2640 2640
259 CONNECTION 119 449 -1 -1 3540 3540
260 CONNECTION 119 402 300 1200 6120 6120
261 CONNECTION 119 426 300 1320 5340 5340
262 CONNECTION 119 487 300 2220 6240 6240
263 CONNECTION 119 122 300 3660 7140 7140
264 CONNECTION 119 513 300 4800 9720 9720
265 CONNECTION 93 94 -1 -1 2100 2100
266 CONNECTION 93 194 -1 -1 3000 3000
267 CONNECTION 93 262 300 780 3900 3900
268 CONNECTION 93 338 300 1680 4800 4800
269 CONNECTION 93 4 300 2580 5700 5700
270 CONNECTION 93 96 300 3480 6600 6600
271 CONNECTION 93 196 300 4380 7500 7500
272 CONNECTION 311 312 -1 -1 3420 3420
273 CONNECTION 311 171 -1 -1 4200 4200
274 CONNECTION 311 362 -1 -1 4320 4320
275 CONNECTION 311 30 -1 -1 5220 5220
276 CONNECTION 311 146 300 1200 6120 6120
277 CONNECTION 311 238 300 2100 7020 7020
278 CONNECTION 311 314 300 3000 7920 7920
279 CONNECTION 311 451 300 3000 7800 7800
280 CONNECTION 311 364 300 3900 8820 8820
281 CONNECTION 311 32 300 4800 9720 9720
282 CONNECTION 384 385 -1 -1 3480 3480
283 CONNECTION 384 425 -1 -1 2400 2400
284 CONNECTION 384 511 -1 -1 4140 4140
285 CONNECTION 384 450 -1 -1 4860 4860
286 CONNECTION 384 473 300 780 5040 5040
287 CONNECTION 384 508 300 1320 7080 7080
288 CONNECTION 384 172 300 2520 6000 6000
289 CONNECTION 384 289 300 3480 7740 7740
290 CONNECTION 384 123 300 3660 8460 8460
291 CONNECTION 384 55 300 4380 8640 8640
292 CONNECTION 400 401 -1 -1 1740 1740
293 CONNECTION 400 29 -1 -1 1620 1620
294 CONNECTION 400 288 -1 -1 2880 2880
295 CONNECTION 400 195 -1 -1 3660 3660
296 CONNECTION 400 507 -1 -1 3060 3060
297 CONNECTION 400 145 -1 -1 2520 2520
298 CONNECTION 400 263 -1 -1 4560 4560
299 CONNECTION 400 121 -1 -1 4200 4200
300 CONNECTION 400 237 -1 -1 3420 3420
301 CONNECTION 400 339 300 540 5460 5460
302 CONNECTION 400 313 300 1200 4320 4320
303 CONNECTION 400 512 300 1320 5340 5340
304 CONNECTION 400 5 300 1440 6360 6360
305 CONNECTION 400 363 300 2100 5220 5220
306 CONNECTION 400 488 300 2220 6480 6480
307 CONNECTION 400 97 300 2340 7260 7260
308 CONNECTION 400 220 300 2400 6660 6660
309 CONNECTION 400 31 300 3000 6120 6120
310 CONNECTION 400 197 300 3240 8160 8160
311 CONNECTION 400 427 300 3780 7800 7800
312 CONNECTION 400 147 300 3900 7020 7020
313 CONNECTION 400 265 300 4140 9060 9060
314 CONNECTION 400 239 300 4800 7920 7920
315 SINK 400 2 -1 -1 300 300
316 CONNECTION 193 194 -1 -1 2100 2100
317 CONNECTION 193 262 -1 -1 3000 3000
318 CONNECTION 193 338 300 780 3900 3900
319 CONNECTION 193 4 300 1680 4800 4800
320 CONNECTION 193 96 300 2580 5700 5700
321 CONNECTION 193 196 300 3480 6600 6600
322 CONNECTION 193 264 300 4380 7500 7500
323 CONNECTION 28 29 -1 -1 840 840
324 CONNECTION 28 145 -1 -1 1740 1740
325 CONNECTION 28 263 -1 -1 3780 3780
326 CONNECTION 28 121 -1 -1 3420 3420
327 CONNECTION 28 237 -1 -1 2640 2640
328 CONNECTION 28 339 -1 -1 4680 4680
329 CONNECTION 28 313 300 420 3540 3540
330 CONNECTION 28 512 300 540 4560 4560
331 CONNECTION 28 5 300 660 5580 5580
332 CONNECTION 28 363 300 1320 4440 4440
333 CONNECTION 28 488 300 1440 5700 5700
334 CONNECTION 28 97 300 1560 6480 6480
335 CONNECTION 28 220 300 1620 5880 5880
336 CONNECTION 28 31 300 2220 5340 5340
337 CONNECTION 28 197 300 2460 7380 7380
338 CONNECTION 28 427 300 3000 7020 7020
339 CONNECTION 28 147 300 3120 6240 6240
340 CONNECTION 28 265 300 3360 8280 8280
341 CONNECTION 28 239 300 4020 7140 7140
342 CONNECTION 28 290 300 4140 8160 8160
343 CONNECTION 28 341 300 4260 9180 9180
344 SINK 28 2 -1 -1 300 300
345 CONNECTION 70 54 -1 -1 5340 5340
346 CONNECTION 70 71 300 660 5580 5580
347 CONNECTION 70 386 300 3180 8940 8940
348 CONNECTION 70 403 300 4260 9180 9180
349 CONNECTION 424 425 -1 -1 1200 1200
350 CONNECTION 424 511 -1 -1 2940 2940
351 CONNECTION 424 450 -1 -1 3660 3660
352 CONNECTION 424 473 -1 -1 3840 3840
353 CONNECTION 424 508 -1 -1 5880 5880
354 CONNECTION 424 172 300 1320 4800 4800
355 CONNECTION 424 289 300 2280 6540 6540
356 CONNECTION 424 123 300 2460 7260 7260
357 CONNECTION 424 55 300 3180 7440 7440
358 CONNECTION 424 221 300 3720 9480 9480
359 CONNECTION 170 171 -1 -1 3540 3540
360 CONNECTION 170 362 -1 -1 3660 3660
361 CONNECTION 170 30 -1 -1 4560 4560
362 CONNECTION 170 146 300 540 5460 5460
363 CONNECTION 170 238 300 1440 6360 6360
364 CONNECTION 170 314 300 2340 7260 7260
365 CONNECTION 170 451 300 2340 7140 7140
366 CONNECTION 170 364 300 3240 8160 8160
367 CONNECTION 170 32 300 4140 9060 9060
368 CONNECTION 120 29 -1 -1 1620 1620
369 CONNECTION 120 288 -1 -1 2880 2880
370 CONNECTION 120 195 -1 -1 3660 3660
371 CONNECTION 120 507 -1 -1 3060 3060
372 CONNECTION 120 145 -1 -1 2520 2520
373 CONNECTION 120 263 -1 -1 4560 4560
374 CONNECTION 120 121 -1 -1 4200 4200
375 CONNECTION 120 237 -1 -1 3420 3420
376 CONNECTION 120 339 300 540 5460 5460
377 CONNECTION 120 313 300 1200 4320 4320
378 CONNECTION 120 512 300 1320 5340 5340
379 CONNECTION 120 5 300 1440 6360 6360
380 CONNECTION 120 363 300 2100 5220 5220
381 CONNECTION 120 488 300 2220 6480 6480
382 CONNECTION 120 97 300 2340 7260 7260
383 CONNECTION 120 220 300 2400 6660 6660
384 CONNECTION 120 31 300 3000 6120 6120
385 CONNECTION 120 197 300 3240 8160 8160
386 CONNECTION 120 427 300 3780 7800 7800
387 CONNECTION 120 147 300 3900 7020 7020
388 CONNECTION 120 265 300 4140 9060 9060
389 CONNECTION 120 239 300 4800 7920 7920
390 SINK 120 2 -1 -1 300 300
391 CONNECTION 361 171 -1 -1 3300 3300
392 CONNECTION 361 362 -1 -1 3420 3420
393 CONNECTION 361 30 -1 -1 4320 4320
394 CONNECTION 361 146 -1 -1 5220 5220
395 CONNECTION 361 238 300 1200 6120 6120
396 CONNECTION 361 314 300 2100 7020 7020
397 CONNECTION 361 451 300 2100 6900 6900
398 CONNECTION 361 364 300 3000 7920 7920
399 CONNECTION 361 32 300 3900 8820 8820
400 CONNECTION 361 148 300 4800 9720 9720
401 CONNECTION 2 3 -1 -1 2640 2640
402 CONNECTION 2 337 -1 -1 1500 1500
403 CONNECTION 2 401 -1 -1 2520 2520
404 CONNECTION 2 95 -1 -1 3540 3540
405 CONNECTION 2 29 -1 -1 2400 2400
406 CONNECTION 2 288 -1 -1 3660 3660
407 CONNECTION 2 195 -1 -1 4440 4440
408 CONNECTION 2 507 -1 -1 3840 3840
409 CONNECTION 2 145 -1 -1 3300 3300
410 CONNECTION 2 263 300 420 5340 5340
411 CONNECTION 2 121 300 960 4980 4980
412 CONNECTION 2 237 300 1080 4200 4200
413 CONNECTION 2 339 300 1320 6240 6240
414 CONNECTION 2 313 300 1980 5100 5100
415 CONNECTION 2 512 300 2100 6120 6120
416 CONNECTION 2 5 300 2220 7140 7140
417 CONNECTION 2 363 300 2880 6000 6000
418 CONNECTION 2 488 300 3000 7260 7260
419 CONNECTION 2 97 300 3120 8040 8040
420 CONNECTION 2 220 300 3180 7440 7440
421 CONNECTION 2 31 300 3780 6900 6900
422 CONNECTION 2 197 300 4020 8940 8940
423 CONNECTION 2 427 300 4560 8580 8580
424 CONNECTION 2 147 300 4680 7800 7800
425 SINK 2 2 -1 -1 300 300
426 CONNECTION 448 449 -1 -1 1200 1200
427 CONNECTION 448 402 -1 -1 3780 3780
428 CONNECTION 448 426 -1 -1 3000 3000
429 CONNECTION 448 487 -1 -1 3900 3900
430 CONNECTION 448 122 300 1320 4800 4800
431 CONNECTION 448 513 300 2460 7380 7380
432 CONNECTION 448 173 300 2580 6600 6600
433 CONNECTION 448 72 300 3480 7500 7500
434 CONNECTION 219 145 -1 -1 1620 1620
435 CONNECTION 219 263 -1 -1 3660 3660
436 CONNECTION 219 121 -1 -1 3300 3300
437 CONNECTION 219 237 -1 -1 2520 2520
438 CONNECTION 219 339 -1 -1 4560 4560
439 CONNECTION 219 313 -1 -1 3420 3420
440 CONNECTION 219 512 300 420 4440 4440
441 CONNECTION 219 5 300 540 5460 5460
442 CONNECTION 219 363 300 1200 4320 4320
443 CONNECTION 219 488 300 1320 5580 5580
444 CONNECTION 219 97 300 1440 6360 6360
445 CONNECTION 219 220 300 1500 5760 5760
446 CONNECTION 219 31 300 2100 5220 5220
447 CONNECTION 219 197 300 2340 7260 7260
448 CONNECTION 219 427 300 2880 6900 6900
449 CONNECTION 219 147 300 3000 6120 6120
450 CONNECTION 219 265 300 3240 8160 8160
451 CONNECTION 219 239 300 3900 7020 7020
452 CONNECTION 219 290 300 4020 8040 8040
453 CONNECTION 219 341 300 4140 9060 9060
454 CONNECTION 219 315 300 4800 7920 7920
455 SINK 219 2 -1 -1 300 300
456 CONNECTION 261 262 -1 -1 2100 2100
457 CONNECTION 261 338 -1 -1 3000 3000
458 CONNECTION 261 4 300 780 3900 3900
459 CONNECTION 261 96 300 1680 4800 4800
460 CONNECTION 261 196 300 2580 5700 5700
461 CONNECTION 261 264 300 3480 6600 6600
462 CONNECTION 261 340 300 4380 7500 7500
463 CONNECTION 144 145 -1 -1 840 840
464 CONNECTION 144 121 -1 -1 2520 2520
465 CONNECTION 144 237 -1 -1 1740 1740
466 CONNECTION 144 339 -1 -1 3780 3780
467 CONNECTION 144 313 -1 -1 2640 2640
468 CONNECTION 144 512 -1 -1 3660 3660
469 CONNECTION 144 5 -1 -1 4680 4680
470 CONNECTION 144 363 300 420 3540 3540
471 CONNECTION 144 488 300 540 4800 4800
472 CONNECTION 144 97 300 660 5580 5580
473 CONNECTION 144 220 300 720 4980 4980
474 CONNECTION 144 31 300 1320 4440 4440
475 CONNECTION 144 197 300 1560 6480 6480
476 CONNECTION 144 427 300 2100 6120 6120
477 CONNECTION 144 147 300 2220 5340 5340
478 CONNECTION 144 265 300 2460 7380 7380
479 CONNECTION 144 239 300 3120 6240 6240
480 CONNECTION 144 290 300 3240 7260 7260
481 CONNECTION 144 341 300 3360 8280 8280
482 CONNECTION 144 315 300 4020 7140 7140
483 CONNECTION 144 73 300 4140 8400 8400
484 CONNECTION 144 7 300 4260 9180 9180
485 CONNECTION 144 474 300 4320 8580 8580
486 SINK 144 2 -1 -1 300 300
487 CONNECTION 287 288 -1 -1 1980 1980
488 CONNECTION 287 145 -1 -1 1620 1620
489 CONNECTION 287 263 -1 -1 3660 3660
490 CONNECTION 287 121 -1 -1 3300 3300
491 CONNECTION 287 237 -1 -1 2520 2520
492 CONNECTION 287 339 -1 -1 4560 4560
493 CONNECTION 287 313 -1 -1 3420 3420
494 CONNECTION 287 512 300 420 4440 4440
495 CONNECTION 287 5 300 540 5460 5460
496 CONNECTION 287 363 300 1200 4320 4320
497 CONNECTION 287 488 300 1320 5580 5580
498 CONNECTION 287 97 300 1440 6360 6360
499 CONNECTION 287 220 300 1500 5760 5760
500 CONNECTION 287 31 300 2100 5220 5220
501 CONNECTION 287 197 300 2340 7260 7260
502 CONNECTION 287 427 300 2880 6900 6900
503 CONNECTION 287 147 300 3000 6120 6120
504 CONNECTION 287 265 300 3240 8160 8160
505 CONNECTION 287 239 300 3900 7020 7020
506 CONNECTION 287 290 300 4020 8040 8040
507 CONNECTION 287 341 300 4140 9060 9060
508 CONNECTION 287 315 300 4800 7920 7920
509 SINK 287 2 -1 -1 300 300
510 CONNECTION 3 30 -1 -1 3420 3420
511 CONNECTION 3 146 -1 -1 4320 4320
512 CONNECTION 3 238 -1 -1 5220 5220
513 CONNECTION 3 314 300 1200 6120 6120
514 CONNECTION 3 451 300 1200 6000 6000
515 CONNECTION 3 364 300 2100 7020 7020
516 CONNECTION 3 32 300 3000 7920 7920
517 CONNECTION 3 148 300 3900 8820 8820
518 CONNECTION 3 174 300 4800 9600 9600
519 CONNECTION 3 240 300 4800 9720 9720
520 CONNECTION 94 95 -1 -1 2640 2640
521 CONNECTION 94 29 -1 -1 1500 1500
522 CONNECTION 94 288 -1 -1 2760 2760
523 CONNECTION 94 195 -1 -1 3540 3540
524 CONNECTION 94 507 -1 -1 2940 2940
525 CONNECTION 94 145 -1 -1 2400 2400
526 CONNECTION 94 263 -1 -1 4440 4440
527 CONNECTION 94 121 -1 -1 4080 4080
528 CONNECTION 94 237 -1 -1 3300 3300
529 CONNECTION 94 339 300 420 5340 5340
530 CONNECTION 94 313 300 1080 4200 4200
531 CONNECTION 94 512 300 1200 5220 5220
532 CONNECTION 94 5 300 1320 6240 6240
533 CONNECTION 94 363 300 1980 5100 5100
534 CONNECTION 94 488 300 2100 6360 6360
535 CONNECTION 94 97 300 2220 7140 7140
536 CONNECTION 94 220 300 2280 6540 6540
537 CONNECTION 94 31 300 2880 6000 6000
538 CONNECTION 94 197 300 3120 8040 8040
539 CONNECTION 94 427 300 3660 7680 7680
540 CONNECTION 94 147 300 3780 6900 6900
541 CONNECTION 94 265 300 4020 8940 8940
542 CONNECTION 94 239 300 4680 7800 7800
543 CONNECTION 94 290 300 4800 8820 8820
544 SINK 94 2 -1 -1 300 300
545 CONNECTION 385 71 -1 -1 3420 3420
546 CONNECTION 385 386 300 1020 6780 6780
547 CONNECTION 385 403 300 2100 7020 7020
548 CONNECTION 385 56 300 4620 10380 10380
549 CONNECTION 385 509 300 4620 10380 10380
550 CONNECTION 337 338 -1 -1 2100 2100
551 CONNECTION 337 4 -1 -1 3000 3000
552 CONNECTION 337 96 300 780 3900 3900
553 CONNECTION 337 196 300 1680 4800 4800
554 CONNECTION 337 264 300 2580 5700 5700
555 CONNECTION 337 340 300 3480 6600 6600
556 CONNECTION 337 6 300 4380 7500 7500
557 CONNECTION 236 237 -1 -1 840 840
558 CONNECTION 236 313 -1 -1 1740 1740
559 CONNECTION 236 512 -1 -1 2760 2760
560 CONNECTION 236 5 -1 -1 3780 3780
561 CONNECTION 236 363 -1 -1 2640 2640
562 CONNECTION 236 488 -1 -1 3900 3900
563 CONNECTION 236 97 -1 -1 4680 4680
564 CONNECTION 236 220 -1 -1 4080 4080
565 CONNECTION 236 31 300 420 3540 3540
566 CONNECTION 236 197 300 660 5580 5580
567 CONNECTION 236 427 300 1200 5220 5220
568 CONNECTION 236 147 300 1320 4440 4440
569 CONNECTION 236 265 300 1560 6480 6480
570 CONNECTION 236 239 300 2220 5340 5340
571 CONNECTION 236 290 300 2340 6360 6360
572 CONNECTION 236 341 300 2460 7380 7380
573 CONNECTION 236 315 300 3120 6240 6240
574 CONNECTION 236 73 300 3240 7500 7500
575 CONNECTION 236 7 300 3360 8280 8280
576 CONNECTION 236 474 300 3420 7680 7680
577 CONNECTION 236 365 300 4020 7140 7140
578 CONNECTION 236 99 300 4260 9180 9180
579 CONNECTION 236 124 300 4800 8820 8820
580 SINK 236 2 -1 -1 300 300
581 CONNECTION 401 402 -1 -1 2640 2640
582 CONNECTION 401 487 -1 -1 2760 2760
583 CONNECTION 401 122 -1 -1 3660 3660
584 CONNECTION 401 513 300 1320 6240 6240
585 CONNECTION 401 173 300 1440 5460 5460
586 CONNECTION 401 72 300 2340 6360 6360
587 CONNECTION 401 428 300 3780 7260 7260
588 CONNECTION 95 146 -1 -1 3420 3420
589 CONNECTION 95 238 -1 -1 4320 4320
590 CONNECTION 95 314 -1 -1 5220 5220
591 CONNECTION 95 451 -1 -1 5100 5100
592 CONNECTION 95 364 300 1200 6120 6120
593 CONNECTION 95 32 300 2100 7020 7020
594 CONNECTION 95 148 300 3000 7920 7920
595 CONNECTION 95 174 300 3900 8700 8700
596 CONNECTION 95 240 300 3900 8820 8820
597 CONNECTION 95 316 300 4800 9720 9720
598 CONNECTION 486 487 -1 -1 1740 1740
599 CONNECTION 486 122 -1 -1 2640 2640
600 CONNECTION 486 513 -1 -1 5220 5220
601 CONNECTION 486 173 300 420 4440 4440
602 CONNECTION 486 72 300 1320 5340 5340
603 CONNECTION 486 428 300 2760 6240 6240
604 CONNECTION 486 291 300 3900 8820 8820
605 CONNECTION 486 453 300 4020 8040 8040
606 CONNECTION 194 195 -1 -1 2640 2640
607 CONNECTION 194 145 -1 -1 1500 1500
608 CONNECTION 194 263 -1 -1 3540 3540
609 CONNECTION 194 121 -1 -1 3180 3180
610 CONNECTION 194 237 -1 -1 2400 2400
611 CONNECTION 194 339 -1 -1 4440 4440
612 CONNECTION 194 313 -1 -1 3300 3300
613 CONNECTION 194 512 -1 -1 4320 4320
614 CONNECTION 194 5 300 420 5340 5340
615 CONNECTION 194 363 300 1080 4200 4200
616 CONNECTION 194 488 300 1200 5460 5460
617 CONNECTION 194 97 300 1320 6240 6240
618 CONNECTION 194 220 300 1380 5640 5640
619 CONNECTION 194 31 300 1980 5100 5100
620 CONNECTION 194 197 300 2220 7140 7140
621 CONNECTION 194 427 300 2760 6780 6780
622 CONNECTION 194 147 300 2880 6000 6000
623 CONNECTION 194 265 300 3120 8040 8040
624 CONNECTION 194 239 300 3780 6900 6900
625 CONNECTION 194 290 300 3900 7920 7920
626 CONNECTION 194 341 300 4020 8940 8940
627 CONNECTION 194 315 300 4680 7800 7800
628 CONNECTION 194 73 300 4800 9060 9060
629 SINK 194 2 -1 -1 300 300
630 CONNECTION 449 450 -1 -1 2520 2520
631 CONNECTION 449 473 -1 -1 2700 2700
632 CONNECTION 449 508 -1 -1 4740 4740
633 CONNECTION 449 172 -1 -1 3660 3660
634 CONNECTION 449 289 300 1140 5400 5400
635 CONNECTION 449 123 300 1320 6120 6120
636 CONNECTION 449 55 300 2040 6300 6300
637 CONNECTION 449 221 300 2580 8340 8340
638 CONNECTION 449 452 300 3780 7260 7260
639 CONNECTION 449 489 300 4740 9000 9000
640 CONNECTION 425 426 -1 -1 1740 1740
641 CONNECTION 425 487 -1 -1 2640 2640
642 CONNECTION 425 122 -1 -1 3540 3540
643 CONNECTION 425 513 300 1200 6120 6120
644 CONNECTION 425 173 300 1320 5340 5340
645 CONNECTION 425 72 300 2220 6240 6240
646 CONNECTION 425 428 300 3660 7140 7140
647 CONNECTION 425 291 300 4800 9720 9720
648 CONNECTION 29 4 -1 -1 2100 2100
649 CONNECTION 29 96 -1 -1 3000 3000
650 CONNECTION 29 196 300 780 3900 3900
651 CONNECTION 29 264 300 1680 4800 4800
652 CONNECTION 29 340 300 2580 5700 5700
653 CONNECTION 29 6 300 3480 6600 6600
654 CONNECTION 29 98 300 4380 7500 7500
655 CONNECTION 312 313 -1 -1 840 840
656 CONNECTION 312 363 -1 -1 1740 1740
657 CONNECTION 312 488 -1 -1 3000 3000
658 CONNECTION 312 97 -1 -1 3780 3780
659 CONNECTION 312 220 -1 -1 3180 3180
660 CONNECTION 312 31 -1 -1 2640 2640
661 CONNECTION 312 197 -1 -1 4680 4680
662 CONNECTION 312 427 -1 -1 4320 4320
663 CONNECTION 312 147 300 420 3540 3540
664 CONNECTION 312 265 300 660 5580 5580
665 CONNECTION 312 239 300 1320 4440 4440
666 CONNECTION 312 290 300 1440 5460 5460
667 CONNECTION 312 341 300 1560 6480 6480
668 CONNECTION 312 315 300 2220 5340 5340
669 CONNECTION 312 73 300 2340 6600 6600
670 CONNECTION 312 7 300 2460 7380 7380
671 CONNECTION 312 474 300 2520 6780 6780
672 CONNECTION 312 365 300 3120 6240 6240
673 CONNECTION 312 99 300 3360 8280 8280
674 CONNECTION 312 124 300 3900 7920 7920
675 CONNECTION 312 33 300 4020 7140 7140
676 CONNECTION 312 199 300 4260 9180 9180
677 SINK 312 2 -1 -1 300 300
678 CONNECTION 288 172 -1 -1 2580 2580
679 CONNECTION 288 289 -1 -1 4320 4320
680 CONNECTION 288 123 -1 -1 5040 5040
681 CONNECTION 288 55 300 960 5220 5220
682 CONNECTION 288 221 300 1500 7260 7260
683 CONNECTION 288 452 300 2700 6180 6180
684 CONNECTION 288 489 300 3660 7920 7920
685 CONNECTION 288 429 300 3840 8640 8640
686 CONNECTION 288 387 300 4560 8820 8820
687 CONNECTION 195 238 -1 -1 3420 3420
688 CONNECTION 195 314 -1 -1 4320 4320
689 CONNECTION 195 451 -1 -1 4200 4200
690 CONNECTION 195 364 -1 -1 5220 5220
691 CONNECTION 195 32 300 1200 6120 6120
692 CONNECTION 195 148 300 2100 7020 7020
693 CONNECTION 195 174 300 3000 7800 7800
694 CONNECTION 195 240 300 3000 7920 7920
695 CONNECTION 195 316 300 3900 8820 8820
696 CONNECTION 195 366 300 4800 9720 9720
697 CONNECTION 262 263 -1 -1 2640 2640
698 CONNECTION 262 121 -1 -1 2280 2280
699 CONNECTION 262 237 -1 -1 1500 1500
700 CONNECTION 262 339 -1 -1 3540 3540
701 CONNECTION 262 313 -1 -1 2400 2400
702 CONNECTION 262 512 -1 -1 3420 3420
703 CONNECTION 262 5 -1 -1 4440 4440
704 CONNECTION 262 363 -1 -1 3300 3300
705 CONNECTION 262 488 -1 -1 4560 4560
706 CONNECTION 262 97 300 420 5340 5340
707 CONNECTION 262 220 300 480 4740 4740
708 CONNECTION 262 31 300 1080 4200 4200
709 CONNECTION 262 197 300 1320 6240 6240
710 CONNECTION 262 427 300 1860 5880 5880
711 CONNECTION 262 147 300 1980 5100 5100
712 CONNECTION 262 265 300 2220 7140 7140
713 CONNECTION 262 239 300 2880 6000 6000
714 CONNECTION 262 290 300 3000 7020 7020
715 CONNECTION 262 341 300 3120 8040 8040
716 CONNECTION 262 315 300 3780 6900 6900
717 CONNECTION 262 73 300 3900 8160 8160
718 CONNECTION 262 7 300 4020 8940 8940
719 CONNECTION 262 474 300 4080 8340 8340
720 CONNECTION 262 365 300 4680 7800 7800
721 SINK 262 2 -1 -1 300 300
722 CONNECTION 507 508 -1 -1 3480 3480
723 CONNECTION 507 172 -1 -1 2400 2400
724 CONNECTION 507 289 -1 -1 4140 4140
725 CONNECTION 507 123 -1 -1 4860 4860
726 CONNECTION 507 55 300 780 5040 5040
727 CONNECTION 507 221 300 1320 7080 7080
728 CONNECTION 507 452 300 2520 6000 6000
729 CONNECTION 507 489 300 3480 7740 7740
730 CONNECTION 507 429 300 3660 8460 8460
731 CONNECTION 507 387 300 4380 8640 8640
732 CONNECTION 511 512 -1 -1 1740 1740
733 CONNECTION 511 363 -1 -1 1620 1620
734 CONNECTION 511 488 -1 -1 2880 2880
735 CONNECTION 511 97 -1 -1 3660 3660
736 CONNECTION 511 220 -1 -1 3060 3060
737 CONNECTION 511 31 -1 -1 2520 2520
738 CONNECTION 511 197 -1 -1 4560 4560
739 CONNECTION 511 427 -1 -1 4200 4200
740 CONNECTION 511 147 -1 -1 3420 3420
741 CONNECTION 511 265 300 540 5460 5460
742 CONNECTION 511 239 300 1200 4320 4320
743 CONNECTION 511 290 300 1320 5340 5340
744 CONNECTION 511 341 300 1440 6360 6360
745 CONNECTION 511 315 300 2100 5220 5220
746 CONNECTION 511 73 300 2220 6480 6480
747 CONNECTION 511 7 300 2340 7260 7260
748 CONNECTION 511 474 300 2400 6660 6660
749 CONNECTION 511 365 300 3000 6120 6120
750 CONNECTION 511 99 300 3240 8160 8160
751 CONNECTION 511 124 300 3780 7800 7800
752 CONNECTION 511 33 300 3900 7020 7020
753 CONNECTION 511 199 300 4140 9060 9060
754 CONNECTION 511 149 300 4800 7920 7920
755 SINK 511 2 -1 -1 300 300
756 CONNECTION 145 96 -1 -1 2100 2100
757 CONNECTION 145 196 -1 -1 3000 3000
758 CONNECTION 145 264 300 780 3900 3900
759 CONNECTION 145 340 300 1680 4800 4800
760 CONNECTION 145 6 300 2580 5700 5700
761 CONNECTION 145 98 300 3480 6600 6600
762 CONNECTION 145 198 300 4380 7500 7500
763 CONNECTION 171 172 -1 -1 1200 1200
764 CONNECTION 171 289 -1 -1 2940 2940
765 CONNECTION 171 123 -1 -1 3660 3660
766 CONNECTION 171 55 -1 -1 3840 3840
767 CONNECTION 171 221 -1 -1 5880 5880
768 CONNECTION 171 452 300 1320 4800 4800
769 CONNECTION 171 489 300 2280 6540 6540
770 CONNECTION 171 429 300 2460 7260 7260
771 CONNECTION 171 387 300 3180 7440 7440
772 CONNECTION 171 475 300 3720 9480 9480
773 CONNECTION 362 363 -1 -1 840 840
774 CONNECTION 362 31 -1 -1 1740 1740
775 CONNECTION 362 197 -1 -1 3780 3780
776 CONNECTION 362 427 -1 -1 3420 3420
777 CONNECTION 362 147 -1 -1 2640 2640
778 CONNECTION 362 265 -1 -1 4680 4680
779 CONNECTION 362 239 300 420 3540 3540
780 CONNECTION 362 290 300 540 4560 4560
781 CONNECTION 362 341 300 660 5580 5580
782 CONNECTION 362 315 300 1320 4440 4440
783 CONNECTION 362 73 300 1440 5700 5700
784 CONNECTION 362 7 300 1560 6480 6480
785 CONNECTION 362 474 300 1620 5880 5880
786 CONNECTION 362 365 300 2220 5340 5340
787 CONNECTION 362 99 300 2460 7380 7380
788 CONNECTION 362 124 300 3000 7020 7020
789 CONNECTION 362 33 300 3120 6240 6240
790 CONNECTION 362 199 300 3360 8280 8280
791 CONNECTION 362 149 300 4020 7140 7140
792 CONNECTION 362 490 300 4140 8160 8160
793 CONNECTION 362 267 300 4260 9180 9180
794 SINK 362 2 -1 -1 300 300
795 CONNECTION 402 386 -1 -1 5340 5340
796 CONNECTION 402 403 300 660 5580 5580
797 CONNECTION 402 56 300 3180 8940 8940
798 CONNECTION 402 509 300 3180 8940 8940
799 CONNECTION 402 74 300 4260 9180 9180
800 CONNECTION 402 514 300 4260 9180 9180
801 CONNECTION 450 314 -1 -1 3660 3660
802 CONNECTION 450 451 -1 -1 3540 3540
803 CONNECTION 450 364 -1 -1 4560 4560
804 CONNECTION 450 32 300 540 5460 5460
805 CONNECTION 450 148 300 1440 6360 6360
806 CONNECTION 450 174 300 2340 7140 7140
807 CONNECTION 450 240 300 2340 7260 7260
808 CONNECTION 450 316 300 3240 8160 8160
809 CONNECTION 450 366 300 4140 9060 9060
810 CONNECTION 426 363 -1 -1 1620 1620
811 CONNECTION 426 488 -1 -1 2880 2880
812 CONNECTION 426 97 -1 -1 3660 3660
813 CONNECTION 426 220 -1 -1 3060 3060
814 CONNECTION 426 31 -1 -1 2520 2520
815 CONNECTION 426 197 -1 -1 4560 4560
816 CONNECTION 426 427 -1 -1 4200 4200
817 CONNECTION 426 147 -1 -1 3420 3420
818 CONNECTION 426 265 300 540 5460 5460
819 CONNECTION 426 239 300 1200 4320 4320
820 CONNECTION 426 290 300 1320 5340 5340
821 CONNECTION 426 341 300 1440 6360 6360
822 CONNECTION 426 315 300 2100 5220 5220
823 CONNECTION 426 73 300 2220 6480 6480
824 CONNECTION 426 7 300 2340 7260 7260
825 CONNECTION 426 474 300 2400 6660 6660
826 CONNECTION 426 365 300 3000 6120 6120
827 CONNECTION 426 99 300 3240 8160 8160
828 CONNECTION 426 124 300 3780 7800 7800
829 CONNECTION 426 33 300 3900 7020 7020
830 CONNECTION 426 199 300 4140 9060 9060
831 CONNECTION 426 149 300 4800 7920 7920
832 SINK 426 2 -1 -1 300 300
833 CONNECTION 263 314 -1 -1 3420 3420
834 CONNECTION 263 451 -1 -1 3300 3300
835 CONNECTION 263 364 -1 -1 4320 4320
836 CONNECTION 263 32 -1 -1 5220 5220
837 CONNECTION 263 148 300 1200 6120 6120
838 CONNECTION 263 174 300 2100 6900 6900
839 CONNECTION 263 240 300 2100 7020 7020
840 CONNECTION 263 316 300 3000 7920 7920
841 CONNECTION 263 366 300 3900 8820 8820
842 CONNECTION 263 34 300 4800 9720 9720
843 CONNECTION 338 339 -1 -1 2640 2640
844 CONNECTION 338 313 -1 -1 1500 1500
845 CONNECTION 338 512 -1 -1 2520 2520
846 CONNECTION 338 5 -1 -1 3540 3540
847 CONNECTION 338 363 -1 -1 2400 2400
848 CONNECTION 338 488 -1 -1 3660 3660
849 CONNECTION 338 97 -1 -1 4440 4440
850 CONNECTION 338 220 -1 -1 3840 3840
851 CONNECTION 338 31 -1 -1 3300 3300
852 CONNECTION 338 197 300 420 5340 5340
853 CONNECTION 338 427 300 960 4980 4980
854 CONNECTION 338 147 300 1080 4200 4200
855 CONNECTION 338 265 300 1320 6240 6240
856 CONNECTION 338 239 300 1980 5100 5100
857 CONNECTION 338 290 300 2100 6120 6120
858 CONNECTION 338 341 300 2220 7140 7140
859 CONNECTION 338 315 300 2880 6000 6000
860 CONNECTION 338 73 300 3000 7260 7260
861 CONNECTION 338 7 300 3120 8040 8040
862 CONNECTION 338 474 300 3180 7440 7440
863 CONNECTION 338 365 300 3780 6900 6900
864 CONNECTION 338 99 300 4020 8940 8940
865 CONNECTION 338 124 300 4560 8580 8580
866 CONNECTION 338 33 300 4680 7800 7800
867 SINK 338 2 -1 -1 300 300
868 CONNECTION 121 122 -1 -1 1200 1200
869 CONNECTION 121 513 -1 -1 3780 3780
870 CONNECTION 121 173 -1 -1 3000 3000
871 CONNECTION 121 72 -1 -1 3900 3900
872 CONNECTION 121 428 300 1320 4800 4800
873 CONNECTION 121 291 300 2460 7380 7380
874 CONNECTION 121 453 300 2580 6600 6600
875 CONNECTION 121 404 300 3480 7500 7500
876 CONNECTION 473 31 -1 -1 1620 1620
877 CONNECTION 473 197 -1 -1 3660 3660
878 CONNECTION 473 427 -1 -1 3300 3300
879 CONNECTION 473 147 -1 -1 2520 2520
880 CONNECTION 473 265 -1 -1 4560 4560
881 CONNECTION 473 239 -1 -1 3420 3420
882 CONNECTION 473 290 300 420 4440 4440
883 CONNECTION 473 341 300 540 5460 5460
884 CONNECTION 473 315 300 1200 4320 4320
885 CONNECTION 473 73 300 1320 5580 5580
886 CONNECTION 473 7 300 1440 6360 6360
887 CONNECTION 473 474 300 1500 5760 5760
888 CONNECTION 473 365 300 2100 5220 5220
889 CONNECTION 473 99 300 2340 7260 7260
890 CONNECTION 473 124 300 2880 6900 6900
891 CONNECTION 473 33 300 3000 6120 6120
892 CONNECTION 473 199 300 3240 8160 8160
893 CONNECTION 473 149 300 3900 7020 7020
894 CONNECTION 473 490 300 4020 8040 8040
895 CONNECTION 473 267 300 4140 9060 9060
896 CONNECTION 473 241 300 4800 7920 7920
897 SINK 473 2 -1 -1 300 300
898 CONNECTION 237 196 -1 -1 2100 2100
899 CONNECTION 237 264 -1 -1 3000 3000
900 CONNECTION 237 340 300 780 3900 3900
901 CONNECTION 237 6 300 1680 4800 4800
902 CONNECTION 237 98 300 2580 5700 5700
903 CONNECTION 237 198 300 3480 6600 6600
904 CONNECTION 237 266 300 4380 7500 7500
905 CONNECTION 30 31 -1 -1 840 840
906 CONNECTION 30 427 -1 -1 2520 2520
907 CONNECTION 30 147 -1 -1 1740 1740
908 CONNECTION 30 265 -1 -1 3780 3780
909 CONNECTION 30 239 -1 -1 2640 2640
910 CONNECTION 30 290 -1 -1 3660 3660
911 CONNECTION 30 341 -1 -1 4680 4680
912 CONNECTION 30 315 300 420 3540 3540
913 CONNECTION 30 73 300 540 4800 4800
914 CONNECTION 30 7 300 660 5580 5580
915 CONNECTION 30 474 300 720 4980 4980
916 CONNECTION 30 365 300 1320 4440 4440
917 CONNECTION 30 99 300 1560 6480 6480
918 CONNECTION 30 124 300 2100 6120 6120
919 CONNECTION 30 33 300 2220 5340 5340
920 CONNECTION 30 199 300 2460 7380 7380
921 CONNECTION 30 149 300 3120 6240 6240
922 CONNECTION 30 490 300 3240 7260 7260
923 CONNECTION 30 267 300 3360 8280 8280
924 CONNECTION 30 241 300 4020 7140 7140
925 CONNECTION 30 405 300 4140 8400 8400
926 CONNECTION 30 343 300 4260 9180 9180
927 CONNECTION 30 222 300 4320 8580 8580
928 SINK 30 2 -1 -1 300 300
929 CONNECTION 54 55 -1 -1 1980 1980
930 CONNECTION 54 221 -1 -1 4020 4020
931 CONNECTION 54 452 -1 -1 2940 2940
932 CONNECTION 54 489 300 420 4680 4680
933 CONNECTION 54 429 300 600 5400 5400
934 CONNECTION 54 387 300 1320 5580 5580
935 CONNECTION 54 475 300 1860 7620 7620
936 CONNECTION 54 175 300 3060 6540 6540
937 CONNECTION 54 292 300 4020 8280 8280
938 CONNECTION 54 126 300 4200 9000 9000
939 CONNECTION 487 488 -1 -1 1980 1980
940 CONNECTION 487 31 -1 -1 1620 1620
941 CONNECTION 487 197 -1 -1 3660 3660
942 CONNECTION 487 427 -1 -1 3300 3300
943 CONNECTION 487 147 -1 -1 2520 2520
944 CONNECTION 487 265 -1 -1 4560 4560
945 CONNECTION 487 239 -1 -1 3420 3420
946 CONNECTION 487 290 300 420 4440 4440
947 CONNECTION 487 341 300 540 5460 5460
948 CONNECTION 487 315 300 1200 4320 4320
949 CONNECTION 487 73 300 1320 5580 5580
950 CONNECTION 487 7 300 1440 6360 6360
951 CONNECTION 487 474 300 1500 5760 5760
952 CONNECTION 487 365 300 2100 5220 5220
953 CONNECTION 487 99 300 2340 7260 7260
954 CONNECTION 487 124 300 2880 6900 6900
955 CONNECTION 487 33 300 3000 6120 6120
956 CONNECTION 487 199 300 3240 8160 8160
957 CONNECTION 487 149 300 3900 7020 7020
958 CONNECTION 487 490 300 4020 8040 8040
959 CONNECTION 487 267 300 4140 9060 9060
960 CONNECTION 487 241 300 4800 7920 7920
961 SINK 487 2 -1 -1 300 300
962 CONNECTION 339 364 -1 -1 3420 3420
963 CONNECTION 339 32 -1 -1 4320 4320
964 CONNECTION 339 148 -1 -1 5220 5220
965 CONNECTION 339 174 300 1200 6000 6000
966 CONNECTION 339 240 300 1200 6120 6120
967 CONNECTION 339 316 300 2100 7020 7020
968 CONNECTION 339 366 300 3000 7920 7920
969 CONNECTION 339 34 300 3900 8820 8820
970 CONNECTION 339 150 300 4800 9720 9720
971 CONNECTION 339 454 300 4800 9600 9600
972 CONNECTION 4 5 -1 -1 2640 2640
973 CONNECTION 4 363 -1 -1 1500 1500
974 CONNECTION 4 488 -1 -1 2760 2760
975 CONNECTION 4 97 -1 -1 3540 3540
976 CONNECTION 4 220 -1 -1 2940 2940
977 CONNECTION 4 31 -1 -1 2400 2400
978 CONNECTION 4 197 -1 -1 4440 4440
979 CONNECTION 4 427 -1 -1 4080 4080
980 CONNECTION 4 147 -1 -1 3300 3300
981 CONNECTION 4 265 300 420 5340 5340
982 CONNECTION 4 239 300 1080 4200 4200
983 CONNECTION 4 290 300 1200 5220 5220
984 CONNECTION 4 341 300 1320 6240 6240
985 CONNECTION 4 315 300 1980 5100 5100
986 CONNECTION 4 73 300 2100 6360 6360
987 CONNECTION 4 7 300 2220 7140 7140
988 CONNECTION 4 474 300 2280 6540 6540
989 CONNECTION 4 365 300 2880 6000 6000
990 CONNECTION 4 99 300 3120 8040 8040
991 CONNECTION 4 124 300 3660 7680 7680
992 CONNECTION 4 33 300 3780 6900 6900
993 CONNECTION 4 199 300 4020 8940 8940
994 CONNECTION 4 149 300 4680 7800 7800
995 CONNECTION 4 490 300 4800 8820 8820
996 SINK 4 2 -1 -1 300 300
997 CONNECTION 508 403 -1 -1 3420 3420
998 CONNECTION 508 56 300 1020 6780 6780
999 CONNECTION 508 509 300 1020 6780 6780
1000 CONNECTION 508 74 300 2100 7020 7020
1001 CONNECTION 508 514 300 2100 7020 7020
1002 CONNECTION 508 388 300 4620 10380 10380
1003 CONNECTION 313 264 -1 -1 2100 2100
1004 CONNECTION 313 340 -1 -1 3000 3000
1005 CONNECTION 313 6 300 780 3900 3900
1006 CONNECTION 313 98 300 1680 4800 4800
1007 CONNECTION 313 198 300 2580 5700 5700
1008 CONNECTION 313 266 300 3480 6600 6600
1009 CONNECTION 313 342 300 4380 7500 7500
1010 CONNECTION 146 147 -1 -1 840 840
1011 CONNECTION 146 239 -1 -1 1740 1740
1012 CONNECTION 146 290 -1 -1 2760 2760
1013 CONNECTION 146 341 -1 -1 3780 3780
1014 CONNECTION 146 315 -1 -1 2640 2640
1015 CONNECTION 146 73 -1 -1 3900 3900
1016 CONNECTION 146 7 -1 -1 4680 4680
1017 CONNECTION 146 474 -1 -1 4080 4080
1018 CONNECTION 146 365 300 420 3540 3540
1019 CONNECTION 146 99 300 660 5580 5580
1020 CONNECTION 146 124 300 1200 5220 5220
1021 CONNECTION 146 33 300 1320 4440 4440
1022 CONNECTION 146 199 300 1560 6480 6480
1023 CONNECTION 146 149 300 2220 5340 5340
1024 CONNECTION 146 490 300 2340 6360 6360
1025 CONNECTION 146 267 300 2460 7380 7380
1026 CONNECTION 146 241 300 3120 6240 6240
1027 CONNECTION 146 405 300 3240 7500 7500
1028 CONNECTION 146 343 300 3360 8280 8280
1029 CONNECTION 146 222 300 3420 7680 7680
1030 CONNECTION 146 317 300 4020 7140 7140
1031 CONNECTION 146 9 300 4260 9180 9180
1032 CONNECTION 146 430 300 4800 8820 8820
1033 SINK 146 2 -1 -1 300 300
1034 CONNECTION 512 513 -1 -1 2640 2640
1035 CONNECTION 512 72 -1 -1 2760 2760
1036 CONNECTION 512 428 -1 -1 3660 3660
1037 CONNECTION 512 291 300 1320 6240 6240
1038 CONNECTION 512 453 300 1440 5460 5460
1039 CONNECTION 512 404 300 2340 6360 6360
1040 CONNECTION 512 125 300 3780 7260 7260
1041 CONNECTION 5 32 -1 -1 3420 3420
1042 CONNECTION 5 148 -1 -1 4320 4320
1043 CONNECTION 5 174 -1 -1 5100 5100
1044 CONNECTION 5 240 -1 -1 5220 5220
1045 CONNECTION 5 316 300 1200 6120 6120
1046 CONNECTION 5 366 300 2100 7020 7020
1047 CONNECTION 5 34 300 3000 7920 7920
1048 CONNECTION 5 150 300 3900 8820 8820
1049 CONNECTION 5 454 300 3900 8700 8700
1050 CONNECTION 5 242 300 4800 9720 9720
1051 CONNECTION 71 72 -1 -1 1740 1740
1052 CONNECTION 71 428 -1 -1 2640 2640
1053 CONNECTION 71 291 -1 -1 5220 5220
1054 CONNECTION 71 453 300 420 4440 4440
1055 CONNECTION 71 404 300 1320 5340 5340
1056 CONNECTION 71 125 300 2760 6240 6240
1057 CONNECTION 71 491 300 3900 8820 8820
1058 CONNECTION 71 176 300 4020 8040 8040
1059 CONNECTION 96 97 -1 -1 2640 2640
1060 CONNECTION 96 31 -1 -1 1500 1500
1061 CONNECTION 96 197 -1 -1 3540 3540
1062 CONNECTION 96 427 -1 -1 3180 3180
1063 CONNECTION 96 147 -1 -1 2400 2400
1064 CONNECTION 96 265 -1 -1 4440 4440
1065 CONNECTION 96 239 -1 -1 3300 3300
1066 CONNECTION 96 290 -1 -1 4320 4320
1067 CONNECTION 96 341 300 420 5340 5340
1068 CONNECTION 96 315 300 1080 4200 4200
1069 CONNECTION 96 73 300 1200 5460 5460
1070 CONNECTION 96 7 300 1320 6240 6240
1071 CONNECTION 96 474 300 1380 5640 5640
1072 CONNECTION 96 365 300 1980 5100 5100
1073 CONNECTION 96 99 300 2220 7140 7140
1074 CONNECTION 96 124 300 2760 6780 6780
1075 CONNECTION 96 33 300 2880 6000 6000
1076 CONNECTION 96 199 300 3120 8040 8040
1077 CONNECTION 96 149 300 3780 6900 6900
1078 CONNECTION 96 490 300 3900 7920 7920
1079 CONNECTION 96 267 300 4020 8940 8940
1080 CONNECTION 96 241 300 4680 7800 7800
1081 CONNECTION 96 405 300 4800 9060 9060
1082 SINK 96 2 -1 -1 300 300
1083 CONNECTION 122 123 -1 -1 2520 2520
1084 CONNECTION 122 55 -1 -1 2700 2700
1085 CONNECTION 122 221 -1 -1 4740 4740
1086 CONNECTION 122 452 -1 -1 3660 3660
1087 CONNECTION 122 489 300 1140 5400 5400
1088 CONNECTION 122 429 300 1320 6120 6120
1089 CONNECTION 122 387 300 2040 6300 6300
1090 CONNECTION 122 475 300 2580 8340 8340
1091 CONNECTION 122 175 300 3780 7260 7260
1092 CONNECTION 122 292 300 4740 9000 9000
1093 CONNECTION 172 173 -1 -1 1740 1740
1094 CONNECTION 172 72 -1 -1 2640 2640
1095 CONNECTION 172 428 -1 -1 3540 3540
1096 CONNECTION 172 291 300 1200 6120 6120
1097 CONNECTION 172 453 300 1320 5340 5340
1098 CONNECTION 172 404 300 2220 6240 6240
1099 CONNECTION 172 125 300 3660 7140 7140
1100 CONNECTION 172 491 300 4800 9720 9720
1101 CONNECTION 363 340 -1 -1 2100 2100
1102 CONNECTION 363 6 -1 -1 3000 3000
1103 CONNECTION 363 98 300 780 3900 3900
1104 CONNECTION 363 198 300 1680 4800 4800
1105 CONNECTION 363 266 300 2580 5700 5700
1106 CONNECTION 363 342 300 3480 6600 6600
1107 CONNECTION 363 8 300 4380 7500 7500
1108 CONNECTION 238 239 -1 -1 840 840
1109 CONNECTION 238 315 -1 -1 1740 1740
1110 CONNECTION 238 73 -1 -1 3000 3000
1111 CONNECTION 238 7 -1 -1 3780 3780
1112 CONNECTION 238 474 -1 -1 3180 3180
1113 CONNECTION 238 365 -1 -1 2640 2640
1114 CONNECTION 238 99 -1 -1 4680 4680
1115 CONNECTION 238 124 -1 -1 4320 4320
1116 CONNECTION 238 33 300 420 3540 3540
1117 CONNECTION 238 199 300 660 5580 5580
1118 CONNECTION 238 149 300 1320 4440 4440
1119 CONNECTION 238 490 300 1440 5460 5460
1120 CONNECTION 238 267 300 1560 6480 6480
1121 CONNECTION 238 241 300 2220 5340 5340
1122 CONNECTION 238 405 300 2340 6600 6600
1123 CONNECTION 238 343 300 2460 7380 7380
1124 CONNECTION 238 222 300 2520 6780 6780
1125 CONNECTION 238 317 300 3120 6240 6240
1126 CONNECTION 238 9 300 3360 8280 8280
1127 CONNECTION 238 430 300 3900 7920 7920
1128 CONNECTION 238 367 300 4020 7140 7140
1129 CONNECTION 238 101 300 4260 9180 9180
1130 SINK 238 2 -1 -1 300 300
1131 CONNECTION 488 452 -1 -1 2580 2580
1132 CONNECTION 488 489 -1 -1 4320 4320
1133 CONNECTION 488 429 -1 -1 5040 5040
1134 CONNECTION 488 387 300 960 5220 5220
1135 CONNECTION 488 475 300 1500 7260 7260
1136 CONNECTION 488 175 300 2700 6180 6180
1137 CONNECTION 488 292 300 3660 7920 7920
1138 CONNECTION 488 126 300 3840 8640 8640
1139 CONNECTION 488 57 300 4560 8820 8820
1140 CONNECTION 488 510 300 4560 8820 8820
1141 CONNECTION 97 148 -1 -1 3420 3420
1142 CONNECTION 97 174 -1 -1 4200 4200
1143 CONNECTION 97 240 -1 -1 4320 4320
1144 CONNECTION 97 316 -1 -1 5220 5220
1145 CONNECTION 97 366 300 1200 6120 6120
1146 CONNECTION 97 34 300 2100 7020 7020
1147 CONNECTION 97 150 300 3000 7920 7920
1148 CONNECTION 97 454 300 3000 7800 7800
1149 CONNECTION 97 242 300 3900 8820 8820
1150 CONNECTION 97 318 300 4800 9720 9720
1151 CONNECTION 196 197 -1 -1 2640 2640
1152 CONNECTION 196 427 -1 -1 2280 2280
1153 CONNECTION 196 147 -1 -1 1500 1500
1154 CONNECTION 196 265 -1 -1 3540 3540
1155 CONNECTION 196 239 -1 -1 2400 2400
1156 CONNECTION 196 290 -1 -1 3420 3420
1157 CONNECTION 196 341 -1 -1 4440 4440
1158 CONNECTION 196 315 -1 -1 3300 3300
1159 CONNECTION 196 73 -1 -1 4560 4560
1160 CONNECTION 196 7 300 420 5340 5340
1161 CONNECTION 196 474 300 480 4740 4740
1162 CONNECTION 196 365 300 1080 4200 4200
1163 CONNECTION 196 99 300 1320 6240 6240
1164 CONNECTION 196 124 300 1860 5880 5880
1165 CONNECTION 196 33 300 1980 5100 5100
1166 CONNECTION 196 199 300 2220 7140 7140
1167 CONNECTION 196 149 300 2880 6000 6000
1168 CONNECTION 196 490 300 3000 7020 7020
1169 CONNECTION 196 267 300 3120 8040 8040
1170 CONNECTION 196 241 300 3780 6900 6900
1171 CONNECTION 196 405 300 3900 8160 8160
1172 CONNECTION 196 343 300 4020 8940 8940
1173 CONNECTION 196 222 300 4080 8340 8340
1174 CONNECTION 196 317 300 4680 7800 7800
1175 SINK 196 2 -1 -1 300 300
1176 CONNECTION 220 221 -1 -1 3480 3480
1177 CONNECTION 220 452 -1 -1 2400 2400
1178 CONNECTION 220 489 -1 -1 4140 4140
1179 CONNECTION 220 429 -1 -1 4860 4860
1180 CONNECTION 220 387 300 780 5040 5040
1181 CONNECTION 220 475 300 1320 7080 7080
1182 CONNECTION 220 175 300 2520 6000 6000
1183 CONNECTION 220 292 300 3480 7740 7740
1184 CONNECTION 220 126 300 3660 8460 8460
1185 CONNECTION 220 57 300 4380 8640 8640
1186 CONNECTION 220 510 300 4380 8640 8640
1187 CONNECTION 289 290 -1 -1 1740 1740
1188 CONNECTION 289 315 -1 -1 1620 1620
1189 CONNECTION 289 73 -1 -1 2880 2880
1190 CONNECTION 289 7 -1 -1 3660 3660
1191 CONNECTION 289 474 -1 -1 3060 3060
1192 CONNECTION 289 365 -1 -1 2520 2520
1193 CONNECTION 289 99 -1 -1 4560 4560
1194 CONNECTION 289 124 -1 -1 4200 4200
1195 CONNECTION 289 33 -1 -1 3420 3420
1196 CONNECTION 289 199 300 540 5460 5460
1197 CONNECTION 289 149 300 1200 4320 4320
1198 CONNECTION 289 490 300 1320 5340 5340
1199 CONNECTION 289 267 300 1440 6360 6360
1200 CONNECTION 289 241 300 2100 5220 5220
1201 CONNECTION 289 405 300 2220 6480 6480
1202 CONNECTION 289 343 300 2340 7260 7260
1203 CONNECTION 289 222 300 2400 6660 6660
1204 CONNECTION 289 317 300 3000 6120 6120
1205 CONNECTION 289 9 300 3240 8160 8160
1206 CONNECTION 289 430 300 3780 7800 7800
1207 CONNECTION 289 367 300 3900 7020 7020
1208 CONNECTION 289 101 300 4140 9060 9060
1209 CONNECTION 289 35 300 4800 7920 7920
1210 SINK 289 2 -1 -1 300 300
1211 CONNECTION 31 6 -1 -1 2100 2100
1212 CONNECTION 31 98 -1 -1 3000 3000
1213 CONNECTION 31 198 300 780 3900 3900
1214 CONNECTION 31 266 300 1680 4800 4800
1215 CONNECTION 31 342 300 2580 5700 5700
1216 CONNECTION 31 8 300 3480 6600 6600
1217 CONNECTION 31 100 300 4380 7500 7500
1218 CONNECTION 314 315 -1 -1 840 840
1219 CONNECTION 314 365 -1 -1 1740 1740
1220 CONNECTION 314 99 -1 -1 3780 3780
1221 CONNECTION 314 124 -1 -1 3420 3420
1222 CONNECTION 314 33 -1 -1 2640 2640
1223 CONNECTION 314 199 -1 -1 4680 4680
1224 CONNECTION 314 149 300 420 3540 3540
1225 CONNECTION 314 490 300 540 4560 4560
1226 CONNECTION 314 267 300 660 5580 5580
1227 CONNECTION 314 241 300 1320 4440 4440
1228 CONNECTION 314 405 300 1440 5700 5700
1229 CONNECTION 314 343 300 1560 6480 6480
1230 CONNECTION 314 222 300 1620 5880 5880
1231 CONNECTION 314 317 300 2220 5340 5340
1232 CONNECTION 314 9 300 2460 7380 7380
1233 CONNECTION 314 430 300 3000 7020 7020
1234 CONNECTION 314 367 300 3120 6240 6240
1235 CONNECTION 314 101 300 3360 8280 8280
1236 CONNECTION 314 35 300 4020 7140 7140
1237 CONNECTION 314 293 300 4140 8160 8160
1238 CONNECTION 314 201 300 4260 9180 9180
1239 SINK 314 2 -1 -1 300 300
1240 CONNECTION 451 452 -1 -1 1200 1200
1241 CONNECTION 451 489 -1 -1 2940 2940
1242 CONNECTION 451 429 -1 -1 3660 3660
1243 CONNECTION 451 387 -1 -1 3840 3840
1244 CONNECTION 451 475 -1 -1 5880 5880
1245 CONNECTION 451 175 300 1320 4800 4800
1246 CONNECTION 451 292 300 2280 6540 6540
1247 CONNECTION 451 126 300 2460 7260 7260
1248 CONNECTION 451 57 300 3180 7440 7440
1249 CONNECTION 451 510 300 3180 7440 7440
1250 CONNECTION 451 223 300 3720 9480 9480
1251 CONNECTION 513 56 -1 -1 5340 5340
1252 CONNECTION 513 509 -1 -1 5340 5340
1253 CONNECTION 513 74 300 660 5580 5580
1254 CONNECTION 513 514 300 660 5580 5580
1255 CONNECTION 513 388 300 3180 8940 8940
1256 CONNECTION 513 406 300 4260 9180 9180
1257 CONNECTION 123 174 -1 -1 3540 3540
1258 CONNECTION 123 240 -1 -1 3660 3660
1259 CONNECTION 123 316 -1 -1 4560 4560
1260 CONNECTION 123 366 300 540 5460 5460
1261 CONNECTION 123 34 300 1440 6360 6360
1262 CONNECTION 123 150 300 2340 7260 7260
1263 CONNECTION 123 454 300 2340 7140 7140
1264 CONNECTION 123 242 300 3240 8160 8160
1265 CONNECTION 123 318 300 4140 9060 9060
1266 CONNECTION 173 315 -1 -1 1620 1620
1267 CONNECTION 173 73 -1 -1 2880 2880
1268 CONNECTION 173 7 -1 -1 3660 3660
1269 CONNECTION 173 474 -1 -1 3060 3060
1270 CONNECTION 173 365 -1 -1 2520 2520
1271 CONNECTION 173 99 -1 -1 4560 4560
1272 CONNECTION 173 124 -1 -1 4200 4200
1273 CONNECTION 173 33 -1 -1 3420 3420
1274 CONNECTION 173 199 300 540 5460 5460
1275 CONNECTION 173 149 300 1200 4320 4320
1276 CONNECTION 173 490 300 1320 5340 5340
1277 CONNECTION 173 267 300 1440 6360 6360
1278 CONNECTION 173 241 300 2100 5220 5220
1279 CONNECTION 173 405 300 2220 6480 6480
1280 CONNECTION 173 343 300 2340 7260 7260
1281 CONNECTION 173 222 300 2400 6660 6660
1282 CONNECTION 173 317 300 3000 6120 6120
1283 CONNECTION 173 9 300 3240 8160 8160
1284 CONNECTION 173 430 300 3780 7800 7800
1285 CONNECTION 173 367 300 3900 7020 7020
1286 CONNECTION 173 101 300 4140 9060 9060
1287 CONNECTION 173 35 300 4800 7920 7920
1288 SINK 173 2 -1 -1 300 300
1289 CONNECTION 197 174 -1 -1 3300 3300
1290 CONNECTION 197 240 -1 -1 3420 3420
1291 CONNECTION 197 316 -1 -1 4320 4320
1292 CONNECTION 197 366 -1 -1 5220 5220
1293 CONNECTION 197 34 300 1200 6120 6120
1294 CONNECTION 197 150 300 2100 7020 7020
1295 CONNECTION 197 454 300 2100 6900 6900
1296 CONNECTION 197 242 300 3000 7920 7920
1297 CONNECTION 197 318 300 3900 8820 8820
1298 CONNECTION 197 368 300 4800 9720 9720
1299 CONNECTION 264 265 -1 -1 2640 2640
1300 CONNECTION 264 239 -1 -1 1500 1500
1301 CONNECTION 264 290 -1 -1 2520 2520
1302 CONNECTION 264 341 -1 -1 3540 3540
1303 CONNECTION 264 315 -1 -1 2400 2400
1304 CONNECTION 264 73 -1 -1 3660 3660
1305 CONNECTION 264 7 -1 -1 4440 4440
1306 CONNECTION 264 474 -1 -1 3840 3840
1307 CONNECTION 264 365 -1 -1 3300 3300
1308 CONNECTION 264 99 300 420 5340 5340
1309 CONNECTION 264 124 300 960 4980 4980
1310 CONNECTION 264 33 300 1080 4200 4200
1311 CONNECTION 264 199 300 1320 6240 6240
1312 CONNECTION 264 149 300 1980 5100 5100
1313 CONNECTION 264 490 300 2100 6120 6120
1314 CONNECTION 264 267 300 2220 7140 7140
1315 CONNECTION 264 241 300 2880 6000 6000
1316 CONNECTION 264 405 300 3000 7260 7260
1317 CONNECTION 264 343 300 3120 8040 8040
1318 CONNECTION 264 222 300 3180 7440 7440
1319 CONNECTION 264 317 300 3780 6900 6900
1320 CONNECTION 264 9 300 4020 8940 8940
1321 CONNECTION 264 430 300 4560 8580 8580
1322 CONNECTION 264 367 300 4680 7800 7800
1323 SINK 264 2 -1 -1 300 300
1324 CONNECTION 427 428 -1 -1 1200 1200
1325 CONNECTION 427 291 -1 -1 3780 3780
1326 CONNECTION 427 453 -1 -1 3000 3000
1327 CONNECTION 427 404 -1 -1 3900 3900
1328 CONNECTION 427 125 300 1320 4800 4800
1329 CONNECTION 427 491 300 2460 7380 7380
1330 CONNECTION 427 176 300 2580 6600 6600
1331 CONNECTION 427 75 300 3480 7500 7500
1332 CONNECTION 427 515 300 3480 7500 7500
1333 CONNECTION 55 365 -1 -1 1620 1620
1334 CONNECTION 55 99 -1 -1 3660 3660
1335 CONNECTION 55 124 -1 -1 3300 3300
1336 CONNECTION 55 33 -1 -1 2520 2520
1337 CONNECTION 55 199 -1 -1 4560 4560
1338 CONNECTION 55 149 -1 -1 3420 3420
1339 CONNECTION 55 490 300 420 4440 4440
1340 CONNECTION 55 267 300 540 5460 5460
1341 CONNECTION 55 241 300 1200 4320 4320
1342 CONNECTION 55 405 300 1320 5580 5580
1343 CONNECTION 55 343 300 1440 6360 6360
1344 CONNECTION 55 222 300 1500 5760 5760
1345 CONNECTION 55 317 300 2100 5220 5220
1346 CONNECTION 55 9 300 2340 7260 7260
1347 CONNECTION 55 430 300 2880 6900 6900
1348 CONNECTION 55 367 300 3000 6120 6120
1349 CONNECTION 55 101 300 3240 8160 8160
1350 CONNECTION 55 35 300 3900 7020 7020
1351 CONNECTION 55 293 300 4020 8040 8040
1352 CONNECTION 55 201 300 4140 9060 9060
1353 CONNECTION 55 151 300 4800 7920 7920
1354 SINK 55 2 -1 -1 300 300
1355 CONNECTION 147 98 -1 -1 2100 2100
1356 CONNECTION 147 198 -1 -1 3000 3000
1357 CONNECTION 147 266 300 780 3900 3900
1358 CONNECTION 147 342 300 1680 4800 4800
1359 CONNECTION 147 8 300 2580 5700 5700
1360 CONNECTION 147 100 300 3480 6600 6600
1361 CONNECTION 147 200 300 4380 7500 7500
1362 CONNECTION 364 365 -1 -1 840 840
1363 CONNECTION 364 124 -1 -1 2520 2520
1364 CONNECTION 364 33 -1 -1 1740 1740
1365 CONNECTION 364 199 -1 -1 3780 3780
1366 CONNECTION 364 149 -1 -1 2640 2640
1367 CONNECTION 364 490 -1 -1 3660 3660
1368 CONNECTION 364 267 -1 -1 4680 4680
1369 CONNECTION 364 241 300 420 3540 3540
1370 CONNECTION 364 405 300 540 4800 4800
1371 CONNECTION 364 343 300 660 5580 5580
1372 CONNECTION 364 222 300 720 4980 4980
1373 CONNECTION 364 317 300 1320 4440 4440
1374 CONNECTION 364 9 300 1560 6480 6480
1375 CONNECTION 364 430 300 2100 6120 6120
1376 CONNECTION 364 367 300 2220 5340 5340
1377 CONNECTION 364 101 300 2460 7380 7380
1378 CONNECTION 364 35 300 3120 6240 6240
1379 CONNECTION 364 293 300 3240 7260 7260
1380 CONNECTION 364 201 300 3360 8280 8280
1381 CONNECTION 364 151 300 4020 7140 7140
1382 CONNECTION 364 76 300 4140 8400 8400
1383 CONNECTION 364 516 300 4140 8400 8400
1384 CONNECTION 364 269 300 4260 9180 9180
1385 CONNECTION 364 476 300 4320 8580 8580
1386 SINK 364 2 -1 -1 300 300
1387 CONNECTION 386 387 -1 -1 1980 1980
1388 CONNECTION 386 475 -1 -1 4020 4020
1389 CONNECTION 386 175 -1 -1 2940 2940
1390 CONNECTION 386 292 300 420 4680 4680
1391 CONNECTION 386 126 300 600 5400 5400
1392 CONNECTION 386 57 300 1320 5580 5580
1393 CONNECTION 386 510 300 1320 5580 5580
1394 CONNECTION 386 223 300 1860 7620 7620
1395 CONNECTION 386 455 300 3060 6540 6540
1396 CONNECTION 386 492 300 4020 8280 8280
1397 CONNECTION 386 432 300 4200 9000 9000
1398 CONNECTION 72 73 -1 -1 1980 1980
1399 CONNECTION 72 365 -1 -1 1620 1620
1400 CONNECTION 72 99 -1 -1 3660 3660
1401 CONNECTION 72 124 -1 -1 3300 3300
1402 CONNECTION 72 33 -1 -1 2520 2520
1403 CONNECTION 72 199 -1 -1 4560 4560
1404 CONNECTION 72 149 -1 -1 3420 3420
1405 CONNECTION 72 490 300 420 4440 4440
1406 CONNECTION 72 267 300 540 5460 5460
1407 CONNECTION 72 241 300 1200 4320 4320
1408 CONNECTION 72 405 300 1320 5580 5580
1409 CONNECTION 72 343 300 1440 6360 6360
1410 CONNECTION 72 222 300 1500 5760 5760
1411 CONNECTION 72 317 300 2100 5220 5220
1412 CONNECTION 72 9 300 2340 7260 7260
1413 CONNECTION 72 430 300 2880 6900 6900
1414 CONNECTION 72 367 300 3000 6120 6120
1415 CONNECTION 72 101 300 3240 8160 8160
1416 CONNECTION 72 35 300 3900 7020 7020
1417 CONNECTION 72 293 300 4020 8040 8040
1418 CONNECTION 72 201 300 4140 9060 9060
1419 CONNECTION 72 151 300 4800 7920 7920
1420 SINK 72 2 -1 -1 300 300
1421 CONNECTION 265 316 -1 -1 3420 3420
1422 CONNECTION 265 366 -1 -1 4320 4320
1423 CONNECTION 265 34 -1 -1 5220 5220
1424 CONNECTION 265 150 300 1200 6120 6120
1425 CONNECTION 265 454 300 1200 6000 6000
1426 CONNECTION 265 242 300 2100 7020 7020
1427 CONNECTION 265 318 300 3000 7920 7920
1428 CONNECTION 265 368 300 3900 8820 8820
1429 CONNECTION 265 36 300 4800 9720 9720
1430 CONNECTION 265 177 300 4800 9600 9600
1431 CONNECTION 340 341 -1 -1 2640 2640
1432 CONNECTION 340 315 -1 -1 1500 1500
1433 CONNECTION 340 73 -1 -1 2760 2760
1434 CONNECTION 340 7 -1 -1 3540 3540
1435 CONNECTION 340 474 -1 -1 2940 2940
1436 CONNECTION 340 365 -1 -1 2400 2400
1437 CONNECTION 340 99 -1 -1 4440 4440
1438 CONNECTION 340 124 -1 -1 4080 4080
1439 CONNECTION 340 33 -1 -1 3300 3300
1440 CONNECTION 340 199 300 420 5340 5340
1441 CONNECTION 340 149 300 1080 4200 4200
1442 CONNECTION 340 490 300 1200 5220 5220
1443 CONNECTION 340 267 300 1320 6240 6240
1444 CONNECTION 340 241 300 1980 5100 5100
1445 CONNECTION 340 405 300 2100 6360 6360
1446 CONNECTION 340 343 300 2220 7140 7140
1447 CONNECTION 340 222 300 2280 6540 6540
1448 CONNECTION 340 317 300 2880 6000 6000
1449 CONNECTION 340 9 300 3120 8040 8040
1450 CONNECTION 340 430 300 3660 7680 7680
1451 CONNECTION 340 367 300 3780 6900 6900
1452 CONNECTION 340 101 300 4020 8940 8940
1453 CONNECTION 340 35 300 4680 7800 7800
1454 CONNECTION 340 293 300 4800 8820 8820
1455 SINK 340 2 -1 -1 300 300
1456 CONNECTION 221 74 -1 -1 3420 3420
1457 CONNECTION 221 514 -1 -1 3420 3420
1458 CONNECTION 221 388 300 1020 6780 6780
1459 CONNECTION 221 406 300 2100 7020 7020
1460 CONNECTION 221 58 300 4620 10380 10380
1461 CONNECTION 239 198 -1 -1 2100 2100
1462 CONNECTION 239 266 -1 -1 3000 3000
1463 CONNECTION 239 342 300 780 3900 3900
1464 CONNECTION 239 8 300 1680 4800 4800
1465 CONNECTION 239 100 300 2580 5700 5700
1466 CONNECTION 239 200 300 3480 6600 6600
1467 CONNECTION 239 268 300 4380 7500 7500
1468 CONNECTION 32 33 -1 -1 840 840
1469 CONNECTION 32 149 -1 -1 1740 1740
1470 CONNECTION 32 490 -1 -1 2760 2760
1471 CONNECTION 32 267 -1 -1 3780 3780
1472 CONNECTION 32 241 -1 -1 2640 2640
1473 CONNECTION 32 405 -1 -1 3900 3900
1474 CONNECTION 32 343 -1 -1 4680 4680
1475 CONNECTION 32 222 -1 -1 4080 4080
1476 CONNECTION 32 317 300 420 3540 3540
1477 CONNECTION 32 9 300 660 5580 5580
1478 CONNECTION 32 430 300 1200 5220 5220
1479 CONNECTION 32 367 300 1320 4440 4440
1480 CONNECTION 32 101 300 1560 6480 6480
1481 CONNECTION 32 35 300 2220 5340 5340
1482 CONNECTION 32 293 300 2340 6360 6360
1483 CONNECTION 32 201 300 2460 7380 7380
1484 CONNECTION 32 151 300 3120 6240 6240
1485 CONNECTION 32 76 300 3240 7500 7500
1486 CONNECTION 32 516 300 3240 7500 7500
1487 CONNECTION 32 269 300 3360 8280 8280
1488 CONNECTION 32 476 300 3420 7680 7680
1489 CONNECTION 32 243 300 4020 7140 7140
1490 CONNECTION 32 345 300 4260 9180 9180
1491 CONNECTION 32 127 300 4800 8820 8820
1492 SINK 32 2 -1 -1 300 300
1493 CONNECTION 290 291 -1 -1 2640 2640
1494 CONNECTION 290 404 -1 -1 2760 2760
1495 CONNECTION 290 125 -1 -1 3660 3660
1496 CONNECTION 290 491 300 1320 6240 6240
1497 CONNECTION 290 176 300 1440 5460 5460
1498 CONNECTION 290 75 300 2340 6360 6360
1499 CONNECTION 290 515 300 2340 6360 6360
1500 CONNECTION 290 431 300 3780 7260 7260
1501 CONNECTION 341 366 -1 -1 3420 3420
1502 CONNECTION 341 34 -1 -1 4320 4320
1503 CONNECTION 341 150 -1 -1 5220 5220
1504 CONNECTION 341 454 -1 -1 5100 5100
1505 CONNECTION 341 242 300 1200 6120 6120
1506 CONNECTION 341 318 300 2100 7020 7020
1507 CONNECTION 341 368 300 3000 7920 7920
1508 CONNECTION 341 36 300 3900 8820 8820
1509 CONNECTION 341 177 300 3900 8700 8700
1510 CONNECTION 341 152 300 4800 9720 9720
1511 CONNECTION 403 404 -1 -1 1740 1740
1512 CONNECTION 403 125 -1 -1 2640 2640
1513 CONNECTION 403 491 -1 -1 5220 5220
1514 CONNECTION 403 176 300 420 4440 4440
1515 CONNECTION 403 75 300 1320 5340 5340
1516 CONNECTION 403 515 300 1320 5340 5340
1517 CONNECTION 403 431 300 2760 6240 6240
1518 CONNECTION 403 294 300 3900 8820 8820
1519 CONNECTION 403 456 300 4020 8040 8040
1520 CONNECTION 6 7 -1 -1 2640 2640
1521 CONNECTION 6 365 -1 -1 1500 1500
1522 CONNECTION 6 99 -1 -1 3540 3540
1523 CONNECTION 6 124 -1 -1 3180 3180
1524 CONNECTION 6 33 -1 -1 2400 2400
1525 CONNECTION 6 199 -1 -1 4440 4440
1526 CONNECTION 6 149 -1 -1 3300 3300
1527 CONNECTION 6 490 -1 -1 4320 4320
1528 CONNECTION 6 267 300 420 5340 5340
1529 CONNECTION 6 241 300 1080 4200 4200
1530 CONNECTION 6 405 300 1200 5460 5460
1531 CONNECTION 6 343 300 1320 6240 6240
1532 CONNECTION 6 222 300 1380 5640 5640
1533 CONNECTION 6 317 300 1980 5100 5100
1534 CONNECTION 6 9 300 2220 7140 7140
1535 CONNECTION 6 430 300 2760 6780 6780
1536 CONNECTION 6 367 300 2880 6000 6000
1537 CONNECTION 6 101 300 3120 8040 8040
1538 CONNECTION 6 35 300 3780 6900 6900
1539 CONNECTION 6 293 300 3900 7920 7920
1540 CONNECTION 6 201 300 4020 8940 8940
1541 CONNECTION 6 151 300 4680 7800 7800
1542 CONNECTION 6 76 300 4800 9060 9060
1543 CONNECTION 6 516 300 4800 9060 9060
1544 SINK 6 2 -1 -1 300 300
1545 CONNECTION 428 429 -1 -1 2520 2520
1546 CONNECTION 428 387 -1 -1 2700 2700
1547 CONNECTION 428 475 -1 -1 4740 4740
1548 CONNECTION 428 175 -1 -1 3660 3660
1549 CONNECTION 428 292 300 1140 5400 5400
1550 CONNECTION 428 126 300 1320 6120 6120
1551 CONNECTION 428 57 300 2040 6300 6300
1552 CONNECTION 428 510 300 2040 6300 6300
1553 CONNECTION 428 223 300 2580 8340 8340
1554 CONNECTION 428 455 300 3780 7260 7260
1555 CONNECTION 428 492 300 4740 9000 9000
1556 CONNECTION 452 453 -1 -1 1740 1740
1557 CONNECTION 452 404 -1 -1 2640 2640
1558 CONNECTION 452 125 -1 -1 3540 3540
1559 CONNECTION 452 491 300 1200 6120 6120
1560 CONNECTION 452 176 300 1320 5340 5340
1561 CONNECTION 452 75 300 2220 6240 6240
1562 CONNECTION 452 515 300 2220 6240 6240
1563 CONNECTION 452 431 300 3660 7140 7140
1564 CONNECTION 452 294 300 4800 9720 9720
1565 CONNECTION 315 266 -1 -1 2100 2100
1566 CONNECTION 315 342 -1 -1 3000 3000
1567 CONNECTION 315 8 300 780 3900 3900
1568 CONNECTION 315 100 300 1680 4800 4800
1569 CONNECTION 315 200 300 2580 5700 5700
1570 CONNECTION 315 268 300 3480 6600 6600
1571 CONNECTION 315 344 300 4380 7500 7500
1572 CONNECTION 148 149 -1 -1 840 840
1573 CONNECTION 148 241 -1 -1 1740 1740
1574 CONNECTION 148 405 -1 -1 3000 3000
1575 CONNECTION 148 343 -1 -1 3780 3780
1576 CONNECTION 148 222 -1 -1 3180 3180
1577 CONNECTION 148 317 -1 -1 2640 2640
1578 CONNECTION 148 9 -1 -1 4680 4680
1579 CONNECTION 148 430 -1 -1 4320 4320
1580 CONNECTION 148 367 300 420 3540 3540
1581 CONNECTION 148 101 300 660 5580 5580
1582 CONNECTION 148 35 300 1320 4440 4440
1583 CONNECTION 148 293 300 1440 5460 5460
1584 CONNECTION 148 201 300 1560 6480 6480
1585 CONNECTION 148 151 300 2220 5340 5340
1586 CONNECTION 148 76 300 2340 6600 6600
1587 CONNECTION 148 516 300 2340 6600 6600
1588 CONNECTION 148 269 300 2460 7380 7380
1589 CONNECTION 148 476 300 2520 6780 6780
1590 CONNECTION 148 243 300 3120 6240 6240
1591 CONNECTION 148 345 300 3360 8280 8280
1592 CONNECTION 148 127 300 3900 7920 7920
1593 CONNECTION 148 319 300 4020 7140 7140
1594 CONNECTION 148 11 300 4260 9180 9180
1595 SINK 148 2 -1 -1 300 300
1596 CONNECTION 73 175 -1 -1 2580 2580
1597 CONNECTION 73 292 -1 -1 4320 4320
1598 CONNECTION 73 126 -1 -1 5040 5040
1599 CONNECTION 73 57 300 960 5220 5220
1600 CONNECTION 73 510 300 960 5220 5220
1601 CONNECTION 73 223 300 1500 7260 7260
1602 CONNECTION 73 455 300 2700 6180 6180
1603 CONNECTION 73 492 300 3660 7920 7920
1604 CONNECTION 73 432 300 3840 8640 8640
1605 CONNECTION 73 389 300 4560 8820 8820
1606 CONNECTION 7 34 -1 -1 3420 3420
1607 CONNECTION 7 150 -1 -1 4320 4320
1608 CONNECTION 7 454 -1 -1 4200 4200
1609 CONNECTION 7 242 -1 -1 5220 5220
1610 CONNECTION 7 318 300 1200 6120 6120
1611 CONNECTION 7 368 300 2100 7020 7020
1612 CONNECTION 7 36 300 3000 7920 7920
1613 CONNECTION 7 177 300 3000 7800 7800
1614 CONNECTION 7 152 300 3900 8820 8820
1615 CONNECTION 7 244 300 4800 9720 9720
1616 CONNECTION 98 99 -1 -1 2640 2640
1617 CONNECTION 98 124 -1 -1 2280 2280
1618 CONNECTION 98 33 -1 -1 1500 1500
1619 CONNECTION 98 199 -1 -1 3540 3540
1620 CONNECTION 98 149 -1 -1 2400 2400
1621 CONNECTION 98 490 -1 -1 3420 3420
1622 CONNECTION 98 267 -1 -1 4440 4440
1623 CONNECTION 98 241 -1 -1 3300 3300
1624 CONNECTION 98 405 -1 -1 4560 4560
1625 CONNECTION 98 343 300 420 5340 5340
1626 CONNECTION 98 222 300 480 4740 4740
1627 CONNECTION 98 317 300 1080 4200 4200
1628 CONNECTION 98 9 300 1320 6240 6240
1629 CONNECTION 98 430 300 1860 5880 5880
1630 CONNECTION 98 367 300 1980 5100 5100
1631 CONNECTION 98 101 300 2220 7140 7140
1632 CONNECTION 98 35 300 2880 6000 6000
1633 CONNECTION 98 293 300 3000 7020 7020
1634 CONNECTION 98 201 300 3120 8040 8040
1635 CONNECTION 98 151 300 3780 6900 6900
1636 CONNECTION 98 76 300 3900 8160 8160
1637 CONNECTION 98 516 300 3900 8160 8160
1638 CONNECTION 98 269 300 4020 8940 8940
1639 CONNECTION 98 476 300 4080 8340 8340
1640 CONNECTION 98 243 300 4680 7800 7800
1641 SINK 98 2 -1 -1 300 300
1642 CONNECTION 474 475 -1 -1 3480 3480
1643 CONNECTION 474 175 -1 -1 2400 2400
1644 CONNECTION 474 292 -1 -1 4140 4140
1645 CONNECTION 474 126 -1 -1 4860 4860
1646 CONNECTION 474 57 300 780 5040 5040
1647 CONNECTION 474 510 300 780 5040 5040
1648 CONNECTION 474 223 300 1320 7080 7080
1649 CONNECTION 474 455 300 2520 6000 6000
1650 CONNECTION 474 492 300 3480 7740 7740
1651 CONNECTION 474 432 300 3660 8460 8460
1652 CONNECTION 474 389 300 4380 8640 8640
1653 CONNECTION 489 490 -1 -1 1740 1740
1654 CONNECTION 489 241 -1 -1 1620 1620
1655 CONNECTION 489 405 -1 -1 2880 2880
1656 CONNECTION 489 343 -1 -1 3660 3660
1657 CONNECTION 489 222 -1 -1 3060 3060
1658 CONNECTION 489 317 -1 -1 2520 2520
1659 CONNECTION 489 9 -1 -1 4560 4560
1660 CONNECTION 489 430 -1 -1 4200 4200
1661 CONNECTION 489 367 -1 -1 3420 3420
1662 CONNECTION 489 101 300 540 5460 5460
1663 CONNECTION 489 35 300 1200 4320 4320
1664 CONNECTION 489 293 300 1320 5340 5340
1665 CONNECTION 489 201 300 1440 6360 6360
1666 CONNECTION 489 151 300 2100 5220 5220
1667 CONNECTION 489 76 300 2220 6480 6480
1668 CONNECTION 489 516 300 2220 6480 6480
1669 CONNECTION 489 269 300 2340 7260 7260
1670 CONNECTION 489 476 300 2400 6660 6660
1671 CONNECTION 489 243 300 3000 6120 6120
1672 CONNECTION 489 345 300 3240 8160 8160
1673 CONNECTION 489 127 300 3780 7800 7800
1674 CONNECTION 489 319 300 3900 7020 7020
1675 CONNECTION 489 11 300 4140 9060 9060
1676 CONNECTION 489 369 300 4800 7920 7920
1677 SINK 489 2 -1 -1 300 300
1678 CONNECTION 365 342 -1 -1 2100 2100
1679 CONNECTION 365 8 -1 -1 3000 3000
1680 CONNECTION 365 100 300 780 3900 3900
1681 CONNECTION 365 200 300 1680 4800 4800
1682 CONNECTION 365 268 300 2580 5700 5700
1683 CONNECTION 365 344 300 3480 6600 6600
1684 CONNECTION 365 10 300 4380 7500 7500
1685 CONNECTION 174 175 -1 -1 1200 1200
1686 CONNECTION 174 292 -1 -1 2940 2940
1687 CONNECTION 174 126 -1 -1 3660 3660
1688 CONNECTION 174 57 -1 -1 3840 3840
1689 CONNECTION 174 510 -1 -1 3840 3840
1690 CONNECTION 174 223 -1 -1 5880 5880
1691 CONNECTION 174 455 300 1320 4800 4800
1692 CONNECTION 174 492 300 2280 6540 6540
1693 CONNECTION 174 432 300 2460 7260 7260
1694 CONNECTION 174 389 300 3180 7440 7440
1695 CONNECTION 174 477 300 3720 9480 9480
1696 CONNECTION 240 241 -1 -1 840 840
1697 CONNECTION 240 317 -1 -1 1740 1740
1698 CONNECTION 240 9 -1 -1 3780 3780
1699 CONNECTION 240 430 -1 -1 3420 3420
1700 CONNECTION 240 367 -1 -1 2640 2640
1701 CONNECTION 240 101 -1 -1 4680 4680
1702 CONNECTION 240 35 300 420 3540 3540
1703 CONNECTION 240 293 300 540 4560 4560
1704 CONNECTION 240 201 300 660 5580 5580
1705 CONNECTION 240 151 300 1320 4440 4440
1706 CONNECTION 240 76 300 1440 5700 5700
1707 CONNECTION 240 516 300 1440 5700 5700
1708 CONNECTION 240 269 300 1560 6480 6480
1709 CONNECTION 240 476 300 1620 5880 5880
1710 CONNECTION 240 243 300 2220 5340 5340
1711 CONNECTION 240 345 300 2460 7380 7380
1712 CONNECTION 240 127 300 3000 7020 7020
1713 CONNECTION 240 319 300 3120 6240 6240
1714 CONNECTION 240 11 300 3360 8280 8280
1715 CONNECTION 240 369 300 4020 7140 7140
1716 CONNECTION 240 493 300 4140 8160 8160
1717 CONNECTION 240 103 300 4260 9180 9180
1718 SINK 240 2 -1 -1 300 300
1719 CONNECTION 291 388 -1 -1 5340 5340
1720 CONNECTION 291 406 300 660 5580 5580
1721 CONNECTION 291 58 300 3180 8940 8940
1722 CONNECTION 291 77 300 4260 9180 9180
1723 CONNECTION 429 150 -1 -1 3660 3660
1724 CONNECTION 429 454 -1 -1 3540 3540
1725 CONNECTION 429 242 -1 -1 4560 4560
1726 CONNECTION 429 318 300 540 5460 5460
1727 CONNECTION 429 368 300 1440 6360 6360
1728 CONNECTION 429 36 300 2340 7260 7260
1729 CONNECTION 429 177 300 2340 7140 7140
1730 CONNECTION 429 152 300 3240 8160 8160
1731 CONNECTION 429 244 300 4140 9060 9060
1732 CONNECTION 453 241 -1 -1 1620 1620
1733 CONNECTION 453 405 -1 -1 2880 2880
1734 CONNECTION 453 343 -1 -1 3660 3660
1735 CONNECTION 453 222 -1 -1 3060 3060
1736 CONNECTION 453 317 -1 -1 2520 2520
1737 CONNECTION 453 9 -1 -1 4560 4560
1738 CONNECTION 453 430 -1 -1 4200 4200
1739 CONNECTION 453 367 -1 -1 3420 3420
1740 CONNECTION 453 101 300 540 5460 5460
1741 CONNECTION 453 35 300 1200 4320 4320
1742 CONNECTION 453 293 300 1320 5340 5340
1743 CONNECTION 453 201 300 1440 6360 6360
1744 CONNECTION 453 151 300 2100 5220 5220
1745 CONNECTION 453 76 300 2220 6480 6480
1746 CONNECTION 453 516 300 2220 6480 6480
1747 CONNECTION 453 269 300 2340 7260 7260
1748 CONNECTION 453 476 300 2400 6660 6660
1749 CONNECTION 453 243 300 3000 6120 6120
1750 CONNECTION 453 345 300 3240 8160 8160
1751 CONNECTION 453 127 300 3780 7800 7800
1752 CONNECTION 453 319 300 3900 7020 7020
1753 CONNECTION 453 11 300 4140 9060 9060
1754 CONNECTION 453 369 300 4800 7920 7920
1755 SINK 453 2 -1 -1 300 300
1756 CONNECTION 99 150 -1 -1 3420 3420
1757 CONNECTION 99 454 -1 -1 3300 3300
1758 CONNECTION 99 242 -1 -1 4320 4320
1759 CONNECTION 99 318 -1 -1 5220 5220
1760 CONNECTION 99 368 300 1200 6120 6120
1761 CONNECTION 99 36 300 2100 7020 7020
1762 CONNECTION 99 177 300 2100 6900 6900
1763 CONNECTION 99 152 300 3000 7920 7920
1764 CONNECTION 99 244 300 3900 8820 8820
1765 CONNECTION 99 320 300 4800 9720 9720
1766 CONNECTION 198 199 -1 -1 2640 2640
1767 CONNECTION 198 149 -1 -1 1500 1500
1768 CONNECTION 198 490 -1 -1 2520 2520
1769 CONNECTION 198 267 -1 -1 3540 3540
1770 CONNECTION 198 241 -1 -1 2400 2400
1771 CONNECTION 198 405 -1 -1 3660 3660
1772 CONNECTION 198 343 -1 -1 4440 4440
1773 CONNECTION 198 222 -1 -1 3840 3840
1774 CONNECTION 198 317 -1 -1 3300 3300
1775 CONNECTION 198 9 300 420 5340 5340
1776 CONNECTION 198 430 300 960 4980 4980
1777 CONNECTION 198 367 300 1080 4200 4200
1778 CONNECTION 198 101 300 1320 6240 6240
1779 CONNECTION 198 35 300 1980 5100 5100
1780 CONNECTION 198 293 300 2100 6120 6120
1781 CONNECTION 198 201 300 2220 7140 7140
1782 CONNECTION 198 151 300 2880 6000 6000
1783 CONNECTION 198 76 300 3000 7260 7260
1784 CONNECTION 198 516 300 3000 7260 7260
1785 CONNECTION 198 269 300 3120 8040 8040
1786 CONNECTION 198 476 300 3180 7440 7440
1787 CONNECTION 198 243 300 3780 6900 6900
1788 CONNECTION 198 345 300 4020 8940 8940
1789 CONNECTION 198 127 300 4560 8580 8580
1790 CONNECTION 198 319 300 4680 7800 7800
1791 SINK 198 2 -1 -1 300 300
1792 CONNECTION 124 125 -1 -1 1200 1200
1793 CONNECTION 124 491 -1 -1 3780 3780
1794 CONNECTION 124 176 -1 -1 3000 3000
1795 CONNECTION 124 75 -1 -1 3900 3900
1796 CONNECTION 124 515 -1 -1 3900 3900
1797 CONNECTION 124 431 300 1320 4800 4800
1798 CONNECTION 124 294 300 2460 7380 7380
1799 CONNECTION 124 456 300 2580 6600 6600
1800 CONNECTION 124 407 300 3480 7500 7500
1801 CONNECTION 387 317 -1 -1 1620 1620
1802 CONNECTION 387 9 -1 -1 3660 3660
1803 CONNECTION 387 430 -1 -1 3300 3300
1804 CONNECTION 387 367 -1 -1 2520 2520
1805 CONNECTION 387 101 -1 -1 4560 4560
1806 CONNECTION 387 35 -1 -1 3420 3420
1807 CONNECTION 387 293 300 420 4440 4440
1808 CONNECTION 387 201 300 540 5460 5460
1809 CONNECTION 387 151 300 1200 4320 4320
1810 CONNECTION 387 76 300 1320 5580 5580
1811 CONNECTION 387 516 300 1320 5580 5580
1812 CONNECTION 387 269 300 1440 6360 6360
1813 CONNECTION 387 476 300 1500 5760 5760
1814 CONNECTION 387 243 300 2100 5220 5220
1815 CONNECTION 387 345 300 2340 7260 7260
1816 CONNECTION 387 127 300 2880 6900 6900
1817 CONNECTION 387 319 300 3000 6120 6120
1818 CONNECTION 387 11 300 3240 8160 8160
1819 CONNECTION 387 369 300 3900 7020 7020
1820 CONNECTION 387 493 300 4020 8040 8040
1821 CONNECTION 387 103 300 4140 9060 9060
1822 CONNECTION 387 37 300 4800 7920 7920
1823 SINK 387 2 -1 -1 300 300
1824 CONNECTION 33 8 -1 -1 2100 2100
1825 CONNECTION 33 100 -1 -1 3000 3000
1826 CONNECTION 33 200 300 780 3900 3900
1827 CONNECTION 33 268 300 1680 4800 4800
1828 CONNECTION 33 344 300 2580 5700 5700
1829 CONNECTION 33 10 300 3480 6600 6600
1830 CONNECTION 33 102 300 4380 7500 7500
1831 CONNECTION 56 57 -1 -1 1980 1980
1832 CONNECTION 56 223 -1 -1 4020 4020
1833 CONNECTION 56 455 -1 -1 2940 2940
1834 CONNECTION 56 492 300 420 4680 4680
1835 CONNECTION 56 432 300 600 5400 5400
1836 CONNECTION 56 389 300 1320 5580 5580
1837 CONNECTION 56 477 300 1860 7620 7620
1838 CONNECTION 56 178 300 3060 6540 6540
1839 CONNECTION 56 295 300 4020 8280 8280
1840 CONNECTION 56 129 300 4200 9000 9000
1841 CONNECTION 316 317 -1 -1 840 840
1842 CONNECTION 316 430 -1 -1 2520 2520
1843 CONNECTION 316 367 -1 -1 1740 1740
1844 CONNECTION 316 101 -1 -1 3780 3780
1845 CONNECTION 316 35 -1 -1 2640 2640
1846 CONNECTION 316 293 -1 -1 3660 3660
1847 CONNECTION 316 201 -1 -1 4680 4680
1848 CONNECTION 316 151 300 420 3540 3540
1849 CONNECTION 316 76 300 540 4800 4800
1850 CONNECTION 316 516 300 540 4800 4800
1851 CONNECTION 316 269 300 660 5580 5580
1852 CONNECTION 316 476 300 720 4980 4980
1853 CONNECTION 316 243 300 1320 4440 4440
1854 CONNECTION 316 345 300 1560 6480 6480
1855 CONNECTION 316 127 300 2100 6120 6120
1856 CONNECTION 316 319 300 2220 5340 5340
1857 CONNECTION 316 11 300 2460 7380 7380
1858 CONNECTION 316 369 300 3120 6240 6240
1859 CONNECTION 316 493 300 3240 7260 7260
1860 CONNECTION 316 103 300 3360 8280 8280
1861 CONNECTION 316 37 300 4020 7140 7140
1862 CONNECTION 316 408 300 4140 8400 8400
1863 CONNECTION 316 203 300 4260 9180 9180
1864 CONNECTION 316 224 300 4320 8580 8580
1865 SINK 316 2 -1 -1 300 300
1866 CONNECTION 509 510 -1 -1 1980 1980
1867 CONNECTION 509 223 -1 -1 4020 4020
1868 CONNECTION 509 455 -1 -1 2940 2940
1869 CONNECTION 509 492 300 420 4680 4680
1870 CONNECTION 509 432 300 600 5400 5400
1871 CONNECTION 509 389 300 1320 5580 5580
1872 CONNECTION 509 477 300 1860 7620 7620
1873 CONNECTION 509 178 300 3060 6540 6540
1874 CONNECTION 509 295 300 4020 8280 8280
1875 CONNECTION 509 129 300 4200 9000 9000
1876 CONNECTION 404 405 -1 -1 1980 1980
1877 CONNECTION 404 317 -1 -1 1620 1620
1878 CONNECTION 404 9 -1 -1 3660 3660
1879 CONNECTION 404 430 -1 -1 3300 3300
1880 CONNECTION 404 367 -1 -1 2520 2520
1881 CONNECTION 404 101 -1 -1 4560 4560
1882 CONNECTION 404 35 -1 -1 3420 3420
1883 CONNECTION 404 293 300 420 4440 4440
1884 CONNECTION 404 201 300 540 5460 5460
1885 CONNECTION 404 151 300 1200 4320 4320
1886 CONNECTION 404 76 300 1320 5580 5580
1887 CONNECTION 404 516 300 1320 5580 5580
1888 CONNECTION 404 269 300 1440 6360 6360
1889 CONNECTION 404 476 300 1500 5760 5760
1890 CONNECTION 404 243 300 2100 5220 5220
1891 CONNECTION 404 345 300 2340 7260 7260
1892 CONNECTION 404 127 300 2880 6900 6900
1893 CONNECTION 404 319 300 3000 6120 6120
1894 CONNECTION 404 11 300 3240 8160 8160
1895 CONNECTION 404 369 300 3900 7020 7020
1896 CONNECTION 404 493 300 4020 8040 8040
1897 CONNECTION 404 103 300 4140 9060 9060
1898 CONNECTION 404 37 300 4800 7920 7920
1899 SINK 404 2 -1 -1 300 300
1900 CONNECTION 199 242 -1 -1 3420 3420
1901 CONNECTION 199 318 -1 -1 4320 4320
1902 CONNECTION 199 368 -1 -1 5220 5220
1903 CONNECTION 199 36 300 1200 6120 6120
1904 CONNECTION 199 177 300 1200 6000 6000
1905 CONNECTION 199 152 300 2100 7020 7020
1906 CONNECTION 199 244 300 3000 7920 7920
1907 CONNECTION 199 320 300 3900 8820 8820
1908 CONNECTION 199 370 300 4800 9720 9720
1909 CONNECTION 199 457 300 4800 9600 9600
1910 CONNECTION 266 267 -1 -1 2640 2640
1911 CONNECTION 266 241 -1 -1 1500 1500
1912 CONNECTION 266 405 -1 -1 2760 2760
1913 CONNECTION 266 343 -1 -1 3540 3540
1914 CONNECTION 266 222 -1 -1 2940 2940
1915 CONNECTION 266 317 -1 -1 2400 2400
1916 CONNECTION 266 9 -1 -1 4440 4440
1917 CONNECTION 266 430 -1 -1 4080 4080
1918 CONNECTION 266 367 -1 -1 3300 3300
1919 CONNECTION 266 101 300 420 5340 5340
1920 CONNECTION 266 35 300 1080 4200 4200
1921 CONNECTION 266 293 300 1200 5220 5220
1922 CONNECTION 266 201 300 1320 6240 6240
1923 CONNECTION 266 151 300 1980 5100 5100
1924 CONNECTION 266 76 300 2100 6360 6360
1925 CONNECTION 266 516 300 2100 6360 6360
1926 CONNECTION 266 269 300 2220 7140 7140
1927 CONNECTION 266 476 300 2280 6540 6540
1928 CONNECTION 266 243 300 2880 6000 6000
1929 CONNECTION 266 345 300 3120 8040 8040
1930 CONNECTION 266 127 300 3660 7680 7680
1931 CONNECTION 266 319 300 3780 6900 6900
1932 CONNECTION 266 11 300 4020 8940 8940
1933 CONNECTION 266 369 300 4680 7800 7800
1934 CONNECTION 266 493 300 4800 8820 8820
1935 SINK 266 2 -1 -1 300 300
1936 CONNECTION 475 406 -1 -1 3420 3420
1937 CONNECTION 475 58 300 1020 6780 6780
1938 CONNECTION 475 77 300 2100 7020 7020
1939 CONNECTION 475 390 300 4620 10380 10380
1940 CONNECTION 149 100 -1 -1 2100 2100
1941 CONNECTION 149 200 -1 -1 3000 3000
1942 CONNECTION 149 268 300 780 3900 3900
1943 CONNECTION 149 344 300 1680 4800 4800
1944 CONNECTION 149 10 300 2580 5700 5700
1945 CONNECTION 149 102 300 3480 6600 6600
1946 CONNECTION 149 202 300 4380 7500 7500
1947 CONNECTION 366 367 -1 -1 840 840
1948 CONNECTION 366 35 -1 -1 1740 1740
1949 CONNECTION 366 293 -1 -1 2760 2760
1950 CONNECTION 366 201 -1 -1 3780 3780
1951 CONNECTION 366 151 -1 -1 2640 2640
1952 CONNECTION 366 76 -1 -1 3900 3900
1953 CONNECTION 366 516 -1 -1 3900 3900
1954 CONNECTION 366 269 -1 -1 4680 4680
1955 CONNECTION 366 476 -1 -1 4080 4080
1956 CONNECTION 366 243 300 420 3540 3540
1957 CONNECTION 366 345 300 660 5580 5580
1958 CONNECTION 366 127 300 1200 5220 5220
1959 CONNECTION 366 319 300 1320 4440 4440
1960 CONNECTION 366 11 300 1560 6480 6480
1961 CONNECTION 366 369 300 2220 5340 5340
1962 CONNECTION 366 493 300 2340 6360 6360
1963 CONNECTION 366 103 300 2460 7380 7380
1964 CONNECTION 366 37 300 3120 6240 6240
1965 CONNECTION 366 408 300 3240 7500 7500
1966 CONNECTION 366 203 300 3360 8280 8280
1967 CONNECTION 366 224 300 3420 7680 7680
1968 CONNECTION 366 153 300 4020 7140 7140
1969 CONNECTION 366 271 300 4260 9180 9180
1970 CONNECTION 366 433 300 4800 8820 8820
1971 SINK 366 2 -1 -1 300 300
1972 CONNECTION 490 491 -1 -1 2640 2640
1973 CONNECTION 490 75 -1 -1 2760 2760
1974 CONNECTION 490 515 -1 -1 2760 2760
1975 CONNECTION 490 431 -1 -1 3660 3660
1976 CONNECTION 490 294 300 1320 6240 6240
1977 CONNECTION 490 456 300 1440 5460 5460
1978 CONNECTION 490 407 300 2340 6360 6360
1979 CONNECTION 490 128 300 3780 7260 7260
1980 CONNECTION 74 75 -1 -1 1740 1740
1981 CONNECTION 74 431 -1 -1 2640 2640
1982 CONNECTION 74 294 -1 -1 5220 5220
1983 CONNECTION 74 456 300 420 4440 4440
1984 CONNECTION 74 407 300 1320 5340 5340
1985 CONNECTION 74 128 300 2760 6240 6240
1986 CONNECTION 74 494 300 3900 8820 8820
1987 CONNECTION 74 179 300 4020 8040 8040
1988 CONNECTION 267 318 -1 -1 3420 3420
1989 CONNECTION 267 368 -1 -1 4320 4320
1990 CONNECTION 267 36 -1 -1 5220 5220
1991 CONNECTION 267 177 -1 -1 5100 5100
1992 CONNECTION 267 152 300 1200 6120 6120
1993 CONNECTION 267 244 300 2100 7020 7020
1994 CONNECTION 267 320 300 3000 7920 7920
1995 CONNECTION 267 370 300 3900 8820 8820
1996 CONNECTION 267 457 300 3900 8700 8700
1997 CONNECTION 267 38 300 4800 9720 9720
1998 CONNECTION 514 515 -1 -1 1740 1740
1999 CONNECTION 514 431 -1 -1 2640 2640
2000 CONNECTION 514 294 -1 -1 5220 5220
2001 CONNECTION 514 456 300 420 4440 4440
2002 CONNECTION 514 407 300 1320 5340 5340
2003 CONNECTION 514 128 300 2760 6240 6240
2004 CONNECTION 514 494 300 3900 8820 8820
2005 CONNECTION 514 179 300 4020 8040 8040
2006 CONNECTION 342 343 -1 -1 2640 2640
2007 CONNECTION 342 317 -1 -1 1500 1500
2008 CONNECTION 342 9 -1 -1 3540 3540
2009 CONNECTION 342 430 -1 -1 3180 3180
2010 CONNECTION 342 367 -1 -1 2400 2400
2011 CONNECTION 342 101 -1 -1 4440 4440
2012 CONNECTION 342 35 -1 -1 3300 3300
2013 CONNECTION 342 293 -1 -1 4320 4320
2014 CONNECTION 342 201 300 420 5340 5340
2015 CONNECTION 342 151 300 1080 4200 4200
2016 CONNECTION 342 76 300 1200 5460 5460
2017 CONNECTION 342 516 300 1200 5460 5460
2018 CONNECTION 342 269 300 1320 6240 6240
2019 CONNECTION 342 476 300 1380 5640 5640
2020 CONNECTION 342 243 300 1980 5100 5100
2021 CONNECTION 342 345 300 2220 7140 7140
2022 CONNECTION 342 127 300 2760 6780 6780
2023 CONNECTION 342 319 300 2880 6000 6000
2024 CONNECTION 342 11 300 3120 8040 8040
2025 CONNECTION 342 369 300 3780 6900 6900
2026 CONNECTION 342 493 300 3900 7920 7920
2027 CONNECTION 342 103 300 4020 8940 8940
2028 CONNECTION 342 37 300 4680 7800 7800
2029 CONNECTION 342 408 300 4800 9060 9060
2030 SINK 342 2 -1 -1 300 300
2031 CONNECTION 125 126 -1 -1 2520 2520
2032 CONNECTION 125 57 -1 -1 2700 2700
2033 CONNECTION 125 510 -1 -1 2700 2700
2034 CONNECTION 125 223 -1 -1 4740 4740
2035 CONNECTION 125 455 -1 -1 3660 3660
2036 CONNECTION 125 492 300 1140 5400 5400
2037 CONNECTION 125 432 300 1320 6120 6120
2038 CONNECTION 125 389 300 2040 6300 6300
2039 CONNECTION 125 477 300 2580 8340 8340
2040 CONNECTION 125 178 300 3780 7260 7260
2041 CONNECTION 125 295 300 4740 9000 9000
2042 CONNECTION 175 176 -1 -1 1740 1740
2043 CONNECTION 175 75 -1 -1 2640 2640
2044 CONNECTION 175 515 -1 -1 2640 2640
2045 CONNECTION 175 431 -1 -1 3540 3540
2046 CONNECTION 175 294 300 1200 6120 6120
2047 CONNECTION 175 456 300 1320 5340 5340
2048 CONNECTION 175 407 300 2220 6240 6240
2049 CONNECTION 175 128 300 3660 7140 7140
2050 CONNECTION 175 494 300 4800 9720 9720
2051 CONNECTION 241 200 -1 -1 2100 2100
2052 CONNECTION 241 268 -1 -1 3000 3000
2053 CONNECTION 241 344 300 780 3900 3900
2054 CONNECTION 241 10 300 1680 4800 4800
2055 CONNECTION 241 102 300 2580 5700 5700
2056 CONNECTION 241 202 300 3480 6600 6600
2057 CONNECTION 241 270 300 4380 7500 7500
2058 CONNECTION 34 35 -1 -1 840 840
2059 CONNECTION 34 151 -1 -1 1740 1740
2060 CONNECTION 34 76 -1 -1 3000 3000
2061 CONNECTION 34 516 -1 -1 3000 3000
2062 CONNECTION 34 269 -1 -1 3780 3780
2063 CONNECTION 34 476 -1 -1 3180 3180
2064 CONNECTION 34 243 -1 -1 2640 2640
2065 CONNECTION 34 345 -1 -1 4680 4680
2066 CONNECTION 34 127 -1 -1 4320 4320
2067 CONNECTION 34 319 300 420 3540 3540
2068 CONNECTION 34 11 300 660 5580 5580
2069 CONNECTION 34 369 300 1320 4440 4440
2070 CONNECTION 34 493 300 1440 5460 5460
2071 CONNECTION 34 103 300 1560 6480 6480
2072 CONNECTION 34 37 300 2220 5340 5340
2073 CONNECTION 34 408 300 2340 6600 6600
2074 CONNECTION 34 203 300 2460 7380 7380
2075 CONNECTION 34 224 300 2520 6780 6780
2076 CONNECTION 34 153 300 3120 6240 6240
2077 CONNECTION 34 271 300 3360 8280 8280
2078 CONNECTION 34 433 300 3900 7920 7920
2079 CONNECTION 34 245 300 4020 7140 7140
2080 CONNECTION 34 347 300 4260 9180 9180
2081 SINK 34 2 -1 -1 300 300
2082 CONNECTION 405 455 -1 -1 2580 2580
2083 CONNECTION 405 492 -1 -1 4320 4320
2084 CONNECTION 405 432 -1 -1 5040 5040
2085 CONNECTION 405 389 300 960 5220 5220
2086 CONNECTION 405 477 300 1500 7260 7260
2087 CONNECTION 405 178 300 2700 6180 6180
2088 CONNECTION 405 295 300 3660 7920 7920
2089 CONNECTION 405 129 300 3840 8640 8640
2090 CONNECTION 405 59 300 4560 8820 8820
2091 CONNECTION 343 368 -1 -1 3420 3420
2092 CONNECTION 343 36 -1 -1 4320 4320
2093 CONNECTION 343 177 -1 -1 4200 4200
2094 CONNECTION 343 152 -1 -1 5220 5220
2095 CONNECTION 343 244 300 1200 6120 6120
2096 CONNECTION 343 320 300 2100 7020 7020
2097 CONNECTION 343 370 300 3000 7920 7920
2098 CONNECTION 343 457 300 3000 7800 7800
2099 CONNECTION 343 38 300 3900 8820 8820
2100 CONNECTION 343 154 300 4800 9720 9720
2101 CONNECTION 8 9 -1 -1 2640 2640
2102 CONNECTION 8 430 -1 -1 2280 2280
2103 CONNECTION 8 367 -1 -1 1500 1500
2104 CONNECTION 8 101 -1 -1 3540 3540
2105 CONNECTION 8 35 -1 -1 2400 2400
2106 CONNECTION 8 293 -1 -1 3420 3420
2107 CONNECTION 8 201 -1 -1 4440 4440
2108 CONNECTION 8 151 -1 -1 3300 3300
2109 CONNECTION 8 76 -1 -1 4560 4560
2110 CONNECTION 8 516 -1 -1 4560 4560
2111 CONNECTION 8 269 300 420 5340 5340
2112 CONNECTION 8 476 300 480 4740 4740
2113 CONNECTION 8 243 300 1080 4200 4200
2114 CONNECTION 8 345 300 1320 6240 6240
2115 CONNECTION 8 127 300 1860 5880 5880
2116 CONNECTION 8 319 300 1980 5100 5100
2117 CONNECTION 8 11 300 2220 7140 7140
2118 CONNECTION 8 369 300 2880 6000 6000
2119 CONNECTION 8 493 300 3000 7020 7020
2120 CONNECTION 8 103 300 3120 8040 8040
2121 CONNECTION 8 37 300 3780 6900 6900
2122 CONNECTION 8 408 300 3900 8160 8160
2123 CONNECTION 8 203 300 4020 8940 8940
2124 CONNECTION 8 224 300 4080 8340 8340
2125 CONNECTION 8 153 300 4680 7800 7800
2126 SINK 8 2 -1 -1 300 300
2127 CONNECTION 222 223 -1 -1 3480 3480
2128 CONNECTION 222 455 -1 -1 2400 2400
2129 CONNECTION 222 492 -1 -1 4140 4140
2130 CONNECTION 222 432 -1 -1 4860 4860
2131 CONNECTION 222 389 300 780 5040 5040
2132 CONNECTION 222 477 300 1320 7080 7080
2133 CONNECTION 222 178 300 2520 6000 6000
2134 CONNECTION 222 295 300 3480 7740 7740
2135 CONNECTION 222 129 300 3660 8460 8460
2136 CONNECTION 222 59 300 4380 8640 8640
2137 CONNECTION 292 293 -1 -1 1740 1740
2138 CONNECTION 292 151 -1 -1 1620 1620
2139 CONNECTION 292 76 -1 -1 2880 2880
2140 CONNECTION 292 516 -1 -1 2880 2880
2141 CONNECTION 292 269 -1 -1 3660 3660
2142 CONNECTION 292 476 -1 -1 3060 3060
2143 CONNECTION 292 243 -1 -1 2520 2520
2144 CONNECTION 292 345 -1 -1 4560 4560
2145 CONNECTION 292 127 -1 -1 4200 4200
2146 CONNECTION 292 319 -1 -1 3420 3420
2147 CONNECTION 292 11 300 540 5460 5460
2148 CONNECTION 292 369 300 1200 4320 4320
2149 CONNECTION 292 493 300 1320 5340 5340
2150 CONNECTION 292 103 300 1440 6360 6360
2151 CONNECTION 292 37 300 2100 5220 5220
2152 CONNECTION 292 408 300 2220 6480 6480
2153 CONNECTION 292 203 300 2340 7260 7260
2154 CONNECTION 292 224 300 2400 6660 6660
2155 CONNECTION 292 153 300 3000 6120 6120
2156 CONNECTION 292 271 300 3240 8160 8160
2157 CONNECTION 292 433 300 3780 7800 7800
2158 CONNECTION 292 245 300 3900 7020 7020
2159 CONNECTION 292 347 300 4140 9060 9060
2160 CONNECTION 292 321 300 4800 7920 7920
2161 SINK 292 2 -1 -1 300 300
2162 CONNECTION 317 268 -1 -1 2100 2100
2163 CONNECTION 317 344 -1 -1 3000 3000
2164 CONNECTION 317 10 300 780 3900 3900
2165 CONNECTION 317 102 300 1680 4800 4800
2166 CONNECTION 317 202 300 2580 5700 5700
2167 CONNECTION 317 270 300 3480 6600 6600
2168 CONNECTION 317 346 300 4380 7500 7500
2169 CONNECTION 150 151 -1 -1 840 840
2170 CONNECTION 150 243 -1 -1 1740 1740
2171 CONNECTION 150 345 -1 -1 3780 3780
2172 CONNECTION 150 127 -1 -1 3420 3420
2173 CONNECTION 150 319 -1 -1 2640 2640
2174 CONNECTION 150 11 -1 -1 4680 4680
2175 CONNECTION 150 369 300 420 3540 3540
2176 CONNECTION 150 493 300 540 4560 4560
2177 CONNECTION 150 103 300 660 5580 5580
2178 CONNECTION 150 37 300 1320 4440 4440
2179 CONNECTION 150 408 300 1440 5700 5700
2180 CONNECTION 150 203 300 1560 6480 6480
2181 CONNECTION 150 224 300 1620 5880 5880
2182 CONNECTION 150 153 300 2220 5340 5340
2183 CONNECTION 150 271 300 2460 7380 7380
2184 CONNECTION 150 433 300 3000 7020 7020
2185 CONNECTION 150 245 300 3120 6240 6240
2186 CONNECTION 150 347 300 3360 8280 8280
2187 CONNECTION 150 321 300 4020 7140 7140
2188 CONNECTION 150 296 300 4140 8160 8160
2189 CONNECTION 150 13 300 4260 9180 9180
2190 SINK 150 2 -1 -1 300 300
2191 CONNECTION 454 455 -1 -1 1200 1200
2192 CONNECTION 454 492 -1 -1 2940 2940
2193 CONNECTION 454 432 -1 -1 3660 3660
2194 CONNECTION 454 389 -1 -1 3840 3840
2195 CONNECTION 454 477 -1 -1 5880 5880
2196 CONNECTION 454 178 300 1320 4800 4800
2197 CONNECTION 454 295 300 2280 6540 6540
2198 CONNECTION 454 129 300 2460 7260 7260
2199 CONNECTION 454 59 300 3180 7440 7440
2200 CONNECTION 454 225 300 3720 9480 9480
2201 CONNECTION 491 58 -1 -1 5340 5340
2202 CONNECTION 491 77 300 660 5580 5580
2203 CONNECTION 491 390 300 3180 8940 8940
2204 CONNECTION 491 409 300 4260 9180 9180
2205 CONNECTION 126 36 -1 -1 3660 3660
2206 CONNECTION 126 177 -1 -1 3540 3540
2207 CONNECTION 126 152 -1 -1 4560 4560
2208 CONNECTION 126 244 300 540 5460 5460
2209 CONNECTION 126 320 300 1440 6360 6360
2210 CONNECTION 126 370 300 2340 7260 7260
2211 CONNECTION 126 457 300 2340 7140 7140
2212 CONNECTION 126 38 300 3240 8160 8160
2213 CONNECTION 126 154 300 4140 9060 9060
2214 CONNECTION 176 151 -1 -1 1620 1620
2215 CONNECTION 176 76 -1 -1 2880 2880
2216 CONNECTION 176 516 -1 -1 2880 2880
2217 CONNECTION 176 269 -1 -1 3660 3660
2218 CONNECTION 176 476 -1 -1 3060 3060
2219 CONNECTION 176 243 -1 -1 2520 2520
2220 CONNECTION 176 345 -1 -1 4560 4560
2221 CONNECTION 176 127 -1 -1 4200 4200
2222 CONNECTION 176 319 -1 -1 3420 3420
2223 CONNECTION 176 11 300 540 5460 5460
2224 CONNECTION 176 369 300 1200 4320 4320
2225 CONNECTION 176 493 300 1320 5340 5340
2226 CONNECTION 176 103 300 1440 6360 6360
2227 CONNECTION 176 37 300 2100 5220 5220
2228 CONNECTION 176 408 300 2220 6480 6480
2229 CONNECTION 176 203 300 2340 7260 7260
2230 CONNECTION 176 224 300 2400 6660 6660
2231 CONNECTION 176 153 300 3000 6120 6120
2232 CONNECTION 176 271 300 3240 8160 8160
2233 CONNECTION 176 433 300 3780 7800 7800
2234 CONNECTION 176 245 300 3900 7020 7020
2235 CONNECTION 176 347 300 4140 9060 9060
2236 CONNECTION 176 321 300 4800 7920 7920
2237 SINK 176 2 -1 -1 300 300
2238 CONNECTION 9 36 -1 -1 3420 3420
2239 CONNECTION 9 177 -1 -1 3300 3300
2240 CONNECTION 9 152 -1 -1 4320 4320
2241 CONNECTION 9 244 -1 -1 5220 5220
2242 CONNECTION 9 320 300 1200 6120 6120
2243 CONNECTION 9 370 300 2100 7020 7020
2244 CONNECTION 9 457 300 2100 6900 6900
2245 CONNECTION 9 38 300 3000 7920 7920
2246 CONNECTION 9 154 300 3900 8820 8820
2247 CONNECTION 9 246 300 4800 9720 9720
2248 CONNECTION 100 101 -1 -1 2640 2640
2249 CONNECTION 100 35 -1 -1 1500 1500
2250 CONNECTION 100 293 -1 -1 2520 2520
2251 CONNECTION 100 201 -1 -1 3540 3540
2252 CONNECTION 100 151 -1 -1 2400 2400
2253 CONNECTION 100 76 -1 -1 3660 3660
2254 CONNECTION 100 516 -1 -1 3660 3660
2255 CONNECTION 100 269 -1 -1 4440 4440
2256 CONNECTION 100 476 -1 -1 3840 3840
2257 CONNECTION 100 243 -1 -1 3300 3300
2258 CONNECTION 100 345 300 420 5340 5340
2259 CONNECTION 100 127 300 960 4980 4980
2260 CONNECTION 100 319 300 1080 4200 4200
2261 CONNECTION 100 11 300 1320 6240 6240
2262 CONNECTION 100 369 300 1980 5100 5100
2263 CONNECTION 100 493 300 2100 6120 6120
2264 CONNECTION 100 103 300 2220 7140 7140
2265 CONNECTION 100 37 300 2880 6000 6000
2266 CONNECTION 100 408 300 3000 7260 7260
2267 CONNECTION 100 203 300 3120 8040 8040
2268 CONNECTION 100 224 300 3180 7440 7440
2269 CONNECTION 100 153 300 3780 6900 6900
2270 CONNECTION 100 271 300 4020 8940 8940
2271 CONNECTION 100 433 300 4560 8580 8580
2272 CONNECTION 100 245 300 4680 7800 7800
2273 SINK 100 2 -1 -1 300 300
2274 CONNECTION 430 431 -1 -1 1200 1200
2275 CONNECTION 430 294 -1 -1 3780 3780
2276 CONNECTION 430 456 -1 -1 3000 3000
2277 CONNECTION 430 407 -1 -1 3900 3900
2278 CONNECTION 430 128 300 1320 4800 4800
2279 CONNECTION 430 494 300 2460 7380 7380
2280 CONNECTION 430 179 300 2580 6600 6600
2281 CONNECTION 430 78 300 3480 7500 7500
2282 CONNECTION 57 243 -1 -1 1620 1620
2283 CONNECTION 57 345 -1 -1 3660 3660
2284 CONNECTION 57 127 -1 -1 3300 3300
2285 CONNECTION 57 319 -1 -1 2520 2520
2286 CONNECTION 57 11 -1 -1 4560 4560
2287 CONNECTION 57 369 -1 -1 3420 3420
2288 CONNECTION 57 493 300 420 4440 4440
2289 CONNECTION 57 103 300 540 5460 5460
2290 CONNECTION 57 37 300 1200 4320 4320
2291 CONNECTION 57 408 300 1320 5580 5580
2292 CONNECTION 57 203 300 1440 6360 6360
2293 CONNECTION 57 224 300 1500 5760 5760
2294 CONNECTION 57 153 300 2100 5220 5220
2295 CONNECTION 57 271 300 2340 7260 7260
2296 CONNECTION 57 433 300 2880 6900 6900
2297 CONNECTION 57 245 300 3000 6120 6120
2298 CONNECTION 57 347 300 3240 8160 8160
2299 CONNECTION 57 321 300 3900 7020 7020
2300 CONNECTION 57 296 300 4020 8040 8040
2301 CONNECTION 57 13 300 4140 9060 9060
2302 CONNECTION 57 371 300 4800 7920 7920
2303 SINK 57 2 -1 -1 300 300
2304 CONNECTION 510 243 -1 -1 1620 1620
2305 CONNECTION 510 345 -1 -1 3660 3660
2306 CONNECTION 510 127 -1 -1 3300 3300
2307 CONNECTION 510 319 -1 -1 2520 2520
2308 CONNECTION 510 11 -1 -1 4560 4560
2309 CONNECTION 510 369 -1 -1 3420 3420
2310 CONNECTION 510 493 300 420 4440 4440
2311 CONNECTION 510 103 300 540 5460 5460
2312 CONNECTION 510 37 300 1200 4320 4320
2313 CONNECTION 510 408 300 1320 5580 5580
2314 CONNECTION 510 203 300 1440 6360 6360
2315 CONNECTION 510 224 300 1500 5760 5760
2316 CONNECTION 510 153 300 2100 5220 5220
2317 CONNECTION 510 271 300 2340 7260 7260
2318 CONNECTION 510 433 300 2880 6900 6900
2319 CONNECTION 510 245 300 3000 6120 6120
2320 CONNECTION 510 347 300 3240 8160 8160
2321 CONNECTION 510 321 300 3900 7020 7020
2322 CONNECTION 510 296 300 4020 8040 8040
2323 CONNECTION 510 13 300 4140 9060 9060
2324 CONNECTION 510 371 300 4800 7920 7920
2325 SINK 510 2 -1 -1 300 300
2326 CONNECTION 367 344 -1 -1 2100 2100
2327 CONNECTION 367 10 -1 -1 3000 3000
2328 CONNECTION 367 102 300 780 3900 3900
2329 CONNECTION 367 202 300 1680 4800 4800
2330 CONNECTION 367 270 300 2580 5700 5700
2331 CONNECTION 367 346 300 3480 6600 6600
2332 CONNECTION 367 12 300 4380 7500 7500
2333 CONNECTION 242 243 -1 -1 840 840
2334 CONNECTION 242 127 -1 -1 2520 2520
2335 CONNECTION 242 319 -1 -1 1740 1740
2336 CONNECTION 242 11 -1 -1 3780 3780
2337 CONNECTION 242 369 -1 -1 2640 2640
2338 CONNECTION 242 493 -1 -1 3660 3660
2339 CONNECTION 242 103 -1 -1 4680 4680
2340 CONNECTION 242 37 300 420 3540 3540
2341 CONNECTION 242 408 300 540 4800 4800
2342 CONNECTION 242 203 300 660 5580 5580
2343 CONNECTION 242 224 300 720 4980 4980
2344 CONNECTION 242 153 300 1320 4440 4440
2345 CONNECTION 242 271 300 1560 6480 6480
2346 CONNECTION 242 433 300 2100 6120 6120
2347 CONNECTION 242 245 300 2220 5340 5340
2348 CONNECTION 242 347 300 2460 7380 7380
2349 CONNECTION 242 321 300 3120 6240 6240
2350 CONNECTION 242 296 300 3240 7260 7260
2351 CONNECTION 242 13 300 3360 8280 8280
2352 CONNECTION 242 371 300 4020 7140 7140
2353 CONNECTION 242 79 300 4140 8400 8400
2354 CONNECTION 242 105 300 4260 9180 9180
2355 CONNECTION 242 478 300 4320 8580 8580
2356 SINK 242 2 -1 -1 300 300
2357 CONNECTION 388 389 -1 -1 1980 1980
2358 CONNECTION 388 477 -1 -1 4020 4020
2359 CONNECTION 388 178 -1 -1 2940 2940
2360 CONNECTION 388 295 300 420 4680 4680
2361 CONNECTION 388 129 300 600 5400 5400
2362 CONNECTION 388 59 300 1320 5580 5580
2363 CONNECTION 388 225 300 1860 7620 7620
2364 CONNECTION 388 458 300 3060 6540 6540
2365 CONNECTION 388 495 300 4020 8280 8280
2366 CONNECTION 388 435 300 4200 9000 9000
2367 CONNECTION 75 76 -1 -1 1980 1980
2368 CONNECTION 75 243 -1 -1 1620 1620
2369 CONNECTION 75 345 -1 -1 3660 3660
2370 CONNECTION 75 127 -1 -1 3300 3300
2371 CONNECTION 75 319 -1 -1 2520 2520
2372 CONNECTION 75 11 -1 -1 4560 4560
2373 CONNECTION 75 369 -1 -1 3420 3420
2374 CONNECTION 75 493 300 420 4440 4440
2375 CONNECTION 75 103 300 540 5460 5460
2376 CONNECTION 75 37 300 1200 4320 4320
2377 CONNECTION 75 408 300 1320 5580 5580
2378 CONNECTION 75 203 300 1440 6360 6360
2379 CONNECTION 75 224 300 1500 5760 5760
2380 CONNECTION 75 153 300 2100 5220 5220
2381 CONNECTION 75 271 300 2340 7260 7260
2382 CONNECTION 75 433 300 2880 6900 6900
2383 CONNECTION 75 245 300 3000 6120 6120
2384 CONNECTION 75 347 300 3240 8160 8160
2385 CONNECTION 75 321 300 3900 7020 7020
2386 CONNECTION 75 296 300 4020 8040 8040
2387 CONNECTION 75 13 300 4140 9060 9060
2388 CONNECTION 75 371 300 4800 7920 7920
2389 SINK 75 2 -1 -1 300 300
2390 CONNECTION 515 516 -1 -1 1980 1980
2391 CONNECTION 515 243 -1 -1 1620 1620
2392 CONNECTION 515 345 -1 -1 3660 3660
2393 CONNECTION 515 127 -1 -1 3300 3300
2394 CONNECTION 515 319 -1 -1 2520 2520
2395 CONNECTION 515 11 -1 -1 4560 4560
2396 CONNECTION 515 369 -1 -1 3420 3420
2397 CONNECTION 515 493 300 420 4440 4440
2398 CONNECTION 515 103 300 540 5460 5460
2399 CONNECTION 515 37 300 1200 4320 4320
2400 CONNECTION 515 408 300 1320 5580 5580
2401 CONNECTION 515 203 300 1440 6360 6360
2402 CONNECTION 515 224 300 1500 5760 5760
2403 CONNECTION 515 153 300 2100 5220 5220
2404 CONNECTION 515 271 300 2340 7260 7260
2405 CONNECTION 515 433 300 2880 6900 6900
2406 CONNECTION 515 245 300 3000 6120 6120
2407 CONNECTION 515 347 300 3240 8160 8160
2408 CONNECTION 515 321 300 3900 7020 7020
2409 CONNECTION 515 296 300 4020 8040 8040
2410 CONNECTION 515 13 300 4140 9060 9060
2411 CONNECTION 515 371 300 4800 7920 7920
2412 SINK 515 2 -1 -1 300 300
2413 CONNECTION 101 152 -1 -1 3420 3420
2414 CONNECTION 101 244 -1 -1 4320 4320
2415 CONNECTION 101 320 -1 -1 5220 5220
2416 CONNECTION 101 370 300 1200 6120 6120
2417 CONNECTION 101 457 300 1200 6000 6000
2418 CONNECTION 101 38 300 2100 7020 7020
2419 CONNECTION 101 154 300 3000 7920 7920
2420 CONNECTION 101 246 300 3900 8820 8820
2421 CONNECTION 101 180 300 4800 9600 9600
2422 CONNECTION 101 322 300 4800 9720 9720
2423 CONNECTION 200 201 -1 -1 2640 2640
2424 CONNECTION 200 151 -1 -1 1500 1500
2425 CONNECTION 200 76 -1 -1 2760 2760
2426 CONNECTION 200 516 -1 -1 2760 2760
2427 CONNECTION 200 269 -1 -1 3540 3540
2428 CONNECTION 200 476 -1 -1 2940 2940
2429 CONNECTION 200 243 -1 -1 2400 2400
2430 CONNECTION 200 345 -1 -1 4440 4440
2431 CONNECTION 200 127 -1 -1 4080 4080
2432 CONNECTION 200 319 -1 -1 3300 3300
2433 CONNECTION 200 11 300 420 5340 5340
2434 CONNECTION 200 369 300 1080 4200 4200
2435 CONNECTION 200 493 300 1200 5220 5220
2436 CONNECTION 200 103 300 1320 6240 6240
2437 CONNECTION 200 37 300 1980 5100 5100
2438 CONNECTION 200 408 300 2100 6360 6360
2439 CONNECTION 200 203 300 2220 7140 7140
2440 CONNECTION 200 224 300 2280 6540 6540
2441 CONNECTION 200 153 300 2880 6000 6000
2442 CONNECTION 200 271 300 3120 8040 8040
2443 CONNECTION 200 433 300 3660 7680 7680
2444 CONNECTION 200 245 300 3780 6900 6900
2445 CONNECTION 200 347 300 4020 8940 8940
2446 CONNECTION 200 321 300 4680 7800 7800
2447 CONNECTION 200 296 300 4800 8820 8820
2448 SINK 200 2 -1 -1 300 300
2449 CONNECTION 223 77 -1 -1 3420 3420
2450 CONNECTION 223 390 300 1020 6780 6780
2451 CONNECTION 223 409 300 2100 7020 7020
2452 CONNECTION 223 60 300 4620 10380 10380
2453 CONNECTION 35 10 -1 -1 2100 2100
2454 CONNECTION 35 102 -1 -1 3000 3000
2455 CONNECTION 35 202 300 780 3900 3900
2456 CONNECTION 35 270 300 1680 4800 4800
2457 CONNECTION 35 346 300 2580 5700 5700
2458 CONNECTION 35 12 300 3480 6600 6600
2459 CONNECTION 35 104 300 4380 7500 7500
2460 CONNECTION 318 319 -1 -1 840 840
2461 CONNECTION 318 369 -1 -1 1740 1740
2462 CONNECTION 318 493 -1 -1 2760 2760
2463 CONNECTION 318 103 -1 -1 3780 3780
2464 CONNECTION 318 37 -1 -1 2640 2640
2465 CONNECTION 318 408 -1 -1 3900 3900
2466 CONNECTION 318 203 -1 -1 4680 4680
2467 CONNECTION 318 224 -1 -1 4080 4080
2468 CONNECTION 318 153 300 420 3540 3540
2469 CONNECTION 318 271 300 660 5580 5580
2470 CONNECTION 318 433 300 1200 5220 5220
2471 CONNECTION 318 245 300 1320 4440 4440
2472 CONNECTION 318 347 300 1560 6480 6480
2473 CONNECTION 318 321 300 2220 5340 5340
2474 CONNECTION 318 296 300 2340 6360 6360
2475 CONNECTION 318 13 300 2460 7380 7380
2476 CONNECTION 318 371 300 3120 6240 6240
2477 CONNECTION 318 79 300 3240 7500 7500
2478 CONNECTION 318 105 300 3360 8280 8280
2479 CONNECTION 318 478 300 3420 7680 7680
2480 CONNECTION 318 39 300 4020 7140 7140
2481 CONNECTION 318 205 300 4260 9180 9180
2482 CONNECTION 318 130 300 4800 8820 8820
2483 SINK 318 2 -1 -1 300 300
2484 CONNECTION 293 294 -1 -1 2640 2640
2485 CONNECTION 293 407 -1 -1 2760 2760
2486 CONNECTION 293 128 -1 -1 3660 3660
2487 CONNECTION 293 494 300 1320 6240 6240
2488 CONNECTION 293 179 300 1440 5460 5460
2489 CONNECTION 293 78 300 2340 6360 6360
2490 CONNECTION 293 434 300 3780 7260 7260
2491 CONNECTION 201 244 -1 -1 3420 3420
2492 CONNECTION 201 320 -1 -1 4320 4320
2493 CONNECTION 201 370 -1 -1 5220 5220
2494 CONNECTION 201 457 -1 -1 5100 5100
2495 CONNECTION 201 38 300 1200 6120 6120
2496 CONNECTION 201 154 300 2100 7020 7020
2497 CONNECTION 201 246 300 3000 7920 7920
2498 CONNECTION 201 180 300 3900 8700 8700
2499 CONNECTION 201 322 300 3900 8820 8820
2500 CONNECTION 201 372 300 4800 9720 9720
2501 CONNECTION 406 407 -1 -1 1740 1740
2502 CONNECTION 406 128 -1 -1 2640 2640
2503 CONNECTION 406 494 -1 -1 5220 5220
2504 CONNECTION 406 179 300 420 4440 4440
2505 CONNECTION 406 78 300 1320 5340 5340
2506 CONNECTION 406 434 300 2760 6240 6240
2507 CONNECTION 406 297 300 3900 8820 8820
2508 CONNECTION 406 459 300 4020 8040 8040
2509 CONNECTION 268 269 -1 -1 2640 2640
2510 CONNECTION 268 243 -1 -1 1500 1500
2511 CONNECTION 268 345 -1 -1 3540 3540
2512 CONNECTION 268 127 -1 -1 3180 3180
2513 CONNECTION 268 319 -1 -1 2400 2400
2514 CONNECTION 268 11 -1 -1 4440 4440
2515 CONNECTION 268 369 -1 -1 3300 3300
2516 CONNECTION 268 493 -1 -1 4320 4320
2517 CONNECTION 268 103 300 420 5340 5340
2518 CONNECTION 268 37 300 1080 4200 4200
2519 CONNECTION 268 408 300 1200 5460 5460
2520 CONNECTION 268 203 300 1320 6240 6240
2521 CONNECTION 268 224 300 1380 5640 5640
2522 CONNECTION 268 153 300 1980 5100 5100
2523 CONNECTION 268 271 300 2220 7140 7140
2524 CONNECTION 268 433 300 2760 6780 6780
2525 CONNECTION 268 245 300 2880 6000 6000
2526 CONNECTION 268 347 300 3120 8040 8040
2527 CONNECTION 268 321 300 3780 6900 6900
2528 CONNECTION 268 296 300 3900 7920 7920
2529 CONNECTION 268 13 300 4020 8940 8940
2530 CONNECTION 268 371 300 4680 7800 7800
2531 CONNECTION 268 79 300 4800 9060 9060
2532 SINK 268 2 -1 -1 300 300
2533 CONNECTION 431 432 -1 -1 2520 2520
2534 CONNECTION 431 389 -1 -1 2700 2700
2535 CONNECTION 431 477 -1 -1 4740 4740
2536 CONNECTION 431 178 -1 -1 3660 3660
2537 CONNECTION 431 295 300 1140 5400 5400
2538 CONNECTION 431 129 300 1320 6120 6120
2539 CONNECTION 431 59 300 2040 6300 6300
2540 CONNECTION 431 225 300 2580 8340 8340
2541 CONNECTION 431 458 300 3780 7260 7260
2542 CONNECTION 431 495 300 4740 9000 9000
2543 CONNECTION 455 456 -1 -1 1740 1740
2544 CONNECTION 455 407 -1 -1 2640 2640
2545 CONNECTION 455 128 -1 -1 3540 3540
2546 CONNECTION 455 494 300 1200 6120 6120
2547 CONNECTION 455 179 300 1320 5340 5340
2548 CONNECTION 455 78 300 2220 6240 6240
2549 CONNECTION 455 434 300 3660 7140 7140
2550 CONNECTION 455 297 300 4800 9720 9720
2551 CONNECTION 151 102 -1 -1 2100 2100
2552 CONNECTION 151 202 -1 -1 3000 3000
2553 CONNECTION 151 270 300 780 3900 3900
2554 CONNECTION 151 346 300 1680 4800 4800
2555 CONNECTION 151 12 300 2580 5700 5700
2556 CONNECTION 151 104 300 3480 6600 6600
2557 CONNECTION 151 204 300 4380 7500 7500
2558 CONNECTION 368 369 -1 -1 840 840
2559 CONNECTION 368 37 -1 -1 1740 1740
2560 CONNECTION 368 408 -1 -1 3000 3000
2561 CONNECTION 368 203 -1 -1 3780 3780
2562 CONNECTION 368 224 -1 -1 3180 3180
2563 CONNECTION 368 153 -1 -1 2640 2640
2564 CONNECTION 368 271 -1 -1 4680 4680
2565 CONNECTION 368 433 -1 -1 4320 4320
2566 CONNECTION 368 245 300 420 3540 3540
2567 CONNECTION 368 347 300 660 5580 5580
2568 CONNECTION 368 321 300 1320 4440 4440
2569 CONNECTION 368 296 300 1440 5460 5460
2570 CONNECTION 368 13 300 1560 6480 6480
2571 CONNECTION 368 371 300 2220 5340 5340
2572 CONNECTION 368 79 300 2340 6600 6600
2573 CONNECTION 368 105 300 2460 7380 7380
2574 CONNECTION 368 478 300 2520 6780 6780
2575 CONNECTION 368 39 300 3120 6240 6240
2576 CONNECTION 368 205 300 3360 8280 8280
2577 CONNECTION 368 130 300 3900 7920 7920
2578 CONNECTION 368 155 300 4020 7140 7140
2579 CONNECTION 368 273 300 4260 9180 9180
2580 SINK 368 2 -1 -1 300 300
2581 CONNECTION 76 178 -1 -1 2580 2580
2582 CONNECTION 76 295 -1 -1 4320 4320
2583 CONNECTION 76 129 -1 -1 5040 5040
2584 CONNECTION 76 59 300 960 5220 5220
2585 CONNECTION 76 225 300 1500 7260 7260
2586 CONNECTION 76 458 300 2700 6180 6180
2587 CONNECTION 76 495 300 3660 7920 7920
2588 CONNECTION 76 435 300 3840 8640 8640
2589 CONNECTION 76 391 300 4560 8820 8820
2590 CONNECTION 516 178 -1 -1 2580 2580
2591 CONNECTION 516 295 -1 -1 4320 4320
2592 CONNECTION 516 129 -1 -1 5040 5040
2593 CONNECTION 516 59 300 960 5220 5220
2594 CONNECTION 516 225 300 1500 7260 7260
2595 CONNECTION 516 458 300 2700 6180 6180
2596 CONNECTION 516 495 300 3660 7920 7920
2597 CONNECTION 516 435 300 3840 8640 8640
2598 CONNECTION 516 391 300 4560 8820 8820
2599 CONNECTION 269 320 -1 -1 3420 3420
2600 CONNECTION 269 370 -1 -1 4320 4320
2601 CONNECTION 269 457 -1 -1 4200 4200
2602 CONNECTION 269 38 -1 -1 5220 5220
2603 CONNECTION 269 154 300 1200 6120 6120
2604 CONNECTION 269 246 300 2100 7020 7020
2605 CONNECTION 269 180 300 3000 7800 7800
2606 CONNECTION 269 322 300 3000 7920 7920
2607 CONNECTION 269 372 300 3900 8820 8820
2608 CONNECTION 269 40 300 4800 9720 9720
2609 CONNECTION 344 345 -1 -1 2640 2640
2610 CONNECTION 344 127 -1 -1 2280 2280
2611 CONNECTION 344 319 -1 -1 1500 1500
2612 CONNECTION 344 11 -1 -1 3540 3540
2613 CONNECTION 344 369 -1 -1 2400 2400
2614 CONNECTION 344 493 -1 -1 3420 3420
2615 CONNECTION 344 103 -1 -1 4440 4440
2616 CONNECTION 344 37 -1 -1 3300 3300
2617 CONNECTION 344 408 -1 -1 4560 4560
2618 CONNECTION 344 203 300 420 5340 5340
2619 CONNECTION 344 224 300 480 4740 4740
2620 CONNECTION 344 153 300 1080 4200 4200
2621 CONNECTION 344 271 300 1320 6240 6240
2622 CONNECTION 344 433 300 1860 5880 5880
2623 CONNECTION 344 245 300 1980 5100 5100
2624 CONNECTION 344 347 300 2220 7140 7140
2625 CONNECTION 344 321 300 2880 6000 6000
2626 CONNECTION 344 296 300 3000 7020 7020
2627 CONNECTION 344 13 300 3120 8040 8040
2628 CONNECTION 344 371 300 3780 6900 6900
2629 CONNECTION 344 79 300 3900 8160 8160
2630 CONNECTION 344 105 300 4020 8940 8940
2631 CONNECTION 344 478 300 4080 8340 8340
2632 CONNECTION 344 39 300 4680 7800 7800
2633 SINK 344 2 -1 -1 300 300
2634 CONNECTION 476 477 -1 -1 3480 3480
2635 CONNECTION 476 178 -1 -1 2400 2400
2636 CONNECTION 476 295 -1 -1 4140 4140
2637 CONNECTION 476 129 -1 -1 4860 4860
2638 CONNECTION 476 59 300 780 5040 5040
2639 CONNECTION 476 225 300 1320 7080 7080
2640 CONNECTION 476 458 300 2520 6000 6000
2641 CONNECTION 476 495 300 3480 7740 7740
2642 CONNECTION 476 435 300 3660 8460 8460
2643 CONNECTION 476 391 300 4380 8640 8640
2644 CONNECTION 492 493 -1 -1 1740 1740
2645 CONNECTION 492 37 -1 -1 1620 1620
2646 CONNECTION 492 408 -1 -1 2880 2880
2647 CONNECTION 492 203 -1 -1 3660 3660
2648 CONNECTION 492 224 -1 -1 3060 3060
2649 CONNECTION 492 153 -1 -1 2520 2520
2650 CONNECTION 492 271 -1 -1 4560 4560
2651 CONNECTION 492 433 -1 -1 4200 4200
2652 CONNECTION 492 245 -1 -1 3420 3420
2653 CONNECTION 492 347 300 540 5460 5460
2654 CONNECTION 492 321 300 1200 4320 4320
2655 CONNECTION 492 296 300 1320 5340 5340
2656 CONNECTION 492 13 300 1440 6360 6360
2657 CONNECTION 492 371 300 2100 5220 5220
2658 CONNECTION 492 79 300 2220 6480 6480
2659 CONNECTION 492 105 300 2340 7260 7260
2660 CONNECTION 492 478 300 2400 6660 6660
2661 CONNECTION 492 39 300 3000 6120 6120
2662 CONNECTION 492 205 300 3240 8160 8160
2663 CONNECTION 492 130 300 3780 7800 7800
2664 CONNECTION 492 155 300 3900 7020 7020
2665 CONNECTION 492 273 300 4140 9060 9060
2666 CONNECTION 492 247 300 4800 7920 7920
2667 SINK 492 2 -1 -1 300 300
2668 CONNECTION 243 202 -1 -1 2100 2100
2669 CONNECTION 243 270 -1 -1 3000 3000
2670 CONNECTION 243 346 300 780 3900 3900
2671 CONNECTION 243 12 300 1680 4800 4800
2672 CONNECTION 243 104 300 2580 5700 5700
2673 CONNECTION 243 204 300 3480 6600 6600
2674 CONNECTION 243 272 300 4380 7500 7500
2675 CONNECTION 36 37 -1 -1 840 840
2676 CONNECTION 36 153 -1 -1 1740 1740
2677 CONNECTION 36 271 -1 -1 3780 3780
2678 CONNECTION 36 433 -1 -1 3420 3420
2679 CONNECTION 36 245 -1 -1 2640 2640
2680 CONNECTION 36 347 -1 -1 4680 4680
2681 CONNECTION 36 321 300 420 3540 3540
2682 CONNECTION 36 296 300 540 4560 4560
2683 CONNECTION 36 13 300 660 5580 5580
2684 CONNECTION 36 371 300 1320 4440 4440
2685 CONNECTION 36 79 300 1440 5700 5700
2686 CONNECTION 36 105 300 1560 6480 6480
2687 CONNECTION 36 478 300 1620 5880 5880
2688 CONNECTION 36 39 300 2220 5340 5340
2689 CONNECTION 36 205 300 2460 7380 7380
2690 CONNECTION 36 130 300 3000 7020 7020
2691 CONNECTION 36 155 300 3120 6240 6240
2692 CONNECTION 36 273 300 3360 8280 8280
2693 CONNECTION 36 247 300 4020 7140 7140
2694 CONNECTION 36 496 300 4140 8160 8160
2695 CONNECTION 36 349 300 4260 9180 9180
2696 SINK 36 2 -1 -1 300 300
2697 CONNECTION 177 178 -1 -1 1200 1200
2698 CONNECTION 177 295 -1 -1 2940 2940
2699 CONNECTION 177 129 -1 -1 3660 3660
2700 CONNECTION 177 59 -1 -1 3840 3840
2701 CONNECTION 177 225 -1 -1 5880 5880
2702 CONNECTION 177 458 300 1320 4800 4800
2703 CONNECTION 177 495 300 2280 6540 6540
2704 CONNECTION 177 435 300 2460 7260 7260
2705 CONNECTION 177 391 300 3180 7440 7440
2706 CONNECTION 177 479 300 3720 9480 9480
2707 CONNECTION 294 390 -1 -1 5340 5340
2708 CONNECTION 294 409 300 660 5580 5580
2709 CONNECTION 294 60 300 3180 8940 8940
2710 CONNECTION 294 80 300 4260 9180 9180
2711 CONNECTION 432 370 -1 -1 3660 3660
2712 CONNECTION 432 457 -1 -1 3540 3540
2713 CONNECTION 432 38 -1 -1 4560 4560
2714 CONNECTION 432 154 300 540 5460 5460
2715 CONNECTION 432 246 300 1440 6360 6360
2716 CONNECTION 432 180 300 2340 7140 7140
2717 CONNECTION 432 322 300 2340 7260 7260
2718 CONNECTION 432 372 300 3240 8160 8160
2719 CONNECTION 432 40 300 4140 9060 9060
2720 CONNECTION 456 37 -1 -1 1620 1620
2721 CONNECTION 456 408 -1 -1 2880 2880
2722 CONNECTION 456 203 -1 -1 3660 3660
2723 CONNECTION 456 224 -1 -1 3060 3060
2724 CONNECTION 456 153 -1 -1 2520 2520
2725 CONNECTION 456 271 -1 -1 4560 4560
2726 CONNECTION 456 433 -1 -1 4200 4200
2727 CONNECTION 456 245 -1 -1 3420 3420
2728 CONNECTION 456 347 300 540 5460 5460
2729 CONNECTION 456 321 300 1200 4320 4320
2730 CONNECTION 456 296 300 1320 5340 5340
2731 CONNECTION 456 13 300 1440 6360 6360
2732 CONNECTION 456 371 300 2100 5220 5220
2733 CONNECTION 456 79 300 2220 6480 6480
2734 CONNECTION 456 105 300 2340 7260 7260
2735 CONNECTION 456 478 300 2400 6660 6660
2736 CONNECTION 456 39 300 3000 6120 6120
2737 CONNECTION 456 205 300 3240 8160 8160
2738 CONNECTION 456 130 300 3780 7800 7800
2739 CONNECTION 456 155 300 3900 7020 7020
2740 CONNECTION 456 273 300 4140 9060 9060
2741 CONNECTION 456 247 300 4800 7920 7920
2742 SINK 456 2 -1 -1 300 300
2743 CONNECTION 345 370 -1 -1 3420 3420
2744 CONNECTION 345 457 -1 -1 3300 3300
2745 CONNECTION 345 38 -1 -1 4320 4320
2746 CONNECTION 345 154 -1 -1 5220 5220
2747 CONNECTION 345 246 300 1200 6120 6120
2748 CONNECTION 345 180 300 2100 6900 6900
2749 CONNECTION 345 322 300 2100 7020 7020
2750 CONNECTION 345 372 300 3000 7920 7920
2751 CONNECTION 345 40 300 3900 8820 8820
2752 CONNECTION 345 156 300 4800 9720 9720
2753 CONNECTION 10 11 -1 -1 2640 2640
2754 CONNECTION 10 369 -1 -1 1500 1500
2755 CONNECTION 10 493 -1 -1 2520 2520
2756 CONNECTION 10 103 -1 -1 3540 3540
2757 CONNECTION 10 37 -1 -1 2400 2400
2758 CONNECTION 10 408 -1 -1 3660 3660
2759 CONNECTION 10 203 -1 -1 4440 4440
2760 CONNECTION 10 224 -1 -1 3840 3840
2761 CONNECTION 10 153 -1 -1 3300 3300
2762 CONNECTION 10 271 300 420 5340 5340
2763 CONNECTION 10 433 300 960 4980 4980
2764 CONNECTION 10 245 300 1080 4200 4200
2765 CONNECTION 10 347 300 1320 6240 6240
2766 CONNECTION 10 321 300 1980 5100 5100
2767 CONNECTION 10 296 300 2100 6120 6120
2768 CONNECTION 10 13 300 2220 7140 7140
2769 CONNECTION 10 371 300 2880 6000 6000
2770 CONNECTION 10 79 300 3000 7260 7260
2771 CONNECTION 10 105 300 3120 8040 8040
2772 CONNECTION 10 478 300 3180 7440 7440
2773 CONNECTION 10 39 300 3780 6900 6900
2774 CONNECTION 10 205 300 4020 8940 8940
2775 CONNECTION 10 130 300 4560 8580 8580
2776 CONNECTION 10 155 300 4680 7800 7800
2777 SINK 10 2 -1 -1 300 300
2778 CONNECTION 127 128 -1 -1 1200 1200
2779 CONNECTION 127 494 -1 -1 3780 3780
2780 CONNECTION 127 179 -1 -1 3000 3000
2781 CONNECTION 127 78 -1 -1 3900 3900
2782 CONNECTION 127 434 300 1320 4800 4800
2783 CONNECTION 127 297 300 2460 7380 7380
2784 CONNECTION 127 459 300 2580 6600 6600
2785 CONNECTION 127 410 300 3480 7500 7500
2786 CONNECTION 389 153 -1 -1 1620 1620
2787 CONNECTION 389 271 -1 -1 3660 3660
2788 CONNECTION 389 433 -1 -1 3300 3300
2789 CONNECTION 389 245 -1 -1 2520 2520
2790 CONNECTION 389 347 -1 -1 4560 4560
2791 CONNECTION 389 321 -1 -1 3420 3420
2792 CONNECTION 389 296 300 420 4440 4440
2793 CONNECTION 389 13 300 540 5460 5460
2794 CONNECTION 389 371 300 1200 4320 4320
2795 CONNECTION 389 79 300 1320 5580 5580
2796 CONNECTION 389 105 300 1440 6360 6360
2797 CONNECTION 389 478 300 1500 5760 5760
2798 CONNECTION 389 39 300 2100 5220 5220
2799 CONNECTION 389 205 300 2340 7260 7260
2800 CONNECTION 389 130 300 2880 6900 6900
2801 CONNECTION 389 155 300 3000 6120 6120
2802 CONNECTION 389 273 300 3240 8160 8160
2803 CONNECTION 389 247 300 3900 7020 7020
2804 CONNECTION 389 496 300 4020 8040 8040
2805 CONNECTION 389 349 300 4140 9060 9060
2806 CONNECTION 389 323 300 4800 7920 7920
2807 SINK 389 2 -1 -1 300 300
2808 CONNECTION 319 270 -1 -1 2100 2100
2809 CONNECTION 319 346 -1 -1 3000 3000
2810 CONNECTION 319 12 300 780 3900 3900
2811 CONNECTION 319 104 300 1680 4800 4800
2812 CONNECTION 319 204 300 2580 5700 5700
2813 CONNECTION 319 272 300 3480 6600 6600
2814 CONNECTION 319 348 300 4380 7500 7500
2815 CONNECTION 58 59 -1 -1 1980 1980
2816 CONNECTION 58 225 -1 -1 4020 4020
2817 CONNECTION 58 458 -1 -1 2940 2940
2818 CONNECTION 58 495 300 420 4680 4680
2819 CONNECTION 58 435 300 600 5400 5400
2820 CONNECTION 58 391 300 1320 5580 5580
2821 CONNECTION 58 479 300 1860 7620 7620
2822 CONNECTION 58 181 300 3060 6540 6540
2823 CONNECTION 58 298 300 4020 8280 8280
2824 CONNECTION 58 132 300 4200 9000 9000
2825 CONNECTION 152 153 -1 -1 840 840
2826 CONNECTION 152 433 -1 -1 2520 2520
2827 CONNECTION 152 245 -1 -1 1740 1740
2828 CONNECTION 152 347 -1 -1 3780 3780
2829 CONNECTION 152 321 -1 -1 2640 2640
2830 CONNECTION 152 296 -1 -1 3660 3660
2831 CONNECTION 152 13 -1 -1 4680 4680
2832 CONNECTION 152 371 300 420 3540 3540
2833 CONNECTION 152 79 300 540 4800 4800
2834 CONNECTION 152 105 300 660 5580 5580
2835 CONNECTION 152 478 300 720 4980 4980
2836 CONNECTION 152 39 300 1320 4440 4440
2837 CONNECTION 152 205 300 1560 6480 6480
2838 CONNECTION 152 130 300 2100 6120 6120
2839 CONNECTION 152 155 300 2220 5340 5340
2840 CONNECTION 152 273 300 2460 7380 7380
2841 CONNECTION 152 247 300 3120 6240 6240
2842 CONNECTION 152 496 300 3240 7260 7260
2843 CONNECTION 152 349 300 3360 8280 8280
2844 CONNECTION 152 323 300 4020 7140 7140
2845 CONNECTION 152 411 300 4140 8400 8400
2846 CONNECTION 152 15 300 4260 9180 9180
2847 CONNECTION 152 226 300 4320 8580 8580
2848 SINK 152 2 -1 -1 300 300
2849 CONNECTION 407 408 -1 -1 1980 1980
2850 CONNECTION 407 153 -1 -1 1620 1620
2851 CONNECTION 407 271 -1 -1 3660 3660
2852 CONNECTION 407 433 -1 -1 3300 3300
2853 CONNECTION 407 245 -1 -1 2520 2520
2854 CONNECTION 407 347 -1 -1 4560 4560
2855 CONNECTION 407 321 -1 -1 3420 3420
2856 CONNECTION 407 296 300 420 4440 4440
2857 CONNECTION 407 13 300 540 5460 5460
2858 CONNECTION 407 371 300 1200 4320 4320
2859 CONNECTION 407 79 300 1320 5580 5580
2860 CONNECTION 407 105 300 1440 6360 6360
2861 CONNECTION 407 478 300 1500 5760 5760
2862 CONNECTION 407 39 300 2100 5220 5220
2863 CONNECTION 407 205 300 2340 7260 7260
2864 CONNECTION 407 130 300 2880 6900 6900
2865 CONNECTION 407 155 300 3000 6120 6120
2866 CONNECTION 407 273 300 3240 8160 8160
2867 CONNECTION 407 247 300 3900 7020 7020
2868 CONNECTION 407 496 300 4020 8040 8040
2869 CONNECTION 407 349 300 4140 9060 9060
2870 CONNECTION 407 323 300 4800 7920 7920
2871 SINK 407 2 -1 -1 300 300
2872 CONNECTION 11 38 -1 -1 3420 3420
2873 CONNECTION 11 154 -1 -1 4320 4320
2874 CONNECTION 11 246 -1 -1 5220 5220
2875 CONNECTION 11 180 300 1200 6000 6000
2876 CONNECTION 11 322 300 1200 6120 6120
2877 CONNECTION 11 372 300 2100 7020 7020
2878 CONNECTION 11 40 300 3000 7920 7920
2879 CONNECTION 11 156 300 3900 8820 8820
2880 CONNECTION 11 248 300 4800 9720 9720
2881 CONNECTION 11 460 300 4800 9600 9600
2882 CONNECTION 102 103 -1 -1 2640 2640
2883 CONNECTION 102 37 -1 -1 1500 1500
2884 CONNECTION 102 408 -1 -1 2760 2760
2885 CONNECTION 102 203 -1 -1 3540 3540
2886 CONNECTION 102 224 -1 -1 2940 2940
2887 CONNECTION 102 153 -1 -1 2400 2400
2888 CONNECTION 102 271 -1 -1 4440 4440
2889 CONNECTION 102 433 -1 -1 4080 4080
2890 CONNECTION 102 245 -1 -1 3300 3300
2891 CONNECTION 102 347 300 420 5340 5340
2892 CONNECTION 102 321 300 1080 4200 4200
2893 CONNECTION 102 296 300 1200 5220 5220
2894 CONNECTION 102 13 300 1320 6240 6240
2895 CONNECTION 102 371 300 1980 5100 5100
2896 CONNECTION 102 79 300 2100 6360 6360
2897 CONNECTION 102 105 300 2220 7140 7140
2898 CONNECTION 102 478 300 2280 6540 6540
2899 CONNECTION 102 39 300 2880 6000 6000
2900 CONNECTION 102 205 300 3120 8040 8040
2901 CONNECTION 102 130 300 3660 7680 7680
2902 CONNECTION 102 155 300 3780 6900 6900
2903 CONNECTION 102 273 300 4020 8940 8940
2904 CONNECTION 102 247 300 4680 7800 7800
2905 CONNECTION 102 496 300 4800 8820 8820
2906 SINK 102 2 -1 -1 300 300
2907 CONNECTION 477 409 -1 -1 3420 3420
2908 CONNECTION 477 60 300 1020 6780 6780
2909 CONNECTION 477 80 300 2100 7020 7020
2910 CONNECTION 477 392 300 4620 10380 10380
2911 CONNECTION 369 346 -1 -1 2100 2100
2912 CONNECTION 369 12 -1 -1 3000 3000
2913 CONNECTION 369 104 300 780 3900 3900
2914 CONNECTION 369 204 300 1680 4800 4800
2915 CONNECTION 369 272 300 2580 5700 5700
2916 CONNECTION 369 348 300 3480 6600 6600
2917 CONNECTION 369 14 300 4380 7500 7500
2918 CONNECTION 244 245 -1 -1 840 840
2919 CONNECTION 244 321 -1 -1 1740 1740
2920 CONNECTION 244 296 -1 -1 2760 2760
2921 CONNECTION 244 13 -1 -1 3780 3780
2922 CONNECTION 244 371 -1 -1 2640 2640
2923 CONNECTION 244 79 -1 -1 3900 3900
2924 CONNECTION 244 105 -1 -1 4680 4680
2925 CONNECTION 244 478 -1 -1 4080 4080
2926 CONNECTION 244 39 300 420 3540 3540
2927 CONNECTION 244 205 300 660 5580 5580
2928 CONNECTION 244 130 300 1200 5220 5220
2929 CONNECTION 244 155 300 1320 4440 4440
2930 CONNECTION 244 273 300 1560 6480 6480
2931 CONNECTION 244 247 300 2220 5340 5340
2932 CONNECTION 244 496 300 2340 6360 6360
2933 CONNECTION 244 349 300 2460 7380 7380
2934 CONNECTION 244 323 300 3120 6240 6240
2935 CONNECTION 244 411 300 3240 7500 7500
2936 CONNECTION 244 15 300 3360 8280 8280
2937 CONNECTION 244 226 300 3420 7680 7680
2938 CONNECTION 244 373 300 4020 7140 7140
2939 CONNECTION 244 107 300 4260 9180 9180
2940 CONNECTION 244 436 300 4800 8820 8820
2941 SINK 244 2 -1 -1 300 300
2942 CONNECTION 493 494 -1 -1 2640 2640
2943 CONNECTION 493 78 -1 -1 2760 2760
2944 CONNECTION 493 434 -1 -1 3660 3660
2945 CONNECTION 493 297 300 1320 6240 6240
2946 CONNECTION 493 459 300 1440 5460 5460
2947 CONNECTION 493 410 300 2340 6360 6360
2948 CONNECTION 493 131 300 3780 7260 7260
2949 CONNECTION 77 78 -1 -1 1740 1740
2950 CONNECTION 77 434 -1 -1 2640 2640
2951 CONNECTION 77 297 -1 -1 5220 5220
2952 CONNECTION 77 459 300 420 4440 4440
2953 CONNECTION 77 410 300 1320 5340 5340
2954 CONNECTION 77 131 300 2760 6240 6240
2955 CONNECTION 77 497 300 3900 8820 8820
2956 CONNECTION 77 182 300 4020 8040 8040
2957 CONNECTION 103 154 -1 -1 3420 3420
2958 CONNECTION 103 246 -1 -1 4320 4320
2959 CONNECTION 103 180 -1 -1 5100 5100
2960 CONNECTION 103 322 -1 -1 5220 5220
2961 CONNECTION 103 372 300 1200 6120 6120
2962 CONNECTION 103 40 300 2100 7020 7020
2963 CONNECTION 103 156 300 3000 7920 7920
2964 CONNECTION 103 248 300 3900 8820 8820
2965 CONNECTION 103 460 300 3900 8700 8700
2966 CONNECTION 103 324 300 4800 9720 9720
2967 CONNECTION 202 203 -1 -1 2640 2640
2968 CONNECTION 202 153 -1 -1 1500 1500
2969 CONNECTION 202 271 -1 -1 3540 3540
2970 CONNECTION 202 433 -1 -1 3180 3180
2971 CONNECTION 202 245 -1 -1 2400 2400
2972 CONNECTION 202 347 -1 -1 4440 4440
2973 CONNECTION 202 321 -1 -1 3300 3300
2974 CONNECTION 202 296 -1 -1 4320 4320
2975 CONNECTION 202 13 300 420 5340 5340
2976 CONNECTION 202 371 300 1080 4200 4200
2977 CONNECTION 202 79 300 1200 5460 5460
2978 CONNECTION 202 105 300 1320 6240 6240
2979 CONNECTION 202 478 300 1380 5640 5640
2980 CONNECTION 202 39 300 1980 5100 5100
2981 CONNECTION 202 205 300 2220 7140 7140
2982 CONNECTION 202 130 300 2760 6780 6780
2983 CONNECTION 202 155 300 2880 6000 6000
2984 CONNECTION 202 273 300 3120 8040 8040
2985 CONNECTION 202 247 300 3780 6900 6900
2986 CONNECTION 202 496 300 3900 7920 7920
2987 CONNECTION 202 349 300 4020 8940 8940
2988 CONNECTION 202 323 300 4680 7800 7800
2989 CONNECTION 202 411 300 4800 9060 9060
2990 SINK 202 2 -1 -1 300 300
2991 CONNECTION 128 129 -1 -1 2520 2520
2992 CONNECTION 128 59 -1 -1 2700 2700
2993 CONNECTION 128 225 -1 -1 4740 4740
2994 CONNECTION 128 458 -1 -1 3660 3660
2995 CONNECTION 128 495 300 1140 5400 5400
2996 CONNECTION 128 435 300 1320 6120 6120
2997 CONNECTION 128 391 300 2040 6300 6300
2998 CONNECTION 128 479 300 2580 8340 8340
2999 CONNECTION 128 181 300 3780 7260 7260
3000 CONNECTION 128 298 300 4740 9000 9000
3001 CONNECTION 178 179 -1 -1 1740 1740
3002 CONNECTION 178 78 -1 -1 2640 2640
3003 CONNECTION 178 434 -1 -1 3540 3540
3004 CONNECTION 178 297 300 1200 6120 6120
3005 CONNECTION 178 459 300 1320 5340 5340
3006 CONNECTION 178 410 300 2220 6240 6240
3007 CONNECTION 178 131 300 3660 7140 7140
3008 CONNECTION 178 497 300 4800 9720 9720
3009 CONNECTION 37 12 -1 -1 2100 2100
3010 CONNECTION 37 104 -1 -1 3000 3000
3011 CONNECTION 37 204 300 780 3900 3900
3012 CONNECTION 37 272 300 1680 4800 4800
3013 CONNECTION 37 348 300 2580 5700 5700
3014 CONNECTION 37 14 300 3480 6600 6600
3015 CONNECTION 37 106 300 4380 7500 7500
3016 CONNECTION 320 321 -1 -1 840 840
3017 CONNECTION 320 371 -1 -1 1740 1740
3018 CONNECTION 320 79 -1 -1 3000 3000
3019 CONNECTION 320 105 -1 -1 3780 3780
3020 CONNECTION 320 478 -1 -1 3180 3180
3021 CONNECTION 320 39 -1 -1 2640 2640
3022 CONNECTION 320 205 -1 -1 4680 4680
3023 CONNECTION 320 130 -1 -1 4320 4320
3024 CONNECTION 320 155 300 420 3540 3540
3025 CONNECTION 320 273 300 660 5580 5580
3026 CONNECTION 320 247 300 1320 4440 4440
3027 CONNECTION 320 496 300 1440 5460 5460
3028 CONNECTION 320 349 300 1560 6480 6480
3029 CONNECTION 320 323 300 2220 5340 5340
3030 CONNECTION 320 411 300 2340 6600 6600
3031 CONNECTION 320 15 300 2460 7380 7380
3032 CONNECTION 320 226 300 2520 6780 6780
3033 CONNECTION 320 373 300 3120 6240 6240
3034 CONNECTION 320 107 300 3360 8280 8280
3035 CONNECTION 320 436 300 3900 7920 7920
3036 CONNECTION 320 41 300 4020 7140 7140
3037 CONNECTION 320 207 300 4260 9180 9180
3038 SINK 320 2 -1 -1 300 300
3039 CONNECTION 408 458 -1 -1 2580 2580
3040 CONNECTION 408 495 -1 -1 4320 4320
3041 CONNECTION 408 435 -1 -1 5040 5040
3042 CONNECTION 408 391 300 960 5220 5220
3043 CONNECTION 408 479 300 1500 7260 7260
3044 CONNECTION 408 181 300 2700 6180 6180
3045 CONNECTION 408 298 300 3660 7920 7920
3046 CONNECTION 408 132 300 3840 8640 8640
3047 CONNECTION 408 61 300 4560 8820 8820
3048 CONNECTION 203 246 -1 -1 3420 3420
3049 CONNECTION 203 180 -1 -1 4200 4200
3050 CONNECTION 203 322 -1 -1 4320 4320
3051 CONNECTION 203 372 -1 -1 5220 5220
3052 CONNECTION 203 40 300 1200 6120 6120
3053 CONNECTION 203 156 300 2100 7020 7020
3054 CONNECTION 203 248 300 3000 7920 7920
3055 CONNECTION 203 460 300 3000 7800 7800
3056 CONNECTION 203 324 300 3900 8820 8820
3057 CONNECTION 203 374 300 4800 9720 9720
3058 CONNECTION 224 225 -1 -1 3480 3480
3059 CONNECTION 224 458 -1 -1 2400 2400
3060 CONNECTION 224 495 -1 -1 4140 4140
3061 CONNECTION 224 435 -1 -1 4860 4860
3062 CONNECTION 224 391 300 780 5040 5040
3063 CONNECTION 224 479 300 1320 7080 7080
3064 CONNECTION 224 181 300 2520 6000 6000
3065 CONNECTION 224 298 300 3480 7740 7740
3066 CONNECTION 224 132 300 3660 8460 8460
3067 CONNECTION 224 61 300 4380 8640 8640
3068 CONNECTION 270 271 -1 -1 2640 2640
3069 CONNECTION 270 433 -1 -1 2280 2280
3070 CONNECTION 270 245 -1 -1 1500 1500
3071 CONNECTION 270 347 -1 -1 3540 3540
3072 CONNECTION 270 321 -1 -1 2400 2400
3073 CONNECTION 270 296 -1 -1 3420 3420
3074 CONNECTION 270 13 -1 -1 4440 4440
3075 CONNECTION 270 371 -1 -1 3300 3300
3076 CONNECTION 270 79 -1 -1 4560 4560
3077 CONNECTION 270 105 300 420 5340 5340
3078 CONNECTION 270 478 300 480 4740 4740
3079 CONNECTION 270 39 300 1080 4200 4200
3080 CONNECTION 270 205 300 1320 6240 6240
3081 CONNECTION 270 130 300 1860 5880 5880
3082 CONNECTION 270 155 300 1980 5100 5100
3083 CONNECTION 270 273 300 2220 7140 7140
3084 CONNECTION 270 247 300 2880 6000 6000
3085 CONNECTION 270 496 300 3000 7020 7020
3086 CONNECTION 270 349 300 3120 8040 8040
3087 CONNECTION 270 323 300 3780 6900 6900
3088 CONNECTION 270 411 300 3900 8160 8160
3089 CONNECTION 270 15 300 4020 8940 8940
3090 CONNECTION 270 226 300 4080 8340 8340
3091 CONNECTION 270 373 300 4680 7800 7800
3092 SINK 270 2 -1 -1 300 300
3093 CONNECTION 295 296 -1 -1 1740 1740
3094 CONNECTION 295 371 -1 -1 1620 1620
3095 CONNECTION 295 79 -1 -1 2880 2880
3096 CONNECTION 295 105 -1 -1 3660 3660
3097 CONNECTION 295 478 -1 -1 3060 3060
3098 CONNECTION 295 39 -1 -1 2520 2520
3099 CONNECTION 295 205 -1 -1 4560 4560
3100 CONNECTION 295 130 -1 -1 4200 4200
3101 CONNECTION 295 155 -1 -1 3420 3420
3102 CONNECTION 295 273 300 540 5460 5460
3103 CONNECTION 295 247 300 1200 4320 4320
3104 CONNECTION 295 496 300 1320 5340 5340
3105 CONNECTION 295 349 300 1440 6360 6360
3106 CONNECTION 295 323 300 2100 5220 5220
3107 CONNECTION 295 411 300 2220 6480 6480
3108 CONNECTION 295 15 300 2340 7260 7260
3109 CONNECTION 295 226 300 2400 6660 6660
3110 CONNECTION 295 373 300 3000 6120 6120
3111 CONNECTION 295 107 300 3240 8160 8160
3112 CONNECTION 295 436 300 3780 7800 7800
3113 CONNECTION 295 41 300 3900 7020 7020
3114 CONNECTION 295 207 300 4140 9060 9060
3115 CONNECTION 295 157 300 4800 7920 7920
3116 SINK 295 2 -1 -1 300 300
3117 CONNECTION 153 104 -1 -1 2100 2100
3118 CONNECTION 153 204 -1 -1 3000 3000
3119 CONNECTION 153 272 300 780 3900 3900
3120 CONNECTION 153 348 300 1680 4800 4800
3121 CONNECTION 153 14 300 2580 5700 5700
3122 CONNECTION 153 106 300 3480 6600 6600
3123 CONNECTION 153 206 300 4380 7500 7500
3124 CONNECTION 370 371 -1 -1 840 840
3125 CONNECTION 370 39 -1 -1 1740 1740
3126 CONNECTION 370 205 -1 -1 3780 3780
3127 CONNECTION 370 130 -1 -1 3420 3420
3128 CONNECTION 370 155 -1 -1 2640 2640
3129 CONNECTION 370 273 -1 -1 4680 4680
3130 CONNECTION 370 247 300 420 3540 3540
3131 CONNECTION 370 496 300 540 4560 4560
3132 CONNECTION 370 349 300 660 5580 5580
3133 CONNECTION 370 323 300 1320 4440 4440
3134 CONNECTION 370 411 300 1440 5700 5700
3135 CONNECTION 370 15 300 1560 6480 6480
3136 CONNECTION 370 226 300 1620 5880 5880
3137 CONNECTION 370 373 300 2220 5340 5340
3138 CONNECTION 370 107 300 2460 7380 7380
3139 CONNECTION 370 436 300 3000 7020 7020
3140 CONNECTION 370 41 300 3120 6240 6240
3141 CONNECTION 370 207 300 3360 8280 8280
3142 CONNECTION 370 157 300 4020 7140 7140
3143 CONNECTION 370 299 300 4140 8160 8160
3144 CONNECTION 370 275 300 4260 9180 9180
3145 SINK 370 2 -1 -1 300 300
3146 CONNECTION 457 458 -1 -1 1200 1200
3147 CONNECTION 457 495 -1 -1 2940 2940
3148 CONNECTION 457 435 -1 -1 3660 3660
3149 CONNECTION 457 391 -1 -1 3840 3840
3150 CONNECTION 457 479 -1 -1 5880 5880
3151 CONNECTION 457 181 300 1320 4800 4800
3152 CONNECTION 457 298 300 2280 6540 6540
3153 CONNECTION 457 132 300 2460 7260 7260
3154 CONNECTION 457 61 300 3180 7440 7440
3155 CONNECTION 457 227 300 3720 9480 9480
3156 CONNECTION 494 60 -1 -1 5340 5340
3157 CONNECTION 494 80 300 660 5580 5580
3158 CONNECTION 494 392 300 3180 8940 8940
3159 CONNECTION 494 412 300 4260 9180 9180
3160 CONNECTION 129 180 -1 -1 3540 3540
3161 CONNECTION 129 322 -1 -1 3660 3660
3162 CONNECTION 129 372 -1 -1 4560 4560
3163 CONNECTION 129 40 300 540 5460 5460
3164 CONNECTION 129 156 300 1440 6360 6360
3165 CONNECTION 129 248 300 2340 7260 7260
3166 CONNECTION 129 460 300 2340 7140 7140
3167 CONNECTION 129 324 300 3240 8160 8160
3168 CONNECTION 129 374 300 4140 9060 9060
3169 CONNECTION 179 371 -1 -1 1620 1620
3170 CONNECTION 179 79 -1 -1 2880 2880
3171 CONNECTION 179 105 -1 -1 3660 3660
3172 CONNECTION 179 478 -1 -1 3060 3060
3173 CONNECTION 179 39 -1 -1 2520 2520
3174 CONNECTION 179 205 -1 -1 4560 4560
3175 CONNECTION 179 130 -1 -1 4200 4200
3176 CONNECTION 179 155 -1 -1 3420 3420
3177 CONNECTION 179 273 300 540 5460 5460
3178 CONNECTION 179 247 300 1200 4320 4320
3179 CONNECTION 179 496 300 1320 5340 5340
3180 CONNECTION 179 349 300 1440 6360 6360
3181 CONNECTION 179 323 300 2100 5220 5220
3182 CONNECTION 179 411 300 2220 6480 6480
3183 CONNECTION 179 15 300 2340 7260 7260
3184 CONNECTION 179 226 300 2400 6660 6660
3185 CONNECTION 179 373 300 3000 6120 6120
3186 CONNECTION 179 107 300 3240 8160 8160
3187 CONNECTION 179 436 300 3780 7800 7800
3188 CONNECTION 179 41 300 3900 7020 7020
3189 CONNECTION 179 207 300 4140 9060 9060
3190 CONNECTION 179 157 300 4800 7920 7920
3191 SINK 179 2 -1 -1 300 300
3192 CONNECTION 271 180 -1 -1 3300 3300
3193 CONNECTION 271 322 -1 -1 3420 3420
3194 CONNECTION 271 372 -1 -1 4320 4320
3195 CONNECTION 271 40 -1 -1 5220 5220
3196 CONNECTION 271 156 300 1200 6120 6120
3197 CONNECTION 271 248 300 2100 7020 7020
3198 CONNECTION 271 460 300 2100 6900 6900
3199 CONNECTION 271 324 300 3000 7920 7920
3200 CONNECTION 271 374 300 3900 8820 8820
3201 CONNECTION 271 42 300 4800 9720 9720
3202 CONNECTION 346 347 -1 -1 2640 2640
3203 CONNECTION 346 321 -1 -1 1500 1500
3204 CONNECTION 346 296 -1 -1 2520 2520
3205 CONNECTION 346 13 -1 -1 3540 3540
3206 CONNECTION 346 371 -1 -1 2400 2400
3207 CONNECTION 346 79 -1 -1 3660 3660
3208 CONNECTION 346 105 -1 -1 4440 4440
3209 CONNECTION 346 478 -1 -1 3840 3840
3210 CONNECTION 346 39 -1 -1 3300 3300
3211 CONNECTION 346 205 300 420 5340 5340
3212 CONNECTION 346 130 300 960 4980 4980
3213 CONNECTION 346 155 300 1080 4200 4200
3214 CONNECTION 346 273 300 1320 6240 6240
3215 CONNECTION 346 247 300 1980 5100 5100
3216 CONNECTION 346 496 300 2100 6120 6120
3217 CONNECTION 346 349 300 2220 7140 7140
3218 CONNECTION 346 323 300 2880 6000 6000
3219 CONNECTION 346 411 300 3000 7260 7260
3220 CONNECTION 346 15 300 3120 8040 8040
3221 CONNECTION 346 226 300 3180 7440 7440
3222 CONNECTION 346 373 300 3780 6900 6900
3223 CONNECTION 346 107 300 4020 8940 8940
3224 CONNECTION 346 436 300 4560 8580 8580
3225 CONNECTION 346 41 300 4680 7800 7800
3226 SINK 346 2 -1 -1 300 300
3227 CONNECTION 433 434 -1 -1 1200 1200
3228 CONNECTION 433 297 -1 -1 3780 3780
3229 CONNECTION 433 459 -1 -1 3000 3000
3230 CONNECTION 433 410 -1 -1 3900 3900
3231 CONNECTION 433 131 300 1320 4800 4800
3232 CONNECTION 433 497 300 2460 7380 7380
3233 CONNECTION 433 182 300 2580 6600 6600
3234 CONNECTION 433 81 300 3480 7500 7500
3235 CONNECTION 59 39 -1 -1 1620 1620
3236 CONNECTION 59 205 -1 -1 3660 3660
3237 CONNECTION 59 130 -1 -1 3300 3300
3238 CONNECTION 59 155 -1 -1 2520 2520
3239 CONNECTION 59 273 -1 -1 4560 4560
3240 CONNECTION 59 247 -1 -1 3420 3420
3241 CONNECTION 59 496 300 420 4440 4440
3242 CONNECTION 59 349 300 540 5460 5460
3243 CONNECTION 59 323 300 1200 4320 4320
3244 CONNECTION 59 411 300 1320 5580 5580
3245 CONNECTION 59 15 300 1440 6360 6360
3246 CONNECTION 59 226 300 1500 5760 5760
3247 CONNECTION 59 373 300 2100 5220 5220
3248 CONNECTION 59 107 300 2340 7260 7260
3249 CONNECTION 59 436 300 2880 6900 6900
3250 CONNECTION 59 41 300 3000 6120 6120
3251 CONNECTION 59 207 300 3240 8160 8160
3252 CONNECTION 59 157 300 3900 7020 7020
3253 CONNECTION 59 299 300 4020 8040 8040
3254 CONNECTION 59 275 300 4140 9060 9060
3255 CONNECTION 59 249 300 4800 7920 7920
3256 SINK 59 2 -1 -1 300 300
3257 CONNECTION 245 204 -1 -1 2100 2100
3258 CONNECTION 245 272 -1 -1 3000 3000
3259 CONNECTION 245 348 300 780 3900 3900
3260 CONNECTION 245 14 300 1680 4800 4800
3261 CONNECTION 245 106 300 2580 5700 5700
3262 CONNECTION 245 206 300 3480 6600 6600
3263 CONNECTION 245 274 300 4380 7500 7500
3264 CONNECTION 38 39 -1 -1 840 840
3265 CONNECTION 38 130 -1 -1 2520 2520
3266 CONNECTION 38 155 -1 -1 1740 1740
3267 CONNECTION 38 273 -1 -1 3780 3780
3268 CONNECTION 38 247 -1 -1 2640 2640
3269 CONNECTION 38 496 -1 -1 3660 3660
3270 CONNECTION 38 349 -1 -1 4680 4680
3271 CONNECTION 38 323 300 420 3540 3540
3272 CONNECTION 38 411 300 540 4800 4800
3273 CONNECTION 38 15 300 660 5580 5580
3274 CONNECTION 38 226 300 720 4980 4980
3275 CONNECTION 38 373 300 1320 4440 4440
3276 CONNECTION 38 107 300 1560 6480 6480
3277 CONNECTION 38 436 300 2100 6120 6120
3278 CONNECTION 38 41 300 2220 5340 5340
3279 CONNECTION 38 207 300 2460 7380 7380
3280 CONNECTION 38 157 300 3120 6240 6240
3281 CONNECTION 38 299 300 3240 7260 7260
3282 CONNECTION 38 275 300 3360 8280 8280
3283 CONNECTION 38 249 300 4020 7140 7140
3284 CONNECTION 38 82 300 4140 8400 8400
3285 CONNECTION 38 351 300 4260 9180 9180
3286 CONNECTION 38 480 300 4320 8580 8580
3287 SINK 38 2 -1 -1 300 300
3288 CONNECTION 390 391 -1 -1 1980 1980
3289 CONNECTION 390 479 -1 -1 4020 4020
3290 CONNECTION 390 181 -1 -1 2940 2940
3291 CONNECTION 390 298 300 420 4680 4680
3292 CONNECTION 390 132 300 600 5400 5400
3293 CONNECTION 390 61 300 1320 5580 5580
3294 CONNECTION 390 227 300 1860 7620 7620
3295 CONNECTION 390 461 300 3060 6540 6540
3296 CONNECTION 390 498 300 4020 8280 8280
3297 CONNECTION 390 438 300 4200 9000 9000
3298 CONNECTION 78 79 -1 -1 1980 1980
3299 CONNECTION 78 39 -1 -1 1620 1620
3300 CONNECTION 78 205 -1 -1 3660 3660
3301 CONNECTION 78 130 -1 -1 3300 3300
3302 CONNECTION 78 155 -1 -1 2520 2520
3303 CONNECTION 78 273 -1 -1 4560 4560
3304 CONNECTION 78 247 -1 -1 3420 3420
3305 CONNECTION 78 496 300 420 4440 4440
3306 CONNECTION 78 349 300 540 5460 5460
3307 CONNECTION 78 323 300 1200 4320 4320
3308 CONNECTION 78 411 300 1320 5580 5580
3309 CONNECTION 78 15 300 1440 6360 6360
3310 CONNECTION 78 226 300 1500 5760 5760
3311 CONNECTION 78 373 300 2100 5220 5220
3312 CONNECTION 78 107 300 2340 7260 7260
3313 CONNECTION 78 436 300 2880 6900 6900
3314 CONNECTION 78 41 300 3000 6120 6120
3315 CONNECTION 78 207 300 3240 8160 8160
3316 CONNECTION 78 157 300 3900 7020 7020
3317 CONNECTION 78 299 300 4020 8040 8040
3318 CONNECTION 78 275 300 4140 9060 9060
3319 CONNECTION 78 249 300 4800 7920 7920
3320 SINK 78 2 -1 -1 300 300
3321 CONNECTION 347 372 -1 -1 3420 3420
3322 CONNECTION 347 40 -1 -1 4320 4320
3323 CONNECTION 347 156 -1 -1 5220 5220
3324 CONNECTION 347 248 300 1200 6120 6120
3325 CONNECTION 347 460 300 1200 6000 6000
3326 CONNECTION 347 324 300 2100 7020 7020
3327 CONNECTION 347 374 300 3000 7920 7920
3328 CONNECTION 347 42 300 3900 8820 8820
3329 CONNECTION 347 158 300 4800 9720 9720
3330 CONNECTION 347 183 300 4800 9600 9600
3331 CONNECTION 12 13 -1 -1 2640 2640
3332 CONNECTION 12 371 -1 -1 1500 1500
3333 CONNECTION 12 79 -1 -1 2760 2760
3334 CONNECTION 12 105 -1 -1 3540 3540
3335 CONNECTION 12 478 -1 -1 2940 2940
3336 CONNECTION 12 39 -1 -1 2400 2400
3337 CONNECTION 12 205 -1 -1 4440 4440
3338 CONNECTION 12 130 -1 -1 4080 4080
3339 CONNECTION 12 155 -1 -1 3300 3300
3340 CONNECTION 12 273 300 420 5340 5340
3341 CONNECTION 12 247 300 1080 4200 4200
3342 CONNECTION 12 496 300 1200 5220 5220
3343 CONNECTION 12 349 300 1320 6240 6240
3344 CONNECTION 12 323 300 1980 5100 5100
3345 CONNECTION 12 411 300 2100 6360 6360
3346 CONNECTION 12 15 300 2220 7140 7140
3347 CONNECTION 12 226 300 2280 6540 6540
3348 CONNECTION 12 373 300 2880 6000 6000
3349 CONNECTION 12 107 300 3120 8040 8040
3350 CONNECTION 12 436 300 3660 7680 7680
3351 CONNECTION 12 41 300 3780 6900 6900
3352 CONNECTION 12 207 300 4020 8940 8940
3353 CONNECTION 12 157 300 4680 7800 7800
3354 CONNECTION 12 299 300 4800 8820 8820
3355 SINK 12 2 -1 -1 300 300
3356 CONNECTION 225 80 -1 -1 3420 3420
3357 CONNECTION 225 392 300 1020 6780 6780
3358 CONNECTION 225 412 300 2100 7020 7020
3359 CONNECTION 225 62 300 4620 10380 10380
3360 CONNECTION 321 272 -1 -1 2100 2100
3361 CONNECTION 321 348 -1 -1 3000 3000
3362 CONNECTION 321 14 300 780 3900 3900
3363 CONNECTION 321 106 300 1680 4800 4800
3364 CONNECTION 321 206 300 2580 5700 5700
3365 CONNECTION 321 274 300 3480 6600 6600
3366 CONNECTION 321 350 300 4380 7500 7500
3367 CONNECTION 154 155 -1 -1 840 840
3368 CONNECTION 154 247 -1 -1 1740 1740
3369 CONNECTION 154 496 -1 -1 2760 2760
3370 CONNECTION 154 349 -1 -1 3780 3780
3371 CONNECTION 154 323 -1 -1 2640 2640
3372 CONNECTION 154 411 -1 -1 3900 3900
3373 CONNECTION 154 15 -1 -1 4680 4680
3374 CONNECTION 154 226 -1 -1 4080 4080
3375 CONNECTION 154 373 300 420 3540 3540
3376 CONNECTION 154 107 300 660 5580 5580
3377 CONNECTION 154 436 300 1200 5220 5220
3378 CONNECTION 154 41 300 1320 4440 4440
3379 CONNECTION 154 207 300 1560 6480 6480
3380 CONNECTION 154 157 300 2220 5340 5340
3381 CONNECTION 154 299 300 2340 6360 6360
3382 CONNECTION 154 275 300 2460 7380 7380
3383 CONNECTION 154 249 300 3120 6240 6240
3384 CONNECTION 154 82 300 3240 7500 7500
3385 CONNECTION 154 351 300 3360 8280 8280
3386 CONNECTION 154 480 300 3420 7680 7680
3387 CONNECTION 154 325 300 4020 7140 7140
3388 CONNECTION 154 17 300 4260 9180 9180
3389 CONNECTION 154 133 300 4800 8820 8820
3390 SINK 154 2 -1 -1 300 300
3391 CONNECTION 296 297 -1 -1 2640 2640
3392 CONNECTION 296 410 -1 -1 2760 2760
3393 CONNECTION 296 131 -1 -1 3660 3660
3394 CONNECTION 296 497 300 1320 6240 6240
3395 CONNECTION 296 182 300 1440 5460 5460
3396 CONNECTION 296 81 300 2340 6360 6360
3397 CONNECTION 296 437 300 3780 7260 7260
3398 CONNECTION 13 40 -1 -1 3420 3420
3399 CONNECTION 13 156 -1 -1 4320 4320
3400 CONNECTION 13 248 -1 -1 5220 5220
3401 CONNECTION 13 460 -1 -1 5100 5100
3402 CONNECTION 13 324 300 1200 6120 6120
3403 CONNECTION 13 374 300 2100 7020 7020
3404 CONNECTION 13 42 300 3000 7920 7920
3405 CONNECTION 13 158 300 3900 8820 8820
3406 CONNECTION 13 183 300 3900 8700 8700
3407 CONNECTION 13 250 300 4800 9720 9720
3408 CONNECTION 409 410 -1 -1 1740 1740
3409 CONNECTION 409 131 -1 -1 2640 2640
3410 CONNECTION 409 497 -1 -1 5220 5220
3411 CONNECTION 409 182 300 420 4440 4440
3412 CONNECTION 409 81 300 1320 5340 5340
3413 CONNECTION 409 437 300 2760 6240 6240
3414 CONNECTION 409 300 300 3900 8820 8820
3415 CONNECTION 409 462 300 4020 8040 8040
3416 CONNECTION 104 105 -1 -1 2640 2640
3417 CONNECTION 104 39 -1 -1 1500 1500
3418 CONNECTION 104 205 -1 -1 3540 3540
3419 CONNECTION 104 130 -1 -1 3180 3180
3420 CONNECTION 104 155 -1 -1 2400 2400
3421 CONNECTION 104 273 -1 -1 4440 4440
3422 CONNECTION 104 247 -1 -1 3300 3300
3423 CONNECTION 104 496 -1 -1 4320 4320
3424 CONNECTION 104 349 300 420 5340 5340
3425 CONNECTION 104 323 300 1080 4200 4200
3426 CONNECTION 104 411 300 1200 5460 5460
3427 CONNECTION 104 15 300 1320 6240 6240
3428 CONNECTION 104 226 300 1380 5640 5640
3429 CONNECTION 104 373 300 1980 5100 5100
3430 CONNECTION 104 107 300 2220 7140 7140
3431 CONNECTION 104 436 300 2760 6780 6780
3432 CONNECTION 104 41 300 2880 6000 6000
3433 CONNECTION 104 207 300 3120 8040 8040
3434 CONNECTION 104 157 300 3780 6900 6900
3435 CONNECTION 104 299 300 3900 7920 7920
3436 CONNECTION 104 275 300 4020 8940 8940
3437 CONNECTION 104 249 300 4680 7800 7800
3438 CONNECTION 104 82 300 4800 9060 9060
3439 SINK 104 2 -1 -1 300 300
3440 CONNECTION 434 435 -1 -1 2520 2520
3441 CONNECTION 434 391 -1 -1 2700 2700
3442 CONNECTION 434 479 -1 -1 4740 4740
3443 CONNECTION 434 181 -1 -1 3660 3660
3444 CONNECTION 434 298 300 1140 5400 5400
3445 CONNECTION 434 132 300 1320 6120 6120
3446 CONNECTION 434 61 300 2040 6300 6300
3447 CONNECTION 434 227 300 2580 8340 8340
3448 CONNECTION 434 461 300 3780 7260 7260
3449 CONNECTION 434 498 300 4740 9000 9000
3450 CONNECTION 458 459 -1 -1 1740 1740
3451 CONNECTION 458 410 -1 -1 2640 2640
3452 CONNECTION 458 131 -1 -1 3540 3540
3453 CONNECTION 458 497 300 1200 6120 6120
3454 CONNECTION 458 182 300 1320 5340 5340
3455 CONNECTION 458 81 300 2220 6240 6240
3456 CONNECTION 458 437 300 3660 7140 7140
3457 CONNECTION 458 300 300 4800 9720 9720
3458 CONNECTION 371 348 -1 -1 2100 2100
3459 CONNECTION 371 14 -1 -1 3000 3000
3460 CONNECTION 371 106 300 780 3900 3900
3461 CONNECTION 371 206 300 1680 4800 4800
3462 CONNECTION 371 274 300 2580 5700 5700
3463 CONNECTION 371 350 300 3480 6600 6600
3464 CONNECTION 371 16 300 4380 7500 7500
3465 CONNECTION 246 247 -1 -1 840 840
3466 CONNECTION 246 323 -1 -1 1740 1740
3467 CONNECTION 246 411 -1 -1 3000 3000
3468 CONNECTION 246 15 -1 -1 3780 3780
3469 CONNECTION 246 226 -1 -1 3180 3180
3470 CONNECTION 246 373 -1 -1 2640 2640
3471 CONNECTION 246 107 -1 -1 4680 4680
3472 CONNECTION 246 436 -1 -1 4320 4320
3473 CONNECTION 246 41 300 420 3540 3540
3474 CONNECTION 246 207 300 660 5580 5580
3475 CONNECTION 246 157 300 1320 4440 4440
3476 CONNECTION 246 299 300 1440 5460 5460
3477 CONNECTION 246 275 300 1560 6480 6480
3478 CONNECTION 246 249 300 2220 5340 5340
3479 CONNECTION 246 82 300 2340 6600 6600
3480 CONNECTION 246 351 300 2460 7380 7380
3481 CONNECTION 246 480 300 2520 6780 6780
3482 CONNECTION 246 325 300 3120 6240 6240
3483 CONNECTION 246 17 300 3360 8280 8280
3484 CONNECTION 246 133 300 3900 7920 7920
3485 CONNECTION 246 375 300 4020 7140 7140
3486 CONNECTION 246 109 300 4260 9180 9180
3487 SINK 246 2 -1 -1 300 300
3488 CONNECTION 79 181 -1 -1 2580 2580
3489 CONNECTION 79 298 -1 -1 4320 4320
3490 CONNECTION 79 132 -1 -1 5040 5040
3491 CONNECTION 79 61 300 960 5220 5220
3492 CONNECTION 79 227 300 1500 7260 7260
3493 CONNECTION 79 461 300 2700 6180 6180
3494 CONNECTION 79 498 300 3660 7920 7920
3495 CONNECTION 79 438 300 3840 8640 8640
3496 CONNECTION 79 393 300 4560 8820 8820
3497 CONNECTION 105 156 -1 -1 3420 3420
3498 CONNECTION 105 248 -1 -1 4320 4320
3499 CONNECTION 105 460 -1 -1 4200 4200
3500 CONNECTION 105 324 -1 -1 5220 5220
3501 CONNECTION 105 374 300 1200 6120 6120
3502 CONNECTION 105 42 300 2100 7020 7020
3503 CONNECTION 105 158 300 3000 7920 7920
3504 CONNECTION 105 183 300 3000 7800 7800
3505 CONNECTION 105 250 300 3900 8820 8820
3506 CONNECTION 105 326 300 4800 9720 9720
3507 CONNECTION 204 205 -1 -1 2640 2640
3508 CONNECTION 204 130 -1 -1 2280 2280
3509 CONNECTION 204 155 -1 -1 1500 1500
3510 CONNECTION 204 273 -1 -1 3540 3540
3511 CONNECTION 204 247 -1 -1 2400 2400
3512 CONNECTION 204 496 -1 -1 3420 3420
3513 CONNECTION 204 349 -1 -1 4440 4440
3514 CONNECTION 204 323 -1 -1 3300 3300
3515 CONNECTION 204 411 -1 -1 4560 4560
3516 CONNECTION 204 15 300 420 5340 5340
3517 CONNECTION 204 226 300 480 4740 4740
3518 CONNECTION 204 373 300 1080 4200 4200
3519 CONNECTION 204 107 300 1320 6240 6240
3520 CONNECTION 204 436 300 1860 5880 5880
3521 CONNECTION 204 41 300 1980 5100 5100
3522 CONNECTION 204 207 300 2220 7140 7140
3523 CONNECTION 204 157 300 2880 6000 6000
3524 CONNECTION 204 299 300 3000 7020 7020
3525 CONNECTION 204 275 300 3120 8040 8040
3526 CONNECTION 204 249 300 3780 6900 6900
3527 CONNECTION 204 82 300 3900 8160 8160
3528 CONNECTION 204 351 300 4020 8940 8940
3529 CONNECTION 204 480 300 4080 8340 8340
3530 CONNECTION 204 325 300 4680 7800 7800
3531 SINK 204 2 -1 -1 300 300
3532 CONNECTION 478 479 -1 -1 3480 3480
3533 CONNECTION 478 181 -1 -1 2400 2400
3534 CONNECTION 478 298 -1 -1 4140 4140
3535 CONNECTION 478 132 -1 -1 4860 4860
3536 CONNECTION 478 61 300 780 5040 5040
3537 CONNECTION 478 227 300 1320 7080 7080
3538 CONNECTION 478 461 300 2520 6000 6000
3539 CONNECTION 478 498 300 3480 7740 7740
3540 CONNECTION 478 438 300 3660 8460 8460
3541 CONNECTION 478 393 300 4380 8640 8640
3542 CONNECTION 495 496 -1 -1 1740 1740
3543 CONNECTION 495 323 -1 -1 1620 1620
3544 CONNECTION 495 411 -1 -1 2880 2880
3545 CONNECTION 495 15 -1 -1 3660 3660
3546 CONNECTION 495 226 -1 -1 3060 3060
3547 CONNECTION 495 373 -1 -1 2520 2520
3548 CONNECTION 495 107 -1 -1 4560 4560
3549 CONNECTION 495 436 -1 -1 4200 4200
3550 CONNECTION 495 41 -1 -1 3420 3420
3551 CONNECTION 495 207 300 540 5460 5460
3552 CONNECTION 495 157 300 1200 4320 4320
3553 CONNECTION 495 299 300 1320 5340 5340
3554 CONNECTION 495 275 300 1440 6360 6360
3555 CONNECTION 495 249 300 2100 5220 5220
3556 CONNECTION 495 82 300 2220 6480 6480
3557 CONNECTION 495 351 300 2340 7260 7260
3558 CONNECTION 495 480 300 2400 6660 6660
3559 CONNECTION 495 325 300 3000 6120 6120
3560 CONNECTION 495 17 300 3240 8160 8160
3561 CONNECTION 495 133 300 3780 7800 7800
3562 CONNECTION 495 375 300 3900 7020 7020
3563 CONNECTION 495 109 300 4140 9060 9060
3564 CONNECTION 495 43 300 4800 7920 7920
3565 SINK 495 2 -1 -1 300 300
3566 CONNECTION 39 14 -1 -1 2100 2100
3567 CONNECTION 39 106 -1 -1 3000 3000
3568 CONNECTION 39 206 300 780 3900 3900
3569 CONNECTION 39 274 300 1680 4800 4800
3570 CONNECTION 39 350 300 2580 5700 5700
3571 CONNECTION 39 16 300 3480 6600 6600
3572 CONNECTION 39 108 300 4380 7500 7500
3573 CONNECTION 180 181 -1 -1 1200 1200
3574 CONNECTION 180 298 -1 -1 2940 2940
3575 CONNECTION 180 132 -1 -1 3660 3660
3576 CONNECTION 180 61 -1 -1 3840 3840
3577 CONNECTION 180 227 -1 -1 5880 5880
3578 CONNECTION 180 461 300 1320 4800 4800
3579 CONNECTION 180 498 300 2280 6540 6540
3580 CONNECTION 180 438 300 2460 7260 7260
3581 CONNECTION 180 393 300 3180 7440 7440
3582 CONNECTION 180 481 300 3720 9480 9480
3583 CONNECTION 297 392 -1 -1 5340 5340
3584 CONNECTION 297 412 300 660 5580 5580
3585 CONNECTION 297 62 300 3180 8940 8940
3586 CONNECTION 297 83 300 4260 9180 9180
3587 CONNECTION 322 323 -1 -1 840 840
3588 CONNECTION 322 373 -1 -1 1740 1740
3589 CONNECTION 322 107 -1 -1 3780 3780
3590 CONNECTION 322 436 -1 -1 3420 3420
3591 CONNECTION 322 41 -1 -1 2640 2640
3592 CONNECTION 322 207 -1 -1 4680 4680
3593 CONNECTION 322 157 300 420 3540 3540
3594 CONNECTION 322 299 300 540 4560 4560
3595 CONNECTION 322 275 300 660 5580 5580
3596 CONNECTION 322 249 300 1320 4440 4440
3597 CONNECTION 322 82 300 1440 5700 5700
3598 CONNECTION 322 351 300 1560 6480 6480
3599 CONNECTION 322 480 300 1620 5880 5880
3600 CONNECTION 322 325 300 2220 5340 5340
3601 CONNECTION 322 17 300 2460 7380 7380
3602 CONNECTION 322 133 300 3000 7020 7020
3603 CONNECTION 322 375 300 3120 6240 6240
3604 CONNECTION 322 109 300 3360 8280 8280
3605 CONNECTION 322 43 300 4020 7140 7140
3606 CONNECTION 322 499 300 4140 8160 8160
3607 CONNECTION 322 209 300 4260 9180 9180
3608 SINK 322 2 -1 -1 300 300
3609 CONNECTION 435 248 -1 -1 3660 3660
3610 CONNECTION 435 460 -1 -1 3540 3540
3611 CONNECTION 435 324 -1 -1 4560 4560
3612 CONNECTION 435 374 300 540 5460 5460
3613 CONNECTION 435 42 300 1440 6360 6360
3614 CONNECTION 435 158 300 2340 7260 7260
3615 CONNECTION 435 183 300 2340 7140 7140
3616 CONNECTION 435 250 300 3240 8160 8160
3617 CONNECTION 435 326 300 4140 9060 9060
3618 CONNECTION 459 323 -1 -1 1620 1620
3619 CONNECTION 459 411 -1 -1 2880 2880
3620 CONNECTION 459 15 -1 -1 3660 3660
3621 CONNECTION 459 226 -1 -1 3060 3060
3622 CONNECTION 459 373 -1 -1 2520 2520
3623 CONNECTION 459 107 -1 -1 4560 4560
3624 CONNECTION 459 436 -1 -1 4200 4200
3625 CONNECTION 459 41 -1 -1 3420 3420
3626 CONNECTION 459 207 300 540 5460 5460
3627 CONNECTION 459 157 300 1200 4320 4320
3628 CONNECTION 459 299 300 1320 5340 5340
3629 CONNECTION 459 275 300 1440 6360 6360
3630 CONNECTION 459 249 300 2100 5220 5220
3631 CONNECTION 459 82 300 2220 6480 6480
3632 CONNECTION 459 351 300 2340 7260 7260
3633 CONNECTION 459 480 300 2400 6660 6660
3634 CONNECTION 459 325 300 3000 6120 6120
3635 CONNECTION 459 17 300 3240 8160 8160
3636 CONNECTION 459 133 300 3780 7800 7800
3637 CONNECTION 459 375 300 3900 7020 7020
3638 CONNECTION 459 109 300 4140 9060 9060
3639 CONNECTION 459 43 300 4800 7920 7920
3640 SINK 459 2 -1 -1 300 300
3641 CONNECTION 205 248 -1 -1 3420 3420
3642 CONNECTION 205 460 -1 -1 3300 3300
3643 CONNECTION 205 324 -1 -1 4320 4320
3644 CONNECTION 205 374 -1 -1 5220 5220
3645 CONNECTION 205 42 300 1200 6120 6120
3646 CONNECTION 205 158 300 2100 7020 7020
3647 CONNECTION 205 183 300 2100 6900 6900
3648 CONNECTION 205 250 300 3000 7920 7920
3649 CONNECTION 205 326 300 3900 8820 8820
3650 CONNECTION 205 376 300 4800 9720 9720
3651 CONNECTION 272 273 -1 -1 2640 2640
3652 CONNECTION 272 247 -1 -1 1500 1500
3653 CONNECTION 272 496 -1 -1 2520 2520
3654 CONNECTION 272 349 -1 -1 3540 3540
3655 CONNECTION 272 323 -1 -1 2400 2400
3656 CONNECTION 272 411 -1 -1 3660 3660
3657 CONNECTION 272 15 -1 -1 4440 4440
3658 CONNECTION 272 226 -1 -1 3840 3840
3659 CONNECTION 272 373 -1 -1 3300 3300
3660 CONNECTION 272 107 300 420 5340 5340
3661 CONNECTION 272 436 300 960 4980 4980
3662 CONNECTION 272 41 300 1080 4200 4200
3663 CONNECTION 272 207 300 1320 6240 6240
3664 CONNECTION 272 157 300 1980 5100 5100
3665 CONNECTION 272 299 300 2100 6120 6120
3666 CONNECTION 272 275 300 2220 7140 7140
3667 CONNECTION 272 249 300 2880 6000 6000
3668 CONNECTION 272 82 300 3000 7260 7260
3669 CONNECTION 272 351 300 3120 8040 8040
3670 CONNECTION 272 480 300 3180 7440 7440
3671 CONNECTION 272 325 300 3780 6900 6900
3672 CONNECTION 272 17 300 4020 8940 8940
3673 CONNECTION 272 133 300 4560 8580 8580
3674 CONNECTION 272 375 300 4680 7800 7800
3675 SINK 272 2 -1 -1 300 300
3676 CONNECTION 130 131 -1 -1 1200 1200
3677 CONNECTION 130 497 -1 -1 3780 3780
3678 CONNECTION 130 182 -1 -1 3000 3000
3679 CONNECTION 130 81 -1 -1 3900 3900
3680 CONNECTION 130 437 300 1320 4800 4800
3681 CONNECTION 130 300 300 2460 7380 7380
3682 CONNECTION 130 462 300 2580 6600 6600
3683 CONNECTION 130 413 300 3480 7500 7500
3684 CONNECTION 391 373 -1 -1 1620 1620
3685 CONNECTION 391 107 -1 -1 3660 3660
3686 CONNECTION 391 436 -1 -1 3300 3300
3687 CONNECTION 391 41 -1 -1 2520 2520
3688 CONNECTION 391 207 -1 -1 4560 4560
3689 CONNECTION 391 157 -1 -1 3420 3420
3690 CONNECTION 391 299 300 420 4440 4440
3691 CONNECTION 391 275 300 540 5460 5460
3692 CONNECTION 391 249 300 1200 4320 4320
3693 CONNECTION 391 82 300 1320 5580 5580
3694 CONNECTION 391 351 300 1440 6360 6360
3695 CONNECTION 391 480 300 1500 5760 5760
3696 CONNECTION 391 325 300 2100 5220 5220
3697 CONNECTION 391 17 300 2340 7260 7260
3698 CONNECTION 391 133 300 2880 6900 6900
3699 CONNECTION 391 375 300 3000 6120 6120
3700 CONNECTION 391 109 300 3240 8160 8160
3701 CONNECTION 391 43 300 3900 7020 7020
3702 CONNECTION 391 499 300 4020 8040 8040
3703 CONNECTION 391 209 300 4140 9060 9060
3704 CONNECTION 391 159 300 4800 7920 7920
3705 SINK 391 2 -1 -1 300 300
3706 CONNECTION 155 106 -1 -1 2100 2100
3707 CONNECTION 155 206 -1 -1 3000 3000
3708 CONNECTION 155 274 300 780 3900 3900
3709 CONNECTION 155 350 300 1680 4800 4800
3710 CONNECTION 155 16 300 2580 5700 5700
3711 CONNECTION 155 108 300 3480 6600 6600
3712 CONNECTION 155 208 300 4380 7500 7500
3713 CONNECTION 60 61 -1 -1 1980 1980
3714 CONNECTION 60 227 -1 -1 4020 4020
3715 CONNECTION 60 461 -1 -1 2940 2940
3716 CONNECTION 60 498 300 420 4680 4680
3717 CONNECTION 60 438 300 600 5400 5400
3718 CONNECTION 60 393 300 1320 5580 5580
3719 CONNECTION 60 481 300 1860 7620 7620
3720 CONNECTION 60 184 300 3060 6540 6540
3721 CONNECTION 60 301 300 4020 8280 8280
3722 CONNECTION 60 135 300 4200 9000 9000
3723 CONNECTION 372 373 -1 -1 840 840
3724 CONNECTION 372 436 -1 -1 2520 2520
3725 CONNECTION 372 41 -1 -1 1740 1740
3726 CONNECTION 372 207 -1 -1 3780 3780
3727 CONNECTION 372 157 -1 -1 2640 2640
3728 CONNECTION 372 299 -1 -1 3660 3660
3729 CONNECTION 372 275 -1 -1 4680 4680
3730 CONNECTION 372 249 300 420 3540 3540
3731 CONNECTION 372 82 300 540 4800 4800
3732 CONNECTION 372 351 300 660 5580 5580
3733 CONNECTION 372 480 300 720 4980 4980
3734 CONNECTION 372 325 300 1320 4440 4440
3735 CONNECTION 372 17 300 1560 6480 6480
3736 CONNECTION 372 133 300 2100 6120 6120
3737 CONNECTION 372 375 300 2220 5340 5340
3738 CONNECTION 372 109 300 2460 7380 7380
3739 CONNECTION 372 43 300 3120 6240 6240
3740 CONNECTION 372 499 300 3240 7260 7260
3741 CONNECTION 372 209 300 3360 8280 8280
3742 CONNECTION 372 159 300 4020 7140 7140
3743 CONNECTION 372 414 300 4140 8400 8400
3744 CONNECTION 372 277 300 4260 9180 9180
3745 CONNECTION 372 228 300 4320 8580 8580
3746 SINK 372 2 -1 -1 300 300
3747 CONNECTION 410 411 -1 -1 1980 1980
3748 CONNECTION 410 373 -1 -1 1620 1620
3749 CONNECTION 410 107 -1 -1 3660 3660
3750 CONNECTION 410 436 -1 -1 3300 3300
3751 CONNECTION 410 41 -1 -1 2520 2520
3752 CONNECTION 410 207 -1 -1 4560 4560
3753 CONNECTION 410 157 -1 -1 3420 3420
3754 CONNECTION 410 299 300 420 4440 4440
3755 CONNECTION 410 275 300 540 5460 5460
3756 CONNECTION 410 249 300 1200 4320 4320
3757 CONNECTION 410 82 300 1320 5580 5580
3758 CONNECTION 410 351 300 1440 6360 6360
3759 CONNECTION 410 480 300 1500 5760 5760
3760 CONNECTION 410 325 300 2100 5220 5220
3761 CONNECTION 410 17 300 2340 7260 7260
3762 CONNECTION 410 133 300 2880 6900 6900
3763 CONNECTION 410 375 300 3000 6120 6120
3764 CONNECTION 410 109 300 3240 8160 8160
3765 CONNECTION 410 43 300 3900 7020 7020
3766 CONNECTION 410 499 300 4020 8040 8040
3767 CONNECTION 410 209 300 4140 9060 9060
3768 CONNECTION 410 159 300 4800 7920 7920
3769 SINK 410 2 -1 -1 300 300
3770 CONNECTION 273 324 -1 -1 3420 3420
3771 CONNECTION 273 374 -1 -1 4320 4320
3772 CONNECTION 273 42 -1 -1 5220 5220
3773 CONNECTION 273 158 300 1200 6120 6120
3774 CONNECTION 273 183 300 1200 6000 6000
3775 CONNECTION 273 250 300 2100 7020 7020
3776 CONNECTION 273 326 300 3000 7920 7920
3777 CONNECTION 273 376 300 3900 8820 8820
3778 CONNECTION 273 44 300 4800 9720 9720
3779 CONNECTION 273 463 300 4800 9600 9600
3780 CONNECTION 348 349 -1 -1 2640 2640
3781 CONNECTION 348 323 -1 -1 1500 1500
3782 CONNECTION 348 411 -1 -1 2760 2760
3783 CONNECTION 348 15 -1 -1 3540 3540
3784 CONNECTION 348 226 -1 -1 2940 2940
3785 CONNECTION 348 373 -1 -1 2400 2400
3786 CONNECTION 348 107 -1 -1 4440 4440
3787 CONNECTION 348 436 -1 -1 4080 4080
3788 CONNECTION 348 41 -1 -1 3300 3300
3789 CONNECTION 348 207 300 420 5340 5340
3790 CONNECTION 348 157 300 1080 4200 4200
3791 CONNECTION 348 299 300 1200 5220 5220
3792 CONNECTION 348 275 300 1320 6240 6240
3793 CONNECTION 348 249 300 1980 5100 5100
3794 CONNECTION 348 82 300 2100 6360 6360
3795 CONNECTION 348 351 300 2220 7140 7140
3796 CONNECTION 348 480 300 2280 6540 6540
3797 CONNECTION 348 325 300 2880 6000 6000
3798 CONNECTION 348 17 300 3120 8040 8040
3799 CONNECTION 348 133 300 3660 7680 7680
3800 CONNECTION 348 375 300 3780 6900 6900
3801 CONNECTION 348 109 300 4020 8940 8940
3802 CONNECTION 348 43 300 4680 7800 7800
3803 CONNECTION 348 499 300 4800 8820 8820
3804 SINK 348 2 -1 -1 300 300
3805 CONNECTION 479 412 -1 -1 3420 3420
3806 CONNECTION 479 62 300 1020 6780 6780
3807 CONNECTION 479 83 300 2100 7020 7020
3808 CONNECTION 479 394 300 4620 10380 10380
3809 CONNECTION 247 206 -1 -1 2100 2100
3810 CONNECTION 247 274 -1 -1 3000 3000
3811 CONNECTION 247 350 300 780 3900 3900
3812 CONNECTION 247 16 300 1680 4800 4800
3813 CONNECTION 247 108 300 2580 5700 5700
3814 CONNECTION 247 208 300 3480 6600 6600
3815 CONNECTION 247 276 300 4380 7500 7500
3816 CONNECTION 40 41 -1 -1 840 840
3817 CONNECTION 40 157 -1 -1 1740 1740
3818 CONNECTION 40 299 -1 -1 2760 2760
3819 CONNECTION 40 275 -1 -1 3780 3780
3820 CONNECTION 40 249 -1 -1 2640 2640
3821 CONNECTION 40 82 -1 -1 3900 3900
3822 CONNECTION 40 351 -1 -1 4680 4680
3823 CONNECTION 40 480 -1 -1 4080 4080
3824 CONNECTION 40 325 300 420 3540 3540
3825 CONNECTION 40 17 300 660 5580 5580
3826 CONNECTION 40 133 300 1200 5220 5220
3827 CONNECTION 40 375 300 1320 4440 4440
3828 CONNECTION 40 109 300 1560 6480 6480
3829 CONNECTION 40 43 300 2220 5340 5340
3830 CONNECTION 40 499 300 2340 6360 6360
3831 CONNECTION 40 209 300 2460 7380 7380
3832 CONNECTION 40 159 300 3120 6240 6240
3833 CONNECTION 40 414 300 3240 7500 7500
3834 CONNECTION 40 277 300 3360 8280 8280
3835 CONNECTION 40 228 300 3420 7680 7680
3836 CONNECTION 40 251 300 4020 7140 7140
3837 CONNECTION 40 353 300 4260 9180 9180
3838 CONNECTION 40 439 300 4800 8820 8820
3839 SINK 40 2 -1 -1 300 300
3840 CONNECTION 496 497 -1 -1 2640 2640
3841 CONNECTION 496 81 -1 -1 2760 2760
3842 CONNECTION 496 437 -1 -1 3660 3660
3843 CONNECTION 496 300 300 1320 6240 6240
3844 CONNECTION 496 462 300 1440 5460 5460
3845 CONNECTION 496 413 300 2340 6360 6360
3846 CONNECTION 496 134 300 3780 7260 7260
3847 CONNECTION 80 81 -1 -1 1740 1740
3848 CONNECTION 80 437 -1 -1 2640 2640
3849 CONNECTION 80 300 -1 -1 5220 5220
3850 CONNECTION 80 462 300 420 4440 4440
3851 CONNECTION 80 413 300 1320 5340 5340
3852 CONNECTION 80 134 300 2760 6240 6240
3853 CONNECTION 80 500 300 3900 8820 8820
3854 CONNECTION 80 185 300 4020 8040 8040
3855 CONNECTION 349 374 -1 -1 3420 3420
3856 CONNECTION 349 42 -1 -1 4320 4320
3857 CONNECTION 349 158 -1 -1 5220 5220
3858 CONNECTION 349 183 -1 -1 5100 5100
3859 CONNECTION 349 250 300 1200 6120 6120
3860 CONNECTION 349 326 300 2100 7020 7020
3861 CONNECTION 349 376 300 3000 7920 7920
3862 CONNECTION 349 44 300 3900 8820 8820
3863 CONNECTION 349 463 300 3900 8700 8700
3864 CONNECTION 349 160 300 4800 9720 9720
3865 CONNECTION 14 15 -1 -1 2640 2640
3866 CONNECTION 14 373 -1 -1 1500 1500
3867 CONNECTION 14 107 -1 -1 3540 3540
3868 CONNECTION 14 436 -1 -1 3180 3180
3869 CONNECTION 14 41 -1 -1 2400 2400
3870 CONNECTION 14 207 -1 -1 4440 4440
3871 CONNECTION 14 157 -1 -1 3300 3300
3872 CONNECTION 14 299 -1 -1 4320 4320
3873 CONNECTION 14 275 300 420 5340 5340
3874 CONNECTION 14 249 300 1080 4200 4200
3875 CONNECTION 14 82 300 1200 5460 5460
3876 CONNECTION 14 351 300 1320 6240 6240
3877 CONNECTION 14 480 300 1380 5640 5640
3878 CONNECTION 14 325 300 1980 5100 5100
3879 CONNECTION 14 17 300 2220 7140 7140
3880 CONNECTION 14 133 300 2760 6780 6780
3881 CONNECTION 14 375 300 2880 6000 6000
3882 CONNECTION 14 109 300 3120 8040 8040
3883 CONNECTION 14 43 300 3780 6900 6900
3884 CONNECTION 14 499 300 3900 7920 7920
3885 CONNECTION 14 209 300 4020 8940 8940
3886 CONNECTION 14 159 300 4680 7800 7800
3887 CONNECTION 14 414 300 4800 9060 9060
3888 SINK 14 2 -1 -1 300 300
3889 CONNECTION 131 132 -1 -1 2520 2520
3890 CONNECTION 131 61 -1 -1 2700 2700
3891 CONNECTION 131 227 -1 -1 4740 4740
3892 CONNECTION 131 461 -1 -1 3660 3660
3893 CONNECTION 131 498 300 1140 5400 5400
3894 CONNECTION 131 438 300 1320 6120 6120
3895 CONNECTION 131 393 300 2040 6300 6300
3896 CONNECTION 131 481 300 2580 8340 8340
3897 CONNECTION 131 184 300 3780 7260 7260
3898 CONNECTION 131 301 300 4740 9000 9000
3899 CONNECTION 181 182 -1 -1 1740 1740
3900 CONNECTION 181 81 -1 -1 2640 2640
3901 CONNECTION 181 437 -1 -1 3540 3540
3902 CONNECTION 181 300 300 1200 6120 6120
3903 CONNECTION 181 462 300 1320 5340 5340
3904 CONNECTION 181 413 300 2220 6240 6240
3905 CONNECTION 181 134 300 3660 7140 7140
3906 CONNECTION 181 500 300 4800 9720 9720
3907 CONNECTION 323 274 -1 -1 2100 2100
3908 CONNECTION 323 350 -1 -1 3000 3000
3909 CONNECTION 323 16 300 780 3900 3900
3910 CONNECTION 323 108 300 1680 4800 4800
3911 CONNECTION 323 208 300 2580 5700 5700
3912 CONNECTION 323 276 300 3480 6600 6600
3913 CONNECTION 323 352 300 4380 7500 7500
3914 CONNECTION 156 157 -1 -1 840 840
3915 CONNECTION 156 249 -1 -1 1740 1740
3916 CONNECTION 156 82 -1 -1 3000 3000
3917 CONNECTION 156 351 -1 -1 3780 3780
3918 CONNECTION 156 480 -1 -1 3180 3180
3919 CONNECTION 156 325 -1 -1 2640 2640
3920 CONNECTION 156 17 -1 -1 4680 4680
3921 CONNECTION 156 133 -1 -1 4320 4320
3922 CONNECTION 156 375 300 420 3540 3540
3923 CONNECTION 156 109 300 660 5580 5580
3924 CONNECTION 156 43 300 1320 4440 4440
3925 CONNECTION 156 499 300 1440 5460 5460
3926 CONNECTION 156 209 300 1560 6480 6480
3927 CONNECTION 156 159 300 2220 5340 5340
3928 CONNECTION 156 414 300 2340 6600 6600
3929 CONNECTION 156 277 300 2460 7380 7380
3930 CONNECTION 156 228 300 2520 6780 6780
3931 CONNECTION 156 251 300 3120 6240 6240
3932 CONNECTION 156 353 300 3360 8280 8280
3933 CONNECTION 156 439 300 3900 7920 7920
3934 CONNECTION 156 327 300 4020 7140 7140
3935 CONNECTION 156 19 300 4260 9180 9180
3936 SINK 156 2 -1 -1 300 300
3937 CONNECTION 411 461 -1 -1 2580 2580
3938 CONNECTION 411 498 -1 -1 4320 4320
3939 CONNECTION 411 438 -1 -1 5040 5040
3940 CONNECTION 411 393 300 960 5220 5220
3941 CONNECTION 411 481 300 1500 7260 7260
3942 CONNECTION 411 184 300 2700 6180 6180
3943 CONNECTION 411 301 300 3660 7920 7920
3944 CONNECTION 411 135 300 3840 8640 8640
3945 CONNECTION 411 63 300 4560 8820 8820
3946 CONNECTION 15 42 -1 -1 3420 3420
3947 CONNECTION 15 158 -1 -1 4320 4320
3948 CONNECTION 15 183 -1 -1 4200 4200
3949 CONNECTION 15 250 -1 -1 5220 5220
3950 CONNECTION 15 326 300 1200 6120 6120
3951 CONNECTION 15 376 300 2100 7020 7020
3952 CONNECTION 15 44 300 3000 7920 7920
3953 CONNECTION 15 463 300 3000 7800 7800
3954 CONNECTION 15 160 300 3900 8820 8820
3955 CONNECTION 15 252 300 4800 9720 9720
3956 CONNECTION 106 107 -1 -1 2640 2640
3957 CONNECTION 106 436 -1 -1 2280 2280
3958 CONNECTION 106 41 -1 -1 1500 1500
3959 CONNECTION 106 207 -1 -1 3540 3540
3960 CONNECTION 106 157 -1 -1 2400 2400
3961 CONNECTION 106 299 -1 -1 3420 3420
3962 CONNECTION 106 275 -1 -1 4440 4440
3963 CONNECTION 106 249 -1 -1 3300 3300
3964 CONNECTION 106 82 -1 -1 4560 4560
3965 CONNECTION 106 351 300 420 5340 5340
3966 CONNECTION 106 480 300 480 4740 4740
3967 CONNECTION 106 325 300 1080 4200 4200
3968 CONNECTION 106 17 300 1320 6240 6240
3969 CONNECTION 106 133 300 1860 5880 5880
3970 CONNECTION 106 375 300 1980 5100 5100
3971 CONNECTION 106 109 300 2220 7140 7140
3972 CONNECTION 106 43 300 2880 6000 6000
3973 CONNECTION 106 499 300 3000 7020 7020
3974 CONNECTION 106 209 300 3120 8040 8040
3975 CONNECTION 106 159 300 3780 6900 6900
3976 CONNECTION 106 414 300 3900 8160 8160
3977 CONNECTION 106 277 300 4020 8940 8940
3978 CONNECTION 106 228 300 4080 8340 8340
3979 CONNECTION 106 251 300 4680 7800 7800
3980 SINK 106 2 -1 -1 300 300
3981 CONNECTION 226 227 -1 -1 3480 3480
3982 CONNECTION 226 461 -1 -1 2400 2400
3983 CONNECTION 226 498 -1 -1 4140 4140
3984 CONNECTION 226 438 -1 -1 4860 4860
3985 CONNECTION 226 393 300 780 5040 5040
3986 CONNECTION 226 481 300 1320 7080 7080
3987 CONNECTION 226 184 300 2520 6000 6000
3988 CONNECTION 226 301 300 3480 7740 7740
3989 CONNECTION 226 135 300 3660 8460 8460
3990 CONNECTION 226 63 300 4380 8640 8640
3991 CONNECTION 298 299 -1 -1 1740 1740
3992 CONNECTION 298 249 -1 -1 1620 1620
3993 CONNECTION 298 82 -1 -1 2880 2880
3994 CONNECTION 298 351 -1 -1 3660 3660
3995 CONNECTION 298 480 -1 -1 3060 3060
3996 CONNECTION 298 325 -1 -1 2520 2520
3997 CONNECTION 298 17 -1 -1 4560 4560
3998 CONNECTION 298 133 -1 -1 4200 4200
3999 CONNECTION 298 375 -1 -1 3420 3420
4000 CONNECTION 298 109 300 540 5460 5460
4001 CONNECTION 298 43 300 1200 4320 4320
4002 CONNECTION 298 499 300 1320 5340 5340
4003 CONNECTION 298 209 300 1440 6360 6360
4004 CONNECTION 298 159 300 2100 5220 5220
4005 CONNECTION 298 414 300 2220 6480 6480
4006 CONNECTION 298 277 300 2340 7260 7260
4007 CONNECTION 298 228 300 2400 6660 6660
4008 CONNECTION 298 251 300 3000 6120 6120
4009 CONNECTION 298 353 300 3240 8160 8160
4010 CONNECTION 298 439 300 3780 7800 7800
4011 CONNECTION 298 327 300 3900 7020 7020
4012 CONNECTION 298 19 300 4140 9060 9060
4013 CONNECTION 298 377 300 4800 7920 7920
4014 SINK 298 2 -1 -1 300 300
4015 CONNECTION 373 350 -1 -1 2100 2100
4016 CONNECTION 373 16 -1 -1 3000 3000
4017 CONNECTION 373 108 300 780 3900 3900
4018 CONNECTION 373 208 300 1680 4800 4800
4019 CONNECTION 373 276 300 2580 5700 5700
4020 CONNECTION 373 352 300 3480 6600 6600
4021 CONNECTION 373 18 300 4380 7500 7500
4022 CONNECTION 248 249 -1 -1 840 840
4023 CONNECTION 248 325 -1 -1 1740 1740
4024 CONNECTION 248 17 -1 -1 3780 3780
4025 CONNECTION 248 133 -1 -1 3420 3420
4026 CONNECTION 248 375 -1 -1 2640 2640
4027 CONNECTION 248 109 -1 -1 4680 4680
4028 CONNECTION 248 43 300 420 3540 3540
4029 CONNECTION 248 499 300 540 4560 4560
4030 CONNECTION 248 209 300 660 5580 5580
4031 CONNECTION 248 159 300 1320 4440 4440
4032 CONNECTION 248 414 300 1440 5700 5700
4033 CONNECTION 248 277 300 1560 6480 6480
4034 CONNECTION 248 228 300 1620 5880 5880
4035 CONNECTION 248 251 300 2220 5340 5340
4036 CONNECTION 248 353 300 2460 7380 7380
4037 CONNECTION 248 439 300 3000 7020 7020
4038 CONNECTION 248 327 300 3120 6240 6240
4039 CONNECTION 248 19 300 3360 8280 8280
4040 CONNECTION 248 377 300 4020 7140 7140
4041 CONNECTION 248 302 300 4140 8160 8160
4042 CONNECTION 248 111 300 4260 9180 9180
4043 SINK 248 2 -1 -1 300 300
4044 CONNECTION 460 461 -1 -1 1200 1200
4045 CONNECTION 460 498 -1 -1 2940 2940
4046 CONNECTION 460 438 -1 -1 3660 3660
4047 CONNECTION 460 393 -1 -1 3840 3840
4048 CONNECTION 460 481 -1 -1 5880 5880
4049 CONNECTION 460 184 300 1320 4800 4800
4050 CONNECTION 460 301 300 2280 6540 6540
4051 CONNECTION 460 135 300 2460 7260 7260
4052 CONNECTION 460 63 300 3180 7440 7440
4053 CONNECTION 460 229 300 3720 9480 9480
4054 CONNECTION 497 62 -1 -1 5340 5340
4055 CONNECTION 497 83 300 660 5580 5580
4056 CONNECTION 497 394 300 3180 8940 8940
4057 CONNECTION 497 415 300 4260 9180 9180
4058 CONNECTION 132 158 -1 -1 3660 3660
4059 CONNECTION 132 183 -1 -1 3540 3540
4060 CONNECTION 132 250 -1 -1 4560 4560
4061 CONNECTION 132 326 300 540 5460 5460
4062 CONNECTION 132 376 300 1440 6360 6360
4063 CONNECTION 132 44 300 2340 7260 7260
4064 CONNECTION 132 463 300 2340 7140 7140
4065 CONNECTION 132 160 300 3240 8160 8160
4066 CONNECTION 132 252 300 4140 9060 9060
4067 CONNECTION 182 249 -1 -1 1620 1620
4068 CONNECTION 182 82 -1 -1 2880 2880
4069 CONNECTION 182 351 -1 -1 3660 3660
4070 CONNECTION 182 480 -1 -1 3060 3060
4071 CONNECTION 182 325 -1 -1 2520 2520
4072 CONNECTION 182 17 -1 -1 4560 4560
4073 CONNECTION 182 133 -1 -1 4200 4200
4074 CONNECTION 182 375 -1 -1 3420 3420
4075 CONNECTION 182 109 300 540 5460 5460
4076 CONNECTION 182 43 300 1200 4320 4320
4077 CONNECTION 182 499 300 1320 5340 5340
4078 CONNECTION 182 209 300 1440 6360 6360
4079 CONNECTION 182 159 300 2100 5220 5220
4080 CONNECTION 182 414 300 2220 6480 6480
4081 CONNECTION 182 277 300 2340 7260 7260
4082 CONNECTION 182 228 300 2400 6660 6660
4083 CONNECTION 182 251 300 3000 6120 6120
4084 CONNECTION 182 353 300 3240 8160 8160
4085 CONNECTION 182 439 300 3780 7800 7800
4086 CONNECTION 182 327 300 3900 7020 7020
4087 CONNECTION 182 19 300 4140 9060 9060
4088 CONNECTION 182 377 300 4800 7920 7920
4089 SINK 182 2 -1 -1 300 300
4090 CONNECTION 107 158 -1 -1 3420 3420
4091 CONNECTION 107 183 -1 -1 3300 3300
4092 CONNECTION 107 250 -1 -1 4320 4320
4093 CONNECTION 107 326 -1 -1 5220 5220
4094 CONNECTION 107 376 300 1200 6120 6120
4095 CONNECTION 107 44 300 2100 7020 7020
4096 CONNECTION 107 463 300 2100 6900 6900
4097 CONNECTION 107 160 300 3000 7920 7920
4098 CONNECTION 107 252 300 3900 8820 8820
4099 CONNECTION 107 328 300 4800 9720 9720
4100 CONNECTION 206 207 -1 -1 2640 2640
4101 CONNECTION 206 157 -1 -1 1500 1500
4102 CONNECTION 206 299 -1 -1 2520 2520
4103 CONNECTION 206 275 -1 -1 3540 3540
4104 CONNECTION 206 249 -1 -1 2400 2400
4105 CONNECTION 206 82 -1 -1 3660 3660
4106 CONNECTION 206 351 -1 -1 4440 4440
4107 CONNECTION 206 480 -1 -1 3840 3840
4108 CONNECTION 206 325 -1 -1 3300 3300
4109 CONNECTION 206 17 300 420 5340 5340
4110 CONNECTION 206 133 300 960 4980 4980
4111 CONNECTION 206 375 300 1080 4200 4200
4112 CONNECTION 206 109 300 1320 6240 6240
4113 CONNECTION 206 43 300 1980 5100 5100
4114 CONNECTION 206 499 300 2100 6120 6120
4115 CONNECTION 206 209 300 2220 7140 7140
4116 CONNECTION 206 159 300 2880 6000 6000
4117 CONNECTION 206 414 300 3000 7260 7260
4118 CONNECTION 206 277 300 3120 8040 8040
4119 CONNECTION 206 228 300 3180 7440 7440
4120 CONNECTION 206 251 300 3780 6900 6900
4121 CONNECTION 206 353 300 4020 8940 8940
4122 CONNECTION 206 439 300 4560 8580 8580
4123 CONNECTION 206 327 300 4680 7800 7800
4124 SINK 206 2 -1 -1 300 300
4125 CONNECTION 436 437 -1 -1 1200 1200
4126 CONNECTION 436 300 -1 -1 3780 3780
4127 CONNECTION 436 462 -1 -1 3000 3000
4128 CONNECTION 436 413 -1 -1 3900 3900
4129 CONNECTION 436 134 300 1320 4800 4800
4130 CONNECTION 436 500 300 2460 7380 7380
4131 CONNECTION 436 185 300 2580 6600 6600
4132 CONNECTION 436 84 300 3480 7500 7500
4133 CONNECTION 61 325 -1 -1 1620 1620
4134 CONNECTION 61 17 -1 -1 3660 3660
4135 CONNECTION 61 133 -1 -1 3300 3300
4136 CONNECTION 61 375 -1 -1 2520 2520
4137 CONNECTION 61 109 -1 -1 4560 4560
4138 CONNECTION 61 43 -1 -1 3420 3420
4139 CONNECTION 61 499 300 420 4440 4440
4140 CONNECTION 61 209 300 540 5460 5460
4141 CONNECTION 61 159 300 1200 4320 4320
4142 CONNECTION 61 414 300 1320 5580 5580
4143 CONNECTION 61 277 300 1440 6360 6360
4144 CONNECTION 61 228 300 1500 5760 5760
4145 CONNECTION 61 251 300 2100 5220 5220
4146 CONNECTION 61 353 300 2340 7260 7260
4147 CONNECTION 61 439 300 2880 6900 6900
4148 CONNECTION 61 327 300 3000 6120 6120
4149 CONNECTION 61 19 300 3240 8160 8160
4150 CONNECTION 61 377 300 3900 7020 7020
4151 CONNECTION 61 302 300 4020 8040 8040
4152 CONNECTION 61 111 300 4140 9060 9060
4153 CONNECTION 61 45 300 4800 7920 7920
4154 SINK 61 2 -1 -1 300 300
4155 CONNECTION 41 16 -1 -1 2100 2100
4156 CONNECTION 41 108 -1 -1 3000 3000
4157 CONNECTION 41 208 300 780 3900 3900
4158 CONNECTION 41 276 300 1680 4800 4800
4159 CONNECTION 41 352 300 2580 5700 5700
4160 CONNECTION 41 18 300 3480 6600 6600
4161 CONNECTION 41 110 300 4380 7500 7500
4162 CONNECTION 324 325 -1 -1 840 840
4163 CONNECTION 324 133 -1 -1 2520 2520
4164 CONNECTION 324 375 -1 -1 1740 1740
4165 CONNECTION 324 109 -1 -1 3780 3780
4166 CONNECTION 324 43 -1 -1 2640 2640
4167 CONNECTION 324 499 -1 -1 3660 3660
4168 CONNECTION 324 209 -1 -1 4680 4680
4169 CONNECTION 324 159 300 420 3540 3540
4170 CONNECTION 324 414 300 540 4800 4800
4171 CONNECTION 324 277 300 660 5580 5580
4172 CONNECTION 324 228 300 720 4980 4980
4173 CONNECTION 324 251 300 1320 4440 4440
4174 CONNECTION 324 353 300 1560 6480 6480
4175 CONNECTION 324 439 300 2100 6120 6120
4176 CONNECTION 324 327 300 2220 5340 5340
4177 CONNECTION 324 19 300 2460 7380 7380
4178 CONNECTION 324 377 300 3120 6240 6240
4179 CONNECTION 324 302 300 3240 7260 7260
4180 CONNECTION 324 111 300 3360 8280 8280
4181 CONNECTION 324 45 300 4020 7140 7140
4182 CONNECTION 324 85 300 4140 8400 8400
4183 CONNECTION 324 211 300 4260 9180 9180
4184 CONNECTION 324 482 300 4320 8580 8580
4185 SINK 324 2 -1 -1 300 300
4186 CONNECTION 392 393 -1 -1 1980 1980
4187 CONNECTION 392 481 -1 -1 4020 4020
4188 CONNECTION 392 184 -1 -1 2940 2940
4189 CONNECTION 392 301 300 420 4680 4680
4190 CONNECTION 392 135 300 600 5400 5400
4191 CONNECTION 392 63 300 1320 5580 5580
4192 CONNECTION 392 229 300 1860 7620 7620
4193 CONNECTION 392 464 300 3060 6540 6540
4194 CONNECTION 392 501 300 4020 8280 8280
4195 CONNECTION 392 441 300 4200 9000 9000
4196 CONNECTION 81 82 -1 -1 1980 1980
4197 CONNECTION 81 325 -1 -1 1620 1620
4198 CONNECTION 81 17 -1 -1 3660 3660
4199 CONNECTION 81 133 -1 -1 3300 3300
4200 CONNECTION 81 375 -1 -1 2520 2520
4201 CONNECTION 81 109 -1 -1 4560 4560
4202 CONNECTION 81 43 -1 -1 3420 3420
4203 CONNECTION 81 499 300 420 4440 4440
4204 CONNECTION 81 209 300 540 5460 5460
4205 CONNECTION 81 159 300 1200 4320 4320
4206 CONNECTION 81 414 300 1320 5580 5580
4207 CONNECTION 81 277 300 1440 6360 6360
4208 CONNECTION 81 228 300 1500 5760 5760
4209 CONNECTION 81 251 300 2100 5220 5220
4210 CONNECTION 81 353 300 2340 7260 7260
4211 CONNECTION 81 439 300 2880 6900 6900
4212 CONNECTION 81 327 300 3000 6120 6120
4213 CONNECTION 81 19 300 3240 8160 8160
4214 CONNECTION 81 377 300 3900 7020 7020
4215 CONNECTION 81 302 300 4020 8040 8040
4216 CONNECTION 81 111 300 4140 9060 9060
4217 CONNECTION 81 45 300 4800 7920 7920
4218 SINK 81 2 -1 -1 300 300
4219 CONNECTION 207 250 -1 -1 3420 3420
4220 CONNECTION 207 326 -1 -1 4320 4320
4221 CONNECTION 207 376 -1 -1 5220 5220
4222 CONNECTION 207 44 300 1200 6120 6120
4223 CONNECTION 207 463 300 1200 6000 6000
4224 CONNECTION 207 160 300 2100 7020 7020
4225 CONNECTION 207 252 300 3000 7920 7920
4226 CONNECTION 207 328 300 3900 8820 8820
4227 CONNECTION 207 186 300 4800 9600 9600
4228 CONNECTION 207 378 300 4800 9720 9720
4229 CONNECTION 274 275 -1 -1 2640 2640
4230 CONNECTION 274 249 -1 -1 1500 1500
4231 CONNECTION 274 82 -1 -1 2760 2760
4232 CONNECTION 274 351 -1 -1 3540 3540
4233 CONNECTION 274 480 -1 -1 2940 2940
4234 CONNECTION 274 325 -1 -1 2400 2400
4235 CONNECTION 274 17 -1 -1 4440 4440
4236 CONNECTION 274 133 -1 -1 4080 4080
4237 CONNECTION 274 375 -1 -1 3300 3300
4238 CONNECTION 274 109 300 420 5340 5340
4239 CONNECTION 274 43 300 1080 4200 4200
4240 CONNECTION 274 499 300 1200 5220 5220
4241 CONNECTION 274 209 300 1320 6240 6240
4242 CONNECTION 274 159 300 1980 5100 5100
4243 CONNECTION 274 414 300 2100 6360 6360
4244 CONNECTION 274 277 300 2220 7140 7140
4245 CONNECTION 274 228 300 2280 6540 6540
4246 CONNECTION 274 251 300 2880 6000 6000
4247 CONNECTION 274 353 300 3120 8040 8040
4248 CONNECTION 274 439 300 3660 7680 7680
4249 CONNECTION 274 327 300 3780 6900 6900
4250 CONNECTION 274 19 300 4020 8940 8940
4251 CONNECTION 274 377 300 4680 7800 7800
4252 CONNECTION 274 302 300 4800 8820 8820
4253 SINK 274 2 -1 -1 300 300
4254 CONNECTION 227 83 -1 -1 3420 3420
4255 CONNECTION 227 394 300 1020 6780 6780
4256 CONNECTION 227 415 300 2100 7020 7020
4257 CONNECTION 227 64 300 4620 10380 10380
4258 CONNECTION 157 108 -1 -1 2100 2100
4259 CONNECTION 157 208 -1 -1 3000 3000
4260 CONNECTION 157 276 300 780 3900 3900
4261 CONNECTION 157 352 300 1680 4800 4800
4262 CONNECTION 157 18 300 2580 5700 5700
4263 CONNECTION 157 110 300 3480 6600 6600
4264 CONNECTION 157 210 300 4380 7500 7500
4265 CONNECTION 374 375 -1 -1 840 840
4266 CONNECTION 374 43 -1 -1 1740 1740
4267 CONNECTION 374 499 -1 -1 2760 2760
4268 CONNECTION 374 209 -1 -1 3780 3780
4269 CONNECTION 374 159 -1 -1 2640 2640
4270 CONNECTION 374 414 -1 -1 3900 3900
4271 CONNECTION 374 277 -1 -1 4680 4680
4272 CONNECTION 374 228 -1 -1 4080 4080
4273 CONNECTION 374 251 300 420 3540 3540
4274 CONNECTION 374 353 300 660 5580 5580
4275 CONNECTION 374 439 300 1200 5220 5220
4276 CONNECTION 374 327 300 1320 4440 4440
4277 CONNECTION 374 19 300 1560 6480 6480
4278 CONNECTION 374 377 300 2220 5340 5340
4279 CONNECTION 374 302 300 2340 6360 6360
4280 CONNECTION 374 111 300 2460 7380 7380
4281 CONNECTION 374 45 300 3120 6240 6240
4282 CONNECTION 374 85 300 3240 7500 7500
4283 CONNECTION 374 211 300 3360 8280 8280
4284 CONNECTION 374 482 300 3420 7680 7680
4285 CONNECTION 374 161 300 4020 7140 7140
4286 CONNECTION 374 279 300 4260 9180 9180
4287 CONNECTION 374 136 300 4800 8820 8820
4288 SINK 374 2 -1 -1 300 300
4289 CONNECTION 299 300 -1 -1 2640 2640
4290 CONNECTION 299 413 -1 -1 2760 2760
4291 CONNECTION 299 134 -1 -1 3660 3660
4292 CONNECTION 299 500 300 1320 6240 6240
4293 CONNECTION 299 185 300 1440 5460 5460
4294 CONNECTION 299 84 300 2340 6360 6360
4295 CONNECTION 299 440 300 3780 7260 7260
4296 CONNECTION 275 326 -1 -1 3420 3420
4297 CONNECTION 275 376 -1 -1 4320 4320
4298 CONNECTION 275 44 -1 -1 5220 5220
4299 CONNECTION 275 463 -1 -1 5100 5100
4300 CONNECTION 275 160 300 1200 6120 6120
4301 CONNECTION 275 252 300 2100 7020 7020
4302 CONNECTION 275 328 300 3000 7920 7920
4303 CONNECTION 275 186 300 3900 8700 8700
4304 CONNECTION 275 378 300 3900 8820 8820
4305 CONNECTION 275 46 300 4800 9720 9720
4306 CONNECTION 412 413 -1 -1 1740 1740
4307 CONNECTION 412 134 -1 -1 2640 2640
4308 CONNECTION 412 500 -1 -1 5220 5220
4309 CONNECTION 412 185 300 420 4440 4440
4310 CONNECTION 412 84 300 1320 5340 5340
4311 CONNECTION 412 440 300 2760 6240 6240
4312 CONNECTION 412 303 300 3900 8820 8820
4313 CONNECTION 412 465 300 4020 8040 8040
4314 CONNECTION 350 351 -1 -1 2640 2640
4315 CONNECTION 350 325 -1 -1 1500 1500
4316 CONNECTION 350 17 -1 -1 3540 3540
4317 CONNECTION 350 133 -1 -1 3180 3180
4318 CONNECTION 350 375 -1 -1 2400 2400
4319 CONNECTION 350 109 -1 -1 4440 4440
4320 CONNECTION 350 43 -1 -1 3300 3300
4321 CONNECTION 350 499 -1 -1 4320 4320
4322 CONNECTION 350 209 300 420 5340 5340
4323 CONNECTION 350 159 300 1080 4200 4200
4324 CONNECTION 350 414 300 1200 5460 5460
4325 CONNECTION 350 277 300 1320 6240 6240
4326 CONNECTION 350 228 300 1380 5640 5640
4327 CONNECTION 350 251 300 1980 5100 5100
4328 CONNECTION 350 353 300 2220 7140 7140
4329 CONNECTION 350 439 300 2760 6780 6780
4330 CONNECTION 350 327 300 2880 6000 6000
4331 CONNECTION 350 19 300 3120 8040 8040
4332 CONNECTION 350 377 300 3780 6900 6900
4333 CONNECTION 350 302 300 3900 7920 7920
4334 CONNECTION 350 111 300 4020 8940 8940
4335 CONNECTION 350 45 300 4680 7800 7800
4336 CONNECTION 350 85 300 4800 9060 9060
4337 SINK 350 2 -1 -1 300 300
4338 CONNECTION 437 438 -1 -1 2520 2520
4339 CONNECTION 437 393 -1 -1 2700 2700
4340 CONNECTION 437 481 -1 -1 4740 4740
4341 CONNECTION 437 184 -1 -1 3660 3660
4342 CONNECTION 437 301 300 1140 5400 5400
4343 CONNECTION 437 135 300 1320 6120 6120
4344 CONNECTION 437 63 300 2040 6300 6300
4345 CONNECTION 437 229 300 2580 8340 8340
4346 CONNECTION 437 464 300 3780 7260 7260
4347 CONNECTION 437 501 300 4740 9000 9000
4348 CONNECTION 461 462 -1 -1 1740 1740
4349 CONNECTION 461 413 -1 -1 2640 2640
4350 CONNECTION 461 134 -1 -1 3540 3540
4351 CONNECTION 461 500 300 1200 6120 6120
4352 CONNECTION 461 185 300 1320 5340 5340
4353 CONNECTION 461 84 300 2220 6240 6240
4354 CONNECTION 461 440 300 3660 7140 7140
4355 CONNECTION 461 303 300 4800 9720 9720
4356 CONNECTION 249 208 -1 -1 2100 2100
4357 CONNECTION 249 276 -1 -1 3000 3000
4358 CONNECTION 249 352 300 780 3900 3900
4359 CONNECTION 249 18 300 1680 4800 4800
4360 CONNECTION 249 110 300 2580 5700 5700
4361 CONNECTION 249 210 300 3480 6600 6600
4362 CONNECTION 249 278 300 4380 7500 7500
4363 CONNECTION 42 43 -1 -1 840 840
4364 CONNECTION 42 159 -1 -1 1740 1740
4365 CONNECTION 42 414 -1 -1 3000 3000
4366 CONNECTION 42 277 -1 -1 3780 3780
4367 CONNECTION 42 228 -1 -1 3180 3180
4368 CONNECTION 42 251 -1 -1 2640 2640
4369 CONNECTION 42 353 -1 -1 4680 4680
4370 CONNECTION 42 439 -1 -1 4320 4320
4371 CONNECTION 42 327 300 420 3540 3540
4372 CONNECTION 42 19 300 660 5580 5580
4373 CONNECTION 42 377 300 1320 4440 4440
4374 CONNECTION 42 302 300 1440 5460 5460
4375 CONNECTION 42 111 300 1560 6480 6480
4376 CONNECTION 42 45 300 2220 5340 5340
4377 CONNECTION 42 85 300 2340 6600 6600
4378 CONNECTION 42 211 300 2460 7380 7380
4379 CONNECTION 42 482 300 2520 6780 6780
4380 CONNECTION 42 161 300 3120 6240 6240
4381 CONNECTION 42 279 300 3360 8280 8280
4382 CONNECTION 42 136 300 3900 7920 7920
4383 CONNECTION 42 253 300 4020 7140 7140
4384 CONNECTION 42 355 300 4260 9180 9180
4385 SINK 42 2 -1 -1 300 300
4386 CONNECTION 82 184 -1 -1 2580 2580
4387 CONNECTION 82 301 -1 -1 4320 4320
4388 CONNECTION 82 135 -1 -1 5040 5040
4389 CONNECTION 82 63 300 960 5220 5220
4390 CONNECTION 82 229 300 1500 7260 7260
4391 CONNECTION 82 464 300 2700 6180 6180
4392 CONNECTION 82 501 300 3660 7920 7920
4393 CONNECTION 82 441 300 3840 8640 8640
4394 CONNECTION 82 395 300 4560 8820 8820
4395 CONNECTION 351 376 -1 -1 3420 3420
4396 CONNECTION 351 44 -1 -1 4320 4320
4397 CONNECTION 351 463 -1 -1 4200 4200
4398 CONNECTION 351 160 -1 -1 5220 5220
4399 CONNECTION 351 252 300 1200 6120 6120
4400 CONNECTION 351 328 300 2100 7020 7020
4401 CONNECTION 351 186 300 3000 7800 7800
4402 CONNECTION 351 378 300 3000 7920 7920
4403 CONNECTION 351 46 300 3900 8820 8820
4404 CONNECTION 351 162 300 4800 9720 9720
4405 CONNECTION 16 17 -1 -1 2640 2640
4406 CONNECTION 16 133 -1 -1 2280 2280
4407 CONNECTION 16 375 -1 -1 1500 1500
4408 CONNECTION 16 109 -1 -1 3540 3540
4409 CONNECTION 16 43 -1 -1 2400 2400
4410 CONNECTION 16 499 -1 -1 3420 3420
4411 CONNECTION 16 209 -1 -1 4440 4440
4412 CONNECTION 16 159 -1 -1 3300 3300
4413 CONNECTION 16 414 -1 -1 4560 4560
4414 CONNECTION 16 277 300 420 5340 5340
4415 CONNECTION 16 228 300 480 4740 4740
4416 CONNECTION 16 251 300 1080 4200 4200
4417 CONNECTION 16 353 300 1320 6240 6240
4418 CONNECTION 16 439 300 1860 5880 5880
4419 CONNECTION 16 327 300 1980 5100 5100
4420 CONNECTION 16 19 300 2220 7140 7140
4421 CONNECTION 16 377 300 2880 6000 6000
4422 CONNECTION 16 302 300 3000 7020 7020
4423 CONNECTION 16 111 300 3120 8040 8040
4424 CONNECTION 16 45 300 3780 6900 6900
4425 CONNECTION 16 85 300 3900 8160 8160
4426 CONNECTION 16 211 300 4020 8940 8940
4427 CONNECTION 16 482 300 4080 8340 8340
4428 CONNECTION 16 161 300 4680 7800 7800
4429 SINK 16 2 -1 -1 300 300
4430 CONNECTION 480 481 -1 -1 3480 3480
4431 CONNECTION 480 184 -1 -1 2400 2400
4432 CONNECTION 480 301 -1 -1 4140 4140
4433 CONNECTION 480 135 -1 -1 4860 4860
4434 CONNECTION 480 63 300 780 5040 5040
4435 CONNECTION 480 229 300 1320 7080 7080
4436 CONNECTION 480 464 300 2520 6000 6000
4437 CONNECTION 480 501 300 3480 7740 7740
4438 CONNECTION 480 441 300 3660 8460 8460
4439 CONNECTION 480 395 300 4380 8640 8640
4440 CONNECTION 498 499 -1 -1 1740 1740
4441 CONNECTION 498 159 -1 -1 1620 1620
4442 CONNECTION 498 414 -1 -1 2880 2880
4443 CONNECTION 498 277 -1 -1 3660 3660
4444 CONNECTION 498 228 -1 -1 3060 3060
4445 CONNECTION 498 251 -1 -1 2520 2520
4446 CONNECTION 498 353 -1 -1 4560 4560
4447 CONNECTION 498 439 -1 -1 4200 4200
4448 CONNECTION 498 327 -1 -1 3420 3420
4449 CONNECTION 498 19 300 540 5460 5460
4450 CONNECTION 498 377 300 1200 4320 4320
4451 CONNECTION 498 302 300 1320 5340 5340
4452 CONNECTION 498 111 300 1440 6360 6360
4453 CONNECTION 498 45 300 2100 5220 5220
4454 CONNECTION 498 85 300 2220 6480 6480
4455 CONNECTION 498 211 300 2340 7260 7260
4456 CONNECTION 498 482 300 2400 6660 6660
4457 CONNECTION 498 161 300 3000 6120 6120
4458 CONNECTION 498 279 300 3240 8160 8160
4459 CONNECTION 498 136 300 3780 7800 7800
4460 CONNECTION 498 253 300 3900 7020 7020
4461 CONNECTION 498 355 300 4140 9060 9060
4462 CONNECTION 498 329 300 4800 7920 7920
4463 SINK 498 2 -1 -1 300 300
4464 CONNECTION 325 276 -1 -1 2100 2100
4465 CONNECTION 325 352 -1 -1 3000 3000
4466 CONNECTION 325 18 300 780 3900 3900
4467 CONNECTION 325 110 300 1680 4800 4800
4468 CONNECTION 325 210 300 2580 5700 5700
4469 CONNECTION 325 278 300 3480 6600 6600
4470 CONNECTION 325 354 300 4380 7500 7500
4471 CONNECTION 158 159 -1 -1 840 840
4472 CONNECTION 158 251 -1 -1 1740 1740
4473 CONNECTION 158 353 -1 -1 3780 3780
4474 CONNECTION 158 439 -1 -1 3420 3420
4475 CONNECTION 158 327 -1 -1 2640 2640
4476 CONNECTION 158 19 -1 -1 4680 4680
4477 CONNECTION 158 377 300 420 3540 3540
4478 CONNECTION 158 302 300 540 4560 4560
4479 CONNECTION 158 111 300 660 5580 5580
4480 CONNECTION 158 45 300 1320 4440 4440
4481 CONNECTION 158 85 300 1440 5700 5700
4482 CONNECTION 158 211 300 1560 6480 6480
4483 CONNECTION 158 482 300 1620 5880 5880
4484 CONNECTION 158 161 300 2220 5340 5340
4485 CONNECTION 158 279 300 2460 7380 7380
4486 CONNECTION 158 136 300 3000 7020 7020
4487 CONNECTION 158 253 300 3120 6240 6240
4488 CONNECTION 158 355 300 3360 8280 8280
4489 CONNECTION 158 329 300 4020 7140 7140
4490 CONNECTION 158 502 300 4140 8160 8160
4491 CONNECTION 158 21 300 4260 9180 9180
4492 SINK 158 2 -1 -1 300 300
4493 CONNECTION 183 184 -1 -1 1200 1200
4494 CONNECTION 183 301 -1 -1 2940 2940
4495 CONNECTION 183 135 -1 -1 3660 3660
4496 CONNECTION 183 63 -1 -1 3840 3840
4497 CONNECTION 183 229 -1 -1 5880 5880
4498 CONNECTION 183 464 300 1320 4800 4800
4499 CONNECTION 183 501 300 2280 6540 6540
4500 CONNECTION 183 441 300 2460 7260 7260
4501 CONNECTION 183 395 300 3180 7440 7440
4502 CONNECTION 183 483 300 3720 9480 9480
4503 CONNECTION 300 394 -1 -1 5340 5340
4504 CONNECTION 300 415 300 660 5580 5580
4505 CONNECTION 300 64 300 3180 8940 8940
4506 CONNECTION 300 86 300 4260 9180 9180
4507 CONNECTION 438 44 -1 -1 3660 3660
4508 CONNECTION 438 463 -1 -1 3540 3540
4509 CONNECTION 438 160 -1 -1 4560 4560
4510 CONNECTION 438 252 300 540 5460 5460
4511 CONNECTION 438 328 300 1440 6360 6360
4512 CONNECTION 438 186 300 2340 7140 7140
4513 CONNECTION 438 378 300 2340 7260 7260
4514 CONNECTION 438 46 300 3240 8160 8160
4515 CONNECTION 438 162 300 4140 9060 9060
4516 CONNECTION 462 159 -1 -1 1620 1620
4517 CONNECTION 462 414 -1 -1 2880 2880
4518 CONNECTION 462 277 -1 -1 3660 3660
4519 CONNECTION 462 228 -1 -1 3060 3060
4520 CONNECTION 462 251 -1 -1 2520 2520
4521 CONNECTION 462 353 -1 -1 4560 4560
4522 CONNECTION 462 439 -1 -1 4200 4200
4523 CONNECTION 462 327 -1 -1 3420 3420
4524 CONNECTION 462 19 300 540 5460 5460
4525 CONNECTION 462 377 300 1200 4320 4320
4526 CONNECTION 462 302 300 1320 5340 5340
4527 CONNECTION 462 111 300 1440 6360 6360
4528 CONNECTION 462 45 300 2100 5220 5220
4529 CONNECTION 462 85 300 2220 6480 6480
4530 CONNECTION 462 211 300 2340 7260 7260
4531 CONNECTION 462 482 300 2400 6660 6660
4532 CONNECTION 462 161 300 3000 6120 6120
4533 CONNECTION 462 279 300 3240 8160 8160
4534 CONNECTION 462 136 300 3780 7800 7800
4535 CONNECTION 462 253 300 3900 7020 7020
4536 CONNECTION 462 355 300 4140 9060 9060
4537 CONNECTION 462 329 300 4800 7920 7920
4538 SINK 462 2 -1 -1 300 300
4539 CONNECTION 17 44 -1 -1 3420 3420
4540 CONNECTION 17 463 -1 -1 3300 3300
4541 CONNECTION 17 160 -1 -1 4320 4320
4542 CONNECTION 17 252 -1 -1 5220 5220
4543 CONNECTION 17 328 300 1200 6120 6120
4544 CONNECTION 17 186 300 2100 6900 6900
4545 CONNECTION 17 378 300 2100 7020 7020
4546 CONNECTION 17 46 300 3000 7920 7920
4547 CONNECTION 17 162 300 3900 8820 8820
4548 CONNECTION 17 254 300 4800 9720 9720
4549 CONNECTION 108 109 -1 -1 2640 2640
4550 CONNECTION 108 43 -1 -1 1500 1500
4551 CONNECTION 108 499 -1 -1 2520 2520
4552 CONNECTION 108 209 -1 -1 3540 3540
4553 CONNECTION 108 159 -1 -1 2400 2400
4554 CONNECTION 108 414 -1 -1 3660 3660
4555 CONNECTION 108 277 -1 -1 4440 4440
4556 CONNECTION 108 228 -1 -1 3840 3840
4557 CONNECTION 108 251 -1 -1 3300 3300
4558 CONNECTION 108 353 300 420 5340 5340
4559 CONNECTION 108 439 300 960 4980 4980
4560 CONNECTION 108 327 300 1080 4200 4200
4561 CONNECTION 108 19 300 1320 6240 6240
4562 CONNECTION 108 377 300 1980 5100 5100
4563 CONNECTION 108 302 300 2100 6120 6120
4564 CONNECTION 108 111 300 2220 7140 7140
4565 CONNECTION 108 45 300 2880 6000 6000
4566 CONNECTION 108 85 300 3000 7260 7260
4567 CONNECTION 108 211 300 3120 8040 8040
4568 CONNECTION 108 482 300 3180 7440 7440
4569 CONNECTION 108 161 300 3780 6900 6900
4570 CONNECTION 108 279 300 4020 8940 8940
4571 CONNECTION 108 136 300 4560 8580 8580
4572 CONNECTION 108 253 300 4680 7800 7800
4573 SINK 108 2 -1 -1 300 300
4574 CONNECTION 133 134 -1 -1 1200 1200
4575 CONNECTION 133 500 -1 -1 3780 3780
4576 CONNECTION 133 185 -1 -1 3000 3000
4577 CONNECTION 133 84 -1 -1 3900 3900
4578 CONNECTION 133 440 300 1320 4800 4800
4579 CONNECTION 133 303 300 2460 7380 7380
4580 CONNECTION 133 465 300 2580 6600 6600
4581 CONNECTION 133 416 300 3480 7500 7500
4582 CONNECTION 393 251 -1 -1 1620 1620
4583 CONNECTION 393 353 -1 -1 3660 3660
4584 CONNECTION 393 439 -1 -1 3300 3300
4585 CONNECTION 393 327 -1 -1 2520 2520
4586 CONNECTION 393 19 -1 -1 4560 4560
4587 CONNECTION 393 377 -1 -1 3420 3420
4588 CONNECTION 393 302 300 420 4440 4440
4589 CONNECTION 393 111 300 540 5460 5460
4590 CONNECTION 393 45 300 1200 4320 4320
4591 CONNECTION 393 85 300 1320 5580 5580
4592 CONNECTION 393 211 300 1440 6360 6360
4593 CONNECTION 393 482 300 1500 5760 5760
4594 CONNECTION 393 161 300 2100 5220 5220
4595 CONNECTION 393 279 300 2340 7260 7260
4596 CONNECTION 393 136 300 2880 6900 6900
4597 CONNECTION 393 253 300 3000 6120 6120
4598 CONNECTION 393 355 300 3240 8160 8160
4599 CONNECTION 393 329 300 3900 7020 7020
4600 CONNECTION 393 502 300 4020 8040 8040
4601 CONNECTION 393 21 300 4140 9060 9060
4602 CONNECTION 393 379 300 4800 7920 7920
4603 SINK 393 2 -1 -1 300 300
4604 CONNECTION 375 352 -1 -1 2100 2100
4605 CONNECTION 375 18 -1 -1 3000 3000
4606 CONNECTION 375 110 300 780 3900 3900
4607 CONNECTION 375 210 300 1680 4800 4800
4608 CONNECTION 375 278 300 2580 5700 5700
4609 CONNECTION 375 354 300 3480 6600 6600
4610 CONNECTION 375 20 300 4380 7500 7500
4611 CONNECTION 62 63 -1 -1 1980 1980
4612 CONNECTION 62 229 -1 -1 4020 4020
4613 CONNECTION 62 464 -1 -1 2940 2940
4614 CONNECTION 62 501 300 420 4680 4680
4615 CONNECTION 62 441 300 600 5400 5400
4616 CONNECTION 62 395 300 1320 5580 5580
4617 CONNECTION 62 483 300 1860 7620 7620
4618 CONNECTION 62 187 300 3060 6540 6540
4619 CONNECTION 62 304 300 4020 8280 8280
4620 CONNECTION 62 138 300 4200 9000 9000
4621 CONNECTION 250 251 -1 -1 840 840
4622 CONNECTION 250 439 -1 -1 2520 2520
4623 CONNECTION 250 327 -1 -1 1740 1740
4624 CONNECTION 250 19 -1 -1 3780 3780
4625 CONNECTION 250 377 -1 -1 2640 2640
4626 CONNECTION 250 302 -1 -1 3660 3660
4627 CONNECTION 250 111 -1 -1 4680 4680
4628 CONNECTION 250 45 300 420 3540 3540
4629 CONNECTION 250 85 300 540 4800 4800
4630 CONNECTION 250 211 300 660 5580 5580
4631 CONNECTION 250 482 300 720 4980 4980
4632 CONNECTION 250 161 300 1320 4440 4440
4633 CONNECTION 250 279 300 1560 6480 6480
4634 CONNECTION 250 136 300 2100 6120 6120
4635 CONNECTION 250 253 300 2220 5340 5340
4636 CONNECTION 250 355 300 2460 7380 7380
4637 CONNECTION 250 329 300 3120 6240 6240
4638 CONNECTION 250 502 300 3240 7260 7260
4639 CONNECTION 250 21 300 3360 8280 8280
4640 CONNECTION 250 379 300 4020 7140 7140
4641 CONNECTION 250 417 300 4140 8400 8400
4642 CONNECTION 250 113 300 4260 9180 9180
4643 CONNECTION 250 230 300 4320 8580 8580
4644 SINK 250 2 -1 -1 300 300
4645 CONNECTION 413 414 -1 -1 1980 1980
4646 CONNECTION 413 251 -1 -1 1620 1620
4647 CONNECTION 413 353 -1 -1 3660 3660
4648 CONNECTION 413 439 -1 -1 3300 3300
4649 CONNECTION 413 327 -1 -1 2520 2520
4650 CONNECTION 413 19 -1 -1 4560 4560
4651 CONNECTION 413 377 -1 -1 3420 3420
4652 CONNECTION 413 302 300 420 4440 4440
4653 CONNECTION 413 111 300 540 5460 5460
4654 CONNECTION 413 45 300 1200 4320 4320
4655 CONNECTION 413 85 300 1320 5580 5580
4656 CONNECTION 413 211 300 1440 6360 6360
4657 CONNECTION 413 482 300 1500 5760 5760
4658 CONNECTION 413 161 300 2100 5220 5220
4659 CONNECTION 413 279 300 2340 7260 7260
4660 CONNECTION 413 136 300 2880 6900 6900
4661 CONNECTION 413 253 300 3000 6120 6120
4662 CONNECTION 413 355 300 3240 8160 8160
4663 CONNECTION 413 329 300 3900 7020 7020
4664 CONNECTION 413 502 300 4020 8040 8040
4665 CONNECTION 413 21 300 4140 9060 9060
4666 CONNECTION 413 379 300 4800 7920 7920
4667 SINK 413 2 -1 -1 300 300
4668 CONNECTION 109 160 -1 -1 3420 3420
4669 CONNECTION 109 252 -1 -1 4320 4320
4670 CONNECTION 109 328 -1 -1 5220 5220
4671 CONNECTION 109 186 300 1200 6000 6000
4672 CONNECTION 109 378 300 1200 6120 6120
4673 CONNECTION 109 46 300 2100 7020 7020
4674 CONNECTION 109 162 300 3000 7920 7920
4675 CONNECTION 109 254 300 3900 8820 8820
4676 CONNECTION 109 330 300 4800 9720 9720
4677 CONNECTION 109 466 300 4800 9600 9600
4678 CONNECTION 208 209 -1 -1 2640 2640
4679 CONNECTION 208 159 -1 -1 1500 1500
4680 CONNECTION 208 414 -1 -1 2760 2760
4681 CONNECTION 208 277 -1 -1 3540 3540
4682 CONNECTION 208 228 -1 -1 2940 2940
4683 CONNECTION 208 251 -1 -1 2400 2400
4684 CONNECTION 208 353 -1 -1 4440 4440
4685 CONNECTION 208 439 -1 -1 4080 4080
4686 CONNECTION 208 327 -1 -1 3300 3300
4687 CONNECTION 208 19 300 420 5340 5340
4688 CONNECTION 208 377 300 1080 4200 4200
4689 CONNECTION 208 302 300 1200 5220 5220
4690 CONNECTION 208 111 300 1320 6240 6240
4691 CONNECTION 208 45 300 1980 5100 5100
4692 CONNECTION 208 85 300 2100 6360 6360
4693 CONNECTION 208 211 300 2220 7140 7140
4694 CONNECTION 208 482 300 2280 6540 6540
4695 CONNECTION 208 161 300 2880 6000 6000
4696 CONNECTION 208 279 300 3120 8040 8040
4697 CONNECTION 208 136 300 3660 7680 7680
4698 CONNECTION 208 253 300 3780 6900 6900
4699 CONNECTION 208 355 300 4020 8940 8940
4700 CONNECTION 208 329 300 4680 7800 7800
4701 CONNECTION 208 502 300 4800 8820 8820
4702 SINK 208 2 -1 -1 300 300
4703 CONNECTION 481 415 -1 -1 3420 3420
4704 CONNECTION 481 64 300 1020 6780 6780
4705 CONNECTION 481 86 300 2100 7020 7020
4706 CONNECTION 481 396 300 4620 10380 10380
4707 CONNECTION 43 18 -1 -1 2100 2100
4708 CONNECTION 43 110 -1 -1 3000 3000
4709 CONNECTION 43 210 300 780 3900 3900
4710 CONNECTION 43 278 300 1680 4800 4800
4711 CONNECTION 43 354 300 2580 5700 5700
4712 CONNECTION 43 20 300 3480 6600 6600
4713 CONNECTION 43 112 300 4380 7500 7500
4714 CONNECTION 326 327 -1 -1 840 840
4715 CONNECTION 326 377 -1 -1 1740 1740
4716 CONNECTION 326 302 -1 -1 2760 2760
4717 CONNECTION 326 111 -1 -1 3780 3780
4718 CONNECTION 326 45 -1 -1 2640 2640
4719 CONNECTION 326 85 -1 -1 3900 3900
4720 CONNECTION 326 211 -1 -1 4680 4680
4721 CONNECTION 326 482 -1 -1 4080 4080
4722 CONNECTION 326 161 300 420 3540 3540
4723 CONNECTION 326 279 300 660 5580 5580
4724 CONNECTION 326 136 300 1200 5220 5220
4725 CONNECTION 326 253 300 1320 4440 4440
4726 CONNECTION 326 355 300 1560 6480 6480
4727 CONNECTION 326 329 300 2220 5340 5340
4728 CONNECTION 326 502 300 2340 6360 6360
4729 CONNECTION 326 21 300 2460 7380 7380
4730 CONNECTION 326 379 300 3120 6240 6240
4731 CONNECTION 326 417 300 3240 7500 7500
4732 CONNECTION 326 113 300 3360 8280 8280
4733 CONNECTION 326 230 300 3420 7680 7680
4734 CONNECTION 326 47 300 4020 7140 7140
4735 CONNECTION 326 213 300 4260 9180 9180
4736 CONNECTION 326 442 300 4800 8820 8820
4737 SINK 326 2 -1 -1 300 300
4738 CONNECTION 499 500 -1 -1 2640 2640
4739 CONNECTION 499 84 -1 -1 2760 2760
4740 CONNECTION 499 440 -1 -1 3660 3660
4741 CONNECTION 499 303 300 1320 6240 6240
4742 CONNECTION 499 465 300 1440 5460 5460
4743 CONNECTION 499 416 300 2340 6360 6360
4744 CONNECTION 499 137 300 3780 7260 7260
4745 CONNECTION 83 84 -1 -1 1740 1740
4746 CONNECTION 83 440 -1 -1 2640 2640
4747 CONNECTION 83 303 -1 -1 5220 5220
4748 CONNECTION 83 465 300 420 4440 4440
4749 CONNECTION 83 416 300 1320 5340 5340
4750 CONNECTION 83 137 300 2760 6240 6240
4751 CONNECTION 83 503 300 3900 8820 8820
4752 CONNECTION 83 188 300 4020 8040 8040
4753 CONNECTION 209 252 -1 -1 3420 3420
4754 CONNECTION 209 328 -1 -1 4320 4320
4755 CONNECTION 209 186 -1 -1 5100 5100
4756 CONNECTION 209 378 -1 -1 5220 5220
4757 CONNECTION 209 46 300 1200 6120 6120
4758 CONNECTION 209 162 300 2100 7020 7020
4759 CONNECTION 209 254 300 3000 7920 7920
4760 CONNECTION 209 330 300 3900 8820 8820
4761 CONNECTION 209 466 300 3900 8700 8700
4762 CONNECTION 209 380 300 4800 9720 9720
4763 CONNECTION 276 277 -1 -1 2640 2640
4764 CONNECTION 276 251 -1 -1 1500 1500
4765 CONNECTION 276 353 -1 -1 3540 3540
4766 CONNECTION 276 439 -1 -1 3180 3180
4767 CONNECTION 276 327 -1 -1 2400 2400
4768 CONNECTION 276 19 -1 -1 4440 4440
4769 CONNECTION 276 377 -1 -1 3300 3300
4770 CONNECTION 276 302 -1 -1 4320 4320
4771 CONNECTION 276 111 300 420 5340 5340
4772 CONNECTION 276 45 300 1080 4200 4200
4773 CONNECTION 276 85 300 1200 5460 5460
4774 CONNECTION 276 211 300 1320 6240 6240
4775 CONNECTION 276 482 300 1380 5640 5640
4776 CONNECTION 276 161 300 1980 5100 5100
4777 CONNECTION 276 279 300 2220 7140 7140
4778 CONNECTION 276 136 300 2760 6780 6780
4779 CONNECTION 276 253 300 2880 6000 6000
4780 CONNECTION 276 355 300 3120 8040 8040
4781 CONNECTION 276 329 300 3780 6900 6900
4782 CONNECTION 276 502 300 3900 7920 7920
4783 CONNECTION 276 21 300 4020 8940 8940
4784 CONNECTION 276 379 300 4680 7800 7800
4785 CONNECTION 276 417 300 4800 9060 9060
4786 SINK 276 2 -1 -1 300 300
4787 CONNECTION 134 135 -1 -1 2520 2520
4788 CONNECTION 134 63 -1 -1 2700 2700
4789 CONNECTION 134 229 -1 -1 4740 4740
4790 CONNECTION 134 464 -1 -1 3660 3660
4791 CONNECTION 134 501 300 1140 5400 5400
4792 CONNECTION 134 441 300 1320 6120 6120
4793 CONNECTION 134 395 300 2040 6300 6300
4794 CONNECTION 134 483 300 2580 8340 8340
4795 CONNECTION 134 187 300 3780 7260 7260
4796 CONNECTION 134 304 300 4740 9000 9000
4797 CONNECTION 184 185 -1 -1 1740 1740
4798 CONNECTION 184 84 -1 -1 2640 2640
4799 CONNECTION 184 440 -1 -1 3540 3540
4800 CONNECTION 184 303 300 1200 6120 6120
4801 CONNECTION 184 465 300 1320 5340 5340
4802 CONNECTION 184 416 300 2220 6240 6240
4803 CONNECTION 184 137 300 3660 7140 7140
4804 CONNECTION 184 503 300 4800 9720 9720
4805 CONNECTION 159 110 -1 -1 2100 2100
4806 CONNECTION 159 210 -1 -1 3000 3000
4807 CONNECTION 159 278 300 780 3900 3900
4808 CONNECTION 159 354 300 1680 4800 4800
4809 CONNECTION 159 20 300 2580 5700 5700
4810 CONNECTION 159 112 300 3480 6600 6600
4811 CONNECTION 159 212 300 4380 7500 7500
4812 CONNECTION 376 377 -1 -1 840 840
4813 CONNECTION 376 45 -1 -1 1740 1740
4814 CONNECTION 376 85 -1 -1 3000 3000
4815 CONNECTION 376 211 -1 -1 3780 3780
4816 CONNECTION 376 482 -1 -1 3180 3180
4817 CONNECTION 376 161 -1 -1 2640 2640
4818 CONNECTION 376 279 -1 -1 4680 4680
4819 CONNECTION 376 136 -1 -1 4320 4320
4820 CONNECTION 376 253 300 420 3540 3540
4821 CONNECTION 376 355 300 660 5580 5580
4822 CONNECTION 376 329 300 1320 4440 4440
4823 CONNECTION 376 502 300 1440 5460 5460
4824 CONNECTION 376 21 300 1560 6480 6480
4825 CONNECTION 376 379 300 2220 5340 5340
4826 CONNECTION 376 417 300 2340 6600 6600
4827 CONNECTION 376 113 300 2460 7380 7380
4828 CONNECTION 376 230 300 2520 6780 6780
4829 CONNECTION 376 47 300 3120 6240 6240
4830 CONNECTION 376 213 300 3360 8280 8280
4831 CONNECTION 376 442 300 3900 7920 7920
4832 CONNECTION 376 163 300 4020 7140 7140
4833 CONNECTION 376 281 300 4260 9180 9180
4834 SINK 376 2 -1 -1 300 300
4835 CONNECTION 414 464 -1 -1 2580 2580
4836 CONNECTION 414 501 -1 -1 4320 4320
4837 CONNECTION 414 441 -1 -1 5040 5040
4838 CONNECTION 414 395 300 960 5220 5220
4839 CONNECTION 414 483 300 1500 7260 7260
4840 CONNECTION 414 187 300 2700 6180 6180
4841 CONNECTION 414 304 300 3660 7920 7920
4842 CONNECTION 414 138 300 3840 8640 8640
4843 CONNECTION 414 65 300 4560 8820 8820
4844 CONNECTION 277 328 -1 -1 3420 3420
4845 CONNECTION 277 186 -1 -1 4200 4200
4846 CONNECTION 277 378 -1 -1 4320 4320
4847 CONNECTION 277 46 -1 -1 5220 5220
4848 CONNECTION 277 162 300 1200 6120 6120
4849 CONNECTION 277 254 300 2100 7020 7020
4850 CONNECTION 277 330 300 3000 7920 7920
4851 CONNECTION 277 466 300 3000 7800 7800
4852 CONNECTION 277 380 300 3900 8820 8820
4853 CONNECTION 277 48 300 4800 9720 9720
4854 CONNECTION 228 229 -1 -1 3480 3480
4855 CONNECTION 228 464 -1 -1 2400 2400
4856 CONNECTION 228 501 -1 -1 4140 4140
4857 CONNECTION 228 441 -1 -1 4860 4860
4858 CONNECTION 228 395 300 780 5040 5040
4859 CONNECTION 228 483 300 1320 7080 7080
4860 CONNECTION 228 187 300 2520 6000 6000
4861 CONNECTION 228 304 300 3480 7740 7740
4862 CONNECTION 228 138 300 3660 8460 8460
4863 CONNECTION 228 65 300 4380 8640 8640
4864 CONNECTION 352 353 -1 -1 2640 2640
4865 CONNECTION 352 439 -1 -1 2280 2280
4866 CONNECTION 352 327 -1 -1 1500 1500
4867 CONNECTION 352 19 -1 -1 3540 3540
4868 CONNECTION 352 377 -1 -1 2400 2400
4869 CONNECTION 352 302 -1 -1 3420 3420
4870 CONNECTION 352 111 -1 -1 4440 4440
4871 CONNECTION 352 45 -1 -1 3300 3300
4872 CONNECTION 352 85 -1 -1 4560 4560
4873 CONNECTION 352 211 300 420 5340 5340
4874 CONNECTION 352 482 300 480 4740 4740
4875 CONNECTION 352 161 300 1080 4200 4200
4876 CONNECTION 352 279 300 1320 6240 6240
4877 CONNECTION 352 136 300 1860 5880 5880
4878 CONNECTION 352 253 300 1980 5100 5100
4879 CONNECTION 352 355 300 2220 7140 7140
4880 CONNECTION 352 329 300 2880 6000 6000
4881 CONNECTION 352 502 300 3000 7020 7020
4882 CONNECTION 352 21 300 3120 8040 8040
4883 CONNECTION 352 379 300 3780 6900 6900
4884 CONNECTION 352 417 300 3900 8160 8160
4885 CONNECTION 352 113 300 4020 8940 8940
4886 CONNECTION 352 230 300 4080 8340 8340
4887 CONNECTION 352 47 300 4680 7800 7800
4888 SINK 352 2 -1 -1 300 300
4889 CONNECTION 301 302 -1 -1 1740 1740
4890 CONNECTION 301 45 -1 -1 1620 1620
4891 CONNECTION 301 85 -1 -1 2880 2880
4892 CONNECTION 301 211 -1 -1 3660 3660
4893 CONNECTION 301 482 -1 -1 3060 3060
4894 CONNECTION 301 161 -1 -1 2520 2520
4895 CONNECTION 301 279 -1 -1 4560 4560
4896 CONNECTION 301 136 -1 -1 4200 4200
4897 CONNECTION 301 253 -1 -1 3420 3420
4898 CONNECTION 301 355 300 540 5460 5460
4899 CONNECTION 301 329 300 1200 4320 4320
4900 CONNECTION 301 502 300 1320 5340 5340
4901 CONNECTION 301 21 300 1440 6360 6360
4902 CONNECTION 301 379 300 2100 5220 5220
4903 CONNECTION 301 417 300 2220 6480 6480
4904 CONNECTION 301 113 300 2340 7260 7260
4905 CONNECTION 301 230 300 2400 6660 6660
4906 CONNECTION 301 47 300 3000 6120 6120
4907 CONNECTION 301 213 300 3240 8160 8160
4908 CONNECTION 301 442 300 3780 7800 7800
4909 CONNECTION 301 163 300 3900 7020 7020
4910 CONNECTION 301 281 300 4140 9060 9060
4911 CONNECTION 301 255 300 4800 7920 7920
4912 SINK 301 2 -1 -1 300 300
4913 CONNECTION 251 210 -1 -1 2100 2100
4914 CONNECTION 251 278 -1 -1 3000 3000
4915 CONNECTION 251 354 300 780 3900 3900
4916 CONNECTION 251 20 300 1680 4800 4800
4917 CONNECTION 251 112 300 2580 5700 5700
4918 CONNECTION 251 212 300 3480 6600 6600
4919 CONNECTION 251 280 300 4380 7500 7500
4920 CONNECTION 44 45 -1 -1 840 840
4921 CONNECTION 44 161 -1 -1 1740 1740
4922 CONNECTION 44 279 -1 -1 3780 3780
4923 CONNECTION 44 136 -1 -1 3420 3420
4924 CONNECTION 44 253 -1 -1 2640 2640
4925 CONNECTION 44 355 -1 -1 4680 4680
4926 CONNECTION 44 329 300 420 3540 3540
4927 CONNECTION 44 502 300 540 4560 4560
4928 CONNECTION 44 21 300 660 5580 5580
4929 CONNECTION 44 379 300 1320 4440 4440
4930 CONNECTION 44 417 300 1440 5700 5700
4931 CONNECTION 44 113 300 1560 6480 6480
4932 CONNECTION 44 230 300 1620 5880 5880
4933 CONNECTION 44 47 300 2220 5340 5340
4934 CONNECTION 44 213 300 2460 7380 7380
4935 CONNECTION 44 442 300 3000 7020 7020
4936 CONNECTION 44 163 300 3120 6240 6240
4937 CONNECTION 44 281 300 3360 8280 8280
4938 CONNECTION 44 255 300 4020 7140 7140
4939 CONNECTION 44 305 300 4140 8160 8160
4940 CONNECTION 44 357 300 4260 9180 9180
4941 SINK 44 2 -1 -1 300 300
4942 CONNECTION 463 464 -1 -1 1200 1200
4943 CONNECTION 463 501 -1 -1 2940 2940
4944 CONNECTION 463 441 -1 -1 3660 3660
4945 CONNECTION 463 395 -1 -1 3840 3840
4946 CONNECTION 463 483 -1 -1 5880 5880
4947 CONNECTION 463 187 300 1320 4800 4800
4948 CONNECTION 463 304 300 2280 6540 6540
4949 CONNECTION 463 138 300 2460 7260 7260
4950 CONNECTION 463 65 300 3180 7440 7440
4951 CONNECTION 463 231 300 3720 9480 9480
4952 CONNECTION 500 64 -1 -1 5340 5340
4953 CONNECTION 500 86 300 660 5580 5580
4954 CONNECTION 500 396 300 3180 8940 8940
4955 CONNECTION 500 418 300 4260 9180 9180
4956 CONNECTION 135 186 -1 -1 3540 3540
4957 CONNECTION 135 378 -1 -1 3660 3660
4958 CONNECTION 135 46 -1 -1 4560 4560
4959 CONNECTION 135 162 300 540 5460 5460
4960 CONNECTION 135 254 300 1440 6360 6360
4961 CONNECTION 135 330 300 2340 7260 7260
4962 CONNECTION 135 466 300 2340 7140 7140
4963 CONNECTION 135 380 300 3240 8160 8160
4964 CONNECTION 135 48 300 4140 9060 9060
4965 CONNECTION 185 45 -1 -1 1620 1620
4966 CONNECTION 185 85 -1 -1 2880 2880
4967 CONNECTION 185 211 -1 -1 3660 3660
4968 CONNECTION 185 482 -1 -1 3060 3060
4969 CONNECTION 185 161 -1 -1 2520 2520
4970 CONNECTION 185 279 -1 -1 4560 4560
4971 CONNECTION 185 136 -1 -1 4200 4200
4972 CONNECTION 185 253 -1 -1 3420 3420
4973 CONNECTION 185 355 300 540 5460 5460
4974 CONNECTION 185 329 300 1200 4320 4320
4975 CONNECTION 185 502 300 1320 5340 5340
4976 CONNECTION 185 21 300 1440 6360 6360
4977 CONNECTION 185 379 300 2100 5220 5220
4978 CONNECTION 185 417 300 2220 6480 6480
4979 CONNECTION 185 113 300 2340 7260 7260
4980 CONNECTION 185 230 300 2400 6660 6660
4981 CONNECTION 185 47 300 3000 6120 6120
4982 CONNECTION 185 213 300 3240 8160 8160
4983 CONNECTION 185 442 300 3780 7800 7800
4984 CONNECTION 185 163 300 3900 7020 7020
4985 CONNECTION 185 281 300 4140 9060 9060
4986 CONNECTION 185 255 300 4800 7920 7920
4987 SINK 185 2 -1 -1 300 300
4988 CONNECTION 353 186 -1 -1 3300 3300
4989 CONNECTION 353 378 -1 -1 3420 3420
4990 CONNECTION 353 46 -1 -1 4320 4320
4991 CONNECTION 353 162 -1 -1 5220 5220
4992 CONNECTION 353 254 300 1200 6120 6120
4993 CONNECTION 353 330 300 2100 7020 7020
4994 CONNECTION 353 466 300 2100 6900 6900
4995 CONNECTION 353 380 300 3000 7920 7920
4996 CONNECTION 353 48 300 3900 8820 8820
4997 CONNECTION 353 164 300 4800 9720 9720
4998 CONNECTION 18 19 -1 -1 2640 2640
4999 CONNECTION 18 377 -1 -1 1500 1500
5000 CONNECTION 18 302 -1 -1 2520 2520
5001 CONNECTION 18 111 -1 -1 3540 3540
5002 CONNECTION 18 45 -1 -1 2400 2400
5003 CONNECTION 18 85 -1 -1 3660 3660
5004 CONNECTION 18 211 -1 -1 4440 4440
5005 CONNECTION 18 482 -1 -1 3840 3840
5006 CONNECTION 18 161 -1 -1 3300 3300
5007 CONNECTION 18 279 300 420 5340 5340
5008 CONNECTION 18 136 300 960 4980 4980
5009 CONNECTION 18 253 300 1080 4200 4200
5010 CONNECTION 18 355 300 1320 6240 6240
5011 CONNECTION 18 329 300 1980 5100 5100
5012 CONNECTION 18 502 300 2100 6120 6120
5013 CONNECTION 18 21 300 2220 7140 7140
5014 CONNECTION 18 379 300 2880 6000 6000
5015 CONNECTION 18 417 300 3000 7260 7260
5016 CONNECTION 18 113 300 3120 8040 8040
5017 CONNECTION 18 230 300 3180 7440 7440
5018 CONNECTION 18 47 300 3780 6900 6900
5019 CONNECTION 18 213 300 4020 8940 8940
5020 CONNECTION 18 442 300 4560 8580 8580
5021 CONNECTION 18 163 300 4680 7800 7800
5022 SINK 18 2 -1 -1 300 300
5023 CONNECTION 439 440 -1 -1 1200 1200
5024 CONNECTION 439 303 -1 -1 3780 3780
5025 CONNECTION 439 465 -1 -1 3000 3000
5026 CONNECTION 439 416 -1 -1 3900 3900
5027 CONNECTION 439 137 300 1320 4800 4800
5028 CONNECTION 439 503 300 2460 7380 7380
5029 CONNECTION 439 188 300 2580 6600 6600
5030 CONNECTION 439 87 300 3480 7500 7500
5031 CONNECTION 63 161 -1 -1 1620 1620
5032 CONNECTION 63 279 -1 -1 3660 3660
5033 CONNECTION 63 136 -1 -1 3300 3300
5034 CONNECTION 63 253 -1 -1 2520 2520
5035 CONNECTION 63 355 -1 -1 4560 4560
5036 CONNECTION 63 329 -1 -1 3420 3420
5037 CONNECTION 63 502 300 420 4440 4440
5038 CONNECTION 63 21 300 540 5460 5460
5039 CONNECTION 63 379 300 1200 4320 4320
5040 CONNECTION 63 417 300 1320 5580 5580
5041 CONNECTION 63 113 300 1440 6360 6360
5042 CONNECTION 63 230 300 1500 5760 5760
5043 CONNECTION 63 47 300 2100 5220 5220
5044 CONNECTION 63 213 300 2340 7260 7260
5045 CONNECTION 63 442 300 2880 6900 6900
5046 CONNECTION 63 163 300 3000 6120 6120
5047 CONNECTION 63 281 300 3240 8160 8160
5048 CONNECTION 63 255 300 3900 7020 7020
5049 CONNECTION 63 305 300 4020 8040 8040
5050 CONNECTION 63 357 300 4140 9060 9060
5051 CONNECTION 63 331 300 4800 7920 7920
5052 SINK 63 2 -1 -1 300 300
5053 CONNECTION 327 278 -1 -1 2100 2100
5054 CONNECTION 327 354 -1 -1 3000 3000
5055 CONNECTION 327 20 300 780 3900 3900
5056 CONNECTION 327 112 300 1680 4800 4800
5057 CONNECTION 327 212 300 2580 5700 5700
5058 CONNECTION 327 280 300 3480 6600 6600
5059 CONNECTION 327 356 300 4380 7500 7500
5060 CONNECTION 160 161 -1 -1 840 840
5061 CONNECTION 160 136 -1 -1 2520 2520
5062 CONNECTION 160 253 -1 -1 1740 1740
5063 CONNECTION 160 355 -1 -1 3780 3780
5064 CONNECTION 160 329 -1 -1 2640 2640
5065 CONNECTION 160 502 -1 -1 3660 3660
5066 CONNECTION 160 21 -1 -1 4680 4680
5067 CONNECTION 160 379 300 420 3540 3540
5068 CONNECTION 160 417 300 540 4800 4800
5069 CONNECTION 160 113 300 660 5580 5580
5070 CONNECTION 160 230 300 720 4980 4980
5071 CONNECTION 160 47 300 1320 4440 4440
5072 CONNECTION 160 213 300 1560 6480 6480
5073 CONNECTION 160 442 300 2100 6120 6120
5074 CONNECTION 160 163 300 2220 5340 5340
5075 CONNECTION 160 281 300 2460 7380 7380
5076 CONNECTION 160 255 300 3120 6240 6240
5077 CONNECTION 160 305 300 3240 7260 7260
5078 CONNECTION 160 357 300 3360 8280 8280
5079 CONNECTION 160 331 300 4020 7140 7140
5080 CONNECTION 160 88 300 4140 8400 8400
5081 CONNECTION 160 23 300 4260 9180 9180
5082 CONNECTION 160 484 300 4320 8580 8580
5083 SINK 160 2 -1 -1 300 300
5084 CONNECTION 394 395 -1 -1 1980 1980
5085 CONNECTION 394 483 -1 -1 4020 4020
5086 CONNECTION 394 187 -1 -1 2940 2940
5087 CONNECTION 394 304 300 420 4680 4680
5088 CONNECTION 394 138 300 600 5400 5400
5089 CONNECTION 394 65 300 1320 5580 5580
5090 CONNECTION 394 231 300 1860 7620 7620
5091 CONNECTION 394 467 300 3060 6540 6540
5092 CONNECTION 394 504 300 4020 8280 8280
5093 CONNECTION 394 444 300 4200 9000 9000
5094 CONNECTION 84 85 -1 -1 1980 1980
5095 CONNECTION 84 161 -1 -1 1620 1620
5096 CONNECTION 84 279 -1 -1 3660 3660
5097 CONNECTION 84 136 -1 -1 3300 3300
5098 CONNECTION 84 253 -1 -1 2520 2520
5099 CONNECTION 84 355 -1 -1 4560 4560
5100 CONNECTION 84 329 -1 -1 3420 3420
5101 CONNECTION 84 502 300 420 4440 4440
5102 CONNECTION 84 21 300 540 5460 5460
5103 CONNECTION 84 379 300 1200 4320 4320
5104 CONNECTION 84 417 300 1320 5580 5580
5105 CONNECTION 84 113 300 1440 6360 6360
5106 CONNECTION 84 230 300 1500 5760 5760
5107 CONNECTION 84 47 300 2100 5220 5220
5108 CONNECTION 84 213 300 2340 7260 7260
5109 CONNECTION 84 442 300 2880 6900 6900
5110 CONNECTION 84 163 300 3000 6120 6120
5111 CONNECTION 84 281 300 3240 8160 8160
5112 CONNECTION 84 255 300 3900 7020 7020
5113 CONNECTION 84 305 300 4020 8040 8040
5114 CONNECTION 84 357 300 4140 9060 9060
5115 CONNECTION 84 331 300 4800 7920 7920
5116 SINK 84 2 -1 -1 300 300
5117 CONNECTION 19 46 -1 -1 3420 3420
5118 CONNECTION 19 162 -1 -1 4320 4320
5119 CONNECTION 19 254 -1 -1 5220 5220
5120 CONNECTION 19 330 300 1200 6120 6120
5121 CONNECTION 19 466 300 1200 6000 6000
5122 CONNECTION 19 380 300 2100 7020 7020
5123 CONNECTION 19 48 300 3000 7920 7920
5124 CONNECTION 19 164 300 3900 8820 8820
5125 CONNECTION 19 189 300 4800 9600 9600
5126 CONNECTION 19 256 300 4800 9720 9720
5127 CONNECTION 110 111 -1 -1 2640 2640
5128 CONNECTION 110 45 -1 -1 1500 1500
5129 CONNECTION 110 85 -1 -1 2760 2760
5130 CONNECTION 110 211 -1 -1 3540 3540
5131 CONNECTION 110 482 -1 -1 2940 2940
5132 CONNECTION 110 161 -1 -1 2400 2400
5133 CONNECTION 110 279 -1 -1 4440 4440
5134 CONNECTION 110 136 -1 -1 4080 4080
5135 CONNECTION 110 253 -1 -1 3300 3300
5136 CONNECTION 110 355 300 420 5340 5340
5137 CONNECTION 110 329 300 1080 4200 4200
5138 CONNECTION 110 502 300 1200 5220 5220
5139 CONNECTION 110 21 300 1320 6240 6240
5140 CONNECTION 110 379 300 1980 5100 5100
5141 CONNECTION 110 417 300 2100 6360 6360
5142 CONNECTION 110 113 300 2220 7140 7140
5143 CONNECTION 110 230 300 2280 6540 6540
5144 CONNECTION 110 47 300 2880 6000 6000
5145 CONNECTION 110 213 300 3120 8040 8040
5146 CONNECTION 110 442 300 3660 7680 7680
5147 CONNECTION 110 163 300 3780 6900 6900
5148 CONNECTION 110 281 300 4020 8940 8940
5149 CONNECTION 110 255 300 4680 7800 7800
5150 CONNECTION 110 305 300 4800 8820 8820
5151 SINK 110 2 -1 -1 300 300
5152 CONNECTION 229 86 -1 -1 3420 3420
5153 CONNECTION 229 396 300 1020 6780 6780
5154 CONNECTION 229 418 300 2100 7020 7020
5155 CONNECTION 229 66 300 4620 10380 10380
5156 CONNECTION 377 354 -1 -1 2100 2100
5157 CONNECTION 377 20 -1 -1 3000 3000
5158 CONNECTION 377 112 300 780 3900 3900
5159 CONNECTION 377 212 300 1680 4800 4800
5160 CONNECTION 377 280 300 2580 5700 5700
5161 CONNECTION 377 356 300 3480 6600 6600
5162 CONNECTION 377 22 300 4380 7500 7500
5163 CONNECTION 252 253 -1 -1 840 840
5164 CONNECTION 252 329 -1 -1 1740 1740
5165 CONNECTION 252 502 -1 -1 2760 2760
5166 CONNECTION 252 21 -1 -1 3780 3780
5167 CONNECTION 252 379 -1 -1 2640 2640
5168 CONNECTION 252 417 -1 -1 3900 3900
5169 CONNECTION 252 113 -1 -1 4680 4680
5170 CONNECTION 252 230 -1 -1 4080 4080
5171 CONNECTION 252 47 300 420 3540 3540
5172 CONNECTION 252 213 300 660 5580 5580
5173 CONNECTION 252 442 300 1200 5220 5220
5174 CONNECTION 252 163 300 1320 4440 4440
5175 CONNECTION 252 281 300 1560 6480 6480
5176 CONNECTION 252 255 300 2220 5340 5340
5177 CONNECTION 252 305 300 2340 6360 6360
5178 CONNECTION 252 357 300 2460 7380 7380
5179 CONNECTION 252 331 300 3120 6240 6240
5180 CONNECTION 252 88 300 3240 7500 7500
5181 CONNECTION 252 23 300 3360 8280 8280
5182 CONNECTION 252 484 300 3420 7680 7680
5183 CONNECTION 252 381 300 4020 7140 7140
5184 CONNECTION 252 115 300 4260 9180 9180
5185 CONNECTION 252 139 300 4800 8820 8820
5186 SINK 252 2 -1 -1 300 300
5187 CONNECTION 302 303 -1 -1 2640 2640
5188 CONNECTION 302 416 -1 -1 2760 2760
5189 CONNECTION 302 137 -1 -1 3660 3660
5190 CONNECTION 302 503 300 1320 6240 6240
5191 CONNECTION 302 188 300 1440 5460 5460
5192 CONNECTION 302 87 300 2340 6360 6360
5193 CONNECTION 302 443 300 3780 7260 7260
5194 CONNECTION 111 162 -1 -1 3420 3420
5195 CONNECTION 111 254 -1 -1 4320 4320
5196 CONNECTION 111 330 -1 -1 5220 5220
5197 CONNECTION 111 466 -1 -1 5100 5100
5198 CONNECTION 111 380 300 1200 6120 6120
5199 CONNECTION 111 48 300 2100 7020 7020
5200 CONNECTION 111 164 300 3000 7920 7920
5201 CONNECTION 111 189 300 3900 8700 8700
5202 CONNECTION 111 256 300 3900 8820 8820
5203 CONNECTION 111 332 300 4800 9720 9720
5204 CONNECTION 415 416 -1 -1 1740 1740
5205 CONNECTION 415 137 -1 -1 2640 2640
5206 CONNECTION 415 503 -1 -1 5220 5220
5207 CONNECTION 415 188 300 420 4440 4440
5208 CONNECTION 415 87 300 1320 5340 5340
5209 CONNECTION 415 443 300 2760 6240 6240
5210 CONNECTION 415 306 300 3900 8820 8820
5211 CONNECTION 415 468 300 4020 8040 8040
5212 CONNECTION 210 211 -1 -1 2640 2640
5213 CONNECTION 210 161 -1 -1 1500 1500
5214 CONNECTION 210 279 -1 -1 3540 3540
5215 CONNECTION 210 136 -1 -1 3180 3180
5216 CONNECTION 210 253 -1 -1 2400 2400
5217 CONNECTION 210 355 -1 -1 4440 4440
5218 CONNECTION 210 329 -1 -1 3300 3300
5219 CONNECTION 210 502 -1 -1 4320 4320
5220 CONNECTION 210 21 300 420 5340 5340
5221 CONNECTION 210 379 300 1080 4200 4200
5222 CONNECTION 210 417 300 1200 5460 5460
5223 CONNECTION 210 113 300 1320 6240 6240
5224 CONNECTION 210 230 300 1380 5640 5640
5225 CONNECTION 210 47 300 1980 5100 5100
5226 CONNECTION 210 213 300 2220 7140 7140
5227 CONNECTION 210 442 300 2760 6780 6780
5228 CONNECTION 210 163 300 2880 6000 6000
5229 CONNECTION 210 281 300 3120 8040 8040
5230 CONNECTION 210 255 300 3780 6900 6900
5231 CONNECTION 210 305 300 3900 7920 7920
5232 CONNECTION 210 357 300 4020 8940 8940
5233 CONNECTION 210 331 300 4680 7800 7800
5234 CONNECTION 210 88 300 4800 9060 9060
5235 SINK 210 2 -1 -1 300 300
5236 CONNECTION 440 441 -1 -1 2520 2520
5237 CONNECTION 440 395 -1 -1 2700 2700
5238 CONNECTION 440 483 -1 -1 4740 4740
5239 CONNECTION 440 187 -1 -1 3660 3660
5240 CONNECTION 440 304 300 1140 5400 5400
5241 CONNECTION 440 138 300 1320 6120 6120
5242 CONNECTION 440 65 300 2040 6300 6300
5243 CONNECTION 440 231 300 2580 8340 8340
5244 CONNECTION 440 467 300 3780 7260 7260
5245 CONNECTION 440 504 300 4740 9000 9000
5246 CONNECTION 464 465 -1 -1 1740 1740
5247 CONNECTION 464 416 -1 -1 2640 2640
5248 CONNECTION 464 137 -1 -1 3540 3540
5249 CONNECTION 464 503 300 1200 6120 6120
5250 CONNECTION 464 188 300 1320 5340 5340
5251 CONNECTION 464 87 300 2220 6240 6240
5252 CONNECTION 464 443 300 3660 7140 7140
5253 CONNECTION 464 306 300 4800 9720 9720
5254 CONNECTION 45 20 -1 -1 2100 2100
5255 CONNECTION 45 112 -1 -1 3000 3000
5256 CONNECTION 45 212 300 780 3900 3900
5257 CONNECTION 45 280 300 1680 4800 4800
5258 CONNECTION 45 356 300 2580 5700 5700
5259 CONNECTION 45 22 300 3480 6600 6600
5260 CONNECTION 45 114 300 4380 7500 7500
5261 CONNECTION 328 329 -1 -1 840 840
5262 CONNECTION 328 379 -1 -1 1740 1740
5263 CONNECTION 328 417 -1 -1 3000 3000
5264 CONNECTION 328 113 -1 -1 3780 3780
5265 CONNECTION 328 230 -1 -1 3180 3180
5266 CONNECTION 328 47 -1 -1 2640 2640
5267 CONNECTION 328 213 -1 -1 4680 4680
5268 CONNECTION 328 442 -1 -1 4320 4320
5269 CONNECTION 328 163 300 420 3540 3540
5270 CONNECTION 328 281 300 660 5580 5580
5271 CONNECTION 328 255 300 1320 4440 4440
5272 CONNECTION 328 305 300 1440 5460 5460
5273 CONNECTION 328 357 300 1560 6480 6480
5274 CONNECTION 328 331 300 2220 5340 5340
5275 CONNECTION 328 88 300 2340 6600 6600
5276 CONNECTION 328 23 300 2460 7380 7380
5277 CONNECTION 328 484 300 2520 6780 6780
5278 CONNECTION 328 381 300 3120 6240 6240
5279 CONNECTION 328 115 300 3360 8280 8280
5280 CONNECTION 328 139 300 3900 7920 7920
5281 CONNECTION 328 49 300 4020 7140 7140
5282 CONNECTION 328 215 300 4260 9180 9180
5283 SINK 328 2 -1 -1 300 300
5284 CONNECTION 85 187 -1 -1 2580 2580
5285 CONNECTION 85 304 -1 -1 4320 4320
5286 CONNECTION 85 138 -1 -1 5040 5040
5287 CONNECTION 85 65 300 960 5220 5220
5288 CONNECTION 85 231 300 1500 7260 7260
5289 CONNECTION 85 467 300 2700 6180 6180
5290 CONNECTION 85 504 300 3660 7920 7920
5291 CONNECTION 85 444 300 3840 8640 8640
5292 CONNECTION 85 397 300 4560 8820 8820
5293 CONNECTION 211 254 -1 -1 3420 3420
5294 CONNECTION 211 330 -1 -1 4320 4320
5295 CONNECTION 211 466 -1 -1 4200 4200
5296 CONNECTION 211 380 -1 -1 5220 5220
5297 CONNECTION 211 48 300 1200 6120 6120
5298 CONNECTION 211 164 300 2100 7020 7020
5299 CONNECTION 211 189 300 3000 7800 7800
5300 CONNECTION 211 256 300 3000 7920 7920
5301 CONNECTION 211 332 300 3900 8820 8820
5302 CONNECTION 211 382 300 4800 9720 9720
5303 CONNECTION 278 279 -1 -1 2640 2640
5304 CONNECTION 278 136 -1 -1 2280 2280
5305 CONNECTION 278 253 -1 -1 1500 1500
5306 CONNECTION 278 355 -1 -1 3540 3540
5307 CONNECTION 278 329 -1 -1 2400 2400
5308 CONNECTION 278 502 -1 -1 3420 3420
5309 CONNECTION 278 21 -1 -1 4440 4440
5310 CONNECTION 278 379 -1 -1 3300 3300
5311 CONNECTION 278 417 -1 -1 4560 4560
5312 CONNECTION 278 113 300 420 5340 5340
5313 CONNECTION 278 230 300 480 4740 4740
5314 CONNECTION 278 47 300 1080 4200 4200
5315 CONNECTION 278 213 300 1320 6240 6240
5316 CONNECTION 278 442 300 1860 5880 5880
5317 CONNECTION 278 163 300 1980 5100 5100
5318 CONNECTION 278 281 300 2220 7140 7140
5319 CONNECTION 278 255 300 2880 6000 6000
5320 CONNECTION 278 305 300 3000 7020 7020
5321 CONNECTION 278 357 300 3120 8040 8040
5322 CONNECTION 278 331 300 3780 6900 6900
5323 CONNECTION 278 88 300 3900 8160 8160
5324 CONNECTION 278 23 300 4020 8940 8940
5325 CONNECTION 278 484 300 4080 8340 8340
5326 CONNECTION 278 381 300 4680 7800 7800
5327 SINK 278 2 -1 -1 300 300
5328 CONNECTION 482 483 -1 -1 3480 3480
5329 CONNECTION 482 187 -1 -1 2400 2400
5330 CONNECTION 482 304 -1 -1 4140 4140
5331 CONNECTION 482 138 -1 -1 4860 4860
5332 CONNECTION 482 65 300 780 5040 5040
5333 CONNECTION 482 231 300 1320 7080 7080
5334 CONNECTION 482 467 300 2520 6000 6000
5335 CONNECTION 482 504 300 3480 7740 7740
5336 CONNECTION 482 444 300 3660 8460 8460
5337 CONNECTION 482 397 300 4380 8640 8640
5338 CONNECTION 501 502 -1 -1 1740 1740
5339 CONNECTION 501 379 -1 -1 1620 1620
5340 CONNECTION 501 417 -1 -1 2880 2880
5341 CONNECTION 501 113 -1 -1 3660 3660
5342 CONNECTION 501 230 -1 -1 3060 3060
5343 CONNECTION 501 47 -1 -1 2520 2520
5344 CONNECTION 501 213 -1 -1 4560 4560
5345 CONNECTION 501 442 -1 -1 4200 4200
5346 CONNECTION 501 163 -1 -1 3420 3420
5347 CONNECTION 501 281 300 540 5460 5460
5348 CONNECTION 501 255 300 1200 4320 4320
5349 CONNECTION 501 305 300 1320 5340 5340
5350 CONNECTION 501 357 300 1440 6360 6360
5351 CONNECTION 501 331 300 2100 5220 5220
5352 CONNECTION 501 88 300 2220 6480 6480
5353 CONNECTION 501 23 300 2340 7260 7260
5354 CONNECTION 501 484 300 2400 6660 6660
5355 CONNECTION 501 381 300 3000 6120 6120
5356 CONNECTION 501 115 300 3240 8160 8160
5357 CONNECTION 501 139 300 3780 7800 7800
5358 CONNECTION 501 49 300 3900 7020 7020
5359 CONNECTION 501 215 300 4140 9060 9060
5360 CONNECTION 501 165 300 4800 7920 7920
5361 SINK 501 2 -1 -1 300 300
5362 CONNECTION 161 112 -1 -1 2100 2100
5363 CONNECTION 161 212 -1 -1 3000 3000
5364 CONNECTION 161 280 300 780 3900 3900
5365 CONNECTION 161 356 300 1680 4800 4800
5366 CONNECTION 161 22 300 2580 5700 5700
5367 CONNECTION 161 114 300 3480 6600 6600
5368 CONNECTION 161 214 300 4380 7500 7500
5369 CONNECTION 186 187 -1 -1 1200 1200
5370 CONNECTION 186 304 -1 -1 2940 2940
5371 CONNECTION 186 138 -1 -1 3660 3660
5372 CONNECTION 186 65 -1 -1 3840 3840
5373 CONNECTION 186 231 -1 -1 5880 5880
5374 CONNECTION 186 467 300 1320 4800 4800
5375 CONNECTION 186 504 300 2280 6540 6540
5376 CONNECTION 186 444 300 2460 7260 7260
5377 CONNECTION 186 397 300 3180 7440 7440
5378 CONNECTION 186 485 300 3720 9480 9480
5379 CONNECTION 303 396 -1 -1 5340 5340
5380 CONNECTION 303 418 300 660 5580 5580
5381 CONNECTION 303 66 300 3180 8940 8940
5382 CONNECTION 303 89 300 4260 9180 9180
5383 CONNECTION 378 379 -1 -1 840 840
5384 CONNECTION 378 47 -1 -1 1740 1740
5385 CONNECTION 378 213 -1 -1 3780 3780
5386 CONNECTION 378 442 -1 -1 3420 3420
5387 CONNECTION 378 163 -1 -1 2640 2640
5388 CONNECTION 378 281 -1 -1 4680 4680
5389 CONNECTION 378 255 300 420 3540 3540
5390 CONNECTION 378 305 300 540 4560 4560
5391 CONNECTION 378 357 300 660 5580 5580
5392 CONNECTION 378 331 300 1320 4440 4440
5393 CONNECTION 378 88 300 1440 5700 5700
5394 CONNECTION 378 23 300 1560 6480 6480
5395 CONNECTION 378 484 300 1620 5880 5880
5396 CONNECTION 378 381 300 2220 5340 5340
5397 CONNECTION 378 115 300 2460 7380 7380
5398 CONNECTION 378 139 300 3000 7020 7020
5399 CONNECTION 378 49 300 3120 6240 6240
5400 CONNECTION 378 215 300 3360 8280 8280
5401 CONNECTION 378 165 300 4020 7140 7140
5402 CONNECTION 378 505 300 4140 8160 8160
5403 CONNECTION 378 283 300 4260 9180 9180
5404 SINK 378 2 -1 -1 300 300
5405 CONNECTION 441 330 -1 -1 3660 3660
5406 CONNECTION 441 466 -1 -1 3540 3540
5407 CONNECTION 441 380 -1 -1 4560 4560
5408 CONNECTION 441 48 300 540 5460 5460
5409 CONNECTION 441 164 300 1440 6360 6360
5410 CONNECTION 441 189 300 2340 7140 7140
5411 CONNECTION 441 256 300 2340 7260 7260
5412 CONNECTION 441 332 300 3240 8160 8160
5413 CONNECTION 441 382 300 4140 9060 9060
5414 CONNECTION 465 379 -1 -1 1620 1620
5415 CONNECTION 465 417 -1 -1 2880 2880
5416 CONNECTION 465 113 -1 -1 3660 3660
5417 CONNECTION 465 230 -1 -1 3060 3060
5418 CONNECTION 465 47 -1 -1 2520 2520
5419 CONNECTION 465 213 -1 -1 4560 4560
5420 CONNECTION 465 442 -1 -1 4200 4200
5421 CONNECTION 465 163 -1 -1 3420 3420
5422 CONNECTION 465 281 300 540 5460 5460
5423 CONNECTION 465 255 300 1200 4320 4320
5424 CONNECTION 465 305 300 1320 5340 5340
5425 CONNECTION 465 357 300 1440 6360 6360
5426 CONNECTION 465 331 300 2100 5220 5220
5427 CONNECTION 465 88 300 2220 6480 6480
5428 CONNECTION 465 23 300 2340 7260 7260
5429 CONNECTION 465 484 300 2400 6660 6660
5430 CONNECTION 465 381 300 3000 6120 6120
5431 CONNECTION 465 115 300 3240 8160 8160
5432 CONNECTION 465 139 300 3780 7800 7800
5433 CONNECTION 465 49 300 3900 7020 7020
5434 CONNECTION 465 215 300 4140 9060 9060
5435 CONNECTION 465 165 300 4800 7920 7920
5436 SINK 465 2 -1 -1 300 300
5437 CONNECTION 279 330 -1 -1 3420 3420
5438 CONNECTION 279 466 -1 -1 3300 3300
5439 CONNECTION 279 380 -1 -1 4320 4320
5440 CONNECTION 279 48 -1 -1 5220 5220
5441 CONNECTION 279 164 300 1200 6120 6120
5442 CONNECTION 279 189 300 2100 6900 6900
5443 CONNECTION 279 256 300 2100 7020 7020
5444 CONNECTION 279 332 300 3000 7920 7920
5445 CONNECTION 279 382 300 3900 8820 8820
5446 CONNECTION 279 50 300 4800 9720 9720
5447 CONNECTION 354 355 -1 -1 2640 2640
5448 CONNECTION 354 329 -1 -1 1500 1500
5449 CONNECTION 354 502 -1 -1 2520 2520
5450 CONNECTION 354 21 -1 -1 3540 3540
5451 CONNECTION 354 379 -1 -1 2400 2400
5452 CONNECTION 354 417 -1 -1 3660 3660
5453 CONNECTION 354 113 -1 -1 4440 4440
5454 CONNECTION 354 230 -1 -1 3840 3840
5455 CONNECTION 354 47 -1 -1 3300 3300
5456 CONNECTION 354 213 300 420 5340 5340
5457 CONNECTION 354 442 300 960 4980 4980
5458 CONNECTION 354 163 300 1080 4200 4200
5459 CONNECTION 354 281 300 1320 6240 6240
5460 CONNECTION 354 255 300 1980 5100 5100
5461 CONNECTION 354 305 300 2100 6120 6120
5462 CONNECTION 354 357 300 2220 7140 7140
5463 CONNECTION 354 331 300 2880 6000 6000
5464 CONNECTION 354 88 300 3000 7260 7260
5465 CONNECTION 354 23 300 3120 8040 8040
5466 CONNECTION 354 484 300 3180 7440 7440
5467 CONNECTION 354 381 300 3780 6900 6900
5468 CONNECTION 354 115 300 4020 8940 8940
5469 CONNECTION 354 139 300 4560 8580 8580
5470 CONNECTION 354 49 300 4680 7800 7800
5471 SINK 354 2 -1 -1 300 300
5472 CONNECTION 136 137 -1 -1 1200 1200
5473 CONNECTION 136 503 -1 -1 3780 3780
5474 CONNECTION 136 188 -1 -1 3000 3000
5475 CONNECTION 136 87 -1 -1 3900 3900
5476 CONNECTION 136 443 300 1320 4800 4800
5477 CONNECTION 136 306 300 2460 7380 7380
5478 CONNECTION 136 468 300 2580 6600 6600
5479 CONNECTION 136 419 300 3480 7500 7500
5480 CONNECTION 395 47 -1 -1 1620 1620
5481 CONNECTION 395 213 -1 -1 3660 3660
5482 CONNECTION 395 442 -1 -1 3300 3300
5483 CONNECTION 395 163 -1 -1 2520 2520
5484 CONNECTION 395 281 -1 -1 4560 4560
5485 CONNECTION 395 255 -1 -1 3420 3420
5486 CONNECTION 395 305 300 420 4440 4440
5487 CONNECTION 395 357 300 540 5460 5460
5488 CONNECTION 395 331 300 1200 4320 4320
5489 CONNECTION 395 88 300 1320 5580 5580
5490 CONNECTION 395 23 300 1440 6360 6360
5491 CONNECTION 395 484 300 1500 5760 5760
5492 CONNECTION 395 381 300 2100 5220 5220
5493 CONNECTION 395 115 300 2340 7260 7260
5494 CONNECTION 395 139 300 2880 6900 6900
5495 CONNECTION 395 49 300 3000 6120 6120
5496 CONNECTION 395 215 300 3240 8160 8160
5497 CONNECTION 395 165 300 3900 7020 7020
5498 CONNECTION 395 505 300 4020 8040 8040
5499 CONNECTION 395 283 300 4140 9060 9060
5500 CONNECTION 395 257 300 4800 7920 7920
5501 SINK 395 2 -1 -1 300 300
5502 CONNECTION 253 212 -1 -1 2100 2100
5503 CONNECTION 253 280 -1 -1 3000 3000
5504 CONNECTION 253 356 300 780 3900 3900
5505 CONNECTION 253 22 300 1680 4800 4800
5506 CONNECTION 253 114 300 2580 5700 5700
5507 CONNECTION 253 214 300 3480 6600 6600
5508 CONNECTION 253 282 300 4380 7500 7500
5509 CONNECTION 46 47 -1 -1 840 840
5510 CONNECTION 46 442 -1 -1 2520 2520
5511 CONNECTION 46 163 -1 -1 1740 1740
5512 CONNECTION 46 281 -1 -1 3780 3780
5513 CONNECTION 46 255 -1 -1 2640 2640
5514 CONNECTION 46 305 -1 -1 3660 3660
5515 CONNECTION 46 357 -1 -1 4680 4680
5516 CONNECTION 46 331 300 420 3540 3540
5517 CONNECTION 46 88 300 540 4800 4800
5518 CONNECTION 46 23 300 660 5580 5580
5519 CONNECTION 46 484 300 720 4980 4980
5520 CONNECTION 46 381 300 1320 4440 4440
5521 CONNECTION 46 115 300 1560 6480 6480
5522 CONNECTION 46 139 300 2100 6120 6120
5523 CONNECTION 46 49 300 2220 5340 5340
5524 CONNECTION 46 215 300 2460 7380 7380
5525 CONNECTION 46 165 300 3120 6240 6240
5526 CONNECTION 46 505 300 3240 7260 7260
5527 CONNECTION 46 283 300 3360 8280 8280
5528 CONNECTION 46 257 300 4020 7140 7140
5529 CONNECTION 46 420 300 4140 8400 8400
5530 CONNECTION 46 232 300 4320 8580 8580
5531 SINK 46 2 -1 -1 300 300
5532 CONNECTION 64 65 -1 -1 1980 1980
5533 CONNECTION 64 231 -1 -1 4020 4020
5534 CONNECTION 64 467 -1 -1 2940 2940
5535 CONNECTION 64 504 300 420 4680 4680
5536 CONNECTION 64 444 300 600 5400 5400
5537 CONNECTION 64 397 300 1320 5580 5580
5538 CONNECTION 64 485 300 1860 7620 7620
5539 CONNECTION 64 190 300 3060 6540 6540
5540 CONNECTION 64 307 300 4020 8280 8280
5541 CONNECTION 416 417 -1 -1 1980 1980
5542 CONNECTION 416 47 -1 -1 1620 1620
5543 CONNECTION 416 213 -1 -1 3660 3660
5544 CONNECTION 416 442 -1 -1 3300 3300
5545 CONNECTION 416 163 -1 -1 2520 2520
5546 CONNECTION 416 281 -1 -1 4560 4560
5547 CONNECTION 416 255 -1 -1 3420 3420
5548 CONNECTION 416 305 300 420 4440 4440
5549 CONNECTION 416 357 300 540 5460 5460
5550 CONNECTION 416 331 300 1200 4320 4320
5551 CONNECTION 416 88 300 1320 5580 5580
5552 CONNECTION 416 23 300 1440 6360 6360
5553 CONNECTION 416 484 300 1500 5760 5760
5554 CONNECTION 416 381 300 2100 5220 5220
5555 CONNECTION 416 115 300 2340 7260 7260
5556 CONNECTION 416 139 300 2880 6900 6900
5557 CONNECTION 416 49 300 3000 6120 6120
5558 CONNECTION 416 215 300 3240 8160 8160
5559 CONNECTION 416 165 300 3900 7020 7020
5560 CONNECTION 416 505 300 4020 8040 8040
5561 CONNECTION 416 283 300 4140 9060 9060
5562 CONNECTION 416 257 300 4800 7920 7920
5563 SINK 416 2 -1 -1 300 300
5564 CONNECTION 355 380 -1 -1 3420 3420
5565 CONNECTION 355 48 -1 -1 4320 4320
5566 CONNECTION 355 164 -1 -1 5220 5220
5567 CONNECTION 355 189 300 1200 6000 6000
5568 CONNECTION 355 256 300 1200 6120 6120
5569 CONNECTION 355 332 300 2100 7020 7020
5570 CONNECTION 355 382 300 3000 7920 7920
5571 CONNECTION 355 50 300 3900 8820 8820
5572 CONNECTION 355 166 300 4800 9720 9720
5573 CONNECTION 355 469 300 4800 9600 9600
5574 CONNECTION 20 21 -1 -1 2640 2640
5575 CONNECTION 20 379 -1 -1 1500 1500
5576 CONNECTION 20 417 -1 -1 2760 2760
5577 CONNECTION 20 113 -1 -1 3540 3540
5578 CONNECTION 20 230 -1 -1 2940 2940
5579 CONNECTION 20 47 -1 -1 2400 2400
5580 CONNECTION 20 213 -1 -1 4440 4440
5581 CONNECTION 20 442 -1 -1 4080 4080
5582 CONNECTION 20 163 -1 -1 3300 3300
5583 CONNECTION 20 281 300 420 5340 5340
5584 CONNECTION 20 255 300 1080 4200 4200
5585 CONNECTION 20 305 300 1200 5220 5220
5586 CONNECTION 20 357 300 1320 6240 6240
5587 CONNECTION 20 331 300 1980 5100 5100
5588 CONNECTION 20 88 300 2100 6360 6360
5589 CONNECTION 20 23 300 2220 7140 7140
5590 CONNECTION 20 484 300 2280 6540 6540
5591 CONNECTION 20 381 300 2880 6000 6000
5592 CONNECTION 20 115 300 3120 8040 8040
5593 CONNECTION 20 139 300 3660 7680 7680
5594 CONNECTION 20 49 300 3780 6900 6900
5595 CONNECTION 20 215 300 4020 8940 8940
5596 CONNECTION 20 165 300 4680 7800 7800
5597 CONNECTION 20 505 300 4800 8820 8820
5598 SINK 20 2 -1 -1 300 300
5599 CONNECTION 483 418 -1 -1 3420 3420
5600 CONNECTION 483 66 300 1020 6780 6780
5601 CONNECTION 483 89 300 2100 7020 7020
5602 CONNECTION 483 398 300 4620 10380 10380
5603 CONNECTION 329 280 -1 -1 2100 2100
5604 CONNECTION 329 356 -1 -1 3000 3000
5605 CONNECTION 329 22 300 780 3900 3900
5606 CONNECTION 329 114 300 1680 4800 4800
5607 CONNECTION 329 214 300 2580 5700 5700
5608 CONNECTION 329 282 300 3480 6600 6600
5609 CONNECTION 329 358 300 4380 7500 7500
5610 CONNECTION 162 163 -1 -1 840 840
5611 CONNECTION 162 255 -1 -1 1740 1740
5612 CONNECTION 162 305 -1 -1 2760 2760
5613 CONNECTION 162 357 -1 -1 3780 3780
5614 CONNECTION 162 331 -1 -1 2640 2640
5615 CONNECTION 162 88 -1 -1 3900 3900
5616 CONNECTION 162 23 -1 -1 4680 4680
5617 CONNECTION 162 484 -1 -1 4080 4080
5618 CONNECTION 162 381 300 420 3540 3540
5619 CONNECTION 162 115 300 660 5580 5580
5620 CONNECTION 162 139 300 1200 5220 5220
5621 CONNECTION 162 49 300 1320 4440 4440
5622 CONNECTION 162 215 300 1560 6480 6480
5623 CONNECTION 162 165 300 2220 5340 5340
5624 CONNECTION 162 505 300 2340 6360 6360
5625 CONNECTION 162 283 300 2460 7380 7380
5626 CONNECTION 162 257 300 3120 6240 6240
5627 CONNECTION 162 420 300 3240 7500 7500
5628 CONNECTION 162 232 300 3420 7680 7680
5629 CONNECTION 162 333 300 4020 7140 7140
5630 CONNECTION 162 445 300 4800 8820 8820
5631 SINK 162 2 -1 -1 300 300
5632 CONNECTION 502 503 -1 -1 2640 2640
5633 CONNECTION 502 87 -1 -1 2760 2760
5634 CONNECTION 502 443 -1 -1 3660 3660
5635 CONNECTION 502 306 300 1320 6240 6240
5636 CONNECTION 502 468 300 1440 5460 5460
5637 CONNECTION 502 419 300 2340 6360 6360
5638 CONNECTION 502 140 300 3780 7260 7260
5639 CONNECTION 21 48 -1 -1 3420 3420
5640 CONNECTION 21 164 -1 -1 4320 4320
5641 CONNECTION 21 189 -1 -1 5100 5100
5642 CONNECTION 21 256 -1 -1 5220 5220
5643 CONNECTION 21 332 300 1200 6120 6120
5644 CONNECTION 21 382 300 2100 7020 7020
5645 CONNECTION 21 50 300 3000 7920 7920
5646 CONNECTION 21 166 300 3900 8820 8820
5647 CONNECTION 21 469 300 3900 8700 8700
5648 CONNECTION 21 258 300 4800 9720 9720
5649 CONNECTION 86 87 -1 -1 1740 1740
5650 CONNECTION 86 443 -1 -1 2640 2640
5651 CONNECTION 86 306 -1 -1 5220 5220
5652 CONNECTION 86 468 300 420 4440 4440
5653 CONNECTION 86 419 300 1320 5340 5340
5654 CONNECTION 86 140 300 2760 6240 6240
5655 CONNECTION 86 191 300 4020 8040 8040
5656 CONNECTION 112 113 -1 -1 2640 2640
5657 CONNECTION 112 47 -1 -1 1500 1500
5658 CONNECTION 112 213 -1 -1 3540 3540
5659 CONNECTION 112 442 -1 -1 3180 3180
5660 CONNECTION 112 163 -1 -1 2400 2400
5661 CONNECTION 112 281 -1 -1 4440 4440
5662 CONNECTION 112 255 -1 -1 3300 3300
5663 CONNECTION 112 305 -1 -1 4320 4320
5664 CONNECTION 112 357 300 420 5340 5340
5665 CONNECTION 112 331 300 1080 4200 4200
5666 CONNECTION 112 88 300 1200 5460 5460
5667 CONNECTION 112 23 300 1320 6240 6240
5668 CONNECTION 112 484 300 1380 5640 5640
5669 CONNECTION 112 381 300 1980 5100 5100
5670 CONNECTION 112 115 300 2220 7140 7140
5671 CONNECTION 112 139 300 2760 6780 6780
5672 CONNECTION 112 49 300 2880 6000 6000
5673 CONNECTION 112 215 300 3120 8040 8040
5674 CONNECTION 112 165 300 3780 6900 6900
5675 CONNECTION 112 505 300 3900 7920 7920
5676 CONNECTION 112 283 300 4020 8940 8940
5677 CONNECTION 112 257 300 4680 7800 7800
5678 CONNECTION 112 420 300 4800 9060 9060
5679 SINK 112 2 -1 -1 300 300
5680 CONNECTION 137 138 -1 -1 2520 2520
5681 CONNECTION 137 65 -1 -1 2700 2700
5682 CONNECTION 137 231 -1 -1 4740 4740
5683 CONNECTION 137 467 -1 -1 3660 3660
5684 CONNECTION 137 504 300 1140 5400 5400
5685 CONNECTION 137 444 300 1320 6120 6120
5686 CONNECTION 137 397 300 2040 6300 6300
5687 CONNECTION 137 485 300 2580 8340 8340
5688 CONNECTION 137 190 300 3780 7260 7260
5689 CONNECTION 137 307 300 4740 9000 9000
5690 CONNECTION 187 188 -1 -1 1740 1740
5691 CONNECTION 187 87 -1 -1 2640 2640
5692 CONNECTION 187 443 -1 -1 3540 3540
5693 CONNECTION 187 306 300 1200 6120 6120
5694 CONNECTION 187 468 300 1320 5340 5340
5695 CONNECTION 187 419 300 2220 6240 6240
5696 CONNECTION 187 140 300 3660 7140 7140
5697 CONNECTION 379 356 -1 -1 2100 2100
5698 CONNECTION 379 22 -1 -1 3000 3000
5699 CONNECTION 379 114 300 780 3900 3900
5700 CONNECTION 379 214 300 1680 4800 4800
5701 CONNECTION 379 282 300 2580 5700 5700
5702 CONNECTION 379 358 300 3480 6600 6600
5703 CONNECTION 379 24 300 4380 7500 7500
5704 CONNECTION 254 255 -1 -1 840 840
5705 CONNECTION 254 331 -1 -1 1740 1740
5706 CONNECTION 254 88 -1 -1 3000 3000
5707 CONNECTION 254 23 -1 -1 3780 3780
5708 CONNECTION 254 484 -1 -1 3180 3180
5709 CONNECTION 254 381 -1 -1 2640 2640
5710 CONNECTION 254 115 -1 -1 4680 4680
5711 CONNECTION 254 139 -1 -1 4320 4320
5712 CONNECTION 254 49 300 420 3540 3540
5713 CONNECTION 254 215 300 660 5580 5580
5714 CONNECTION 254 165 300 1320 4440 4440
5715 CONNECTION 254 505 300 1440 5460 5460
5716 CONNECTION 254 283 300 1560 6480 6480
5717 CONNECTION 254 257 300 2220 5340 5340
5718 CONNECTION 254 420 300 2340 6600 6600
5719 CONNECTION 254 232 300 2520 6780 6780
5720 CONNECTION 254 333 300 3120 6240 6240
5721 CONNECTION 254 445 300 3900 7920 7920
5722 SINK 254 2 -1 -1 300 300
5723 CONNECTION 417 467 -1 -1 2580 2580
5724 CONNECTION 417 504 -1 -1 4320 4320
5725 CONNECTION 417 444 -1 -1 5040 5040
5726 CONNECTION 417 397 300 960 5220 5220
5727 CONNECTION 417 485 300 1500 7260 7260
5728 CONNECTION 417 190 300 2700 6180 6180
5729 CONNECTION 417 307 300 3660 7920 7920
5730 CONNECTION 417 67 300 4560 8820 8820
5731 CONNECTION 113 164 -1 -1 3420 3420
5732 CONNECTION 113 189 -1 -1 4200 4200
5733 CONNECTION 113 256 -1 -1 4320 4320
5734 CONNECTION 113 332 -1 -1 5220 5220
5735 CONNECTION 113 382 300 1200 6120 6120
5736 CONNECTION 113 50 300 2100 7020 7020
5737 CONNECTION 113 166 300 3000 7920 7920
5738 CONNECTION 113 469 300 3000 7800 7800
5739 CONNECTION 113 258 300 3900 8820 8820
5740 CONNECTION 113 334 300 4800 9720 9720
5741 CONNECTION 212 213 -1 -1 2640 2640
5742 CONNECTION 212 442 -1 -1 2280 2280
5743 CONNECTION 212 163 -1 -1 1500 1500
5744 CONNECTION 212 281 -1 -1 3540 3540
5745 CONNECTION 212 255 -1 -1 2400 2400
5746 CONNECTION 212 305 -1 -1 3420 3420
5747 CONNECTION 212 357 -1 -1 4440 4440
5748 CONNECTION 212 331 -1 -1 3300 3300
5749 CONNECTION 212 88 -1 -1 4560 4560
5750 CONNECTION 212 23 300 420 5340 5340
5751 CONNECTION 212 484 300 480 4740 4740
5752 CONNECTION 212 381 300 1080 4200 4200
5753 CONNECTION 212 115 300 1320 6240 6240
5754 CONNECTION 212 139 300 1860 5880 5880
5755 CONNECTION 212 49 300 1980 5100 5100
5756 CONNECTION 212 215 300 2220 7140 7140
5757 CONNECTION 212 165 300 2880 6000 6000
5758 CONNECTION 212 505 300 3000 7020 7020
5759 CONNECTION 212 283 300 3120 8040 8040
5760 CONNECTION 212 257 300 3780 6900 6900
5761 CONNECTION 212 420 300 3900 8160 8160
5762 CONNECTION 212 232 300 4080 8340 8340
5763 CONNECTION 212 333 300 4680 7800 7800
5764 SINK 212 2 -1 -1 300 300
5765 CONNECTION 230 231 -1 -1 3480 3480
5766 CONNECTION 230 467 -1 -1 2400 2400
5767 CONNECTION 230 504 -1 -1 4140 4140
5768 CONNECTION 230 444 -1 -1 4860 4860
5769 CONNECTION 230 397 300 780 5040 5040
5770 CONNECTION 230 485 300 1320 7080 7080
5771 CONNECTION 230 190 300 2520 6000 6000
5772 CONNECTION 230 307 300 3480 7740 7740
5773 CONNECTION 230 67 300 4380 8640 8640
5774 CONNECTION 304 305 -1 -1 1740 1740
5775 CONNECTION 304 331 -1 -1 1620 1620
5776 CONNECTION 304 88 -1 -1 2880 2880
5777 CONNECTION 304 23 -1 -1 3660 3660
5778 CONNECTION 304 484 -1 -1 3060 3060
5779 CONNECTION 304 381 -1 -1 2520 2520
5780 CONNECTION 304 115 -1 -1 4560 4560
5781 CONNECTION 304 139 -1 -1 4200 4200
5782 CONNECTION 304 49 -1 -1 3420 3420
5783 CONNECTION 304 215 300 540 5460 5460
5784 CONNECTION 304 165 300 1200 4320 4320
5785 CONNECTION 304 505 300 1320 5340 5340
5786 CONNECTION 304 283 300 1440 6360 6360
5787 CONNECTION 304 257 300 2100 5220 5220
5788 CONNECTION 304 420 300 2220 6480 6480
5789 CONNECTION 304 232 300 2400 6660 6660
5790 CONNECTION 304 333 300 3000 6120 6120
5791 CONNECTION 304 445 300 3780 7800 7800
5792 SINK 304 2 -1 -1 300 300
5793 CONNECTION 47 22 -1 -1 2100 2100
5794 CONNECTION 47 114 -1 -1 3000 3000
5795 CONNECTION 47 214 300 780 3900 3900
5796 CONNECTION 47 282 300 1680 4800 4800
5797 CONNECTION 47 358 300 2580 5700 5700
5798 CONNECTION 47 24 300 3480 6600 6600
5799 CONNECTION 47 116 300 4380 7500 7500
5800 CONNECTION 330 331 -1 -1 840 840
5801 CONNECTION 330 381 -1 -1 1740 1740
5802 CONNECTION 330 115 -1 -1 3780 3780
5803 CONNECTION 330 139 -1 -1 3420 3420
5804 CONNECTION 330 49 -1 -1 2640 2640
5805 CONNECTION 330 215 -1 -1 4680 4680
5806 CONNECTION 330 165 300 420 3540 3540
5807 CONNECTION 330 505 300 540 4560 4560
5808 CONNECTION 330 283 300 660 5580 5580
5809 CONNECTION 330 257 300 1320 4440 4440
5810 CONNECTION 330 420 300 1440 5700 5700
5811 CONNECTION 330 232 300 1620 5880 5880
5812 CONNECTION 330 333 300 2220 5340 5340
5813 CONNECTION 330 445 300 3000 7020 7020
5814 CONNECTION 330 308 300 4140 8160 8160
5815 SINK 330 2 -1 -1 300 300
5816 CONNECTION 466 467 -1 -1 1200 1200
5817 CONNECTION 466 504 -1 -1 2940 2940
5818 CONNECTION 466 444 -1 -1 3660 3660
5819 CONNECTION 466 397 -1 -1 3840 3840
5820 CONNECTION 466 485 -1 -1 5880 5880
5821 CONNECTION 466 190 300 1320 4800 4800
5822 CONNECTION 466 307 300 2280 6540 6540
5823 CONNECTION 466 67 300 3180 7440 7440
5824 CONNECTION 503 66 -1 -1 5340 5340
5825 CONNECTION 503 89 300 660 5580 5580
5826 CONNECTION 503 398 300 3180 8940 8940
5827 CONNECTION 503 421 300 4260 9180 9180
5828 CONNECTION 138 189 -1 -1 3540 3540
5829 CONNECTION 138 256 -1 -1 3660 3660
5830 CONNECTION 138 332 -1 -1 4560 4560
5831 CONNECTION 138 382 300 540 5460 5460
5832 CONNECTION 138 50 300 1440 6360 6360
5833 CONNECTION 138 166 300 2340 7260 7260
5834 CONNECTION 138 469 300 2340 7140 7140
5835 CONNECTION 138 258 300 3240 8160 8160
5836 CONNECTION 138 334 300 4140 9060 9060
5837 CONNECTION 188 331 -1 -1 1620 1620
5838 CONNECTION 188 88 -1 -1 2880 2880
5839 CONNECTION 188 23 -1 -1 3660 3660
5840 CONNECTION 188 484 -1 -1 3060 3060
5841 CONNECTION 188 381 -1 -1 2520 2520
5842 CONNECTION 188 115 -1 -1 4560 4560
5843 CONNECTION 188 139 -1 -1 4200 4200
5844 CONNECTION 188 49 -1 -1 3420 3420
5845 CONNECTION 188 215 300 540 5460 5460
5846 CONNECTION 188 165 300 1200 4320 4320
5847 CONNECTION 188 505 300 1320 5340 5340
5848 CONNECTION 188 283 300 1440 6360 6360
5849 CONNECTION 188 257 300 2100 5220 5220
5850 CONNECTION 188 420 300 2220 6480 6480
5851 CONNECTION 188 232 300 2400 6660 6660
5852 CONNECTION 188 333 300 3000 6120 6120
5853 CONNECTION 188 445 300 3780 7800 7800
5854 SINK 188 2 -1 -1 300 300
5855 CONNECTION 213 189 -1 -1 3300 3300
5856 CONNECTION 213 256 -1 -1 3420 3420
5857 CONNECTION 213 332 -1 -1 4320 4320
5858 CONNECTION 213 382 -1 -1 5220 5220
5859 CONNECTION 213 50 300 1200 6120 6120
5860 CONNECTION 213 166 300 2100 7020 7020
5861 CONNECTION 213 469 300 2100 6900 6900
5862 CONNECTION 213 258 300 3000 7920 7920
5863 CONNECTION 213 334 300 3900 8820 8820
5864 CONNECTION 280 281 -1 -1 2640 2640
5865 CONNECTION 280 255 -1 -1 1500 1500
5866 CONNECTION 280 305 -1 -1 2520 2520
5867 CONNECTION 280 357 -1 -1 3540 3540
5868 CONNECTION 280 331 -1 -1 2400 2400
5869 CONNECTION 280 88 -1 -1 3660 3660
5870 CONNECTION 280 23 -1 -1 4440 4440
5871 CONNECTION 280 484 -1 -1 3840 3840
5872 CONNECTION 280 381 -1 -1 3300 3300
5873 CONNECTION 280 115 300 420 5340 5340
5874 CONNECTION 280 139 300 960 4980 4980
5875 CONNECTION 280 49 300 1080 4200 4200
5876 CONNECTION 280 215 300 1320 6240 6240
5877 CONNECTION 280 165 300 1980 5100 5100
5878 CONNECTION 280 505 300 2100 6120 6120
5879 CONNECTION 280 283 300 2220 7140 7140
5880 CONNECTION 280 257 300 2880 6000 6000
5881 CONNECTION 280 420 300 3000 7260 7260
5882 CONNECTION 280 232 300 3180 7440 7440
5883 CONNECTION 280 333 300 3780 6900 6900
5884 CONNECTION 280 445 300 4560 8580 8580
5885 SINK 280 2 -1 -1 300 300
5886 CONNECTION 442 443 -1 -1 1200 1200
5887 CONNECTION 442 306 -1 -1 3780 3780
5888 CONNECTION 442 468 -1 -1 3000 3000
5889 CONNECTION 442 419 -1 -1 3900 3900
5890 CONNECTION 442 140 300 1320 4800 4800
5891 CONNECTION 442 191 300 2580 6600 6600
5892 CONNECTION 442 90 300 3480 7500 7500
5893 CONNECTION 65 381 -1 -1 1620 1620
5894 CONNECTION 65 115 -1 -1 3660 3660
5895 CONNECTION 65 139 -1 -1 3300 3300
5896 CONNECTION 65 49 -1 -1 2520 2520
5897 CONNECTION 65 215 -1 -1 4560 4560
5898 CONNECTION 65 165 -1 -1 3420 3420
5899 CONNECTION 65 505 300 420 4440 4440
5900 CONNECTION 65 283 300 540 5460 5460
5901 CONNECTION 65 257 300 1200 4320 4320
5902 CONNECTION 65 420 300 1320 5580 5580
5903 CONNECTION 65 232 300 1500 5760 5760
5904 CONNECTION 65 333 300 2100 5220 5220
5905 CONNECTION 65 445 300 2880 6900 6900
5906 CONNECTION 65 308 300 4020 8040 8040
5907 SINK 65 2 -1 -1 300 300
5908 CONNECTION 163 114 -1 -1 2100 2100
5909 CONNECTION 163 214 -1 -1 3000 3000
5910 CONNECTION 163 282 300 780 3900 3900
5911 CONNECTION 163 358 300 1680 4800 4800
5912 CONNECTION 163 24 300 2580 5700 5700
5913 CONNECTION 163 116 300 3480 6600 6600
5914 CONNECTION 163 216 300 4380 7500 7500
5915 CONNECTION 380 381 -1 -1 840 840
5916 CONNECTION 380 139 -1 -1 2520 2520
5917 CONNECTION 380 49 -1 -1 1740 1740
5918 CONNECTION 380 215 -1 -1 3780 3780
5919 CONNECTION 380 165 -1 -1 2640 2640
5920 CONNECTION 380 505 -1 -1 3660 3660
5921 CONNECTION 380 283 -1 -1 4680 4680
5922 CONNECTION 380 257 300 420 3540 3540
5923 CONNECTION 380 420 300 540 4800 4800
5924 CONNECTION 380 232 300 720 4980 4980
5925 CONNECTION 380 333 300 1320 4440 4440
5926 CONNECTION 380 445 300 2100 6120 6120
5927 CONNECTION 380 308 300 3240 7260 7260
5928 SINK 380 2 -1 -1 300 300
5929 CONNECTION 396 397 -1 -1 1980 1980
5930 CONNECTION 396 485 -1 -1 4020 4020
5931 CONNECTION 396 190 -1 -1 2940 2940
5932 CONNECTION 396 307 300 420 4680 4680
5933 CONNECTION 396 67 300 1320 5580 5580
5934 CONNECTION 396 470 300 3060 6540 6540
5935 CONNECTION 87 88 -1 -1 1980 1980
5936 CONNECTION 87 381 -1 -1 1620 1620
5937 CONNECTION 87 115 -1 -1 3660 3660
5938 CONNECTION 87 139 -1 -1 3300 3300
5939 CONNECTION 87 49 -1 -1 2520 2520
5940 CONNECTION 87 215 -1 -1 4560 4560
5941 CONNECTION 87 165 -1 -1 3420 3420
5942 CONNECTION 87 505 300 420 4440 4440
5943 CONNECTION 87 283 300 540 5460 5460
5944 CONNECTION 87 257 300 1200 4320 4320
5945 CONNECTION 87 420 300 1320 5580 5580
5946 CONNECTION 87 232 300 1500 5760 5760
5947 CONNECTION 87 333 300 2100 5220 5220
5948 CONNECTION 87 445 300 2880 6900 6900
5949 CONNECTION 87 308 300 4020 8040 8040
5950 SINK 87 2 -1 -1 300 300
5951 CONNECTION 281 332 -1 -1 3420 3420
5952 CONNECTION 281 382 -1 -1 4320 4320
5953 CONNECTION 281 50 -1 -1 5220 5220
5954 CONNECTION 281 166 300 1200 6120 6120
5955 CONNECTION 281 469 300 1200 6000 6000
5956 CONNECTION 281 258 300 2100 7020 7020
5957 CONNECTION 281 334 300 3000 7920 7920
5958 CONNECTION 356 357 -1 -1 2640 2640
5959 CONNECTION 356 331 -1 -1 1500 1500
5960 CONNECTION 356 88 -1 -1 2760 2760
5961 CONNECTION 356 23 -1 -1 3540 3540
5962 CONNECTION 356 484 -1 -1 2940 2940
5963 CONNECTION 356 381 -1 -1 2400 2400
5964 CONNECTION 356 115 -1 -1 4440 4440
5965 CONNECTION 356 139 -1 -1 4080 4080
5966 CONNECTION 356 49 -1 -1 3300 3300
5967 CONNECTION 356 215 300 420 5340 5340
5968 CONNECTION 356 165 300 1080 4200 4200
5969 CONNECTION 356 505 300 1200 5220 5220
5970 CONNECTION 356 283 300 1320 6240 6240
5971 CONNECTION 356 257 300 1980 5100 5100
5972 CONNECTION 356 420 300 2100 6360 6360
5973 CONNECTION 356 232 300 2280 6540 6540
5974 CONNECTION 356 333 300 2880 6000 6000
5975 CONNECTION 356 445 300 3660 7680 7680
5976 CONNECTION 356 308 300 4800 8820 8820
5977 SINK 356 2 -1 -1 300 300
5978 CONNECTION 231 89 -1 -1 3420 3420
5979 CONNECTION 231 398 300 1020 6780 6780
5980 CONNECTION 231 421 300 2100 7020 7020
5981 CONNECTION 255 214 -1 -1 2100 2100
5982 CONNECTION 255 282 -1 -1 3000 3000
5983 CONNECTION 255 358 300 780 3900 3900
5984 CONNECTION 255 24 300 1680 4800 4800
5985 CONNECTION 255 116 300 2580 5700 5700
5986 CONNECTION 255 216 300 3480 6600 6600
5987 CONNECTION 255 284 300 4380 7500 7500
5988 CONNECTION 48 49 -1 -1 840 840
5989 CONNECTION 48 165 -1 -1 1740 1740
5990 CONNECTION 48 505 -1 -1 2760 2760
5991 CONNECTION 48 283 -1 -1 3780 3780
5992 CONNECTION 48 257 -1 -1 2640 2640
5993 CONNECTION 48 420 -1 -1 3900 3900
5994 CONNECTION 48 232 -1 -1 4080 4080
5995 CONNECTION 48 333 300 420 3540 3540
5996 CONNECTION 48 445 300 1200 5220 5220
5997 CONNECTION 48 308 300 2340 6360 6360
5998 SINK 48 2 -1 -1 300 300
5999 CONNECTION 305 306 -1 -1 2640 2640
6000 CONNECTION 305 419 -1 -1 2760 2760
6001 CONNECTION 305 140 -1 -1 3660 3660
6002 CONNECTION 305 191 300 1440 5460 5460
6003 CONNECTION 305 90 300 2340 6360 6360
6004 CONNECTION 305 446 300 3780 7260 7260
6005 CONNECTION 357 382 -1 -1 3420 3420
6006 CONNECTION 357 50 -1 -1 4320 4320
6007 CONNECTION 357 166 -1 -1 5220 5220
6008 CONNECTION 357 469 -1 -1 5100 5100
6009 CONNECTION 357 258 300 1200 6120 6120
6010 CONNECTION 357 334 300 2100 7020 7020
6011 CONNECTION 418 419 -1 -1 1740 1740
6012 CONNECTION 418 140 -1 -1 2640 2640
6013 CONNECTION 418 191 300 420 4440 4440
6014 CONNECTION 418 90 300 1320 5340 5340
6015 CONNECTION 418 446 300 2760 6240 6240
6016 CONNECTION 418 471 300 4020 8040 8040
6017 CONNECTION 22 23 -1 -1 2640 2640
6018 CONNECTION 22 381 -1 -1 1500 1500
6019 CONNECTION 22 115 -1 -1 3540 3540
6020 CONNECTION 22 139 -1 -1 3180 3180
6021 CONNECTION 22 49 -1 -1 2400 2400
6022 CONNECTION 22 215 -1 -1 4440 4440
6023 CONNECTION 22 165 -1 -1 3300 3300
6024 CONNECTION 22 505 -1 -1 4320 4320
6025 CONNECTION 22 283 300 420 5340 5340
6026 CONNECTION 22 257 300 1080 4200 4200
6027 CONNECTION 22 420 300 1200 5460 5460
6028 CONNECTION 22 232 300 1380 5640 5640
6029 CONNECTION 22 333 300 1980 5100 5100
6030 CONNECTION 22 445 300 2760 6780 6780
6031 CONNECTION 22 308 300 3900 7920 7920
6032 SINK 22 2 -1 -1 300 300
6033 CONNECTION 443 444 -1 -1 2520 2520
6034 CONNECTION 443 397 -1 -1 2700 2700
6035 CONNECTION 443 485 -1 -1 4740 4740
6036 CONNECTION 443 190 -1 -1 3660 3660
6037 CONNECTION 443 307 300 1140 5400 5400
6038 CONNECTION 443 67 300 2040 6300 6300
6039 CONNECTION 443 470 300 3780 7260 7260
6040 CONNECTION 467 468 -1 -1 1740 1740
6041 CONNECTION 467 419 -1 -1 2640 2640
6042 CONNECTION 467 140 -1 -1 3540 3540
6043 CONNECTION 467 191 300 1320 5340 5340
6044 CONNECTION 467 90 300 2220 6240 6240
6045 CONNECTION 467 446 300 3660 7140 7140
6046 CONNECTION 331 282 -1 -1 2100 2100
6047 CONNECTION 331 358 -1 -1 3000 3000
6048 CONNECTION 331 24 300 780 3900 3900
6049 CONNECTION 331 116 300 1680 4800 4800
6050 CONNECTION 331 216 300 2580 5700 5700
6051 CONNECTION 331 284 300 3480 6600 6600
6052 CONNECTION 164 165 -1 -1 840 840
6053 CONNECTION 164 257 -1 -1 1740 1740
6054 CONNECTION 164 420 -1 -1 3000 3000
6055 CONNECTION 164 232 -1 -1 3180 3180
6056 CONNECTION 164 333 -1 -1 2640 2640
6057 CONNECTION 164 445 -1 -1 4320 4320
6058 CONNECTION 164 308 300 1440 5460 5460
6059 SINK 164 2 -1 -1 300 300
6060 CONNECTION 88 190 -1 -1 2580 2580
6061 CONNECTION 88 307 -1 -1 4320 4320
6062 CONNECTION 88 67 300 960 5220 5220
6063 CONNECTION 88 470 300 2700 6180 6180
6064 CONNECTION 88 399 300 4560 8820 8820
6065 CONNECTION 23 50 -1 -1 3420 3420
6066 CONNECTION 23 166 -1 -1 4320 4320
6067 CONNECTION 23 469 -1 -1 4200 4200
6068 CONNECTION 23 258 -1 -1 5220 5220
6069 CONNECTION 23 334 300 1200 6120 6120
6070 CONNECTION 114 115 -1 -1 2640 2640
6071 CONNECTION 114 139 -1 -1 2280 2280
6072 CONNECTION 114 49 -1 -1 1500 1500
6073 CONNECTION 114 215 -1 -1 3540 3540
6074 CONNECTION 114 165 -1 -1 2400 2400
6075 CONNECTION 114 505 -1 -1 3420 3420
6076 CONNECTION 114 283 -1 -1 4440 4440
6077 CONNECTION 114 257 -1 -1 3300 3300
6078 CONNECTION 114 420 -1 -1 4560 4560
6079 CONNECTION 114 232 300 480 4740 4740
6080 CONNECTION 114 333 300 1080 4200 4200
6081 CONNECTION 114 445 300 1860 5880 5880
6082 CONNECTION 114 308 300 3000 7020 7020
6083 SINK 114 2 -1 -1 300 300
6084 CONNECTION 484 485 -1 -1 3480 3480
6085 CONNECTION 484 190 -1 -1 2400 2400
6086 CONNECTION 484 307 -1 -1 4140 4140
6087 CONNECTION 484 67 300 780 5040 5040
6088 CONNECTION 484 470 300 2520 6000 6000
6089 CONNECTION 484 399 300 4380 8640 8640
6090 CONNECTION 504 505 -1 -1 1740 1740
6091 CONNECTION 504 257 -1 -1 1620 1620
6092 CONNECTION 504 420 -1 -1 2880 2880
6093 CONNECTION 504 232 -1 -1 3060 3060
6094 CONNECTION 504 333 -1 -1 2520 2520
6095 CONNECTION 504 445 -1 -1 4200 4200
6096 CONNECTION 504 308 300 1320 5340 5340
6097 SINK 504 2 -1 -1 300 300
6098 CONNECTION 381 358 -1 -1 2100 2100
6099 CONNECTION 381 24 -1 -1 3000 3000
6100 CONNECTION 381 116 300 780 3900 3900
6101 CONNECTION 381 216 300 1680 4800 4800
6102 CONNECTION 381 284 300 2580 5700 5700
6103 CONNECTION 189 190 -1 -1 1200 1200
6104 CONNECTION 189 307 -1 -1 2940 2940
6105 CONNECTION 189 67 -1 -1 3840 3840
6106 CONNECTION 189 470 300 1320 4800 4800
6107 CONNECTION 189 399 300 3180 7440 7440
6108 CONNECTION 256 257 -1 -1 840 840
6109 CONNECTION 256 333 -1 -1 1740 1740
6110 CONNECTION 256 445 -1 -1 3420 3420
6111 CONNECTION 256 308 300 540 4560 4560
6112 SINK 256 2 -1 -1 300 300
6113 CONNECTION 306 398 -1 -1 5340 5340
6114 CONNECTION 306 421 300 660 5580 5580
6115 CONNECTION 444 166 -1 -1 3660 3660
6116 CONNECTION 444 469 -1 -1 3540 3540
6117 CONNECTION 444 258 -1 -1 4560 4560
6118 CONNECTION 444 334 300 540 5460 5460
6119 CONNECTION 468 257 -1 -1 1620 1620
6120 CONNECTION 468 420 -1 -1 2880 2880
6121 CONNECTION 468 232 -1 -1 3060 3060
6122 CONNECTION 468 333 -1 -1 2520 2520
6123 CONNECTION 468 445 -1 -1 4200 4200
6124 CONNECTION 468 308 300 1320 5340 5340
6125 SINK 468 2 -1 -1 300 300
6126 CONNECTION 115 166 -1 -1 3420 3420
6127 CONNECTION 115 469 -1 -1 3300 3300
6128 CONNECTION 115 258 -1 -1 4320 4320
6129 CONNECTION 115 334 -1 -1 5220 5220
6130 CONNECTION 214 215 -1 -1 2640 2640
6131 CONNECTION 214 165 -1 -1 1500 1500
6132 CONNECTION 214 505 -1 -1 2520 2520
6133 CONNECTION 214 283 -1 -1 3540 3540
6134 CONNECTION 214 257 -1 -1 2400 2400
6135 CONNECTION 214 420 -1 -1 3660 3660
6136 CONNECTION 214 232 -1 -1 3840 3840
6137 CONNECTION 214 333 -1 -1 3300 3300
6138 CONNECTION 214 445 300 960 4980 4980
6139 CONNECTION 214 308 300 2100 6120 6120
6140 SINK 214 2 -1 -1 300 300
6141 CONNECTION 139 140 -1 -1 1200 1200
6142 CONNECTION 139 191 -1 -1 3000 3000
6143 CONNECTION 139 90 -1 -1 3900 3900
6144 CONNECTION 139 446 300 1320 4800 4800
6145 CONNECTION 139 471 300 2580 6600 6600
6146 CONNECTION 139 422 300 3480 7500 7500
6147 CONNECTION 397 333 -1 -1 1620 1620
6148 CONNECTION 397 445 -1 -1 3300 3300
6149 CONNECTION 397 308 300 420 4440 4440
6150 SINK 397 2 -1 -1 300 300
6151 CONNECTION 49 24 -1 -1 2100 2100
6152 CONNECTION 49 116 -1 -1 3000 3000
6153 CONNECTION 49 216 300 780 3900 3900
6154 CONNECTION 49 284 300 1680 4800 4800
6155 CONNECTION 66 67 -1 -1 1980 1980
6156 CONNECTION 66 470 -1 -1 2940 2940
6157 CONNECTION 66 399 300 1320 5580 5580
6158 CONNECTION 332 333 -1 -1 840 840
6159 CONNECTION 332 445 -1 -1 2520 2520
6160 CONNECTION 332 308 -1 -1 3660 3660
6161 SINK 332 2 -1 -1 300 300
6162 CONNECTION 419 420 -1 -1 1980 1980
6163 CONNECTION 419 333 -1 -1 1620 1620
6164 CONNECTION 419 445 -1 -1 3300 3300
6165 CONNECTION 419 308 300 420 4440 4440
6166 SINK 419 2 -1 -1 300 300
6167 CONNECTION 215 258 -1 -1 3420 3420
6168 CONNECTION 215 334 -1 -1 4320 4320
6169 CONNECTION 282 283 -1 -1 2640 2640
6170 CONNECTION 282 257 -1 -1 1500 1500
6171 CONNECTION 282 420 -1 -1 2760 2760
6172 CONNECTION 282 232 -1 -1 2940 2940
6173 CONNECTION 282 333 -1 -1 2400 2400
6174 CONNECTION 282 445 -1 -1 4080 4080
6175 CONNECTION 282 308 300 1200 5220 5220
6176 SINK 282 2 -1 -1 300 300
6177 CONNECTION 485 421 -1 -1 3420 3420
6178 CONNECTION 165 116 -1 -1 2100 2100
6179 CONNECTION 165 216 -1 -1 3000 3000
6180 CONNECTION 165 284 300 780 3900 3900
6181 CONNECTION 382 308 -1 -1 2760 2760
6182 SINK 382 2 -1 -1 300 300
6183 CONNECTION 505 90 -1 -1 2760 2760
6184 CONNECTION 505 446 -1 -1 3660 3660
6185 CONNECTION 505 471 300 1440 5460 5460
6186 CONNECTION 505 422 300 2340 6360 6360
6187 CONNECTION 89 90 -1 -1 1740 1740
6188 CONNECTION 89 446 -1 -1 2640 2640
6189 CONNECTION 89 471 300 420 4440 4440
6190 CONNECTION 89 422 300 1320 5340 5340
6191 CONNECTION 283 334 -1 -1 3420 3420
6192 CONNECTION 358 333 -1 -1 1500 1500
6193 CONNECTION 358 445 -1 -1 3180 3180
6194 CONNECTION 358 308 -1 -1 4320 4320
6195 SINK 358 2 -1 -1 300 300
6196 CONNECTION 140 67 -1 -1 2700 2700
6197 CONNECTION 140 470 -1 -1 3660 3660
6198 CONNECTION 140 399 300 2040 6300 6300
6199 CONNECTION 190 191 -1 -1 1740 1740
6200 CONNECTION 190 90 -1 -1 2640 2640
6201 CONNECTION 190 446 -1 -1 3540 3540
6202 CONNECTION 190 471 300 1320 5340 5340
6203 CONNECTION 190 422 300 2220 6240 6240
6204 CONNECTION 257 216 -1 -1 2100 2100
6205 CONNECTION 257 284 -1 -1 3000 3000
6206 SINK 50 2 -1 -1 300 300
6207 CONNECTION 420 470 -1 -1 2580 2580
6208 CONNECTION 420 399 300 960 5220 5220
6209 CONNECTION 24 445 -1 -1 2280 2280
6210 CONNECTION 24 308 -1 -1 3420 3420
6211 SINK 24 2 -1 -1 300 300
6212 CONNECTION 232 470 -1 -1 2400 2400
6213 CONNECTION 232 399 300 780 5040 5040
6214 CONNECTION 307 308 -1 -1 1740 1740
6215 SINK 307 2 -1 -1 300 300
6216 CONNECTION 333 284 -1 -1 2100 2100
6217 SINK 166 2 -1 -1 300 300
6218 CONNECTION 469 470 -1 -1 1200 1200
6219 CONNECTION 469 399 -1 -1 3840 3840
6220 SINK 191 2 -1 -1 300 300
6221 CONNECTION 116 308 -1 -1 2520 2520
6222 SINK 116 2 -1 -1 300 300
6223 CONNECTION 445 446 -1 -1 1200 1200
6224 CONNECTION 445 471 -1 -1 3000 3000
6225 CONNECTION 445 422 -1 -1 3900 3900
6226 SINK 67 2 -1 -1 300 300
6227 SINK 258 2 -1 -1 300 300
6228 CONNECTION 398 399 -1 -1 1980 1980
6229 SINK 90 2 -1 -1 300 300
6230 SINK 216 2 -1 -1 300 300
6231 SINK 334 2 -1 -1 300 300
6232 CONNECTION 308 422 -1 -1 2760 2760
6233 CONNECTION 421 422 -1 -1 1740 1740
6234 SINK 284 2 -1 -1 300 300
6235 CONNECTION 446 399 -1 -1 2700 2700
6236 CONNECTION 470 471 -1 -1 1740 1740
6237 CONNECTION 470 422 -1 -1 2640 2640
6238 SINK 471 2 -1 -1 300 300
6239 SINK 399 2 -1 -1 300 300
6240 SINK 422 2 -1 -1 300 300
