0 SOURCE 0 56 -1 -1 1380 30180
1 SOURCE 0 38 -1 -1 2880 31680
2 SOURCE 0 152 -1 -1 1380 30180
3 SOURCE 0 96 -1 -1 2880 31680
4 SOURCE 0 20 -1 -1 1380 30180
5 SOURCE 0 172 -1 -1 2880 31680
6 SOURCE 0 78 -1 -1 1380 30180
7 SOURCE 0 242 -1 -1 1380 30180
8 SOURCE 0 225 -1 -1 2880 31680
9 SOURCE 0 134 -1 -1 1380 30180
10 SOURCE 0 1 -1 -1 1380 30180
11 SOURCE 0 279 -1 -1 2880 31680
12 SOURCE 0 208 -1 -1 1380 30180
13 SOURCE 0 22 -1 -1 2880 31680
14 SOURCE 0 262 -1 -1 1380 30180
15 SOURCE 0 115 -1 -1 1380 30180
16 SOURCE 0 80 -1 -1 2880 31680
17 SOURCE 0 40 -1 -1 1380 30180
18 SOURCE 0 191 -1 -1 1380 30180
19 SOURCE 0 136 -1 -1 2880 31680
20 SOURCE 0 98 -1 -1 1380 30180
21 SOURCE 0 210 -1 -1 2880 31680
22 SOURCE 0 174 -1 -1 1380 30180
23 SOURCE 0 3 -1 -1 1380 30180
24 SOURCE 0 298 -1 -1 1380 30180
25 SOURCE 0 264 -1 -1 2880 31680
26 SOURCE 0 227 -1 -1 1380 30180
27 SOURCE 0 117 -1 -1 1380 30180
28 SOURCE 0 24 -1 -1 2880 31680
29 SOURCE 0 281 -1 -1 1380 30180
30 SOURCE 0 82 -1 -1 2880 31680
31 SOURCE 0 42 -1 -1 1380 30180
32 SOURCE 0 193 -1 -1 1380 30180
33 SOURCE 0 138 -1 -1 2880 31680
34 SOURCE 0 100 -1 -1 1380 30180
35 SOURCE 0 5 -1 -1 1380 30180
36 SOURCE 0 212 -1 -1 2880 31680
37 SOURCE 0 176 -1 -1 1380 30180
38 SOURCE 0 266 -1 -1 2880 31680
39 SOURCE 0 229 -1 -1 1380 30180
40 SOURCE 0 119 -1 -1 1380 30180
41 SOURCE 0 26 -1 -1 2880 31680
42 SOURCE 0 283 -1 -1 1380 30180
43 SOURCE 0 195 -1 -1 1380 30180
44 SOURCE 0 84 -1 -1 2880 31680
45 SOURCE 0 44 -1 -1 1380 30180
46 SOURCE 0 140 -1 -1 2880 31680
47 SOURCE 0 102 -1 -1 1380 30180
48 SOURCE 0 7 -1 -1 1380 30180
49 SOURCE 0 214 -1 -1 2880 31680
50 SOURCE 0 178 -1 -1 1380 30180
51 SOURCE 0 121 -1 -1 1380 30180
52 SOURCE 0 268 -1 -1 2880 31680
53 SOURCE 0 231 -1 -1 1380 30180
54 SOURCE 0 28 -1 -1 2880 31680
55 SOURCE 0 285 -1 -1 1380 30180
56 SOURCE 0 197 -1 -1 1380 30180
57 SOURCE 0 86 -1 -1 2880 31680
58 SOURCE 0 46 -1 -1 1380 30180
59 SOURCE 0 9 -1 -1 1380 30180
60 SOURCE 0 142 -1 -1 2880 31680
61 SOURCE 0 104 -1 -1 1380 30180
62 SOURCE 0 216 -1 -1 2880 31680
63 SOURCE 0 180 -1 -1 1380 30180
64 SOURCE 0 123 -1 -1 1380 30180
65 SOURCE 0 270 -1 -1 2880 31680
66 SOURCE 0 233 -1 -1 1380 30180
67 SOURCE 0 199 -1 -1 1380 30180
68 SOURCE 0 30 -1 -1 2880 31680
69 SOURCE 0 287 -1 -1 1380 30180
70 SOURCE 0 88 -1 -1 2880 31680
71 SOURCE 0 48 -1 -1 1380 30180
72 SOURCE 0 11 -1 -1 1380 30180
73 SOURCE 0 144 -1 -1 2880 31680
74 SOURCE 0 106 -1 -1 1380 30180
75 SOURCE 0 125 -1 -1 1380 30180
76 SOURCE 0 218 -1 -1 2880 31680
77 SOURCE 0 182 -1 -1 1380 30180
78 SOURCE 0 272 -1 -1 2880 31680
79 SOURCE 0 235 -1 -1 1380 30180
80 SOURCE 0 201 -1 -1 1380 30180
81 SOURCE 0 32 -1 -1 2880 31680
82 SOURCE 0 289 -1 -1 1380 30180
83 SOURCE 0 13 -1 -1 1380 30180
84 SOURCE 0 90 -1 -1 2880 31680
85 SOURCE 0 50 -1 -1 1380 30180
86 SOURCE 0 146 -1 -1 2880 31680
87 SOURCE 0 108 -1 -1 1380 30180
88 SOURCE 0 127 -1 -1 1380 30180
89 SOURCE 0 220 -1 -1 2880 31680
90 SOURCE 0 184 -1 -1 1380 30180
91 SOURCE 0 203 -1 -1 1380 30180
92 SOURCE 0 274 -1 -1 2880 31680
93 SOURCE 0 237 -1 -1 1380 30180
94 SOURCE 0 34 -1 -1 2880 31680
95 SOURCE 0 291 -1 -1 1380 30180
96 SOURCE 0 15 -1 -1 1380 30180
97 SOURCE 0 92 -1 -1 2880 31680
98 SOURCE 0 52 -1 -1 1380 30180
99 SOURCE 0 129 -1 -1 1380 30180
100 SOURCE 0 148 -1 -1 2880 31680
101 SOURCE 0 110 -1 -1 1380 30180
102 SOURCE 0 222 -1 -1 2880 31680
103 SOURCE 0 186 -1 -1 1380 30180
104 SOURCE 0 205 -1 -1 1380 30180
105 SOURCE 0 276 -1 -1 2880 31680
106 SOURCE 0 239 -1 -1 1380 30180
107 SOURCE 0 17 -1 -1 1380 30180
108 SOURCE 0 36 -1 -1 2880 31680
109 SOURCE 0 293 -1 -1 1380 30180
110 SOURCE 0 94 -1 -1 2880 31680
111 SOURCE 0 54 -1 -1 1380 30180
112 SOURCE 0 131 -1 -1 1380 30180
113 SOURCE 0 150 -1 -1 2880 31680
114 SOURCE 0 112 -1 -1 1380 30180
115 SOURCE 0 207 -1 -1 1380 30180
116 SOURCE 0 188 -1 -1 1380 30180
117 SOURCE 0 241 -1 -1 1380 30180
118 SOURCE 0 19 -1 -1 1380 30180
119 SOURCE 0 295 -1 -1 1380 30180
120 SOURCE 0 133 -1 -1 1380 30180
121 CONNECTION 56 57 -1 -1 3060 3060
122 CONNECTION 56 0 -1 -1 2340 2340
123 CONNECTION 56 224 -1 -1 3000 3000
124 CONNECTION 56 153 -1 -1 4860 4860
125 CONNECTION 56 114 -1 -1 4140 4140
126 CONNECTION 56 278 -1 -1 4200 4200
127 CONNECTION 56 243 300 4560 6660 6660
128 CONNECTION 56 21 300 3300 5400 5400
129 CONNECTION 56 190 300 3840 5940 5940
130 CONNECTION 56 79 300 4500 6600 6600
131 CONNECTION 56 2 300 6360 8460 8460
132 CONNECTION 56 297 300 5640 7740 7740
133 CONNECTION 56 135 300 5700 7800 7800
134 CONNECTION 38 296 -1 -1 3720 3720
135 CONNECTION 38 39 -1 -1 4320 4320
136 CONNECTION 38 58 -1 -1 5520 5520
137 CONNECTION 38 97 -1 -1 5520 5520
138 CONNECTION 38 173 300 4620 6720 6720
139 CONNECTION 38 154 300 5220 7320 7320
140 CONNECTION 38 226 300 5820 7920 7920
141 CONNECTION 38 244 300 7020 9120 9120
142 CONNECTION 38 280 300 7020 9120 9120
143 CONNECTION 57 39 -1 -1 3780 3780
144 CONNECTION 57 58 -1 -1 4980 4980
145 CONNECTION 57 97 -1 -1 4980 4980
146 CONNECTION 57 173 300 4080 6180 6180
147 CONNECTION 57 154 300 4680 6780 6780
148 CONNECTION 57 226 300 5280 7380 7380
149 CONNECTION 57 244 300 6480 8580 8580
150 CONNECTION 57 280 300 6480 8580 8580
151 CONNECTION 57 41 300 7680 9780 9780
152 CONNECTION 152 153 -1 -1 3060 3060
153 CONNECTION 152 114 -1 -1 2340 2340
154 CONNECTION 152 278 -1 -1 2400 2400
155 CONNECTION 152 243 -1 -1 4860 4860
156 CONNECTION 152 21 -1 -1 3600 3600
157 CONNECTION 152 190 -1 -1 4140 4140
158 CONNECTION 152 79 300 2700 4800 4800
159 CONNECTION 152 2 300 4560 6660 6660
160 CONNECTION 152 297 300 3840 5940 5940
161 CONNECTION 152 135 300 3900 6000 6000
162 CONNECTION 152 116 300 6360 8460 8460
163 CONNECTION 152 209 300 5100 7200 7200
164 CONNECTION 152 59 300 5640 7740 7740
165 CONNECTION 152 263 300 6300 8400 8400
166 CONNECTION 96 58 -1 -1 4320 4320
167 CONNECTION 96 97 -1 -1 4320 4320
168 CONNECTION 96 173 -1 -1 5520 5520
169 CONNECTION 96 154 300 4020 6120 6120
170 CONNECTION 96 226 300 4620 6720 6720
171 CONNECTION 96 244 300 5820 7920 7920
172 CONNECTION 96 280 300 5820 7920 7920
173 CONNECTION 96 41 300 7020 9120 9120
174 CONNECTION 96 60 300 7620 9720 9720
175 CONNECTION 0 225 -1 -1 3780 3780
176 CONNECTION 0 134 -1 -1 2400 2400
177 CONNECTION 0 1 -1 -1 3060 3060
178 CONNECTION 0 279 -1 -1 4980 4980
179 CONNECTION 0 208 -1 -1 3600 3600
180 CONNECTION 0 22 300 4080 6180 6180
181 CONNECTION 0 262 300 2700 4800 4800
182 CONNECTION 0 115 300 2760 4860 4860
183 CONNECTION 0 80 300 5280 7380 7380
184 CONNECTION 0 40 300 3900 6000 6000
185 CONNECTION 0 191 300 4560 6660 6660
186 CONNECTION 0 136 300 6480 8580 8580
187 CONNECTION 0 98 300 5100 7200 7200
188 CONNECTION 0 210 300 7680 9780 9780
189 CONNECTION 0 174 300 6300 8400 8400
190 CONNECTION 0 3 300 6360 8460 8460
191 CONNECTION 0 298 300 6360 8460 8460
192 SINK 0 0 -1 -1 0 0
193 CONNECTION 20 243 -1 -1 4320 4320
194 CONNECTION 20 21 -1 -1 3060 3060
195 CONNECTION 20 190 -1 -1 3600 3600
196 CONNECTION 20 79 -1 -1 4260 4260
197 CONNECTION 20 2 300 4020 6120 6120
198 CONNECTION 20 297 300 3300 5400 5400
199 CONNECTION 20 135 300 3360 5460 5460
200 CONNECTION 20 116 300 5820 7920 7920
201 CONNECTION 20 209 300 4560 6660 6660
202 CONNECTION 20 59 300 5100 7200 7200
203 CONNECTION 20 263 300 5760 7860 7860
204 CONNECTION 20 192 300 7620 9720 9720
205 CONNECTION 224 225 -1 -1 3120 3120
206 CONNECTION 224 1 -1 -1 2400 2400
207 CONNECTION 224 279 -1 -1 4320 4320
208 CONNECTION 224 208 -1 -1 2940 2940
209 CONNECTION 224 22 -1 -1 5520 5520
210 CONNECTION 224 262 -1 -1 4140 4140
211 CONNECTION 224 115 -1 -1 4200 4200
212 CONNECTION 224 80 300 4620 6720 6720
213 CONNECTION 224 40 300 3240 5340 5340
214 CONNECTION 224 191 300 3900 6000 6000
215 CONNECTION 224 136 300 5820 7920 7920
216 CONNECTION 224 98 300 4440 6540 6540
217 CONNECTION 224 210 300 7020 9120 9120
218 CONNECTION 224 174 300 5640 7740 7740
219 CONNECTION 224 3 300 5700 7800 7800
220 CONNECTION 224 298 300 5700 7800 7800
221 SINK 224 0 -1 -1 0 0
222 CONNECTION 153 173 -1 -1 4380 4380
223 CONNECTION 153 154 -1 -1 4980 4980
224 CONNECTION 153 226 -1 -1 5580 5580
225 CONNECTION 153 244 300 4680 6780 6780
226 CONNECTION 153 280 300 4680 6780 6780
227 CONNECTION 153 41 300 5880 7980 7980
228 CONNECTION 153 60 300 6480 8580 8580
229 CONNECTION 153 99 300 7080 9180 9180
230 CONNECTION 172 173 -1 -1 4320 4320
231 CONNECTION 172 154 -1 -1 4920 4920
232 CONNECTION 172 226 -1 -1 5520 5520
233 CONNECTION 172 244 300 4620 6720 6720
234 CONNECTION 172 280 300 4620 6720 6720
235 CONNECTION 172 41 300 5820 7920 7920
236 CONNECTION 172 60 300 6420 8520 8520
237 CONNECTION 172 99 300 7020 9120 9120
238 CONNECTION 78 190 -1 -1 2400 2400
239 CONNECTION 78 79 -1 -1 3060 3060
240 CONNECTION 78 2 -1 -1 4920 4920
241 CONNECTION 78 297 -1 -1 4200 4200
242 CONNECTION 78 135 -1 -1 4260 4260
243 CONNECTION 78 116 300 4620 6720 6720
244 CONNECTION 78 209 300 3360 5460 5460
245 CONNECTION 78 59 300 3900 6000 6000
246 CONNECTION 78 263 300 4560 6660 6660
247 CONNECTION 78 192 300 6420 8520 8520
248 CONNECTION 78 155 300 5700 7800 7800
249 CONNECTION 78 23 300 5760 7860 7860
250 CONNECTION 242 243 -1 -1 3060 3060
251 CONNECTION 242 190 -1 -1 2340 2340
252 CONNECTION 242 79 -1 -1 3000 3000
253 CONNECTION 242 2 -1 -1 4860 4860
254 CONNECTION 242 297 -1 -1 4140 4140
255 CONNECTION 242 135 -1 -1 4200 4200
256 CONNECTION 242 116 300 4560 6660 6660
257 CONNECTION 242 209 300 3300 5400 5400
258 CONNECTION 242 59 300 3840 5940 5940
259 CONNECTION 242 263 300 4500 6600 6600
260 CONNECTION 242 192 300 6360 8460 8460
261 CONNECTION 242 155 300 5640 7740 7740
262 CONNECTION 242 23 300 5700 7800 7800
263 CONNECTION 114 22 -1 -1 4380 4380
264 CONNECTION 114 262 -1 -1 3000 3000
265 CONNECTION 114 115 -1 -1 3060 3060
266 CONNECTION 114 80 -1 -1 5580 5580
267 CONNECTION 114 40 -1 -1 4200 4200
268 CONNECTION 114 191 300 2760 4860 4860
269 CONNECTION 114 136 300 4680 6780 6780
270 CONNECTION 114 98 300 3300 5400 5400
271 CONNECTION 114 210 300 5880 7980 7980
272 CONNECTION 114 174 300 4500 6600 6600
273 CONNECTION 114 3 300 4560 6660 6660
274 CONNECTION 114 298 300 4560 6660 6660
275 CONNECTION 114 264 300 7080 9180 9180
276 CONNECTION 114 227 300 5700 7800 7800
277 CONNECTION 114 117 300 6360 8460 8460
278 SINK 114 0 -1 -1 0 0
279 CONNECTION 278 279 -1 -1 3120 3120
280 CONNECTION 278 22 -1 -1 4320 4320
281 CONNECTION 278 262 -1 -1 2940 2940
282 CONNECTION 278 115 -1 -1 3000 3000
283 CONNECTION 278 80 -1 -1 5520 5520
284 CONNECTION 278 40 -1 -1 4140 4140
285 CONNECTION 278 191 300 2700 4800 4800
286 CONNECTION 278 136 300 4620 6720 6720
287 CONNECTION 278 98 300 3240 5340 5340
288 CONNECTION 278 210 300 5820 7920 7920
289 CONNECTION 278 174 300 4440 6540 6540
290 CONNECTION 278 3 300 4500 6600 6600
291 CONNECTION 278 298 300 4500 6600 6600
292 CONNECTION 278 264 300 7020 9120 9120
293 CONNECTION 278 227 300 5640 7740 7740
294 CONNECTION 278 117 300 6300 8400 8400
295 SINK 278 0 -1 -1 0 0
296 CONNECTION 225 154 -1 -1 3720 3720
297 CONNECTION 225 226 -1 -1 4320 4320
298 CONNECTION 225 244 -1 -1 5520 5520
299 CONNECTION 225 280 -1 -1 5520 5520
300 CONNECTION 225 41 300 4620 6720 6720
301 CONNECTION 225 60 300 5220 7320 7320
302 CONNECTION 225 99 300 5820 7920 7920
303 CONNECTION 225 156 300 7020 9120 9120
304 CONNECTION 225 175 300 7020 9120 9120
305 CONNECTION 296 297 -1 -1 1500 1500
306 CONNECTION 296 116 -1 -1 4020 4020
307 CONNECTION 296 209 -1 -1 2760 2760
308 CONNECTION 296 59 -1 -1 3300 3300
309 CONNECTION 296 263 -1 -1 3960 3960
310 CONNECTION 296 192 -1 -1 5820 5820
311 CONNECTION 296 155 300 3000 5100 5100
312 CONNECTION 296 23 300 3060 5160 5160
313 CONNECTION 296 4 300 5520 7620 7620
314 CONNECTION 296 299 300 5520 7620 7620
315 CONNECTION 296 81 300 4260 6360 6360
316 CONNECTION 296 245 300 4800 6900 6900
317 CONNECTION 296 137 300 5460 7560 7560
318 CONNECTION 296 118 300 7320 9420 9420
319 CONNECTION 134 2 -1 -1 3720 3720
320 CONNECTION 134 297 -1 -1 3000 3000
321 CONNECTION 134 135 -1 -1 3060 3060
322 CONNECTION 134 116 -1 -1 5520 5520
323 CONNECTION 134 209 -1 -1 4260 4260
324 CONNECTION 134 59 300 2700 4800 4800
325 CONNECTION 134 263 300 3360 5460 5460
326 CONNECTION 134 192 300 5220 7320 7320
327 CONNECTION 134 155 300 4500 6600 6600
328 CONNECTION 134 23 300 4560 6660 6660
329 CONNECTION 134 4 300 7020 9120 9120
330 CONNECTION 134 299 300 7020 9120 9120
331 CONNECTION 134 81 300 5760 7860 7860
332 CONNECTION 134 245 300 6300 8400 8400
333 CONNECTION 243 226 -1 -1 3780 3780
334 CONNECTION 243 244 -1 -1 4980 4980
335 CONNECTION 243 280 -1 -1 4980 4980
336 CONNECTION 243 41 300 4080 6180 6180
337 CONNECTION 243 60 300 4680 6780 6780
338 CONNECTION 243 99 300 5280 7380 7380
339 CONNECTION 243 156 300 6480 8580 8580
340 CONNECTION 243 175 300 6480 8580 8580
341 CONNECTION 243 228 300 7680 9780 9780
342 CONNECTION 39 40 -1 -1 1500 1500
343 CONNECTION 39 191 -1 -1 2160 2160
344 CONNECTION 39 136 -1 -1 4080 4080
345 CONNECTION 39 98 -1 -1 2700 2700
346 CONNECTION 39 210 -1 -1 5280 5280
347 CONNECTION 39 174 -1 -1 3900 3900
348 CONNECTION 39 3 -1 -1 3960 3960
349 CONNECTION 39 298 -1 -1 3960 3960
350 CONNECTION 39 264 300 4380 6480 6480
351 CONNECTION 39 227 300 3000 5100 5100
352 CONNECTION 39 117 300 3660 5760 5760
353 CONNECTION 39 24 300 5580 7680 7680
354 CONNECTION 39 281 300 4200 6300 6300
355 CONNECTION 39 82 300 6780 8880 8880
356 CONNECTION 39 42 300 5400 7500 7500
357 CONNECTION 39 193 300 5460 7560 7560
358 CONNECTION 39 138 300 7980 10080 10080
359 SINK 39 0 -1 -1 0 0
360 CONNECTION 1 2 -1 -1 3060 3060
361 CONNECTION 1 297 -1 -1 2340 2340
362 CONNECTION 1 135 -1 -1 2400 2400
363 CONNECTION 1 116 -1 -1 4860 4860
364 CONNECTION 1 209 -1 -1 3600 3600
365 CONNECTION 1 59 -1 -1 4140 4140
366 CONNECTION 1 263 300 2700 4800 4800
367 CONNECTION 1 192 300 4560 6660 6660
368 CONNECTION 1 155 300 3840 5940 5940
369 CONNECTION 1 23 300 3900 6000 6000
370 CONNECTION 1 4 300 6360 8460 8460
371 CONNECTION 1 299 300 6360 8460 8460
372 CONNECTION 1 81 300 5100 7200 7200
373 CONNECTION 1 245 300 5640 7740 7740
374 CONNECTION 1 137 300 6300 8400 8400
375 CONNECTION 21 22 -1 -1 3120 3120
376 CONNECTION 21 80 -1 -1 4320 4320
377 CONNECTION 21 40 -1 -1 2940 2940
378 CONNECTION 21 191 -1 -1 3600 3600
379 CONNECTION 21 136 -1 -1 5520 5520
380 CONNECTION 21 98 -1 -1 4140 4140
381 CONNECTION 21 210 300 4620 6720 6720
382 CONNECTION 21 174 300 3240 5340 5340
383 CONNECTION 21 3 300 3300 5400 5400
384 CONNECTION 21 298 300 3300 5400 5400
385 CONNECTION 21 264 300 5820 7920 7920
386 CONNECTION 21 227 300 4440 6540 6540
387 CONNECTION 21 117 300 5100 7200 7200
388 CONNECTION 21 24 300 7020 9120 9120
389 CONNECTION 21 281 300 5640 7740 7740
390 SINK 21 0 -1 -1 0 0
391 CONNECTION 279 244 -1 -1 4320 4320
392 CONNECTION 279 280 -1 -1 4320 4320
393 CONNECTION 279 41 -1 -1 5520 5520
394 CONNECTION 279 60 300 4020 6120 6120
395 CONNECTION 279 99 300 4620 6720 6720
396 CONNECTION 279 156 300 5820 7920 7920
397 CONNECTION 279 175 300 5820 7920 7920
398 CONNECTION 279 228 300 7020 9120 9120
399 CONNECTION 279 246 300 7620 9720 9720
400 CONNECTION 190 80 -1 -1 3780 3780
401 CONNECTION 190 40 -1 -1 2400 2400
402 CONNECTION 190 191 -1 -1 3060 3060
403 CONNECTION 190 136 -1 -1 4980 4980
404 CONNECTION 190 98 -1 -1 3600 3600
405 CONNECTION 190 210 300 4080 6180 6180
406 CONNECTION 190 174 300 2700 4800 4800
407 CONNECTION 190 3 300 2760 4860 4860
408 CONNECTION 190 298 300 2760 4860 4860
409 CONNECTION 190 264 300 5280 7380 7380
410 CONNECTION 190 227 300 3900 6000 6000
411 CONNECTION 190 117 300 4560 6660 6660
412 CONNECTION 190 24 300 6480 8580 8580
413 CONNECTION 190 281 300 5100 7200 7200
414 CONNECTION 190 82 300 7680 9780 9780
415 CONNECTION 190 42 300 6300 8400 8400
416 CONNECTION 190 193 300 6360 8460 8460
417 SINK 190 0 -1 -1 0 0
418 CONNECTION 208 116 -1 -1 4320 4320
419 CONNECTION 208 209 -1 -1 3060 3060
420 CONNECTION 208 59 -1 -1 3600 3600
421 CONNECTION 208 263 -1 -1 4260 4260
422 CONNECTION 208 192 300 4020 6120 6120
423 CONNECTION 208 155 300 3300 5400 5400
424 CONNECTION 208 23 300 3360 5460 5460
425 CONNECTION 208 4 300 5820 7920 7920
426 CONNECTION 208 299 300 5820 7920 7920
427 CONNECTION 208 81 300 4560 6660 6660
428 CONNECTION 208 245 300 5100 7200 7200
429 CONNECTION 208 137 300 5760 7860 7860
430 CONNECTION 208 118 300 7620 9720 9720
431 CONNECTION 58 59 -1 -1 1500 1500
432 CONNECTION 58 263 -1 -1 2160 2160
433 CONNECTION 58 192 -1 -1 4020 4020
434 CONNECTION 58 155 -1 -1 3300 3300
435 CONNECTION 58 23 -1 -1 3360 3360
436 CONNECTION 58 4 -1 -1 5820 5820
437 CONNECTION 58 299 -1 -1 5820 5820
438 CONNECTION 58 81 300 2460 4560 4560
439 CONNECTION 58 245 300 3000 5100 5100
440 CONNECTION 58 137 300 3660 5760 5760
441 CONNECTION 58 118 300 5520 7620 7620
442 CONNECTION 58 61 300 4800 6900 6900
443 CONNECTION 58 211 300 4860 6960 6960
444 CONNECTION 58 194 300 7320 9420 9420
445 CONNECTION 58 265 300 6060 8160 8160
446 CONNECTION 97 98 -1 -1 1500 1500
447 CONNECTION 97 210 -1 -1 4080 4080
448 CONNECTION 97 174 -1 -1 2700 2700
449 CONNECTION 97 3 -1 -1 2760 2760
450 CONNECTION 97 298 -1 -1 2760 2760
451 CONNECTION 97 264 -1 -1 5280 5280
452 CONNECTION 97 227 -1 -1 3900 3900
453 CONNECTION 97 117 300 2460 4560 4560
454 CONNECTION 97 24 300 4380 6480 6480
455 CONNECTION 97 281 300 3000 5100 5100
456 CONNECTION 97 82 300 5580 7680 7680
457 CONNECTION 97 42 300 4200 6300 6300
458 CONNECTION 97 193 300 4260 6360 6360
459 CONNECTION 97 138 300 6780 8880 8880
460 CONNECTION 97 100 300 5400 7500 7500
461 CONNECTION 97 5 300 6060 8160 8160
462 CONNECTION 97 212 300 7980 10080 10080
463 SINK 97 0 -1 -1 0 0
464 CONNECTION 79 80 -1 -1 3120 3120
465 CONNECTION 79 191 -1 -1 2400 2400
466 CONNECTION 79 136 -1 -1 4320 4320
467 CONNECTION 79 98 -1 -1 2940 2940
468 CONNECTION 79 210 -1 -1 5520 5520
469 CONNECTION 79 174 -1 -1 4140 4140
470 CONNECTION 79 3 -1 -1 4200 4200
471 CONNECTION 79 298 -1 -1 4200 4200
472 CONNECTION 79 264 300 4620 6720 6720
473 CONNECTION 79 227 300 3240 5340 5340
474 CONNECTION 79 117 300 3900 6000 6000
475 CONNECTION 79 24 300 5820 7920 7920
476 CONNECTION 79 281 300 4440 6540 6540
477 CONNECTION 79 82 300 7020 9120 9120
478 CONNECTION 79 42 300 5640 7740 7740
479 CONNECTION 79 193 300 5700 7800 7800
480 SINK 79 0 -1 -1 0 0
481 CONNECTION 2 41 -1 -1 4380 4380
482 CONNECTION 2 60 -1 -1 4980 4980
483 CONNECTION 2 99 -1 -1 5580 5580
484 CONNECTION 2 156 300 4680 6780 6780
485 CONNECTION 2 175 300 4680 6780 6780
486 CONNECTION 2 228 300 5880 7980 7980
487 CONNECTION 2 246 300 6480 8580 8580
488 CONNECTION 2 282 300 7080 9180 9180
489 CONNECTION 22 41 -1 -1 4320 4320
490 CONNECTION 22 60 -1 -1 4920 4920
491 CONNECTION 22 99 -1 -1 5520 5520
492 CONNECTION 22 156 300 4620 6720 6720
493 CONNECTION 22 175 300 4620 6720 6720
494 CONNECTION 22 228 300 5820 7920 7920
495 CONNECTION 22 246 300 6420 8520 8520
496 CONNECTION 22 282 300 7020 9120 9120
497 CONNECTION 262 59 -1 -1 2400 2400
498 CONNECTION 262 263 -1 -1 3060 3060
499 CONNECTION 262 192 -1 -1 4920 4920
500 CONNECTION 262 155 -1 -1 4200 4200
501 CONNECTION 262 23 -1 -1 4260 4260
502 CONNECTION 262 4 300 4620 6720 6720
503 CONNECTION 262 299 300 4620 6720 6720
504 CONNECTION 262 81 300 3360 5460 5460
505 CONNECTION 262 245 300 3900 6000 6000
506 CONNECTION 262 137 300 4560 6660 6660
507 CONNECTION 262 118 300 6420 8520 8520
508 CONNECTION 262 61 300 5700 7800 7800
509 CONNECTION 262 211 300 5760 7860 7860
510 CONNECTION 115 116 -1 -1 3060 3060
511 CONNECTION 115 59 -1 -1 2340 2340
512 CONNECTION 115 263 -1 -1 3000 3000
513 CONNECTION 115 192 -1 -1 4860 4860
514 CONNECTION 115 155 -1 -1 4140 4140
515 CONNECTION 115 23 -1 -1 4200 4200
516 CONNECTION 115 4 300 4560 6660 6660
517 CONNECTION 115 299 300 4560 6660 6660
518 CONNECTION 115 81 300 3300 5400 5400
519 CONNECTION 115 245 300 3840 5940 5940
520 CONNECTION 115 137 300 4500 6600 6600
521 CONNECTION 115 118 300 6360 8460 8460
522 CONNECTION 115 61 300 5640 7740 7740
523 CONNECTION 115 211 300 5700 7800 7800
524 CONNECTION 173 174 -1 -1 1500 1500
525 CONNECTION 173 264 -1 -1 4080 4080
526 CONNECTION 173 227 -1 -1 2700 2700
527 CONNECTION 173 117 -1 -1 3360 3360
528 CONNECTION 173 24 -1 -1 5280 5280
529 CONNECTION 173 281 -1 -1 3900 3900
530 CONNECTION 173 82 300 4380 6480 6480
531 CONNECTION 173 42 300 3000 5100 5100
532 CONNECTION 173 193 300 3060 5160 5160
533 CONNECTION 173 138 300 5580 7680 7680
534 CONNECTION 173 100 300 4200 6300 6300
535 CONNECTION 173 5 300 4860 6960 6960
536 CONNECTION 173 212 300 6780 8880 8880
537 CONNECTION 173 176 300 5400 7500 7500
538 CONNECTION 173 266 300 7980 10080 10080
539 SINK 173 0 -1 -1 0 0
540 CONNECTION 297 210 -1 -1 4380 4380
541 CONNECTION 297 174 -1 -1 3000 3000
542 CONNECTION 297 3 -1 -1 3060 3060
543 CONNECTION 297 298 -1 -1 3060 3060
544 CONNECTION 297 264 -1 -1 5580 5580
545 CONNECTION 297 227 -1 -1 4200 4200
546 CONNECTION 297 117 300 2760 4860 4860
547 CONNECTION 297 24 300 4680 6780 6780
548 CONNECTION 297 281 300 3300 5400 5400
549 CONNECTION 297 82 300 5880 7980 7980
550 CONNECTION 297 42 300 4500 6600 6600
551 CONNECTION 297 193 300 4560 6660 6660
552 CONNECTION 297 138 300 7080 9180 9180
553 CONNECTION 297 100 300 5700 7800 7800
554 CONNECTION 297 5 300 6360 8460 8460
555 SINK 297 0 -1 -1 0 0
556 CONNECTION 135 136 -1 -1 3120 3120
557 CONNECTION 135 210 -1 -1 4320 4320
558 CONNECTION 135 174 -1 -1 2940 2940
559 CONNECTION 135 3 -1 -1 3000 3000
560 CONNECTION 135 298 -1 -1 3000 3000
561 CONNECTION 135 264 -1 -1 5520 5520
562 CONNECTION 135 227 -1 -1 4140 4140
563 CONNECTION 135 117 300 2700 4800 4800
564 CONNECTION 135 24 300 4620 6720 6720
565 CONNECTION 135 281 300 3240 5340 5340
566 CONNECTION 135 82 300 5820 7920 7920
567 CONNECTION 135 42 300 4440 6540 6540
568 CONNECTION 135 193 300 4500 6600 6600
569 CONNECTION 135 138 300 7020 9120 9120
570 CONNECTION 135 100 300 5640 7740 7740
571 CONNECTION 135 5 300 6300 8400 8400
572 SINK 135 0 -1 -1 0 0
573 CONNECTION 80 60 -1 -1 3720 3720
574 CONNECTION 80 99 -1 -1 4320 4320
575 CONNECTION 80 156 -1 -1 5520 5520
576 CONNECTION 80 175 -1 -1 5520 5520
577 CONNECTION 80 228 300 4620 6720 6720
578 CONNECTION 80 246 300 5220 7320 7320
579 CONNECTION 80 282 300 5820 7920 7920
580 CONNECTION 80 62 300 7020 9120 9120
581 CONNECTION 80 43 300 7020 9120 9120
582 CONNECTION 154 155 -1 -1 1500 1500
583 CONNECTION 154 4 -1 -1 4020 4020
584 CONNECTION 154 299 -1 -1 4020 4020
585 CONNECTION 154 81 -1 -1 2760 2760
586 CONNECTION 154 245 -1 -1 3300 3300
587 CONNECTION 154 137 -1 -1 3960 3960
588 CONNECTION 154 118 -1 -1 5820 5820
589 CONNECTION 154 61 300 3000 5100 5100
590 CONNECTION 154 211 300 3060 5160 5160
591 CONNECTION 154 194 300 5520 7620 7620
592 CONNECTION 154 265 300 4260 6360 6360
593 CONNECTION 154 157 300 4800 6900 6900
594 CONNECTION 154 25 300 5460 7560 7560
595 CONNECTION 154 6 300 7320 9420 9420
596 CONNECTION 40 192 -1 -1 3720 3720
597 CONNECTION 40 155 -1 -1 3000 3000
598 CONNECTION 40 23 -1 -1 3060 3060
599 CONNECTION 40 4 -1 -1 5520 5520
600 CONNECTION 40 299 -1 -1 5520 5520
601 CONNECTION 40 81 -1 -1 4260 4260
602 CONNECTION 40 245 300 2700 4800 4800
603 CONNECTION 40 137 300 3360 5460 5460
604 CONNECTION 40 118 300 5220 7320 7320
605 CONNECTION 40 61 300 4500 6600 6600
606 CONNECTION 40 211 300 4560 6660 6660
607 CONNECTION 40 194 300 7020 9120 9120
608 CONNECTION 40 265 300 5760 7860 7860
609 CONNECTION 40 157 300 6300 8400 8400
610 CONNECTION 116 99 -1 -1 3780 3780
611 CONNECTION 116 156 -1 -1 4980 4980
612 CONNECTION 116 175 -1 -1 4980 4980
613 CONNECTION 116 228 300 4080 6180 6180
614 CONNECTION 116 246 300 4680 6780 6780
615 CONNECTION 116 282 300 5280 7380 7380
616 CONNECTION 116 62 300 6480 8580 8580
617 CONNECTION 116 43 300 6480 8580 8580
618 CONNECTION 116 101 300 7680 9780 9780
619 CONNECTION 226 227 -1 -1 1500 1500
620 CONNECTION 226 117 -1 -1 2160 2160
621 CONNECTION 226 24 -1 -1 4080 4080
622 CONNECTION 226 281 -1 -1 2700 2700
623 CONNECTION 226 82 -1 -1 5280 5280
624 CONNECTION 226 42 -1 -1 3900 3900
625 CONNECTION 226 193 -1 -1 3960 3960
626 CONNECTION 226 138 300 4380 6480 6480
627 CONNECTION 226 100 300 3000 5100 5100
628 CONNECTION 226 5 300 3660 5760 5760
629 CONNECTION 226 212 300 5580 7680 7680
630 CONNECTION 226 176 300 4200 6300 6300
631 CONNECTION 226 266 300 6780 8880 8880
632 CONNECTION 226 229 300 5400 7500 7500
633 CONNECTION 226 119 300 5460 7560 7560
634 CONNECTION 226 26 300 7980 10080 10080
635 SINK 226 0 -1 -1 0 0
636 CONNECTION 191 192 -1 -1 3060 3060
637 CONNECTION 191 155 -1 -1 2340 2340
638 CONNECTION 191 23 -1 -1 2400 2400
639 CONNECTION 191 4 -1 -1 4860 4860
640 CONNECTION 191 299 -1 -1 4860 4860
641 CONNECTION 191 81 -1 -1 3600 3600
642 CONNECTION 191 245 -1 -1 4140 4140
643 CONNECTION 191 137 300 2700 4800 4800
644 CONNECTION 191 118 300 4560 6660 6660
645 CONNECTION 191 61 300 3840 5940 5940
646 CONNECTION 191 211 300 3900 6000 6000
647 CONNECTION 191 194 300 6360 8460 8460
648 CONNECTION 191 265 300 5100 7200 7200
649 CONNECTION 191 157 300 5640 7740 7740
650 CONNECTION 191 25 300 6300 8400 8400
651 CONNECTION 209 210 -1 -1 3120 3120
652 CONNECTION 209 264 -1 -1 4320 4320
653 CONNECTION 209 227 -1 -1 2940 2940
654 CONNECTION 209 117 -1 -1 3600 3600
655 CONNECTION 209 24 -1 -1 5520 5520
656 CONNECTION 209 281 -1 -1 4140 4140
657 CONNECTION 209 82 300 4620 6720 6720
658 CONNECTION 209 42 300 3240 5340 5340
659 CONNECTION 209 193 300 3300 5400 5400
660 CONNECTION 209 138 300 5820 7920 7920
661 CONNECTION 209 100 300 4440 6540 6540
662 CONNECTION 209 5 300 5100 7200 7200
663 CONNECTION 209 212 300 7020 9120 9120
664 CONNECTION 209 176 300 5640 7740 7740
665 SINK 209 0 -1 -1 0 0
666 CONNECTION 136 156 -1 -1 4320 4320
667 CONNECTION 136 175 -1 -1 4320 4320
668 CONNECTION 136 228 -1 -1 5520 5520
669 CONNECTION 136 246 300 4020 6120 6120
670 CONNECTION 136 282 300 4620 6720 6720
671 CONNECTION 136 62 300 5820 7920 7920
672 CONNECTION 136 43 300 5820 7920 7920
673 CONNECTION 136 101 300 7020 9120 9120
674 CONNECTION 136 158 300 7620 9720 9720
675 CONNECTION 59 264 -1 -1 3780 3780
676 CONNECTION 59 227 -1 -1 2400 2400
677 CONNECTION 59 117 -1 -1 3060 3060
678 CONNECTION 59 24 -1 -1 4980 4980
679 CONNECTION 59 281 -1 -1 3600 3600
680 CONNECTION 59 82 300 4080 6180 6180
681 CONNECTION 59 42 300 2700 4800 4800
682 CONNECTION 59 193 300 2760 4860 4860
683 CONNECTION 59 138 300 5280 7380 7380
684 CONNECTION 59 100 300 3900 6000 6000
685 CONNECTION 59 5 300 4560 6660 6660
686 CONNECTION 59 212 300 6480 8580 8580
687 CONNECTION 59 176 300 5100 7200 7200
688 CONNECTION 59 266 300 7680 9780 9780
689 CONNECTION 59 229 300 6300 8400 8400
690 CONNECTION 59 119 300 6360 8460 8460
691 SINK 59 0 -1 -1 0 0
692 CONNECTION 98 4 -1 -1 4320 4320
693 CONNECTION 98 299 -1 -1 4320 4320
694 CONNECTION 98 81 -1 -1 3060 3060
695 CONNECTION 98 245 -1 -1 3600 3600
696 CONNECTION 98 137 -1 -1 4260 4260
697 CONNECTION 98 118 300 4020 6120 6120
698 CONNECTION 98 61 300 3300 5400 5400
699 CONNECTION 98 211 300 3360 5460 5460
700 CONNECTION 98 194 300 5820 7920 7920
701 CONNECTION 98 265 300 4560 6660 6660
702 CONNECTION 98 157 300 5100 7200 7200
703 CONNECTION 98 25 300 5760 7860 7860
704 CONNECTION 98 6 300 7620 9720 9720
705 CONNECTION 244 245 -1 -1 1500 1500
706 CONNECTION 244 137 -1 -1 2160 2160
707 CONNECTION 244 118 -1 -1 4020 4020
708 CONNECTION 244 61 -1 -1 3300 3300
709 CONNECTION 244 211 -1 -1 3360 3360
710 CONNECTION 244 194 -1 -1 5820 5820
711 CONNECTION 244 265 300 2460 4560 4560
712 CONNECTION 244 157 300 3000 5100 5100
713 CONNECTION 244 25 300 3660 5760 5760
714 CONNECTION 244 6 300 5520 7620 7620
715 CONNECTION 244 247 300 4800 6900 6900
716 CONNECTION 244 83 300 4860 6960 6960
717 CONNECTION 244 120 300 7320 9420 9420
718 CONNECTION 244 139 300 6060 8160 8160
719 CONNECTION 280 281 -1 -1 1500 1500
720 CONNECTION 280 82 -1 -1 4080 4080
721 CONNECTION 280 42 -1 -1 2700 2700
722 CONNECTION 280 193 -1 -1 2760 2760
723 CONNECTION 280 138 -1 -1 5280 5280
724 CONNECTION 280 100 -1 -1 3900 3900
725 CONNECTION 280 5 300 2460 4560 4560
726 CONNECTION 280 212 300 4380 6480 6480
727 CONNECTION 280 176 300 3000 5100 5100
728 CONNECTION 280 266 300 5580 7680 7680
729 CONNECTION 280 229 300 4200 6300 6300
730 CONNECTION 280 119 300 4260 6360 6360
731 CONNECTION 280 26 300 6780 8880 8880
732 CONNECTION 280 283 300 5400 7500 7500
733 CONNECTION 280 195 300 6060 8160 8160
734 CONNECTION 280 84 300 7980 10080 10080
735 SINK 280 0 -1 -1 0 0
736 CONNECTION 263 264 -1 -1 3120 3120
737 CONNECTION 263 117 -1 -1 2400 2400
738 CONNECTION 263 24 -1 -1 4320 4320
739 CONNECTION 263 281 -1 -1 2940 2940
740 CONNECTION 263 82 -1 -1 5520 5520
741 CONNECTION 263 42 -1 -1 4140 4140
742 CONNECTION 263 193 -1 -1 4200 4200
743 CONNECTION 263 138 300 4620 6720 6720
744 CONNECTION 263 100 300 3240 5340 5340
745 CONNECTION 263 5 300 3900 6000 6000
746 CONNECTION 263 212 300 5820 7920 7920
747 CONNECTION 263 176 300 4440 6540 6540
748 CONNECTION 263 266 300 7020 9120 9120
749 CONNECTION 263 229 300 5640 7740 7740
750 CONNECTION 263 119 300 5700 7800 7800
751 SINK 263 0 -1 -1 0 0
752 CONNECTION 192 228 -1 -1 4380 4380
753 CONNECTION 192 246 -1 -1 4980 4980
754 CONNECTION 192 282 -1 -1 5580 5580
755 CONNECTION 192 62 300 4680 6780 6780
756 CONNECTION 192 43 300 4680 6780 6780
757 CONNECTION 192 101 300 5880 7980 7980
758 CONNECTION 192 158 300 6480 8580 8580
759 CONNECTION 192 177 300 7080 9180 9180
760 CONNECTION 210 228 -1 -1 4320 4320
761 CONNECTION 210 246 -1 -1 4920 4920
762 CONNECTION 210 282 -1 -1 5520 5520
763 CONNECTION 210 62 300 4620 6720 6720
764 CONNECTION 210 43 300 4620 6720 6720
765 CONNECTION 210 101 300 5820 7920 7920
766 CONNECTION 210 158 300 6420 8520 8520
767 CONNECTION 210 177 300 7020 9120 9120
768 CONNECTION 174 245 -1 -1 2400 2400
769 CONNECTION 174 137 -1 -1 3060 3060
770 CONNECTION 174 118 -1 -1 4920 4920
771 CONNECTION 174 61 -1 -1 4200 4200
772 CONNECTION 174 211 -1 -1 4260 4260
773 CONNECTION 174 194 300 4620 6720 6720
774 CONNECTION 174 265 300 3360 5460 5460
775 CONNECTION 174 157 300 3900 6000 6000
776 CONNECTION 174 25 300 4560 6660 6660
777 CONNECTION 174 6 300 6420 8520 8520
778 CONNECTION 174 247 300 5700 7800 7800
779 CONNECTION 174 83 300 5760 7860 7860
780 CONNECTION 3 4 -1 -1 3060 3060
781 CONNECTION 3 245 -1 -1 2340 2340
782 CONNECTION 3 137 -1 -1 3000 3000
783 CONNECTION 3 118 -1 -1 4860 4860
784 CONNECTION 3 61 -1 -1 4140 4140
785 CONNECTION 3 211 -1 -1 4200 4200
786 CONNECTION 3 194 300 4560 6660 6660
787 CONNECTION 3 265 300 3300 5400 5400
788 CONNECTION 3 157 300 3840 5940 5940
789 CONNECTION 3 25 300 4500 6600 6600
790 CONNECTION 3 6 300 6360 8460 8460
791 CONNECTION 3 247 300 5640 7740 7740
792 CONNECTION 3 83 300 5700 7800 7800
793 CONNECTION 298 299 -1 -1 3060 3060
794 CONNECTION 298 245 -1 -1 2340 2340
795 CONNECTION 298 137 -1 -1 3000 3000
796 CONNECTION 298 118 -1 -1 4860 4860
797 CONNECTION 298 61 -1 -1 4140 4140
798 CONNECTION 298 211 -1 -1 4200 4200
799 CONNECTION 298 194 300 4560 6660 6660
800 CONNECTION 298 265 300 3300 5400 5400
801 CONNECTION 298 157 300 3840 5940 5940
802 CONNECTION 298 25 300 4500 6600 6600
803 CONNECTION 298 6 300 6360 8460 8460
804 CONNECTION 298 247 300 5640 7740 7740
805 CONNECTION 298 83 300 5700 7800 7800
806 CONNECTION 41 42 -1 -1 1500 1500
807 CONNECTION 41 138 -1 -1 4080 4080
808 CONNECTION 41 100 -1 -1 2700 2700
809 CONNECTION 41 5 -1 -1 3360 3360
810 CONNECTION 41 212 -1 -1 5280 5280
811 CONNECTION 41 176 -1 -1 3900 3900
812 CONNECTION 41 266 300 4380 6480 6480
813 CONNECTION 41 229 300 3000 5100 5100
814 CONNECTION 41 119 300 3060 5160 5160
815 CONNECTION 41 26 300 5580 7680 7680
816 CONNECTION 41 283 300 4200 6300 6300
817 CONNECTION 41 195 300 4860 6960 6960
818 CONNECTION 41 84 300 6780 8880 8880
819 CONNECTION 41 44 300 5400 7500 7500
820 CONNECTION 41 140 300 7980 10080 10080
821 SINK 41 0 -1 -1 0 0
822 CONNECTION 155 82 -1 -1 4380 4380
823 CONNECTION 155 42 -1 -1 3000 3000
824 CONNECTION 155 193 -1 -1 3060 3060
825 CONNECTION 155 138 -1 -1 5580 5580
826 CONNECTION 155 100 -1 -1 4200 4200
827 CONNECTION 155 5 300 2760 4860 4860
828 CONNECTION 155 212 300 4680 6780 6780
829 CONNECTION 155 176 300 3300 5400 5400
830 CONNECTION 155 266 300 5880 7980 7980
831 CONNECTION 155 229 300 4500 6600 6600
832 CONNECTION 155 119 300 4560 6660 6660
833 CONNECTION 155 26 300 7080 9180 9180
834 CONNECTION 155 283 300 5700 7800 7800
835 CONNECTION 155 195 300 6360 8460 8460
836 SINK 155 0 -1 -1 0 0
837 CONNECTION 23 24 -1 -1 3120 3120
838 CONNECTION 23 82 -1 -1 4320 4320
839 CONNECTION 23 42 -1 -1 2940 2940
840 CONNECTION 23 193 -1 -1 3000 3000
841 CONNECTION 23 138 -1 -1 5520 5520
842 CONNECTION 23 100 -1 -1 4140 4140
843 CONNECTION 23 5 300 2700 4800 4800
844 CONNECTION 23 212 300 4620 6720 6720
845 CONNECTION 23 176 300 3240 5340 5340
846 CONNECTION 23 266 300 5820 7920 7920
847 CONNECTION 23 229 300 4440 6540 6540
848 CONNECTION 23 119 300 4500 6600 6600
849 CONNECTION 23 26 300 7020 9120 9120
850 CONNECTION 23 283 300 5640 7740 7740
851 CONNECTION 23 195 300 6300 8400 8400
852 SINK 23 0 -1 -1 0 0
853 CONNECTION 264 246 -1 -1 3720 3720
854 CONNECTION 264 282 -1 -1 4320 4320
855 CONNECTION 264 62 -1 -1 5520 5520
856 CONNECTION 264 43 -1 -1 5520 5520
857 CONNECTION 264 101 300 4620 6720 6720
858 CONNECTION 264 158 300 5220 7320 7320
859 CONNECTION 264 177 300 5820 7920 7920
860 CONNECTION 264 248 300 7020 9120 9120
861 CONNECTION 264 230 300 7020 9120 9120
862 CONNECTION 60 61 -1 -1 1500 1500
863 CONNECTION 60 194 -1 -1 4020 4020
864 CONNECTION 60 265 -1 -1 2760 2760
865 CONNECTION 60 157 -1 -1 3300 3300
866 CONNECTION 60 25 -1 -1 3960 3960
867 CONNECTION 60 6 -1 -1 5820 5820
868 CONNECTION 60 247 300 3000 5100 5100
869 CONNECTION 60 83 300 3060 5160 5160
870 CONNECTION 60 120 300 5520 7620 7620
871 CONNECTION 60 139 300 4260 6360 6360
872 CONNECTION 60 63 300 4800 6900 6900
873 CONNECTION 60 213 300 5460 7560 7560
874 CONNECTION 60 196 300 7320 9420 9420
875 CONNECTION 227 118 -1 -1 3720 3720
876 CONNECTION 227 61 -1 -1 3000 3000
877 CONNECTION 227 211 -1 -1 3060 3060
878 CONNECTION 227 194 -1 -1 5520 5520
879 CONNECTION 227 265 -1 -1 4260 4260
880 CONNECTION 227 157 300 2700 4800 4800
881 CONNECTION 227 25 300 3360 5460 5460
882 CONNECTION 227 6 300 5220 7320 7320
883 CONNECTION 227 247 300 4500 6600 6600
884 CONNECTION 227 83 300 4560 6660 6660
885 CONNECTION 227 120 300 7020 9120 9120
886 CONNECTION 227 139 300 5760 7860 7860
887 CONNECTION 227 63 300 6300 8400 8400
888 CONNECTION 4 282 -1 -1 3780 3780
889 CONNECTION 4 62 -1 -1 4980 4980
890 CONNECTION 4 43 -1 -1 4980 4980
891 CONNECTION 4 101 300 4080 6180 6180
892 CONNECTION 4 158 300 4680 6780 6780
893 CONNECTION 4 177 300 5280 7380 7380
894 CONNECTION 4 248 300 6480 8580 8580
895 CONNECTION 4 230 300 6480 8580 8580
896 CONNECTION 4 284 300 7680 9780 9780
897 CONNECTION 299 282 -1 -1 3780 3780
898 CONNECTION 299 62 -1 -1 4980 4980
899 CONNECTION 299 43 -1 -1 4980 4980
900 CONNECTION 299 101 300 4080 6180 6180
901 CONNECTION 299 158 300 4680 6780 6780
902 CONNECTION 299 177 300 5280 7380 7380
903 CONNECTION 299 248 300 6480 8580 8580
904 CONNECTION 299 230 300 6480 8580 8580
905 CONNECTION 299 284 300 7680 9780 9780
906 CONNECTION 99 100 -1 -1 1500 1500
907 CONNECTION 99 5 -1 -1 2160 2160
908 CONNECTION 99 212 -1 -1 4080 4080
909 CONNECTION 99 176 -1 -1 2700 2700
910 CONNECTION 99 266 -1 -1 5280 5280
911 CONNECTION 99 229 -1 -1 3900 3900
912 CONNECTION 99 119 -1 -1 3960 3960
913 CONNECTION 99 26 300 4380 6480 6480
914 CONNECTION 99 283 300 3000 5100 5100
915 CONNECTION 99 195 300 3660 5760 5760
916 CONNECTION 99 84 300 5580 7680 7680
917 CONNECTION 99 44 300 4200 6300 6300
918 CONNECTION 99 140 300 6780 8880 8880
919 CONNECTION 99 102 300 5400 7500 7500
920 CONNECTION 99 7 300 5460 7560 7560
921 CONNECTION 99 214 300 7980 10080 10080
922 SINK 99 0 -1 -1 0 0
923 CONNECTION 81 82 -1 -1 3120 3120
924 CONNECTION 81 138 -1 -1 4320 4320
925 CONNECTION 81 100 -1 -1 2940 2940
926 CONNECTION 81 5 -1 -1 3600 3600
927 CONNECTION 81 212 -1 -1 5520 5520
928 CONNECTION 81 176 -1 -1 4140 4140
929 CONNECTION 81 266 300 4620 6720 6720
930 CONNECTION 81 229 300 3240 5340 5340
931 CONNECTION 81 119 300 3300 5400 5400
932 CONNECTION 81 26 300 5820 7920 7920
933 CONNECTION 81 283 300 4440 6540 6540
934 CONNECTION 81 195 300 5100 7200 7200
935 CONNECTION 81 84 300 7020 9120 9120
936 CONNECTION 81 44 300 5640 7740 7740
937 SINK 81 0 -1 -1 0 0
938 CONNECTION 117 118 -1 -1 3060 3060
939 CONNECTION 117 61 -1 -1 2340 2340
940 CONNECTION 117 211 -1 -1 2400 2400
941 CONNECTION 117 194 -1 -1 4860 4860
942 CONNECTION 117 265 -1 -1 3600 3600
943 CONNECTION 117 157 -1 -1 4140 4140
944 CONNECTION 117 25 300 2700 4800 4800
945 CONNECTION 117 6 300 4560 6660 6660
946 CONNECTION 117 247 300 3840 5940 5940
947 CONNECTION 117 83 300 3900 6000 6000
948 CONNECTION 117 120 300 6360 8460 8460
949 CONNECTION 117 139 300 5100 7200 7200
950 CONNECTION 117 63 300 5640 7740 7740
951 CONNECTION 117 213 300 6300 8400 8400
952 CONNECTION 24 62 -1 -1 4320 4320
953 CONNECTION 24 43 -1 -1 4320 4320
954 CONNECTION 24 101 -1 -1 5520 5520
955 CONNECTION 24 158 300 4020 6120 6120
956 CONNECTION 24 177 300 4620 6720 6720
957 CONNECTION 24 248 300 5820 7920 7920
958 CONNECTION 24 230 300 5820 7920 7920
959 CONNECTION 24 284 300 7020 9120 9120
960 CONNECTION 24 64 300 7620 9720 9720
961 CONNECTION 245 138 -1 -1 3780 3780
962 CONNECTION 245 100 -1 -1 2400 2400
963 CONNECTION 245 5 -1 -1 3060 3060
964 CONNECTION 245 212 -1 -1 4980 4980
965 CONNECTION 245 176 -1 -1 3600 3600
966 CONNECTION 245 266 300 4080 6180 6180
967 CONNECTION 245 229 300 2700 4800 4800
968 CONNECTION 245 119 300 2760 4860 4860
969 CONNECTION 245 26 300 5280 7380 7380
970 CONNECTION 245 283 300 3900 6000 6000
971 CONNECTION 245 195 300 4560 6660 6660
972 CONNECTION 245 84 300 6480 8580 8580
973 CONNECTION 245 44 300 5100 7200 7200
974 CONNECTION 245 140 300 7680 9780 9780
975 CONNECTION 245 102 300 6300 8400 8400
976 CONNECTION 245 7 300 6360 8460 8460
977 SINK 245 0 -1 -1 0 0
978 CONNECTION 281 194 -1 -1 4320 4320
979 CONNECTION 281 265 -1 -1 3060 3060
980 CONNECTION 281 157 -1 -1 3600 3600
981 CONNECTION 281 25 -1 -1 4260 4260
982 CONNECTION 281 6 300 4020 6120 6120
983 CONNECTION 281 247 300 3300 5400 5400
984 CONNECTION 281 83 300 3360 5460 5460
985 CONNECTION 281 120 300 5820 7920 7920
986 CONNECTION 281 139 300 4560 6660 6660
987 CONNECTION 281 63 300 5100 7200 7200
988 CONNECTION 281 213 300 5760 7860 7860
989 CONNECTION 281 196 300 7620 9720 9720
990 CONNECTION 156 157 -1 -1 1500 1500
991 CONNECTION 156 25 -1 -1 2160 2160
992 CONNECTION 156 6 -1 -1 4020 4020
993 CONNECTION 156 247 -1 -1 3300 3300
994 CONNECTION 156 83 -1 -1 3360 3360
995 CONNECTION 156 120 -1 -1 5820 5820
996 CONNECTION 156 139 300 2460 4560 4560
997 CONNECTION 156 63 300 3000 5100 5100
998 CONNECTION 156 213 300 3660 5760 5760
999 CONNECTION 156 196 300 5520 7620 7620
1000 CONNECTION 156 159 300 4800 6900 6900
1001 CONNECTION 156 267 300 4860 6960 6960
1002 CONNECTION 156 8 300 7320 9420 9420
1003 CONNECTION 156 27 300 6060 8160 8160
1004 CONNECTION 175 176 -1 -1 1500 1500
1005 CONNECTION 175 266 -1 -1 4080 4080
1006 CONNECTION 175 229 -1 -1 2700 2700
1007 CONNECTION 175 119 -1 -1 2760 2760
1008 CONNECTION 175 26 -1 -1 5280 5280
1009 CONNECTION 175 283 -1 -1 3900 3900
1010 CONNECTION 175 195 300 2460 4560 4560
1011 CONNECTION 175 84 300 4380 6480 6480
1012 CONNECTION 175 44 300 3000 5100 5100
1013 CONNECTION 175 140 300 5580 7680 7680
1014 CONNECTION 175 102 300 4200 6300 6300
1015 CONNECTION 175 7 300 4260 6360 6360
1016 CONNECTION 175 214 300 6780 8880 8880
1017 CONNECTION 175 178 300 5400 7500 7500
1018 CONNECTION 175 121 300 6060 8160 8160
1019 CONNECTION 175 268 300 7980 10080 10080
1020 SINK 175 0 -1 -1 0 0
1021 CONNECTION 137 138 -1 -1 3120 3120
1022 CONNECTION 137 5 -1 -1 2400 2400
1023 CONNECTION 137 212 -1 -1 4320 4320
1024 CONNECTION 137 176 -1 -1 2940 2940
1025 CONNECTION 137 266 -1 -1 5520 5520
1026 CONNECTION 137 229 -1 -1 4140 4140
1027 CONNECTION 137 119 -1 -1 4200 4200
1028 CONNECTION 137 26 300 4620 6720 6720
1029 CONNECTION 137 283 300 3240 5340 5340
1030 CONNECTION 137 195 300 3900 6000 6000
1031 CONNECTION 137 84 300 5820 7920 7920
1032 CONNECTION 137 44 300 4440 6540 6540
1033 CONNECTION 137 140 300 7020 9120 9120
1034 CONNECTION 137 102 300 5640 7740 7740
1035 CONNECTION 137 7 300 5700 7800 7800
1036 SINK 137 0 -1 -1 0 0
1037 CONNECTION 118 101 -1 -1 4380 4380
1038 CONNECTION 118 158 -1 -1 4980 4980
1039 CONNECTION 118 177 -1 -1 5580 5580
1040 CONNECTION 118 248 300 4680 6780 6780
1041 CONNECTION 118 230 300 4680 6780 6780
1042 CONNECTION 118 284 300 5880 7980 7980
1043 CONNECTION 118 64 300 6480 8580 8580
1044 CONNECTION 118 45 300 7080 9180 9180
1045 CONNECTION 82 101 -1 -1 4320 4320
1046 CONNECTION 82 158 -1 -1 4920 4920
1047 CONNECTION 82 177 -1 -1 5520 5520
1048 CONNECTION 82 248 300 4620 6720 6720
1049 CONNECTION 82 230 300 4620 6720 6720
1050 CONNECTION 82 284 300 5820 7920 7920
1051 CONNECTION 82 64 300 6420 8520 8520
1052 CONNECTION 82 45 300 7020 9120 9120
1053 CONNECTION 42 157 -1 -1 2400 2400
1054 CONNECTION 42 25 -1 -1 3060 3060
1055 CONNECTION 42 6 -1 -1 4920 4920
1056 CONNECTION 42 247 -1 -1 4200 4200
1057 CONNECTION 42 83 -1 -1 4260 4260
1058 CONNECTION 42 120 300 4620 6720 6720
1059 CONNECTION 42 139 300 3360 5460 5460
1060 CONNECTION 42 63 300 3900 6000 6000
1061 CONNECTION 42 213 300 4560 6660 6660
1062 CONNECTION 42 196 300 6420 8520 8520
1063 CONNECTION 42 159 300 5700 7800 7800
1064 CONNECTION 42 267 300 5760 7860 7860
1065 CONNECTION 193 194 -1 -1 3060 3060
1066 CONNECTION 193 157 -1 -1 2340 2340
1067 CONNECTION 193 25 -1 -1 3000 3000
1068 CONNECTION 193 6 -1 -1 4860 4860
1069 CONNECTION 193 247 -1 -1 4140 4140
1070 CONNECTION 193 83 -1 -1 4200 4200
1071 CONNECTION 193 120 300 4560 6660 6660
1072 CONNECTION 193 139 300 3300 5400 5400
1073 CONNECTION 193 63 300 3840 5940 5940
1074 CONNECTION 193 213 300 4500 6600 6600
1075 CONNECTION 193 196 300 6360 8460 8460
1076 CONNECTION 193 159 300 5640 7740 7740
1077 CONNECTION 193 267 300 5700 7800 7800
1078 CONNECTION 61 266 -1 -1 4380 4380
1079 CONNECTION 61 229 -1 -1 3000 3000
1080 CONNECTION 61 119 -1 -1 3060 3060
1081 CONNECTION 61 26 -1 -1 5580 5580
1082 CONNECTION 61 283 -1 -1 4200 4200
1083 CONNECTION 61 195 300 2760 4860 4860
1084 CONNECTION 61 84 300 4680 6780 6780
1085 CONNECTION 61 44 300 3300 5400 5400
1086 CONNECTION 61 140 300 5880 7980 7980
1087 CONNECTION 61 102 300 4500 6600 6600
1088 CONNECTION 61 7 300 4560 6660 6660
1089 CONNECTION 61 214 300 7080 9180 9180
1090 CONNECTION 61 178 300 5700 7800 7800
1091 CONNECTION 61 121 300 6360 8460 8460
1092 SINK 61 0 -1 -1 0 0
1093 CONNECTION 228 229 -1 -1 1500 1500
1094 CONNECTION 228 26 -1 -1 4080 4080
1095 CONNECTION 228 283 -1 -1 2700 2700
1096 CONNECTION 228 195 -1 -1 3360 3360
1097 CONNECTION 228 84 -1 -1 5280 5280
1098 CONNECTION 228 44 -1 -1 3900 3900
1099 CONNECTION 228 140 300 4380 6480 6480
1100 CONNECTION 228 102 300 3000 5100 5100
1101 CONNECTION 228 7 300 3060 5160 5160
1102 CONNECTION 228 214 300 5580 7680 7680
1103 CONNECTION 228 178 300 4200 6300 6300
1104 CONNECTION 228 121 300 4860 6960 6960
1105 CONNECTION 228 268 300 6780 8880 8880
1106 CONNECTION 228 231 300 5400 7500 7500
1107 CONNECTION 228 28 300 7980 10080 10080
1108 SINK 228 0 -1 -1 0 0
1109 CONNECTION 211 212 -1 -1 3120 3120
1110 CONNECTION 211 266 -1 -1 4320 4320
1111 CONNECTION 211 229 -1 -1 2940 2940
1112 CONNECTION 211 119 -1 -1 3000 3000
1113 CONNECTION 211 26 -1 -1 5520 5520
1114 CONNECTION 211 283 -1 -1 4140 4140
1115 CONNECTION 211 195 300 2700 4800 4800
1116 CONNECTION 211 84 300 4620 6720 6720
1117 CONNECTION 211 44 300 3240 5340 5340
1118 CONNECTION 211 140 300 5820 7920 7920
1119 CONNECTION 211 102 300 4440 6540 6540
1120 CONNECTION 211 7 300 4500 6600 6600
1121 CONNECTION 211 214 300 7020 9120 9120
1122 CONNECTION 211 178 300 5640 7740 7740
1123 CONNECTION 211 121 300 6300 8400 8400
1124 SINK 211 0 -1 -1 0 0
1125 CONNECTION 138 158 -1 -1 3720 3720
1126 CONNECTION 138 177 -1 -1 4320 4320
1127 CONNECTION 138 248 -1 -1 5520 5520
1128 CONNECTION 138 230 -1 -1 5520 5520
1129 CONNECTION 138 284 300 4620 6720 6720
1130 CONNECTION 138 64 300 5220 7320 7320
1131 CONNECTION 138 45 300 5820 7920 7920
1132 CONNECTION 138 160 300 7020 9120 9120
1133 CONNECTION 138 103 300 7020 9120 9120
1134 CONNECTION 246 247 -1 -1 1500 1500
1135 CONNECTION 246 120 -1 -1 4020 4020
1136 CONNECTION 246 139 -1 -1 2760 2760
1137 CONNECTION 246 63 -1 -1 3300 3300
1138 CONNECTION 246 213 -1 -1 3960 3960
1139 CONNECTION 246 196 -1 -1 5820 5820
1140 CONNECTION 246 159 300 3000 5100 5100
1141 CONNECTION 246 267 300 3060 5160 5160
1142 CONNECTION 246 8 300 5520 7620 7620
1143 CONNECTION 246 27 300 4260 6360 6360
1144 CONNECTION 246 249 300 4800 6900 6900
1145 CONNECTION 246 85 300 5460 7560 7560
1146 CONNECTION 246 122 300 7320 9420 9420
1147 CONNECTION 100 6 -1 -1 3720 3720
1148 CONNECTION 100 247 -1 -1 3000 3000
1149 CONNECTION 100 83 -1 -1 3060 3060
1150 CONNECTION 100 120 -1 -1 5520 5520
1151 CONNECTION 100 139 -1 -1 4260 4260
1152 CONNECTION 100 63 300 2700 4800 4800
1153 CONNECTION 100 213 300 3360 5460 5460
1154 CONNECTION 100 196 300 5220 7320 7320
1155 CONNECTION 100 159 300 4500 6600 6600
1156 CONNECTION 100 267 300 4560 6660 6660
1157 CONNECTION 100 8 300 7020 9120 9120
1158 CONNECTION 100 27 300 5760 7860 7860
1159 CONNECTION 100 249 300 6300 8400 8400
1160 CONNECTION 194 177 -1 -1 3780 3780
1161 CONNECTION 194 248 -1 -1 4980 4980
1162 CONNECTION 194 230 -1 -1 4980 4980
1163 CONNECTION 194 284 300 4080 6180 6180
1164 CONNECTION 194 64 300 4680 6780 6780
1165 CONNECTION 194 45 300 5280 7380 7380
1166 CONNECTION 194 160 300 6480 8580 8580
1167 CONNECTION 194 103 300 6480 8580 8580
1168 CONNECTION 194 179 300 7680 9780 9780
1169 CONNECTION 282 283 -1 -1 1500 1500
1170 CONNECTION 282 195 -1 -1 2160 2160
1171 CONNECTION 282 84 -1 -1 4080 4080
1172 CONNECTION 282 44 -1 -1 2700 2700
1173 CONNECTION 282 140 -1 -1 5280 5280
1174 CONNECTION 282 102 -1 -1 3900 3900
1175 CONNECTION 282 7 -1 -1 3960 3960
1176 CONNECTION 282 214 300 4380 6480 6480
1177 CONNECTION 282 178 300 3000 5100 5100
1178 CONNECTION 282 121 300 3660 5760 5760
1179 CONNECTION 282 268 300 5580 7680 7680
1180 CONNECTION 282 231 300 4200 6300 6300
1181 CONNECTION 282 28 300 6780 8880 8880
1182 CONNECTION 282 285 300 5400 7500 7500
1183 CONNECTION 282 197 300 5460 7560 7560
1184 CONNECTION 282 86 300 7980 10080 10080
1185 SINK 282 0 -1 -1 0 0
1186 CONNECTION 5 6 -1 -1 3060 3060
1187 CONNECTION 5 247 -1 -1 2340 2340
1188 CONNECTION 5 83 -1 -1 2400 2400
1189 CONNECTION 5 120 -1 -1 4860 4860
1190 CONNECTION 5 139 -1 -1 3600 3600
1191 CONNECTION 5 63 -1 -1 4140 4140
1192 CONNECTION 5 213 300 2700 4800 4800
1193 CONNECTION 5 196 300 4560 6660 6660
1194 CONNECTION 5 159 300 3840 5940 5940
1195 CONNECTION 5 267 300 3900 6000 6000
1196 CONNECTION 5 8 300 6360 8460 8460
1197 CONNECTION 5 27 300 5100 7200 7200
1198 CONNECTION 5 249 300 5640 7740 7740
1199 CONNECTION 5 85 300 6300 8400 8400
1200 CONNECTION 265 266 -1 -1 3120 3120
1201 CONNECTION 265 26 -1 -1 4320 4320
1202 CONNECTION 265 283 -1 -1 2940 2940
1203 CONNECTION 265 195 -1 -1 3600 3600
1204 CONNECTION 265 84 -1 -1 5520 5520
1205 CONNECTION 265 44 -1 -1 4140 4140
1206 CONNECTION 265 140 300 4620 6720 6720
1207 CONNECTION 265 102 300 3240 5340 5340
1208 CONNECTION 265 7 300 3300 5400 5400
1209 CONNECTION 265 214 300 5820 7920 7920
1210 CONNECTION 265 178 300 4440 6540 6540
1211 CONNECTION 265 121 300 5100 7200 7200
1212 CONNECTION 265 268 300 7020 9120 9120
1213 CONNECTION 265 231 300 5640 7740 7740
1214 SINK 265 0 -1 -1 0 0
1215 CONNECTION 212 248 -1 -1 4320 4320
1216 CONNECTION 212 230 -1 -1 4320 4320
1217 CONNECTION 212 284 -1 -1 5520 5520
1218 CONNECTION 212 64 300 4020 6120 6120
1219 CONNECTION 212 45 300 4620 6720 6720
1220 CONNECTION 212 160 300 5820 7920 7920
1221 CONNECTION 212 103 300 5820 7920 7920
1222 CONNECTION 212 179 300 7020 9120 9120
1223 CONNECTION 212 250 300 7620 9720 9720
1224 CONNECTION 157 26 -1 -1 3780 3780
1225 CONNECTION 157 283 -1 -1 2400 2400
1226 CONNECTION 157 195 -1 -1 3060 3060
1227 CONNECTION 157 84 -1 -1 4980 4980
1228 CONNECTION 157 44 -1 -1 3600 3600
1229 CONNECTION 157 140 300 4080 6180 6180
1230 CONNECTION 157 102 300 2700 4800 4800
1231 CONNECTION 157 7 300 2760 4860 4860
1232 CONNECTION 157 214 300 5280 7380 7380
1233 CONNECTION 157 178 300 3900 6000 6000
1234 CONNECTION 157 121 300 4560 6660 6660
1235 CONNECTION 157 268 300 6480 8580 8580
1236 CONNECTION 157 231 300 5100 7200 7200
1237 CONNECTION 157 28 300 7680 9780 9780
1238 CONNECTION 157 285 300 6300 8400 8400
1239 CONNECTION 157 197 300 6360 8460 8460
1240 SINK 157 0 -1 -1 0 0
1241 CONNECTION 176 120 -1 -1 4320 4320
1242 CONNECTION 176 139 -1 -1 3060 3060
1243 CONNECTION 176 63 -1 -1 3600 3600
1244 CONNECTION 176 213 -1 -1 4260 4260
1245 CONNECTION 176 196 300 4020 6120 6120
1246 CONNECTION 176 159 300 3300 5400 5400
1247 CONNECTION 176 267 300 3360 5460 5460
1248 CONNECTION 176 8 300 5820 7920 7920
1249 CONNECTION 176 27 300 4560 6660 6660
1250 CONNECTION 176 249 300 5100 7200 7200
1251 CONNECTION 176 85 300 5760 7860 7860
1252 CONNECTION 176 122 300 7620 9720 9720
1253 CONNECTION 62 63 -1 -1 1500 1500
1254 CONNECTION 62 213 -1 -1 2160 2160
1255 CONNECTION 62 196 -1 -1 4020 4020
1256 CONNECTION 62 159 -1 -1 3300 3300
1257 CONNECTION 62 267 -1 -1 3360 3360
1258 CONNECTION 62 8 -1 -1 5820 5820
1259 CONNECTION 62 27 300 2460 4560 4560
1260 CONNECTION 62 249 300 3000 5100 5100
1261 CONNECTION 62 85 300 3660 5760 5760
1262 CONNECTION 62 122 300 5520 7620 7620
1263 CONNECTION 62 65 300 4800 6900 6900
1264 CONNECTION 62 141 300 4860 6960 6960
1265 CONNECTION 62 198 300 7320 9420 9420
1266 CONNECTION 62 215 300 6060 8160 8160
1267 CONNECTION 43 44 -1 -1 1500 1500
1268 CONNECTION 43 140 -1 -1 4080 4080
1269 CONNECTION 43 102 -1 -1 2700 2700
1270 CONNECTION 43 7 -1 -1 2760 2760
1271 CONNECTION 43 214 -1 -1 5280 5280
1272 CONNECTION 43 178 -1 -1 3900 3900
1273 CONNECTION 43 121 300 2460 4560 4560
1274 CONNECTION 43 268 300 4380 6480 6480
1275 CONNECTION 43 231 300 3000 5100 5100
1276 CONNECTION 43 28 300 5580 7680 7680
1277 CONNECTION 43 285 300 4200 6300 6300
1278 CONNECTION 43 197 300 4260 6360 6360
1279 CONNECTION 43 86 300 6780 8880 8880
1280 CONNECTION 43 46 300 5400 7500 7500
1281 CONNECTION 43 9 300 6060 8160 8160
1282 CONNECTION 43 142 300 7980 10080 10080
1283 SINK 43 0 -1 -1 0 0
1284 CONNECTION 25 26 -1 -1 3120 3120
1285 CONNECTION 25 195 -1 -1 2400 2400
1286 CONNECTION 25 84 -1 -1 4320 4320
1287 CONNECTION 25 44 -1 -1 2940 2940
1288 CONNECTION 25 140 -1 -1 5520 5520
1289 CONNECTION 25 102 -1 -1 4140 4140
1290 CONNECTION 25 7 -1 -1 4200 4200
1291 CONNECTION 25 214 300 4620 6720 6720
1292 CONNECTION 25 178 300 3240 5340 5340
1293 CONNECTION 25 121 300 3900 6000 6000
1294 CONNECTION 25 268 300 5820 7920 7920
1295 CONNECTION 25 231 300 4440 6540 6540
1296 CONNECTION 25 28 300 7020 9120 9120
1297 CONNECTION 25 285 300 5640 7740 7740
1298 CONNECTION 25 197 300 5700 7800 7800
1299 SINK 25 0 -1 -1 0 0
1300 CONNECTION 6 284 -1 -1 4380 4380
1301 CONNECTION 6 64 -1 -1 4980 4980
1302 CONNECTION 6 45 -1 -1 5580 5580
1303 CONNECTION 6 160 300 4680 6780 6780
1304 CONNECTION 6 103 300 4680 6780 6780
1305 CONNECTION 6 179 300 5880 7980 7980
1306 CONNECTION 6 250 300 6480 8580 8580
1307 CONNECTION 6 232 300 7080 9180 9180
1308 CONNECTION 266 284 -1 -1 4320 4320
1309 CONNECTION 266 64 -1 -1 4920 4920
1310 CONNECTION 266 45 -1 -1 5520 5520
1311 CONNECTION 266 160 300 4620 6720 6720
1312 CONNECTION 266 103 300 4620 6720 6720
1313 CONNECTION 266 179 300 5820 7920 7920
1314 CONNECTION 266 250 300 6420 8520 8520
1315 CONNECTION 266 232 300 7020 9120 9120
1316 CONNECTION 229 63 -1 -1 2400 2400
1317 CONNECTION 229 213 -1 -1 3060 3060
1318 CONNECTION 229 196 -1 -1 4920 4920
1319 CONNECTION 229 159 -1 -1 4200 4200
1320 CONNECTION 229 267 -1 -1 4260 4260
1321 CONNECTION 229 8 300 4620 6720 6720
1322 CONNECTION 229 27 300 3360 5460 5460
1323 CONNECTION 229 249 300 3900 6000 6000
1324 CONNECTION 229 85 300 4560 6660 6660
1325 CONNECTION 229 122 300 6420 8520 8520
1326 CONNECTION 229 65 300 5700 7800 7800
1327 CONNECTION 229 141 300 5760 7860 7860
1328 CONNECTION 119 120 -1 -1 3060 3060
1329 CONNECTION 119 63 -1 -1 2340 2340
1330 CONNECTION 119 213 -1 -1 3000 3000
1331 CONNECTION 119 196 -1 -1 4860 4860
1332 CONNECTION 119 159 -1 -1 4140 4140
1333 CONNECTION 119 267 -1 -1 4200 4200
1334 CONNECTION 119 8 300 4560 6660 6660
1335 CONNECTION 119 27 300 3300 5400 5400
1336 CONNECTION 119 249 300 3840 5940 5940
1337 CONNECTION 119 85 300 4500 6600 6600
1338 CONNECTION 119 122 300 6360 8460 8460
1339 CONNECTION 119 65 300 5640 7740 7740
1340 CONNECTION 119 141 300 5700 7800 7800
1341 CONNECTION 101 102 -1 -1 1500 1500
1342 CONNECTION 101 214 -1 -1 4080 4080
1343 CONNECTION 101 178 -1 -1 2700 2700
1344 CONNECTION 101 121 -1 -1 3360 3360
1345 CONNECTION 101 268 -1 -1 5280 5280
1346 CONNECTION 101 231 -1 -1 3900 3900
1347 CONNECTION 101 28 300 4380 6480 6480
1348 CONNECTION 101 285 300 3000 5100 5100
1349 CONNECTION 101 197 300 3060 5160 5160
1350 CONNECTION 101 86 300 5580 7680 7680
1351 CONNECTION 101 46 300 4200 6300 6300
1352 CONNECTION 101 9 300 4860 6960 6960
1353 CONNECTION 101 142 300 6780 8880 8880
1354 CONNECTION 101 104 300 5400 7500 7500
1355 CONNECTION 101 216 300 7980 10080 10080
1356 SINK 101 0 -1 -1 0 0
1357 CONNECTION 247 140 -1 -1 4380 4380
1358 CONNECTION 247 102 -1 -1 3000 3000
1359 CONNECTION 247 7 -1 -1 3060 3060
1360 CONNECTION 247 214 -1 -1 5580 5580
1361 CONNECTION 247 178 -1 -1 4200 4200
1362 CONNECTION 247 121 300 2760 4860 4860
1363 CONNECTION 247 268 300 4680 6780 6780
1364 CONNECTION 247 231 300 3300 5400 5400
1365 CONNECTION 247 28 300 5880 7980 7980
1366 CONNECTION 247 285 300 4500 6600 6600
1367 CONNECTION 247 197 300 4560 6660 6660
1368 CONNECTION 247 86 300 7080 9180 9180
1369 CONNECTION 247 46 300 5700 7800 7800
1370 CONNECTION 247 9 300 6360 8460 8460
1371 SINK 247 0 -1 -1 0 0
1372 CONNECTION 83 84 -1 -1 3120 3120
1373 CONNECTION 83 140 -1 -1 4320 4320
1374 CONNECTION 83 102 -1 -1 2940 2940
1375 CONNECTION 83 7 -1 -1 3000 3000
1376 CONNECTION 83 214 -1 -1 5520 5520
1377 CONNECTION 83 178 -1 -1 4140 4140
1378 CONNECTION 83 121 300 2700 4800 4800
1379 CONNECTION 83 268 300 4620 6720 6720
1380 CONNECTION 83 231 300 3240 5340 5340
1381 CONNECTION 83 28 300 5820 7920 7920
1382 CONNECTION 83 285 300 4440 6540 6540
1383 CONNECTION 83 197 300 4500 6600 6600
1384 CONNECTION 83 86 300 7020 9120 9120
1385 CONNECTION 83 46 300 5640 7740 7740
1386 CONNECTION 83 9 300 6300 8400 8400
1387 SINK 83 0 -1 -1 0 0
1388 CONNECTION 26 64 -1 -1 3720 3720
1389 CONNECTION 26 45 -1 -1 4320 4320
1390 CONNECTION 26 160 -1 -1 5520 5520
1391 CONNECTION 26 103 -1 -1 5520 5520
1392 CONNECTION 26 179 300 4620 6720 6720
1393 CONNECTION 26 250 300 5220 7320 7320
1394 CONNECTION 26 232 300 5820 7920 7920
1395 CONNECTION 26 66 300 7020 9120 9120
1396 CONNECTION 26 286 300 7020 9120 9120
1397 CONNECTION 158 159 -1 -1 1500 1500
1398 CONNECTION 158 8 -1 -1 4020 4020
1399 CONNECTION 158 27 -1 -1 2760 2760
1400 CONNECTION 158 249 -1 -1 3300 3300
1401 CONNECTION 158 85 -1 -1 3960 3960
1402 CONNECTION 158 122 -1 -1 5820 5820
1403 CONNECTION 158 65 300 3000 5100 5100
1404 CONNECTION 158 141 300 3060 5160 5160
1405 CONNECTION 158 198 300 5520 7620 7620
1406 CONNECTION 158 215 300 4260 6360 6360
1407 CONNECTION 158 161 300 4800 6900 6900
1408 CONNECTION 158 269 300 5460 7560 7560
1409 CONNECTION 158 10 300 7320 9420 9420
1410 CONNECTION 283 196 -1 -1 3720 3720
1411 CONNECTION 283 159 -1 -1 3000 3000
1412 CONNECTION 283 267 -1 -1 3060 3060
1413 CONNECTION 283 8 -1 -1 5520 5520
1414 CONNECTION 283 27 -1 -1 4260 4260
1415 CONNECTION 283 249 300 2700 4800 4800
1416 CONNECTION 283 85 300 3360 5460 5460
1417 CONNECTION 283 122 300 5220 7320 7320
1418 CONNECTION 283 65 300 4500 6600 6600
1419 CONNECTION 283 141 300 4560 6660 6660
1420 CONNECTION 283 198 300 7020 9120 9120
1421 CONNECTION 283 215 300 5760 7860 7860
1422 CONNECTION 283 161 300 6300 8400 8400
1423 CONNECTION 120 45 -1 -1 3780 3780
1424 CONNECTION 120 160 -1 -1 4980 4980
1425 CONNECTION 120 103 -1 -1 4980 4980
1426 CONNECTION 120 179 300 4080 6180 6180
1427 CONNECTION 120 250 300 4680 6780 6780
1428 CONNECTION 120 232 300 5280 7380 7380
1429 CONNECTION 120 66 300 6480 8580 8580
1430 CONNECTION 120 286 300 6480 8580 8580
1431 CONNECTION 120 47 300 7680 9780 9780
1432 CONNECTION 177 178 -1 -1 1500 1500
1433 CONNECTION 177 121 -1 -1 2160 2160
1434 CONNECTION 177 268 -1 -1 4080 4080
1435 CONNECTION 177 231 -1 -1 2700 2700
1436 CONNECTION 177 28 -1 -1 5280 5280
1437 CONNECTION 177 285 -1 -1 3900 3900
1438 CONNECTION 177 197 -1 -1 3960 3960
1439 CONNECTION 177 86 300 4380 6480 6480
1440 CONNECTION 177 46 300 3000 5100 5100
1441 CONNECTION 177 9 300 3660 5760 5760
1442 CONNECTION 177 142 300 5580 7680 7680
1443 CONNECTION 177 104 300 4200 6300 6300
1444 CONNECTION 177 216 300 6780 8880 8880
1445 CONNECTION 177 180 300 5400 7500 7500
1446 CONNECTION 177 123 300 5460 7560 7560
1447 CONNECTION 177 270 300 7980 10080 10080
1448 SINK 177 0 -1 -1 0 0
1449 CONNECTION 139 140 -1 -1 3120 3120
1450 CONNECTION 139 214 -1 -1 4320 4320
1451 CONNECTION 139 178 -1 -1 2940 2940
1452 CONNECTION 139 121 -1 -1 3600 3600
1453 CONNECTION 139 268 -1 -1 5520 5520
1454 CONNECTION 139 231 -1 -1 4140 4140
1455 CONNECTION 139 28 300 4620 6720 6720
1456 CONNECTION 139 285 300 3240 5340 5340
1457 CONNECTION 139 197 300 3300 5400 5400
1458 CONNECTION 139 86 300 5820 7920 7920
1459 CONNECTION 139 46 300 4440 6540 6540
1460 CONNECTION 139 9 300 5100 7200 7200
1461 CONNECTION 139 142 300 7020 9120 9120
1462 CONNECTION 139 104 300 5640 7740 7740
1463 SINK 139 0 -1 -1 0 0
1464 CONNECTION 195 196 -1 -1 3060 3060
1465 CONNECTION 195 159 -1 -1 2340 2340
1466 CONNECTION 195 267 -1 -1 2400 2400
1467 CONNECTION 195 8 -1 -1 4860 4860
1468 CONNECTION 195 27 -1 -1 3600 3600
1469 CONNECTION 195 249 -1 -1 4140 4140
1470 CONNECTION 195 85 300 2700 4800 4800
1471 CONNECTION 195 122 300 4560 6660 6660
1472 CONNECTION 195 65 300 3840 5940 5940
1473 CONNECTION 195 141 300 3900 6000 6000
1474 CONNECTION 195 198 300 6360 8460 8460
1475 CONNECTION 195 215 300 5100 7200 7200
1476 CONNECTION 195 161 300 5640 7740 7740
1477 CONNECTION 195 269 300 6300 8400 8400
1478 CONNECTION 84 160 -1 -1 4320 4320
1479 CONNECTION 84 103 -1 -1 4320 4320
1480 CONNECTION 84 179 -1 -1 5520 5520
1481 CONNECTION 84 250 300 4020 6120 6120
1482 CONNECTION 84 232 300 4620 6720 6720
1483 CONNECTION 84 66 300 5820 7920 7920
1484 CONNECTION 84 286 300 5820 7920 7920
1485 CONNECTION 84 47 300 7020 9120 9120
1486 CONNECTION 84 162 300 7620 9720 9720
1487 CONNECTION 44 8 -1 -1 4320 4320
1488 CONNECTION 44 27 -1 -1 3060 3060
1489 CONNECTION 44 249 -1 -1 3600 3600
1490 CONNECTION 44 85 -1 -1 4260 4260
1491 CONNECTION 44 122 300 4020 6120 6120
1492 CONNECTION 44 65 300 3300 5400 5400
1493 CONNECTION 44 141 300 3360 5460 5460
1494 CONNECTION 44 198 300 5820 7920 7920
1495 CONNECTION 44 215 300 4560 6660 6660
1496 CONNECTION 44 161 300 5100 7200 7200
1497 CONNECTION 44 269 300 5760 7860 7860
1498 CONNECTION 44 10 300 7620 9720 9720
1499 CONNECTION 63 214 -1 -1 3780 3780
1500 CONNECTION 63 178 -1 -1 2400 2400
1501 CONNECTION 63 121 -1 -1 3060 3060
1502 CONNECTION 63 268 -1 -1 4980 4980
1503 CONNECTION 63 231 -1 -1 3600 3600
1504 CONNECTION 63 28 300 4080 6180 6180
1505 CONNECTION 63 285 300 2700 4800 4800
1506 CONNECTION 63 197 300 2760 4860 4860
1507 CONNECTION 63 86 300 5280 7380 7380
1508 CONNECTION 63 46 300 3900 6000 6000
1509 CONNECTION 63 9 300 4560 6660 6660
1510 CONNECTION 63 142 300 6480 8580 8580
1511 CONNECTION 63 104 300 5100 7200 7200
1512 CONNECTION 63 216 300 7680 9780 9780
1513 CONNECTION 63 180 300 6300 8400 8400
1514 CONNECTION 63 123 300 6360 8460 8460
1515 SINK 63 0 -1 -1 0 0
1516 CONNECTION 248 249 -1 -1 1500 1500
1517 CONNECTION 248 85 -1 -1 2160 2160
1518 CONNECTION 248 122 -1 -1 4020 4020
1519 CONNECTION 248 65 -1 -1 3300 3300
1520 CONNECTION 248 141 -1 -1 3360 3360
1521 CONNECTION 248 198 -1 -1 5820 5820
1522 CONNECTION 248 215 300 2460 4560 4560
1523 CONNECTION 248 161 300 3000 5100 5100
1524 CONNECTION 248 269 300 3660 5760 5760
1525 CONNECTION 248 10 300 5520 7620 7620
1526 CONNECTION 248 251 300 4800 6900 6900
1527 CONNECTION 248 29 300 4860 6960 6960
1528 CONNECTION 248 124 300 7320 9420 9420
1529 CONNECTION 248 87 300 6060 8160 8160
1530 CONNECTION 230 231 -1 -1 1500 1500
1531 CONNECTION 230 28 -1 -1 4080 4080
1532 CONNECTION 230 285 -1 -1 2700 2700
1533 CONNECTION 230 197 -1 -1 2760 2760
1534 CONNECTION 230 86 -1 -1 5280 5280
1535 CONNECTION 230 46 -1 -1 3900 3900
1536 CONNECTION 230 9 300 2460 4560 4560
1537 CONNECTION 230 142 300 4380 6480 6480
1538 CONNECTION 230 104 300 3000 5100 5100
1539 CONNECTION 230 216 300 5580 7680 7680
1540 CONNECTION 230 180 300 4200 6300 6300
1541 CONNECTION 230 123 300 4260 6360 6360
1542 CONNECTION 230 270 300 6780 8880 8880
1543 CONNECTION 230 233 300 5400 7500 7500
1544 CONNECTION 230 199 300 6060 8160 8160
1545 CONNECTION 230 30 300 7980 10080 10080
1546 SINK 230 0 -1 -1 0 0
1547 CONNECTION 213 214 -1 -1 3120 3120
1548 CONNECTION 213 121 -1 -1 2400 2400
1549 CONNECTION 213 268 -1 -1 4320 4320
1550 CONNECTION 213 231 -1 -1 2940 2940
1551 CONNECTION 213 28 -1 -1 5520 5520
1552 CONNECTION 213 285 -1 -1 4140 4140
1553 CONNECTION 213 197 -1 -1 4200 4200
1554 CONNECTION 213 86 300 4620 6720 6720
1555 CONNECTION 213 46 300 3240 5340 5340
1556 CONNECTION 213 9 300 3900 6000 6000
1557 CONNECTION 213 142 300 5820 7920 7920
1558 CONNECTION 213 104 300 4440 6540 6540
1559 CONNECTION 213 216 300 7020 9120 9120
1560 CONNECTION 213 180 300 5640 7740 7740
1561 CONNECTION 213 123 300 5700 7800 7800
1562 SINK 213 0 -1 -1 0 0
1563 CONNECTION 196 179 -1 -1 4380 4380
1564 CONNECTION 196 250 -1 -1 4980 4980
1565 CONNECTION 196 232 -1 -1 5580 5580
1566 CONNECTION 196 66 300 4680 6780 6780
1567 CONNECTION 196 286 300 4680 6780 6780
1568 CONNECTION 196 47 300 5880 7980 7980
1569 CONNECTION 196 162 300 6480 8580 8580
1570 CONNECTION 196 105 300 7080 9180 9180
1571 CONNECTION 140 179 -1 -1 4320 4320
1572 CONNECTION 140 250 -1 -1 4920 4920
1573 CONNECTION 140 232 -1 -1 5520 5520
1574 CONNECTION 140 66 300 4620 6720 6720
1575 CONNECTION 140 286 300 4620 6720 6720
1576 CONNECTION 140 47 300 5820 7920 7920
1577 CONNECTION 140 162 300 6420 8520 8520
1578 CONNECTION 140 105 300 7020 9120 9120
1579 CONNECTION 102 249 -1 -1 2400 2400
1580 CONNECTION 102 85 -1 -1 3060 3060
1581 CONNECTION 102 122 -1 -1 4920 4920
1582 CONNECTION 102 65 -1 -1 4200 4200
1583 CONNECTION 102 141 -1 -1 4260 4260
1584 CONNECTION 102 198 300 4620 6720 6720
1585 CONNECTION 102 215 300 3360 5460 5460
1586 CONNECTION 102 161 300 3900 6000 6000
1587 CONNECTION 102 269 300 4560 6660 6660
1588 CONNECTION 102 10 300 6420 8520 8520
1589 CONNECTION 102 251 300 5700 7800 7800
1590 CONNECTION 102 29 300 5760 7860 7860
1591 CONNECTION 7 8 -1 -1 3060 3060
1592 CONNECTION 7 249 -1 -1 2340 2340
1593 CONNECTION 7 85 -1 -1 3000 3000
1594 CONNECTION 7 122 -1 -1 4860 4860
1595 CONNECTION 7 65 -1 -1 4140 4140
1596 CONNECTION 7 141 -1 -1 4200 4200
1597 CONNECTION 7 198 300 4560 6660 6660
1598 CONNECTION 7 215 300 3300 5400 5400
1599 CONNECTION 7 161 300 3840 5940 5940
1600 CONNECTION 7 269 300 4500 6600 6600
1601 CONNECTION 7 10 300 6360 8460 8460
1602 CONNECTION 7 251 300 5640 7740 7740
1603 CONNECTION 7 29 300 5700 7800 7800
1604 CONNECTION 159 28 -1 -1 4380 4380
1605 CONNECTION 159 285 -1 -1 3000 3000
1606 CONNECTION 159 197 -1 -1 3060 3060
1607 CONNECTION 159 86 -1 -1 5580 5580
1608 CONNECTION 159 46 -1 -1 4200 4200
1609 CONNECTION 159 9 300 2760 4860 4860
1610 CONNECTION 159 142 300 4680 6780 6780
1611 CONNECTION 159 104 300 3300 5400 5400
1612 CONNECTION 159 216 300 5880 7980 7980
1613 CONNECTION 159 180 300 4500 6600 6600
1614 CONNECTION 159 123 300 4560 6660 6660
1615 CONNECTION 159 270 300 7080 9180 9180
1616 CONNECTION 159 233 300 5700 7800 7800
1617 CONNECTION 159 199 300 6360 8460 8460
1618 SINK 159 0 -1 -1 0 0
1619 CONNECTION 284 285 -1 -1 1500 1500
1620 CONNECTION 284 86 -1 -1 4080 4080
1621 CONNECTION 284 46 -1 -1 2700 2700
1622 CONNECTION 284 9 -1 -1 3360 3360
1623 CONNECTION 284 142 -1 -1 5280 5280
1624 CONNECTION 284 104 -1 -1 3900 3900
1625 CONNECTION 284 216 300 4380 6480 6480
1626 CONNECTION 284 180 300 3000 5100 5100
1627 CONNECTION 284 123 300 3060 5160 5160
1628 CONNECTION 284 270 300 5580 7680 7680
1629 CONNECTION 284 233 300 4200 6300 6300
1630 CONNECTION 284 199 300 4860 6960 6960
1631 CONNECTION 284 30 300 6780 8880 8880
1632 CONNECTION 284 287 300 5400 7500 7500
1633 CONNECTION 284 88 300 7980 10080 10080
1634 SINK 284 0 -1 -1 0 0
1635 CONNECTION 267 268 -1 -1 3120 3120
1636 CONNECTION 267 28 -1 -1 4320 4320
1637 CONNECTION 267 285 -1 -1 2940 2940
1638 CONNECTION 267 197 -1 -1 3000 3000
1639 CONNECTION 267 86 -1 -1 5520 5520
1640 CONNECTION 267 46 -1 -1 4140 4140
1641 CONNECTION 267 9 300 2700 4800 4800
1642 CONNECTION 267 142 300 4620 6720 6720
1643 CONNECTION 267 104 300 3240 5340 5340
1644 CONNECTION 267 216 300 5820 7920 7920
1645 CONNECTION 267 180 300 4440 6540 6540
1646 CONNECTION 267 123 300 4500 6600 6600
1647 CONNECTION 267 270 300 7020 9120 9120
1648 CONNECTION 267 233 300 5640 7740 7740
1649 CONNECTION 267 199 300 6300 8400 8400
1650 SINK 267 0 -1 -1 0 0
1651 CONNECTION 214 250 -1 -1 3720 3720
1652 CONNECTION 214 232 -1 -1 4320 4320
1653 CONNECTION 214 66 -1 -1 5520 5520
1654 CONNECTION 214 286 -1 -1 5520 5520
1655 CONNECTION 214 47 300 4620 6720 6720
1656 CONNECTION 214 162 300 5220 7320 7320
1657 CONNECTION 214 105 300 5820 7920 7920
1658 CONNECTION 214 252 300 7020 9120 9120
1659 CONNECTION 214 181 300 7020 9120 9120
1660 CONNECTION 64 65 -1 -1 1500 1500
1661 CONNECTION 64 198 -1 -1 4020 4020
1662 CONNECTION 64 215 -1 -1 2760 2760
1663 CONNECTION 64 161 -1 -1 3300 3300
1664 CONNECTION 64 269 -1 -1 3960 3960
1665 CONNECTION 64 10 -1 -1 5820 5820
1666 CONNECTION 64 251 300 3000 5100 5100
1667 CONNECTION 64 29 300 3060 5160 5160
1668 CONNECTION 64 124 300 5520 7620 7620
1669 CONNECTION 64 87 300 4260 6360 6360
1670 CONNECTION 64 67 300 4800 6900 6900
1671 CONNECTION 64 143 300 5460 7560 7560
1672 CONNECTION 64 200 300 7320 9420 9420
1673 CONNECTION 178 122 -1 -1 3720 3720
1674 CONNECTION 178 65 -1 -1 3000 3000
1675 CONNECTION 178 141 -1 -1 3060 3060
1676 CONNECTION 178 198 -1 -1 5520 5520
1677 CONNECTION 178 215 -1 -1 4260 4260
1678 CONNECTION 178 161 300 2700 4800 4800
1679 CONNECTION 178 269 300 3360 5460 5460
1680 CONNECTION 178 10 300 5220 7320 7320
1681 CONNECTION 178 251 300 4500 6600 6600
1682 CONNECTION 178 29 300 4560 6660 6660
1683 CONNECTION 178 124 300 7020 9120 9120
1684 CONNECTION 178 87 300 5760 7860 7860
1685 CONNECTION 178 67 300 6300 8400 8400
1686 CONNECTION 8 232 -1 -1 3780 3780
1687 CONNECTION 8 66 -1 -1 4980 4980
1688 CONNECTION 8 286 -1 -1 4980 4980
1689 CONNECTION 8 47 300 4080 6180 6180
1690 CONNECTION 8 162 300 4680 6780 6780
1691 CONNECTION 8 105 300 5280 7380 7380
1692 CONNECTION 8 252 300 6480 8580 8580
1693 CONNECTION 8 181 300 6480 8580 8580
1694 CONNECTION 8 234 300 7680 9780 9780
1695 CONNECTION 45 46 -1 -1 1500 1500
1696 CONNECTION 45 9 -1 -1 2160 2160
1697 CONNECTION 45 142 -1 -1 4080 4080
1698 CONNECTION 45 104 -1 -1 2700 2700
1699 CONNECTION 45 216 -1 -1 5280 5280
1700 CONNECTION 45 180 -1 -1 3900 3900
1701 CONNECTION 45 123 -1 -1 3960 3960
1702 CONNECTION 45 270 300 4380 6480 6480
1703 CONNECTION 45 233 300 3000 5100 5100
1704 CONNECTION 45 199 300 3660 5760 5760
1705 CONNECTION 45 30 300 5580 7680 7680
1706 CONNECTION 45 287 300 4200 6300 6300
1707 CONNECTION 45 88 300 6780 8880 8880
1708 CONNECTION 45 48 300 5400 7500 7500
1709 CONNECTION 45 11 300 5460 7560 7560
1710 CONNECTION 45 144 300 7980 10080 10080
1711 SINK 45 0 -1 -1 0 0
1712 CONNECTION 27 28 -1 -1 3120 3120
1713 CONNECTION 27 86 -1 -1 4320 4320
1714 CONNECTION 27 46 -1 -1 2940 2940
1715 CONNECTION 27 9 -1 -1 3600 3600
1716 CONNECTION 27 142 -1 -1 5520 5520
1717 CONNECTION 27 104 -1 -1 4140 4140
1718 CONNECTION 27 216 300 4620 6720 6720
1719 CONNECTION 27 180 300 3240 5340 5340
1720 CONNECTION 27 123 300 3300 5400 5400
1721 CONNECTION 27 270 300 5820 7920 7920
1722 CONNECTION 27 233 300 4440 6540 6540
1723 CONNECTION 27 199 300 5100 7200 7200
1724 CONNECTION 27 30 300 7020 9120 9120
1725 CONNECTION 27 287 300 5640 7740 7740
1726 SINK 27 0 -1 -1 0 0
1727 CONNECTION 121 122 -1 -1 3060 3060
1728 CONNECTION 121 65 -1 -1 2340 2340
1729 CONNECTION 121 141 -1 -1 2400 2400
1730 CONNECTION 121 198 -1 -1 4860 4860
1731 CONNECTION 121 215 -1 -1 3600 3600
1732 CONNECTION 121 161 -1 -1 4140 4140
1733 CONNECTION 121 269 300 2700 4800 4800
1734 CONNECTION 121 10 300 4560 6660 6660
1735 CONNECTION 121 251 300 3840 5940 5940
1736 CONNECTION 121 29 300 3900 6000 6000
1737 CONNECTION 121 124 300 6360 8460 8460
1738 CONNECTION 121 87 300 5100 7200 7200
1739 CONNECTION 121 67 300 5640 7740 7740
1740 CONNECTION 121 143 300 6300 8400 8400
1741 CONNECTION 268 66 -1 -1 4320 4320
1742 CONNECTION 268 286 -1 -1 4320 4320
1743 CONNECTION 268 47 -1 -1 5520 5520
1744 CONNECTION 268 162 300 4020 6120 6120
1745 CONNECTION 268 105 300 4620 6720 6720
1746 CONNECTION 268 252 300 5820 7920 7920
1747 CONNECTION 268 181 300 5820 7920 7920
1748 CONNECTION 268 234 300 7020 9120 9120
1749 CONNECTION 268 68 300 7620 9720 9720
1750 CONNECTION 231 198 -1 -1 4320 4320
1751 CONNECTION 231 215 -1 -1 3060 3060
1752 CONNECTION 231 161 -1 -1 3600 3600
1753 CONNECTION 231 269 -1 -1 4260 4260
1754 CONNECTION 231 10 300 4020 6120 6120
1755 CONNECTION 231 251 300 3300 5400 5400
1756 CONNECTION 231 29 300 3360 5460 5460
1757 CONNECTION 231 124 300 5820 7920 7920
1758 CONNECTION 231 87 300 4560 6660 6660
1759 CONNECTION 231 67 300 5100 7200 7200
1760 CONNECTION 231 143 300 5760 7860 7860
1761 CONNECTION 231 200 300 7620 9720 9720
1762 CONNECTION 249 86 -1 -1 3780 3780
1763 CONNECTION 249 46 -1 -1 2400 2400
1764 CONNECTION 249 9 -1 -1 3060 3060
1765 CONNECTION 249 142 -1 -1 4980 4980
1766 CONNECTION 249 104 -1 -1 3600 3600
1767 CONNECTION 249 216 300 4080 6180 6180
1768 CONNECTION 249 180 300 2700 4800 4800
1769 CONNECTION 249 123 300 2760 4860 4860
1770 CONNECTION 249 270 300 5280 7380 7380
1771 CONNECTION 249 233 300 3900 6000 6000
1772 CONNECTION 249 199 300 4560 6660 6660
1773 CONNECTION 249 30 300 6480 8580 8580
1774 CONNECTION 249 287 300 5100 7200 7200
1775 CONNECTION 249 88 300 7680 9780 9780
1776 CONNECTION 249 48 300 6300 8400 8400
1777 CONNECTION 249 11 300 6360 8460 8460
1778 SINK 249 0 -1 -1 0 0
1779 CONNECTION 160 161 -1 -1 1500 1500
1780 CONNECTION 160 269 -1 -1 2160 2160
1781 CONNECTION 160 10 -1 -1 4020 4020
1782 CONNECTION 160 251 -1 -1 3300 3300
1783 CONNECTION 160 29 -1 -1 3360 3360
1784 CONNECTION 160 124 -1 -1 5820 5820
1785 CONNECTION 160 87 300 2460 4560 4560
1786 CONNECTION 160 67 300 3000 5100 5100
1787 CONNECTION 160 143 300 3660 5760 5760
1788 CONNECTION 160 200 300 5520 7620 7620
1789 CONNECTION 160 163 300 4800 6900 6900
1790 CONNECTION 160 217 300 4860 6960 6960
1791 CONNECTION 160 12 300 7320 9420 9420
1792 CONNECTION 160 271 300 6060 8160 8160
1793 CONNECTION 103 104 -1 -1 1500 1500
1794 CONNECTION 103 216 -1 -1 4080 4080
1795 CONNECTION 103 180 -1 -1 2700 2700
1796 CONNECTION 103 123 -1 -1 2760 2760
1797 CONNECTION 103 270 -1 -1 5280 5280
1798 CONNECTION 103 233 -1 -1 3900 3900
1799 CONNECTION 103 199 300 2460 4560 4560
1800 CONNECTION 103 30 300 4380 6480 6480
1801 CONNECTION 103 287 300 3000 5100 5100
1802 CONNECTION 103 88 300 5580 7680 7680
1803 CONNECTION 103 48 300 4200 6300 6300
1804 CONNECTION 103 11 300 4260 6360 6360
1805 CONNECTION 103 144 300 6780 8880 8880
1806 CONNECTION 103 106 300 5400 7500 7500
1807 CONNECTION 103 125 300 6060 8160 8160
1808 CONNECTION 103 218 300 7980 10080 10080
1809 SINK 103 0 -1 -1 0 0
1810 CONNECTION 85 86 -1 -1 3120 3120
1811 CONNECTION 85 9 -1 -1 2400 2400
1812 CONNECTION 85 142 -1 -1 4320 4320
1813 CONNECTION 85 104 -1 -1 2940 2940
1814 CONNECTION 85 216 -1 -1 5520 5520
1815 CONNECTION 85 180 -1 -1 4140 4140
1816 CONNECTION 85 123 -1 -1 4200 4200
1817 CONNECTION 85 270 300 4620 6720 6720
1818 CONNECTION 85 233 300 3240 5340 5340
1819 CONNECTION 85 199 300 3900 6000 6000
1820 CONNECTION 85 30 300 5820 7920 7920
1821 CONNECTION 85 287 300 4440 6540 6540
1822 CONNECTION 85 88 300 7020 9120 9120
1823 CONNECTION 85 48 300 5640 7740 7740
1824 CONNECTION 85 11 300 5700 7800 7800
1825 SINK 85 0 -1 -1 0 0
1826 CONNECTION 122 47 -1 -1 4380 4380
1827 CONNECTION 122 162 -1 -1 4980 4980
1828 CONNECTION 122 105 -1 -1 5580 5580
1829 CONNECTION 122 252 300 4680 6780 6780
1830 CONNECTION 122 181 300 4680 6780 6780
1831 CONNECTION 122 234 300 5880 7980 7980
1832 CONNECTION 122 68 300 6480 8580 8580
1833 CONNECTION 122 288 300 7080 9180 9180
1834 CONNECTION 28 47 -1 -1 4320 4320
1835 CONNECTION 28 162 -1 -1 4920 4920
1836 CONNECTION 28 105 -1 -1 5520 5520
1837 CONNECTION 28 252 300 4620 6720 6720
1838 CONNECTION 28 181 300 4620 6720 6720
1839 CONNECTION 28 234 300 5820 7920 7920
1840 CONNECTION 28 68 300 6420 8520 8520
1841 CONNECTION 28 288 300 7020 9120 9120
1842 CONNECTION 285 161 -1 -1 2400 2400
1843 CONNECTION 285 269 -1 -1 3060 3060
1844 CONNECTION 285 10 -1 -1 4920 4920
1845 CONNECTION 285 251 -1 -1 4200 4200
1846 CONNECTION 285 29 -1 -1 4260 4260
1847 CONNECTION 285 124 300 4620 6720 6720
1848 CONNECTION 285 87 300 3360 5460 5460
1849 CONNECTION 285 67 300 3900 6000 6000
1850 CONNECTION 285 143 300 4560 6660 6660
1851 CONNECTION 285 200 300 6420 8520 8520
1852 CONNECTION 285 163 300 5700 7800 7800
1853 CONNECTION 285 217 300 5760 7860 7860
1854 CONNECTION 197 198 -1 -1 3060 3060
1855 CONNECTION 197 161 -1 -1 2340 2340
1856 CONNECTION 197 269 -1 -1 3000 3000
1857 CONNECTION 197 10 -1 -1 4860 4860
1858 CONNECTION 197 251 -1 -1 4140 4140
1859 CONNECTION 197 29 -1 -1 4200 4200
1860 CONNECTION 197 124 300 4560 6660 6660
1861 CONNECTION 197 87 300 3300 5400 5400
1862 CONNECTION 197 67 300 3840 5940 5940
1863 CONNECTION 197 143 300 4500 6600 6600
1864 CONNECTION 197 200 300 6360 8460 8460
1865 CONNECTION 197 163 300 5640 7740 7740
1866 CONNECTION 197 217 300 5700 7800 7800
1867 CONNECTION 65 216 -1 -1 4380 4380
1868 CONNECTION 65 180 -1 -1 3000 3000
1869 CONNECTION 65 123 -1 -1 3060 3060
1870 CONNECTION 65 270 -1 -1 5580 5580
1871 CONNECTION 65 233 -1 -1 4200 4200
1872 CONNECTION 65 199 300 2760 4860 4860
1873 CONNECTION 65 30 300 4680 6780 6780
1874 CONNECTION 65 287 300 3300 5400 5400
1875 CONNECTION 65 88 300 5880 7980 7980
1876 CONNECTION 65 48 300 4500 6600 6600
1877 CONNECTION 65 11 300 4560 6660 6660
1878 CONNECTION 65 144 300 7080 9180 9180
1879 CONNECTION 65 106 300 5700 7800 7800
1880 CONNECTION 65 125 300 6360 8460 8460
1881 SINK 65 0 -1 -1 0 0
1882 CONNECTION 179 180 -1 -1 1500 1500
1883 CONNECTION 179 270 -1 -1 4080 4080
1884 CONNECTION 179 233 -1 -1 2700 2700
1885 CONNECTION 179 199 -1 -1 3360 3360
1886 CONNECTION 179 30 -1 -1 5280 5280
1887 CONNECTION 179 287 -1 -1 3900 3900
1888 CONNECTION 179 88 300 4380 6480 6480
1889 CONNECTION 179 48 300 3000 5100 5100
1890 CONNECTION 179 11 300 3060 5160 5160
1891 CONNECTION 179 144 300 5580 7680 7680
1892 CONNECTION 179 106 300 4200 6300 6300
1893 CONNECTION 179 125 300 4860 6960 6960
1894 CONNECTION 179 218 300 6780 8880 8880
1895 CONNECTION 179 182 300 5400 7500 7500
1896 CONNECTION 179 272 300 7980 10080 10080
1897 SINK 179 0 -1 -1 0 0
1898 CONNECTION 141 142 -1 -1 3120 3120
1899 CONNECTION 141 216 -1 -1 4320 4320
1900 CONNECTION 141 180 -1 -1 2940 2940
1901 CONNECTION 141 123 -1 -1 3000 3000
1902 CONNECTION 141 270 -1 -1 5520 5520
1903 CONNECTION 141 233 -1 -1 4140 4140
1904 CONNECTION 141 199 300 2700 4800 4800
1905 CONNECTION 141 30 300 4620 6720 6720
1906 CONNECTION 141 287 300 3240 5340 5340
1907 CONNECTION 141 88 300 5820 7920 7920
1908 CONNECTION 141 48 300 4440 6540 6540
1909 CONNECTION 141 11 300 4500 6600 6600
1910 CONNECTION 141 144 300 7020 9120 9120
1911 CONNECTION 141 106 300 5640 7740 7740
1912 CONNECTION 141 125 300 6300 8400 8400
1913 SINK 141 0 -1 -1 0 0
1914 CONNECTION 86 162 -1 -1 3720 3720
1915 CONNECTION 86 105 -1 -1 4320 4320
1916 CONNECTION 86 252 -1 -1 5520 5520
1917 CONNECTION 86 181 -1 -1 5520 5520
1918 CONNECTION 86 234 300 4620 6720 6720
1919 CONNECTION 86 68 300 5220 7320 7320
1920 CONNECTION 86 288 300 5820 7920 7920
1921 CONNECTION 86 164 300 7020 9120 9120
1922 CONNECTION 86 49 300 7020 9120 9120
1923 CONNECTION 250 251 -1 -1 1500 1500
1924 CONNECTION 250 124 -1 -1 4020 4020
1925 CONNECTION 250 87 -1 -1 2760 2760
1926 CONNECTION 250 67 -1 -1 3300 3300
1927 CONNECTION 250 143 -1 -1 3960 3960
1928 CONNECTION 250 200 -1 -1 5820 5820
1929 CONNECTION 250 163 300 3000 5100 5100
1930 CONNECTION 250 217 300 3060 5160 5160
1931 CONNECTION 250 12 300 5520 7620 7620
1932 CONNECTION 250 271 300 4260 6360 6360
1933 CONNECTION 250 253 300 4800 6900 6900
1934 CONNECTION 250 31 300 5460 7560 7560
1935 CONNECTION 250 126 300 7320 9420 9420
1936 CONNECTION 46 10 -1 -1 3720 3720
1937 CONNECTION 46 251 -1 -1 3000 3000
1938 CONNECTION 46 29 -1 -1 3060 3060
1939 CONNECTION 46 124 -1 -1 5520 5520
1940 CONNECTION 46 87 -1 -1 4260 4260
1941 CONNECTION 46 67 300 2700 4800 4800
1942 CONNECTION 46 143 300 3360 5460 5460
1943 CONNECTION 46 200 300 5220 7320 7320
1944 CONNECTION 46 163 300 4500 6600 6600
1945 CONNECTION 46 217 300 4560 6660 6660
1946 CONNECTION 46 12 300 7020 9120 9120
1947 CONNECTION 46 271 300 5760 7860 7860
1948 CONNECTION 46 253 300 6300 8400 8400
1949 CONNECTION 198 105 -1 -1 3780 3780
1950 CONNECTION 198 252 -1 -1 4980 4980
1951 CONNECTION 198 181 -1 -1 4980 4980
1952 CONNECTION 198 234 300 4080 6180 6180
1953 CONNECTION 198 68 300 4680 6780 6780
1954 CONNECTION 198 288 300 5280 7380 7380
1955 CONNECTION 198 164 300 6480 8580 8580
1956 CONNECTION 198 49 300 6480 8580 8580
1957 CONNECTION 198 107 300 7680 9780 9780
1958 CONNECTION 232 233 -1 -1 1500 1500
1959 CONNECTION 232 199 -1 -1 2160 2160
1960 CONNECTION 232 30 -1 -1 4080 4080
1961 CONNECTION 232 287 -1 -1 2700 2700
1962 CONNECTION 232 88 -1 -1 5280 5280
1963 CONNECTION 232 48 -1 -1 3900 3900
1964 CONNECTION 232 11 -1 -1 3960 3960
1965 CONNECTION 232 144 300 4380 6480 6480
1966 CONNECTION 232 106 300 3000 5100 5100
1967 CONNECTION 232 125 300 3660 5760 5760
1968 CONNECTION 232 218 300 5580 7680 7680
1969 CONNECTION 232 182 300 4200 6300 6300
1970 CONNECTION 232 272 300 6780 8880 8880
1971 CONNECTION 232 235 300 5400 7500 7500
1972 CONNECTION 232 201 300 5460 7560 7560
1973 CONNECTION 232 32 300 7980 10080 10080
1974 SINK 232 0 -1 -1 0 0
1975 CONNECTION 9 10 -1 -1 3060 3060
1976 CONNECTION 9 251 -1 -1 2340 2340
1977 CONNECTION 9 29 -1 -1 2400 2400
1978 CONNECTION 9 124 -1 -1 4860 4860
1979 CONNECTION 9 87 -1 -1 3600 3600
1980 CONNECTION 9 67 -1 -1 4140 4140
1981 CONNECTION 9 143 300 2700 4800 4800
1982 CONNECTION 9 200 300 4560 6660 6660
1983 CONNECTION 9 163 300 3840 5940 5940
1984 CONNECTION 9 217 300 3900 6000 6000
1985 CONNECTION 9 12 300 6360 8460 8460
1986 CONNECTION 9 271 300 5100 7200 7200
1987 CONNECTION 9 253 300 5640 7740 7740
1988 CONNECTION 9 31 300 6300 8400 8400
1989 CONNECTION 215 216 -1 -1 3120 3120
1990 CONNECTION 215 270 -1 -1 4320 4320
1991 CONNECTION 215 233 -1 -1 2940 2940
1992 CONNECTION 215 199 -1 -1 3600 3600
1993 CONNECTION 215 30 -1 -1 5520 5520
1994 CONNECTION 215 287 -1 -1 4140 4140
1995 CONNECTION 215 88 300 4620 6720 6720
1996 CONNECTION 215 48 300 3240 5340 5340
1997 CONNECTION 215 11 300 3300 5400 5400
1998 CONNECTION 215 144 300 5820 7920 7920
1999 CONNECTION 215 106 300 4440 6540 6540
2000 CONNECTION 215 125 300 5100 7200 7200
2001 CONNECTION 215 218 300 7020 9120 9120
2002 CONNECTION 215 182 300 5640 7740 7740
2003 SINK 215 0 -1 -1 0 0
2004 CONNECTION 142 252 -1 -1 4320 4320
2005 CONNECTION 142 181 -1 -1 4320 4320
2006 CONNECTION 142 234 -1 -1 5520 5520
2007 CONNECTION 142 68 300 4020 6120 6120
2008 CONNECTION 142 288 300 4620 6720 6720
2009 CONNECTION 142 164 300 5820 7920 7920
2010 CONNECTION 142 49 300 5820 7920 7920
2011 CONNECTION 142 107 300 7020 9120 9120
2012 CONNECTION 142 254 300 7620 9720 9720
2013 CONNECTION 104 124 -1 -1 4320 4320
2014 CONNECTION 104 87 -1 -1 3060 3060
2015 CONNECTION 104 67 -1 -1 3600 3600
2016 CONNECTION 104 143 -1 -1 4260 4260
2017 CONNECTION 104 200 300 4020 6120 6120
2018 CONNECTION 104 163 300 3300 5400 5400
2019 CONNECTION 104 217 300 3360 5460 5460
2020 CONNECTION 104 12 300 5820 7920 7920
2021 CONNECTION 104 271 300 4560 6660 6660
2022 CONNECTION 104 253 300 5100 7200 7200
2023 CONNECTION 104 31 300 5760 7860 7860
2024 CONNECTION 104 126 300 7620 9720 9720
2025 CONNECTION 161 270 -1 -1 3780 3780
2026 CONNECTION 161 233 -1 -1 2400 2400
2027 CONNECTION 161 199 -1 -1 3060 3060
2028 CONNECTION 161 30 -1 -1 4980 4980
2029 CONNECTION 161 287 -1 -1 3600 3600
2030 CONNECTION 161 88 300 4080 6180 6180
2031 CONNECTION 161 48 300 2700 4800 4800
2032 CONNECTION 161 11 300 2760 4860 4860
2033 CONNECTION 161 144 300 5280 7380 7380
2034 CONNECTION 161 106 300 3900 6000 6000
2035 CONNECTION 161 125 300 4560 6660 6660
2036 CONNECTION 161 218 300 6480 8580 8580
2037 CONNECTION 161 182 300 5100 7200 7200
2038 CONNECTION 161 272 300 7680 9780 9780
2039 CONNECTION 161 235 300 6300 8400 8400
2040 CONNECTION 161 201 300 6360 8460 8460
2041 SINK 161 0 -1 -1 0 0
2042 CONNECTION 66 67 -1 -1 1500 1500
2043 CONNECTION 66 143 -1 -1 2160 2160
2044 CONNECTION 66 200 -1 -1 4020 4020
2045 CONNECTION 66 163 -1 -1 3300 3300
2046 CONNECTION 66 217 -1 -1 3360 3360
2047 CONNECTION 66 12 -1 -1 5820 5820
2048 CONNECTION 66 271 300 2460 4560 4560
2049 CONNECTION 66 253 300 3000 5100 5100
2050 CONNECTION 66 31 300 3660 5760 5760
2051 CONNECTION 66 126 300 5520 7620 7620
2052 CONNECTION 66 69 300 4800 6900 6900
2053 CONNECTION 66 89 300 4860 6960 6960
2054 CONNECTION 66 202 300 7320 9420 9420
2055 CONNECTION 66 145 300 6060 8160 8160
2056 CONNECTION 286 287 -1 -1 1500 1500
2057 CONNECTION 286 88 -1 -1 4080 4080
2058 CONNECTION 286 48 -1 -1 2700 2700
2059 CONNECTION 286 11 -1 -1 2760 2760
2060 CONNECTION 286 144 -1 -1 5280 5280
2061 CONNECTION 286 106 -1 -1 3900 3900
2062 CONNECTION 286 125 300 2460 4560 4560
2063 CONNECTION 286 218 300 4380 6480 6480
2064 CONNECTION 286 182 300 3000 5100 5100
2065 CONNECTION 286 272 300 5580 7680 7680
2066 CONNECTION 286 235 300 4200 6300 6300
2067 CONNECTION 286 201 300 4260 6360 6360
2068 CONNECTION 286 32 300 6780 8880 8880
2069 CONNECTION 286 289 300 5400 7500 7500
2070 CONNECTION 286 13 300 6060 8160 8160
2071 CONNECTION 286 90 300 7980 10080 10080
2072 SINK 286 0 -1 -1 0 0
2073 CONNECTION 269 270 -1 -1 3120 3120
2074 CONNECTION 269 199 -1 -1 2400 2400
2075 CONNECTION 269 30 -1 -1 4320 4320
2076 CONNECTION 269 287 -1 -1 2940 2940
2077 CONNECTION 269 88 -1 -1 5520 5520
2078 CONNECTION 269 48 -1 -1 4140 4140
2079 CONNECTION 269 11 -1 -1 4200 4200
2080 CONNECTION 269 144 300 4620 6720 6720
2081 CONNECTION 269 106 300 3240 5340 5340
2082 CONNECTION 269 125 300 3900 6000 6000
2083 CONNECTION 269 218 300 5820 7920 7920
2084 CONNECTION 269 182 300 4440 6540 6540
2085 CONNECTION 269 272 300 7020 9120 9120
2086 CONNECTION 269 235 300 5640 7740 7740
2087 CONNECTION 269 201 300 5700 7800 7800
2088 SINK 269 0 -1 -1 0 0
2089 CONNECTION 10 234 -1 -1 4380 4380
2090 CONNECTION 10 68 -1 -1 4980 4980
2091 CONNECTION 10 288 -1 -1 5580 5580
2092 CONNECTION 10 164 300 4680 6780 6780
2093 CONNECTION 10 49 300 4680 6780 6780
2094 CONNECTION 10 107 300 5880 7980 7980
2095 CONNECTION 10 254 300 6480 8580 8580
2096 CONNECTION 10 183 300 7080 9180 9180
2097 CONNECTION 216 234 -1 -1 4320 4320
2098 CONNECTION 216 68 -1 -1 4920 4920
2099 CONNECTION 216 288 -1 -1 5520 5520
2100 CONNECTION 216 164 300 4620 6720 6720
2101 CONNECTION 216 49 300 4620 6720 6720
2102 CONNECTION 216 107 300 5820 7920 7920
2103 CONNECTION 216 254 300 6420 8520 8520
2104 CONNECTION 216 183 300 7020 9120 9120
2105 CONNECTION 180 67 -1 -1 2400 2400
2106 CONNECTION 180 143 -1 -1 3060 3060
2107 CONNECTION 180 200 -1 -1 4920 4920
2108 CONNECTION 180 163 -1 -1 4200 4200
2109 CONNECTION 180 217 -1 -1 4260 4260
2110 CONNECTION 180 12 300 4620 6720 6720
2111 CONNECTION 180 271 300 3360 5460 5460
2112 CONNECTION 180 253 300 3900 6000 6000
2113 CONNECTION 180 31 300 4560 6660 6660
2114 CONNECTION 180 126 300 6420 8520 8520
2115 CONNECTION 180 69 300 5700 7800 7800
2116 CONNECTION 180 89 300 5760 7860 7860
2117 CONNECTION 123 124 -1 -1 3060 3060
2118 CONNECTION 123 67 -1 -1 2340 2340
2119 CONNECTION 123 143 -1 -1 3000 3000
2120 CONNECTION 123 200 -1 -1 4860 4860
2121 CONNECTION 123 163 -1 -1 4140 4140
2122 CONNECTION 123 217 -1 -1 4200 4200
2123 CONNECTION 123 12 300 4560 6660 6660
2124 CONNECTION 123 271 300 3300 5400 5400
2125 CONNECTION 123 253 300 3840 5940 5940
2126 CONNECTION 123 31 300 4500 6600 6600
2127 CONNECTION 123 126 300 6360 8460 8460
2128 CONNECTION 123 69 300 5640 7740 7740
2129 CONNECTION 123 89 300 5700 7800 7800
2130 CONNECTION 47 48 -1 -1 1500 1500
2131 CONNECTION 47 144 -1 -1 4080 4080
2132 CONNECTION 47 106 -1 -1 2700 2700
2133 CONNECTION 47 125 -1 -1 3360 3360
2134 CONNECTION 47 218 -1 -1 5280 5280
2135 CONNECTION 47 182 -1 -1 3900 3900
2136 CONNECTION 47 272 300 4380 6480 6480
2137 CONNECTION 47 235 300 3000 5100 5100
2138 CONNECTION 47 201 300 3060 5160 5160
2139 CONNECTION 47 32 300 5580 7680 7680
2140 CONNECTION 47 289 300 4200 6300 6300
2141 CONNECTION 47 13 300 4860 6960 6960
2142 CONNECTION 47 90 300 6780 8880 8880
2143 CONNECTION 47 50 300 5400 7500 7500
2144 CONNECTION 47 146 300 7980 10080 10080
2145 SINK 47 0 -1 -1 0 0
2146 CONNECTION 251 88 -1 -1 4380 4380
2147 CONNECTION 251 48 -1 -1 3000 3000
2148 CONNECTION 251 11 -1 -1 3060 3060
2149 CONNECTION 251 144 -1 -1 5580 5580
2150 CONNECTION 251 106 -1 -1 4200 4200
2151 CONNECTION 251 125 300 2760 4860 4860
2152 CONNECTION 251 218 300 4680 6780 6780
2153 CONNECTION 251 182 300 3300 5400 5400
2154 CONNECTION 251 272 300 5880 7980 7980
2155 CONNECTION 251 235 300 4500 6600 6600
2156 CONNECTION 251 201 300 4560 6660 6660
2157 CONNECTION 251 32 300 7080 9180 9180
2158 CONNECTION 251 289 300 5700 7800 7800
2159 CONNECTION 251 13 300 6360 8460 8460
2160 SINK 251 0 -1 -1 0 0
2161 CONNECTION 29 30 -1 -1 3120 3120
2162 CONNECTION 29 88 -1 -1 4320 4320
2163 CONNECTION 29 48 -1 -1 2940 2940
2164 CONNECTION 29 11 -1 -1 3000 3000
2165 CONNECTION 29 144 -1 -1 5520 5520
2166 CONNECTION 29 106 -1 -1 4140 4140
2167 CONNECTION 29 125 300 2700 4800 4800
2168 CONNECTION 29 218 300 4620 6720 6720
2169 CONNECTION 29 182 300 3240 5340 5340
2170 CONNECTION 29 272 300 5820 7920 7920
2171 CONNECTION 29 235 300 4440 6540 6540
2172 CONNECTION 29 201 300 4500 6600 6600
2173 CONNECTION 29 32 300 7020 9120 9120
2174 CONNECTION 29 289 300 5640 7740 7740
2175 CONNECTION 29 13 300 6300 8400 8400
2176 SINK 29 0 -1 -1 0 0
2177 CONNECTION 270 68 -1 -1 3720 3720
2178 CONNECTION 270 288 -1 -1 4320 4320
2179 CONNECTION 270 164 -1 -1 5520 5520
2180 CONNECTION 270 49 -1 -1 5520 5520
2181 CONNECTION 270 107 300 4620 6720 6720
2182 CONNECTION 270 254 300 5220 7320 7320
2183 CONNECTION 270 183 300 5820 7920 7920
2184 CONNECTION 270 70 300 7020 9120 9120
2185 CONNECTION 270 236 300 7020 9120 9120
2186 CONNECTION 162 163 -1 -1 1500 1500
2187 CONNECTION 162 12 -1 -1 4020 4020
2188 CONNECTION 162 271 -1 -1 2760 2760
2189 CONNECTION 162 253 -1 -1 3300 3300
2190 CONNECTION 162 31 -1 -1 3960 3960
2191 CONNECTION 162 126 -1 -1 5820 5820
2192 CONNECTION 162 69 300 3000 5100 5100
2193 CONNECTION 162 89 300 3060 5160 5160
2194 CONNECTION 162 202 300 5520 7620 7620
2195 CONNECTION 162 145 300 4260 6360 6360
2196 CONNECTION 162 165 300 4800 6900 6900
2197 CONNECTION 162 219 300 5460 7560 7560
2198 CONNECTION 162 14 300 7320 9420 9420
2199 CONNECTION 233 200 -1 -1 3720 3720
2200 CONNECTION 233 163 -1 -1 3000 3000
2201 CONNECTION 233 217 -1 -1 3060 3060
2202 CONNECTION 233 12 -1 -1 5520 5520
2203 CONNECTION 233 271 -1 -1 4260 4260
2204 CONNECTION 233 253 300 2700 4800 4800
2205 CONNECTION 233 31 300 3360 5460 5460
2206 CONNECTION 233 126 300 5220 7320 7320
2207 CONNECTION 233 69 300 4500 6600 6600
2208 CONNECTION 233 89 300 4560 6660 6660
2209 CONNECTION 233 202 300 7020 9120 9120
2210 CONNECTION 233 145 300 5760 7860 7860
2211 CONNECTION 233 165 300 6300 8400 8400
2212 CONNECTION 124 288 -1 -1 3780 3780
2213 CONNECTION 124 164 -1 -1 4980 4980
2214 CONNECTION 124 49 -1 -1 4980 4980
2215 CONNECTION 124 107 300 4080 6180 6180
2216 CONNECTION 124 254 300 4680 6780 6780
2217 CONNECTION 124 183 300 5280 7380 7380
2218 CONNECTION 124 70 300 6480 8580 8580
2219 CONNECTION 124 236 300 6480 8580 8580
2220 CONNECTION 124 290 300 7680 9780 9780
2221 CONNECTION 105 106 -1 -1 1500 1500
2222 CONNECTION 105 125 -1 -1 2160 2160
2223 CONNECTION 105 218 -1 -1 4080 4080
2224 CONNECTION 105 182 -1 -1 2700 2700
2225 CONNECTION 105 272 -1 -1 5280 5280
2226 CONNECTION 105 235 -1 -1 3900 3900
2227 CONNECTION 105 201 -1 -1 3960 3960
2228 CONNECTION 105 32 300 4380 6480 6480
2229 CONNECTION 105 289 300 3000 5100 5100
2230 CONNECTION 105 13 300 3660 5760 5760
2231 CONNECTION 105 90 300 5580 7680 7680
2232 CONNECTION 105 50 300 4200 6300 6300
2233 CONNECTION 105 146 300 6780 8880 8880
2234 CONNECTION 105 108 300 5400 7500 7500
2235 CONNECTION 105 127 300 5460 7560 7560
2236 CONNECTION 105 220 300 7980 10080 10080
2237 SINK 105 0 -1 -1 0 0
2238 CONNECTION 87 88 -1 -1 3120 3120
2239 CONNECTION 87 144 -1 -1 4320 4320
2240 CONNECTION 87 106 -1 -1 2940 2940
2241 CONNECTION 87 125 -1 -1 3600 3600
2242 CONNECTION 87 218 -1 -1 5520 5520
2243 CONNECTION 87 182 -1 -1 4140 4140
2244 CONNECTION 87 272 300 4620 6720 6720
2245 CONNECTION 87 235 300 3240 5340 5340
2246 CONNECTION 87 201 300 3300 5400 5400
2247 CONNECTION 87 32 300 5820 7920 7920
2248 CONNECTION 87 289 300 4440 6540 6540
2249 CONNECTION 87 13 300 5100 7200 7200
2250 CONNECTION 87 90 300 7020 9120 9120
2251 CONNECTION 87 50 300 5640 7740 7740
2252 SINK 87 0 -1 -1 0 0
2253 CONNECTION 199 200 -1 -1 3060 3060
2254 CONNECTION 199 163 -1 -1 2340 2340
2255 CONNECTION 199 217 -1 -1 2400 2400
2256 CONNECTION 199 12 -1 -1 4860 4860
2257 CONNECTION 199 271 -1 -1 3600 3600
2258 CONNECTION 199 253 -1 -1 4140 4140
2259 CONNECTION 199 31 300 2700 4800 4800
2260 CONNECTION 199 126 300 4560 6660 6660
2261 CONNECTION 199 69 300 3840 5940 5940
2262 CONNECTION 199 89 300 3900 6000 6000
2263 CONNECTION 199 202 300 6360 8460 8460
2264 CONNECTION 199 145 300 5100 7200 7200
2265 CONNECTION 199 165 300 5640 7740 7740
2266 CONNECTION 199 219 300 6300 8400 8400
2267 CONNECTION 30 164 -1 -1 4320 4320
2268 CONNECTION 30 49 -1 -1 4320 4320
2269 CONNECTION 30 107 -1 -1 5520 5520
2270 CONNECTION 30 254 300 4020 6120 6120
2271 CONNECTION 30 183 300 4620 6720 6720
2272 CONNECTION 30 70 300 5820 7920 7920
2273 CONNECTION 30 236 300 5820 7920 7920
2274 CONNECTION 30 290 300 7020 9120 9120
2275 CONNECTION 30 166 300 7620 9720 9720
2276 CONNECTION 67 144 -1 -1 3780 3780
2277 CONNECTION 67 106 -1 -1 2400 2400
2278 CONNECTION 67 125 -1 -1 3060 3060
2279 CONNECTION 67 218 -1 -1 4980 4980
2280 CONNECTION 67 182 -1 -1 3600 3600
2281 CONNECTION 67 272 300 4080 6180 6180
2282 CONNECTION 67 235 300 2700 4800 4800
2283 CONNECTION 67 201 300 2760 4860 4860
2284 CONNECTION 67 32 300 5280 7380 7380
2285 CONNECTION 67 289 300 3900 6000 6000
2286 CONNECTION 67 13 300 4560 6660 6660
2287 CONNECTION 67 90 300 6480 8580 8580
2288 CONNECTION 67 50 300 5100 7200 7200
2289 CONNECTION 67 146 300 7680 9780 9780
2290 CONNECTION 67 108 300 6300 8400 8400
2291 CONNECTION 67 127 300 6360 8460 8460
2292 SINK 67 0 -1 -1 0 0
2293 CONNECTION 287 12 -1 -1 4320 4320
2294 CONNECTION 287 271 -1 -1 3060 3060
2295 CONNECTION 287 253 -1 -1 3600 3600
2296 CONNECTION 287 31 -1 -1 4260 4260
2297 CONNECTION 287 126 300 4020 6120 6120
2298 CONNECTION 287 69 300 3300 5400 5400
2299 CONNECTION 287 89 300 3360 5460 5460
2300 CONNECTION 287 202 300 5820 7920 7920
2301 CONNECTION 287 145 300 4560 6660 6660
2302 CONNECTION 287 165 300 5100 7200 7200
2303 CONNECTION 287 219 300 5760 7860 7860
2304 CONNECTION 287 14 300 7620 9720 9720
2305 CONNECTION 252 253 -1 -1 1500 1500
2306 CONNECTION 252 31 -1 -1 2160 2160
2307 CONNECTION 252 126 -1 -1 4020 4020
2308 CONNECTION 252 69 -1 -1 3300 3300
2309 CONNECTION 252 89 -1 -1 3360 3360
2310 CONNECTION 252 202 -1 -1 5820 5820
2311 CONNECTION 252 145 300 2460 4560 4560
2312 CONNECTION 252 165 300 3000 5100 5100
2313 CONNECTION 252 219 300 3660 5760 5760
2314 CONNECTION 252 14 300 5520 7620 7620
2315 CONNECTION 252 255 300 4800 6900 6900
2316 CONNECTION 252 273 300 4860 6960 6960
2317 CONNECTION 252 128 300 7320 9420 9420
2318 CONNECTION 252 33 300 6060 8160 8160
2319 CONNECTION 181 182 -1 -1 1500 1500
2320 CONNECTION 181 272 -1 -1 4080 4080
2321 CONNECTION 181 235 -1 -1 2700 2700
2322 CONNECTION 181 201 -1 -1 2760 2760
2323 CONNECTION 181 32 -1 -1 5280 5280
2324 CONNECTION 181 289 -1 -1 3900 3900
2325 CONNECTION 181 13 300 2460 4560 4560
2326 CONNECTION 181 90 300 4380 6480 6480
2327 CONNECTION 181 50 300 3000 5100 5100
2328 CONNECTION 181 146 300 5580 7680 7680
2329 CONNECTION 181 108 300 4200 6300 6300
2330 CONNECTION 181 127 300 4260 6360 6360
2331 CONNECTION 181 220 300 6780 8880 8880
2332 CONNECTION 181 184 300 5400 7500 7500
2333 CONNECTION 181 203 300 6060 8160 8160
2334 CONNECTION 181 274 300 7980 10080 10080
2335 SINK 181 0 -1 -1 0 0
2336 CONNECTION 143 144 -1 -1 3120 3120
2337 CONNECTION 143 125 -1 -1 2400 2400
2338 CONNECTION 143 218 -1 -1 4320 4320
2339 CONNECTION 143 182 -1 -1 2940 2940
2340 CONNECTION 143 272 -1 -1 5520 5520
2341 CONNECTION 143 235 -1 -1 4140 4140
2342 CONNECTION 143 201 -1 -1 4200 4200
2343 CONNECTION 143 32 300 4620 6720 6720
2344 CONNECTION 143 289 300 3240 5340 5340
2345 CONNECTION 143 13 300 3900 6000 6000
2346 CONNECTION 143 90 300 5820 7920 7920
2347 CONNECTION 143 50 300 4440 6540 6540
2348 CONNECTION 143 146 300 7020 9120 9120
2349 CONNECTION 143 108 300 5640 7740 7740
2350 CONNECTION 143 127 300 5700 7800 7800
2351 SINK 143 0 -1 -1 0 0
2352 CONNECTION 200 107 -1 -1 4380 4380
2353 CONNECTION 200 254 -1 -1 4980 4980
2354 CONNECTION 200 183 -1 -1 5580 5580
2355 CONNECTION 200 70 300 4680 6780 6780
2356 CONNECTION 200 236 300 4680 6780 6780
2357 CONNECTION 200 290 300 5880 7980 7980
2358 CONNECTION 200 166 300 6480 8580 8580
2359 CONNECTION 200 51 300 7080 9180 9180
2360 CONNECTION 88 107 -1 -1 4320 4320
2361 CONNECTION 88 254 -1 -1 4920 4920
2362 CONNECTION 88 183 -1 -1 5520 5520
2363 CONNECTION 88 70 300 4620 6720 6720
2364 CONNECTION 88 236 300 4620 6720 6720
2365 CONNECTION 88 290 300 5820 7920 7920
2366 CONNECTION 88 166 300 6420 8520 8520
2367 CONNECTION 88 51 300 7020 9120 9120
2368 CONNECTION 48 253 -1 -1 2400 2400
2369 CONNECTION 48 31 -1 -1 3060 3060
2370 CONNECTION 48 126 -1 -1 4920 4920
2371 CONNECTION 48 69 -1 -1 4200 4200
2372 CONNECTION 48 89 -1 -1 4260 4260
2373 CONNECTION 48 202 300 4620 6720 6720
2374 CONNECTION 48 145 300 3360 5460 5460
2375 CONNECTION 48 165 300 3900 6000 6000
2376 CONNECTION 48 219 300 4560 6660 6660
2377 CONNECTION 48 14 300 6420 8520 8520
2378 CONNECTION 48 255 300 5700 7800 7800
2379 CONNECTION 48 273 300 5760 7860 7860
2380 CONNECTION 11 12 -1 -1 3060 3060
2381 CONNECTION 11 253 -1 -1 2340 2340
2382 CONNECTION 11 31 -1 -1 3000 3000
2383 CONNECTION 11 126 -1 -1 4860 4860
2384 CONNECTION 11 69 -1 -1 4140 4140
2385 CONNECTION 11 89 -1 -1 4200 4200
2386 CONNECTION 11 202 300 4560 6660 6660
2387 CONNECTION 11 145 300 3300 5400 5400
2388 CONNECTION 11 165 300 3840 5940 5940
2389 CONNECTION 11 219 300 4500 6600 6600
2390 CONNECTION 11 14 300 6360 8460 8460
2391 CONNECTION 11 255 300 5640 7740 7740
2392 CONNECTION 11 273 300 5700 7800 7800
2393 CONNECTION 163 272 -1 -1 4380 4380
2394 CONNECTION 163 235 -1 -1 3000 3000
2395 CONNECTION 163 201 -1 -1 3060 3060
2396 CONNECTION 163 32 -1 -1 5580 5580
2397 CONNECTION 163 289 -1 -1 4200 4200
2398 CONNECTION 163 13 300 2760 4860 4860
2399 CONNECTION 163 90 300 4680 6780 6780
2400 CONNECTION 163 50 300 3300 5400 5400
2401 CONNECTION 163 146 300 5880 7980 7980
2402 CONNECTION 163 108 300 4500 6600 6600
2403 CONNECTION 163 127 300 4560 6660 6660
2404 CONNECTION 163 220 300 7080 9180 9180
2405 CONNECTION 163 184 300 5700 7800 7800
2406 CONNECTION 163 203 300 6360 8460 8460
2407 SINK 163 0 -1 -1 0 0
2408 CONNECTION 234 235 -1 -1 1500 1500
2409 CONNECTION 234 32 -1 -1 4080 4080
2410 CONNECTION 234 289 -1 -1 2700 2700
2411 CONNECTION 234 13 -1 -1 3360 3360
2412 CONNECTION 234 90 -1 -1 5280 5280
2413 CONNECTION 234 50 -1 -1 3900 3900
2414 CONNECTION 234 146 300 4380 6480 6480
2415 CONNECTION 234 108 300 3000 5100 5100
2416 CONNECTION 234 127 300 3060 5160 5160
2417 CONNECTION 234 220 300 5580 7680 7680
2418 CONNECTION 234 184 300 4200 6300 6300
2419 CONNECTION 234 203 300 4860 6960 6960
2420 CONNECTION 234 274 300 6780 8880 8880
2421 CONNECTION 234 237 300 5400 7500 7500
2422 CONNECTION 234 34 300 7980 10080 10080
2423 SINK 234 0 -1 -1 0 0
2424 CONNECTION 217 218 -1 -1 3120 3120
2425 CONNECTION 217 272 -1 -1 4320 4320
2426 CONNECTION 217 235 -1 -1 2940 2940
2427 CONNECTION 217 201 -1 -1 3000 3000
2428 CONNECTION 217 32 -1 -1 5520 5520
2429 CONNECTION 217 289 -1 -1 4140 4140
2430 CONNECTION 217 13 300 2700 4800 4800
2431 CONNECTION 217 90 300 4620 6720 6720
2432 CONNECTION 217 50 300 3240 5340 5340
2433 CONNECTION 217 146 300 5820 7920 7920
2434 CONNECTION 217 108 300 4440 6540 6540
2435 CONNECTION 217 127 300 4500 6600 6600
2436 CONNECTION 217 220 300 7020 9120 9120
2437 CONNECTION 217 184 300 5640 7740 7740
2438 CONNECTION 217 203 300 6300 8400 8400
2439 SINK 217 0 -1 -1 0 0
2440 CONNECTION 144 254 -1 -1 3720 3720
2441 CONNECTION 144 183 -1 -1 4320 4320
2442 CONNECTION 144 70 -1 -1 5520 5520
2443 CONNECTION 144 236 -1 -1 5520 5520
2444 CONNECTION 144 290 300 4620 6720 6720
2445 CONNECTION 144 166 300 5220 7320 7320
2446 CONNECTION 144 51 300 5820 7920 7920
2447 CONNECTION 144 256 300 7020 9120 9120
2448 CONNECTION 144 109 300 7020 9120 9120
2449 CONNECTION 68 69 -1 -1 1500 1500
2450 CONNECTION 68 202 -1 -1 4020 4020
2451 CONNECTION 68 145 -1 -1 2760 2760
2452 CONNECTION 68 165 -1 -1 3300 3300
2453 CONNECTION 68 219 -1 -1 3960 3960
2454 CONNECTION 68 14 -1 -1 5820 5820
2455 CONNECTION 68 255 300 3000 5100 5100
2456 CONNECTION 68 273 300 3060 5160 5160
2457 CONNECTION 68 128 300 5520 7620 7620
2458 CONNECTION 68 33 300 4260 6360 6360
2459 CONNECTION 68 71 300 4800 6900 6900
2460 CONNECTION 68 91 300 5460 7560 7560
2461 CONNECTION 68 204 300 7320 9420 9420
2462 CONNECTION 106 126 -1 -1 3720 3720
2463 CONNECTION 106 69 -1 -1 3000 3000
2464 CONNECTION 106 89 -1 -1 3060 3060
2465 CONNECTION 106 202 -1 -1 5520 5520
2466 CONNECTION 106 145 -1 -1 4260 4260
2467 CONNECTION 106 165 300 2700 4800 4800
2468 CONNECTION 106 219 300 3360 5460 5460
2469 CONNECTION 106 14 300 5220 7320 7320
2470 CONNECTION 106 255 300 4500 6600 6600
2471 CONNECTION 106 273 300 4560 6660 6660
2472 CONNECTION 106 128 300 7020 9120 9120
2473 CONNECTION 106 33 300 5760 7860 7860
2474 CONNECTION 106 71 300 6300 8400 8400
2475 CONNECTION 12 183 -1 -1 3780 3780
2476 CONNECTION 12 70 -1 -1 4980 4980
2477 CONNECTION 12 236 -1 -1 4980 4980
2478 CONNECTION 12 290 300 4080 6180 6180
2479 CONNECTION 12 166 300 4680 6780 6780
2480 CONNECTION 12 51 300 5280 7380 7380
2481 CONNECTION 12 256 300 6480 8580 8580
2482 CONNECTION 12 109 300 6480 8580 8580
2483 CONNECTION 12 185 300 7680 9780 9780
2484 CONNECTION 288 289 -1 -1 1500 1500
2485 CONNECTION 288 13 -1 -1 2160 2160
2486 CONNECTION 288 90 -1 -1 4080 4080
2487 CONNECTION 288 50 -1 -1 2700 2700
2488 CONNECTION 288 146 -1 -1 5280 5280
2489 CONNECTION 288 108 -1 -1 3900 3900
2490 CONNECTION 288 127 -1 -1 3960 3960
2491 CONNECTION 288 220 300 4380 6480 6480
2492 CONNECTION 288 184 300 3000 5100 5100
2493 CONNECTION 288 203 300 3660 5760 5760
2494 CONNECTION 288 274 300 5580 7680 7680
2495 CONNECTION 288 237 300 4200 6300 6300
2496 CONNECTION 288 34 300 6780 8880 8880
2497 CONNECTION 288 291 300 5400 7500 7500
2498 CONNECTION 288 15 300 5460 7560 7560
2499 CONNECTION 288 92 300 7980 10080 10080
2500 SINK 288 0 -1 -1 0 0
2501 CONNECTION 125 126 -1 -1 3060 3060
2502 CONNECTION 125 69 -1 -1 2340 2340
2503 CONNECTION 125 89 -1 -1 2400 2400
2504 CONNECTION 125 202 -1 -1 4860 4860
2505 CONNECTION 125 145 -1 -1 3600 3600
2506 CONNECTION 125 165 -1 -1 4140 4140
2507 CONNECTION 125 219 300 2700 4800 4800
2508 CONNECTION 125 14 300 4560 6660 6660
2509 CONNECTION 125 255 300 3840 5940 5940
2510 CONNECTION 125 273 300 3900 6000 6000
2511 CONNECTION 125 128 300 6360 8460 8460
2512 CONNECTION 125 33 300 5100 7200 7200
2513 CONNECTION 125 71 300 5640 7740 7740
2514 CONNECTION 125 91 300 6300 8400 8400
2515 CONNECTION 271 272 -1 -1 3120 3120
2516 CONNECTION 271 32 -1 -1 4320 4320
2517 CONNECTION 271 289 -1 -1 2940 2940
2518 CONNECTION 271 13 -1 -1 3600 3600
2519 CONNECTION 271 90 -1 -1 5520 5520
2520 CONNECTION 271 50 -1 -1 4140 4140
2521 CONNECTION 271 146 300 4620 6720 6720
2522 CONNECTION 271 108 300 3240 5340 5340
2523 CONNECTION 271 127 300 3300 5400 5400
2524 CONNECTION 271 220 300 5820 7920 7920
2525 CONNECTION 271 184 300 4440 6540 6540
2526 CONNECTION 271 203 300 5100 7200 7200
2527 CONNECTION 271 274 300 7020 9120 9120
2528 CONNECTION 271 237 300 5640 7740 7740
2529 SINK 271 0 -1 -1 0 0
2530 CONNECTION 218 70 -1 -1 4320 4320
2531 CONNECTION 218 236 -1 -1 4320 4320
2532 CONNECTION 218 290 -1 -1 5520 5520
2533 CONNECTION 218 166 300 4020 6120 6120
2534 CONNECTION 218 51 300 4620 6720 6720
2535 CONNECTION 218 256 300 5820 7920 7920
2536 CONNECTION 218 109 300 5820 7920 7920
2537 CONNECTION 218 185 300 7020 9120 9120
2538 CONNECTION 218 72 300 7620 9720 9720
2539 CONNECTION 182 202 -1 -1 4320 4320
2540 CONNECTION 182 145 -1 -1 3060 3060
2541 CONNECTION 182 165 -1 -1 3600 3600
2542 CONNECTION 182 219 -1 -1 4260 4260
2543 CONNECTION 182 14 300 4020 6120 6120
2544 CONNECTION 182 255 300 3300 5400 5400
2545 CONNECTION 182 273 300 3360 5460 5460
2546 CONNECTION 182 128 300 5820 7920 7920
2547 CONNECTION 182 33 300 4560 6660 6660
2548 CONNECTION 182 71 300 5100 7200 7200
2549 CONNECTION 182 91 300 5760 7860 7860
2550 CONNECTION 182 204 300 7620 9720 9720
2551 CONNECTION 253 32 -1 -1 3780 3780
2552 CONNECTION 253 289 -1 -1 2400 2400
2553 CONNECTION 253 13 -1 -1 3060 3060
2554 CONNECTION 253 90 -1 -1 4980 4980
2555 CONNECTION 253 50 -1 -1 3600 3600
2556 CONNECTION 253 146 300 4080 6180 6180
2557 CONNECTION 253 108 300 2700 4800 4800
2558 CONNECTION 253 127 300 2760 4860 4860
2559 CONNECTION 253 220 300 5280 7380 7380
2560 CONNECTION 253 184 300 3900 6000 6000
2561 CONNECTION 253 203 300 4560 6660 6660
2562 CONNECTION 253 274 300 6480 8580 8580
2563 CONNECTION 253 237 300 5100 7200 7200
2564 CONNECTION 253 34 300 7680 9780 9780
2565 CONNECTION 253 291 300 6300 8400 8400
2566 CONNECTION 253 15 300 6360 8460 8460
2567 SINK 253 0 -1 -1 0 0
2568 CONNECTION 164 165 -1 -1 1500 1500
2569 CONNECTION 164 219 -1 -1 2160 2160
2570 CONNECTION 164 14 -1 -1 4020 4020
2571 CONNECTION 164 255 -1 -1 3300 3300
2572 CONNECTION 164 273 -1 -1 3360 3360
2573 CONNECTION 164 128 -1 -1 5820 5820
2574 CONNECTION 164 33 300 2460 4560 4560
2575 CONNECTION 164 71 300 3000 5100 5100
2576 CONNECTION 164 91 300 3660 5760 5760
2577 CONNECTION 164 204 300 5520 7620 7620
2578 CONNECTION 164 167 300 4800 6900 6900
2579 CONNECTION 164 147 300 4860 6960 6960
2580 CONNECTION 164 16 300 7320 9420 9420
2581 CONNECTION 164 221 300 6060 8160 8160
2582 CONNECTION 49 50 -1 -1 1500 1500
2583 CONNECTION 49 146 -1 -1 4080 4080
2584 CONNECTION 49 108 -1 -1 2700 2700
2585 CONNECTION 49 127 -1 -1 2760 2760
2586 CONNECTION 49 220 -1 -1 5280 5280
2587 CONNECTION 49 184 -1 -1 3900 3900
2588 CONNECTION 49 203 300 2460 4560 4560
2589 CONNECTION 49 274 300 4380 6480 6480
2590 CONNECTION 49 237 300 3000 5100 5100
2591 CONNECTION 49 34 300 5580 7680 7680
2592 CONNECTION 49 291 300 4200 6300 6300
2593 CONNECTION 49 15 300 4260 6360 6360
2594 CONNECTION 49 92 300 6780 8880 8880
2595 CONNECTION 49 52 300 5400 7500 7500
2596 CONNECTION 49 129 300 6060 8160 8160
2597 CONNECTION 49 148 300 7980 10080 10080
2598 SINK 49 0 -1 -1 0 0
2599 CONNECTION 31 32 -1 -1 3120 3120
2600 CONNECTION 31 13 -1 -1 2400 2400
2601 CONNECTION 31 90 -1 -1 4320 4320
2602 CONNECTION 31 50 -1 -1 2940 2940
2603 CONNECTION 31 146 -1 -1 5520 5520
2604 CONNECTION 31 108 -1 -1 4140 4140
2605 CONNECTION 31 127 -1 -1 4200 4200
2606 CONNECTION 31 220 300 4620 6720 6720
2607 CONNECTION 31 184 300 3240 5340 5340
2608 CONNECTION 31 203 300 3900 6000 6000
2609 CONNECTION 31 274 300 5820 7920 7920
2610 CONNECTION 31 237 300 4440 6540 6540
2611 CONNECTION 31 34 300 7020 9120 9120
2612 CONNECTION 31 291 300 5640 7740 7740
2613 CONNECTION 31 15 300 5700 7800 7800
2614 SINK 31 0 -1 -1 0 0
2615 CONNECTION 126 290 -1 -1 4380 4380
2616 CONNECTION 126 166 -1 -1 4980 4980
2617 CONNECTION 126 51 -1 -1 5580 5580
2618 CONNECTION 126 256 300 4680 6780 6780
2619 CONNECTION 126 109 300 4680 6780 6780
2620 CONNECTION 126 185 300 5880 7980 7980
2621 CONNECTION 126 72 300 6480 8580 8580
2622 CONNECTION 126 238 300 7080 9180 9180
2623 CONNECTION 272 290 -1 -1 4320 4320
2624 CONNECTION 272 166 -1 -1 4920 4920
2625 CONNECTION 272 51 -1 -1 5520 5520
2626 CONNECTION 272 256 300 4620 6720 6720
2627 CONNECTION 272 109 300 4620 6720 6720
2628 CONNECTION 272 185 300 5820 7920 7920
2629 CONNECTION 272 72 300 6420 8520 8520
2630 CONNECTION 272 238 300 7020 9120 9120
2631 CONNECTION 235 165 -1 -1 2400 2400
2632 CONNECTION 235 219 -1 -1 3060 3060
2633 CONNECTION 235 14 -1 -1 4920 4920
2634 CONNECTION 235 255 -1 -1 4200 4200
2635 CONNECTION 235 273 -1 -1 4260 4260
2636 CONNECTION 235 128 300 4620 6720 6720
2637 CONNECTION 235 33 300 3360 5460 5460
2638 CONNECTION 235 71 300 3900 6000 6000
2639 CONNECTION 235 91 300 4560 6660 6660
2640 CONNECTION 235 204 300 6420 8520 8520
2641 CONNECTION 235 167 300 5700 7800 7800
2642 CONNECTION 235 147 300 5760 7860 7860
2643 CONNECTION 201 202 -1 -1 3060 3060
2644 CONNECTION 201 165 -1 -1 2340 2340
2645 CONNECTION 201 219 -1 -1 3000 3000
2646 CONNECTION 201 14 -1 -1 4860 4860
2647 CONNECTION 201 255 -1 -1 4140 4140
2648 CONNECTION 201 273 -1 -1 4200 4200
2649 CONNECTION 201 128 300 4560 6660 6660
2650 CONNECTION 201 33 300 3300 5400 5400
2651 CONNECTION 201 71 300 3840 5940 5940
2652 CONNECTION 201 91 300 4500 6600 6600
2653 CONNECTION 201 204 300 6360 8460 8460
2654 CONNECTION 201 167 300 5640 7740 7740
2655 CONNECTION 201 147 300 5700 7800 7800
2656 CONNECTION 69 146 -1 -1 4380 4380
2657 CONNECTION 69 108 -1 -1 3000 3000
2658 CONNECTION 69 127 -1 -1 3060 3060
2659 CONNECTION 69 220 -1 -1 5580 5580
2660 CONNECTION 69 184 -1 -1 4200 4200
2661 CONNECTION 69 203 300 2760 4860 4860
2662 CONNECTION 69 274 300 4680 6780 6780
2663 CONNECTION 69 237 300 3300 5400 5400
2664 CONNECTION 69 34 300 5880 7980 7980
2665 CONNECTION 69 291 300 4500 6600 6600
2666 CONNECTION 69 15 300 4560 6660 6660
2667 CONNECTION 69 92 300 7080 9180 9180
2668 CONNECTION 69 52 300 5700 7800 7800
2669 CONNECTION 69 129 300 6360 8460 8460
2670 SINK 69 0 -1 -1 0 0
2671 CONNECTION 107 108 -1 -1 1500 1500
2672 CONNECTION 107 220 -1 -1 4080 4080
2673 CONNECTION 107 184 -1 -1 2700 2700
2674 CONNECTION 107 203 -1 -1 3360 3360
2675 CONNECTION 107 274 -1 -1 5280 5280
2676 CONNECTION 107 237 -1 -1 3900 3900
2677 CONNECTION 107 34 300 4380 6480 6480
2678 CONNECTION 107 291 300 3000 5100 5100
2679 CONNECTION 107 15 300 3060 5160 5160
2680 CONNECTION 107 92 300 5580 7680 7680
2681 CONNECTION 107 52 300 4200 6300 6300
2682 CONNECTION 107 129 300 4860 6960 6960
2683 CONNECTION 107 148 300 6780 8880 8880
2684 CONNECTION 107 110 300 5400 7500 7500
2685 CONNECTION 107 222 300 7980 10080 10080
2686 SINK 107 0 -1 -1 0 0
2687 CONNECTION 89 90 -1 -1 3120 3120
2688 CONNECTION 89 146 -1 -1 4320 4320
2689 CONNECTION 89 108 -1 -1 2940 2940
2690 CONNECTION 89 127 -1 -1 3000 3000
2691 CONNECTION 89 220 -1 -1 5520 5520
2692 CONNECTION 89 184 -1 -1 4140 4140
2693 CONNECTION 89 203 300 2700 4800 4800
2694 CONNECTION 89 274 300 4620 6720 6720
2695 CONNECTION 89 237 300 3240 5340 5340
2696 CONNECTION 89 34 300 5820 7920 7920
2697 CONNECTION 89 291 300 4440 6540 6540
2698 CONNECTION 89 15 300 4500 6600 6600
2699 CONNECTION 89 92 300 7020 9120 9120
2700 CONNECTION 89 52 300 5640 7740 7740
2701 CONNECTION 89 129 300 6300 8400 8400
2702 SINK 89 0 -1 -1 0 0
2703 CONNECTION 32 166 -1 -1 3720 3720
2704 CONNECTION 32 51 -1 -1 4320 4320
2705 CONNECTION 32 256 -1 -1 5520 5520
2706 CONNECTION 32 109 -1 -1 5520 5520
2707 CONNECTION 32 185 300 4620 6720 6720
2708 CONNECTION 32 72 300 5220 7320 7320
2709 CONNECTION 32 238 300 5820 7920 7920
2710 CONNECTION 32 168 300 7020 9120 9120
2711 CONNECTION 32 292 300 7020 9120 9120
2712 CONNECTION 254 255 -1 -1 1500 1500
2713 CONNECTION 254 128 -1 -1 4020 4020
2714 CONNECTION 254 33 -1 -1 2760 2760
2715 CONNECTION 254 71 -1 -1 3300 3300
2716 CONNECTION 254 91 -1 -1 3960 3960
2717 CONNECTION 254 204 -1 -1 5820 5820
2718 CONNECTION 254 167 300 3000 5100 5100
2719 CONNECTION 254 147 300 3060 5160 5160
2720 CONNECTION 254 16 300 5520 7620 7620
2721 CONNECTION 254 221 300 4260 6360 6360
2722 CONNECTION 254 257 300 4800 6900 6900
2723 CONNECTION 254 275 300 5460 7560 7560
2724 CONNECTION 254 130 300 7320 9420 9420
2725 CONNECTION 289 14 -1 -1 3720 3720
2726 CONNECTION 289 255 -1 -1 3000 3000
2727 CONNECTION 289 273 -1 -1 3060 3060
2728 CONNECTION 289 128 -1 -1 5520 5520
2729 CONNECTION 289 33 -1 -1 4260 4260
2730 CONNECTION 289 71 300 2700 4800 4800
2731 CONNECTION 289 91 300 3360 5460 5460
2732 CONNECTION 289 204 300 5220 7320 7320
2733 CONNECTION 289 167 300 4500 6600 6600
2734 CONNECTION 289 147 300 4560 6660 6660
2735 CONNECTION 289 16 300 7020 9120 9120
2736 CONNECTION 289 221 300 5760 7860 7860
2737 CONNECTION 289 257 300 6300 8400 8400
2738 CONNECTION 202 51 -1 -1 3780 3780
2739 CONNECTION 202 256 -1 -1 4980 4980
2740 CONNECTION 202 109 -1 -1 4980 4980
2741 CONNECTION 202 185 300 4080 6180 6180
2742 CONNECTION 202 72 300 4680 6780 6780
2743 CONNECTION 202 238 300 5280 7380 7380
2744 CONNECTION 202 168 300 6480 8580 8580
2745 CONNECTION 202 292 300 6480 8580 8580
2746 CONNECTION 202 53 300 7680 9780 9780
2747 CONNECTION 183 184 -1 -1 1500 1500
2748 CONNECTION 183 203 -1 -1 2160 2160
2749 CONNECTION 183 274 -1 -1 4080 4080
2750 CONNECTION 183 237 -1 -1 2700 2700
2751 CONNECTION 183 34 -1 -1 5280 5280
2752 CONNECTION 183 291 -1 -1 3900 3900
2753 CONNECTION 183 15 -1 -1 3960 3960
2754 CONNECTION 183 92 300 4380 6480 6480
2755 CONNECTION 183 52 300 3000 5100 5100
2756 CONNECTION 183 129 300 3660 5760 5760
2757 CONNECTION 183 148 300 5580 7680 7680
2758 CONNECTION 183 110 300 4200 6300 6300
2759 CONNECTION 183 222 300 6780 8880 8880
2760 CONNECTION 183 186 300 5400 7500 7500
2761 CONNECTION 183 205 300 5460 7560 7560
2762 CONNECTION 183 276 300 7980 10080 10080
2763 SINK 183 0 -1 -1 0 0
2764 CONNECTION 13 14 -1 -1 3060 3060
2765 CONNECTION 13 255 -1 -1 2340 2340
2766 CONNECTION 13 273 -1 -1 2400 2400
2767 CONNECTION 13 128 -1 -1 4860 4860
2768 CONNECTION 13 33 -1 -1 3600 3600
2769 CONNECTION 13 71 -1 -1 4140 4140
2770 CONNECTION 13 91 300 2700 4800 4800
2771 CONNECTION 13 204 300 4560 6660 6660
2772 CONNECTION 13 167 300 3840 5940 5940
2773 CONNECTION 13 147 300 3900 6000 6000
2774 CONNECTION 13 16 300 6360 8460 8460
2775 CONNECTION 13 221 300 5100 7200 7200
2776 CONNECTION 13 257 300 5640 7740 7740
2777 CONNECTION 13 275 300 6300 8400 8400
2778 CONNECTION 145 146 -1 -1 3120 3120
2779 CONNECTION 145 220 -1 -1 4320 4320
2780 CONNECTION 145 184 -1 -1 2940 2940
2781 CONNECTION 145 203 -1 -1 3600 3600
2782 CONNECTION 145 274 -1 -1 5520 5520
2783 CONNECTION 145 237 -1 -1 4140 4140
2784 CONNECTION 145 34 300 4620 6720 6720
2785 CONNECTION 145 291 300 3240 5340 5340
2786 CONNECTION 145 15 300 3300 5400 5400
2787 CONNECTION 145 92 300 5820 7920 7920
2788 CONNECTION 145 52 300 4440 6540 6540
2789 CONNECTION 145 129 300 5100 7200 7200
2790 CONNECTION 145 148 300 7020 9120 9120
2791 CONNECTION 145 110 300 5640 7740 7740
2792 SINK 145 0 -1 -1 0 0
2793 CONNECTION 90 256 -1 -1 4320 4320
2794 CONNECTION 90 109 -1 -1 4320 4320
2795 CONNECTION 90 185 -1 -1 5520 5520
2796 CONNECTION 90 72 300 4020 6120 6120
2797 CONNECTION 90 238 300 4620 6720 6720
2798 CONNECTION 90 168 300 5820 7920 7920
2799 CONNECTION 90 292 300 5820 7920 7920
2800 CONNECTION 90 53 300 7020 9120 9120
2801 CONNECTION 90 258 300 7620 9720 9720
2802 CONNECTION 50 128 -1 -1 4320 4320
2803 CONNECTION 50 33 -1 -1 3060 3060
2804 CONNECTION 50 71 -1 -1 3600 3600
2805 CONNECTION 50 91 -1 -1 4260 4260
2806 CONNECTION 50 204 300 4020 6120 6120
2807 CONNECTION 50 167 300 3300 5400 5400
2808 CONNECTION 50 147 300 3360 5460 5460
2809 CONNECTION 50 16 300 5820 7920 7920
2810 CONNECTION 50 221 300 4560 6660 6660
2811 CONNECTION 50 257 300 5100 7200 7200
2812 CONNECTION 50 275 300 5760 7860 7860
2813 CONNECTION 50 130 300 7620 9720 9720
2814 CONNECTION 165 220 -1 -1 3780 3780
2815 CONNECTION 165 184 -1 -1 2400 2400
2816 CONNECTION 165 203 -1 -1 3060 3060
2817 CONNECTION 165 274 -1 -1 4980 4980
2818 CONNECTION 165 237 -1 -1 3600 3600
2819 CONNECTION 165 34 300 4080 6180 6180
2820 CONNECTION 165 291 300 2700 4800 4800
2821 CONNECTION 165 15 300 2760 4860 4860
2822 CONNECTION 165 92 300 5280 7380 7380
2823 CONNECTION 165 52 300 3900 6000 6000
2824 CONNECTION 165 129 300 4560 6660 6660
2825 CONNECTION 165 148 300 6480 8580 8580
2826 CONNECTION 165 110 300 5100 7200 7200
2827 CONNECTION 165 222 300 7680 9780 9780
2828 CONNECTION 165 186 300 6300 8400 8400
2829 CONNECTION 165 205 300 6360 8460 8460
2830 SINK 165 0 -1 -1 0 0
2831 CONNECTION 70 71 -1 -1 1500 1500
2832 CONNECTION 70 91 -1 -1 2160 2160
2833 CONNECTION 70 204 -1 -1 4020 4020
2834 CONNECTION 70 167 -1 -1 3300 3300
2835 CONNECTION 70 147 -1 -1 3360 3360
2836 CONNECTION 70 16 -1 -1 5820 5820
2837 CONNECTION 70 221 300 2460 4560 4560
2838 CONNECTION 70 257 300 3000 5100 5100
2839 CONNECTION 70 275 300 3660 5760 5760
2840 CONNECTION 70 130 300 5520 7620 7620
2841 CONNECTION 70 73 300 4800 6900 6900
2842 CONNECTION 70 35 300 4860 6960 6960
2843 CONNECTION 70 206 300 7320 9420 9420
2844 CONNECTION 70 93 300 6060 8160 8160
2845 CONNECTION 236 237 -1 -1 1500 1500
2846 CONNECTION 236 34 -1 -1 4080 4080
2847 CONNECTION 236 291 -1 -1 2700 2700
2848 CONNECTION 236 15 -1 -1 2760 2760
2849 CONNECTION 236 92 -1 -1 5280 5280
2850 CONNECTION 236 52 -1 -1 3900 3900
2851 CONNECTION 236 129 300 2460 4560 4560
2852 CONNECTION 236 148 300 4380 6480 6480
2853 CONNECTION 236 110 300 3000 5100 5100
2854 CONNECTION 236 222 300 5580 7680 7680
2855 CONNECTION 236 186 300 4200 6300 6300
2856 CONNECTION 236 205 300 4260 6360 6360
2857 CONNECTION 236 276 300 6780 8880 8880
2858 CONNECTION 236 239 300 5400 7500 7500
2859 CONNECTION 236 17 300 6060 8160 8160
2860 CONNECTION 236 36 300 7980 10080 10080
2861 SINK 236 0 -1 -1 0 0
2862 CONNECTION 219 220 -1 -1 3120 3120
2863 CONNECTION 219 203 -1 -1 2400 2400
2864 CONNECTION 219 274 -1 -1 4320 4320
2865 CONNECTION 219 237 -1 -1 2940 2940
2866 CONNECTION 219 34 -1 -1 5520 5520
2867 CONNECTION 219 291 -1 -1 4140 4140
2868 CONNECTION 219 15 -1 -1 4200 4200
2869 CONNECTION 219 92 300 4620 6720 6720
2870 CONNECTION 219 52 300 3240 5340 5340
2871 CONNECTION 219 129 300 3900 6000 6000
2872 CONNECTION 219 148 300 5820 7920 7920
2873 CONNECTION 219 110 300 4440 6540 6540
2874 CONNECTION 219 222 300 7020 9120 9120
2875 CONNECTION 219 186 300 5640 7740 7740
2876 CONNECTION 219 205 300 5700 7800 7800
2877 SINK 219 0 -1 -1 0 0
2878 CONNECTION 14 185 -1 -1 4380 4380
2879 CONNECTION 14 72 -1 -1 4980 4980
2880 CONNECTION 14 238 -1 -1 5580 5580
2881 CONNECTION 14 168 300 4680 6780 6780
2882 CONNECTION 14 292 300 4680 6780 6780
2883 CONNECTION 14 53 300 5880 7980 7980
2884 CONNECTION 14 258 300 6480 8580 8580
2885 CONNECTION 14 111 300 7080 9180 9180
2886 CONNECTION 146 185 -1 -1 4320 4320
2887 CONNECTION 146 72 -1 -1 4920 4920
2888 CONNECTION 146 238 -1 -1 5520 5520
2889 CONNECTION 146 168 300 4620 6720 6720
2890 CONNECTION 146 292 300 4620 6720 6720
2891 CONNECTION 146 53 300 5820 7920 7920
2892 CONNECTION 146 258 300 6420 8520 8520
2893 CONNECTION 146 111 300 7020 9120 9120
2894 CONNECTION 108 71 -1 -1 2400 2400
2895 CONNECTION 108 91 -1 -1 3060 3060
2896 CONNECTION 108 204 -1 -1 4920 4920
2897 CONNECTION 108 167 -1 -1 4200 4200
2898 CONNECTION 108 147 -1 -1 4260 4260
2899 CONNECTION 108 16 300 4620 6720 6720
2900 CONNECTION 108 221 300 3360 5460 5460
2901 CONNECTION 108 257 300 3900 6000 6000
2902 CONNECTION 108 275 300 4560 6660 6660
2903 CONNECTION 108 130 300 6420 8520 8520
2904 CONNECTION 108 73 300 5700 7800 7800
2905 CONNECTION 108 35 300 5760 7860 7860
2906 CONNECTION 127 128 -1 -1 3060 3060
2907 CONNECTION 127 71 -1 -1 2340 2340
2908 CONNECTION 127 91 -1 -1 3000 3000
2909 CONNECTION 127 204 -1 -1 4860 4860
2910 CONNECTION 127 167 -1 -1 4140 4140
2911 CONNECTION 127 147 -1 -1 4200 4200
2912 CONNECTION 127 16 300 4560 6660 6660
2913 CONNECTION 127 221 300 3300 5400 5400
2914 CONNECTION 127 257 300 3840 5940 5940
2915 CONNECTION 127 275 300 4500 6600 6600
2916 CONNECTION 127 130 300 6360 8460 8460
2917 CONNECTION 127 73 300 5640 7740 7740
2918 CONNECTION 127 35 300 5700 7800 7800
2919 CONNECTION 255 34 -1 -1 4380 4380
2920 CONNECTION 255 291 -1 -1 3000 3000
2921 CONNECTION 255 15 -1 -1 3060 3060
2922 CONNECTION 255 92 -1 -1 5580 5580
2923 CONNECTION 255 52 -1 -1 4200 4200
2924 CONNECTION 255 129 300 2760 4860 4860
2925 CONNECTION 255 148 300 4680 6780 6780
2926 CONNECTION 255 110 300 3300 5400 5400
2927 CONNECTION 255 222 300 5880 7980 7980
2928 CONNECTION 255 186 300 4500 6600 6600
2929 CONNECTION 255 205 300 4560 6660 6660
2930 CONNECTION 255 276 300 7080 9180 9180
2931 CONNECTION 255 239 300 5700 7800 7800
2932 CONNECTION 255 17 300 6360 8460 8460
2933 SINK 255 0 -1 -1 0 0
2934 CONNECTION 290 291 -1 -1 1500 1500
2935 CONNECTION 290 92 -1 -1 4080 4080
2936 CONNECTION 290 52 -1 -1 2700 2700
2937 CONNECTION 290 129 -1 -1 3360 3360
2938 CONNECTION 290 148 -1 -1 5280 5280
2939 CONNECTION 290 110 -1 -1 3900 3900
2940 CONNECTION 290 222 300 4380 6480 6480
2941 CONNECTION 290 186 300 3000 5100 5100
2942 CONNECTION 290 205 300 3060 5160 5160
2943 CONNECTION 290 276 300 5580 7680 7680
2944 CONNECTION 290 239 300 4200 6300 6300
2945 CONNECTION 290 17 300 4860 6960 6960
2946 CONNECTION 290 36 300 6780 8880 8880
2947 CONNECTION 290 293 300 5400 7500 7500
2948 CONNECTION 290 94 300 7980 10080 10080
2949 SINK 290 0 -1 -1 0 0
2950 CONNECTION 273 274 -1 -1 3120 3120
2951 CONNECTION 273 34 -1 -1 4320 4320
2952 CONNECTION 273 291 -1 -1 2940 2940
2953 CONNECTION 273 15 -1 -1 3000 3000
2954 CONNECTION 273 92 -1 -1 5520 5520
2955 CONNECTION 273 52 -1 -1 4140 4140
2956 CONNECTION 273 129 300 2700 4800 4800
2957 CONNECTION 273 148 300 4620 6720 6720
2958 CONNECTION 273 110 300 3240 5340 5340
2959 CONNECTION 273 222 300 5820 7920 7920
2960 CONNECTION 273 186 300 4440 6540 6540
2961 CONNECTION 273 205 300 4500 6600 6600
2962 CONNECTION 273 276 300 7020 9120 9120
2963 CONNECTION 273 239 300 5640 7740 7740
2964 CONNECTION 273 17 300 6300 8400 8400
2965 SINK 273 0 -1 -1 0 0
2966 CONNECTION 220 72 -1 -1 3720 3720
2967 CONNECTION 220 238 -1 -1 4320 4320
2968 CONNECTION 220 168 -1 -1 5520 5520
2969 CONNECTION 220 292 -1 -1 5520 5520
2970 CONNECTION 220 53 300 4620 6720 6720
2971 CONNECTION 220 258 300 5220 7320 7320
2972 CONNECTION 220 111 300 5820 7920 7920
2973 CONNECTION 220 74 300 7020 9120 9120
2974 CONNECTION 220 187 300 7020 9120 9120
2975 CONNECTION 166 167 -1 -1 1500 1500
2976 CONNECTION 166 16 -1 -1 4020 4020
2977 CONNECTION 166 221 -1 -1 2760 2760
2978 CONNECTION 166 257 -1 -1 3300 3300
2979 CONNECTION 166 275 -1 -1 3960 3960
2980 CONNECTION 166 130 -1 -1 5820 5820
2981 CONNECTION 166 73 300 3000 5100 5100
2982 CONNECTION 166 35 300 3060 5160 5160
2983 CONNECTION 166 206 300 5520 7620 7620
2984 CONNECTION 166 93 300 4260 6360 6360
2985 CONNECTION 166 169 300 4800 6900 6900
2986 CONNECTION 166 149 300 5460 7560 7560
2987 CONNECTION 166 18 300 7320 9420 9420
2988 CONNECTION 184 204 -1 -1 3720 3720
2989 CONNECTION 184 167 -1 -1 3000 3000
2990 CONNECTION 184 147 -1 -1 3060 3060
2991 CONNECTION 184 16 -1 -1 5520 5520
2992 CONNECTION 184 221 -1 -1 4260 4260
2993 CONNECTION 184 257 300 2700 4800 4800
2994 CONNECTION 184 275 300 3360 5460 5460
2995 CONNECTION 184 130 300 5220 7320 7320
2996 CONNECTION 184 73 300 4500 6600 6600
2997 CONNECTION 184 35 300 4560 6660 6660
2998 CONNECTION 184 206 300 7020 9120 9120
2999 CONNECTION 184 93 300 5760 7860 7860
3000 CONNECTION 184 169 300 6300 8400 8400
3001 CONNECTION 128 238 -1 -1 3780 3780
3002 CONNECTION 128 168 -1 -1 4980 4980
3003 CONNECTION 128 292 -1 -1 4980 4980
3004 CONNECTION 128 53 300 4080 6180 6180
3005 CONNECTION 128 258 300 4680 6780 6780
3006 CONNECTION 128 111 300 5280 7380 7380
3007 CONNECTION 128 74 300 6480 8580 8580
3008 CONNECTION 128 187 300 6480 8580 8580
3009 CONNECTION 128 240 300 7680 9780 9780
3010 CONNECTION 51 52 -1 -1 1500 1500
3011 CONNECTION 51 129 -1 -1 2160 2160
3012 CONNECTION 51 148 -1 -1 4080 4080
3013 CONNECTION 51 110 -1 -1 2700 2700
3014 CONNECTION 51 222 -1 -1 5280 5280
3015 CONNECTION 51 186 -1 -1 3900 3900
3016 CONNECTION 51 205 -1 -1 3960 3960
3017 CONNECTION 51 276 300 4380 6480 6480
3018 CONNECTION 51 239 300 3000 5100 5100
3019 CONNECTION 51 17 300 3660 5760 5760
3020 CONNECTION 51 36 300 5580 7680 7680
3021 CONNECTION 51 293 300 4200 6300 6300
3022 CONNECTION 51 94 300 6780 8880 8880
3023 CONNECTION 51 54 300 5400 7500 7500
3024 CONNECTION 51 131 300 5460 7560 7560
3025 CONNECTION 51 150 300 7980 10080 10080
3026 SINK 51 0 -1 -1 0 0
3027 CONNECTION 33 34 -1 -1 3120 3120
3028 CONNECTION 33 92 -1 -1 4320 4320
3029 CONNECTION 33 52 -1 -1 2940 2940
3030 CONNECTION 33 129 -1 -1 3600 3600
3031 CONNECTION 33 148 -1 -1 5520 5520
3032 CONNECTION 33 110 -1 -1 4140 4140
3033 CONNECTION 33 222 300 4620 6720 6720
3034 CONNECTION 33 186 300 3240 5340 5340
3035 CONNECTION 33 205 300 3300 5400 5400
3036 CONNECTION 33 276 300 5820 7920 7920
3037 CONNECTION 33 239 300 4440 6540 6540
3038 CONNECTION 33 17 300 5100 7200 7200
3039 CONNECTION 33 36 300 7020 9120 9120
3040 CONNECTION 33 293 300 5640 7740 7740
3041 SINK 33 0 -1 -1 0 0
3042 CONNECTION 203 204 -1 -1 3060 3060
3043 CONNECTION 203 167 -1 -1 2340 2340
3044 CONNECTION 203 147 -1 -1 2400 2400
3045 CONNECTION 203 16 -1 -1 4860 4860
3046 CONNECTION 203 221 -1 -1 3600 3600
3047 CONNECTION 203 257 -1 -1 4140 4140
3048 CONNECTION 203 275 300 2700 4800 4800
3049 CONNECTION 203 130 300 4560 6660 6660
3050 CONNECTION 203 73 300 3840 5940 5940
3051 CONNECTION 203 35 300 3900 6000 6000
3052 CONNECTION 203 206 300 6360 8460 8460
3053 CONNECTION 203 93 300 5100 7200 7200
3054 CONNECTION 203 169 300 5640 7740 7740
3055 CONNECTION 203 149 300 6300 8400 8400
3056 CONNECTION 274 168 -1 -1 4320 4320
3057 CONNECTION 274 292 -1 -1 4320 4320
3058 CONNECTION 274 53 -1 -1 5520 5520
3059 CONNECTION 274 258 300 4020 6120 6120
3060 CONNECTION 274 111 300 4620 6720 6720
3061 CONNECTION 274 74 300 5820 7920 7920
3062 CONNECTION 274 187 300 5820 7920 7920
3063 CONNECTION 274 240 300 7020 9120 9120
3064 CONNECTION 274 170 300 7620 9720 9720
3065 CONNECTION 71 92 -1 -1 3780 3780
3066 CONNECTION 71 52 -1 -1 2400 2400
3067 CONNECTION 71 129 -1 -1 3060 3060
3068 CONNECTION 71 148 -1 -1 4980 4980
3069 CONNECTION 71 110 -1 -1 3600 3600
3070 CONNECTION 71 222 300 4080 6180 6180
3071 CONNECTION 71 186 300 2700 4800 4800
3072 CONNECTION 71 205 300 2760 4860 4860
3073 CONNECTION 71 276 300 5280 7380 7380
3074 CONNECTION 71 239 300 3900 6000 6000
3075 CONNECTION 71 17 300 4560 6660 6660
3076 CONNECTION 71 36 300 6480 8580 8580
3077 CONNECTION 71 293 300 5100 7200 7200
3078 CONNECTION 71 94 300 7680 9780 9780
3079 CONNECTION 71 54 300 6300 8400 8400
3080 CONNECTION 71 131 300 6360 8460 8460
3081 SINK 71 0 -1 -1 0 0
3082 CONNECTION 237 16 -1 -1 4320 4320
3083 CONNECTION 237 221 -1 -1 3060 3060
3084 CONNECTION 237 257 -1 -1 3600 3600
3085 CONNECTION 237 275 -1 -1 4260 4260
3086 CONNECTION 237 130 300 4020 6120 6120
3087 CONNECTION 237 73 300 3300 5400 5400
3088 CONNECTION 237 35 300 3360 5460 5460
3089 CONNECTION 237 206 300 5820 7920 7920
3090 CONNECTION 237 93 300 4560 6660 6660
3091 CONNECTION 237 169 300 5100 7200 7200
3092 CONNECTION 237 149 300 5760 7860 7860
3093 CONNECTION 237 18 300 7620 9720 9720
3094 CONNECTION 256 257 -1 -1 1500 1500
3095 CONNECTION 256 275 -1 -1 2160 2160
3096 CONNECTION 256 130 -1 -1 4020 4020
3097 CONNECTION 256 73 -1 -1 3300 3300
3098 CONNECTION 256 35 -1 -1 3360 3360
3099 CONNECTION 256 206 -1 -1 5820 5820
3100 CONNECTION 256 93 300 2460 4560 4560
3101 CONNECTION 256 169 300 3000 5100 5100
3102 CONNECTION 256 149 300 3660 5760 5760
3103 CONNECTION 256 18 300 5520 7620 7620
3104 CONNECTION 256 259 300 4800 6900 6900
3105 CONNECTION 256 223 300 4860 6960 6960
3106 CONNECTION 256 132 300 7320 9420 9420
3107 CONNECTION 256 277 300 6060 8160 8160
3108 CONNECTION 109 110 -1 -1 1500 1500
3109 CONNECTION 109 222 -1 -1 4080 4080
3110 CONNECTION 109 186 -1 -1 2700 2700
3111 CONNECTION 109 205 -1 -1 2760 2760
3112 CONNECTION 109 276 -1 -1 5280 5280
3113 CONNECTION 109 239 -1 -1 3900 3900
3114 CONNECTION 109 17 300 2460 4560 4560
3115 CONNECTION 109 36 300 4380 6480 6480
3116 CONNECTION 109 293 300 3000 5100 5100
3117 CONNECTION 109 94 300 5580 7680 7680
3118 CONNECTION 109 54 300 4200 6300 6300
3119 CONNECTION 109 131 300 4260 6360 6360
3120 CONNECTION 109 150 300 6780 8880 8880
3121 CONNECTION 109 112 300 5400 7500 7500
3122 CONNECTION 109 207 300 6060 8160 8160
3123 SINK 109 0 -1 -1 0 0
3124 CONNECTION 91 92 -1 -1 3120 3120
3125 CONNECTION 91 129 -1 -1 2400 2400
3126 CONNECTION 91 148 -1 -1 4320 4320
3127 CONNECTION 91 110 -1 -1 2940 2940
3128 CONNECTION 91 222 -1 -1 5520 5520
3129 CONNECTION 91 186 -1 -1 4140 4140
3130 CONNECTION 91 205 -1 -1 4200 4200
3131 CONNECTION 91 276 300 4620 6720 6720
3132 CONNECTION 91 239 300 3240 5340 5340
3133 CONNECTION 91 17 300 3900 6000 6000
3134 CONNECTION 91 36 300 5820 7920 7920
3135 CONNECTION 91 293 300 4440 6540 6540
3136 CONNECTION 91 94 300 7020 9120 9120
3137 CONNECTION 91 54 300 5640 7740 7740
3138 CONNECTION 91 131 300 5700 7800 7800
3139 SINK 91 0 -1 -1 0 0
3140 CONNECTION 204 53 -1 -1 4380 4380
3141 CONNECTION 204 258 -1 -1 4980 4980
3142 CONNECTION 204 111 -1 -1 5580 5580
3143 CONNECTION 204 74 300 4680 6780 6780
3144 CONNECTION 204 187 300 4680 6780 6780
3145 CONNECTION 204 240 300 5880 7980 7980
3146 CONNECTION 204 170 300 6480 8580 8580
3147 CONNECTION 204 294 300 7080 9180 9180
3148 CONNECTION 34 53 -1 -1 4320 4320
3149 CONNECTION 34 258 -1 -1 4920 4920
3150 CONNECTION 34 111 -1 -1 5520 5520
3151 CONNECTION 34 74 300 4620 6720 6720
3152 CONNECTION 34 187 300 4620 6720 6720
3153 CONNECTION 34 240 300 5820 7920 7920
3154 CONNECTION 34 170 300 6420 8520 8520
3155 CONNECTION 34 294 300 7020 9120 9120
3156 CONNECTION 291 257 -1 -1 2400 2400
3157 CONNECTION 291 275 -1 -1 3060 3060
3158 CONNECTION 291 130 -1 -1 4920 4920
3159 CONNECTION 291 73 -1 -1 4200 4200
3160 CONNECTION 291 35 -1 -1 4260 4260
3161 CONNECTION 291 206 300 4620 6720 6720
3162 CONNECTION 291 93 300 3360 5460 5460
3163 CONNECTION 291 169 300 3900 6000 6000
3164 CONNECTION 291 149 300 4560 6660 6660
3165 CONNECTION 291 18 300 6420 8520 8520
3166 CONNECTION 291 259 300 5700 7800 7800
3167 CONNECTION 291 223 300 5760 7860 7860
3168 CONNECTION 15 16 -1 -1 3060 3060
3169 CONNECTION 15 257 -1 -1 2340 2340
3170 CONNECTION 15 275 -1 -1 3000 3000
3171 CONNECTION 15 130 -1 -1 4860 4860
3172 CONNECTION 15 73 -1 -1 4140 4140
3173 CONNECTION 15 35 -1 -1 4200 4200
3174 CONNECTION 15 206 300 4560 6660 6660
3175 CONNECTION 15 93 300 3300 5400 5400
3176 CONNECTION 15 169 300 3840 5940 5940
3177 CONNECTION 15 149 300 4500 6600 6600
3178 CONNECTION 15 18 300 6360 8460 8460
3179 CONNECTION 15 259 300 5640 7740 7740
3180 CONNECTION 15 223 300 5700 7800 7800
3181 CONNECTION 167 222 -1 -1 4380 4380
3182 CONNECTION 167 186 -1 -1 3000 3000
3183 CONNECTION 167 205 -1 -1 3060 3060
3184 CONNECTION 167 276 -1 -1 5580 5580
3185 CONNECTION 167 239 -1 -1 4200 4200
3186 CONNECTION 167 17 300 2760 4860 4860
3187 CONNECTION 167 36 300 4680 6780 6780
3188 CONNECTION 167 293 300 3300 5400 5400
3189 CONNECTION 167 94 300 5880 7980 7980
3190 CONNECTION 167 54 300 4500 6600 6600
3191 CONNECTION 167 131 300 4560 6660 6660
3192 CONNECTION 167 150 300 7080 9180 9180
3193 CONNECTION 167 112 300 5700 7800 7800
3194 CONNECTION 167 207 300 6360 8460 8460
3195 SINK 167 0 -1 -1 0 0
3196 CONNECTION 185 186 -1 -1 1500 1500
3197 CONNECTION 185 276 -1 -1 4080 4080
3198 CONNECTION 185 239 -1 -1 2700 2700
3199 CONNECTION 185 17 -1 -1 3360 3360
3200 CONNECTION 185 36 -1 -1 5280 5280
3201 CONNECTION 185 293 -1 -1 3900 3900
3202 CONNECTION 185 94 300 4380 6480 6480
3203 CONNECTION 185 54 300 3000 5100 5100
3204 CONNECTION 185 131 300 3060 5160 5160
3205 CONNECTION 185 150 300 5580 7680 7680
3206 CONNECTION 185 112 300 4200 6300 6300
3207 CONNECTION 185 207 300 4860 6960 6960
3208 CONNECTION 185 188 300 5400 7500 7500
3209 SINK 185 0 -1 -1 0 0
3210 CONNECTION 147 148 -1 -1 3120 3120
3211 CONNECTION 147 222 -1 -1 4320 4320
3212 CONNECTION 147 186 -1 -1 2940 2940
3213 CONNECTION 147 205 -1 -1 3000 3000
3214 CONNECTION 147 276 -1 -1 5520 5520
3215 CONNECTION 147 239 -1 -1 4140 4140
3216 CONNECTION 147 17 300 2700 4800 4800
3217 CONNECTION 147 36 300 4620 6720 6720
3218 CONNECTION 147 293 300 3240 5340 5340
3219 CONNECTION 147 94 300 5820 7920 7920
3220 CONNECTION 147 54 300 4440 6540 6540
3221 CONNECTION 147 131 300 4500 6600 6600
3222 CONNECTION 147 150 300 7020 9120 9120
3223 CONNECTION 147 112 300 5640 7740 7740
3224 CONNECTION 147 207 300 6300 8400 8400
3225 SINK 147 0 -1 -1 0 0
3226 CONNECTION 92 258 -1 -1 3720 3720
3227 CONNECTION 92 111 -1 -1 4320 4320
3228 CONNECTION 92 74 -1 -1 5520 5520
3229 CONNECTION 92 187 -1 -1 5520 5520
3230 CONNECTION 92 240 300 4620 6720 6720
3231 CONNECTION 92 170 300 5220 7320 7320
3232 CONNECTION 92 294 300 5820 7920 7920
3233 CONNECTION 92 260 300 7020 9120 9120
3234 CONNECTION 92 55 300 7020 9120 9120
3235 CONNECTION 72 73 -1 -1 1500 1500
3236 CONNECTION 72 206 -1 -1 4020 4020
3237 CONNECTION 72 93 -1 -1 2760 2760
3238 CONNECTION 72 169 -1 -1 3300 3300
3239 CONNECTION 72 149 -1 -1 3960 3960
3240 CONNECTION 72 18 -1 -1 5820 5820
3241 CONNECTION 72 259 300 3000 5100 5100
3242 CONNECTION 72 223 300 3060 5160 5160
3243 CONNECTION 72 132 300 5520 7620 7620
3244 CONNECTION 72 277 300 4260 6360 6360
3245 CONNECTION 72 75 300 4800 6900 6900
3246 CONNECTION 72 37 300 5460 7560 7560
3247 CONNECTION 52 130 -1 -1 3720 3720
3248 CONNECTION 52 73 -1 -1 3000 3000
3249 CONNECTION 52 35 -1 -1 3060 3060
3250 CONNECTION 52 206 -1 -1 5520 5520
3251 CONNECTION 52 93 -1 -1 4260 4260
3252 CONNECTION 52 169 300 2700 4800 4800
3253 CONNECTION 52 149 300 3360 5460 5460
3254 CONNECTION 52 18 300 5220 7320 7320
3255 CONNECTION 52 259 300 4500 6600 6600
3256 CONNECTION 52 223 300 4560 6660 6660
3257 CONNECTION 52 132 300 7020 9120 9120
3258 CONNECTION 52 277 300 5760 7860 7860
3259 CONNECTION 52 75 300 6300 8400 8400
3260 CONNECTION 16 111 -1 -1 3780 3780
3261 CONNECTION 16 74 -1 -1 4980 4980
3262 CONNECTION 16 187 -1 -1 4980 4980
3263 CONNECTION 16 240 300 4080 6180 6180
3264 CONNECTION 16 170 300 4680 6780 6780
3265 CONNECTION 16 294 300 5280 7380 7380
3266 CONNECTION 16 260 300 6480 8580 8580
3267 CONNECTION 16 55 300 6480 8580 8580
3268 CONNECTION 16 113 300 7680 9780 9780
3269 CONNECTION 238 239 -1 -1 1500 1500
3270 CONNECTION 238 17 -1 -1 2160 2160
3271 CONNECTION 238 36 -1 -1 4080 4080
3272 CONNECTION 238 293 -1 -1 2700 2700
3273 CONNECTION 238 94 -1 -1 5280 5280
3274 CONNECTION 238 54 -1 -1 3900 3900
3275 CONNECTION 238 131 -1 -1 3960 3960
3276 CONNECTION 238 150 300 4380 6480 6480
3277 CONNECTION 238 112 300 3000 5100 5100
3278 CONNECTION 238 207 300 3660 5760 5760
3279 CONNECTION 238 188 300 4200 6300 6300
3280 CONNECTION 238 241 300 5400 7500 7500
3281 CONNECTION 238 19 300 5460 7560 7560
3282 SINK 238 0 -1 -1 0 0
3283 CONNECTION 129 130 -1 -1 3060 3060
3284 CONNECTION 129 73 -1 -1 2340 2340
3285 CONNECTION 129 35 -1 -1 2400 2400
3286 CONNECTION 129 206 -1 -1 4860 4860
3287 CONNECTION 129 93 -1 -1 3600 3600
3288 CONNECTION 129 169 -1 -1 4140 4140
3289 CONNECTION 129 149 300 2700 4800 4800
3290 CONNECTION 129 18 300 4560 6660 6660
3291 CONNECTION 129 259 300 3840 5940 5940
3292 CONNECTION 129 223 300 3900 6000 6000
3293 CONNECTION 129 132 300 6360 8460 8460
3294 CONNECTION 129 277 300 5100 7200 7200
3295 CONNECTION 129 75 300 5640 7740 7740
3296 CONNECTION 129 37 300 6300 8400 8400
3297 CONNECTION 221 222 -1 -1 3120 3120
3298 CONNECTION 221 276 -1 -1 4320 4320
3299 CONNECTION 221 239 -1 -1 2940 2940
3300 CONNECTION 221 17 -1 -1 3600 3600
3301 CONNECTION 221 36 -1 -1 5520 5520
3302 CONNECTION 221 293 -1 -1 4140 4140
3303 CONNECTION 221 94 300 4620 6720 6720
3304 CONNECTION 221 54 300 3240 5340 5340
3305 CONNECTION 221 131 300 3300 5400 5400
3306 CONNECTION 221 150 300 5820 7920 7920
3307 CONNECTION 221 112 300 4440 6540 6540
3308 CONNECTION 221 207 300 5100 7200 7200
3309 CONNECTION 221 188 300 5640 7740 7740
3310 SINK 221 0 -1 -1 0 0
3311 CONNECTION 148 74 -1 -1 4320 4320
3312 CONNECTION 148 187 -1 -1 4320 4320
3313 CONNECTION 148 240 -1 -1 5520 5520
3314 CONNECTION 148 170 300 4020 6120 6120
3315 CONNECTION 148 294 300 4620 6720 6720
3316 CONNECTION 148 260 300 5820 7920 7920
3317 CONNECTION 148 55 300 5820 7920 7920
3318 CONNECTION 148 113 300 7020 9120 9120
3319 CONNECTION 148 76 300 7620 9720 9720
3320 CONNECTION 110 206 -1 -1 4320 4320
3321 CONNECTION 110 93 -1 -1 3060 3060
3322 CONNECTION 110 169 -1 -1 3600 3600
3323 CONNECTION 110 149 -1 -1 4260 4260
3324 CONNECTION 110 18 300 4020 6120 6120
3325 CONNECTION 110 259 300 3300 5400 5400
3326 CONNECTION 110 223 300 3360 5460 5460
3327 CONNECTION 110 132 300 5820 7920 7920
3328 CONNECTION 110 277 300 4560 6660 6660
3329 CONNECTION 110 75 300 5100 7200 7200
3330 CONNECTION 110 37 300 5760 7860 7860
3331 CONNECTION 257 276 -1 -1 3780 3780
3332 CONNECTION 257 239 -1 -1 2400 2400
3333 CONNECTION 257 17 -1 -1 3060 3060
3334 CONNECTION 257 36 -1 -1 4980 4980
3335 CONNECTION 257 293 -1 -1 3600 3600
3336 CONNECTION 257 94 300 4080 6180 6180
3337 CONNECTION 257 54 300 2700 4800 4800
3338 CONNECTION 257 131 300 2760 4860 4860
3339 CONNECTION 257 150 300 5280 7380 7380
3340 CONNECTION 257 112 300 3900 6000 6000
3341 CONNECTION 257 207 300 4560 6660 6660
3342 CONNECTION 257 188 300 5100 7200 7200
3343 CONNECTION 257 241 300 6300 8400 8400
3344 CONNECTION 257 19 300 6360 8460 8460
3345 SINK 257 0 -1 -1 0 0
3346 CONNECTION 168 169 -1 -1 1500 1500
3347 CONNECTION 168 149 -1 -1 2160 2160
3348 CONNECTION 168 18 -1 -1 4020 4020
3349 CONNECTION 168 259 -1 -1 3300 3300
3350 CONNECTION 168 223 -1 -1 3360 3360
3351 CONNECTION 168 132 -1 -1 5820 5820
3352 CONNECTION 168 277 300 2460 4560 4560
3353 CONNECTION 168 75 300 3000 5100 5100
3354 CONNECTION 168 37 300 3660 5760 5760
3355 CONNECTION 168 171 300 4800 6900 6900
3356 CONNECTION 168 95 300 4860 6960 6960
3357 CONNECTION 168 151 300 6060 8160 8160
3358 CONNECTION 292 293 -1 -1 1500 1500
3359 CONNECTION 292 94 -1 -1 4080 4080
3360 CONNECTION 292 54 -1 -1 2700 2700
3361 CONNECTION 292 131 -1 -1 2760 2760
3362 CONNECTION 292 150 -1 -1 5280 5280
3363 CONNECTION 292 112 -1 -1 3900 3900
3364 CONNECTION 292 207 300 2460 4560 4560
3365 CONNECTION 292 188 300 3000 5100 5100
3366 CONNECTION 292 241 300 4200 6300 6300
3367 CONNECTION 292 19 300 4260 6360 6360
3368 CONNECTION 292 295 300 5400 7500 7500
3369 CONNECTION 292 133 300 6060 8160 8160
3370 SINK 292 0 -1 -1 0 0
3371 CONNECTION 275 276 -1 -1 3120 3120
3372 CONNECTION 275 17 -1 -1 2400 2400
3373 CONNECTION 275 36 -1 -1 4320 4320
3374 CONNECTION 275 293 -1 -1 2940 2940
3375 CONNECTION 275 94 -1 -1 5520 5520
3376 CONNECTION 275 54 -1 -1 4140 4140
3377 CONNECTION 275 131 -1 -1 4200 4200
3378 CONNECTION 275 150 300 4620 6720 6720
3379 CONNECTION 275 112 300 3240 5340 5340
3380 CONNECTION 275 207 300 3900 6000 6000
3381 CONNECTION 275 188 300 4440 6540 6540
3382 CONNECTION 275 241 300 5640 7740 7740
3383 CONNECTION 275 19 300 5700 7800 7800
3384 SINK 275 0 -1 -1 0 0
3385 CONNECTION 130 240 -1 -1 4380 4380
3386 CONNECTION 130 170 -1 -1 4980 4980
3387 CONNECTION 130 294 -1 -1 5580 5580
3388 CONNECTION 130 260 300 4680 6780 6780
3389 CONNECTION 130 55 300 4680 6780 6780
3390 CONNECTION 130 113 300 5880 7980 7980
3391 CONNECTION 130 76 300 6480 8580 8580
3392 CONNECTION 130 189 300 7080 9180 9180
3393 CONNECTION 222 240 -1 -1 4320 4320
3394 CONNECTION 222 170 -1 -1 4920 4920
3395 CONNECTION 222 294 -1 -1 5520 5520
3396 CONNECTION 222 260 300 4620 6720 6720
3397 CONNECTION 222 55 300 4620 6720 6720
3398 CONNECTION 222 113 300 5820 7920 7920
3399 CONNECTION 222 76 300 6420 8520 8520
3400 CONNECTION 222 189 300 7020 9120 9120
3401 CONNECTION 186 169 -1 -1 2400 2400
3402 CONNECTION 186 149 -1 -1 3060 3060
3403 CONNECTION 186 18 -1 -1 4920 4920
3404 CONNECTION 186 259 -1 -1 4200 4200
3405 CONNECTION 186 223 -1 -1 4260 4260
3406 CONNECTION 186 132 300 4620 6720 6720
3407 CONNECTION 186 277 300 3360 5460 5460
3408 CONNECTION 186 75 300 3900 6000 6000
3409 CONNECTION 186 37 300 4560 6660 6660
3410 CONNECTION 186 171 300 5700 7800 7800
3411 CONNECTION 186 95 300 5760 7860 7860
3412 CONNECTION 205 206 -1 -1 3060 3060
3413 CONNECTION 205 169 -1 -1 2340 2340
3414 CONNECTION 205 149 -1 -1 3000 3000
3415 CONNECTION 205 18 -1 -1 4860 4860
3416 CONNECTION 205 259 -1 -1 4140 4140
3417 CONNECTION 205 223 -1 -1 4200 4200
3418 CONNECTION 205 132 300 4560 6660 6660
3419 CONNECTION 205 277 300 3300 5400 5400
3420 CONNECTION 205 75 300 3840 5940 5940
3421 CONNECTION 205 37 300 4500 6600 6600
3422 CONNECTION 205 171 300 5640 7740 7740
3423 CONNECTION 205 95 300 5700 7800 7800
3424 CONNECTION 53 54 -1 -1 1500 1500
3425 CONNECTION 53 150 -1 -1 4080 4080
3426 CONNECTION 53 112 -1 -1 2700 2700
3427 CONNECTION 53 207 -1 -1 3360 3360
3428 CONNECTION 53 188 -1 -1 3900 3900
3429 CONNECTION 53 241 300 3000 5100 5100
3430 CONNECTION 53 19 300 3060 5160 5160
3431 CONNECTION 53 295 300 4200 6300 6300
3432 CONNECTION 53 133 300 4860 6960 6960
3433 SINK 53 0 -1 -1 0 0
3434 CONNECTION 73 94 -1 -1 4380 4380
3435 CONNECTION 73 54 -1 -1 3000 3000
3436 CONNECTION 73 131 -1 -1 3060 3060
3437 CONNECTION 73 150 -1 -1 5580 5580
3438 CONNECTION 73 112 -1 -1 4200 4200
3439 CONNECTION 73 207 300 2760 4860 4860
3440 CONNECTION 73 188 300 3300 5400 5400
3441 CONNECTION 73 241 300 4500 6600 6600
3442 CONNECTION 73 19 300 4560 6660 6660
3443 CONNECTION 73 295 300 5700 7800 7800
3444 CONNECTION 73 133 300 6360 8460 8460
3445 SINK 73 0 -1 -1 0 0
3446 CONNECTION 35 36 -1 -1 3120 3120
3447 CONNECTION 35 94 -1 -1 4320 4320
3448 CONNECTION 35 54 -1 -1 2940 2940
3449 CONNECTION 35 131 -1 -1 3000 3000
3450 CONNECTION 35 150 -1 -1 5520 5520
3451 CONNECTION 35 112 -1 -1 4140 4140
3452 CONNECTION 35 207 300 2700 4800 4800
3453 CONNECTION 35 188 300 3240 5340 5340
3454 CONNECTION 35 241 300 4440 6540 6540
3455 CONNECTION 35 19 300 4500 6600 6600
3456 CONNECTION 35 295 300 5640 7740 7740
3457 CONNECTION 35 133 300 6300 8400 8400
3458 SINK 35 0 -1 -1 0 0
3459 CONNECTION 276 170 -1 -1 3720 3720
3460 CONNECTION 276 294 -1 -1 4320 4320
3461 CONNECTION 276 260 -1 -1 5520 5520
3462 CONNECTION 276 55 -1 -1 5520 5520
3463 CONNECTION 276 113 300 4620 6720 6720
3464 CONNECTION 276 76 300 5220 7320 7320
3465 CONNECTION 276 189 300 5820 7920 7920
3466 CONNECTION 258 259 -1 -1 1500 1500
3467 CONNECTION 258 132 -1 -1 4020 4020
3468 CONNECTION 258 277 -1 -1 2760 2760
3469 CONNECTION 258 75 -1 -1 3300 3300
3470 CONNECTION 258 37 -1 -1 3960 3960
3471 CONNECTION 258 171 300 3000 5100 5100
3472 CONNECTION 258 95 300 3060 5160 5160
3473 CONNECTION 258 151 300 4260 6360 6360
3474 CONNECTION 258 261 300 4800 6900 6900
3475 CONNECTION 239 18 -1 -1 3720 3720
3476 CONNECTION 239 259 -1 -1 3000 3000
3477 CONNECTION 239 223 -1 -1 3060 3060
3478 CONNECTION 239 132 -1 -1 5520 5520
3479 CONNECTION 239 277 -1 -1 4260 4260
3480 CONNECTION 239 75 300 2700 4800 4800
3481 CONNECTION 239 37 300 3360 5460 5460
3482 CONNECTION 239 171 300 4500 6600 6600
3483 CONNECTION 239 95 300 4560 6660 6660
3484 CONNECTION 239 151 300 5760 7860 7860
3485 CONNECTION 239 261 300 6300 8400 8400
3486 CONNECTION 206 294 -1 -1 3780 3780
3487 CONNECTION 206 260 -1 -1 4980 4980
3488 CONNECTION 206 55 -1 -1 4980 4980
3489 CONNECTION 206 113 300 4080 6180 6180
3490 CONNECTION 206 76 300 4680 6780 6780
3491 CONNECTION 206 189 300 5280 7380 7380
3492 CONNECTION 111 112 -1 -1 1500 1500
3493 CONNECTION 111 207 -1 -1 2160 2160
3494 CONNECTION 111 188 -1 -1 2700 2700
3495 CONNECTION 111 241 -1 -1 3900 3900
3496 CONNECTION 111 19 -1 -1 3960 3960
3497 CONNECTION 111 295 300 3000 5100 5100
3498 CONNECTION 111 133 300 3660 5760 5760
3499 SINK 111 0 -1 -1 0 0
3500 CONNECTION 17 18 -1 -1 3060 3060
3501 CONNECTION 17 259 -1 -1 2340 2340
3502 CONNECTION 17 223 -1 -1 2400 2400
3503 CONNECTION 17 132 -1 -1 4860 4860
3504 CONNECTION 17 277 -1 -1 3600 3600
3505 CONNECTION 17 75 -1 -1 4140 4140
3506 CONNECTION 17 37 300 2700 4800 4800
3507 CONNECTION 17 171 300 3840 5940 5940
3508 CONNECTION 17 95 300 3900 6000 6000
3509 CONNECTION 17 151 300 5100 7200 7200
3510 CONNECTION 17 261 300 5640 7740 7740
3511 CONNECTION 93 94 -1 -1 3120 3120
3512 CONNECTION 93 150 -1 -1 4320 4320
3513 CONNECTION 93 112 -1 -1 2940 2940
3514 CONNECTION 93 207 -1 -1 3600 3600
3515 CONNECTION 93 188 -1 -1 4140 4140
3516 CONNECTION 93 241 300 3240 5340 5340
3517 CONNECTION 93 19 300 3300 5400 5400
3518 CONNECTION 93 295 300 4440 6540 6540
3519 CONNECTION 93 133 300 5100 7200 7200
3520 SINK 93 0 -1 -1 0 0
3521 CONNECTION 36 260 -1 -1 4320 4320
3522 CONNECTION 36 55 -1 -1 4320 4320
3523 CONNECTION 36 113 -1 -1 5520 5520
3524 CONNECTION 36 76 300 4020 6120 6120
3525 CONNECTION 36 189 300 4620 6720 6720
3526 CONNECTION 169 150 -1 -1 3780 3780
3527 CONNECTION 169 112 -1 -1 2400 2400
3528 CONNECTION 169 207 -1 -1 3060 3060
3529 CONNECTION 169 188 -1 -1 3600 3600
3530 CONNECTION 169 241 300 2700 4800 4800
3531 CONNECTION 169 19 300 2760 4860 4860
3532 CONNECTION 169 295 300 3900 6000 6000
3533 CONNECTION 169 133 300 4560 6660 6660
3534 SINK 169 0 -1 -1 0 0
3535 CONNECTION 293 132 -1 -1 4320 4320
3536 CONNECTION 293 277 -1 -1 3060 3060
3537 CONNECTION 293 75 -1 -1 3600 3600
3538 CONNECTION 293 37 -1 -1 4260 4260
3539 CONNECTION 293 171 300 3300 5400 5400
3540 CONNECTION 293 95 300 3360 5460 5460
3541 CONNECTION 293 151 300 4560 6660 6660
3542 CONNECTION 293 261 300 5100 7200 7200
3543 CONNECTION 74 75 -1 -1 1500 1500
3544 CONNECTION 74 37 -1 -1 2160 2160
3545 CONNECTION 74 171 -1 -1 3300 3300
3546 CONNECTION 74 95 -1 -1 3360 3360
3547 CONNECTION 74 151 300 2460 4560 4560
3548 CONNECTION 74 261 300 3000 5100 5100
3549 CONNECTION 74 77 300 4800 6900 6900
3550 CONNECTION 187 188 -1 -1 1500 1500
3551 CONNECTION 187 241 -1 -1 2700 2700
3552 CONNECTION 187 19 -1 -1 2760 2760
3553 CONNECTION 187 295 -1 -1 3900 3900
3554 CONNECTION 187 133 300 2460 4560 4560
3555 SINK 187 0 -1 -1 0 0
3556 CONNECTION 149 150 -1 -1 3120 3120
3557 CONNECTION 149 207 -1 -1 2400 2400
3558 CONNECTION 149 188 -1 -1 2940 2940
3559 CONNECTION 149 241 -1 -1 4140 4140
3560 CONNECTION 149 19 -1 -1 4200 4200
3561 CONNECTION 149 295 300 3240 5340 5340
3562 CONNECTION 149 133 300 3900 6000 6000
3563 SINK 149 0 -1 -1 0 0
3564 CONNECTION 18 113 -1 -1 4380 4380
3565 CONNECTION 18 76 -1 -1 4980 4980
3566 CONNECTION 18 189 -1 -1 5580 5580
3567 CONNECTION 94 113 -1 -1 4320 4320
3568 CONNECTION 94 76 -1 -1 4920 4920
3569 CONNECTION 94 189 -1 -1 5520 5520
3570 CONNECTION 54 75 -1 -1 2400 2400
3571 CONNECTION 54 37 -1 -1 3060 3060
3572 CONNECTION 54 171 -1 -1 4200 4200
3573 CONNECTION 54 95 -1 -1 4260 4260
3574 CONNECTION 54 151 300 3360 5460 5460
3575 CONNECTION 54 261 300 3900 6000 6000
3576 CONNECTION 54 77 300 5700 7800 7800
3577 CONNECTION 131 132 -1 -1 3060 3060
3578 CONNECTION 131 75 -1 -1 2340 2340
3579 CONNECTION 131 37 -1 -1 3000 3000
3580 CONNECTION 131 171 -1 -1 4140 4140
3581 CONNECTION 131 95 -1 -1 4200 4200
3582 CONNECTION 131 151 300 3300 5400 5400
3583 CONNECTION 131 261 300 3840 5940 5940
3584 CONNECTION 131 77 300 5640 7740 7740
3585 CONNECTION 240 241 -1 -1 1500 1500
3586 CONNECTION 240 295 -1 -1 2700 2700
3587 CONNECTION 240 133 -1 -1 3360 3360
3588 SINK 240 0 -1 -1 0 0
3589 CONNECTION 259 241 -1 -1 3000 3000
3590 CONNECTION 259 19 -1 -1 3060 3060
3591 CONNECTION 259 295 -1 -1 4200 4200
3592 CONNECTION 259 133 300 2760 4860 4860
3593 SINK 259 0 -1 -1 0 0
3594 CONNECTION 223 241 -1 -1 2940 2940
3595 CONNECTION 223 19 -1 -1 3000 3000
3596 CONNECTION 223 295 -1 -1 4140 4140
3597 CONNECTION 223 133 300 2700 4800 4800
3598 SINK 223 0 -1 -1 0 0
3599 CONNECTION 150 76 -1 -1 3720 3720
3600 CONNECTION 150 189 -1 -1 4320 4320
3601 CONNECTION 170 171 -1 -1 1500 1500
3602 CONNECTION 170 151 -1 -1 2760 2760
3603 CONNECTION 170 261 -1 -1 3300 3300
3604 CONNECTION 170 77 300 3000 5100 5100
3605 CONNECTION 112 171 -1 -1 3000 3000
3606 CONNECTION 112 95 -1 -1 3060 3060
3607 CONNECTION 112 151 -1 -1 4260 4260
3608 CONNECTION 112 261 300 2700 4800 4800
3609 CONNECTION 112 77 300 4500 6600 6600
3610 CONNECTION 132 189 -1 -1 3780 3780
3611 CONNECTION 294 295 -1 -1 1500 1500
3612 CONNECTION 294 133 -1 -1 2160 2160
3613 SINK 294 0 -1 -1 0 0
3614 CONNECTION 207 171 -1 -1 2340 2340
3615 CONNECTION 207 95 -1 -1 2400 2400
3616 CONNECTION 207 151 -1 -1 3600 3600
3617 CONNECTION 207 261 -1 -1 4140 4140
3618 CONNECTION 207 77 300 3840 5940 5940
3619 CONNECTION 277 295 -1 -1 2940 2940
3620 CONNECTION 277 133 -1 -1 3600 3600
3621 SINK 277 0 -1 -1 0 0
3622 CONNECTION 75 295 -1 -1 2400 2400
3623 CONNECTION 75 133 -1 -1 3060 3060
3624 SINK 75 0 -1 -1 0 0
3625 CONNECTION 188 151 -1 -1 3060 3060
3626 CONNECTION 188 261 -1 -1 3600 3600
3627 CONNECTION 188 77 300 3300 5400 5400
3628 CONNECTION 260 261 -1 -1 1500 1500
3629 CONNECTION 260 77 -1 -1 3300 3300
3630 SINK 55 0 -1 -1 0 0
3631 CONNECTION 37 133 -1 -1 2400 2400
3632 SINK 37 0 -1 -1 0 0
3633 CONNECTION 241 261 -1 -1 2400 2400
3634 CONNECTION 241 77 -1 -1 4200 4200
3635 CONNECTION 19 261 -1 -1 2340 2340
3636 CONNECTION 19 77 -1 -1 4140 4140
3637 SINK 113 0 -1 -1 0 0
3638 SINK 171 0 -1 -1 0 0
3639 SINK 95 0 -1 -1 0 0
3640 CONNECTION 76 77 -1 -1 1500 1500
3641 CONNECTION 295 77 -1 -1 3000 3000
3642 SINK 189 0 -1 -1 0 0
3643 CONNECTION 133 77 -1 -1 2340 2340
3644 SINK 151 0 -1 -1 0 0
3645 SINK 261 0 -1 -1 0 0
3646 SINK 77 0 -1 -1 0 0
