0 SOURCE 0 30 -1 -1 1260 30060
1 SOURCE 0 0 -1 -1 960 29760
2 SOURCE 0 145 -1 -1 1140 29940
3 SOURCE 0 205 -1 -1 1260 30060
4 SOURCE 0 175 -1 -1 960 29760
5 SOURCE 0 115 -1 -1 960 29760
6 SOURCE 0 2 -1 -1 1260 30060
7 SOURCE 0 32 -1 -1 960 29760
8 SOURCE 0 177 -1 -1 1140 29940
9 SOURCE 0 117 -1 -1 1260 30060
10 SOURCE 0 147 -1 -1 960 29760
11 SOURCE 0 207 -1 -1 960 29760
12 SOURCE 0 4 -1 -1 1260 30060
13 SOURCE 0 34 -1 -1 960 29760
14 SOURCE 0 179 -1 -1 1140 29940
15 SOURCE 0 119 -1 -1 1260 30060
16 SOURCE 0 149 -1 -1 960 29760
17 SOURCE 0 209 -1 -1 960 29760
18 SOURCE 0 6 -1 -1 1260 30060
19 SOURCE 0 36 -1 -1 960 29760
20 SOURCE 0 181 -1 -1 1140 29940
21 SOURCE 0 121 -1 -1 1260 30060
22 SOURCE 0 151 -1 -1 960 29760
23 SOURCE 0 211 -1 -1 960 29760
24 SOURCE 0 8 -1 -1 1260 30060
25 SOURCE 0 38 -1 -1 960 29760
26 SOURCE 0 183 -1 -1 1140 29940
27 SOURCE 0 123 -1 -1 1260 30060
28 SOURCE 0 153 -1 -1 960 29760
29 SOURCE 0 213 -1 -1 960 29760
30 SOURCE 0 10 -1 -1 1260 30060
31 SOURCE 0 40 -1 -1 960 29760
32 SOURCE 0 185 -1 -1 1140 29940
33 SOURCE 0 125 -1 -1 1260 30060
34 SOURCE 0 155 -1 -1 960 29760
35 SOURCE 0 215 -1 -1 960 29760
36 SOURCE 0 12 -1 -1 1260 30060
37 SOURCE 0 42 -1 -1 960 29760
38 SOURCE 0 187 -1 -1 1140 29940
39 SOURCE 0 127 -1 -1 1260 30060
40 SOURCE 0 157 -1 -1 960 29760
41 SOURCE 0 217 -1 -1 960 29760
42 SOURCE 0 14 -1 -1 1260 30060
43 SOURCE 0 44 -1 -1 960 29760
44 SOURCE 0 189 -1 -1 1140 29940
45 SOURCE 0 129 -1 -1 1260 30060
46 SOURCE 0 159 -1 -1 960 29760
47 SOURCE 0 219 -1 -1 960 29760
48 SOURCE 0 16 -1 -1 1260 30060
49 SOURCE 0 46 -1 -1 960 29760
50 SOURCE 0 191 -1 -1 1140 29940
51 SOURCE 0 131 -1 -1 1260 30060
52 SOURCE 0 161 -1 -1 960 29760
53 SOURCE 0 221 -1 -1 960 29760
54 SOURCE 0 18 -1 -1 1260 30060
55 SOURCE 0 48 -1 -1 960 29760
56 SOURCE 0 193 -1 -1 1140 29940
57 SOURCE 0 133 -1 -1 1260 30060
58 SOURCE 0 163 -1 -1 960 29760
59 SOURCE 0 223 -1 -1 960 29760
60 SOURCE 0 20 -1 -1 1260 30060
61 SOURCE 0 50 -1 -1 960 29760
62 SOURCE 0 195 -1 -1 1140 29940
63 SOURCE 0 135 -1 -1 1260 30060
64 SOURCE 0 165 -1 -1 960 29760
65 SOURCE 0 225 -1 -1 960 29760
66 SOURCE 0 22 -1 -1 1260 30060
67 SOURCE 0 52 -1 -1 960 29760
68 SOURCE 0 197 -1 -1 1140 29940
69 SOURCE 0 137 -1 -1 1260 30060
70 SOURCE 0 167 -1 -1 960 29760
71 SOURCE 0 227 -1 -1 960 29760
72 SOURCE 0 24 -1 -1 1260 30060
73 SOURCE 0 54 -1 -1 960 29760
74 SOURCE 0 199 -1 -1 1140 29940
75 SOURCE 0 139 -1 -1 1260 30060
76 SOURCE 0 169 -1 -1 960 29760
77 SOURCE 0 229 -1 -1 960 29760
78 SOURCE 0 26 -1 -1 1260 30060
79 SOURCE 0 56 -1 -1 960 29760
80 SOURCE 0 201 -1 -1 1140 29940
81 SOURCE 0 141 -1 -1 1260 30060
82 SOURCE 0 171 -1 -1 960 29760
83 SOURCE 0 231 -1 -1 960 29760
84 SOURCE 0 28 -1 -1 1260 30060
85 SOURCE 0 58 -1 -1 960 29760
86 SOURCE 0 203 -1 -1 1140 29940
87 SOURCE 0 143 -1 -1 1260 30060
88 SOURCE 0 173 -1 -1 960 29760
89 SOURCE 0 233 -1 -1 960 29760
90 CONNECTION 30 31 -1 -1 2400 2400
91 CONNECTION 30 60 -1 -1 2220 2220
92 CONNECTION 30 265 -1 -1 2820 2820
93 CONNECTION 30 206 -1 -1 4200 4200
94 CONNECTION 30 237 -1 -1 4020 4020
95 CONNECTION 30 323 300 2520 4620 4620
96 CONNECTION 30 33 300 3900 6000 6000
97 CONNECTION 30 296 300 3720 5820 5820
98 CONNECTION 30 62 300 4320 6420 6420
99 CONNECTION 30 208 300 5700 7800 7800
100 CONNECTION 30 90 300 5520 7620 7620
101 CONNECTION 0 235 -1 -1 1920 1920
102 CONNECTION 0 1 -1 -1 2340 2340
103 CONNECTION 0 294 -1 -1 3720 3720
104 CONNECTION 0 176 300 1980 4080 4080
105 CONNECTION 0 116 300 2040 4140 4140
106 CONNECTION 0 88 300 3420 5520 5520
107 CONNECTION 0 3 300 3840 5940 5940
108 CONNECTION 0 267 300 5220 7320 7320
109 CONNECTION 0 178 300 5580 7680 7680
110 CONNECTION 0 118 300 5640 7740 7740
111 CONNECTION 145 322 -1 -1 2040 2040
112 CONNECTION 145 146 -1 -1 2520 2520
113 CONNECTION 145 61 -1 -1 3840 3840
114 CONNECTION 145 238 300 3540 5640 5640
115 CONNECTION 145 148 300 4020 6120 6120
116 CONNECTION 145 297 300 5340 7440 7440
117 CONNECTION 205 206 -1 -1 2400 2400
118 CONNECTION 205 237 -1 -1 2220 2220
119 CONNECTION 205 323 -1 -1 2820 2820
120 CONNECTION 205 33 -1 -1 4200 4200
121 CONNECTION 205 296 -1 -1 4020 4020
122 CONNECTION 205 62 300 2520 4620 4620
123 CONNECTION 205 208 300 3900 6000 6000
124 CONNECTION 205 90 300 3720 5820 5820
125 CONNECTION 205 239 300 4320 6420 6420
126 CONNECTION 205 35 300 5700 7800 7800
127 CONNECTION 205 269 300 5520 7620 7620
128 CONNECTION 175 294 -1 -1 1980 1980
129 CONNECTION 175 176 -1 -1 2340 2340
130 CONNECTION 175 116 -1 -1 2400 2400
131 CONNECTION 175 88 -1 -1 3780 3780
132 CONNECTION 175 3 300 2100 4200 4200
133 CONNECTION 175 267 300 3480 5580 5580
134 CONNECTION 175 178 300 3840 5940 5940
135 CONNECTION 175 118 300 3900 6000 6000
136 CONNECTION 175 325 300 5280 7380 7380
137 CONNECTION 175 5 300 5700 7800 7800
138 CONNECTION 115 294 -1 -1 1920 1920
139 CONNECTION 115 176 -1 -1 2280 2280
140 CONNECTION 115 116 -1 -1 2340 2340
141 CONNECTION 115 88 -1 -1 3720 3720
142 CONNECTION 115 3 300 2040 4140 4140
143 CONNECTION 115 267 300 3420 5520 5520
144 CONNECTION 115 178 300 3780 5880 5880
145 CONNECTION 115 118 300 3840 5940 5940
146 CONNECTION 115 325 300 5220 7320 7320
147 CONNECTION 115 5 300 5640 7740 7740
148 CONNECTION 235 236 -1 -1 1080 1080
149 CONNECTION 235 266 -1 -1 2160 2160
150 CONNECTION 235 295 -1 -1 2880 2880
151 CONNECTION 235 324 -1 -1 3960 3960
152 CONNECTION 235 89 300 2580 4680 4680
153 CONNECTION 235 63 300 3660 5760 5760
154 CONNECTION 235 268 300 4380 6480 6480
155 CONNECTION 235 240 300 5460 7560 7560
156 CONNECTION 31 32 -1 -1 1080 1080
157 CONNECTION 31 177 -1 -1 2820 2820
158 CONNECTION 31 117 -1 -1 3000 3000
159 CONNECTION 31 147 -1 -1 2820 2820
160 CONNECTION 31 207 -1 -1 2880 2880
161 CONNECTION 31 4 300 2700 4800 4800
162 CONNECTION 31 34 300 2580 4680 4680
163 CONNECTION 31 179 300 4320 6420 6420
164 CONNECTION 31 119 300 4500 6600 6600
165 CONNECTION 31 149 300 4320 6420 6420
166 CONNECTION 31 209 300 4380 6480 6480
167 CONNECTION 31 6 300 6300 8400 8400
168 SINK 31 0 -1 -1 0 0
169 CONNECTION 60 146 -1 -1 1920 1920
170 CONNECTION 60 61 -1 -1 3240 3240
171 CONNECTION 60 238 300 2940 5040 5040
172 CONNECTION 60 148 300 3420 5520 5520
173 CONNECTION 60 297 300 4740 6840 6840
174 CONNECTION 1 2 -1 -1 1380 1380
175 CONNECTION 1 177 -1 -1 3000 3000
176 CONNECTION 1 117 -1 -1 3180 3180
177 CONNECTION 1 147 -1 -1 3000 3000
178 CONNECTION 1 207 -1 -1 3060 3060
179 CONNECTION 1 4 300 2880 4980 4980
180 CONNECTION 1 34 300 2760 4860 4860
181 CONNECTION 1 179 300 4500 6600 6600
182 CONNECTION 1 119 300 4680 6780 6780
183 CONNECTION 1 149 300 4500 6600 6600
184 CONNECTION 1 209 300 4560 6660 6660
185 SINK 1 0 -1 -1 0 0
186 CONNECTION 265 266 -1 -1 1140 1140
187 CONNECTION 265 295 -1 -1 1860 1860
188 CONNECTION 265 324 -1 -1 2940 2940
189 CONNECTION 265 89 -1 -1 3660 3660
190 CONNECTION 265 63 300 2640 4740 4740
191 CONNECTION 265 268 300 3360 5460 5460
192 CONNECTION 265 240 300 4440 6540 6540
193 CONNECTION 265 326 300 5160 7260 7260
194 CONNECTION 236 237 -1 -1 1140 1140
195 CONNECTION 236 323 -1 -1 1740 1740
196 CONNECTION 236 33 -1 -1 3120 3120
197 CONNECTION 236 296 -1 -1 2940 2940
198 CONNECTION 236 62 -1 -1 3540 3540
199 CONNECTION 236 208 300 2820 4920 4920
200 CONNECTION 236 90 300 2640 4740 4740
201 CONNECTION 236 239 300 3240 5340 5340
202 CONNECTION 236 35 300 4620 6720 6720
203 CONNECTION 236 269 300 4440 6540 6540
204 CONNECTION 236 298 300 5040 7140 7140
205 CONNECTION 2 33 -1 -1 2400 2400
206 CONNECTION 2 296 -1 -1 2220 2220
207 CONNECTION 2 62 -1 -1 2820 2820
208 CONNECTION 2 208 -1 -1 4200 4200
209 CONNECTION 2 90 -1 -1 4020 4020
210 CONNECTION 2 239 300 2520 4620 4620
211 CONNECTION 2 35 300 3900 6000 6000
212 CONNECTION 2 269 300 3720 5820 5820
213 CONNECTION 2 298 300 4320 6420 6420
214 CONNECTION 2 210 300 5700 7800 7800
215 CONNECTION 2 327 300 5520 7620 7620
216 CONNECTION 32 88 -1 -1 1920 1920
217 CONNECTION 32 3 -1 -1 2340 2340
218 CONNECTION 32 267 -1 -1 3720 3720
219 CONNECTION 32 178 300 1980 4080 4080
220 CONNECTION 32 118 300 2040 4140 4140
221 CONNECTION 32 325 300 3420 5520 5520
222 CONNECTION 32 5 300 3840 5940 5940
223 CONNECTION 32 91 300 5220 7320 7320
224 CONNECTION 32 180 300 5580 7680 7680
225 CONNECTION 32 120 300 5640 7740 7740
226 CONNECTION 294 295 -1 -1 1080 1080
227 CONNECTION 294 324 -1 -1 2160 2160
228 CONNECTION 294 89 -1 -1 2880 2880
229 CONNECTION 294 63 -1 -1 3960 3960
230 CONNECTION 294 268 300 2580 4680 4680
231 CONNECTION 294 240 300 3660 5760 5760
232 CONNECTION 294 326 300 4380 6480 6480
233 CONNECTION 294 299 300 5460 7560 7560
234 CONNECTION 322 323 -1 -1 960 960
235 CONNECTION 322 33 -1 -1 2340 2340
236 CONNECTION 322 296 -1 -1 2160 2160
237 CONNECTION 322 62 -1 -1 2760 2760
238 CONNECTION 322 208 -1 -1 4140 4140
239 CONNECTION 322 90 -1 -1 3960 3960
240 CONNECTION 322 239 300 2460 4560 4560
241 CONNECTION 322 35 300 3840 5940 5940
242 CONNECTION 322 269 300 3660 5760 5760
243 CONNECTION 322 298 300 4260 6360 6360
244 CONNECTION 322 210 300 5640 7740 7740
245 CONNECTION 322 327 300 5460 7560 7560
246 CONNECTION 206 207 -1 -1 1080 1080
247 CONNECTION 206 4 -1 -1 3000 3000
248 CONNECTION 206 34 -1 -1 2880 2880
249 CONNECTION 206 179 300 2520 4620 4620
250 CONNECTION 206 119 300 2700 4800 4800
251 CONNECTION 206 149 300 2520 4620 4620
252 CONNECTION 206 209 300 2580 4680 4680
253 CONNECTION 206 6 300 4500 6600 6600
254 CONNECTION 206 36 300 4380 6480 6480
255 CONNECTION 206 181 300 6120 8220 8220
256 CONNECTION 206 121 300 6300 8400 8400
257 SINK 206 0 -1 -1 0 0
258 CONNECTION 266 3 -1 -1 1860 1860
259 CONNECTION 266 267 -1 -1 3240 3240
260 CONNECTION 266 178 -1 -1 3600 3600
261 CONNECTION 266 118 -1 -1 3660 3660
262 CONNECTION 266 325 300 2940 5040 5040
263 CONNECTION 266 5 300 3360 5460 5460
264 CONNECTION 266 91 300 4740 6840 6840
265 CONNECTION 266 180 300 5100 7200 7200
266 CONNECTION 266 120 300 5160 7260 7260
267 CONNECTION 146 147 -1 -1 1080 1080
268 CONNECTION 146 4 -1 -1 3060 3060
269 CONNECTION 146 34 -1 -1 2940 2940
270 CONNECTION 146 179 300 2580 4680 4680
271 CONNECTION 146 119 300 2760 4860 4860
272 CONNECTION 146 149 300 2580 4680 4680
273 CONNECTION 146 209 300 2640 4740 4740
274 CONNECTION 146 6 300 4560 6660 6660
275 CONNECTION 146 36 300 4440 6540 6540
276 CONNECTION 146 181 300 6180 8280 8280
277 CONNECTION 146 121 300 6360 8460 8460
278 SINK 146 0 -1 -1 0 0
279 CONNECTION 176 177 -1 -1 1260 1260
280 CONNECTION 176 4 -1 -1 3240 3240
281 CONNECTION 176 34 -1 -1 3120 3120
282 CONNECTION 176 179 300 2760 4860 4860
283 CONNECTION 176 119 300 2940 5040 5040
284 CONNECTION 176 149 300 2760 4860 4860
285 CONNECTION 176 209 300 2820 4920 4920
286 CONNECTION 176 6 300 4740 6840 6840
287 CONNECTION 176 36 300 4620 6720 6720
288 SINK 176 0 -1 -1 0 0
289 CONNECTION 237 238 -1 -1 3240 3240
290 CONNECTION 237 148 -1 -1 3720 3720
291 CONNECTION 237 297 300 2940 5040 5040
292 CONNECTION 237 64 300 4740 6840 6840
293 CONNECTION 237 150 300 5220 7320 7320
294 CONNECTION 116 117 -1 -1 1380 1380
295 CONNECTION 116 4 -1 -1 3180 3180
296 CONNECTION 116 34 -1 -1 3060 3060
297 CONNECTION 116 179 300 2700 4800 4800
298 CONNECTION 116 119 300 2880 4980 4980
299 CONNECTION 116 149 300 2700 4800 4800
300 CONNECTION 116 209 300 2760 4860 4860
301 CONNECTION 116 6 300 4680 6780 6780
302 CONNECTION 116 36 300 4560 6660 6660
303 SINK 116 0 -1 -1 0 0
304 CONNECTION 323 324 -1 -1 1140 1140
305 CONNECTION 323 89 -1 -1 1860 1860
306 CONNECTION 323 63 -1 -1 2940 2940
307 CONNECTION 323 268 -1 -1 3660 3660
308 CONNECTION 323 240 300 2640 4740 4740
309 CONNECTION 323 326 300 3360 5460 5460
310 CONNECTION 323 299 300 4440 6540 6540
311 CONNECTION 323 92 300 5160 7260 7260
312 CONNECTION 295 296 -1 -1 1140 1140
313 CONNECTION 295 62 -1 -1 1740 1740
314 CONNECTION 295 208 -1 -1 3120 3120
315 CONNECTION 295 90 -1 -1 2940 2940
316 CONNECTION 295 239 -1 -1 3540 3540
317 CONNECTION 295 35 300 2820 4920 4920
318 CONNECTION 295 269 300 2640 4740 4740
319 CONNECTION 295 298 300 3240 5340 5340
320 CONNECTION 295 210 300 4620 6720 6720
321 CONNECTION 295 327 300 4440 6540 6540
322 CONNECTION 295 65 300 5040 7140 7140
323 CONNECTION 177 238 -1 -1 2040 2040
324 CONNECTION 177 148 -1 -1 2520 2520
325 CONNECTION 177 297 -1 -1 3840 3840
326 CONNECTION 177 64 300 3540 5640 5640
327 CONNECTION 177 150 300 4020 6120 6120
328 CONNECTION 177 241 300 5340 7440 7440
329 CONNECTION 117 208 -1 -1 2400 2400
330 CONNECTION 117 90 -1 -1 2220 2220
331 CONNECTION 117 239 -1 -1 2820 2820
332 CONNECTION 117 35 -1 -1 4200 4200
333 CONNECTION 117 269 -1 -1 4020 4020
334 CONNECTION 117 298 300 2520 4620 4620
335 CONNECTION 117 210 300 3900 6000 6000
336 CONNECTION 117 327 300 3720 5820 5820
337 CONNECTION 117 65 300 4320 6420 6420
338 CONNECTION 117 37 300 5700 7800 7800
339 CONNECTION 117 93 300 5520 7620 7620
340 CONNECTION 147 267 -1 -1 1980 1980
341 CONNECTION 147 178 -1 -1 2340 2340
342 CONNECTION 147 118 -1 -1 2400 2400
343 CONNECTION 147 325 -1 -1 3780 3780
344 CONNECTION 147 5 300 2100 4200 4200
345 CONNECTION 147 91 300 3480 5580 5580
346 CONNECTION 147 180 300 3840 5940 5940
347 CONNECTION 147 120 300 3900 6000 6000
348 CONNECTION 147 270 300 5280 7380 7380
349 CONNECTION 147 7 300 5700 7800 7800
350 CONNECTION 207 267 -1 -1 1920 1920
351 CONNECTION 207 178 -1 -1 2280 2280
352 CONNECTION 207 118 -1 -1 2340 2340
353 CONNECTION 207 325 -1 -1 3720 3720
354 CONNECTION 207 5 300 2040 4140 4140
355 CONNECTION 207 91 300 3420 5520 5520
356 CONNECTION 207 180 300 3780 5880 5880
357 CONNECTION 207 120 300 3840 5940 5940
358 CONNECTION 207 270 300 5220 7320 7320
359 CONNECTION 207 7 300 5640 7740 7740
360 CONNECTION 88 89 -1 -1 1080 1080
361 CONNECTION 88 63 -1 -1 2160 2160
362 CONNECTION 88 268 -1 -1 2880 2880
363 CONNECTION 88 240 -1 -1 3960 3960
364 CONNECTION 88 326 300 2580 4680 4680
365 CONNECTION 88 299 300 3660 5760 5760
366 CONNECTION 88 92 300 4380 6480 6480
367 CONNECTION 88 66 300 5460 7560 7560
368 CONNECTION 61 62 -1 -1 960 960
369 CONNECTION 61 208 -1 -1 2340 2340
370 CONNECTION 61 90 -1 -1 2160 2160
371 CONNECTION 61 239 -1 -1 2760 2760
372 CONNECTION 61 35 -1 -1 4140 4140
373 CONNECTION 61 269 -1 -1 3960 3960
374 CONNECTION 61 298 300 2460 4560 4560
375 CONNECTION 61 210 300 3840 5940 5940
376 CONNECTION 61 327 300 3660 5760 5760
377 CONNECTION 61 65 300 4260 6360 6360
378 CONNECTION 61 37 300 5640 7740 7740
379 CONNECTION 61 93 300 5460 7560 7560
380 CONNECTION 33 34 -1 -1 1080 1080
381 CONNECTION 33 179 -1 -1 2820 2820
382 CONNECTION 33 119 -1 -1 3000 3000
383 CONNECTION 33 149 -1 -1 2820 2820
384 CONNECTION 33 209 -1 -1 2880 2880
385 CONNECTION 33 6 300 2700 4800 4800
386 CONNECTION 33 36 300 2580 4680 4680
387 CONNECTION 33 181 300 4320 6420 6420
388 CONNECTION 33 121 300 4500 6600 6600
389 CONNECTION 33 151 300 4320 6420 6420
390 CONNECTION 33 211 300 4380 6480 6480
391 CONNECTION 33 8 300 6300 8400 8400
392 SINK 33 0 -1 -1 0 0
393 CONNECTION 324 178 -1 -1 1800 1800
394 CONNECTION 324 118 -1 -1 1860 1860
395 CONNECTION 324 325 -1 -1 3240 3240
396 CONNECTION 324 5 -1 -1 3660 3660
397 CONNECTION 324 91 300 2940 5040 5040
398 CONNECTION 324 180 300 3300 5400 5400
399 CONNECTION 324 120 300 3360 5460 5460
400 CONNECTION 324 270 300 4740 6840 6840
401 CONNECTION 324 7 300 5160 7260 7260
402 CONNECTION 296 148 -1 -1 1920 1920
403 CONNECTION 296 297 -1 -1 3240 3240
404 CONNECTION 296 64 300 2940 5040 5040
405 CONNECTION 296 150 300 3420 5520 5520
406 CONNECTION 296 241 300 4740 6840 6840
407 CONNECTION 3 4 -1 -1 1380 1380
408 CONNECTION 3 179 -1 -1 3000 3000
409 CONNECTION 3 119 -1 -1 3180 3180
410 CONNECTION 3 149 -1 -1 3000 3000
411 CONNECTION 3 209 -1 -1 3060 3060
412 CONNECTION 3 6 300 2880 4980 4980
413 CONNECTION 3 36 300 2760 4860 4860
414 CONNECTION 3 181 300 4500 6600 6600
415 CONNECTION 3 121 300 4680 6780 6780
416 CONNECTION 3 151 300 4500 6600 6600
417 CONNECTION 3 211 300 4560 6660 6660
418 SINK 3 0 -1 -1 0 0
419 CONNECTION 62 63 -1 -1 1140 1140
420 CONNECTION 62 268 -1 -1 1860 1860
421 CONNECTION 62 240 -1 -1 2940 2940
422 CONNECTION 62 326 -1 -1 3660 3660
423 CONNECTION 62 299 300 2640 4740 4740
424 CONNECTION 62 92 300 3360 5460 5460
425 CONNECTION 62 66 300 4440 6540 6540
426 CONNECTION 62 271 300 5160 7260 7260
427 CONNECTION 89 90 -1 -1 1140 1140
428 CONNECTION 89 239 -1 -1 1740 1740
429 CONNECTION 89 35 -1 -1 3120 3120
430 CONNECTION 89 269 -1 -1 2940 2940
431 CONNECTION 89 298 -1 -1 3540 3540
432 CONNECTION 89 210 300 2820 4920 4920
433 CONNECTION 89 327 300 2640 4740 4740
434 CONNECTION 89 65 300 3240 5340 5340
435 CONNECTION 89 37 300 4620 6720 6720
436 CONNECTION 89 93 300 4440 6540 6540
437 CONNECTION 89 242 300 5040 7140 7140
438 CONNECTION 4 35 -1 -1 2400 2400
439 CONNECTION 4 269 -1 -1 2220 2220
440 CONNECTION 4 298 -1 -1 2820 2820
441 CONNECTION 4 210 -1 -1 4200 4200
442 CONNECTION 4 327 -1 -1 4020 4020
443 CONNECTION 4 65 300 2520 4620 4620
444 CONNECTION 4 37 300 3900 6000 6000
445 CONNECTION 4 93 300 3720 5820 5820
446 CONNECTION 4 242 300 4320 6420 6420
447 CONNECTION 4 212 300 5700 7800 7800
448 CONNECTION 4 272 300 5520 7620 7620
449 CONNECTION 34 325 -1 -1 1920 1920
450 CONNECTION 34 5 -1 -1 2340 2340
451 CONNECTION 34 91 -1 -1 3720 3720
452 CONNECTION 34 180 300 1980 4080 4080
453 CONNECTION 34 120 300 2040 4140 4140
454 CONNECTION 34 270 300 3420 5520 5520
455 CONNECTION 34 7 300 3840 5940 5940
456 CONNECTION 34 328 300 5220 7320 7320
457 CONNECTION 34 182 300 5580 7680 7680
458 CONNECTION 34 122 300 5640 7740 7740
459 CONNECTION 267 268 -1 -1 1080 1080
460 CONNECTION 267 240 -1 -1 2160 2160
461 CONNECTION 267 326 -1 -1 2880 2880
462 CONNECTION 267 299 -1 -1 3960 3960
463 CONNECTION 267 92 300 2580 4680 4680
464 CONNECTION 267 66 300 3660 5760 5760
465 CONNECTION 267 271 300 4380 6480 6480
466 CONNECTION 267 243 300 5460 7560 7560
467 CONNECTION 238 239 -1 -1 960 960
468 CONNECTION 238 35 -1 -1 2340 2340
469 CONNECTION 238 269 -1 -1 2160 2160
470 CONNECTION 238 298 -1 -1 2760 2760
471 CONNECTION 238 210 -1 -1 4140 4140
472 CONNECTION 238 327 -1 -1 3960 3960
473 CONNECTION 238 65 300 2460 4560 4560
474 CONNECTION 238 37 300 3840 5940 5940
475 CONNECTION 238 93 300 3660 5760 5760
476 CONNECTION 238 242 300 4260 6360 6360
477 CONNECTION 238 212 300 5640 7740 7740
478 CONNECTION 238 272 300 5460 7560 7560
479 CONNECTION 63 5 -1 -1 1860 1860
480 CONNECTION 63 91 -1 -1 3240 3240
481 CONNECTION 63 180 -1 -1 3600 3600
482 CONNECTION 63 120 -1 -1 3660 3660
483 CONNECTION 63 270 300 2940 5040 5040
484 CONNECTION 63 7 300 3360 5460 5460
485 CONNECTION 63 328 300 4740 6840 6840
486 CONNECTION 63 182 300 5100 7200 7200
487 CONNECTION 63 122 300 5160 7260 7260
488 CONNECTION 208 209 -1 -1 1080 1080
489 CONNECTION 208 6 -1 -1 3000 3000
490 CONNECTION 208 36 -1 -1 2880 2880
491 CONNECTION 208 181 300 2520 4620 4620
492 CONNECTION 208 121 300 2700 4800 4800
493 CONNECTION 208 151 300 2520 4620 4620
494 CONNECTION 208 211 300 2580 4680 4680
495 CONNECTION 208 8 300 4500 6600 6600
496 CONNECTION 208 38 300 4380 6480 6480
497 CONNECTION 208 183 300 6120 8220 8220
498 CONNECTION 208 123 300 6300 8400 8400
499 SINK 208 0 -1 -1 0 0
500 CONNECTION 90 64 -1 -1 3240 3240
501 CONNECTION 90 150 -1 -1 3720 3720
502 CONNECTION 90 241 300 2940 5040 5040
503 CONNECTION 90 300 300 4740 6840 6840
504 CONNECTION 90 152 300 5220 7320 7320
505 CONNECTION 148 149 -1 -1 1080 1080
506 CONNECTION 148 6 -1 -1 3060 3060
507 CONNECTION 148 36 -1 -1 2940 2940
508 CONNECTION 148 181 300 2580 4680 4680
509 CONNECTION 148 121 300 2760 4860 4860
510 CONNECTION 148 151 300 2580 4680 4680
511 CONNECTION 148 211 300 2640 4740 4740
512 CONNECTION 148 8 300 4560 6660 6660
513 CONNECTION 148 38 300 4440 6540 6540
514 CONNECTION 148 183 300 6180 8280 8280
515 CONNECTION 148 123 300 6360 8460 8460
516 SINK 148 0 -1 -1 0 0
517 CONNECTION 178 179 -1 -1 1260 1260
518 CONNECTION 178 6 -1 -1 3240 3240
519 CONNECTION 178 36 -1 -1 3120 3120
520 CONNECTION 178 181 300 2760 4860 4860
521 CONNECTION 178 121 300 2940 5040 5040
522 CONNECTION 178 151 300 2760 4860 4860
523 CONNECTION 178 211 300 2820 4920 4920
524 CONNECTION 178 8 300 4740 6840 6840
525 CONNECTION 178 38 300 4620 6720 6720
526 SINK 178 0 -1 -1 0 0
527 CONNECTION 118 119 -1 -1 1380 1380
528 CONNECTION 118 6 -1 -1 3180 3180
529 CONNECTION 118 36 -1 -1 3060 3060
530 CONNECTION 118 181 300 2700 4800 4800
531 CONNECTION 118 121 300 2880 4980 4980
532 CONNECTION 118 151 300 2700 4800 4800
533 CONNECTION 118 211 300 2760 4860 4860
534 CONNECTION 118 8 300 4680 6780 6780
535 CONNECTION 118 38 300 4560 6660 6660
536 SINK 118 0 -1 -1 0 0
537 CONNECTION 239 240 -1 -1 1140 1140
538 CONNECTION 239 326 -1 -1 1860 1860
539 CONNECTION 239 299 -1 -1 2940 2940
540 CONNECTION 239 92 -1 -1 3660 3660
541 CONNECTION 239 66 300 2640 4740 4740
542 CONNECTION 239 271 300 3360 5460 5460
543 CONNECTION 239 243 300 4440 6540 6540
544 CONNECTION 239 329 300 5160 7260 7260
545 CONNECTION 268 269 -1 -1 1140 1140
546 CONNECTION 268 298 -1 -1 1740 1740
547 CONNECTION 268 210 -1 -1 3120 3120
548 CONNECTION 268 327 -1 -1 2940 2940
549 CONNECTION 268 65 -1 -1 3540 3540
550 CONNECTION 268 37 300 2820 4920 4920
551 CONNECTION 268 93 300 2640 4740 4740
552 CONNECTION 268 242 300 3240 5340 5340
553 CONNECTION 268 212 300 4620 6720 6720
554 CONNECTION 268 272 300 4440 6540 6540
555 CONNECTION 268 301 300 5040 7140 7140
556 CONNECTION 179 64 -1 -1 2040 2040
557 CONNECTION 179 150 -1 -1 2520 2520
558 CONNECTION 179 241 -1 -1 3840 3840
559 CONNECTION 179 300 300 3540 5640 5640
560 CONNECTION 179 152 300 4020 6120 6120
561 CONNECTION 179 67 300 5340 7440 7440
562 CONNECTION 119 210 -1 -1 2400 2400
563 CONNECTION 119 327 -1 -1 2220 2220
564 CONNECTION 119 65 -1 -1 2820 2820
565 CONNECTION 119 37 -1 -1 4200 4200
566 CONNECTION 119 93 -1 -1 4020 4020
567 CONNECTION 119 242 300 2520 4620 4620
568 CONNECTION 119 212 300 3900 6000 6000
569 CONNECTION 119 272 300 3720 5820 5820
570 CONNECTION 119 301 300 4320 6420 6420
571 CONNECTION 119 39 300 5700 7800 7800
572 CONNECTION 119 330 300 5520 7620 7620
573 CONNECTION 149 91 -1 -1 1980 1980
574 CONNECTION 149 180 -1 -1 2340 2340
575 CONNECTION 149 120 -1 -1 2400 2400
576 CONNECTION 149 270 -1 -1 3780 3780
577 CONNECTION 149 7 300 2100 4200 4200
578 CONNECTION 149 328 300 3480 5580 5580
579 CONNECTION 149 182 300 3840 5940 5940
580 CONNECTION 149 122 300 3900 6000 6000
581 CONNECTION 149 94 300 5280 7380 7380
582 CONNECTION 149 9 300 5700 7800 7800
583 CONNECTION 209 91 -1 -1 1920 1920
584 CONNECTION 209 180 -1 -1 2280 2280
585 CONNECTION 209 120 -1 -1 2340 2340
586 CONNECTION 209 270 -1 -1 3720 3720
587 CONNECTION 209 7 300 2040 4140 4140
588 CONNECTION 209 328 300 3420 5520 5520
589 CONNECTION 209 182 300 3780 5880 5880
590 CONNECTION 209 122 300 3840 5940 5940
591 CONNECTION 209 94 300 5220 7320 7320
592 CONNECTION 209 9 300 5640 7740 7740
593 CONNECTION 325 326 -1 -1 1080 1080
594 CONNECTION 325 299 -1 -1 2160 2160
595 CONNECTION 325 92 -1 -1 2880 2880
596 CONNECTION 325 66 -1 -1 3960 3960
597 CONNECTION 325 271 300 2580 4680 4680
598 CONNECTION 325 243 300 3660 5760 5760
599 CONNECTION 325 329 300 4380 6480 6480
600 CONNECTION 325 302 300 5460 7560 7560
601 CONNECTION 297 298 -1 -1 960 960
602 CONNECTION 297 210 -1 -1 2340 2340
603 CONNECTION 297 327 -1 -1 2160 2160
604 CONNECTION 297 65 -1 -1 2760 2760
605 CONNECTION 297 37 -1 -1 4140 4140
606 CONNECTION 297 93 -1 -1 3960 3960
607 CONNECTION 297 242 300 2460 4560 4560
608 CONNECTION 297 212 300 3840 5940 5940
609 CONNECTION 297 272 300 3660 5760 5760
610 CONNECTION 297 301 300 4260 6360 6360
611 CONNECTION 297 39 300 5640 7740 7740
612 CONNECTION 297 330 300 5460 7560 7560
613 CONNECTION 35 36 -1 -1 1080 1080
614 CONNECTION 35 181 -1 -1 2820 2820
615 CONNECTION 35 121 -1 -1 3000 3000
616 CONNECTION 35 151 -1 -1 2820 2820
617 CONNECTION 35 211 -1 -1 2880 2880
618 CONNECTION 35 8 300 2700 4800 4800
619 CONNECTION 35 38 300 2580 4680 4680
620 CONNECTION 35 183 300 4320 6420 6420
621 CONNECTION 35 123 300 4500 6600 6600
622 CONNECTION 35 153 300 4320 6420 6420
623 CONNECTION 35 213 300 4380 6480 6480
624 CONNECTION 35 10 300 6300 8400 8400
625 SINK 35 0 -1 -1 0 0
626 CONNECTION 240 180 -1 -1 1800 1800
627 CONNECTION 240 120 -1 -1 1860 1860
628 CONNECTION 240 270 -1 -1 3240 3240
629 CONNECTION 240 7 -1 -1 3660 3660
630 CONNECTION 240 328 300 2940 5040 5040
631 CONNECTION 240 182 300 3300 5400 5400
632 CONNECTION 240 122 300 3360 5460 5460
633 CONNECTION 240 94 300 4740 6840 6840
634 CONNECTION 240 9 300 5160 7260 7260
635 CONNECTION 269 150 -1 -1 1920 1920
636 CONNECTION 269 241 -1 -1 3240 3240
637 CONNECTION 269 300 300 2940 5040 5040
638 CONNECTION 269 152 300 3420 5520 5520
639 CONNECTION 269 67 300 4740 6840 6840
640 CONNECTION 5 6 -1 -1 1380 1380
641 CONNECTION 5 181 -1 -1 3000 3000
642 CONNECTION 5 121 -1 -1 3180 3180
643 CONNECTION 5 151 -1 -1 3000 3000
644 CONNECTION 5 211 -1 -1 3060 3060
645 CONNECTION 5 8 300 2880 4980 4980
646 CONNECTION 5 38 300 2760 4860 4860
647 CONNECTION 5 183 300 4500 6600 6600
648 CONNECTION 5 123 300 4680 6780 6780
649 CONNECTION 5 153 300 4500 6600 6600
650 CONNECTION 5 213 300 4560 6660 6660
651 SINK 5 0 -1 -1 0 0
652 CONNECTION 298 299 -1 -1 1140 1140
653 CONNECTION 298 92 -1 -1 1860 1860
654 CONNECTION 298 66 -1 -1 2940 2940
655 CONNECTION 298 271 -1 -1 3660 3660
656 CONNECTION 298 243 300 2640 4740 4740
657 CONNECTION 298 329 300 3360 5460 5460
658 CONNECTION 298 302 300 4440 6540 6540
659 CONNECTION 298 95 300 5160 7260 7260
660 CONNECTION 326 327 -1 -1 1140 1140
661 CONNECTION 326 65 -1 -1 1740 1740
662 CONNECTION 326 37 -1 -1 3120 3120
663 CONNECTION 326 93 -1 -1 2940 2940
664 CONNECTION 326 242 -1 -1 3540 3540
665 CONNECTION 326 212 300 2820 4920 4920
666 CONNECTION 326 272 300 2640 4740 4740
667 CONNECTION 326 301 300 3240 5340 5340
668 CONNECTION 326 39 300 4620 6720 6720
669 CONNECTION 326 330 300 4440 6540 6540
670 CONNECTION 326 68 300 5040 7140 7140
671 CONNECTION 6 37 -1 -1 2400 2400
672 CONNECTION 6 93 -1 -1 2220 2220
673 CONNECTION 6 242 -1 -1 2820 2820
674 CONNECTION 6 212 -1 -1 4200 4200
675 CONNECTION 6 272 -1 -1 4020 4020
676 CONNECTION 6 301 300 2520 4620 4620
677 CONNECTION 6 39 300 3900 6000 6000
678 CONNECTION 6 330 300 3720 5820 5820
679 CONNECTION 6 68 300 4320 6420 6420
680 CONNECTION 6 214 300 5700 7800 7800
681 CONNECTION 6 96 300 5520 7620 7620
682 CONNECTION 36 270 -1 -1 1920 1920
683 CONNECTION 36 7 -1 -1 2340 2340
684 CONNECTION 36 328 -1 -1 3720 3720
685 CONNECTION 36 182 300 1980 4080 4080
686 CONNECTION 36 122 300 2040 4140 4140
687 CONNECTION 36 94 300 3420 5520 5520
688 CONNECTION 36 9 300 3840 5940 5940
689 CONNECTION 36 273 300 5220 7320 7320
690 CONNECTION 36 184 300 5580 7680 7680
691 CONNECTION 36 124 300 5640 7740 7740
692 CONNECTION 91 92 -1 -1 1080 1080
693 CONNECTION 91 66 -1 -1 2160 2160
694 CONNECTION 91 271 -1 -1 2880 2880
695 CONNECTION 91 243 -1 -1 3960 3960
696 CONNECTION 91 329 300 2580 4680 4680
697 CONNECTION 91 302 300 3660 5760 5760
698 CONNECTION 91 95 300 4380 6480 6480
699 CONNECTION 91 69 300 5460 7560 7560
700 CONNECTION 64 65 -1 -1 960 960
701 CONNECTION 64 37 -1 -1 2340 2340
702 CONNECTION 64 93 -1 -1 2160 2160
703 CONNECTION 64 242 -1 -1 2760 2760
704 CONNECTION 64 212 -1 -1 4140 4140
705 CONNECTION 64 272 -1 -1 3960 3960
706 CONNECTION 64 301 300 2460 4560 4560
707 CONNECTION 64 39 300 3840 5940 5940
708 CONNECTION 64 330 300 3660 5760 5760
709 CONNECTION 64 68 300 4260 6360 6360
710 CONNECTION 64 214 300 5640 7740 7740
711 CONNECTION 64 96 300 5460 7560 7560
712 CONNECTION 210 211 -1 -1 1080 1080
713 CONNECTION 210 8 -1 -1 3000 3000
714 CONNECTION 210 38 -1 -1 2880 2880
715 CONNECTION 210 183 300 2520 4620 4620
716 CONNECTION 210 123 300 2700 4800 4800
717 CONNECTION 210 153 300 2520 4620 4620
718 CONNECTION 210 213 300 2580 4680 4680
719 CONNECTION 210 10 300 4500 6600 6600
720 CONNECTION 210 40 300 4380 6480 6480
721 CONNECTION 210 185 300 6120 8220 8220
722 CONNECTION 210 125 300 6300 8400 8400
723 SINK 210 0 -1 -1 0 0
724 CONNECTION 299 7 -1 -1 1860 1860
725 CONNECTION 299 328 -1 -1 3240 3240
726 CONNECTION 299 182 -1 -1 3600 3600
727 CONNECTION 299 122 -1 -1 3660 3660
728 CONNECTION 299 94 300 2940 5040 5040
729 CONNECTION 299 9 300 3360 5460 5460
730 CONNECTION 299 273 300 4740 6840 6840
731 CONNECTION 299 184 300 5100 7200 7200
732 CONNECTION 299 124 300 5160 7260 7260
733 CONNECTION 150 151 -1 -1 1080 1080
734 CONNECTION 150 8 -1 -1 3060 3060
735 CONNECTION 150 38 -1 -1 2940 2940
736 CONNECTION 150 183 300 2580 4680 4680
737 CONNECTION 150 123 300 2760 4860 4860
738 CONNECTION 150 153 300 2580 4680 4680
739 CONNECTION 150 213 300 2640 4740 4740
740 CONNECTION 150 10 300 4560 6660 6660
741 CONNECTION 150 40 300 4440 6540 6540
742 CONNECTION 150 185 300 6180 8280 8280
743 CONNECTION 150 125 300 6360 8460 8460
744 SINK 150 0 -1 -1 0 0
745 CONNECTION 180 181 -1 -1 1260 1260
746 CONNECTION 180 8 -1 -1 3240 3240
747 CONNECTION 180 38 -1 -1 3120 3120
748 CONNECTION 180 183 300 2760 4860 4860
749 CONNECTION 180 123 300 2940 5040 5040
750 CONNECTION 180 153 300 2760 4860 4860
751 CONNECTION 180 213 300 2820 4920 4920
752 CONNECTION 180 10 300 4740 6840 6840
753 CONNECTION 180 40 300 4620 6720 6720
754 SINK 180 0 -1 -1 0 0
755 CONNECTION 327 300 -1 -1 3240 3240
756 CONNECTION 327 152 -1 -1 3720 3720
757 CONNECTION 327 67 300 2940 5040 5040
758 CONNECTION 327 244 300 4740 6840 6840
759 CONNECTION 327 154 300 5220 7320 7320
760 CONNECTION 120 121 -1 -1 1380 1380
761 CONNECTION 120 8 -1 -1 3180 3180
762 CONNECTION 120 38 -1 -1 3060 3060
763 CONNECTION 120 183 300 2700 4800 4800
764 CONNECTION 120 123 300 2880 4980 4980
765 CONNECTION 120 153 300 2700 4800 4800
766 CONNECTION 120 213 300 2760 4860 4860
767 CONNECTION 120 10 300 4680 6780 6780
768 CONNECTION 120 40 300 4560 6660 6660
769 SINK 120 0 -1 -1 0 0
770 CONNECTION 65 66 -1 -1 1140 1140
771 CONNECTION 65 271 -1 -1 1860 1860
772 CONNECTION 65 243 -1 -1 2940 2940
773 CONNECTION 65 329 -1 -1 3660 3660
774 CONNECTION 65 302 300 2640 4740 4740
775 CONNECTION 65 95 300 3360 5460 5460
776 CONNECTION 65 69 300 4440 6540 6540
777 CONNECTION 65 274 300 5160 7260 7260
778 CONNECTION 92 93 -1 -1 1140 1140
779 CONNECTION 92 242 -1 -1 1740 1740
780 CONNECTION 92 212 -1 -1 3120 3120
781 CONNECTION 92 272 -1 -1 2940 2940
782 CONNECTION 92 301 -1 -1 3540 3540
783 CONNECTION 92 39 300 2820 4920 4920
784 CONNECTION 92 330 300 2640 4740 4740
785 CONNECTION 92 68 300 3240 5340 5340
786 CONNECTION 92 214 300 4620 6720 6720
787 CONNECTION 92 96 300 4440 6540 6540
788 CONNECTION 92 245 300 5040 7140 7140
789 CONNECTION 181 300 -1 -1 2040 2040
790 CONNECTION 181 152 -1 -1 2520 2520
791 CONNECTION 181 67 -1 -1 3840 3840
792 CONNECTION 181 244 300 3540 5640 5640
793 CONNECTION 181 154 300 4020 6120 6120
794 CONNECTION 181 303 300 5340 7440 7440
795 CONNECTION 121 212 -1 -1 2400 2400
796 CONNECTION 121 272 -1 -1 2220 2220
797 CONNECTION 121 301 -1 -1 2820 2820
798 CONNECTION 121 39 -1 -1 4200 4200
799 CONNECTION 121 330 -1 -1 4020 4020
800 CONNECTION 121 68 300 2520 4620 4620
801 CONNECTION 121 214 300 3900 6000 6000
802 CONNECTION 121 96 300 3720 5820 5820
803 CONNECTION 121 245 300 4320 6420 6420
804 CONNECTION 121 41 300 5700 7800 7800
805 CONNECTION 121 275 300 5520 7620 7620
806 CONNECTION 151 328 -1 -1 1980 1980
807 CONNECTION 151 182 -1 -1 2340 2340
808 CONNECTION 151 122 -1 -1 2400 2400
809 CONNECTION 151 94 -1 -1 3780 3780
810 CONNECTION 151 9 300 2100 4200 4200
811 CONNECTION 151 273 300 3480 5580 5580
812 CONNECTION 151 184 300 3840 5940 5940
813 CONNECTION 151 124 300 3900 6000 6000
814 CONNECTION 151 331 300 5280 7380 7380
815 CONNECTION 151 11 300 5700 7800 7800
816 CONNECTION 211 328 -1 -1 1920 1920
817 CONNECTION 211 182 -1 -1 2280 2280
818 CONNECTION 211 122 -1 -1 2340 2340
819 CONNECTION 211 94 -1 -1 3720 3720
820 CONNECTION 211 9 300 2040 4140 4140
821 CONNECTION 211 273 300 3420 5520 5520
822 CONNECTION 211 184 300 3780 5880 5880
823 CONNECTION 211 124 300 3840 5940 5940
824 CONNECTION 211 331 300 5220 7320 7320
825 CONNECTION 211 11 300 5640 7740 7740
826 CONNECTION 270 271 -1 -1 1080 1080
827 CONNECTION 270 243 -1 -1 2160 2160
828 CONNECTION 270 329 -1 -1 2880 2880
829 CONNECTION 270 302 -1 -1 3960 3960
830 CONNECTION 270 95 300 2580 4680 4680
831 CONNECTION 270 69 300 3660 5760 5760
832 CONNECTION 270 274 300 4380 6480 6480
833 CONNECTION 270 246 300 5460 7560 7560
834 CONNECTION 241 242 -1 -1 960 960
835 CONNECTION 241 212 -1 -1 2340 2340
836 CONNECTION 241 272 -1 -1 2160 2160
837 CONNECTION 241 301 -1 -1 2760 2760
838 CONNECTION 241 39 -1 -1 4140 4140
839 CONNECTION 241 330 -1 -1 3960 3960
840 CONNECTION 241 68 300 2460 4560 4560
841 CONNECTION 241 214 300 3840 5940 5940
842 CONNECTION 241 96 300 3660 5760 5760
843 CONNECTION 241 245 300 4260 6360 6360
844 CONNECTION 241 41 300 5640 7740 7740
845 CONNECTION 241 275 300 5460 7560 7560
846 CONNECTION 37 38 -1 -1 1080 1080
847 CONNECTION 37 183 -1 -1 2820 2820
848 CONNECTION 37 123 -1 -1 3000 3000
849 CONNECTION 37 153 -1 -1 2820 2820
850 CONNECTION 37 213 -1 -1 2880 2880
851 CONNECTION 37 10 300 2700 4800 4800
852 CONNECTION 37 40 300 2580 4680 4680
853 CONNECTION 37 185 300 4320 6420 6420
854 CONNECTION 37 125 300 4500 6600 6600
855 CONNECTION 37 155 300 4320 6420 6420
856 CONNECTION 37 215 300 4380 6480 6480
857 CONNECTION 37 12 300 6300 8400 8400
858 SINK 37 0 -1 -1 0 0
859 CONNECTION 66 182 -1 -1 1800 1800
860 CONNECTION 66 122 -1 -1 1860 1860
861 CONNECTION 66 94 -1 -1 3240 3240
862 CONNECTION 66 9 -1 -1 3660 3660
863 CONNECTION 66 273 300 2940 5040 5040
864 CONNECTION 66 184 300 3300 5400 5400
865 CONNECTION 66 124 300 3360 5460 5460
866 CONNECTION 66 331 300 4740 6840 6840
867 CONNECTION 66 11 300 5160 7260 7260
868 CONNECTION 93 152 -1 -1 1920 1920
869 CONNECTION 93 67 -1 -1 3240 3240
870 CONNECTION 93 244 300 2940 5040 5040
871 CONNECTION 93 154 300 3420 5520 5520
872 CONNECTION 93 303 300 4740 6840 6840
873 CONNECTION 7 8 -1 -1 1380 1380
874 CONNECTION 7 183 -1 -1 3000 3000
875 CONNECTION 7 123 -1 -1 3180 3180
876 CONNECTION 7 153 -1 -1 3000 3000
877 CONNECTION 7 213 -1 -1 3060 3060
878 CONNECTION 7 10 300 2880 4980 4980
879 CONNECTION 7 40 300 2760 4860 4860
880 CONNECTION 7 185 300 4500 6600 6600
881 CONNECTION 7 125 300 4680 6780 6780
882 CONNECTION 7 155 300 4500 6600 6600
883 CONNECTION 7 215 300 4560 6660 6660
884 SINK 7 0 -1 -1 0 0
885 CONNECTION 242 243 -1 -1 1140 1140
886 CONNECTION 242 329 -1 -1 1860 1860
887 CONNECTION 242 302 -1 -1 2940 2940
888 CONNECTION 242 95 -1 -1 3660 3660
889 CONNECTION 242 69 300 2640 4740 4740
890 CONNECTION 242 274 300 3360 5460 5460
891 CONNECTION 242 246 300 4440 6540 6540
892 CONNECTION 242 332 300 5160 7260 7260
893 CONNECTION 271 272 -1 -1 1140 1140
894 CONNECTION 271 301 -1 -1 1740 1740
895 CONNECTION 271 39 -1 -1 3120 3120
896 CONNECTION 271 330 -1 -1 2940 2940
897 CONNECTION 271 68 -1 -1 3540 3540
898 CONNECTION 271 214 300 2820 4920 4920
899 CONNECTION 271 96 300 2640 4740 4740
900 CONNECTION 271 245 300 3240 5340 5340
901 CONNECTION 271 41 300 4620 6720 6720
902 CONNECTION 271 275 300 4440 6540 6540
903 CONNECTION 271 304 300 5040 7140 7140
904 CONNECTION 8 39 -1 -1 2400 2400
905 CONNECTION 8 330 -1 -1 2220 2220
906 CONNECTION 8 68 -1 -1 2820 2820
907 CONNECTION 8 214 -1 -1 4200 4200
908 CONNECTION 8 96 -1 -1 4020 4020
909 CONNECTION 8 245 300 2520 4620 4620
910 CONNECTION 8 41 300 3900 6000 6000
911 CONNECTION 8 275 300 3720 5820 5820
912 CONNECTION 8 304 300 4320 6420 6420
913 CONNECTION 8 216 300 5700 7800 7800
914 CONNECTION 8 333 300 5520 7620 7620
915 CONNECTION 38 94 -1 -1 1920 1920
916 CONNECTION 38 9 -1 -1 2340 2340
917 CONNECTION 38 273 -1 -1 3720 3720
918 CONNECTION 38 184 300 1980 4080 4080
919 CONNECTION 38 124 300 2040 4140 4140
920 CONNECTION 38 331 300 3420 5520 5520
921 CONNECTION 38 11 300 3840 5940 5940
922 CONNECTION 38 97 300 5220 7320 7320
923 CONNECTION 38 186 300 5580 7680 7680
924 CONNECTION 38 126 300 5640 7740 7740
925 CONNECTION 328 329 -1 -1 1080 1080
926 CONNECTION 328 302 -1 -1 2160 2160
927 CONNECTION 328 95 -1 -1 2880 2880
928 CONNECTION 328 69 -1 -1 3960 3960
929 CONNECTION 328 274 300 2580 4680 4680
930 CONNECTION 328 246 300 3660 5760 5760
931 CONNECTION 328 332 300 4380 6480 6480
932 CONNECTION 328 305 300 5460 7560 7560
933 CONNECTION 300 301 -1 -1 960 960
934 CONNECTION 300 39 -1 -1 2340 2340
935 CONNECTION 300 330 -1 -1 2160 2160
936 CONNECTION 300 68 -1 -1 2760 2760
937 CONNECTION 300 214 -1 -1 4140 4140
938 CONNECTION 300 96 -1 -1 3960 3960
939 CONNECTION 300 245 300 2460 4560 4560
940 CONNECTION 300 41 300 3840 5940 5940
941 CONNECTION 300 275 300 3660 5760 5760
942 CONNECTION 300 304 300 4260 6360 6360
943 CONNECTION 300 216 300 5640 7740 7740
944 CONNECTION 300 333 300 5460 7560 7560
945 CONNECTION 212 213 -1 -1 1080 1080
946 CONNECTION 212 10 -1 -1 3000 3000
947 CONNECTION 212 40 -1 -1 2880 2880
948 CONNECTION 212 185 300 2520 4620 4620
949 CONNECTION 212 125 300 2700 4800 4800
950 CONNECTION 212 155 300 2520 4620 4620
951 CONNECTION 212 215 300 2580 4680 4680
952 CONNECTION 212 12 300 4500 6600 6600
953 CONNECTION 212 42 300 4380 6480 6480
954 CONNECTION 212 187 300 6120 8220 8220
955 CONNECTION 212 127 300 6300 8400 8400
956 SINK 212 0 -1 -1 0 0
957 CONNECTION 243 9 -1 -1 1860 1860
958 CONNECTION 243 273 -1 -1 3240 3240
959 CONNECTION 243 184 -1 -1 3600 3600
960 CONNECTION 243 124 -1 -1 3660 3660
961 CONNECTION 243 331 300 2940 5040 5040
962 CONNECTION 243 11 300 3360 5460 5460
963 CONNECTION 243 97 300 4740 6840 6840
964 CONNECTION 243 186 300 5100 7200 7200
965 CONNECTION 243 126 300 5160 7260 7260
966 CONNECTION 152 153 -1 -1 1080 1080
967 CONNECTION 152 10 -1 -1 3060 3060
968 CONNECTION 152 40 -1 -1 2940 2940
969 CONNECTION 152 185 300 2580 4680 4680
970 CONNECTION 152 125 300 2760 4860 4860
971 CONNECTION 152 155 300 2580 4680 4680
972 CONNECTION 152 215 300 2640 4740 4740
973 CONNECTION 152 12 300 4560 6660 6660
974 CONNECTION 152 42 300 4440 6540 6540
975 CONNECTION 152 187 300 6180 8280 8280
976 CONNECTION 152 127 300 6360 8460 8460
977 SINK 152 0 -1 -1 0 0
978 CONNECTION 182 183 -1 -1 1260 1260
979 CONNECTION 182 10 -1 -1 3240 3240
980 CONNECTION 182 40 -1 -1 3120 3120
981 CONNECTION 182 185 300 2760 4860 4860
982 CONNECTION 182 125 300 2940 5040 5040
983 CONNECTION 182 155 300 2760 4860 4860
984 CONNECTION 182 215 300 2820 4920 4920
985 CONNECTION 182 12 300 4740 6840 6840
986 CONNECTION 182 42 300 4620 6720 6720
987 SINK 182 0 -1 -1 0 0
988 CONNECTION 272 244 -1 -1 3240 3240
989 CONNECTION 272 154 -1 -1 3720 3720
990 CONNECTION 272 303 300 2940 5040 5040
991 CONNECTION 272 70 300 4740 6840 6840
992 CONNECTION 272 156 300 5220 7320 7320
993 CONNECTION 122 123 -1 -1 1380 1380
994 CONNECTION 122 10 -1 -1 3180 3180
995 CONNECTION 122 40 -1 -1 3060 3060
996 CONNECTION 122 185 300 2700 4800 4800
997 CONNECTION 122 125 300 2880 4980 4980
998 CONNECTION 122 155 300 2700 4800 4800
999 CONNECTION 122 215 300 2760 4860 4860
1000 CONNECTION 122 12 300 4680 6780 6780
1001 CONNECTION 122 42 300 4560 6660 6660
1002 SINK 122 0 -1 -1 0 0
1003 CONNECTION 301 302 -1 -1 1140 1140
1004 CONNECTION 301 95 -1 -1 1860 1860
1005 CONNECTION 301 69 -1 -1 2940 2940
1006 CONNECTION 301 274 -1 -1 3660 3660
1007 CONNECTION 301 246 300 2640 4740 4740
1008 CONNECTION 301 332 300 3360 5460 5460
1009 CONNECTION 301 305 300 4440 6540 6540
1010 CONNECTION 301 98 300 5160 7260 7260
1011 CONNECTION 329 330 -1 -1 1140 1140
1012 CONNECTION 329 68 -1 -1 1740 1740
1013 CONNECTION 329 214 -1 -1 3120 3120
1014 CONNECTION 329 96 -1 -1 2940 2940
1015 CONNECTION 329 245 -1 -1 3540 3540
1016 CONNECTION 329 41 300 2820 4920 4920
1017 CONNECTION 329 275 300 2640 4740 4740
1018 CONNECTION 329 304 300 3240 5340 5340
1019 CONNECTION 329 216 300 4620 6720 6720
1020 CONNECTION 329 333 300 4440 6540 6540
1021 CONNECTION 329 71 300 5040 7140 7140
1022 CONNECTION 183 244 -1 -1 2040 2040
1023 CONNECTION 183 154 -1 -1 2520 2520
1024 CONNECTION 183 303 -1 -1 3840 3840
1025 CONNECTION 183 70 300 3540 5640 5640
1026 CONNECTION 183 156 300 4020 6120 6120
1027 CONNECTION 183 247 300 5340 7440 7440
1028 CONNECTION 123 214 -1 -1 2400 2400
1029 CONNECTION 123 96 -1 -1 2220 2220
1030 CONNECTION 123 245 -1 -1 2820 2820
1031 CONNECTION 123 41 -1 -1 4200 4200
1032 CONNECTION 123 275 -1 -1 4020 4020
1033 CONNECTION 123 304 300 2520 4620 4620
1034 CONNECTION 123 216 300 3900 6000 6000
1035 CONNECTION 123 333 300 3720 5820 5820
1036 CONNECTION 123 71 300 4320 6420 6420
1037 CONNECTION 123 43 300 5700 7800 7800
1038 CONNECTION 123 99 300 5520 7620 7620
1039 CONNECTION 153 273 -1 -1 1980 1980
1040 CONNECTION 153 184 -1 -1 2340 2340
1041 CONNECTION 153 124 -1 -1 2400 2400
1042 CONNECTION 153 331 -1 -1 3780 3780
1043 CONNECTION 153 11 300 2100 4200 4200
1044 CONNECTION 153 97 300 3480 5580 5580
1045 CONNECTION 153 186 300 3840 5940 5940
1046 CONNECTION 153 126 300 3900 6000 6000
1047 CONNECTION 153 276 300 5280 7380 7380
1048 CONNECTION 153 13 300 5700 7800 7800
1049 CONNECTION 213 273 -1 -1 1920 1920
1050 CONNECTION 213 184 -1 -1 2280 2280
1051 CONNECTION 213 124 -1 -1 2340 2340
1052 CONNECTION 213 331 -1 -1 3720 3720
1053 CONNECTION 213 11 300 2040 4140 4140
1054 CONNECTION 213 97 300 3420 5520 5520
1055 CONNECTION 213 186 300 3780 5880 5880
1056 CONNECTION 213 126 300 3840 5940 5940
1057 CONNECTION 213 276 300 5220 7320 7320
1058 CONNECTION 213 13 300 5640 7740 7740
1059 CONNECTION 94 95 -1 -1 1080 1080
1060 CONNECTION 94 69 -1 -1 2160 2160
1061 CONNECTION 94 274 -1 -1 2880 2880
1062 CONNECTION 94 246 -1 -1 3960 3960
1063 CONNECTION 94 332 300 2580 4680 4680
1064 CONNECTION 94 305 300 3660 5760 5760
1065 CONNECTION 94 98 300 4380 6480 6480
1066 CONNECTION 94 72 300 5460 7560 7560
1067 CONNECTION 67 68 -1 -1 960 960
1068 CONNECTION 67 214 -1 -1 2340 2340
1069 CONNECTION 67 96 -1 -1 2160 2160
1070 CONNECTION 67 245 -1 -1 2760 2760
1071 CONNECTION 67 41 -1 -1 4140 4140
1072 CONNECTION 67 275 -1 -1 3960 3960
1073 CONNECTION 67 304 300 2460 4560 4560
1074 CONNECTION 67 216 300 3840 5940 5940
1075 CONNECTION 67 333 300 3660 5760 5760
1076 CONNECTION 67 71 300 4260 6360 6360
1077 CONNECTION 67 43 300 5640 7740 7740
1078 CONNECTION 67 99 300 5460 7560 7560
1079 CONNECTION 39 40 -1 -1 1080 1080
1080 CONNECTION 39 185 -1 -1 2820 2820
1081 CONNECTION 39 125 -1 -1 3000 3000
1082 CONNECTION 39 155 -1 -1 2820 2820
1083 CONNECTION 39 215 -1 -1 2880 2880
1084 CONNECTION 39 12 300 2700 4800 4800
1085 CONNECTION 39 42 300 2580 4680 4680
1086 CONNECTION 39 187 300 4320 6420 6420
1087 CONNECTION 39 127 300 4500 6600 6600
1088 CONNECTION 39 157 300 4320 6420 6420
1089 CONNECTION 39 217 300 4380 6480 6480
1090 CONNECTION 39 14 300 6300 8400 8400
1091 SINK 39 0 -1 -1 0 0
1092 CONNECTION 302 184 -1 -1 1800 1800
1093 CONNECTION 302 124 -1 -1 1860 1860
1094 CONNECTION 302 331 -1 -1 3240 3240
1095 CONNECTION 302 11 -1 -1 3660 3660
1096 CONNECTION 302 97 300 2940 5040 5040
1097 CONNECTION 302 186 300 3300 5400 5400
1098 CONNECTION 302 126 300 3360 5460 5460
1099 CONNECTION 302 276 300 4740 6840 6840
1100 CONNECTION 302 13 300 5160 7260 7260
1101 CONNECTION 330 154 -1 -1 1920 1920
1102 CONNECTION 330 303 -1 -1 3240 3240
1103 CONNECTION 330 70 300 2940 5040 5040
1104 CONNECTION 330 156 300 3420 5520 5520
1105 CONNECTION 330 247 300 4740 6840 6840
1106 CONNECTION 9 10 -1 -1 1380 1380
1107 CONNECTION 9 185 -1 -1 3000 3000
1108 CONNECTION 9 125 -1 -1 3180 3180
1109 CONNECTION 9 155 -1 -1 3000 3000
1110 CONNECTION 9 215 -1 -1 3060 3060
1111 CONNECTION 9 12 300 2880 4980 4980
1112 CONNECTION 9 42 300 2760 4860 4860
1113 CONNECTION 9 187 300 4500 6600 6600
1114 CONNECTION 9 127 300 4680 6780 6780
1115 CONNECTION 9 157 300 4500 6600 6600
1116 CONNECTION 9 217 300 4560 6660 6660
1117 SINK 9 0 -1 -1 0 0
1118 CONNECTION 68 69 -1 -1 1140 1140
1119 CONNECTION 68 274 -1 -1 1860 1860
1120 CONNECTION 68 246 -1 -1 2940 2940
1121 CONNECTION 68 332 -1 -1 3660 3660
1122 CONNECTION 68 305 300 2640 4740 4740
1123 CONNECTION 68 98 300 3360 5460 5460
1124 CONNECTION 68 72 300 4440 6540 6540
1125 CONNECTION 68 277 300 5160 7260 7260
1126 CONNECTION 95 96 -1 -1 1140 1140
1127 CONNECTION 95 245 -1 -1 1740 1740
1128 CONNECTION 95 41 -1 -1 3120 3120
1129 CONNECTION 95 275 -1 -1 2940 2940
1130 CONNECTION 95 304 -1 -1 3540 3540
1131 CONNECTION 95 216 300 2820 4920 4920
1132 CONNECTION 95 333 300 2640 4740 4740
1133 CONNECTION 95 71 300 3240 5340 5340
1134 CONNECTION 95 43 300 4620 6720 6720
1135 CONNECTION 95 99 300 4440 6540 6540
1136 CONNECTION 95 248 300 5040 7140 7140
1137 CONNECTION 10 41 -1 -1 2400 2400
1138 CONNECTION 10 275 -1 -1 2220 2220
1139 CONNECTION 10 304 -1 -1 2820 2820
1140 CONNECTION 10 216 -1 -1 4200 4200
1141 CONNECTION 10 333 -1 -1 4020 4020
1142 CONNECTION 10 71 300 2520 4620 4620
1143 CONNECTION 10 43 300 3900 6000 6000
1144 CONNECTION 10 99 300 3720 5820 5820
1145 CONNECTION 10 248 300 4320 6420 6420
1146 CONNECTION 10 218 300 5700 7800 7800
1147 CONNECTION 10 278 300 5520 7620 7620
1148 CONNECTION 40 331 -1 -1 1920 1920
1149 CONNECTION 40 11 -1 -1 2340 2340
1150 CONNECTION 40 97 -1 -1 3720 3720
1151 CONNECTION 40 186 300 1980 4080 4080
1152 CONNECTION 40 126 300 2040 4140 4140
1153 CONNECTION 40 276 300 3420 5520 5520
1154 CONNECTION 40 13 300 3840 5940 5940
1155 CONNECTION 40 334 300 5220 7320 7320
1156 CONNECTION 40 188 300 5580 7680 7680
1157 CONNECTION 40 128 300 5640 7740 7740
1158 CONNECTION 273 274 -1 -1 1080 1080
1159 CONNECTION 273 246 -1 -1 2160 2160
1160 CONNECTION 273 332 -1 -1 2880 2880
1161 CONNECTION 273 305 -1 -1 3960 3960
1162 CONNECTION 273 98 300 2580 4680 4680
1163 CONNECTION 273 72 300 3660 5760 5760
1164 CONNECTION 273 277 300 4380 6480 6480
1165 CONNECTION 273 249 300 5460 7560 7560
1166 CONNECTION 244 245 -1 -1 960 960
1167 CONNECTION 244 41 -1 -1 2340 2340
1168 CONNECTION 244 275 -1 -1 2160 2160
1169 CONNECTION 244 304 -1 -1 2760 2760
1170 CONNECTION 244 216 -1 -1 4140 4140
1171 CONNECTION 244 333 -1 -1 3960 3960
1172 CONNECTION 244 71 300 2460 4560 4560
1173 CONNECTION 244 43 300 3840 5940 5940
1174 CONNECTION 244 99 300 3660 5760 5760
1175 CONNECTION 244 248 300 4260 6360 6360
1176 CONNECTION 244 218 300 5640 7740 7740
1177 CONNECTION 244 278 300 5460 7560 7560
1178 CONNECTION 69 11 -1 -1 1860 1860
1179 CONNECTION 69 97 -1 -1 3240 3240
1180 CONNECTION 69 186 -1 -1 3600 3600
1181 CONNECTION 69 126 -1 -1 3660 3660
1182 CONNECTION 69 276 300 2940 5040 5040
1183 CONNECTION 69 13 300 3360 5460 5460
1184 CONNECTION 69 334 300 4740 6840 6840
1185 CONNECTION 69 188 300 5100 7200 7200
1186 CONNECTION 69 128 300 5160 7260 7260
1187 CONNECTION 214 215 -1 -1 1080 1080
1188 CONNECTION 214 12 -1 -1 3000 3000
1189 CONNECTION 214 42 -1 -1 2880 2880
1190 CONNECTION 214 187 300 2520 4620 4620
1191 CONNECTION 214 127 300 2700 4800 4800
1192 CONNECTION 214 157 300 2520 4620 4620
1193 CONNECTION 214 217 300 2580 4680 4680
1194 CONNECTION 214 14 300 4500 6600 6600
1195 CONNECTION 214 44 300 4380 6480 6480
1196 CONNECTION 214 189 300 6120 8220 8220
1197 CONNECTION 214 129 300 6300 8400 8400
1198 SINK 214 0 -1 -1 0 0
1199 CONNECTION 96 70 -1 -1 3240 3240
1200 CONNECTION 96 156 -1 -1 3720 3720
1201 CONNECTION 96 247 300 2940 5040 5040
1202 CONNECTION 96 306 300 4740 6840 6840
1203 CONNECTION 96 158 300 5220 7320 7320
1204 CONNECTION 154 155 -1 -1 1080 1080
1205 CONNECTION 154 12 -1 -1 3060 3060
1206 CONNECTION 154 42 -1 -1 2940 2940
1207 CONNECTION 154 187 300 2580 4680 4680
1208 CONNECTION 154 127 300 2760 4860 4860
1209 CONNECTION 154 157 300 2580 4680 4680
1210 CONNECTION 154 217 300 2640 4740 4740
1211 CONNECTION 154 14 300 4560 6660 6660
1212 CONNECTION 154 44 300 4440 6540 6540
1213 CONNECTION 154 189 300 6180 8280 8280
1214 CONNECTION 154 129 300 6360 8460 8460
1215 SINK 154 0 -1 -1 0 0
1216 CONNECTION 184 185 -1 -1 1260 1260
1217 CONNECTION 184 12 -1 -1 3240 3240
1218 CONNECTION 184 42 -1 -1 3120 3120
1219 CONNECTION 184 187 300 2760 4860 4860
1220 CONNECTION 184 127 300 2940 5040 5040
1221 CONNECTION 184 157 300 2760 4860 4860
1222 CONNECTION 184 217 300 2820 4920 4920
1223 CONNECTION 184 14 300 4740 6840 6840
1224 CONNECTION 184 44 300 4620 6720 6720
1225 SINK 184 0 -1 -1 0 0
1226 CONNECTION 124 125 -1 -1 1380 1380
1227 CONNECTION 124 12 -1 -1 3180 3180
1228 CONNECTION 124 42 -1 -1 3060 3060
1229 CONNECTION 124 187 300 2700 4800 4800
1230 CONNECTION 124 127 300 2880 4980 4980
1231 CONNECTION 124 157 300 2700 4800 4800
1232 CONNECTION 124 217 300 2760 4860 4860
1233 CONNECTION 124 14 300 4680 6780 6780
1234 CONNECTION 124 44 300 4560 6660 6660
1235 SINK 124 0 -1 -1 0 0
1236 CONNECTION 245 246 -1 -1 1140 1140
1237 CONNECTION 245 332 -1 -1 1860 1860
1238 CONNECTION 245 305 -1 -1 2940 2940
1239 CONNECTION 245 98 -1 -1 3660 3660
1240 CONNECTION 245 72 300 2640 4740 4740
1241 CONNECTION 245 277 300 3360 5460 5460
1242 CONNECTION 245 249 300 4440 6540 6540
1243 CONNECTION 245 335 300 5160 7260 7260
1244 CONNECTION 274 275 -1 -1 1140 1140
1245 CONNECTION 274 304 -1 -1 1740 1740
1246 CONNECTION 274 216 -1 -1 3120 3120
1247 CONNECTION 274 333 -1 -1 2940 2940
1248 CONNECTION 274 71 -1 -1 3540 3540
1249 CONNECTION 274 43 300 2820 4920 4920
1250 CONNECTION 274 99 300 2640 4740 4740
1251 CONNECTION 274 248 300 3240 5340 5340
1252 CONNECTION 274 218 300 4620 6720 6720
1253 CONNECTION 274 278 300 4440 6540 6540
1254 CONNECTION 274 307 300 5040 7140 7140
1255 CONNECTION 185 70 -1 -1 2040 2040
1256 CONNECTION 185 156 -1 -1 2520 2520
1257 CONNECTION 185 247 -1 -1 3840 3840
1258 CONNECTION 185 306 300 3540 5640 5640
1259 CONNECTION 185 158 300 4020 6120 6120
1260 CONNECTION 185 73 300 5340 7440 7440
1261 CONNECTION 125 216 -1 -1 2400 2400
1262 CONNECTION 125 333 -1 -1 2220 2220
1263 CONNECTION 125 71 -1 -1 2820 2820
1264 CONNECTION 125 43 -1 -1 4200 4200
1265 CONNECTION 125 99 -1 -1 4020 4020
1266 CONNECTION 125 248 300 2520 4620 4620
1267 CONNECTION 125 218 300 3900 6000 6000
1268 CONNECTION 125 278 300 3720 5820 5820
1269 CONNECTION 125 307 300 4320 6420 6420
1270 CONNECTION 125 45 300 5700 7800 7800
1271 CONNECTION 125 336 300 5520 7620 7620
1272 CONNECTION 155 97 -1 -1 1980 1980
1273 CONNECTION 155 186 -1 -1 2340 2340
1274 CONNECTION 155 126 -1 -1 2400 2400
1275 CONNECTION 155 276 -1 -1 3780 3780
1276 CONNECTION 155 13 300 2100 4200 4200
1277 CONNECTION 155 334 300 3480 5580 5580
1278 CONNECTION 155 188 300 3840 5940 5940
1279 CONNECTION 155 128 300 3900 6000 6000
1280 CONNECTION 155 100 300 5280 7380 7380
1281 CONNECTION 155 15 300 5700 7800 7800
1282 CONNECTION 215 97 -1 -1 1920 1920
1283 CONNECTION 215 186 -1 -1 2280 2280
1284 CONNECTION 215 126 -1 -1 2340 2340
1285 CONNECTION 215 276 -1 -1 3720 3720
1286 CONNECTION 215 13 300 2040 4140 4140
1287 CONNECTION 215 334 300 3420 5520 5520
1288 CONNECTION 215 188 300 3780 5880 5880
1289 CONNECTION 215 128 300 3840 5940 5940
1290 CONNECTION 215 100 300 5220 7320 7320
1291 CONNECTION 215 15 300 5640 7740 7740
1292 CONNECTION 331 332 -1 -1 1080 1080
1293 CONNECTION 331 305 -1 -1 2160 2160
1294 CONNECTION 331 98 -1 -1 2880 2880
1295 CONNECTION 331 72 -1 -1 3960 3960
1296 CONNECTION 331 277 300 2580 4680 4680
1297 CONNECTION 331 249 300 3660 5760 5760
1298 CONNECTION 331 335 300 4380 6480 6480
1299 CONNECTION 331 308 300 5460 7560 7560
1300 CONNECTION 303 304 -1 -1 960 960
1301 CONNECTION 303 216 -1 -1 2340 2340
1302 CONNECTION 303 333 -1 -1 2160 2160
1303 CONNECTION 303 71 -1 -1 2760 2760
1304 CONNECTION 303 43 -1 -1 4140 4140
1305 CONNECTION 303 99 -1 -1 3960 3960
1306 CONNECTION 303 248 300 2460 4560 4560
1307 CONNECTION 303 218 300 3840 5940 5940
1308 CONNECTION 303 278 300 3660 5760 5760
1309 CONNECTION 303 307 300 4260 6360 6360
1310 CONNECTION 303 45 300 5640 7740 7740
1311 CONNECTION 303 336 300 5460 7560 7560
1312 CONNECTION 41 42 -1 -1 1080 1080
1313 CONNECTION 41 187 -1 -1 2820 2820
1314 CONNECTION 41 127 -1 -1 3000 3000
1315 CONNECTION 41 157 -1 -1 2820 2820
1316 CONNECTION 41 217 -1 -1 2880 2880
1317 CONNECTION 41 14 300 2700 4800 4800
1318 CONNECTION 41 44 300 2580 4680 4680
1319 CONNECTION 41 189 300 4320 6420 6420
1320 CONNECTION 41 129 300 4500 6600 6600
1321 CONNECTION 41 159 300 4320 6420 6420
1322 CONNECTION 41 219 300 4380 6480 6480
1323 CONNECTION 41 16 300 6300 8400 8400
1324 SINK 41 0 -1 -1 0 0
1325 CONNECTION 246 186 -1 -1 1800 1800
1326 CONNECTION 246 126 -1 -1 1860 1860
1327 CONNECTION 246 276 -1 -1 3240 3240
1328 CONNECTION 246 13 -1 -1 3660 3660
1329 CONNECTION 246 334 300 2940 5040 5040
1330 CONNECTION 246 188 300 3300 5400 5400
1331 CONNECTION 246 128 300 3360 5460 5460
1332 CONNECTION 246 100 300 4740 6840 6840
1333 CONNECTION 246 15 300 5160 7260 7260
1334 CONNECTION 275 156 -1 -1 1920 1920
1335 CONNECTION 275 247 -1 -1 3240 3240
1336 CONNECTION 275 306 300 2940 5040 5040
1337 CONNECTION 275 158 300 3420 5520 5520
1338 CONNECTION 275 73 300 4740 6840 6840
1339 CONNECTION 11 12 -1 -1 1380 1380
1340 CONNECTION 11 187 -1 -1 3000 3000
1341 CONNECTION 11 127 -1 -1 3180 3180
1342 CONNECTION 11 157 -1 -1 3000 3000
1343 CONNECTION 11 217 -1 -1 3060 3060
1344 CONNECTION 11 14 300 2880 4980 4980
1345 CONNECTION 11 44 300 2760 4860 4860
1346 CONNECTION 11 189 300 4500 6600 6600
1347 CONNECTION 11 129 300 4680 6780 6780
1348 CONNECTION 11 159 300 4500 6600 6600
1349 CONNECTION 11 219 300 4560 6660 6660
1350 SINK 11 0 -1 -1 0 0
1351 CONNECTION 304 305 -1 -1 1140 1140
1352 CONNECTION 304 98 -1 -1 1860 1860
1353 CONNECTION 304 72 -1 -1 2940 2940
1354 CONNECTION 304 277 -1 -1 3660 3660
1355 CONNECTION 304 249 300 2640 4740 4740
1356 CONNECTION 304 335 300 3360 5460 5460
1357 CONNECTION 304 308 300 4440 6540 6540
1358 CONNECTION 304 101 300 5160 7260 7260
1359 CONNECTION 332 333 -1 -1 1140 1140
1360 CONNECTION 332 71 -1 -1 1740 1740
1361 CONNECTION 332 43 -1 -1 3120 3120
1362 CONNECTION 332 99 -1 -1 2940 2940
1363 CONNECTION 332 248 -1 -1 3540 3540
1364 CONNECTION 332 218 300 2820 4920 4920
1365 CONNECTION 332 278 300 2640 4740 4740
1366 CONNECTION 332 307 300 3240 5340 5340
1367 CONNECTION 332 45 300 4620 6720 6720
1368 CONNECTION 332 336 300 4440 6540 6540
1369 CONNECTION 332 74 300 5040 7140 7140
1370 CONNECTION 12 43 -1 -1 2400 2400
1371 CONNECTION 12 99 -1 -1 2220 2220
1372 CONNECTION 12 248 -1 -1 2820 2820
1373 CONNECTION 12 218 -1 -1 4200 4200
1374 CONNECTION 12 278 -1 -1 4020 4020
1375 CONNECTION 12 307 300 2520 4620 4620
1376 CONNECTION 12 45 300 3900 6000 6000
1377 CONNECTION 12 336 300 3720 5820 5820
1378 CONNECTION 12 74 300 4320 6420 6420
1379 CONNECTION 12 220 300 5700 7800 7800
1380 CONNECTION 12 102 300 5520 7620 7620
1381 CONNECTION 42 276 -1 -1 1920 1920
1382 CONNECTION 42 13 -1 -1 2340 2340
1383 CONNECTION 42 334 -1 -1 3720 3720
1384 CONNECTION 42 188 300 1980 4080 4080
1385 CONNECTION 42 128 300 2040 4140 4140
1386 CONNECTION 42 100 300 3420 5520 5520
1387 CONNECTION 42 15 300 3840 5940 5940
1388 CONNECTION 42 279 300 5220 7320 7320
1389 CONNECTION 42 190 300 5580 7680 7680
1390 CONNECTION 42 130 300 5640 7740 7740
1391 CONNECTION 97 98 -1 -1 1080 1080
1392 CONNECTION 97 72 -1 -1 2160 2160
1393 CONNECTION 97 277 -1 -1 2880 2880
1394 CONNECTION 97 249 -1 -1 3960 3960
1395 CONNECTION 97 335 300 2580 4680 4680
1396 CONNECTION 97 308 300 3660 5760 5760
1397 CONNECTION 97 101 300 4380 6480 6480
1398 CONNECTION 97 75 300 5460 7560 7560
1399 CONNECTION 70 71 -1 -1 960 960
1400 CONNECTION 70 43 -1 -1 2340 2340
1401 CONNECTION 70 99 -1 -1 2160 2160
1402 CONNECTION 70 248 -1 -1 2760 2760
1403 CONNECTION 70 218 -1 -1 4140 4140
1404 CONNECTION 70 278 -1 -1 3960 3960
1405 CONNECTION 70 307 300 2460 4560 4560
1406 CONNECTION 70 45 300 3840 5940 5940
1407 CONNECTION 70 336 300 3660 5760 5760
1408 CONNECTION 70 74 300 4260 6360 6360
1409 CONNECTION 70 220 300 5640 7740 7740
1410 CONNECTION 70 102 300 5460 7560 7560
1411 CONNECTION 216 217 -1 -1 1080 1080
1412 CONNECTION 216 14 -1 -1 3000 3000
1413 CONNECTION 216 44 -1 -1 2880 2880
1414 CONNECTION 216 189 300 2520 4620 4620
1415 CONNECTION 216 129 300 2700 4800 4800
1416 CONNECTION 216 159 300 2520 4620 4620
1417 CONNECTION 216 219 300 2580 4680 4680
1418 CONNECTION 216 16 300 4500 6600 6600
1419 CONNECTION 216 46 300 4380 6480 6480
1420 CONNECTION 216 191 300 6120 8220 8220
1421 CONNECTION 216 131 300 6300 8400 8400
1422 SINK 216 0 -1 -1 0 0
1423 CONNECTION 305 13 -1 -1 1860 1860
1424 CONNECTION 305 334 -1 -1 3240 3240
1425 CONNECTION 305 188 -1 -1 3600 3600
1426 CONNECTION 305 128 -1 -1 3660 3660
1427 CONNECTION 305 100 300 2940 5040 5040
1428 CONNECTION 305 15 300 3360 5460 5460
1429 CONNECTION 305 279 300 4740 6840 6840
1430 CONNECTION 305 190 300 5100 7200 7200
1431 CONNECTION 305 130 300 5160 7260 7260
1432 CONNECTION 156 157 -1 -1 1080 1080
1433 CONNECTION 156 14 -1 -1 3060 3060
1434 CONNECTION 156 44 -1 -1 2940 2940
1435 CONNECTION 156 189 300 2580 4680 4680
1436 CONNECTION 156 129 300 2760 4860 4860
1437 CONNECTION 156 159 300 2580 4680 4680
1438 CONNECTION 156 219 300 2640 4740 4740
1439 CONNECTION 156 16 300 4560 6660 6660
1440 CONNECTION 156 46 300 4440 6540 6540
1441 CONNECTION 156 191 300 6180 8280 8280
1442 CONNECTION 156 131 300 6360 8460 8460
1443 SINK 156 0 -1 -1 0 0
1444 CONNECTION 186 187 -1 -1 1260 1260
1445 CONNECTION 186 14 -1 -1 3240 3240
1446 CONNECTION 186 44 -1 -1 3120 3120
1447 CONNECTION 186 189 300 2760 4860 4860
1448 CONNECTION 186 129 300 2940 5040 5040
1449 CONNECTION 186 159 300 2760 4860 4860
1450 CONNECTION 186 219 300 2820 4920 4920
1451 CONNECTION 186 16 300 4740 6840 6840
1452 CONNECTION 186 46 300 4620 6720 6720
1453 SINK 186 0 -1 -1 0 0
1454 CONNECTION 333 306 -1 -1 3240 3240
1455 CONNECTION 333 158 -1 -1 3720 3720
1456 CONNECTION 333 73 300 2940 5040 5040
1457 CONNECTION 333 250 300 4740 6840 6840
1458 CONNECTION 333 160 300 5220 7320 7320
1459 CONNECTION 126 127 -1 -1 1380 1380
1460 CONNECTION 126 14 -1 -1 3180 3180
1461 CONNECTION 126 44 -1 -1 3060 3060
1462 CONNECTION 126 189 300 2700 4800 4800
1463 CONNECTION 126 129 300 2880 4980 4980
1464 CONNECTION 126 159 300 2700 4800 4800
1465 CONNECTION 126 219 300 2760 4860 4860
1466 CONNECTION 126 16 300 4680 6780 6780
1467 CONNECTION 126 46 300 4560 6660 6660
1468 SINK 126 0 -1 -1 0 0
1469 CONNECTION 71 72 -1 -1 1140 1140
1470 CONNECTION 71 277 -1 -1 1860 1860
1471 CONNECTION 71 249 -1 -1 2940 2940
1472 CONNECTION 71 335 -1 -1 3660 3660
1473 CONNECTION 71 308 300 2640 4740 4740
1474 CONNECTION 71 101 300 3360 5460 5460
1475 CONNECTION 71 75 300 4440 6540 6540
1476 CONNECTION 71 280 300 5160 7260 7260
1477 CONNECTION 98 99 -1 -1 1140 1140
1478 CONNECTION 98 248 -1 -1 1740 1740
1479 CONNECTION 98 218 -1 -1 3120 3120
1480 CONNECTION 98 278 -1 -1 2940 2940
1481 CONNECTION 98 307 -1 -1 3540 3540
1482 CONNECTION 98 45 300 2820 4920 4920
1483 CONNECTION 98 336 300 2640 4740 4740
1484 CONNECTION 98 74 300 3240 5340 5340
1485 CONNECTION 98 220 300 4620 6720 6720
1486 CONNECTION 98 102 300 4440 6540 6540
1487 CONNECTION 98 251 300 5040 7140 7140
1488 CONNECTION 187 306 -1 -1 2040 2040
1489 CONNECTION 187 158 -1 -1 2520 2520
1490 CONNECTION 187 73 -1 -1 3840 3840
1491 CONNECTION 187 250 300 3540 5640 5640
1492 CONNECTION 187 160 300 4020 6120 6120
1493 CONNECTION 187 309 300 5340 7440 7440
1494 CONNECTION 127 218 -1 -1 2400 2400
1495 CONNECTION 127 278 -1 -1 2220 2220
1496 CONNECTION 127 307 -1 -1 2820 2820
1497 CONNECTION 127 45 -1 -1 4200 4200
1498 CONNECTION 127 336 -1 -1 4020 4020
1499 CONNECTION 127 74 300 2520 4620 4620
1500 CONNECTION 127 220 300 3900 6000 6000
1501 CONNECTION 127 102 300 3720 5820 5820
1502 CONNECTION 127 251 300 4320 6420 6420
1503 CONNECTION 127 47 300 5700 7800 7800
1504 CONNECTION 127 281 300 5520 7620 7620
1505 CONNECTION 157 334 -1 -1 1980 1980
1506 CONNECTION 157 188 -1 -1 2340 2340
1507 CONNECTION 157 128 -1 -1 2400 2400
1508 CONNECTION 157 100 -1 -1 3780 3780
1509 CONNECTION 157 15 300 2100 4200 4200
1510 CONNECTION 157 279 300 3480 5580 5580
1511 CONNECTION 157 190 300 3840 5940 5940
1512 CONNECTION 157 130 300 3900 6000 6000
1513 CONNECTION 157 337 300 5280 7380 7380
1514 CONNECTION 157 17 300 5700 7800 7800
1515 CONNECTION 217 334 -1 -1 1920 1920
1516 CONNECTION 217 188 -1 -1 2280 2280
1517 CONNECTION 217 128 -1 -1 2340 2340
1518 CONNECTION 217 100 -1 -1 3720 3720
1519 CONNECTION 217 15 300 2040 4140 4140
1520 CONNECTION 217 279 300 3420 5520 5520
1521 CONNECTION 217 190 300 3780 5880 5880
1522 CONNECTION 217 130 300 3840 5940 5940
1523 CONNECTION 217 337 300 5220 7320 7320
1524 CONNECTION 217 17 300 5640 7740 7740
1525 CONNECTION 276 277 -1 -1 1080 1080
1526 CONNECTION 276 249 -1 -1 2160 2160
1527 CONNECTION 276 335 -1 -1 2880 2880
1528 CONNECTION 276 308 -1 -1 3960 3960
1529 CONNECTION 276 101 300 2580 4680 4680
1530 CONNECTION 276 75 300 3660 5760 5760
1531 CONNECTION 276 280 300 4380 6480 6480
1532 CONNECTION 276 252 300 5460 7560 7560
1533 CONNECTION 247 248 -1 -1 960 960
1534 CONNECTION 247 218 -1 -1 2340 2340
1535 CONNECTION 247 278 -1 -1 2160 2160
1536 CONNECTION 247 307 -1 -1 2760 2760
1537 CONNECTION 247 45 -1 -1 4140 4140
1538 CONNECTION 247 336 -1 -1 3960 3960
1539 CONNECTION 247 74 300 2460 4560 4560
1540 CONNECTION 247 220 300 3840 5940 5940
1541 CONNECTION 247 102 300 3660 5760 5760
1542 CONNECTION 247 251 300 4260 6360 6360
1543 CONNECTION 247 47 300 5640 7740 7740
1544 CONNECTION 247 281 300 5460 7560 7560
1545 CONNECTION 43 44 -1 -1 1080 1080
1546 CONNECTION 43 189 -1 -1 2820 2820
1547 CONNECTION 43 129 -1 -1 3000 3000
1548 CONNECTION 43 159 -1 -1 2820 2820
1549 CONNECTION 43 219 -1 -1 2880 2880
1550 CONNECTION 43 16 300 2700 4800 4800
1551 CONNECTION 43 46 300 2580 4680 4680
1552 CONNECTION 43 191 300 4320 6420 6420
1553 CONNECTION 43 131 300 4500 6600 6600
1554 CONNECTION 43 161 300 4320 6420 6420
1555 CONNECTION 43 221 300 4380 6480 6480
1556 CONNECTION 43 18 300 6300 8400 8400
1557 SINK 43 0 -1 -1 0 0
1558 CONNECTION 72 188 -1 -1 1800 1800
1559 CONNECTION 72 128 -1 -1 1860 1860
1560 CONNECTION 72 100 -1 -1 3240 3240
1561 CONNECTION 72 15 -1 -1 3660 3660
1562 CONNECTION 72 279 300 2940 5040 5040
1563 CONNECTION 72 190 300 3300 5400 5400
1564 CONNECTION 72 130 300 3360 5460 5460
1565 CONNECTION 72 337 300 4740 6840 6840
1566 CONNECTION 72 17 300 5160 7260 7260
1567 CONNECTION 99 158 -1 -1 1920 1920
1568 CONNECTION 99 73 -1 -1 3240 3240
1569 CONNECTION 99 250 300 2940 5040 5040
1570 CONNECTION 99 160 300 3420 5520 5520
1571 CONNECTION 99 309 300 4740 6840 6840
1572 CONNECTION 13 14 -1 -1 1380 1380
1573 CONNECTION 13 189 -1 -1 3000 3000
1574 CONNECTION 13 129 -1 -1 3180 3180
1575 CONNECTION 13 159 -1 -1 3000 3000
1576 CONNECTION 13 219 -1 -1 3060 3060
1577 CONNECTION 13 16 300 2880 4980 4980
1578 CONNECTION 13 46 300 2760 4860 4860
1579 CONNECTION 13 191 300 4500 6600 6600
1580 CONNECTION 13 131 300 4680 6780 6780
1581 CONNECTION 13 161 300 4500 6600 6600
1582 CONNECTION 13 221 300 4560 6660 6660
1583 SINK 13 0 -1 -1 0 0
1584 CONNECTION 248 249 -1 -1 1140 1140
1585 CONNECTION 248 335 -1 -1 1860 1860
1586 CONNECTION 248 308 -1 -1 2940 2940
1587 CONNECTION 248 101 -1 -1 3660 3660
1588 CONNECTION 248 75 300 2640 4740 4740
1589 CONNECTION 248 280 300 3360 5460 5460
1590 CONNECTION 248 252 300 4440 6540 6540
1591 CONNECTION 248 338 300 5160 7260 7260
1592 CONNECTION 277 278 -1 -1 1140 1140
1593 CONNECTION 277 307 -1 -1 1740 1740
1594 CONNECTION 277 45 -1 -1 3120 3120
1595 CONNECTION 277 336 -1 -1 2940 2940
1596 CONNECTION 277 74 -1 -1 3540 3540
1597 CONNECTION 277 220 300 2820 4920 4920
1598 CONNECTION 277 102 300 2640 4740 4740
1599 CONNECTION 277 251 300 3240 5340 5340
1600 CONNECTION 277 47 300 4620 6720 6720
1601 CONNECTION 277 281 300 4440 6540 6540
1602 CONNECTION 277 310 300 5040 7140 7140
1603 CONNECTION 14 45 -1 -1 2400 2400
1604 CONNECTION 14 336 -1 -1 2220 2220
1605 CONNECTION 14 74 -1 -1 2820 2820
1606 CONNECTION 14 220 -1 -1 4200 4200
1607 CONNECTION 14 102 -1 -1 4020 4020
1608 CONNECTION 14 251 300 2520 4620 4620
1609 CONNECTION 14 47 300 3900 6000 6000
1610 CONNECTION 14 281 300 3720 5820 5820
1611 CONNECTION 14 310 300 4320 6420 6420
1612 CONNECTION 14 222 300 5700 7800 7800
1613 CONNECTION 14 339 300 5520 7620 7620
1614 CONNECTION 44 100 -1 -1 1920 1920
1615 CONNECTION 44 15 -1 -1 2340 2340
1616 CONNECTION 44 279 -1 -1 3720 3720
1617 CONNECTION 44 190 300 1980 4080 4080
1618 CONNECTION 44 130 300 2040 4140 4140
1619 CONNECTION 44 337 300 3420 5520 5520
1620 CONNECTION 44 17 300 3840 5940 5940
1621 CONNECTION 44 103 300 5220 7320 7320
1622 CONNECTION 44 192 300 5580 7680 7680
1623 CONNECTION 44 132 300 5640 7740 7740
1624 CONNECTION 334 335 -1 -1 1080 1080
1625 CONNECTION 334 308 -1 -1 2160 2160
1626 CONNECTION 334 101 -1 -1 2880 2880
1627 CONNECTION 334 75 -1 -1 3960 3960
1628 CONNECTION 334 280 300 2580 4680 4680
1629 CONNECTION 334 252 300 3660 5760 5760
1630 CONNECTION 334 338 300 4380 6480 6480
1631 CONNECTION 334 311 300 5460 7560 7560
1632 CONNECTION 306 307 -1 -1 960 960
1633 CONNECTION 306 45 -1 -1 2340 2340
1634 CONNECTION 306 336 -1 -1 2160 2160
1635 CONNECTION 306 74 -1 -1 2760 2760
1636 CONNECTION 306 220 -1 -1 4140 4140
1637 CONNECTION 306 102 -1 -1 3960 3960
1638 CONNECTION 306 251 300 2460 4560 4560
1639 CONNECTION 306 47 300 3840 5940 5940
1640 CONNECTION 306 281 300 3660 5760 5760
1641 CONNECTION 306 310 300 4260 6360 6360
1642 CONNECTION 306 222 300 5640 7740 7740
1643 CONNECTION 306 339 300 5460 7560 7560
1644 CONNECTION 218 219 -1 -1 1080 1080
1645 CONNECTION 218 16 -1 -1 3000 3000
1646 CONNECTION 218 46 -1 -1 2880 2880
1647 CONNECTION 218 191 300 2520 4620 4620
1648 CONNECTION 218 131 300 2700 4800 4800
1649 CONNECTION 218 161 300 2520 4620 4620
1650 CONNECTION 218 221 300 2580 4680 4680
1651 CONNECTION 218 18 300 4500 6600 6600
1652 CONNECTION 218 48 300 4380 6480 6480
1653 CONNECTION 218 193 300 6120 8220 8220
1654 CONNECTION 218 133 300 6300 8400 8400
1655 SINK 218 0 -1 -1 0 0
1656 CONNECTION 249 15 -1 -1 1860 1860
1657 CONNECTION 249 279 -1 -1 3240 3240
1658 CONNECTION 249 190 -1 -1 3600 3600
1659 CONNECTION 249 130 -1 -1 3660 3660
1660 CONNECTION 249 337 300 2940 5040 5040
1661 CONNECTION 249 17 300 3360 5460 5460
1662 CONNECTION 249 103 300 4740 6840 6840
1663 CONNECTION 249 192 300 5100 7200 7200
1664 CONNECTION 249 132 300 5160 7260 7260
1665 CONNECTION 158 159 -1 -1 1080 1080
1666 CONNECTION 158 16 -1 -1 3060 3060
1667 CONNECTION 158 46 -1 -1 2940 2940
1668 CONNECTION 158 191 300 2580 4680 4680
1669 CONNECTION 158 131 300 2760 4860 4860
1670 CONNECTION 158 161 300 2580 4680 4680
1671 CONNECTION 158 221 300 2640 4740 4740
1672 CONNECTION 158 18 300 4560 6660 6660
1673 CONNECTION 158 48 300 4440 6540 6540
1674 CONNECTION 158 193 300 6180 8280 8280
1675 CONNECTION 158 133 300 6360 8460 8460
1676 SINK 158 0 -1 -1 0 0
1677 CONNECTION 188 189 -1 -1 1260 1260
1678 CONNECTION 188 16 -1 -1 3240 3240
1679 CONNECTION 188 46 -1 -1 3120 3120
1680 CONNECTION 188 191 300 2760 4860 4860
1681 CONNECTION 188 131 300 2940 5040 5040
1682 CONNECTION 188 161 300 2760 4860 4860
1683 CONNECTION 188 221 300 2820 4920 4920
1684 CONNECTION 188 18 300 4740 6840 6840
1685 CONNECTION 188 48 300 4620 6720 6720
1686 SINK 188 0 -1 -1 0 0
1687 CONNECTION 278 250 -1 -1 3240 3240
1688 CONNECTION 278 160 -1 -1 3720 3720
1689 CONNECTION 278 309 300 2940 5040 5040
1690 CONNECTION 278 76 300 4740 6840 6840
1691 CONNECTION 278 162 300 5220 7320 7320
1692 CONNECTION 128 129 -1 -1 1380 1380
1693 CONNECTION 128 16 -1 -1 3180 3180
1694 CONNECTION 128 46 -1 -1 3060 3060
1695 CONNECTION 128 191 300 2700 4800 4800
1696 CONNECTION 128 131 300 2880 4980 4980
1697 CONNECTION 128 161 300 2700 4800 4800
1698 CONNECTION 128 221 300 2760 4860 4860
1699 CONNECTION 128 18 300 4680 6780 6780
1700 CONNECTION 128 48 300 4560 6660 6660
1701 SINK 128 0 -1 -1 0 0
1702 CONNECTION 307 308 -1 -1 1140 1140
1703 CONNECTION 307 101 -1 -1 1860 1860
1704 CONNECTION 307 75 -1 -1 2940 2940
1705 CONNECTION 307 280 -1 -1 3660 3660
1706 CONNECTION 307 252 300 2640 4740 4740
1707 CONNECTION 307 338 300 3360 5460 5460
1708 CONNECTION 307 311 300 4440 6540 6540
1709 CONNECTION 307 104 300 5160 7260 7260
1710 CONNECTION 335 336 -1 -1 1140 1140
1711 CONNECTION 335 74 -1 -1 1740 1740
1712 CONNECTION 335 220 -1 -1 3120 3120
1713 CONNECTION 335 102 -1 -1 2940 2940
1714 CONNECTION 335 251 -1 -1 3540 3540
1715 CONNECTION 335 47 300 2820 4920 4920
1716 CONNECTION 335 281 300 2640 4740 4740
1717 CONNECTION 335 310 300 3240 5340 5340
1718 CONNECTION 335 222 300 4620 6720 6720
1719 CONNECTION 335 339 300 4440 6540 6540
1720 CONNECTION 335 77 300 5040 7140 7140
1721 CONNECTION 189 250 -1 -1 2040 2040
1722 CONNECTION 189 160 -1 -1 2520 2520
1723 CONNECTION 189 309 -1 -1 3840 3840
1724 CONNECTION 189 76 300 3540 5640 5640
1725 CONNECTION 189 162 300 4020 6120 6120
1726 CONNECTION 189 253 300 5340 7440 7440
1727 CONNECTION 129 220 -1 -1 2400 2400
1728 CONNECTION 129 102 -1 -1 2220 2220
1729 CONNECTION 129 251 -1 -1 2820 2820
1730 CONNECTION 129 47 -1 -1 4200 4200
1731 CONNECTION 129 281 -1 -1 4020 4020
1732 CONNECTION 129 310 300 2520 4620 4620
1733 CONNECTION 129 222 300 3900 6000 6000
1734 CONNECTION 129 339 300 3720 5820 5820
1735 CONNECTION 129 77 300 4320 6420 6420
1736 CONNECTION 129 49 300 5700 7800 7800
1737 CONNECTION 129 105 300 5520 7620 7620
1738 CONNECTION 159 279 -1 -1 1980 1980
1739 CONNECTION 159 190 -1 -1 2340 2340
1740 CONNECTION 159 130 -1 -1 2400 2400
1741 CONNECTION 159 337 -1 -1 3780 3780
1742 CONNECTION 159 17 300 2100 4200 4200
1743 CONNECTION 159 103 300 3480 5580 5580
1744 CONNECTION 159 192 300 3840 5940 5940
1745 CONNECTION 159 132 300 3900 6000 6000
1746 CONNECTION 159 282 300 5280 7380 7380
1747 CONNECTION 159 19 300 5700 7800 7800
1748 CONNECTION 219 279 -1 -1 1920 1920
1749 CONNECTION 219 190 -1 -1 2280 2280
1750 CONNECTION 219 130 -1 -1 2340 2340
1751 CONNECTION 219 337 -1 -1 3720 3720
1752 CONNECTION 219 17 300 2040 4140 4140
1753 CONNECTION 219 103 300 3420 5520 5520
1754 CONNECTION 219 192 300 3780 5880 5880
1755 CONNECTION 219 132 300 3840 5940 5940
1756 CONNECTION 219 282 300 5220 7320 7320
1757 CONNECTION 219 19 300 5640 7740 7740
1758 CONNECTION 100 101 -1 -1 1080 1080
1759 CONNECTION 100 75 -1 -1 2160 2160
1760 CONNECTION 100 280 -1 -1 2880 2880
1761 CONNECTION 100 252 -1 -1 3960 3960
1762 CONNECTION 100 338 300 2580 4680 4680
1763 CONNECTION 100 311 300 3660 5760 5760
1764 CONNECTION 100 104 300 4380 6480 6480
1765 CONNECTION 100 78 300 5460 7560 7560
1766 CONNECTION 73 74 -1 -1 960 960
1767 CONNECTION 73 220 -1 -1 2340 2340
1768 CONNECTION 73 102 -1 -1 2160 2160
1769 CONNECTION 73 251 -1 -1 2760 2760
1770 CONNECTION 73 47 -1 -1 4140 4140
1771 CONNECTION 73 281 -1 -1 3960 3960
1772 CONNECTION 73 310 300 2460 4560 4560
1773 CONNECTION 73 222 300 3840 5940 5940
1774 CONNECTION 73 339 300 3660 5760 5760
1775 CONNECTION 73 77 300 4260 6360 6360
1776 CONNECTION 73 49 300 5640 7740 7740
1777 CONNECTION 73 105 300 5460 7560 7560
1778 CONNECTION 45 46 -1 -1 1080 1080
1779 CONNECTION 45 191 -1 -1 2820 2820
1780 CONNECTION 45 131 -1 -1 3000 3000
1781 CONNECTION 45 161 -1 -1 2820 2820
1782 CONNECTION 45 221 -1 -1 2880 2880
1783 CONNECTION 45 18 300 2700 4800 4800
1784 CONNECTION 45 48 300 2580 4680 4680
1785 CONNECTION 45 193 300 4320 6420 6420
1786 CONNECTION 45 133 300 4500 6600 6600
1787 CONNECTION 45 163 300 4320 6420 6420
1788 CONNECTION 45 223 300 4380 6480 6480
1789 CONNECTION 45 20 300 6300 8400 8400
1790 SINK 45 0 -1 -1 0 0
1791 CONNECTION 308 190 -1 -1 1800 1800
1792 CONNECTION 308 130 -1 -1 1860 1860
1793 CONNECTION 308 337 -1 -1 3240 3240
1794 CONNECTION 308 17 -1 -1 3660 3660
1795 CONNECTION 308 103 300 2940 5040 5040
1796 CONNECTION 308 192 300 3300 5400 5400
1797 CONNECTION 308 132 300 3360 5460 5460
1798 CONNECTION 308 282 300 4740 6840 6840
1799 CONNECTION 308 19 300 5160 7260 7260
1800 CONNECTION 336 160 -1 -1 1920 1920
1801 CONNECTION 336 309 -1 -1 3240 3240
1802 CONNECTION 336 76 300 2940 5040 5040
1803 CONNECTION 336 162 300 3420 5520 5520
1804 CONNECTION 336 253 300 4740 6840 6840
1805 CONNECTION 15 16 -1 -1 1380 1380
1806 CONNECTION 15 191 -1 -1 3000 3000
1807 CONNECTION 15 131 -1 -1 3180 3180
1808 CONNECTION 15 161 -1 -1 3000 3000
1809 CONNECTION 15 221 -1 -1 3060 3060
1810 CONNECTION 15 18 300 2880 4980 4980
1811 CONNECTION 15 48 300 2760 4860 4860
1812 CONNECTION 15 193 300 4500 6600 6600
1813 CONNECTION 15 133 300 4680 6780 6780
1814 CONNECTION 15 163 300 4500 6600 6600
1815 CONNECTION 15 223 300 4560 6660 6660
1816 SINK 15 0 -1 -1 0 0
1817 CONNECTION 74 75 -1 -1 1140 1140
1818 CONNECTION 74 280 -1 -1 1860 1860
1819 CONNECTION 74 252 -1 -1 2940 2940
1820 CONNECTION 74 338 -1 -1 3660 3660
1821 CONNECTION 74 311 300 2640 4740 4740
1822 CONNECTION 74 104 300 3360 5460 5460
1823 CONNECTION 74 78 300 4440 6540 6540
1824 CONNECTION 74 283 300 5160 7260 7260
1825 CONNECTION 101 102 -1 -1 1140 1140
1826 CONNECTION 101 251 -1 -1 1740 1740
1827 CONNECTION 101 47 -1 -1 3120 3120
1828 CONNECTION 101 281 -1 -1 2940 2940
1829 CONNECTION 101 310 -1 -1 3540 3540
1830 CONNECTION 101 222 300 2820 4920 4920
1831 CONNECTION 101 339 300 2640 4740 4740
1832 CONNECTION 101 77 300 3240 5340 5340
1833 CONNECTION 101 49 300 4620 6720 6720
1834 CONNECTION 101 105 300 4440 6540 6540
1835 CONNECTION 101 254 300 5040 7140 7140
1836 CONNECTION 16 47 -1 -1 2400 2400
1837 CONNECTION 16 281 -1 -1 2220 2220
1838 CONNECTION 16 310 -1 -1 2820 2820
1839 CONNECTION 16 222 -1 -1 4200 4200
1840 CONNECTION 16 339 -1 -1 4020 4020
1841 CONNECTION 16 77 300 2520 4620 4620
1842 CONNECTION 16 49 300 3900 6000 6000
1843 CONNECTION 16 105 300 3720 5820 5820
1844 CONNECTION 16 254 300 4320 6420 6420
1845 CONNECTION 16 224 300 5700 7800 7800
1846 CONNECTION 16 284 300 5520 7620 7620
1847 CONNECTION 46 337 -1 -1 1920 1920
1848 CONNECTION 46 17 -1 -1 2340 2340
1849 CONNECTION 46 103 -1 -1 3720 3720
1850 CONNECTION 46 192 300 1980 4080 4080
1851 CONNECTION 46 132 300 2040 4140 4140
1852 CONNECTION 46 282 300 3420 5520 5520
1853 CONNECTION 46 19 300 3840 5940 5940
1854 CONNECTION 46 340 300 5220 7320 7320
1855 CONNECTION 46 194 300 5580 7680 7680
1856 CONNECTION 46 134 300 5640 7740 7740
1857 CONNECTION 279 280 -1 -1 1080 1080
1858 CONNECTION 279 252 -1 -1 2160 2160
1859 CONNECTION 279 338 -1 -1 2880 2880
1860 CONNECTION 279 311 -1 -1 3960 3960
1861 CONNECTION 279 104 300 2580 4680 4680
1862 CONNECTION 279 78 300 3660 5760 5760
1863 CONNECTION 279 283 300 4380 6480 6480
1864 CONNECTION 279 255 300 5460 7560 7560
1865 CONNECTION 250 251 -1 -1 960 960
1866 CONNECTION 250 47 -1 -1 2340 2340
1867 CONNECTION 250 281 -1 -1 2160 2160
1868 CONNECTION 250 310 -1 -1 2760 2760
1869 CONNECTION 250 222 -1 -1 4140 4140
1870 CONNECTION 250 339 -1 -1 3960 3960
1871 CONNECTION 250 77 300 2460 4560 4560
1872 CONNECTION 250 49 300 3840 5940 5940
1873 CONNECTION 250 105 300 3660 5760 5760
1874 CONNECTION 250 254 300 4260 6360 6360
1875 CONNECTION 250 224 300 5640 7740 7740
1876 CONNECTION 250 284 300 5460 7560 7560
1877 CONNECTION 75 17 -1 -1 1860 1860
1878 CONNECTION 75 103 -1 -1 3240 3240
1879 CONNECTION 75 192 -1 -1 3600 3600
1880 CONNECTION 75 132 -1 -1 3660 3660
1881 CONNECTION 75 282 300 2940 5040 5040
1882 CONNECTION 75 19 300 3360 5460 5460
1883 CONNECTION 75 340 300 4740 6840 6840
1884 CONNECTION 75 194 300 5100 7200 7200
1885 CONNECTION 75 134 300 5160 7260 7260
1886 CONNECTION 220 221 -1 -1 1080 1080
1887 CONNECTION 220 18 -1 -1 3000 3000
1888 CONNECTION 220 48 -1 -1 2880 2880
1889 CONNECTION 220 193 300 2520 4620 4620
1890 CONNECTION 220 133 300 2700 4800 4800
1891 CONNECTION 220 163 300 2520 4620 4620
1892 CONNECTION 220 223 300 2580 4680 4680
1893 CONNECTION 220 20 300 4500 6600 6600
1894 CONNECTION 220 50 300 4380 6480 6480
1895 CONNECTION 220 195 300 6120 8220 8220
1896 CONNECTION 220 135 300 6300 8400 8400
1897 SINK 220 0 -1 -1 0 0
1898 CONNECTION 102 76 -1 -1 3240 3240
1899 CONNECTION 102 162 -1 -1 3720 3720
1900 CONNECTION 102 253 300 2940 5040 5040
1901 CONNECTION 102 312 300 4740 6840 6840
1902 CONNECTION 102 164 300 5220 7320 7320
1903 CONNECTION 160 161 -1 -1 1080 1080
1904 CONNECTION 160 18 -1 -1 3060 3060
1905 CONNECTION 160 48 -1 -1 2940 2940
1906 CONNECTION 160 193 300 2580 4680 4680
1907 CONNECTION 160 133 300 2760 4860 4860
1908 CONNECTION 160 163 300 2580 4680 4680
1909 CONNECTION 160 223 300 2640 4740 4740
1910 CONNECTION 160 20 300 4560 6660 6660
1911 CONNECTION 160 50 300 4440 6540 6540
1912 CONNECTION 160 195 300 6180 8280 8280
1913 CONNECTION 160 135 300 6360 8460 8460
1914 SINK 160 0 -1 -1 0 0
1915 CONNECTION 190 191 -1 -1 1260 1260
1916 CONNECTION 190 18 -1 -1 3240 3240
1917 CONNECTION 190 48 -1 -1 3120 3120
1918 CONNECTION 190 193 300 2760 4860 4860
1919 CONNECTION 190 133 300 2940 5040 5040
1920 CONNECTION 190 163 300 2760 4860 4860
1921 CONNECTION 190 223 300 2820 4920 4920
1922 CONNECTION 190 20 300 4740 6840 6840
1923 CONNECTION 190 50 300 4620 6720 6720
1924 SINK 190 0 -1 -1 0 0
1925 CONNECTION 130 131 -1 -1 1380 1380
1926 CONNECTION 130 18 -1 -1 3180 3180
1927 CONNECTION 130 48 -1 -1 3060 3060
1928 CONNECTION 130 193 300 2700 4800 4800
1929 CONNECTION 130 133 300 2880 4980 4980
1930 CONNECTION 130 163 300 2700 4800 4800
1931 CONNECTION 130 223 300 2760 4860 4860
1932 CONNECTION 130 20 300 4680 6780 6780
1933 CONNECTION 130 50 300 4560 6660 6660
1934 SINK 130 0 -1 -1 0 0
1935 CONNECTION 251 252 -1 -1 1140 1140
1936 CONNECTION 251 338 -1 -1 1860 1860
1937 CONNECTION 251 311 -1 -1 2940 2940
1938 CONNECTION 251 104 -1 -1 3660 3660
1939 CONNECTION 251 78 300 2640 4740 4740
1940 CONNECTION 251 283 300 3360 5460 5460
1941 CONNECTION 251 255 300 4440 6540 6540
1942 CONNECTION 251 341 300 5160 7260 7260
1943 CONNECTION 280 281 -1 -1 1140 1140
1944 CONNECTION 280 310 -1 -1 1740 1740
1945 CONNECTION 280 222 -1 -1 3120 3120
1946 CONNECTION 280 339 -1 -1 2940 2940
1947 CONNECTION 280 77 -1 -1 3540 3540
1948 CONNECTION 280 49 300 2820 4920 4920
1949 CONNECTION 280 105 300 2640 4740 4740
1950 CONNECTION 280 254 300 3240 5340 5340
1951 CONNECTION 280 224 300 4620 6720 6720
1952 CONNECTION 280 284 300 4440 6540 6540
1953 CONNECTION 280 313 300 5040 7140 7140
1954 CONNECTION 191 76 -1 -1 2040 2040
1955 CONNECTION 191 162 -1 -1 2520 2520
1956 CONNECTION 191 253 -1 -1 3840 3840
1957 CONNECTION 191 312 300 3540 5640 5640
1958 CONNECTION 191 164 300 4020 6120 6120
1959 CONNECTION 191 79 300 5340 7440 7440
1960 CONNECTION 131 222 -1 -1 2400 2400
1961 CONNECTION 131 339 -1 -1 2220 2220
1962 CONNECTION 131 77 -1 -1 2820 2820
1963 CONNECTION 131 49 -1 -1 4200 4200
1964 CONNECTION 131 105 -1 -1 4020 4020
1965 CONNECTION 131 254 300 2520 4620 4620
1966 CONNECTION 131 224 300 3900 6000 6000
1967 CONNECTION 131 284 300 3720 5820 5820
1968 CONNECTION 131 313 300 4320 6420 6420
1969 CONNECTION 131 51 300 5700 7800 7800
1970 CONNECTION 131 342 300 5520 7620 7620
1971 CONNECTION 161 103 -1 -1 1980 1980
1972 CONNECTION 161 192 -1 -1 2340 2340
1973 CONNECTION 161 132 -1 -1 2400 2400
1974 CONNECTION 161 282 -1 -1 3780 3780
1975 CONNECTION 161 19 300 2100 4200 4200
1976 CONNECTION 161 340 300 3480 5580 5580
1977 CONNECTION 161 194 300 3840 5940 5940
1978 CONNECTION 161 134 300 3900 6000 6000
1979 CONNECTION 161 106 300 5280 7380 7380
1980 CONNECTION 161 21 300 5700 7800 7800
1981 CONNECTION 221 103 -1 -1 1920 1920
1982 CONNECTION 221 192 -1 -1 2280 2280
1983 CONNECTION 221 132 -1 -1 2340 2340
1984 CONNECTION 221 282 -1 -1 3720 3720
1985 CONNECTION 221 19 300 2040 4140 4140
1986 CONNECTION 221 340 300 3420 5520 5520
1987 CONNECTION 221 194 300 3780 5880 5880
1988 CONNECTION 221 134 300 3840 5940 5940
1989 CONNECTION 221 106 300 5220 7320 7320
1990 CONNECTION 221 21 300 5640 7740 7740
1991 CONNECTION 337 338 -1 -1 1080 1080
1992 CONNECTION 337 311 -1 -1 2160 2160
1993 CONNECTION 337 104 -1 -1 2880 2880
1994 CONNECTION 337 78 -1 -1 3960 3960
1995 CONNECTION 337 283 300 2580 4680 4680
1996 CONNECTION 337 255 300 3660 5760 5760
1997 CONNECTION 337 341 300 4380 6480 6480
1998 CONNECTION 337 314 300 5460 7560 7560
1999 CONNECTION 309 310 -1 -1 960 960
2000 CONNECTION 309 222 -1 -1 2340 2340
2001 CONNECTION 309 339 -1 -1 2160 2160
2002 CONNECTION 309 77 -1 -1 2760 2760
2003 CONNECTION 309 49 -1 -1 4140 4140
2004 CONNECTION 309 105 -1 -1 3960 3960
2005 CONNECTION 309 254 300 2460 4560 4560
2006 CONNECTION 309 224 300 3840 5940 5940
2007 CONNECTION 309 284 300 3660 5760 5760
2008 CONNECTION 309 313 300 4260 6360 6360
2009 CONNECTION 309 51 300 5640 7740 7740
2010 CONNECTION 309 342 300 5460 7560 7560
2011 CONNECTION 47 48 -1 -1 1080 1080
2012 CONNECTION 47 193 -1 -1 2820 2820
2013 CONNECTION 47 133 -1 -1 3000 3000
2014 CONNECTION 47 163 -1 -1 2820 2820
2015 CONNECTION 47 223 -1 -1 2880 2880
2016 CONNECTION 47 20 300 2700 4800 4800
2017 CONNECTION 47 50 300 2580 4680 4680
2018 CONNECTION 47 195 300 4320 6420 6420
2019 CONNECTION 47 135 300 4500 6600 6600
2020 CONNECTION 47 165 300 4320 6420 6420
2021 CONNECTION 47 225 300 4380 6480 6480
2022 CONNECTION 47 22 300 6300 8400 8400
2023 SINK 47 0 -1 -1 0 0
2024 CONNECTION 252 192 -1 -1 1800 1800
2025 CONNECTION 252 132 -1 -1 1860 1860
2026 CONNECTION 252 282 -1 -1 3240 3240
2027 CONNECTION 252 19 -1 -1 3660 3660
2028 CONNECTION 252 340 300 2940 5040 5040
2029 CONNECTION 252 194 300 3300 5400 5400
2030 CONNECTION 252 134 300 3360 5460 5460
2031 CONNECTION 252 106 300 4740 6840 6840
2032 CONNECTION 252 21 300 5160 7260 7260
2033 CONNECTION 281 162 -1 -1 1920 1920
2034 CONNECTION 281 253 -1 -1 3240 3240
2035 CONNECTION 281 312 300 2940 5040 5040
2036 CONNECTION 281 164 300 3420 5520 5520
2037 CONNECTION 281 79 300 4740 6840 6840
2038 CONNECTION 17 18 -1 -1 1380 1380
2039 CONNECTION 17 193 -1 -1 3000 3000
2040 CONNECTION 17 133 -1 -1 3180 3180
2041 CONNECTION 17 163 -1 -1 3000 3000
2042 CONNECTION 17 223 -1 -1 3060 3060
2043 CONNECTION 17 20 300 2880 4980 4980
2044 CONNECTION 17 50 300 2760 4860 4860
2045 CONNECTION 17 195 300 4500 6600 6600
2046 CONNECTION 17 135 300 4680 6780 6780
2047 CONNECTION 17 165 300 4500 6600 6600
2048 CONNECTION 17 225 300 4560 6660 6660
2049 SINK 17 0 -1 -1 0 0
2050 CONNECTION 310 311 -1 -1 1140 1140
2051 CONNECTION 310 104 -1 -1 1860 1860
2052 CONNECTION 310 78 -1 -1 2940 2940
2053 CONNECTION 310 283 -1 -1 3660 3660
2054 CONNECTION 310 255 300 2640 4740 4740
2055 CONNECTION 310 341 300 3360 5460 5460
2056 CONNECTION 310 314 300 4440 6540 6540
2057 CONNECTION 310 107 300 5160 7260 7260
2058 CONNECTION 338 339 -1 -1 1140 1140
2059 CONNECTION 338 77 -1 -1 1740 1740
2060 CONNECTION 338 49 -1 -1 3120 3120
2061 CONNECTION 338 105 -1 -1 2940 2940
2062 CONNECTION 338 254 -1 -1 3540 3540
2063 CONNECTION 338 224 300 2820 4920 4920
2064 CONNECTION 338 284 300 2640 4740 4740
2065 CONNECTION 338 313 300 3240 5340 5340
2066 CONNECTION 338 51 300 4620 6720 6720
2067 CONNECTION 338 342 300 4440 6540 6540
2068 CONNECTION 338 80 300 5040 7140 7140
2069 CONNECTION 18 49 -1 -1 2400 2400
2070 CONNECTION 18 105 -1 -1 2220 2220
2071 CONNECTION 18 254 -1 -1 2820 2820
2072 CONNECTION 18 224 -1 -1 4200 4200
2073 CONNECTION 18 284 -1 -1 4020 4020
2074 CONNECTION 18 313 300 2520 4620 4620
2075 CONNECTION 18 51 300 3900 6000 6000
2076 CONNECTION 18 342 300 3720 5820 5820
2077 CONNECTION 18 80 300 4320 6420 6420
2078 CONNECTION 18 226 300 5700 7800 7800
2079 CONNECTION 18 108 300 5520 7620 7620
2080 CONNECTION 48 282 -1 -1 1920 1920
2081 CONNECTION 48 19 -1 -1 2340 2340
2082 CONNECTION 48 340 -1 -1 3720 3720
2083 CONNECTION 48 194 300 1980 4080 4080
2084 CONNECTION 48 134 300 2040 4140 4140
2085 CONNECTION 48 106 300 3420 5520 5520
2086 CONNECTION 48 21 300 3840 5940 5940
2087 CONNECTION 48 285 300 5220 7320 7320
2088 CONNECTION 48 196 300 5580 7680 7680
2089 CONNECTION 48 136 300 5640 7740 7740
2090 CONNECTION 103 104 -1 -1 1080 1080
2091 CONNECTION 103 78 -1 -1 2160 2160
2092 CONNECTION 103 283 -1 -1 2880 2880
2093 CONNECTION 103 255 -1 -1 3960 3960
2094 CONNECTION 103 341 300 2580 4680 4680
2095 CONNECTION 103 314 300 3660 5760 5760
2096 CONNECTION 103 107 300 4380 6480 6480
2097 CONNECTION 103 81 300 5460 7560 7560
2098 CONNECTION 76 77 -1 -1 960 960
2099 CONNECTION 76 49 -1 -1 2340 2340
2100 CONNECTION 76 105 -1 -1 2160 2160
2101 CONNECTION 76 254 -1 -1 2760 2760
2102 CONNECTION 76 224 -1 -1 4140 4140
2103 CONNECTION 76 284 -1 -1 3960 3960
2104 CONNECTION 76 313 300 2460 4560 4560
2105 CONNECTION 76 51 300 3840 5940 5940
2106 CONNECTION 76 342 300 3660 5760 5760
2107 CONNECTION 76 80 300 4260 6360 6360
2108 CONNECTION 76 226 300 5640 7740 7740
2109 CONNECTION 76 108 300 5460 7560 7560
2110 CONNECTION 222 223 -1 -1 1080 1080
2111 CONNECTION 222 20 -1 -1 3000 3000
2112 CONNECTION 222 50 -1 -1 2880 2880
2113 CONNECTION 222 195 300 2520 4620 4620
2114 CONNECTION 222 135 300 2700 4800 4800
2115 CONNECTION 222 165 300 2520 4620 4620
2116 CONNECTION 222 225 300 2580 4680 4680
2117 CONNECTION 222 22 300 4500 6600 6600
2118 CONNECTION 222 52 300 4380 6480 6480
2119 CONNECTION 222 197 300 6120 8220 8220
2120 CONNECTION 222 137 300 6300 8400 8400
2121 SINK 222 0 -1 -1 0 0
2122 CONNECTION 311 19 -1 -1 1860 1860
2123 CONNECTION 311 340 -1 -1 3240 3240
2124 CONNECTION 311 194 -1 -1 3600 3600
2125 CONNECTION 311 134 -1 -1 3660 3660
2126 CONNECTION 311 106 300 2940 5040 5040
2127 CONNECTION 311 21 300 3360 5460 5460
2128 CONNECTION 311 285 300 4740 6840 6840
2129 CONNECTION 311 196 300 5100 7200 7200
2130 CONNECTION 311 136 300 5160 7260 7260
2131 CONNECTION 162 163 -1 -1 1080 1080
2132 CONNECTION 162 20 -1 -1 3060 3060
2133 CONNECTION 162 50 -1 -1 2940 2940
2134 CONNECTION 162 195 300 2580 4680 4680
2135 CONNECTION 162 135 300 2760 4860 4860
2136 CONNECTION 162 165 300 2580 4680 4680
2137 CONNECTION 162 225 300 2640 4740 4740
2138 CONNECTION 162 22 300 4560 6660 6660
2139 CONNECTION 162 52 300 4440 6540 6540
2140 CONNECTION 162 197 300 6180 8280 8280
2141 CONNECTION 162 137 300 6360 8460 8460
2142 SINK 162 0 -1 -1 0 0
2143 CONNECTION 192 193 -1 -1 1260 1260
2144 CONNECTION 192 20 -1 -1 3240 3240
2145 CONNECTION 192 50 -1 -1 3120 3120
2146 CONNECTION 192 195 300 2760 4860 4860
2147 CONNECTION 192 135 300 2940 5040 5040
2148 CONNECTION 192 165 300 2760 4860 4860
2149 CONNECTION 192 225 300 2820 4920 4920
2150 CONNECTION 192 22 300 4740 6840 6840
2151 CONNECTION 192 52 300 4620 6720 6720
2152 SINK 192 0 -1 -1 0 0
2153 CONNECTION 339 312 -1 -1 3240 3240
2154 CONNECTION 339 164 -1 -1 3720 3720
2155 CONNECTION 339 79 300 2940 5040 5040
2156 CONNECTION 339 256 300 4740 6840 6840
2157 CONNECTION 339 166 300 5220 7320 7320
2158 CONNECTION 132 133 -1 -1 1380 1380
2159 CONNECTION 132 20 -1 -1 3180 3180
2160 CONNECTION 132 50 -1 -1 3060 3060
2161 CONNECTION 132 195 300 2700 4800 4800
2162 CONNECTION 132 135 300 2880 4980 4980
2163 CONNECTION 132 165 300 2700 4800 4800
2164 CONNECTION 132 225 300 2760 4860 4860
2165 CONNECTION 132 22 300 4680 6780 6780
2166 CONNECTION 132 52 300 4560 6660 6660
2167 SINK 132 0 -1 -1 0 0
2168 CONNECTION 77 78 -1 -1 1140 1140
2169 CONNECTION 77 283 -1 -1 1860 1860
2170 CONNECTION 77 255 -1 -1 2940 2940
2171 CONNECTION 77 341 -1 -1 3660 3660
2172 CONNECTION 77 314 300 2640 4740 4740
2173 CONNECTION 77 107 300 3360 5460 5460
2174 CONNECTION 77 81 300 4440 6540 6540
2175 CONNECTION 77 286 300 5160 7260 7260
2176 CONNECTION 104 105 -1 -1 1140 1140
2177 CONNECTION 104 254 -1 -1 1740 1740
2178 CONNECTION 104 224 -1 -1 3120 3120
2179 CONNECTION 104 284 -1 -1 2940 2940
2180 CONNECTION 104 313 -1 -1 3540 3540
2181 CONNECTION 104 51 300 2820 4920 4920
2182 CONNECTION 104 342 300 2640 4740 4740
2183 CONNECTION 104 80 300 3240 5340 5340
2184 CONNECTION 104 226 300 4620 6720 6720
2185 CONNECTION 104 108 300 4440 6540 6540
2186 CONNECTION 104 257 300 5040 7140 7140
2187 CONNECTION 193 312 -1 -1 2040 2040
2188 CONNECTION 193 164 -1 -1 2520 2520
2189 CONNECTION 193 79 -1 -1 3840 3840
2190 CONNECTION 193 256 300 3540 5640 5640
2191 CONNECTION 193 166 300 4020 6120 6120
2192 CONNECTION 193 315 300 5340 7440 7440
2193 CONNECTION 133 224 -1 -1 2400 2400
2194 CONNECTION 133 284 -1 -1 2220 2220
2195 CONNECTION 133 313 -1 -1 2820 2820
2196 CONNECTION 133 51 -1 -1 4200 4200
2197 CONNECTION 133 342 -1 -1 4020 4020
2198 CONNECTION 133 80 300 2520 4620 4620
2199 CONNECTION 133 226 300 3900 6000 6000
2200 CONNECTION 133 108 300 3720 5820 5820
2201 CONNECTION 133 257 300 4320 6420 6420
2202 CONNECTION 133 53 300 5700 7800 7800
2203 CONNECTION 133 287 300 5520 7620 7620
2204 CONNECTION 163 340 -1 -1 1980 1980
2205 CONNECTION 163 194 -1 -1 2340 2340
2206 CONNECTION 163 134 -1 -1 2400 2400
2207 CONNECTION 163 106 -1 -1 3780 3780
2208 CONNECTION 163 21 300 2100 4200 4200
2209 CONNECTION 163 285 300 3480 5580 5580
2210 CONNECTION 163 196 300 3840 5940 5940
2211 CONNECTION 163 136 300 3900 6000 6000
2212 CONNECTION 163 343 300 5280 7380 7380
2213 CONNECTION 163 23 300 5700 7800 7800
2214 CONNECTION 223 340 -1 -1 1920 1920
2215 CONNECTION 223 194 -1 -1 2280 2280
2216 CONNECTION 223 134 -1 -1 2340 2340
2217 CONNECTION 223 106 -1 -1 3720 3720
2218 CONNECTION 223 21 300 2040 4140 4140
2219 CONNECTION 223 285 300 3420 5520 5520
2220 CONNECTION 223 196 300 3780 5880 5880
2221 CONNECTION 223 136 300 3840 5940 5940
2222 CONNECTION 223 343 300 5220 7320 7320
2223 CONNECTION 223 23 300 5640 7740 7740
2224 CONNECTION 282 283 -1 -1 1080 1080
2225 CONNECTION 282 255 -1 -1 2160 2160
2226 CONNECTION 282 341 -1 -1 2880 2880
2227 CONNECTION 282 314 -1 -1 3960 3960
2228 CONNECTION 282 107 300 2580 4680 4680
2229 CONNECTION 282 81 300 3660 5760 5760
2230 CONNECTION 282 286 300 4380 6480 6480
2231 CONNECTION 282 258 300 5460 7560 7560
2232 CONNECTION 253 254 -1 -1 960 960
2233 CONNECTION 253 224 -1 -1 2340 2340
2234 CONNECTION 253 284 -1 -1 2160 2160
2235 CONNECTION 253 313 -1 -1 2760 2760
2236 CONNECTION 253 51 -1 -1 4140 4140
2237 CONNECTION 253 342 -1 -1 3960 3960
2238 CONNECTION 253 80 300 2460 4560 4560
2239 CONNECTION 253 226 300 3840 5940 5940
2240 CONNECTION 253 108 300 3660 5760 5760
2241 CONNECTION 253 257 300 4260 6360 6360
2242 CONNECTION 253 53 300 5640 7740 7740
2243 CONNECTION 253 287 300 5460 7560 7560
2244 CONNECTION 49 50 -1 -1 1080 1080
2245 CONNECTION 49 195 -1 -1 2820 2820
2246 CONNECTION 49 135 -1 -1 3000 3000
2247 CONNECTION 49 165 -1 -1 2820 2820
2248 CONNECTION 49 225 -1 -1 2880 2880
2249 CONNECTION 49 22 300 2700 4800 4800
2250 CONNECTION 49 52 300 2580 4680 4680
2251 CONNECTION 49 197 300 4320 6420 6420
2252 CONNECTION 49 137 300 4500 6600 6600
2253 CONNECTION 49 167 300 4320 6420 6420
2254 CONNECTION 49 227 300 4380 6480 6480
2255 CONNECTION 49 24 300 6300 8400 8400
2256 SINK 49 0 -1 -1 0 0
2257 CONNECTION 78 194 -1 -1 1800 1800
2258 CONNECTION 78 134 -1 -1 1860 1860
2259 CONNECTION 78 106 -1 -1 3240 3240
2260 CONNECTION 78 21 -1 -1 3660 3660
2261 CONNECTION 78 285 300 2940 5040 5040
2262 CONNECTION 78 196 300 3300 5400 5400
2263 CONNECTION 78 136 300 3360 5460 5460
2264 CONNECTION 78 343 300 4740 6840 6840
2265 CONNECTION 78 23 300 5160 7260 7260
2266 CONNECTION 105 164 -1 -1 1920 1920
2267 CONNECTION 105 79 -1 -1 3240 3240
2268 CONNECTION 105 256 300 2940 5040 5040
2269 CONNECTION 105 166 300 3420 5520 5520
2270 CONNECTION 105 315 300 4740 6840 6840
2271 CONNECTION 19 20 -1 -1 1380 1380
2272 CONNECTION 19 195 -1 -1 3000 3000
2273 CONNECTION 19 135 -1 -1 3180 3180
2274 CONNECTION 19 165 -1 -1 3000 3000
2275 CONNECTION 19 225 -1 -1 3060 3060
2276 CONNECTION 19 22 300 2880 4980 4980
2277 CONNECTION 19 52 300 2760 4860 4860
2278 CONNECTION 19 197 300 4500 6600 6600
2279 CONNECTION 19 137 300 4680 6780 6780
2280 CONNECTION 19 167 300 4500 6600 6600
2281 CONNECTION 19 227 300 4560 6660 6660
2282 SINK 19 0 -1 -1 0 0
2283 CONNECTION 254 255 -1 -1 1140 1140
2284 CONNECTION 254 341 -1 -1 1860 1860
2285 CONNECTION 254 314 -1 -1 2940 2940
2286 CONNECTION 254 107 -1 -1 3660 3660
2287 CONNECTION 254 81 300 2640 4740 4740
2288 CONNECTION 254 286 300 3360 5460 5460
2289 CONNECTION 254 258 300 4440 6540 6540
2290 CONNECTION 254 344 300 5160 7260 7260
2291 CONNECTION 283 284 -1 -1 1140 1140
2292 CONNECTION 283 313 -1 -1 1740 1740
2293 CONNECTION 283 51 -1 -1 3120 3120
2294 CONNECTION 283 342 -1 -1 2940 2940
2295 CONNECTION 283 80 -1 -1 3540 3540
2296 CONNECTION 283 226 300 2820 4920 4920
2297 CONNECTION 283 108 300 2640 4740 4740
2298 CONNECTION 283 257 300 3240 5340 5340
2299 CONNECTION 283 53 300 4620 6720 6720
2300 CONNECTION 283 287 300 4440 6540 6540
2301 CONNECTION 283 316 300 5040 7140 7140
2302 CONNECTION 20 51 -1 -1 2400 2400
2303 CONNECTION 20 342 -1 -1 2220 2220
2304 CONNECTION 20 80 -1 -1 2820 2820
2305 CONNECTION 20 226 -1 -1 4200 4200
2306 CONNECTION 20 108 -1 -1 4020 4020
2307 CONNECTION 20 257 300 2520 4620 4620
2308 CONNECTION 20 53 300 3900 6000 6000
2309 CONNECTION 20 287 300 3720 5820 5820
2310 CONNECTION 20 316 300 4320 6420 6420
2311 CONNECTION 20 228 300 5700 7800 7800
2312 CONNECTION 20 345 300 5520 7620 7620
2313 CONNECTION 50 106 -1 -1 1920 1920
2314 CONNECTION 50 21 -1 -1 2340 2340
2315 CONNECTION 50 285 -1 -1 3720 3720
2316 CONNECTION 50 196 300 1980 4080 4080
2317 CONNECTION 50 136 300 2040 4140 4140
2318 CONNECTION 50 343 300 3420 5520 5520
2319 CONNECTION 50 23 300 3840 5940 5940
2320 CONNECTION 50 109 300 5220 7320 7320
2321 CONNECTION 50 198 300 5580 7680 7680
2322 CONNECTION 50 138 300 5640 7740 7740
2323 CONNECTION 340 341 -1 -1 1080 1080
2324 CONNECTION 340 314 -1 -1 2160 2160
2325 CONNECTION 340 107 -1 -1 2880 2880
2326 CONNECTION 340 81 -1 -1 3960 3960
2327 CONNECTION 340 286 300 2580 4680 4680
2328 CONNECTION 340 258 300 3660 5760 5760
2329 CONNECTION 340 344 300 4380 6480 6480
2330 CONNECTION 340 317 300 5460 7560 7560
2331 CONNECTION 312 313 -1 -1 960 960
2332 CONNECTION 312 51 -1 -1 2340 2340
2333 CONNECTION 312 342 -1 -1 2160 2160
2334 CONNECTION 312 80 -1 -1 2760 2760
2335 CONNECTION 312 226 -1 -1 4140 4140
2336 CONNECTION 312 108 -1 -1 3960 3960
2337 CONNECTION 312 257 300 2460 4560 4560
2338 CONNECTION 312 53 300 3840 5940 5940
2339 CONNECTION 312 287 300 3660 5760 5760
2340 CONNECTION 312 316 300 4260 6360 6360
2341 CONNECTION 312 228 300 5640 7740 7740
2342 CONNECTION 312 345 300 5460 7560 7560
2343 CONNECTION 224 225 -1 -1 1080 1080
2344 CONNECTION 224 22 -1 -1 3000 3000
2345 CONNECTION 224 52 -1 -1 2880 2880
2346 CONNECTION 224 197 300 2520 4620 4620
2347 CONNECTION 224 137 300 2700 4800 4800
2348 CONNECTION 224 167 300 2520 4620 4620
2349 CONNECTION 224 227 300 2580 4680 4680
2350 CONNECTION 224 24 300 4500 6600 6600
2351 CONNECTION 224 54 300 4380 6480 6480
2352 CONNECTION 224 199 300 6120 8220 8220
2353 CONNECTION 224 139 300 6300 8400 8400
2354 SINK 224 0 -1 -1 0 0
2355 CONNECTION 255 21 -1 -1 1860 1860
2356 CONNECTION 255 285 -1 -1 3240 3240
2357 CONNECTION 255 196 -1 -1 3600 3600
2358 CONNECTION 255 136 -1 -1 3660 3660
2359 CONNECTION 255 343 300 2940 5040 5040
2360 CONNECTION 255 23 300 3360 5460 5460
2361 CONNECTION 255 109 300 4740 6840 6840
2362 CONNECTION 255 198 300 5100 7200 7200
2363 CONNECTION 255 138 300 5160 7260 7260
2364 CONNECTION 164 165 -1 -1 1080 1080
2365 CONNECTION 164 22 -1 -1 3060 3060
2366 CONNECTION 164 52 -1 -1 2940 2940
2367 CONNECTION 164 197 300 2580 4680 4680
2368 CONNECTION 164 137 300 2760 4860 4860
2369 CONNECTION 164 167 300 2580 4680 4680
2370 CONNECTION 164 227 300 2640 4740 4740
2371 CONNECTION 164 24 300 4560 6660 6660
2372 CONNECTION 164 54 300 4440 6540 6540
2373 CONNECTION 164 199 300 6180 8280 8280
2374 CONNECTION 164 139 300 6360 8460 8460
2375 SINK 164 0 -1 -1 0 0
2376 CONNECTION 194 195 -1 -1 1260 1260
2377 CONNECTION 194 22 -1 -1 3240 3240
2378 CONNECTION 194 52 -1 -1 3120 3120
2379 CONNECTION 194 197 300 2760 4860 4860
2380 CONNECTION 194 137 300 2940 5040 5040
2381 CONNECTION 194 167 300 2760 4860 4860
2382 CONNECTION 194 227 300 2820 4920 4920
2383 CONNECTION 194 24 300 4740 6840 6840
2384 CONNECTION 194 54 300 4620 6720 6720
2385 SINK 194 0 -1 -1 0 0
2386 CONNECTION 284 256 -1 -1 3240 3240
2387 CONNECTION 284 166 -1 -1 3720 3720
2388 CONNECTION 284 315 300 2940 5040 5040
2389 CONNECTION 284 82 300 4740 6840 6840
2390 CONNECTION 284 168 300 5220 7320 7320
2391 CONNECTION 134 135 -1 -1 1380 1380
2392 CONNECTION 134 22 -1 -1 3180 3180
2393 CONNECTION 134 52 -1 -1 3060 3060
2394 CONNECTION 134 197 300 2700 4800 4800
2395 CONNECTION 134 137 300 2880 4980 4980
2396 CONNECTION 134 167 300 2700 4800 4800
2397 CONNECTION 134 227 300 2760 4860 4860
2398 CONNECTION 134 24 300 4680 6780 6780
2399 CONNECTION 134 54 300 4560 6660 6660
2400 SINK 134 0 -1 -1 0 0
2401 CONNECTION 313 314 -1 -1 1140 1140
2402 CONNECTION 313 107 -1 -1 1860 1860
2403 CONNECTION 313 81 -1 -1 2940 2940
2404 CONNECTION 313 286 -1 -1 3660 3660
2405 CONNECTION 313 258 300 2640 4740 4740
2406 CONNECTION 313 344 300 3360 5460 5460
2407 CONNECTION 313 317 300 4440 6540 6540
2408 CONNECTION 313 110 300 5160 7260 7260
2409 CONNECTION 341 342 -1 -1 1140 1140
2410 CONNECTION 341 80 -1 -1 1740 1740
2411 CONNECTION 341 226 -1 -1 3120 3120
2412 CONNECTION 341 108 -1 -1 2940 2940
2413 CONNECTION 341 257 -1 -1 3540 3540
2414 CONNECTION 341 53 300 2820 4920 4920
2415 CONNECTION 341 287 300 2640 4740 4740
2416 CONNECTION 341 316 300 3240 5340 5340
2417 CONNECTION 341 228 300 4620 6720 6720
2418 CONNECTION 341 345 300 4440 6540 6540
2419 CONNECTION 341 83 300 5040 7140 7140
2420 CONNECTION 195 256 -1 -1 2040 2040
2421 CONNECTION 195 166 -1 -1 2520 2520
2422 CONNECTION 195 315 -1 -1 3840 3840
2423 CONNECTION 195 82 300 3540 5640 5640
2424 CONNECTION 195 168 300 4020 6120 6120
2425 CONNECTION 195 259 300 5340 7440 7440
2426 CONNECTION 135 226 -1 -1 2400 2400
2427 CONNECTION 135 108 -1 -1 2220 2220
2428 CONNECTION 135 257 -1 -1 2820 2820
2429 CONNECTION 135 53 -1 -1 4200 4200
2430 CONNECTION 135 287 -1 -1 4020 4020
2431 CONNECTION 135 316 300 2520 4620 4620
2432 CONNECTION 135 228 300 3900 6000 6000
2433 CONNECTION 135 345 300 3720 5820 5820
2434 CONNECTION 135 83 300 4320 6420 6420
2435 CONNECTION 135 55 300 5700 7800 7800
2436 CONNECTION 135 111 300 5520 7620 7620
2437 CONNECTION 165 285 -1 -1 1980 1980
2438 CONNECTION 165 196 -1 -1 2340 2340
2439 CONNECTION 165 136 -1 -1 2400 2400
2440 CONNECTION 165 343 -1 -1 3780 3780
2441 CONNECTION 165 23 300 2100 4200 4200
2442 CONNECTION 165 109 300 3480 5580 5580
2443 CONNECTION 165 198 300 3840 5940 5940
2444 CONNECTION 165 138 300 3900 6000 6000
2445 CONNECTION 165 288 300 5280 7380 7380
2446 CONNECTION 165 25 300 5700 7800 7800
2447 CONNECTION 225 285 -1 -1 1920 1920
2448 CONNECTION 225 196 -1 -1 2280 2280
2449 CONNECTION 225 136 -1 -1 2340 2340
2450 CONNECTION 225 343 -1 -1 3720 3720
2451 CONNECTION 225 23 300 2040 4140 4140
2452 CONNECTION 225 109 300 3420 5520 5520
2453 CONNECTION 225 198 300 3780 5880 5880
2454 CONNECTION 225 138 300 3840 5940 5940
2455 CONNECTION 225 288 300 5220 7320 7320
2456 CONNECTION 225 25 300 5640 7740 7740
2457 CONNECTION 106 107 -1 -1 1080 1080
2458 CONNECTION 106 81 -1 -1 2160 2160
2459 CONNECTION 106 286 -1 -1 2880 2880
2460 CONNECTION 106 258 -1 -1 3960 3960
2461 CONNECTION 106 344 300 2580 4680 4680
2462 CONNECTION 106 317 300 3660 5760 5760
2463 CONNECTION 106 110 300 4380 6480 6480
2464 CONNECTION 106 84 300 5460 7560 7560
2465 CONNECTION 79 80 -1 -1 960 960
2466 CONNECTION 79 226 -1 -1 2340 2340
2467 CONNECTION 79 108 -1 -1 2160 2160
2468 CONNECTION 79 257 -1 -1 2760 2760
2469 CONNECTION 79 53 -1 -1 4140 4140
2470 CONNECTION 79 287 -1 -1 3960 3960
2471 CONNECTION 79 316 300 2460 4560 4560
2472 CONNECTION 79 228 300 3840 5940 5940
2473 CONNECTION 79 345 300 3660 5760 5760
2474 CONNECTION 79 83 300 4260 6360 6360
2475 CONNECTION 79 55 300 5640 7740 7740
2476 CONNECTION 79 111 300 5460 7560 7560
2477 CONNECTION 51 52 -1 -1 1080 1080
2478 CONNECTION 51 197 -1 -1 2820 2820
2479 CONNECTION 51 137 -1 -1 3000 3000
2480 CONNECTION 51 167 -1 -1 2820 2820
2481 CONNECTION 51 227 -1 -1 2880 2880
2482 CONNECTION 51 24 300 2700 4800 4800
2483 CONNECTION 51 54 300 2580 4680 4680
2484 CONNECTION 51 199 300 4320 6420 6420
2485 CONNECTION 51 139 300 4500 6600 6600
2486 CONNECTION 51 169 300 4320 6420 6420
2487 CONNECTION 51 229 300 4380 6480 6480
2488 CONNECTION 51 26 300 6300 8400 8400
2489 SINK 51 0 -1 -1 0 0
2490 CONNECTION 314 196 -1 -1 1800 1800
2491 CONNECTION 314 136 -1 -1 1860 1860
2492 CONNECTION 314 343 -1 -1 3240 3240
2493 CONNECTION 314 23 -1 -1 3660 3660
2494 CONNECTION 314 109 300 2940 5040 5040
2495 CONNECTION 314 198 300 3300 5400 5400
2496 CONNECTION 314 138 300 3360 5460 5460
2497 CONNECTION 314 288 300 4740 6840 6840
2498 CONNECTION 314 25 300 5160 7260 7260
2499 CONNECTION 342 166 -1 -1 1920 1920
2500 CONNECTION 342 315 -1 -1 3240 3240
2501 CONNECTION 342 82 300 2940 5040 5040
2502 CONNECTION 342 168 300 3420 5520 5520
2503 CONNECTION 342 259 300 4740 6840 6840
2504 CONNECTION 21 22 -1 -1 1380 1380
2505 CONNECTION 21 197 -1 -1 3000 3000
2506 CONNECTION 21 137 -1 -1 3180 3180
2507 CONNECTION 21 167 -1 -1 3000 3000
2508 CONNECTION 21 227 -1 -1 3060 3060
2509 CONNECTION 21 24 300 2880 4980 4980
2510 CONNECTION 21 54 300 2760 4860 4860
2511 CONNECTION 21 199 300 4500 6600 6600
2512 CONNECTION 21 139 300 4680 6780 6780
2513 CONNECTION 21 169 300 4500 6600 6600
2514 CONNECTION 21 229 300 4560 6660 6660
2515 SINK 21 0 -1 -1 0 0
2516 CONNECTION 80 81 -1 -1 1140 1140
2517 CONNECTION 80 286 -1 -1 1860 1860
2518 CONNECTION 80 258 -1 -1 2940 2940
2519 CONNECTION 80 344 -1 -1 3660 3660
2520 CONNECTION 80 317 300 2640 4740 4740
2521 CONNECTION 80 110 300 3360 5460 5460
2522 CONNECTION 80 84 300 4440 6540 6540
2523 CONNECTION 80 289 300 5160 7260 7260
2524 CONNECTION 107 108 -1 -1 1140 1140
2525 CONNECTION 107 257 -1 -1 1740 1740
2526 CONNECTION 107 53 -1 -1 3120 3120
2527 CONNECTION 107 287 -1 -1 2940 2940
2528 CONNECTION 107 316 -1 -1 3540 3540
2529 CONNECTION 107 228 300 2820 4920 4920
2530 CONNECTION 107 345 300 2640 4740 4740
2531 CONNECTION 107 83 300 3240 5340 5340
2532 CONNECTION 107 55 300 4620 6720 6720
2533 CONNECTION 107 111 300 4440 6540 6540
2534 CONNECTION 107 260 300 5040 7140 7140
2535 CONNECTION 22 53 -1 -1 2400 2400
2536 CONNECTION 22 287 -1 -1 2220 2220
2537 CONNECTION 22 316 -1 -1 2820 2820
2538 CONNECTION 22 228 -1 -1 4200 4200
2539 CONNECTION 22 345 -1 -1 4020 4020
2540 CONNECTION 22 83 300 2520 4620 4620
2541 CONNECTION 22 55 300 3900 6000 6000
2542 CONNECTION 22 111 300 3720 5820 5820
2543 CONNECTION 22 260 300 4320 6420 6420
2544 CONNECTION 22 230 300 5700 7800 7800
2545 CONNECTION 22 290 300 5520 7620 7620
2546 CONNECTION 52 343 -1 -1 1920 1920
2547 CONNECTION 52 23 -1 -1 2340 2340
2548 CONNECTION 52 109 -1 -1 3720 3720
2549 CONNECTION 52 198 300 1980 4080 4080
2550 CONNECTION 52 138 300 2040 4140 4140
2551 CONNECTION 52 288 300 3420 5520 5520
2552 CONNECTION 52 25 300 3840 5940 5940
2553 CONNECTION 52 346 300 5220 7320 7320
2554 CONNECTION 52 200 300 5580 7680 7680
2555 CONNECTION 52 140 300 5640 7740 7740
2556 CONNECTION 285 286 -1 -1 1080 1080
2557 CONNECTION 285 258 -1 -1 2160 2160
2558 CONNECTION 285 344 -1 -1 2880 2880
2559 CONNECTION 285 317 -1 -1 3960 3960
2560 CONNECTION 285 110 300 2580 4680 4680
2561 CONNECTION 285 84 300 3660 5760 5760
2562 CONNECTION 285 289 300 4380 6480 6480
2563 CONNECTION 285 261 300 5460 7560 7560
2564 CONNECTION 256 257 -1 -1 960 960
2565 CONNECTION 256 53 -1 -1 2340 2340
2566 CONNECTION 256 287 -1 -1 2160 2160
2567 CONNECTION 256 316 -1 -1 2760 2760
2568 CONNECTION 256 228 -1 -1 4140 4140
2569 CONNECTION 256 345 -1 -1 3960 3960
2570 CONNECTION 256 83 300 2460 4560 4560
2571 CONNECTION 256 55 300 3840 5940 5940
2572 CONNECTION 256 111 300 3660 5760 5760
2573 CONNECTION 256 260 300 4260 6360 6360
2574 CONNECTION 256 230 300 5640 7740 7740
2575 CONNECTION 256 290 300 5460 7560 7560
2576 CONNECTION 81 23 -1 -1 1860 1860
2577 CONNECTION 81 109 -1 -1 3240 3240
2578 CONNECTION 81 198 -1 -1 3600 3600
2579 CONNECTION 81 138 -1 -1 3660 3660
2580 CONNECTION 81 288 300 2940 5040 5040
2581 CONNECTION 81 25 300 3360 5460 5460
2582 CONNECTION 81 346 300 4740 6840 6840
2583 CONNECTION 81 200 300 5100 7200 7200
2584 CONNECTION 81 140 300 5160 7260 7260
2585 CONNECTION 226 227 -1 -1 1080 1080
2586 CONNECTION 226 24 -1 -1 3000 3000
2587 CONNECTION 226 54 -1 -1 2880 2880
2588 CONNECTION 226 199 300 2520 4620 4620
2589 CONNECTION 226 139 300 2700 4800 4800
2590 CONNECTION 226 169 300 2520 4620 4620
2591 CONNECTION 226 229 300 2580 4680 4680
2592 CONNECTION 226 26 300 4500 6600 6600
2593 CONNECTION 226 56 300 4380 6480 6480
2594 CONNECTION 226 201 300 6120 8220 8220
2595 CONNECTION 226 141 300 6300 8400 8400
2596 SINK 226 0 -1 -1 0 0
2597 CONNECTION 108 82 -1 -1 3240 3240
2598 CONNECTION 108 168 -1 -1 3720 3720
2599 CONNECTION 108 259 300 2940 5040 5040
2600 CONNECTION 108 318 300 4740 6840 6840
2601 CONNECTION 108 170 300 5220 7320 7320
2602 CONNECTION 166 167 -1 -1 1080 1080
2603 CONNECTION 166 24 -1 -1 3060 3060
2604 CONNECTION 166 54 -1 -1 2940 2940
2605 CONNECTION 166 199 300 2580 4680 4680
2606 CONNECTION 166 139 300 2760 4860 4860
2607 CONNECTION 166 169 300 2580 4680 4680
2608 CONNECTION 166 229 300 2640 4740 4740
2609 CONNECTION 166 26 300 4560 6660 6660
2610 CONNECTION 166 56 300 4440 6540 6540
2611 CONNECTION 166 201 300 6180 8280 8280
2612 CONNECTION 166 141 300 6360 8460 8460
2613 SINK 166 0 -1 -1 0 0
2614 CONNECTION 196 197 -1 -1 1260 1260
2615 CONNECTION 196 24 -1 -1 3240 3240
2616 CONNECTION 196 54 -1 -1 3120 3120
2617 CONNECTION 196 199 300 2760 4860 4860
2618 CONNECTION 196 139 300 2940 5040 5040
2619 CONNECTION 196 169 300 2760 4860 4860
2620 CONNECTION 196 229 300 2820 4920 4920
2621 CONNECTION 196 26 300 4740 6840 6840
2622 CONNECTION 196 56 300 4620 6720 6720
2623 SINK 196 0 -1 -1 0 0
2624 CONNECTION 136 137 -1 -1 1380 1380
2625 CONNECTION 136 24 -1 -1 3180 3180
2626 CONNECTION 136 54 -1 -1 3060 3060
2627 CONNECTION 136 199 300 2700 4800 4800
2628 CONNECTION 136 139 300 2880 4980 4980
2629 CONNECTION 136 169 300 2700 4800 4800
2630 CONNECTION 136 229 300 2760 4860 4860
2631 CONNECTION 136 26 300 4680 6780 6780
2632 CONNECTION 136 56 300 4560 6660 6660
2633 SINK 136 0 -1 -1 0 0
2634 CONNECTION 257 258 -1 -1 1140 1140
2635 CONNECTION 257 344 -1 -1 1860 1860
2636 CONNECTION 257 317 -1 -1 2940 2940
2637 CONNECTION 257 110 -1 -1 3660 3660
2638 CONNECTION 257 84 300 2640 4740 4740
2639 CONNECTION 257 289 300 3360 5460 5460
2640 CONNECTION 257 261 300 4440 6540 6540
2641 CONNECTION 257 347 300 5160 7260 7260
2642 CONNECTION 286 287 -1 -1 1140 1140
2643 CONNECTION 286 316 -1 -1 1740 1740
2644 CONNECTION 286 228 -1 -1 3120 3120
2645 CONNECTION 286 345 -1 -1 2940 2940
2646 CONNECTION 286 83 -1 -1 3540 3540
2647 CONNECTION 286 55 300 2820 4920 4920
2648 CONNECTION 286 111 300 2640 4740 4740
2649 CONNECTION 286 260 300 3240 5340 5340
2650 CONNECTION 286 230 300 4620 6720 6720
2651 CONNECTION 286 290 300 4440 6540 6540
2652 CONNECTION 286 319 300 5040 7140 7140
2653 CONNECTION 197 82 -1 -1 2040 2040
2654 CONNECTION 197 168 -1 -1 2520 2520
2655 CONNECTION 197 259 -1 -1 3840 3840
2656 CONNECTION 197 318 300 3540 5640 5640
2657 CONNECTION 197 170 300 4020 6120 6120
2658 CONNECTION 197 85 300 5340 7440 7440
2659 CONNECTION 137 228 -1 -1 2400 2400
2660 CONNECTION 137 345 -1 -1 2220 2220
2661 CONNECTION 137 83 -1 -1 2820 2820
2662 CONNECTION 137 55 -1 -1 4200 4200
2663 CONNECTION 137 111 -1 -1 4020 4020
2664 CONNECTION 137 260 300 2520 4620 4620
2665 CONNECTION 137 230 300 3900 6000 6000
2666 CONNECTION 137 290 300 3720 5820 5820
2667 CONNECTION 137 319 300 4320 6420 6420
2668 CONNECTION 137 57 300 5700 7800 7800
2669 CONNECTION 137 348 300 5520 7620 7620
2670 CONNECTION 167 109 -1 -1 1980 1980
2671 CONNECTION 167 198 -1 -1 2340 2340
2672 CONNECTION 167 138 -1 -1 2400 2400
2673 CONNECTION 167 288 -1 -1 3780 3780
2674 CONNECTION 167 25 300 2100 4200 4200
2675 CONNECTION 167 346 300 3480 5580 5580
2676 CONNECTION 167 200 300 3840 5940 5940
2677 CONNECTION 167 140 300 3900 6000 6000
2678 CONNECTION 167 112 300 5280 7380 7380
2679 CONNECTION 167 27 300 5700 7800 7800
2680 CONNECTION 227 109 -1 -1 1920 1920
2681 CONNECTION 227 198 -1 -1 2280 2280
2682 CONNECTION 227 138 -1 -1 2340 2340
2683 CONNECTION 227 288 -1 -1 3720 3720
2684 CONNECTION 227 25 300 2040 4140 4140
2685 CONNECTION 227 346 300 3420 5520 5520
2686 CONNECTION 227 200 300 3780 5880 5880
2687 CONNECTION 227 140 300 3840 5940 5940
2688 CONNECTION 227 112 300 5220 7320 7320
2689 CONNECTION 227 27 300 5640 7740 7740
2690 CONNECTION 343 344 -1 -1 1080 1080
2691 CONNECTION 343 317 -1 -1 2160 2160
2692 CONNECTION 343 110 -1 -1 2880 2880
2693 CONNECTION 343 84 -1 -1 3960 3960
2694 CONNECTION 343 289 300 2580 4680 4680
2695 CONNECTION 343 261 300 3660 5760 5760
2696 CONNECTION 343 347 300 4380 6480 6480
2697 CONNECTION 343 320 300 5460 7560 7560
2698 CONNECTION 315 316 -1 -1 960 960
2699 CONNECTION 315 228 -1 -1 2340 2340
2700 CONNECTION 315 345 -1 -1 2160 2160
2701 CONNECTION 315 83 -1 -1 2760 2760
2702 CONNECTION 315 55 -1 -1 4140 4140
2703 CONNECTION 315 111 -1 -1 3960 3960
2704 CONNECTION 315 260 300 2460 4560 4560
2705 CONNECTION 315 230 300 3840 5940 5940
2706 CONNECTION 315 290 300 3660 5760 5760
2707 CONNECTION 315 319 300 4260 6360 6360
2708 CONNECTION 315 57 300 5640 7740 7740
2709 CONNECTION 315 348 300 5460 7560 7560
2710 CONNECTION 53 54 -1 -1 1080 1080
2711 CONNECTION 53 199 -1 -1 2820 2820
2712 CONNECTION 53 139 -1 -1 3000 3000
2713 CONNECTION 53 169 -1 -1 2820 2820
2714 CONNECTION 53 229 -1 -1 2880 2880
2715 CONNECTION 53 26 300 2700 4800 4800
2716 CONNECTION 53 56 300 2580 4680 4680
2717 CONNECTION 53 201 300 4320 6420 6420
2718 CONNECTION 53 141 300 4500 6600 6600
2719 CONNECTION 53 171 300 4320 6420 6420
2720 CONNECTION 53 231 300 4380 6480 6480
2721 CONNECTION 53 28 300 6300 8400 8400
2722 SINK 53 0 -1 -1 0 0
2723 CONNECTION 258 198 -1 -1 1800 1800
2724 CONNECTION 258 138 -1 -1 1860 1860
2725 CONNECTION 258 288 -1 -1 3240 3240
2726 CONNECTION 258 25 -1 -1 3660 3660
2727 CONNECTION 258 346 300 2940 5040 5040
2728 CONNECTION 258 200 300 3300 5400 5400
2729 CONNECTION 258 140 300 3360 5460 5460
2730 CONNECTION 258 112 300 4740 6840 6840
2731 CONNECTION 258 27 300 5160 7260 7260
2732 CONNECTION 287 168 -1 -1 1920 1920
2733 CONNECTION 287 259 -1 -1 3240 3240
2734 CONNECTION 287 318 300 2940 5040 5040
2735 CONNECTION 287 170 300 3420 5520 5520
2736 CONNECTION 287 85 300 4740 6840 6840
2737 CONNECTION 23 24 -1 -1 1380 1380
2738 CONNECTION 23 199 -1 -1 3000 3000
2739 CONNECTION 23 139 -1 -1 3180 3180
2740 CONNECTION 23 169 -1 -1 3000 3000
2741 CONNECTION 23 229 -1 -1 3060 3060
2742 CONNECTION 23 26 300 2880 4980 4980
2743 CONNECTION 23 56 300 2760 4860 4860
2744 CONNECTION 23 201 300 4500 6600 6600
2745 CONNECTION 23 141 300 4680 6780 6780
2746 CONNECTION 23 171 300 4500 6600 6600
2747 CONNECTION 23 231 300 4560 6660 6660
2748 SINK 23 0 -1 -1 0 0
2749 CONNECTION 316 317 -1 -1 1140 1140
2750 CONNECTION 316 110 -1 -1 1860 1860
2751 CONNECTION 316 84 -1 -1 2940 2940
2752 CONNECTION 316 289 -1 -1 3660 3660
2753 CONNECTION 316 261 300 2640 4740 4740
2754 CONNECTION 316 347 300 3360 5460 5460
2755 CONNECTION 316 320 300 4440 6540 6540
2756 CONNECTION 316 113 300 5160 7260 7260
2757 CONNECTION 344 345 -1 -1 1140 1140
2758 CONNECTION 344 83 -1 -1 1740 1740
2759 CONNECTION 344 55 -1 -1 3120 3120
2760 CONNECTION 344 111 -1 -1 2940 2940
2761 CONNECTION 344 260 -1 -1 3540 3540
2762 CONNECTION 344 230 300 2820 4920 4920
2763 CONNECTION 344 290 300 2640 4740 4740
2764 CONNECTION 344 319 300 3240 5340 5340
2765 CONNECTION 344 57 300 4620 6720 6720
2766 CONNECTION 344 348 300 4440 6540 6540
2767 CONNECTION 344 86 300 5040 7140 7140
2768 CONNECTION 24 55 -1 -1 2400 2400
2769 CONNECTION 24 111 -1 -1 2220 2220
2770 CONNECTION 24 260 -1 -1 2820 2820
2771 CONNECTION 24 230 -1 -1 4200 4200
2772 CONNECTION 24 290 -1 -1 4020 4020
2773 CONNECTION 24 319 300 2520 4620 4620
2774 CONNECTION 24 57 300 3900 6000 6000
2775 CONNECTION 24 348 300 3720 5820 5820
2776 CONNECTION 24 86 300 4320 6420 6420
2777 CONNECTION 24 232 300 5700 7800 7800
2778 CONNECTION 24 114 300 5520 7620 7620
2779 CONNECTION 54 288 -1 -1 1920 1920
2780 CONNECTION 54 25 -1 -1 2340 2340
2781 CONNECTION 54 346 -1 -1 3720 3720
2782 CONNECTION 54 200 300 1980 4080 4080
2783 CONNECTION 54 140 300 2040 4140 4140
2784 CONNECTION 54 112 300 3420 5520 5520
2785 CONNECTION 54 27 300 3840 5940 5940
2786 CONNECTION 54 291 300 5220 7320 7320
2787 CONNECTION 54 202 300 5580 7680 7680
2788 CONNECTION 54 142 300 5640 7740 7740
2789 CONNECTION 109 110 -1 -1 1080 1080
2790 CONNECTION 109 84 -1 -1 2160 2160
2791 CONNECTION 109 289 -1 -1 2880 2880
2792 CONNECTION 109 261 -1 -1 3960 3960
2793 CONNECTION 109 347 300 2580 4680 4680
2794 CONNECTION 109 320 300 3660 5760 5760
2795 CONNECTION 109 113 300 4380 6480 6480
2796 CONNECTION 109 87 300 5460 7560 7560
2797 CONNECTION 82 83 -1 -1 960 960
2798 CONNECTION 82 55 -1 -1 2340 2340
2799 CONNECTION 82 111 -1 -1 2160 2160
2800 CONNECTION 82 260 -1 -1 2760 2760
2801 CONNECTION 82 230 -1 -1 4140 4140
2802 CONNECTION 82 290 -1 -1 3960 3960
2803 CONNECTION 82 319 300 2460 4560 4560
2804 CONNECTION 82 57 300 3840 5940 5940
2805 CONNECTION 82 348 300 3660 5760 5760
2806 CONNECTION 82 86 300 4260 6360 6360
2807 CONNECTION 82 232 300 5640 7740 7740
2808 CONNECTION 82 114 300 5460 7560 7560
2809 CONNECTION 228 229 -1 -1 1080 1080
2810 CONNECTION 228 26 -1 -1 3000 3000
2811 CONNECTION 228 56 -1 -1 2880 2880
2812 CONNECTION 228 201 300 2520 4620 4620
2813 CONNECTION 228 141 300 2700 4800 4800
2814 CONNECTION 228 171 300 2520 4620 4620
2815 CONNECTION 228 231 300 2580 4680 4680
2816 CONNECTION 228 28 300 4500 6600 6600
2817 CONNECTION 228 58 300 4380 6480 6480
2818 CONNECTION 228 203 300 6120 8220 8220
2819 CONNECTION 228 143 300 6300 8400 8400
2820 SINK 228 0 -1 -1 0 0
2821 CONNECTION 317 25 -1 -1 1860 1860
2822 CONNECTION 317 346 -1 -1 3240 3240
2823 CONNECTION 317 200 -1 -1 3600 3600
2824 CONNECTION 317 140 -1 -1 3660 3660
2825 CONNECTION 317 112 300 2940 5040 5040
2826 CONNECTION 317 27 300 3360 5460 5460
2827 CONNECTION 317 291 300 4740 6840 6840
2828 CONNECTION 317 202 300 5100 7200 7200
2829 CONNECTION 317 142 300 5160 7260 7260
2830 CONNECTION 168 169 -1 -1 1080 1080
2831 CONNECTION 168 26 -1 -1 3060 3060
2832 CONNECTION 168 56 -1 -1 2940 2940
2833 CONNECTION 168 201 300 2580 4680 4680
2834 CONNECTION 168 141 300 2760 4860 4860
2835 CONNECTION 168 171 300 2580 4680 4680
2836 CONNECTION 168 231 300 2640 4740 4740
2837 CONNECTION 168 28 300 4560 6660 6660
2838 CONNECTION 168 58 300 4440 6540 6540
2839 CONNECTION 168 203 300 6180 8280 8280
2840 CONNECTION 168 143 300 6360 8460 8460
2841 SINK 168 0 -1 -1 0 0
2842 CONNECTION 198 199 -1 -1 1260 1260
2843 CONNECTION 198 26 -1 -1 3240 3240
2844 CONNECTION 198 56 -1 -1 3120 3120
2845 CONNECTION 198 201 300 2760 4860 4860
2846 CONNECTION 198 141 300 2940 5040 5040
2847 CONNECTION 198 171 300 2760 4860 4860
2848 CONNECTION 198 231 300 2820 4920 4920
2849 CONNECTION 198 28 300 4740 6840 6840
2850 CONNECTION 198 58 300 4620 6720 6720
2851 SINK 198 0 -1 -1 0 0
2852 CONNECTION 345 318 -1 -1 3240 3240
2853 CONNECTION 345 170 -1 -1 3720 3720
2854 CONNECTION 345 85 300 2940 5040 5040
2855 CONNECTION 345 262 300 4740 6840 6840
2856 CONNECTION 345 172 300 5220 7320 7320
2857 CONNECTION 138 139 -1 -1 1380 1380
2858 CONNECTION 138 26 -1 -1 3180 3180
2859 CONNECTION 138 56 -1 -1 3060 3060
2860 CONNECTION 138 201 300 2700 4800 4800
2861 CONNECTION 138 141 300 2880 4980 4980
2862 CONNECTION 138 171 300 2700 4800 4800
2863 CONNECTION 138 231 300 2760 4860 4860
2864 CONNECTION 138 28 300 4680 6780 6780
2865 CONNECTION 138 58 300 4560 6660 6660
2866 SINK 138 0 -1 -1 0 0
2867 CONNECTION 83 84 -1 -1 1140 1140
2868 CONNECTION 83 289 -1 -1 1860 1860
2869 CONNECTION 83 261 -1 -1 2940 2940
2870 CONNECTION 83 347 -1 -1 3660 3660
2871 CONNECTION 83 320 300 2640 4740 4740
2872 CONNECTION 83 113 300 3360 5460 5460
2873 CONNECTION 83 87 300 4440 6540 6540
2874 CONNECTION 83 292 300 5160 7260 7260
2875 CONNECTION 110 111 -1 -1 1140 1140
2876 CONNECTION 110 260 -1 -1 1740 1740
2877 CONNECTION 110 230 -1 -1 3120 3120
2878 CONNECTION 110 290 -1 -1 2940 2940
2879 CONNECTION 110 319 -1 -1 3540 3540
2880 CONNECTION 110 57 300 2820 4920 4920
2881 CONNECTION 110 348 300 2640 4740 4740
2882 CONNECTION 110 86 300 3240 5340 5340
2883 CONNECTION 110 232 300 4620 6720 6720
2884 CONNECTION 110 114 300 4440 6540 6540
2885 CONNECTION 110 263 300 5040 7140 7140
2886 CONNECTION 199 318 -1 -1 2040 2040
2887 CONNECTION 199 170 -1 -1 2520 2520
2888 CONNECTION 199 85 -1 -1 3840 3840
2889 CONNECTION 199 262 300 3540 5640 5640
2890 CONNECTION 199 172 300 4020 6120 6120
2891 CONNECTION 199 321 300 5340 7440 7440
2892 CONNECTION 139 230 -1 -1 2400 2400
2893 CONNECTION 139 290 -1 -1 2220 2220
2894 CONNECTION 139 319 -1 -1 2820 2820
2895 CONNECTION 139 57 -1 -1 4200 4200
2896 CONNECTION 139 348 -1 -1 4020 4020
2897 CONNECTION 139 86 300 2520 4620 4620
2898 CONNECTION 139 232 300 3900 6000 6000
2899 CONNECTION 139 114 300 3720 5820 5820
2900 CONNECTION 139 263 300 4320 6420 6420
2901 CONNECTION 139 59 300 5700 7800 7800
2902 CONNECTION 139 293 300 5520 7620 7620
2903 CONNECTION 169 346 -1 -1 1980 1980
2904 CONNECTION 169 200 -1 -1 2340 2340
2905 CONNECTION 169 140 -1 -1 2400 2400
2906 CONNECTION 169 112 -1 -1 3780 3780
2907 CONNECTION 169 27 300 2100 4200 4200
2908 CONNECTION 169 291 300 3480 5580 5580
2909 CONNECTION 169 202 300 3840 5940 5940
2910 CONNECTION 169 142 300 3900 6000 6000
2911 CONNECTION 169 29 300 5700 7800 7800
2912 CONNECTION 229 346 -1 -1 1920 1920
2913 CONNECTION 229 200 -1 -1 2280 2280
2914 CONNECTION 229 140 -1 -1 2340 2340
2915 CONNECTION 229 112 -1 -1 3720 3720
2916 CONNECTION 229 27 300 2040 4140 4140
2917 CONNECTION 229 291 300 3420 5520 5520
2918 CONNECTION 229 202 300 3780 5880 5880
2919 CONNECTION 229 142 300 3840 5940 5940
2920 CONNECTION 229 29 300 5640 7740 7740
2921 CONNECTION 288 289 -1 -1 1080 1080
2922 CONNECTION 288 261 -1 -1 2160 2160
2923 CONNECTION 288 347 -1 -1 2880 2880
2924 CONNECTION 288 320 -1 -1 3960 3960
2925 CONNECTION 288 113 300 2580 4680 4680
2926 CONNECTION 288 87 300 3660 5760 5760
2927 CONNECTION 288 292 300 4380 6480 6480
2928 CONNECTION 288 264 300 5460 7560 7560
2929 CONNECTION 259 260 -1 -1 960 960
2930 CONNECTION 259 230 -1 -1 2340 2340
2931 CONNECTION 259 290 -1 -1 2160 2160
2932 CONNECTION 259 319 -1 -1 2760 2760
2933 CONNECTION 259 57 -1 -1 4140 4140
2934 CONNECTION 259 348 -1 -1 3960 3960
2935 CONNECTION 259 86 300 2460 4560 4560
2936 CONNECTION 259 232 300 3840 5940 5940
2937 CONNECTION 259 114 300 3660 5760 5760
2938 CONNECTION 259 263 300 4260 6360 6360
2939 CONNECTION 259 59 300 5640 7740 7740
2940 CONNECTION 259 293 300 5460 7560 7560
2941 CONNECTION 55 56 -1 -1 1080 1080
2942 CONNECTION 55 201 -1 -1 2820 2820
2943 CONNECTION 55 141 -1 -1 3000 3000
2944 CONNECTION 55 171 -1 -1 2820 2820
2945 CONNECTION 55 231 -1 -1 2880 2880
2946 CONNECTION 55 28 300 2700 4800 4800
2947 CONNECTION 55 58 300 2580 4680 4680
2948 CONNECTION 55 203 300 4320 6420 6420
2949 CONNECTION 55 143 300 4500 6600 6600
2950 CONNECTION 55 173 300 4320 6420 6420
2951 CONNECTION 55 233 300 4380 6480 6480
2952 SINK 55 0 -1 -1 0 0
2953 CONNECTION 84 200 -1 -1 1800 1800
2954 CONNECTION 84 140 -1 -1 1860 1860
2955 CONNECTION 84 112 -1 -1 3240 3240
2956 CONNECTION 84 27 -1 -1 3660 3660
2957 CONNECTION 84 291 300 2940 5040 5040
2958 CONNECTION 84 202 300 3300 5400 5400
2959 CONNECTION 84 142 300 3360 5460 5460
2960 CONNECTION 84 29 300 5160 7260 7260
2961 CONNECTION 111 170 -1 -1 1920 1920
2962 CONNECTION 111 85 -1 -1 3240 3240
2963 CONNECTION 111 262 300 2940 5040 5040
2964 CONNECTION 111 172 300 3420 5520 5520
2965 CONNECTION 111 321 300 4740 6840 6840
2966 CONNECTION 25 26 -1 -1 1380 1380
2967 CONNECTION 25 201 -1 -1 3000 3000
2968 CONNECTION 25 141 -1 -1 3180 3180
2969 CONNECTION 25 171 -1 -1 3000 3000
2970 CONNECTION 25 231 -1 -1 3060 3060
2971 CONNECTION 25 28 300 2880 4980 4980
2972 CONNECTION 25 58 300 2760 4860 4860
2973 CONNECTION 25 203 300 4500 6600 6600
2974 CONNECTION 25 143 300 4680 6780 6780
2975 CONNECTION 25 173 300 4500 6600 6600
2976 CONNECTION 25 233 300 4560 6660 6660
2977 SINK 25 0 -1 -1 0 0
2978 CONNECTION 260 261 -1 -1 1140 1140
2979 CONNECTION 260 347 -1 -1 1860 1860
2980 CONNECTION 260 320 -1 -1 2940 2940
2981 CONNECTION 260 113 -1 -1 3660 3660
2982 CONNECTION 260 87 300 2640 4740 4740
2983 CONNECTION 260 292 300 3360 5460 5460
2984 CONNECTION 260 264 300 4440 6540 6540
2985 CONNECTION 289 290 -1 -1 1140 1140
2986 CONNECTION 289 319 -1 -1 1740 1740
2987 CONNECTION 289 57 -1 -1 3120 3120
2988 CONNECTION 289 348 -1 -1 2940 2940
2989 CONNECTION 289 86 -1 -1 3540 3540
2990 CONNECTION 289 232 300 2820 4920 4920
2991 CONNECTION 289 114 300 2640 4740 4740
2992 CONNECTION 289 263 300 3240 5340 5340
2993 CONNECTION 289 59 300 4620 6720 6720
2994 CONNECTION 289 293 300 4440 6540 6540
2995 CONNECTION 26 57 -1 -1 2400 2400
2996 CONNECTION 26 348 -1 -1 2220 2220
2997 CONNECTION 26 86 -1 -1 2820 2820
2998 CONNECTION 26 232 -1 -1 4200 4200
2999 CONNECTION 26 114 -1 -1 4020 4020
3000 CONNECTION 26 263 300 2520 4620 4620
3001 CONNECTION 26 59 300 3900 6000 6000
3002 CONNECTION 26 293 300 3720 5820 5820
3003 CONNECTION 26 234 300 5700 7800 7800
3004 CONNECTION 56 112 -1 -1 1920 1920
3005 CONNECTION 56 27 -1 -1 2340 2340
3006 CONNECTION 56 291 -1 -1 3720 3720
3007 CONNECTION 56 202 300 1980 4080 4080
3008 CONNECTION 56 142 300 2040 4140 4140
3009 CONNECTION 56 29 300 3840 5940 5940
3010 CONNECTION 56 204 300 5580 7680 7680
3011 CONNECTION 56 144 300 5640 7740 7740
3012 CONNECTION 346 347 -1 -1 1080 1080
3013 CONNECTION 346 320 -1 -1 2160 2160
3014 CONNECTION 346 113 -1 -1 2880 2880
3015 CONNECTION 346 87 -1 -1 3960 3960
3016 CONNECTION 346 292 300 2580 4680 4680
3017 CONNECTION 346 264 300 3660 5760 5760
3018 CONNECTION 318 319 -1 -1 960 960
3019 CONNECTION 318 57 -1 -1 2340 2340
3020 CONNECTION 318 348 -1 -1 2160 2160
3021 CONNECTION 318 86 -1 -1 2760 2760
3022 CONNECTION 318 232 -1 -1 4140 4140
3023 CONNECTION 318 114 -1 -1 3960 3960
3024 CONNECTION 318 263 300 2460 4560 4560
3025 CONNECTION 318 59 300 3840 5940 5940
3026 CONNECTION 318 293 300 3660 5760 5760
3027 CONNECTION 318 234 300 5640 7740 7740
3028 CONNECTION 230 231 -1 -1 1080 1080
3029 CONNECTION 230 28 -1 -1 3000 3000
3030 CONNECTION 230 58 -1 -1 2880 2880
3031 CONNECTION 230 203 300 2520 4620 4620
3032 CONNECTION 230 143 300 2700 4800 4800
3033 CONNECTION 230 173 300 2520 4620 4620
3034 CONNECTION 230 233 300 2580 4680 4680
3035 SINK 230 0 -1 -1 0 0
3036 CONNECTION 261 27 -1 -1 1860 1860
3037 CONNECTION 261 291 -1 -1 3240 3240
3038 CONNECTION 261 202 -1 -1 3600 3600
3039 CONNECTION 261 142 -1 -1 3660 3660
3040 CONNECTION 261 29 300 3360 5460 5460
3041 CONNECTION 261 204 300 5100 7200 7200
3042 CONNECTION 261 144 300 5160 7260 7260
3043 CONNECTION 170 171 -1 -1 1080 1080
3044 CONNECTION 170 28 -1 -1 3060 3060
3045 CONNECTION 170 58 -1 -1 2940 2940
3046 CONNECTION 170 203 300 2580 4680 4680
3047 CONNECTION 170 143 300 2760 4860 4860
3048 CONNECTION 170 173 300 2580 4680 4680
3049 CONNECTION 170 233 300 2640 4740 4740
3050 SINK 170 0 -1 -1 0 0
3051 CONNECTION 200 201 -1 -1 1260 1260
3052 CONNECTION 200 28 -1 -1 3240 3240
3053 CONNECTION 200 58 -1 -1 3120 3120
3054 CONNECTION 200 203 300 2760 4860 4860
3055 CONNECTION 200 143 300 2940 5040 5040
3056 CONNECTION 200 173 300 2760 4860 4860
3057 CONNECTION 200 233 300 2820 4920 4920
3058 SINK 200 0 -1 -1 0 0
3059 CONNECTION 290 262 -1 -1 3240 3240
3060 CONNECTION 290 172 -1 -1 3720 3720
3061 CONNECTION 290 321 300 2940 5040 5040
3062 CONNECTION 290 174 300 5220 7320 7320
3063 CONNECTION 140 141 -1 -1 1380 1380
3064 CONNECTION 140 28 -1 -1 3180 3180
3065 CONNECTION 140 58 -1 -1 3060 3060
3066 CONNECTION 140 203 300 2700 4800 4800
3067 CONNECTION 140 143 300 2880 4980 4980
3068 CONNECTION 140 173 300 2700 4800 4800
3069 CONNECTION 140 233 300 2760 4860 4860
3070 SINK 140 0 -1 -1 0 0
3071 CONNECTION 319 320 -1 -1 1140 1140
3072 CONNECTION 319 113 -1 -1 1860 1860
3073 CONNECTION 319 87 -1 -1 2940 2940
3074 CONNECTION 319 292 -1 -1 3660 3660
3075 CONNECTION 319 264 300 2640 4740 4740
3076 CONNECTION 347 348 -1 -1 1140 1140
3077 CONNECTION 347 86 -1 -1 1740 1740
3078 CONNECTION 347 232 -1 -1 3120 3120
3079 CONNECTION 347 114 -1 -1 2940 2940
3080 CONNECTION 347 263 -1 -1 3540 3540
3081 CONNECTION 347 59 300 2820 4920 4920
3082 CONNECTION 347 293 300 2640 4740 4740
3083 CONNECTION 347 234 300 4620 6720 6720
3084 CONNECTION 201 262 -1 -1 2040 2040
3085 CONNECTION 201 172 -1 -1 2520 2520
3086 CONNECTION 201 321 -1 -1 3840 3840
3087 CONNECTION 201 174 300 4020 6120 6120
3088 CONNECTION 141 232 -1 -1 2400 2400
3089 CONNECTION 141 114 -1 -1 2220 2220
3090 CONNECTION 141 263 -1 -1 2820 2820
3091 CONNECTION 141 59 -1 -1 4200 4200
3092 CONNECTION 141 293 -1 -1 4020 4020
3093 CONNECTION 141 234 300 3900 6000 6000
3094 CONNECTION 171 291 -1 -1 1980 1980
3095 CONNECTION 171 202 -1 -1 2340 2340
3096 CONNECTION 171 142 -1 -1 2400 2400
3097 CONNECTION 171 29 300 2100 4200 4200
3098 CONNECTION 171 204 300 3840 5940 5940
3099 CONNECTION 171 144 300 3900 6000 6000
3100 CONNECTION 231 291 -1 -1 1920 1920
3101 CONNECTION 231 202 -1 -1 2280 2280
3102 CONNECTION 231 142 -1 -1 2340 2340
3103 CONNECTION 231 29 300 2040 4140 4140
3104 CONNECTION 231 204 300 3780 5880 5880
3105 CONNECTION 231 144 300 3840 5940 5940
3106 CONNECTION 112 113 -1 -1 1080 1080
3107 CONNECTION 112 87 -1 -1 2160 2160
3108 CONNECTION 112 292 -1 -1 2880 2880
3109 CONNECTION 112 264 -1 -1 3960 3960
3110 CONNECTION 85 86 -1 -1 960 960
3111 CONNECTION 85 232 -1 -1 2340 2340
3112 CONNECTION 85 114 -1 -1 2160 2160
3113 CONNECTION 85 263 -1 -1 2760 2760
3114 CONNECTION 85 59 -1 -1 4140 4140
3115 CONNECTION 85 293 -1 -1 3960 3960
3116 CONNECTION 85 234 300 3840 5940 5940
3117 CONNECTION 57 58 -1 -1 1080 1080
3118 CONNECTION 57 203 -1 -1 2820 2820
3119 CONNECTION 57 143 -1 -1 3000 3000
3120 CONNECTION 57 173 -1 -1 2820 2820
3121 CONNECTION 57 233 -1 -1 2880 2880
3122 SINK 57 0 -1 -1 0 0
3123 CONNECTION 320 202 -1 -1 1800 1800
3124 CONNECTION 320 142 -1 -1 1860 1860
3125 CONNECTION 320 29 -1 -1 3660 3660
3126 CONNECTION 320 204 300 3300 5400 5400
3127 CONNECTION 320 144 300 3360 5460 5460
3128 CONNECTION 348 172 -1 -1 1920 1920
3129 CONNECTION 348 321 -1 -1 3240 3240
3130 CONNECTION 348 174 300 3420 5520 5520
3131 CONNECTION 27 28 -1 -1 1380 1380
3132 CONNECTION 27 203 -1 -1 3000 3000
3133 CONNECTION 27 143 -1 -1 3180 3180
3134 CONNECTION 27 173 -1 -1 3000 3000
3135 CONNECTION 27 233 -1 -1 3060 3060
3136 SINK 27 0 -1 -1 0 0
3137 CONNECTION 86 87 -1 -1 1140 1140
3138 CONNECTION 86 292 -1 -1 1860 1860
3139 CONNECTION 86 264 -1 -1 2940 2940
3140 CONNECTION 113 114 -1 -1 1140 1140
3141 CONNECTION 113 263 -1 -1 1740 1740
3142 CONNECTION 113 59 -1 -1 3120 3120
3143 CONNECTION 113 293 -1 -1 2940 2940
3144 CONNECTION 113 234 300 2820 4920 4920
3145 CONNECTION 28 59 -1 -1 2400 2400
3146 CONNECTION 28 293 -1 -1 2220 2220
3147 CONNECTION 28 234 -1 -1 4200 4200
3148 CONNECTION 58 29 -1 -1 2340 2340
3149 CONNECTION 58 204 300 1980 4080 4080
3150 CONNECTION 58 144 300 2040 4140 4140
3151 CONNECTION 291 292 -1 -1 1080 1080
3152 CONNECTION 291 264 -1 -1 2160 2160
3153 CONNECTION 262 263 -1 -1 960 960
3154 CONNECTION 262 59 -1 -1 2340 2340
3155 CONNECTION 262 293 -1 -1 2160 2160
3156 CONNECTION 262 234 -1 -1 4140 4140
3157 CONNECTION 87 29 -1 -1 1860 1860
3158 CONNECTION 87 204 -1 -1 3600 3600
3159 CONNECTION 87 144 -1 -1 3660 3660
3160 CONNECTION 232 233 -1 -1 1080 1080
3161 SINK 232 0 -1 -1 0 0
3162 CONNECTION 114 174 -1 -1 3720 3720
3163 CONNECTION 172 173 -1 -1 1080 1080
3164 SINK 172 0 -1 -1 0 0
3165 CONNECTION 202 203 -1 -1 1260 1260
3166 SINK 202 0 -1 -1 0 0
3167 CONNECTION 142 143 -1 -1 1380 1380
3168 SINK 142 0 -1 -1 0 0
3169 CONNECTION 263 264 -1 -1 1140 1140
3170 CONNECTION 292 293 -1 -1 1140 1140
3171 CONNECTION 292 234 -1 -1 3120 3120
3172 CONNECTION 203 174 -1 -1 2520 2520
3173 CONNECTION 143 234 -1 -1 2400 2400
3174 CONNECTION 173 204 -1 -1 2340 2340
3175 CONNECTION 173 144 -1 -1 2400 2400
3176 CONNECTION 233 204 -1 -1 2280 2280
3177 CONNECTION 233 144 -1 -1 2340 2340
3178 CONNECTION 321 234 -1 -1 2340 2340
3179 SINK 59 0 -1 -1 0 0
3180 CONNECTION 264 204 -1 -1 1800 1800
3181 CONNECTION 264 144 -1 -1 1860 1860
3182 CONNECTION 293 174 -1 -1 1920 1920
3183 SINK 29 0 -1 -1 0 0
3184 SINK 234 0 -1 -1 0 0
3185 SINK 174 0 -1 -1 0 0
3186 SINK 204 0 -1 -1 0 0
3187 SINK 144 0 -1 -1 0 0
