0 SOURCE 0 0 -1 -1 2520 31320
1 SOURCE 0 27 -1 -1 1260 30060
2 SOURCE 0 174 -1 -1 1260 30060
3 SOURCE 0 119 -1 -1 4380 33180
4 SOURCE 0 135 -1 -1 2520 31320
5 SOURCE 0 308 -1 -1 2520 31320
6 SOURCE 0 332 -1 -1 1260 30060
7 SOURCE 0 285 -1 -1 2520 31320
8 SOURCE 0 93 -1 -1 1380 30180
9 SOURCE 0 61 -1 -1 1260 30060
10 SOURCE 0 361 -1 -1 4380 33180
11 SOURCE 0 159 -1 -1 1380 30180
12 SOURCE 0 377 -1 -1 2520 31320
13 SOURCE 0 262 -1 -1 1380 30180
14 SOURCE 0 440 -1 -1 2520 31320
15 SOURCE 0 232 -1 -1 1260 30060
16 SOURCE 0 95 -1 -1 2520 31320
17 SOURCE 0 338 -1 -1 1380 30180
18 SOURCE 0 63 -1 -1 1260 30060
19 SOURCE 0 161 -1 -1 4380 33180
20 SOURCE 0 401 -1 -1 1380 30180
21 SOURCE 0 264 -1 -1 2520 31320
22 SOURCE 0 418 -1 -1 1380 30180
23 SOURCE 0 209 -1 -1 2520 31320
24 SOURCE 0 234 -1 -1 1260 30060
25 SOURCE 0 340 -1 -1 2520 31320
26 SOURCE 0 139 -1 -1 1380 30180
27 SOURCE 0 65 -1 -1 1260 30060
28 SOURCE 0 403 -1 -1 4380 33180
29 SOURCE 0 121 -1 -1 1380 30180
30 SOURCE 0 420 -1 -1 2520 31320
31 SOURCE 0 289 -1 -1 1380 30180
32 SOURCE 0 452 -1 -1 2520 31320
33 SOURCE 0 236 -1 -1 1260 30060
34 SOURCE 0 98 -1 -1 2520 31320
35 SOURCE 0 381 -1 -1 1380 30180
36 SOURCE 0 67 -1 -1 1260 30060
37 SOURCE 0 163 -1 -1 4380 33180
38 SOURCE 0 363 -1 -1 1380 30180
39 SOURCE 0 267 -1 -1 2520 31320
40 SOURCE 0 448 -1 -1 1380 30180
41 SOURCE 0 212 -1 -1 2520 31320
42 SOURCE 0 238 -1 -1 1260 30060
43 SOURCE 0 343 -1 -1 2520 31320
44 SOURCE 0 142 -1 -1 1380 30180
45 SOURCE 0 69 -1 -1 1260 30060
46 SOURCE 0 405 -1 -1 4380 33180
47 SOURCE 0 123 -1 -1 1380 30180
48 SOURCE 0 423 -1 -1 2520 31320
49 SOURCE 0 450 -1 -1 2520 31320
50 SOURCE 0 292 -1 -1 1380 30180
51 SOURCE 0 464 -1 -1 2520 31320
52 SOURCE 0 240 -1 -1 1260 30060
53 SOURCE 0 101 -1 -1 2520 31320
54 SOURCE 0 384 -1 -1 1380 30180
55 SOURCE 0 71 -1 -1 1260 30060
56 SOURCE 0 165 -1 -1 4380 33180
57 SOURCE 0 365 -1 -1 1380 30180
58 SOURCE 0 270 -1 -1 2520 31320
59 SOURCE 0 460 -1 -1 1380 30180
60 SOURCE 0 215 -1 -1 2520 31320
61 SOURCE 0 242 -1 -1 1260 30060
62 SOURCE 0 346 -1 -1 2520 31320
63 SOURCE 0 145 -1 -1 1380 30180
64 SOURCE 0 73 -1 -1 1260 30060
65 SOURCE 0 407 -1 -1 4380 33180
66 SOURCE 0 125 -1 -1 1380 30180
67 SOURCE 0 426 -1 -1 2520 31320
68 SOURCE 0 462 -1 -1 2520 31320
69 SOURCE 0 295 -1 -1 1380 30180
70 SOURCE 0 476 -1 -1 2520 31320
71 SOURCE 0 244 -1 -1 1260 30060
72 SOURCE 0 104 -1 -1 2520 31320
73 SOURCE 0 387 -1 -1 1380 30180
74 SOURCE 0 75 -1 -1 1260 30060
75 SOURCE 0 167 -1 -1 4380 33180
76 SOURCE 0 367 -1 -1 1380 30180
77 SOURCE 0 273 -1 -1 2520 31320
78 SOURCE 0 472 -1 -1 1380 30180
79 SOURCE 0 218 -1 -1 2520 31320
80 SOURCE 0 246 -1 -1 1260 30060
81 SOURCE 0 349 -1 -1 2520 31320
82 SOURCE 0 148 -1 -1 1380 30180
83 SOURCE 0 77 -1 -1 1260 30060
84 SOURCE 0 409 -1 -1 4380 33180
85 SOURCE 0 127 -1 -1 1380 30180
86 SOURCE 0 429 -1 -1 2520 31320
87 SOURCE 0 474 -1 -1 2520 31320
88 SOURCE 0 298 -1 -1 1380 30180
89 SOURCE 0 488 -1 -1 2520 31320
90 SOURCE 0 248 -1 -1 1260 30060
91 SOURCE 0 107 -1 -1 2520 31320
92 SOURCE 0 390 -1 -1 1380 30180
93 SOURCE 0 79 -1 -1 1260 30060
94 SOURCE 0 169 -1 -1 4380 33180
95 SOURCE 0 369 -1 -1 1380 30180
96 SOURCE 0 276 -1 -1 2520 31320
97 SOURCE 0 484 -1 -1 1380 30180
98 SOURCE 0 221 -1 -1 2520 31320
99 SOURCE 0 250 -1 -1 1260 30060
100 SOURCE 0 352 -1 -1 2520 31320
101 SOURCE 0 151 -1 -1 1380 30180
102 SOURCE 0 81 -1 -1 1260 30060
103 SOURCE 0 411 -1 -1 4380 33180
104 SOURCE 0 129 -1 -1 1380 30180
105 SOURCE 0 432 -1 -1 2520 31320
106 SOURCE 0 486 -1 -1 2520 31320
107 SOURCE 0 301 -1 -1 1380 30180
108 SOURCE 0 500 -1 -1 2520 31320
109 SOURCE 0 252 -1 -1 1260 30060
110 SOURCE 0 110 -1 -1 2520 31320
111 SOURCE 0 393 -1 -1 1380 30180
112 SOURCE 0 83 -1 -1 1260 30060
113 SOURCE 0 171 -1 -1 4380 33180
114 SOURCE 0 371 -1 -1 1380 30180
115 SOURCE 0 279 -1 -1 2520 31320
116 SOURCE 0 496 -1 -1 1380 30180
117 SOURCE 0 224 -1 -1 2520 31320
118 SOURCE 0 254 -1 -1 1260 30060
119 SOURCE 0 355 -1 -1 2520 31320
120 SOURCE 0 154 -1 -1 1380 30180
121 SOURCE 0 85 -1 -1 1260 30060
122 SOURCE 0 413 -1 -1 4380 33180
123 SOURCE 0 131 -1 -1 1380 30180
124 SOURCE 0 435 -1 -1 2520 31320
125 SOURCE 0 498 -1 -1 2520 31320
126 SOURCE 0 304 -1 -1 1380 30180
127 SOURCE 0 512 -1 -1 2520 31320
128 SOURCE 0 256 -1 -1 1260 30060
129 SOURCE 0 113 -1 -1 2520 31320
130 SOURCE 0 396 -1 -1 1380 30180
131 SOURCE 0 87 -1 -1 1260 30060
132 SOURCE 0 173 -1 -1 4380 33180
133 SOURCE 0 373 -1 -1 1380 30180
134 SOURCE 0 282 -1 -1 2520 31320
135 SOURCE 0 508 -1 -1 1380 30180
136 SOURCE 0 227 -1 -1 2520 31320
137 SOURCE 0 258 -1 -1 1260 30060
138 SOURCE 0 358 -1 -1 2520 31320
139 SOURCE 0 157 -1 -1 1380 30180
140 SOURCE 0 89 -1 -1 1260 30060
141 SOURCE 0 415 -1 -1 4380 33180
142 SOURCE 0 133 -1 -1 1380 30180
143 SOURCE 0 438 -1 -1 2520 31320
144 SOURCE 0 510 -1 -1 2520 31320
145 SOURCE 0 307 -1 -1 1380 30180
146 SOURCE 0 524 -1 -1 2520 31320
147 SOURCE 0 116 -1 -1 2520 31320
148 SOURCE 0 399 -1 -1 1380 30180
149 SOURCE 0 375 -1 -1 1380 30180
150 SOURCE 0 520 -1 -1 1380 30180
151 SOURCE 0 522 -1 -1 2520 31320
152 CONNECTION 0 1 -1 -1 1740 1740
153 CONNECTION 0 92 -1 -1 3000 3000
154 CONNECTION 0 261 -1 -1 4800 4800
155 CONNECTION 0 136 300 660 4500 4500
156 CONNECTION 0 208 300 1200 5820 5820
157 CONNECTION 0 309 300 1440 5340 5340
158 CONNECTION 0 337 300 1980 6600 6600
159 CONNECTION 0 286 300 2460 6300 6300
160 CONNECTION 0 417 300 3780 8400 8400
161 CONNECTION 0 378 300 4260 8100 8100
162 CONNECTION 0 5 300 4800 9420 9420
163 CONNECTION 27 28 -1 -1 1500 1500
164 CONNECTION 27 60 -1 -1 2160 2160
165 CONNECTION 27 175 -1 -1 3300 3300
166 CONNECTION 27 231 300 600 3960 3960
167 CONNECTION 27 333 300 1320 5100 5100
168 CONNECTION 27 30 300 2400 5760 5760
169 CONNECTION 27 62 300 3120 6900 6900
170 CONNECTION 27 177 300 4200 7560 7560
171 CONNECTION 28 29 -1 -1 3180 3180
172 CONNECTION 28 360 -1 -1 3120 3120
173 CONNECTION 28 376 -1 -1 3240 3240
174 CONNECTION 28 176 300 1200 4980 4980
175 CONNECTION 28 94 300 1560 5040 5040
176 CONNECTION 28 31 300 3000 6780 6780
177 CONNECTION 28 334 300 3000 6780 6780
178 CONNECTION 28 160 300 3240 6720 6720
179 CONNECTION 28 263 300 3360 6840 6840
180 CONNECTION 28 178 300 4800 8580 8580
181 CONNECTION 1 2 -1 -1 1620 1620
182 CONNECTION 1 400 -1 -1 5940 5940
183 CONNECTION 1 4 300 1440 5340 5340
184 CONNECTION 1 310 300 1440 5220 5220
185 CONNECTION 1 120 300 3060 9540 9540
186 CONNECTION 174 175 -1 -1 1500 1500
187 CONNECTION 174 231 -1 -1 2160 2160
188 CONNECTION 174 333 -1 -1 3300 3300
189 CONNECTION 174 30 300 600 3960 3960
190 CONNECTION 174 62 300 1320 5100 5100
191 CONNECTION 174 177 300 2400 5760 5760
192 CONNECTION 174 233 300 3120 6900 6900
193 CONNECTION 174 32 300 4200 7560 7560
194 CONNECTION 174 335 300 4200 7560 7560
195 CONNECTION 119 4 -1 -1 2400 2400
196 CONNECTION 119 310 -1 -1 2280 2280
197 CONNECTION 119 120 -1 -1 6600 6600
198 CONNECTION 119 312 300 2100 6000 6000
199 CONNECTION 119 442 300 2100 5880 5880
200 CONNECTION 119 362 300 3720 10200 10200
201 CONNECTION 60 285 -1 -1 3120 3120
202 CONNECTION 60 93 -1 -1 2580 2580
203 CONNECTION 60 61 -1 -1 3240 3240
204 CONNECTION 60 361 -1 -1 6660 6660
205 CONNECTION 60 159 -1 -1 3720 3720
206 CONNECTION 60 377 -1 -1 4920 4920
207 CONNECTION 60 262 300 900 4380 4380
208 CONNECTION 60 440 300 960 5580 5580
209 CONNECTION 60 232 300 1680 5040 5040
210 CONNECTION 60 95 300 2100 6720 6720
211 CONNECTION 60 338 300 2700 6180 6180
212 CONNECTION 60 63 300 3480 6840 6840
213 CONNECTION 60 161 300 3780 10260 10260
214 CONNECTION 60 401 300 3840 7320 7320
215 CONNECTION 60 264 300 3900 8520 8520
216 CONNECTION 60 418 300 4500 7980 7980
217 CONNECTION 60 209 300 4560 9180 9180
218 SINK 60 0 -1 -1 300 300
219 CONNECTION 135 136 -1 -1 1560 1560
220 CONNECTION 135 208 -1 -1 2880 2880
221 CONNECTION 135 309 -1 -1 2400 2400
222 CONNECTION 135 337 -1 -1 3660 3660
223 CONNECTION 135 286 -1 -1 3360 3360
224 CONNECTION 135 417 300 840 5460 5460
225 CONNECTION 135 378 300 1320 5160 5160
226 CONNECTION 135 5 300 1860 6480 6480
227 CONNECTION 135 441 300 2100 6000 6000
228 CONNECTION 135 138 300 2640 7260 7260
229 CONNECTION 135 96 300 3120 6960 6960
230 CONNECTION 135 288 300 4440 9060 9060
231 CONNECTION 92 93 -1 -1 1200 1200
232 CONNECTION 92 61 -1 -1 1860 1860
233 CONNECTION 92 361 -1 -1 5280 5280
234 CONNECTION 92 159 -1 -1 2340 2340
235 CONNECTION 92 377 -1 -1 3540 3540
236 CONNECTION 92 262 -1 -1 3000 3000
237 CONNECTION 92 440 -1 -1 4200 4200
238 CONNECTION 92 232 -1 -1 3660 3660
239 CONNECTION 92 95 300 720 5340 5340
240 CONNECTION 92 338 300 1320 4800 4800
241 CONNECTION 92 63 300 2100 5460 5460
242 CONNECTION 92 161 300 2400 8880 8880
243 CONNECTION 92 401 300 2460 5940 5940
244 CONNECTION 92 264 300 2520 7140 7140
245 CONNECTION 92 418 300 3120 6600 6600
246 CONNECTION 92 209 300 3180 7800 7800
247 CONNECTION 92 234 300 3900 7260 7260
248 CONNECTION 92 340 300 4320 8940 8940
249 SINK 92 0 -1 -1 300 300
250 CONNECTION 175 176 -1 -1 3180 3180
251 CONNECTION 175 94 -1 -1 3240 3240
252 CONNECTION 175 31 300 1200 4980 4980
253 CONNECTION 175 334 300 1200 4980 4980
254 CONNECTION 175 160 300 1440 4920 4920
255 CONNECTION 175 263 300 1560 5040 5040
256 CONNECTION 175 178 300 3000 6780 6780
257 CONNECTION 175 339 300 3360 6840 6840
258 CONNECTION 175 33 300 4800 8580 8580
259 CONNECTION 308 309 -1 -1 1740 1740
260 CONNECTION 308 337 -1 -1 3000 3000
261 CONNECTION 308 286 -1 -1 2700 2700
262 CONNECTION 308 417 -1 -1 4800 4800
263 CONNECTION 308 378 300 660 4500 4500
264 CONNECTION 308 5 300 1200 5820 5820
265 CONNECTION 308 441 300 1440 5340 5340
266 CONNECTION 308 138 300 1980 6600 6600
267 CONNECTION 308 96 300 2460 6300 6300
268 CONNECTION 308 288 300 3780 8400 8400
269 CONNECTION 308 265 300 4260 8100 8100
270 CONNECTION 308 313 300 4800 9420 9420
271 CONNECTION 2 3 -1 -1 2100 2100
272 CONNECTION 2 416 -1 -1 2700 2700
273 CONNECTION 2 137 300 660 4500 4500
274 CONNECTION 2 311 300 1920 5700 5700
275 CONNECTION 2 287 300 2460 6300 6300
276 CONNECTION 2 379 300 4260 8100 8100
277 CONNECTION 332 333 -1 -1 1500 1500
278 CONNECTION 332 30 -1 -1 2160 2160
279 CONNECTION 332 62 -1 -1 3300 3300
280 CONNECTION 332 177 300 600 3960 3960
281 CONNECTION 332 233 300 1320 5100 5100
282 CONNECTION 332 32 300 2400 5760 5760
283 CONNECTION 332 335 300 2400 5760 5760
284 CONNECTION 332 64 300 3120 6900 6900
285 CONNECTION 332 179 300 4200 7560 7560
286 CONNECTION 231 361 -1 -1 4860 4860
287 CONNECTION 231 159 -1 -1 1920 1920
288 CONNECTION 231 377 -1 -1 3120 3120
289 CONNECTION 231 262 -1 -1 2580 2580
290 CONNECTION 231 440 -1 -1 3780 3780
291 CONNECTION 231 232 -1 -1 3240 3240
292 CONNECTION 231 95 -1 -1 4920 4920
293 CONNECTION 231 338 300 900 4380 4380
294 CONNECTION 231 63 300 1680 5040 5040
295 CONNECTION 231 161 300 1980 8460 8460
296 CONNECTION 231 401 300 2040 5520 5520
297 CONNECTION 231 264 300 2100 6720 6720
298 CONNECTION 231 418 300 2700 6180 6180
299 CONNECTION 231 209 300 2760 7380 7380
300 CONNECTION 231 234 300 3480 6840 6840
301 CONNECTION 231 340 300 3900 8520 8520
302 CONNECTION 231 139 300 4500 7980 7980
303 SINK 231 0 -1 -1 300 300
304 CONNECTION 285 286 -1 -1 1560 1560
305 CONNECTION 285 417 -1 -1 3660 3660
306 CONNECTION 285 378 -1 -1 3360 3360
307 CONNECTION 285 5 -1 -1 4680 4680
308 CONNECTION 285 441 -1 -1 4200 4200
309 CONNECTION 285 138 300 840 5460 5460
310 CONNECTION 285 96 300 1320 5160 5160
311 CONNECTION 285 288 300 2640 7260 7260
312 CONNECTION 285 265 300 3120 6960 6960
313 CONNECTION 285 313 300 3660 8280 8280
314 CONNECTION 285 210 300 3900 7800 7800
315 CONNECTION 285 380 300 4440 9060 9060
316 CONNECTION 261 262 -1 -1 1200 1200
317 CONNECTION 261 232 -1 -1 1860 1860
318 CONNECTION 261 95 -1 -1 3540 3540
319 CONNECTION 261 338 -1 -1 3000 3000
320 CONNECTION 261 63 -1 -1 3660 3660
321 CONNECTION 261 161 300 600 7080 7080
322 CONNECTION 261 401 300 660 4140 4140
323 CONNECTION 261 264 300 720 5340 5340
324 CONNECTION 261 418 300 1320 4800 4800
325 CONNECTION 261 209 300 1380 6000 6000
326 CONNECTION 261 234 300 2100 5460 5460
327 CONNECTION 261 340 300 2520 7140 7140
328 CONNECTION 261 139 300 3120 6600 6600
329 CONNECTION 261 65 300 3900 7260 7260
330 CONNECTION 261 403 300 4200 10680 10680
331 CONNECTION 261 121 300 4260 7740 7740
332 CONNECTION 261 420 300 4320 8940 8940
333 SINK 261 0 -1 -1 300 300
334 CONNECTION 29 30 -1 -1 1080 1080
335 CONNECTION 29 62 -1 -1 2220 2220
336 CONNECTION 29 177 -1 -1 2880 2880
337 CONNECTION 29 233 -1 -1 4020 4020
338 CONNECTION 29 32 300 1320 4680 4680
339 CONNECTION 29 335 300 1320 4680 4680
340 CONNECTION 29 64 300 2040 5820 5820
341 CONNECTION 29 179 300 3120 6480 6480
342 CONNECTION 29 235 300 3840 7620 7620
343 CONNECTION 360 361 -1 -1 4200 4200
344 CONNECTION 360 262 -1 -1 1920 1920
345 CONNECTION 360 440 -1 -1 3120 3120
346 CONNECTION 360 232 -1 -1 2580 2580
347 CONNECTION 360 95 -1 -1 4260 4260
348 CONNECTION 360 338 -1 -1 3720 3720
349 CONNECTION 360 63 300 1020 4380 4380
350 CONNECTION 360 161 300 1320 7800 7800
351 CONNECTION 360 401 300 1380 4860 4860
352 CONNECTION 360 264 300 1440 6060 6060
353 CONNECTION 360 418 300 2040 5520 5520
354 CONNECTION 360 209 300 2100 6720 6720
355 CONNECTION 360 234 300 2820 6180 6180
356 CONNECTION 360 340 300 3240 7860 7860
357 CONNECTION 360 139 300 3840 7320 7320
358 CONNECTION 360 65 300 4620 7980 7980
359 SINK 360 0 -1 -1 300 300
360 CONNECTION 136 137 -1 -1 3360 3360
361 CONNECTION 136 311 300 780 4560 4560
362 CONNECTION 136 287 300 1320 5160 5160
363 CONNECTION 136 379 300 3120 6960 6960
364 CONNECTION 136 6 300 4380 8160 8160
365 CONNECTION 136 443 300 4380 8160 8160
366 CONNECTION 93 94 -1 -1 1800 1800
367 CONNECTION 93 31 -1 -1 3540 3540
368 CONNECTION 93 334 -1 -1 3540 3540
369 CONNECTION 93 160 -1 -1 3480 3480
370 CONNECTION 93 263 -1 -1 3600 3600
371 CONNECTION 93 178 300 1560 5340 5340
372 CONNECTION 93 339 300 1920 5400 5400
373 CONNECTION 93 33 300 3360 7140 7140
374 CONNECTION 93 402 300 3600 7080 7080
375 CONNECTION 93 419 300 3720 7200 7200
376 CONNECTION 376 377 -1 -1 2340 2340
377 CONNECTION 376 262 -1 -1 1800 1800
378 CONNECTION 376 440 -1 -1 3000 3000
379 CONNECTION 376 232 -1 -1 2460 2460
380 CONNECTION 376 95 -1 -1 4140 4140
381 CONNECTION 376 338 -1 -1 3600 3600
382 CONNECTION 376 63 300 900 4260 4260
383 CONNECTION 376 161 300 1200 7680 7680
384 CONNECTION 376 401 300 1260 4740 4740
385 CONNECTION 376 264 300 1320 5940 5940
386 CONNECTION 376 418 300 1920 5400 5400
387 CONNECTION 376 209 300 1980 6600 6600
388 CONNECTION 376 234 300 2700 6060 6060
389 CONNECTION 376 340 300 3120 7740 7740
390 CONNECTION 376 139 300 3720 7200 7200
391 CONNECTION 376 65 300 4500 7860 7860
392 CONNECTION 376 403 300 4800 11280 11280
393 SINK 376 0 -1 -1 300 300
394 CONNECTION 333 31 -1 -1 3180 3180
395 CONNECTION 333 334 -1 -1 3180 3180
396 CONNECTION 333 160 -1 -1 3120 3120
397 CONNECTION 333 263 -1 -1 3240 3240
398 CONNECTION 333 178 300 1200 4980 4980
399 CONNECTION 333 339 300 1560 5040 5040
400 CONNECTION 333 33 300 3000 6780 6780
401 CONNECTION 333 402 300 3240 6720 6720
402 CONNECTION 333 419 300 3360 6840 6840
403 CONNECTION 333 180 300 4800 8580 8580
404 CONNECTION 208 338 -1 -1 1980 1980
405 CONNECTION 208 63 -1 -1 2640 2640
406 CONNECTION 208 161 -1 -1 6060 6060
407 CONNECTION 208 401 -1 -1 3120 3120
408 CONNECTION 208 264 -1 -1 4320 4320
409 CONNECTION 208 418 -1 -1 3780 3780
410 CONNECTION 208 209 300 360 4980 4980
411 CONNECTION 208 234 300 1080 4440 4440
412 CONNECTION 208 340 300 1500 6120 6120
413 CONNECTION 208 139 300 2100 5580 5580
414 CONNECTION 208 65 300 2880 6240 6240
415 CONNECTION 208 403 300 3180 9660 9660
416 CONNECTION 208 121 300 3240 6720 6720
417 CONNECTION 208 420 300 3300 7920 7920
418 CONNECTION 208 289 300 3900 7380 7380
419 CONNECTION 208 452 300 3960 8580 8580
420 CONNECTION 208 236 300 4680 8040 8040
421 SINK 208 0 -1 -1 300 300
422 CONNECTION 400 401 -1 -1 1260 1260
423 CONNECTION 400 418 -1 -1 1920 1920
424 CONNECTION 400 209 -1 -1 3120 3120
425 CONNECTION 400 234 -1 -1 2580 2580
426 CONNECTION 400 340 -1 -1 4260 4260
427 CONNECTION 400 139 -1 -1 3720 3720
428 CONNECTION 400 65 300 1020 4380 4380
429 CONNECTION 400 403 300 1320 7800 7800
430 CONNECTION 400 121 300 1380 4860 4860
431 CONNECTION 400 420 300 1440 6060 6060
432 CONNECTION 400 289 300 2040 5520 5520
433 CONNECTION 400 452 300 2100 6720 6720
434 CONNECTION 400 236 300 2820 6180 6180
435 CONNECTION 400 98 300 3240 7860 7860
436 CONNECTION 400 381 300 3840 7320 7320
437 CONNECTION 400 67 300 4620 7980 7980
438 SINK 400 0 -1 -1 300 300
439 CONNECTION 309 310 -1 -1 1620 1620
440 CONNECTION 309 120 -1 -1 5940 5940
441 CONNECTION 309 312 300 1440 5340 5340
442 CONNECTION 309 442 300 1440 5220 5220
443 CONNECTION 309 362 300 3060 9540 9540
444 CONNECTION 61 62 -1 -1 1500 1500
445 CONNECTION 61 177 -1 -1 2160 2160
446 CONNECTION 61 233 -1 -1 3300 3300
447 CONNECTION 61 32 300 600 3960 3960
448 CONNECTION 61 335 300 600 3960 3960
449 CONNECTION 61 64 300 1320 5100 5100
450 CONNECTION 61 179 300 2400 5760 5760
451 CONNECTION 61 235 300 3120 6900 6900
452 CONNECTION 61 34 300 4200 7560 7560
453 CONNECTION 3 4 -1 -1 1620 1620
454 CONNECTION 3 120 -1 -1 5820 5820
455 CONNECTION 3 312 300 1320 5220 5220
456 CONNECTION 3 442 300 1320 5100 5100
457 CONNECTION 3 362 300 2940 9420 9420
458 CONNECTION 361 312 -1 -1 2400 2400
459 CONNECTION 361 442 -1 -1 2280 2280
460 CONNECTION 361 362 -1 -1 6600 6600
461 CONNECTION 361 7 300 2100 6000 6000
462 CONNECTION 361 211 300 2100 5880 5880
463 CONNECTION 361 444 300 2100 6000 6000
464 CONNECTION 361 122 300 3720 10200 10200
465 CONNECTION 30 95 -1 -1 3120 3120
466 CONNECTION 30 338 -1 -1 2580 2580
467 CONNECTION 30 63 -1 -1 3240 3240
468 CONNECTION 30 161 -1 -1 6660 6660
469 CONNECTION 30 401 -1 -1 3720 3720
470 CONNECTION 30 264 -1 -1 4920 4920
471 CONNECTION 30 418 300 900 4380 4380
472 CONNECTION 30 209 300 960 5580 5580
473 CONNECTION 30 234 300 1680 5040 5040
474 CONNECTION 30 340 300 2100 6720 6720
475 CONNECTION 30 139 300 2700 6180 6180
476 CONNECTION 30 65 300 3480 6840 6840
477 CONNECTION 30 403 300 3780 10260 10260
478 CONNECTION 30 121 300 3840 7320 7320
479 CONNECTION 30 420 300 3900 8520 8520
480 CONNECTION 30 289 300 4500 7980 7980
481 CONNECTION 30 452 300 4560 9180 9180
482 SINK 30 0 -1 -1 300 300
483 CONNECTION 159 31 -1 -1 2400 2400
484 CONNECTION 159 334 -1 -1 2400 2400
485 CONNECTION 159 160 -1 -1 2340 2340
486 CONNECTION 159 263 -1 -1 2460 2460
487 CONNECTION 159 178 300 420 4200 4200
488 CONNECTION 159 339 300 780 4260 4260
489 CONNECTION 159 33 300 2220 6000 6000
490 CONNECTION 159 402 300 2460 5940 5940
491 CONNECTION 159 419 300 2580 6060 6060
492 CONNECTION 159 180 300 4020 7800 7800
493 CONNECTION 159 97 300 4380 7860 7860
494 CONNECTION 377 378 -1 -1 1560 1560
495 CONNECTION 377 5 -1 -1 2880 2880
496 CONNECTION 377 441 -1 -1 2400 2400
497 CONNECTION 377 138 -1 -1 3660 3660
498 CONNECTION 377 96 -1 -1 3360 3360
499 CONNECTION 377 288 300 840 5460 5460
500 CONNECTION 377 265 300 1320 5160 5160
501 CONNECTION 377 313 300 1860 6480 6480
502 CONNECTION 377 210 300 2100 6000 6000
503 CONNECTION 377 380 300 2640 7260 7260
504 CONNECTION 377 341 300 3120 6960 6960
505 CONNECTION 377 447 300 4440 9060 9060
506 CONNECTION 337 338 -1 -1 1200 1200
507 CONNECTION 337 63 -1 -1 1860 1860
508 CONNECTION 337 161 -1 -1 5280 5280
509 CONNECTION 337 401 -1 -1 2340 2340
510 CONNECTION 337 264 -1 -1 3540 3540
511 CONNECTION 337 418 -1 -1 3000 3000
512 CONNECTION 337 209 -1 -1 4200 4200
513 CONNECTION 337 234 -1 -1 3660 3660
514 CONNECTION 337 340 300 720 5340 5340
515 CONNECTION 337 139 300 1320 4800 4800
516 CONNECTION 337 65 300 2100 5460 5460
517 CONNECTION 337 403 300 2400 8880 8880
518 CONNECTION 337 121 300 2460 5940 5940
519 CONNECTION 337 420 300 2520 7140 7140
520 CONNECTION 337 289 300 3120 6600 6600
521 CONNECTION 337 452 300 3180 7800 7800
522 CONNECTION 337 236 300 3900 7260 7260
523 CONNECTION 337 98 300 4320 8940 8940
524 SINK 337 0 -1 -1 300 300
525 CONNECTION 176 177 -1 -1 1080 1080
526 CONNECTION 176 233 -1 -1 2220 2220
527 CONNECTION 176 32 -1 -1 2880 2880
528 CONNECTION 176 335 -1 -1 2880 2880
529 CONNECTION 176 64 -1 -1 4020 4020
530 CONNECTION 176 179 300 1320 4680 4680
531 CONNECTION 176 235 300 2040 5820 5820
532 CONNECTION 176 34 300 3120 6480 6480
533 CONNECTION 176 66 300 3840 7620 7620
534 CONNECTION 416 417 -1 -1 2340 2340
535 CONNECTION 416 378 -1 -1 2040 2040
536 CONNECTION 416 5 -1 -1 3360 3360
537 CONNECTION 416 441 -1 -1 2880 2880
538 CONNECTION 416 138 -1 -1 4140 4140
539 CONNECTION 416 96 -1 -1 3840 3840
540 CONNECTION 416 288 300 1320 5940 5940
541 CONNECTION 416 265 300 1800 5640 5640
542 CONNECTION 416 313 300 2340 6960 6960
543 CONNECTION 416 210 300 2580 6480 6480
544 CONNECTION 416 380 300 3120 7740 7740
545 CONNECTION 416 341 300 3600 7440 7440
546 CONNECTION 286 311 -1 -1 2760 2760
547 CONNECTION 286 287 -1 -1 3360 3360
548 CONNECTION 286 379 300 1320 5160 5160
549 CONNECTION 286 6 300 2580 6360 6360
550 CONNECTION 286 443 300 2580 6360 6360
551 CONNECTION 286 446 300 3120 6960 6960
552 CONNECTION 94 95 -1 -1 2340 2340
553 CONNECTION 94 338 -1 -1 1800 1800
554 CONNECTION 94 63 -1 -1 2460 2460
555 CONNECTION 94 161 -1 -1 5880 5880
556 CONNECTION 94 401 -1 -1 2940 2940
557 CONNECTION 94 264 -1 -1 4140 4140
558 CONNECTION 94 418 -1 -1 3600 3600
559 CONNECTION 94 209 -1 -1 4800 4800
560 CONNECTION 94 234 300 900 4260 4260
561 CONNECTION 94 340 300 1320 5940 5940
562 CONNECTION 94 139 300 1920 5400 5400
563 CONNECTION 94 65 300 2700 6060 6060
564 CONNECTION 94 403 300 3000 9480 9480
565 CONNECTION 94 121 300 3060 6540 6540
566 CONNECTION 94 420 300 3120 7740 7740
567 CONNECTION 94 289 300 3720 7200 7200
568 CONNECTION 94 452 300 3780 8400 8400
569 CONNECTION 94 236 300 4500 7860 7860
570 SINK 94 0 -1 -1 300 300
571 CONNECTION 262 160 -1 -1 1680 1680
572 CONNECTION 262 263 -1 -1 1800 1800
573 CONNECTION 262 178 -1 -1 3540 3540
574 CONNECTION 262 339 -1 -1 3600 3600
575 CONNECTION 262 33 300 1560 5340 5340
576 CONNECTION 262 402 300 1800 5280 5280
577 CONNECTION 262 419 300 1920 5400 5400
578 CONNECTION 262 180 300 3360 7140 7140
579 CONNECTION 262 97 300 3720 7200 7200
580 CONNECTION 62 178 -1 -1 3180 3180
581 CONNECTION 62 339 -1 -1 3240 3240
582 CONNECTION 62 33 300 1200 4980 4980
583 CONNECTION 62 402 300 1440 4920 4920
584 CONNECTION 62 419 300 1560 5040 5040
585 CONNECTION 62 180 300 3000 6780 6780
586 CONNECTION 62 97 300 3360 6840 6840
587 CONNECTION 62 35 300 4800 8580 8580
588 CONNECTION 440 441 -1 -1 1740 1740
589 CONNECTION 440 138 -1 -1 3000 3000
590 CONNECTION 440 96 -1 -1 2700 2700
591 CONNECTION 440 288 -1 -1 4800 4800
592 CONNECTION 440 265 300 660 4500 4500
593 CONNECTION 440 313 300 1200 5820 5820
594 CONNECTION 440 210 300 1440 5340 5340
595 CONNECTION 440 380 300 1980 6600 6600
596 CONNECTION 440 341 300 2460 6300 6300
597 CONNECTION 440 447 300 3780 8400 8400
598 CONNECTION 440 421 300 4260 8100 8100
599 CONNECTION 440 8 300 4800 9420 9420
600 CONNECTION 440 445 300 4800 9420 9420
601 CONNECTION 4 5 -1 -1 2340 2340
602 CONNECTION 4 138 -1 -1 3120 3120
603 CONNECTION 4 96 -1 -1 2820 2820
604 CONNECTION 4 288 -1 -1 4920 4920
605 CONNECTION 4 265 300 780 4620 4620
606 CONNECTION 4 313 300 1320 5940 5940
607 CONNECTION 4 210 300 1560 5460 5460
608 CONNECTION 4 380 300 2100 6720 6720
609 CONNECTION 4 341 300 2580 6420 6420
610 CONNECTION 4 447 300 3900 8520 8520
611 CONNECTION 4 421 300 4380 8220 8220
612 CONNECTION 310 311 -1 -1 2100 2100
613 CONNECTION 310 287 -1 -1 2700 2700
614 CONNECTION 310 379 300 660 4500 4500
615 CONNECTION 310 6 300 1920 5700 5700
616 CONNECTION 310 443 300 1920 5700 5700
617 CONNECTION 310 446 300 2460 6300 6300
618 CONNECTION 310 140 300 4260 8100 8100
619 CONNECTION 232 233 -1 -1 1500 1500
620 CONNECTION 232 32 -1 -1 2160 2160
621 CONNECTION 232 335 -1 -1 2160 2160
622 CONNECTION 232 64 -1 -1 3300 3300
623 CONNECTION 232 179 300 600 3960 3960
624 CONNECTION 232 235 300 1320 5100 5100
625 CONNECTION 232 34 300 2400 5760 5760
626 CONNECTION 232 66 300 3120 6900 6900
627 CONNECTION 232 181 300 4200 7560 7560
628 CONNECTION 177 161 -1 -1 4860 4860
629 CONNECTION 177 401 -1 -1 1920 1920
630 CONNECTION 177 264 -1 -1 3120 3120
631 CONNECTION 177 418 -1 -1 2580 2580
632 CONNECTION 177 209 -1 -1 3780 3780
633 CONNECTION 177 234 -1 -1 3240 3240
634 CONNECTION 177 340 -1 -1 4920 4920
635 CONNECTION 177 139 300 900 4380 4380
636 CONNECTION 177 65 300 1680 5040 5040
637 CONNECTION 177 403 300 1980 8460 8460
638 CONNECTION 177 121 300 2040 5520 5520
639 CONNECTION 177 420 300 2100 6720 6720
640 CONNECTION 177 289 300 2700 6180 6180
641 CONNECTION 177 452 300 2760 7380 7380
642 CONNECTION 177 236 300 3480 6840 6840
643 CONNECTION 177 98 300 3900 8520 8520
644 CONNECTION 177 381 300 4500 7980 7980
645 SINK 177 0 -1 -1 300 300
646 CONNECTION 95 96 -1 -1 1560 1560
647 CONNECTION 95 288 -1 -1 3660 3660
648 CONNECTION 95 265 -1 -1 3360 3360
649 CONNECTION 95 313 -1 -1 4680 4680
650 CONNECTION 95 210 -1 -1 4200 4200
651 CONNECTION 95 380 300 840 5460 5460
652 CONNECTION 95 341 300 1320 5160 5160
653 CONNECTION 95 447 300 2640 7260 7260
654 CONNECTION 95 421 300 3120 6960 6960
655 CONNECTION 95 8 300 3660 8280 8280
656 CONNECTION 95 445 300 3660 8280 8280
657 CONNECTION 95 453 300 3900 7800 7800
658 CONNECTION 95 141 300 4440 9060 9060
659 CONNECTION 417 418 -1 -1 1200 1200
660 CONNECTION 417 234 -1 -1 1860 1860
661 CONNECTION 417 340 -1 -1 3540 3540
662 CONNECTION 417 139 -1 -1 3000 3000
663 CONNECTION 417 65 -1 -1 3660 3660
664 CONNECTION 417 403 300 600 7080 7080
665 CONNECTION 417 121 300 660 4140 4140
666 CONNECTION 417 420 300 720 5340 5340
667 CONNECTION 417 289 300 1320 4800 4800
668 CONNECTION 417 452 300 1380 6000 6000
669 CONNECTION 417 236 300 2100 5460 5460
670 CONNECTION 417 98 300 2520 7140 7140
671 CONNECTION 417 381 300 3120 6600 6600
672 CONNECTION 417 67 300 3900 7260 7260
673 CONNECTION 417 163 300 4200 10680 10680
674 CONNECTION 417 363 300 4260 7740 7740
675 CONNECTION 417 267 300 4320 8940 8940
676 SINK 417 0 -1 -1 300 300
677 CONNECTION 31 32 -1 -1 1080 1080
678 CONNECTION 31 64 -1 -1 2220 2220
679 CONNECTION 31 179 -1 -1 2880 2880
680 CONNECTION 31 235 -1 -1 4020 4020
681 CONNECTION 31 34 300 1320 4680 4680
682 CONNECTION 31 66 300 2040 5820 5820
683 CONNECTION 31 181 300 3120 6480 6480
684 CONNECTION 31 237 300 3840 7620 7620
685 CONNECTION 334 335 -1 -1 1080 1080
686 CONNECTION 334 64 -1 -1 2220 2220
687 CONNECTION 334 179 -1 -1 2880 2880
688 CONNECTION 334 235 -1 -1 4020 4020
689 CONNECTION 334 34 300 1320 4680 4680
690 CONNECTION 334 66 300 2040 5820 5820
691 CONNECTION 334 181 300 3120 6480 6480
692 CONNECTION 334 237 300 3840 7620 7620
693 CONNECTION 137 138 -1 -1 2340 2340
694 CONNECTION 137 96 -1 -1 2040 2040
695 CONNECTION 137 288 -1 -1 4140 4140
696 CONNECTION 137 265 -1 -1 3840 3840
697 CONNECTION 137 313 300 540 5160 5160
698 CONNECTION 137 210 300 780 4680 4680
699 CONNECTION 137 380 300 1320 5940 5940
700 CONNECTION 137 341 300 1800 5640 5640
701 CONNECTION 137 447 300 3120 7740 7740
702 CONNECTION 137 421 300 3600 7440 7440
703 CONNECTION 137 8 300 4140 8760 8760
704 CONNECTION 137 445 300 4140 8760 8760
705 CONNECTION 137 453 300 4380 8280 8280
706 CONNECTION 160 161 -1 -1 4200 4200
707 CONNECTION 160 418 -1 -1 1920 1920
708 CONNECTION 160 209 -1 -1 3120 3120
709 CONNECTION 160 234 -1 -1 2580 2580
710 CONNECTION 160 340 -1 -1 4260 4260
711 CONNECTION 160 139 -1 -1 3720 3720
712 CONNECTION 160 65 300 1020 4380 4380
713 CONNECTION 160 403 300 1320 7800 7800
714 CONNECTION 160 121 300 1380 4860 4860
715 CONNECTION 160 420 300 1440 6060 6060
716 CONNECTION 160 289 300 2040 5520 5520
717 CONNECTION 160 452 300 2100 6720 6720
718 CONNECTION 160 236 300 2820 6180 6180
719 CONNECTION 160 98 300 3240 7860 7860
720 CONNECTION 160 381 300 3840 7320 7320
721 CONNECTION 160 67 300 4620 7980 7980
722 SINK 160 0 -1 -1 300 300
723 CONNECTION 378 379 -1 -1 3360 3360
724 CONNECTION 378 6 300 780 4560 4560
725 CONNECTION 378 443 300 780 4560 4560
726 CONNECTION 378 446 300 1320 5160 5160
727 CONNECTION 378 140 300 3120 6960 6960
728 CONNECTION 378 314 300 4380 8160 8160
729 CONNECTION 263 264 -1 -1 2340 2340
730 CONNECTION 263 418 -1 -1 1800 1800
731 CONNECTION 263 209 -1 -1 3000 3000
732 CONNECTION 263 234 -1 -1 2460 2460
733 CONNECTION 263 340 -1 -1 4140 4140
734 CONNECTION 263 139 -1 -1 3600 3600
735 CONNECTION 263 65 300 900 4260 4260
736 CONNECTION 263 403 300 1200 7680 7680
737 CONNECTION 263 121 300 1260 4740 4740
738 CONNECTION 263 420 300 1320 5940 5940
739 CONNECTION 263 289 300 1920 5400 5400
740 CONNECTION 263 452 300 1980 6600 6600
741 CONNECTION 263 236 300 2700 6060 6060
742 CONNECTION 263 98 300 3120 7740 7740
743 CONNECTION 263 381 300 3720 7200 7200
744 CONNECTION 263 67 300 4500 7860 7860
745 CONNECTION 263 163 300 4800 11280 11280
746 SINK 263 0 -1 -1 300 300
747 CONNECTION 338 339 -1 -1 1800 1800
748 CONNECTION 338 33 -1 -1 3540 3540
749 CONNECTION 338 402 -1 -1 3480 3480
750 CONNECTION 338 419 -1 -1 3600 3600
751 CONNECTION 338 180 300 1560 5340 5340
752 CONNECTION 338 97 300 1920 5400 5400
753 CONNECTION 338 35 300 3360 7140 7140
754 CONNECTION 338 162 300 3600 7080 7080
755 CONNECTION 338 266 300 3720 7200 7200
756 CONNECTION 233 33 -1 -1 3180 3180
757 CONNECTION 233 402 -1 -1 3120 3120
758 CONNECTION 233 419 -1 -1 3240 3240
759 CONNECTION 233 180 300 1200 4980 4980
760 CONNECTION 233 97 300 1560 5040 5040
761 CONNECTION 233 35 300 3000 6780 6780
762 CONNECTION 233 162 300 3240 6720 6720
763 CONNECTION 233 266 300 3360 6840 6840
764 CONNECTION 233 182 300 4800 8580 8580
765 CONNECTION 5 139 -1 -1 1980 1980
766 CONNECTION 5 65 -1 -1 2640 2640
767 CONNECTION 5 403 -1 -1 6060 6060
768 CONNECTION 5 121 -1 -1 3120 3120
769 CONNECTION 5 420 -1 -1 4320 4320
770 CONNECTION 5 289 -1 -1 3780 3780
771 CONNECTION 5 452 300 360 4980 4980
772 CONNECTION 5 236 300 1080 4440 4440
773 CONNECTION 5 98 300 1500 6120 6120
774 CONNECTION 5 381 300 2100 5580 5580
775 CONNECTION 5 67 300 2880 6240 6240
776 CONNECTION 5 163 300 3180 9660 9660
777 CONNECTION 5 363 300 3240 6720 6720
778 CONNECTION 5 267 300 3300 7920 7920
779 CONNECTION 5 448 300 3900 7380 7380
780 CONNECTION 5 212 300 3960 8580 8580
781 CONNECTION 5 238 300 4680 8040 8040
782 SINK 5 0 -1 -1 300 300
783 CONNECTION 120 121 -1 -1 1260 1260
784 CONNECTION 120 289 -1 -1 1920 1920
785 CONNECTION 120 452 -1 -1 3120 3120
786 CONNECTION 120 236 -1 -1 2580 2580
787 CONNECTION 120 98 -1 -1 4260 4260
788 CONNECTION 120 381 -1 -1 3720 3720
789 CONNECTION 120 67 300 1020 4380 4380
790 CONNECTION 120 163 300 1320 7800 7800
791 CONNECTION 120 363 300 1380 4860 4860
792 CONNECTION 120 267 300 1440 6060 6060
793 CONNECTION 120 448 300 2040 5520 5520
794 CONNECTION 120 212 300 2100 6720 6720
795 CONNECTION 120 238 300 2820 6180 6180
796 CONNECTION 120 343 300 3240 7860 7860
797 CONNECTION 120 142 300 3840 7320 7320
798 CONNECTION 120 69 300 4620 7980 7980
799 SINK 120 0 -1 -1 300 300
800 CONNECTION 441 442 -1 -1 1620 1620
801 CONNECTION 441 362 -1 -1 5940 5940
802 CONNECTION 441 7 300 1440 5340 5340
803 CONNECTION 441 211 300 1440 5220 5220
804 CONNECTION 441 444 300 1440 5340 5340
805 CONNECTION 441 122 300 3060 9540 9540
806 CONNECTION 63 64 -1 -1 1500 1500
807 CONNECTION 63 179 -1 -1 2160 2160
808 CONNECTION 63 235 -1 -1 3300 3300
809 CONNECTION 63 34 300 600 3960 3960
810 CONNECTION 63 66 300 1320 5100 5100
811 CONNECTION 63 181 300 2400 5760 5760
812 CONNECTION 63 237 300 3120 6900 6900
813 CONNECTION 63 36 300 4200 7560 7560
814 CONNECTION 311 312 -1 -1 1620 1620
815 CONNECTION 311 362 -1 -1 5820 5820
816 CONNECTION 311 7 300 1320 5220 5220
817 CONNECTION 311 211 300 1320 5100 5100
818 CONNECTION 311 444 300 1320 5220 5220
819 CONNECTION 311 122 300 2940 9420 9420
820 CONNECTION 161 7 -1 -1 2400 2400
821 CONNECTION 161 211 -1 -1 2280 2280
822 CONNECTION 161 444 -1 -1 2400 2400
823 CONNECTION 161 122 -1 -1 6600 6600
824 CONNECTION 161 315 300 2100 6000 6000
825 CONNECTION 161 454 300 2100 5880 5880
826 CONNECTION 161 364 300 3720 10200 10200
827 CONNECTION 32 340 -1 -1 3120 3120
828 CONNECTION 32 139 -1 -1 2580 2580
829 CONNECTION 32 65 -1 -1 3240 3240
830 CONNECTION 32 403 -1 -1 6660 6660
831 CONNECTION 32 121 -1 -1 3720 3720
832 CONNECTION 32 420 -1 -1 4920 4920
833 CONNECTION 32 289 300 900 4380 4380
834 CONNECTION 32 452 300 960 5580 5580
835 CONNECTION 32 236 300 1680 5040 5040
836 CONNECTION 32 98 300 2100 6720 6720
837 CONNECTION 32 381 300 2700 6180 6180
838 CONNECTION 32 67 300 3480 6840 6840
839 CONNECTION 32 163 300 3780 10260 10260
840 CONNECTION 32 363 300 3840 7320 7320
841 CONNECTION 32 267 300 3900 8520 8520
842 CONNECTION 32 448 300 4500 7980 7980
843 CONNECTION 32 212 300 4560 9180 9180
844 SINK 32 0 -1 -1 300 300
845 CONNECTION 335 340 -1 -1 3120 3120
846 CONNECTION 335 139 -1 -1 2580 2580
847 CONNECTION 335 65 -1 -1 3240 3240
848 CONNECTION 335 403 -1 -1 6660 6660
849 CONNECTION 335 121 -1 -1 3720 3720
850 CONNECTION 335 420 -1 -1 4920 4920
851 CONNECTION 335 289 300 900 4380 4380
852 CONNECTION 335 452 300 960 5580 5580
853 CONNECTION 335 236 300 1680 5040 5040
854 CONNECTION 335 98 300 2100 6720 6720
855 CONNECTION 335 381 300 2700 6180 6180
856 CONNECTION 335 67 300 3480 6840 6840
857 CONNECTION 335 163 300 3780 10260 10260
858 CONNECTION 335 363 300 3840 7320 7320
859 CONNECTION 335 267 300 3900 8520 8520
860 CONNECTION 335 448 300 4500 7980 7980
861 CONNECTION 335 212 300 4560 9180 9180
862 SINK 335 0 -1 -1 300 300
863 CONNECTION 401 33 -1 -1 2400 2400
864 CONNECTION 401 402 -1 -1 2340 2340
865 CONNECTION 401 419 -1 -1 2460 2460
866 CONNECTION 401 180 300 420 4200 4200
867 CONNECTION 401 97 300 780 4260 4260
868 CONNECTION 401 35 300 2220 6000 6000
869 CONNECTION 401 162 300 2460 5940 5940
870 CONNECTION 401 266 300 2580 6060 6060
871 CONNECTION 401 182 300 4020 7800 7800
872 CONNECTION 401 342 300 4380 7860 7860
873 CONNECTION 264 265 -1 -1 1560 1560
874 CONNECTION 264 313 -1 -1 2880 2880
875 CONNECTION 264 210 -1 -1 2400 2400
876 CONNECTION 264 380 -1 -1 3660 3660
877 CONNECTION 264 341 -1 -1 3360 3360
878 CONNECTION 264 447 300 840 5460 5460
879 CONNECTION 264 421 300 1320 5160 5160
880 CONNECTION 264 8 300 1860 6480 6480
881 CONNECTION 264 445 300 1860 6480 6480
882 CONNECTION 264 453 300 2100 6000 6000
883 CONNECTION 264 141 300 2640 7260 7260
884 CONNECTION 264 99 300 3120 6960 6960
885 CONNECTION 264 291 300 4440 9060 9060
886 CONNECTION 138 139 -1 -1 1200 1200
887 CONNECTION 138 65 -1 -1 1860 1860
888 CONNECTION 138 403 -1 -1 5280 5280
889 CONNECTION 138 121 -1 -1 2340 2340
890 CONNECTION 138 420 -1 -1 3540 3540
891 CONNECTION 138 289 -1 -1 3000 3000
892 CONNECTION 138 452 -1 -1 4200 4200
893 CONNECTION 138 236 -1 -1 3660 3660
894 CONNECTION 138 98 300 720 5340 5340
895 CONNECTION 138 381 300 1320 4800 4800
896 CONNECTION 138 67 300 2100 5460 5460
897 CONNECTION 138 163 300 2400 8880 8880
898 CONNECTION 138 363 300 2460 5940 5940
899 CONNECTION 138 267 300 2520 7140 7140
900 CONNECTION 138 448 300 3120 6600 6600
901 CONNECTION 138 212 300 3180 7800 7800
902 CONNECTION 138 238 300 3900 7260 7260
903 CONNECTION 138 343 300 4320 8940 8940
904 SINK 138 0 -1 -1 300 300
905 CONNECTION 178 179 -1 -1 1080 1080
906 CONNECTION 178 235 -1 -1 2220 2220
907 CONNECTION 178 34 -1 -1 2880 2880
908 CONNECTION 178 66 -1 -1 4020 4020
909 CONNECTION 178 181 300 1320 4680 4680
910 CONNECTION 178 237 300 2040 5820 5820
911 CONNECTION 178 36 300 3120 6480 6480
912 CONNECTION 178 68 300 3840 7620 7620
913 CONNECTION 287 288 -1 -1 2340 2340
914 CONNECTION 287 265 -1 -1 2040 2040
915 CONNECTION 287 313 -1 -1 3360 3360
916 CONNECTION 287 210 -1 -1 2880 2880
917 CONNECTION 287 380 -1 -1 4140 4140
918 CONNECTION 287 341 -1 -1 3840 3840
919 CONNECTION 287 447 300 1320 5940 5940
920 CONNECTION 287 421 300 1800 5640 5640
921 CONNECTION 287 8 300 2340 6960 6960
922 CONNECTION 287 445 300 2340 6960 6960
923 CONNECTION 287 453 300 2580 6480 6480
924 CONNECTION 287 141 300 3120 7740 7740
925 CONNECTION 287 99 300 3600 7440 7440
926 CONNECTION 96 6 -1 -1 2760 2760
927 CONNECTION 96 443 -1 -1 2760 2760
928 CONNECTION 96 446 -1 -1 3360 3360
929 CONNECTION 96 140 300 1320 5160 5160
930 CONNECTION 96 314 300 2580 6360 6360
931 CONNECTION 96 290 300 3120 6960 6960
932 CONNECTION 339 340 -1 -1 2340 2340
933 CONNECTION 339 139 -1 -1 1800 1800
934 CONNECTION 339 65 -1 -1 2460 2460
935 CONNECTION 339 403 -1 -1 5880 5880
936 CONNECTION 339 121 -1 -1 2940 2940
937 CONNECTION 339 420 -1 -1 4140 4140
938 CONNECTION 339 289 -1 -1 3600 3600
939 CONNECTION 339 452 -1 -1 4800 4800
940 CONNECTION 339 236 300 900 4260 4260
941 CONNECTION 339 98 300 1320 5940 5940
942 CONNECTION 339 381 300 1920 5400 5400
943 CONNECTION 339 67 300 2700 6060 6060
944 CONNECTION 339 163 300 3000 9480 9480
945 CONNECTION 339 363 300 3060 6540 6540
946 CONNECTION 339 267 300 3120 7740 7740
947 CONNECTION 339 448 300 3720 7200 7200
948 CONNECTION 339 212 300 3780 8400 8400
949 CONNECTION 339 238 300 4500 7860 7860
950 SINK 339 0 -1 -1 300 300
951 CONNECTION 418 402 -1 -1 1680 1680
952 CONNECTION 418 419 -1 -1 1800 1800
953 CONNECTION 418 180 -1 -1 3540 3540
954 CONNECTION 418 97 -1 -1 3600 3600
955 CONNECTION 418 35 300 1560 5340 5340
956 CONNECTION 418 162 300 1800 5280 5280
957 CONNECTION 418 266 300 1920 5400 5400
958 CONNECTION 418 182 300 3360 7140 7140
959 CONNECTION 418 342 300 3720 7200 7200
960 CONNECTION 64 180 -1 -1 3180 3180
961 CONNECTION 64 97 -1 -1 3240 3240
962 CONNECTION 64 35 300 1200 4980 4980
963 CONNECTION 64 162 300 1440 4920 4920
964 CONNECTION 64 266 300 1560 5040 5040
965 CONNECTION 64 182 300 3000 6780 6780
966 CONNECTION 64 342 300 3360 6840 6840
967 CONNECTION 64 37 300 4800 8580 8580
968 CONNECTION 209 210 -1 -1 1740 1740
969 CONNECTION 209 380 -1 -1 3000 3000
970 CONNECTION 209 341 -1 -1 2700 2700
971 CONNECTION 209 447 -1 -1 4800 4800
972 CONNECTION 209 421 300 660 4500 4500
973 CONNECTION 209 8 300 1200 5820 5820
974 CONNECTION 209 445 300 1200 5820 5820
975 CONNECTION 209 453 300 1440 5340 5340
976 CONNECTION 209 141 300 1980 6600 6600
977 CONNECTION 209 99 300 2460 6300 6300
978 CONNECTION 209 291 300 3780 8400 8400
979 CONNECTION 209 268 300 4260 8100 8100
980 CONNECTION 209 316 300 4800 9420 9420
981 CONNECTION 312 313 -1 -1 2340 2340
982 CONNECTION 312 380 -1 -1 3120 3120
983 CONNECTION 312 341 -1 -1 2820 2820
984 CONNECTION 312 447 -1 -1 4920 4920
985 CONNECTION 312 421 300 780 4620 4620
986 CONNECTION 312 8 300 1320 5940 5940
987 CONNECTION 312 445 300 1320 5940 5940
988 CONNECTION 312 453 300 1560 5460 5460
989 CONNECTION 312 141 300 2100 6720 6720
990 CONNECTION 312 99 300 2580 6420 6420
991 CONNECTION 312 291 300 3900 8520 8520
992 CONNECTION 312 268 300 4380 8220 8220
993 CONNECTION 442 6 -1 -1 2100 2100
994 CONNECTION 442 443 -1 -1 2100 2100
995 CONNECTION 442 446 -1 -1 2700 2700
996 CONNECTION 442 140 300 660 4500 4500
997 CONNECTION 442 314 300 1920 5700 5700
998 CONNECTION 442 290 300 2460 6300 6300
999 CONNECTION 442 382 300 4260 8100 8100
1000 CONNECTION 234 235 -1 -1 1500 1500
1001 CONNECTION 234 34 -1 -1 2160 2160
1002 CONNECTION 234 66 -1 -1 3300 3300
1003 CONNECTION 234 181 300 600 3960 3960
1004 CONNECTION 234 237 300 1320 5100 5100
1005 CONNECTION 234 36 300 2400 5760 5760
1006 CONNECTION 234 68 300 3120 6900 6900
1007 CONNECTION 234 183 300 4200 7560 7560
1008 CONNECTION 179 403 -1 -1 4860 4860
1009 CONNECTION 179 121 -1 -1 1920 1920
1010 CONNECTION 179 420 -1 -1 3120 3120
1011 CONNECTION 179 289 -1 -1 2580 2580
1012 CONNECTION 179 452 -1 -1 3780 3780
1013 CONNECTION 179 236 -1 -1 3240 3240
1014 CONNECTION 179 98 -1 -1 4920 4920
1015 CONNECTION 179 381 300 900 4380 4380
1016 CONNECTION 179 67 300 1680 5040 5040
1017 CONNECTION 179 163 300 1980 8460 8460
1018 CONNECTION 179 363 300 2040 5520 5520
1019 CONNECTION 179 267 300 2100 6720 6720
1020 CONNECTION 179 448 300 2700 6180 6180
1021 CONNECTION 179 212 300 2760 7380 7380
1022 CONNECTION 179 238 300 3480 6840 6840
1023 CONNECTION 179 343 300 3900 8520 8520
1024 CONNECTION 179 142 300 4500 7980 7980
1025 SINK 179 0 -1 -1 300 300
1026 CONNECTION 340 341 -1 -1 1560 1560
1027 CONNECTION 340 447 -1 -1 3660 3660
1028 CONNECTION 340 421 -1 -1 3360 3360
1029 CONNECTION 340 8 -1 -1 4680 4680
1030 CONNECTION 340 445 -1 -1 4680 4680
1031 CONNECTION 340 453 -1 -1 4200 4200
1032 CONNECTION 340 141 300 840 5460 5460
1033 CONNECTION 340 99 300 1320 5160 5160
1034 CONNECTION 340 291 300 2640 7260 7260
1035 CONNECTION 340 268 300 3120 6960 6960
1036 CONNECTION 340 316 300 3660 8280 8280
1037 CONNECTION 340 213 300 3900 7800 7800
1038 CONNECTION 340 383 300 4440 9060 9060
1039 CONNECTION 288 289 -1 -1 1200 1200
1040 CONNECTION 288 236 -1 -1 1860 1860
1041 CONNECTION 288 98 -1 -1 3540 3540
1042 CONNECTION 288 381 -1 -1 3000 3000
1043 CONNECTION 288 67 -1 -1 3660 3660
1044 CONNECTION 288 163 300 600 7080 7080
1045 CONNECTION 288 363 300 660 4140 4140
1046 CONNECTION 288 267 300 720 5340 5340
1047 CONNECTION 288 448 300 1320 4800 4800
1048 CONNECTION 288 212 300 1380 6000 6000
1049 CONNECTION 288 238 300 2100 5460 5460
1050 CONNECTION 288 343 300 2520 7140 7140
1051 CONNECTION 288 142 300 3120 6600 6600
1052 CONNECTION 288 69 300 3900 7260 7260
1053 CONNECTION 288 405 300 4200 10680 10680
1054 CONNECTION 288 123 300 4260 7740 7740
1055 CONNECTION 288 423 300 4320 8940 8940
1056 CONNECTION 288 450 300 4320 8940 8940
1057 SINK 288 0 -1 -1 300 300
1058 CONNECTION 33 34 -1 -1 1080 1080
1059 CONNECTION 33 66 -1 -1 2220 2220
1060 CONNECTION 33 181 -1 -1 2880 2880
1061 CONNECTION 33 237 -1 -1 4020 4020
1062 CONNECTION 33 36 300 1320 4680 4680
1063 CONNECTION 33 68 300 2040 5820 5820
1064 CONNECTION 33 183 300 3120 6480 6480
1065 CONNECTION 33 239 300 3840 7620 7620
1066 CONNECTION 379 380 -1 -1 2340 2340
1067 CONNECTION 379 341 -1 -1 2040 2040
1068 CONNECTION 379 447 -1 -1 4140 4140
1069 CONNECTION 379 421 -1 -1 3840 3840
1070 CONNECTION 379 8 300 540 5160 5160
1071 CONNECTION 379 445 300 540 5160 5160
1072 CONNECTION 379 453 300 780 4680 4680
1073 CONNECTION 379 141 300 1320 5940 5940
1074 CONNECTION 379 99 300 1800 5640 5640
1075 CONNECTION 379 291 300 3120 7740 7740
1076 CONNECTION 379 268 300 3600 7440 7440
1077 CONNECTION 379 316 300 4140 8760 8760
1078 CONNECTION 379 213 300 4380 8280 8280
1079 CONNECTION 402 403 -1 -1 4200 4200
1080 CONNECTION 402 289 -1 -1 1920 1920
1081 CONNECTION 402 452 -1 -1 3120 3120
1082 CONNECTION 402 236 -1 -1 2580 2580
1083 CONNECTION 402 98 -1 -1 4260 4260
1084 CONNECTION 402 381 -1 -1 3720 3720
1085 CONNECTION 402 67 300 1020 4380 4380
1086 CONNECTION 402 163 300 1320 7800 7800
1087 CONNECTION 402 363 300 1380 4860 4860
1088 CONNECTION 402 267 300 1440 6060 6060
1089 CONNECTION 402 448 300 2040 5520 5520
1090 CONNECTION 402 212 300 2100 6720 6720
1091 CONNECTION 402 238 300 2820 6180 6180
1092 CONNECTION 402 343 300 3240 7860 7860
1093 CONNECTION 402 142 300 3840 7320 7320
1094 CONNECTION 402 69 300 4620 7980 7980
1095 SINK 402 0 -1 -1 300 300
1096 CONNECTION 265 140 -1 -1 3360 3360
1097 CONNECTION 265 314 300 780 4560 4560
1098 CONNECTION 265 290 300 1320 5160 5160
1099 CONNECTION 265 382 300 3120 6960 6960
1100 CONNECTION 265 9 300 4380 8160 8160
1101 CONNECTION 265 455 300 4380 8160 8160
1102 CONNECTION 139 97 -1 -1 1800 1800
1103 CONNECTION 139 35 -1 -1 3540 3540
1104 CONNECTION 139 162 -1 -1 3480 3480
1105 CONNECTION 139 266 -1 -1 3600 3600
1106 CONNECTION 139 182 300 1560 5340 5340
1107 CONNECTION 139 342 300 1920 5400 5400
1108 CONNECTION 139 37 300 3360 7140 7140
1109 CONNECTION 139 404 300 3600 7080 7080
1110 CONNECTION 139 422 300 3720 7200 7200
1111 CONNECTION 139 449 300 3720 7200 7200
1112 CONNECTION 419 420 -1 -1 2340 2340
1113 CONNECTION 419 289 -1 -1 1800 1800
1114 CONNECTION 419 452 -1 -1 3000 3000
1115 CONNECTION 419 236 -1 -1 2460 2460
1116 CONNECTION 419 98 -1 -1 4140 4140
1117 CONNECTION 419 381 -1 -1 3600 3600
1118 CONNECTION 419 67 300 900 4260 4260
1119 CONNECTION 419 163 300 1200 7680 7680
1120 CONNECTION 419 363 300 1260 4740 4740
1121 CONNECTION 419 267 300 1320 5940 5940
1122 CONNECTION 419 448 300 1920 5400 5400
1123 CONNECTION 419 212 300 1980 6600 6600
1124 CONNECTION 419 238 300 2700 6060 6060
1125 CONNECTION 419 343 300 3120 7740 7740
1126 CONNECTION 419 142 300 3720 7200 7200
1127 CONNECTION 419 69 300 4500 7860 7860
1128 CONNECTION 419 405 300 4800 11280 11280
1129 SINK 419 0 -1 -1 300 300
1130 CONNECTION 235 35 -1 -1 3180 3180
1131 CONNECTION 235 162 -1 -1 3120 3120
1132 CONNECTION 235 266 -1 -1 3240 3240
1133 CONNECTION 235 182 300 1200 4980 4980
1134 CONNECTION 235 342 300 1560 5040 5040
1135 CONNECTION 235 37 300 3000 6780 6780
1136 CONNECTION 235 404 300 3240 6720 6720
1137 CONNECTION 235 422 300 3360 6840 6840
1138 CONNECTION 235 449 300 3360 6840 6840
1139 CONNECTION 235 184 300 4800 8580 8580
1140 CONNECTION 313 381 -1 -1 1980 1980
1141 CONNECTION 313 67 -1 -1 2640 2640
1142 CONNECTION 313 163 -1 -1 6060 6060
1143 CONNECTION 313 363 -1 -1 3120 3120
1144 CONNECTION 313 267 -1 -1 4320 4320
1145 CONNECTION 313 448 -1 -1 3780 3780
1146 CONNECTION 313 212 300 360 4980 4980
1147 CONNECTION 313 238 300 1080 4440 4440
1148 CONNECTION 313 343 300 1500 6120 6120
1149 CONNECTION 313 142 300 2100 5580 5580
1150 CONNECTION 313 69 300 2880 6240 6240
1151 CONNECTION 313 405 300 3180 9660 9660
1152 CONNECTION 313 123 300 3240 6720 6720
1153 CONNECTION 313 423 300 3300 7920 7920
1154 CONNECTION 313 450 300 3300 7920 7920
1155 CONNECTION 313 292 300 3900 7380 7380
1156 CONNECTION 313 464 300 3960 8580 8580
1157 CONNECTION 313 240 300 4680 8040 8040
1158 SINK 313 0 -1 -1 300 300
1159 CONNECTION 362 363 -1 -1 1260 1260
1160 CONNECTION 362 448 -1 -1 1920 1920
1161 CONNECTION 362 212 -1 -1 3120 3120
1162 CONNECTION 362 238 -1 -1 2580 2580
1163 CONNECTION 362 343 -1 -1 4260 4260
1164 CONNECTION 362 142 -1 -1 3720 3720
1165 CONNECTION 362 69 300 1020 4380 4380
1166 CONNECTION 362 405 300 1320 7800 7800
1167 CONNECTION 362 123 300 1380 4860 4860
1168 CONNECTION 362 423 300 1440 6060 6060
1169 CONNECTION 362 450 300 1440 6060 6060
1170 CONNECTION 362 292 300 2040 5520 5520
1171 CONNECTION 362 464 300 2100 6720 6720
1172 CONNECTION 362 240 300 2820 6180 6180
1173 CONNECTION 362 101 300 3240 7860 7860
1174 CONNECTION 362 384 300 3840 7320 7320
1175 CONNECTION 362 71 300 4620 7980 7980
1176 SINK 362 0 -1 -1 300 300
1177 CONNECTION 210 211 -1 -1 1620 1620
1178 CONNECTION 210 122 -1 -1 5940 5940
1179 CONNECTION 210 315 300 1440 5340 5340
1180 CONNECTION 210 454 300 1440 5220 5220
1181 CONNECTION 210 364 300 3060 9540 9540
1182 CONNECTION 65 66 -1 -1 1500 1500
1183 CONNECTION 65 181 -1 -1 2160 2160
1184 CONNECTION 65 237 -1 -1 3300 3300
1185 CONNECTION 65 36 300 600 3960 3960
1186 CONNECTION 65 68 300 1320 5100 5100
1187 CONNECTION 65 183 300 2400 5760 5760
1188 CONNECTION 65 239 300 3120 6900 6900
1189 CONNECTION 65 38 300 4200 7560 7560
1190 CONNECTION 6 7 -1 -1 1620 1620
1191 CONNECTION 6 122 -1 -1 5820 5820
1192 CONNECTION 6 315 300 1320 5220 5220
1193 CONNECTION 6 454 300 1320 5100 5100
1194 CONNECTION 6 364 300 2940 9420 9420
1195 CONNECTION 443 444 -1 -1 1620 1620
1196 CONNECTION 443 122 -1 -1 5820 5820
1197 CONNECTION 443 315 300 1320 5220 5220
1198 CONNECTION 443 454 300 1320 5100 5100
1199 CONNECTION 443 364 300 2940 9420 9420
1200 CONNECTION 403 315 -1 -1 2400 2400
1201 CONNECTION 403 454 -1 -1 2280 2280
1202 CONNECTION 403 364 -1 -1 6600 6600
1203 CONNECTION 403 10 300 2100 6000 6000
1204 CONNECTION 403 214 300 2100 5880 5880
1205 CONNECTION 403 456 300 2100 6000 6000
1206 CONNECTION 403 124 300 3720 10200 10200
1207 CONNECTION 34 98 -1 -1 3120 3120
1208 CONNECTION 34 381 -1 -1 2580 2580
1209 CONNECTION 34 67 -1 -1 3240 3240
1210 CONNECTION 34 163 -1 -1 6660 6660
1211 CONNECTION 34 363 -1 -1 3720 3720
1212 CONNECTION 34 267 -1 -1 4920 4920
1213 CONNECTION 34 448 300 900 4380 4380
1214 CONNECTION 34 212 300 960 5580 5580
1215 CONNECTION 34 238 300 1680 5040 5040
1216 CONNECTION 34 343 300 2100 6720 6720
1217 CONNECTION 34 142 300 2700 6180 6180
1218 CONNECTION 34 69 300 3480 6840 6840
1219 CONNECTION 34 405 300 3780 10260 10260
1220 CONNECTION 34 123 300 3840 7320 7320
1221 CONNECTION 34 423 300 3900 8520 8520
1222 CONNECTION 34 450 300 3900 8520 8520
1223 CONNECTION 34 292 300 4500 7980 7980
1224 CONNECTION 34 464 300 4560 9180 9180
1225 SINK 34 0 -1 -1 300 300
1226 CONNECTION 121 35 -1 -1 2400 2400
1227 CONNECTION 121 162 -1 -1 2340 2340
1228 CONNECTION 121 266 -1 -1 2460 2460
1229 CONNECTION 121 182 300 420 4200 4200
1230 CONNECTION 121 342 300 780 4260 4260
1231 CONNECTION 121 37 300 2220 6000 6000
1232 CONNECTION 121 404 300 2460 5940 5940
1233 CONNECTION 121 422 300 2580 6060 6060
1234 CONNECTION 121 449 300 2580 6060 6060
1235 CONNECTION 121 184 300 4020 7800 7800
1236 CONNECTION 121 100 300 4380 7860 7860
1237 CONNECTION 420 421 -1 -1 1560 1560
1238 CONNECTION 420 8 -1 -1 2880 2880
1239 CONNECTION 420 445 -1 -1 2880 2880
1240 CONNECTION 420 453 -1 -1 2400 2400
1241 CONNECTION 420 141 -1 -1 3660 3660
1242 CONNECTION 420 99 -1 -1 3360 3360
1243 CONNECTION 420 291 300 840 5460 5460
1244 CONNECTION 420 268 300 1320 5160 5160
1245 CONNECTION 420 316 300 1860 6480 6480
1246 CONNECTION 420 213 300 2100 6000 6000
1247 CONNECTION 420 383 300 2640 7260 7260
1248 CONNECTION 420 344 300 3120 6960 6960
1249 CONNECTION 420 459 300 4440 9060 9060
1250 CONNECTION 380 381 -1 -1 1200 1200
1251 CONNECTION 380 67 -1 -1 1860 1860
1252 CONNECTION 380 163 -1 -1 5280 5280
1253 CONNECTION 380 363 -1 -1 2340 2340
1254 CONNECTION 380 267 -1 -1 3540 3540
1255 CONNECTION 380 448 -1 -1 3000 3000
1256 CONNECTION 380 212 -1 -1 4200 4200
1257 CONNECTION 380 238 -1 -1 3660 3660
1258 CONNECTION 380 343 300 720 5340 5340
1259 CONNECTION 380 142 300 1320 4800 4800
1260 CONNECTION 380 69 300 2100 5460 5460
1261 CONNECTION 380 405 300 2400 8880 8880
1262 CONNECTION 380 123 300 2460 5940 5940
1263 CONNECTION 380 423 300 2520 7140 7140
1264 CONNECTION 380 450 300 2520 7140 7140
1265 CONNECTION 380 292 300 3120 6600 6600
1266 CONNECTION 380 464 300 3180 7800 7800
1267 CONNECTION 380 240 300 3900 7260 7260
1268 CONNECTION 380 101 300 4320 8940 8940
1269 SINK 380 0 -1 -1 300 300
1270 CONNECTION 180 181 -1 -1 1080 1080
1271 CONNECTION 180 237 -1 -1 2220 2220
1272 CONNECTION 180 36 -1 -1 2880 2880
1273 CONNECTION 180 68 -1 -1 4020 4020
1274 CONNECTION 180 183 300 1320 4680 4680
1275 CONNECTION 180 239 300 2040 5820 5820
1276 CONNECTION 180 38 300 3120 6480 6480
1277 CONNECTION 180 70 300 3840 7620 7620
1278 CONNECTION 446 447 -1 -1 2340 2340
1279 CONNECTION 446 421 -1 -1 2040 2040
1280 CONNECTION 446 8 -1 -1 3360 3360
1281 CONNECTION 446 445 -1 -1 3360 3360
1282 CONNECTION 446 453 -1 -1 2880 2880
1283 CONNECTION 446 141 -1 -1 4140 4140
1284 CONNECTION 446 99 -1 -1 3840 3840
1285 CONNECTION 446 291 300 1320 5940 5940
1286 CONNECTION 446 268 300 1800 5640 5640
1287 CONNECTION 446 316 300 2340 6960 6960
1288 CONNECTION 446 213 300 2580 6480 6480
1289 CONNECTION 446 383 300 3120 7740 7740
1290 CONNECTION 446 344 300 3600 7440 7440
1291 CONNECTION 341 314 -1 -1 2760 2760
1292 CONNECTION 341 290 -1 -1 3360 3360
1293 CONNECTION 341 382 300 1320 5160 5160
1294 CONNECTION 341 9 300 2580 6360 6360
1295 CONNECTION 341 455 300 2580 6360 6360
1296 CONNECTION 341 458 300 3120 6960 6960
1297 CONNECTION 97 98 -1 -1 2340 2340
1298 CONNECTION 97 381 -1 -1 1800 1800
1299 CONNECTION 97 67 -1 -1 2460 2460
1300 CONNECTION 97 163 -1 -1 5880 5880
1301 CONNECTION 97 363 -1 -1 2940 2940
1302 CONNECTION 97 267 -1 -1 4140 4140
1303 CONNECTION 97 448 -1 -1 3600 3600
1304 CONNECTION 97 212 -1 -1 4800 4800
1305 CONNECTION 97 238 300 900 4260 4260
1306 CONNECTION 97 343 300 1320 5940 5940
1307 CONNECTION 97 142 300 1920 5400 5400
1308 CONNECTION 97 69 300 2700 6060 6060
1309 CONNECTION 97 405 300 3000 9480 9480
1310 CONNECTION 97 123 300 3060 6540 6540
1311 CONNECTION 97 423 300 3120 7740 7740
1312 CONNECTION 97 450 300 3120 7740 7740
1313 CONNECTION 97 292 300 3720 7200 7200
1314 CONNECTION 97 464 300 3780 8400 8400
1315 CONNECTION 97 240 300 4500 7860 7860
1316 SINK 97 0 -1 -1 300 300
1317 CONNECTION 289 162 -1 -1 1680 1680
1318 CONNECTION 289 266 -1 -1 1800 1800
1319 CONNECTION 289 182 -1 -1 3540 3540
1320 CONNECTION 289 342 -1 -1 3600 3600
1321 CONNECTION 289 37 300 1560 5340 5340
1322 CONNECTION 289 404 300 1800 5280 5280
1323 CONNECTION 289 422 300 1920 5400 5400
1324 CONNECTION 289 449 300 1920 5400 5400
1325 CONNECTION 289 184 300 3360 7140 7140
1326 CONNECTION 289 100 300 3720 7200 7200
1327 CONNECTION 66 182 -1 -1 3180 3180
1328 CONNECTION 66 342 -1 -1 3240 3240
1329 CONNECTION 66 37 300 1200 4980 4980
1330 CONNECTION 66 404 300 1440 4920 4920
1331 CONNECTION 66 422 300 1560 5040 5040
1332 CONNECTION 66 449 300 1560 5040 5040
1333 CONNECTION 66 184 300 3000 6780 6780
1334 CONNECTION 66 100 300 3360 6840 6840
1335 CONNECTION 66 39 300 4800 8580 8580
1336 CONNECTION 452 453 -1 -1 1740 1740
1337 CONNECTION 452 141 -1 -1 3000 3000
1338 CONNECTION 452 99 -1 -1 2700 2700
1339 CONNECTION 452 291 -1 -1 4800 4800
1340 CONNECTION 452 268 300 660 4500 4500
1341 CONNECTION 452 316 300 1200 5820 5820
1342 CONNECTION 452 213 300 1440 5340 5340
1343 CONNECTION 452 383 300 1980 6600 6600
1344 CONNECTION 452 344 300 2460 6300 6300
1345 CONNECTION 452 459 300 3780 8400 8400
1346 CONNECTION 452 424 300 4260 8100 8100
1347 CONNECTION 452 451 300 4260 8100 8100
1348 CONNECTION 452 11 300 4800 9420 9420
1349 CONNECTION 452 457 300 4800 9420 9420
1350 CONNECTION 7 8 -1 -1 2340 2340
1351 CONNECTION 7 141 -1 -1 3120 3120
1352 CONNECTION 7 99 -1 -1 2820 2820
1353 CONNECTION 7 291 -1 -1 4920 4920
1354 CONNECTION 7 268 300 780 4620 4620
1355 CONNECTION 7 316 300 1320 5940 5940
1356 CONNECTION 7 213 300 1560 5460 5460
1357 CONNECTION 7 383 300 2100 6720 6720
1358 CONNECTION 7 344 300 2580 6420 6420
1359 CONNECTION 7 459 300 3900 8520 8520
1360 CONNECTION 7 424 300 4380 8220 8220
1361 CONNECTION 7 451 300 4380 8220 8220
1362 CONNECTION 211 314 -1 -1 2100 2100
1363 CONNECTION 211 290 -1 -1 2700 2700
1364 CONNECTION 211 382 300 660 4500 4500
1365 CONNECTION 211 9 300 1920 5700 5700
1366 CONNECTION 211 455 300 1920 5700 5700
1367 CONNECTION 211 458 300 2460 6300 6300
1368 CONNECTION 211 143 300 4260 8100 8100
1369 CONNECTION 444 445 -1 -1 2340 2340
1370 CONNECTION 444 141 -1 -1 3120 3120
1371 CONNECTION 444 99 -1 -1 2820 2820
1372 CONNECTION 444 291 -1 -1 4920 4920
1373 CONNECTION 444 268 300 780 4620 4620
1374 CONNECTION 444 316 300 1320 5940 5940
1375 CONNECTION 444 213 300 1560 5460 5460
1376 CONNECTION 444 383 300 2100 6720 6720
1377 CONNECTION 444 344 300 2580 6420 6420
1378 CONNECTION 444 459 300 3900 8520 8520
1379 CONNECTION 444 424 300 4380 8220 8220
1380 CONNECTION 444 451 300 4380 8220 8220
1381 CONNECTION 236 237 -1 -1 1500 1500
1382 CONNECTION 236 36 -1 -1 2160 2160
1383 CONNECTION 236 68 -1 -1 3300 3300
1384 CONNECTION 236 183 300 600 3960 3960
1385 CONNECTION 236 239 300 1320 5100 5100
1386 CONNECTION 236 38 300 2400 5760 5760
1387 CONNECTION 236 70 300 3120 6900 6900
1388 CONNECTION 236 185 300 4200 7560 7560
1389 CONNECTION 181 163 -1 -1 4860 4860
1390 CONNECTION 181 363 -1 -1 1920 1920
1391 CONNECTION 181 267 -1 -1 3120 3120
1392 CONNECTION 181 448 -1 -1 2580 2580
1393 CONNECTION 181 212 -1 -1 3780 3780
1394 CONNECTION 181 238 -1 -1 3240 3240
1395 CONNECTION 181 343 -1 -1 4920 4920
1396 CONNECTION 181 142 300 900 4380 4380
1397 CONNECTION 181 69 300 1680 5040 5040
1398 CONNECTION 181 405 300 1980 8460 8460
1399 CONNECTION 181 123 300 2040 5520 5520
1400 CONNECTION 181 423 300 2100 6720 6720
1401 CONNECTION 181 450 300 2100 6720 6720
1402 CONNECTION 181 292 300 2700 6180 6180
1403 CONNECTION 181 464 300 2760 7380 7380
1404 CONNECTION 181 240 300 3480 6840 6840
1405 CONNECTION 181 101 300 3900 8520 8520
1406 CONNECTION 181 384 300 4500 7980 7980
1407 SINK 181 0 -1 -1 300 300
1408 CONNECTION 98 99 -1 -1 1560 1560
1409 CONNECTION 98 291 -1 -1 3660 3660
1410 CONNECTION 98 268 -1 -1 3360 3360
1411 CONNECTION 98 316 -1 -1 4680 4680
1412 CONNECTION 98 213 -1 -1 4200 4200
1413 CONNECTION 98 383 300 840 5460 5460
1414 CONNECTION 98 344 300 1320 5160 5160
1415 CONNECTION 98 459 300 2640 7260 7260
1416 CONNECTION 98 424 300 3120 6960 6960
1417 CONNECTION 98 451 300 3120 6960 6960
1418 CONNECTION 98 11 300 3660 8280 8280
1419 CONNECTION 98 457 300 3660 8280 8280
1420 CONNECTION 98 465 300 3900 7800 7800
1421 CONNECTION 98 144 300 4440 9060 9060
1422 CONNECTION 447 448 -1 -1 1200 1200
1423 CONNECTION 447 238 -1 -1 1860 1860
1424 CONNECTION 447 343 -1 -1 3540 3540
1425 CONNECTION 447 142 -1 -1 3000 3000
1426 CONNECTION 447 69 -1 -1 3660 3660
1427 CONNECTION 447 405 300 600 7080 7080
1428 CONNECTION 447 123 300 660 4140 4140
1429 CONNECTION 447 423 300 720 5340 5340
1430 CONNECTION 447 450 300 720 5340 5340
1431 CONNECTION 447 292 300 1320 4800 4800
1432 CONNECTION 447 464 300 1380 6000 6000
1433 CONNECTION 447 240 300 2100 5460 5460
1434 CONNECTION 447 101 300 2520 7140 7140
1435 CONNECTION 447 384 300 3120 6600 6600
1436 CONNECTION 447 71 300 3900 7260 7260
1437 CONNECTION 447 165 300 4200 10680 10680
1438 CONNECTION 447 365 300 4260 7740 7740
1439 CONNECTION 447 270 300 4320 8940 8940
1440 SINK 447 0 -1 -1 300 300
1441 CONNECTION 35 36 -1 -1 1080 1080
1442 CONNECTION 35 68 -1 -1 2220 2220
1443 CONNECTION 35 183 -1 -1 2880 2880
1444 CONNECTION 35 239 -1 -1 4020 4020
1445 CONNECTION 35 38 300 1320 4680 4680
1446 CONNECTION 35 70 300 2040 5820 5820
1447 CONNECTION 35 185 300 3120 6480 6480
1448 CONNECTION 35 241 300 3840 7620 7620
1449 CONNECTION 140 141 -1 -1 2340 2340
1450 CONNECTION 140 99 -1 -1 2040 2040
1451 CONNECTION 140 291 -1 -1 4140 4140
1452 CONNECTION 140 268 -1 -1 3840 3840
1453 CONNECTION 140 316 300 540 5160 5160
1454 CONNECTION 140 213 300 780 4680 4680
1455 CONNECTION 140 383 300 1320 5940 5940
1456 CONNECTION 140 344 300 1800 5640 5640
1457 CONNECTION 140 459 300 3120 7740 7740
1458 CONNECTION 140 424 300 3600 7440 7440
1459 CONNECTION 140 451 300 3600 7440 7440
1460 CONNECTION 140 11 300 4140 8760 8760
1461 CONNECTION 140 457 300 4140 8760 8760
1462 CONNECTION 140 465 300 4380 8280 8280
1463 CONNECTION 162 163 -1 -1 4200 4200
1464 CONNECTION 162 448 -1 -1 1920 1920
1465 CONNECTION 162 212 -1 -1 3120 3120
1466 CONNECTION 162 238 -1 -1 2580 2580
1467 CONNECTION 162 343 -1 -1 4260 4260
1468 CONNECTION 162 142 -1 -1 3720 3720
1469 CONNECTION 162 69 300 1020 4380 4380
1470 CONNECTION 162 405 300 1320 7800 7800
1471 CONNECTION 162 123 300 1380 4860 4860
1472 CONNECTION 162 423 300 1440 6060 6060
1473 CONNECTION 162 450 300 1440 6060 6060
1474 CONNECTION 162 292 300 2040 5520 5520
1475 CONNECTION 162 464 300 2100 6720 6720
1476 CONNECTION 162 240 300 2820 6180 6180
1477 CONNECTION 162 101 300 3240 7860 7860
1478 CONNECTION 162 384 300 3840 7320 7320
1479 CONNECTION 162 71 300 4620 7980 7980
1480 SINK 162 0 -1 -1 300 300
1481 CONNECTION 421 382 -1 -1 3360 3360
1482 CONNECTION 421 9 300 780 4560 4560
1483 CONNECTION 421 455 300 780 4560 4560
1484 CONNECTION 421 458 300 1320 5160 5160
1485 CONNECTION 421 143 300 3120 6960 6960
1486 CONNECTION 421 317 300 4380 8160 8160
1487 CONNECTION 266 267 -1 -1 2340 2340
1488 CONNECTION 266 448 -1 -1 1800 1800
1489 CONNECTION 266 212 -1 -1 3000 3000
1490 CONNECTION 266 238 -1 -1 2460 2460
1491 CONNECTION 266 343 -1 -1 4140 4140
1492 CONNECTION 266 142 -1 -1 3600 3600
1493 CONNECTION 266 69 300 900 4260 4260
1494 CONNECTION 266 405 300 1200 7680 7680
1495 CONNECTION 266 123 300 1260 4740 4740
1496 CONNECTION 266 423 300 1320 5940 5940
1497 CONNECTION 266 450 300 1320 5940 5940
1498 CONNECTION 266 292 300 1920 5400 5400
1499 CONNECTION 266 464 300 1980 6600 6600
1500 CONNECTION 266 240 300 2700 6060 6060
1501 CONNECTION 266 101 300 3120 7740 7740
1502 CONNECTION 266 384 300 3720 7200 7200
1503 CONNECTION 266 71 300 4500 7860 7860
1504 CONNECTION 266 165 300 4800 11280 11280
1505 SINK 266 0 -1 -1 300 300
1506 CONNECTION 381 342 -1 -1 1800 1800
1507 CONNECTION 381 37 -1 -1 3540 3540
1508 CONNECTION 381 404 -1 -1 3480 3480
1509 CONNECTION 381 422 -1 -1 3600 3600
1510 CONNECTION 381 449 -1 -1 3600 3600
1511 CONNECTION 381 184 300 1560 5340 5340
1512 CONNECTION 381 100 300 1920 5400 5400
1513 CONNECTION 381 39 300 3360 7140 7140
1514 CONNECTION 381 164 300 3600 7080 7080
1515 CONNECTION 381 269 300 3720 7200 7200
1516 CONNECTION 237 37 -1 -1 3180 3180
1517 CONNECTION 237 404 -1 -1 3120 3120
1518 CONNECTION 237 422 -1 -1 3240 3240
1519 CONNECTION 237 449 -1 -1 3240 3240
1520 CONNECTION 237 184 300 1200 4980 4980
1521 CONNECTION 237 100 300 1560 5040 5040
1522 CONNECTION 237 39 300 3000 6780 6780
1523 CONNECTION 237 164 300 3240 6720 6720
1524 CONNECTION 237 269 300 3360 6840 6840
1525 CONNECTION 237 186 300 4800 8580 8580
1526 CONNECTION 8 142 -1 -1 1980 1980
1527 CONNECTION 8 69 -1 -1 2640 2640
1528 CONNECTION 8 405 -1 -1 6060 6060
1529 CONNECTION 8 123 -1 -1 3120 3120
1530 CONNECTION 8 423 -1 -1 4320 4320
1531 CONNECTION 8 450 -1 -1 4320 4320
1532 CONNECTION 8 292 -1 -1 3780 3780
1533 CONNECTION 8 464 300 360 4980 4980
1534 CONNECTION 8 240 300 1080 4440 4440
1535 CONNECTION 8 101 300 1500 6120 6120
1536 CONNECTION 8 384 300 2100 5580 5580
1537 CONNECTION 8 71 300 2880 6240 6240
1538 CONNECTION 8 165 300 3180 9660 9660
1539 CONNECTION 8 365 300 3240 6720 6720
1540 CONNECTION 8 270 300 3300 7920 7920
1541 CONNECTION 8 460 300 3900 7380 7380
1542 CONNECTION 8 215 300 3960 8580 8580
1543 CONNECTION 8 242 300 4680 8040 8040
1544 SINK 8 0 -1 -1 300 300
1545 CONNECTION 122 123 -1 -1 1260 1260
1546 CONNECTION 122 292 -1 -1 1920 1920
1547 CONNECTION 122 464 -1 -1 3120 3120
1548 CONNECTION 122 240 -1 -1 2580 2580
1549 CONNECTION 122 101 -1 -1 4260 4260
1550 CONNECTION 122 384 -1 -1 3720 3720
1551 CONNECTION 122 71 300 1020 4380 4380
1552 CONNECTION 122 165 300 1320 7800 7800
1553 CONNECTION 122 365 300 1380 4860 4860
1554 CONNECTION 122 270 300 1440 6060 6060
1555 CONNECTION 122 460 300 2040 5520 5520
1556 CONNECTION 122 215 300 2100 6720 6720
1557 CONNECTION 122 242 300 2820 6180 6180
1558 CONNECTION 122 346 300 3240 7860 7860
1559 CONNECTION 122 145 300 3840 7320 7320
1560 CONNECTION 122 73 300 4620 7980 7980
1561 SINK 122 0 -1 -1 300 300
1562 CONNECTION 445 142 -1 -1 1980 1980
1563 CONNECTION 445 69 -1 -1 2640 2640
1564 CONNECTION 445 405 -1 -1 6060 6060
1565 CONNECTION 445 123 -1 -1 3120 3120
1566 CONNECTION 445 423 -1 -1 4320 4320
1567 CONNECTION 445 450 -1 -1 4320 4320
1568 CONNECTION 445 292 -1 -1 3780 3780
1569 CONNECTION 445 464 300 360 4980 4980
1570 CONNECTION 445 240 300 1080 4440 4440
1571 CONNECTION 445 101 300 1500 6120 6120
1572 CONNECTION 445 384 300 2100 5580 5580
1573 CONNECTION 445 71 300 2880 6240 6240
1574 CONNECTION 445 165 300 3180 9660 9660
1575 CONNECTION 445 365 300 3240 6720 6720
1576 CONNECTION 445 270 300 3300 7920 7920
1577 CONNECTION 445 460 300 3900 7380 7380
1578 CONNECTION 445 215 300 3960 8580 8580
1579 CONNECTION 445 242 300 4680 8040 8040
1580 SINK 445 0 -1 -1 300 300
1581 CONNECTION 453 454 -1 -1 1620 1620
1582 CONNECTION 453 364 -1 -1 5940 5940
1583 CONNECTION 453 10 300 1440 5340 5340
1584 CONNECTION 453 214 300 1440 5220 5220
1585 CONNECTION 453 456 300 1440 5340 5340
1586 CONNECTION 453 124 300 3060 9540 9540
1587 CONNECTION 67 68 -1 -1 1500 1500
1588 CONNECTION 67 183 -1 -1 2160 2160
1589 CONNECTION 67 239 -1 -1 3300 3300
1590 CONNECTION 67 38 300 600 3960 3960
1591 CONNECTION 67 70 300 1320 5100 5100
1592 CONNECTION 67 185 300 2400 5760 5760
1593 CONNECTION 67 241 300 3120 6900 6900
1594 CONNECTION 67 40 300 4200 7560 7560
1595 CONNECTION 314 315 -1 -1 1620 1620
1596 CONNECTION 314 364 -1 -1 5820 5820
1597 CONNECTION 314 10 300 1320 5220 5220
1598 CONNECTION 314 214 300 1320 5100 5100
1599 CONNECTION 314 456 300 1320 5220 5220
1600 CONNECTION 314 124 300 2940 9420 9420
1601 CONNECTION 163 10 -1 -1 2400 2400
1602 CONNECTION 163 214 -1 -1 2280 2280
1603 CONNECTION 163 456 -1 -1 2400 2400
1604 CONNECTION 163 124 -1 -1 6600 6600
1605 CONNECTION 163 318 300 2100 6000 6000
1606 CONNECTION 163 466 300 2100 5880 5880
1607 CONNECTION 163 366 300 3720 10200 10200
1608 CONNECTION 36 343 -1 -1 3120 3120
1609 CONNECTION 36 142 -1 -1 2580 2580
1610 CONNECTION 36 69 -1 -1 3240 3240
1611 CONNECTION 36 405 -1 -1 6660 6660
1612 CONNECTION 36 123 -1 -1 3720 3720
1613 CONNECTION 36 423 -1 -1 4920 4920
1614 CONNECTION 36 450 -1 -1 4920 4920
1615 CONNECTION 36 292 300 900 4380 4380
1616 CONNECTION 36 464 300 960 5580 5580
1617 CONNECTION 36 240 300 1680 5040 5040
1618 CONNECTION 36 101 300 2100 6720 6720
1619 CONNECTION 36 384 300 2700 6180 6180
1620 CONNECTION 36 71 300 3480 6840 6840
1621 CONNECTION 36 165 300 3780 10260 10260
1622 CONNECTION 36 365 300 3840 7320 7320
1623 CONNECTION 36 270 300 3900 8520 8520
1624 CONNECTION 36 460 300 4500 7980 7980
1625 CONNECTION 36 215 300 4560 9180 9180
1626 SINK 36 0 -1 -1 300 300
1627 CONNECTION 363 37 -1 -1 2400 2400
1628 CONNECTION 363 404 -1 -1 2340 2340
1629 CONNECTION 363 422 -1 -1 2460 2460
1630 CONNECTION 363 449 -1 -1 2460 2460
1631 CONNECTION 363 184 300 420 4200 4200
1632 CONNECTION 363 100 300 780 4260 4260
1633 CONNECTION 363 39 300 2220 6000 6000
1634 CONNECTION 363 164 300 2460 5940 5940
1635 CONNECTION 363 269 300 2580 6060 6060
1636 CONNECTION 363 186 300 4020 7800 7800
1637 CONNECTION 363 345 300 4380 7860 7860
1638 CONNECTION 267 268 -1 -1 1560 1560
1639 CONNECTION 267 316 -1 -1 2880 2880
1640 CONNECTION 267 213 -1 -1 2400 2400
1641 CONNECTION 267 383 -1 -1 3660 3660
1642 CONNECTION 267 344 -1 -1 3360 3360
1643 CONNECTION 267 459 300 840 5460 5460
1644 CONNECTION 267 424 300 1320 5160 5160
1645 CONNECTION 267 451 300 1320 5160 5160
1646 CONNECTION 267 11 300 1860 6480 6480
1647 CONNECTION 267 457 300 1860 6480 6480
1648 CONNECTION 267 465 300 2100 6000 6000
1649 CONNECTION 267 144 300 2640 7260 7260
1650 CONNECTION 267 102 300 3120 6960 6960
1651 CONNECTION 267 294 300 4440 9060 9060
1652 CONNECTION 141 142 -1 -1 1200 1200
1653 CONNECTION 141 69 -1 -1 1860 1860
1654 CONNECTION 141 405 -1 -1 5280 5280
1655 CONNECTION 141 123 -1 -1 2340 2340
1656 CONNECTION 141 423 -1 -1 3540 3540
1657 CONNECTION 141 450 -1 -1 3540 3540
1658 CONNECTION 141 292 -1 -1 3000 3000
1659 CONNECTION 141 464 -1 -1 4200 4200
1660 CONNECTION 141 240 -1 -1 3660 3660
1661 CONNECTION 141 101 300 720 5340 5340
1662 CONNECTION 141 384 300 1320 4800 4800
1663 CONNECTION 141 71 300 2100 5460 5460
1664 CONNECTION 141 165 300 2400 8880 8880
1665 CONNECTION 141 365 300 2460 5940 5940
1666 CONNECTION 141 270 300 2520 7140 7140
1667 CONNECTION 141 460 300 3120 6600 6600
1668 CONNECTION 141 215 300 3180 7800 7800
1669 CONNECTION 141 242 300 3900 7260 7260
1670 CONNECTION 141 346 300 4320 8940 8940
1671 SINK 141 0 -1 -1 300 300
1672 CONNECTION 182 183 -1 -1 1080 1080
1673 CONNECTION 182 239 -1 -1 2220 2220
1674 CONNECTION 182 38 -1 -1 2880 2880
1675 CONNECTION 182 70 -1 -1 4020 4020
1676 CONNECTION 182 185 300 1320 4680 4680
1677 CONNECTION 182 241 300 2040 5820 5820
1678 CONNECTION 182 40 300 3120 6480 6480
1679 CONNECTION 182 72 300 3840 7620 7620
1680 CONNECTION 290 291 -1 -1 2340 2340
1681 CONNECTION 290 268 -1 -1 2040 2040
1682 CONNECTION 290 316 -1 -1 3360 3360
1683 CONNECTION 290 213 -1 -1 2880 2880
1684 CONNECTION 290 383 -1 -1 4140 4140
1685 CONNECTION 290 344 -1 -1 3840 3840
1686 CONNECTION 290 459 300 1320 5940 5940
1687 CONNECTION 290 424 300 1800 5640 5640
1688 CONNECTION 290 451 300 1800 5640 5640
1689 CONNECTION 290 11 300 2340 6960 6960
1690 CONNECTION 290 457 300 2340 6960 6960
1691 CONNECTION 290 465 300 2580 6480 6480
1692 CONNECTION 290 144 300 3120 7740 7740
1693 CONNECTION 290 102 300 3600 7440 7440
1694 CONNECTION 99 9 -1 -1 2760 2760
1695 CONNECTION 99 455 -1 -1 2760 2760
1696 CONNECTION 99 458 -1 -1 3360 3360
1697 CONNECTION 99 143 300 1320 5160 5160
1698 CONNECTION 99 317 300 2580 6360 6360
1699 CONNECTION 99 293 300 3120 6960 6960
1700 CONNECTION 342 343 -1 -1 2340 2340
1701 CONNECTION 342 142 -1 -1 1800 1800
1702 CONNECTION 342 69 -1 -1 2460 2460
1703 CONNECTION 342 405 -1 -1 5880 5880
1704 CONNECTION 342 123 -1 -1 2940 2940
1705 CONNECTION 342 423 -1 -1 4140 4140
1706 CONNECTION 342 450 -1 -1 4140 4140
1707 CONNECTION 342 292 -1 -1 3600 3600
1708 CONNECTION 342 464 -1 -1 4800 4800
1709 CONNECTION 342 240 300 900 4260 4260
1710 CONNECTION 342 101 300 1320 5940 5940
1711 CONNECTION 342 384 300 1920 5400 5400
1712 CONNECTION 342 71 300 2700 6060 6060
1713 CONNECTION 342 165 300 3000 9480 9480
1714 CONNECTION 342 365 300 3060 6540 6540
1715 CONNECTION 342 270 300 3120 7740 7740
1716 CONNECTION 342 460 300 3720 7200 7200
1717 CONNECTION 342 215 300 3780 8400 8400
1718 CONNECTION 342 242 300 4500 7860 7860
1719 SINK 342 0 -1 -1 300 300
1720 CONNECTION 448 404 -1 -1 1680 1680
1721 CONNECTION 448 422 -1 -1 1800 1800
1722 CONNECTION 448 449 -1 -1 1800 1800
1723 CONNECTION 448 184 -1 -1 3540 3540
1724 CONNECTION 448 100 -1 -1 3600 3600
1725 CONNECTION 448 39 300 1560 5340 5340
1726 CONNECTION 448 164 300 1800 5280 5280
1727 CONNECTION 448 269 300 1920 5400 5400
1728 CONNECTION 448 186 300 3360 7140 7140
1729 CONNECTION 448 345 300 3720 7200 7200
1730 CONNECTION 68 184 -1 -1 3180 3180
1731 CONNECTION 68 100 -1 -1 3240 3240
1732 CONNECTION 68 39 300 1200 4980 4980
1733 CONNECTION 68 164 300 1440 4920 4920
1734 CONNECTION 68 269 300 1560 5040 5040
1735 CONNECTION 68 186 300 3000 6780 6780
1736 CONNECTION 68 345 300 3360 6840 6840
1737 CONNECTION 68 41 300 4800 8580 8580
1738 CONNECTION 212 213 -1 -1 1740 1740
1739 CONNECTION 212 383 -1 -1 3000 3000
1740 CONNECTION 212 344 -1 -1 2700 2700
1741 CONNECTION 212 459 -1 -1 4800 4800
1742 CONNECTION 212 424 300 660 4500 4500
1743 CONNECTION 212 451 300 660 4500 4500
1744 CONNECTION 212 11 300 1200 5820 5820
1745 CONNECTION 212 457 300 1200 5820 5820
1746 CONNECTION 212 465 300 1440 5340 5340
1747 CONNECTION 212 144 300 1980 6600 6600
1748 CONNECTION 212 102 300 2460 6300 6300
1749 CONNECTION 212 294 300 3780 8400 8400
1750 CONNECTION 212 271 300 4260 8100 8100
1751 CONNECTION 212 319 300 4800 9420 9420
1752 CONNECTION 315 316 -1 -1 2340 2340
1753 CONNECTION 315 383 -1 -1 3120 3120
1754 CONNECTION 315 344 -1 -1 2820 2820
1755 CONNECTION 315 459 -1 -1 4920 4920
1756 CONNECTION 315 424 300 780 4620 4620
1757 CONNECTION 315 451 300 780 4620 4620
1758 CONNECTION 315 11 300 1320 5940 5940
1759 CONNECTION 315 457 300 1320 5940 5940
1760 CONNECTION 315 465 300 1560 5460 5460
1761 CONNECTION 315 144 300 2100 6720 6720
1762 CONNECTION 315 102 300 2580 6420 6420
1763 CONNECTION 315 294 300 3900 8520 8520
1764 CONNECTION 315 271 300 4380 8220 8220
1765 CONNECTION 454 9 -1 -1 2100 2100
1766 CONNECTION 454 455 -1 -1 2100 2100
1767 CONNECTION 454 458 -1 -1 2700 2700
1768 CONNECTION 454 143 300 660 4500 4500
1769 CONNECTION 454 317 300 1920 5700 5700
1770 CONNECTION 454 293 300 2460 6300 6300
1771 CONNECTION 454 385 300 4260 8100 8100
1772 CONNECTION 238 239 -1 -1 1500 1500
1773 CONNECTION 238 38 -1 -1 2160 2160
1774 CONNECTION 238 70 -1 -1 3300 3300
1775 CONNECTION 238 185 300 600 3960 3960
1776 CONNECTION 238 241 300 1320 5100 5100
1777 CONNECTION 238 40 300 2400 5760 5760
1778 CONNECTION 238 72 300 3120 6900 6900
1779 CONNECTION 238 187 300 4200 7560 7560
1780 CONNECTION 183 405 -1 -1 4860 4860
1781 CONNECTION 183 123 -1 -1 1920 1920
1782 CONNECTION 183 423 -1 -1 3120 3120
1783 CONNECTION 183 450 -1 -1 3120 3120
1784 CONNECTION 183 292 -1 -1 2580 2580
1785 CONNECTION 183 464 -1 -1 3780 3780
1786 CONNECTION 183 240 -1 -1 3240 3240
1787 CONNECTION 183 101 -1 -1 4920 4920
1788 CONNECTION 183 384 300 900 4380 4380
1789 CONNECTION 183 71 300 1680 5040 5040
1790 CONNECTION 183 165 300 1980 8460 8460
1791 CONNECTION 183 365 300 2040 5520 5520
1792 CONNECTION 183 270 300 2100 6720 6720
1793 CONNECTION 183 460 300 2700 6180 6180
1794 CONNECTION 183 215 300 2760 7380 7380
1795 CONNECTION 183 242 300 3480 6840 6840
1796 CONNECTION 183 346 300 3900 8520 8520
1797 CONNECTION 183 145 300 4500 7980 7980
1798 SINK 183 0 -1 -1 300 300
1799 CONNECTION 343 344 -1 -1 1560 1560
1800 CONNECTION 343 459 -1 -1 3660 3660
1801 CONNECTION 343 424 -1 -1 3360 3360
1802 CONNECTION 343 451 -1 -1 3360 3360
1803 CONNECTION 343 11 -1 -1 4680 4680
1804 CONNECTION 343 457 -1 -1 4680 4680
1805 CONNECTION 343 465 -1 -1 4200 4200
1806 CONNECTION 343 144 300 840 5460 5460
1807 CONNECTION 343 102 300 1320 5160 5160
1808 CONNECTION 343 294 300 2640 7260 7260
1809 CONNECTION 343 271 300 3120 6960 6960
1810 CONNECTION 343 319 300 3660 8280 8280
1811 CONNECTION 343 216 300 3900 7800 7800
1812 CONNECTION 343 386 300 4440 9060 9060
1813 CONNECTION 291 292 -1 -1 1200 1200
1814 CONNECTION 291 240 -1 -1 1860 1860
1815 CONNECTION 291 101 -1 -1 3540 3540
1816 CONNECTION 291 384 -1 -1 3000 3000
1817 CONNECTION 291 71 -1 -1 3660 3660
1818 CONNECTION 291 165 300 600 7080 7080
1819 CONNECTION 291 365 300 660 4140 4140
1820 CONNECTION 291 270 300 720 5340 5340
1821 CONNECTION 291 460 300 1320 4800 4800
1822 CONNECTION 291 215 300 1380 6000 6000
1823 CONNECTION 291 242 300 2100 5460 5460
1824 CONNECTION 291 346 300 2520 7140 7140
1825 CONNECTION 291 145 300 3120 6600 6600
1826 CONNECTION 291 73 300 3900 7260 7260
1827 CONNECTION 291 407 300 4200 10680 10680
1828 CONNECTION 291 125 300 4260 7740 7740
1829 CONNECTION 291 426 300 4320 8940 8940
1830 CONNECTION 291 462 300 4320 8940 8940
1831 SINK 291 0 -1 -1 300 300
1832 CONNECTION 37 38 -1 -1 1080 1080
1833 CONNECTION 37 70 -1 -1 2220 2220
1834 CONNECTION 37 185 -1 -1 2880 2880
1835 CONNECTION 37 241 -1 -1 4020 4020
1836 CONNECTION 37 40 300 1320 4680 4680
1837 CONNECTION 37 72 300 2040 5820 5820
1838 CONNECTION 37 187 300 3120 6480 6480
1839 CONNECTION 37 243 300 3840 7620 7620
1840 CONNECTION 382 383 -1 -1 2340 2340
1841 CONNECTION 382 344 -1 -1 2040 2040
1842 CONNECTION 382 459 -1 -1 4140 4140
1843 CONNECTION 382 424 -1 -1 3840 3840
1844 CONNECTION 382 451 -1 -1 3840 3840
1845 CONNECTION 382 11 300 540 5160 5160
1846 CONNECTION 382 457 300 540 5160 5160
1847 CONNECTION 382 465 300 780 4680 4680
1848 CONNECTION 382 144 300 1320 5940 5940
1849 CONNECTION 382 102 300 1800 5640 5640
1850 CONNECTION 382 294 300 3120 7740 7740
1851 CONNECTION 382 271 300 3600 7440 7440
1852 CONNECTION 382 319 300 4140 8760 8760
1853 CONNECTION 382 216 300 4380 8280 8280
1854 CONNECTION 404 405 -1 -1 4200 4200
1855 CONNECTION 404 292 -1 -1 1920 1920
1856 CONNECTION 404 464 -1 -1 3120 3120
1857 CONNECTION 404 240 -1 -1 2580 2580
1858 CONNECTION 404 101 -1 -1 4260 4260
1859 CONNECTION 404 384 -1 -1 3720 3720
1860 CONNECTION 404 71 300 1020 4380 4380
1861 CONNECTION 404 165 300 1320 7800 7800
1862 CONNECTION 404 365 300 1380 4860 4860
1863 CONNECTION 404 270 300 1440 6060 6060
1864 CONNECTION 404 460 300 2040 5520 5520
1865 CONNECTION 404 215 300 2100 6720 6720
1866 CONNECTION 404 242 300 2820 6180 6180
1867 CONNECTION 404 346 300 3240 7860 7860
1868 CONNECTION 404 145 300 3840 7320 7320
1869 CONNECTION 404 73 300 4620 7980 7980
1870 SINK 404 0 -1 -1 300 300
1871 CONNECTION 268 143 -1 -1 3360 3360
1872 CONNECTION 268 317 300 780 4560 4560
1873 CONNECTION 268 293 300 1320 5160 5160
1874 CONNECTION 268 385 300 3120 6960 6960
1875 CONNECTION 268 12 300 4380 8160 8160
1876 CONNECTION 268 467 300 4380 8160 8160
1877 CONNECTION 142 100 -1 -1 1800 1800
1878 CONNECTION 142 39 -1 -1 3540 3540
1879 CONNECTION 142 164 -1 -1 3480 3480
1880 CONNECTION 142 269 -1 -1 3600 3600
1881 CONNECTION 142 186 300 1560 5340 5340
1882 CONNECTION 142 345 300 1920 5400 5400
1883 CONNECTION 142 41 300 3360 7140 7140
1884 CONNECTION 142 406 300 3600 7080 7080
1885 CONNECTION 142 425 300 3720 7200 7200
1886 CONNECTION 142 461 300 3720 7200 7200
1887 CONNECTION 422 423 -1 -1 2340 2340
1888 CONNECTION 422 292 -1 -1 1800 1800
1889 CONNECTION 422 464 -1 -1 3000 3000
1890 CONNECTION 422 240 -1 -1 2460 2460
1891 CONNECTION 422 101 -1 -1 4140 4140
1892 CONNECTION 422 384 -1 -1 3600 3600
1893 CONNECTION 422 71 300 900 4260 4260
1894 CONNECTION 422 165 300 1200 7680 7680
1895 CONNECTION 422 365 300 1260 4740 4740
1896 CONNECTION 422 270 300 1320 5940 5940
1897 CONNECTION 422 460 300 1920 5400 5400
1898 CONNECTION 422 215 300 1980 6600 6600
1899 CONNECTION 422 242 300 2700 6060 6060
1900 CONNECTION 422 346 300 3120 7740 7740
1901 CONNECTION 422 145 300 3720 7200 7200
1902 CONNECTION 422 73 300 4500 7860 7860
1903 CONNECTION 422 407 300 4800 11280 11280
1904 SINK 422 0 -1 -1 300 300
1905 CONNECTION 449 450 -1 -1 2340 2340
1906 CONNECTION 449 292 -1 -1 1800 1800
1907 CONNECTION 449 464 -1 -1 3000 3000
1908 CONNECTION 449 240 -1 -1 2460 2460
1909 CONNECTION 449 101 -1 -1 4140 4140
1910 CONNECTION 449 384 -1 -1 3600 3600
1911 CONNECTION 449 71 300 900 4260 4260
1912 CONNECTION 449 165 300 1200 7680 7680
1913 CONNECTION 449 365 300 1260 4740 4740
1914 CONNECTION 449 270 300 1320 5940 5940
1915 CONNECTION 449 460 300 1920 5400 5400
1916 CONNECTION 449 215 300 1980 6600 6600
1917 CONNECTION 449 242 300 2700 6060 6060
1918 CONNECTION 449 346 300 3120 7740 7740
1919 CONNECTION 449 145 300 3720 7200 7200
1920 CONNECTION 449 73 300 4500 7860 7860
1921 CONNECTION 449 407 300 4800 11280 11280
1922 SINK 449 0 -1 -1 300 300
1923 CONNECTION 239 39 -1 -1 3180 3180
1924 CONNECTION 239 164 -1 -1 3120 3120
1925 CONNECTION 239 269 -1 -1 3240 3240
1926 CONNECTION 239 186 300 1200 4980 4980
1927 CONNECTION 239 345 300 1560 5040 5040
1928 CONNECTION 239 41 300 3000 6780 6780
1929 CONNECTION 239 406 300 3240 6720 6720
1930 CONNECTION 239 425 300 3360 6840 6840
1931 CONNECTION 239 461 300 3360 6840 6840
1932 CONNECTION 239 188 300 4800 8580 8580
1933 CONNECTION 316 384 -1 -1 1980 1980
1934 CONNECTION 316 71 -1 -1 2640 2640
1935 CONNECTION 316 165 -1 -1 6060 6060
1936 CONNECTION 316 365 -1 -1 3120 3120
1937 CONNECTION 316 270 -1 -1 4320 4320
1938 CONNECTION 316 460 -1 -1 3780 3780
1939 CONNECTION 316 215 300 360 4980 4980
1940 CONNECTION 316 242 300 1080 4440 4440
1941 CONNECTION 316 346 300 1500 6120 6120
1942 CONNECTION 316 145 300 2100 5580 5580
1943 CONNECTION 316 73 300 2880 6240 6240
1944 CONNECTION 316 407 300 3180 9660 9660
1945 CONNECTION 316 125 300 3240 6720 6720
1946 CONNECTION 316 426 300 3300 7920 7920
1947 CONNECTION 316 462 300 3300 7920 7920
1948 CONNECTION 316 295 300 3900 7380 7380
1949 CONNECTION 316 476 300 3960 8580 8580
1950 CONNECTION 316 244 300 4680 8040 8040
1951 SINK 316 0 -1 -1 300 300
1952 CONNECTION 364 365 -1 -1 1260 1260
1953 CONNECTION 364 460 -1 -1 1920 1920
1954 CONNECTION 364 215 -1 -1 3120 3120
1955 CONNECTION 364 242 -1 -1 2580 2580
1956 CONNECTION 364 346 -1 -1 4260 4260
1957 CONNECTION 364 145 -1 -1 3720 3720
1958 CONNECTION 364 73 300 1020 4380 4380
1959 CONNECTION 364 407 300 1320 7800 7800
1960 CONNECTION 364 125 300 1380 4860 4860
1961 CONNECTION 364 426 300 1440 6060 6060
1962 CONNECTION 364 462 300 1440 6060 6060
1963 CONNECTION 364 295 300 2040 5520 5520
1964 CONNECTION 364 476 300 2100 6720 6720
1965 CONNECTION 364 244 300 2820 6180 6180
1966 CONNECTION 364 104 300 3240 7860 7860
1967 CONNECTION 364 387 300 3840 7320 7320
1968 CONNECTION 364 75 300 4620 7980 7980
1969 SINK 364 0 -1 -1 300 300
1970 CONNECTION 213 214 -1 -1 1620 1620
1971 CONNECTION 213 124 -1 -1 5940 5940
1972 CONNECTION 213 318 300 1440 5340 5340
1973 CONNECTION 213 466 300 1440 5220 5220
1974 CONNECTION 213 366 300 3060 9540 9540
1975 CONNECTION 69 70 -1 -1 1500 1500
1976 CONNECTION 69 185 -1 -1 2160 2160
1977 CONNECTION 69 241 -1 -1 3300 3300
1978 CONNECTION 69 40 300 600 3960 3960
1979 CONNECTION 69 72 300 1320 5100 5100
1980 CONNECTION 69 187 300 2400 5760 5760
1981 CONNECTION 69 243 300 3120 6900 6900
1982 CONNECTION 69 42 300 4200 7560 7560
1983 CONNECTION 9 10 -1 -1 1620 1620
1984 CONNECTION 9 124 -1 -1 5820 5820
1985 CONNECTION 9 318 300 1320 5220 5220
1986 CONNECTION 9 466 300 1320 5100 5100
1987 CONNECTION 9 366 300 2940 9420 9420
1988 CONNECTION 455 456 -1 -1 1620 1620
1989 CONNECTION 455 124 -1 -1 5820 5820
1990 CONNECTION 455 318 300 1320 5220 5220
1991 CONNECTION 455 466 300 1320 5100 5100
1992 CONNECTION 455 366 300 2940 9420 9420
1993 CONNECTION 405 318 -1 -1 2400 2400
1994 CONNECTION 405 466 -1 -1 2280 2280
1995 CONNECTION 405 366 -1 -1 6600 6600
1996 CONNECTION 405 13 300 2100 6000 6000
1997 CONNECTION 405 217 300 2100 5880 5880
1998 CONNECTION 405 468 300 2100 6000 6000
1999 CONNECTION 405 126 300 3720 10200 10200
2000 CONNECTION 38 101 -1 -1 3120 3120
2001 CONNECTION 38 384 -1 -1 2580 2580
2002 CONNECTION 38 71 -1 -1 3240 3240
2003 CONNECTION 38 165 -1 -1 6660 6660
2004 CONNECTION 38 365 -1 -1 3720 3720
2005 CONNECTION 38 270 -1 -1 4920 4920
2006 CONNECTION 38 460 300 900 4380 4380
2007 CONNECTION 38 215 300 960 5580 5580
2008 CONNECTION 38 242 300 1680 5040 5040
2009 CONNECTION 38 346 300 2100 6720 6720
2010 CONNECTION 38 145 300 2700 6180 6180
2011 CONNECTION 38 73 300 3480 6840 6840
2012 CONNECTION 38 407 300 3780 10260 10260
2013 CONNECTION 38 125 300 3840 7320 7320
2014 CONNECTION 38 426 300 3900 8520 8520
2015 CONNECTION 38 462 300 3900 8520 8520
2016 CONNECTION 38 295 300 4500 7980 7980
2017 CONNECTION 38 476 300 4560 9180 9180
2018 SINK 38 0 -1 -1 300 300
2019 CONNECTION 123 39 -1 -1 2400 2400
2020 CONNECTION 123 164 -1 -1 2340 2340
2021 CONNECTION 123 269 -1 -1 2460 2460
2022 CONNECTION 123 186 300 420 4200 4200
2023 CONNECTION 123 345 300 780 4260 4260
2024 CONNECTION 123 41 300 2220 6000 6000
2025 CONNECTION 123 406 300 2460 5940 5940
2026 CONNECTION 123 425 300 2580 6060 6060
2027 CONNECTION 123 461 300 2580 6060 6060
2028 CONNECTION 123 188 300 4020 7800 7800
2029 CONNECTION 123 103 300 4380 7860 7860
2030 CONNECTION 423 424 -1 -1 1560 1560
2031 CONNECTION 423 11 -1 -1 2880 2880
2032 CONNECTION 423 457 -1 -1 2880 2880
2033 CONNECTION 423 465 -1 -1 2400 2400
2034 CONNECTION 423 144 -1 -1 3660 3660
2035 CONNECTION 423 102 -1 -1 3360 3360
2036 CONNECTION 423 294 300 840 5460 5460
2037 CONNECTION 423 271 300 1320 5160 5160
2038 CONNECTION 423 319 300 1860 6480 6480
2039 CONNECTION 423 216 300 2100 6000 6000
2040 CONNECTION 423 386 300 2640 7260 7260
2041 CONNECTION 423 347 300 3120 6960 6960
2042 CONNECTION 423 471 300 4440 9060 9060
2043 CONNECTION 450 451 -1 -1 1560 1560
2044 CONNECTION 450 11 -1 -1 2880 2880
2045 CONNECTION 450 457 -1 -1 2880 2880
2046 CONNECTION 450 465 -1 -1 2400 2400
2047 CONNECTION 450 144 -1 -1 3660 3660
2048 CONNECTION 450 102 -1 -1 3360 3360
2049 CONNECTION 450 294 300 840 5460 5460
2050 CONNECTION 450 271 300 1320 5160 5160
2051 CONNECTION 450 319 300 1860 6480 6480
2052 CONNECTION 450 216 300 2100 6000 6000
2053 CONNECTION 450 386 300 2640 7260 7260
2054 CONNECTION 450 347 300 3120 6960 6960
2055 CONNECTION 450 471 300 4440 9060 9060
2056 CONNECTION 383 384 -1 -1 1200 1200
2057 CONNECTION 383 71 -1 -1 1860 1860
2058 CONNECTION 383 165 -1 -1 5280 5280
2059 CONNECTION 383 365 -1 -1 2340 2340
2060 CONNECTION 383 270 -1 -1 3540 3540
2061 CONNECTION 383 460 -1 -1 3000 3000
2062 CONNECTION 383 215 -1 -1 4200 4200
2063 CONNECTION 383 242 -1 -1 3660 3660
2064 CONNECTION 383 346 300 720 5340 5340
2065 CONNECTION 383 145 300 1320 4800 4800
2066 CONNECTION 383 73 300 2100 5460 5460
2067 CONNECTION 383 407 300 2400 8880 8880
2068 CONNECTION 383 125 300 2460 5940 5940
2069 CONNECTION 383 426 300 2520 7140 7140
2070 CONNECTION 383 462 300 2520 7140 7140
2071 CONNECTION 383 295 300 3120 6600 6600
2072 CONNECTION 383 476 300 3180 7800 7800
2073 CONNECTION 383 244 300 3900 7260 7260
2074 CONNECTION 383 104 300 4320 8940 8940
2075 SINK 383 0 -1 -1 300 300
2076 CONNECTION 184 185 -1 -1 1080 1080
2077 CONNECTION 184 241 -1 -1 2220 2220
2078 CONNECTION 184 40 -1 -1 2880 2880
2079 CONNECTION 184 72 -1 -1 4020 4020
2080 CONNECTION 184 187 300 1320 4680 4680
2081 CONNECTION 184 243 300 2040 5820 5820
2082 CONNECTION 184 42 300 3120 6480 6480
2083 CONNECTION 184 74 300 3840 7620 7620
2084 CONNECTION 458 459 -1 -1 2340 2340
2085 CONNECTION 458 424 -1 -1 2040 2040
2086 CONNECTION 458 451 -1 -1 2040 2040
2087 CONNECTION 458 11 -1 -1 3360 3360
2088 CONNECTION 458 457 -1 -1 3360 3360
2089 CONNECTION 458 465 -1 -1 2880 2880
2090 CONNECTION 458 144 -1 -1 4140 4140
2091 CONNECTION 458 102 -1 -1 3840 3840
2092 CONNECTION 458 294 300 1320 5940 5940
2093 CONNECTION 458 271 300 1800 5640 5640
2094 CONNECTION 458 319 300 2340 6960 6960
2095 CONNECTION 458 216 300 2580 6480 6480
2096 CONNECTION 458 386 300 3120 7740 7740
2097 CONNECTION 458 347 300 3600 7440 7440
2098 CONNECTION 344 317 -1 -1 2760 2760
2099 CONNECTION 344 293 -1 -1 3360 3360
2100 CONNECTION 344 385 300 1320 5160 5160
2101 CONNECTION 344 12 300 2580 6360 6360
2102 CONNECTION 344 467 300 2580 6360 6360
2103 CONNECTION 344 470 300 3120 6960 6960
2104 CONNECTION 100 101 -1 -1 2340 2340
2105 CONNECTION 100 384 -1 -1 1800 1800
2106 CONNECTION 100 71 -1 -1 2460 2460
2107 CONNECTION 100 165 -1 -1 5880 5880
2108 CONNECTION 100 365 -1 -1 2940 2940
2109 CONNECTION 100 270 -1 -1 4140 4140
2110 CONNECTION 100 460 -1 -1 3600 3600
2111 CONNECTION 100 215 -1 -1 4800 4800
2112 CONNECTION 100 242 300 900 4260 4260
2113 CONNECTION 100 346 300 1320 5940 5940
2114 CONNECTION 100 145 300 1920 5400 5400
2115 CONNECTION 100 73 300 2700 6060 6060
2116 CONNECTION 100 407 300 3000 9480 9480
2117 CONNECTION 100 125 300 3060 6540 6540
2118 CONNECTION 100 426 300 3120 7740 7740
2119 CONNECTION 100 462 300 3120 7740 7740
2120 CONNECTION 100 295 300 3720 7200 7200
2121 CONNECTION 100 476 300 3780 8400 8400
2122 CONNECTION 100 244 300 4500 7860 7860
2123 SINK 100 0 -1 -1 300 300
2124 CONNECTION 292 164 -1 -1 1680 1680
2125 CONNECTION 292 269 -1 -1 1800 1800
2126 CONNECTION 292 186 -1 -1 3540 3540
2127 CONNECTION 292 345 -1 -1 3600 3600
2128 CONNECTION 292 41 300 1560 5340 5340
2129 CONNECTION 292 406 300 1800 5280 5280
2130 CONNECTION 292 425 300 1920 5400 5400
2131 CONNECTION 292 461 300 1920 5400 5400
2132 CONNECTION 292 188 300 3360 7140 7140
2133 CONNECTION 292 103 300 3720 7200 7200
2134 CONNECTION 70 186 -1 -1 3180 3180
2135 CONNECTION 70 345 -1 -1 3240 3240
2136 CONNECTION 70 41 300 1200 4980 4980
2137 CONNECTION 70 406 300 1440 4920 4920
2138 CONNECTION 70 425 300 1560 5040 5040
2139 CONNECTION 70 461 300 1560 5040 5040
2140 CONNECTION 70 188 300 3000 6780 6780
2141 CONNECTION 70 103 300 3360 6840 6840
2142 CONNECTION 70 43 300 4800 8580 8580
2143 CONNECTION 464 465 -1 -1 1740 1740
2144 CONNECTION 464 144 -1 -1 3000 3000
2145 CONNECTION 464 102 -1 -1 2700 2700
2146 CONNECTION 464 294 -1 -1 4800 4800
2147 CONNECTION 464 271 300 660 4500 4500
2148 CONNECTION 464 319 300 1200 5820 5820
2149 CONNECTION 464 216 300 1440 5340 5340
2150 CONNECTION 464 386 300 1980 6600 6600
2151 CONNECTION 464 347 300 2460 6300 6300
2152 CONNECTION 464 471 300 3780 8400 8400
2153 CONNECTION 464 427 300 4260 8100 8100
2154 CONNECTION 464 463 300 4260 8100 8100
2155 CONNECTION 464 14 300 4800 9420 9420
2156 CONNECTION 464 469 300 4800 9420 9420
2157 CONNECTION 10 11 -1 -1 2340 2340
2158 CONNECTION 10 144 -1 -1 3120 3120
2159 CONNECTION 10 102 -1 -1 2820 2820
2160 CONNECTION 10 294 -1 -1 4920 4920
2161 CONNECTION 10 271 300 780 4620 4620
2162 CONNECTION 10 319 300 1320 5940 5940
2163 CONNECTION 10 216 300 1560 5460 5460
2164 CONNECTION 10 386 300 2100 6720 6720
2165 CONNECTION 10 347 300 2580 6420 6420
2166 CONNECTION 10 471 300 3900 8520 8520
2167 CONNECTION 10 427 300 4380 8220 8220
2168 CONNECTION 10 463 300 4380 8220 8220
2169 CONNECTION 214 317 -1 -1 2100 2100
2170 CONNECTION 214 293 -1 -1 2700 2700
2171 CONNECTION 214 385 300 660 4500 4500
2172 CONNECTION 214 12 300 1920 5700 5700
2173 CONNECTION 214 467 300 1920 5700 5700
2174 CONNECTION 214 470 300 2460 6300 6300
2175 CONNECTION 214 146 300 4260 8100 8100
2176 CONNECTION 456 457 -1 -1 2340 2340
2177 CONNECTION 456 144 -1 -1 3120 3120
2178 CONNECTION 456 102 -1 -1 2820 2820
2179 CONNECTION 456 294 -1 -1 4920 4920
2180 CONNECTION 456 271 300 780 4620 4620
2181 CONNECTION 456 319 300 1320 5940 5940
2182 CONNECTION 456 216 300 1560 5460 5460
2183 CONNECTION 456 386 300 2100 6720 6720
2184 CONNECTION 456 347 300 2580 6420 6420
2185 CONNECTION 456 471 300 3900 8520 8520
2186 CONNECTION 456 427 300 4380 8220 8220
2187 CONNECTION 456 463 300 4380 8220 8220
2188 CONNECTION 240 241 -1 -1 1500 1500
2189 CONNECTION 240 40 -1 -1 2160 2160
2190 CONNECTION 240 72 -1 -1 3300 3300
2191 CONNECTION 240 187 300 600 3960 3960
2192 CONNECTION 240 243 300 1320 5100 5100
2193 CONNECTION 240 42 300 2400 5760 5760
2194 CONNECTION 240 74 300 3120 6900 6900
2195 CONNECTION 240 189 300 4200 7560 7560
2196 CONNECTION 185 165 -1 -1 4860 4860
2197 CONNECTION 185 365 -1 -1 1920 1920
2198 CONNECTION 185 270 -1 -1 3120 3120
2199 CONNECTION 185 460 -1 -1 2580 2580
2200 CONNECTION 185 215 -1 -1 3780 3780
2201 CONNECTION 185 242 -1 -1 3240 3240
2202 CONNECTION 185 346 -1 -1 4920 4920
2203 CONNECTION 185 145 300 900 4380 4380
2204 CONNECTION 185 73 300 1680 5040 5040
2205 CONNECTION 185 407 300 1980 8460 8460
2206 CONNECTION 185 125 300 2040 5520 5520
2207 CONNECTION 185 426 300 2100 6720 6720
2208 CONNECTION 185 462 300 2100 6720 6720
2209 CONNECTION 185 295 300 2700 6180 6180
2210 CONNECTION 185 476 300 2760 7380 7380
2211 CONNECTION 185 244 300 3480 6840 6840
2212 CONNECTION 185 104 300 3900 8520 8520
2213 CONNECTION 185 387 300 4500 7980 7980
2214 SINK 185 0 -1 -1 300 300
2215 CONNECTION 101 102 -1 -1 1560 1560
2216 CONNECTION 101 294 -1 -1 3660 3660
2217 CONNECTION 101 271 -1 -1 3360 3360
2218 CONNECTION 101 319 -1 -1 4680 4680
2219 CONNECTION 101 216 -1 -1 4200 4200
2220 CONNECTION 101 386 300 840 5460 5460
2221 CONNECTION 101 347 300 1320 5160 5160
2222 CONNECTION 101 471 300 2640 7260 7260
2223 CONNECTION 101 427 300 3120 6960 6960
2224 CONNECTION 101 463 300 3120 6960 6960
2225 CONNECTION 101 14 300 3660 8280 8280
2226 CONNECTION 101 469 300 3660 8280 8280
2227 CONNECTION 101 477 300 3900 7800 7800
2228 CONNECTION 101 147 300 4440 9060 9060
2229 CONNECTION 459 460 -1 -1 1200 1200
2230 CONNECTION 459 242 -1 -1 1860 1860
2231 CONNECTION 459 346 -1 -1 3540 3540
2232 CONNECTION 459 145 -1 -1 3000 3000
2233 CONNECTION 459 73 -1 -1 3660 3660
2234 CONNECTION 459 407 300 600 7080 7080
2235 CONNECTION 459 125 300 660 4140 4140
2236 CONNECTION 459 426 300 720 5340 5340
2237 CONNECTION 459 462 300 720 5340 5340
2238 CONNECTION 459 295 300 1320 4800 4800
2239 CONNECTION 459 476 300 1380 6000 6000
2240 CONNECTION 459 244 300 2100 5460 5460
2241 CONNECTION 459 104 300 2520 7140 7140
2242 CONNECTION 459 387 300 3120 6600 6600
2243 CONNECTION 459 75 300 3900 7260 7260
2244 CONNECTION 459 167 300 4200 10680 10680
2245 CONNECTION 459 367 300 4260 7740 7740
2246 CONNECTION 459 273 300 4320 8940 8940
2247 SINK 459 0 -1 -1 300 300
2248 CONNECTION 39 40 -1 -1 1080 1080
2249 CONNECTION 39 72 -1 -1 2220 2220
2250 CONNECTION 39 187 -1 -1 2880 2880
2251 CONNECTION 39 243 -1 -1 4020 4020
2252 CONNECTION 39 42 300 1320 4680 4680
2253 CONNECTION 39 74 300 2040 5820 5820
2254 CONNECTION 39 189 300 3120 6480 6480
2255 CONNECTION 39 245 300 3840 7620 7620
2256 CONNECTION 143 144 -1 -1 2340 2340
2257 CONNECTION 143 102 -1 -1 2040 2040
2258 CONNECTION 143 294 -1 -1 4140 4140
2259 CONNECTION 143 271 -1 -1 3840 3840
2260 CONNECTION 143 319 300 540 5160 5160
2261 CONNECTION 143 216 300 780 4680 4680
2262 CONNECTION 143 386 300 1320 5940 5940
2263 CONNECTION 143 347 300 1800 5640 5640
2264 CONNECTION 143 471 300 3120 7740 7740
2265 CONNECTION 143 427 300 3600 7440 7440
2266 CONNECTION 143 463 300 3600 7440 7440
2267 CONNECTION 143 14 300 4140 8760 8760
2268 CONNECTION 143 469 300 4140 8760 8760
2269 CONNECTION 143 477 300 4380 8280 8280
2270 CONNECTION 164 165 -1 -1 4200 4200
2271 CONNECTION 164 460 -1 -1 1920 1920
2272 CONNECTION 164 215 -1 -1 3120 3120
2273 CONNECTION 164 242 -1 -1 2580 2580
2274 CONNECTION 164 346 -1 -1 4260 4260
2275 CONNECTION 164 145 -1 -1 3720 3720
2276 CONNECTION 164 73 300 1020 4380 4380
2277 CONNECTION 164 407 300 1320 7800 7800
2278 CONNECTION 164 125 300 1380 4860 4860
2279 CONNECTION 164 426 300 1440 6060 6060
2280 CONNECTION 164 462 300 1440 6060 6060
2281 CONNECTION 164 295 300 2040 5520 5520
2282 CONNECTION 164 476 300 2100 6720 6720
2283 CONNECTION 164 244 300 2820 6180 6180
2284 CONNECTION 164 104 300 3240 7860 7860
2285 CONNECTION 164 387 300 3840 7320 7320
2286 CONNECTION 164 75 300 4620 7980 7980
2287 SINK 164 0 -1 -1 300 300
2288 CONNECTION 424 385 -1 -1 3360 3360
2289 CONNECTION 424 12 300 780 4560 4560
2290 CONNECTION 424 467 300 780 4560 4560
2291 CONNECTION 424 470 300 1320 5160 5160
2292 CONNECTION 424 146 300 3120 6960 6960
2293 CONNECTION 424 320 300 4380 8160 8160
2294 CONNECTION 451 385 -1 -1 3360 3360
2295 CONNECTION 451 12 300 780 4560 4560
2296 CONNECTION 451 467 300 780 4560 4560
2297 CONNECTION 451 470 300 1320 5160 5160
2298 CONNECTION 451 146 300 3120 6960 6960
2299 CONNECTION 451 320 300 4380 8160 8160
2300 CONNECTION 269 270 -1 -1 2340 2340
2301 CONNECTION 269 460 -1 -1 1800 1800
2302 CONNECTION 269 215 -1 -1 3000 3000
2303 CONNECTION 269 242 -1 -1 2460 2460
2304 CONNECTION 269 346 -1 -1 4140 4140
2305 CONNECTION 269 145 -1 -1 3600 3600
2306 CONNECTION 269 73 300 900 4260 4260
2307 CONNECTION 269 407 300 1200 7680 7680
2308 CONNECTION 269 125 300 1260 4740 4740
2309 CONNECTION 269 426 300 1320 5940 5940
2310 CONNECTION 269 462 300 1320 5940 5940
2311 CONNECTION 269 295 300 1920 5400 5400
2312 CONNECTION 269 476 300 1980 6600 6600
2313 CONNECTION 269 244 300 2700 6060 6060
2314 CONNECTION 269 104 300 3120 7740 7740
2315 CONNECTION 269 387 300 3720 7200 7200
2316 CONNECTION 269 75 300 4500 7860 7860
2317 CONNECTION 269 167 300 4800 11280 11280
2318 SINK 269 0 -1 -1 300 300
2319 CONNECTION 384 345 -1 -1 1800 1800
2320 CONNECTION 384 41 -1 -1 3540 3540
2321 CONNECTION 384 406 -1 -1 3480 3480
2322 CONNECTION 384 425 -1 -1 3600 3600
2323 CONNECTION 384 461 -1 -1 3600 3600
2324 CONNECTION 384 188 300 1560 5340 5340
2325 CONNECTION 384 103 300 1920 5400 5400
2326 CONNECTION 384 43 300 3360 7140 7140
2327 CONNECTION 384 166 300 3600 7080 7080
2328 CONNECTION 384 272 300 3720 7200 7200
2329 CONNECTION 241 41 -1 -1 3180 3180
2330 CONNECTION 241 406 -1 -1 3120 3120
2331 CONNECTION 241 425 -1 -1 3240 3240
2332 CONNECTION 241 461 -1 -1 3240 3240
2333 CONNECTION 241 188 300 1200 4980 4980
2334 CONNECTION 241 103 300 1560 5040 5040
2335 CONNECTION 241 43 300 3000 6780 6780
2336 CONNECTION 241 166 300 3240 6720 6720
2337 CONNECTION 241 272 300 3360 6840 6840
2338 CONNECTION 241 190 300 4800 8580 8580
2339 CONNECTION 11 145 -1 -1 1980 1980
2340 CONNECTION 11 73 -1 -1 2640 2640
2341 CONNECTION 11 407 -1 -1 6060 6060
2342 CONNECTION 11 125 -1 -1 3120 3120
2343 CONNECTION 11 426 -1 -1 4320 4320
2344 CONNECTION 11 462 -1 -1 4320 4320
2345 CONNECTION 11 295 -1 -1 3780 3780
2346 CONNECTION 11 476 300 360 4980 4980
2347 CONNECTION 11 244 300 1080 4440 4440
2348 CONNECTION 11 104 300 1500 6120 6120
2349 CONNECTION 11 387 300 2100 5580 5580
2350 CONNECTION 11 75 300 2880 6240 6240
2351 CONNECTION 11 167 300 3180 9660 9660
2352 CONNECTION 11 367 300 3240 6720 6720
2353 CONNECTION 11 273 300 3300 7920 7920
2354 CONNECTION 11 472 300 3900 7380 7380
2355 CONNECTION 11 218 300 3960 8580 8580
2356 CONNECTION 11 246 300 4680 8040 8040
2357 SINK 11 0 -1 -1 300 300
2358 CONNECTION 124 125 -1 -1 1260 1260
2359 CONNECTION 124 295 -1 -1 1920 1920
2360 CONNECTION 124 476 -1 -1 3120 3120
2361 CONNECTION 124 244 -1 -1 2580 2580
2362 CONNECTION 124 104 -1 -1 4260 4260
2363 CONNECTION 124 387 -1 -1 3720 3720
2364 CONNECTION 124 75 300 1020 4380 4380
2365 CONNECTION 124 167 300 1320 7800 7800
2366 CONNECTION 124 367 300 1380 4860 4860
2367 CONNECTION 124 273 300 1440 6060 6060
2368 CONNECTION 124 472 300 2040 5520 5520
2369 CONNECTION 124 218 300 2100 6720 6720
2370 CONNECTION 124 246 300 2820 6180 6180
2371 CONNECTION 124 349 300 3240 7860 7860
2372 CONNECTION 124 148 300 3840 7320 7320
2373 CONNECTION 124 77 300 4620 7980 7980
2374 SINK 124 0 -1 -1 300 300
2375 CONNECTION 457 145 -1 -1 1980 1980
2376 CONNECTION 457 73 -1 -1 2640 2640
2377 CONNECTION 457 407 -1 -1 6060 6060
2378 CONNECTION 457 125 -1 -1 3120 3120
2379 CONNECTION 457 426 -1 -1 4320 4320
2380 CONNECTION 457 462 -1 -1 4320 4320
2381 CONNECTION 457 295 -1 -1 3780 3780
2382 CONNECTION 457 476 300 360 4980 4980
2383 CONNECTION 457 244 300 1080 4440 4440
2384 CONNECTION 457 104 300 1500 6120 6120
2385 CONNECTION 457 387 300 2100 5580 5580
2386 CONNECTION 457 75 300 2880 6240 6240
2387 CONNECTION 457 167 300 3180 9660 9660
2388 CONNECTION 457 367 300 3240 6720 6720
2389 CONNECTION 457 273 300 3300 7920 7920
2390 CONNECTION 457 472 300 3900 7380 7380
2391 CONNECTION 457 218 300 3960 8580 8580
2392 CONNECTION 457 246 300 4680 8040 8040
2393 SINK 457 0 -1 -1 300 300
2394 CONNECTION 465 466 -1 -1 1620 1620
2395 CONNECTION 465 366 -1 -1 5940 5940
2396 CONNECTION 465 13 300 1440 5340 5340
2397 CONNECTION 465 217 300 1440 5220 5220
2398 CONNECTION 465 468 300 1440 5340 5340
2399 CONNECTION 465 126 300 3060 9540 9540
2400 CONNECTION 71 72 -1 -1 1500 1500
2401 CONNECTION 71 187 -1 -1 2160 2160
2402 CONNECTION 71 243 -1 -1 3300 3300
2403 CONNECTION 71 42 300 600 3960 3960
2404 CONNECTION 71 74 300 1320 5100 5100
2405 CONNECTION 71 189 300 2400 5760 5760
2406 CONNECTION 71 245 300 3120 6900 6900
2407 CONNECTION 71 44 300 4200 7560 7560
2408 CONNECTION 317 318 -1 -1 1620 1620
2409 CONNECTION 317 366 -1 -1 5820 5820
2410 CONNECTION 317 13 300 1320 5220 5220
2411 CONNECTION 317 217 300 1320 5100 5100
2412 CONNECTION 317 468 300 1320 5220 5220
2413 CONNECTION 317 126 300 2940 9420 9420
2414 CONNECTION 165 13 -1 -1 2400 2400
2415 CONNECTION 165 217 -1 -1 2280 2280
2416 CONNECTION 165 468 -1 -1 2400 2400
2417 CONNECTION 165 126 -1 -1 6600 6600
2418 CONNECTION 165 321 300 2100 6000 6000
2419 CONNECTION 165 478 300 2100 5880 5880
2420 CONNECTION 165 368 300 3720 10200 10200
2421 CONNECTION 40 346 -1 -1 3120 3120
2422 CONNECTION 40 145 -1 -1 2580 2580
2423 CONNECTION 40 73 -1 -1 3240 3240
2424 CONNECTION 40 407 -1 -1 6660 6660
2425 CONNECTION 40 125 -1 -1 3720 3720
2426 CONNECTION 40 426 -1 -1 4920 4920
2427 CONNECTION 40 462 -1 -1 4920 4920
2428 CONNECTION 40 295 300 900 4380 4380
2429 CONNECTION 40 476 300 960 5580 5580
2430 CONNECTION 40 244 300 1680 5040 5040
2431 CONNECTION 40 104 300 2100 6720 6720
2432 CONNECTION 40 387 300 2700 6180 6180
2433 CONNECTION 40 75 300 3480 6840 6840
2434 CONNECTION 40 167 300 3780 10260 10260
2435 CONNECTION 40 367 300 3840 7320 7320
2436 CONNECTION 40 273 300 3900 8520 8520
2437 CONNECTION 40 472 300 4500 7980 7980
2438 CONNECTION 40 218 300 4560 9180 9180
2439 SINK 40 0 -1 -1 300 300
2440 CONNECTION 365 41 -1 -1 2400 2400
2441 CONNECTION 365 406 -1 -1 2340 2340
2442 CONNECTION 365 425 -1 -1 2460 2460
2443 CONNECTION 365 461 -1 -1 2460 2460
2444 CONNECTION 365 188 300 420 4200 4200
2445 CONNECTION 365 103 300 780 4260 4260
2446 CONNECTION 365 43 300 2220 6000 6000
2447 CONNECTION 365 166 300 2460 5940 5940
2448 CONNECTION 365 272 300 2580 6060 6060
2449 CONNECTION 365 190 300 4020 7800 7800
2450 CONNECTION 365 348 300 4380 7860 7860
2451 CONNECTION 270 271 -1 -1 1560 1560
2452 CONNECTION 270 319 -1 -1 2880 2880
2453 CONNECTION 270 216 -1 -1 2400 2400
2454 CONNECTION 270 386 -1 -1 3660 3660
2455 CONNECTION 270 347 -1 -1 3360 3360
2456 CONNECTION 270 471 300 840 5460 5460
2457 CONNECTION 270 427 300 1320 5160 5160
2458 CONNECTION 270 463 300 1320 5160 5160
2459 CONNECTION 270 14 300 1860 6480 6480
2460 CONNECTION 270 469 300 1860 6480 6480
2461 CONNECTION 270 477 300 2100 6000 6000
2462 CONNECTION 270 147 300 2640 7260 7260
2463 CONNECTION 270 105 300 3120 6960 6960
2464 CONNECTION 270 297 300 4440 9060 9060
2465 CONNECTION 144 145 -1 -1 1200 1200
2466 CONNECTION 144 73 -1 -1 1860 1860
2467 CONNECTION 144 407 -1 -1 5280 5280
2468 CONNECTION 144 125 -1 -1 2340 2340
2469 CONNECTION 144 426 -1 -1 3540 3540
2470 CONNECTION 144 462 -1 -1 3540 3540
2471 CONNECTION 144 295 -1 -1 3000 3000
2472 CONNECTION 144 476 -1 -1 4200 4200
2473 CONNECTION 144 244 -1 -1 3660 3660
2474 CONNECTION 144 104 300 720 5340 5340
2475 CONNECTION 144 387 300 1320 4800 4800
2476 CONNECTION 144 75 300 2100 5460 5460
2477 CONNECTION 144 167 300 2400 8880 8880
2478 CONNECTION 144 367 300 2460 5940 5940
2479 CONNECTION 144 273 300 2520 7140 7140
2480 CONNECTION 144 472 300 3120 6600 6600
2481 CONNECTION 144 218 300 3180 7800 7800
2482 CONNECTION 144 246 300 3900 7260 7260
2483 CONNECTION 144 349 300 4320 8940 8940
2484 SINK 144 0 -1 -1 300 300
2485 CONNECTION 186 187 -1 -1 1080 1080
2486 CONNECTION 186 243 -1 -1 2220 2220
2487 CONNECTION 186 42 -1 -1 2880 2880
2488 CONNECTION 186 74 -1 -1 4020 4020
2489 CONNECTION 186 189 300 1320 4680 4680
2490 CONNECTION 186 245 300 2040 5820 5820
2491 CONNECTION 186 44 300 3120 6480 6480
2492 CONNECTION 186 76 300 3840 7620 7620
2493 CONNECTION 293 294 -1 -1 2340 2340
2494 CONNECTION 293 271 -1 -1 2040 2040
2495 CONNECTION 293 319 -1 -1 3360 3360
2496 CONNECTION 293 216 -1 -1 2880 2880
2497 CONNECTION 293 386 -1 -1 4140 4140
2498 CONNECTION 293 347 -1 -1 3840 3840
2499 CONNECTION 293 471 300 1320 5940 5940
2500 CONNECTION 293 427 300 1800 5640 5640
2501 CONNECTION 293 463 300 1800 5640 5640
2502 CONNECTION 293 14 300 2340 6960 6960
2503 CONNECTION 293 469 300 2340 6960 6960
2504 CONNECTION 293 477 300 2580 6480 6480
2505 CONNECTION 293 147 300 3120 7740 7740
2506 CONNECTION 293 105 300 3600 7440 7440
2507 CONNECTION 102 12 -1 -1 2760 2760
2508 CONNECTION 102 467 -1 -1 2760 2760
2509 CONNECTION 102 470 -1 -1 3360 3360
2510 CONNECTION 102 146 300 1320 5160 5160
2511 CONNECTION 102 320 300 2580 6360 6360
2512 CONNECTION 102 296 300 3120 6960 6960
2513 CONNECTION 345 346 -1 -1 2340 2340
2514 CONNECTION 345 145 -1 -1 1800 1800
2515 CONNECTION 345 73 -1 -1 2460 2460
2516 CONNECTION 345 407 -1 -1 5880 5880
2517 CONNECTION 345 125 -1 -1 2940 2940
2518 CONNECTION 345 426 -1 -1 4140 4140
2519 CONNECTION 345 462 -1 -1 4140 4140
2520 CONNECTION 345 295 -1 -1 3600 3600
2521 CONNECTION 345 476 -1 -1 4800 4800
2522 CONNECTION 345 244 300 900 4260 4260
2523 CONNECTION 345 104 300 1320 5940 5940
2524 CONNECTION 345 387 300 1920 5400 5400
2525 CONNECTION 345 75 300 2700 6060 6060
2526 CONNECTION 345 167 300 3000 9480 9480
2527 CONNECTION 345 367 300 3060 6540 6540
2528 CONNECTION 345 273 300 3120 7740 7740
2529 CONNECTION 345 472 300 3720 7200 7200
2530 CONNECTION 345 218 300 3780 8400 8400
2531 CONNECTION 345 246 300 4500 7860 7860
2532 SINK 345 0 -1 -1 300 300
2533 CONNECTION 460 406 -1 -1 1680 1680
2534 CONNECTION 460 425 -1 -1 1800 1800
2535 CONNECTION 460 461 -1 -1 1800 1800
2536 CONNECTION 460 188 -1 -1 3540 3540
2537 CONNECTION 460 103 -1 -1 3600 3600
2538 CONNECTION 460 43 300 1560 5340 5340
2539 CONNECTION 460 166 300 1800 5280 5280
2540 CONNECTION 460 272 300 1920 5400 5400
2541 CONNECTION 460 190 300 3360 7140 7140
2542 CONNECTION 460 348 300 3720 7200 7200
2543 CONNECTION 72 188 -1 -1 3180 3180
2544 CONNECTION 72 103 -1 -1 3240 3240
2545 CONNECTION 72 43 300 1200 4980 4980
2546 CONNECTION 72 166 300 1440 4920 4920
2547 CONNECTION 72 272 300 1560 5040 5040
2548 CONNECTION 72 190 300 3000 6780 6780
2549 CONNECTION 72 348 300 3360 6840 6840
2550 CONNECTION 72 45 300 4800 8580 8580
2551 CONNECTION 215 216 -1 -1 1740 1740
2552 CONNECTION 215 386 -1 -1 3000 3000
2553 CONNECTION 215 347 -1 -1 2700 2700
2554 CONNECTION 215 471 -1 -1 4800 4800
2555 CONNECTION 215 427 300 660 4500 4500
2556 CONNECTION 215 463 300 660 4500 4500
2557 CONNECTION 215 14 300 1200 5820 5820
2558 CONNECTION 215 469 300 1200 5820 5820
2559 CONNECTION 215 477 300 1440 5340 5340
2560 CONNECTION 215 147 300 1980 6600 6600
2561 CONNECTION 215 105 300 2460 6300 6300
2562 CONNECTION 215 297 300 3780 8400 8400
2563 CONNECTION 215 274 300 4260 8100 8100
2564 CONNECTION 215 322 300 4800 9420 9420
2565 CONNECTION 318 319 -1 -1 2340 2340
2566 CONNECTION 318 386 -1 -1 3120 3120
2567 CONNECTION 318 347 -1 -1 2820 2820
2568 CONNECTION 318 471 -1 -1 4920 4920
2569 CONNECTION 318 427 300 780 4620 4620
2570 CONNECTION 318 463 300 780 4620 4620
2571 CONNECTION 318 14 300 1320 5940 5940
2572 CONNECTION 318 469 300 1320 5940 5940
2573 CONNECTION 318 477 300 1560 5460 5460
2574 CONNECTION 318 147 300 2100 6720 6720
2575 CONNECTION 318 105 300 2580 6420 6420
2576 CONNECTION 318 297 300 3900 8520 8520
2577 CONNECTION 318 274 300 4380 8220 8220
2578 CONNECTION 466 12 -1 -1 2100 2100
2579 CONNECTION 466 467 -1 -1 2100 2100
2580 CONNECTION 466 470 -1 -1 2700 2700
2581 CONNECTION 466 146 300 660 4500 4500
2582 CONNECTION 466 320 300 1920 5700 5700
2583 CONNECTION 466 296 300 2460 6300 6300
2584 CONNECTION 466 388 300 4260 8100 8100
2585 CONNECTION 242 243 -1 -1 1500 1500
2586 CONNECTION 242 42 -1 -1 2160 2160
2587 CONNECTION 242 74 -1 -1 3300 3300
2588 CONNECTION 242 189 300 600 3960 3960
2589 CONNECTION 242 245 300 1320 5100 5100
2590 CONNECTION 242 44 300 2400 5760 5760
2591 CONNECTION 242 76 300 3120 6900 6900
2592 CONNECTION 242 191 300 4200 7560 7560
2593 CONNECTION 187 407 -1 -1 4860 4860
2594 CONNECTION 187 125 -1 -1 1920 1920
2595 CONNECTION 187 426 -1 -1 3120 3120
2596 CONNECTION 187 462 -1 -1 3120 3120
2597 CONNECTION 187 295 -1 -1 2580 2580
2598 CONNECTION 187 476 -1 -1 3780 3780
2599 CONNECTION 187 244 -1 -1 3240 3240
2600 CONNECTION 187 104 -1 -1 4920 4920
2601 CONNECTION 187 387 300 900 4380 4380
2602 CONNECTION 187 75 300 1680 5040 5040
2603 CONNECTION 187 167 300 1980 8460 8460
2604 CONNECTION 187 367 300 2040 5520 5520
2605 CONNECTION 187 273 300 2100 6720 6720
2606 CONNECTION 187 472 300 2700 6180 6180
2607 CONNECTION 187 218 300 2760 7380 7380
2608 CONNECTION 187 246 300 3480 6840 6840
2609 CONNECTION 187 349 300 3900 8520 8520
2610 CONNECTION 187 148 300 4500 7980 7980
2611 SINK 187 0 -1 -1 300 300
2612 CONNECTION 346 347 -1 -1 1560 1560
2613 CONNECTION 346 471 -1 -1 3660 3660
2614 CONNECTION 346 427 -1 -1 3360 3360
2615 CONNECTION 346 463 -1 -1 3360 3360
2616 CONNECTION 346 14 -1 -1 4680 4680
2617 CONNECTION 346 469 -1 -1 4680 4680
2618 CONNECTION 346 477 -1 -1 4200 4200
2619 CONNECTION 346 147 300 840 5460 5460
2620 CONNECTION 346 105 300 1320 5160 5160
2621 CONNECTION 346 297 300 2640 7260 7260
2622 CONNECTION 346 274 300 3120 6960 6960
2623 CONNECTION 346 322 300 3660 8280 8280
2624 CONNECTION 346 219 300 3900 7800 7800
2625 CONNECTION 346 389 300 4440 9060 9060
2626 CONNECTION 294 295 -1 -1 1200 1200
2627 CONNECTION 294 244 -1 -1 1860 1860
2628 CONNECTION 294 104 -1 -1 3540 3540
2629 CONNECTION 294 387 -1 -1 3000 3000
2630 CONNECTION 294 75 -1 -1 3660 3660
2631 CONNECTION 294 167 300 600 7080 7080
2632 CONNECTION 294 367 300 660 4140 4140
2633 CONNECTION 294 273 300 720 5340 5340
2634 CONNECTION 294 472 300 1320 4800 4800
2635 CONNECTION 294 218 300 1380 6000 6000
2636 CONNECTION 294 246 300 2100 5460 5460
2637 CONNECTION 294 349 300 2520 7140 7140
2638 CONNECTION 294 148 300 3120 6600 6600
2639 CONNECTION 294 77 300 3900 7260 7260
2640 CONNECTION 294 409 300 4200 10680 10680
2641 CONNECTION 294 127 300 4260 7740 7740
2642 CONNECTION 294 429 300 4320 8940 8940
2643 CONNECTION 294 474 300 4320 8940 8940
2644 SINK 294 0 -1 -1 300 300
2645 CONNECTION 41 42 -1 -1 1080 1080
2646 CONNECTION 41 74 -1 -1 2220 2220
2647 CONNECTION 41 189 -1 -1 2880 2880
2648 CONNECTION 41 245 -1 -1 4020 4020
2649 CONNECTION 41 44 300 1320 4680 4680
2650 CONNECTION 41 76 300 2040 5820 5820
2651 CONNECTION 41 191 300 3120 6480 6480
2652 CONNECTION 41 247 300 3840 7620 7620
2653 CONNECTION 385 386 -1 -1 2340 2340
2654 CONNECTION 385 347 -1 -1 2040 2040
2655 CONNECTION 385 471 -1 -1 4140 4140
2656 CONNECTION 385 427 -1 -1 3840 3840
2657 CONNECTION 385 463 -1 -1 3840 3840
2658 CONNECTION 385 14 300 540 5160 5160
2659 CONNECTION 385 469 300 540 5160 5160
2660 CONNECTION 385 477 300 780 4680 4680
2661 CONNECTION 385 147 300 1320 5940 5940
2662 CONNECTION 385 105 300 1800 5640 5640
2663 CONNECTION 385 297 300 3120 7740 7740
2664 CONNECTION 385 274 300 3600 7440 7440
2665 CONNECTION 385 322 300 4140 8760 8760
2666 CONNECTION 385 219 300 4380 8280 8280
2667 CONNECTION 406 407 -1 -1 4200 4200
2668 CONNECTION 406 295 -1 -1 1920 1920
2669 CONNECTION 406 476 -1 -1 3120 3120
2670 CONNECTION 406 244 -1 -1 2580 2580
2671 CONNECTION 406 104 -1 -1 4260 4260
2672 CONNECTION 406 387 -1 -1 3720 3720
2673 CONNECTION 406 75 300 1020 4380 4380
2674 CONNECTION 406 167 300 1320 7800 7800
2675 CONNECTION 406 367 300 1380 4860 4860
2676 CONNECTION 406 273 300 1440 6060 6060
2677 CONNECTION 406 472 300 2040 5520 5520
2678 CONNECTION 406 218 300 2100 6720 6720
2679 CONNECTION 406 246 300 2820 6180 6180
2680 CONNECTION 406 349 300 3240 7860 7860
2681 CONNECTION 406 148 300 3840 7320 7320
2682 CONNECTION 406 77 300 4620 7980 7980
2683 SINK 406 0 -1 -1 300 300
2684 CONNECTION 271 146 -1 -1 3360 3360
2685 CONNECTION 271 320 300 780 4560 4560
2686 CONNECTION 271 296 300 1320 5160 5160
2687 CONNECTION 271 388 300 3120 6960 6960
2688 CONNECTION 271 15 300 4380 8160 8160
2689 CONNECTION 271 479 300 4380 8160 8160
2690 CONNECTION 145 103 -1 -1 1800 1800
2691 CONNECTION 145 43 -1 -1 3540 3540
2692 CONNECTION 145 166 -1 -1 3480 3480
2693 CONNECTION 145 272 -1 -1 3600 3600
2694 CONNECTION 145 190 300 1560 5340 5340
2695 CONNECTION 145 348 300 1920 5400 5400
2696 CONNECTION 145 45 300 3360 7140 7140
2697 CONNECTION 145 408 300 3600 7080 7080
2698 CONNECTION 145 428 300 3720 7200 7200
2699 CONNECTION 145 473 300 3720 7200 7200
2700 CONNECTION 425 426 -1 -1 2340 2340
2701 CONNECTION 425 295 -1 -1 1800 1800
2702 CONNECTION 425 476 -1 -1 3000 3000
2703 CONNECTION 425 244 -1 -1 2460 2460
2704 CONNECTION 425 104 -1 -1 4140 4140
2705 CONNECTION 425 387 -1 -1 3600 3600
2706 CONNECTION 425 75 300 900 4260 4260
2707 CONNECTION 425 167 300 1200 7680 7680
2708 CONNECTION 425 367 300 1260 4740 4740
2709 CONNECTION 425 273 300 1320 5940 5940
2710 CONNECTION 425 472 300 1920 5400 5400
2711 CONNECTION 425 218 300 1980 6600 6600
2712 CONNECTION 425 246 300 2700 6060 6060
2713 CONNECTION 425 349 300 3120 7740 7740
2714 CONNECTION 425 148 300 3720 7200 7200
2715 CONNECTION 425 77 300 4500 7860 7860
2716 CONNECTION 425 409 300 4800 11280 11280
2717 SINK 425 0 -1 -1 300 300
2718 CONNECTION 461 462 -1 -1 2340 2340
2719 CONNECTION 461 295 -1 -1 1800 1800
2720 CONNECTION 461 476 -1 -1 3000 3000
2721 CONNECTION 461 244 -1 -1 2460 2460
2722 CONNECTION 461 104 -1 -1 4140 4140
2723 CONNECTION 461 387 -1 -1 3600 3600
2724 CONNECTION 461 75 300 900 4260 4260
2725 CONNECTION 461 167 300 1200 7680 7680
2726 CONNECTION 461 367 300 1260 4740 4740
2727 CONNECTION 461 273 300 1320 5940 5940
2728 CONNECTION 461 472 300 1920 5400 5400
2729 CONNECTION 461 218 300 1980 6600 6600
2730 CONNECTION 461 246 300 2700 6060 6060
2731 CONNECTION 461 349 300 3120 7740 7740
2732 CONNECTION 461 148 300 3720 7200 7200
2733 CONNECTION 461 77 300 4500 7860 7860
2734 CONNECTION 461 409 300 4800 11280 11280
2735 SINK 461 0 -1 -1 300 300
2736 CONNECTION 243 43 -1 -1 3180 3180
2737 CONNECTION 243 166 -1 -1 3120 3120
2738 CONNECTION 243 272 -1 -1 3240 3240
2739 CONNECTION 243 190 300 1200 4980 4980
2740 CONNECTION 243 348 300 1560 5040 5040
2741 CONNECTION 243 45 300 3000 6780 6780
2742 CONNECTION 243 408 300 3240 6720 6720
2743 CONNECTION 243 428 300 3360 6840 6840
2744 CONNECTION 243 473 300 3360 6840 6840
2745 CONNECTION 243 192 300 4800 8580 8580
2746 CONNECTION 319 387 -1 -1 1980 1980
2747 CONNECTION 319 75 -1 -1 2640 2640
2748 CONNECTION 319 167 -1 -1 6060 6060
2749 CONNECTION 319 367 -1 -1 3120 3120
2750 CONNECTION 319 273 -1 -1 4320 4320
2751 CONNECTION 319 472 -1 -1 3780 3780
2752 CONNECTION 319 218 300 360 4980 4980
2753 CONNECTION 319 246 300 1080 4440 4440
2754 CONNECTION 319 349 300 1500 6120 6120
2755 CONNECTION 319 148 300 2100 5580 5580
2756 CONNECTION 319 77 300 2880 6240 6240
2757 CONNECTION 319 409 300 3180 9660 9660
2758 CONNECTION 319 127 300 3240 6720 6720
2759 CONNECTION 319 429 300 3300 7920 7920
2760 CONNECTION 319 474 300 3300 7920 7920
2761 CONNECTION 319 298 300 3900 7380 7380
2762 CONNECTION 319 488 300 3960 8580 8580
2763 CONNECTION 319 248 300 4680 8040 8040
2764 SINK 319 0 -1 -1 300 300
2765 CONNECTION 366 367 -1 -1 1260 1260
2766 CONNECTION 366 472 -1 -1 1920 1920
2767 CONNECTION 366 218 -1 -1 3120 3120
2768 CONNECTION 366 246 -1 -1 2580 2580
2769 CONNECTION 366 349 -1 -1 4260 4260
2770 CONNECTION 366 148 -1 -1 3720 3720
2771 CONNECTION 366 77 300 1020 4380 4380
2772 CONNECTION 366 409 300 1320 7800 7800
2773 CONNECTION 366 127 300 1380 4860 4860
2774 CONNECTION 366 429 300 1440 6060 6060
2775 CONNECTION 366 474 300 1440 6060 6060
2776 CONNECTION 366 298 300 2040 5520 5520
2777 CONNECTION 366 488 300 2100 6720 6720
2778 CONNECTION 366 248 300 2820 6180 6180
2779 CONNECTION 366 107 300 3240 7860 7860
2780 CONNECTION 366 390 300 3840 7320 7320
2781 CONNECTION 366 79 300 4620 7980 7980
2782 SINK 366 0 -1 -1 300 300
2783 CONNECTION 216 217 -1 -1 1620 1620
2784 CONNECTION 216 126 -1 -1 5940 5940
2785 CONNECTION 216 321 300 1440 5340 5340
2786 CONNECTION 216 478 300 1440 5220 5220
2787 CONNECTION 216 368 300 3060 9540 9540
2788 CONNECTION 73 74 -1 -1 1500 1500
2789 CONNECTION 73 189 -1 -1 2160 2160
2790 CONNECTION 73 245 -1 -1 3300 3300
2791 CONNECTION 73 44 300 600 3960 3960
2792 CONNECTION 73 76 300 1320 5100 5100
2793 CONNECTION 73 191 300 2400 5760 5760
2794 CONNECTION 73 247 300 3120 6900 6900
2795 CONNECTION 73 46 300 4200 7560 7560
2796 CONNECTION 12 13 -1 -1 1620 1620
2797 CONNECTION 12 126 -1 -1 5820 5820
2798 CONNECTION 12 321 300 1320 5220 5220
2799 CONNECTION 12 478 300 1320 5100 5100
2800 CONNECTION 12 368 300 2940 9420 9420
2801 CONNECTION 467 468 -1 -1 1620 1620
2802 CONNECTION 467 126 -1 -1 5820 5820
2803 CONNECTION 467 321 300 1320 5220 5220
2804 CONNECTION 467 478 300 1320 5100 5100
2805 CONNECTION 467 368 300 2940 9420 9420
2806 CONNECTION 407 321 -1 -1 2400 2400
2807 CONNECTION 407 478 -1 -1 2280 2280
2808 CONNECTION 407 368 -1 -1 6600 6600
2809 CONNECTION 407 16 300 2100 6000 6000
2810 CONNECTION 407 220 300 2100 5880 5880
2811 CONNECTION 407 480 300 2100 6000 6000
2812 CONNECTION 407 128 300 3720 10200 10200
2813 CONNECTION 42 104 -1 -1 3120 3120
2814 CONNECTION 42 387 -1 -1 2580 2580
2815 CONNECTION 42 75 -1 -1 3240 3240
2816 CONNECTION 42 167 -1 -1 6660 6660
2817 CONNECTION 42 367 -1 -1 3720 3720
2818 CONNECTION 42 273 -1 -1 4920 4920
2819 CONNECTION 42 472 300 900 4380 4380
2820 CONNECTION 42 218 300 960 5580 5580
2821 CONNECTION 42 246 300 1680 5040 5040
2822 CONNECTION 42 349 300 2100 6720 6720
2823 CONNECTION 42 148 300 2700 6180 6180
2824 CONNECTION 42 77 300 3480 6840 6840
2825 CONNECTION 42 409 300 3780 10260 10260
2826 CONNECTION 42 127 300 3840 7320 7320
2827 CONNECTION 42 429 300 3900 8520 8520
2828 CONNECTION 42 474 300 3900 8520 8520
2829 CONNECTION 42 298 300 4500 7980 7980
2830 CONNECTION 42 488 300 4560 9180 9180
2831 SINK 42 0 -1 -1 300 300
2832 CONNECTION 125 43 -1 -1 2400 2400
2833 CONNECTION 125 166 -1 -1 2340 2340
2834 CONNECTION 125 272 -1 -1 2460 2460
2835 CONNECTION 125 190 300 420 4200 4200
2836 CONNECTION 125 348 300 780 4260 4260
2837 CONNECTION 125 45 300 2220 6000 6000
2838 CONNECTION 125 408 300 2460 5940 5940
2839 CONNECTION 125 428 300 2580 6060 6060
2840 CONNECTION 125 473 300 2580 6060 6060
2841 CONNECTION 125 192 300 4020 7800 7800
2842 CONNECTION 125 106 300 4380 7860 7860
2843 CONNECTION 426 427 -1 -1 1560 1560
2844 CONNECTION 426 14 -1 -1 2880 2880
2845 CONNECTION 426 469 -1 -1 2880 2880
2846 CONNECTION 426 477 -1 -1 2400 2400
2847 CONNECTION 426 147 -1 -1 3660 3660
2848 CONNECTION 426 105 -1 -1 3360 3360
2849 CONNECTION 426 297 300 840 5460 5460
2850 CONNECTION 426 274 300 1320 5160 5160
2851 CONNECTION 426 322 300 1860 6480 6480
2852 CONNECTION 426 219 300 2100 6000 6000
2853 CONNECTION 426 389 300 2640 7260 7260
2854 CONNECTION 426 350 300 3120 6960 6960
2855 CONNECTION 426 483 300 4440 9060 9060
2856 CONNECTION 462 463 -1 -1 1560 1560
2857 CONNECTION 462 14 -1 -1 2880 2880
2858 CONNECTION 462 469 -1 -1 2880 2880
2859 CONNECTION 462 477 -1 -1 2400 2400
2860 CONNECTION 462 147 -1 -1 3660 3660
2861 CONNECTION 462 105 -1 -1 3360 3360
2862 CONNECTION 462 297 300 840 5460 5460
2863 CONNECTION 462 274 300 1320 5160 5160
2864 CONNECTION 462 322 300 1860 6480 6480
2865 CONNECTION 462 219 300 2100 6000 6000
2866 CONNECTION 462 389 300 2640 7260 7260
2867 CONNECTION 462 350 300 3120 6960 6960
2868 CONNECTION 462 483 300 4440 9060 9060
2869 CONNECTION 386 387 -1 -1 1200 1200
2870 CONNECTION 386 75 -1 -1 1860 1860
2871 CONNECTION 386 167 -1 -1 5280 5280
2872 CONNECTION 386 367 -1 -1 2340 2340
2873 CONNECTION 386 273 -1 -1 3540 3540
2874 CONNECTION 386 472 -1 -1 3000 3000
2875 CONNECTION 386 218 -1 -1 4200 4200
2876 CONNECTION 386 246 -1 -1 3660 3660
2877 CONNECTION 386 349 300 720 5340 5340
2878 CONNECTION 386 148 300 1320 4800 4800
2879 CONNECTION 386 77 300 2100 5460 5460
2880 CONNECTION 386 409 300 2400 8880 8880
2881 CONNECTION 386 127 300 2460 5940 5940
2882 CONNECTION 386 429 300 2520 7140 7140
2883 CONNECTION 386 474 300 2520 7140 7140
2884 CONNECTION 386 298 300 3120 6600 6600
2885 CONNECTION 386 488 300 3180 7800 7800
2886 CONNECTION 386 248 300 3900 7260 7260
2887 CONNECTION 386 107 300 4320 8940 8940
2888 SINK 386 0 -1 -1 300 300
2889 CONNECTION 188 189 -1 -1 1080 1080
2890 CONNECTION 188 245 -1 -1 2220 2220
2891 CONNECTION 188 44 -1 -1 2880 2880
2892 CONNECTION 188 76 -1 -1 4020 4020
2893 CONNECTION 188 191 300 1320 4680 4680
2894 CONNECTION 188 247 300 2040 5820 5820
2895 CONNECTION 188 46 300 3120 6480 6480
2896 CONNECTION 188 78 300 3840 7620 7620
2897 CONNECTION 470 471 -1 -1 2340 2340
2898 CONNECTION 470 427 -1 -1 2040 2040
2899 CONNECTION 470 463 -1 -1 2040 2040
2900 CONNECTION 470 14 -1 -1 3360 3360
2901 CONNECTION 470 469 -1 -1 3360 3360
2902 CONNECTION 470 477 -1 -1 2880 2880
2903 CONNECTION 470 147 -1 -1 4140 4140
2904 CONNECTION 470 105 -1 -1 3840 3840
2905 CONNECTION 470 297 300 1320 5940 5940
2906 CONNECTION 470 274 300 1800 5640 5640
2907 CONNECTION 470 322 300 2340 6960 6960
2908 CONNECTION 470 219 300 2580 6480 6480
2909 CONNECTION 470 389 300 3120 7740 7740
2910 CONNECTION 470 350 300 3600 7440 7440
2911 CONNECTION 347 320 -1 -1 2760 2760
2912 CONNECTION 347 296 -1 -1 3360 3360
2913 CONNECTION 347 388 300 1320 5160 5160
2914 CONNECTION 347 15 300 2580 6360 6360
2915 CONNECTION 347 479 300 2580 6360 6360
2916 CONNECTION 347 482 300 3120 6960 6960
2917 CONNECTION 103 104 -1 -1 2340 2340
2918 CONNECTION 103 387 -1 -1 1800 1800
2919 CONNECTION 103 75 -1 -1 2460 2460
2920 CONNECTION 103 167 -1 -1 5880 5880
2921 CONNECTION 103 367 -1 -1 2940 2940
2922 CONNECTION 103 273 -1 -1 4140 4140
2923 CONNECTION 103 472 -1 -1 3600 3600
2924 CONNECTION 103 218 -1 -1 4800 4800
2925 CONNECTION 103 246 300 900 4260 4260
2926 CONNECTION 103 349 300 1320 5940 5940
2927 CONNECTION 103 148 300 1920 5400 5400
2928 CONNECTION 103 77 300 2700 6060 6060
2929 CONNECTION 103 409 300 3000 9480 9480
2930 CONNECTION 103 127 300 3060 6540 6540
2931 CONNECTION 103 429 300 3120 7740 7740
2932 CONNECTION 103 474 300 3120 7740 7740
2933 CONNECTION 103 298 300 3720 7200 7200
2934 CONNECTION 103 488 300 3780 8400 8400
2935 CONNECTION 103 248 300 4500 7860 7860
2936 SINK 103 0 -1 -1 300 300
2937 CONNECTION 295 166 -1 -1 1680 1680
2938 CONNECTION 295 272 -1 -1 1800 1800
2939 CONNECTION 295 190 -1 -1 3540 3540
2940 CONNECTION 295 348 -1 -1 3600 3600
2941 CONNECTION 295 45 300 1560 5340 5340
2942 CONNECTION 295 408 300 1800 5280 5280
2943 CONNECTION 295 428 300 1920 5400 5400
2944 CONNECTION 295 473 300 1920 5400 5400
2945 CONNECTION 295 192 300 3360 7140 7140
2946 CONNECTION 295 106 300 3720 7200 7200
2947 CONNECTION 74 190 -1 -1 3180 3180
2948 CONNECTION 74 348 -1 -1 3240 3240
2949 CONNECTION 74 45 300 1200 4980 4980
2950 CONNECTION 74 408 300 1440 4920 4920
2951 CONNECTION 74 428 300 1560 5040 5040
2952 CONNECTION 74 473 300 1560 5040 5040
2953 CONNECTION 74 192 300 3000 6780 6780
2954 CONNECTION 74 106 300 3360 6840 6840
2955 CONNECTION 74 47 300 4800 8580 8580
2956 CONNECTION 476 477 -1 -1 1740 1740
2957 CONNECTION 476 147 -1 -1 3000 3000
2958 CONNECTION 476 105 -1 -1 2700 2700
2959 CONNECTION 476 297 -1 -1 4800 4800
2960 CONNECTION 476 274 300 660 4500 4500
2961 CONNECTION 476 322 300 1200 5820 5820
2962 CONNECTION 476 219 300 1440 5340 5340
2963 CONNECTION 476 389 300 1980 6600 6600
2964 CONNECTION 476 350 300 2460 6300 6300
2965 CONNECTION 476 483 300 3780 8400 8400
2966 CONNECTION 476 430 300 4260 8100 8100
2967 CONNECTION 476 475 300 4260 8100 8100
2968 CONNECTION 476 17 300 4800 9420 9420
2969 CONNECTION 476 481 300 4800 9420 9420
2970 CONNECTION 13 14 -1 -1 2340 2340
2971 CONNECTION 13 147 -1 -1 3120 3120
2972 CONNECTION 13 105 -1 -1 2820 2820
2973 CONNECTION 13 297 -1 -1 4920 4920
2974 CONNECTION 13 274 300 780 4620 4620
2975 CONNECTION 13 322 300 1320 5940 5940
2976 CONNECTION 13 219 300 1560 5460 5460
2977 CONNECTION 13 389 300 2100 6720 6720
2978 CONNECTION 13 350 300 2580 6420 6420
2979 CONNECTION 13 483 300 3900 8520 8520
2980 CONNECTION 13 430 300 4380 8220 8220
2981 CONNECTION 13 475 300 4380 8220 8220
2982 CONNECTION 217 320 -1 -1 2100 2100
2983 CONNECTION 217 296 -1 -1 2700 2700
2984 CONNECTION 217 388 300 660 4500 4500
2985 CONNECTION 217 15 300 1920 5700 5700
2986 CONNECTION 217 479 300 1920 5700 5700
2987 CONNECTION 217 482 300 2460 6300 6300
2988 CONNECTION 217 149 300 4260 8100 8100
2989 CONNECTION 468 469 -1 -1 2340 2340
2990 CONNECTION 468 147 -1 -1 3120 3120
2991 CONNECTION 468 105 -1 -1 2820 2820
2992 CONNECTION 468 297 -1 -1 4920 4920
2993 CONNECTION 468 274 300 780 4620 4620
2994 CONNECTION 468 322 300 1320 5940 5940
2995 CONNECTION 468 219 300 1560 5460 5460
2996 CONNECTION 468 389 300 2100 6720 6720
2997 CONNECTION 468 350 300 2580 6420 6420
2998 CONNECTION 468 483 300 3900 8520 8520
2999 CONNECTION 468 430 300 4380 8220 8220
3000 CONNECTION 468 475 300 4380 8220 8220
3001 CONNECTION 244 245 -1 -1 1500 1500
3002 CONNECTION 244 44 -1 -1 2160 2160
3003 CONNECTION 244 76 -1 -1 3300 3300
3004 CONNECTION 244 191 300 600 3960 3960
3005 CONNECTION 244 247 300 1320 5100 5100
3006 CONNECTION 244 46 300 2400 5760 5760
3007 CONNECTION 244 78 300 3120 6900 6900
3008 CONNECTION 244 193 300 4200 7560 7560
3009 CONNECTION 189 167 -1 -1 4860 4860
3010 CONNECTION 189 367 -1 -1 1920 1920
3011 CONNECTION 189 273 -1 -1 3120 3120
3012 CONNECTION 189 472 -1 -1 2580 2580
3013 CONNECTION 189 218 -1 -1 3780 3780
3014 CONNECTION 189 246 -1 -1 3240 3240
3015 CONNECTION 189 349 -1 -1 4920 4920
3016 CONNECTION 189 148 300 900 4380 4380
3017 CONNECTION 189 77 300 1680 5040 5040
3018 CONNECTION 189 409 300 1980 8460 8460
3019 CONNECTION 189 127 300 2040 5520 5520
3020 CONNECTION 189 429 300 2100 6720 6720
3021 CONNECTION 189 474 300 2100 6720 6720
3022 CONNECTION 189 298 300 2700 6180 6180
3023 CONNECTION 189 488 300 2760 7380 7380
3024 CONNECTION 189 248 300 3480 6840 6840
3025 CONNECTION 189 107 300 3900 8520 8520
3026 CONNECTION 189 390 300 4500 7980 7980
3027 SINK 189 0 -1 -1 300 300
3028 CONNECTION 104 105 -1 -1 1560 1560
3029 CONNECTION 104 297 -1 -1 3660 3660
3030 CONNECTION 104 274 -1 -1 3360 3360
3031 CONNECTION 104 322 -1 -1 4680 4680
3032 CONNECTION 104 219 -1 -1 4200 4200
3033 CONNECTION 104 389 300 840 5460 5460
3034 CONNECTION 104 350 300 1320 5160 5160
3035 CONNECTION 104 483 300 2640 7260 7260
3036 CONNECTION 104 430 300 3120 6960 6960
3037 CONNECTION 104 475 300 3120 6960 6960
3038 CONNECTION 104 17 300 3660 8280 8280
3039 CONNECTION 104 481 300 3660 8280 8280
3040 CONNECTION 104 489 300 3900 7800 7800
3041 CONNECTION 104 150 300 4440 9060 9060
3042 CONNECTION 471 472 -1 -1 1200 1200
3043 CONNECTION 471 246 -1 -1 1860 1860
3044 CONNECTION 471 349 -1 -1 3540 3540
3045 CONNECTION 471 148 -1 -1 3000 3000
3046 CONNECTION 471 77 -1 -1 3660 3660
3047 CONNECTION 471 409 300 600 7080 7080
3048 CONNECTION 471 127 300 660 4140 4140
3049 CONNECTION 471 429 300 720 5340 5340
3050 CONNECTION 471 474 300 720 5340 5340
3051 CONNECTION 471 298 300 1320 4800 4800
3052 CONNECTION 471 488 300 1380 6000 6000
3053 CONNECTION 471 248 300 2100 5460 5460
3054 CONNECTION 471 107 300 2520 7140 7140
3055 CONNECTION 471 390 300 3120 6600 6600
3056 CONNECTION 471 79 300 3900 7260 7260
3057 CONNECTION 471 169 300 4200 10680 10680
3058 CONNECTION 471 369 300 4260 7740 7740
3059 CONNECTION 471 276 300 4320 8940 8940
3060 SINK 471 0 -1 -1 300 300
3061 CONNECTION 43 44 -1 -1 1080 1080
3062 CONNECTION 43 76 -1 -1 2220 2220
3063 CONNECTION 43 191 -1 -1 2880 2880
3064 CONNECTION 43 247 -1 -1 4020 4020
3065 CONNECTION 43 46 300 1320 4680 4680
3066 CONNECTION 43 78 300 2040 5820 5820
3067 CONNECTION 43 193 300 3120 6480 6480
3068 CONNECTION 43 249 300 3840 7620 7620
3069 CONNECTION 146 147 -1 -1 2340 2340
3070 CONNECTION 146 105 -1 -1 2040 2040
3071 CONNECTION 146 297 -1 -1 4140 4140
3072 CONNECTION 146 274 -1 -1 3840 3840
3073 CONNECTION 146 322 300 540 5160 5160
3074 CONNECTION 146 219 300 780 4680 4680
3075 CONNECTION 146 389 300 1320 5940 5940
3076 CONNECTION 146 350 300 1800 5640 5640
3077 CONNECTION 146 483 300 3120 7740 7740
3078 CONNECTION 146 430 300 3600 7440 7440
3079 CONNECTION 146 475 300 3600 7440 7440
3080 CONNECTION 146 17 300 4140 8760 8760
3081 CONNECTION 146 481 300 4140 8760 8760
3082 CONNECTION 146 489 300 4380 8280 8280
3083 CONNECTION 166 167 -1 -1 4200 4200
3084 CONNECTION 166 472 -1 -1 1920 1920
3085 CONNECTION 166 218 -1 -1 3120 3120
3086 CONNECTION 166 246 -1 -1 2580 2580
3087 CONNECTION 166 349 -1 -1 4260 4260
3088 CONNECTION 166 148 -1 -1 3720 3720
3089 CONNECTION 166 77 300 1020 4380 4380
3090 CONNECTION 166 409 300 1320 7800 7800
3091 CONNECTION 166 127 300 1380 4860 4860
3092 CONNECTION 166 429 300 1440 6060 6060
3093 CONNECTION 166 474 300 1440 6060 6060
3094 CONNECTION 166 298 300 2040 5520 5520
3095 CONNECTION 166 488 300 2100 6720 6720
3096 CONNECTION 166 248 300 2820 6180 6180
3097 CONNECTION 166 107 300 3240 7860 7860
3098 CONNECTION 166 390 300 3840 7320 7320
3099 CONNECTION 166 79 300 4620 7980 7980
3100 SINK 166 0 -1 -1 300 300
3101 CONNECTION 427 388 -1 -1 3360 3360
3102 CONNECTION 427 15 300 780 4560 4560
3103 CONNECTION 427 479 300 780 4560 4560
3104 CONNECTION 427 482 300 1320 5160 5160
3105 CONNECTION 427 149 300 3120 6960 6960
3106 CONNECTION 427 323 300 4380 8160 8160
3107 CONNECTION 463 388 -1 -1 3360 3360
3108 CONNECTION 463 15 300 780 4560 4560
3109 CONNECTION 463 479 300 780 4560 4560
3110 CONNECTION 463 482 300 1320 5160 5160
3111 CONNECTION 463 149 300 3120 6960 6960
3112 CONNECTION 463 323 300 4380 8160 8160
3113 CONNECTION 272 273 -1 -1 2340 2340
3114 CONNECTION 272 472 -1 -1 1800 1800
3115 CONNECTION 272 218 -1 -1 3000 3000
3116 CONNECTION 272 246 -1 -1 2460 2460
3117 CONNECTION 272 349 -1 -1 4140 4140
3118 CONNECTION 272 148 -1 -1 3600 3600
3119 CONNECTION 272 77 300 900 4260 4260
3120 CONNECTION 272 409 300 1200 7680 7680
3121 CONNECTION 272 127 300 1260 4740 4740
3122 CONNECTION 272 429 300 1320 5940 5940
3123 CONNECTION 272 474 300 1320 5940 5940
3124 CONNECTION 272 298 300 1920 5400 5400
3125 CONNECTION 272 488 300 1980 6600 6600
3126 CONNECTION 272 248 300 2700 6060 6060
3127 CONNECTION 272 107 300 3120 7740 7740
3128 CONNECTION 272 390 300 3720 7200 7200
3129 CONNECTION 272 79 300 4500 7860 7860
3130 CONNECTION 272 169 300 4800 11280 11280
3131 SINK 272 0 -1 -1 300 300
3132 CONNECTION 387 348 -1 -1 1800 1800
3133 CONNECTION 387 45 -1 -1 3540 3540
3134 CONNECTION 387 408 -1 -1 3480 3480
3135 CONNECTION 387 428 -1 -1 3600 3600
3136 CONNECTION 387 473 -1 -1 3600 3600
3137 CONNECTION 387 192 300 1560 5340 5340
3138 CONNECTION 387 106 300 1920 5400 5400
3139 CONNECTION 387 47 300 3360 7140 7140
3140 CONNECTION 387 168 300 3600 7080 7080
3141 CONNECTION 387 275 300 3720 7200 7200
3142 CONNECTION 245 45 -1 -1 3180 3180
3143 CONNECTION 245 408 -1 -1 3120 3120
3144 CONNECTION 245 428 -1 -1 3240 3240
3145 CONNECTION 245 473 -1 -1 3240 3240
3146 CONNECTION 245 192 300 1200 4980 4980
3147 CONNECTION 245 106 300 1560 5040 5040
3148 CONNECTION 245 47 300 3000 6780 6780
3149 CONNECTION 245 168 300 3240 6720 6720
3150 CONNECTION 245 275 300 3360 6840 6840
3151 CONNECTION 245 194 300 4800 8580 8580
3152 CONNECTION 14 148 -1 -1 1980 1980
3153 CONNECTION 14 77 -1 -1 2640 2640
3154 CONNECTION 14 409 -1 -1 6060 6060
3155 CONNECTION 14 127 -1 -1 3120 3120
3156 CONNECTION 14 429 -1 -1 4320 4320
3157 CONNECTION 14 474 -1 -1 4320 4320
3158 CONNECTION 14 298 -1 -1 3780 3780
3159 CONNECTION 14 488 300 360 4980 4980
3160 CONNECTION 14 248 300 1080 4440 4440
3161 CONNECTION 14 107 300 1500 6120 6120
3162 CONNECTION 14 390 300 2100 5580 5580
3163 CONNECTION 14 79 300 2880 6240 6240
3164 CONNECTION 14 169 300 3180 9660 9660
3165 CONNECTION 14 369 300 3240 6720 6720
3166 CONNECTION 14 276 300 3300 7920 7920
3167 CONNECTION 14 484 300 3900 7380 7380
3168 CONNECTION 14 221 300 3960 8580 8580
3169 CONNECTION 14 250 300 4680 8040 8040
3170 SINK 14 0 -1 -1 300 300
3171 CONNECTION 126 127 -1 -1 1260 1260
3172 CONNECTION 126 298 -1 -1 1920 1920
3173 CONNECTION 126 488 -1 -1 3120 3120
3174 CONNECTION 126 248 -1 -1 2580 2580
3175 CONNECTION 126 107 -1 -1 4260 4260
3176 CONNECTION 126 390 -1 -1 3720 3720
3177 CONNECTION 126 79 300 1020 4380 4380
3178 CONNECTION 126 169 300 1320 7800 7800
3179 CONNECTION 126 369 300 1380 4860 4860
3180 CONNECTION 126 276 300 1440 6060 6060
3181 CONNECTION 126 484 300 2040 5520 5520
3182 CONNECTION 126 221 300 2100 6720 6720
3183 CONNECTION 126 250 300 2820 6180 6180
3184 CONNECTION 126 352 300 3240 7860 7860
3185 CONNECTION 126 151 300 3840 7320 7320
3186 CONNECTION 126 81 300 4620 7980 7980
3187 SINK 126 0 -1 -1 300 300
3188 CONNECTION 469 148 -1 -1 1980 1980
3189 CONNECTION 469 77 -1 -1 2640 2640
3190 CONNECTION 469 409 -1 -1 6060 6060
3191 CONNECTION 469 127 -1 -1 3120 3120
3192 CONNECTION 469 429 -1 -1 4320 4320
3193 CONNECTION 469 474 -1 -1 4320 4320
3194 CONNECTION 469 298 -1 -1 3780 3780
3195 CONNECTION 469 488 300 360 4980 4980
3196 CONNECTION 469 248 300 1080 4440 4440
3197 CONNECTION 469 107 300 1500 6120 6120
3198 CONNECTION 469 390 300 2100 5580 5580
3199 CONNECTION 469 79 300 2880 6240 6240
3200 CONNECTION 469 169 300 3180 9660 9660
3201 CONNECTION 469 369 300 3240 6720 6720
3202 CONNECTION 469 276 300 3300 7920 7920
3203 CONNECTION 469 484 300 3900 7380 7380
3204 CONNECTION 469 221 300 3960 8580 8580
3205 CONNECTION 469 250 300 4680 8040 8040
3206 SINK 469 0 -1 -1 300 300
3207 CONNECTION 477 478 -1 -1 1620 1620
3208 CONNECTION 477 368 -1 -1 5940 5940
3209 CONNECTION 477 16 300 1440 5340 5340
3210 CONNECTION 477 220 300 1440 5220 5220
3211 CONNECTION 477 480 300 1440 5340 5340
3212 CONNECTION 477 128 300 3060 9540 9540
3213 CONNECTION 75 76 -1 -1 1500 1500
3214 CONNECTION 75 191 -1 -1 2160 2160
3215 CONNECTION 75 247 -1 -1 3300 3300
3216 CONNECTION 75 46 300 600 3960 3960
3217 CONNECTION 75 78 300 1320 5100 5100
3218 CONNECTION 75 193 300 2400 5760 5760
3219 CONNECTION 75 249 300 3120 6900 6900
3220 CONNECTION 75 48 300 4200 7560 7560
3221 CONNECTION 320 321 -1 -1 1620 1620
3222 CONNECTION 320 368 -1 -1 5820 5820
3223 CONNECTION 320 16 300 1320 5220 5220
3224 CONNECTION 320 220 300 1320 5100 5100
3225 CONNECTION 320 480 300 1320 5220 5220
3226 CONNECTION 320 128 300 2940 9420 9420
3227 CONNECTION 167 16 -1 -1 2400 2400
3228 CONNECTION 167 220 -1 -1 2280 2280
3229 CONNECTION 167 480 -1 -1 2400 2400
3230 CONNECTION 167 128 -1 -1 6600 6600
3231 CONNECTION 167 324 300 2100 6000 6000
3232 CONNECTION 167 490 300 2100 5880 5880
3233 CONNECTION 167 370 300 3720 10200 10200
3234 CONNECTION 44 349 -1 -1 3120 3120
3235 CONNECTION 44 148 -1 -1 2580 2580
3236 CONNECTION 44 77 -1 -1 3240 3240
3237 CONNECTION 44 409 -1 -1 6660 6660
3238 CONNECTION 44 127 -1 -1 3720 3720
3239 CONNECTION 44 429 -1 -1 4920 4920
3240 CONNECTION 44 474 -1 -1 4920 4920
3241 CONNECTION 44 298 300 900 4380 4380
3242 CONNECTION 44 488 300 960 5580 5580
3243 CONNECTION 44 248 300 1680 5040 5040
3244 CONNECTION 44 107 300 2100 6720 6720
3245 CONNECTION 44 390 300 2700 6180 6180
3246 CONNECTION 44 79 300 3480 6840 6840
3247 CONNECTION 44 169 300 3780 10260 10260
3248 CONNECTION 44 369 300 3840 7320 7320
3249 CONNECTION 44 276 300 3900 8520 8520
3250 CONNECTION 44 484 300 4500 7980 7980
3251 CONNECTION 44 221 300 4560 9180 9180
3252 SINK 44 0 -1 -1 300 300
3253 CONNECTION 367 45 -1 -1 2400 2400
3254 CONNECTION 367 408 -1 -1 2340 2340
3255 CONNECTION 367 428 -1 -1 2460 2460
3256 CONNECTION 367 473 -1 -1 2460 2460
3257 CONNECTION 367 192 300 420 4200 4200
3258 CONNECTION 367 106 300 780 4260 4260
3259 CONNECTION 367 47 300 2220 6000 6000
3260 CONNECTION 367 168 300 2460 5940 5940
3261 CONNECTION 367 275 300 2580 6060 6060
3262 CONNECTION 367 194 300 4020 7800 7800
3263 CONNECTION 367 351 300 4380 7860 7860
3264 CONNECTION 273 274 -1 -1 1560 1560
3265 CONNECTION 273 322 -1 -1 2880 2880
3266 CONNECTION 273 219 -1 -1 2400 2400
3267 CONNECTION 273 389 -1 -1 3660 3660
3268 CONNECTION 273 350 -1 -1 3360 3360
3269 CONNECTION 273 483 300 840 5460 5460
3270 CONNECTION 273 430 300 1320 5160 5160
3271 CONNECTION 273 475 300 1320 5160 5160
3272 CONNECTION 273 17 300 1860 6480 6480
3273 CONNECTION 273 481 300 1860 6480 6480
3274 CONNECTION 273 489 300 2100 6000 6000
3275 CONNECTION 273 150 300 2640 7260 7260
3276 CONNECTION 273 108 300 3120 6960 6960
3277 CONNECTION 273 300 300 4440 9060 9060
3278 CONNECTION 147 148 -1 -1 1200 1200
3279 CONNECTION 147 77 -1 -1 1860 1860
3280 CONNECTION 147 409 -1 -1 5280 5280
3281 CONNECTION 147 127 -1 -1 2340 2340
3282 CONNECTION 147 429 -1 -1 3540 3540
3283 CONNECTION 147 474 -1 -1 3540 3540
3284 CONNECTION 147 298 -1 -1 3000 3000
3285 CONNECTION 147 488 -1 -1 4200 4200
3286 CONNECTION 147 248 -1 -1 3660 3660
3287 CONNECTION 147 107 300 720 5340 5340
3288 CONNECTION 147 390 300 1320 4800 4800
3289 CONNECTION 147 79 300 2100 5460 5460
3290 CONNECTION 147 169 300 2400 8880 8880
3291 CONNECTION 147 369 300 2460 5940 5940
3292 CONNECTION 147 276 300 2520 7140 7140
3293 CONNECTION 147 484 300 3120 6600 6600
3294 CONNECTION 147 221 300 3180 7800 7800
3295 CONNECTION 147 250 300 3900 7260 7260
3296 CONNECTION 147 352 300 4320 8940 8940
3297 SINK 147 0 -1 -1 300 300
3298 CONNECTION 190 191 -1 -1 1080 1080
3299 CONNECTION 190 247 -1 -1 2220 2220
3300 CONNECTION 190 46 -1 -1 2880 2880
3301 CONNECTION 190 78 -1 -1 4020 4020
3302 CONNECTION 190 193 300 1320 4680 4680
3303 CONNECTION 190 249 300 2040 5820 5820
3304 CONNECTION 190 48 300 3120 6480 6480
3305 CONNECTION 190 80 300 3840 7620 7620
3306 CONNECTION 296 297 -1 -1 2340 2340
3307 CONNECTION 296 274 -1 -1 2040 2040
3308 CONNECTION 296 322 -1 -1 3360 3360
3309 CONNECTION 296 219 -1 -1 2880 2880
3310 CONNECTION 296 389 -1 -1 4140 4140
3311 CONNECTION 296 350 -1 -1 3840 3840
3312 CONNECTION 296 483 300 1320 5940 5940
3313 CONNECTION 296 430 300 1800 5640 5640
3314 CONNECTION 296 475 300 1800 5640 5640
3315 CONNECTION 296 17 300 2340 6960 6960
3316 CONNECTION 296 481 300 2340 6960 6960
3317 CONNECTION 296 489 300 2580 6480 6480
3318 CONNECTION 296 150 300 3120 7740 7740
3319 CONNECTION 296 108 300 3600 7440 7440
3320 CONNECTION 105 15 -1 -1 2760 2760
3321 CONNECTION 105 479 -1 -1 2760 2760
3322 CONNECTION 105 482 -1 -1 3360 3360
3323 CONNECTION 105 149 300 1320 5160 5160
3324 CONNECTION 105 323 300 2580 6360 6360
3325 CONNECTION 105 299 300 3120 6960 6960
3326 CONNECTION 348 349 -1 -1 2340 2340
3327 CONNECTION 348 148 -1 -1 1800 1800
3328 CONNECTION 348 77 -1 -1 2460 2460
3329 CONNECTION 348 409 -1 -1 5880 5880
3330 CONNECTION 348 127 -1 -1 2940 2940
3331 CONNECTION 348 429 -1 -1 4140 4140
3332 CONNECTION 348 474 -1 -1 4140 4140
3333 CONNECTION 348 298 -1 -1 3600 3600
3334 CONNECTION 348 488 -1 -1 4800 4800
3335 CONNECTION 348 248 300 900 4260 4260
3336 CONNECTION 348 107 300 1320 5940 5940
3337 CONNECTION 348 390 300 1920 5400 5400
3338 CONNECTION 348 79 300 2700 6060 6060
3339 CONNECTION 348 169 300 3000 9480 9480
3340 CONNECTION 348 369 300 3060 6540 6540
3341 CONNECTION 348 276 300 3120 7740 7740
3342 CONNECTION 348 484 300 3720 7200 7200
3343 CONNECTION 348 221 300 3780 8400 8400
3344 CONNECTION 348 250 300 4500 7860 7860
3345 SINK 348 0 -1 -1 300 300
3346 CONNECTION 472 408 -1 -1 1680 1680
3347 CONNECTION 472 428 -1 -1 1800 1800
3348 CONNECTION 472 473 -1 -1 1800 1800
3349 CONNECTION 472 192 -1 -1 3540 3540
3350 CONNECTION 472 106 -1 -1 3600 3600
3351 CONNECTION 472 47 300 1560 5340 5340
3352 CONNECTION 472 168 300 1800 5280 5280
3353 CONNECTION 472 275 300 1920 5400 5400
3354 CONNECTION 472 194 300 3360 7140 7140
3355 CONNECTION 472 351 300 3720 7200 7200
3356 CONNECTION 76 192 -1 -1 3180 3180
3357 CONNECTION 76 106 -1 -1 3240 3240
3358 CONNECTION 76 47 300 1200 4980 4980
3359 CONNECTION 76 168 300 1440 4920 4920
3360 CONNECTION 76 275 300 1560 5040 5040
3361 CONNECTION 76 194 300 3000 6780 6780
3362 CONNECTION 76 351 300 3360 6840 6840
3363 CONNECTION 76 49 300 4800 8580 8580
3364 CONNECTION 218 219 -1 -1 1740 1740
3365 CONNECTION 218 389 -1 -1 3000 3000
3366 CONNECTION 218 350 -1 -1 2700 2700
3367 CONNECTION 218 483 -1 -1 4800 4800
3368 CONNECTION 218 430 300 660 4500 4500
3369 CONNECTION 218 475 300 660 4500 4500
3370 CONNECTION 218 17 300 1200 5820 5820
3371 CONNECTION 218 481 300 1200 5820 5820
3372 CONNECTION 218 489 300 1440 5340 5340
3373 CONNECTION 218 150 300 1980 6600 6600
3374 CONNECTION 218 108 300 2460 6300 6300
3375 CONNECTION 218 300 300 3780 8400 8400
3376 CONNECTION 218 277 300 4260 8100 8100
3377 CONNECTION 218 325 300 4800 9420 9420
3378 CONNECTION 321 322 -1 -1 2340 2340
3379 CONNECTION 321 389 -1 -1 3120 3120
3380 CONNECTION 321 350 -1 -1 2820 2820
3381 CONNECTION 321 483 -1 -1 4920 4920
3382 CONNECTION 321 430 300 780 4620 4620
3383 CONNECTION 321 475 300 780 4620 4620
3384 CONNECTION 321 17 300 1320 5940 5940
3385 CONNECTION 321 481 300 1320 5940 5940
3386 CONNECTION 321 489 300 1560 5460 5460
3387 CONNECTION 321 150 300 2100 6720 6720
3388 CONNECTION 321 108 300 2580 6420 6420
3389 CONNECTION 321 300 300 3900 8520 8520
3390 CONNECTION 321 277 300 4380 8220 8220
3391 CONNECTION 478 15 -1 -1 2100 2100
3392 CONNECTION 478 479 -1 -1 2100 2100
3393 CONNECTION 478 482 -1 -1 2700 2700
3394 CONNECTION 478 149 300 660 4500 4500
3395 CONNECTION 478 323 300 1920 5700 5700
3396 CONNECTION 478 299 300 2460 6300 6300
3397 CONNECTION 478 391 300 4260 8100 8100
3398 CONNECTION 246 247 -1 -1 1500 1500
3399 CONNECTION 246 46 -1 -1 2160 2160
3400 CONNECTION 246 78 -1 -1 3300 3300
3401 CONNECTION 246 193 300 600 3960 3960
3402 CONNECTION 246 249 300 1320 5100 5100
3403 CONNECTION 246 48 300 2400 5760 5760
3404 CONNECTION 246 80 300 3120 6900 6900
3405 CONNECTION 246 195 300 4200 7560 7560
3406 CONNECTION 191 409 -1 -1 4860 4860
3407 CONNECTION 191 127 -1 -1 1920 1920
3408 CONNECTION 191 429 -1 -1 3120 3120
3409 CONNECTION 191 474 -1 -1 3120 3120
3410 CONNECTION 191 298 -1 -1 2580 2580
3411 CONNECTION 191 488 -1 -1 3780 3780
3412 CONNECTION 191 248 -1 -1 3240 3240
3413 CONNECTION 191 107 -1 -1 4920 4920
3414 CONNECTION 191 390 300 900 4380 4380
3415 CONNECTION 191 79 300 1680 5040 5040
3416 CONNECTION 191 169 300 1980 8460 8460
3417 CONNECTION 191 369 300 2040 5520 5520
3418 CONNECTION 191 276 300 2100 6720 6720
3419 CONNECTION 191 484 300 2700 6180 6180
3420 CONNECTION 191 221 300 2760 7380 7380
3421 CONNECTION 191 250 300 3480 6840 6840
3422 CONNECTION 191 352 300 3900 8520 8520
3423 CONNECTION 191 151 300 4500 7980 7980
3424 SINK 191 0 -1 -1 300 300
3425 CONNECTION 349 350 -1 -1 1560 1560
3426 CONNECTION 349 483 -1 -1 3660 3660
3427 CONNECTION 349 430 -1 -1 3360 3360
3428 CONNECTION 349 475 -1 -1 3360 3360
3429 CONNECTION 349 17 -1 -1 4680 4680
3430 CONNECTION 349 481 -1 -1 4680 4680
3431 CONNECTION 349 489 -1 -1 4200 4200
3432 CONNECTION 349 150 300 840 5460 5460
3433 CONNECTION 349 108 300 1320 5160 5160
3434 CONNECTION 349 300 300 2640 7260 7260
3435 CONNECTION 349 277 300 3120 6960 6960
3436 CONNECTION 349 325 300 3660 8280 8280
3437 CONNECTION 349 222 300 3900 7800 7800
3438 CONNECTION 349 392 300 4440 9060 9060
3439 CONNECTION 297 298 -1 -1 1200 1200
3440 CONNECTION 297 248 -1 -1 1860 1860
3441 CONNECTION 297 107 -1 -1 3540 3540
3442 CONNECTION 297 390 -1 -1 3000 3000
3443 CONNECTION 297 79 -1 -1 3660 3660
3444 CONNECTION 297 169 300 600 7080 7080
3445 CONNECTION 297 369 300 660 4140 4140
3446 CONNECTION 297 276 300 720 5340 5340
3447 CONNECTION 297 484 300 1320 4800 4800
3448 CONNECTION 297 221 300 1380 6000 6000
3449 CONNECTION 297 250 300 2100 5460 5460
3450 CONNECTION 297 352 300 2520 7140 7140
3451 CONNECTION 297 151 300 3120 6600 6600
3452 CONNECTION 297 81 300 3900 7260 7260
3453 CONNECTION 297 411 300 4200 10680 10680
3454 CONNECTION 297 129 300 4260 7740 7740
3455 CONNECTION 297 432 300 4320 8940 8940
3456 CONNECTION 297 486 300 4320 8940 8940
3457 SINK 297 0 -1 -1 300 300
3458 CONNECTION 45 46 -1 -1 1080 1080
3459 CONNECTION 45 78 -1 -1 2220 2220
3460 CONNECTION 45 193 -1 -1 2880 2880
3461 CONNECTION 45 249 -1 -1 4020 4020
3462 CONNECTION 45 48 300 1320 4680 4680
3463 CONNECTION 45 80 300 2040 5820 5820
3464 CONNECTION 45 195 300 3120 6480 6480
3465 CONNECTION 45 251 300 3840 7620 7620
3466 CONNECTION 388 389 -1 -1 2340 2340
3467 CONNECTION 388 350 -1 -1 2040 2040
3468 CONNECTION 388 483 -1 -1 4140 4140
3469 CONNECTION 388 430 -1 -1 3840 3840
3470 CONNECTION 388 475 -1 -1 3840 3840
3471 CONNECTION 388 17 300 540 5160 5160
3472 CONNECTION 388 481 300 540 5160 5160
3473 CONNECTION 388 489 300 780 4680 4680
3474 CONNECTION 388 150 300 1320 5940 5940
3475 CONNECTION 388 108 300 1800 5640 5640
3476 CONNECTION 388 300 300 3120 7740 7740
3477 CONNECTION 388 277 300 3600 7440 7440
3478 CONNECTION 388 325 300 4140 8760 8760
3479 CONNECTION 388 222 300 4380 8280 8280
3480 CONNECTION 408 409 -1 -1 4200 4200
3481 CONNECTION 408 298 -1 -1 1920 1920
3482 CONNECTION 408 488 -1 -1 3120 3120
3483 CONNECTION 408 248 -1 -1 2580 2580
3484 CONNECTION 408 107 -1 -1 4260 4260
3485 CONNECTION 408 390 -1 -1 3720 3720
3486 CONNECTION 408 79 300 1020 4380 4380
3487 CONNECTION 408 169 300 1320 7800 7800
3488 CONNECTION 408 369 300 1380 4860 4860
3489 CONNECTION 408 276 300 1440 6060 6060
3490 CONNECTION 408 484 300 2040 5520 5520
3491 CONNECTION 408 221 300 2100 6720 6720
3492 CONNECTION 408 250 300 2820 6180 6180
3493 CONNECTION 408 352 300 3240 7860 7860
3494 CONNECTION 408 151 300 3840 7320 7320
3495 CONNECTION 408 81 300 4620 7980 7980
3496 SINK 408 0 -1 -1 300 300
3497 CONNECTION 274 149 -1 -1 3360 3360
3498 CONNECTION 274 323 300 780 4560 4560
3499 CONNECTION 274 299 300 1320 5160 5160
3500 CONNECTION 274 391 300 3120 6960 6960
3501 CONNECTION 274 18 300 4380 8160 8160
3502 CONNECTION 274 491 300 4380 8160 8160
3503 CONNECTION 148 106 -1 -1 1800 1800
3504 CONNECTION 148 47 -1 -1 3540 3540
3505 CONNECTION 148 168 -1 -1 3480 3480
3506 CONNECTION 148 275 -1 -1 3600 3600
3507 CONNECTION 148 194 300 1560 5340 5340
3508 CONNECTION 148 351 300 1920 5400 5400
3509 CONNECTION 148 49 300 3360 7140 7140
3510 CONNECTION 148 410 300 3600 7080 7080
3511 CONNECTION 148 431 300 3720 7200 7200
3512 CONNECTION 148 485 300 3720 7200 7200
3513 CONNECTION 428 429 -1 -1 2340 2340
3514 CONNECTION 428 298 -1 -1 1800 1800
3515 CONNECTION 428 488 -1 -1 3000 3000
3516 CONNECTION 428 248 -1 -1 2460 2460
3517 CONNECTION 428 107 -1 -1 4140 4140
3518 CONNECTION 428 390 -1 -1 3600 3600
3519 CONNECTION 428 79 300 900 4260 4260
3520 CONNECTION 428 169 300 1200 7680 7680
3521 CONNECTION 428 369 300 1260 4740 4740
3522 CONNECTION 428 276 300 1320 5940 5940
3523 CONNECTION 428 484 300 1920 5400 5400
3524 CONNECTION 428 221 300 1980 6600 6600
3525 CONNECTION 428 250 300 2700 6060 6060
3526 CONNECTION 428 352 300 3120 7740 7740
3527 CONNECTION 428 151 300 3720 7200 7200
3528 CONNECTION 428 81 300 4500 7860 7860
3529 CONNECTION 428 411 300 4800 11280 11280
3530 SINK 428 0 -1 -1 300 300
3531 CONNECTION 473 474 -1 -1 2340 2340
3532 CONNECTION 473 298 -1 -1 1800 1800
3533 CONNECTION 473 488 -1 -1 3000 3000
3534 CONNECTION 473 248 -1 -1 2460 2460
3535 CONNECTION 473 107 -1 -1 4140 4140
3536 CONNECTION 473 390 -1 -1 3600 3600
3537 CONNECTION 473 79 300 900 4260 4260
3538 CONNECTION 473 169 300 1200 7680 7680
3539 CONNECTION 473 369 300 1260 4740 4740
3540 CONNECTION 473 276 300 1320 5940 5940
3541 CONNECTION 473 484 300 1920 5400 5400
3542 CONNECTION 473 221 300 1980 6600 6600
3543 CONNECTION 473 250 300 2700 6060 6060
3544 CONNECTION 473 352 300 3120 7740 7740
3545 CONNECTION 473 151 300 3720 7200 7200
3546 CONNECTION 473 81 300 4500 7860 7860
3547 CONNECTION 473 411 300 4800 11280 11280
3548 SINK 473 0 -1 -1 300 300
3549 CONNECTION 247 47 -1 -1 3180 3180
3550 CONNECTION 247 168 -1 -1 3120 3120
3551 CONNECTION 247 275 -1 -1 3240 3240
3552 CONNECTION 247 194 300 1200 4980 4980
3553 CONNECTION 247 351 300 1560 5040 5040
3554 CONNECTION 247 49 300 3000 6780 6780
3555 CONNECTION 247 410 300 3240 6720 6720
3556 CONNECTION 247 431 300 3360 6840 6840
3557 CONNECTION 247 485 300 3360 6840 6840
3558 CONNECTION 247 196 300 4800 8580 8580
3559 CONNECTION 322 390 -1 -1 1980 1980
3560 CONNECTION 322 79 -1 -1 2640 2640
3561 CONNECTION 322 169 -1 -1 6060 6060
3562 CONNECTION 322 369 -1 -1 3120 3120
3563 CONNECTION 322 276 -1 -1 4320 4320
3564 CONNECTION 322 484 -1 -1 3780 3780
3565 CONNECTION 322 221 300 360 4980 4980
3566 CONNECTION 322 250 300 1080 4440 4440
3567 CONNECTION 322 352 300 1500 6120 6120
3568 CONNECTION 322 151 300 2100 5580 5580
3569 CONNECTION 322 81 300 2880 6240 6240
3570 CONNECTION 322 411 300 3180 9660 9660
3571 CONNECTION 322 129 300 3240 6720 6720
3572 CONNECTION 322 432 300 3300 7920 7920
3573 CONNECTION 322 486 300 3300 7920 7920
3574 CONNECTION 322 301 300 3900 7380 7380
3575 CONNECTION 322 500 300 3960 8580 8580
3576 CONNECTION 322 252 300 4680 8040 8040
3577 SINK 322 0 -1 -1 300 300
3578 CONNECTION 368 369 -1 -1 1260 1260
3579 CONNECTION 368 484 -1 -1 1920 1920
3580 CONNECTION 368 221 -1 -1 3120 3120
3581 CONNECTION 368 250 -1 -1 2580 2580
3582 CONNECTION 368 352 -1 -1 4260 4260
3583 CONNECTION 368 151 -1 -1 3720 3720
3584 CONNECTION 368 81 300 1020 4380 4380
3585 CONNECTION 368 411 300 1320 7800 7800
3586 CONNECTION 368 129 300 1380 4860 4860
3587 CONNECTION 368 432 300 1440 6060 6060
3588 CONNECTION 368 486 300 1440 6060 6060
3589 CONNECTION 368 301 300 2040 5520 5520
3590 CONNECTION 368 500 300 2100 6720 6720
3591 CONNECTION 368 252 300 2820 6180 6180
3592 CONNECTION 368 110 300 3240 7860 7860
3593 CONNECTION 368 393 300 3840 7320 7320
3594 CONNECTION 368 83 300 4620 7980 7980
3595 SINK 368 0 -1 -1 300 300
3596 CONNECTION 219 220 -1 -1 1620 1620
3597 CONNECTION 219 128 -1 -1 5940 5940
3598 CONNECTION 219 324 300 1440 5340 5340
3599 CONNECTION 219 490 300 1440 5220 5220
3600 CONNECTION 219 370 300 3060 9540 9540
3601 CONNECTION 77 78 -1 -1 1500 1500
3602 CONNECTION 77 193 -1 -1 2160 2160
3603 CONNECTION 77 249 -1 -1 3300 3300
3604 CONNECTION 77 48 300 600 3960 3960
3605 CONNECTION 77 80 300 1320 5100 5100
3606 CONNECTION 77 195 300 2400 5760 5760
3607 CONNECTION 77 251 300 3120 6900 6900
3608 CONNECTION 77 50 300 4200 7560 7560
3609 CONNECTION 15 16 -1 -1 1620 1620
3610 CONNECTION 15 128 -1 -1 5820 5820
3611 CONNECTION 15 324 300 1320 5220 5220
3612 CONNECTION 15 490 300 1320 5100 5100
3613 CONNECTION 15 370 300 2940 9420 9420
3614 CONNECTION 479 480 -1 -1 1620 1620
3615 CONNECTION 479 128 -1 -1 5820 5820
3616 CONNECTION 479 324 300 1320 5220 5220
3617 CONNECTION 479 490 300 1320 5100 5100
3618 CONNECTION 479 370 300 2940 9420 9420
3619 CONNECTION 409 324 -1 -1 2400 2400
3620 CONNECTION 409 490 -1 -1 2280 2280
3621 CONNECTION 409 370 -1 -1 6600 6600
3622 CONNECTION 409 19 300 2100 6000 6000
3623 CONNECTION 409 223 300 2100 5880 5880
3624 CONNECTION 409 492 300 2100 6000 6000
3625 CONNECTION 409 130 300 3720 10200 10200
3626 CONNECTION 46 107 -1 -1 3120 3120
3627 CONNECTION 46 390 -1 -1 2580 2580
3628 CONNECTION 46 79 -1 -1 3240 3240
3629 CONNECTION 46 169 -1 -1 6660 6660
3630 CONNECTION 46 369 -1 -1 3720 3720
3631 CONNECTION 46 276 -1 -1 4920 4920
3632 CONNECTION 46 484 300 900 4380 4380
3633 CONNECTION 46 221 300 960 5580 5580
3634 CONNECTION 46 250 300 1680 5040 5040
3635 CONNECTION 46 352 300 2100 6720 6720
3636 CONNECTION 46 151 300 2700 6180 6180
3637 CONNECTION 46 81 300 3480 6840 6840
3638 CONNECTION 46 411 300 3780 10260 10260
3639 CONNECTION 46 129 300 3840 7320 7320
3640 CONNECTION 46 432 300 3900 8520 8520
3641 CONNECTION 46 486 300 3900 8520 8520
3642 CONNECTION 46 301 300 4500 7980 7980
3643 CONNECTION 46 500 300 4560 9180 9180
3644 SINK 46 0 -1 -1 300 300
3645 CONNECTION 127 47 -1 -1 2400 2400
3646 CONNECTION 127 168 -1 -1 2340 2340
3647 CONNECTION 127 275 -1 -1 2460 2460
3648 CONNECTION 127 194 300 420 4200 4200
3649 CONNECTION 127 351 300 780 4260 4260
3650 CONNECTION 127 49 300 2220 6000 6000
3651 CONNECTION 127 410 300 2460 5940 5940
3652 CONNECTION 127 431 300 2580 6060 6060
3653 CONNECTION 127 485 300 2580 6060 6060
3654 CONNECTION 127 196 300 4020 7800 7800
3655 CONNECTION 127 109 300 4380 7860 7860
3656 CONNECTION 429 430 -1 -1 1560 1560
3657 CONNECTION 429 17 -1 -1 2880 2880
3658 CONNECTION 429 481 -1 -1 2880 2880
3659 CONNECTION 429 489 -1 -1 2400 2400
3660 CONNECTION 429 150 -1 -1 3660 3660
3661 CONNECTION 429 108 -1 -1 3360 3360
3662 CONNECTION 429 300 300 840 5460 5460
3663 CONNECTION 429 277 300 1320 5160 5160
3664 CONNECTION 429 325 300 1860 6480 6480
3665 CONNECTION 429 222 300 2100 6000 6000
3666 CONNECTION 429 392 300 2640 7260 7260
3667 CONNECTION 429 353 300 3120 6960 6960
3668 CONNECTION 429 495 300 4440 9060 9060
3669 CONNECTION 474 475 -1 -1 1560 1560
3670 CONNECTION 474 17 -1 -1 2880 2880
3671 CONNECTION 474 481 -1 -1 2880 2880
3672 CONNECTION 474 489 -1 -1 2400 2400
3673 CONNECTION 474 150 -1 -1 3660 3660
3674 CONNECTION 474 108 -1 -1 3360 3360
3675 CONNECTION 474 300 300 840 5460 5460
3676 CONNECTION 474 277 300 1320 5160 5160
3677 CONNECTION 474 325 300 1860 6480 6480
3678 CONNECTION 474 222 300 2100 6000 6000
3679 CONNECTION 474 392 300 2640 7260 7260
3680 CONNECTION 474 353 300 3120 6960 6960
3681 CONNECTION 474 495 300 4440 9060 9060
3682 CONNECTION 389 390 -1 -1 1200 1200
3683 CONNECTION 389 79 -1 -1 1860 1860
3684 CONNECTION 389 169 -1 -1 5280 5280
3685 CONNECTION 389 369 -1 -1 2340 2340
3686 CONNECTION 389 276 -1 -1 3540 3540
3687 CONNECTION 389 484 -1 -1 3000 3000
3688 CONNECTION 389 221 -1 -1 4200 4200
3689 CONNECTION 389 250 -1 -1 3660 3660
3690 CONNECTION 389 352 300 720 5340 5340
3691 CONNECTION 389 151 300 1320 4800 4800
3692 CONNECTION 389 81 300 2100 5460 5460
3693 CONNECTION 389 411 300 2400 8880 8880
3694 CONNECTION 389 129 300 2460 5940 5940
3695 CONNECTION 389 432 300 2520 7140 7140
3696 CONNECTION 389 486 300 2520 7140 7140
3697 CONNECTION 389 301 300 3120 6600 6600
3698 CONNECTION 389 500 300 3180 7800 7800
3699 CONNECTION 389 252 300 3900 7260 7260
3700 CONNECTION 389 110 300 4320 8940 8940
3701 SINK 389 0 -1 -1 300 300
3702 CONNECTION 192 193 -1 -1 1080 1080
3703 CONNECTION 192 249 -1 -1 2220 2220
3704 CONNECTION 192 48 -1 -1 2880 2880
3705 CONNECTION 192 80 -1 -1 4020 4020
3706 CONNECTION 192 195 300 1320 4680 4680
3707 CONNECTION 192 251 300 2040 5820 5820
3708 CONNECTION 192 50 300 3120 6480 6480
3709 CONNECTION 192 82 300 3840 7620 7620
3710 CONNECTION 482 483 -1 -1 2340 2340
3711 CONNECTION 482 430 -1 -1 2040 2040
3712 CONNECTION 482 475 -1 -1 2040 2040
3713 CONNECTION 482 17 -1 -1 3360 3360
3714 CONNECTION 482 481 -1 -1 3360 3360
3715 CONNECTION 482 489 -1 -1 2880 2880
3716 CONNECTION 482 150 -1 -1 4140 4140
3717 CONNECTION 482 108 -1 -1 3840 3840
3718 CONNECTION 482 300 300 1320 5940 5940
3719 CONNECTION 482 277 300 1800 5640 5640
3720 CONNECTION 482 325 300 2340 6960 6960
3721 CONNECTION 482 222 300 2580 6480 6480
3722 CONNECTION 482 392 300 3120 7740 7740
3723 CONNECTION 482 353 300 3600 7440 7440
3724 CONNECTION 350 323 -1 -1 2760 2760
3725 CONNECTION 350 299 -1 -1 3360 3360
3726 CONNECTION 350 391 300 1320 5160 5160
3727 CONNECTION 350 18 300 2580 6360 6360
3728 CONNECTION 350 491 300 2580 6360 6360
3729 CONNECTION 350 494 300 3120 6960 6960
3730 CONNECTION 106 107 -1 -1 2340 2340
3731 CONNECTION 106 390 -1 -1 1800 1800
3732 CONNECTION 106 79 -1 -1 2460 2460
3733 CONNECTION 106 169 -1 -1 5880 5880
3734 CONNECTION 106 369 -1 -1 2940 2940
3735 CONNECTION 106 276 -1 -1 4140 4140
3736 CONNECTION 106 484 -1 -1 3600 3600
3737 CONNECTION 106 221 -1 -1 4800 4800
3738 CONNECTION 106 250 300 900 4260 4260
3739 CONNECTION 106 352 300 1320 5940 5940
3740 CONNECTION 106 151 300 1920 5400 5400
3741 CONNECTION 106 81 300 2700 6060 6060
3742 CONNECTION 106 411 300 3000 9480 9480
3743 CONNECTION 106 129 300 3060 6540 6540
3744 CONNECTION 106 432 300 3120 7740 7740
3745 CONNECTION 106 486 300 3120 7740 7740
3746 CONNECTION 106 301 300 3720 7200 7200
3747 CONNECTION 106 500 300 3780 8400 8400
3748 CONNECTION 106 252 300 4500 7860 7860
3749 SINK 106 0 -1 -1 300 300
3750 CONNECTION 298 168 -1 -1 1680 1680
3751 CONNECTION 298 275 -1 -1 1800 1800
3752 CONNECTION 298 194 -1 -1 3540 3540
3753 CONNECTION 298 351 -1 -1 3600 3600
3754 CONNECTION 298 49 300 1560 5340 5340
3755 CONNECTION 298 410 300 1800 5280 5280
3756 CONNECTION 298 431 300 1920 5400 5400
3757 CONNECTION 298 485 300 1920 5400 5400
3758 CONNECTION 298 196 300 3360 7140 7140
3759 CONNECTION 298 109 300 3720 7200 7200
3760 CONNECTION 78 194 -1 -1 3180 3180
3761 CONNECTION 78 351 -1 -1 3240 3240
3762 CONNECTION 78 49 300 1200 4980 4980
3763 CONNECTION 78 410 300 1440 4920 4920
3764 CONNECTION 78 431 300 1560 5040 5040
3765 CONNECTION 78 485 300 1560 5040 5040
3766 CONNECTION 78 196 300 3000 6780 6780
3767 CONNECTION 78 109 300 3360 6840 6840
3768 CONNECTION 78 51 300 4800 8580 8580
3769 CONNECTION 488 489 -1 -1 1740 1740
3770 CONNECTION 488 150 -1 -1 3000 3000
3771 CONNECTION 488 108 -1 -1 2700 2700
3772 CONNECTION 488 300 -1 -1 4800 4800
3773 CONNECTION 488 277 300 660 4500 4500
3774 CONNECTION 488 325 300 1200 5820 5820
3775 CONNECTION 488 222 300 1440 5340 5340
3776 CONNECTION 488 392 300 1980 6600 6600
3777 CONNECTION 488 353 300 2460 6300 6300
3778 CONNECTION 488 495 300 3780 8400 8400
3779 CONNECTION 488 433 300 4260 8100 8100
3780 CONNECTION 488 487 300 4260 8100 8100
3781 CONNECTION 488 20 300 4800 9420 9420
3782 CONNECTION 488 493 300 4800 9420 9420
3783 CONNECTION 16 17 -1 -1 2340 2340
3784 CONNECTION 16 150 -1 -1 3120 3120
3785 CONNECTION 16 108 -1 -1 2820 2820
3786 CONNECTION 16 300 -1 -1 4920 4920
3787 CONNECTION 16 277 300 780 4620 4620
3788 CONNECTION 16 325 300 1320 5940 5940
3789 CONNECTION 16 222 300 1560 5460 5460
3790 CONNECTION 16 392 300 2100 6720 6720
3791 CONNECTION 16 353 300 2580 6420 6420
3792 CONNECTION 16 495 300 3900 8520 8520
3793 CONNECTION 16 433 300 4380 8220 8220
3794 CONNECTION 16 487 300 4380 8220 8220
3795 CONNECTION 220 323 -1 -1 2100 2100
3796 CONNECTION 220 299 -1 -1 2700 2700
3797 CONNECTION 220 391 300 660 4500 4500
3798 CONNECTION 220 18 300 1920 5700 5700
3799 CONNECTION 220 491 300 1920 5700 5700
3800 CONNECTION 220 494 300 2460 6300 6300
3801 CONNECTION 220 152 300 4260 8100 8100
3802 CONNECTION 480 481 -1 -1 2340 2340
3803 CONNECTION 480 150 -1 -1 3120 3120
3804 CONNECTION 480 108 -1 -1 2820 2820
3805 CONNECTION 480 300 -1 -1 4920 4920
3806 CONNECTION 480 277 300 780 4620 4620
3807 CONNECTION 480 325 300 1320 5940 5940
3808 CONNECTION 480 222 300 1560 5460 5460
3809 CONNECTION 480 392 300 2100 6720 6720
3810 CONNECTION 480 353 300 2580 6420 6420
3811 CONNECTION 480 495 300 3900 8520 8520
3812 CONNECTION 480 433 300 4380 8220 8220
3813 CONNECTION 480 487 300 4380 8220 8220
3814 CONNECTION 248 249 -1 -1 1500 1500
3815 CONNECTION 248 48 -1 -1 2160 2160
3816 CONNECTION 248 80 -1 -1 3300 3300
3817 CONNECTION 248 195 300 600 3960 3960
3818 CONNECTION 248 251 300 1320 5100 5100
3819 CONNECTION 248 50 300 2400 5760 5760
3820 CONNECTION 248 82 300 3120 6900 6900
3821 CONNECTION 248 197 300 4200 7560 7560
3822 CONNECTION 193 169 -1 -1 4860 4860
3823 CONNECTION 193 369 -1 -1 1920 1920
3824 CONNECTION 193 276 -1 -1 3120 3120
3825 CONNECTION 193 484 -1 -1 2580 2580
3826 CONNECTION 193 221 -1 -1 3780 3780
3827 CONNECTION 193 250 -1 -1 3240 3240
3828 CONNECTION 193 352 -1 -1 4920 4920
3829 CONNECTION 193 151 300 900 4380 4380
3830 CONNECTION 193 81 300 1680 5040 5040
3831 CONNECTION 193 411 300 1980 8460 8460
3832 CONNECTION 193 129 300 2040 5520 5520
3833 CONNECTION 193 432 300 2100 6720 6720
3834 CONNECTION 193 486 300 2100 6720 6720
3835 CONNECTION 193 301 300 2700 6180 6180
3836 CONNECTION 193 500 300 2760 7380 7380
3837 CONNECTION 193 252 300 3480 6840 6840
3838 CONNECTION 193 110 300 3900 8520 8520
3839 CONNECTION 193 393 300 4500 7980 7980
3840 SINK 193 0 -1 -1 300 300
3841 CONNECTION 107 108 -1 -1 1560 1560
3842 CONNECTION 107 300 -1 -1 3660 3660
3843 CONNECTION 107 277 -1 -1 3360 3360
3844 CONNECTION 107 325 -1 -1 4680 4680
3845 CONNECTION 107 222 -1 -1 4200 4200
3846 CONNECTION 107 392 300 840 5460 5460
3847 CONNECTION 107 353 300 1320 5160 5160
3848 CONNECTION 107 495 300 2640 7260 7260
3849 CONNECTION 107 433 300 3120 6960 6960
3850 CONNECTION 107 487 300 3120 6960 6960
3851 CONNECTION 107 20 300 3660 8280 8280
3852 CONNECTION 107 493 300 3660 8280 8280
3853 CONNECTION 107 501 300 3900 7800 7800
3854 CONNECTION 107 153 300 4440 9060 9060
3855 CONNECTION 483 484 -1 -1 1200 1200
3856 CONNECTION 483 250 -1 -1 1860 1860
3857 CONNECTION 483 352 -1 -1 3540 3540
3858 CONNECTION 483 151 -1 -1 3000 3000
3859 CONNECTION 483 81 -1 -1 3660 3660
3860 CONNECTION 483 411 300 600 7080 7080
3861 CONNECTION 483 129 300 660 4140 4140
3862 CONNECTION 483 432 300 720 5340 5340
3863 CONNECTION 483 486 300 720 5340 5340
3864 CONNECTION 483 301 300 1320 4800 4800
3865 CONNECTION 483 500 300 1380 6000 6000
3866 CONNECTION 483 252 300 2100 5460 5460
3867 CONNECTION 483 110 300 2520 7140 7140
3868 CONNECTION 483 393 300 3120 6600 6600
3869 CONNECTION 483 83 300 3900 7260 7260
3870 CONNECTION 483 171 300 4200 10680 10680
3871 CONNECTION 483 371 300 4260 7740 7740
3872 CONNECTION 483 279 300 4320 8940 8940
3873 SINK 483 0 -1 -1 300 300
3874 CONNECTION 47 48 -1 -1 1080 1080
3875 CONNECTION 47 80 -1 -1 2220 2220
3876 CONNECTION 47 195 -1 -1 2880 2880
3877 CONNECTION 47 251 -1 -1 4020 4020
3878 CONNECTION 47 50 300 1320 4680 4680
3879 CONNECTION 47 82 300 2040 5820 5820
3880 CONNECTION 47 197 300 3120 6480 6480
3881 CONNECTION 47 253 300 3840 7620 7620
3882 CONNECTION 149 150 -1 -1 2340 2340
3883 CONNECTION 149 108 -1 -1 2040 2040
3884 CONNECTION 149 300 -1 -1 4140 4140
3885 CONNECTION 149 277 -1 -1 3840 3840
3886 CONNECTION 149 325 300 540 5160 5160
3887 CONNECTION 149 222 300 780 4680 4680
3888 CONNECTION 149 392 300 1320 5940 5940
3889 CONNECTION 149 353 300 1800 5640 5640
3890 CONNECTION 149 495 300 3120 7740 7740
3891 CONNECTION 149 433 300 3600 7440 7440
3892 CONNECTION 149 487 300 3600 7440 7440
3893 CONNECTION 149 20 300 4140 8760 8760
3894 CONNECTION 149 493 300 4140 8760 8760
3895 CONNECTION 149 501 300 4380 8280 8280
3896 CONNECTION 168 169 -1 -1 4200 4200
3897 CONNECTION 168 484 -1 -1 1920 1920
3898 CONNECTION 168 221 -1 -1 3120 3120
3899 CONNECTION 168 250 -1 -1 2580 2580
3900 CONNECTION 168 352 -1 -1 4260 4260
3901 CONNECTION 168 151 -1 -1 3720 3720
3902 CONNECTION 168 81 300 1020 4380 4380
3903 CONNECTION 168 411 300 1320 7800 7800
3904 CONNECTION 168 129 300 1380 4860 4860
3905 CONNECTION 168 432 300 1440 6060 6060
3906 CONNECTION 168 486 300 1440 6060 6060
3907 CONNECTION 168 301 300 2040 5520 5520
3908 CONNECTION 168 500 300 2100 6720 6720
3909 CONNECTION 168 252 300 2820 6180 6180
3910 CONNECTION 168 110 300 3240 7860 7860
3911 CONNECTION 168 393 300 3840 7320 7320
3912 CONNECTION 168 83 300 4620 7980 7980
3913 SINK 168 0 -1 -1 300 300
3914 CONNECTION 430 391 -1 -1 3360 3360
3915 CONNECTION 430 18 300 780 4560 4560
3916 CONNECTION 430 491 300 780 4560 4560
3917 CONNECTION 430 494 300 1320 5160 5160
3918 CONNECTION 430 152 300 3120 6960 6960
3919 CONNECTION 430 326 300 4380 8160 8160
3920 CONNECTION 475 391 -1 -1 3360 3360
3921 CONNECTION 475 18 300 780 4560 4560
3922 CONNECTION 475 491 300 780 4560 4560
3923 CONNECTION 475 494 300 1320 5160 5160
3924 CONNECTION 475 152 300 3120 6960 6960
3925 CONNECTION 475 326 300 4380 8160 8160
3926 CONNECTION 275 276 -1 -1 2340 2340
3927 CONNECTION 275 484 -1 -1 1800 1800
3928 CONNECTION 275 221 -1 -1 3000 3000
3929 CONNECTION 275 250 -1 -1 2460 2460
3930 CONNECTION 275 352 -1 -1 4140 4140
3931 CONNECTION 275 151 -1 -1 3600 3600
3932 CONNECTION 275 81 300 900 4260 4260
3933 CONNECTION 275 411 300 1200 7680 7680
3934 CONNECTION 275 129 300 1260 4740 4740
3935 CONNECTION 275 432 300 1320 5940 5940
3936 CONNECTION 275 486 300 1320 5940 5940
3937 CONNECTION 275 301 300 1920 5400 5400
3938 CONNECTION 275 500 300 1980 6600 6600
3939 CONNECTION 275 252 300 2700 6060 6060
3940 CONNECTION 275 110 300 3120 7740 7740
3941 CONNECTION 275 393 300 3720 7200 7200
3942 CONNECTION 275 83 300 4500 7860 7860
3943 CONNECTION 275 171 300 4800 11280 11280
3944 SINK 275 0 -1 -1 300 300
3945 CONNECTION 390 351 -1 -1 1800 1800
3946 CONNECTION 390 49 -1 -1 3540 3540
3947 CONNECTION 390 410 -1 -1 3480 3480
3948 CONNECTION 390 431 -1 -1 3600 3600
3949 CONNECTION 390 485 -1 -1 3600 3600
3950 CONNECTION 390 196 300 1560 5340 5340
3951 CONNECTION 390 109 300 1920 5400 5400
3952 CONNECTION 390 51 300 3360 7140 7140
3953 CONNECTION 390 170 300 3600 7080 7080
3954 CONNECTION 390 278 300 3720 7200 7200
3955 CONNECTION 249 49 -1 -1 3180 3180
3956 CONNECTION 249 410 -1 -1 3120 3120
3957 CONNECTION 249 431 -1 -1 3240 3240
3958 CONNECTION 249 485 -1 -1 3240 3240
3959 CONNECTION 249 196 300 1200 4980 4980
3960 CONNECTION 249 109 300 1560 5040 5040
3961 CONNECTION 249 51 300 3000 6780 6780
3962 CONNECTION 249 170 300 3240 6720 6720
3963 CONNECTION 249 278 300 3360 6840 6840
3964 CONNECTION 249 198 300 4800 8580 8580
3965 CONNECTION 17 151 -1 -1 1980 1980
3966 CONNECTION 17 81 -1 -1 2640 2640
3967 CONNECTION 17 411 -1 -1 6060 6060
3968 CONNECTION 17 129 -1 -1 3120 3120
3969 CONNECTION 17 432 -1 -1 4320 4320
3970 CONNECTION 17 486 -1 -1 4320 4320
3971 CONNECTION 17 301 -1 -1 3780 3780
3972 CONNECTION 17 500 300 360 4980 4980
3973 CONNECTION 17 252 300 1080 4440 4440
3974 CONNECTION 17 110 300 1500 6120 6120
3975 CONNECTION 17 393 300 2100 5580 5580
3976 CONNECTION 17 83 300 2880 6240 6240
3977 CONNECTION 17 171 300 3180 9660 9660
3978 CONNECTION 17 371 300 3240 6720 6720
3979 CONNECTION 17 279 300 3300 7920 7920
3980 CONNECTION 17 496 300 3900 7380 7380
3981 CONNECTION 17 224 300 3960 8580 8580
3982 CONNECTION 17 254 300 4680 8040 8040
3983 SINK 17 0 -1 -1 300 300
3984 CONNECTION 128 129 -1 -1 1260 1260
3985 CONNECTION 128 301 -1 -1 1920 1920
3986 CONNECTION 128 500 -1 -1 3120 3120
3987 CONNECTION 128 252 -1 -1 2580 2580
3988 CONNECTION 128 110 -1 -1 4260 4260
3989 CONNECTION 128 393 -1 -1 3720 3720
3990 CONNECTION 128 83 300 1020 4380 4380
3991 CONNECTION 128 171 300 1320 7800 7800
3992 CONNECTION 128 371 300 1380 4860 4860
3993 CONNECTION 128 279 300 1440 6060 6060
3994 CONNECTION 128 496 300 2040 5520 5520
3995 CONNECTION 128 224 300 2100 6720 6720
3996 CONNECTION 128 254 300 2820 6180 6180
3997 CONNECTION 128 355 300 3240 7860 7860
3998 CONNECTION 128 154 300 3840 7320 7320
3999 CONNECTION 128 85 300 4620 7980 7980
4000 SINK 128 0 -1 -1 300 300
4001 CONNECTION 481 151 -1 -1 1980 1980
4002 CONNECTION 481 81 -1 -1 2640 2640
4003 CONNECTION 481 411 -1 -1 6060 6060
4004 CONNECTION 481 129 -1 -1 3120 3120
4005 CONNECTION 481 432 -1 -1 4320 4320
4006 CONNECTION 481 486 -1 -1 4320 4320
4007 CONNECTION 481 301 -1 -1 3780 3780
4008 CONNECTION 481 500 300 360 4980 4980
4009 CONNECTION 481 252 300 1080 4440 4440
4010 CONNECTION 481 110 300 1500 6120 6120
4011 CONNECTION 481 393 300 2100 5580 5580
4012 CONNECTION 481 83 300 2880 6240 6240
4013 CONNECTION 481 171 300 3180 9660 9660
4014 CONNECTION 481 371 300 3240 6720 6720
4015 CONNECTION 481 279 300 3300 7920 7920
4016 CONNECTION 481 496 300 3900 7380 7380
4017 CONNECTION 481 224 300 3960 8580 8580
4018 CONNECTION 481 254 300 4680 8040 8040
4019 SINK 481 0 -1 -1 300 300
4020 CONNECTION 489 490 -1 -1 1620 1620
4021 CONNECTION 489 370 -1 -1 5940 5940
4022 CONNECTION 489 19 300 1440 5340 5340
4023 CONNECTION 489 223 300 1440 5220 5220
4024 CONNECTION 489 492 300 1440 5340 5340
4025 CONNECTION 489 130 300 3060 9540 9540
4026 CONNECTION 79 80 -1 -1 1500 1500
4027 CONNECTION 79 195 -1 -1 2160 2160
4028 CONNECTION 79 251 -1 -1 3300 3300
4029 CONNECTION 79 50 300 600 3960 3960
4030 CONNECTION 79 82 300 1320 5100 5100
4031 CONNECTION 79 197 300 2400 5760 5760
4032 CONNECTION 79 253 300 3120 6900 6900
4033 CONNECTION 79 52 300 4200 7560 7560
4034 CONNECTION 323 324 -1 -1 1620 1620
4035 CONNECTION 323 370 -1 -1 5820 5820
4036 CONNECTION 323 19 300 1320 5220 5220
4037 CONNECTION 323 223 300 1320 5100 5100
4038 CONNECTION 323 492 300 1320 5220 5220
4039 CONNECTION 323 130 300 2940 9420 9420
4040 CONNECTION 169 19 -1 -1 2400 2400
4041 CONNECTION 169 223 -1 -1 2280 2280
4042 CONNECTION 169 492 -1 -1 2400 2400
4043 CONNECTION 169 130 -1 -1 6600 6600
4044 CONNECTION 169 327 300 2100 6000 6000
4045 CONNECTION 169 502 300 2100 5880 5880
4046 CONNECTION 169 372 300 3720 10200 10200
4047 CONNECTION 48 352 -1 -1 3120 3120
4048 CONNECTION 48 151 -1 -1 2580 2580
4049 CONNECTION 48 81 -1 -1 3240 3240
4050 CONNECTION 48 411 -1 -1 6660 6660
4051 CONNECTION 48 129 -1 -1 3720 3720
4052 CONNECTION 48 432 -1 -1 4920 4920
4053 CONNECTION 48 486 -1 -1 4920 4920
4054 CONNECTION 48 301 300 900 4380 4380
4055 CONNECTION 48 500 300 960 5580 5580
4056 CONNECTION 48 252 300 1680 5040 5040
4057 CONNECTION 48 110 300 2100 6720 6720
4058 CONNECTION 48 393 300 2700 6180 6180
4059 CONNECTION 48 83 300 3480 6840 6840
4060 CONNECTION 48 171 300 3780 10260 10260
4061 CONNECTION 48 371 300 3840 7320 7320
4062 CONNECTION 48 279 300 3900 8520 8520
4063 CONNECTION 48 496 300 4500 7980 7980
4064 CONNECTION 48 224 300 4560 9180 9180
4065 SINK 48 0 -1 -1 300 300
4066 CONNECTION 369 49 -1 -1 2400 2400
4067 CONNECTION 369 410 -1 -1 2340 2340
4068 CONNECTION 369 431 -1 -1 2460 2460
4069 CONNECTION 369 485 -1 -1 2460 2460
4070 CONNECTION 369 196 300 420 4200 4200
4071 CONNECTION 369 109 300 780 4260 4260
4072 CONNECTION 369 51 300 2220 6000 6000
4073 CONNECTION 369 170 300 2460 5940 5940
4074 CONNECTION 369 278 300 2580 6060 6060
4075 CONNECTION 369 198 300 4020 7800 7800
4076 CONNECTION 369 354 300 4380 7860 7860
4077 CONNECTION 276 277 -1 -1 1560 1560
4078 CONNECTION 276 325 -1 -1 2880 2880
4079 CONNECTION 276 222 -1 -1 2400 2400
4080 CONNECTION 276 392 -1 -1 3660 3660
4081 CONNECTION 276 353 -1 -1 3360 3360
4082 CONNECTION 276 495 300 840 5460 5460
4083 CONNECTION 276 433 300 1320 5160 5160
4084 CONNECTION 276 487 300 1320 5160 5160
4085 CONNECTION 276 20 300 1860 6480 6480
4086 CONNECTION 276 493 300 1860 6480 6480
4087 CONNECTION 276 501 300 2100 6000 6000
4088 CONNECTION 276 153 300 2640 7260 7260
4089 CONNECTION 276 111 300 3120 6960 6960
4090 CONNECTION 276 303 300 4440 9060 9060
4091 CONNECTION 150 151 -1 -1 1200 1200
4092 CONNECTION 150 81 -1 -1 1860 1860
4093 CONNECTION 150 411 -1 -1 5280 5280
4094 CONNECTION 150 129 -1 -1 2340 2340
4095 CONNECTION 150 432 -1 -1 3540 3540
4096 CONNECTION 150 486 -1 -1 3540 3540
4097 CONNECTION 150 301 -1 -1 3000 3000
4098 CONNECTION 150 500 -1 -1 4200 4200
4099 CONNECTION 150 252 -1 -1 3660 3660
4100 CONNECTION 150 110 300 720 5340 5340
4101 CONNECTION 150 393 300 1320 4800 4800
4102 CONNECTION 150 83 300 2100 5460 5460
4103 CONNECTION 150 171 300 2400 8880 8880
4104 CONNECTION 150 371 300 2460 5940 5940
4105 CONNECTION 150 279 300 2520 7140 7140
4106 CONNECTION 150 496 300 3120 6600 6600
4107 CONNECTION 150 224 300 3180 7800 7800
4108 CONNECTION 150 254 300 3900 7260 7260
4109 CONNECTION 150 355 300 4320 8940 8940
4110 SINK 150 0 -1 -1 300 300
4111 CONNECTION 194 195 -1 -1 1080 1080
4112 CONNECTION 194 251 -1 -1 2220 2220
4113 CONNECTION 194 50 -1 -1 2880 2880
4114 CONNECTION 194 82 -1 -1 4020 4020
4115 CONNECTION 194 197 300 1320 4680 4680
4116 CONNECTION 194 253 300 2040 5820 5820
4117 CONNECTION 194 52 300 3120 6480 6480
4118 CONNECTION 194 84 300 3840 7620 7620
4119 CONNECTION 299 300 -1 -1 2340 2340
4120 CONNECTION 299 277 -1 -1 2040 2040
4121 CONNECTION 299 325 -1 -1 3360 3360
4122 CONNECTION 299 222 -1 -1 2880 2880
4123 CONNECTION 299 392 -1 -1 4140 4140
4124 CONNECTION 299 353 -1 -1 3840 3840
4125 CONNECTION 299 495 300 1320 5940 5940
4126 CONNECTION 299 433 300 1800 5640 5640
4127 CONNECTION 299 487 300 1800 5640 5640
4128 CONNECTION 299 20 300 2340 6960 6960
4129 CONNECTION 299 493 300 2340 6960 6960
4130 CONNECTION 299 501 300 2580 6480 6480
4131 CONNECTION 299 153 300 3120 7740 7740
4132 CONNECTION 299 111 300 3600 7440 7440
4133 CONNECTION 108 18 -1 -1 2760 2760
4134 CONNECTION 108 491 -1 -1 2760 2760
4135 CONNECTION 108 494 -1 -1 3360 3360
4136 CONNECTION 108 152 300 1320 5160 5160
4137 CONNECTION 108 326 300 2580 6360 6360
4138 CONNECTION 108 302 300 3120 6960 6960
4139 CONNECTION 351 352 -1 -1 2340 2340
4140 CONNECTION 351 151 -1 -1 1800 1800
4141 CONNECTION 351 81 -1 -1 2460 2460
4142 CONNECTION 351 411 -1 -1 5880 5880
4143 CONNECTION 351 129 -1 -1 2940 2940
4144 CONNECTION 351 432 -1 -1 4140 4140
4145 CONNECTION 351 486 -1 -1 4140 4140
4146 CONNECTION 351 301 -1 -1 3600 3600
4147 CONNECTION 351 500 -1 -1 4800 4800
4148 CONNECTION 351 252 300 900 4260 4260
4149 CONNECTION 351 110 300 1320 5940 5940
4150 CONNECTION 351 393 300 1920 5400 5400
4151 CONNECTION 351 83 300 2700 6060 6060
4152 CONNECTION 351 171 300 3000 9480 9480
4153 CONNECTION 351 371 300 3060 6540 6540
4154 CONNECTION 351 279 300 3120 7740 7740
4155 CONNECTION 351 496 300 3720 7200 7200
4156 CONNECTION 351 224 300 3780 8400 8400
4157 CONNECTION 351 254 300 4500 7860 7860
4158 SINK 351 0 -1 -1 300 300
4159 CONNECTION 484 410 -1 -1 1680 1680
4160 CONNECTION 484 431 -1 -1 1800 1800
4161 CONNECTION 484 485 -1 -1 1800 1800
4162 CONNECTION 484 196 -1 -1 3540 3540
4163 CONNECTION 484 109 -1 -1 3600 3600
4164 CONNECTION 484 51 300 1560 5340 5340
4165 CONNECTION 484 170 300 1800 5280 5280
4166 CONNECTION 484 278 300 1920 5400 5400
4167 CONNECTION 484 198 300 3360 7140 7140
4168 CONNECTION 484 354 300 3720 7200 7200
4169 CONNECTION 80 196 -1 -1 3180 3180
4170 CONNECTION 80 109 -1 -1 3240 3240
4171 CONNECTION 80 51 300 1200 4980 4980
4172 CONNECTION 80 170 300 1440 4920 4920
4173 CONNECTION 80 278 300 1560 5040 5040
4174 CONNECTION 80 198 300 3000 6780 6780
4175 CONNECTION 80 354 300 3360 6840 6840
4176 CONNECTION 80 53 300 4800 8580 8580
4177 CONNECTION 221 222 -1 -1 1740 1740
4178 CONNECTION 221 392 -1 -1 3000 3000
4179 CONNECTION 221 353 -1 -1 2700 2700
4180 CONNECTION 221 495 -1 -1 4800 4800
4181 CONNECTION 221 433 300 660 4500 4500
4182 CONNECTION 221 487 300 660 4500 4500
4183 CONNECTION 221 20 300 1200 5820 5820
4184 CONNECTION 221 493 300 1200 5820 5820
4185 CONNECTION 221 501 300 1440 5340 5340
4186 CONNECTION 221 153 300 1980 6600 6600
4187 CONNECTION 221 111 300 2460 6300 6300
4188 CONNECTION 221 303 300 3780 8400 8400
4189 CONNECTION 221 280 300 4260 8100 8100
4190 CONNECTION 221 328 300 4800 9420 9420
4191 CONNECTION 324 325 -1 -1 2340 2340
4192 CONNECTION 324 392 -1 -1 3120 3120
4193 CONNECTION 324 353 -1 -1 2820 2820
4194 CONNECTION 324 495 -1 -1 4920 4920
4195 CONNECTION 324 433 300 780 4620 4620
4196 CONNECTION 324 487 300 780 4620 4620
4197 CONNECTION 324 20 300 1320 5940 5940
4198 CONNECTION 324 493 300 1320 5940 5940
4199 CONNECTION 324 501 300 1560 5460 5460
4200 CONNECTION 324 153 300 2100 6720 6720
4201 CONNECTION 324 111 300 2580 6420 6420
4202 CONNECTION 324 303 300 3900 8520 8520
4203 CONNECTION 324 280 300 4380 8220 8220
4204 CONNECTION 490 18 -1 -1 2100 2100
4205 CONNECTION 490 491 -1 -1 2100 2100
4206 CONNECTION 490 494 -1 -1 2700 2700
4207 CONNECTION 490 152 300 660 4500 4500
4208 CONNECTION 490 326 300 1920 5700 5700
4209 CONNECTION 490 302 300 2460 6300 6300
4210 CONNECTION 490 394 300 4260 8100 8100
4211 CONNECTION 250 251 -1 -1 1500 1500
4212 CONNECTION 250 50 -1 -1 2160 2160
4213 CONNECTION 250 82 -1 -1 3300 3300
4214 CONNECTION 250 197 300 600 3960 3960
4215 CONNECTION 250 253 300 1320 5100 5100
4216 CONNECTION 250 52 300 2400 5760 5760
4217 CONNECTION 250 84 300 3120 6900 6900
4218 CONNECTION 250 199 300 4200 7560 7560
4219 CONNECTION 195 411 -1 -1 4860 4860
4220 CONNECTION 195 129 -1 -1 1920 1920
4221 CONNECTION 195 432 -1 -1 3120 3120
4222 CONNECTION 195 486 -1 -1 3120 3120
4223 CONNECTION 195 301 -1 -1 2580 2580
4224 CONNECTION 195 500 -1 -1 3780 3780
4225 CONNECTION 195 252 -1 -1 3240 3240
4226 CONNECTION 195 110 -1 -1 4920 4920
4227 CONNECTION 195 393 300 900 4380 4380
4228 CONNECTION 195 83 300 1680 5040 5040
4229 CONNECTION 195 171 300 1980 8460 8460
4230 CONNECTION 195 371 300 2040 5520 5520
4231 CONNECTION 195 279 300 2100 6720 6720
4232 CONNECTION 195 496 300 2700 6180 6180
4233 CONNECTION 195 224 300 2760 7380 7380
4234 CONNECTION 195 254 300 3480 6840 6840
4235 CONNECTION 195 355 300 3900 8520 8520
4236 CONNECTION 195 154 300 4500 7980 7980
4237 SINK 195 0 -1 -1 300 300
4238 CONNECTION 352 353 -1 -1 1560 1560
4239 CONNECTION 352 495 -1 -1 3660 3660
4240 CONNECTION 352 433 -1 -1 3360 3360
4241 CONNECTION 352 487 -1 -1 3360 3360
4242 CONNECTION 352 20 -1 -1 4680 4680
4243 CONNECTION 352 493 -1 -1 4680 4680
4244 CONNECTION 352 501 -1 -1 4200 4200
4245 CONNECTION 352 153 300 840 5460 5460
4246 CONNECTION 352 111 300 1320 5160 5160
4247 CONNECTION 352 303 300 2640 7260 7260
4248 CONNECTION 352 280 300 3120 6960 6960
4249 CONNECTION 352 328 300 3660 8280 8280
4250 CONNECTION 352 225 300 3900 7800 7800
4251 CONNECTION 352 395 300 4440 9060 9060
4252 CONNECTION 300 301 -1 -1 1200 1200
4253 CONNECTION 300 252 -1 -1 1860 1860
4254 CONNECTION 300 110 -1 -1 3540 3540
4255 CONNECTION 300 393 -1 -1 3000 3000
4256 CONNECTION 300 83 -1 -1 3660 3660
4257 CONNECTION 300 171 300 600 7080 7080
4258 CONNECTION 300 371 300 660 4140 4140
4259 CONNECTION 300 279 300 720 5340 5340
4260 CONNECTION 300 496 300 1320 4800 4800
4261 CONNECTION 300 224 300 1380 6000 6000
4262 CONNECTION 300 254 300 2100 5460 5460
4263 CONNECTION 300 355 300 2520 7140 7140
4264 CONNECTION 300 154 300 3120 6600 6600
4265 CONNECTION 300 85 300 3900 7260 7260
4266 CONNECTION 300 413 300 4200 10680 10680
4267 CONNECTION 300 131 300 4260 7740 7740
4268 CONNECTION 300 435 300 4320 8940 8940
4269 CONNECTION 300 498 300 4320 8940 8940
4270 SINK 300 0 -1 -1 300 300
4271 CONNECTION 49 50 -1 -1 1080 1080
4272 CONNECTION 49 82 -1 -1 2220 2220
4273 CONNECTION 49 197 -1 -1 2880 2880
4274 CONNECTION 49 253 -1 -1 4020 4020
4275 CONNECTION 49 52 300 1320 4680 4680
4276 CONNECTION 49 84 300 2040 5820 5820
4277 CONNECTION 49 199 300 3120 6480 6480
4278 CONNECTION 49 255 300 3840 7620 7620
4279 CONNECTION 391 392 -1 -1 2340 2340
4280 CONNECTION 391 353 -1 -1 2040 2040
4281 CONNECTION 391 495 -1 -1 4140 4140
4282 CONNECTION 391 433 -1 -1 3840 3840
4283 CONNECTION 391 487 -1 -1 3840 3840
4284 CONNECTION 391 20 300 540 5160 5160
4285 CONNECTION 391 493 300 540 5160 5160
4286 CONNECTION 391 501 300 780 4680 4680
4287 CONNECTION 391 153 300 1320 5940 5940
4288 CONNECTION 391 111 300 1800 5640 5640
4289 CONNECTION 391 303 300 3120 7740 7740
4290 CONNECTION 391 280 300 3600 7440 7440
4291 CONNECTION 391 328 300 4140 8760 8760
4292 CONNECTION 391 225 300 4380 8280 8280
4293 CONNECTION 410 411 -1 -1 4200 4200
4294 CONNECTION 410 301 -1 -1 1920 1920
4295 CONNECTION 410 500 -1 -1 3120 3120
4296 CONNECTION 410 252 -1 -1 2580 2580
4297 CONNECTION 410 110 -1 -1 4260 4260
4298 CONNECTION 410 393 -1 -1 3720 3720
4299 CONNECTION 410 83 300 1020 4380 4380
4300 CONNECTION 410 171 300 1320 7800 7800
4301 CONNECTION 410 371 300 1380 4860 4860
4302 CONNECTION 410 279 300 1440 6060 6060
4303 CONNECTION 410 496 300 2040 5520 5520
4304 CONNECTION 410 224 300 2100 6720 6720
4305 CONNECTION 410 254 300 2820 6180 6180
4306 CONNECTION 410 355 300 3240 7860 7860
4307 CONNECTION 410 154 300 3840 7320 7320
4308 CONNECTION 410 85 300 4620 7980 7980
4309 SINK 410 0 -1 -1 300 300
4310 CONNECTION 277 152 -1 -1 3360 3360
4311 CONNECTION 277 326 300 780 4560 4560
4312 CONNECTION 277 302 300 1320 5160 5160
4313 CONNECTION 277 394 300 3120 6960 6960
4314 CONNECTION 277 21 300 4380 8160 8160
4315 CONNECTION 277 503 300 4380 8160 8160
4316 CONNECTION 151 109 -1 -1 1800 1800
4317 CONNECTION 151 51 -1 -1 3540 3540
4318 CONNECTION 151 170 -1 -1 3480 3480
4319 CONNECTION 151 278 -1 -1 3600 3600
4320 CONNECTION 151 198 300 1560 5340 5340
4321 CONNECTION 151 354 300 1920 5400 5400
4322 CONNECTION 151 53 300 3360 7140 7140
4323 CONNECTION 151 412 300 3600 7080 7080
4324 CONNECTION 151 434 300 3720 7200 7200
4325 CONNECTION 151 497 300 3720 7200 7200
4326 CONNECTION 431 432 -1 -1 2340 2340
4327 CONNECTION 431 301 -1 -1 1800 1800
4328 CONNECTION 431 500 -1 -1 3000 3000
4329 CONNECTION 431 252 -1 -1 2460 2460
4330 CONNECTION 431 110 -1 -1 4140 4140
4331 CONNECTION 431 393 -1 -1 3600 3600
4332 CONNECTION 431 83 300 900 4260 4260
4333 CONNECTION 431 171 300 1200 7680 7680
4334 CONNECTION 431 371 300 1260 4740 4740
4335 CONNECTION 431 279 300 1320 5940 5940
4336 CONNECTION 431 496 300 1920 5400 5400
4337 CONNECTION 431 224 300 1980 6600 6600
4338 CONNECTION 431 254 300 2700 6060 6060
4339 CONNECTION 431 355 300 3120 7740 7740
4340 CONNECTION 431 154 300 3720 7200 7200
4341 CONNECTION 431 85 300 4500 7860 7860
4342 CONNECTION 431 413 300 4800 11280 11280
4343 SINK 431 0 -1 -1 300 300
4344 CONNECTION 485 486 -1 -1 2340 2340
4345 CONNECTION 485 301 -1 -1 1800 1800
4346 CONNECTION 485 500 -1 -1 3000 3000
4347 CONNECTION 485 252 -1 -1 2460 2460
4348 CONNECTION 485 110 -1 -1 4140 4140
4349 CONNECTION 485 393 -1 -1 3600 3600
4350 CONNECTION 485 83 300 900 4260 4260
4351 CONNECTION 485 171 300 1200 7680 7680
4352 CONNECTION 485 371 300 1260 4740 4740
4353 CONNECTION 485 279 300 1320 5940 5940
4354 CONNECTION 485 496 300 1920 5400 5400
4355 CONNECTION 485 224 300 1980 6600 6600
4356 CONNECTION 485 254 300 2700 6060 6060
4357 CONNECTION 485 355 300 3120 7740 7740
4358 CONNECTION 485 154 300 3720 7200 7200
4359 CONNECTION 485 85 300 4500 7860 7860
4360 CONNECTION 485 413 300 4800 11280 11280
4361 SINK 485 0 -1 -1 300 300
4362 CONNECTION 251 51 -1 -1 3180 3180
4363 CONNECTION 251 170 -1 -1 3120 3120
4364 CONNECTION 251 278 -1 -1 3240 3240
4365 CONNECTION 251 198 300 1200 4980 4980
4366 CONNECTION 251 354 300 1560 5040 5040
4367 CONNECTION 251 53 300 3000 6780 6780
4368 CONNECTION 251 412 300 3240 6720 6720
4369 CONNECTION 251 434 300 3360 6840 6840
4370 CONNECTION 251 497 300 3360 6840 6840
4371 CONNECTION 251 200 300 4800 8580 8580
4372 CONNECTION 325 393 -1 -1 1980 1980
4373 CONNECTION 325 83 -1 -1 2640 2640
4374 CONNECTION 325 171 -1 -1 6060 6060
4375 CONNECTION 325 371 -1 -1 3120 3120
4376 CONNECTION 325 279 -1 -1 4320 4320
4377 CONNECTION 325 496 -1 -1 3780 3780
4378 CONNECTION 325 224 300 360 4980 4980
4379 CONNECTION 325 254 300 1080 4440 4440
4380 CONNECTION 325 355 300 1500 6120 6120
4381 CONNECTION 325 154 300 2100 5580 5580
4382 CONNECTION 325 85 300 2880 6240 6240
4383 CONNECTION 325 413 300 3180 9660 9660
4384 CONNECTION 325 131 300 3240 6720 6720
4385 CONNECTION 325 435 300 3300 7920 7920
4386 CONNECTION 325 498 300 3300 7920 7920
4387 CONNECTION 325 304 300 3900 7380 7380
4388 CONNECTION 325 512 300 3960 8580 8580
4389 CONNECTION 325 256 300 4680 8040 8040
4390 SINK 325 0 -1 -1 300 300
4391 CONNECTION 370 371 -1 -1 1260 1260
4392 CONNECTION 370 496 -1 -1 1920 1920
4393 CONNECTION 370 224 -1 -1 3120 3120
4394 CONNECTION 370 254 -1 -1 2580 2580
4395 CONNECTION 370 355 -1 -1 4260 4260
4396 CONNECTION 370 154 -1 -1 3720 3720
4397 CONNECTION 370 85 300 1020 4380 4380
4398 CONNECTION 370 413 300 1320 7800 7800
4399 CONNECTION 370 131 300 1380 4860 4860
4400 CONNECTION 370 435 300 1440 6060 6060
4401 CONNECTION 370 498 300 1440 6060 6060
4402 CONNECTION 370 304 300 2040 5520 5520
4403 CONNECTION 370 512 300 2100 6720 6720
4404 CONNECTION 370 256 300 2820 6180 6180
4405 CONNECTION 370 113 300 3240 7860 7860
4406 CONNECTION 370 396 300 3840 7320 7320
4407 CONNECTION 370 87 300 4620 7980 7980
4408 SINK 370 0 -1 -1 300 300
4409 CONNECTION 222 223 -1 -1 1620 1620
4410 CONNECTION 222 130 -1 -1 5940 5940
4411 CONNECTION 222 327 300 1440 5340 5340
4412 CONNECTION 222 502 300 1440 5220 5220
4413 CONNECTION 222 372 300 3060 9540 9540
4414 CONNECTION 81 82 -1 -1 1500 1500
4415 CONNECTION 81 197 -1 -1 2160 2160
4416 CONNECTION 81 253 -1 -1 3300 3300
4417 CONNECTION 81 52 300 600 3960 3960
4418 CONNECTION 81 84 300 1320 5100 5100
4419 CONNECTION 81 199 300 2400 5760 5760
4420 CONNECTION 81 255 300 3120 6900 6900
4421 CONNECTION 81 54 300 4200 7560 7560
4422 CONNECTION 18 19 -1 -1 1620 1620
4423 CONNECTION 18 130 -1 -1 5820 5820
4424 CONNECTION 18 327 300 1320 5220 5220
4425 CONNECTION 18 502 300 1320 5100 5100
4426 CONNECTION 18 372 300 2940 9420 9420
4427 CONNECTION 491 492 -1 -1 1620 1620
4428 CONNECTION 491 130 -1 -1 5820 5820
4429 CONNECTION 491 327 300 1320 5220 5220
4430 CONNECTION 491 502 300 1320 5100 5100
4431 CONNECTION 491 372 300 2940 9420 9420
4432 CONNECTION 411 327 -1 -1 2400 2400
4433 CONNECTION 411 502 -1 -1 2280 2280
4434 CONNECTION 411 372 -1 -1 6600 6600
4435 CONNECTION 411 22 300 2100 6000 6000
4436 CONNECTION 411 226 300 2100 5880 5880
4437 CONNECTION 411 504 300 2100 6000 6000
4438 CONNECTION 411 132 300 3720 10200 10200
4439 CONNECTION 50 110 -1 -1 3120 3120
4440 CONNECTION 50 393 -1 -1 2580 2580
4441 CONNECTION 50 83 -1 -1 3240 3240
4442 CONNECTION 50 171 -1 -1 6660 6660
4443 CONNECTION 50 371 -1 -1 3720 3720
4444 CONNECTION 50 279 -1 -1 4920 4920
4445 CONNECTION 50 496 300 900 4380 4380
4446 CONNECTION 50 224 300 960 5580 5580
4447 CONNECTION 50 254 300 1680 5040 5040
4448 CONNECTION 50 355 300 2100 6720 6720
4449 CONNECTION 50 154 300 2700 6180 6180
4450 CONNECTION 50 85 300 3480 6840 6840
4451 CONNECTION 50 413 300 3780 10260 10260
4452 CONNECTION 50 131 300 3840 7320 7320
4453 CONNECTION 50 435 300 3900 8520 8520
4454 CONNECTION 50 498 300 3900 8520 8520
4455 CONNECTION 50 304 300 4500 7980 7980
4456 CONNECTION 50 512 300 4560 9180 9180
4457 SINK 50 0 -1 -1 300 300
4458 CONNECTION 129 51 -1 -1 2400 2400
4459 CONNECTION 129 170 -1 -1 2340 2340
4460 CONNECTION 129 278 -1 -1 2460 2460
4461 CONNECTION 129 198 300 420 4200 4200
4462 CONNECTION 129 354 300 780 4260 4260
4463 CONNECTION 129 53 300 2220 6000 6000
4464 CONNECTION 129 412 300 2460 5940 5940
4465 CONNECTION 129 434 300 2580 6060 6060
4466 CONNECTION 129 497 300 2580 6060 6060
4467 CONNECTION 129 200 300 4020 7800 7800
4468 CONNECTION 129 112 300 4380 7860 7860
4469 CONNECTION 432 433 -1 -1 1560 1560
4470 CONNECTION 432 20 -1 -1 2880 2880
4471 CONNECTION 432 493 -1 -1 2880 2880
4472 CONNECTION 432 501 -1 -1 2400 2400
4473 CONNECTION 432 153 -1 -1 3660 3660
4474 CONNECTION 432 111 -1 -1 3360 3360
4475 CONNECTION 432 303 300 840 5460 5460
4476 CONNECTION 432 280 300 1320 5160 5160
4477 CONNECTION 432 328 300 1860 6480 6480
4478 CONNECTION 432 225 300 2100 6000 6000
4479 CONNECTION 432 395 300 2640 7260 7260
4480 CONNECTION 432 356 300 3120 6960 6960
4481 CONNECTION 432 507 300 4440 9060 9060
4482 CONNECTION 486 487 -1 -1 1560 1560
4483 CONNECTION 486 20 -1 -1 2880 2880
4484 CONNECTION 486 493 -1 -1 2880 2880
4485 CONNECTION 486 501 -1 -1 2400 2400
4486 CONNECTION 486 153 -1 -1 3660 3660
4487 CONNECTION 486 111 -1 -1 3360 3360
4488 CONNECTION 486 303 300 840 5460 5460
4489 CONNECTION 486 280 300 1320 5160 5160
4490 CONNECTION 486 328 300 1860 6480 6480
4491 CONNECTION 486 225 300 2100 6000 6000
4492 CONNECTION 486 395 300 2640 7260 7260
4493 CONNECTION 486 356 300 3120 6960 6960
4494 CONNECTION 486 507 300 4440 9060 9060
4495 CONNECTION 392 393 -1 -1 1200 1200
4496 CONNECTION 392 83 -1 -1 1860 1860
4497 CONNECTION 392 171 -1 -1 5280 5280
4498 CONNECTION 392 371 -1 -1 2340 2340
4499 CONNECTION 392 279 -1 -1 3540 3540
4500 CONNECTION 392 496 -1 -1 3000 3000
4501 CONNECTION 392 224 -1 -1 4200 4200
4502 CONNECTION 392 254 -1 -1 3660 3660
4503 CONNECTION 392 355 300 720 5340 5340
4504 CONNECTION 392 154 300 1320 4800 4800
4505 CONNECTION 392 85 300 2100 5460 5460
4506 CONNECTION 392 413 300 2400 8880 8880
4507 CONNECTION 392 131 300 2460 5940 5940
4508 CONNECTION 392 435 300 2520 7140 7140
4509 CONNECTION 392 498 300 2520 7140 7140
4510 CONNECTION 392 304 300 3120 6600 6600
4511 CONNECTION 392 512 300 3180 7800 7800
4512 CONNECTION 392 256 300 3900 7260 7260
4513 CONNECTION 392 113 300 4320 8940 8940
4514 SINK 392 0 -1 -1 300 300
4515 CONNECTION 196 197 -1 -1 1080 1080
4516 CONNECTION 196 253 -1 -1 2220 2220
4517 CONNECTION 196 52 -1 -1 2880 2880
4518 CONNECTION 196 84 -1 -1 4020 4020
4519 CONNECTION 196 199 300 1320 4680 4680
4520 CONNECTION 196 255 300 2040 5820 5820
4521 CONNECTION 196 54 300 3120 6480 6480
4522 CONNECTION 196 86 300 3840 7620 7620
4523 CONNECTION 494 495 -1 -1 2340 2340
4524 CONNECTION 494 433 -1 -1 2040 2040
4525 CONNECTION 494 487 -1 -1 2040 2040
4526 CONNECTION 494 20 -1 -1 3360 3360
4527 CONNECTION 494 493 -1 -1 3360 3360
4528 CONNECTION 494 501 -1 -1 2880 2880
4529 CONNECTION 494 153 -1 -1 4140 4140
4530 CONNECTION 494 111 -1 -1 3840 3840
4531 CONNECTION 494 303 300 1320 5940 5940
4532 CONNECTION 494 280 300 1800 5640 5640
4533 CONNECTION 494 328 300 2340 6960 6960
4534 CONNECTION 494 225 300 2580 6480 6480
4535 CONNECTION 494 395 300 3120 7740 7740
4536 CONNECTION 494 356 300 3600 7440 7440
4537 CONNECTION 353 326 -1 -1 2760 2760
4538 CONNECTION 353 302 -1 -1 3360 3360
4539 CONNECTION 353 394 300 1320 5160 5160
4540 CONNECTION 353 21 300 2580 6360 6360
4541 CONNECTION 353 503 300 2580 6360 6360
4542 CONNECTION 353 506 300 3120 6960 6960
4543 CONNECTION 109 110 -1 -1 2340 2340
4544 CONNECTION 109 393 -1 -1 1800 1800
4545 CONNECTION 109 83 -1 -1 2460 2460
4546 CONNECTION 109 171 -1 -1 5880 5880
4547 CONNECTION 109 371 -1 -1 2940 2940
4548 CONNECTION 109 279 -1 -1 4140 4140
4549 CONNECTION 109 496 -1 -1 3600 3600
4550 CONNECTION 109 224 -1 -1 4800 4800
4551 CONNECTION 109 254 300 900 4260 4260
4552 CONNECTION 109 355 300 1320 5940 5940
4553 CONNECTION 109 154 300 1920 5400 5400
4554 CONNECTION 109 85 300 2700 6060 6060
4555 CONNECTION 109 413 300 3000 9480 9480
4556 CONNECTION 109 131 300 3060 6540 6540
4557 CONNECTION 109 435 300 3120 7740 7740
4558 CONNECTION 109 498 300 3120 7740 7740
4559 CONNECTION 109 304 300 3720 7200 7200
4560 CONNECTION 109 512 300 3780 8400 8400
4561 CONNECTION 109 256 300 4500 7860 7860
4562 SINK 109 0 -1 -1 300 300
4563 CONNECTION 301 170 -1 -1 1680 1680
4564 CONNECTION 301 278 -1 -1 1800 1800
4565 CONNECTION 301 198 -1 -1 3540 3540
4566 CONNECTION 301 354 -1 -1 3600 3600
4567 CONNECTION 301 53 300 1560 5340 5340
4568 CONNECTION 301 412 300 1800 5280 5280
4569 CONNECTION 301 434 300 1920 5400 5400
4570 CONNECTION 301 497 300 1920 5400 5400
4571 CONNECTION 301 200 300 3360 7140 7140
4572 CONNECTION 301 112 300 3720 7200 7200
4573 CONNECTION 82 198 -1 -1 3180 3180
4574 CONNECTION 82 354 -1 -1 3240 3240
4575 CONNECTION 82 53 300 1200 4980 4980
4576 CONNECTION 82 412 300 1440 4920 4920
4577 CONNECTION 82 434 300 1560 5040 5040
4578 CONNECTION 82 497 300 1560 5040 5040
4579 CONNECTION 82 200 300 3000 6780 6780
4580 CONNECTION 82 112 300 3360 6840 6840
4581 CONNECTION 82 55 300 4800 8580 8580
4582 CONNECTION 500 501 -1 -1 1740 1740
4583 CONNECTION 500 153 -1 -1 3000 3000
4584 CONNECTION 500 111 -1 -1 2700 2700
4585 CONNECTION 500 303 -1 -1 4800 4800
4586 CONNECTION 500 280 300 660 4500 4500
4587 CONNECTION 500 328 300 1200 5820 5820
4588 CONNECTION 500 225 300 1440 5340 5340
4589 CONNECTION 500 395 300 1980 6600 6600
4590 CONNECTION 500 356 300 2460 6300 6300
4591 CONNECTION 500 507 300 3780 8400 8400
4592 CONNECTION 500 436 300 4260 8100 8100
4593 CONNECTION 500 499 300 4260 8100 8100
4594 CONNECTION 500 23 300 4800 9420 9420
4595 CONNECTION 500 505 300 4800 9420 9420
4596 CONNECTION 19 20 -1 -1 2340 2340
4597 CONNECTION 19 153 -1 -1 3120 3120
4598 CONNECTION 19 111 -1 -1 2820 2820
4599 CONNECTION 19 303 -1 -1 4920 4920
4600 CONNECTION 19 280 300 780 4620 4620
4601 CONNECTION 19 328 300 1320 5940 5940
4602 CONNECTION 19 225 300 1560 5460 5460
4603 CONNECTION 19 395 300 2100 6720 6720
4604 CONNECTION 19 356 300 2580 6420 6420
4605 CONNECTION 19 507 300 3900 8520 8520
4606 CONNECTION 19 436 300 4380 8220 8220
4607 CONNECTION 19 499 300 4380 8220 8220
4608 CONNECTION 223 326 -1 -1 2100 2100
4609 CONNECTION 223 302 -1 -1 2700 2700
4610 CONNECTION 223 394 300 660 4500 4500
4611 CONNECTION 223 21 300 1920 5700 5700
4612 CONNECTION 223 503 300 1920 5700 5700
4613 CONNECTION 223 506 300 2460 6300 6300
4614 CONNECTION 223 155 300 4260 8100 8100
4615 CONNECTION 492 493 -1 -1 2340 2340
4616 CONNECTION 492 153 -1 -1 3120 3120
4617 CONNECTION 492 111 -1 -1 2820 2820
4618 CONNECTION 492 303 -1 -1 4920 4920
4619 CONNECTION 492 280 300 780 4620 4620
4620 CONNECTION 492 328 300 1320 5940 5940
4621 CONNECTION 492 225 300 1560 5460 5460
4622 CONNECTION 492 395 300 2100 6720 6720
4623 CONNECTION 492 356 300 2580 6420 6420
4624 CONNECTION 492 507 300 3900 8520 8520
4625 CONNECTION 492 436 300 4380 8220 8220
4626 CONNECTION 492 499 300 4380 8220 8220
4627 CONNECTION 252 253 -1 -1 1500 1500
4628 CONNECTION 252 52 -1 -1 2160 2160
4629 CONNECTION 252 84 -1 -1 3300 3300
4630 CONNECTION 252 199 300 600 3960 3960
4631 CONNECTION 252 255 300 1320 5100 5100
4632 CONNECTION 252 54 300 2400 5760 5760
4633 CONNECTION 252 86 300 3120 6900 6900
4634 CONNECTION 252 201 300 4200 7560 7560
4635 CONNECTION 197 171 -1 -1 4860 4860
4636 CONNECTION 197 371 -1 -1 1920 1920
4637 CONNECTION 197 279 -1 -1 3120 3120
4638 CONNECTION 197 496 -1 -1 2580 2580
4639 CONNECTION 197 224 -1 -1 3780 3780
4640 CONNECTION 197 254 -1 -1 3240 3240
4641 CONNECTION 197 355 -1 -1 4920 4920
4642 CONNECTION 197 154 300 900 4380 4380
4643 CONNECTION 197 85 300 1680 5040 5040
4644 CONNECTION 197 413 300 1980 8460 8460
4645 CONNECTION 197 131 300 2040 5520 5520
4646 CONNECTION 197 435 300 2100 6720 6720
4647 CONNECTION 197 498 300 2100 6720 6720
4648 CONNECTION 197 304 300 2700 6180 6180
4649 CONNECTION 197 512 300 2760 7380 7380
4650 CONNECTION 197 256 300 3480 6840 6840
4651 CONNECTION 197 113 300 3900 8520 8520
4652 CONNECTION 197 396 300 4500 7980 7980
4653 SINK 197 0 -1 -1 300 300
4654 CONNECTION 110 111 -1 -1 1560 1560
4655 CONNECTION 110 303 -1 -1 3660 3660
4656 CONNECTION 110 280 -1 -1 3360 3360
4657 CONNECTION 110 328 -1 -1 4680 4680
4658 CONNECTION 110 225 -1 -1 4200 4200
4659 CONNECTION 110 395 300 840 5460 5460
4660 CONNECTION 110 356 300 1320 5160 5160
4661 CONNECTION 110 507 300 2640 7260 7260
4662 CONNECTION 110 436 300 3120 6960 6960
4663 CONNECTION 110 499 300 3120 6960 6960
4664 CONNECTION 110 23 300 3660 8280 8280
4665 CONNECTION 110 505 300 3660 8280 8280
4666 CONNECTION 110 513 300 3900 7800 7800
4667 CONNECTION 110 156 300 4440 9060 9060
4668 CONNECTION 495 496 -1 -1 1200 1200
4669 CONNECTION 495 254 -1 -1 1860 1860
4670 CONNECTION 495 355 -1 -1 3540 3540
4671 CONNECTION 495 154 -1 -1 3000 3000
4672 CONNECTION 495 85 -1 -1 3660 3660
4673 CONNECTION 495 413 300 600 7080 7080
4674 CONNECTION 495 131 300 660 4140 4140
4675 CONNECTION 495 435 300 720 5340 5340
4676 CONNECTION 495 498 300 720 5340 5340
4677 CONNECTION 495 304 300 1320 4800 4800
4678 CONNECTION 495 512 300 1380 6000 6000
4679 CONNECTION 495 256 300 2100 5460 5460
4680 CONNECTION 495 113 300 2520 7140 7140
4681 CONNECTION 495 396 300 3120 6600 6600
4682 CONNECTION 495 87 300 3900 7260 7260
4683 CONNECTION 495 173 300 4200 10680 10680
4684 CONNECTION 495 373 300 4260 7740 7740
4685 CONNECTION 495 282 300 4320 8940 8940
4686 SINK 495 0 -1 -1 300 300
4687 CONNECTION 51 52 -1 -1 1080 1080
4688 CONNECTION 51 84 -1 -1 2220 2220
4689 CONNECTION 51 199 -1 -1 2880 2880
4690 CONNECTION 51 255 -1 -1 4020 4020
4691 CONNECTION 51 54 300 1320 4680 4680
4692 CONNECTION 51 86 300 2040 5820 5820
4693 CONNECTION 51 201 300 3120 6480 6480
4694 CONNECTION 51 257 300 3840 7620 7620
4695 CONNECTION 152 153 -1 -1 2340 2340
4696 CONNECTION 152 111 -1 -1 2040 2040
4697 CONNECTION 152 303 -1 -1 4140 4140
4698 CONNECTION 152 280 -1 -1 3840 3840
4699 CONNECTION 152 328 300 540 5160 5160
4700 CONNECTION 152 225 300 780 4680 4680
4701 CONNECTION 152 395 300 1320 5940 5940
4702 CONNECTION 152 356 300 1800 5640 5640
4703 CONNECTION 152 507 300 3120 7740 7740
4704 CONNECTION 152 436 300 3600 7440 7440
4705 CONNECTION 152 499 300 3600 7440 7440
4706 CONNECTION 152 23 300 4140 8760 8760
4707 CONNECTION 152 505 300 4140 8760 8760
4708 CONNECTION 152 513 300 4380 8280 8280
4709 CONNECTION 170 171 -1 -1 4200 4200
4710 CONNECTION 170 496 -1 -1 1920 1920
4711 CONNECTION 170 224 -1 -1 3120 3120
4712 CONNECTION 170 254 -1 -1 2580 2580
4713 CONNECTION 170 355 -1 -1 4260 4260
4714 CONNECTION 170 154 -1 -1 3720 3720
4715 CONNECTION 170 85 300 1020 4380 4380
4716 CONNECTION 170 413 300 1320 7800 7800
4717 CONNECTION 170 131 300 1380 4860 4860
4718 CONNECTION 170 435 300 1440 6060 6060
4719 CONNECTION 170 498 300 1440 6060 6060
4720 CONNECTION 170 304 300 2040 5520 5520
4721 CONNECTION 170 512 300 2100 6720 6720
4722 CONNECTION 170 256 300 2820 6180 6180
4723 CONNECTION 170 113 300 3240 7860 7860
4724 CONNECTION 170 396 300 3840 7320 7320
4725 CONNECTION 170 87 300 4620 7980 7980
4726 SINK 170 0 -1 -1 300 300
4727 CONNECTION 433 394 -1 -1 3360 3360
4728 CONNECTION 433 21 300 780 4560 4560
4729 CONNECTION 433 503 300 780 4560 4560
4730 CONNECTION 433 506 300 1320 5160 5160
4731 CONNECTION 433 155 300 3120 6960 6960
4732 CONNECTION 433 329 300 4380 8160 8160
4733 CONNECTION 487 394 -1 -1 3360 3360
4734 CONNECTION 487 21 300 780 4560 4560
4735 CONNECTION 487 503 300 780 4560 4560
4736 CONNECTION 487 506 300 1320 5160 5160
4737 CONNECTION 487 155 300 3120 6960 6960
4738 CONNECTION 487 329 300 4380 8160 8160
4739 CONNECTION 278 279 -1 -1 2340 2340
4740 CONNECTION 278 496 -1 -1 1800 1800
4741 CONNECTION 278 224 -1 -1 3000 3000
4742 CONNECTION 278 254 -1 -1 2460 2460
4743 CONNECTION 278 355 -1 -1 4140 4140
4744 CONNECTION 278 154 -1 -1 3600 3600
4745 CONNECTION 278 85 300 900 4260 4260
4746 CONNECTION 278 413 300 1200 7680 7680
4747 CONNECTION 278 131 300 1260 4740 4740
4748 CONNECTION 278 435 300 1320 5940 5940
4749 CONNECTION 278 498 300 1320 5940 5940
4750 CONNECTION 278 304 300 1920 5400 5400
4751 CONNECTION 278 512 300 1980 6600 6600
4752 CONNECTION 278 256 300 2700 6060 6060
4753 CONNECTION 278 113 300 3120 7740 7740
4754 CONNECTION 278 396 300 3720 7200 7200
4755 CONNECTION 278 87 300 4500 7860 7860
4756 CONNECTION 278 173 300 4800 11280 11280
4757 SINK 278 0 -1 -1 300 300
4758 CONNECTION 393 354 -1 -1 1800 1800
4759 CONNECTION 393 53 -1 -1 3540 3540
4760 CONNECTION 393 412 -1 -1 3480 3480
4761 CONNECTION 393 434 -1 -1 3600 3600
4762 CONNECTION 393 497 -1 -1 3600 3600
4763 CONNECTION 393 200 300 1560 5340 5340
4764 CONNECTION 393 112 300 1920 5400 5400
4765 CONNECTION 393 55 300 3360 7140 7140
4766 CONNECTION 393 172 300 3600 7080 7080
4767 CONNECTION 393 281 300 3720 7200 7200
4768 CONNECTION 253 53 -1 -1 3180 3180
4769 CONNECTION 253 412 -1 -1 3120 3120
4770 CONNECTION 253 434 -1 -1 3240 3240
4771 CONNECTION 253 497 -1 -1 3240 3240
4772 CONNECTION 253 200 300 1200 4980 4980
4773 CONNECTION 253 112 300 1560 5040 5040
4774 CONNECTION 253 55 300 3000 6780 6780
4775 CONNECTION 253 172 300 3240 6720 6720
4776 CONNECTION 253 281 300 3360 6840 6840
4777 CONNECTION 253 202 300 4800 8580 8580
4778 CONNECTION 20 154 -1 -1 1980 1980
4779 CONNECTION 20 85 -1 -1 2640 2640
4780 CONNECTION 20 413 -1 -1 6060 6060
4781 CONNECTION 20 131 -1 -1 3120 3120
4782 CONNECTION 20 435 -1 -1 4320 4320
4783 CONNECTION 20 498 -1 -1 4320 4320
4784 CONNECTION 20 304 -1 -1 3780 3780
4785 CONNECTION 20 512 300 360 4980 4980
4786 CONNECTION 20 256 300 1080 4440 4440
4787 CONNECTION 20 113 300 1500 6120 6120
4788 CONNECTION 20 396 300 2100 5580 5580
4789 CONNECTION 20 87 300 2880 6240 6240
4790 CONNECTION 20 173 300 3180 9660 9660
4791 CONNECTION 20 373 300 3240 6720 6720
4792 CONNECTION 20 282 300 3300 7920 7920
4793 CONNECTION 20 508 300 3900 7380 7380
4794 CONNECTION 20 227 300 3960 8580 8580
4795 CONNECTION 20 258 300 4680 8040 8040
4796 SINK 20 0 -1 -1 300 300
4797 CONNECTION 130 131 -1 -1 1260 1260
4798 CONNECTION 130 304 -1 -1 1920 1920
4799 CONNECTION 130 512 -1 -1 3120 3120
4800 CONNECTION 130 256 -1 -1 2580 2580
4801 CONNECTION 130 113 -1 -1 4260 4260
4802 CONNECTION 130 396 -1 -1 3720 3720
4803 CONNECTION 130 87 300 1020 4380 4380
4804 CONNECTION 130 173 300 1320 7800 7800
4805 CONNECTION 130 373 300 1380 4860 4860
4806 CONNECTION 130 282 300 1440 6060 6060
4807 CONNECTION 130 508 300 2040 5520 5520
4808 CONNECTION 130 227 300 2100 6720 6720
4809 CONNECTION 130 258 300 2820 6180 6180
4810 CONNECTION 130 358 300 3240 7860 7860
4811 CONNECTION 130 157 300 3840 7320 7320
4812 CONNECTION 130 89 300 4620 7980 7980
4813 SINK 130 0 -1 -1 300 300
4814 CONNECTION 493 154 -1 -1 1980 1980
4815 CONNECTION 493 85 -1 -1 2640 2640
4816 CONNECTION 493 413 -1 -1 6060 6060
4817 CONNECTION 493 131 -1 -1 3120 3120
4818 CONNECTION 493 435 -1 -1 4320 4320
4819 CONNECTION 493 498 -1 -1 4320 4320
4820 CONNECTION 493 304 -1 -1 3780 3780
4821 CONNECTION 493 512 300 360 4980 4980
4822 CONNECTION 493 256 300 1080 4440 4440
4823 CONNECTION 493 113 300 1500 6120 6120
4824 CONNECTION 493 396 300 2100 5580 5580
4825 CONNECTION 493 87 300 2880 6240 6240
4826 CONNECTION 493 173 300 3180 9660 9660
4827 CONNECTION 493 373 300 3240 6720 6720
4828 CONNECTION 493 282 300 3300 7920 7920
4829 CONNECTION 493 508 300 3900 7380 7380
4830 CONNECTION 493 227 300 3960 8580 8580
4831 CONNECTION 493 258 300 4680 8040 8040
4832 SINK 493 0 -1 -1 300 300
4833 CONNECTION 501 502 -1 -1 1620 1620
4834 CONNECTION 501 372 -1 -1 5940 5940
4835 CONNECTION 501 22 300 1440 5340 5340
4836 CONNECTION 501 226 300 1440 5220 5220
4837 CONNECTION 501 504 300 1440 5340 5340
4838 CONNECTION 501 132 300 3060 9540 9540
4839 CONNECTION 83 84 -1 -1 1500 1500
4840 CONNECTION 83 199 -1 -1 2160 2160
4841 CONNECTION 83 255 -1 -1 3300 3300
4842 CONNECTION 83 54 300 600 3960 3960
4843 CONNECTION 83 86 300 1320 5100 5100
4844 CONNECTION 83 201 300 2400 5760 5760
4845 CONNECTION 83 257 300 3120 6900 6900
4846 CONNECTION 83 56 300 4200 7560 7560
4847 CONNECTION 326 327 -1 -1 1620 1620
4848 CONNECTION 326 372 -1 -1 5820 5820
4849 CONNECTION 326 22 300 1320 5220 5220
4850 CONNECTION 326 226 300 1320 5100 5100
4851 CONNECTION 326 504 300 1320 5220 5220
4852 CONNECTION 326 132 300 2940 9420 9420
4853 CONNECTION 171 22 -1 -1 2400 2400
4854 CONNECTION 171 226 -1 -1 2280 2280
4855 CONNECTION 171 504 -1 -1 2400 2400
4856 CONNECTION 171 132 -1 -1 6600 6600
4857 CONNECTION 171 330 300 2100 6000 6000
4858 CONNECTION 171 514 300 2100 5880 5880
4859 CONNECTION 171 374 300 3720 10200 10200
4860 CONNECTION 52 355 -1 -1 3120 3120
4861 CONNECTION 52 154 -1 -1 2580 2580
4862 CONNECTION 52 85 -1 -1 3240 3240
4863 CONNECTION 52 413 -1 -1 6660 6660
4864 CONNECTION 52 131 -1 -1 3720 3720
4865 CONNECTION 52 435 -1 -1 4920 4920
4866 CONNECTION 52 498 -1 -1 4920 4920
4867 CONNECTION 52 304 300 900 4380 4380
4868 CONNECTION 52 512 300 960 5580 5580
4869 CONNECTION 52 256 300 1680 5040 5040
4870 CONNECTION 52 113 300 2100 6720 6720
4871 CONNECTION 52 396 300 2700 6180 6180
4872 CONNECTION 52 87 300 3480 6840 6840
4873 CONNECTION 52 173 300 3780 10260 10260
4874 CONNECTION 52 373 300 3840 7320 7320
4875 CONNECTION 52 282 300 3900 8520 8520
4876 CONNECTION 52 508 300 4500 7980 7980
4877 CONNECTION 52 227 300 4560 9180 9180
4878 SINK 52 0 -1 -1 300 300
4879 CONNECTION 371 53 -1 -1 2400 2400
4880 CONNECTION 371 412 -1 -1 2340 2340
4881 CONNECTION 371 434 -1 -1 2460 2460
4882 CONNECTION 371 497 -1 -1 2460 2460
4883 CONNECTION 371 200 300 420 4200 4200
4884 CONNECTION 371 112 300 780 4260 4260
4885 CONNECTION 371 55 300 2220 6000 6000
4886 CONNECTION 371 172 300 2460 5940 5940
4887 CONNECTION 371 281 300 2580 6060 6060
4888 CONNECTION 371 202 300 4020 7800 7800
4889 CONNECTION 371 357 300 4380 7860 7860
4890 CONNECTION 279 280 -1 -1 1560 1560
4891 CONNECTION 279 328 -1 -1 2880 2880
4892 CONNECTION 279 225 -1 -1 2400 2400
4893 CONNECTION 279 395 -1 -1 3660 3660
4894 CONNECTION 279 356 -1 -1 3360 3360
4895 CONNECTION 279 507 300 840 5460 5460
4896 CONNECTION 279 436 300 1320 5160 5160
4897 CONNECTION 279 499 300 1320 5160 5160
4898 CONNECTION 279 23 300 1860 6480 6480
4899 CONNECTION 279 505 300 1860 6480 6480
4900 CONNECTION 279 513 300 2100 6000 6000
4901 CONNECTION 279 156 300 2640 7260 7260
4902 CONNECTION 279 114 300 3120 6960 6960
4903 CONNECTION 279 306 300 4440 9060 9060
4904 CONNECTION 153 154 -1 -1 1200 1200
4905 CONNECTION 153 85 -1 -1 1860 1860
4906 CONNECTION 153 413 -1 -1 5280 5280
4907 CONNECTION 153 131 -1 -1 2340 2340
4908 CONNECTION 153 435 -1 -1 3540 3540
4909 CONNECTION 153 498 -1 -1 3540 3540
4910 CONNECTION 153 304 -1 -1 3000 3000
4911 CONNECTION 153 512 -1 -1 4200 4200
4912 CONNECTION 153 256 -1 -1 3660 3660
4913 CONNECTION 153 113 300 720 5340 5340
4914 CONNECTION 153 396 300 1320 4800 4800
4915 CONNECTION 153 87 300 2100 5460 5460
4916 CONNECTION 153 173 300 2400 8880 8880
4917 CONNECTION 153 373 300 2460 5940 5940
4918 CONNECTION 153 282 300 2520 7140 7140
4919 CONNECTION 153 508 300 3120 6600 6600
4920 CONNECTION 153 227 300 3180 7800 7800
4921 CONNECTION 153 258 300 3900 7260 7260
4922 CONNECTION 153 358 300 4320 8940 8940
4923 SINK 153 0 -1 -1 300 300
4924 CONNECTION 198 199 -1 -1 1080 1080
4925 CONNECTION 198 255 -1 -1 2220 2220
4926 CONNECTION 198 54 -1 -1 2880 2880
4927 CONNECTION 198 86 -1 -1 4020 4020
4928 CONNECTION 198 201 300 1320 4680 4680
4929 CONNECTION 198 257 300 2040 5820 5820
4930 CONNECTION 198 56 300 3120 6480 6480
4931 CONNECTION 198 88 300 3840 7620 7620
4932 CONNECTION 302 303 -1 -1 2340 2340
4933 CONNECTION 302 280 -1 -1 2040 2040
4934 CONNECTION 302 328 -1 -1 3360 3360
4935 CONNECTION 302 225 -1 -1 2880 2880
4936 CONNECTION 302 395 -1 -1 4140 4140
4937 CONNECTION 302 356 -1 -1 3840 3840
4938 CONNECTION 302 507 300 1320 5940 5940
4939 CONNECTION 302 436 300 1800 5640 5640
4940 CONNECTION 302 499 300 1800 5640 5640
4941 CONNECTION 302 23 300 2340 6960 6960
4942 CONNECTION 302 505 300 2340 6960 6960
4943 CONNECTION 302 513 300 2580 6480 6480
4944 CONNECTION 302 156 300 3120 7740 7740
4945 CONNECTION 302 114 300 3600 7440 7440
4946 CONNECTION 111 21 -1 -1 2760 2760
4947 CONNECTION 111 503 -1 -1 2760 2760
4948 CONNECTION 111 506 -1 -1 3360 3360
4949 CONNECTION 111 155 300 1320 5160 5160
4950 CONNECTION 111 329 300 2580 6360 6360
4951 CONNECTION 111 305 300 3120 6960 6960
4952 CONNECTION 354 355 -1 -1 2340 2340
4953 CONNECTION 354 154 -1 -1 1800 1800
4954 CONNECTION 354 85 -1 -1 2460 2460
4955 CONNECTION 354 413 -1 -1 5880 5880
4956 CONNECTION 354 131 -1 -1 2940 2940
4957 CONNECTION 354 435 -1 -1 4140 4140
4958 CONNECTION 354 498 -1 -1 4140 4140
4959 CONNECTION 354 304 -1 -1 3600 3600
4960 CONNECTION 354 512 -1 -1 4800 4800
4961 CONNECTION 354 256 300 900 4260 4260
4962 CONNECTION 354 113 300 1320 5940 5940
4963 CONNECTION 354 396 300 1920 5400 5400
4964 CONNECTION 354 87 300 2700 6060 6060
4965 CONNECTION 354 173 300 3000 9480 9480
4966 CONNECTION 354 373 300 3060 6540 6540
4967 CONNECTION 354 282 300 3120 7740 7740
4968 CONNECTION 354 508 300 3720 7200 7200
4969 CONNECTION 354 227 300 3780 8400 8400
4970 CONNECTION 354 258 300 4500 7860 7860
4971 SINK 354 0 -1 -1 300 300
4972 CONNECTION 496 412 -1 -1 1680 1680
4973 CONNECTION 496 434 -1 -1 1800 1800
4974 CONNECTION 496 497 -1 -1 1800 1800
4975 CONNECTION 496 200 -1 -1 3540 3540
4976 CONNECTION 496 112 -1 -1 3600 3600
4977 CONNECTION 496 55 300 1560 5340 5340
4978 CONNECTION 496 172 300 1800 5280 5280
4979 CONNECTION 496 281 300 1920 5400 5400
4980 CONNECTION 496 202 300 3360 7140 7140
4981 CONNECTION 496 357 300 3720 7200 7200
4982 CONNECTION 84 200 -1 -1 3180 3180
4983 CONNECTION 84 112 -1 -1 3240 3240
4984 CONNECTION 84 55 300 1200 4980 4980
4985 CONNECTION 84 172 300 1440 4920 4920
4986 CONNECTION 84 281 300 1560 5040 5040
4987 CONNECTION 84 202 300 3000 6780 6780
4988 CONNECTION 84 357 300 3360 6840 6840
4989 CONNECTION 84 57 300 4800 8580 8580
4990 CONNECTION 224 225 -1 -1 1740 1740
4991 CONNECTION 224 395 -1 -1 3000 3000
4992 CONNECTION 224 356 -1 -1 2700 2700
4993 CONNECTION 224 507 -1 -1 4800 4800
4994 CONNECTION 224 436 300 660 4500 4500
4995 CONNECTION 224 499 300 660 4500 4500
4996 CONNECTION 224 23 300 1200 5820 5820
4997 CONNECTION 224 505 300 1200 5820 5820
4998 CONNECTION 224 513 300 1440 5340 5340
4999 CONNECTION 224 156 300 1980 6600 6600
5000 CONNECTION 224 114 300 2460 6300 6300
5001 CONNECTION 224 306 300 3780 8400 8400
5002 CONNECTION 224 283 300 4260 8100 8100
5003 CONNECTION 224 331 300 4800 9420 9420
5004 CONNECTION 327 328 -1 -1 2340 2340
5005 CONNECTION 327 395 -1 -1 3120 3120
5006 CONNECTION 327 356 -1 -1 2820 2820
5007 CONNECTION 327 507 -1 -1 4920 4920
5008 CONNECTION 327 436 300 780 4620 4620
5009 CONNECTION 327 499 300 780 4620 4620
5010 CONNECTION 327 23 300 1320 5940 5940
5011 CONNECTION 327 505 300 1320 5940 5940
5012 CONNECTION 327 513 300 1560 5460 5460
5013 CONNECTION 327 156 300 2100 6720 6720
5014 CONNECTION 327 114 300 2580 6420 6420
5015 CONNECTION 327 306 300 3900 8520 8520
5016 CONNECTION 327 283 300 4380 8220 8220
5017 CONNECTION 502 21 -1 -1 2100 2100
5018 CONNECTION 502 503 -1 -1 2100 2100
5019 CONNECTION 502 506 -1 -1 2700 2700
5020 CONNECTION 502 155 300 660 4500 4500
5021 CONNECTION 502 329 300 1920 5700 5700
5022 CONNECTION 502 305 300 2460 6300 6300
5023 CONNECTION 502 397 300 4260 8100 8100
5024 CONNECTION 254 255 -1 -1 1500 1500
5025 CONNECTION 254 54 -1 -1 2160 2160
5026 CONNECTION 254 86 -1 -1 3300 3300
5027 CONNECTION 254 201 300 600 3960 3960
5028 CONNECTION 254 257 300 1320 5100 5100
5029 CONNECTION 254 56 300 2400 5760 5760
5030 CONNECTION 254 88 300 3120 6900 6900
5031 CONNECTION 254 203 300 4200 7560 7560
5032 CONNECTION 199 413 -1 -1 4860 4860
5033 CONNECTION 199 131 -1 -1 1920 1920
5034 CONNECTION 199 435 -1 -1 3120 3120
5035 CONNECTION 199 498 -1 -1 3120 3120
5036 CONNECTION 199 304 -1 -1 2580 2580
5037 CONNECTION 199 512 -1 -1 3780 3780
5038 CONNECTION 199 256 -1 -1 3240 3240
5039 CONNECTION 199 113 -1 -1 4920 4920
5040 CONNECTION 199 396 300 900 4380 4380
5041 CONNECTION 199 87 300 1680 5040 5040
5042 CONNECTION 199 173 300 1980 8460 8460
5043 CONNECTION 199 373 300 2040 5520 5520
5044 CONNECTION 199 282 300 2100 6720 6720
5045 CONNECTION 199 508 300 2700 6180 6180
5046 CONNECTION 199 227 300 2760 7380 7380
5047 CONNECTION 199 258 300 3480 6840 6840
5048 CONNECTION 199 358 300 3900 8520 8520
5049 CONNECTION 199 157 300 4500 7980 7980
5050 SINK 199 0 -1 -1 300 300
5051 CONNECTION 355 356 -1 -1 1560 1560
5052 CONNECTION 355 507 -1 -1 3660 3660
5053 CONNECTION 355 436 -1 -1 3360 3360
5054 CONNECTION 355 499 -1 -1 3360 3360
5055 CONNECTION 355 23 -1 -1 4680 4680
5056 CONNECTION 355 505 -1 -1 4680 4680
5057 CONNECTION 355 513 -1 -1 4200 4200
5058 CONNECTION 355 156 300 840 5460 5460
5059 CONNECTION 355 114 300 1320 5160 5160
5060 CONNECTION 355 306 300 2640 7260 7260
5061 CONNECTION 355 283 300 3120 6960 6960
5062 CONNECTION 355 331 300 3660 8280 8280
5063 CONNECTION 355 228 300 3900 7800 7800
5064 CONNECTION 355 398 300 4440 9060 9060
5065 CONNECTION 303 304 -1 -1 1200 1200
5066 CONNECTION 303 256 -1 -1 1860 1860
5067 CONNECTION 303 113 -1 -1 3540 3540
5068 CONNECTION 303 396 -1 -1 3000 3000
5069 CONNECTION 303 87 -1 -1 3660 3660
5070 CONNECTION 303 173 300 600 7080 7080
5071 CONNECTION 303 373 300 660 4140 4140
5072 CONNECTION 303 282 300 720 5340 5340
5073 CONNECTION 303 508 300 1320 4800 4800
5074 CONNECTION 303 227 300 1380 6000 6000
5075 CONNECTION 303 258 300 2100 5460 5460
5076 CONNECTION 303 358 300 2520 7140 7140
5077 CONNECTION 303 157 300 3120 6600 6600
5078 CONNECTION 303 89 300 3900 7260 7260
5079 CONNECTION 303 415 300 4200 10680 10680
5080 CONNECTION 303 133 300 4260 7740 7740
5081 CONNECTION 303 438 300 4320 8940 8940
5082 CONNECTION 303 510 300 4320 8940 8940
5083 SINK 303 0 -1 -1 300 300
5084 CONNECTION 53 54 -1 -1 1080 1080
5085 CONNECTION 53 86 -1 -1 2220 2220
5086 CONNECTION 53 201 -1 -1 2880 2880
5087 CONNECTION 53 257 -1 -1 4020 4020
5088 CONNECTION 53 56 300 1320 4680 4680
5089 CONNECTION 53 88 300 2040 5820 5820
5090 CONNECTION 53 203 300 3120 6480 6480
5091 CONNECTION 53 259 300 3840 7620 7620
5092 CONNECTION 394 395 -1 -1 2340 2340
5093 CONNECTION 394 356 -1 -1 2040 2040
5094 CONNECTION 394 507 -1 -1 4140 4140
5095 CONNECTION 394 436 -1 -1 3840 3840
5096 CONNECTION 394 499 -1 -1 3840 3840
5097 CONNECTION 394 23 300 540 5160 5160
5098 CONNECTION 394 505 300 540 5160 5160
5099 CONNECTION 394 513 300 780 4680 4680
5100 CONNECTION 394 156 300 1320 5940 5940
5101 CONNECTION 394 114 300 1800 5640 5640
5102 CONNECTION 394 306 300 3120 7740 7740
5103 CONNECTION 394 283 300 3600 7440 7440
5104 CONNECTION 394 331 300 4140 8760 8760
5105 CONNECTION 394 228 300 4380 8280 8280
5106 CONNECTION 412 413 -1 -1 4200 4200
5107 CONNECTION 412 304 -1 -1 1920 1920
5108 CONNECTION 412 512 -1 -1 3120 3120
5109 CONNECTION 412 256 -1 -1 2580 2580
5110 CONNECTION 412 113 -1 -1 4260 4260
5111 CONNECTION 412 396 -1 -1 3720 3720
5112 CONNECTION 412 87 300 1020 4380 4380
5113 CONNECTION 412 173 300 1320 7800 7800
5114 CONNECTION 412 373 300 1380 4860 4860
5115 CONNECTION 412 282 300 1440 6060 6060
5116 CONNECTION 412 508 300 2040 5520 5520
5117 CONNECTION 412 227 300 2100 6720 6720
5118 CONNECTION 412 258 300 2820 6180 6180
5119 CONNECTION 412 358 300 3240 7860 7860
5120 CONNECTION 412 157 300 3840 7320 7320
5121 CONNECTION 412 89 300 4620 7980 7980
5122 SINK 412 0 -1 -1 300 300
5123 CONNECTION 280 155 -1 -1 3360 3360
5124 CONNECTION 280 329 300 780 4560 4560
5125 CONNECTION 280 305 300 1320 5160 5160
5126 CONNECTION 280 397 300 3120 6960 6960
5127 CONNECTION 280 24 300 4380 8160 8160
5128 CONNECTION 280 515 300 4380 8160 8160
5129 CONNECTION 154 112 -1 -1 1800 1800
5130 CONNECTION 154 55 -1 -1 3540 3540
5131 CONNECTION 154 172 -1 -1 3480 3480
5132 CONNECTION 154 281 -1 -1 3600 3600
5133 CONNECTION 154 202 300 1560 5340 5340
5134 CONNECTION 154 357 300 1920 5400 5400
5135 CONNECTION 154 57 300 3360 7140 7140
5136 CONNECTION 154 414 300 3600 7080 7080
5137 CONNECTION 154 437 300 3720 7200 7200
5138 CONNECTION 154 509 300 3720 7200 7200
5139 CONNECTION 434 435 -1 -1 2340 2340
5140 CONNECTION 434 304 -1 -1 1800 1800
5141 CONNECTION 434 512 -1 -1 3000 3000
5142 CONNECTION 434 256 -1 -1 2460 2460
5143 CONNECTION 434 113 -1 -1 4140 4140
5144 CONNECTION 434 396 -1 -1 3600 3600
5145 CONNECTION 434 87 300 900 4260 4260
5146 CONNECTION 434 173 300 1200 7680 7680
5147 CONNECTION 434 373 300 1260 4740 4740
5148 CONNECTION 434 282 300 1320 5940 5940
5149 CONNECTION 434 508 300 1920 5400 5400
5150 CONNECTION 434 227 300 1980 6600 6600
5151 CONNECTION 434 258 300 2700 6060 6060
5152 CONNECTION 434 358 300 3120 7740 7740
5153 CONNECTION 434 157 300 3720 7200 7200
5154 CONNECTION 434 89 300 4500 7860 7860
5155 CONNECTION 434 415 300 4800 11280 11280
5156 SINK 434 0 -1 -1 300 300
5157 CONNECTION 497 498 -1 -1 2340 2340
5158 CONNECTION 497 304 -1 -1 1800 1800
5159 CONNECTION 497 512 -1 -1 3000 3000
5160 CONNECTION 497 256 -1 -1 2460 2460
5161 CONNECTION 497 113 -1 -1 4140 4140
5162 CONNECTION 497 396 -1 -1 3600 3600
5163 CONNECTION 497 87 300 900 4260 4260
5164 CONNECTION 497 173 300 1200 7680 7680
5165 CONNECTION 497 373 300 1260 4740 4740
5166 CONNECTION 497 282 300 1320 5940 5940
5167 CONNECTION 497 508 300 1920 5400 5400
5168 CONNECTION 497 227 300 1980 6600 6600
5169 CONNECTION 497 258 300 2700 6060 6060
5170 CONNECTION 497 358 300 3120 7740 7740
5171 CONNECTION 497 157 300 3720 7200 7200
5172 CONNECTION 497 89 300 4500 7860 7860
5173 CONNECTION 497 415 300 4800 11280 11280
5174 SINK 497 0 -1 -1 300 300
5175 CONNECTION 255 55 -1 -1 3180 3180
5176 CONNECTION 255 172 -1 -1 3120 3120
5177 CONNECTION 255 281 -1 -1 3240 3240
5178 CONNECTION 255 202 300 1200 4980 4980
5179 CONNECTION 255 357 300 1560 5040 5040
5180 CONNECTION 255 57 300 3000 6780 6780
5181 CONNECTION 255 414 300 3240 6720 6720
5182 CONNECTION 255 437 300 3360 6840 6840
5183 CONNECTION 255 509 300 3360 6840 6840
5184 CONNECTION 255 204 300 4800 8580 8580
5185 CONNECTION 328 396 -1 -1 1980 1980
5186 CONNECTION 328 87 -1 -1 2640 2640
5187 CONNECTION 328 173 -1 -1 6060 6060
5188 CONNECTION 328 373 -1 -1 3120 3120
5189 CONNECTION 328 282 -1 -1 4320 4320
5190 CONNECTION 328 508 -1 -1 3780 3780
5191 CONNECTION 328 227 300 360 4980 4980
5192 CONNECTION 328 258 300 1080 4440 4440
5193 CONNECTION 328 358 300 1500 6120 6120
5194 CONNECTION 328 157 300 2100 5580 5580
5195 CONNECTION 328 89 300 2880 6240 6240
5196 CONNECTION 328 415 300 3180 9660 9660
5197 CONNECTION 328 133 300 3240 6720 6720
5198 CONNECTION 328 438 300 3300 7920 7920
5199 CONNECTION 328 510 300 3300 7920 7920
5200 CONNECTION 328 307 300 3900 7380 7380
5201 CONNECTION 328 524 300 3960 8580 8580
5202 SINK 328 0 -1 -1 300 300
5203 CONNECTION 372 373 -1 -1 1260 1260
5204 CONNECTION 372 508 -1 -1 1920 1920
5205 CONNECTION 372 227 -1 -1 3120 3120
5206 CONNECTION 372 258 -1 -1 2580 2580
5207 CONNECTION 372 358 -1 -1 4260 4260
5208 CONNECTION 372 157 -1 -1 3720 3720
5209 CONNECTION 372 89 300 1020 4380 4380
5210 CONNECTION 372 415 300 1320 7800 7800
5211 CONNECTION 372 133 300 1380 4860 4860
5212 CONNECTION 372 438 300 1440 6060 6060
5213 CONNECTION 372 510 300 1440 6060 6060
5214 CONNECTION 372 307 300 2040 5520 5520
5215 CONNECTION 372 524 300 2100 6720 6720
5216 CONNECTION 372 116 300 3240 7860 7860
5217 CONNECTION 372 399 300 3840 7320 7320
5218 SINK 372 0 -1 -1 300 300
5219 CONNECTION 225 226 -1 -1 1620 1620
5220 CONNECTION 225 132 -1 -1 5940 5940
5221 CONNECTION 225 330 300 1440 5340 5340
5222 CONNECTION 225 514 300 1440 5220 5220
5223 CONNECTION 225 374 300 3060 9540 9540
5224 CONNECTION 85 86 -1 -1 1500 1500
5225 CONNECTION 85 201 -1 -1 2160 2160
5226 CONNECTION 85 257 -1 -1 3300 3300
5227 CONNECTION 85 56 300 600 3960 3960
5228 CONNECTION 85 88 300 1320 5100 5100
5229 CONNECTION 85 203 300 2400 5760 5760
5230 CONNECTION 85 259 300 3120 6900 6900
5231 CONNECTION 85 58 300 4200 7560 7560
5232 CONNECTION 21 22 -1 -1 1620 1620
5233 CONNECTION 21 132 -1 -1 5820 5820
5234 CONNECTION 21 330 300 1320 5220 5220
5235 CONNECTION 21 514 300 1320 5100 5100
5236 CONNECTION 21 374 300 2940 9420 9420
5237 CONNECTION 503 504 -1 -1 1620 1620
5238 CONNECTION 503 132 -1 -1 5820 5820
5239 CONNECTION 503 330 300 1320 5220 5220
5240 CONNECTION 503 514 300 1320 5100 5100
5241 CONNECTION 503 374 300 2940 9420 9420
5242 CONNECTION 413 330 -1 -1 2400 2400
5243 CONNECTION 413 514 -1 -1 2280 2280
5244 CONNECTION 413 374 -1 -1 6600 6600
5245 CONNECTION 413 25 300 2100 6000 6000
5246 CONNECTION 413 229 300 2100 5880 5880
5247 CONNECTION 413 516 300 2100 6000 6000
5248 CONNECTION 54 113 -1 -1 3120 3120
5249 CONNECTION 54 396 -1 -1 2580 2580
5250 CONNECTION 54 87 -1 -1 3240 3240
5251 CONNECTION 54 173 -1 -1 6660 6660
5252 CONNECTION 54 373 -1 -1 3720 3720
5253 CONNECTION 54 282 -1 -1 4920 4920
5254 CONNECTION 54 508 300 900 4380 4380
5255 CONNECTION 54 227 300 960 5580 5580
5256 CONNECTION 54 258 300 1680 5040 5040
5257 CONNECTION 54 358 300 2100 6720 6720
5258 CONNECTION 54 157 300 2700 6180 6180
5259 CONNECTION 54 89 300 3480 6840 6840
5260 CONNECTION 54 415 300 3780 10260 10260
5261 CONNECTION 54 133 300 3840 7320 7320
5262 CONNECTION 54 438 300 3900 8520 8520
5263 CONNECTION 54 510 300 3900 8520 8520
5264 CONNECTION 54 307 300 4500 7980 7980
5265 CONNECTION 54 524 300 4560 9180 9180
5266 SINK 54 0 -1 -1 300 300
5267 CONNECTION 131 55 -1 -1 2400 2400
5268 CONNECTION 131 172 -1 -1 2340 2340
5269 CONNECTION 131 281 -1 -1 2460 2460
5270 CONNECTION 131 202 300 420 4200 4200
5271 CONNECTION 131 357 300 780 4260 4260
5272 CONNECTION 131 57 300 2220 6000 6000
5273 CONNECTION 131 414 300 2460 5940 5940
5274 CONNECTION 131 437 300 2580 6060 6060
5275 CONNECTION 131 509 300 2580 6060 6060
5276 CONNECTION 131 204 300 4020 7800 7800
5277 CONNECTION 131 115 300 4380 7860 7860
5278 CONNECTION 435 436 -1 -1 1560 1560
5279 CONNECTION 435 23 -1 -1 2880 2880
5280 CONNECTION 435 505 -1 -1 2880 2880
5281 CONNECTION 435 513 -1 -1 2400 2400
5282 CONNECTION 435 156 -1 -1 3660 3660
5283 CONNECTION 435 114 -1 -1 3360 3360
5284 CONNECTION 435 306 300 840 5460 5460
5285 CONNECTION 435 283 300 1320 5160 5160
5286 CONNECTION 435 331 300 1860 6480 6480
5287 CONNECTION 435 228 300 2100 6000 6000
5288 CONNECTION 435 398 300 2640 7260 7260
5289 CONNECTION 435 359 300 3120 6960 6960
5290 CONNECTION 435 519 300 4440 9060 9060
5291 CONNECTION 498 499 -1 -1 1560 1560
5292 CONNECTION 498 23 -1 -1 2880 2880
5293 CONNECTION 498 505 -1 -1 2880 2880
5294 CONNECTION 498 513 -1 -1 2400 2400
5295 CONNECTION 498 156 -1 -1 3660 3660
5296 CONNECTION 498 114 -1 -1 3360 3360
5297 CONNECTION 498 306 300 840 5460 5460
5298 CONNECTION 498 283 300 1320 5160 5160
5299 CONNECTION 498 331 300 1860 6480 6480
5300 CONNECTION 498 228 300 2100 6000 6000
5301 CONNECTION 498 398 300 2640 7260 7260
5302 CONNECTION 498 359 300 3120 6960 6960
5303 CONNECTION 498 519 300 4440 9060 9060
5304 CONNECTION 395 396 -1 -1 1200 1200
5305 CONNECTION 395 87 -1 -1 1860 1860
5306 CONNECTION 395 173 -1 -1 5280 5280
5307 CONNECTION 395 373 -1 -1 2340 2340
5308 CONNECTION 395 282 -1 -1 3540 3540
5309 CONNECTION 395 508 -1 -1 3000 3000
5310 CONNECTION 395 227 -1 -1 4200 4200
5311 CONNECTION 395 258 -1 -1 3660 3660
5312 CONNECTION 395 358 300 720 5340 5340
5313 CONNECTION 395 157 300 1320 4800 4800
5314 CONNECTION 395 89 300 2100 5460 5460
5315 CONNECTION 395 415 300 2400 8880 8880
5316 CONNECTION 395 133 300 2460 5940 5940
5317 CONNECTION 395 438 300 2520 7140 7140
5318 CONNECTION 395 510 300 2520 7140 7140
5319 CONNECTION 395 307 300 3120 6600 6600
5320 CONNECTION 395 524 300 3180 7800 7800
5321 CONNECTION 395 116 300 4320 8940 8940
5322 SINK 395 0 -1 -1 300 300
5323 CONNECTION 200 201 -1 -1 1080 1080
5324 CONNECTION 200 257 -1 -1 2220 2220
5325 CONNECTION 200 56 -1 -1 2880 2880
5326 CONNECTION 200 88 -1 -1 4020 4020
5327 CONNECTION 200 203 300 1320 4680 4680
5328 CONNECTION 200 259 300 2040 5820 5820
5329 CONNECTION 200 58 300 3120 6480 6480
5330 CONNECTION 200 90 300 3840 7620 7620
5331 CONNECTION 506 507 -1 -1 2340 2340
5332 CONNECTION 506 436 -1 -1 2040 2040
5333 CONNECTION 506 499 -1 -1 2040 2040
5334 CONNECTION 506 23 -1 -1 3360 3360
5335 CONNECTION 506 505 -1 -1 3360 3360
5336 CONNECTION 506 513 -1 -1 2880 2880
5337 CONNECTION 506 156 -1 -1 4140 4140
5338 CONNECTION 506 114 -1 -1 3840 3840
5339 CONNECTION 506 306 300 1320 5940 5940
5340 CONNECTION 506 283 300 1800 5640 5640
5341 CONNECTION 506 331 300 2340 6960 6960
5342 CONNECTION 506 228 300 2580 6480 6480
5343 CONNECTION 506 398 300 3120 7740 7740
5344 CONNECTION 506 359 300 3600 7440 7440
5345 CONNECTION 356 329 -1 -1 2760 2760
5346 CONNECTION 356 305 -1 -1 3360 3360
5347 CONNECTION 356 397 300 1320 5160 5160
5348 CONNECTION 356 24 300 2580 6360 6360
5349 CONNECTION 356 515 300 2580 6360 6360
5350 CONNECTION 356 518 300 3120 6960 6960
5351 CONNECTION 112 113 -1 -1 2340 2340
5352 CONNECTION 112 396 -1 -1 1800 1800
5353 CONNECTION 112 87 -1 -1 2460 2460
5354 CONNECTION 112 173 -1 -1 5880 5880
5355 CONNECTION 112 373 -1 -1 2940 2940
5356 CONNECTION 112 282 -1 -1 4140 4140
5357 CONNECTION 112 508 -1 -1 3600 3600
5358 CONNECTION 112 227 -1 -1 4800 4800
5359 CONNECTION 112 258 300 900 4260 4260
5360 CONNECTION 112 358 300 1320 5940 5940
5361 CONNECTION 112 157 300 1920 5400 5400
5362 CONNECTION 112 89 300 2700 6060 6060
5363 CONNECTION 112 415 300 3000 9480 9480
5364 CONNECTION 112 133 300 3060 6540 6540
5365 CONNECTION 112 438 300 3120 7740 7740
5366 CONNECTION 112 510 300 3120 7740 7740
5367 CONNECTION 112 307 300 3720 7200 7200
5368 CONNECTION 112 524 300 3780 8400 8400
5369 SINK 112 0 -1 -1 300 300
5370 CONNECTION 304 172 -1 -1 1680 1680
5371 CONNECTION 304 281 -1 -1 1800 1800
5372 CONNECTION 304 202 -1 -1 3540 3540
5373 CONNECTION 304 357 -1 -1 3600 3600
5374 CONNECTION 304 57 300 1560 5340 5340
5375 CONNECTION 304 414 300 1800 5280 5280
5376 CONNECTION 304 437 300 1920 5400 5400
5377 CONNECTION 304 509 300 1920 5400 5400
5378 CONNECTION 304 204 300 3360 7140 7140
5379 CONNECTION 304 115 300 3720 7200 7200
5380 CONNECTION 86 202 -1 -1 3180 3180
5381 CONNECTION 86 357 -1 -1 3240 3240
5382 CONNECTION 86 57 300 1200 4980 4980
5383 CONNECTION 86 414 300 1440 4920 4920
5384 CONNECTION 86 437 300 1560 5040 5040
5385 CONNECTION 86 509 300 1560 5040 5040
5386 CONNECTION 86 204 300 3000 6780 6780
5387 CONNECTION 86 115 300 3360 6840 6840
5388 CONNECTION 512 513 -1 -1 1740 1740
5389 CONNECTION 512 156 -1 -1 3000 3000
5390 CONNECTION 512 114 -1 -1 2700 2700
5391 CONNECTION 512 306 -1 -1 4800 4800
5392 CONNECTION 512 283 300 660 4500 4500
5393 CONNECTION 512 331 300 1200 5820 5820
5394 CONNECTION 512 228 300 1440 5340 5340
5395 CONNECTION 512 398 300 1980 6600 6600
5396 CONNECTION 512 359 300 2460 6300 6300
5397 CONNECTION 512 519 300 3780 8400 8400
5398 CONNECTION 512 439 300 4260 8100 8100
5399 CONNECTION 512 511 300 4260 8100 8100
5400 CONNECTION 512 26 300 4800 9420 9420
5401 CONNECTION 512 517 300 4800 9420 9420
5402 CONNECTION 22 23 -1 -1 2340 2340
5403 CONNECTION 22 156 -1 -1 3120 3120
5404 CONNECTION 22 114 -1 -1 2820 2820
5405 CONNECTION 22 306 -1 -1 4920 4920
5406 CONNECTION 22 283 300 780 4620 4620
5407 CONNECTION 22 331 300 1320 5940 5940
5408 CONNECTION 22 228 300 1560 5460 5460
5409 CONNECTION 22 398 300 2100 6720 6720
5410 CONNECTION 22 359 300 2580 6420 6420
5411 CONNECTION 22 519 300 3900 8520 8520
5412 CONNECTION 22 439 300 4380 8220 8220
5413 CONNECTION 22 511 300 4380 8220 8220
5414 CONNECTION 226 329 -1 -1 2100 2100
5415 CONNECTION 226 305 -1 -1 2700 2700
5416 CONNECTION 226 397 300 660 4500 4500
5417 CONNECTION 226 24 300 1920 5700 5700
5418 CONNECTION 226 515 300 1920 5700 5700
5419 CONNECTION 226 518 300 2460 6300 6300
5420 CONNECTION 504 505 -1 -1 2340 2340
5421 CONNECTION 504 156 -1 -1 3120 3120
5422 CONNECTION 504 114 -1 -1 2820 2820
5423 CONNECTION 504 306 -1 -1 4920 4920
5424 CONNECTION 504 283 300 780 4620 4620
5425 CONNECTION 504 331 300 1320 5940 5940
5426 CONNECTION 504 228 300 1560 5460 5460
5427 CONNECTION 504 398 300 2100 6720 6720
5428 CONNECTION 504 359 300 2580 6420 6420
5429 CONNECTION 504 519 300 3900 8520 8520
5430 CONNECTION 504 439 300 4380 8220 8220
5431 CONNECTION 504 511 300 4380 8220 8220
5432 CONNECTION 256 257 -1 -1 1500 1500
5433 CONNECTION 256 56 -1 -1 2160 2160
5434 CONNECTION 256 88 -1 -1 3300 3300
5435 CONNECTION 256 203 300 600 3960 3960
5436 CONNECTION 256 259 300 1320 5100 5100
5437 CONNECTION 256 58 300 2400 5760 5760
5438 CONNECTION 256 90 300 3120 6900 6900
5439 CONNECTION 256 205 300 4200 7560 7560
5440 CONNECTION 201 173 -1 -1 4860 4860
5441 CONNECTION 201 373 -1 -1 1920 1920
5442 CONNECTION 201 282 -1 -1 3120 3120
5443 CONNECTION 201 508 -1 -1 2580 2580
5444 CONNECTION 201 227 -1 -1 3780 3780
5445 CONNECTION 201 258 -1 -1 3240 3240
5446 CONNECTION 201 358 -1 -1 4920 4920
5447 CONNECTION 201 157 300 900 4380 4380
5448 CONNECTION 201 89 300 1680 5040 5040
5449 CONNECTION 201 415 300 1980 8460 8460
5450 CONNECTION 201 133 300 2040 5520 5520
5451 CONNECTION 201 438 300 2100 6720 6720
5452 CONNECTION 201 510 300 2100 6720 6720
5453 CONNECTION 201 307 300 2700 6180 6180
5454 CONNECTION 201 524 300 2760 7380 7380
5455 CONNECTION 201 116 300 3900 8520 8520
5456 CONNECTION 201 399 300 4500 7980 7980
5457 SINK 201 0 -1 -1 300 300
5458 CONNECTION 113 114 -1 -1 1560 1560
5459 CONNECTION 113 306 -1 -1 3660 3660
5460 CONNECTION 113 283 -1 -1 3360 3360
5461 CONNECTION 113 331 -1 -1 4680 4680
5462 CONNECTION 113 228 -1 -1 4200 4200
5463 CONNECTION 113 398 300 840 5460 5460
5464 CONNECTION 113 359 300 1320 5160 5160
5465 CONNECTION 113 519 300 2640 7260 7260
5466 CONNECTION 113 439 300 3120 6960 6960
5467 CONNECTION 113 511 300 3120 6960 6960
5468 CONNECTION 113 26 300 3660 8280 8280
5469 CONNECTION 113 517 300 3660 8280 8280
5470 CONNECTION 113 525 300 3900 7800 7800
5471 CONNECTION 507 508 -1 -1 1200 1200
5472 CONNECTION 507 258 -1 -1 1860 1860
5473 CONNECTION 507 358 -1 -1 3540 3540
5474 CONNECTION 507 157 -1 -1 3000 3000
5475 CONNECTION 507 89 -1 -1 3660 3660
5476 CONNECTION 507 415 300 600 7080 7080
5477 CONNECTION 507 133 300 660 4140 4140
5478 CONNECTION 507 438 300 720 5340 5340
5479 CONNECTION 507 510 300 720 5340 5340
5480 CONNECTION 507 307 300 1320 4800 4800
5481 CONNECTION 507 524 300 1380 6000 6000
5482 CONNECTION 507 116 300 2520 7140 7140
5483 CONNECTION 507 399 300 3120 6600 6600
5484 CONNECTION 507 375 300 4260 7740 7740
5485 SINK 507 0 -1 -1 300 300
5486 CONNECTION 55 56 -1 -1 1080 1080
5487 CONNECTION 55 88 -1 -1 2220 2220
5488 CONNECTION 55 203 -1 -1 2880 2880
5489 CONNECTION 55 259 -1 -1 4020 4020
5490 CONNECTION 55 58 300 1320 4680 4680
5491 CONNECTION 55 90 300 2040 5820 5820
5492 CONNECTION 55 205 300 3120 6480 6480
5493 CONNECTION 155 156 -1 -1 2340 2340
5494 CONNECTION 155 114 -1 -1 2040 2040
5495 CONNECTION 155 306 -1 -1 4140 4140
5496 CONNECTION 155 283 -1 -1 3840 3840
5497 CONNECTION 155 331 300 540 5160 5160
5498 CONNECTION 155 228 300 780 4680 4680
5499 CONNECTION 155 398 300 1320 5940 5940
5500 CONNECTION 155 359 300 1800 5640 5640
5501 CONNECTION 155 519 300 3120 7740 7740
5502 CONNECTION 155 439 300 3600 7440 7440
5503 CONNECTION 155 511 300 3600 7440 7440
5504 CONNECTION 155 26 300 4140 8760 8760
5505 CONNECTION 155 517 300 4140 8760 8760
5506 CONNECTION 155 525 300 4380 8280 8280
5507 CONNECTION 172 173 -1 -1 4200 4200
5508 CONNECTION 172 508 -1 -1 1920 1920
5509 CONNECTION 172 227 -1 -1 3120 3120
5510 CONNECTION 172 258 -1 -1 2580 2580
5511 CONNECTION 172 358 -1 -1 4260 4260
5512 CONNECTION 172 157 -1 -1 3720 3720
5513 CONNECTION 172 89 300 1020 4380 4380
5514 CONNECTION 172 415 300 1320 7800 7800
5515 CONNECTION 172 133 300 1380 4860 4860
5516 CONNECTION 172 438 300 1440 6060 6060
5517 CONNECTION 172 510 300 1440 6060 6060
5518 CONNECTION 172 307 300 2040 5520 5520
5519 CONNECTION 172 524 300 2100 6720 6720
5520 CONNECTION 172 116 300 3240 7860 7860
5521 CONNECTION 172 399 300 3840 7320 7320
5522 SINK 172 0 -1 -1 300 300
5523 CONNECTION 436 397 -1 -1 3360 3360
5524 CONNECTION 436 24 300 780 4560 4560
5525 CONNECTION 436 515 300 780 4560 4560
5526 CONNECTION 436 518 300 1320 5160 5160
5527 CONNECTION 499 397 -1 -1 3360 3360
5528 CONNECTION 499 24 300 780 4560 4560
5529 CONNECTION 499 515 300 780 4560 4560
5530 CONNECTION 499 518 300 1320 5160 5160
5531 CONNECTION 281 282 -1 -1 2340 2340
5532 CONNECTION 281 508 -1 -1 1800 1800
5533 CONNECTION 281 227 -1 -1 3000 3000
5534 CONNECTION 281 258 -1 -1 2460 2460
5535 CONNECTION 281 358 -1 -1 4140 4140
5536 CONNECTION 281 157 -1 -1 3600 3600
5537 CONNECTION 281 89 300 900 4260 4260
5538 CONNECTION 281 415 300 1200 7680 7680
5539 CONNECTION 281 133 300 1260 4740 4740
5540 CONNECTION 281 438 300 1320 5940 5940
5541 CONNECTION 281 510 300 1320 5940 5940
5542 CONNECTION 281 307 300 1920 5400 5400
5543 CONNECTION 281 524 300 1980 6600 6600
5544 CONNECTION 281 116 300 3120 7740 7740
5545 CONNECTION 281 399 300 3720 7200 7200
5546 SINK 281 0 -1 -1 300 300
5547 CONNECTION 396 357 -1 -1 1800 1800
5548 CONNECTION 396 57 -1 -1 3540 3540
5549 CONNECTION 396 414 -1 -1 3480 3480
5550 CONNECTION 396 437 -1 -1 3600 3600
5551 CONNECTION 396 509 -1 -1 3600 3600
5552 CONNECTION 396 204 300 1560 5340 5340
5553 CONNECTION 396 115 300 1920 5400 5400
5554 CONNECTION 257 57 -1 -1 3180 3180
5555 CONNECTION 257 414 -1 -1 3120 3120
5556 CONNECTION 257 437 -1 -1 3240 3240
5557 CONNECTION 257 509 -1 -1 3240 3240
5558 CONNECTION 257 204 300 1200 4980 4980
5559 CONNECTION 257 115 300 1560 5040 5040
5560 CONNECTION 23 157 -1 -1 1980 1980
5561 CONNECTION 23 89 -1 -1 2640 2640
5562 CONNECTION 23 415 -1 -1 6060 6060
5563 CONNECTION 23 133 -1 -1 3120 3120
5564 CONNECTION 23 438 -1 -1 4320 4320
5565 CONNECTION 23 510 -1 -1 4320 4320
5566 CONNECTION 23 307 -1 -1 3780 3780
5567 CONNECTION 23 524 300 360 4980 4980
5568 CONNECTION 23 116 300 1500 6120 6120
5569 CONNECTION 23 399 300 2100 5580 5580
5570 CONNECTION 23 375 300 3240 6720 6720
5571 CONNECTION 23 520 300 3900 7380 7380
5572 SINK 23 0 -1 -1 300 300
5573 CONNECTION 132 133 -1 -1 1260 1260
5574 CONNECTION 132 307 -1 -1 1920 1920
5575 CONNECTION 132 524 -1 -1 3120 3120
5576 CONNECTION 132 116 -1 -1 4260 4260
5577 CONNECTION 132 399 -1 -1 3720 3720
5578 CONNECTION 132 375 300 1380 4860 4860
5579 CONNECTION 132 520 300 2040 5520 5520
5580 SINK 132 0 -1 -1 300 300
5581 CONNECTION 505 157 -1 -1 1980 1980
5582 CONNECTION 505 89 -1 -1 2640 2640
5583 CONNECTION 505 415 -1 -1 6060 6060
5584 CONNECTION 505 133 -1 -1 3120 3120
5585 CONNECTION 505 438 -1 -1 4320 4320
5586 CONNECTION 505 510 -1 -1 4320 4320
5587 CONNECTION 505 307 -1 -1 3780 3780
5588 CONNECTION 505 524 300 360 4980 4980
5589 CONNECTION 505 116 300 1500 6120 6120
5590 CONNECTION 505 399 300 2100 5580 5580
5591 CONNECTION 505 375 300 3240 6720 6720
5592 CONNECTION 505 520 300 3900 7380 7380
5593 SINK 505 0 -1 -1 300 300
5594 CONNECTION 513 514 -1 -1 1620 1620
5595 CONNECTION 513 374 -1 -1 5940 5940
5596 CONNECTION 513 25 300 1440 5340 5340
5597 CONNECTION 513 229 300 1440 5220 5220
5598 CONNECTION 513 516 300 1440 5340 5340
5599 CONNECTION 87 88 -1 -1 1500 1500
5600 CONNECTION 87 203 -1 -1 2160 2160
5601 CONNECTION 87 259 -1 -1 3300 3300
5602 CONNECTION 87 58 300 600 3960 3960
5603 CONNECTION 87 90 300 1320 5100 5100
5604 CONNECTION 87 205 300 2400 5760 5760
5605 CONNECTION 329 330 -1 -1 1620 1620
5606 CONNECTION 329 374 -1 -1 5820 5820
5607 CONNECTION 329 25 300 1320 5220 5220
5608 CONNECTION 329 229 300 1320 5100 5100
5609 CONNECTION 329 516 300 1320 5220 5220
5610 CONNECTION 173 25 -1 -1 2400 2400
5611 CONNECTION 173 229 -1 -1 2280 2280
5612 CONNECTION 173 516 -1 -1 2400 2400
5613 CONNECTION 173 526 300 2100 5880 5880
5614 CONNECTION 56 358 -1 -1 3120 3120
5615 CONNECTION 56 157 -1 -1 2580 2580
5616 CONNECTION 56 89 -1 -1 3240 3240
5617 CONNECTION 56 415 -1 -1 6660 6660
5618 CONNECTION 56 133 -1 -1 3720 3720
5619 CONNECTION 56 438 -1 -1 4920 4920
5620 CONNECTION 56 510 -1 -1 4920 4920
5621 CONNECTION 56 307 300 900 4380 4380
5622 CONNECTION 56 524 300 960 5580 5580
5623 CONNECTION 56 116 300 2100 6720 6720
5624 CONNECTION 56 399 300 2700 6180 6180
5625 CONNECTION 56 375 300 3840 7320 7320
5626 CONNECTION 56 520 300 4500 7980 7980
5627 SINK 56 0 -1 -1 300 300
5628 CONNECTION 373 57 -1 -1 2400 2400
5629 CONNECTION 373 414 -1 -1 2340 2340
5630 CONNECTION 373 437 -1 -1 2460 2460
5631 CONNECTION 373 509 -1 -1 2460 2460
5632 CONNECTION 373 204 300 420 4200 4200
5633 CONNECTION 373 115 300 780 4260 4260
5634 CONNECTION 282 283 -1 -1 1560 1560
5635 CONNECTION 282 331 -1 -1 2880 2880
5636 CONNECTION 282 228 -1 -1 2400 2400
5637 CONNECTION 282 398 -1 -1 3660 3660
5638 CONNECTION 282 359 -1 -1 3360 3360
5639 CONNECTION 282 519 300 840 5460 5460
5640 CONNECTION 282 439 300 1320 5160 5160
5641 CONNECTION 282 511 300 1320 5160 5160
5642 CONNECTION 282 26 300 1860 6480 6480
5643 CONNECTION 282 517 300 1860 6480 6480
5644 CONNECTION 282 525 300 2100 6000 6000
5645 CONNECTION 282 117 300 3120 6960 6960
5646 CONNECTION 156 157 -1 -1 1200 1200
5647 CONNECTION 156 89 -1 -1 1860 1860
5648 CONNECTION 156 415 -1 -1 5280 5280
5649 CONNECTION 156 133 -1 -1 2340 2340
5650 CONNECTION 156 438 -1 -1 3540 3540
5651 CONNECTION 156 510 -1 -1 3540 3540
5652 CONNECTION 156 307 -1 -1 3000 3000
5653 CONNECTION 156 524 -1 -1 4200 4200
5654 CONNECTION 156 116 300 720 5340 5340
5655 CONNECTION 156 399 300 1320 4800 4800
5656 CONNECTION 156 375 300 2460 5940 5940
5657 CONNECTION 156 520 300 3120 6600 6600
5658 SINK 156 0 -1 -1 300 300
5659 CONNECTION 202 203 -1 -1 1080 1080
5660 CONNECTION 202 259 -1 -1 2220 2220
5661 CONNECTION 202 58 -1 -1 2880 2880
5662 CONNECTION 202 90 -1 -1 4020 4020
5663 CONNECTION 202 205 300 1320 4680 4680
5664 CONNECTION 305 306 -1 -1 2340 2340
5665 CONNECTION 305 283 -1 -1 2040 2040
5666 CONNECTION 305 331 -1 -1 3360 3360
5667 CONNECTION 305 228 -1 -1 2880 2880
5668 CONNECTION 305 398 -1 -1 4140 4140
5669 CONNECTION 305 359 -1 -1 3840 3840
5670 CONNECTION 305 519 300 1320 5940 5940
5671 CONNECTION 305 439 300 1800 5640 5640
5672 CONNECTION 305 511 300 1800 5640 5640
5673 CONNECTION 305 26 300 2340 6960 6960
5674 CONNECTION 305 517 300 2340 6960 6960
5675 CONNECTION 305 525 300 2580 6480 6480
5676 CONNECTION 305 117 300 3600 7440 7440
5677 CONNECTION 114 24 -1 -1 2760 2760
5678 CONNECTION 114 515 -1 -1 2760 2760
5679 CONNECTION 114 518 -1 -1 3360 3360
5680 CONNECTION 357 358 -1 -1 2340 2340
5681 CONNECTION 357 157 -1 -1 1800 1800
5682 CONNECTION 357 89 -1 -1 2460 2460
5683 CONNECTION 357 415 -1 -1 5880 5880
5684 CONNECTION 357 133 -1 -1 2940 2940
5685 CONNECTION 357 438 -1 -1 4140 4140
5686 CONNECTION 357 510 -1 -1 4140 4140
5687 CONNECTION 357 307 -1 -1 3600 3600
5688 CONNECTION 357 524 -1 -1 4800 4800
5689 CONNECTION 357 116 300 1320 5940 5940
5690 CONNECTION 357 399 300 1920 5400 5400
5691 CONNECTION 357 375 300 3060 6540 6540
5692 CONNECTION 357 520 300 3720 7200 7200
5693 SINK 357 0 -1 -1 300 300
5694 CONNECTION 508 414 -1 -1 1680 1680
5695 CONNECTION 508 437 -1 -1 1800 1800
5696 CONNECTION 508 509 -1 -1 1800 1800
5697 CONNECTION 508 204 -1 -1 3540 3540
5698 CONNECTION 508 115 -1 -1 3600 3600
5699 CONNECTION 88 204 -1 -1 3180 3180
5700 CONNECTION 88 115 -1 -1 3240 3240
5701 CONNECTION 227 228 -1 -1 1740 1740
5702 CONNECTION 227 398 -1 -1 3000 3000
5703 CONNECTION 227 359 -1 -1 2700 2700
5704 CONNECTION 227 519 -1 -1 4800 4800
5705 CONNECTION 227 439 300 660 4500 4500
5706 CONNECTION 227 511 300 660 4500 4500
5707 CONNECTION 227 26 300 1200 5820 5820
5708 CONNECTION 227 517 300 1200 5820 5820
5709 CONNECTION 227 525 300 1440 5340 5340
5710 CONNECTION 227 117 300 2460 6300 6300
5711 CONNECTION 330 331 -1 -1 2340 2340
5712 CONNECTION 330 398 -1 -1 3120 3120
5713 CONNECTION 330 359 -1 -1 2820 2820
5714 CONNECTION 330 519 -1 -1 4920 4920
5715 CONNECTION 330 439 300 780 4620 4620
5716 CONNECTION 330 511 300 780 4620 4620
5717 CONNECTION 330 26 300 1320 5940 5940
5718 CONNECTION 330 517 300 1320 5940 5940
5719 CONNECTION 330 525 300 1560 5460 5460
5720 CONNECTION 330 117 300 2580 6420 6420
5721 CONNECTION 514 24 -1 -1 2100 2100
5722 CONNECTION 514 515 -1 -1 2100 2100
5723 CONNECTION 514 518 -1 -1 2700 2700
5724 CONNECTION 258 259 -1 -1 1500 1500
5725 CONNECTION 258 58 -1 -1 2160 2160
5726 CONNECTION 258 90 -1 -1 3300 3300
5727 CONNECTION 258 205 300 600 3960 3960
5728 CONNECTION 203 415 -1 -1 4860 4860
5729 CONNECTION 203 133 -1 -1 1920 1920
5730 CONNECTION 203 438 -1 -1 3120 3120
5731 CONNECTION 203 510 -1 -1 3120 3120
5732 CONNECTION 203 307 -1 -1 2580 2580
5733 CONNECTION 203 524 -1 -1 3780 3780
5734 CONNECTION 203 116 -1 -1 4920 4920
5735 CONNECTION 203 399 300 900 4380 4380
5736 CONNECTION 203 375 300 2040 5520 5520
5737 CONNECTION 203 520 300 2700 6180 6180
5738 SINK 203 0 -1 -1 300 300
5739 CONNECTION 358 359 -1 -1 1560 1560
5740 CONNECTION 358 519 -1 -1 3660 3660
5741 CONNECTION 358 439 -1 -1 3360 3360
5742 CONNECTION 358 511 -1 -1 3360 3360
5743 CONNECTION 358 26 -1 -1 4680 4680
5744 CONNECTION 358 517 -1 -1 4680 4680
5745 CONNECTION 358 525 -1 -1 4200 4200
5746 CONNECTION 358 117 300 1320 5160 5160
5747 CONNECTION 306 307 -1 -1 1200 1200
5748 CONNECTION 306 116 -1 -1 3540 3540
5749 CONNECTION 306 399 -1 -1 3000 3000
5750 CONNECTION 306 375 300 660 4140 4140
5751 CONNECTION 306 520 300 1320 4800 4800
5752 CONNECTION 306 522 300 4320 8940 8940
5753 SINK 306 0 -1 -1 300 300
5754 CONNECTION 57 58 -1 -1 1080 1080
5755 CONNECTION 57 90 -1 -1 2220 2220
5756 CONNECTION 57 205 -1 -1 2880 2880
5757 CONNECTION 397 398 -1 -1 2340 2340
5758 CONNECTION 397 359 -1 -1 2040 2040
5759 CONNECTION 397 519 -1 -1 4140 4140
5760 CONNECTION 397 439 -1 -1 3840 3840
5761 CONNECTION 397 511 -1 -1 3840 3840
5762 CONNECTION 397 26 300 540 5160 5160
5763 CONNECTION 397 517 300 540 5160 5160
5764 CONNECTION 397 525 300 780 4680 4680
5765 CONNECTION 397 117 300 1800 5640 5640
5766 CONNECTION 414 415 -1 -1 4200 4200
5767 CONNECTION 414 307 -1 -1 1920 1920
5768 CONNECTION 414 524 -1 -1 3120 3120
5769 CONNECTION 414 116 -1 -1 4260 4260
5770 CONNECTION 414 399 -1 -1 3720 3720
5771 CONNECTION 414 375 300 1380 4860 4860
5772 CONNECTION 414 520 300 2040 5520 5520
5773 SINK 414 0 -1 -1 300 300
5774 CONNECTION 283 527 300 4380 8160 8160
5775 CONNECTION 157 115 -1 -1 1800 1800
5776 CONNECTION 157 521 300 3720 7200 7200
5777 CONNECTION 437 438 -1 -1 2340 2340
5778 CONNECTION 437 307 -1 -1 1800 1800
5779 CONNECTION 437 524 -1 -1 3000 3000
5780 CONNECTION 437 116 -1 -1 4140 4140
5781 CONNECTION 437 399 -1 -1 3600 3600
5782 CONNECTION 437 375 300 1260 4740 4740
5783 CONNECTION 437 520 300 1920 5400 5400
5784 SINK 437 0 -1 -1 300 300
5785 CONNECTION 509 510 -1 -1 2340 2340
5786 CONNECTION 509 307 -1 -1 1800 1800
5787 CONNECTION 509 524 -1 -1 3000 3000
5788 CONNECTION 509 116 -1 -1 4140 4140
5789 CONNECTION 509 399 -1 -1 3600 3600
5790 CONNECTION 509 375 300 1260 4740 4740
5791 CONNECTION 509 520 300 1920 5400 5400
5792 SINK 509 0 -1 -1 300 300
5793 CONNECTION 259 521 300 3360 6840 6840
5794 CONNECTION 331 399 -1 -1 1980 1980
5795 CONNECTION 331 375 -1 -1 3120 3120
5796 CONNECTION 331 520 -1 -1 3780 3780
5797 CONNECTION 331 522 300 3300 7920 7920
5798 SINK 331 0 -1 -1 300 300
5799 CONNECTION 374 375 -1 -1 1260 1260
5800 CONNECTION 374 520 -1 -1 1920 1920
5801 CONNECTION 374 522 300 1440 6060 6060
5802 SINK 374 0 -1 -1 300 300
5803 CONNECTION 228 229 -1 -1 1620 1620
5804 CONNECTION 228 526 300 1440 5220 5220
5805 CONNECTION 89 90 -1 -1 1500 1500
5806 CONNECTION 89 205 -1 -1 2160 2160
5807 CONNECTION 24 25 -1 -1 1620 1620
5808 CONNECTION 24 526 300 1320 5100 5100
5809 CONNECTION 515 516 -1 -1 1620 1620
5810 CONNECTION 515 526 300 1320 5100 5100
5811 CONNECTION 415 526 -1 -1 2280 2280
5812 CONNECTION 415 528 300 2100 6000 6000
5813 CONNECTION 58 116 -1 -1 3120 3120
5814 CONNECTION 58 399 -1 -1 2580 2580
5815 CONNECTION 58 375 -1 -1 3720 3720
5816 CONNECTION 58 520 300 900 4380 4380
5817 CONNECTION 58 522 300 3900 8520 8520
5818 SINK 58 0 -1 -1 300 300
5819 CONNECTION 133 521 300 2580 6060 6060
5820 CONNECTION 438 439 -1 -1 1560 1560
5821 CONNECTION 438 26 -1 -1 2880 2880
5822 CONNECTION 438 517 -1 -1 2880 2880
5823 CONNECTION 438 525 -1 -1 2400 2400
5824 CONNECTION 438 117 -1 -1 3360 3360
5825 CONNECTION 510 511 -1 -1 1560 1560
5826 CONNECTION 510 26 -1 -1 2880 2880
5827 CONNECTION 510 517 -1 -1 2880 2880
5828 CONNECTION 510 525 -1 -1 2400 2400
5829 CONNECTION 510 117 -1 -1 3360 3360
5830 CONNECTION 398 399 -1 -1 1200 1200
5831 CONNECTION 398 375 -1 -1 2340 2340
5832 CONNECTION 398 520 -1 -1 3000 3000
5833 CONNECTION 398 522 300 2520 7140 7140
5834 SINK 398 0 -1 -1 300 300
5835 CONNECTION 204 205 -1 -1 1080 1080
5836 CONNECTION 518 519 -1 -1 2340 2340
5837 CONNECTION 518 439 -1 -1 2040 2040
5838 CONNECTION 518 511 -1 -1 2040 2040
5839 CONNECTION 518 26 -1 -1 3360 3360
5840 CONNECTION 518 517 -1 -1 3360 3360
5841 CONNECTION 518 525 -1 -1 2880 2880
5842 CONNECTION 518 117 -1 -1 3840 3840
5843 CONNECTION 359 527 300 2580 6360 6360
5844 CONNECTION 115 116 -1 -1 2340 2340
5845 CONNECTION 115 399 -1 -1 1800 1800
5846 CONNECTION 115 375 -1 -1 2940 2940
5847 CONNECTION 115 520 -1 -1 3600 3600
5848 CONNECTION 115 522 300 3120 7740 7740
5849 SINK 115 0 -1 -1 300 300
5850 CONNECTION 307 521 300 1920 5400 5400
5851 CONNECTION 90 521 300 1560 5040 5040
5852 CONNECTION 524 525 -1 -1 1740 1740
5853 CONNECTION 524 117 -1 -1 2700 2700
5854 CONNECTION 524 529 300 4800 9420 9420
5855 CONNECTION 25 26 -1 -1 2340 2340
5856 CONNECTION 25 117 -1 -1 2820 2820
5857 CONNECTION 229 527 300 1920 5700 5700
5858 CONNECTION 516 517 -1 -1 2340 2340
5859 CONNECTION 516 117 -1 -1 2820 2820
5860 CONNECTION 205 375 -1 -1 1920 1920
5861 CONNECTION 205 520 -1 -1 2580 2580
5862 CONNECTION 205 522 300 2100 6720 6720
5863 SINK 205 0 -1 -1 300 300
5864 CONNECTION 116 117 -1 -1 1560 1560
5865 CONNECTION 116 529 300 3660 8280 8280
5866 CONNECTION 519 520 -1 -1 1200 1200
5867 CONNECTION 519 522 300 720 5340 5340
5868 SINK 519 0 -1 -1 300 300
5869 CONNECTION 439 527 300 780 4560 4560
5870 CONNECTION 511 527 300 780 4560 4560
5871 CONNECTION 399 521 -1 -1 3600 3600
5872 CONNECTION 26 522 -1 -1 4320 4320
5873 SINK 26 0 -1 -1 300 300
5874 CONNECTION 517 522 -1 -1 4320 4320
5875 SINK 517 0 -1 -1 300 300
5876 CONNECTION 525 526 -1 -1 1620 1620
5877 CONNECTION 525 528 300 1440 5340 5340
5878 CONNECTION 375 521 -1 -1 2460 2460
5879 CONNECTION 117 527 -1 -1 2760 2760
5880 CONNECTION 520 521 -1 -1 1800 1800
5881 CONNECTION 526 527 -1 -1 2100 2100
5882 CONNECTION 521 522 -1 -1 2340 2340
5883 SINK 521 0 -1 -1 300 300
5884 CONNECTION 527 528 -1 -1 1620 1620
5885 CONNECTION 522 529 -1 -1 2880 2880
5886 CONNECTION 528 529 -1 -1 2340 2340
5887 SINK 529 0 -1 -1 300 300
