0 SOURCE 3 102 -1 -1 1860 30660
1 SOURCE 3 21 -1 -1 1620 30420
2 SOURCE 3 223 -1 -1 1860 30660
3 SOURCE 3 73 -1 -1 1200 30000
4 SOURCE 3 163 -1 -1 1620 30420
5 SOURCE 3 134 -1 -1 1860 30660
6 SOURCE 3 194 -1 -1 1200 30000
7 SOURCE 3 306 -1 -1 1620 30420
8 SOURCE 3 256 -1 -1 1860 30660
9 SOURCE 3 357 -1 -1 1200 30000
10 SOURCE 3 75 -1 -1 1620 30420
11 SOURCE 3 136 -1 -1 1860 30660
12 SOURCE 3 25 -1 -1 1200 30000
13 SOURCE 3 196 -1 -1 1620 30420
14 SOURCE 3 258 -1 -1 1860 30660
15 SOURCE 3 167 -1 -1 1200 30000
16 SOURCE 3 359 -1 -1 1620 30420
17 SOURCE 3 138 -1 -1 1860 30660
18 SOURCE 3 310 -1 -1 1200 30000
19 SOURCE 3 78 -1 -1 1620 30420
20 SOURCE 3 260 -1 -1 1860 30660
21 SOURCE 3 28 -1 -1 1200 30000
22 SOURCE 3 199 -1 -1 1620 30420
23 SOURCE 3 140 -1 -1 1860 30660
24 SOURCE 3 170 -1 -1 1200 30000
25 SOURCE 3 362 -1 -1 1620 30420
26 SOURCE 3 262 -1 -1 1860 30660
27 SOURCE 3 313 -1 -1 1200 30000
28 SOURCE 3 81 -1 -1 1620 30420
29 SOURCE 3 142 -1 -1 1860 30660
30 SOURCE 3 31 -1 -1 1200 30000
31 SOURCE 3 202 -1 -1 1620 30420
32 SOURCE 3 264 -1 -1 1860 30660
33 SOURCE 3 173 -1 -1 1200 30000
34 SOURCE 3 365 -1 -1 1620 30420
35 SOURCE 3 144 -1 -1 1860 30660
36 SOURCE 3 316 -1 -1 1200 30000
37 SOURCE 3 84 -1 -1 1620 30420
38 SOURCE 3 266 -1 -1 1860 30660
39 SOURCE 3 34 -1 -1 1200 30000
40 SOURCE 3 205 -1 -1 1620 30420
41 SOURCE 3 146 -1 -1 1860 30660
42 SOURCE 3 176 -1 -1 1200 30000
43 SOURCE 3 368 -1 -1 1620 30420
44 SOURCE 3 268 -1 -1 1860 30660
45 SOURCE 3 319 -1 -1 1200 30000
46 SOURCE 3 87 -1 -1 1620 30420
47 SOURCE 3 148 -1 -1 1860 30660
48 SOURCE 3 37 -1 -1 1200 30000
49 SOURCE 3 208 -1 -1 1620 30420
50 SOURCE 3 270 -1 -1 1860 30660
51 SOURCE 3 179 -1 -1 1200 30000
52 SOURCE 3 371 -1 -1 1620 30420
53 SOURCE 3 150 -1 -1 1860 30660
54 SOURCE 3 322 -1 -1 1200 30000
55 SOURCE 3 90 -1 -1 1620 30420
56 SOURCE 3 272 -1 -1 1860 30660
57 SOURCE 3 40 -1 -1 1200 30000
58 SOURCE 3 211 -1 -1 1620 30420
59 SOURCE 3 152 -1 -1 1860 30660
60 SOURCE 3 182 -1 -1 1200 30000
61 SOURCE 3 374 -1 -1 1620 30420
62 SOURCE 3 274 -1 -1 1860 30660
63 SOURCE 3 325 -1 -1 1200 30000
64 SOURCE 3 93 -1 -1 1620 30420
65 SOURCE 3 154 -1 -1 1860 30660
66 SOURCE 3 43 -1 -1 1200 30000
67 SOURCE 3 214 -1 -1 1620 30420
68 SOURCE 3 276 -1 -1 1860 30660
69 SOURCE 3 185 -1 -1 1200 30000
70 SOURCE 3 377 -1 -1 1620 30420
71 SOURCE 3 156 -1 -1 1860 30660
72 SOURCE 3 328 -1 -1 1200 30000
73 SOURCE 3 96 -1 -1 1620 30420
74 SOURCE 3 278 -1 -1 1860 30660
75 SOURCE 3 46 -1 -1 1200 30000
76 SOURCE 3 217 -1 -1 1620 30420
77 SOURCE 3 158 -1 -1 1860 30660
78 SOURCE 3 188 -1 -1 1200 30000
79 SOURCE 3 380 -1 -1 1620 30420
80 SOURCE 3 280 -1 -1 1860 30660
81 SOURCE 3 331 -1 -1 1200 30000
82 SOURCE 3 99 -1 -1 1620 30420
83 SOURCE 3 160 -1 -1 1860 30660
84 SOURCE 3 49 -1 -1 1200 30000
85 SOURCE 3 220 -1 -1 1620 30420
86 SOURCE 3 282 -1 -1 1860 30660
87 SOURCE 3 191 -1 -1 1200 30000
88 SOURCE 3 383 -1 -1 1620 30420
89 SOURCE 3 162 -1 -1 1860 30660
90 CONNECTION 102 103 -1 -1 840 840
91 CONNECTION 102 255 -1 -1 2760 2760
92 CONNECTION 102 224 -1 -1 2640 2640
93 CONNECTION 102 105 -1 -1 4560 4560
94 CONNECTION 102 336 -1 -1 5160 5160
95 CONNECTION 102 284 -1 -1 3600 3600
96 CONNECTION 102 135 300 2340 4440 4440
97 CONNECTION 102 226 300 4260 6360 6360
98 CONNECTION 102 257 300 4140 6240 6240
99 CONNECTION 102 107 300 6060 8160 8160
100 CONNECTION 102 2 300 6660 8760 8760
101 CONNECTION 102 53 300 5100 7200 7200
102 CONNECTION 21 22 -1 -1 720 720
103 CONNECTION 21 334 -1 -1 1860 1860
104 CONNECTION 21 164 -1 -1 2520 2520
105 CONNECTION 21 356 -1 -1 3600 3600
106 CONNECTION 21 307 300 2220 4320 4320
107 CONNECTION 21 24 300 3300 5400 5400
108 CONNECTION 21 0 300 3360 5460 5460
109 CONNECTION 21 76 300 4020 6120 6120
110 CONNECTION 21 166 300 5100 7200 7200
111 CONNECTION 223 224 -1 -1 840 840
112 CONNECTION 223 105 -1 -1 2760 2760
113 CONNECTION 223 336 -1 -1 3360 3360
114 CONNECTION 223 284 -1 -1 1800 1800
115 CONNECTION 223 135 -1 -1 2640 2640
116 CONNECTION 223 226 -1 -1 4560 4560
117 CONNECTION 223 257 300 2340 4440 4440
118 CONNECTION 223 107 300 4260 6360 6360
119 CONNECTION 223 2 300 4860 6960 6960
120 CONNECTION 223 53 300 3300 5400 5400
121 CONNECTION 223 137 300 4140 6240 6240
122 CONNECTION 223 228 300 6060 8160 8160
123 CONNECTION 22 104 -1 -1 1860 1860
124 CONNECTION 22 335 -1 -1 1980 1980
125 CONNECTION 22 23 -1 -1 2940 2940
126 CONNECTION 22 225 -1 -1 3660 3660
127 CONNECTION 22 285 -1 -1 3600 3600
128 CONNECTION 22 165 300 2640 4740 4740
129 CONNECTION 22 106 300 3360 5460 5460
130 CONNECTION 22 1 300 3480 5580 5580
131 CONNECTION 22 308 300 4440 6540 6540
132 CONNECTION 22 227 300 5160 7260 7260
133 CONNECTION 22 54 300 5100 7200 7200
134 CONNECTION 73 74 -1 -1 2340 2340
135 CONNECTION 73 52 -1 -1 5040 5040
136 CONNECTION 73 195 -1 -1 4140 4140
137 CONNECTION 73 358 300 3840 5940 5940
138 CONNECTION 73 337 300 6540 8640 8640
139 CONNECTION 73 77 300 5640 7740 7740
140 CONNECTION 103 104 -1 -1 1740 1740
141 CONNECTION 103 335 -1 -1 1860 1860
142 CONNECTION 103 23 -1 -1 2820 2820
143 CONNECTION 103 225 -1 -1 3540 3540
144 CONNECTION 103 285 -1 -1 3480 3480
145 CONNECTION 103 165 300 2520 4620 4620
146 CONNECTION 103 106 300 3240 5340 5340
147 CONNECTION 103 1 300 3360 5460 5460
148 CONNECTION 103 308 300 4320 6420 6420
149 CONNECTION 103 227 300 5040 7140 7140
150 CONNECTION 103 54 300 4980 7080 7080
151 CONNECTION 163 164 -1 -1 720 720
152 CONNECTION 163 307 -1 -1 2520 2520
153 CONNECTION 163 24 -1 -1 3600 3600
154 CONNECTION 163 0 300 1560 3660 3660
155 CONNECTION 163 76 300 2220 4320 4320
156 CONNECTION 163 166 300 3300 5400 5400
157 CONNECTION 163 197 300 4020 6120 6120
158 CONNECTION 163 309 300 5100 7200 7200
159 CONNECTION 163 286 300 5160 7260 7260
160 CONNECTION 255 256 -1 -1 2640 2640
161 CONNECTION 255 357 -1 -1 2160 2160
162 CONNECTION 255 75 -1 -1 2640 2640
163 CONNECTION 255 136 -1 -1 4440 4440
164 CONNECTION 255 25 -1 -1 3960 3960
165 CONNECTION 255 196 -1 -1 4440 4440
166 CONNECTION 255 258 300 4140 6240 6240
167 CONNECTION 255 167 300 3660 5760 5760
168 CONNECTION 255 359 300 4140 6240 6240
169 CONNECTION 255 138 300 5940 8040 8040
170 CONNECTION 255 310 300 5460 7560 7560
171 CONNECTION 255 78 300 5940 8040 8040
172 SINK 255 3 -1 -1 0 0
173 CONNECTION 334 335 -1 -1 840 840
174 CONNECTION 334 23 -1 -1 1800 1800
175 CONNECTION 334 225 -1 -1 2520 2520
176 CONNECTION 334 285 -1 -1 2460 2460
177 CONNECTION 334 165 -1 -1 3600 3600
178 CONNECTION 334 106 300 2220 4320 4320
179 CONNECTION 334 1 300 2340 4440 4440
180 CONNECTION 334 308 300 3300 5400 5400
181 CONNECTION 334 227 300 4020 6120 6120
182 CONNECTION 334 54 300 3960 6060 6060
183 CONNECTION 334 26 300 5100 7200 7200
184 CONNECTION 334 108 300 5820 7920 7920
185 CONNECTION 134 135 -1 -1 840 840
186 CONNECTION 134 226 -1 -1 2760 2760
187 CONNECTION 134 257 -1 -1 2640 2640
188 CONNECTION 134 107 -1 -1 4560 4560
189 CONNECTION 134 2 -1 -1 5160 5160
190 CONNECTION 134 53 -1 -1 3600 3600
191 CONNECTION 134 137 300 2340 4440 4440
192 CONNECTION 134 228 300 4260 6360 6360
193 CONNECTION 134 259 300 4140 6240 6240
194 CONNECTION 134 109 300 6060 8160 8160
195 CONNECTION 134 288 300 6660 8760 8760
196 CONNECTION 134 338 300 5100 7200 7200
197 CONNECTION 104 105 -1 -1 1980 1980
198 CONNECTION 104 135 -1 -1 1860 1860
199 CONNECTION 104 226 -1 -1 3780 3780
200 CONNECTION 104 257 -1 -1 3660 3660
201 CONNECTION 104 107 300 3480 5580 5580
202 CONNECTION 104 2 300 4080 6180 6180
203 CONNECTION 104 53 300 2520 4620 4620
204 CONNECTION 104 137 300 3360 5460 5460
205 CONNECTION 104 228 300 5280 7380 7380
206 CONNECTION 104 259 300 5160 7260 7260
207 CONNECTION 164 225 -1 -1 1860 1860
208 CONNECTION 164 285 -1 -1 1800 1800
209 CONNECTION 164 165 -1 -1 2940 2940
210 CONNECTION 164 106 -1 -1 3660 3660
211 CONNECTION 164 1 300 1680 3780 3780
212 CONNECTION 164 308 300 2640 4740 4740
213 CONNECTION 164 227 300 3360 5460 5460
214 CONNECTION 164 54 300 3300 5400 5400
215 CONNECTION 164 26 300 4440 6540 6540
216 CONNECTION 164 108 300 5160 7260 7260
217 CONNECTION 164 287 300 5280 7380 7380
218 CONNECTION 194 52 -1 -1 3240 3240
219 CONNECTION 194 195 -1 -1 2340 2340
220 CONNECTION 194 358 -1 -1 4140 4140
221 CONNECTION 194 337 300 4740 6840 6840
222 CONNECTION 194 77 300 3840 5940 5940
223 CONNECTION 194 198 300 5640 7740 7740
224 CONNECTION 224 225 -1 -1 1740 1740
225 CONNECTION 224 285 -1 -1 1680 1680
226 CONNECTION 224 165 -1 -1 2820 2820
227 CONNECTION 224 106 -1 -1 3540 3540
228 CONNECTION 224 1 -1 -1 3660 3660
229 CONNECTION 224 308 300 2520 4620 4620
230 CONNECTION 224 227 300 3240 5340 5340
231 CONNECTION 224 54 300 3180 5280 5280
232 CONNECTION 224 26 300 4320 6420 6420
233 CONNECTION 224 108 300 5040 7140 7140
234 CONNECTION 224 287 300 5160 7260 7260
235 CONNECTION 306 307 -1 -1 720 720
236 CONNECTION 306 0 -1 -1 1860 1860
237 CONNECTION 306 76 -1 -1 2520 2520
238 CONNECTION 306 166 -1 -1 3600 3600
239 CONNECTION 306 197 300 2220 4320 4320
240 CONNECTION 306 309 300 3300 5400 5400
241 CONNECTION 306 286 300 3360 5460 5460
242 CONNECTION 306 360 300 4020 6120 6120
243 CONNECTION 306 27 300 5100 7200 7200
244 CONNECTION 335 336 -1 -1 2460 2460
245 CONNECTION 335 135 -1 -1 1740 1740
246 CONNECTION 335 226 -1 -1 3660 3660
247 CONNECTION 335 257 -1 -1 3540 3540
248 CONNECTION 335 107 300 3360 5460 5460
249 CONNECTION 335 2 300 3960 6060 6060
250 CONNECTION 335 53 300 2400 4500 4500
251 CONNECTION 335 137 300 3240 5340 5340
252 CONNECTION 335 228 300 5160 7260 7260
253 CONNECTION 335 259 300 5040 7140 7140
254 CONNECTION 335 109 300 6960 9060 9060
255 CONNECTION 356 357 -1 -1 1320 1320
256 CONNECTION 356 136 -1 -1 3600 3600
257 CONNECTION 356 25 -1 -1 3120 3120
258 CONNECTION 356 196 -1 -1 3600 3600
259 CONNECTION 356 258 300 3300 5400 5400
260 CONNECTION 356 167 300 2820 4920 4920
261 CONNECTION 356 359 300 3300 5400 5400
262 CONNECTION 356 138 300 5100 7200 7200
263 CONNECTION 356 310 300 4620 6720 6720
264 CONNECTION 356 78 300 5100 7200 7200
265 CONNECTION 356 260 300 6900 9000 9000
266 SINK 356 3 -1 -1 0 0
267 CONNECTION 74 75 -1 -1 1740 1740
268 CONNECTION 74 136 -1 -1 3540 3540
269 CONNECTION 74 25 -1 -1 3060 3060
270 CONNECTION 74 196 -1 -1 3540 3540
271 CONNECTION 74 258 300 3240 5340 5340
272 CONNECTION 74 167 300 2760 4860 4860
273 CONNECTION 74 359 300 3240 5340 5340
274 CONNECTION 74 138 300 5040 7140 7140
275 CONNECTION 74 310 300 4560 6660 6660
276 CONNECTION 74 78 300 5040 7140 7140
277 CONNECTION 74 260 300 6840 8940 8940
278 SINK 74 3 -1 -1 0 0
279 CONNECTION 105 136 -1 -1 2640 2640
280 CONNECTION 105 25 -1 -1 2160 2160
281 CONNECTION 105 196 -1 -1 2640 2640
282 CONNECTION 105 258 -1 -1 4440 4440
283 CONNECTION 105 167 -1 -1 3960 3960
284 CONNECTION 105 359 -1 -1 4440 4440
285 CONNECTION 105 138 300 4140 6240 6240
286 CONNECTION 105 310 300 3660 5760 5760
287 CONNECTION 105 78 300 4140 6240 6240
288 CONNECTION 105 260 300 5940 8040 8040
289 CONNECTION 105 28 300 5460 7560 7560
290 CONNECTION 105 199 300 5940 8040 8040
291 SINK 105 3 -1 -1 0 0
292 CONNECTION 336 358 -1 -1 2100 2100
293 CONNECTION 336 337 -1 -1 4800 4800
294 CONNECTION 336 77 -1 -1 3900 3900
295 CONNECTION 336 198 300 3600 5700 5700
296 CONNECTION 336 55 300 6300 8400 8400
297 CONNECTION 336 361 300 5400 7500 7500
298 CONNECTION 284 285 -1 -1 720 720
299 CONNECTION 284 165 -1 -1 1860 1860
300 CONNECTION 284 106 -1 -1 2580 2580
301 CONNECTION 284 1 -1 -1 2700 2700
302 CONNECTION 284 308 300 1560 3660 3660
303 CONNECTION 284 227 300 2280 4380 4380
304 CONNECTION 284 54 300 2220 4320 4320
305 CONNECTION 284 26 300 3360 5460 5460
306 CONNECTION 284 108 300 4080 6180 6180
307 CONNECTION 284 287 300 4200 6300 6300
308 CONNECTION 284 168 300 5160 7260 7260
309 CONNECTION 23 24 -1 -1 1740 1740
310 CONNECTION 23 0 -1 -1 1800 1800
311 CONNECTION 23 76 -1 -1 2460 2460
312 CONNECTION 23 166 -1 -1 3540 3540
313 CONNECTION 23 197 300 2160 4260 4260
314 CONNECTION 23 309 300 3240 5340 5340
315 CONNECTION 23 286 300 3300 5400 5400
316 CONNECTION 23 360 300 3960 6060 6060
317 CONNECTION 23 27 300 5040 7140 7140
318 CONNECTION 256 257 -1 -1 840 840
319 CONNECTION 256 107 -1 -1 2760 2760
320 CONNECTION 256 2 -1 -1 3360 3360
321 CONNECTION 256 53 -1 -1 1800 1800
322 CONNECTION 256 137 -1 -1 2640 2640
323 CONNECTION 256 228 -1 -1 4560 4560
324 CONNECTION 256 259 300 2340 4440 4440
325 CONNECTION 256 109 300 4260 6360 6360
326 CONNECTION 256 288 300 4860 6960 6960
327 CONNECTION 256 338 300 3300 5400 5400
328 CONNECTION 256 139 300 4140 6240 6240
329 CONNECTION 256 230 300 6060 8160 8160
330 CONNECTION 225 226 -1 -1 1980 1980
331 CONNECTION 225 257 -1 -1 1860 1860
332 CONNECTION 225 107 -1 -1 3780 3780
333 CONNECTION 225 2 -1 -1 4380 4380
334 CONNECTION 225 53 -1 -1 2820 2820
335 CONNECTION 225 137 -1 -1 3660 3660
336 CONNECTION 225 228 300 3480 5580 5580
337 CONNECTION 225 259 300 3360 5460 5460
338 CONNECTION 225 109 300 5280 7380 7380
339 CONNECTION 225 288 300 5880 7980 7980
340 CONNECTION 225 338 300 4320 6420 6420
341 CONNECTION 225 139 300 5160 7260 7260
342 CONNECTION 135 106 -1 -1 1740 1740
343 CONNECTION 135 1 -1 -1 1860 1860
344 CONNECTION 135 308 -1 -1 2820 2820
345 CONNECTION 135 227 -1 -1 3540 3540
346 CONNECTION 135 54 -1 -1 3480 3480
347 CONNECTION 135 26 300 2520 4620 4620
348 CONNECTION 135 108 300 3240 5340 5340
349 CONNECTION 135 287 300 3360 5460 5460
350 CONNECTION 135 168 300 4320 6420 6420
351 CONNECTION 135 229 300 5040 7140 7140
352 CONNECTION 135 339 300 4980 7080 7080
353 CONNECTION 285 76 -1 -1 1800 1800
354 CONNECTION 285 166 -1 -1 2880 2880
355 CONNECTION 285 197 -1 -1 3600 3600
356 CONNECTION 285 309 300 2580 4680 4680
357 CONNECTION 285 286 300 2640 4740 4740
358 CONNECTION 285 360 300 3300 5400 5400
359 CONNECTION 285 27 300 4380 6480 6480
360 CONNECTION 285 79 300 5100 7200 7200
361 CONNECTION 285 169 300 6180 8280 8280
362 CONNECTION 307 106 -1 -1 1860 1860
363 CONNECTION 307 1 -1 -1 1980 1980
364 CONNECTION 307 308 -1 -1 2940 2940
365 CONNECTION 307 227 -1 -1 3660 3660
366 CONNECTION 307 54 -1 -1 3600 3600
367 CONNECTION 307 26 300 2640 4740 4740
368 CONNECTION 307 108 300 3360 5460 5460
369 CONNECTION 307 287 300 3480 5580 5580
370 CONNECTION 307 168 300 4440 6540 6540
371 CONNECTION 307 229 300 5160 7260 7260
372 CONNECTION 307 339 300 5100 7200 7200
373 CONNECTION 357 358 -1 -1 2340 2340
374 CONNECTION 357 337 -1 -1 5040 5040
375 CONNECTION 357 77 -1 -1 4140 4140
376 CONNECTION 357 198 300 3840 5940 5940
377 CONNECTION 357 55 300 6540 8640 8640
378 CONNECTION 357 361 300 5640 7740 7740
379 CONNECTION 24 25 -1 -1 1320 1320
380 CONNECTION 24 258 -1 -1 3600 3600
381 CONNECTION 24 167 -1 -1 3120 3120
382 CONNECTION 24 359 -1 -1 3600 3600
383 CONNECTION 24 138 300 3300 5400 5400
384 CONNECTION 24 310 300 2820 4920 4920
385 CONNECTION 24 78 300 3300 5400 5400
386 CONNECTION 24 260 300 5100 7200 7200
387 CONNECTION 24 28 300 4620 6720 6720
388 CONNECTION 24 199 300 5100 7200 7200
389 CONNECTION 24 140 300 6900 9000 9000
390 SINK 24 3 -1 -1 0 0
391 CONNECTION 75 76 -1 -1 720 720
392 CONNECTION 75 197 -1 -1 2520 2520
393 CONNECTION 75 309 -1 -1 3600 3600
394 CONNECTION 75 286 300 1560 3660 3660
395 CONNECTION 75 360 300 2220 4320 4320
396 CONNECTION 75 27 300 3300 5400 5400
397 CONNECTION 75 79 300 4020 6120 6120
398 CONNECTION 75 169 300 5100 7200 7200
399 CONNECTION 75 3 300 5160 7260 7260
400 CONNECTION 52 53 -1 -1 840 840
401 CONNECTION 52 137 -1 -1 1680 1680
402 CONNECTION 52 228 -1 -1 3600 3600
403 CONNECTION 52 259 -1 -1 3480 3480
404 CONNECTION 52 109 300 3300 5400 5400
405 CONNECTION 52 288 300 3900 6000 6000
406 CONNECTION 52 338 300 2340 4440 4440
407 CONNECTION 52 139 300 3180 5280 5280
408 CONNECTION 52 230 300 5100 7200 7200
409 CONNECTION 52 261 300 4980 7080 7080
410 CONNECTION 52 111 300 6900 9000 9000
411 CONNECTION 195 196 -1 -1 1740 1740
412 CONNECTION 195 258 -1 -1 3540 3540
413 CONNECTION 195 167 -1 -1 3060 3060
414 CONNECTION 195 359 -1 -1 3540 3540
415 CONNECTION 195 138 300 3240 5340 5340
416 CONNECTION 195 310 300 2760 4860 4860
417 CONNECTION 195 78 300 3240 5340 5340
418 CONNECTION 195 260 300 5040 7140 7140
419 CONNECTION 195 28 300 4560 6660 6660
420 CONNECTION 195 199 300 5040 7140 7140
421 CONNECTION 195 140 300 6840 8940 8940
422 SINK 195 3 -1 -1 0 0
423 CONNECTION 226 258 -1 -1 2640 2640
424 CONNECTION 226 167 -1 -1 2160 2160
425 CONNECTION 226 359 -1 -1 2640 2640
426 CONNECTION 226 138 -1 -1 4440 4440
427 CONNECTION 226 310 -1 -1 3960 3960
428 CONNECTION 226 78 -1 -1 4440 4440
429 CONNECTION 226 260 300 4140 6240 6240
430 CONNECTION 226 28 300 3660 5760 5760
431 CONNECTION 226 199 300 4140 6240 6240
432 CONNECTION 226 140 300 5940 8040 8040
433 CONNECTION 226 170 300 5460 7560 7560
434 CONNECTION 226 362 300 5940 8040 8040
435 SINK 226 3 -1 -1 0 0
436 CONNECTION 0 1 -1 -1 840 840
437 CONNECTION 0 308 -1 -1 1800 1800
438 CONNECTION 0 227 -1 -1 2520 2520
439 CONNECTION 0 54 -1 -1 2460 2460
440 CONNECTION 0 26 -1 -1 3600 3600
441 CONNECTION 0 108 300 2220 4320 4320
442 CONNECTION 0 287 300 2340 4440 4440
443 CONNECTION 0 168 300 3300 5400 5400
444 CONNECTION 0 229 300 4020 6120 6120
445 CONNECTION 0 339 300 3960 6060 6060
446 CONNECTION 0 311 300 5100 7200 7200
447 CONNECTION 0 110 300 5820 7920 7920
448 CONNECTION 165 166 -1 -1 1740 1740
449 CONNECTION 165 197 -1 -1 2460 2460
450 CONNECTION 165 309 -1 -1 3540 3540
451 CONNECTION 165 286 -1 -1 3600 3600
452 CONNECTION 165 360 300 2160 4260 4260
453 CONNECTION 165 27 300 3240 5340 5340
454 CONNECTION 165 79 300 3960 6060 6060
455 CONNECTION 165 169 300 5040 7140 7140
456 CONNECTION 165 3 300 5100 7200 7200
457 CONNECTION 136 137 -1 -1 840 840
458 CONNECTION 136 228 -1 -1 2760 2760
459 CONNECTION 136 259 -1 -1 2640 2640
460 CONNECTION 136 109 -1 -1 4560 4560
461 CONNECTION 136 288 -1 -1 5160 5160
462 CONNECTION 136 338 -1 -1 3600 3600
463 CONNECTION 136 139 300 2340 4440 4440
464 CONNECTION 136 230 300 4260 6360 6360
465 CONNECTION 136 261 300 4140 6240 6240
466 CONNECTION 136 111 300 6060 8160 8160
467 CONNECTION 136 5 300 6660 8760 8760
468 CONNECTION 136 56 300 5100 7200 7200
469 CONNECTION 106 107 -1 -1 1980 1980
470 CONNECTION 106 137 -1 -1 1860 1860
471 CONNECTION 106 228 -1 -1 3780 3780
472 CONNECTION 106 259 -1 -1 3660 3660
473 CONNECTION 106 109 300 3480 5580 5580
474 CONNECTION 106 288 300 4080 6180 6180
475 CONNECTION 106 338 300 2520 4620 4620
476 CONNECTION 106 139 300 3360 5460 5460
477 CONNECTION 106 230 300 5280 7380 7380
478 CONNECTION 106 261 300 5160 7260 7260
479 CONNECTION 25 337 -1 -1 3240 3240
480 CONNECTION 25 77 -1 -1 2340 2340
481 CONNECTION 25 198 -1 -1 4140 4140
482 CONNECTION 25 55 300 4740 6840 6840
483 CONNECTION 25 361 300 3840 5940 5940
484 CONNECTION 25 80 300 5640 7740 7740
485 CONNECTION 76 227 -1 -1 1860 1860
486 CONNECTION 76 54 -1 -1 1800 1800
487 CONNECTION 76 26 -1 -1 2940 2940
488 CONNECTION 76 108 -1 -1 3660 3660
489 CONNECTION 76 287 300 1680 3780 3780
490 CONNECTION 76 168 300 2640 4740 4740
491 CONNECTION 76 229 300 3360 5460 5460
492 CONNECTION 76 339 300 3300 5400 5400
493 CONNECTION 76 311 300 4440 6540 6540
494 CONNECTION 76 110 300 5160 7260 7260
495 CONNECTION 76 4 300 5280 7380 7380
496 CONNECTION 257 227 -1 -1 1740 1740
497 CONNECTION 257 54 -1 -1 1680 1680
498 CONNECTION 257 26 -1 -1 2820 2820
499 CONNECTION 257 108 -1 -1 3540 3540
500 CONNECTION 257 287 -1 -1 3660 3660
501 CONNECTION 257 168 300 2520 4620 4620
502 CONNECTION 257 229 300 3240 5340 5340
503 CONNECTION 257 339 300 3180 5280 5280
504 CONNECTION 257 311 300 4320 6420 6420
505 CONNECTION 257 110 300 5040 7140 7140
506 CONNECTION 257 4 300 5160 7260 7260
507 CONNECTION 1 2 -1 -1 2460 2460
508 CONNECTION 1 137 -1 -1 1740 1740
509 CONNECTION 1 228 -1 -1 3660 3660
510 CONNECTION 1 259 -1 -1 3540 3540
511 CONNECTION 1 109 300 3360 5460 5460
512 CONNECTION 1 288 300 3960 6060 6060
513 CONNECTION 1 338 300 2400 4500 4500
514 CONNECTION 1 139 300 3240 5340 5340
515 CONNECTION 1 230 300 5160 7260 7260
516 CONNECTION 1 261 300 5040 7140 7140
517 CONNECTION 1 111 300 6960 9060 9060
518 CONNECTION 166 167 -1 -1 1320 1320
519 CONNECTION 166 138 -1 -1 3600 3600
520 CONNECTION 166 310 -1 -1 3120 3120
521 CONNECTION 166 78 -1 -1 3600 3600
522 CONNECTION 166 260 300 3300 5400 5400
523 CONNECTION 166 28 300 2820 4920 4920
524 CONNECTION 166 199 300 3300 5400 5400
525 CONNECTION 166 140 300 5100 7200 7200
526 CONNECTION 166 170 300 4620 6720 6720
527 CONNECTION 166 362 300 5100 7200 7200
528 CONNECTION 166 262 300 6900 9000 9000
529 SINK 166 3 -1 -1 0 0
530 CONNECTION 196 197 -1 -1 720 720
531 CONNECTION 196 286 -1 -1 1860 1860
532 CONNECTION 196 360 -1 -1 2520 2520
533 CONNECTION 196 27 -1 -1 3600 3600
534 CONNECTION 196 79 300 2220 4320 4320
535 CONNECTION 196 169 300 3300 5400 5400
536 CONNECTION 196 3 300 3360 5460 5460
537 CONNECTION 196 200 300 4020 6120 6120
538 CONNECTION 196 312 300 5100 7200 7200
539 CONNECTION 358 359 -1 -1 1740 1740
540 CONNECTION 358 138 -1 -1 3540 3540
541 CONNECTION 358 310 -1 -1 3060 3060
542 CONNECTION 358 78 -1 -1 3540 3540
543 CONNECTION 358 260 300 3240 5340 5340
544 CONNECTION 358 28 300 2760 4860 4860
545 CONNECTION 358 199 300 3240 5340 5340
546 CONNECTION 358 140 300 5040 7140 7140
547 CONNECTION 358 170 300 4560 6660 6660
548 CONNECTION 358 362 300 5040 7140 7140
549 CONNECTION 358 262 300 6840 8940 8940
550 SINK 358 3 -1 -1 0 0
551 CONNECTION 107 138 -1 -1 2640 2640
552 CONNECTION 107 310 -1 -1 2160 2160
553 CONNECTION 107 78 -1 -1 2640 2640
554 CONNECTION 107 260 -1 -1 4440 4440
555 CONNECTION 107 28 -1 -1 3960 3960
556 CONNECTION 107 199 -1 -1 4440 4440
557 CONNECTION 107 140 300 4140 6240 6240
558 CONNECTION 107 170 300 3660 5760 5760
559 CONNECTION 107 362 300 4140 6240 6240
560 CONNECTION 107 262 300 5940 8040 8040
561 CONNECTION 107 313 300 5460 7560 7560
562 CONNECTION 107 81 300 5940 8040 8040
563 SINK 107 3 -1 -1 0 0
564 CONNECTION 2 198 -1 -1 2100 2100
565 CONNECTION 2 55 -1 -1 4800 4800
566 CONNECTION 2 361 -1 -1 3900 3900
567 CONNECTION 2 80 300 3600 5700 5700
568 CONNECTION 2 340 300 6300 8400 8400
569 CONNECTION 2 201 300 5400 7500 7500
570 CONNECTION 53 54 -1 -1 720 720
571 CONNECTION 53 26 -1 -1 1860 1860
572 CONNECTION 53 108 -1 -1 2580 2580
573 CONNECTION 53 287 -1 -1 2700 2700
574 CONNECTION 53 168 300 1560 3660 3660
575 CONNECTION 53 229 300 2280 4380 4380
576 CONNECTION 53 339 300 2220 4320 4320
577 CONNECTION 53 311 300 3360 5460 5460
578 CONNECTION 53 110 300 4080 6180 6180
579 CONNECTION 53 4 300 4200 6300 6300
580 CONNECTION 53 29 300 5160 7260 7260
581 CONNECTION 308 309 -1 -1 1740 1740
582 CONNECTION 308 286 -1 -1 1800 1800
583 CONNECTION 308 360 -1 -1 2460 2460
584 CONNECTION 308 27 -1 -1 3540 3540
585 CONNECTION 308 79 300 2160 4260 4260
586 CONNECTION 308 169 300 3240 5340 5340
587 CONNECTION 308 3 300 3300 5400 5400
588 CONNECTION 308 200 300 3960 6060 6060
589 CONNECTION 308 312 300 5040 7140 7140
590 CONNECTION 258 259 -1 -1 840 840
591 CONNECTION 258 109 -1 -1 2760 2760
592 CONNECTION 258 288 -1 -1 3360 3360
593 CONNECTION 258 338 -1 -1 1800 1800
594 CONNECTION 258 139 -1 -1 2640 2640
595 CONNECTION 258 230 -1 -1 4560 4560
596 CONNECTION 258 261 300 2340 4440 4440
597 CONNECTION 258 111 300 4260 6360 6360
598 CONNECTION 258 5 300 4860 6960 6960
599 CONNECTION 258 56 300 3300 5400 5400
600 CONNECTION 258 141 300 4140 6240 6240
601 CONNECTION 258 232 300 6060 8160 8160
602 CONNECTION 227 228 -1 -1 1980 1980
603 CONNECTION 227 259 -1 -1 1860 1860
604 CONNECTION 227 109 -1 -1 3780 3780
605 CONNECTION 227 288 -1 -1 4380 4380
606 CONNECTION 227 338 -1 -1 2820 2820
607 CONNECTION 227 139 -1 -1 3660 3660
608 CONNECTION 227 230 300 3480 5580 5580
609 CONNECTION 227 261 300 3360 5460 5460
610 CONNECTION 227 111 300 5280 7380 7380
611 CONNECTION 227 5 300 5880 7980 7980
612 CONNECTION 227 56 300 4320 6420 6420
613 CONNECTION 227 141 300 5160 7260 7260
614 CONNECTION 54 360 -1 -1 1800 1800
615 CONNECTION 54 27 -1 -1 2880 2880
616 CONNECTION 54 79 -1 -1 3600 3600
617 CONNECTION 54 169 300 2580 4680 4680
618 CONNECTION 54 3 300 2640 4740 4740
619 CONNECTION 54 200 300 3300 5400 5400
620 CONNECTION 54 312 300 4380 6480 6480
621 CONNECTION 54 363 300 5100 7200 7200
622 CONNECTION 54 30 300 6180 8280 8280
623 CONNECTION 137 108 -1 -1 1740 1740
624 CONNECTION 137 287 -1 -1 1860 1860
625 CONNECTION 137 168 -1 -1 2820 2820
626 CONNECTION 137 229 -1 -1 3540 3540
627 CONNECTION 137 339 -1 -1 3480 3480
628 CONNECTION 137 311 300 2520 4620 4620
629 CONNECTION 137 110 300 3240 5340 5340
630 CONNECTION 137 4 300 3360 5460 5460
631 CONNECTION 137 29 300 4320 6420 6420
632 CONNECTION 137 231 300 5040 7140 7140
633 CONNECTION 137 57 300 4980 7080 7080
634 CONNECTION 167 198 -1 -1 2340 2340
635 CONNECTION 167 55 -1 -1 5040 5040
636 CONNECTION 167 361 -1 -1 4140 4140
637 CONNECTION 167 80 300 3840 5940 5940
638 CONNECTION 167 340 300 6540 8640 8640
639 CONNECTION 167 201 300 5640 7740 7740
640 CONNECTION 197 108 -1 -1 1860 1860
641 CONNECTION 197 287 -1 -1 1980 1980
642 CONNECTION 197 168 -1 -1 2940 2940
643 CONNECTION 197 229 -1 -1 3660 3660
644 CONNECTION 197 339 -1 -1 3600 3600
645 CONNECTION 197 311 300 2640 4740 4740
646 CONNECTION 197 110 300 3360 5460 5460
647 CONNECTION 197 4 300 3480 5580 5580
648 CONNECTION 197 29 300 4440 6540 6540
649 CONNECTION 197 231 300 5160 7260 7260
650 CONNECTION 197 57 300 5100 7200 7200
651 CONNECTION 309 310 -1 -1 1320 1320
652 CONNECTION 309 260 -1 -1 3600 3600
653 CONNECTION 309 28 -1 -1 3120 3120
654 CONNECTION 309 199 -1 -1 3600 3600
655 CONNECTION 309 140 300 3300 5400 5400
656 CONNECTION 309 170 300 2820 4920 4920
657 CONNECTION 309 362 300 3300 5400 5400
658 CONNECTION 309 262 300 5100 7200 7200
659 CONNECTION 309 313 300 4620 6720 6720
660 CONNECTION 309 81 300 5100 7200 7200
661 CONNECTION 309 142 300 6900 9000 9000
662 SINK 309 3 -1 -1 0 0
663 CONNECTION 359 360 -1 -1 720 720
664 CONNECTION 359 79 -1 -1 2520 2520
665 CONNECTION 359 169 -1 -1 3600 3600
666 CONNECTION 359 3 300 1560 3660 3660
667 CONNECTION 359 200 300 2220 4320 4320
668 CONNECTION 359 312 300 3300 5400 5400
669 CONNECTION 359 363 300 4020 6120 6120
670 CONNECTION 359 30 300 5100 7200 7200
671 CONNECTION 359 289 300 5160 7260 7260
672 CONNECTION 337 338 -1 -1 840 840
673 CONNECTION 337 139 -1 -1 1680 1680
674 CONNECTION 337 230 -1 -1 3600 3600
675 CONNECTION 337 261 -1 -1 3480 3480
676 CONNECTION 337 111 300 3300 5400 5400
677 CONNECTION 337 5 300 3900 6000 6000
678 CONNECTION 337 56 300 2340 4440 4440
679 CONNECTION 337 141 300 3180 5280 5280
680 CONNECTION 337 232 300 5100 7200 7200
681 CONNECTION 337 263 300 4980 7080 7080
682 CONNECTION 337 113 300 6900 9000 9000
683 CONNECTION 77 78 -1 -1 1740 1740
684 CONNECTION 77 260 -1 -1 3540 3540
685 CONNECTION 77 28 -1 -1 3060 3060
686 CONNECTION 77 199 -1 -1 3540 3540
687 CONNECTION 77 140 300 3240 5340 5340
688 CONNECTION 77 170 300 2760 4860 4860
689 CONNECTION 77 362 300 3240 5340 5340
690 CONNECTION 77 262 300 5040 7140 7140
691 CONNECTION 77 313 300 4560 6660 6660
692 CONNECTION 77 81 300 5040 7140 7140
693 CONNECTION 77 142 300 6840 8940 8940
694 SINK 77 3 -1 -1 0 0
695 CONNECTION 228 260 -1 -1 2640 2640
696 CONNECTION 228 28 -1 -1 2160 2160
697 CONNECTION 228 199 -1 -1 2640 2640
698 CONNECTION 228 140 -1 -1 4440 4440
699 CONNECTION 228 170 -1 -1 3960 3960
700 CONNECTION 228 362 -1 -1 4440 4440
701 CONNECTION 228 262 300 4140 6240 6240
702 CONNECTION 228 313 300 3660 5760 5760
703 CONNECTION 228 81 300 4140 6240 6240
704 CONNECTION 228 142 300 5940 8040 8040
705 CONNECTION 228 31 300 5460 7560 7560
706 CONNECTION 228 202 300 5940 8040 8040
707 SINK 228 3 -1 -1 0 0
708 CONNECTION 26 27 -1 -1 1740 1740
709 CONNECTION 26 79 -1 -1 2460 2460
710 CONNECTION 26 169 -1 -1 3540 3540
711 CONNECTION 26 3 -1 -1 3600 3600
712 CONNECTION 26 200 300 2160 4260 4260
713 CONNECTION 26 312 300 3240 5340 5340
714 CONNECTION 26 363 300 3960 6060 6060
715 CONNECTION 26 30 300 5040 7140 7140
716 CONNECTION 26 289 300 5100 7200 7200
717 CONNECTION 286 287 -1 -1 840 840
718 CONNECTION 286 168 -1 -1 1800 1800
719 CONNECTION 286 229 -1 -1 2520 2520
720 CONNECTION 286 339 -1 -1 2460 2460
721 CONNECTION 286 311 -1 -1 3600 3600
722 CONNECTION 286 110 300 2220 4320 4320
723 CONNECTION 286 4 300 2340 4440 4440
724 CONNECTION 286 29 300 3300 5400 5400
725 CONNECTION 286 231 300 4020 6120 6120
726 CONNECTION 286 57 300 3960 6060 6060
727 CONNECTION 286 171 300 5100 7200 7200
728 CONNECTION 286 112 300 5820 7920 7920
729 CONNECTION 138 139 -1 -1 840 840
730 CONNECTION 138 230 -1 -1 2760 2760
731 CONNECTION 138 261 -1 -1 2640 2640
732 CONNECTION 138 111 -1 -1 4560 4560
733 CONNECTION 138 5 -1 -1 5160 5160
734 CONNECTION 138 56 -1 -1 3600 3600
735 CONNECTION 138 141 300 2340 4440 4440
736 CONNECTION 138 232 300 4260 6360 6360
737 CONNECTION 138 263 300 4140 6240 6240
738 CONNECTION 138 113 300 6060 8160 8160
739 CONNECTION 138 291 300 6660 8760 8760
740 CONNECTION 138 341 300 5100 7200 7200
741 CONNECTION 108 109 -1 -1 1980 1980
742 CONNECTION 108 139 -1 -1 1860 1860
743 CONNECTION 108 230 -1 -1 3780 3780
744 CONNECTION 108 261 -1 -1 3660 3660
745 CONNECTION 108 111 300 3480 5580 5580
746 CONNECTION 108 5 300 4080 6180 6180
747 CONNECTION 108 56 300 2520 4620 4620
748 CONNECTION 108 141 300 3360 5460 5460
749 CONNECTION 108 232 300 5280 7380 7380
750 CONNECTION 108 263 300 5160 7260 7260
751 CONNECTION 259 229 -1 -1 1740 1740
752 CONNECTION 259 339 -1 -1 1680 1680
753 CONNECTION 259 311 -1 -1 2820 2820
754 CONNECTION 259 110 -1 -1 3540 3540
755 CONNECTION 259 4 -1 -1 3660 3660
756 CONNECTION 259 29 300 2520 4620 4620
757 CONNECTION 259 231 300 3240 5340 5340
758 CONNECTION 259 57 300 3180 5280 5280
759 CONNECTION 259 171 300 4320 6420 6420
760 CONNECTION 259 112 300 5040 7140 7140
761 CONNECTION 259 290 300 5160 7260 7260
762 CONNECTION 310 55 -1 -1 3240 3240
763 CONNECTION 310 361 -1 -1 2340 2340
764 CONNECTION 310 80 -1 -1 4140 4140
765 CONNECTION 310 340 300 4740 6840 6840
766 CONNECTION 310 201 300 3840 5940 5940
767 CONNECTION 310 364 300 5640 7740 7740
768 CONNECTION 360 229 -1 -1 1860 1860
769 CONNECTION 360 339 -1 -1 1800 1800
770 CONNECTION 360 311 -1 -1 2940 2940
771 CONNECTION 360 110 -1 -1 3660 3660
772 CONNECTION 360 4 300 1680 3780 3780
773 CONNECTION 360 29 300 2640 4740 4740
774 CONNECTION 360 231 300 3360 5460 5460
775 CONNECTION 360 57 300 3300 5400 5400
776 CONNECTION 360 171 300 4440 6540 6540
777 CONNECTION 360 112 300 5160 7260 7260
778 CONNECTION 360 290 300 5280 7380 7380
779 CONNECTION 27 28 -1 -1 1320 1320
780 CONNECTION 27 140 -1 -1 3600 3600
781 CONNECTION 27 170 -1 -1 3120 3120
782 CONNECTION 27 362 -1 -1 3600 3600
783 CONNECTION 27 262 300 3300 5400 5400
784 CONNECTION 27 313 300 2820 4920 4920
785 CONNECTION 27 81 300 3300 5400 5400
786 CONNECTION 27 142 300 5100 7200 7200
787 CONNECTION 27 31 300 4620 6720 6720
788 CONNECTION 27 202 300 5100 7200 7200
789 CONNECTION 27 264 300 6900 9000 9000
790 SINK 27 3 -1 -1 0 0
791 CONNECTION 78 79 -1 -1 720 720
792 CONNECTION 78 3 -1 -1 1860 1860
793 CONNECTION 78 200 -1 -1 2520 2520
794 CONNECTION 78 312 -1 -1 3600 3600
795 CONNECTION 78 363 300 2220 4320 4320
796 CONNECTION 78 30 300 3300 5400 5400
797 CONNECTION 78 289 300 3360 5460 5460
798 CONNECTION 78 82 300 4020 6120 6120
799 CONNECTION 78 172 300 5100 7200 7200
800 CONNECTION 287 288 -1 -1 2460 2460
801 CONNECTION 287 139 -1 -1 1740 1740
802 CONNECTION 287 230 -1 -1 3660 3660
803 CONNECTION 287 261 -1 -1 3540 3540
804 CONNECTION 287 111 300 3360 5460 5460
805 CONNECTION 287 5 300 3960 6060 6060
806 CONNECTION 287 56 300 2400 4500 4500
807 CONNECTION 287 141 300 3240 5340 5340
808 CONNECTION 287 232 300 5160 7260 7260
809 CONNECTION 287 263 300 5040 7140 7140
810 CONNECTION 287 113 300 6960 9060 9060
811 CONNECTION 198 199 -1 -1 1740 1740
812 CONNECTION 198 140 -1 -1 3540 3540
813 CONNECTION 198 170 -1 -1 3060 3060
814 CONNECTION 198 362 -1 -1 3540 3540
815 CONNECTION 198 262 300 3240 5340 5340
816 CONNECTION 198 313 300 2760 4860 4860
817 CONNECTION 198 81 300 3240 5340 5340
818 CONNECTION 198 142 300 5040 7140 7140
819 CONNECTION 198 31 300 4560 6660 6660
820 CONNECTION 198 202 300 5040 7140 7140
821 CONNECTION 198 264 300 6840 8940 8940
822 SINK 198 3 -1 -1 0 0
823 CONNECTION 109 140 -1 -1 2640 2640
824 CONNECTION 109 170 -1 -1 2160 2160
825 CONNECTION 109 362 -1 -1 2640 2640
826 CONNECTION 109 262 -1 -1 4440 4440
827 CONNECTION 109 313 -1 -1 3960 3960
828 CONNECTION 109 81 -1 -1 4440 4440
829 CONNECTION 109 142 300 4140 6240 6240
830 CONNECTION 109 31 300 3660 5760 5760
831 CONNECTION 109 202 300 4140 6240 6240
832 CONNECTION 109 264 300 5940 8040 8040
833 CONNECTION 109 173 300 5460 7560 7560
834 CONNECTION 109 365 300 5940 8040 8040
835 SINK 109 3 -1 -1 0 0
836 CONNECTION 288 80 -1 -1 2100 2100
837 CONNECTION 288 340 -1 -1 4800 4800
838 CONNECTION 288 201 -1 -1 3900 3900
839 CONNECTION 288 364 300 3600 5700 5700
840 CONNECTION 288 58 300 6300 8400 8400
841 CONNECTION 288 83 300 5400 7500 7500
842 CONNECTION 338 339 -1 -1 720 720
843 CONNECTION 338 311 -1 -1 1860 1860
844 CONNECTION 338 110 -1 -1 2580 2580
845 CONNECTION 338 4 -1 -1 2700 2700
846 CONNECTION 338 29 300 1560 3660 3660
847 CONNECTION 338 231 300 2280 4380 4380
848 CONNECTION 338 57 300 2220 4320 4320
849 CONNECTION 338 171 300 3360 5460 5460
850 CONNECTION 338 112 300 4080 6180 6180
851 CONNECTION 338 290 300 4200 6300 6300
852 CONNECTION 338 314 300 5160 7260 7260
853 CONNECTION 168 169 -1 -1 1740 1740
854 CONNECTION 168 3 -1 -1 1800 1800
855 CONNECTION 168 200 -1 -1 2460 2460
856 CONNECTION 168 312 -1 -1 3540 3540
857 CONNECTION 168 363 300 2160 4260 4260
858 CONNECTION 168 30 300 3240 5340 5340
859 CONNECTION 168 289 300 3300 5400 5400
860 CONNECTION 168 82 300 3960 6060 6060
861 CONNECTION 168 172 300 5040 7140 7140
862 CONNECTION 260 261 -1 -1 840 840
863 CONNECTION 260 111 -1 -1 2760 2760
864 CONNECTION 260 5 -1 -1 3360 3360
865 CONNECTION 260 56 -1 -1 1800 1800
866 CONNECTION 260 141 -1 -1 2640 2640
867 CONNECTION 260 232 -1 -1 4560 4560
868 CONNECTION 260 263 300 2340 4440 4440
869 CONNECTION 260 113 300 4260 6360 6360
870 CONNECTION 260 291 300 4860 6960 6960
871 CONNECTION 260 341 300 3300 5400 5400
872 CONNECTION 260 143 300 4140 6240 6240
873 CONNECTION 260 234 300 6060 8160 8160
874 CONNECTION 229 230 -1 -1 1980 1980
875 CONNECTION 229 261 -1 -1 1860 1860
876 CONNECTION 229 111 -1 -1 3780 3780
877 CONNECTION 229 5 -1 -1 4380 4380
878 CONNECTION 229 56 -1 -1 2820 2820
879 CONNECTION 229 141 -1 -1 3660 3660
880 CONNECTION 229 232 300 3480 5580 5580
881 CONNECTION 229 263 300 3360 5460 5460
882 CONNECTION 229 113 300 5280 7380 7380
883 CONNECTION 229 291 300 5880 7980 7980
884 CONNECTION 229 341 300 4320 6420 6420
885 CONNECTION 229 143 300 5160 7260 7260
886 CONNECTION 28 80 -1 -1 2340 2340
887 CONNECTION 28 340 -1 -1 5040 5040
888 CONNECTION 28 201 -1 -1 4140 4140
889 CONNECTION 28 364 300 3840 5940 5940
890 CONNECTION 28 58 300 6540 8640 8640
891 CONNECTION 28 83 300 5640 7740 7740
892 CONNECTION 79 110 -1 -1 1860 1860
893 CONNECTION 79 4 -1 -1 1980 1980
894 CONNECTION 79 29 -1 -1 2940 2940
895 CONNECTION 79 231 -1 -1 3660 3660
896 CONNECTION 79 57 -1 -1 3600 3600
897 CONNECTION 79 171 300 2640 4740 4740
898 CONNECTION 79 112 300 3360 5460 5460
899 CONNECTION 79 290 300 3480 5580 5580
900 CONNECTION 79 314 300 4440 6540 6540
901 CONNECTION 79 233 300 5160 7260 7260
902 CONNECTION 79 342 300 5100 7200 7200
903 CONNECTION 139 110 -1 -1 1740 1740
904 CONNECTION 139 4 -1 -1 1860 1860
905 CONNECTION 139 29 -1 -1 2820 2820
906 CONNECTION 139 231 -1 -1 3540 3540
907 CONNECTION 139 57 -1 -1 3480 3480
908 CONNECTION 139 171 300 2520 4620 4620
909 CONNECTION 139 112 300 3240 5340 5340
910 CONNECTION 139 290 300 3360 5460 5460
911 CONNECTION 139 314 300 4320 6420 6420
912 CONNECTION 139 233 300 5040 7140 7140
913 CONNECTION 139 342 300 4980 7080 7080
914 CONNECTION 339 200 -1 -1 1800 1800
915 CONNECTION 339 312 -1 -1 2880 2880
916 CONNECTION 339 363 -1 -1 3600 3600
917 CONNECTION 339 30 300 2580 4680 4680
918 CONNECTION 339 289 300 2640 4740 4740
919 CONNECTION 339 82 300 3300 5400 5400
920 CONNECTION 339 172 300 4380 6480 6480
921 CONNECTION 339 203 300 5100 7200 7200
922 CONNECTION 339 315 300 6180 8280 8280
923 CONNECTION 169 170 -1 -1 1320 1320
924 CONNECTION 169 262 -1 -1 3600 3600
925 CONNECTION 169 313 -1 -1 3120 3120
926 CONNECTION 169 81 -1 -1 3600 3600
927 CONNECTION 169 142 300 3300 5400 5400
928 CONNECTION 169 31 300 2820 4920 4920
929 CONNECTION 169 202 300 3300 5400 5400
930 CONNECTION 169 264 300 5100 7200 7200
931 CONNECTION 169 173 300 4620 6720 6720
932 CONNECTION 169 365 300 5100 7200 7200
933 CONNECTION 169 144 300 6900 9000 9000
934 SINK 169 3 -1 -1 0 0
935 CONNECTION 199 200 -1 -1 720 720
936 CONNECTION 199 363 -1 -1 2520 2520
937 CONNECTION 199 30 -1 -1 3600 3600
938 CONNECTION 199 289 300 1560 3660 3660
939 CONNECTION 199 82 300 2220 4320 4320
940 CONNECTION 199 172 300 3300 5400 5400
941 CONNECTION 199 203 300 4020 6120 6120
942 CONNECTION 199 315 300 5100 7200 7200
943 CONNECTION 199 6 300 5160 7260 7260
944 CONNECTION 55 56 -1 -1 840 840
945 CONNECTION 55 141 -1 -1 1680 1680
946 CONNECTION 55 232 -1 -1 3600 3600
947 CONNECTION 55 263 -1 -1 3480 3480
948 CONNECTION 55 113 300 3300 5400 5400
949 CONNECTION 55 291 300 3900 6000 6000
950 CONNECTION 55 341 300 2340 4440 4440
951 CONNECTION 55 143 300 3180 5280 5280
952 CONNECTION 55 234 300 5100 7200 7200
953 CONNECTION 55 265 300 4980 7080 7080
954 CONNECTION 55 115 300 6900 9000 9000
955 CONNECTION 361 362 -1 -1 1740 1740
956 CONNECTION 361 262 -1 -1 3540 3540
957 CONNECTION 361 313 -1 -1 3060 3060
958 CONNECTION 361 81 -1 -1 3540 3540
959 CONNECTION 361 142 300 3240 5340 5340
960 CONNECTION 361 31 300 2760 4860 4860
961 CONNECTION 361 202 300 3240 5340 5340
962 CONNECTION 361 264 300 5040 7140 7140
963 CONNECTION 361 173 300 4560 6660 6660
964 CONNECTION 361 365 300 5040 7140 7140
965 CONNECTION 361 144 300 6840 8940 8940
966 SINK 361 3 -1 -1 0 0
967 CONNECTION 230 262 -1 -1 2640 2640
968 CONNECTION 230 313 -1 -1 2160 2160
969 CONNECTION 230 81 -1 -1 2640 2640
970 CONNECTION 230 142 -1 -1 4440 4440
971 CONNECTION 230 31 -1 -1 3960 3960
972 CONNECTION 230 202 -1 -1 4440 4440
973 CONNECTION 230 264 300 4140 6240 6240
974 CONNECTION 230 173 300 3660 5760 5760
975 CONNECTION 230 365 300 4140 6240 6240
976 CONNECTION 230 144 300 5940 8040 8040
977 CONNECTION 230 316 300 5460 7560 7560
978 CONNECTION 230 84 300 5940 8040 8040
979 SINK 230 3 -1 -1 0 0
980 CONNECTION 3 4 -1 -1 840 840
981 CONNECTION 3 29 -1 -1 1800 1800
982 CONNECTION 3 231 -1 -1 2520 2520
983 CONNECTION 3 57 -1 -1 2460 2460
984 CONNECTION 3 171 -1 -1 3600 3600
985 CONNECTION 3 112 300 2220 4320 4320
986 CONNECTION 3 290 300 2340 4440 4440
987 CONNECTION 3 314 300 3300 5400 5400
988 CONNECTION 3 233 300 4020 6120 6120
989 CONNECTION 3 342 300 3960 6060 6060
990 CONNECTION 3 32 300 5100 7200 7200
991 CONNECTION 3 114 300 5820 7920 7920
992 CONNECTION 311 312 -1 -1 1740 1740
993 CONNECTION 311 363 -1 -1 2460 2460
994 CONNECTION 311 30 -1 -1 3540 3540
995 CONNECTION 311 289 -1 -1 3600 3600
996 CONNECTION 311 82 300 2160 4260 4260
997 CONNECTION 311 172 300 3240 5340 5340
998 CONNECTION 311 203 300 3960 6060 6060
999 CONNECTION 311 315 300 5040 7140 7140
1000 CONNECTION 311 6 300 5100 7200 7200
1001 CONNECTION 140 141 -1 -1 840 840
1002 CONNECTION 140 232 -1 -1 2760 2760
1003 CONNECTION 140 263 -1 -1 2640 2640
1004 CONNECTION 140 113 -1 -1 4560 4560
1005 CONNECTION 140 291 -1 -1 5160 5160
1006 CONNECTION 140 341 -1 -1 3600 3600
1007 CONNECTION 140 143 300 2340 4440 4440
1008 CONNECTION 140 234 300 4260 6360 6360
1009 CONNECTION 140 265 300 4140 6240 6240
1010 CONNECTION 140 115 300 6060 8160 8160
1011 CONNECTION 140 8 300 6660 8760 8760
1012 CONNECTION 140 59 300 5100 7200 7200
1013 CONNECTION 110 111 -1 -1 1980 1980
1014 CONNECTION 110 141 -1 -1 1860 1860
1015 CONNECTION 110 232 -1 -1 3780 3780
1016 CONNECTION 110 263 -1 -1 3660 3660
1017 CONNECTION 110 113 300 3480 5580 5580
1018 CONNECTION 110 291 300 4080 6180 6180
1019 CONNECTION 110 341 300 2520 4620 4620
1020 CONNECTION 110 143 300 3360 5460 5460
1021 CONNECTION 110 234 300 5280 7380 7380
1022 CONNECTION 110 265 300 5160 7260 7260
1023 CONNECTION 170 340 -1 -1 3240 3240
1024 CONNECTION 170 201 -1 -1 2340 2340
1025 CONNECTION 170 364 -1 -1 4140 4140
1026 CONNECTION 170 58 300 4740 6840 6840
1027 CONNECTION 170 83 300 3840 5940 5940
1028 CONNECTION 170 204 300 5640 7740 7740
1029 CONNECTION 200 231 -1 -1 1860 1860
1030 CONNECTION 200 57 -1 -1 1800 1800
1031 CONNECTION 200 171 -1 -1 2940 2940
1032 CONNECTION 200 112 -1 -1 3660 3660
1033 CONNECTION 200 290 300 1680 3780 3780
1034 CONNECTION 200 314 300 2640 4740 4740
1035 CONNECTION 200 233 300 3360 5460 5460
1036 CONNECTION 200 342 300 3300 5400 5400
1037 CONNECTION 200 32 300 4440 6540 6540
1038 CONNECTION 200 114 300 5160 7260 7260
1039 CONNECTION 200 7 300 5280 7380 7380
1040 CONNECTION 261 231 -1 -1 1740 1740
1041 CONNECTION 261 57 -1 -1 1680 1680
1042 CONNECTION 261 171 -1 -1 2820 2820
1043 CONNECTION 261 112 -1 -1 3540 3540
1044 CONNECTION 261 290 -1 -1 3660 3660
1045 CONNECTION 261 314 300 2520 4620 4620
1046 CONNECTION 261 233 300 3240 5340 5340
1047 CONNECTION 261 342 300 3180 5280 5280
1048 CONNECTION 261 32 300 4320 6420 6420
1049 CONNECTION 261 114 300 5040 7140 7140
1050 CONNECTION 261 7 300 5160 7260 7260
1051 CONNECTION 4 5 -1 -1 2460 2460
1052 CONNECTION 4 141 -1 -1 1740 1740
1053 CONNECTION 4 232 -1 -1 3660 3660
1054 CONNECTION 4 263 -1 -1 3540 3540
1055 CONNECTION 4 113 300 3360 5460 5460
1056 CONNECTION 4 291 300 3960 6060 6060
1057 CONNECTION 4 341 300 2400 4500 4500
1058 CONNECTION 4 143 300 3240 5340 5340
1059 CONNECTION 4 234 300 5160 7260 7260
1060 CONNECTION 4 265 300 5040 7140 7140
1061 CONNECTION 4 115 300 6960 9060 9060
1062 CONNECTION 312 313 -1 -1 1320 1320
1063 CONNECTION 312 142 -1 -1 3600 3600
1064 CONNECTION 312 31 -1 -1 3120 3120
1065 CONNECTION 312 202 -1 -1 3600 3600
1066 CONNECTION 312 264 300 3300 5400 5400
1067 CONNECTION 312 173 300 2820 4920 4920
1068 CONNECTION 312 365 300 3300 5400 5400
1069 CONNECTION 312 144 300 5100 7200 7200
1070 CONNECTION 312 316 300 4620 6720 6720
1071 CONNECTION 312 84 300 5100 7200 7200
1072 CONNECTION 312 266 300 6900 9000 9000
1073 SINK 312 3 -1 -1 0 0
1074 CONNECTION 362 363 -1 -1 720 720
1075 CONNECTION 362 289 -1 -1 1860 1860
1076 CONNECTION 362 82 -1 -1 2520 2520
1077 CONNECTION 362 172 -1 -1 3600 3600
1078 CONNECTION 362 203 300 2220 4320 4320
1079 CONNECTION 362 315 300 3300 5400 5400
1080 CONNECTION 362 6 300 3360 5460 5460
1081 CONNECTION 362 366 300 4020 6120 6120
1082 CONNECTION 362 33 300 5100 7200 7200
1083 CONNECTION 80 81 -1 -1 1740 1740
1084 CONNECTION 80 142 -1 -1 3540 3540
1085 CONNECTION 80 31 -1 -1 3060 3060
1086 CONNECTION 80 202 -1 -1 3540 3540
1087 CONNECTION 80 264 300 3240 5340 5340
1088 CONNECTION 80 173 300 2760 4860 4860
1089 CONNECTION 80 365 300 3240 5340 5340
1090 CONNECTION 80 144 300 5040 7140 7140
1091 CONNECTION 80 316 300 4560 6660 6660
1092 CONNECTION 80 84 300 5040 7140 7140
1093 CONNECTION 80 266 300 6840 8940 8940
1094 SINK 80 3 -1 -1 0 0
1095 CONNECTION 111 142 -1 -1 2640 2640
1096 CONNECTION 111 31 -1 -1 2160 2160
1097 CONNECTION 111 202 -1 -1 2640 2640
1098 CONNECTION 111 264 -1 -1 4440 4440
1099 CONNECTION 111 173 -1 -1 3960 3960
1100 CONNECTION 111 365 -1 -1 4440 4440
1101 CONNECTION 111 144 300 4140 6240 6240
1102 CONNECTION 111 316 300 3660 5760 5760
1103 CONNECTION 111 84 300 4140 6240 6240
1104 CONNECTION 111 266 300 5940 8040 8040
1105 CONNECTION 111 34 300 5460 7560 7560
1106 CONNECTION 111 205 300 5940 8040 8040
1107 SINK 111 3 -1 -1 0 0
1108 CONNECTION 5 364 -1 -1 2100 2100
1109 CONNECTION 5 58 -1 -1 4800 4800
1110 CONNECTION 5 83 -1 -1 3900 3900
1111 CONNECTION 5 204 300 3600 5700 5700
1112 CONNECTION 5 343 300 6300 8400 8400
1113 CONNECTION 5 367 300 5400 7500 7500
1114 CONNECTION 56 57 -1 -1 720 720
1115 CONNECTION 56 171 -1 -1 1860 1860
1116 CONNECTION 56 112 -1 -1 2580 2580
1117 CONNECTION 56 290 -1 -1 2700 2700
1118 CONNECTION 56 314 300 1560 3660 3660
1119 CONNECTION 56 233 300 2280 4380 4380
1120 CONNECTION 56 342 300 2220 4320 4320
1121 CONNECTION 56 32 300 3360 5460 5460
1122 CONNECTION 56 114 300 4080 6180 6180
1123 CONNECTION 56 7 300 4200 6300 6300
1124 CONNECTION 56 174 300 5160 7260 7260
1125 CONNECTION 29 30 -1 -1 1740 1740
1126 CONNECTION 29 289 -1 -1 1800 1800
1127 CONNECTION 29 82 -1 -1 2460 2460
1128 CONNECTION 29 172 -1 -1 3540 3540
1129 CONNECTION 29 203 300 2160 4260 4260
1130 CONNECTION 29 315 300 3240 5340 5340
1131 CONNECTION 29 6 300 3300 5400 5400
1132 CONNECTION 29 366 300 3960 6060 6060
1133 CONNECTION 29 33 300 5040 7140 7140
1134 CONNECTION 262 263 -1 -1 840 840
1135 CONNECTION 262 113 -1 -1 2760 2760
1136 CONNECTION 262 291 -1 -1 3360 3360
1137 CONNECTION 262 341 -1 -1 1800 1800
1138 CONNECTION 262 143 -1 -1 2640 2640
1139 CONNECTION 262 234 -1 -1 4560 4560
1140 CONNECTION 262 265 300 2340 4440 4440
1141 CONNECTION 262 115 300 4260 6360 6360
1142 CONNECTION 262 8 300 4860 6960 6960
1143 CONNECTION 262 59 300 3300 5400 5400
1144 CONNECTION 262 145 300 4140 6240 6240
1145 CONNECTION 262 236 300 6060 8160 8160
1146 CONNECTION 231 232 -1 -1 1980 1980
1147 CONNECTION 231 263 -1 -1 1860 1860
1148 CONNECTION 231 113 -1 -1 3780 3780
1149 CONNECTION 231 291 -1 -1 4380 4380
1150 CONNECTION 231 341 -1 -1 2820 2820
1151 CONNECTION 231 143 -1 -1 3660 3660
1152 CONNECTION 231 234 300 3480 5580 5580
1153 CONNECTION 231 265 300 3360 5460 5460
1154 CONNECTION 231 115 300 5280 7380 7380
1155 CONNECTION 231 8 300 5880 7980 7980
1156 CONNECTION 231 59 300 4320 6420 6420
1157 CONNECTION 231 145 300 5160 7260 7260
1158 CONNECTION 57 82 -1 -1 1800 1800
1159 CONNECTION 57 172 -1 -1 2880 2880
1160 CONNECTION 57 203 -1 -1 3600 3600
1161 CONNECTION 57 315 300 2580 4680 4680
1162 CONNECTION 57 6 300 2640 4740 4740
1163 CONNECTION 57 366 300 3300 5400 5400
1164 CONNECTION 57 33 300 4380 6480 6480
1165 CONNECTION 57 85 300 5100 7200 7200
1166 CONNECTION 57 175 300 6180 8280 8280
1167 CONNECTION 141 112 -1 -1 1740 1740
1168 CONNECTION 141 290 -1 -1 1860 1860
1169 CONNECTION 141 314 -1 -1 2820 2820
1170 CONNECTION 141 233 -1 -1 3540 3540
1171 CONNECTION 141 342 -1 -1 3480 3480
1172 CONNECTION 141 32 300 2520 4620 4620
1173 CONNECTION 141 114 300 3240 5340 5340
1174 CONNECTION 141 7 300 3360 5460 5460
1175 CONNECTION 141 174 300 4320 6420 6420
1176 CONNECTION 141 235 300 5040 7140 7140
1177 CONNECTION 141 60 300 4980 7080 7080
1178 CONNECTION 313 364 -1 -1 2340 2340
1179 CONNECTION 313 58 -1 -1 5040 5040
1180 CONNECTION 313 83 -1 -1 4140 4140
1181 CONNECTION 313 204 300 3840 5940 5940
1182 CONNECTION 313 343 300 6540 8640 8640
1183 CONNECTION 313 367 300 5640 7740 7740
1184 CONNECTION 363 112 -1 -1 1860 1860
1185 CONNECTION 363 290 -1 -1 1980 1980
1186 CONNECTION 363 314 -1 -1 2940 2940
1187 CONNECTION 363 233 -1 -1 3660 3660
1188 CONNECTION 363 342 -1 -1 3600 3600
1189 CONNECTION 363 32 300 2640 4740 4740
1190 CONNECTION 363 114 300 3360 5460 5460
1191 CONNECTION 363 7 300 3480 5580 5580
1192 CONNECTION 363 174 300 4440 6540 6540
1193 CONNECTION 363 235 300 5160 7260 7260
1194 CONNECTION 363 60 300 5100 7200 7200
1195 CONNECTION 30 31 -1 -1 1320 1320
1196 CONNECTION 30 264 -1 -1 3600 3600
1197 CONNECTION 30 173 -1 -1 3120 3120
1198 CONNECTION 30 365 -1 -1 3600 3600
1199 CONNECTION 30 144 300 3300 5400 5400
1200 CONNECTION 30 316 300 2820 4920 4920
1201 CONNECTION 30 84 300 3300 5400 5400
1202 CONNECTION 30 266 300 5100 7200 7200
1203 CONNECTION 30 34 300 4620 6720 6720
1204 CONNECTION 30 205 300 5100 7200 7200
1205 CONNECTION 30 146 300 6900 9000 9000
1206 SINK 30 3 -1 -1 0 0
1207 CONNECTION 81 82 -1 -1 720 720
1208 CONNECTION 81 203 -1 -1 2520 2520
1209 CONNECTION 81 315 -1 -1 3600 3600
1210 CONNECTION 81 6 300 1560 3660 3660
1211 CONNECTION 81 366 300 2220 4320 4320
1212 CONNECTION 81 33 300 3300 5400 5400
1213 CONNECTION 81 85 300 4020 6120 6120
1214 CONNECTION 81 175 300 5100 7200 7200
1215 CONNECTION 81 292 300 5160 7260 7260
1216 CONNECTION 340 341 -1 -1 840 840
1217 CONNECTION 340 143 -1 -1 1680 1680
1218 CONNECTION 340 234 -1 -1 3600 3600
1219 CONNECTION 340 265 -1 -1 3480 3480
1220 CONNECTION 340 115 300 3300 5400 5400
1221 CONNECTION 340 8 300 3900 6000 6000
1222 CONNECTION 340 59 300 2340 4440 4440
1223 CONNECTION 340 145 300 3180 5280 5280
1224 CONNECTION 340 236 300 5100 7200 7200
1225 CONNECTION 340 267 300 4980 7080 7080
1226 CONNECTION 340 117 300 6900 9000 9000
1227 CONNECTION 201 202 -1 -1 1740 1740
1228 CONNECTION 201 264 -1 -1 3540 3540
1229 CONNECTION 201 173 -1 -1 3060 3060
1230 CONNECTION 201 365 -1 -1 3540 3540
1231 CONNECTION 201 144 300 3240 5340 5340
1232 CONNECTION 201 316 300 2760 4860 4860
1233 CONNECTION 201 84 300 3240 5340 5340
1234 CONNECTION 201 266 300 5040 7140 7140
1235 CONNECTION 201 34 300 4560 6660 6660
1236 CONNECTION 201 205 300 5040 7140 7140
1237 CONNECTION 201 146 300 6840 8940 8940
1238 SINK 201 3 -1 -1 0 0
1239 CONNECTION 232 264 -1 -1 2640 2640
1240 CONNECTION 232 173 -1 -1 2160 2160
1241 CONNECTION 232 365 -1 -1 2640 2640
1242 CONNECTION 232 144 -1 -1 4440 4440
1243 CONNECTION 232 316 -1 -1 3960 3960
1244 CONNECTION 232 84 -1 -1 4440 4440
1245 CONNECTION 232 266 300 4140 6240 6240
1246 CONNECTION 232 34 300 3660 5760 5760
1247 CONNECTION 232 205 300 4140 6240 6240
1248 CONNECTION 232 146 300 5940 8040 8040
1249 CONNECTION 232 176 300 5460 7560 7560
1250 CONNECTION 232 368 300 5940 8040 8040
1251 SINK 232 3 -1 -1 0 0
1252 CONNECTION 171 172 -1 -1 1740 1740
1253 CONNECTION 171 203 -1 -1 2460 2460
1254 CONNECTION 171 315 -1 -1 3540 3540
1255 CONNECTION 171 6 -1 -1 3600 3600
1256 CONNECTION 171 366 300 2160 4260 4260
1257 CONNECTION 171 33 300 3240 5340 5340
1258 CONNECTION 171 85 300 3960 6060 6060
1259 CONNECTION 171 175 300 5040 7140 7140
1260 CONNECTION 171 292 300 5100 7200 7200
1261 CONNECTION 289 290 -1 -1 840 840
1262 CONNECTION 289 314 -1 -1 1800 1800
1263 CONNECTION 289 233 -1 -1 2520 2520
1264 CONNECTION 289 342 -1 -1 2460 2460
1265 CONNECTION 289 32 -1 -1 3600 3600
1266 CONNECTION 289 114 300 2220 4320 4320
1267 CONNECTION 289 7 300 2340 4440 4440
1268 CONNECTION 289 174 300 3300 5400 5400
1269 CONNECTION 289 235 300 4020 6120 6120
1270 CONNECTION 289 60 300 3960 6060 6060
1271 CONNECTION 289 317 300 5100 7200 7200
1272 CONNECTION 289 116 300 5820 7920 7920
1273 CONNECTION 142 143 -1 -1 840 840
1274 CONNECTION 142 234 -1 -1 2760 2760
1275 CONNECTION 142 265 -1 -1 2640 2640
1276 CONNECTION 142 115 -1 -1 4560 4560
1277 CONNECTION 142 8 -1 -1 5160 5160
1278 CONNECTION 142 59 -1 -1 3600 3600
1279 CONNECTION 142 145 300 2340 4440 4440
1280 CONNECTION 142 236 300 4260 6360 6360
1281 CONNECTION 142 267 300 4140 6240 6240
1282 CONNECTION 142 117 300 6060 8160 8160
1283 CONNECTION 142 294 300 6660 8760 8760
1284 CONNECTION 142 344 300 5100 7200 7200
1285 CONNECTION 112 113 -1 -1 1980 1980
1286 CONNECTION 112 143 -1 -1 1860 1860
1287 CONNECTION 112 234 -1 -1 3780 3780
1288 CONNECTION 112 265 -1 -1 3660 3660
1289 CONNECTION 112 115 300 3480 5580 5580
1290 CONNECTION 112 8 300 4080 6180 6180
1291 CONNECTION 112 59 300 2520 4620 4620
1292 CONNECTION 112 145 300 3360 5460 5460
1293 CONNECTION 112 236 300 5280 7380 7380
1294 CONNECTION 112 267 300 5160 7260 7260
1295 CONNECTION 31 58 -1 -1 3240 3240
1296 CONNECTION 31 83 -1 -1 2340 2340
1297 CONNECTION 31 204 -1 -1 4140 4140
1298 CONNECTION 31 343 300 4740 6840 6840
1299 CONNECTION 31 367 300 3840 5940 5940
1300 CONNECTION 31 86 300 5640 7740 7740
1301 CONNECTION 82 233 -1 -1 1860 1860
1302 CONNECTION 82 342 -1 -1 1800 1800
1303 CONNECTION 82 32 -1 -1 2940 2940
1304 CONNECTION 82 114 -1 -1 3660 3660
1305 CONNECTION 82 7 300 1680 3780 3780
1306 CONNECTION 82 174 300 2640 4740 4740
1307 CONNECTION 82 235 300 3360 5460 5460
1308 CONNECTION 82 60 300 3300 5400 5400
1309 CONNECTION 82 317 300 4440 6540 6540
1310 CONNECTION 82 116 300 5160 7260 7260
1311 CONNECTION 82 293 300 5280 7380 7380
1312 CONNECTION 263 233 -1 -1 1740 1740
1313 CONNECTION 263 342 -1 -1 1680 1680
1314 CONNECTION 263 32 -1 -1 2820 2820
1315 CONNECTION 263 114 -1 -1 3540 3540
1316 CONNECTION 263 7 -1 -1 3660 3660
1317 CONNECTION 263 174 300 2520 4620 4620
1318 CONNECTION 263 235 300 3240 5340 5340
1319 CONNECTION 263 60 300 3180 5280 5280
1320 CONNECTION 263 317 300 4320 6420 6420
1321 CONNECTION 263 116 300 5040 7140 7140
1322 CONNECTION 263 293 300 5160 7260 7260
1323 CONNECTION 172 173 -1 -1 1320 1320
1324 CONNECTION 172 144 -1 -1 3600 3600
1325 CONNECTION 172 316 -1 -1 3120 3120
1326 CONNECTION 172 84 -1 -1 3600 3600
1327 CONNECTION 172 266 300 3300 5400 5400
1328 CONNECTION 172 34 300 2820 4920 4920
1329 CONNECTION 172 205 300 3300 5400 5400
1330 CONNECTION 172 146 300 5100 7200 7200
1331 CONNECTION 172 176 300 4620 6720 6720
1332 CONNECTION 172 368 300 5100 7200 7200
1333 CONNECTION 172 268 300 6900 9000 9000
1334 SINK 172 3 -1 -1 0 0
1335 CONNECTION 202 203 -1 -1 720 720
1336 CONNECTION 202 6 -1 -1 1860 1860
1337 CONNECTION 202 366 -1 -1 2520 2520
1338 CONNECTION 202 33 -1 -1 3600 3600
1339 CONNECTION 202 85 300 2220 4320 4320
1340 CONNECTION 202 175 300 3300 5400 5400
1341 CONNECTION 202 292 300 3360 5460 5460
1342 CONNECTION 202 206 300 4020 6120 6120
1343 CONNECTION 202 318 300 5100 7200 7200
1344 CONNECTION 290 291 -1 -1 2460 2460
1345 CONNECTION 290 143 -1 -1 1740 1740
1346 CONNECTION 290 234 -1 -1 3660 3660
1347 CONNECTION 290 265 -1 -1 3540 3540
1348 CONNECTION 290 115 300 3360 5460 5460
1349 CONNECTION 290 8 300 3960 6060 6060
1350 CONNECTION 290 59 300 2400 4500 4500
1351 CONNECTION 290 145 300 3240 5340 5340
1352 CONNECTION 290 236 300 5160 7260 7260
1353 CONNECTION 290 267 300 5040 7140 7140
1354 CONNECTION 290 117 300 6960 9060 9060
1355 CONNECTION 364 365 -1 -1 1740 1740
1356 CONNECTION 364 144 -1 -1 3540 3540
1357 CONNECTION 364 316 -1 -1 3060 3060
1358 CONNECTION 364 84 -1 -1 3540 3540
1359 CONNECTION 364 266 300 3240 5340 5340
1360 CONNECTION 364 34 300 2760 4860 4860
1361 CONNECTION 364 205 300 3240 5340 5340
1362 CONNECTION 364 146 300 5040 7140 7140
1363 CONNECTION 364 176 300 4560 6660 6660
1364 CONNECTION 364 368 300 5040 7140 7140
1365 CONNECTION 364 268 300 6840 8940 8940
1366 SINK 364 3 -1 -1 0 0
1367 CONNECTION 113 144 -1 -1 2640 2640
1368 CONNECTION 113 316 -1 -1 2160 2160
1369 CONNECTION 113 84 -1 -1 2640 2640
1370 CONNECTION 113 266 -1 -1 4440 4440
1371 CONNECTION 113 34 -1 -1 3960 3960
1372 CONNECTION 113 205 -1 -1 4440 4440
1373 CONNECTION 113 146 300 4140 6240 6240
1374 CONNECTION 113 176 300 3660 5760 5760
1375 CONNECTION 113 368 300 4140 6240 6240
1376 CONNECTION 113 268 300 5940 8040 8040
1377 CONNECTION 113 319 300 5460 7560 7560
1378 CONNECTION 113 87 300 5940 8040 8040
1379 SINK 113 3 -1 -1 0 0
1380 CONNECTION 291 204 -1 -1 2100 2100
1381 CONNECTION 291 343 -1 -1 4800 4800
1382 CONNECTION 291 367 -1 -1 3900 3900
1383 CONNECTION 291 86 300 3600 5700 5700
1384 CONNECTION 291 61 300 6300 8400 8400
1385 CONNECTION 291 207 300 5400 7500 7500
1386 CONNECTION 341 342 -1 -1 720 720
1387 CONNECTION 341 32 -1 -1 1860 1860
1388 CONNECTION 341 114 -1 -1 2580 2580
1389 CONNECTION 341 7 -1 -1 2700 2700
1390 CONNECTION 341 174 300 1560 3660 3660
1391 CONNECTION 341 235 300 2280 4380 4380
1392 CONNECTION 341 60 300 2220 4320 4320
1393 CONNECTION 341 317 300 3360 5460 5460
1394 CONNECTION 341 116 300 4080 6180 6180
1395 CONNECTION 341 293 300 4200 6300 6300
1396 CONNECTION 341 35 300 5160 7260 7260
1397 CONNECTION 314 315 -1 -1 1740 1740
1398 CONNECTION 314 6 -1 -1 1800 1800
1399 CONNECTION 314 366 -1 -1 2460 2460
1400 CONNECTION 314 33 -1 -1 3540 3540
1401 CONNECTION 314 85 300 2160 4260 4260
1402 CONNECTION 314 175 300 3240 5340 5340
1403 CONNECTION 314 292 300 3300 5400 5400
1404 CONNECTION 314 206 300 3960 6060 6060
1405 CONNECTION 314 318 300 5040 7140 7140
1406 CONNECTION 264 265 -1 -1 840 840
1407 CONNECTION 264 115 -1 -1 2760 2760
1408 CONNECTION 264 8 -1 -1 3360 3360
1409 CONNECTION 264 59 -1 -1 1800 1800
1410 CONNECTION 264 145 -1 -1 2640 2640
1411 CONNECTION 264 236 -1 -1 4560 4560
1412 CONNECTION 264 267 300 2340 4440 4440
1413 CONNECTION 264 117 300 4260 6360 6360
1414 CONNECTION 264 294 300 4860 6960 6960
1415 CONNECTION 264 344 300 3300 5400 5400
1416 CONNECTION 264 147 300 4140 6240 6240
1417 CONNECTION 264 238 300 6060 8160 8160
1418 CONNECTION 233 234 -1 -1 1980 1980
1419 CONNECTION 233 265 -1 -1 1860 1860
1420 CONNECTION 233 115 -1 -1 3780 3780
1421 CONNECTION 233 8 -1 -1 4380 4380
1422 CONNECTION 233 59 -1 -1 2820 2820
1423 CONNECTION 233 145 -1 -1 3660 3660
1424 CONNECTION 233 236 300 3480 5580 5580
1425 CONNECTION 233 267 300 3360 5460 5460
1426 CONNECTION 233 117 300 5280 7380 7380
1427 CONNECTION 233 294 300 5880 7980 7980
1428 CONNECTION 233 344 300 4320 6420 6420
1429 CONNECTION 233 147 300 5160 7260 7260
1430 CONNECTION 143 114 -1 -1 1740 1740
1431 CONNECTION 143 7 -1 -1 1860 1860
1432 CONNECTION 143 174 -1 -1 2820 2820
1433 CONNECTION 143 235 -1 -1 3540 3540
1434 CONNECTION 143 60 -1 -1 3480 3480
1435 CONNECTION 143 317 300 2520 4620 4620
1436 CONNECTION 143 116 300 3240 5340 5340
1437 CONNECTION 143 293 300 3360 5460 5460
1438 CONNECTION 143 35 300 4320 6420 6420
1439 CONNECTION 143 237 300 5040 7140 7140
1440 CONNECTION 143 345 300 4980 7080 7080
1441 CONNECTION 173 204 -1 -1 2340 2340
1442 CONNECTION 173 343 -1 -1 5040 5040
1443 CONNECTION 173 367 -1 -1 4140 4140
1444 CONNECTION 173 86 300 3840 5940 5940
1445 CONNECTION 173 61 300 6540 8640 8640
1446 CONNECTION 173 207 300 5640 7740 7740
1447 CONNECTION 203 114 -1 -1 1860 1860
1448 CONNECTION 203 7 -1 -1 1980 1980
1449 CONNECTION 203 174 -1 -1 2940 2940
1450 CONNECTION 203 235 -1 -1 3660 3660
1451 CONNECTION 203 60 -1 -1 3600 3600
1452 CONNECTION 203 317 300 2640 4740 4740
1453 CONNECTION 203 116 300 3360 5460 5460
1454 CONNECTION 203 293 300 3480 5580 5580
1455 CONNECTION 203 35 300 4440 6540 6540
1456 CONNECTION 203 237 300 5160 7260 7260
1457 CONNECTION 203 345 300 5100 7200 7200
1458 CONNECTION 342 366 -1 -1 1800 1800
1459 CONNECTION 342 33 -1 -1 2880 2880
1460 CONNECTION 342 85 -1 -1 3600 3600
1461 CONNECTION 342 175 300 2580 4680 4680
1462 CONNECTION 342 292 300 2640 4740 4740
1463 CONNECTION 342 206 300 3300 5400 5400
1464 CONNECTION 342 318 300 4380 6480 6480
1465 CONNECTION 342 369 300 5100 7200 7200
1466 CONNECTION 342 36 300 6180 8280 8280
1467 CONNECTION 315 316 -1 -1 1320 1320
1468 CONNECTION 315 266 -1 -1 3600 3600
1469 CONNECTION 315 34 -1 -1 3120 3120
1470 CONNECTION 315 205 -1 -1 3600 3600
1471 CONNECTION 315 146 300 3300 5400 5400
1472 CONNECTION 315 176 300 2820 4920 4920
1473 CONNECTION 315 368 300 3300 5400 5400
1474 CONNECTION 315 268 300 5100 7200 7200
1475 CONNECTION 315 319 300 4620 6720 6720
1476 CONNECTION 315 87 300 5100 7200 7200
1477 CONNECTION 315 148 300 6900 9000 9000
1478 SINK 315 3 -1 -1 0 0
1479 CONNECTION 365 366 -1 -1 720 720
1480 CONNECTION 365 85 -1 -1 2520 2520
1481 CONNECTION 365 175 -1 -1 3600 3600
1482 CONNECTION 365 292 300 1560 3660 3660
1483 CONNECTION 365 206 300 2220 4320 4320
1484 CONNECTION 365 318 300 3300 5400 5400
1485 CONNECTION 365 369 300 4020 6120 6120
1486 CONNECTION 365 36 300 5100 7200 7200
1487 CONNECTION 365 9 300 5160 7260 7260
1488 CONNECTION 58 59 -1 -1 840 840
1489 CONNECTION 58 145 -1 -1 1680 1680
1490 CONNECTION 58 236 -1 -1 3600 3600
1491 CONNECTION 58 267 -1 -1 3480 3480
1492 CONNECTION 58 117 300 3300 5400 5400
1493 CONNECTION 58 294 300 3900 6000 6000
1494 CONNECTION 58 344 300 2340 4440 4440
1495 CONNECTION 58 147 300 3180 5280 5280
1496 CONNECTION 58 238 300 5100 7200 7200
1497 CONNECTION 58 269 300 4980 7080 7080
1498 CONNECTION 58 119 300 6900 9000 9000
1499 CONNECTION 83 84 -1 -1 1740 1740
1500 CONNECTION 83 266 -1 -1 3540 3540
1501 CONNECTION 83 34 -1 -1 3060 3060
1502 CONNECTION 83 205 -1 -1 3540 3540
1503 CONNECTION 83 146 300 3240 5340 5340
1504 CONNECTION 83 176 300 2760 4860 4860
1505 CONNECTION 83 368 300 3240 5340 5340
1506 CONNECTION 83 268 300 5040 7140 7140
1507 CONNECTION 83 319 300 4560 6660 6660
1508 CONNECTION 83 87 300 5040 7140 7140
1509 CONNECTION 83 148 300 6840 8940 8940
1510 SINK 83 3 -1 -1 0 0
1511 CONNECTION 234 266 -1 -1 2640 2640
1512 CONNECTION 234 34 -1 -1 2160 2160
1513 CONNECTION 234 205 -1 -1 2640 2640
1514 CONNECTION 234 146 -1 -1 4440 4440
1515 CONNECTION 234 176 -1 -1 3960 3960
1516 CONNECTION 234 368 -1 -1 4440 4440
1517 CONNECTION 234 268 300 4140 6240 6240
1518 CONNECTION 234 319 300 3660 5760 5760
1519 CONNECTION 234 87 300 4140 6240 6240
1520 CONNECTION 234 148 300 5940 8040 8040
1521 CONNECTION 234 37 300 5460 7560 7560
1522 CONNECTION 234 208 300 5940 8040 8040
1523 SINK 234 3 -1 -1 0 0
1524 CONNECTION 6 7 -1 -1 840 840
1525 CONNECTION 6 174 -1 -1 1800 1800
1526 CONNECTION 6 235 -1 -1 2520 2520
1527 CONNECTION 6 60 -1 -1 2460 2460
1528 CONNECTION 6 317 -1 -1 3600 3600
1529 CONNECTION 6 116 300 2220 4320 4320
1530 CONNECTION 6 293 300 2340 4440 4440
1531 CONNECTION 6 35 300 3300 5400 5400
1532 CONNECTION 6 237 300 4020 6120 6120
1533 CONNECTION 6 345 300 3960 6060 6060
1534 CONNECTION 6 177 300 5100 7200 7200
1535 CONNECTION 6 118 300 5820 7920 7920
1536 CONNECTION 32 33 -1 -1 1740 1740
1537 CONNECTION 32 85 -1 -1 2460 2460
1538 CONNECTION 32 175 -1 -1 3540 3540
1539 CONNECTION 32 292 -1 -1 3600 3600
1540 CONNECTION 32 206 300 2160 4260 4260
1541 CONNECTION 32 318 300 3240 5340 5340
1542 CONNECTION 32 369 300 3960 6060 6060
1543 CONNECTION 32 36 300 5040 7140 7140
1544 CONNECTION 32 9 300 5100 7200 7200
1545 CONNECTION 144 145 -1 -1 840 840
1546 CONNECTION 144 236 -1 -1 2760 2760
1547 CONNECTION 144 267 -1 -1 2640 2640
1548 CONNECTION 144 117 -1 -1 4560 4560
1549 CONNECTION 144 294 -1 -1 5160 5160
1550 CONNECTION 144 344 -1 -1 3600 3600
1551 CONNECTION 144 147 300 2340 4440 4440
1552 CONNECTION 144 238 300 4260 6360 6360
1553 CONNECTION 144 269 300 4140 6240 6240
1554 CONNECTION 144 119 300 6060 8160 8160
1555 CONNECTION 144 11 300 6660 8760 8760
1556 CONNECTION 144 62 300 5100 7200 7200
1557 CONNECTION 114 115 -1 -1 1980 1980
1558 CONNECTION 114 145 -1 -1 1860 1860
1559 CONNECTION 114 236 -1 -1 3780 3780
1560 CONNECTION 114 267 -1 -1 3660 3660
1561 CONNECTION 114 117 300 3480 5580 5580
1562 CONNECTION 114 294 300 4080 6180 6180
1563 CONNECTION 114 344 300 2520 4620 4620
1564 CONNECTION 114 147 300 3360 5460 5460
1565 CONNECTION 114 238 300 5280 7380 7380
1566 CONNECTION 114 269 300 5160 7260 7260
1567 CONNECTION 265 235 -1 -1 1740 1740
1568 CONNECTION 265 60 -1 -1 1680 1680
1569 CONNECTION 265 317 -1 -1 2820 2820
1570 CONNECTION 265 116 -1 -1 3540 3540
1571 CONNECTION 265 293 -1 -1 3660 3660
1572 CONNECTION 265 35 300 2520 4620 4620
1573 CONNECTION 265 237 300 3240 5340 5340
1574 CONNECTION 265 345 300 3180 5280 5280
1575 CONNECTION 265 177 300 4320 6420 6420
1576 CONNECTION 265 118 300 5040 7140 7140
1577 CONNECTION 265 10 300 5160 7260 7260
1578 CONNECTION 316 343 -1 -1 3240 3240
1579 CONNECTION 316 367 -1 -1 2340 2340
1580 CONNECTION 316 86 -1 -1 4140 4140
1581 CONNECTION 316 61 300 4740 6840 6840
1582 CONNECTION 316 207 300 3840 5940 5940
1583 CONNECTION 316 370 300 5640 7740 7740
1584 CONNECTION 366 235 -1 -1 1860 1860
1585 CONNECTION 366 60 -1 -1 1800 1800
1586 CONNECTION 366 317 -1 -1 2940 2940
1587 CONNECTION 366 116 -1 -1 3660 3660
1588 CONNECTION 366 293 300 1680 3780 3780
1589 CONNECTION 366 35 300 2640 4740 4740
1590 CONNECTION 366 237 300 3360 5460 5460
1591 CONNECTION 366 345 300 3300 5400 5400
1592 CONNECTION 366 177 300 4440 6540 6540
1593 CONNECTION 366 118 300 5160 7260 7260
1594 CONNECTION 366 10 300 5280 7380 7380
1595 CONNECTION 7 8 -1 -1 2460 2460
1596 CONNECTION 7 145 -1 -1 1740 1740
1597 CONNECTION 7 236 -1 -1 3660 3660
1598 CONNECTION 7 267 -1 -1 3540 3540
1599 CONNECTION 7 117 300 3360 5460 5460
1600 CONNECTION 7 294 300 3960 6060 6060
1601 CONNECTION 7 344 300 2400 4500 4500
1602 CONNECTION 7 147 300 3240 5340 5340
1603 CONNECTION 7 238 300 5160 7260 7260
1604 CONNECTION 7 269 300 5040 7140 7140
1605 CONNECTION 7 119 300 6960 9060 9060
1606 CONNECTION 33 34 -1 -1 1320 1320
1607 CONNECTION 33 146 -1 -1 3600 3600
1608 CONNECTION 33 176 -1 -1 3120 3120
1609 CONNECTION 33 368 -1 -1 3600 3600
1610 CONNECTION 33 268 300 3300 5400 5400
1611 CONNECTION 33 319 300 2820 4920 4920
1612 CONNECTION 33 87 300 3300 5400 5400
1613 CONNECTION 33 148 300 5100 7200 7200
1614 CONNECTION 33 37 300 4620 6720 6720
1615 CONNECTION 33 208 300 5100 7200 7200
1616 CONNECTION 33 270 300 6900 9000 9000
1617 SINK 33 3 -1 -1 0 0
1618 CONNECTION 84 85 -1 -1 720 720
1619 CONNECTION 84 292 -1 -1 1860 1860
1620 CONNECTION 84 206 -1 -1 2520 2520
1621 CONNECTION 84 318 -1 -1 3600 3600
1622 CONNECTION 84 369 300 2220 4320 4320
1623 CONNECTION 84 36 300 3300 5400 5400
1624 CONNECTION 84 9 300 3360 5460 5460
1625 CONNECTION 84 88 300 4020 6120 6120
1626 CONNECTION 84 178 300 5100 7200 7200
1627 CONNECTION 204 205 -1 -1 1740 1740
1628 CONNECTION 204 146 -1 -1 3540 3540
1629 CONNECTION 204 176 -1 -1 3060 3060
1630 CONNECTION 204 368 -1 -1 3540 3540
1631 CONNECTION 204 268 300 3240 5340 5340
1632 CONNECTION 204 319 300 2760 4860 4860
1633 CONNECTION 204 87 300 3240 5340 5340
1634 CONNECTION 204 148 300 5040 7140 7140
1635 CONNECTION 204 37 300 4560 6660 6660
1636 CONNECTION 204 208 300 5040 7140 7140
1637 CONNECTION 204 270 300 6840 8940 8940
1638 SINK 204 3 -1 -1 0 0
1639 CONNECTION 115 146 -1 -1 2640 2640
1640 CONNECTION 115 176 -1 -1 2160 2160
1641 CONNECTION 115 368 -1 -1 2640 2640
1642 CONNECTION 115 268 -1 -1 4440 4440
1643 CONNECTION 115 319 -1 -1 3960 3960
1644 CONNECTION 115 87 -1 -1 4440 4440
1645 CONNECTION 115 148 300 4140 6240 6240
1646 CONNECTION 115 37 300 3660 5760 5760
1647 CONNECTION 115 208 300 4140 6240 6240
1648 CONNECTION 115 270 300 5940 8040 8040
1649 CONNECTION 115 179 300 5460 7560 7560
1650 CONNECTION 115 371 300 5940 8040 8040
1651 SINK 115 3 -1 -1 0 0
1652 CONNECTION 8 86 -1 -1 2100 2100
1653 CONNECTION 8 61 -1 -1 4800 4800
1654 CONNECTION 8 207 -1 -1 3900 3900
1655 CONNECTION 8 370 300 3600 5700 5700
1656 CONNECTION 8 346 300 6300 8400 8400
1657 CONNECTION 8 89 300 5400 7500 7500
1658 CONNECTION 59 60 -1 -1 720 720
1659 CONNECTION 59 317 -1 -1 1860 1860
1660 CONNECTION 59 116 -1 -1 2580 2580
1661 CONNECTION 59 293 -1 -1 2700 2700
1662 CONNECTION 59 35 300 1560 3660 3660
1663 CONNECTION 59 237 300 2280 4380 4380
1664 CONNECTION 59 345 300 2220 4320 4320
1665 CONNECTION 59 177 300 3360 5460 5460
1666 CONNECTION 59 118 300 4080 6180 6180
1667 CONNECTION 59 10 300 4200 6300 6300
1668 CONNECTION 59 320 300 5160 7260 7260
1669 CONNECTION 174 175 -1 -1 1740 1740
1670 CONNECTION 174 292 -1 -1 1800 1800
1671 CONNECTION 174 206 -1 -1 2460 2460
1672 CONNECTION 174 318 -1 -1 3540 3540
1673 CONNECTION 174 369 300 2160 4260 4260
1674 CONNECTION 174 36 300 3240 5340 5340
1675 CONNECTION 174 9 300 3300 5400 5400
1676 CONNECTION 174 88 300 3960 6060 6060
1677 CONNECTION 174 178 300 5040 7140 7140
1678 CONNECTION 266 267 -1 -1 840 840
1679 CONNECTION 266 117 -1 -1 2760 2760
1680 CONNECTION 266 294 -1 -1 3360 3360
1681 CONNECTION 266 344 -1 -1 1800 1800
1682 CONNECTION 266 147 -1 -1 2640 2640
1683 CONNECTION 266 238 -1 -1 4560 4560
1684 CONNECTION 266 269 300 2340 4440 4440
1685 CONNECTION 266 119 300 4260 6360 6360
1686 CONNECTION 266 11 300 4860 6960 6960
1687 CONNECTION 266 62 300 3300 5400 5400
1688 CONNECTION 266 149 300 4140 6240 6240
1689 CONNECTION 266 240 300 6060 8160 8160
1690 CONNECTION 235 236 -1 -1 1980 1980
1691 CONNECTION 235 267 -1 -1 1860 1860
1692 CONNECTION 235 117 -1 -1 3780 3780
1693 CONNECTION 235 294 -1 -1 4380 4380
1694 CONNECTION 235 344 -1 -1 2820 2820
1695 CONNECTION 235 147 -1 -1 3660 3660
1696 CONNECTION 235 238 300 3480 5580 5580
1697 CONNECTION 235 269 300 3360 5460 5460
1698 CONNECTION 235 119 300 5280 7380 7380
1699 CONNECTION 235 11 300 5880 7980 7980
1700 CONNECTION 235 62 300 4320 6420 6420
1701 CONNECTION 235 149 300 5160 7260 7260
1702 CONNECTION 34 86 -1 -1 2340 2340
1703 CONNECTION 34 61 -1 -1 5040 5040
1704 CONNECTION 34 207 -1 -1 4140 4140
1705 CONNECTION 34 370 300 3840 5940 5940
1706 CONNECTION 34 346 300 6540 8640 8640
1707 CONNECTION 34 89 300 5640 7740 7740
1708 CONNECTION 60 206 -1 -1 1800 1800
1709 CONNECTION 60 318 -1 -1 2880 2880
1710 CONNECTION 60 369 -1 -1 3600 3600
1711 CONNECTION 60 36 300 2580 4680 4680
1712 CONNECTION 60 9 300 2640 4740 4740
1713 CONNECTION 60 88 300 3300 5400 5400
1714 CONNECTION 60 178 300 4380 6480 6480
1715 CONNECTION 60 209 300 5100 7200 7200
1716 CONNECTION 60 321 300 6180 8280 8280
1717 CONNECTION 85 116 -1 -1 1860 1860
1718 CONNECTION 85 293 -1 -1 1980 1980
1719 CONNECTION 85 35 -1 -1 2940 2940
1720 CONNECTION 85 237 -1 -1 3660 3660
1721 CONNECTION 85 345 -1 -1 3600 3600
1722 CONNECTION 85 177 300 2640 4740 4740
1723 CONNECTION 85 118 300 3360 5460 5460
1724 CONNECTION 85 10 300 3480 5580 5580
1725 CONNECTION 85 320 300 4440 6540 6540
1726 CONNECTION 85 239 300 5160 7260 7260
1727 CONNECTION 85 63 300 5100 7200 7200
1728 CONNECTION 145 116 -1 -1 1740 1740
1729 CONNECTION 145 293 -1 -1 1860 1860
1730 CONNECTION 145 35 -1 -1 2820 2820
1731 CONNECTION 145 237 -1 -1 3540 3540
1732 CONNECTION 145 345 -1 -1 3480 3480
1733 CONNECTION 145 177 300 2520 4620 4620
1734 CONNECTION 145 118 300 3240 5340 5340
1735 CONNECTION 145 10 300 3360 5460 5460
1736 CONNECTION 145 320 300 4320 6420 6420
1737 CONNECTION 145 239 300 5040 7140 7140
1738 CONNECTION 145 63 300 4980 7080 7080
1739 CONNECTION 175 176 -1 -1 1320 1320
1740 CONNECTION 175 268 -1 -1 3600 3600
1741 CONNECTION 175 319 -1 -1 3120 3120
1742 CONNECTION 175 87 -1 -1 3600 3600
1743 CONNECTION 175 148 300 3300 5400 5400
1744 CONNECTION 175 37 300 2820 4920 4920
1745 CONNECTION 175 208 300 3300 5400 5400
1746 CONNECTION 175 270 300 5100 7200 7200
1747 CONNECTION 175 179 300 4620 6720 6720
1748 CONNECTION 175 371 300 5100 7200 7200
1749 CONNECTION 175 150 300 6900 9000 9000
1750 SINK 175 3 -1 -1 0 0
1751 CONNECTION 205 206 -1 -1 720 720
1752 CONNECTION 205 369 -1 -1 2520 2520
1753 CONNECTION 205 36 -1 -1 3600 3600
1754 CONNECTION 205 9 300 1560 3660 3660
1755 CONNECTION 205 88 300 2220 4320 4320
1756 CONNECTION 205 178 300 3300 5400 5400
1757 CONNECTION 205 209 300 4020 6120 6120
1758 CONNECTION 205 321 300 5100 7200 7200
1759 CONNECTION 205 295 300 5160 7260 7260
1760 CONNECTION 343 344 -1 -1 840 840
1761 CONNECTION 343 147 -1 -1 1680 1680
1762 CONNECTION 343 238 -1 -1 3600 3600
1763 CONNECTION 343 269 -1 -1 3480 3480
1764 CONNECTION 343 119 300 3300 5400 5400
1765 CONNECTION 343 11 300 3900 6000 6000
1766 CONNECTION 343 62 300 2340 4440 4440
1767 CONNECTION 343 149 300 3180 5280 5280
1768 CONNECTION 343 240 300 5100 7200 7200
1769 CONNECTION 343 271 300 4980 7080 7080
1770 CONNECTION 343 121 300 6900 9000 9000
1771 CONNECTION 367 368 -1 -1 1740 1740
1772 CONNECTION 367 268 -1 -1 3540 3540
1773 CONNECTION 367 319 -1 -1 3060 3060
1774 CONNECTION 367 87 -1 -1 3540 3540
1775 CONNECTION 367 148 300 3240 5340 5340
1776 CONNECTION 367 37 300 2760 4860 4860
1777 CONNECTION 367 208 300 3240 5340 5340
1778 CONNECTION 367 270 300 5040 7140 7140
1779 CONNECTION 367 179 300 4560 6660 6660
1780 CONNECTION 367 371 300 5040 7140 7140
1781 CONNECTION 367 150 300 6840 8940 8940
1782 SINK 367 3 -1 -1 0 0
1783 CONNECTION 236 268 -1 -1 2640 2640
1784 CONNECTION 236 319 -1 -1 2160 2160
1785 CONNECTION 236 87 -1 -1 2640 2640
1786 CONNECTION 236 148 -1 -1 4440 4440
1787 CONNECTION 236 37 -1 -1 3960 3960
1788 CONNECTION 236 208 -1 -1 4440 4440
1789 CONNECTION 236 270 300 4140 6240 6240
1790 CONNECTION 236 179 300 3660 5760 5760
1791 CONNECTION 236 371 300 4140 6240 6240
1792 CONNECTION 236 150 300 5940 8040 8040
1793 CONNECTION 236 322 300 5460 7560 7560
1794 CONNECTION 236 90 300 5940 8040 8040
1795 SINK 236 3 -1 -1 0 0
1796 CONNECTION 292 293 -1 -1 840 840
1797 CONNECTION 292 35 -1 -1 1800 1800
1798 CONNECTION 292 237 -1 -1 2520 2520
1799 CONNECTION 292 345 -1 -1 2460 2460
1800 CONNECTION 292 177 -1 -1 3600 3600
1801 CONNECTION 292 118 300 2220 4320 4320
1802 CONNECTION 292 10 300 2340 4440 4440
1803 CONNECTION 292 320 300 3300 5400 5400
1804 CONNECTION 292 239 300 4020 6120 6120
1805 CONNECTION 292 63 300 3960 6060 6060
1806 CONNECTION 292 38 300 5100 7200 7200
1807 CONNECTION 292 120 300 5820 7920 7920
1808 CONNECTION 317 318 -1 -1 1740 1740
1809 CONNECTION 317 369 -1 -1 2460 2460
1810 CONNECTION 317 36 -1 -1 3540 3540
1811 CONNECTION 317 9 -1 -1 3600 3600
1812 CONNECTION 317 88 300 2160 4260 4260
1813 CONNECTION 317 178 300 3240 5340 5340
1814 CONNECTION 317 209 300 3960 6060 6060
1815 CONNECTION 317 321 300 5040 7140 7140
1816 CONNECTION 317 295 300 5100 7200 7200
1817 CONNECTION 146 147 -1 -1 840 840
1818 CONNECTION 146 238 -1 -1 2760 2760
1819 CONNECTION 146 269 -1 -1 2640 2640
1820 CONNECTION 146 119 -1 -1 4560 4560
1821 CONNECTION 146 11 -1 -1 5160 5160
1822 CONNECTION 146 62 -1 -1 3600 3600
1823 CONNECTION 146 149 300 2340 4440 4440
1824 CONNECTION 146 240 300 4260 6360 6360
1825 CONNECTION 146 271 300 4140 6240 6240
1826 CONNECTION 146 121 300 6060 8160 8160
1827 CONNECTION 146 297 300 6660 8760 8760
1828 CONNECTION 146 347 300 5100 7200 7200
1829 CONNECTION 116 117 -1 -1 1980 1980
1830 CONNECTION 116 147 -1 -1 1860 1860
1831 CONNECTION 116 238 -1 -1 3780 3780
1832 CONNECTION 116 269 -1 -1 3660 3660
1833 CONNECTION 116 119 300 3480 5580 5580
1834 CONNECTION 116 11 300 4080 6180 6180
1835 CONNECTION 116 62 300 2520 4620 4620
1836 CONNECTION 116 149 300 3360 5460 5460
1837 CONNECTION 116 240 300 5280 7380 7380
1838 CONNECTION 116 271 300 5160 7260 7260
1839 CONNECTION 176 61 -1 -1 3240 3240
1840 CONNECTION 176 207 -1 -1 2340 2340
1841 CONNECTION 176 370 -1 -1 4140 4140
1842 CONNECTION 176 346 300 4740 6840 6840
1843 CONNECTION 176 89 300 3840 5940 5940
1844 CONNECTION 176 210 300 5640 7740 7740
1845 CONNECTION 206 237 -1 -1 1860 1860
1846 CONNECTION 206 345 -1 -1 1800 1800
1847 CONNECTION 206 177 -1 -1 2940 2940
1848 CONNECTION 206 118 -1 -1 3660 3660
1849 CONNECTION 206 10 300 1680 3780 3780
1850 CONNECTION 206 320 300 2640 4740 4740
1851 CONNECTION 206 239 300 3360 5460 5460
1852 CONNECTION 206 63 300 3300 5400 5400
1853 CONNECTION 206 38 300 4440 6540 6540
1854 CONNECTION 206 120 300 5160 7260 7260
1855 CONNECTION 206 296 300 5280 7380 7380
1856 CONNECTION 267 237 -1 -1 1740 1740
1857 CONNECTION 267 345 -1 -1 1680 1680
1858 CONNECTION 267 177 -1 -1 2820 2820
1859 CONNECTION 267 118 -1 -1 3540 3540
1860 CONNECTION 267 10 -1 -1 3660 3660
1861 CONNECTION 267 320 300 2520 4620 4620
1862 CONNECTION 267 239 300 3240 5340 5340
1863 CONNECTION 267 63 300 3180 5280 5280
1864 CONNECTION 267 38 300 4320 6420 6420
1865 CONNECTION 267 120 300 5040 7140 7140
1866 CONNECTION 267 296 300 5160 7260 7260
1867 CONNECTION 293 294 -1 -1 2460 2460
1868 CONNECTION 293 147 -1 -1 1740 1740
1869 CONNECTION 293 238 -1 -1 3660 3660
1870 CONNECTION 293 269 -1 -1 3540 3540
1871 CONNECTION 293 119 300 3360 5460 5460
1872 CONNECTION 293 11 300 3960 6060 6060
1873 CONNECTION 293 62 300 2400 4500 4500
1874 CONNECTION 293 149 300 3240 5340 5340
1875 CONNECTION 293 240 300 5160 7260 7260
1876 CONNECTION 293 271 300 5040 7140 7140
1877 CONNECTION 293 121 300 6960 9060 9060
1878 CONNECTION 318 319 -1 -1 1320 1320
1879 CONNECTION 318 148 -1 -1 3600 3600
1880 CONNECTION 318 37 -1 -1 3120 3120
1881 CONNECTION 318 208 -1 -1 3600 3600
1882 CONNECTION 318 270 300 3300 5400 5400
1883 CONNECTION 318 179 300 2820 4920 4920
1884 CONNECTION 318 371 300 3300 5400 5400
1885 CONNECTION 318 150 300 5100 7200 7200
1886 CONNECTION 318 322 300 4620 6720 6720
1887 CONNECTION 318 90 300 5100 7200 7200
1888 CONNECTION 318 272 300 6900 9000 9000
1889 SINK 318 3 -1 -1 0 0
1890 CONNECTION 368 369 -1 -1 720 720
1891 CONNECTION 368 9 -1 -1 1860 1860
1892 CONNECTION 368 88 -1 -1 2520 2520
1893 CONNECTION 368 178 -1 -1 3600 3600
1894 CONNECTION 368 209 300 2220 4320 4320
1895 CONNECTION 368 321 300 3300 5400 5400
1896 CONNECTION 368 295 300 3360 5460 5460
1897 CONNECTION 368 372 300 4020 6120 6120
1898 CONNECTION 368 39 300 5100 7200 7200
1899 CONNECTION 86 87 -1 -1 1740 1740
1900 CONNECTION 86 148 -1 -1 3540 3540
1901 CONNECTION 86 37 -1 -1 3060 3060
1902 CONNECTION 86 208 -1 -1 3540 3540
1903 CONNECTION 86 270 300 3240 5340 5340
1904 CONNECTION 86 179 300 2760 4860 4860
1905 CONNECTION 86 371 300 3240 5340 5340
1906 CONNECTION 86 150 300 5040 7140 7140
1907 CONNECTION 86 322 300 4560 6660 6660
1908 CONNECTION 86 90 300 5040 7140 7140
1909 CONNECTION 86 272 300 6840 8940 8940
1910 SINK 86 3 -1 -1 0 0
1911 CONNECTION 117 148 -1 -1 2640 2640
1912 CONNECTION 117 37 -1 -1 2160 2160
1913 CONNECTION 117 208 -1 -1 2640 2640
1914 CONNECTION 117 270 -1 -1 4440 4440
1915 CONNECTION 117 179 -1 -1 3960 3960
1916 CONNECTION 117 371 -1 -1 4440 4440
1917 CONNECTION 117 150 300 4140 6240 6240
1918 CONNECTION 117 322 300 3660 5760 5760
1919 CONNECTION 117 90 300 4140 6240 6240
1920 CONNECTION 117 272 300 5940 8040 8040
1921 CONNECTION 117 40 300 5460 7560 7560
1922 CONNECTION 117 211 300 5940 8040 8040
1923 SINK 117 3 -1 -1 0 0
1924 CONNECTION 294 370 -1 -1 2100 2100
1925 CONNECTION 294 346 -1 -1 4800 4800
1926 CONNECTION 294 89 -1 -1 3900 3900
1927 CONNECTION 294 210 300 3600 5700 5700
1928 CONNECTION 294 64 300 6300 8400 8400
1929 CONNECTION 294 373 300 5400 7500 7500
1930 CONNECTION 344 345 -1 -1 720 720
1931 CONNECTION 344 177 -1 -1 1860 1860
1932 CONNECTION 344 118 -1 -1 2580 2580
1933 CONNECTION 344 10 -1 -1 2700 2700
1934 CONNECTION 344 320 300 1560 3660 3660
1935 CONNECTION 344 239 300 2280 4380 4380
1936 CONNECTION 344 63 300 2220 4320 4320
1937 CONNECTION 344 38 300 3360 5460 5460
1938 CONNECTION 344 120 300 4080 6180 6180
1939 CONNECTION 344 296 300 4200 6300 6300
1940 CONNECTION 344 180 300 5160 7260 7260
1941 CONNECTION 35 36 -1 -1 1740 1740
1942 CONNECTION 35 9 -1 -1 1800 1800
1943 CONNECTION 35 88 -1 -1 2460 2460
1944 CONNECTION 35 178 -1 -1 3540 3540
1945 CONNECTION 35 209 300 2160 4260 4260
1946 CONNECTION 35 321 300 3240 5340 5340
1947 CONNECTION 35 295 300 3300 5400 5400
1948 CONNECTION 35 372 300 3960 6060 6060
1949 CONNECTION 35 39 300 5040 7140 7140
1950 CONNECTION 268 269 -1 -1 840 840
1951 CONNECTION 268 119 -1 -1 2760 2760
1952 CONNECTION 268 11 -1 -1 3360 3360
1953 CONNECTION 268 62 -1 -1 1800 1800
1954 CONNECTION 268 149 -1 -1 2640 2640
1955 CONNECTION 268 240 -1 -1 4560 4560
1956 CONNECTION 268 271 300 2340 4440 4440
1957 CONNECTION 268 121 300 4260 6360 6360
1958 CONNECTION 268 297 300 4860 6960 6960
1959 CONNECTION 268 347 300 3300 5400 5400
1960 CONNECTION 268 151 300 4140 6240 6240
1961 CONNECTION 268 242 300 6060 8160 8160
1962 CONNECTION 237 238 -1 -1 1980 1980
1963 CONNECTION 237 269 -1 -1 1860 1860
1964 CONNECTION 237 119 -1 -1 3780 3780
1965 CONNECTION 237 11 -1 -1 4380 4380
1966 CONNECTION 237 62 -1 -1 2820 2820
1967 CONNECTION 237 149 -1 -1 3660 3660
1968 CONNECTION 237 240 300 3480 5580 5580
1969 CONNECTION 237 271 300 3360 5460 5460
1970 CONNECTION 237 121 300 5280 7380 7380
1971 CONNECTION 237 297 300 5880 7980 7980
1972 CONNECTION 237 347 300 4320 6420 6420
1973 CONNECTION 237 151 300 5160 7260 7260
1974 CONNECTION 147 118 -1 -1 1740 1740
1975 CONNECTION 147 10 -1 -1 1860 1860
1976 CONNECTION 147 320 -1 -1 2820 2820
1977 CONNECTION 147 239 -1 -1 3540 3540
1978 CONNECTION 147 63 -1 -1 3480 3480
1979 CONNECTION 147 38 300 2520 4620 4620
1980 CONNECTION 147 120 300 3240 5340 5340
1981 CONNECTION 147 296 300 3360 5460 5460
1982 CONNECTION 147 180 300 4320 6420 6420
1983 CONNECTION 147 241 300 5040 7140 7140
1984 CONNECTION 147 348 300 4980 7080 7080
1985 CONNECTION 319 370 -1 -1 2340 2340
1986 CONNECTION 319 346 -1 -1 5040 5040
1987 CONNECTION 319 89 -1 -1 4140 4140
1988 CONNECTION 319 210 300 3840 5940 5940
1989 CONNECTION 319 64 300 6540 8640 8640
1990 CONNECTION 319 373 300 5640 7740 7740
1991 CONNECTION 345 88 -1 -1 1800 1800
1992 CONNECTION 345 178 -1 -1 2880 2880
1993 CONNECTION 345 209 -1 -1 3600 3600
1994 CONNECTION 345 321 300 2580 4680 4680
1995 CONNECTION 345 295 300 2640 4740 4740
1996 CONNECTION 345 372 300 3300 5400 5400
1997 CONNECTION 345 39 300 4380 6480 6480
1998 CONNECTION 345 91 300 5100 7200 7200
1999 CONNECTION 345 181 300 6180 8280 8280
2000 CONNECTION 369 118 -1 -1 1860 1860
2001 CONNECTION 369 10 -1 -1 1980 1980
2002 CONNECTION 369 320 -1 -1 2940 2940
2003 CONNECTION 369 239 -1 -1 3660 3660
2004 CONNECTION 369 63 -1 -1 3600 3600
2005 CONNECTION 369 38 300 2640 4740 4740
2006 CONNECTION 369 120 300 3360 5460 5460
2007 CONNECTION 369 296 300 3480 5580 5580
2008 CONNECTION 369 180 300 4440 6540 6540
2009 CONNECTION 369 241 300 5160 7260 7260
2010 CONNECTION 369 348 300 5100 7200 7200
2011 CONNECTION 36 37 -1 -1 1320 1320
2012 CONNECTION 36 270 -1 -1 3600 3600
2013 CONNECTION 36 179 -1 -1 3120 3120
2014 CONNECTION 36 371 -1 -1 3600 3600
2015 CONNECTION 36 150 300 3300 5400 5400
2016 CONNECTION 36 322 300 2820 4920 4920
2017 CONNECTION 36 90 300 3300 5400 5400
2018 CONNECTION 36 272 300 5100 7200 7200
2019 CONNECTION 36 40 300 4620 6720 6720
2020 CONNECTION 36 211 300 5100 7200 7200
2021 CONNECTION 36 152 300 6900 9000 9000
2022 SINK 36 3 -1 -1 0 0
2023 CONNECTION 87 88 -1 -1 720 720
2024 CONNECTION 87 209 -1 -1 2520 2520
2025 CONNECTION 87 321 -1 -1 3600 3600
2026 CONNECTION 87 295 300 1560 3660 3660
2027 CONNECTION 87 372 300 2220 4320 4320
2028 CONNECTION 87 39 300 3300 5400 5400
2029 CONNECTION 87 91 300 4020 6120 6120
2030 CONNECTION 87 181 300 5100 7200 7200
2031 CONNECTION 87 12 300 5160 7260 7260
2032 CONNECTION 61 62 -1 -1 840 840
2033 CONNECTION 61 149 -1 -1 1680 1680
2034 CONNECTION 61 240 -1 -1 3600 3600
2035 CONNECTION 61 271 -1 -1 3480 3480
2036 CONNECTION 61 121 300 3300 5400 5400
2037 CONNECTION 61 297 300 3900 6000 6000
2038 CONNECTION 61 347 300 2340 4440 4440
2039 CONNECTION 61 151 300 3180 5280 5280
2040 CONNECTION 61 242 300 5100 7200 7200
2041 CONNECTION 61 273 300 4980 7080 7080
2042 CONNECTION 61 123 300 6900 9000 9000
2043 CONNECTION 207 208 -1 -1 1740 1740
2044 CONNECTION 207 270 -1 -1 3540 3540
2045 CONNECTION 207 179 -1 -1 3060 3060
2046 CONNECTION 207 371 -1 -1 3540 3540
2047 CONNECTION 207 150 300 3240 5340 5340
2048 CONNECTION 207 322 300 2760 4860 4860
2049 CONNECTION 207 90 300 3240 5340 5340
2050 CONNECTION 207 272 300 5040 7140 7140
2051 CONNECTION 207 40 300 4560 6660 6660
2052 CONNECTION 207 211 300 5040 7140 7140
2053 CONNECTION 207 152 300 6840 8940 8940
2054 SINK 207 3 -1 -1 0 0
2055 CONNECTION 238 270 -1 -1 2640 2640
2056 CONNECTION 238 179 -1 -1 2160 2160
2057 CONNECTION 238 371 -1 -1 2640 2640
2058 CONNECTION 238 150 -1 -1 4440 4440
2059 CONNECTION 238 322 -1 -1 3960 3960
2060 CONNECTION 238 90 -1 -1 4440 4440
2061 CONNECTION 238 272 300 4140 6240 6240
2062 CONNECTION 238 40 300 3660 5760 5760
2063 CONNECTION 238 211 300 4140 6240 6240
2064 CONNECTION 238 152 300 5940 8040 8040
2065 CONNECTION 238 182 300 5460 7560 7560
2066 CONNECTION 238 374 300 5940 8040 8040
2067 SINK 238 3 -1 -1 0 0
2068 CONNECTION 9 10 -1 -1 840 840
2069 CONNECTION 9 320 -1 -1 1800 1800
2070 CONNECTION 9 239 -1 -1 2520 2520
2071 CONNECTION 9 63 -1 -1 2460 2460
2072 CONNECTION 9 38 -1 -1 3600 3600
2073 CONNECTION 9 120 300 2220 4320 4320
2074 CONNECTION 9 296 300 2340 4440 4440
2075 CONNECTION 9 180 300 3300 5400 5400
2076 CONNECTION 9 241 300 4020 6120 6120
2077 CONNECTION 9 348 300 3960 6060 6060
2078 CONNECTION 9 323 300 5100 7200 7200
2079 CONNECTION 9 122 300 5820 7920 7920
2080 CONNECTION 177 178 -1 -1 1740 1740
2081 CONNECTION 177 209 -1 -1 2460 2460
2082 CONNECTION 177 321 -1 -1 3540 3540
2083 CONNECTION 177 295 -1 -1 3600 3600
2084 CONNECTION 177 372 300 2160 4260 4260
2085 CONNECTION 177 39 300 3240 5340 5340
2086 CONNECTION 177 91 300 3960 6060 6060
2087 CONNECTION 177 181 300 5040 7140 7140
2088 CONNECTION 177 12 300 5100 7200 7200
2089 CONNECTION 148 149 -1 -1 840 840
2090 CONNECTION 148 240 -1 -1 2760 2760
2091 CONNECTION 148 271 -1 -1 2640 2640
2092 CONNECTION 148 121 -1 -1 4560 4560
2093 CONNECTION 148 297 -1 -1 5160 5160
2094 CONNECTION 148 347 -1 -1 3600 3600
2095 CONNECTION 148 151 300 2340 4440 4440
2096 CONNECTION 148 242 300 4260 6360 6360
2097 CONNECTION 148 273 300 4140 6240 6240
2098 CONNECTION 148 123 300 6060 8160 8160
2099 CONNECTION 148 14 300 6660 8760 8760
2100 CONNECTION 148 65 300 5100 7200 7200
2101 CONNECTION 118 119 -1 -1 1980 1980
2102 CONNECTION 118 149 -1 -1 1860 1860
2103 CONNECTION 118 240 -1 -1 3780 3780
2104 CONNECTION 118 271 -1 -1 3660 3660
2105 CONNECTION 118 121 300 3480 5580 5580
2106 CONNECTION 118 297 300 4080 6180 6180
2107 CONNECTION 118 347 300 2520 4620 4620
2108 CONNECTION 118 151 300 3360 5460 5460
2109 CONNECTION 118 242 300 5280 7380 7380
2110 CONNECTION 118 273 300 5160 7260 7260
2111 CONNECTION 37 346 -1 -1 3240 3240
2112 CONNECTION 37 89 -1 -1 2340 2340
2113 CONNECTION 37 210 -1 -1 4140 4140
2114 CONNECTION 37 64 300 4740 6840 6840
2115 CONNECTION 37 373 300 3840 5940 5940
2116 CONNECTION 37 92 300 5640 7740 7740
2117 CONNECTION 88 239 -1 -1 1860 1860
2118 CONNECTION 88 63 -1 -1 1800 1800
2119 CONNECTION 88 38 -1 -1 2940 2940
2120 CONNECTION 88 120 -1 -1 3660 3660
2121 CONNECTION 88 296 300 1680 3780 3780
2122 CONNECTION 88 180 300 2640 4740 4740
2123 CONNECTION 88 241 300 3360 5460 5460
2124 CONNECTION 88 348 300 3300 5400 5400
2125 CONNECTION 88 323 300 4440 6540 6540
2126 CONNECTION 88 122 300 5160 7260 7260
2127 CONNECTION 88 13 300 5280 7380 7380
2128 CONNECTION 269 239 -1 -1 1740 1740
2129 CONNECTION 269 63 -1 -1 1680 1680
2130 CONNECTION 269 38 -1 -1 2820 2820
2131 CONNECTION 269 120 -1 -1 3540 3540
2132 CONNECTION 269 296 -1 -1 3660 3660
2133 CONNECTION 269 180 300 2520 4620 4620
2134 CONNECTION 269 241 300 3240 5340 5340
2135 CONNECTION 269 348 300 3180 5280 5280
2136 CONNECTION 269 323 300 4320 6420 6420
2137 CONNECTION 269 122 300 5040 7140 7140
2138 CONNECTION 269 13 300 5160 7260 7260
2139 CONNECTION 10 11 -1 -1 2460 2460
2140 CONNECTION 10 149 -1 -1 1740 1740
2141 CONNECTION 10 240 -1 -1 3660 3660
2142 CONNECTION 10 271 -1 -1 3540 3540
2143 CONNECTION 10 121 300 3360 5460 5460
2144 CONNECTION 10 297 300 3960 6060 6060
2145 CONNECTION 10 347 300 2400 4500 4500
2146 CONNECTION 10 151 300 3240 5340 5340
2147 CONNECTION 10 242 300 5160 7260 7260
2148 CONNECTION 10 273 300 5040 7140 7140
2149 CONNECTION 10 123 300 6960 9060 9060
2150 CONNECTION 178 179 -1 -1 1320 1320
2151 CONNECTION 178 150 -1 -1 3600 3600
2152 CONNECTION 178 322 -1 -1 3120 3120
2153 CONNECTION 178 90 -1 -1 3600 3600
2154 CONNECTION 178 272 300 3300 5400 5400
2155 CONNECTION 178 40 300 2820 4920 4920
2156 CONNECTION 178 211 300 3300 5400 5400
2157 CONNECTION 178 152 300 5100 7200 7200
2158 CONNECTION 178 182 300 4620 6720 6720
2159 CONNECTION 178 374 300 5100 7200 7200
2160 CONNECTION 178 274 300 6900 9000 9000
2161 SINK 178 3 -1 -1 0 0
2162 CONNECTION 208 209 -1 -1 720 720
2163 CONNECTION 208 295 -1 -1 1860 1860
2164 CONNECTION 208 372 -1 -1 2520 2520
2165 CONNECTION 208 39 -1 -1 3600 3600
2166 CONNECTION 208 91 300 2220 4320 4320
2167 CONNECTION 208 181 300 3300 5400 5400
2168 CONNECTION 208 12 300 3360 5460 5460
2169 CONNECTION 208 212 300 4020 6120 6120
2170 CONNECTION 208 324 300 5100 7200 7200
2171 CONNECTION 370 371 -1 -1 1740 1740
2172 CONNECTION 370 150 -1 -1 3540 3540
2173 CONNECTION 370 322 -1 -1 3060 3060
2174 CONNECTION 370 90 -1 -1 3540 3540
2175 CONNECTION 370 272 300 3240 5340 5340
2176 CONNECTION 370 40 300 2760 4860 4860
2177 CONNECTION 370 211 300 3240 5340 5340
2178 CONNECTION 370 152 300 5040 7140 7140
2179 CONNECTION 370 182 300 4560 6660 6660
2180 CONNECTION 370 374 300 5040 7140 7140
2181 CONNECTION 370 274 300 6840 8940 8940
2182 SINK 370 3 -1 -1 0 0
2183 CONNECTION 119 150 -1 -1 2640 2640
2184 CONNECTION 119 322 -1 -1 2160 2160
2185 CONNECTION 119 90 -1 -1 2640 2640
2186 CONNECTION 119 272 -1 -1 4440 4440
2187 CONNECTION 119 40 -1 -1 3960 3960
2188 CONNECTION 119 211 -1 -1 4440 4440
2189 CONNECTION 119 152 300 4140 6240 6240
2190 CONNECTION 119 182 300 3660 5760 5760
2191 CONNECTION 119 374 300 4140 6240 6240
2192 CONNECTION 119 274 300 5940 8040 8040
2193 CONNECTION 119 325 300 5460 7560 7560
2194 CONNECTION 119 93 300 5940 8040 8040
2195 SINK 119 3 -1 -1 0 0
2196 CONNECTION 11 210 -1 -1 2100 2100
2197 CONNECTION 11 64 -1 -1 4800 4800
2198 CONNECTION 11 373 -1 -1 3900 3900
2199 CONNECTION 11 92 300 3600 5700 5700
2200 CONNECTION 11 349 300 6300 8400 8400
2201 CONNECTION 11 213 300 5400 7500 7500
2202 CONNECTION 62 63 -1 -1 720 720
2203 CONNECTION 62 38 -1 -1 1860 1860
2204 CONNECTION 62 120 -1 -1 2580 2580
2205 CONNECTION 62 296 -1 -1 2700 2700
2206 CONNECTION 62 180 300 1560 3660 3660
2207 CONNECTION 62 241 300 2280 4380 4380
2208 CONNECTION 62 348 300 2220 4320 4320
2209 CONNECTION 62 323 300 3360 5460 5460
2210 CONNECTION 62 122 300 4080 6180 6180
2211 CONNECTION 62 13 300 4200 6300 6300
2212 CONNECTION 62 41 300 5160 7260 7260
2213 CONNECTION 320 321 -1 -1 1740 1740
2214 CONNECTION 320 295 -1 -1 1800 1800
2215 CONNECTION 320 372 -1 -1 2460 2460
2216 CONNECTION 320 39 -1 -1 3540 3540
2217 CONNECTION 320 91 300 2160 4260 4260
2218 CONNECTION 320 181 300 3240 5340 5340
2219 CONNECTION 320 12 300 3300 5400 5400
2220 CONNECTION 320 212 300 3960 6060 6060
2221 CONNECTION 320 324 300 5040 7140 7140
2222 CONNECTION 270 271 -1 -1 840 840
2223 CONNECTION 270 121 -1 -1 2760 2760
2224 CONNECTION 270 297 -1 -1 3360 3360
2225 CONNECTION 270 347 -1 -1 1800 1800
2226 CONNECTION 270 151 -1 -1 2640 2640
2227 CONNECTION 270 242 -1 -1 4560 4560
2228 CONNECTION 270 273 300 2340 4440 4440
2229 CONNECTION 270 123 300 4260 6360 6360
2230 CONNECTION 270 14 300 4860 6960 6960
2231 CONNECTION 270 65 300 3300 5400 5400
2232 CONNECTION 270 153 300 4140 6240 6240
2233 CONNECTION 270 244 300 6060 8160 8160
2234 CONNECTION 239 240 -1 -1 1980 1980
2235 CONNECTION 239 271 -1 -1 1860 1860
2236 CONNECTION 239 121 -1 -1 3780 3780
2237 CONNECTION 239 297 -1 -1 4380 4380
2238 CONNECTION 239 347 -1 -1 2820 2820
2239 CONNECTION 239 151 -1 -1 3660 3660
2240 CONNECTION 239 242 300 3480 5580 5580
2241 CONNECTION 239 273 300 3360 5460 5460
2242 CONNECTION 239 123 300 5280 7380 7380
2243 CONNECTION 239 14 300 5880 7980 7980
2244 CONNECTION 239 65 300 4320 6420 6420
2245 CONNECTION 239 153 300 5160 7260 7260
2246 CONNECTION 63 372 -1 -1 1800 1800
2247 CONNECTION 63 39 -1 -1 2880 2880
2248 CONNECTION 63 91 -1 -1 3600 3600
2249 CONNECTION 63 181 300 2580 4680 4680
2250 CONNECTION 63 12 300 2640 4740 4740
2251 CONNECTION 63 212 300 3300 5400 5400
2252 CONNECTION 63 324 300 4380 6480 6480
2253 CONNECTION 63 375 300 5100 7200 7200
2254 CONNECTION 63 42 300 6180 8280 8280
2255 CONNECTION 149 120 -1 -1 1740 1740
2256 CONNECTION 149 296 -1 -1 1860 1860
2257 CONNECTION 149 180 -1 -1 2820 2820
2258 CONNECTION 149 241 -1 -1 3540 3540
2259 CONNECTION 149 348 -1 -1 3480 3480
2260 CONNECTION 149 323 300 2520 4620 4620
2261 CONNECTION 149 122 300 3240 5340 5340
2262 CONNECTION 149 13 300 3360 5460 5460
2263 CONNECTION 149 41 300 4320 6420 6420
2264 CONNECTION 149 243 300 5040 7140 7140
2265 CONNECTION 149 66 300 4980 7080 7080
2266 CONNECTION 179 210 -1 -1 2340 2340
2267 CONNECTION 179 64 -1 -1 5040 5040
2268 CONNECTION 179 373 -1 -1 4140 4140
2269 CONNECTION 179 92 300 3840 5940 5940
2270 CONNECTION 179 349 300 6540 8640 8640
2271 CONNECTION 179 213 300 5640 7740 7740
2272 CONNECTION 209 120 -1 -1 1860 1860
2273 CONNECTION 209 296 -1 -1 1980 1980
2274 CONNECTION 209 180 -1 -1 2940 2940
2275 CONNECTION 209 241 -1 -1 3660 3660
2276 CONNECTION 209 348 -1 -1 3600 3600
2277 CONNECTION 209 323 300 2640 4740 4740
2278 CONNECTION 209 122 300 3360 5460 5460
2279 CONNECTION 209 13 300 3480 5580 5580
2280 CONNECTION 209 41 300 4440 6540 6540
2281 CONNECTION 209 243 300 5160 7260 7260
2282 CONNECTION 209 66 300 5100 7200 7200
2283 CONNECTION 321 322 -1 -1 1320 1320
2284 CONNECTION 321 272 -1 -1 3600 3600
2285 CONNECTION 321 40 -1 -1 3120 3120
2286 CONNECTION 321 211 -1 -1 3600 3600
2287 CONNECTION 321 152 300 3300 5400 5400
2288 CONNECTION 321 182 300 2820 4920 4920
2289 CONNECTION 321 374 300 3300 5400 5400
2290 CONNECTION 321 274 300 5100 7200 7200
2291 CONNECTION 321 325 300 4620 6720 6720
2292 CONNECTION 321 93 300 5100 7200 7200
2293 CONNECTION 321 154 300 6900 9000 9000
2294 SINK 321 3 -1 -1 0 0
2295 CONNECTION 371 372 -1 -1 720 720
2296 CONNECTION 371 91 -1 -1 2520 2520
2297 CONNECTION 371 181 -1 -1 3600 3600
2298 CONNECTION 371 12 300 1560 3660 3660
2299 CONNECTION 371 212 300 2220 4320 4320
2300 CONNECTION 371 324 300 3300 5400 5400
2301 CONNECTION 371 375 300 4020 6120 6120
2302 CONNECTION 371 42 300 5100 7200 7200
2303 CONNECTION 371 298 300 5160 7260 7260
2304 CONNECTION 346 347 -1 -1 840 840
2305 CONNECTION 346 151 -1 -1 1680 1680
2306 CONNECTION 346 242 -1 -1 3600 3600
2307 CONNECTION 346 273 -1 -1 3480 3480
2308 CONNECTION 346 123 300 3300 5400 5400
2309 CONNECTION 346 14 300 3900 6000 6000
2310 CONNECTION 346 65 300 2340 4440 4440
2311 CONNECTION 346 153 300 3180 5280 5280
2312 CONNECTION 346 244 300 5100 7200 7200
2313 CONNECTION 346 275 300 4980 7080 7080
2314 CONNECTION 346 125 300 6900 9000 9000
2315 CONNECTION 89 90 -1 -1 1740 1740
2316 CONNECTION 89 272 -1 -1 3540 3540
2317 CONNECTION 89 40 -1 -1 3060 3060
2318 CONNECTION 89 211 -1 -1 3540 3540
2319 CONNECTION 89 152 300 3240 5340 5340
2320 CONNECTION 89 182 300 2760 4860 4860
2321 CONNECTION 89 374 300 3240 5340 5340
2322 CONNECTION 89 274 300 5040 7140 7140
2323 CONNECTION 89 325 300 4560 6660 6660
2324 CONNECTION 89 93 300 5040 7140 7140
2325 CONNECTION 89 154 300 6840 8940 8940
2326 SINK 89 3 -1 -1 0 0
2327 CONNECTION 240 272 -1 -1 2640 2640
2328 CONNECTION 240 40 -1 -1 2160 2160
2329 CONNECTION 240 211 -1 -1 2640 2640
2330 CONNECTION 240 152 -1 -1 4440 4440
2331 CONNECTION 240 182 -1 -1 3960 3960
2332 CONNECTION 240 374 -1 -1 4440 4440
2333 CONNECTION 240 274 300 4140 6240 6240
2334 CONNECTION 240 325 300 3660 5760 5760
2335 CONNECTION 240 93 300 4140 6240 6240
2336 CONNECTION 240 154 300 5940 8040 8040
2337 CONNECTION 240 43 300 5460 7560 7560
2338 CONNECTION 240 214 300 5940 8040 8040
2339 SINK 240 3 -1 -1 0 0
2340 CONNECTION 38 39 -1 -1 1740 1740
2341 CONNECTION 38 91 -1 -1 2460 2460
2342 CONNECTION 38 181 -1 -1 3540 3540
2343 CONNECTION 38 12 -1 -1 3600 3600
2344 CONNECTION 38 212 300 2160 4260 4260
2345 CONNECTION 38 324 300 3240 5340 5340
2346 CONNECTION 38 375 300 3960 6060 6060
2347 CONNECTION 38 42 300 5040 7140 7140
2348 CONNECTION 38 298 300 5100 7200 7200
2349 CONNECTION 295 296 -1 -1 840 840
2350 CONNECTION 295 180 -1 -1 1800 1800
2351 CONNECTION 295 241 -1 -1 2520 2520
2352 CONNECTION 295 348 -1 -1 2460 2460
2353 CONNECTION 295 323 -1 -1 3600 3600
2354 CONNECTION 295 122 300 2220 4320 4320
2355 CONNECTION 295 13 300 2340 4440 4440
2356 CONNECTION 295 41 300 3300 5400 5400
2357 CONNECTION 295 243 300 4020 6120 6120
2358 CONNECTION 295 66 300 3960 6060 6060
2359 CONNECTION 295 183 300 5100 7200 7200
2360 CONNECTION 295 124 300 5820 7920 7920
2361 CONNECTION 150 151 -1 -1 840 840
2362 CONNECTION 150 242 -1 -1 2760 2760
2363 CONNECTION 150 273 -1 -1 2640 2640
2364 CONNECTION 150 123 -1 -1 4560 4560
2365 CONNECTION 150 14 -1 -1 5160 5160
2366 CONNECTION 150 65 -1 -1 3600 3600
2367 CONNECTION 150 153 300 2340 4440 4440
2368 CONNECTION 150 244 300 4260 6360 6360
2369 CONNECTION 150 275 300 4140 6240 6240
2370 CONNECTION 150 125 300 6060 8160 8160
2371 CONNECTION 150 300 300 6660 8760 8760
2372 CONNECTION 150 350 300 5100 7200 7200
2373 CONNECTION 120 121 -1 -1 1980 1980
2374 CONNECTION 120 151 -1 -1 1860 1860
2375 CONNECTION 120 242 -1 -1 3780 3780
2376 CONNECTION 120 273 -1 -1 3660 3660
2377 CONNECTION 120 123 300 3480 5580 5580
2378 CONNECTION 120 14 300 4080 6180 6180
2379 CONNECTION 120 65 300 2520 4620 4620
2380 CONNECTION 120 153 300 3360 5460 5460
2381 CONNECTION 120 244 300 5280 7380 7380
2382 CONNECTION 120 275 300 5160 7260 7260
2383 CONNECTION 271 241 -1 -1 1740 1740
2384 CONNECTION 271 348 -1 -1 1680 1680
2385 CONNECTION 271 323 -1 -1 2820 2820
2386 CONNECTION 271 122 -1 -1 3540 3540
2387 CONNECTION 271 13 -1 -1 3660 3660
2388 CONNECTION 271 41 300 2520 4620 4620
2389 CONNECTION 271 243 300 3240 5340 5340
2390 CONNECTION 271 66 300 3180 5280 5280
2391 CONNECTION 271 183 300 4320 6420 6420
2392 CONNECTION 271 124 300 5040 7140 7140
2393 CONNECTION 271 299 300 5160 7260 7260
2394 CONNECTION 322 64 -1 -1 3240 3240
2395 CONNECTION 322 373 -1 -1 2340 2340
2396 CONNECTION 322 92 -1 -1 4140 4140
2397 CONNECTION 322 349 300 4740 6840 6840
2398 CONNECTION 322 213 300 3840 5940 5940
2399 CONNECTION 322 376 300 5640 7740 7740
2400 CONNECTION 372 241 -1 -1 1860 1860
2401 CONNECTION 372 348 -1 -1 1800 1800
2402 CONNECTION 372 323 -1 -1 2940 2940
2403 CONNECTION 372 122 -1 -1 3660 3660
2404 CONNECTION 372 13 300 1680 3780 3780
2405 CONNECTION 372 41 300 2640 4740 4740
2406 CONNECTION 372 243 300 3360 5460 5460
2407 CONNECTION 372 66 300 3300 5400 5400
2408 CONNECTION 372 183 300 4440 6540 6540
2409 CONNECTION 372 124 300 5160 7260 7260
2410 CONNECTION 372 299 300 5280 7380 7380
2411 CONNECTION 39 40 -1 -1 1320 1320
2412 CONNECTION 39 152 -1 -1 3600 3600
2413 CONNECTION 39 182 -1 -1 3120 3120
2414 CONNECTION 39 374 -1 -1 3600 3600
2415 CONNECTION 39 274 300 3300 5400 5400
2416 CONNECTION 39 325 300 2820 4920 4920
2417 CONNECTION 39 93 300 3300 5400 5400
2418 CONNECTION 39 154 300 5100 7200 7200
2419 CONNECTION 39 43 300 4620 6720 6720
2420 CONNECTION 39 214 300 5100 7200 7200
2421 CONNECTION 39 276 300 6900 9000 9000
2422 SINK 39 3 -1 -1 0 0
2423 CONNECTION 90 91 -1 -1 720 720
2424 CONNECTION 90 12 -1 -1 1860 1860
2425 CONNECTION 90 212 -1 -1 2520 2520
2426 CONNECTION 90 324 -1 -1 3600 3600
2427 CONNECTION 90 375 300 2220 4320 4320
2428 CONNECTION 90 42 300 3300 5400 5400
2429 CONNECTION 90 298 300 3360 5460 5460
2430 CONNECTION 90 94 300 4020 6120 6120
2431 CONNECTION 90 184 300 5100 7200 7200
2432 CONNECTION 296 297 -1 -1 2460 2460
2433 CONNECTION 296 151 -1 -1 1740 1740
2434 CONNECTION 296 242 -1 -1 3660 3660
2435 CONNECTION 296 273 -1 -1 3540 3540
2436 CONNECTION 296 123 300 3360 5460 5460
2437 CONNECTION 296 14 300 3960 6060 6060
2438 CONNECTION 296 65 300 2400 4500 4500
2439 CONNECTION 296 153 300 3240 5340 5340
2440 CONNECTION 296 244 300 5160 7260 7260
2441 CONNECTION 296 275 300 5040 7140 7140
2442 CONNECTION 296 125 300 6960 9060 9060
2443 CONNECTION 210 211 -1 -1 1740 1740
2444 CONNECTION 210 152 -1 -1 3540 3540
2445 CONNECTION 210 182 -1 -1 3060 3060
2446 CONNECTION 210 374 -1 -1 3540 3540
2447 CONNECTION 210 274 300 3240 5340 5340
2448 CONNECTION 210 325 300 2760 4860 4860
2449 CONNECTION 210 93 300 3240 5340 5340
2450 CONNECTION 210 154 300 5040 7140 7140
2451 CONNECTION 210 43 300 4560 6660 6660
2452 CONNECTION 210 214 300 5040 7140 7140
2453 CONNECTION 210 276 300 6840 8940 8940
2454 SINK 210 3 -1 -1 0 0
2455 CONNECTION 121 152 -1 -1 2640 2640
2456 CONNECTION 121 182 -1 -1 2160 2160
2457 CONNECTION 121 374 -1 -1 2640 2640
2458 CONNECTION 121 274 -1 -1 4440 4440
2459 CONNECTION 121 325 -1 -1 3960 3960
2460 CONNECTION 121 93 -1 -1 4440 4440
2461 CONNECTION 121 154 300 4140 6240 6240
2462 CONNECTION 121 43 300 3660 5760 5760
2463 CONNECTION 121 214 300 4140 6240 6240
2464 CONNECTION 121 276 300 5940 8040 8040
2465 CONNECTION 121 185 300 5460 7560 7560
2466 CONNECTION 121 377 300 5940 8040 8040
2467 SINK 121 3 -1 -1 0 0
2468 CONNECTION 297 92 -1 -1 2100 2100
2469 CONNECTION 297 349 -1 -1 4800 4800
2470 CONNECTION 297 213 -1 -1 3900 3900
2471 CONNECTION 297 376 300 3600 5700 5700
2472 CONNECTION 297 67 300 6300 8400 8400
2473 CONNECTION 297 95 300 5400 7500 7500
2474 CONNECTION 347 348 -1 -1 720 720
2475 CONNECTION 347 323 -1 -1 1860 1860
2476 CONNECTION 347 122 -1 -1 2580 2580
2477 CONNECTION 347 13 -1 -1 2700 2700
2478 CONNECTION 347 41 300 1560 3660 3660
2479 CONNECTION 347 243 300 2280 4380 4380
2480 CONNECTION 347 66 300 2220 4320 4320
2481 CONNECTION 347 183 300 3360 5460 5460
2482 CONNECTION 347 124 300 4080 6180 6180
2483 CONNECTION 347 299 300 4200 6300 6300
2484 CONNECTION 347 326 300 5160 7260 7260
2485 CONNECTION 180 181 -1 -1 1740 1740
2486 CONNECTION 180 12 -1 -1 1800 1800
2487 CONNECTION 180 212 -1 -1 2460 2460
2488 CONNECTION 180 324 -1 -1 3540 3540
2489 CONNECTION 180 375 300 2160 4260 4260
2490 CONNECTION 180 42 300 3240 5340 5340
2491 CONNECTION 180 298 300 3300 5400 5400
2492 CONNECTION 180 94 300 3960 6060 6060
2493 CONNECTION 180 184 300 5040 7140 7140
2494 CONNECTION 272 273 -1 -1 840 840
2495 CONNECTION 272 123 -1 -1 2760 2760
2496 CONNECTION 272 14 -1 -1 3360 3360
2497 CONNECTION 272 65 -1 -1 1800 1800
2498 CONNECTION 272 153 -1 -1 2640 2640
2499 CONNECTION 272 244 -1 -1 4560 4560
2500 CONNECTION 272 275 300 2340 4440 4440
2501 CONNECTION 272 125 300 4260 6360 6360
2502 CONNECTION 272 300 300 4860 6960 6960
2503 CONNECTION 272 350 300 3300 5400 5400
2504 CONNECTION 272 155 300 4140 6240 6240
2505 CONNECTION 272 246 300 6060 8160 8160
2506 CONNECTION 241 242 -1 -1 1980 1980
2507 CONNECTION 241 273 -1 -1 1860 1860
2508 CONNECTION 241 123 -1 -1 3780 3780
2509 CONNECTION 241 14 -1 -1 4380 4380
2510 CONNECTION 241 65 -1 -1 2820 2820
2511 CONNECTION 241 153 -1 -1 3660 3660
2512 CONNECTION 241 244 300 3480 5580 5580
2513 CONNECTION 241 275 300 3360 5460 5460
2514 CONNECTION 241 125 300 5280 7380 7380
2515 CONNECTION 241 300 300 5880 7980 7980
2516 CONNECTION 241 350 300 4320 6420 6420
2517 CONNECTION 241 155 300 5160 7260 7260
2518 CONNECTION 40 92 -1 -1 2340 2340
2519 CONNECTION 40 349 -1 -1 5040 5040
2520 CONNECTION 40 213 -1 -1 4140 4140
2521 CONNECTION 40 376 300 3840 5940 5940
2522 CONNECTION 40 67 300 6540 8640 8640
2523 CONNECTION 40 95 300 5640 7740 7740
2524 CONNECTION 91 122 -1 -1 1860 1860
2525 CONNECTION 91 13 -1 -1 1980 1980
2526 CONNECTION 91 41 -1 -1 2940 2940
2527 CONNECTION 91 243 -1 -1 3660 3660
2528 CONNECTION 91 66 -1 -1 3600 3600
2529 CONNECTION 91 183 300 2640 4740 4740
2530 CONNECTION 91 124 300 3360 5460 5460
2531 CONNECTION 91 299 300 3480 5580 5580
2532 CONNECTION 91 326 300 4440 6540 6540
2533 CONNECTION 91 245 300 5160 7260 7260
2534 CONNECTION 91 351 300 5100 7200 7200
2535 CONNECTION 151 122 -1 -1 1740 1740
2536 CONNECTION 151 13 -1 -1 1860 1860
2537 CONNECTION 151 41 -1 -1 2820 2820
2538 CONNECTION 151 243 -1 -1 3540 3540
2539 CONNECTION 151 66 -1 -1 3480 3480
2540 CONNECTION 151 183 300 2520 4620 4620
2541 CONNECTION 151 124 300 3240 5340 5340
2542 CONNECTION 151 299 300 3360 5460 5460
2543 CONNECTION 151 326 300 4320 6420 6420
2544 CONNECTION 151 245 300 5040 7140 7140
2545 CONNECTION 151 351 300 4980 7080 7080
2546 CONNECTION 348 212 -1 -1 1800 1800
2547 CONNECTION 348 324 -1 -1 2880 2880
2548 CONNECTION 348 375 -1 -1 3600 3600
2549 CONNECTION 348 42 300 2580 4680 4680
2550 CONNECTION 348 298 300 2640 4740 4740
2551 CONNECTION 348 94 300 3300 5400 5400
2552 CONNECTION 348 184 300 4380 6480 6480
2553 CONNECTION 348 215 300 5100 7200 7200
2554 CONNECTION 348 327 300 6180 8280 8280
2555 CONNECTION 181 182 -1 -1 1320 1320
2556 CONNECTION 181 274 -1 -1 3600 3600
2557 CONNECTION 181 325 -1 -1 3120 3120
2558 CONNECTION 181 93 -1 -1 3600 3600
2559 CONNECTION 181 154 300 3300 5400 5400
2560 CONNECTION 181 43 300 2820 4920 4920
2561 CONNECTION 181 214 300 3300 5400 5400
2562 CONNECTION 181 276 300 5100 7200 7200
2563 CONNECTION 181 185 300 4620 6720 6720
2564 CONNECTION 181 377 300 5100 7200 7200
2565 CONNECTION 181 156 300 6900 9000 9000
2566 SINK 181 3 -1 -1 0 0
2567 CONNECTION 211 212 -1 -1 720 720
2568 CONNECTION 211 375 -1 -1 2520 2520
2569 CONNECTION 211 42 -1 -1 3600 3600
2570 CONNECTION 211 298 300 1560 3660 3660
2571 CONNECTION 211 94 300 2220 4320 4320
2572 CONNECTION 211 184 300 3300 5400 5400
2573 CONNECTION 211 215 300 4020 6120 6120
2574 CONNECTION 211 327 300 5100 7200 7200
2575 CONNECTION 211 15 300 5160 7260 7260
2576 CONNECTION 64 65 -1 -1 840 840
2577 CONNECTION 64 153 -1 -1 1680 1680
2578 CONNECTION 64 244 -1 -1 3600 3600
2579 CONNECTION 64 275 -1 -1 3480 3480
2580 CONNECTION 64 125 300 3300 5400 5400
2581 CONNECTION 64 300 300 3900 6000 6000
2582 CONNECTION 64 350 300 2340 4440 4440
2583 CONNECTION 64 155 300 3180 5280 5280
2584 CONNECTION 64 246 300 5100 7200 7200
2585 CONNECTION 64 277 300 4980 7080 7080
2586 CONNECTION 64 127 300 6900 9000 9000
2587 CONNECTION 373 374 -1 -1 1740 1740
2588 CONNECTION 373 274 -1 -1 3540 3540
2589 CONNECTION 373 325 -1 -1 3060 3060
2590 CONNECTION 373 93 -1 -1 3540 3540
2591 CONNECTION 373 154 300 3240 5340 5340
2592 CONNECTION 373 43 300 2760 4860 4860
2593 CONNECTION 373 214 300 3240 5340 5340
2594 CONNECTION 373 276 300 5040 7140 7140
2595 CONNECTION 373 185 300 4560 6660 6660
2596 CONNECTION 373 377 300 5040 7140 7140
2597 CONNECTION 373 156 300 6840 8940 8940
2598 SINK 373 3 -1 -1 0 0
2599 CONNECTION 242 274 -1 -1 2640 2640
2600 CONNECTION 242 325 -1 -1 2160 2160
2601 CONNECTION 242 93 -1 -1 2640 2640
2602 CONNECTION 242 154 -1 -1 4440 4440
2603 CONNECTION 242 43 -1 -1 3960 3960
2604 CONNECTION 242 214 -1 -1 4440 4440
2605 CONNECTION 242 276 300 4140 6240 6240
2606 CONNECTION 242 185 300 3660 5760 5760
2607 CONNECTION 242 377 300 4140 6240 6240
2608 CONNECTION 242 156 300 5940 8040 8040
2609 CONNECTION 242 328 300 5460 7560 7560
2610 CONNECTION 242 96 300 5940 8040 8040
2611 SINK 242 3 -1 -1 0 0
2612 CONNECTION 12 13 -1 -1 840 840
2613 CONNECTION 12 41 -1 -1 1800 1800
2614 CONNECTION 12 243 -1 -1 2520 2520
2615 CONNECTION 12 66 -1 -1 2460 2460
2616 CONNECTION 12 183 -1 -1 3600 3600
2617 CONNECTION 12 124 300 2220 4320 4320
2618 CONNECTION 12 299 300 2340 4440 4440
2619 CONNECTION 12 326 300 3300 5400 5400
2620 CONNECTION 12 245 300 4020 6120 6120
2621 CONNECTION 12 351 300 3960 6060 6060
2622 CONNECTION 12 44 300 5100 7200 7200
2623 CONNECTION 12 126 300 5820 7920 7920
2624 CONNECTION 323 324 -1 -1 1740 1740
2625 CONNECTION 323 375 -1 -1 2460 2460
2626 CONNECTION 323 42 -1 -1 3540 3540
2627 CONNECTION 323 298 -1 -1 3600 3600
2628 CONNECTION 323 94 300 2160 4260 4260
2629 CONNECTION 323 184 300 3240 5340 5340
2630 CONNECTION 323 215 300 3960 6060 6060
2631 CONNECTION 323 327 300 5040 7140 7140
2632 CONNECTION 323 15 300 5100 7200 7200
2633 CONNECTION 152 153 -1 -1 840 840
2634 CONNECTION 152 244 -1 -1 2760 2760
2635 CONNECTION 152 275 -1 -1 2640 2640
2636 CONNECTION 152 125 -1 -1 4560 4560
2637 CONNECTION 152 300 -1 -1 5160 5160
2638 CONNECTION 152 350 -1 -1 3600 3600
2639 CONNECTION 152 155 300 2340 4440 4440
2640 CONNECTION 152 246 300 4260 6360 6360
2641 CONNECTION 152 277 300 4140 6240 6240
2642 CONNECTION 152 127 300 6060 8160 8160
2643 CONNECTION 152 17 300 6660 8760 8760
2644 CONNECTION 152 68 300 5100 7200 7200
2645 CONNECTION 122 123 -1 -1 1980 1980
2646 CONNECTION 122 153 -1 -1 1860 1860
2647 CONNECTION 122 244 -1 -1 3780 3780
2648 CONNECTION 122 275 -1 -1 3660 3660
2649 CONNECTION 122 125 300 3480 5580 5580
2650 CONNECTION 122 300 300 4080 6180 6180
2651 CONNECTION 122 350 300 2520 4620 4620
2652 CONNECTION 122 155 300 3360 5460 5460
2653 CONNECTION 122 246 300 5280 7380 7380
2654 CONNECTION 122 277 300 5160 7260 7260
2655 CONNECTION 182 349 -1 -1 3240 3240
2656 CONNECTION 182 213 -1 -1 2340 2340
2657 CONNECTION 182 376 -1 -1 4140 4140
2658 CONNECTION 182 67 300 4740 6840 6840
2659 CONNECTION 182 95 300 3840 5940 5940
2660 CONNECTION 182 216 300 5640 7740 7740
2661 CONNECTION 212 243 -1 -1 1860 1860
2662 CONNECTION 212 66 -1 -1 1800 1800
2663 CONNECTION 212 183 -1 -1 2940 2940
2664 CONNECTION 212 124 -1 -1 3660 3660
2665 CONNECTION 212 299 300 1680 3780 3780
2666 CONNECTION 212 326 300 2640 4740 4740
2667 CONNECTION 212 245 300 3360 5460 5460
2668 CONNECTION 212 351 300 3300 5400 5400
2669 CONNECTION 212 44 300 4440 6540 6540
2670 CONNECTION 212 126 300 5160 7260 7260
2671 CONNECTION 212 16 300 5280 7380 7380
2672 CONNECTION 273 243 -1 -1 1740 1740
2673 CONNECTION 273 66 -1 -1 1680 1680
2674 CONNECTION 273 183 -1 -1 2820 2820
2675 CONNECTION 273 124 -1 -1 3540 3540
2676 CONNECTION 273 299 -1 -1 3660 3660
2677 CONNECTION 273 326 300 2520 4620 4620
2678 CONNECTION 273 245 300 3240 5340 5340
2679 CONNECTION 273 351 300 3180 5280 5280
2680 CONNECTION 273 44 300 4320 6420 6420
2681 CONNECTION 273 126 300 5040 7140 7140
2682 CONNECTION 273 16 300 5160 7260 7260
2683 CONNECTION 13 14 -1 -1 2460 2460
2684 CONNECTION 13 153 -1 -1 1740 1740
2685 CONNECTION 13 244 -1 -1 3660 3660
2686 CONNECTION 13 275 -1 -1 3540 3540
2687 CONNECTION 13 125 300 3360 5460 5460
2688 CONNECTION 13 300 300 3960 6060 6060
2689 CONNECTION 13 350 300 2400 4500 4500
2690 CONNECTION 13 155 300 3240 5340 5340
2691 CONNECTION 13 246 300 5160 7260 7260
2692 CONNECTION 13 277 300 5040 7140 7140
2693 CONNECTION 13 127 300 6960 9060 9060
2694 CONNECTION 324 325 -1 -1 1320 1320
2695 CONNECTION 324 154 -1 -1 3600 3600
2696 CONNECTION 324 43 -1 -1 3120 3120
2697 CONNECTION 324 214 -1 -1 3600 3600
2698 CONNECTION 324 276 300 3300 5400 5400
2699 CONNECTION 324 185 300 2820 4920 4920
2700 CONNECTION 324 377 300 3300 5400 5400
2701 CONNECTION 324 156 300 5100 7200 7200
2702 CONNECTION 324 328 300 4620 6720 6720
2703 CONNECTION 324 96 300 5100 7200 7200
2704 CONNECTION 324 278 300 6900 9000 9000
2705 SINK 324 3 -1 -1 0 0
2706 CONNECTION 374 375 -1 -1 720 720
2707 CONNECTION 374 298 -1 -1 1860 1860
2708 CONNECTION 374 94 -1 -1 2520 2520
2709 CONNECTION 374 184 -1 -1 3600 3600
2710 CONNECTION 374 215 300 2220 4320 4320
2711 CONNECTION 374 327 300 3300 5400 5400
2712 CONNECTION 374 15 300 3360 5460 5460
2713 CONNECTION 374 378 300 4020 6120 6120
2714 CONNECTION 374 45 300 5100 7200 7200
2715 CONNECTION 92 93 -1 -1 1740 1740
2716 CONNECTION 92 154 -1 -1 3540 3540
2717 CONNECTION 92 43 -1 -1 3060 3060
2718 CONNECTION 92 214 -1 -1 3540 3540
2719 CONNECTION 92 276 300 3240 5340 5340
2720 CONNECTION 92 185 300 2760 4860 4860
2721 CONNECTION 92 377 300 3240 5340 5340
2722 CONNECTION 92 156 300 5040 7140 7140
2723 CONNECTION 92 328 300 4560 6660 6660
2724 CONNECTION 92 96 300 5040 7140 7140
2725 CONNECTION 92 278 300 6840 8940 8940
2726 SINK 92 3 -1 -1 0 0
2727 CONNECTION 123 154 -1 -1 2640 2640
2728 CONNECTION 123 43 -1 -1 2160 2160
2729 CONNECTION 123 214 -1 -1 2640 2640
2730 CONNECTION 123 276 -1 -1 4440 4440
2731 CONNECTION 123 185 -1 -1 3960 3960
2732 CONNECTION 123 377 -1 -1 4440 4440
2733 CONNECTION 123 156 300 4140 6240 6240
2734 CONNECTION 123 328 300 3660 5760 5760
2735 CONNECTION 123 96 300 4140 6240 6240
2736 CONNECTION 123 278 300 5940 8040 8040
2737 CONNECTION 123 46 300 5460 7560 7560
2738 CONNECTION 123 217 300 5940 8040 8040
2739 SINK 123 3 -1 -1 0 0
2740 CONNECTION 14 376 -1 -1 2100 2100
2741 CONNECTION 14 67 -1 -1 4800 4800
2742 CONNECTION 14 95 -1 -1 3900 3900
2743 CONNECTION 14 216 300 3600 5700 5700
2744 CONNECTION 14 352 300 6300 8400 8400
2745 CONNECTION 14 379 300 5400 7500 7500
2746 CONNECTION 65 66 -1 -1 720 720
2747 CONNECTION 65 183 -1 -1 1860 1860
2748 CONNECTION 65 124 -1 -1 2580 2580
2749 CONNECTION 65 299 -1 -1 2700 2700
2750 CONNECTION 65 326 300 1560 3660 3660
2751 CONNECTION 65 245 300 2280 4380 4380
2752 CONNECTION 65 351 300 2220 4320 4320
2753 CONNECTION 65 44 300 3360 5460 5460
2754 CONNECTION 65 126 300 4080 6180 6180
2755 CONNECTION 65 16 300 4200 6300 6300
2756 CONNECTION 65 186 300 5160 7260 7260
2757 CONNECTION 41 42 -1 -1 1740 1740
2758 CONNECTION 41 298 -1 -1 1800 1800
2759 CONNECTION 41 94 -1 -1 2460 2460
2760 CONNECTION 41 184 -1 -1 3540 3540
2761 CONNECTION 41 215 300 2160 4260 4260
2762 CONNECTION 41 327 300 3240 5340 5340
2763 CONNECTION 41 15 300 3300 5400 5400
2764 CONNECTION 41 378 300 3960 6060 6060
2765 CONNECTION 41 45 300 5040 7140 7140
2766 CONNECTION 274 275 -1 -1 840 840
2767 CONNECTION 274 125 -1 -1 2760 2760
2768 CONNECTION 274 300 -1 -1 3360 3360
2769 CONNECTION 274 350 -1 -1 1800 1800
2770 CONNECTION 274 155 -1 -1 2640 2640
2771 CONNECTION 274 246 -1 -1 4560 4560
2772 CONNECTION 274 277 300 2340 4440 4440
2773 CONNECTION 274 127 300 4260 6360 6360
2774 CONNECTION 274 17 300 4860 6960 6960
2775 CONNECTION 274 68 300 3300 5400 5400
2776 CONNECTION 274 157 300 4140 6240 6240
2777 CONNECTION 274 248 300 6060 8160 8160
2778 CONNECTION 243 244 -1 -1 1980 1980
2779 CONNECTION 243 275 -1 -1 1860 1860
2780 CONNECTION 243 125 -1 -1 3780 3780
2781 CONNECTION 243 300 -1 -1 4380 4380
2782 CONNECTION 243 350 -1 -1 2820 2820
2783 CONNECTION 243 155 -1 -1 3660 3660
2784 CONNECTION 243 246 300 3480 5580 5580
2785 CONNECTION 243 277 300 3360 5460 5460
2786 CONNECTION 243 127 300 5280 7380 7380
2787 CONNECTION 243 17 300 5880 7980 7980
2788 CONNECTION 243 68 300 4320 6420 6420
2789 CONNECTION 243 157 300 5160 7260 7260
2790 CONNECTION 66 94 -1 -1 1800 1800
2791 CONNECTION 66 184 -1 -1 2880 2880
2792 CONNECTION 66 215 -1 -1 3600 3600
2793 CONNECTION 66 327 300 2580 4680 4680
2794 CONNECTION 66 15 300 2640 4740 4740
2795 CONNECTION 66 378 300 3300 5400 5400
2796 CONNECTION 66 45 300 4380 6480 6480
2797 CONNECTION 66 97 300 5100 7200 7200
2798 CONNECTION 66 187 300 6180 8280 8280
2799 CONNECTION 153 124 -1 -1 1740 1740
2800 CONNECTION 153 299 -1 -1 1860 1860
2801 CONNECTION 153 326 -1 -1 2820 2820
2802 CONNECTION 153 245 -1 -1 3540 3540
2803 CONNECTION 153 351 -1 -1 3480 3480
2804 CONNECTION 153 44 300 2520 4620 4620
2805 CONNECTION 153 126 300 3240 5340 5340
2806 CONNECTION 153 16 300 3360 5460 5460
2807 CONNECTION 153 186 300 4320 6420 6420
2808 CONNECTION 153 247 300 5040 7140 7140
2809 CONNECTION 153 69 300 4980 7080 7080
2810 CONNECTION 325 376 -1 -1 2340 2340
2811 CONNECTION 325 67 -1 -1 5040 5040
2812 CONNECTION 325 95 -1 -1 4140 4140
2813 CONNECTION 325 216 300 3840 5940 5940
2814 CONNECTION 325 352 300 6540 8640 8640
2815 CONNECTION 325 379 300 5640 7740 7740
2816 CONNECTION 375 124 -1 -1 1860 1860
2817 CONNECTION 375 299 -1 -1 1980 1980
2818 CONNECTION 375 326 -1 -1 2940 2940
2819 CONNECTION 375 245 -1 -1 3660 3660
2820 CONNECTION 375 351 -1 -1 3600 3600
2821 CONNECTION 375 44 300 2640 4740 4740
2822 CONNECTION 375 126 300 3360 5460 5460
2823 CONNECTION 375 16 300 3480 5580 5580
2824 CONNECTION 375 186 300 4440 6540 6540
2825 CONNECTION 375 247 300 5160 7260 7260
2826 CONNECTION 375 69 300 5100 7200 7200
2827 CONNECTION 42 43 -1 -1 1320 1320
2828 CONNECTION 42 276 -1 -1 3600 3600
2829 CONNECTION 42 185 -1 -1 3120 3120
2830 CONNECTION 42 377 -1 -1 3600 3600
2831 CONNECTION 42 156 300 3300 5400 5400
2832 CONNECTION 42 328 300 2820 4920 4920
2833 CONNECTION 42 96 300 3300 5400 5400
2834 CONNECTION 42 278 300 5100 7200 7200
2835 CONNECTION 42 46 300 4620 6720 6720
2836 CONNECTION 42 217 300 5100 7200 7200
2837 CONNECTION 42 158 300 6900 9000 9000
2838 SINK 42 3 -1 -1 0 0
2839 CONNECTION 93 94 -1 -1 720 720
2840 CONNECTION 93 215 -1 -1 2520 2520
2841 CONNECTION 93 327 -1 -1 3600 3600
2842 CONNECTION 93 15 300 1560 3660 3660
2843 CONNECTION 93 378 300 2220 4320 4320
2844 CONNECTION 93 45 300 3300 5400 5400
2845 CONNECTION 93 97 300 4020 6120 6120
2846 CONNECTION 93 187 300 5100 7200 7200
2847 CONNECTION 93 301 300 5160 7260 7260
2848 CONNECTION 349 350 -1 -1 840 840
2849 CONNECTION 349 155 -1 -1 1680 1680
2850 CONNECTION 349 246 -1 -1 3600 3600
2851 CONNECTION 349 277 -1 -1 3480 3480
2852 CONNECTION 349 127 300 3300 5400 5400
2853 CONNECTION 349 17 300 3900 6000 6000
2854 CONNECTION 349 68 300 2340 4440 4440
2855 CONNECTION 349 157 300 3180 5280 5280
2856 CONNECTION 349 248 300 5100 7200 7200
2857 CONNECTION 349 279 300 4980 7080 7080
2858 CONNECTION 349 129 300 6900 9000 9000
2859 CONNECTION 213 214 -1 -1 1740 1740
2860 CONNECTION 213 276 -1 -1 3540 3540
2861 CONNECTION 213 185 -1 -1 3060 3060
2862 CONNECTION 213 377 -1 -1 3540 3540
2863 CONNECTION 213 156 300 3240 5340 5340
2864 CONNECTION 213 328 300 2760 4860 4860
2865 CONNECTION 213 96 300 3240 5340 5340
2866 CONNECTION 213 278 300 5040 7140 7140
2867 CONNECTION 213 46 300 4560 6660 6660
2868 CONNECTION 213 217 300 5040 7140 7140
2869 CONNECTION 213 158 300 6840 8940 8940
2870 SINK 213 3 -1 -1 0 0
2871 CONNECTION 244 276 -1 -1 2640 2640
2872 CONNECTION 244 185 -1 -1 2160 2160
2873 CONNECTION 244 377 -1 -1 2640 2640
2874 CONNECTION 244 156 -1 -1 4440 4440
2875 CONNECTION 244 328 -1 -1 3960 3960
2876 CONNECTION 244 96 -1 -1 4440 4440
2877 CONNECTION 244 278 300 4140 6240 6240
2878 CONNECTION 244 46 300 3660 5760 5760
2879 CONNECTION 244 217 300 4140 6240 6240
2880 CONNECTION 244 158 300 5940 8040 8040
2881 CONNECTION 244 188 300 5460 7560 7560
2882 CONNECTION 244 380 300 5940 8040 8040
2883 SINK 244 3 -1 -1 0 0
2884 CONNECTION 183 184 -1 -1 1740 1740
2885 CONNECTION 183 215 -1 -1 2460 2460
2886 CONNECTION 183 327 -1 -1 3540 3540
2887 CONNECTION 183 15 -1 -1 3600 3600
2888 CONNECTION 183 378 300 2160 4260 4260
2889 CONNECTION 183 45 300 3240 5340 5340
2890 CONNECTION 183 97 300 3960 6060 6060
2891 CONNECTION 183 187 300 5040 7140 7140
2892 CONNECTION 183 301 300 5100 7200 7200
2893 CONNECTION 298 299 -1 -1 840 840
2894 CONNECTION 298 326 -1 -1 1800 1800
2895 CONNECTION 298 245 -1 -1 2520 2520
2896 CONNECTION 298 351 -1 -1 2460 2460
2897 CONNECTION 298 44 -1 -1 3600 3600
2898 CONNECTION 298 126 300 2220 4320 4320
2899 CONNECTION 298 16 300 2340 4440 4440
2900 CONNECTION 298 186 300 3300 5400 5400
2901 CONNECTION 298 247 300 4020 6120 6120
2902 CONNECTION 298 69 300 3960 6060 6060
2903 CONNECTION 298 329 300 5100 7200 7200
2904 CONNECTION 298 128 300 5820 7920 7920
2905 CONNECTION 154 155 -1 -1 840 840
2906 CONNECTION 154 246 -1 -1 2760 2760
2907 CONNECTION 154 277 -1 -1 2640 2640
2908 CONNECTION 154 127 -1 -1 4560 4560
2909 CONNECTION 154 17 -1 -1 5160 5160
2910 CONNECTION 154 68 -1 -1 3600 3600
2911 CONNECTION 154 157 300 2340 4440 4440
2912 CONNECTION 154 248 300 4260 6360 6360
2913 CONNECTION 154 279 300 4140 6240 6240
2914 CONNECTION 154 129 300 6060 8160 8160
2915 CONNECTION 154 303 300 6660 8760 8760
2916 CONNECTION 154 353 300 5100 7200 7200
2917 CONNECTION 124 125 -1 -1 1980 1980
2918 CONNECTION 124 155 -1 -1 1860 1860
2919 CONNECTION 124 246 -1 -1 3780 3780
2920 CONNECTION 124 277 -1 -1 3660 3660
2921 CONNECTION 124 127 300 3480 5580 5580
2922 CONNECTION 124 17 300 4080 6180 6180
2923 CONNECTION 124 68 300 2520 4620 4620
2924 CONNECTION 124 157 300 3360 5460 5460
2925 CONNECTION 124 248 300 5280 7380 7380
2926 CONNECTION 124 279 300 5160 7260 7260
2927 CONNECTION 43 67 -1 -1 3240 3240
2928 CONNECTION 43 95 -1 -1 2340 2340
2929 CONNECTION 43 216 -1 -1 4140 4140
2930 CONNECTION 43 352 300 4740 6840 6840
2931 CONNECTION 43 379 300 3840 5940 5940
2932 CONNECTION 43 98 300 5640 7740 7740
2933 CONNECTION 94 245 -1 -1 1860 1860
2934 CONNECTION 94 351 -1 -1 1800 1800
2935 CONNECTION 94 44 -1 -1 2940 2940
2936 CONNECTION 94 126 -1 -1 3660 3660
2937 CONNECTION 94 16 300 1680 3780 3780
2938 CONNECTION 94 186 300 2640 4740 4740
2939 CONNECTION 94 247 300 3360 5460 5460
2940 CONNECTION 94 69 300 3300 5400 5400
2941 CONNECTION 94 329 300 4440 6540 6540
2942 CONNECTION 94 128 300 5160 7260 7260
2943 CONNECTION 94 302 300 5280 7380 7380
2944 CONNECTION 275 245 -1 -1 1740 1740
2945 CONNECTION 275 351 -1 -1 1680 1680
2946 CONNECTION 275 44 -1 -1 2820 2820
2947 CONNECTION 275 126 -1 -1 3540 3540
2948 CONNECTION 275 16 -1 -1 3660 3660
2949 CONNECTION 275 186 300 2520 4620 4620
2950 CONNECTION 275 247 300 3240 5340 5340
2951 CONNECTION 275 69 300 3180 5280 5280
2952 CONNECTION 275 329 300 4320 6420 6420
2953 CONNECTION 275 128 300 5040 7140 7140
2954 CONNECTION 275 302 300 5160 7260 7260
2955 CONNECTION 184 185 -1 -1 1320 1320
2956 CONNECTION 184 156 -1 -1 3600 3600
2957 CONNECTION 184 328 -1 -1 3120 3120
2958 CONNECTION 184 96 -1 -1 3600 3600
2959 CONNECTION 184 278 300 3300 5400 5400
2960 CONNECTION 184 46 300 2820 4920 4920
2961 CONNECTION 184 217 300 3300 5400 5400
2962 CONNECTION 184 158 300 5100 7200 7200
2963 CONNECTION 184 188 300 4620 6720 6720
2964 CONNECTION 184 380 300 5100 7200 7200
2965 CONNECTION 184 280 300 6900 9000 9000
2966 SINK 184 3 -1 -1 0 0
2967 CONNECTION 214 215 -1 -1 720 720
2968 CONNECTION 214 15 -1 -1 1860 1860
2969 CONNECTION 214 378 -1 -1 2520 2520
2970 CONNECTION 214 45 -1 -1 3600 3600
2971 CONNECTION 214 97 300 2220 4320 4320
2972 CONNECTION 214 187 300 3300 5400 5400
2973 CONNECTION 214 301 300 3360 5460 5460
2974 CONNECTION 214 218 300 4020 6120 6120
2975 CONNECTION 214 330 300 5100 7200 7200
2976 CONNECTION 299 300 -1 -1 2460 2460
2977 CONNECTION 299 155 -1 -1 1740 1740
2978 CONNECTION 299 246 -1 -1 3660 3660
2979 CONNECTION 299 277 -1 -1 3540 3540
2980 CONNECTION 299 127 300 3360 5460 5460
2981 CONNECTION 299 17 300 3960 6060 6060
2982 CONNECTION 299 68 300 2400 4500 4500
2983 CONNECTION 299 157 300 3240 5340 5340
2984 CONNECTION 299 248 300 5160 7260 7260
2985 CONNECTION 299 279 300 5040 7140 7140
2986 CONNECTION 299 129 300 6960 9060 9060
2987 CONNECTION 376 377 -1 -1 1740 1740
2988 CONNECTION 376 156 -1 -1 3540 3540
2989 CONNECTION 376 328 -1 -1 3060 3060
2990 CONNECTION 376 96 -1 -1 3540 3540
2991 CONNECTION 376 278 300 3240 5340 5340
2992 CONNECTION 376 46 300 2760 4860 4860
2993 CONNECTION 376 217 300 3240 5340 5340
2994 CONNECTION 376 158 300 5040 7140 7140
2995 CONNECTION 376 188 300 4560 6660 6660
2996 CONNECTION 376 380 300 5040 7140 7140
2997 CONNECTION 376 280 300 6840 8940 8940
2998 SINK 376 3 -1 -1 0 0
2999 CONNECTION 125 156 -1 -1 2640 2640
3000 CONNECTION 125 328 -1 -1 2160 2160
3001 CONNECTION 125 96 -1 -1 2640 2640
3002 CONNECTION 125 278 -1 -1 4440 4440
3003 CONNECTION 125 46 -1 -1 3960 3960
3004 CONNECTION 125 217 -1 -1 4440 4440
3005 CONNECTION 125 158 300 4140 6240 6240
3006 CONNECTION 125 188 300 3660 5760 5760
3007 CONNECTION 125 380 300 4140 6240 6240
3008 CONNECTION 125 280 300 5940 8040 8040
3009 CONNECTION 125 331 300 5460 7560 7560
3010 CONNECTION 125 99 300 5940 8040 8040
3011 SINK 125 3 -1 -1 0 0
3012 CONNECTION 300 216 -1 -1 2100 2100
3013 CONNECTION 300 352 -1 -1 4800 4800
3014 CONNECTION 300 379 -1 -1 3900 3900
3015 CONNECTION 300 98 300 3600 5700 5700
3016 CONNECTION 300 70 300 6300 8400 8400
3017 CONNECTION 300 219 300 5400 7500 7500
3018 CONNECTION 350 351 -1 -1 720 720
3019 CONNECTION 350 44 -1 -1 1860 1860
3020 CONNECTION 350 126 -1 -1 2580 2580
3021 CONNECTION 350 16 -1 -1 2700 2700
3022 CONNECTION 350 186 300 1560 3660 3660
3023 CONNECTION 350 247 300 2280 4380 4380
3024 CONNECTION 350 69 300 2220 4320 4320
3025 CONNECTION 350 329 300 3360 5460 5460
3026 CONNECTION 350 128 300 4080 6180 6180
3027 CONNECTION 350 302 300 4200 6300 6300
3028 CONNECTION 350 47 300 5160 7260 7260
3029 CONNECTION 326 327 -1 -1 1740 1740
3030 CONNECTION 326 15 -1 -1 1800 1800
3031 CONNECTION 326 378 -1 -1 2460 2460
3032 CONNECTION 326 45 -1 -1 3540 3540
3033 CONNECTION 326 97 300 2160 4260 4260
3034 CONNECTION 326 187 300 3240 5340 5340
3035 CONNECTION 326 301 300 3300 5400 5400
3036 CONNECTION 326 218 300 3960 6060 6060
3037 CONNECTION 326 330 300 5040 7140 7140
3038 CONNECTION 276 277 -1 -1 840 840
3039 CONNECTION 276 127 -1 -1 2760 2760
3040 CONNECTION 276 17 -1 -1 3360 3360
3041 CONNECTION 276 68 -1 -1 1800 1800
3042 CONNECTION 276 157 -1 -1 2640 2640
3043 CONNECTION 276 248 -1 -1 4560 4560
3044 CONNECTION 276 279 300 2340 4440 4440
3045 CONNECTION 276 129 300 4260 6360 6360
3046 CONNECTION 276 303 300 4860 6960 6960
3047 CONNECTION 276 353 300 3300 5400 5400
3048 CONNECTION 276 159 300 4140 6240 6240
3049 CONNECTION 276 250 300 6060 8160 8160
3050 CONNECTION 245 246 -1 -1 1980 1980
3051 CONNECTION 245 277 -1 -1 1860 1860
3052 CONNECTION 245 127 -1 -1 3780 3780
3053 CONNECTION 245 17 -1 -1 4380 4380
3054 CONNECTION 245 68 -1 -1 2820 2820
3055 CONNECTION 245 157 -1 -1 3660 3660
3056 CONNECTION 245 248 300 3480 5580 5580
3057 CONNECTION 245 279 300 3360 5460 5460
3058 CONNECTION 245 129 300 5280 7380 7380
3059 CONNECTION 245 303 300 5880 7980 7980
3060 CONNECTION 245 353 300 4320 6420 6420
3061 CONNECTION 245 159 300 5160 7260 7260
3062 CONNECTION 155 126 -1 -1 1740 1740
3063 CONNECTION 155 16 -1 -1 1860 1860
3064 CONNECTION 155 186 -1 -1 2820 2820
3065 CONNECTION 155 247 -1 -1 3540 3540
3066 CONNECTION 155 69 -1 -1 3480 3480
3067 CONNECTION 155 329 300 2520 4620 4620
3068 CONNECTION 155 128 300 3240 5340 5340
3069 CONNECTION 155 302 300 3360 5460 5460
3070 CONNECTION 155 47 300 4320 6420 6420
3071 CONNECTION 155 249 300 5040 7140 7140
3072 CONNECTION 155 354 300 4980 7080 7080
3073 CONNECTION 185 216 -1 -1 2340 2340
3074 CONNECTION 185 352 -1 -1 5040 5040
3075 CONNECTION 185 379 -1 -1 4140 4140
3076 CONNECTION 185 98 300 3840 5940 5940
3077 CONNECTION 185 70 300 6540 8640 8640
3078 CONNECTION 185 219 300 5640 7740 7740
3079 CONNECTION 215 126 -1 -1 1860 1860
3080 CONNECTION 215 16 -1 -1 1980 1980
3081 CONNECTION 215 186 -1 -1 2940 2940
3082 CONNECTION 215 247 -1 -1 3660 3660
3083 CONNECTION 215 69 -1 -1 3600 3600
3084 CONNECTION 215 329 300 2640 4740 4740
3085 CONNECTION 215 128 300 3360 5460 5460
3086 CONNECTION 215 302 300 3480 5580 5580
3087 CONNECTION 215 47 300 4440 6540 6540
3088 CONNECTION 215 249 300 5160 7260 7260
3089 CONNECTION 215 354 300 5100 7200 7200
3090 CONNECTION 351 378 -1 -1 1800 1800
3091 CONNECTION 351 45 -1 -1 2880 2880
3092 CONNECTION 351 97 -1 -1 3600 3600
3093 CONNECTION 351 187 300 2580 4680 4680
3094 CONNECTION 351 301 300 2640 4740 4740
3095 CONNECTION 351 218 300 3300 5400 5400
3096 CONNECTION 351 330 300 4380 6480 6480
3097 CONNECTION 351 381 300 5100 7200 7200
3098 CONNECTION 351 48 300 6180 8280 8280
3099 CONNECTION 327 328 -1 -1 1320 1320
3100 CONNECTION 327 278 -1 -1 3600 3600
3101 CONNECTION 327 46 -1 -1 3120 3120
3102 CONNECTION 327 217 -1 -1 3600 3600
3103 CONNECTION 327 158 300 3300 5400 5400
3104 CONNECTION 327 188 300 2820 4920 4920
3105 CONNECTION 327 380 300 3300 5400 5400
3106 CONNECTION 327 280 300 5100 7200 7200
3107 CONNECTION 327 331 300 4620 6720 6720
3108 CONNECTION 327 99 300 5100 7200 7200
3109 CONNECTION 327 160 300 6900 9000 9000
3110 SINK 327 3 -1 -1 0 0
3111 CONNECTION 377 378 -1 -1 720 720
3112 CONNECTION 377 97 -1 -1 2520 2520
3113 CONNECTION 377 187 -1 -1 3600 3600
3114 CONNECTION 377 301 300 1560 3660 3660
3115 CONNECTION 377 218 300 2220 4320 4320
3116 CONNECTION 377 330 300 3300 5400 5400
3117 CONNECTION 377 381 300 4020 6120 6120
3118 CONNECTION 377 48 300 5100 7200 7200
3119 CONNECTION 377 18 300 5160 7260 7260
3120 CONNECTION 67 68 -1 -1 840 840
3121 CONNECTION 67 157 -1 -1 1680 1680
3122 CONNECTION 67 248 -1 -1 3600 3600
3123 CONNECTION 67 279 -1 -1 3480 3480
3124 CONNECTION 67 129 300 3300 5400 5400
3125 CONNECTION 67 303 300 3900 6000 6000
3126 CONNECTION 67 353 300 2340 4440 4440
3127 CONNECTION 67 159 300 3180 5280 5280
3128 CONNECTION 67 250 300 5100 7200 7200
3129 CONNECTION 67 281 300 4980 7080 7080
3130 CONNECTION 67 131 300 6900 9000 9000
3131 CONNECTION 95 96 -1 -1 1740 1740
3132 CONNECTION 95 278 -1 -1 3540 3540
3133 CONNECTION 95 46 -1 -1 3060 3060
3134 CONNECTION 95 217 -1 -1 3540 3540
3135 CONNECTION 95 158 300 3240 5340 5340
3136 CONNECTION 95 188 300 2760 4860 4860
3137 CONNECTION 95 380 300 3240 5340 5340
3138 CONNECTION 95 280 300 5040 7140 7140
3139 CONNECTION 95 331 300 4560 6660 6660
3140 CONNECTION 95 99 300 5040 7140 7140
3141 CONNECTION 95 160 300 6840 8940 8940
3142 SINK 95 3 -1 -1 0 0
3143 CONNECTION 246 278 -1 -1 2640 2640
3144 CONNECTION 246 46 -1 -1 2160 2160
3145 CONNECTION 246 217 -1 -1 2640 2640
3146 CONNECTION 246 158 -1 -1 4440 4440
3147 CONNECTION 246 188 -1 -1 3960 3960
3148 CONNECTION 246 380 -1 -1 4440 4440
3149 CONNECTION 246 280 300 4140 6240 6240
3150 CONNECTION 246 331 300 3660 5760 5760
3151 CONNECTION 246 99 300 4140 6240 6240
3152 CONNECTION 246 160 300 5940 8040 8040
3153 CONNECTION 246 49 300 5460 7560 7560
3154 CONNECTION 246 220 300 5940 8040 8040
3155 SINK 246 3 -1 -1 0 0
3156 CONNECTION 15 16 -1 -1 840 840
3157 CONNECTION 15 186 -1 -1 1800 1800
3158 CONNECTION 15 247 -1 -1 2520 2520
3159 CONNECTION 15 69 -1 -1 2460 2460
3160 CONNECTION 15 329 -1 -1 3600 3600
3161 CONNECTION 15 128 300 2220 4320 4320
3162 CONNECTION 15 302 300 2340 4440 4440
3163 CONNECTION 15 47 300 3300 5400 5400
3164 CONNECTION 15 249 300 4020 6120 6120
3165 CONNECTION 15 354 300 3960 6060 6060
3166 CONNECTION 15 189 300 5100 7200 7200
3167 CONNECTION 15 130 300 5820 7920 7920
3168 CONNECTION 44 45 -1 -1 1740 1740
3169 CONNECTION 44 97 -1 -1 2460 2460
3170 CONNECTION 44 187 -1 -1 3540 3540
3171 CONNECTION 44 301 -1 -1 3600 3600
3172 CONNECTION 44 218 300 2160 4260 4260
3173 CONNECTION 44 330 300 3240 5340 5340
3174 CONNECTION 44 381 300 3960 6060 6060
3175 CONNECTION 44 48 300 5040 7140 7140
3176 CONNECTION 44 18 300 5100 7200 7200
3177 CONNECTION 156 157 -1 -1 840 840
3178 CONNECTION 156 248 -1 -1 2760 2760
3179 CONNECTION 156 279 -1 -1 2640 2640
3180 CONNECTION 156 129 -1 -1 4560 4560
3181 CONNECTION 156 303 -1 -1 5160 5160
3182 CONNECTION 156 353 -1 -1 3600 3600
3183 CONNECTION 156 159 300 2340 4440 4440
3184 CONNECTION 156 250 300 4260 6360 6360
3185 CONNECTION 156 281 300 4140 6240 6240
3186 CONNECTION 156 131 300 6060 8160 8160
3187 CONNECTION 156 20 300 6660 8760 8760
3188 CONNECTION 156 71 300 5100 7200 7200
3189 CONNECTION 126 127 -1 -1 1980 1980
3190 CONNECTION 126 157 -1 -1 1860 1860
3191 CONNECTION 126 248 -1 -1 3780 3780
3192 CONNECTION 126 279 -1 -1 3660 3660
3193 CONNECTION 126 129 300 3480 5580 5580
3194 CONNECTION 126 303 300 4080 6180 6180
3195 CONNECTION 126 353 300 2520 4620 4620
3196 CONNECTION 126 159 300 3360 5460 5460
3197 CONNECTION 126 250 300 5280 7380 7380
3198 CONNECTION 126 281 300 5160 7260 7260
3199 CONNECTION 277 247 -1 -1 1740 1740
3200 CONNECTION 277 69 -1 -1 1680 1680
3201 CONNECTION 277 329 -1 -1 2820 2820
3202 CONNECTION 277 128 -1 -1 3540 3540
3203 CONNECTION 277 302 -1 -1 3660 3660
3204 CONNECTION 277 47 300 2520 4620 4620
3205 CONNECTION 277 249 300 3240 5340 5340
3206 CONNECTION 277 354 300 3180 5280 5280
3207 CONNECTION 277 189 300 4320 6420 6420
3208 CONNECTION 277 130 300 5040 7140 7140
3209 CONNECTION 277 19 300 5160 7260 7260
3210 CONNECTION 328 352 -1 -1 3240 3240
3211 CONNECTION 328 379 -1 -1 2340 2340
3212 CONNECTION 328 98 -1 -1 4140 4140
3213 CONNECTION 328 70 300 4740 6840 6840
3214 CONNECTION 328 219 300 3840 5940 5940
3215 CONNECTION 328 382 300 5640 7740 7740
3216 CONNECTION 378 247 -1 -1 1860 1860
3217 CONNECTION 378 69 -1 -1 1800 1800
3218 CONNECTION 378 329 -1 -1 2940 2940
3219 CONNECTION 378 128 -1 -1 3660 3660
3220 CONNECTION 378 302 300 1680 3780 3780
3221 CONNECTION 378 47 300 2640 4740 4740
3222 CONNECTION 378 249 300 3360 5460 5460
3223 CONNECTION 378 354 300 3300 5400 5400
3224 CONNECTION 378 189 300 4440 6540 6540
3225 CONNECTION 378 130 300 5160 7260 7260
3226 CONNECTION 378 19 300 5280 7380 7380
3227 CONNECTION 16 17 -1 -1 2460 2460
3228 CONNECTION 16 157 -1 -1 1740 1740
3229 CONNECTION 16 248 -1 -1 3660 3660
3230 CONNECTION 16 279 -1 -1 3540 3540
3231 CONNECTION 16 129 300 3360 5460 5460
3232 CONNECTION 16 303 300 3960 6060 6060
3233 CONNECTION 16 353 300 2400 4500 4500
3234 CONNECTION 16 159 300 3240 5340 5340
3235 CONNECTION 16 250 300 5160 7260 7260
3236 CONNECTION 16 281 300 5040 7140 7140
3237 CONNECTION 16 131 300 6960 9060 9060
3238 CONNECTION 45 46 -1 -1 1320 1320
3239 CONNECTION 45 158 -1 -1 3600 3600
3240 CONNECTION 45 188 -1 -1 3120 3120
3241 CONNECTION 45 380 -1 -1 3600 3600
3242 CONNECTION 45 280 300 3300 5400 5400
3243 CONNECTION 45 331 300 2820 4920 4920
3244 CONNECTION 45 99 300 3300 5400 5400
3245 CONNECTION 45 160 300 5100 7200 7200
3246 CONNECTION 45 49 300 4620 6720 6720
3247 CONNECTION 45 220 300 5100 7200 7200
3248 CONNECTION 45 282 300 6900 9000 9000
3249 SINK 45 3 -1 -1 0 0
3250 CONNECTION 96 97 -1 -1 720 720
3251 CONNECTION 96 301 -1 -1 1860 1860
3252 CONNECTION 96 218 -1 -1 2520 2520
3253 CONNECTION 96 330 -1 -1 3600 3600
3254 CONNECTION 96 381 300 2220 4320 4320
3255 CONNECTION 96 48 300 3300 5400 5400
3256 CONNECTION 96 18 300 3360 5460 5460
3257 CONNECTION 96 100 300 4020 6120 6120
3258 CONNECTION 96 190 300 5100 7200 7200
3259 CONNECTION 216 217 -1 -1 1740 1740
3260 CONNECTION 216 158 -1 -1 3540 3540
3261 CONNECTION 216 188 -1 -1 3060 3060
3262 CONNECTION 216 380 -1 -1 3540 3540
3263 CONNECTION 216 280 300 3240 5340 5340
3264 CONNECTION 216 331 300 2760 4860 4860
3265 CONNECTION 216 99 300 3240 5340 5340
3266 CONNECTION 216 160 300 5040 7140 7140
3267 CONNECTION 216 49 300 4560 6660 6660
3268 CONNECTION 216 220 300 5040 7140 7140
3269 CONNECTION 216 282 300 6840 8940 8940
3270 SINK 216 3 -1 -1 0 0
3271 CONNECTION 127 158 -1 -1 2640 2640
3272 CONNECTION 127 188 -1 -1 2160 2160
3273 CONNECTION 127 380 -1 -1 2640 2640
3274 CONNECTION 127 280 -1 -1 4440 4440
3275 CONNECTION 127 331 -1 -1 3960 3960
3276 CONNECTION 127 99 -1 -1 4440 4440
3277 CONNECTION 127 160 300 4140 6240 6240
3278 CONNECTION 127 49 300 3660 5760 5760
3279 CONNECTION 127 220 300 4140 6240 6240
3280 CONNECTION 127 282 300 5940 8040 8040
3281 CONNECTION 127 191 300 5460 7560 7560
3282 CONNECTION 127 383 300 5940 8040 8040
3283 SINK 127 3 -1 -1 0 0
3284 CONNECTION 17 98 -1 -1 2100 2100
3285 CONNECTION 17 70 -1 -1 4800 4800
3286 CONNECTION 17 219 -1 -1 3900 3900
3287 CONNECTION 17 382 300 3600 5700 5700
3288 CONNECTION 17 355 300 6300 8400 8400
3289 CONNECTION 17 101 300 5400 7500 7500
3290 CONNECTION 68 69 -1 -1 720 720
3291 CONNECTION 68 329 -1 -1 1860 1860
3292 CONNECTION 68 128 -1 -1 2580 2580
3293 CONNECTION 68 302 -1 -1 2700 2700
3294 CONNECTION 68 47 300 1560 3660 3660
3295 CONNECTION 68 249 300 2280 4380 4380
3296 CONNECTION 68 354 300 2220 4320 4320
3297 CONNECTION 68 189 300 3360 5460 5460
3298 CONNECTION 68 130 300 4080 6180 6180
3299 CONNECTION 68 19 300 4200 6300 6300
3300 CONNECTION 68 332 300 5160 7260 7260
3301 CONNECTION 186 187 -1 -1 1740 1740
3302 CONNECTION 186 301 -1 -1 1800 1800
3303 CONNECTION 186 218 -1 -1 2460 2460
3304 CONNECTION 186 330 -1 -1 3540 3540
3305 CONNECTION 186 381 300 2160 4260 4260
3306 CONNECTION 186 48 300 3240 5340 5340
3307 CONNECTION 186 18 300 3300 5400 5400
3308 CONNECTION 186 100 300 3960 6060 6060
3309 CONNECTION 186 190 300 5040 7140 7140
3310 CONNECTION 278 279 -1 -1 840 840
3311 CONNECTION 278 129 -1 -1 2760 2760
3312 CONNECTION 278 303 -1 -1 3360 3360
3313 CONNECTION 278 353 -1 -1 1800 1800
3314 CONNECTION 278 159 -1 -1 2640 2640
3315 CONNECTION 278 250 -1 -1 4560 4560
3316 CONNECTION 278 281 300 2340 4440 4440
3317 CONNECTION 278 131 300 4260 6360 6360
3318 CONNECTION 278 20 300 4860 6960 6960
3319 CONNECTION 278 71 300 3300 5400 5400
3320 CONNECTION 278 161 300 4140 6240 6240
3321 CONNECTION 278 252 300 6060 8160 8160
3322 CONNECTION 247 248 -1 -1 1980 1980
3323 CONNECTION 247 279 -1 -1 1860 1860
3324 CONNECTION 247 129 -1 -1 3780 3780
3325 CONNECTION 247 303 -1 -1 4380 4380
3326 CONNECTION 247 353 -1 -1 2820 2820
3327 CONNECTION 247 159 -1 -1 3660 3660
3328 CONNECTION 247 250 300 3480 5580 5580
3329 CONNECTION 247 281 300 3360 5460 5460
3330 CONNECTION 247 131 300 5280 7380 7380
3331 CONNECTION 247 20 300 5880 7980 7980
3332 CONNECTION 247 71 300 4320 6420 6420
3333 CONNECTION 247 161 300 5160 7260 7260
3334 CONNECTION 46 98 -1 -1 2340 2340
3335 CONNECTION 46 70 -1 -1 5040 5040
3336 CONNECTION 46 219 -1 -1 4140 4140
3337 CONNECTION 46 382 300 3840 5940 5940
3338 CONNECTION 46 355 300 6540 8640 8640
3339 CONNECTION 46 101 300 5640 7740 7740
3340 CONNECTION 69 218 -1 -1 1800 1800
3341 CONNECTION 69 330 -1 -1 2880 2880
3342 CONNECTION 69 381 -1 -1 3600 3600
3343 CONNECTION 69 48 300 2580 4680 4680
3344 CONNECTION 69 18 300 2640 4740 4740
3345 CONNECTION 69 100 300 3300 5400 5400
3346 CONNECTION 69 190 300 4380 6480 6480
3347 CONNECTION 69 221 300 5100 7200 7200
3348 CONNECTION 69 333 300 6180 8280 8280
3349 CONNECTION 97 128 -1 -1 1860 1860
3350 CONNECTION 97 302 -1 -1 1980 1980
3351 CONNECTION 97 47 -1 -1 2940 2940
3352 CONNECTION 97 249 -1 -1 3660 3660
3353 CONNECTION 97 354 -1 -1 3600 3600
3354 CONNECTION 97 189 300 2640 4740 4740
3355 CONNECTION 97 130 300 3360 5460 5460
3356 CONNECTION 97 19 300 3480 5580 5580
3357 CONNECTION 97 332 300 4440 6540 6540
3358 CONNECTION 97 251 300 5160 7260 7260
3359 CONNECTION 97 72 300 5100 7200 7200
3360 CONNECTION 157 128 -1 -1 1740 1740
3361 CONNECTION 157 302 -1 -1 1860 1860
3362 CONNECTION 157 47 -1 -1 2820 2820
3363 CONNECTION 157 249 -1 -1 3540 3540
3364 CONNECTION 157 354 -1 -1 3480 3480
3365 CONNECTION 157 189 300 2520 4620 4620
3366 CONNECTION 157 130 300 3240 5340 5340
3367 CONNECTION 157 19 300 3360 5460 5460
3368 CONNECTION 157 332 300 4320 6420 6420
3369 CONNECTION 157 251 300 5040 7140 7140
3370 CONNECTION 157 72 300 4980 7080 7080
3371 CONNECTION 187 188 -1 -1 1320 1320
3372 CONNECTION 187 280 -1 -1 3600 3600
3373 CONNECTION 187 331 -1 -1 3120 3120
3374 CONNECTION 187 99 -1 -1 3600 3600
3375 CONNECTION 187 160 300 3300 5400 5400
3376 CONNECTION 187 49 300 2820 4920 4920
3377 CONNECTION 187 220 300 3300 5400 5400
3378 CONNECTION 187 282 300 5100 7200 7200
3379 CONNECTION 187 191 300 4620 6720 6720
3380 CONNECTION 187 383 300 5100 7200 7200
3381 CONNECTION 187 162 300 6900 9000 9000
3382 SINK 187 3 -1 -1 0 0
3383 CONNECTION 217 218 -1 -1 720 720
3384 CONNECTION 217 381 -1 -1 2520 2520
3385 CONNECTION 217 48 -1 -1 3600 3600
3386 CONNECTION 217 18 300 1560 3660 3660
3387 CONNECTION 217 100 300 2220 4320 4320
3388 CONNECTION 217 190 300 3300 5400 5400
3389 CONNECTION 217 221 300 4020 6120 6120
3390 CONNECTION 217 333 300 5100 7200 7200
3391 CONNECTION 217 304 300 5160 7260 7260
3392 CONNECTION 352 353 -1 -1 840 840
3393 CONNECTION 352 159 -1 -1 1680 1680
3394 CONNECTION 352 250 -1 -1 3600 3600
3395 CONNECTION 352 281 -1 -1 3480 3480
3396 CONNECTION 352 131 300 3300 5400 5400
3397 CONNECTION 352 20 300 3900 6000 6000
3398 CONNECTION 352 71 300 2340 4440 4440
3399 CONNECTION 352 161 300 3180 5280 5280
3400 CONNECTION 352 252 300 5100 7200 7200
3401 CONNECTION 352 283 300 4980 7080 7080
3402 CONNECTION 352 133 300 6900 9000 9000
3403 CONNECTION 379 380 -1 -1 1740 1740
3404 CONNECTION 379 280 -1 -1 3540 3540
3405 CONNECTION 379 331 -1 -1 3060 3060
3406 CONNECTION 379 99 -1 -1 3540 3540
3407 CONNECTION 379 160 300 3240 5340 5340
3408 CONNECTION 379 49 300 2760 4860 4860
3409 CONNECTION 379 220 300 3240 5340 5340
3410 CONNECTION 379 282 300 5040 7140 7140
3411 CONNECTION 379 191 300 4560 6660 6660
3412 CONNECTION 379 383 300 5040 7140 7140
3413 CONNECTION 379 162 300 6840 8940 8940
3414 SINK 379 3 -1 -1 0 0
3415 CONNECTION 248 280 -1 -1 2640 2640
3416 CONNECTION 248 331 -1 -1 2160 2160
3417 CONNECTION 248 99 -1 -1 2640 2640
3418 CONNECTION 248 160 -1 -1 4440 4440
3419 CONNECTION 248 49 -1 -1 3960 3960
3420 CONNECTION 248 220 -1 -1 4440 4440
3421 CONNECTION 248 282 300 4140 6240 6240
3422 CONNECTION 248 191 300 3660 5760 5760
3423 CONNECTION 248 383 300 4140 6240 6240
3424 CONNECTION 248 162 300 5940 8040 8040
3425 SINK 248 3 -1 -1 0 0
3426 CONNECTION 301 302 -1 -1 840 840
3427 CONNECTION 301 47 -1 -1 1800 1800
3428 CONNECTION 301 249 -1 -1 2520 2520
3429 CONNECTION 301 354 -1 -1 2460 2460
3430 CONNECTION 301 189 -1 -1 3600 3600
3431 CONNECTION 301 130 300 2220 4320 4320
3432 CONNECTION 301 19 300 2340 4440 4440
3433 CONNECTION 301 332 300 3300 5400 5400
3434 CONNECTION 301 251 300 4020 6120 6120
3435 CONNECTION 301 72 300 3960 6060 6060
3436 CONNECTION 301 50 300 5100 7200 7200
3437 CONNECTION 301 132 300 5820 7920 7920
3438 CONNECTION 329 330 -1 -1 1740 1740
3439 CONNECTION 329 381 -1 -1 2460 2460
3440 CONNECTION 329 48 -1 -1 3540 3540
3441 CONNECTION 329 18 -1 -1 3600 3600
3442 CONNECTION 329 100 300 2160 4260 4260
3443 CONNECTION 329 190 300 3240 5340 5340
3444 CONNECTION 329 221 300 3960 6060 6060
3445 CONNECTION 329 333 300 5040 7140 7140
3446 CONNECTION 329 304 300 5100 7200 7200
3447 CONNECTION 158 159 -1 -1 840 840
3448 CONNECTION 158 250 -1 -1 2760 2760
3449 CONNECTION 158 281 -1 -1 2640 2640
3450 CONNECTION 158 131 -1 -1 4560 4560
3451 CONNECTION 158 20 -1 -1 5160 5160
3452 CONNECTION 158 71 -1 -1 3600 3600
3453 CONNECTION 158 161 300 2340 4440 4440
3454 CONNECTION 158 252 300 4260 6360 6360
3455 CONNECTION 158 283 300 4140 6240 6240
3456 CONNECTION 158 133 300 6060 8160 8160
3457 CONNECTION 128 129 -1 -1 1980 1980
3458 CONNECTION 128 159 -1 -1 1860 1860
3459 CONNECTION 128 250 -1 -1 3780 3780
3460 CONNECTION 128 281 -1 -1 3660 3660
3461 CONNECTION 128 131 300 3480 5580 5580
3462 CONNECTION 128 20 300 4080 6180 6180
3463 CONNECTION 128 71 300 2520 4620 4620
3464 CONNECTION 128 161 300 3360 5460 5460
3465 CONNECTION 128 252 300 5280 7380 7380
3466 CONNECTION 128 283 300 5160 7260 7260
3467 CONNECTION 188 70 -1 -1 3240 3240
3468 CONNECTION 188 219 -1 -1 2340 2340
3469 CONNECTION 188 382 -1 -1 4140 4140
3470 CONNECTION 188 355 300 4740 6840 6840
3471 CONNECTION 188 101 300 3840 5940 5940
3472 CONNECTION 188 222 300 5640 7740 7740
3473 CONNECTION 218 249 -1 -1 1860 1860
3474 CONNECTION 218 354 -1 -1 1800 1800
3475 CONNECTION 218 189 -1 -1 2940 2940
3476 CONNECTION 218 130 -1 -1 3660 3660
3477 CONNECTION 218 19 300 1680 3780 3780
3478 CONNECTION 218 332 300 2640 4740 4740
3479 CONNECTION 218 251 300 3360 5460 5460
3480 CONNECTION 218 72 300 3300 5400 5400
3481 CONNECTION 218 50 300 4440 6540 6540
3482 CONNECTION 218 132 300 5160 7260 7260
3483 CONNECTION 218 305 300 5280 7380 7380
3484 CONNECTION 279 249 -1 -1 1740 1740
3485 CONNECTION 279 354 -1 -1 1680 1680
3486 CONNECTION 279 189 -1 -1 2820 2820
3487 CONNECTION 279 130 -1 -1 3540 3540
3488 CONNECTION 279 19 -1 -1 3660 3660
3489 CONNECTION 279 332 300 2520 4620 4620
3490 CONNECTION 279 251 300 3240 5340 5340
3491 CONNECTION 279 72 300 3180 5280 5280
3492 CONNECTION 279 50 300 4320 6420 6420
3493 CONNECTION 279 132 300 5040 7140 7140
3494 CONNECTION 279 305 300 5160 7260 7260
3495 CONNECTION 302 303 -1 -1 2460 2460
3496 CONNECTION 302 159 -1 -1 1740 1740
3497 CONNECTION 302 250 -1 -1 3660 3660
3498 CONNECTION 302 281 -1 -1 3540 3540
3499 CONNECTION 302 131 300 3360 5460 5460
3500 CONNECTION 302 20 300 3960 6060 6060
3501 CONNECTION 302 71 300 2400 4500 4500
3502 CONNECTION 302 161 300 3240 5340 5340
3503 CONNECTION 302 252 300 5160 7260 7260
3504 CONNECTION 302 283 300 5040 7140 7140
3505 CONNECTION 302 133 300 6960 9060 9060
3506 CONNECTION 330 331 -1 -1 1320 1320
3507 CONNECTION 330 160 -1 -1 3600 3600
3508 CONNECTION 330 49 -1 -1 3120 3120
3509 CONNECTION 330 220 -1 -1 3600 3600
3510 CONNECTION 330 282 300 3300 5400 5400
3511 CONNECTION 330 191 300 2820 4920 4920
3512 CONNECTION 330 383 300 3300 5400 5400
3513 CONNECTION 330 162 300 5100 7200 7200
3514 SINK 330 3 -1 -1 0 0
3515 CONNECTION 380 381 -1 -1 720 720
3516 CONNECTION 380 18 -1 -1 1860 1860
3517 CONNECTION 380 100 -1 -1 2520 2520
3518 CONNECTION 380 190 -1 -1 3600 3600
3519 CONNECTION 380 221 300 2220 4320 4320
3520 CONNECTION 380 333 300 3300 5400 5400
3521 CONNECTION 380 304 300 3360 5460 5460
3522 CONNECTION 380 384 300 4020 6120 6120
3523 CONNECTION 380 51 300 5100 7200 7200
3524 CONNECTION 98 99 -1 -1 1740 1740
3525 CONNECTION 98 160 -1 -1 3540 3540
3526 CONNECTION 98 49 -1 -1 3060 3060
3527 CONNECTION 98 220 -1 -1 3540 3540
3528 CONNECTION 98 282 300 3240 5340 5340
3529 CONNECTION 98 191 300 2760 4860 4860
3530 CONNECTION 98 383 300 3240 5340 5340
3531 CONNECTION 98 162 300 5040 7140 7140
3532 SINK 98 3 -1 -1 0 0
3533 CONNECTION 129 160 -1 -1 2640 2640
3534 CONNECTION 129 49 -1 -1 2160 2160
3535 CONNECTION 129 220 -1 -1 2640 2640
3536 CONNECTION 129 282 -1 -1 4440 4440
3537 CONNECTION 129 191 -1 -1 3960 3960
3538 CONNECTION 129 383 -1 -1 4440 4440
3539 CONNECTION 129 162 300 4140 6240 6240
3540 SINK 129 3 -1 -1 0 0
3541 CONNECTION 303 382 -1 -1 2100 2100
3542 CONNECTION 303 355 -1 -1 4800 4800
3543 CONNECTION 303 101 -1 -1 3900 3900
3544 CONNECTION 303 222 300 3600 5700 5700
3545 CONNECTION 353 354 -1 -1 720 720
3546 CONNECTION 353 189 -1 -1 1860 1860
3547 CONNECTION 353 130 -1 -1 2580 2580
3548 CONNECTION 353 19 -1 -1 2700 2700
3549 CONNECTION 353 332 300 1560 3660 3660
3550 CONNECTION 353 251 300 2280 4380 4380
3551 CONNECTION 353 72 300 2220 4320 4320
3552 CONNECTION 353 50 300 3360 5460 5460
3553 CONNECTION 353 132 300 4080 6180 6180
3554 CONNECTION 353 305 300 4200 6300 6300
3555 CONNECTION 353 192 300 5160 7260 7260
3556 CONNECTION 47 48 -1 -1 1740 1740
3557 CONNECTION 47 18 -1 -1 1800 1800
3558 CONNECTION 47 100 -1 -1 2460 2460
3559 CONNECTION 47 190 -1 -1 3540 3540
3560 CONNECTION 47 221 300 2160 4260 4260
3561 CONNECTION 47 333 300 3240 5340 5340
3562 CONNECTION 47 304 300 3300 5400 5400
3563 CONNECTION 47 384 300 3960 6060 6060
3564 CONNECTION 47 51 300 5040 7140 7140
3565 CONNECTION 280 281 -1 -1 840 840
3566 CONNECTION 280 131 -1 -1 2760 2760
3567 CONNECTION 280 20 -1 -1 3360 3360
3568 CONNECTION 280 71 -1 -1 1800 1800
3569 CONNECTION 280 161 -1 -1 2640 2640
3570 CONNECTION 280 252 -1 -1 4560 4560
3571 CONNECTION 280 283 300 2340 4440 4440
3572 CONNECTION 280 133 300 4260 6360 6360
3573 CONNECTION 280 254 300 6060 8160 8160
3574 CONNECTION 249 250 -1 -1 1980 1980
3575 CONNECTION 249 281 -1 -1 1860 1860
3576 CONNECTION 249 131 -1 -1 3780 3780
3577 CONNECTION 249 20 -1 -1 4380 4380
3578 CONNECTION 249 71 -1 -1 2820 2820
3579 CONNECTION 249 161 -1 -1 3660 3660
3580 CONNECTION 249 252 300 3480 5580 5580
3581 CONNECTION 249 283 300 3360 5460 5460
3582 CONNECTION 249 133 300 5280 7380 7380
3583 CONNECTION 159 130 -1 -1 1740 1740
3584 CONNECTION 159 19 -1 -1 1860 1860
3585 CONNECTION 159 332 -1 -1 2820 2820
3586 CONNECTION 159 251 -1 -1 3540 3540
3587 CONNECTION 159 72 -1 -1 3480 3480
3588 CONNECTION 159 50 300 2520 4620 4620
3589 CONNECTION 159 132 300 3240 5340 5340
3590 CONNECTION 159 305 300 3360 5460 5460
3591 CONNECTION 159 192 300 4320 6420 6420
3592 CONNECTION 159 253 300 5040 7140 7140
3593 CONNECTION 331 382 -1 -1 2340 2340
3594 CONNECTION 331 355 -1 -1 5040 5040
3595 CONNECTION 331 101 -1 -1 4140 4140
3596 CONNECTION 331 222 300 3840 5940 5940
3597 CONNECTION 354 100 -1 -1 1800 1800
3598 CONNECTION 354 190 -1 -1 2880 2880
3599 CONNECTION 354 221 -1 -1 3600 3600
3600 CONNECTION 354 333 300 2580 4680 4680
3601 CONNECTION 354 304 300 2640 4740 4740
3602 CONNECTION 354 384 300 3300 5400 5400
3603 CONNECTION 354 51 300 4380 6480 6480
3604 CONNECTION 354 193 300 6180 8280 8280
3605 CONNECTION 381 130 -1 -1 1860 1860
3606 CONNECTION 381 19 -1 -1 1980 1980
3607 CONNECTION 381 332 -1 -1 2940 2940
3608 CONNECTION 381 251 -1 -1 3660 3660
3609 CONNECTION 381 72 -1 -1 3600 3600
3610 CONNECTION 381 50 300 2640 4740 4740
3611 CONNECTION 381 132 300 3360 5460 5460
3612 CONNECTION 381 305 300 3480 5580 5580
3613 CONNECTION 381 192 300 4440 6540 6540
3614 CONNECTION 381 253 300 5160 7260 7260
3615 CONNECTION 48 49 -1 -1 1320 1320
3616 CONNECTION 48 282 -1 -1 3600 3600
3617 CONNECTION 48 191 -1 -1 3120 3120
3618 CONNECTION 48 383 -1 -1 3600 3600
3619 CONNECTION 48 162 300 3300 5400 5400
3620 SINK 48 3 -1 -1 0 0
3621 CONNECTION 99 100 -1 -1 720 720
3622 CONNECTION 99 221 -1 -1 2520 2520
3623 CONNECTION 99 333 -1 -1 3600 3600
3624 CONNECTION 99 304 300 1560 3660 3660
3625 CONNECTION 99 384 300 2220 4320 4320
3626 CONNECTION 99 51 300 3300 5400 5400
3627 CONNECTION 99 193 300 5100 7200 7200
3628 CONNECTION 70 71 -1 -1 840 840
3629 CONNECTION 70 161 -1 -1 1680 1680
3630 CONNECTION 70 252 -1 -1 3600 3600
3631 CONNECTION 70 283 -1 -1 3480 3480
3632 CONNECTION 70 133 300 3300 5400 5400
3633 CONNECTION 70 254 300 5100 7200 7200
3634 CONNECTION 219 220 -1 -1 1740 1740
3635 CONNECTION 219 282 -1 -1 3540 3540
3636 CONNECTION 219 191 -1 -1 3060 3060
3637 CONNECTION 219 383 -1 -1 3540 3540
3638 CONNECTION 219 162 300 3240 5340 5340
3639 SINK 219 3 -1 -1 0 0
3640 CONNECTION 250 282 -1 -1 2640 2640
3641 CONNECTION 250 191 -1 -1 2160 2160
3642 CONNECTION 250 383 -1 -1 2640 2640
3643 CONNECTION 250 162 -1 -1 4440 4440
3644 SINK 250 3 -1 -1 0 0
3645 CONNECTION 18 19 -1 -1 840 840
3646 CONNECTION 18 332 -1 -1 1800 1800
3647 CONNECTION 18 251 -1 -1 2520 2520
3648 CONNECTION 18 72 -1 -1 2460 2460
3649 CONNECTION 18 50 -1 -1 3600 3600
3650 CONNECTION 18 132 300 2220 4320 4320
3651 CONNECTION 18 305 300 2340 4440 4440
3652 CONNECTION 18 192 300 3300 5400 5400
3653 CONNECTION 18 253 300 4020 6120 6120
3654 CONNECTION 189 190 -1 -1 1740 1740
3655 CONNECTION 189 221 -1 -1 2460 2460
3656 CONNECTION 189 333 -1 -1 3540 3540
3657 CONNECTION 189 304 -1 -1 3600 3600
3658 CONNECTION 189 384 300 2160 4260 4260
3659 CONNECTION 189 51 300 3240 5340 5340
3660 CONNECTION 189 193 300 5040 7140 7140
3661 CONNECTION 160 161 -1 -1 840 840
3662 CONNECTION 160 252 -1 -1 2760 2760
3663 CONNECTION 160 283 -1 -1 2640 2640
3664 CONNECTION 160 133 -1 -1 4560 4560
3665 CONNECTION 160 254 300 4260 6360 6360
3666 CONNECTION 130 131 -1 -1 1980 1980
3667 CONNECTION 130 161 -1 -1 1860 1860
3668 CONNECTION 130 252 -1 -1 3780 3780
3669 CONNECTION 130 283 -1 -1 3660 3660
3670 CONNECTION 130 133 300 3480 5580 5580
3671 CONNECTION 130 254 300 5280 7380 7380
3672 CONNECTION 49 355 -1 -1 3240 3240
3673 CONNECTION 49 101 -1 -1 2340 2340
3674 CONNECTION 49 222 -1 -1 4140 4140
3675 CONNECTION 100 251 -1 -1 1860 1860
3676 CONNECTION 100 72 -1 -1 1800 1800
3677 CONNECTION 100 50 -1 -1 2940 2940
3678 CONNECTION 100 132 -1 -1 3660 3660
3679 CONNECTION 100 305 300 1680 3780 3780
3680 CONNECTION 100 192 300 2640 4740 4740
3681 CONNECTION 100 253 300 3360 5460 5460
3682 CONNECTION 281 251 -1 -1 1740 1740
3683 CONNECTION 281 72 -1 -1 1680 1680
3684 CONNECTION 281 50 -1 -1 2820 2820
3685 CONNECTION 281 132 -1 -1 3540 3540
3686 CONNECTION 281 305 -1 -1 3660 3660
3687 CONNECTION 281 192 300 2520 4620 4620
3688 CONNECTION 281 253 300 3240 5340 5340
3689 CONNECTION 19 20 -1 -1 2460 2460
3690 CONNECTION 19 161 -1 -1 1740 1740
3691 CONNECTION 19 252 -1 -1 3660 3660
3692 CONNECTION 19 283 -1 -1 3540 3540
3693 CONNECTION 19 133 300 3360 5460 5460
3694 CONNECTION 19 254 300 5160 7260 7260
3695 CONNECTION 190 191 -1 -1 1320 1320
3696 CONNECTION 190 162 -1 -1 3600 3600
3697 SINK 190 3 -1 -1 0 0
3698 CONNECTION 220 221 -1 -1 720 720
3699 CONNECTION 220 304 -1 -1 1860 1860
3700 CONNECTION 220 384 -1 -1 2520 2520
3701 CONNECTION 220 51 -1 -1 3600 3600
3702 CONNECTION 220 193 300 3300 5400 5400
3703 CONNECTION 382 383 -1 -1 1740 1740
3704 CONNECTION 382 162 -1 -1 3540 3540
3705 SINK 382 3 -1 -1 0 0
3706 CONNECTION 131 162 -1 -1 2640 2640
3707 SINK 131 3 -1 -1 0 0
3708 CONNECTION 20 222 -1 -1 2100 2100
3709 CONNECTION 71 72 -1 -1 720 720
3710 CONNECTION 71 50 -1 -1 1860 1860
3711 CONNECTION 71 132 -1 -1 2580 2580
3712 CONNECTION 71 305 -1 -1 2700 2700
3713 CONNECTION 71 192 300 1560 3660 3660
3714 CONNECTION 71 253 300 2280 4380 4380
3715 CONNECTION 332 333 -1 -1 1740 1740
3716 CONNECTION 332 304 -1 -1 1800 1800
3717 CONNECTION 332 384 -1 -1 2460 2460
3718 CONNECTION 332 51 -1 -1 3540 3540
3719 CONNECTION 332 193 300 3240 5340 5340
3720 CONNECTION 282 283 -1 -1 840 840
3721 CONNECTION 282 133 -1 -1 2760 2760
3722 CONNECTION 282 254 -1 -1 4560 4560
3723 CONNECTION 251 252 -1 -1 1980 1980
3724 CONNECTION 251 283 -1 -1 1860 1860
3725 CONNECTION 251 133 -1 -1 3780 3780
3726 CONNECTION 251 254 300 3480 5580 5580
3727 CONNECTION 72 384 -1 -1 1800 1800
3728 CONNECTION 72 51 -1 -1 2880 2880
3729 CONNECTION 72 193 300 2580 4680 4680
3730 CONNECTION 161 132 -1 -1 1740 1740
3731 CONNECTION 161 305 -1 -1 1860 1860
3732 CONNECTION 161 192 -1 -1 2820 2820
3733 CONNECTION 161 253 -1 -1 3540 3540
3734 CONNECTION 191 222 -1 -1 2340 2340
3735 CONNECTION 221 132 -1 -1 1860 1860
3736 CONNECTION 221 305 -1 -1 1980 1980
3737 CONNECTION 221 192 -1 -1 2940 2940
3738 CONNECTION 221 253 -1 -1 3660 3660
3739 SINK 333 3 -1 -1 0 0
3740 CONNECTION 383 384 -1 -1 720 720
3741 CONNECTION 383 193 -1 -1 3600 3600
3742 CONNECTION 355 254 -1 -1 3600 3600
3743 SINK 101 3 -1 -1 0 0
3744 SINK 252 3 -1 -1 0 0
3745 CONNECTION 50 51 -1 -1 1740 1740
3746 CONNECTION 50 193 -1 -1 3540 3540
3747 CONNECTION 304 305 -1 -1 840 840
3748 CONNECTION 304 192 -1 -1 1800 1800
3749 CONNECTION 304 253 -1 -1 2520 2520
3750 CONNECTION 162 254 -1 -1 2760 2760
3751 CONNECTION 132 133 -1 -1 1980 1980
3752 CONNECTION 132 254 -1 -1 3780 3780
3753 CONNECTION 283 253 -1 -1 1740 1740
3754 CONNECTION 384 253 -1 -1 1860 1860
3755 SINK 51 3 -1 -1 0 0
3756 CONNECTION 305 254 -1 -1 3660 3660
3757 SINK 222 3 -1 -1 0 0
3758 SINK 133 3 -1 -1 0 0
3759 CONNECTION 192 193 -1 -1 1740 1740
3760 CONNECTION 253 254 -1 -1 1980 1980
3761 SINK 193 3 -1 -1 0 0
3762 SINK 254 3 -1 -1 0 0
