0 SOURCE 0 0 -1 -1 2400 31200
1 SOURCE 0 20 -1 -1 2160 30960
2 SOURCE 0 40 -1 -1 2400 31200
3 SOURCE 0 60 -1 -1 2160 30960
4 SOURCE 0 80 -1 -1 2400 31200
5 SOURCE 0 100 -1 -1 2160 30960
6 SOURCE 0 120 -1 -1 2400 31200
7 SOURCE 0 139 -1 -1 2160 30960
8 SOURCE 0 157 -1 -1 2400 31200
9 SOURCE 0 175 -1 -1 2160 30960
10 SOURCE 0 193 -1 -1 2400 31200
11 SOURCE 0 211 -1 -1 2160 30960
12 SOURCE 0 229 -1 -1 2400 31200
13 SOURCE 0 2 -1 -1 2160 30960
14 SOURCE 0 22 -1 -1 2400 31200
15 SOURCE 0 42 -1 -1 2160 30960
16 SOURCE 0 62 -1 -1 2400 31200
17 SOURCE 0 82 -1 -1 2160 30960
18 SOURCE 0 102 -1 -1 2400 31200
19 SOURCE 0 122 -1 -1 2160 30960
20 SOURCE 0 141 -1 -1 2400 31200
21 SOURCE 0 159 -1 -1 2160 30960
22 SOURCE 0 177 -1 -1 2400 31200
23 SOURCE 0 195 -1 -1 2160 30960
24 SOURCE 0 213 -1 -1 2400 31200
25 SOURCE 0 4 -1 -1 2160 30960
26 SOURCE 0 231 -1 -1 2160 30960
27 SOURCE 0 24 -1 -1 2400 31200
28 SOURCE 0 44 -1 -1 2160 30960
29 SOURCE 0 64 -1 -1 2400 31200
30 SOURCE 0 84 -1 -1 2160 30960
31 SOURCE 0 104 -1 -1 2400 31200
32 SOURCE 0 124 -1 -1 2160 30960
33 SOURCE 0 143 -1 -1 2400 31200
34 SOURCE 0 161 -1 -1 2160 30960
35 SOURCE 0 179 -1 -1 2400 31200
36 SOURCE 0 197 -1 -1 2160 30960
37 SOURCE 0 215 -1 -1 2400 31200
38 SOURCE 0 6 -1 -1 2160 30960
39 SOURCE 0 26 -1 -1 2400 31200
40 SOURCE 0 46 -1 -1 2160 30960
41 SOURCE 0 66 -1 -1 2400 31200
42 SOURCE 0 86 -1 -1 2160 30960
43 SOURCE 0 106 -1 -1 2400 31200
44 SOURCE 0 126 -1 -1 2160 30960
45 SOURCE 0 145 -1 -1 2400 31200
46 SOURCE 0 163 -1 -1 2160 30960
47 SOURCE 0 181 -1 -1 2400 31200
48 SOURCE 0 199 -1 -1 2160 30960
49 SOURCE 0 217 -1 -1 2400 31200
50 SOURCE 0 8 -1 -1 2160 30960
51 SOURCE 0 28 -1 -1 2400 31200
52 SOURCE 0 48 -1 -1 2160 30960
53 SOURCE 0 68 -1 -1 2400 31200
54 SOURCE 0 88 -1 -1 2160 30960
55 SOURCE 0 108 -1 -1 2400 31200
56 SOURCE 0 128 -1 -1 2160 30960
57 SOURCE 0 147 -1 -1 2400 31200
58 SOURCE 0 165 -1 -1 2160 30960
59 SOURCE 0 183 -1 -1 2400 31200
60 SOURCE 0 201 -1 -1 2160 30960
61 SOURCE 0 219 -1 -1 2400 31200
62 SOURCE 0 10 -1 -1 2160 30960
63 SOURCE 0 30 -1 -1 2400 31200
64 SOURCE 0 50 -1 -1 2160 30960
65 SOURCE 0 70 -1 -1 2400 31200
66 SOURCE 0 90 -1 -1 2160 30960
67 SOURCE 0 110 -1 -1 2400 31200
68 SOURCE 0 130 -1 -1 2160 30960
69 SOURCE 0 149 -1 -1 2400 31200
70 SOURCE 0 167 -1 -1 2160 30960
71 SOURCE 0 185 -1 -1 2400 31200
72 SOURCE 0 203 -1 -1 2160 30960
73 SOURCE 0 221 -1 -1 2400 31200
74 SOURCE 0 12 -1 -1 2160 30960
75 SOURCE 0 32 -1 -1 2400 31200
76 SOURCE 0 52 -1 -1 2160 30960
77 SOURCE 0 72 -1 -1 2400 31200
78 SOURCE 0 92 -1 -1 2160 30960
79 SOURCE 0 112 -1 -1 2400 31200
80 SOURCE 0 132 -1 -1 2160 30960
81 SOURCE 0 151 -1 -1 2400 31200
82 SOURCE 0 169 -1 -1 2160 30960
83 SOURCE 0 187 -1 -1 2400 31200
84 SOURCE 0 205 -1 -1 2160 30960
85 SOURCE 0 223 -1 -1 2400 31200
86 SOURCE 0 14 -1 -1 2160 30960
87 SOURCE 0 34 -1 -1 2400 31200
88 SOURCE 0 54 -1 -1 2160 30960
89 SOURCE 0 74 -1 -1 2400 31200
90 SOURCE 0 94 -1 -1 2160 30960
91 SOURCE 0 114 -1 -1 2400 31200
92 SOURCE 0 134 -1 -1 2160 30960
93 SOURCE 0 153 -1 -1 2400 31200
94 SOURCE 0 171 -1 -1 2160 30960
95 SOURCE 0 189 -1 -1 2400 31200
96 SOURCE 0 207 -1 -1 2160 30960
97 SOURCE 0 225 -1 -1 2400 31200
98 SOURCE 0 16 -1 -1 2160 30960
99 SOURCE 0 36 -1 -1 2400 31200
100 SOURCE 0 56 -1 -1 2160 30960
101 SOURCE 0 76 -1 -1 2400 31200
102 SOURCE 0 96 -1 -1 2160 30960
103 SOURCE 0 116 -1 -1 2400 31200
104 SOURCE 0 136 -1 -1 2160 30960
105 SOURCE 0 155 -1 -1 2400 31200
106 SOURCE 0 173 -1 -1 2160 30960
107 SOURCE 0 191 -1 -1 2400 31200
108 SOURCE 0 209 -1 -1 2160 30960
109 SOURCE 0 227 -1 -1 2400 31200
110 SOURCE 0 18 -1 -1 2160 30960
111 SOURCE 0 38 -1 -1 2400 31200
112 SOURCE 0 58 -1 -1 2160 30960
113 SOURCE 0 78 -1 -1 2400 31200
114 SOURCE 0 98 -1 -1 2160 30960
115 SOURCE 0 118 -1 -1 2400 31200
116 CONNECTION 0 1 -1 -1 3300 3300
117 CONNECTION 0 41 -1 -1 4200 4200
118 CONNECTION 0 81 -1 -1 5100 5100
119 CONNECTION 0 121 300 3900 6000 6000
120 CONNECTION 0 158 300 4800 6900 6900
121 CONNECTION 0 194 300 5700 7800 7800
122 CONNECTION 0 3 300 6600 8700 8700
123 CONNECTION 0 230 300 6600 8700 8700
124 CONNECTION 0 43 300 7500 9600 9600
125 CONNECTION 20 21 -1 -1 3600 3600
126 CONNECTION 20 61 -1 -1 4500 4500
127 CONNECTION 20 101 300 3300 5400 5400
128 CONNECTION 20 140 300 4200 6300 6300
129 CONNECTION 20 176 300 5100 7200 7200
130 CONNECTION 20 212 300 6000 8100 8100
131 CONNECTION 20 23 300 6900 9000 9000
132 CONNECTION 40 41 -1 -1 3300 3300
133 CONNECTION 40 81 -1 -1 4200 4200
134 CONNECTION 40 121 -1 -1 5100 5100
135 CONNECTION 40 158 300 3900 6000 6000
136 CONNECTION 40 194 300 4800 6900 6900
137 CONNECTION 40 3 300 5700 7800 7800
138 CONNECTION 40 230 300 5700 7800 7800
139 CONNECTION 40 43 300 6600 8700 8700
140 CONNECTION 40 83 300 7500 9600 9600
141 CONNECTION 60 61 -1 -1 3600 3600
142 CONNECTION 60 101 -1 -1 4500 4500
143 CONNECTION 60 140 300 3300 5400 5400
144 CONNECTION 60 176 300 4200 6300 6300
145 CONNECTION 60 212 300 5100 7200 7200
146 CONNECTION 60 23 300 6000 8100 8100
147 CONNECTION 60 63 300 6900 9000 9000
148 CONNECTION 80 81 -1 -1 3300 3300
149 CONNECTION 80 121 -1 -1 4200 4200
150 CONNECTION 80 158 -1 -1 5100 5100
151 CONNECTION 80 194 300 3900 6000 6000
152 CONNECTION 80 3 300 4800 6900 6900
153 CONNECTION 80 230 300 4800 6900 6900
154 CONNECTION 80 43 300 5700 7800 7800
155 CONNECTION 80 83 300 6600 8700 8700
156 CONNECTION 80 123 300 7500 9600 9600
157 CONNECTION 100 101 -1 -1 3600 3600
158 CONNECTION 100 140 -1 -1 4500 4500
159 CONNECTION 100 176 300 3300 5400 5400
160 CONNECTION 100 212 300 4200 6300 6300
161 CONNECTION 100 23 300 5100 7200 7200
162 CONNECTION 100 63 300 6000 8100 8100
163 CONNECTION 100 103 300 6900 9000 9000
164 CONNECTION 120 121 -1 -1 3300 3300
165 CONNECTION 120 158 -1 -1 4200 4200
166 CONNECTION 120 194 -1 -1 5100 5100
167 CONNECTION 120 3 300 3900 6000 6000
168 CONNECTION 120 230 300 3900 6000 6000
169 CONNECTION 120 43 300 4800 6900 6900
170 CONNECTION 120 83 300 5700 7800 7800
171 CONNECTION 120 123 300 6600 8700 8700
172 CONNECTION 120 160 300 7500 9600 9600
173 CONNECTION 139 140 -1 -1 3600 3600
174 CONNECTION 139 176 -1 -1 4500 4500
175 CONNECTION 139 212 300 3300 5400 5400
176 CONNECTION 139 23 300 4200 6300 6300
177 CONNECTION 139 63 300 5100 7200 7200
178 CONNECTION 139 103 300 6000 8100 8100
179 CONNECTION 139 142 300 6900 9000 9000
180 CONNECTION 1 2 -1 -1 2280 2280
181 CONNECTION 1 22 -1 -1 3000 3000
182 CONNECTION 1 42 -1 -1 3180 3180
183 CONNECTION 1 62 -1 -1 3900 3900
184 CONNECTION 1 82 -1 -1 4080 4080
185 CONNECTION 1 102 -1 -1 4800 4800
186 CONNECTION 1 122 -1 -1 4980 4980
187 CONNECTION 1 141 300 3600 5700 5700
188 CONNECTION 1 159 300 3780 5880 5880
189 CONNECTION 1 177 300 4500 6600 6600
190 CONNECTION 1 195 300 4680 6780 6780
191 CONNECTION 1 213 300 5400 7500 7500
192 CONNECTION 1 4 300 5580 7680 7680
193 CONNECTION 1 231 300 5580 7680 7680
194 CONNECTION 1 24 300 6300 8400 8400
195 CONNECTION 1 44 300 6480 8580 8580
196 CONNECTION 1 64 300 7200 9300 9300
197 SINK 1 0 -1 -1 0 0
198 CONNECTION 157 158 -1 -1 3300 3300
199 CONNECTION 157 194 -1 -1 4200 4200
200 CONNECTION 157 3 -1 -1 5100 5100
201 CONNECTION 157 230 -1 -1 5100 5100
202 CONNECTION 157 43 300 3900 6000 6000
203 CONNECTION 157 83 300 4800 6900 6900
204 CONNECTION 157 123 300 5700 7800 7800
205 CONNECTION 157 160 300 6600 8700 8700
206 CONNECTION 157 196 300 7500 9600 9600
207 CONNECTION 21 22 -1 -1 2520 2520
208 CONNECTION 21 62 -1 -1 3420 3420
209 CONNECTION 21 82 -1 -1 3600 3600
210 CONNECTION 21 102 -1 -1 4320 4320
211 CONNECTION 21 122 -1 -1 4500 4500
212 CONNECTION 21 141 -1 -1 5220 5220
213 CONNECTION 21 159 300 3300 5400 5400
214 CONNECTION 21 177 300 4020 6120 6120
215 CONNECTION 21 195 300 4200 6300 6300
216 CONNECTION 21 213 300 4920 7020 7020
217 CONNECTION 21 4 300 5100 7200 7200
218 CONNECTION 21 231 300 5100 7200 7200
219 CONNECTION 21 24 300 5820 7920 7920
220 CONNECTION 21 44 300 6000 8100 8100
221 CONNECTION 21 64 300 6720 8820 8820
222 CONNECTION 21 84 300 6900 9000 9000
223 SINK 21 0 -1 -1 0 0
224 CONNECTION 175 176 -1 -1 3600 3600
225 CONNECTION 175 212 -1 -1 4500 4500
226 CONNECTION 175 23 300 3300 5400 5400
227 CONNECTION 175 63 300 4200 6300 6300
228 CONNECTION 175 103 300 5100 7200 7200
229 CONNECTION 175 142 300 6000 8100 8100
230 CONNECTION 175 178 300 6900 9000 9000
231 CONNECTION 41 42 -1 -1 2280 2280
232 CONNECTION 41 62 -1 -1 3000 3000
233 CONNECTION 41 82 -1 -1 3180 3180
234 CONNECTION 41 102 -1 -1 3900 3900
235 CONNECTION 41 122 -1 -1 4080 4080
236 CONNECTION 41 141 -1 -1 4800 4800
237 CONNECTION 41 159 -1 -1 4980 4980
238 CONNECTION 41 177 300 3600 5700 5700
239 CONNECTION 41 195 300 3780 5880 5880
240 CONNECTION 41 213 300 4500 6600 6600
241 CONNECTION 41 4 300 4680 6780 6780
242 CONNECTION 41 231 300 4680 6780 6780
243 CONNECTION 41 24 300 5400 7500 7500
244 CONNECTION 41 44 300 5580 7680 7680
245 CONNECTION 41 64 300 6300 8400 8400
246 CONNECTION 41 84 300 6480 8580 8580
247 CONNECTION 41 104 300 7200 9300 9300
248 SINK 41 0 -1 -1 0 0
249 CONNECTION 193 194 -1 -1 3300 3300
250 CONNECTION 193 3 -1 -1 4200 4200
251 CONNECTION 193 230 -1 -1 4200 4200
252 CONNECTION 193 43 -1 -1 5100 5100
253 CONNECTION 193 83 300 3900 6000 6000
254 CONNECTION 193 123 300 4800 6900 6900
255 CONNECTION 193 160 300 5700 7800 7800
256 CONNECTION 193 196 300 6600 8700 8700
257 CONNECTION 193 5 300 7500 9600 9600
258 CONNECTION 61 62 -1 -1 2520 2520
259 CONNECTION 61 102 -1 -1 3420 3420
260 CONNECTION 61 122 -1 -1 3600 3600
261 CONNECTION 61 141 -1 -1 4320 4320
262 CONNECTION 61 159 -1 -1 4500 4500
263 CONNECTION 61 177 -1 -1 5220 5220
264 CONNECTION 61 195 300 3300 5400 5400
265 CONNECTION 61 213 300 4020 6120 6120
266 CONNECTION 61 4 300 4200 6300 6300
267 CONNECTION 61 231 300 4200 6300 6300
268 CONNECTION 61 24 300 4920 7020 7020
269 CONNECTION 61 44 300 5100 7200 7200
270 CONNECTION 61 64 300 5820 7920 7920
271 CONNECTION 61 84 300 6000 8100 8100
272 CONNECTION 61 104 300 6720 8820 8820
273 CONNECTION 61 124 300 6900 9000 9000
274 SINK 61 0 -1 -1 0 0
275 CONNECTION 211 212 -1 -1 3600 3600
276 CONNECTION 211 23 -1 -1 4500 4500
277 CONNECTION 211 63 300 3300 5400 5400
278 CONNECTION 211 103 300 4200 6300 6300
279 CONNECTION 211 142 300 5100 7200 7200
280 CONNECTION 211 178 300 6000 8100 8100
281 CONNECTION 211 214 300 6900 9000 9000
282 CONNECTION 81 82 -1 -1 2280 2280
283 CONNECTION 81 102 -1 -1 3000 3000
284 CONNECTION 81 122 -1 -1 3180 3180
285 CONNECTION 81 141 -1 -1 3900 3900
286 CONNECTION 81 159 -1 -1 4080 4080
287 CONNECTION 81 177 -1 -1 4800 4800
288 CONNECTION 81 195 -1 -1 4980 4980
289 CONNECTION 81 213 300 3600 5700 5700
290 CONNECTION 81 4 300 3780 5880 5880
291 CONNECTION 81 231 300 3780 5880 5880
292 CONNECTION 81 24 300 4500 6600 6600
293 CONNECTION 81 44 300 4680 6780 6780
294 CONNECTION 81 64 300 5400 7500 7500
295 CONNECTION 81 84 300 5580 7680 7680
296 CONNECTION 81 104 300 6300 8400 8400
297 CONNECTION 81 124 300 6480 8580 8580
298 CONNECTION 81 143 300 7200 9300 9300
299 SINK 81 0 -1 -1 0 0
300 CONNECTION 229 3 -1 -1 3300 3300
301 CONNECTION 229 230 -1 -1 3300 3300
302 CONNECTION 229 43 -1 -1 4200 4200
303 CONNECTION 229 83 -1 -1 5100 5100
304 CONNECTION 229 123 300 3900 6000 6000
305 CONNECTION 229 160 300 4800 6900 6900
306 CONNECTION 229 196 300 5700 7800 7800
307 CONNECTION 229 5 300 6600 8700 8700
308 CONNECTION 229 45 300 7500 9600 9600
309 CONNECTION 2 23 -1 -1 3600 3600
310 CONNECTION 2 63 -1 -1 4500 4500
311 CONNECTION 2 103 300 3300 5400 5400
312 CONNECTION 2 142 300 4200 6300 6300
313 CONNECTION 2 178 300 5100 7200 7200
314 CONNECTION 2 214 300 6000 8100 8100
315 CONNECTION 2 25 300 6900 9000 9000
316 CONNECTION 101 102 -1 -1 2520 2520
317 CONNECTION 101 141 -1 -1 3420 3420
318 CONNECTION 101 159 -1 -1 3600 3600
319 CONNECTION 101 177 -1 -1 4320 4320
320 CONNECTION 101 195 -1 -1 4500 4500
321 CONNECTION 101 213 -1 -1 5220 5220
322 CONNECTION 101 4 300 3300 5400 5400
323 CONNECTION 101 231 300 3300 5400 5400
324 CONNECTION 101 24 300 4020 6120 6120
325 CONNECTION 101 44 300 4200 6300 6300
326 CONNECTION 101 64 300 4920 7020 7020
327 CONNECTION 101 84 300 5100 7200 7200
328 CONNECTION 101 104 300 5820 7920 7920
329 CONNECTION 101 124 300 6000 8100 8100
330 CONNECTION 101 143 300 6720 8820 8820
331 CONNECTION 101 161 300 6900 9000 9000
332 SINK 101 0 -1 -1 0 0
333 CONNECTION 121 122 -1 -1 2280 2280
334 CONNECTION 121 141 -1 -1 3000 3000
335 CONNECTION 121 159 -1 -1 3180 3180
336 CONNECTION 121 177 -1 -1 3900 3900
337 CONNECTION 121 195 -1 -1 4080 4080
338 CONNECTION 121 213 -1 -1 4800 4800
339 CONNECTION 121 4 -1 -1 4980 4980
340 CONNECTION 121 231 -1 -1 4980 4980
341 CONNECTION 121 24 300 3600 5700 5700
342 CONNECTION 121 44 300 3780 5880 5880
343 CONNECTION 121 64 300 4500 6600 6600
344 CONNECTION 121 84 300 4680 6780 6780
345 CONNECTION 121 104 300 5400 7500 7500
346 CONNECTION 121 124 300 5580 7680 7680
347 CONNECTION 121 143 300 6300 8400 8400
348 CONNECTION 121 161 300 6480 8580 8580
349 CONNECTION 121 179 300 7200 9300 9300
350 SINK 121 0 -1 -1 0 0
351 CONNECTION 22 43 -1 -1 3300 3300
352 CONNECTION 22 83 -1 -1 4200 4200
353 CONNECTION 22 123 -1 -1 5100 5100
354 CONNECTION 22 160 300 3900 6000 6000
355 CONNECTION 22 196 300 4800 6900 6900
356 CONNECTION 22 5 300 5700 7800 7800
357 CONNECTION 22 45 300 6600 8700 8700
358 CONNECTION 22 85 300 7500 9600 9600
359 CONNECTION 42 63 -1 -1 3600 3600
360 CONNECTION 42 103 -1 -1 4500 4500
361 CONNECTION 42 142 300 3300 5400 5400
362 CONNECTION 42 178 300 4200 6300 6300
363 CONNECTION 42 214 300 5100 7200 7200
364 CONNECTION 42 25 300 6000 8100 8100
365 CONNECTION 42 65 300 6900 9000 9000
366 CONNECTION 140 141 -1 -1 2520 2520
367 CONNECTION 140 177 -1 -1 3420 3420
368 CONNECTION 140 195 -1 -1 3600 3600
369 CONNECTION 140 213 -1 -1 4320 4320
370 CONNECTION 140 4 -1 -1 4500 4500
371 CONNECTION 140 231 -1 -1 4500 4500
372 CONNECTION 140 24 -1 -1 5220 5220
373 CONNECTION 140 44 300 3300 5400 5400
374 CONNECTION 140 64 300 4020 6120 6120
375 CONNECTION 140 84 300 4200 6300 6300
376 CONNECTION 140 104 300 4920 7020 7020
377 CONNECTION 140 124 300 5100 7200 7200
378 CONNECTION 140 143 300 5820 7920 7920
379 CONNECTION 140 161 300 6000 8100 8100
380 CONNECTION 140 179 300 6720 8820 8820
381 CONNECTION 140 197 300 6900 9000 9000
382 SINK 140 0 -1 -1 0 0
383 CONNECTION 158 159 -1 -1 2280 2280
384 CONNECTION 158 177 -1 -1 3000 3000
385 CONNECTION 158 195 -1 -1 3180 3180
386 CONNECTION 158 213 -1 -1 3900 3900
387 CONNECTION 158 4 -1 -1 4080 4080
388 CONNECTION 158 231 -1 -1 4080 4080
389 CONNECTION 158 24 -1 -1 4800 4800
390 CONNECTION 158 44 -1 -1 4980 4980
391 CONNECTION 158 64 300 3600 5700 5700
392 CONNECTION 158 84 300 3780 5880 5880
393 CONNECTION 158 104 300 4500 6600 6600
394 CONNECTION 158 124 300 4680 6780 6780
395 CONNECTION 158 143 300 5400 7500 7500
396 CONNECTION 158 161 300 5580 7680 7680
397 CONNECTION 158 179 300 6300 8400 8400
398 CONNECTION 158 197 300 6480 8580 8580
399 CONNECTION 158 215 300 7200 9300 9300
400 SINK 158 0 -1 -1 0 0
401 CONNECTION 62 83 -1 -1 3300 3300
402 CONNECTION 62 123 -1 -1 4200 4200
403 CONNECTION 62 160 -1 -1 5100 5100
404 CONNECTION 62 196 300 3900 6000 6000
405 CONNECTION 62 5 300 4800 6900 6900
406 CONNECTION 62 45 300 5700 7800 7800
407 CONNECTION 62 85 300 6600 8700 8700
408 CONNECTION 62 125 300 7500 9600 9600
409 CONNECTION 82 103 -1 -1 3600 3600
410 CONNECTION 82 142 -1 -1 4500 4500
411 CONNECTION 82 178 300 3300 5400 5400
412 CONNECTION 82 214 300 4200 6300 6300
413 CONNECTION 82 25 300 5100 7200 7200
414 CONNECTION 82 65 300 6000 8100 8100
415 CONNECTION 82 105 300 6900 9000 9000
416 CONNECTION 176 177 -1 -1 2520 2520
417 CONNECTION 176 213 -1 -1 3420 3420
418 CONNECTION 176 4 -1 -1 3600 3600
419 CONNECTION 176 231 -1 -1 3600 3600
420 CONNECTION 176 24 -1 -1 4320 4320
421 CONNECTION 176 44 -1 -1 4500 4500
422 CONNECTION 176 64 -1 -1 5220 5220
423 CONNECTION 176 84 300 3300 5400 5400
424 CONNECTION 176 104 300 4020 6120 6120
425 CONNECTION 176 124 300 4200 6300 6300
426 CONNECTION 176 143 300 4920 7020 7020
427 CONNECTION 176 161 300 5100 7200 7200
428 CONNECTION 176 179 300 5820 7920 7920
429 CONNECTION 176 197 300 6000 8100 8100
430 CONNECTION 176 215 300 6720 8820 8820
431 CONNECTION 176 6 300 6900 9000 9000
432 SINK 176 0 -1 -1 0 0
433 CONNECTION 194 195 -1 -1 2280 2280
434 CONNECTION 194 213 -1 -1 3000 3000
435 CONNECTION 194 4 -1 -1 3180 3180
436 CONNECTION 194 231 -1 -1 3180 3180
437 CONNECTION 194 24 -1 -1 3900 3900
438 CONNECTION 194 44 -1 -1 4080 4080
439 CONNECTION 194 64 -1 -1 4800 4800
440 CONNECTION 194 84 -1 -1 4980 4980
441 CONNECTION 194 104 300 3600 5700 5700
442 CONNECTION 194 124 300 3780 5880 5880
443 CONNECTION 194 143 300 4500 6600 6600
444 CONNECTION 194 161 300 4680 6780 6780
445 CONNECTION 194 179 300 5400 7500 7500
446 CONNECTION 194 197 300 5580 7680 7680
447 CONNECTION 194 215 300 6300 8400 8400
448 CONNECTION 194 6 300 6480 8580 8580
449 CONNECTION 194 26 300 7200 9300 9300
450 SINK 194 0 -1 -1 0 0
451 CONNECTION 102 123 -1 -1 3300 3300
452 CONNECTION 102 160 -1 -1 4200 4200
453 CONNECTION 102 196 -1 -1 5100 5100
454 CONNECTION 102 5 300 3900 6000 6000
455 CONNECTION 102 45 300 4800 6900 6900
456 CONNECTION 102 85 300 5700 7800 7800
457 CONNECTION 102 125 300 6600 8700 8700
458 CONNECTION 102 162 300 7500 9600 9600
459 CONNECTION 122 142 -1 -1 3600 3600
460 CONNECTION 122 178 -1 -1 4500 4500
461 CONNECTION 122 214 300 3300 5400 5400
462 CONNECTION 122 25 300 4200 6300 6300
463 CONNECTION 122 65 300 5100 7200 7200
464 CONNECTION 122 105 300 6000 8100 8100
465 CONNECTION 122 144 300 6900 9000 9000
466 CONNECTION 212 213 -1 -1 2520 2520
467 CONNECTION 212 24 -1 -1 3420 3420
468 CONNECTION 212 44 -1 -1 3600 3600
469 CONNECTION 212 64 -1 -1 4320 4320
470 CONNECTION 212 84 -1 -1 4500 4500
471 CONNECTION 212 104 -1 -1 5220 5220
472 CONNECTION 212 124 300 3300 5400 5400
473 CONNECTION 212 143 300 4020 6120 6120
474 CONNECTION 212 161 300 4200 6300 6300
475 CONNECTION 212 179 300 4920 7020 7020
476 CONNECTION 212 197 300 5100 7200 7200
477 CONNECTION 212 215 300 5820 7920 7920
478 CONNECTION 212 6 300 6000 8100 8100
479 CONNECTION 212 26 300 6720 8820 8820
480 CONNECTION 212 46 300 6900 9000 9000
481 SINK 212 0 -1 -1 0 0
482 CONNECTION 3 4 -1 -1 2280 2280
483 CONNECTION 3 24 -1 -1 3000 3000
484 CONNECTION 3 44 -1 -1 3180 3180
485 CONNECTION 3 64 -1 -1 3900 3900
486 CONNECTION 3 84 -1 -1 4080 4080
487 CONNECTION 3 104 -1 -1 4800 4800
488 CONNECTION 3 124 -1 -1 4980 4980
489 CONNECTION 3 143 300 3600 5700 5700
490 CONNECTION 3 161 300 3780 5880 5880
491 CONNECTION 3 179 300 4500 6600 6600
492 CONNECTION 3 197 300 4680 6780 6780
493 CONNECTION 3 215 300 5400 7500 7500
494 CONNECTION 3 6 300 5580 7680 7680
495 CONNECTION 3 26 300 6300 8400 8400
496 CONNECTION 3 46 300 6480 8580 8580
497 CONNECTION 3 66 300 7200 9300 9300
498 SINK 3 0 -1 -1 0 0
499 CONNECTION 230 231 -1 -1 2280 2280
500 CONNECTION 230 24 -1 -1 3000 3000
501 CONNECTION 230 44 -1 -1 3180 3180
502 CONNECTION 230 64 -1 -1 3900 3900
503 CONNECTION 230 84 -1 -1 4080 4080
504 CONNECTION 230 104 -1 -1 4800 4800
505 CONNECTION 230 124 -1 -1 4980 4980
506 CONNECTION 230 143 300 3600 5700 5700
507 CONNECTION 230 161 300 3780 5880 5880
508 CONNECTION 230 179 300 4500 6600 6600
509 CONNECTION 230 197 300 4680 6780 6780
510 CONNECTION 230 215 300 5400 7500 7500
511 CONNECTION 230 6 300 5580 7680 7680
512 CONNECTION 230 26 300 6300 8400 8400
513 CONNECTION 230 46 300 6480 8580 8580
514 CONNECTION 230 66 300 7200 9300 9300
515 SINK 230 0 -1 -1 0 0
516 CONNECTION 141 160 -1 -1 3300 3300
517 CONNECTION 141 196 -1 -1 4200 4200
518 CONNECTION 141 5 -1 -1 5100 5100
519 CONNECTION 141 45 300 3900 6000 6000
520 CONNECTION 141 85 300 4800 6900 6900
521 CONNECTION 141 125 300 5700 7800 7800
522 CONNECTION 141 162 300 6600 8700 8700
523 CONNECTION 141 198 300 7500 9600 9600
524 CONNECTION 23 24 -1 -1 2520 2520
525 CONNECTION 23 64 -1 -1 3420 3420
526 CONNECTION 23 84 -1 -1 3600 3600
527 CONNECTION 23 104 -1 -1 4320 4320
528 CONNECTION 23 124 -1 -1 4500 4500
529 CONNECTION 23 143 -1 -1 5220 5220
530 CONNECTION 23 161 300 3300 5400 5400
531 CONNECTION 23 179 300 4020 6120 6120
532 CONNECTION 23 197 300 4200 6300 6300
533 CONNECTION 23 215 300 4920 7020 7020
534 CONNECTION 23 6 300 5100 7200 7200
535 CONNECTION 23 26 300 5820 7920 7920
536 CONNECTION 23 46 300 6000 8100 8100
537 CONNECTION 23 66 300 6720 8820 8820
538 CONNECTION 23 86 300 6900 9000 9000
539 SINK 23 0 -1 -1 0 0
540 CONNECTION 159 178 -1 -1 3600 3600
541 CONNECTION 159 214 -1 -1 4500 4500
542 CONNECTION 159 25 300 3300 5400 5400
543 CONNECTION 159 65 300 4200 6300 6300
544 CONNECTION 159 105 300 5100 7200 7200
545 CONNECTION 159 144 300 6000 8100 8100
546 CONNECTION 159 180 300 6900 9000 9000
547 CONNECTION 43 44 -1 -1 2280 2280
548 CONNECTION 43 64 -1 -1 3000 3000
549 CONNECTION 43 84 -1 -1 3180 3180
550 CONNECTION 43 104 -1 -1 3900 3900
551 CONNECTION 43 124 -1 -1 4080 4080
552 CONNECTION 43 143 -1 -1 4800 4800
553 CONNECTION 43 161 -1 -1 4980 4980
554 CONNECTION 43 179 300 3600 5700 5700
555 CONNECTION 43 197 300 3780 5880 5880
556 CONNECTION 43 215 300 4500 6600 6600
557 CONNECTION 43 6 300 4680 6780 6780
558 CONNECTION 43 26 300 5400 7500 7500
559 CONNECTION 43 46 300 5580 7680 7680
560 CONNECTION 43 66 300 6300 8400 8400
561 CONNECTION 43 86 300 6480 8580 8580
562 CONNECTION 43 106 300 7200 9300 9300
563 SINK 43 0 -1 -1 0 0
564 CONNECTION 177 196 -1 -1 3300 3300
565 CONNECTION 177 5 -1 -1 4200 4200
566 CONNECTION 177 45 -1 -1 5100 5100
567 CONNECTION 177 85 300 3900 6000 6000
568 CONNECTION 177 125 300 4800 6900 6900
569 CONNECTION 177 162 300 5700 7800 7800
570 CONNECTION 177 198 300 6600 8700 8700
571 CONNECTION 177 7 300 7500 9600 9600
572 CONNECTION 63 64 -1 -1 2520 2520
573 CONNECTION 63 104 -1 -1 3420 3420
574 CONNECTION 63 124 -1 -1 3600 3600
575 CONNECTION 63 143 -1 -1 4320 4320
576 CONNECTION 63 161 -1 -1 4500 4500
577 CONNECTION 63 179 -1 -1 5220 5220
578 CONNECTION 63 197 300 3300 5400 5400
579 CONNECTION 63 215 300 4020 6120 6120
580 CONNECTION 63 6 300 4200 6300 6300
581 CONNECTION 63 26 300 4920 7020 7020
582 CONNECTION 63 46 300 5100 7200 7200
583 CONNECTION 63 66 300 5820 7920 7920
584 CONNECTION 63 86 300 6000 8100 8100
585 CONNECTION 63 106 300 6720 8820 8820
586 CONNECTION 63 126 300 6900 9000 9000
587 SINK 63 0 -1 -1 0 0
588 CONNECTION 195 214 -1 -1 3600 3600
589 CONNECTION 195 25 -1 -1 4500 4500
590 CONNECTION 195 65 300 3300 5400 5400
591 CONNECTION 195 105 300 4200 6300 6300
592 CONNECTION 195 144 300 5100 7200 7200
593 CONNECTION 195 180 300 6000 8100 8100
594 CONNECTION 195 216 300 6900 9000 9000
595 CONNECTION 83 84 -1 -1 2280 2280
596 CONNECTION 83 104 -1 -1 3000 3000
597 CONNECTION 83 124 -1 -1 3180 3180
598 CONNECTION 83 143 -1 -1 3900 3900
599 CONNECTION 83 161 -1 -1 4080 4080
600 CONNECTION 83 179 -1 -1 4800 4800
601 CONNECTION 83 197 -1 -1 4980 4980
602 CONNECTION 83 215 300 3600 5700 5700
603 CONNECTION 83 6 300 3780 5880 5880
604 CONNECTION 83 26 300 4500 6600 6600
605 CONNECTION 83 46 300 4680 6780 6780
606 CONNECTION 83 66 300 5400 7500 7500
607 CONNECTION 83 86 300 5580 7680 7680
608 CONNECTION 83 106 300 6300 8400 8400
609 CONNECTION 83 126 300 6480 8580 8580
610 CONNECTION 83 145 300 7200 9300 9300
611 SINK 83 0 -1 -1 0 0
612 CONNECTION 213 5 -1 -1 3300 3300
613 CONNECTION 213 45 -1 -1 4200 4200
614 CONNECTION 213 85 -1 -1 5100 5100
615 CONNECTION 213 125 300 3900 6000 6000
616 CONNECTION 213 162 300 4800 6900 6900
617 CONNECTION 213 198 300 5700 7800 7800
618 CONNECTION 213 7 300 6600 8700 8700
619 CONNECTION 213 47 300 7500 9600 9600
620 CONNECTION 4 25 -1 -1 3600 3600
621 CONNECTION 4 65 -1 -1 4500 4500
622 CONNECTION 4 105 300 3300 5400 5400
623 CONNECTION 4 144 300 4200 6300 6300
624 CONNECTION 4 180 300 5100 7200 7200
625 CONNECTION 4 216 300 6000 8100 8100
626 CONNECTION 4 27 300 6900 9000 9000
627 CONNECTION 103 104 -1 -1 2520 2520
628 CONNECTION 103 143 -1 -1 3420 3420
629 CONNECTION 103 161 -1 -1 3600 3600
630 CONNECTION 103 179 -1 -1 4320 4320
631 CONNECTION 103 197 -1 -1 4500 4500
632 CONNECTION 103 215 -1 -1 5220 5220
633 CONNECTION 103 6 300 3300 5400 5400
634 CONNECTION 103 26 300 4020 6120 6120
635 CONNECTION 103 46 300 4200 6300 6300
636 CONNECTION 103 66 300 4920 7020 7020
637 CONNECTION 103 86 300 5100 7200 7200
638 CONNECTION 103 106 300 5820 7920 7920
639 CONNECTION 103 126 300 6000 8100 8100
640 CONNECTION 103 145 300 6720 8820 8820
641 CONNECTION 103 163 300 6900 9000 9000
642 SINK 103 0 -1 -1 0 0
643 CONNECTION 231 25 -1 -1 3600 3600
644 CONNECTION 231 65 -1 -1 4500 4500
645 CONNECTION 231 105 300 3300 5400 5400
646 CONNECTION 231 144 300 4200 6300 6300
647 CONNECTION 231 180 300 5100 7200 7200
648 CONNECTION 231 216 300 6000 8100 8100
649 CONNECTION 231 27 300 6900 9000 9000
650 CONNECTION 123 124 -1 -1 2280 2280
651 CONNECTION 123 143 -1 -1 3000 3000
652 CONNECTION 123 161 -1 -1 3180 3180
653 CONNECTION 123 179 -1 -1 3900 3900
654 CONNECTION 123 197 -1 -1 4080 4080
655 CONNECTION 123 215 -1 -1 4800 4800
656 CONNECTION 123 6 -1 -1 4980 4980
657 CONNECTION 123 26 300 3600 5700 5700
658 CONNECTION 123 46 300 3780 5880 5880
659 CONNECTION 123 66 300 4500 6600 6600
660 CONNECTION 123 86 300 4680 6780 6780
661 CONNECTION 123 106 300 5400 7500 7500
662 CONNECTION 123 126 300 5580 7680 7680
663 CONNECTION 123 145 300 6300 8400 8400
664 CONNECTION 123 163 300 6480 8580 8580
665 CONNECTION 123 181 300 7200 9300 9300
666 SINK 123 0 -1 -1 0 0
667 CONNECTION 24 45 -1 -1 3300 3300
668 CONNECTION 24 85 -1 -1 4200 4200
669 CONNECTION 24 125 -1 -1 5100 5100
670 CONNECTION 24 162 300 3900 6000 6000
671 CONNECTION 24 198 300 4800 6900 6900
672 CONNECTION 24 7 300 5700 7800 7800
673 CONNECTION 24 47 300 6600 8700 8700
674 CONNECTION 24 87 300 7500 9600 9600
675 CONNECTION 44 65 -1 -1 3600 3600
676 CONNECTION 44 105 -1 -1 4500 4500
677 CONNECTION 44 144 300 3300 5400 5400
678 CONNECTION 44 180 300 4200 6300 6300
679 CONNECTION 44 216 300 5100 7200 7200
680 CONNECTION 44 27 300 6000 8100 8100
681 CONNECTION 44 67 300 6900 9000 9000
682 CONNECTION 142 143 -1 -1 2520 2520
683 CONNECTION 142 179 -1 -1 3420 3420
684 CONNECTION 142 197 -1 -1 3600 3600
685 CONNECTION 142 215 -1 -1 4320 4320
686 CONNECTION 142 6 -1 -1 4500 4500
687 CONNECTION 142 26 -1 -1 5220 5220
688 CONNECTION 142 46 300 3300 5400 5400
689 CONNECTION 142 66 300 4020 6120 6120
690 CONNECTION 142 86 300 4200 6300 6300
691 CONNECTION 142 106 300 4920 7020 7020
692 CONNECTION 142 126 300 5100 7200 7200
693 CONNECTION 142 145 300 5820 7920 7920
694 CONNECTION 142 163 300 6000 8100 8100
695 CONNECTION 142 181 300 6720 8820 8820
696 CONNECTION 142 199 300 6900 9000 9000
697 SINK 142 0 -1 -1 0 0
698 CONNECTION 160 161 -1 -1 2280 2280
699 CONNECTION 160 179 -1 -1 3000 3000
700 CONNECTION 160 197 -1 -1 3180 3180
701 CONNECTION 160 215 -1 -1 3900 3900
702 CONNECTION 160 6 -1 -1 4080 4080
703 CONNECTION 160 26 -1 -1 4800 4800
704 CONNECTION 160 46 -1 -1 4980 4980
705 CONNECTION 160 66 300 3600 5700 5700
706 CONNECTION 160 86 300 3780 5880 5880
707 CONNECTION 160 106 300 4500 6600 6600
708 CONNECTION 160 126 300 4680 6780 6780
709 CONNECTION 160 145 300 5400 7500 7500
710 CONNECTION 160 163 300 5580 7680 7680
711 CONNECTION 160 181 300 6300 8400 8400
712 CONNECTION 160 199 300 6480 8580 8580
713 CONNECTION 160 217 300 7200 9300 9300
714 SINK 160 0 -1 -1 0 0
715 CONNECTION 64 85 -1 -1 3300 3300
716 CONNECTION 64 125 -1 -1 4200 4200
717 CONNECTION 64 162 -1 -1 5100 5100
718 CONNECTION 64 198 300 3900 6000 6000
719 CONNECTION 64 7 300 4800 6900 6900
720 CONNECTION 64 47 300 5700 7800 7800
721 CONNECTION 64 87 300 6600 8700 8700
722 CONNECTION 64 127 300 7500 9600 9600
723 CONNECTION 84 105 -1 -1 3600 3600
724 CONNECTION 84 144 -1 -1 4500 4500
725 CONNECTION 84 180 300 3300 5400 5400
726 CONNECTION 84 216 300 4200 6300 6300
727 CONNECTION 84 27 300 5100 7200 7200
728 CONNECTION 84 67 300 6000 8100 8100
729 CONNECTION 84 107 300 6900 9000 9000
730 CONNECTION 178 179 -1 -1 2520 2520
731 CONNECTION 178 215 -1 -1 3420 3420
732 CONNECTION 178 6 -1 -1 3600 3600
733 CONNECTION 178 26 -1 -1 4320 4320
734 CONNECTION 178 46 -1 -1 4500 4500
735 CONNECTION 178 66 -1 -1 5220 5220
736 CONNECTION 178 86 300 3300 5400 5400
737 CONNECTION 178 106 300 4020 6120 6120
738 CONNECTION 178 126 300 4200 6300 6300
739 CONNECTION 178 145 300 4920 7020 7020
740 CONNECTION 178 163 300 5100 7200 7200
741 CONNECTION 178 181 300 5820 7920 7920
742 CONNECTION 178 199 300 6000 8100 8100
743 CONNECTION 178 217 300 6720 8820 8820
744 CONNECTION 178 8 300 6900 9000 9000
745 SINK 178 0 -1 -1 0 0
746 CONNECTION 196 197 -1 -1 2280 2280
747 CONNECTION 196 215 -1 -1 3000 3000
748 CONNECTION 196 6 -1 -1 3180 3180
749 CONNECTION 196 26 -1 -1 3900 3900
750 CONNECTION 196 46 -1 -1 4080 4080
751 CONNECTION 196 66 -1 -1 4800 4800
752 CONNECTION 196 86 -1 -1 4980 4980
753 CONNECTION 196 106 300 3600 5700 5700
754 CONNECTION 196 126 300 3780 5880 5880
755 CONNECTION 196 145 300 4500 6600 6600
756 CONNECTION 196 163 300 4680 6780 6780
757 CONNECTION 196 181 300 5400 7500 7500
758 CONNECTION 196 199 300 5580 7680 7680
759 CONNECTION 196 217 300 6300 8400 8400
760 CONNECTION 196 8 300 6480 8580 8580
761 CONNECTION 196 28 300 7200 9300 9300
762 SINK 196 0 -1 -1 0 0
763 CONNECTION 104 125 -1 -1 3300 3300
764 CONNECTION 104 162 -1 -1 4200 4200
765 CONNECTION 104 198 -1 -1 5100 5100
766 CONNECTION 104 7 300 3900 6000 6000
767 CONNECTION 104 47 300 4800 6900 6900
768 CONNECTION 104 87 300 5700 7800 7800
769 CONNECTION 104 127 300 6600 8700 8700
770 CONNECTION 104 164 300 7500 9600 9600
771 CONNECTION 124 144 -1 -1 3600 3600
772 CONNECTION 124 180 -1 -1 4500 4500
773 CONNECTION 124 216 300 3300 5400 5400
774 CONNECTION 124 27 300 4200 6300 6300
775 CONNECTION 124 67 300 5100 7200 7200
776 CONNECTION 124 107 300 6000 8100 8100
777 CONNECTION 124 146 300 6900 9000 9000
778 CONNECTION 214 215 -1 -1 2520 2520
779 CONNECTION 214 26 -1 -1 3420 3420
780 CONNECTION 214 46 -1 -1 3600 3600
781 CONNECTION 214 66 -1 -1 4320 4320
782 CONNECTION 214 86 -1 -1 4500 4500
783 CONNECTION 214 106 -1 -1 5220 5220
784 CONNECTION 214 126 300 3300 5400 5400
785 CONNECTION 214 145 300 4020 6120 6120
786 CONNECTION 214 163 300 4200 6300 6300
787 CONNECTION 214 181 300 4920 7020 7020
788 CONNECTION 214 199 300 5100 7200 7200
789 CONNECTION 214 217 300 5820 7920 7920
790 CONNECTION 214 8 300 6000 8100 8100
791 CONNECTION 214 28 300 6720 8820 8820
792 CONNECTION 214 48 300 6900 9000 9000
793 SINK 214 0 -1 -1 0 0
794 CONNECTION 5 6 -1 -1 2280 2280
795 CONNECTION 5 26 -1 -1 3000 3000
796 CONNECTION 5 46 -1 -1 3180 3180
797 CONNECTION 5 66 -1 -1 3900 3900
798 CONNECTION 5 86 -1 -1 4080 4080
799 CONNECTION 5 106 -1 -1 4800 4800
800 CONNECTION 5 126 -1 -1 4980 4980
801 CONNECTION 5 145 300 3600 5700 5700
802 CONNECTION 5 163 300 3780 5880 5880
803 CONNECTION 5 181 300 4500 6600 6600
804 CONNECTION 5 199 300 4680 6780 6780
805 CONNECTION 5 217 300 5400 7500 7500
806 CONNECTION 5 8 300 5580 7680 7680
807 CONNECTION 5 28 300 6300 8400 8400
808 CONNECTION 5 48 300 6480 8580 8580
809 CONNECTION 5 68 300 7200 9300 9300
810 SINK 5 0 -1 -1 0 0
811 CONNECTION 143 162 -1 -1 3300 3300
812 CONNECTION 143 198 -1 -1 4200 4200
813 CONNECTION 143 7 -1 -1 5100 5100
814 CONNECTION 143 47 300 3900 6000 6000
815 CONNECTION 143 87 300 4800 6900 6900
816 CONNECTION 143 127 300 5700 7800 7800
817 CONNECTION 143 164 300 6600 8700 8700
818 CONNECTION 143 200 300 7500 9600 9600
819 CONNECTION 25 26 -1 -1 2520 2520
820 CONNECTION 25 66 -1 -1 3420 3420
821 CONNECTION 25 86 -1 -1 3600 3600
822 CONNECTION 25 106 -1 -1 4320 4320
823 CONNECTION 25 126 -1 -1 4500 4500
824 CONNECTION 25 145 -1 -1 5220 5220
825 CONNECTION 25 163 300 3300 5400 5400
826 CONNECTION 25 181 300 4020 6120 6120
827 CONNECTION 25 199 300 4200 6300 6300
828 CONNECTION 25 217 300 4920 7020 7020
829 CONNECTION 25 8 300 5100 7200 7200
830 CONNECTION 25 28 300 5820 7920 7920
831 CONNECTION 25 48 300 6000 8100 8100
832 CONNECTION 25 68 300 6720 8820 8820
833 CONNECTION 25 88 300 6900 9000 9000
834 SINK 25 0 -1 -1 0 0
835 CONNECTION 161 180 -1 -1 3600 3600
836 CONNECTION 161 216 -1 -1 4500 4500
837 CONNECTION 161 27 300 3300 5400 5400
838 CONNECTION 161 67 300 4200 6300 6300
839 CONNECTION 161 107 300 5100 7200 7200
840 CONNECTION 161 146 300 6000 8100 8100
841 CONNECTION 161 182 300 6900 9000 9000
842 CONNECTION 45 46 -1 -1 2280 2280
843 CONNECTION 45 66 -1 -1 3000 3000
844 CONNECTION 45 86 -1 -1 3180 3180
845 CONNECTION 45 106 -1 -1 3900 3900
846 CONNECTION 45 126 -1 -1 4080 4080
847 CONNECTION 45 145 -1 -1 4800 4800
848 CONNECTION 45 163 -1 -1 4980 4980
849 CONNECTION 45 181 300 3600 5700 5700
850 CONNECTION 45 199 300 3780 5880 5880
851 CONNECTION 45 217 300 4500 6600 6600
852 CONNECTION 45 8 300 4680 6780 6780
853 CONNECTION 45 28 300 5400 7500 7500
854 CONNECTION 45 48 300 5580 7680 7680
855 CONNECTION 45 68 300 6300 8400 8400
856 CONNECTION 45 88 300 6480 8580 8580
857 CONNECTION 45 108 300 7200 9300 9300
858 SINK 45 0 -1 -1 0 0
859 CONNECTION 179 198 -1 -1 3300 3300
860 CONNECTION 179 7 -1 -1 4200 4200
861 CONNECTION 179 47 -1 -1 5100 5100
862 CONNECTION 179 87 300 3900 6000 6000
863 CONNECTION 179 127 300 4800 6900 6900
864 CONNECTION 179 164 300 5700 7800 7800
865 CONNECTION 179 200 300 6600 8700 8700
866 CONNECTION 179 9 300 7500 9600 9600
867 CONNECTION 65 66 -1 -1 2520 2520
868 CONNECTION 65 106 -1 -1 3420 3420
869 CONNECTION 65 126 -1 -1 3600 3600
870 CONNECTION 65 145 -1 -1 4320 4320
871 CONNECTION 65 163 -1 -1 4500 4500
872 CONNECTION 65 181 -1 -1 5220 5220
873 CONNECTION 65 199 300 3300 5400 5400
874 CONNECTION 65 217 300 4020 6120 6120
875 CONNECTION 65 8 300 4200 6300 6300
876 CONNECTION 65 28 300 4920 7020 7020
877 CONNECTION 65 48 300 5100 7200 7200
878 CONNECTION 65 68 300 5820 7920 7920
879 CONNECTION 65 88 300 6000 8100 8100
880 CONNECTION 65 108 300 6720 8820 8820
881 CONNECTION 65 128 300 6900 9000 9000
882 SINK 65 0 -1 -1 0 0
883 CONNECTION 197 216 -1 -1 3600 3600
884 CONNECTION 197 27 -1 -1 4500 4500
885 CONNECTION 197 67 300 3300 5400 5400
886 CONNECTION 197 107 300 4200 6300 6300
887 CONNECTION 197 146 300 5100 7200 7200
888 CONNECTION 197 182 300 6000 8100 8100
889 CONNECTION 197 218 300 6900 9000 9000
890 CONNECTION 85 86 -1 -1 2280 2280
891 CONNECTION 85 106 -1 -1 3000 3000
892 CONNECTION 85 126 -1 -1 3180 3180
893 CONNECTION 85 145 -1 -1 3900 3900
894 CONNECTION 85 163 -1 -1 4080 4080
895 CONNECTION 85 181 -1 -1 4800 4800
896 CONNECTION 85 199 -1 -1 4980 4980
897 CONNECTION 85 217 300 3600 5700 5700
898 CONNECTION 85 8 300 3780 5880 5880
899 CONNECTION 85 28 300 4500 6600 6600
900 CONNECTION 85 48 300 4680 6780 6780
901 CONNECTION 85 68 300 5400 7500 7500
902 CONNECTION 85 88 300 5580 7680 7680
903 CONNECTION 85 108 300 6300 8400 8400
904 CONNECTION 85 128 300 6480 8580 8580
905 CONNECTION 85 147 300 7200 9300 9300
906 SINK 85 0 -1 -1 0 0
907 CONNECTION 215 7 -1 -1 3300 3300
908 CONNECTION 215 47 -1 -1 4200 4200
909 CONNECTION 215 87 -1 -1 5100 5100
910 CONNECTION 215 127 300 3900 6000 6000
911 CONNECTION 215 164 300 4800 6900 6900
912 CONNECTION 215 200 300 5700 7800 7800
913 CONNECTION 215 9 300 6600 8700 8700
914 CONNECTION 215 49 300 7500 9600 9600
915 CONNECTION 6 27 -1 -1 3600 3600
916 CONNECTION 6 67 -1 -1 4500 4500
917 CONNECTION 6 107 300 3300 5400 5400
918 CONNECTION 6 146 300 4200 6300 6300
919 CONNECTION 6 182 300 5100 7200 7200
920 CONNECTION 6 218 300 6000 8100 8100
921 CONNECTION 6 29 300 6900 9000 9000
922 CONNECTION 105 106 -1 -1 2520 2520
923 CONNECTION 105 145 -1 -1 3420 3420
924 CONNECTION 105 163 -1 -1 3600 3600
925 CONNECTION 105 181 -1 -1 4320 4320
926 CONNECTION 105 199 -1 -1 4500 4500
927 CONNECTION 105 217 -1 -1 5220 5220
928 CONNECTION 105 8 300 3300 5400 5400
929 CONNECTION 105 28 300 4020 6120 6120
930 CONNECTION 105 48 300 4200 6300 6300
931 CONNECTION 105 68 300 4920 7020 7020
932 CONNECTION 105 88 300 5100 7200 7200
933 CONNECTION 105 108 300 5820 7920 7920
934 CONNECTION 105 128 300 6000 8100 8100
935 CONNECTION 105 147 300 6720 8820 8820
936 CONNECTION 105 165 300 6900 9000 9000
937 SINK 105 0 -1 -1 0 0
938 CONNECTION 125 126 -1 -1 2280 2280
939 CONNECTION 125 145 -1 -1 3000 3000
940 CONNECTION 125 163 -1 -1 3180 3180
941 CONNECTION 125 181 -1 -1 3900 3900
942 CONNECTION 125 199 -1 -1 4080 4080
943 CONNECTION 125 217 -1 -1 4800 4800
944 CONNECTION 125 8 -1 -1 4980 4980
945 CONNECTION 125 28 300 3600 5700 5700
946 CONNECTION 125 48 300 3780 5880 5880
947 CONNECTION 125 68 300 4500 6600 6600
948 CONNECTION 125 88 300 4680 6780 6780
949 CONNECTION 125 108 300 5400 7500 7500
950 CONNECTION 125 128 300 5580 7680 7680
951 CONNECTION 125 147 300 6300 8400 8400
952 CONNECTION 125 165 300 6480 8580 8580
953 CONNECTION 125 183 300 7200 9300 9300
954 SINK 125 0 -1 -1 0 0
955 CONNECTION 26 47 -1 -1 3300 3300
956 CONNECTION 26 87 -1 -1 4200 4200
957 CONNECTION 26 127 -1 -1 5100 5100
958 CONNECTION 26 164 300 3900 6000 6000
959 CONNECTION 26 200 300 4800 6900 6900
960 CONNECTION 26 9 300 5700 7800 7800
961 CONNECTION 26 49 300 6600 8700 8700
962 CONNECTION 26 89 300 7500 9600 9600
963 CONNECTION 46 67 -1 -1 3600 3600
964 CONNECTION 46 107 -1 -1 4500 4500
965 CONNECTION 46 146 300 3300 5400 5400
966 CONNECTION 46 182 300 4200 6300 6300
967 CONNECTION 46 218 300 5100 7200 7200
968 CONNECTION 46 29 300 6000 8100 8100
969 CONNECTION 46 69 300 6900 9000 9000
970 CONNECTION 144 145 -1 -1 2520 2520
971 CONNECTION 144 181 -1 -1 3420 3420
972 CONNECTION 144 199 -1 -1 3600 3600
973 CONNECTION 144 217 -1 -1 4320 4320
974 CONNECTION 144 8 -1 -1 4500 4500
975 CONNECTION 144 28 -1 -1 5220 5220
976 CONNECTION 144 48 300 3300 5400 5400
977 CONNECTION 144 68 300 4020 6120 6120
978 CONNECTION 144 88 300 4200 6300 6300
979 CONNECTION 144 108 300 4920 7020 7020
980 CONNECTION 144 128 300 5100 7200 7200
981 CONNECTION 144 147 300 5820 7920 7920
982 CONNECTION 144 165 300 6000 8100 8100
983 CONNECTION 144 183 300 6720 8820 8820
984 CONNECTION 144 201 300 6900 9000 9000
985 SINK 144 0 -1 -1 0 0
986 CONNECTION 162 163 -1 -1 2280 2280
987 CONNECTION 162 181 -1 -1 3000 3000
988 CONNECTION 162 199 -1 -1 3180 3180
989 CONNECTION 162 217 -1 -1 3900 3900
990 CONNECTION 162 8 -1 -1 4080 4080
991 CONNECTION 162 28 -1 -1 4800 4800
992 CONNECTION 162 48 -1 -1 4980 4980
993 CONNECTION 162 68 300 3600 5700 5700
994 CONNECTION 162 88 300 3780 5880 5880
995 CONNECTION 162 108 300 4500 6600 6600
996 CONNECTION 162 128 300 4680 6780 6780
997 CONNECTION 162 147 300 5400 7500 7500
998 CONNECTION 162 165 300 5580 7680 7680
999 CONNECTION 162 183 300 6300 8400 8400
1000 CONNECTION 162 201 300 6480 8580 8580
1001 CONNECTION 162 219 300 7200 9300 9300
1002 SINK 162 0 -1 -1 0 0
1003 CONNECTION 66 87 -1 -1 3300 3300
1004 CONNECTION 66 127 -1 -1 4200 4200
1005 CONNECTION 66 164 -1 -1 5100 5100
1006 CONNECTION 66 200 300 3900 6000 6000
1007 CONNECTION 66 9 300 4800 6900 6900
1008 CONNECTION 66 49 300 5700 7800 7800
1009 CONNECTION 66 89 300 6600 8700 8700
1010 CONNECTION 66 129 300 7500 9600 9600
1011 CONNECTION 86 107 -1 -1 3600 3600
1012 CONNECTION 86 146 -1 -1 4500 4500
1013 CONNECTION 86 182 300 3300 5400 5400
1014 CONNECTION 86 218 300 4200 6300 6300
1015 CONNECTION 86 29 300 5100 7200 7200
1016 CONNECTION 86 69 300 6000 8100 8100
1017 CONNECTION 86 109 300 6900 9000 9000
1018 CONNECTION 180 181 -1 -1 2520 2520
1019 CONNECTION 180 217 -1 -1 3420 3420
1020 CONNECTION 180 8 -1 -1 3600 3600
1021 CONNECTION 180 28 -1 -1 4320 4320
1022 CONNECTION 180 48 -1 -1 4500 4500
1023 CONNECTION 180 68 -1 -1 5220 5220
1024 CONNECTION 180 88 300 3300 5400 5400
1025 CONNECTION 180 108 300 4020 6120 6120
1026 CONNECTION 180 128 300 4200 6300 6300
1027 CONNECTION 180 147 300 4920 7020 7020
1028 CONNECTION 180 165 300 5100 7200 7200
1029 CONNECTION 180 183 300 5820 7920 7920
1030 CONNECTION 180 201 300 6000 8100 8100
1031 CONNECTION 180 219 300 6720 8820 8820
1032 CONNECTION 180 10 300 6900 9000 9000
1033 SINK 180 0 -1 -1 0 0
1034 CONNECTION 198 199 -1 -1 2280 2280
1035 CONNECTION 198 217 -1 -1 3000 3000
1036 CONNECTION 198 8 -1 -1 3180 3180
1037 CONNECTION 198 28 -1 -1 3900 3900
1038 CONNECTION 198 48 -1 -1 4080 4080
1039 CONNECTION 198 68 -1 -1 4800 4800
1040 CONNECTION 198 88 -1 -1 4980 4980
1041 CONNECTION 198 108 300 3600 5700 5700
1042 CONNECTION 198 128 300 3780 5880 5880
1043 CONNECTION 198 147 300 4500 6600 6600
1044 CONNECTION 198 165 300 4680 6780 6780
1045 CONNECTION 198 183 300 5400 7500 7500
1046 CONNECTION 198 201 300 5580 7680 7680
1047 CONNECTION 198 219 300 6300 8400 8400
1048 CONNECTION 198 10 300 6480 8580 8580
1049 CONNECTION 198 30 300 7200 9300 9300
1050 SINK 198 0 -1 -1 0 0
1051 CONNECTION 106 127 -1 -1 3300 3300
1052 CONNECTION 106 164 -1 -1 4200 4200
1053 CONNECTION 106 200 -1 -1 5100 5100
1054 CONNECTION 106 9 300 3900 6000 6000
1055 CONNECTION 106 49 300 4800 6900 6900
1056 CONNECTION 106 89 300 5700 7800 7800
1057 CONNECTION 106 129 300 6600 8700 8700
1058 CONNECTION 106 166 300 7500 9600 9600
1059 CONNECTION 126 146 -1 -1 3600 3600
1060 CONNECTION 126 182 -1 -1 4500 4500
1061 CONNECTION 126 218 300 3300 5400 5400
1062 CONNECTION 126 29 300 4200 6300 6300
1063 CONNECTION 126 69 300 5100 7200 7200
1064 CONNECTION 126 109 300 6000 8100 8100
1065 CONNECTION 126 148 300 6900 9000 9000
1066 CONNECTION 216 217 -1 -1 2520 2520
1067 CONNECTION 216 28 -1 -1 3420 3420
1068 CONNECTION 216 48 -1 -1 3600 3600
1069 CONNECTION 216 68 -1 -1 4320 4320
1070 CONNECTION 216 88 -1 -1 4500 4500
1071 CONNECTION 216 108 -1 -1 5220 5220
1072 CONNECTION 216 128 300 3300 5400 5400
1073 CONNECTION 216 147 300 4020 6120 6120
1074 CONNECTION 216 165 300 4200 6300 6300
1075 CONNECTION 216 183 300 4920 7020 7020
1076 CONNECTION 216 201 300 5100 7200 7200
1077 CONNECTION 216 219 300 5820 7920 7920
1078 CONNECTION 216 10 300 6000 8100 8100
1079 CONNECTION 216 30 300 6720 8820 8820
1080 CONNECTION 216 50 300 6900 9000 9000
1081 SINK 216 0 -1 -1 0 0
1082 CONNECTION 7 8 -1 -1 2280 2280
1083 CONNECTION 7 28 -1 -1 3000 3000
1084 CONNECTION 7 48 -1 -1 3180 3180
1085 CONNECTION 7 68 -1 -1 3900 3900
1086 CONNECTION 7 88 -1 -1 4080 4080
1087 CONNECTION 7 108 -1 -1 4800 4800
1088 CONNECTION 7 128 -1 -1 4980 4980
1089 CONNECTION 7 147 300 3600 5700 5700
1090 CONNECTION 7 165 300 3780 5880 5880
1091 CONNECTION 7 183 300 4500 6600 6600
1092 CONNECTION 7 201 300 4680 6780 6780
1093 CONNECTION 7 219 300 5400 7500 7500
1094 CONNECTION 7 10 300 5580 7680 7680
1095 CONNECTION 7 30 300 6300 8400 8400
1096 CONNECTION 7 50 300 6480 8580 8580
1097 CONNECTION 7 70 300 7200 9300 9300
1098 SINK 7 0 -1 -1 0 0
1099 CONNECTION 145 164 -1 -1 3300 3300
1100 CONNECTION 145 200 -1 -1 4200 4200
1101 CONNECTION 145 9 -1 -1 5100 5100
1102 CONNECTION 145 49 300 3900 6000 6000
1103 CONNECTION 145 89 300 4800 6900 6900
1104 CONNECTION 145 129 300 5700 7800 7800
1105 CONNECTION 145 166 300 6600 8700 8700
1106 CONNECTION 145 202 300 7500 9600 9600
1107 CONNECTION 27 28 -1 -1 2520 2520
1108 CONNECTION 27 68 -1 -1 3420 3420
1109 CONNECTION 27 88 -1 -1 3600 3600
1110 CONNECTION 27 108 -1 -1 4320 4320
1111 CONNECTION 27 128 -1 -1 4500 4500
1112 CONNECTION 27 147 -1 -1 5220 5220
1113 CONNECTION 27 165 300 3300 5400 5400
1114 CONNECTION 27 183 300 4020 6120 6120
1115 CONNECTION 27 201 300 4200 6300 6300
1116 CONNECTION 27 219 300 4920 7020 7020
1117 CONNECTION 27 10 300 5100 7200 7200
1118 CONNECTION 27 30 300 5820 7920 7920
1119 CONNECTION 27 50 300 6000 8100 8100
1120 CONNECTION 27 70 300 6720 8820 8820
1121 CONNECTION 27 90 300 6900 9000 9000
1122 SINK 27 0 -1 -1 0 0
1123 CONNECTION 163 182 -1 -1 3600 3600
1124 CONNECTION 163 218 -1 -1 4500 4500
1125 CONNECTION 163 29 300 3300 5400 5400
1126 CONNECTION 163 69 300 4200 6300 6300
1127 CONNECTION 163 109 300 5100 7200 7200
1128 CONNECTION 163 148 300 6000 8100 8100
1129 CONNECTION 163 184 300 6900 9000 9000
1130 CONNECTION 47 48 -1 -1 2280 2280
1131 CONNECTION 47 68 -1 -1 3000 3000
1132 CONNECTION 47 88 -1 -1 3180 3180
1133 CONNECTION 47 108 -1 -1 3900 3900
1134 CONNECTION 47 128 -1 -1 4080 4080
1135 CONNECTION 47 147 -1 -1 4800 4800
1136 CONNECTION 47 165 -1 -1 4980 4980
1137 CONNECTION 47 183 300 3600 5700 5700
1138 CONNECTION 47 201 300 3780 5880 5880
1139 CONNECTION 47 219 300 4500 6600 6600
1140 CONNECTION 47 10 300 4680 6780 6780
1141 CONNECTION 47 30 300 5400 7500 7500
1142 CONNECTION 47 50 300 5580 7680 7680
1143 CONNECTION 47 70 300 6300 8400 8400
1144 CONNECTION 47 90 300 6480 8580 8580
1145 CONNECTION 47 110 300 7200 9300 9300
1146 SINK 47 0 -1 -1 0 0
1147 CONNECTION 181 200 -1 -1 3300 3300
1148 CONNECTION 181 9 -1 -1 4200 4200
1149 CONNECTION 181 49 -1 -1 5100 5100
1150 CONNECTION 181 89 300 3900 6000 6000
1151 CONNECTION 181 129 300 4800 6900 6900
1152 CONNECTION 181 166 300 5700 7800 7800
1153 CONNECTION 181 202 300 6600 8700 8700
1154 CONNECTION 181 11 300 7500 9600 9600
1155 CONNECTION 67 68 -1 -1 2520 2520
1156 CONNECTION 67 108 -1 -1 3420 3420
1157 CONNECTION 67 128 -1 -1 3600 3600
1158 CONNECTION 67 147 -1 -1 4320 4320
1159 CONNECTION 67 165 -1 -1 4500 4500
1160 CONNECTION 67 183 -1 -1 5220 5220
1161 CONNECTION 67 201 300 3300 5400 5400
1162 CONNECTION 67 219 300 4020 6120 6120
1163 CONNECTION 67 10 300 4200 6300 6300
1164 CONNECTION 67 30 300 4920 7020 7020
1165 CONNECTION 67 50 300 5100 7200 7200
1166 CONNECTION 67 70 300 5820 7920 7920
1167 CONNECTION 67 90 300 6000 8100 8100
1168 CONNECTION 67 110 300 6720 8820 8820
1169 CONNECTION 67 130 300 6900 9000 9000
1170 SINK 67 0 -1 -1 0 0
1171 CONNECTION 199 218 -1 -1 3600 3600
1172 CONNECTION 199 29 -1 -1 4500 4500
1173 CONNECTION 199 69 300 3300 5400 5400
1174 CONNECTION 199 109 300 4200 6300 6300
1175 CONNECTION 199 148 300 5100 7200 7200
1176 CONNECTION 199 184 300 6000 8100 8100
1177 CONNECTION 199 220 300 6900 9000 9000
1178 CONNECTION 87 88 -1 -1 2280 2280
1179 CONNECTION 87 108 -1 -1 3000 3000
1180 CONNECTION 87 128 -1 -1 3180 3180
1181 CONNECTION 87 147 -1 -1 3900 3900
1182 CONNECTION 87 165 -1 -1 4080 4080
1183 CONNECTION 87 183 -1 -1 4800 4800
1184 CONNECTION 87 201 -1 -1 4980 4980
1185 CONNECTION 87 219 300 3600 5700 5700
1186 CONNECTION 87 10 300 3780 5880 5880
1187 CONNECTION 87 30 300 4500 6600 6600
1188 CONNECTION 87 50 300 4680 6780 6780
1189 CONNECTION 87 70 300 5400 7500 7500
1190 CONNECTION 87 90 300 5580 7680 7680
1191 CONNECTION 87 110 300 6300 8400 8400
1192 CONNECTION 87 130 300 6480 8580 8580
1193 CONNECTION 87 149 300 7200 9300 9300
1194 SINK 87 0 -1 -1 0 0
1195 CONNECTION 217 9 -1 -1 3300 3300
1196 CONNECTION 217 49 -1 -1 4200 4200
1197 CONNECTION 217 89 -1 -1 5100 5100
1198 CONNECTION 217 129 300 3900 6000 6000
1199 CONNECTION 217 166 300 4800 6900 6900
1200 CONNECTION 217 202 300 5700 7800 7800
1201 CONNECTION 217 11 300 6600 8700 8700
1202 CONNECTION 217 51 300 7500 9600 9600
1203 CONNECTION 8 29 -1 -1 3600 3600
1204 CONNECTION 8 69 -1 -1 4500 4500
1205 CONNECTION 8 109 300 3300 5400 5400
1206 CONNECTION 8 148 300 4200 6300 6300
1207 CONNECTION 8 184 300 5100 7200 7200
1208 CONNECTION 8 220 300 6000 8100 8100
1209 CONNECTION 8 31 300 6900 9000 9000
1210 CONNECTION 107 108 -1 -1 2520 2520
1211 CONNECTION 107 147 -1 -1 3420 3420
1212 CONNECTION 107 165 -1 -1 3600 3600
1213 CONNECTION 107 183 -1 -1 4320 4320
1214 CONNECTION 107 201 -1 -1 4500 4500
1215 CONNECTION 107 219 -1 -1 5220 5220
1216 CONNECTION 107 10 300 3300 5400 5400
1217 CONNECTION 107 30 300 4020 6120 6120
1218 CONNECTION 107 50 300 4200 6300 6300
1219 CONNECTION 107 70 300 4920 7020 7020
1220 CONNECTION 107 90 300 5100 7200 7200
1221 CONNECTION 107 110 300 5820 7920 7920
1222 CONNECTION 107 130 300 6000 8100 8100
1223 CONNECTION 107 149 300 6720 8820 8820
1224 CONNECTION 107 167 300 6900 9000 9000
1225 SINK 107 0 -1 -1 0 0
1226 CONNECTION 127 128 -1 -1 2280 2280
1227 CONNECTION 127 147 -1 -1 3000 3000
1228 CONNECTION 127 165 -1 -1 3180 3180
1229 CONNECTION 127 183 -1 -1 3900 3900
1230 CONNECTION 127 201 -1 -1 4080 4080
1231 CONNECTION 127 219 -1 -1 4800 4800
1232 CONNECTION 127 10 -1 -1 4980 4980
1233 CONNECTION 127 30 300 3600 5700 5700
1234 CONNECTION 127 50 300 3780 5880 5880
1235 CONNECTION 127 70 300 4500 6600 6600
1236 CONNECTION 127 90 300 4680 6780 6780
1237 CONNECTION 127 110 300 5400 7500 7500
1238 CONNECTION 127 130 300 5580 7680 7680
1239 CONNECTION 127 149 300 6300 8400 8400
1240 CONNECTION 127 167 300 6480 8580 8580
1241 CONNECTION 127 185 300 7200 9300 9300
1242 SINK 127 0 -1 -1 0 0
1243 CONNECTION 28 49 -1 -1 3300 3300
1244 CONNECTION 28 89 -1 -1 4200 4200
1245 CONNECTION 28 129 -1 -1 5100 5100
1246 CONNECTION 28 166 300 3900 6000 6000
1247 CONNECTION 28 202 300 4800 6900 6900
1248 CONNECTION 28 11 300 5700 7800 7800
1249 CONNECTION 28 51 300 6600 8700 8700
1250 CONNECTION 28 91 300 7500 9600 9600
1251 CONNECTION 48 69 -1 -1 3600 3600
1252 CONNECTION 48 109 -1 -1 4500 4500
1253 CONNECTION 48 148 300 3300 5400 5400
1254 CONNECTION 48 184 300 4200 6300 6300
1255 CONNECTION 48 220 300 5100 7200 7200
1256 CONNECTION 48 31 300 6000 8100 8100
1257 CONNECTION 48 71 300 6900 9000 9000
1258 CONNECTION 146 147 -1 -1 2520 2520
1259 CONNECTION 146 183 -1 -1 3420 3420
1260 CONNECTION 146 201 -1 -1 3600 3600
1261 CONNECTION 146 219 -1 -1 4320 4320
1262 CONNECTION 146 10 -1 -1 4500 4500
1263 CONNECTION 146 30 -1 -1 5220 5220
1264 CONNECTION 146 50 300 3300 5400 5400
1265 CONNECTION 146 70 300 4020 6120 6120
1266 CONNECTION 146 90 300 4200 6300 6300
1267 CONNECTION 146 110 300 4920 7020 7020
1268 CONNECTION 146 130 300 5100 7200 7200
1269 CONNECTION 146 149 300 5820 7920 7920
1270 CONNECTION 146 167 300 6000 8100 8100
1271 CONNECTION 146 185 300 6720 8820 8820
1272 CONNECTION 146 203 300 6900 9000 9000
1273 SINK 146 0 -1 -1 0 0
1274 CONNECTION 164 165 -1 -1 2280 2280
1275 CONNECTION 164 183 -1 -1 3000 3000
1276 CONNECTION 164 201 -1 -1 3180 3180
1277 CONNECTION 164 219 -1 -1 3900 3900
1278 CONNECTION 164 10 -1 -1 4080 4080
1279 CONNECTION 164 30 -1 -1 4800 4800
1280 CONNECTION 164 50 -1 -1 4980 4980
1281 CONNECTION 164 70 300 3600 5700 5700
1282 CONNECTION 164 90 300 3780 5880 5880
1283 CONNECTION 164 110 300 4500 6600 6600
1284 CONNECTION 164 130 300 4680 6780 6780
1285 CONNECTION 164 149 300 5400 7500 7500
1286 CONNECTION 164 167 300 5580 7680 7680
1287 CONNECTION 164 185 300 6300 8400 8400
1288 CONNECTION 164 203 300 6480 8580 8580
1289 CONNECTION 164 221 300 7200 9300 9300
1290 SINK 164 0 -1 -1 0 0
1291 CONNECTION 68 89 -1 -1 3300 3300
1292 CONNECTION 68 129 -1 -1 4200 4200
1293 CONNECTION 68 166 -1 -1 5100 5100
1294 CONNECTION 68 202 300 3900 6000 6000
1295 CONNECTION 68 11 300 4800 6900 6900
1296 CONNECTION 68 51 300 5700 7800 7800
1297 CONNECTION 68 91 300 6600 8700 8700
1298 CONNECTION 68 131 300 7500 9600 9600
1299 CONNECTION 88 109 -1 -1 3600 3600
1300 CONNECTION 88 148 -1 -1 4500 4500
1301 CONNECTION 88 184 300 3300 5400 5400
1302 CONNECTION 88 220 300 4200 6300 6300
1303 CONNECTION 88 31 300 5100 7200 7200
1304 CONNECTION 88 71 300 6000 8100 8100
1305 CONNECTION 88 111 300 6900 9000 9000
1306 CONNECTION 182 183 -1 -1 2520 2520
1307 CONNECTION 182 219 -1 -1 3420 3420
1308 CONNECTION 182 10 -1 -1 3600 3600
1309 CONNECTION 182 30 -1 -1 4320 4320
1310 CONNECTION 182 50 -1 -1 4500 4500
1311 CONNECTION 182 70 -1 -1 5220 5220
1312 CONNECTION 182 90 300 3300 5400 5400
1313 CONNECTION 182 110 300 4020 6120 6120
1314 CONNECTION 182 130 300 4200 6300 6300
1315 CONNECTION 182 149 300 4920 7020 7020
1316 CONNECTION 182 167 300 5100 7200 7200
1317 CONNECTION 182 185 300 5820 7920 7920
1318 CONNECTION 182 203 300 6000 8100 8100
1319 CONNECTION 182 221 300 6720 8820 8820
1320 CONNECTION 182 12 300 6900 9000 9000
1321 SINK 182 0 -1 -1 0 0
1322 CONNECTION 200 201 -1 -1 2280 2280
1323 CONNECTION 200 219 -1 -1 3000 3000
1324 CONNECTION 200 10 -1 -1 3180 3180
1325 CONNECTION 200 30 -1 -1 3900 3900
1326 CONNECTION 200 50 -1 -1 4080 4080
1327 CONNECTION 200 70 -1 -1 4800 4800
1328 CONNECTION 200 90 -1 -1 4980 4980
1329 CONNECTION 200 110 300 3600 5700 5700
1330 CONNECTION 200 130 300 3780 5880 5880
1331 CONNECTION 200 149 300 4500 6600 6600
1332 CONNECTION 200 167 300 4680 6780 6780
1333 CONNECTION 200 185 300 5400 7500 7500
1334 CONNECTION 200 203 300 5580 7680 7680
1335 CONNECTION 200 221 300 6300 8400 8400
1336 CONNECTION 200 12 300 6480 8580 8580
1337 CONNECTION 200 32 300 7200 9300 9300
1338 SINK 200 0 -1 -1 0 0
1339 CONNECTION 108 129 -1 -1 3300 3300
1340 CONNECTION 108 166 -1 -1 4200 4200
1341 CONNECTION 108 202 -1 -1 5100 5100
1342 CONNECTION 108 11 300 3900 6000 6000
1343 CONNECTION 108 51 300 4800 6900 6900
1344 CONNECTION 108 91 300 5700 7800 7800
1345 CONNECTION 108 131 300 6600 8700 8700
1346 CONNECTION 108 168 300 7500 9600 9600
1347 CONNECTION 128 148 -1 -1 3600 3600
1348 CONNECTION 128 184 -1 -1 4500 4500
1349 CONNECTION 128 220 300 3300 5400 5400
1350 CONNECTION 128 31 300 4200 6300 6300
1351 CONNECTION 128 71 300 5100 7200 7200
1352 CONNECTION 128 111 300 6000 8100 8100
1353 CONNECTION 128 150 300 6900 9000 9000
1354 CONNECTION 218 219 -1 -1 2520 2520
1355 CONNECTION 218 30 -1 -1 3420 3420
1356 CONNECTION 218 50 -1 -1 3600 3600
1357 CONNECTION 218 70 -1 -1 4320 4320
1358 CONNECTION 218 90 -1 -1 4500 4500
1359 CONNECTION 218 110 -1 -1 5220 5220
1360 CONNECTION 218 130 300 3300 5400 5400
1361 CONNECTION 218 149 300 4020 6120 6120
1362 CONNECTION 218 167 300 4200 6300 6300
1363 CONNECTION 218 185 300 4920 7020 7020
1364 CONNECTION 218 203 300 5100 7200 7200
1365 CONNECTION 218 221 300 5820 7920 7920
1366 CONNECTION 218 12 300 6000 8100 8100
1367 CONNECTION 218 32 300 6720 8820 8820
1368 CONNECTION 218 52 300 6900 9000 9000
1369 SINK 218 0 -1 -1 0 0
1370 CONNECTION 9 10 -1 -1 2280 2280
1371 CONNECTION 9 30 -1 -1 3000 3000
1372 CONNECTION 9 50 -1 -1 3180 3180
1373 CONNECTION 9 70 -1 -1 3900 3900
1374 CONNECTION 9 90 -1 -1 4080 4080
1375 CONNECTION 9 110 -1 -1 4800 4800
1376 CONNECTION 9 130 -1 -1 4980 4980
1377 CONNECTION 9 149 300 3600 5700 5700
1378 CONNECTION 9 167 300 3780 5880 5880
1379 CONNECTION 9 185 300 4500 6600 6600
1380 CONNECTION 9 203 300 4680 6780 6780
1381 CONNECTION 9 221 300 5400 7500 7500
1382 CONNECTION 9 12 300 5580 7680 7680
1383 CONNECTION 9 32 300 6300 8400 8400
1384 CONNECTION 9 52 300 6480 8580 8580
1385 CONNECTION 9 72 300 7200 9300 9300
1386 SINK 9 0 -1 -1 0 0
1387 CONNECTION 147 166 -1 -1 3300 3300
1388 CONNECTION 147 202 -1 -1 4200 4200
1389 CONNECTION 147 11 -1 -1 5100 5100
1390 CONNECTION 147 51 300 3900 6000 6000
1391 CONNECTION 147 91 300 4800 6900 6900
1392 CONNECTION 147 131 300 5700 7800 7800
1393 CONNECTION 147 168 300 6600 8700 8700
1394 CONNECTION 147 204 300 7500 9600 9600
1395 CONNECTION 29 30 -1 -1 2520 2520
1396 CONNECTION 29 70 -1 -1 3420 3420
1397 CONNECTION 29 90 -1 -1 3600 3600
1398 CONNECTION 29 110 -1 -1 4320 4320
1399 CONNECTION 29 130 -1 -1 4500 4500
1400 CONNECTION 29 149 -1 -1 5220 5220
1401 CONNECTION 29 167 300 3300 5400 5400
1402 CONNECTION 29 185 300 4020 6120 6120
1403 CONNECTION 29 203 300 4200 6300 6300
1404 CONNECTION 29 221 300 4920 7020 7020
1405 CONNECTION 29 12 300 5100 7200 7200
1406 CONNECTION 29 32 300 5820 7920 7920
1407 CONNECTION 29 52 300 6000 8100 8100
1408 CONNECTION 29 72 300 6720 8820 8820
1409 CONNECTION 29 92 300 6900 9000 9000
1410 SINK 29 0 -1 -1 0 0
1411 CONNECTION 165 184 -1 -1 3600 3600
1412 CONNECTION 165 220 -1 -1 4500 4500
1413 CONNECTION 165 31 300 3300 5400 5400
1414 CONNECTION 165 71 300 4200 6300 6300
1415 CONNECTION 165 111 300 5100 7200 7200
1416 CONNECTION 165 150 300 6000 8100 8100
1417 CONNECTION 165 186 300 6900 9000 9000
1418 CONNECTION 49 50 -1 -1 2280 2280
1419 CONNECTION 49 70 -1 -1 3000 3000
1420 CONNECTION 49 90 -1 -1 3180 3180
1421 CONNECTION 49 110 -1 -1 3900 3900
1422 CONNECTION 49 130 -1 -1 4080 4080
1423 CONNECTION 49 149 -1 -1 4800 4800
1424 CONNECTION 49 167 -1 -1 4980 4980
1425 CONNECTION 49 185 300 3600 5700 5700
1426 CONNECTION 49 203 300 3780 5880 5880
1427 CONNECTION 49 221 300 4500 6600 6600
1428 CONNECTION 49 12 300 4680 6780 6780
1429 CONNECTION 49 32 300 5400 7500 7500
1430 CONNECTION 49 52 300 5580 7680 7680
1431 CONNECTION 49 72 300 6300 8400 8400
1432 CONNECTION 49 92 300 6480 8580 8580
1433 CONNECTION 49 112 300 7200 9300 9300
1434 SINK 49 0 -1 -1 0 0
1435 CONNECTION 183 202 -1 -1 3300 3300
1436 CONNECTION 183 11 -1 -1 4200 4200
1437 CONNECTION 183 51 -1 -1 5100 5100
1438 CONNECTION 183 91 300 3900 6000 6000
1439 CONNECTION 183 131 300 4800 6900 6900
1440 CONNECTION 183 168 300 5700 7800 7800
1441 CONNECTION 183 204 300 6600 8700 8700
1442 CONNECTION 183 13 300 7500 9600 9600
1443 CONNECTION 69 70 -1 -1 2520 2520
1444 CONNECTION 69 110 -1 -1 3420 3420
1445 CONNECTION 69 130 -1 -1 3600 3600
1446 CONNECTION 69 149 -1 -1 4320 4320
1447 CONNECTION 69 167 -1 -1 4500 4500
1448 CONNECTION 69 185 -1 -1 5220 5220
1449 CONNECTION 69 203 300 3300 5400 5400
1450 CONNECTION 69 221 300 4020 6120 6120
1451 CONNECTION 69 12 300 4200 6300 6300
1452 CONNECTION 69 32 300 4920 7020 7020
1453 CONNECTION 69 52 300 5100 7200 7200
1454 CONNECTION 69 72 300 5820 7920 7920
1455 CONNECTION 69 92 300 6000 8100 8100
1456 CONNECTION 69 112 300 6720 8820 8820
1457 CONNECTION 69 132 300 6900 9000 9000
1458 SINK 69 0 -1 -1 0 0
1459 CONNECTION 201 220 -1 -1 3600 3600
1460 CONNECTION 201 31 -1 -1 4500 4500
1461 CONNECTION 201 71 300 3300 5400 5400
1462 CONNECTION 201 111 300 4200 6300 6300
1463 CONNECTION 201 150 300 5100 7200 7200
1464 CONNECTION 201 186 300 6000 8100 8100
1465 CONNECTION 201 222 300 6900 9000 9000
1466 CONNECTION 89 90 -1 -1 2280 2280
1467 CONNECTION 89 110 -1 -1 3000 3000
1468 CONNECTION 89 130 -1 -1 3180 3180
1469 CONNECTION 89 149 -1 -1 3900 3900
1470 CONNECTION 89 167 -1 -1 4080 4080
1471 CONNECTION 89 185 -1 -1 4800 4800
1472 CONNECTION 89 203 -1 -1 4980 4980
1473 CONNECTION 89 221 300 3600 5700 5700
1474 CONNECTION 89 12 300 3780 5880 5880
1475 CONNECTION 89 32 300 4500 6600 6600
1476 CONNECTION 89 52 300 4680 6780 6780
1477 CONNECTION 89 72 300 5400 7500 7500
1478 CONNECTION 89 92 300 5580 7680 7680
1479 CONNECTION 89 112 300 6300 8400 8400
1480 CONNECTION 89 132 300 6480 8580 8580
1481 CONNECTION 89 151 300 7200 9300 9300
1482 SINK 89 0 -1 -1 0 0
1483 CONNECTION 219 11 -1 -1 3300 3300
1484 CONNECTION 219 51 -1 -1 4200 4200
1485 CONNECTION 219 91 -1 -1 5100 5100
1486 CONNECTION 219 131 300 3900 6000 6000
1487 CONNECTION 219 168 300 4800 6900 6900
1488 CONNECTION 219 204 300 5700 7800 7800
1489 CONNECTION 219 13 300 6600 8700 8700
1490 CONNECTION 219 53 300 7500 9600 9600
1491 CONNECTION 10 31 -1 -1 3600 3600
1492 CONNECTION 10 71 -1 -1 4500 4500
1493 CONNECTION 10 111 300 3300 5400 5400
1494 CONNECTION 10 150 300 4200 6300 6300
1495 CONNECTION 10 186 300 5100 7200 7200
1496 CONNECTION 10 222 300 6000 8100 8100
1497 CONNECTION 10 33 300 6900 9000 9000
1498 CONNECTION 109 110 -1 -1 2520 2520
1499 CONNECTION 109 149 -1 -1 3420 3420
1500 CONNECTION 109 167 -1 -1 3600 3600
1501 CONNECTION 109 185 -1 -1 4320 4320
1502 CONNECTION 109 203 -1 -1 4500 4500
1503 CONNECTION 109 221 -1 -1 5220 5220
1504 CONNECTION 109 12 300 3300 5400 5400
1505 CONNECTION 109 32 300 4020 6120 6120
1506 CONNECTION 109 52 300 4200 6300 6300
1507 CONNECTION 109 72 300 4920 7020 7020
1508 CONNECTION 109 92 300 5100 7200 7200
1509 CONNECTION 109 112 300 5820 7920 7920
1510 CONNECTION 109 132 300 6000 8100 8100
1511 CONNECTION 109 151 300 6720 8820 8820
1512 CONNECTION 109 169 300 6900 9000 9000
1513 SINK 109 0 -1 -1 0 0
1514 CONNECTION 129 130 -1 -1 2280 2280
1515 CONNECTION 129 149 -1 -1 3000 3000
1516 CONNECTION 129 167 -1 -1 3180 3180
1517 CONNECTION 129 185 -1 -1 3900 3900
1518 CONNECTION 129 203 -1 -1 4080 4080
1519 CONNECTION 129 221 -1 -1 4800 4800
1520 CONNECTION 129 12 -1 -1 4980 4980
1521 CONNECTION 129 32 300 3600 5700 5700
1522 CONNECTION 129 52 300 3780 5880 5880
1523 CONNECTION 129 72 300 4500 6600 6600
1524 CONNECTION 129 92 300 4680 6780 6780
1525 CONNECTION 129 112 300 5400 7500 7500
1526 CONNECTION 129 132 300 5580 7680 7680
1527 CONNECTION 129 151 300 6300 8400 8400
1528 CONNECTION 129 169 300 6480 8580 8580
1529 CONNECTION 129 187 300 7200 9300 9300
1530 SINK 129 0 -1 -1 0 0
1531 CONNECTION 30 51 -1 -1 3300 3300
1532 CONNECTION 30 91 -1 -1 4200 4200
1533 CONNECTION 30 131 -1 -1 5100 5100
1534 CONNECTION 30 168 300 3900 6000 6000
1535 CONNECTION 30 204 300 4800 6900 6900
1536 CONNECTION 30 13 300 5700 7800 7800
1537 CONNECTION 30 53 300 6600 8700 8700
1538 CONNECTION 30 93 300 7500 9600 9600
1539 CONNECTION 50 71 -1 -1 3600 3600
1540 CONNECTION 50 111 -1 -1 4500 4500
1541 CONNECTION 50 150 300 3300 5400 5400
1542 CONNECTION 50 186 300 4200 6300 6300
1543 CONNECTION 50 222 300 5100 7200 7200
1544 CONNECTION 50 33 300 6000 8100 8100
1545 CONNECTION 50 73 300 6900 9000 9000
1546 CONNECTION 148 149 -1 -1 2520 2520
1547 CONNECTION 148 185 -1 -1 3420 3420
1548 CONNECTION 148 203 -1 -1 3600 3600
1549 CONNECTION 148 221 -1 -1 4320 4320
1550 CONNECTION 148 12 -1 -1 4500 4500
1551 CONNECTION 148 32 -1 -1 5220 5220
1552 CONNECTION 148 52 300 3300 5400 5400
1553 CONNECTION 148 72 300 4020 6120 6120
1554 CONNECTION 148 92 300 4200 6300 6300
1555 CONNECTION 148 112 300 4920 7020 7020
1556 CONNECTION 148 132 300 5100 7200 7200
1557 CONNECTION 148 151 300 5820 7920 7920
1558 CONNECTION 148 169 300 6000 8100 8100
1559 CONNECTION 148 187 300 6720 8820 8820
1560 CONNECTION 148 205 300 6900 9000 9000
1561 SINK 148 0 -1 -1 0 0
1562 CONNECTION 166 167 -1 -1 2280 2280
1563 CONNECTION 166 185 -1 -1 3000 3000
1564 CONNECTION 166 203 -1 -1 3180 3180
1565 CONNECTION 166 221 -1 -1 3900 3900
1566 CONNECTION 166 12 -1 -1 4080 4080
1567 CONNECTION 166 32 -1 -1 4800 4800
1568 CONNECTION 166 52 -1 -1 4980 4980
1569 CONNECTION 166 72 300 3600 5700 5700
1570 CONNECTION 166 92 300 3780 5880 5880
1571 CONNECTION 166 112 300 4500 6600 6600
1572 CONNECTION 166 132 300 4680 6780 6780
1573 CONNECTION 166 151 300 5400 7500 7500
1574 CONNECTION 166 169 300 5580 7680 7680
1575 CONNECTION 166 187 300 6300 8400 8400
1576 CONNECTION 166 205 300 6480 8580 8580
1577 CONNECTION 166 223 300 7200 9300 9300
1578 SINK 166 0 -1 -1 0 0
1579 CONNECTION 70 91 -1 -1 3300 3300
1580 CONNECTION 70 131 -1 -1 4200 4200
1581 CONNECTION 70 168 -1 -1 5100 5100
1582 CONNECTION 70 204 300 3900 6000 6000
1583 CONNECTION 70 13 300 4800 6900 6900
1584 CONNECTION 70 53 300 5700 7800 7800
1585 CONNECTION 70 93 300 6600 8700 8700
1586 CONNECTION 70 133 300 7500 9600 9600
1587 CONNECTION 90 111 -1 -1 3600 3600
1588 CONNECTION 90 150 -1 -1 4500 4500
1589 CONNECTION 90 186 300 3300 5400 5400
1590 CONNECTION 90 222 300 4200 6300 6300
1591 CONNECTION 90 33 300 5100 7200 7200
1592 CONNECTION 90 73 300 6000 8100 8100
1593 CONNECTION 90 113 300 6900 9000 9000
1594 CONNECTION 184 185 -1 -1 2520 2520
1595 CONNECTION 184 221 -1 -1 3420 3420
1596 CONNECTION 184 12 -1 -1 3600 3600
1597 CONNECTION 184 32 -1 -1 4320 4320
1598 CONNECTION 184 52 -1 -1 4500 4500
1599 CONNECTION 184 72 -1 -1 5220 5220
1600 CONNECTION 184 92 300 3300 5400 5400
1601 CONNECTION 184 112 300 4020 6120 6120
1602 CONNECTION 184 132 300 4200 6300 6300
1603 CONNECTION 184 151 300 4920 7020 7020
1604 CONNECTION 184 169 300 5100 7200 7200
1605 CONNECTION 184 187 300 5820 7920 7920
1606 CONNECTION 184 205 300 6000 8100 8100
1607 CONNECTION 184 223 300 6720 8820 8820
1608 CONNECTION 184 14 300 6900 9000 9000
1609 SINK 184 0 -1 -1 0 0
1610 CONNECTION 202 203 -1 -1 2280 2280
1611 CONNECTION 202 221 -1 -1 3000 3000
1612 CONNECTION 202 12 -1 -1 3180 3180
1613 CONNECTION 202 32 -1 -1 3900 3900
1614 CONNECTION 202 52 -1 -1 4080 4080
1615 CONNECTION 202 72 -1 -1 4800 4800
1616 CONNECTION 202 92 -1 -1 4980 4980
1617 CONNECTION 202 112 300 3600 5700 5700
1618 CONNECTION 202 132 300 3780 5880 5880
1619 CONNECTION 202 151 300 4500 6600 6600
1620 CONNECTION 202 169 300 4680 6780 6780
1621 CONNECTION 202 187 300 5400 7500 7500
1622 CONNECTION 202 205 300 5580 7680 7680
1623 CONNECTION 202 223 300 6300 8400 8400
1624 CONNECTION 202 14 300 6480 8580 8580
1625 CONNECTION 202 34 300 7200 9300 9300
1626 SINK 202 0 -1 -1 0 0
1627 CONNECTION 110 131 -1 -1 3300 3300
1628 CONNECTION 110 168 -1 -1 4200 4200
1629 CONNECTION 110 204 -1 -1 5100 5100
1630 CONNECTION 110 13 300 3900 6000 6000
1631 CONNECTION 110 53 300 4800 6900 6900
1632 CONNECTION 110 93 300 5700 7800 7800
1633 CONNECTION 110 133 300 6600 8700 8700
1634 CONNECTION 110 170 300 7500 9600 9600
1635 CONNECTION 130 150 -1 -1 3600 3600
1636 CONNECTION 130 186 -1 -1 4500 4500
1637 CONNECTION 130 222 300 3300 5400 5400
1638 CONNECTION 130 33 300 4200 6300 6300
1639 CONNECTION 130 73 300 5100 7200 7200
1640 CONNECTION 130 113 300 6000 8100 8100
1641 CONNECTION 130 152 300 6900 9000 9000
1642 CONNECTION 220 221 -1 -1 2520 2520
1643 CONNECTION 220 32 -1 -1 3420 3420
1644 CONNECTION 220 52 -1 -1 3600 3600
1645 CONNECTION 220 72 -1 -1 4320 4320
1646 CONNECTION 220 92 -1 -1 4500 4500
1647 CONNECTION 220 112 -1 -1 5220 5220
1648 CONNECTION 220 132 300 3300 5400 5400
1649 CONNECTION 220 151 300 4020 6120 6120
1650 CONNECTION 220 169 300 4200 6300 6300
1651 CONNECTION 220 187 300 4920 7020 7020
1652 CONNECTION 220 205 300 5100 7200 7200
1653 CONNECTION 220 223 300 5820 7920 7920
1654 CONNECTION 220 14 300 6000 8100 8100
1655 CONNECTION 220 34 300 6720 8820 8820
1656 CONNECTION 220 54 300 6900 9000 9000
1657 SINK 220 0 -1 -1 0 0
1658 CONNECTION 11 12 -1 -1 2280 2280
1659 CONNECTION 11 32 -1 -1 3000 3000
1660 CONNECTION 11 52 -1 -1 3180 3180
1661 CONNECTION 11 72 -1 -1 3900 3900
1662 CONNECTION 11 92 -1 -1 4080 4080
1663 CONNECTION 11 112 -1 -1 4800 4800
1664 CONNECTION 11 132 -1 -1 4980 4980
1665 CONNECTION 11 151 300 3600 5700 5700
1666 CONNECTION 11 169 300 3780 5880 5880
1667 CONNECTION 11 187 300 4500 6600 6600
1668 CONNECTION 11 205 300 4680 6780 6780
1669 CONNECTION 11 223 300 5400 7500 7500
1670 CONNECTION 11 14 300 5580 7680 7680
1671 CONNECTION 11 34 300 6300 8400 8400
1672 CONNECTION 11 54 300 6480 8580 8580
1673 CONNECTION 11 74 300 7200 9300 9300
1674 SINK 11 0 -1 -1 0 0
1675 CONNECTION 149 168 -1 -1 3300 3300
1676 CONNECTION 149 204 -1 -1 4200 4200
1677 CONNECTION 149 13 -1 -1 5100 5100
1678 CONNECTION 149 53 300 3900 6000 6000
1679 CONNECTION 149 93 300 4800 6900 6900
1680 CONNECTION 149 133 300 5700 7800 7800
1681 CONNECTION 149 170 300 6600 8700 8700
1682 CONNECTION 149 206 300 7500 9600 9600
1683 CONNECTION 31 32 -1 -1 2520 2520
1684 CONNECTION 31 72 -1 -1 3420 3420
1685 CONNECTION 31 92 -1 -1 3600 3600
1686 CONNECTION 31 112 -1 -1 4320 4320
1687 CONNECTION 31 132 -1 -1 4500 4500
1688 CONNECTION 31 151 -1 -1 5220 5220
1689 CONNECTION 31 169 300 3300 5400 5400
1690 CONNECTION 31 187 300 4020 6120 6120
1691 CONNECTION 31 205 300 4200 6300 6300
1692 CONNECTION 31 223 300 4920 7020 7020
1693 CONNECTION 31 14 300 5100 7200 7200
1694 CONNECTION 31 34 300 5820 7920 7920
1695 CONNECTION 31 54 300 6000 8100 8100
1696 CONNECTION 31 74 300 6720 8820 8820
1697 CONNECTION 31 94 300 6900 9000 9000
1698 SINK 31 0 -1 -1 0 0
1699 CONNECTION 167 186 -1 -1 3600 3600
1700 CONNECTION 167 222 -1 -1 4500 4500
1701 CONNECTION 167 33 300 3300 5400 5400
1702 CONNECTION 167 73 300 4200 6300 6300
1703 CONNECTION 167 113 300 5100 7200 7200
1704 CONNECTION 167 152 300 6000 8100 8100
1705 CONNECTION 167 188 300 6900 9000 9000
1706 CONNECTION 51 52 -1 -1 2280 2280
1707 CONNECTION 51 72 -1 -1 3000 3000
1708 CONNECTION 51 92 -1 -1 3180 3180
1709 CONNECTION 51 112 -1 -1 3900 3900
1710 CONNECTION 51 132 -1 -1 4080 4080
1711 CONNECTION 51 151 -1 -1 4800 4800
1712 CONNECTION 51 169 -1 -1 4980 4980
1713 CONNECTION 51 187 300 3600 5700 5700
1714 CONNECTION 51 205 300 3780 5880 5880
1715 CONNECTION 51 223 300 4500 6600 6600
1716 CONNECTION 51 14 300 4680 6780 6780
1717 CONNECTION 51 34 300 5400 7500 7500
1718 CONNECTION 51 54 300 5580 7680 7680
1719 CONNECTION 51 74 300 6300 8400 8400
1720 CONNECTION 51 94 300 6480 8580 8580
1721 CONNECTION 51 114 300 7200 9300 9300
1722 SINK 51 0 -1 -1 0 0
1723 CONNECTION 185 204 -1 -1 3300 3300
1724 CONNECTION 185 13 -1 -1 4200 4200
1725 CONNECTION 185 53 -1 -1 5100 5100
1726 CONNECTION 185 93 300 3900 6000 6000
1727 CONNECTION 185 133 300 4800 6900 6900
1728 CONNECTION 185 170 300 5700 7800 7800
1729 CONNECTION 185 206 300 6600 8700 8700
1730 CONNECTION 185 15 300 7500 9600 9600
1731 CONNECTION 71 72 -1 -1 2520 2520
1732 CONNECTION 71 112 -1 -1 3420 3420
1733 CONNECTION 71 132 -1 -1 3600 3600
1734 CONNECTION 71 151 -1 -1 4320 4320
1735 CONNECTION 71 169 -1 -1 4500 4500
1736 CONNECTION 71 187 -1 -1 5220 5220
1737 CONNECTION 71 205 300 3300 5400 5400
1738 CONNECTION 71 223 300 4020 6120 6120
1739 CONNECTION 71 14 300 4200 6300 6300
1740 CONNECTION 71 34 300 4920 7020 7020
1741 CONNECTION 71 54 300 5100 7200 7200
1742 CONNECTION 71 74 300 5820 7920 7920
1743 CONNECTION 71 94 300 6000 8100 8100
1744 CONNECTION 71 114 300 6720 8820 8820
1745 CONNECTION 71 134 300 6900 9000 9000
1746 SINK 71 0 -1 -1 0 0
1747 CONNECTION 203 222 -1 -1 3600 3600
1748 CONNECTION 203 33 -1 -1 4500 4500
1749 CONNECTION 203 73 300 3300 5400 5400
1750 CONNECTION 203 113 300 4200 6300 6300
1751 CONNECTION 203 152 300 5100 7200 7200
1752 CONNECTION 203 188 300 6000 8100 8100
1753 CONNECTION 203 224 300 6900 9000 9000
1754 CONNECTION 91 92 -1 -1 2280 2280
1755 CONNECTION 91 112 -1 -1 3000 3000
1756 CONNECTION 91 132 -1 -1 3180 3180
1757 CONNECTION 91 151 -1 -1 3900 3900
1758 CONNECTION 91 169 -1 -1 4080 4080
1759 CONNECTION 91 187 -1 -1 4800 4800
1760 CONNECTION 91 205 -1 -1 4980 4980
1761 CONNECTION 91 223 300 3600 5700 5700
1762 CONNECTION 91 14 300 3780 5880 5880
1763 CONNECTION 91 34 300 4500 6600 6600
1764 CONNECTION 91 54 300 4680 6780 6780
1765 CONNECTION 91 74 300 5400 7500 7500
1766 CONNECTION 91 94 300 5580 7680 7680
1767 CONNECTION 91 114 300 6300 8400 8400
1768 CONNECTION 91 134 300 6480 8580 8580
1769 CONNECTION 91 153 300 7200 9300 9300
1770 SINK 91 0 -1 -1 0 0
1771 CONNECTION 221 13 -1 -1 3300 3300
1772 CONNECTION 221 53 -1 -1 4200 4200
1773 CONNECTION 221 93 -1 -1 5100 5100
1774 CONNECTION 221 133 300 3900 6000 6000
1775 CONNECTION 221 170 300 4800 6900 6900
1776 CONNECTION 221 206 300 5700 7800 7800
1777 CONNECTION 221 15 300 6600 8700 8700
1778 CONNECTION 221 55 300 7500 9600 9600
1779 CONNECTION 12 33 -1 -1 3600 3600
1780 CONNECTION 12 73 -1 -1 4500 4500
1781 CONNECTION 12 113 300 3300 5400 5400
1782 CONNECTION 12 152 300 4200 6300 6300
1783 CONNECTION 12 188 300 5100 7200 7200
1784 CONNECTION 12 224 300 6000 8100 8100
1785 CONNECTION 12 35 300 6900 9000 9000
1786 CONNECTION 111 112 -1 -1 2520 2520
1787 CONNECTION 111 151 -1 -1 3420 3420
1788 CONNECTION 111 169 -1 -1 3600 3600
1789 CONNECTION 111 187 -1 -1 4320 4320
1790 CONNECTION 111 205 -1 -1 4500 4500
1791 CONNECTION 111 223 -1 -1 5220 5220
1792 CONNECTION 111 14 300 3300 5400 5400
1793 CONNECTION 111 34 300 4020 6120 6120
1794 CONNECTION 111 54 300 4200 6300 6300
1795 CONNECTION 111 74 300 4920 7020 7020
1796 CONNECTION 111 94 300 5100 7200 7200
1797 CONNECTION 111 114 300 5820 7920 7920
1798 CONNECTION 111 134 300 6000 8100 8100
1799 CONNECTION 111 153 300 6720 8820 8820
1800 CONNECTION 111 171 300 6900 9000 9000
1801 SINK 111 0 -1 -1 0 0
1802 CONNECTION 131 132 -1 -1 2280 2280
1803 CONNECTION 131 151 -1 -1 3000 3000
1804 CONNECTION 131 169 -1 -1 3180 3180
1805 CONNECTION 131 187 -1 -1 3900 3900
1806 CONNECTION 131 205 -1 -1 4080 4080
1807 CONNECTION 131 223 -1 -1 4800 4800
1808 CONNECTION 131 14 -1 -1 4980 4980
1809 CONNECTION 131 34 300 3600 5700 5700
1810 CONNECTION 131 54 300 3780 5880 5880
1811 CONNECTION 131 74 300 4500 6600 6600
1812 CONNECTION 131 94 300 4680 6780 6780
1813 CONNECTION 131 114 300 5400 7500 7500
1814 CONNECTION 131 134 300 5580 7680 7680
1815 CONNECTION 131 153 300 6300 8400 8400
1816 CONNECTION 131 171 300 6480 8580 8580
1817 CONNECTION 131 189 300 7200 9300 9300
1818 SINK 131 0 -1 -1 0 0
1819 CONNECTION 32 53 -1 -1 3300 3300
1820 CONNECTION 32 93 -1 -1 4200 4200
1821 CONNECTION 32 133 -1 -1 5100 5100
1822 CONNECTION 32 170 300 3900 6000 6000
1823 CONNECTION 32 206 300 4800 6900 6900
1824 CONNECTION 32 15 300 5700 7800 7800
1825 CONNECTION 32 55 300 6600 8700 8700
1826 CONNECTION 32 95 300 7500 9600 9600
1827 CONNECTION 52 73 -1 -1 3600 3600
1828 CONNECTION 52 113 -1 -1 4500 4500
1829 CONNECTION 52 152 300 3300 5400 5400
1830 CONNECTION 52 188 300 4200 6300 6300
1831 CONNECTION 52 224 300 5100 7200 7200
1832 CONNECTION 52 35 300 6000 8100 8100
1833 CONNECTION 52 75 300 6900 9000 9000
1834 CONNECTION 150 151 -1 -1 2520 2520
1835 CONNECTION 150 187 -1 -1 3420 3420
1836 CONNECTION 150 205 -1 -1 3600 3600
1837 CONNECTION 150 223 -1 -1 4320 4320
1838 CONNECTION 150 14 -1 -1 4500 4500
1839 CONNECTION 150 34 -1 -1 5220 5220
1840 CONNECTION 150 54 300 3300 5400 5400
1841 CONNECTION 150 74 300 4020 6120 6120
1842 CONNECTION 150 94 300 4200 6300 6300
1843 CONNECTION 150 114 300 4920 7020 7020
1844 CONNECTION 150 134 300 5100 7200 7200
1845 CONNECTION 150 153 300 5820 7920 7920
1846 CONNECTION 150 171 300 6000 8100 8100
1847 CONNECTION 150 189 300 6720 8820 8820
1848 CONNECTION 150 207 300 6900 9000 9000
1849 SINK 150 0 -1 -1 0 0
1850 CONNECTION 168 169 -1 -1 2280 2280
1851 CONNECTION 168 187 -1 -1 3000 3000
1852 CONNECTION 168 205 -1 -1 3180 3180
1853 CONNECTION 168 223 -1 -1 3900 3900
1854 CONNECTION 168 14 -1 -1 4080 4080
1855 CONNECTION 168 34 -1 -1 4800 4800
1856 CONNECTION 168 54 -1 -1 4980 4980
1857 CONNECTION 168 74 300 3600 5700 5700
1858 CONNECTION 168 94 300 3780 5880 5880
1859 CONNECTION 168 114 300 4500 6600 6600
1860 CONNECTION 168 134 300 4680 6780 6780
1861 CONNECTION 168 153 300 5400 7500 7500
1862 CONNECTION 168 171 300 5580 7680 7680
1863 CONNECTION 168 189 300 6300 8400 8400
1864 CONNECTION 168 207 300 6480 8580 8580
1865 CONNECTION 168 225 300 7200 9300 9300
1866 SINK 168 0 -1 -1 0 0
1867 CONNECTION 72 93 -1 -1 3300 3300
1868 CONNECTION 72 133 -1 -1 4200 4200
1869 CONNECTION 72 170 -1 -1 5100 5100
1870 CONNECTION 72 206 300 3900 6000 6000
1871 CONNECTION 72 15 300 4800 6900 6900
1872 CONNECTION 72 55 300 5700 7800 7800
1873 CONNECTION 72 95 300 6600 8700 8700
1874 CONNECTION 72 135 300 7500 9600 9600
1875 CONNECTION 92 113 -1 -1 3600 3600
1876 CONNECTION 92 152 -1 -1 4500 4500
1877 CONNECTION 92 188 300 3300 5400 5400
1878 CONNECTION 92 224 300 4200 6300 6300
1879 CONNECTION 92 35 300 5100 7200 7200
1880 CONNECTION 92 75 300 6000 8100 8100
1881 CONNECTION 92 115 300 6900 9000 9000
1882 CONNECTION 186 187 -1 -1 2520 2520
1883 CONNECTION 186 223 -1 -1 3420 3420
1884 CONNECTION 186 14 -1 -1 3600 3600
1885 CONNECTION 186 34 -1 -1 4320 4320
1886 CONNECTION 186 54 -1 -1 4500 4500
1887 CONNECTION 186 74 -1 -1 5220 5220
1888 CONNECTION 186 94 300 3300 5400 5400
1889 CONNECTION 186 114 300 4020 6120 6120
1890 CONNECTION 186 134 300 4200 6300 6300
1891 CONNECTION 186 153 300 4920 7020 7020
1892 CONNECTION 186 171 300 5100 7200 7200
1893 CONNECTION 186 189 300 5820 7920 7920
1894 CONNECTION 186 207 300 6000 8100 8100
1895 CONNECTION 186 225 300 6720 8820 8820
1896 CONNECTION 186 16 300 6900 9000 9000
1897 SINK 186 0 -1 -1 0 0
1898 CONNECTION 204 205 -1 -1 2280 2280
1899 CONNECTION 204 223 -1 -1 3000 3000
1900 CONNECTION 204 14 -1 -1 3180 3180
1901 CONNECTION 204 34 -1 -1 3900 3900
1902 CONNECTION 204 54 -1 -1 4080 4080
1903 CONNECTION 204 74 -1 -1 4800 4800
1904 CONNECTION 204 94 -1 -1 4980 4980
1905 CONNECTION 204 114 300 3600 5700 5700
1906 CONNECTION 204 134 300 3780 5880 5880
1907 CONNECTION 204 153 300 4500 6600 6600
1908 CONNECTION 204 171 300 4680 6780 6780
1909 CONNECTION 204 189 300 5400 7500 7500
1910 CONNECTION 204 207 300 5580 7680 7680
1911 CONNECTION 204 225 300 6300 8400 8400
1912 CONNECTION 204 16 300 6480 8580 8580
1913 CONNECTION 204 36 300 7200 9300 9300
1914 SINK 204 0 -1 -1 0 0
1915 CONNECTION 112 133 -1 -1 3300 3300
1916 CONNECTION 112 170 -1 -1 4200 4200
1917 CONNECTION 112 206 -1 -1 5100 5100
1918 CONNECTION 112 15 300 3900 6000 6000
1919 CONNECTION 112 55 300 4800 6900 6900
1920 CONNECTION 112 95 300 5700 7800 7800
1921 CONNECTION 112 135 300 6600 8700 8700
1922 CONNECTION 112 172 300 7500 9600 9600
1923 CONNECTION 132 152 -1 -1 3600 3600
1924 CONNECTION 132 188 -1 -1 4500 4500
1925 CONNECTION 132 224 300 3300 5400 5400
1926 CONNECTION 132 35 300 4200 6300 6300
1927 CONNECTION 132 75 300 5100 7200 7200
1928 CONNECTION 132 115 300 6000 8100 8100
1929 CONNECTION 132 154 300 6900 9000 9000
1930 CONNECTION 222 223 -1 -1 2520 2520
1931 CONNECTION 222 34 -1 -1 3420 3420
1932 CONNECTION 222 54 -1 -1 3600 3600
1933 CONNECTION 222 74 -1 -1 4320 4320
1934 CONNECTION 222 94 -1 -1 4500 4500
1935 CONNECTION 222 114 -1 -1 5220 5220
1936 CONNECTION 222 134 300 3300 5400 5400
1937 CONNECTION 222 153 300 4020 6120 6120
1938 CONNECTION 222 171 300 4200 6300 6300
1939 CONNECTION 222 189 300 4920 7020 7020
1940 CONNECTION 222 207 300 5100 7200 7200
1941 CONNECTION 222 225 300 5820 7920 7920
1942 CONNECTION 222 16 300 6000 8100 8100
1943 CONNECTION 222 36 300 6720 8820 8820
1944 CONNECTION 222 56 300 6900 9000 9000
1945 SINK 222 0 -1 -1 0 0
1946 CONNECTION 13 14 -1 -1 2280 2280
1947 CONNECTION 13 34 -1 -1 3000 3000
1948 CONNECTION 13 54 -1 -1 3180 3180
1949 CONNECTION 13 74 -1 -1 3900 3900
1950 CONNECTION 13 94 -1 -1 4080 4080
1951 CONNECTION 13 114 -1 -1 4800 4800
1952 CONNECTION 13 134 -1 -1 4980 4980
1953 CONNECTION 13 153 300 3600 5700 5700
1954 CONNECTION 13 171 300 3780 5880 5880
1955 CONNECTION 13 189 300 4500 6600 6600
1956 CONNECTION 13 207 300 4680 6780 6780
1957 CONNECTION 13 225 300 5400 7500 7500
1958 CONNECTION 13 16 300 5580 7680 7680
1959 CONNECTION 13 36 300 6300 8400 8400
1960 CONNECTION 13 56 300 6480 8580 8580
1961 CONNECTION 13 76 300 7200 9300 9300
1962 SINK 13 0 -1 -1 0 0
1963 CONNECTION 151 170 -1 -1 3300 3300
1964 CONNECTION 151 206 -1 -1 4200 4200
1965 CONNECTION 151 15 -1 -1 5100 5100
1966 CONNECTION 151 55 300 3900 6000 6000
1967 CONNECTION 151 95 300 4800 6900 6900
1968 CONNECTION 151 135 300 5700 7800 7800
1969 CONNECTION 151 172 300 6600 8700 8700
1970 CONNECTION 151 208 300 7500 9600 9600
1971 CONNECTION 33 34 -1 -1 2520 2520
1972 CONNECTION 33 74 -1 -1 3420 3420
1973 CONNECTION 33 94 -1 -1 3600 3600
1974 CONNECTION 33 114 -1 -1 4320 4320
1975 CONNECTION 33 134 -1 -1 4500 4500
1976 CONNECTION 33 153 -1 -1 5220 5220
1977 CONNECTION 33 171 300 3300 5400 5400
1978 CONNECTION 33 189 300 4020 6120 6120
1979 CONNECTION 33 207 300 4200 6300 6300
1980 CONNECTION 33 225 300 4920 7020 7020
1981 CONNECTION 33 16 300 5100 7200 7200
1982 CONNECTION 33 36 300 5820 7920 7920
1983 CONNECTION 33 56 300 6000 8100 8100
1984 CONNECTION 33 76 300 6720 8820 8820
1985 CONNECTION 33 96 300 6900 9000 9000
1986 SINK 33 0 -1 -1 0 0
1987 CONNECTION 169 188 -1 -1 3600 3600
1988 CONNECTION 169 224 -1 -1 4500 4500
1989 CONNECTION 169 35 300 3300 5400 5400
1990 CONNECTION 169 75 300 4200 6300 6300
1991 CONNECTION 169 115 300 5100 7200 7200
1992 CONNECTION 169 154 300 6000 8100 8100
1993 CONNECTION 169 190 300 6900 9000 9000
1994 CONNECTION 53 54 -1 -1 2280 2280
1995 CONNECTION 53 74 -1 -1 3000 3000
1996 CONNECTION 53 94 -1 -1 3180 3180
1997 CONNECTION 53 114 -1 -1 3900 3900
1998 CONNECTION 53 134 -1 -1 4080 4080
1999 CONNECTION 53 153 -1 -1 4800 4800
2000 CONNECTION 53 171 -1 -1 4980 4980
2001 CONNECTION 53 189 300 3600 5700 5700
2002 CONNECTION 53 207 300 3780 5880 5880
2003 CONNECTION 53 225 300 4500 6600 6600
2004 CONNECTION 53 16 300 4680 6780 6780
2005 CONNECTION 53 36 300 5400 7500 7500
2006 CONNECTION 53 56 300 5580 7680 7680
2007 CONNECTION 53 76 300 6300 8400 8400
2008 CONNECTION 53 96 300 6480 8580 8580
2009 CONNECTION 53 116 300 7200 9300 9300
2010 SINK 53 0 -1 -1 0 0
2011 CONNECTION 187 206 -1 -1 3300 3300
2012 CONNECTION 187 15 -1 -1 4200 4200
2013 CONNECTION 187 55 -1 -1 5100 5100
2014 CONNECTION 187 95 300 3900 6000 6000
2015 CONNECTION 187 135 300 4800 6900 6900
2016 CONNECTION 187 172 300 5700 7800 7800
2017 CONNECTION 187 208 300 6600 8700 8700
2018 CONNECTION 187 17 300 7500 9600 9600
2019 CONNECTION 73 74 -1 -1 2520 2520
2020 CONNECTION 73 114 -1 -1 3420 3420
2021 CONNECTION 73 134 -1 -1 3600 3600
2022 CONNECTION 73 153 -1 -1 4320 4320
2023 CONNECTION 73 171 -1 -1 4500 4500
2024 CONNECTION 73 189 -1 -1 5220 5220
2025 CONNECTION 73 207 300 3300 5400 5400
2026 CONNECTION 73 225 300 4020 6120 6120
2027 CONNECTION 73 16 300 4200 6300 6300
2028 CONNECTION 73 36 300 4920 7020 7020
2029 CONNECTION 73 56 300 5100 7200 7200
2030 CONNECTION 73 76 300 5820 7920 7920
2031 CONNECTION 73 96 300 6000 8100 8100
2032 CONNECTION 73 116 300 6720 8820 8820
2033 CONNECTION 73 136 300 6900 9000 9000
2034 SINK 73 0 -1 -1 0 0
2035 CONNECTION 205 224 -1 -1 3600 3600
2036 CONNECTION 205 35 -1 -1 4500 4500
2037 CONNECTION 205 75 300 3300 5400 5400
2038 CONNECTION 205 115 300 4200 6300 6300
2039 CONNECTION 205 154 300 5100 7200 7200
2040 CONNECTION 205 190 300 6000 8100 8100
2041 CONNECTION 205 226 300 6900 9000 9000
2042 CONNECTION 93 94 -1 -1 2280 2280
2043 CONNECTION 93 114 -1 -1 3000 3000
2044 CONNECTION 93 134 -1 -1 3180 3180
2045 CONNECTION 93 153 -1 -1 3900 3900
2046 CONNECTION 93 171 -1 -1 4080 4080
2047 CONNECTION 93 189 -1 -1 4800 4800
2048 CONNECTION 93 207 -1 -1 4980 4980
2049 CONNECTION 93 225 300 3600 5700 5700
2050 CONNECTION 93 16 300 3780 5880 5880
2051 CONNECTION 93 36 300 4500 6600 6600
2052 CONNECTION 93 56 300 4680 6780 6780
2053 CONNECTION 93 76 300 5400 7500 7500
2054 CONNECTION 93 96 300 5580 7680 7680
2055 CONNECTION 93 116 300 6300 8400 8400
2056 CONNECTION 93 136 300 6480 8580 8580
2057 CONNECTION 93 155 300 7200 9300 9300
2058 SINK 93 0 -1 -1 0 0
2059 CONNECTION 223 15 -1 -1 3300 3300
2060 CONNECTION 223 55 -1 -1 4200 4200
2061 CONNECTION 223 95 -1 -1 5100 5100
2062 CONNECTION 223 135 300 3900 6000 6000
2063 CONNECTION 223 172 300 4800 6900 6900
2064 CONNECTION 223 208 300 5700 7800 7800
2065 CONNECTION 223 17 300 6600 8700 8700
2066 CONNECTION 223 57 300 7500 9600 9600
2067 CONNECTION 14 35 -1 -1 3600 3600
2068 CONNECTION 14 75 -1 -1 4500 4500
2069 CONNECTION 14 115 300 3300 5400 5400
2070 CONNECTION 14 154 300 4200 6300 6300
2071 CONNECTION 14 190 300 5100 7200 7200
2072 CONNECTION 14 226 300 6000 8100 8100
2073 CONNECTION 14 37 300 6900 9000 9000
2074 CONNECTION 113 114 -1 -1 2520 2520
2075 CONNECTION 113 153 -1 -1 3420 3420
2076 CONNECTION 113 171 -1 -1 3600 3600
2077 CONNECTION 113 189 -1 -1 4320 4320
2078 CONNECTION 113 207 -1 -1 4500 4500
2079 CONNECTION 113 225 -1 -1 5220 5220
2080 CONNECTION 113 16 300 3300 5400 5400
2081 CONNECTION 113 36 300 4020 6120 6120
2082 CONNECTION 113 56 300 4200 6300 6300
2083 CONNECTION 113 76 300 4920 7020 7020
2084 CONNECTION 113 96 300 5100 7200 7200
2085 CONNECTION 113 116 300 5820 7920 7920
2086 CONNECTION 113 136 300 6000 8100 8100
2087 CONNECTION 113 155 300 6720 8820 8820
2088 CONNECTION 113 173 300 6900 9000 9000
2089 SINK 113 0 -1 -1 0 0
2090 CONNECTION 133 134 -1 -1 2280 2280
2091 CONNECTION 133 153 -1 -1 3000 3000
2092 CONNECTION 133 171 -1 -1 3180 3180
2093 CONNECTION 133 189 -1 -1 3900 3900
2094 CONNECTION 133 207 -1 -1 4080 4080
2095 CONNECTION 133 225 -1 -1 4800 4800
2096 CONNECTION 133 16 -1 -1 4980 4980
2097 CONNECTION 133 36 300 3600 5700 5700
2098 CONNECTION 133 56 300 3780 5880 5880
2099 CONNECTION 133 76 300 4500 6600 6600
2100 CONNECTION 133 96 300 4680 6780 6780
2101 CONNECTION 133 116 300 5400 7500 7500
2102 CONNECTION 133 136 300 5580 7680 7680
2103 CONNECTION 133 155 300 6300 8400 8400
2104 CONNECTION 133 173 300 6480 8580 8580
2105 CONNECTION 133 191 300 7200 9300 9300
2106 SINK 133 0 -1 -1 0 0
2107 CONNECTION 34 55 -1 -1 3300 3300
2108 CONNECTION 34 95 -1 -1 4200 4200
2109 CONNECTION 34 135 -1 -1 5100 5100
2110 CONNECTION 34 172 300 3900 6000 6000
2111 CONNECTION 34 208 300 4800 6900 6900
2112 CONNECTION 34 17 300 5700 7800 7800
2113 CONNECTION 34 57 300 6600 8700 8700
2114 CONNECTION 34 97 300 7500 9600 9600
2115 CONNECTION 54 75 -1 -1 3600 3600
2116 CONNECTION 54 115 -1 -1 4500 4500
2117 CONNECTION 54 154 300 3300 5400 5400
2118 CONNECTION 54 190 300 4200 6300 6300
2119 CONNECTION 54 226 300 5100 7200 7200
2120 CONNECTION 54 37 300 6000 8100 8100
2121 CONNECTION 54 77 300 6900 9000 9000
2122 CONNECTION 152 153 -1 -1 2520 2520
2123 CONNECTION 152 189 -1 -1 3420 3420
2124 CONNECTION 152 207 -1 -1 3600 3600
2125 CONNECTION 152 225 -1 -1 4320 4320
2126 CONNECTION 152 16 -1 -1 4500 4500
2127 CONNECTION 152 36 -1 -1 5220 5220
2128 CONNECTION 152 56 300 3300 5400 5400
2129 CONNECTION 152 76 300 4020 6120 6120
2130 CONNECTION 152 96 300 4200 6300 6300
2131 CONNECTION 152 116 300 4920 7020 7020
2132 CONNECTION 152 136 300 5100 7200 7200
2133 CONNECTION 152 155 300 5820 7920 7920
2134 CONNECTION 152 173 300 6000 8100 8100
2135 CONNECTION 152 191 300 6720 8820 8820
2136 CONNECTION 152 209 300 6900 9000 9000
2137 SINK 152 0 -1 -1 0 0
2138 CONNECTION 170 171 -1 -1 2280 2280
2139 CONNECTION 170 189 -1 -1 3000 3000
2140 CONNECTION 170 207 -1 -1 3180 3180
2141 CONNECTION 170 225 -1 -1 3900 3900
2142 CONNECTION 170 16 -1 -1 4080 4080
2143 CONNECTION 170 36 -1 -1 4800 4800
2144 CONNECTION 170 56 -1 -1 4980 4980
2145 CONNECTION 170 76 300 3600 5700 5700
2146 CONNECTION 170 96 300 3780 5880 5880
2147 CONNECTION 170 116 300 4500 6600 6600
2148 CONNECTION 170 136 300 4680 6780 6780
2149 CONNECTION 170 155 300 5400 7500 7500
2150 CONNECTION 170 173 300 5580 7680 7680
2151 CONNECTION 170 191 300 6300 8400 8400
2152 CONNECTION 170 209 300 6480 8580 8580
2153 CONNECTION 170 227 300 7200 9300 9300
2154 SINK 170 0 -1 -1 0 0
2155 CONNECTION 74 95 -1 -1 3300 3300
2156 CONNECTION 74 135 -1 -1 4200 4200
2157 CONNECTION 74 172 -1 -1 5100 5100
2158 CONNECTION 74 208 300 3900 6000 6000
2159 CONNECTION 74 17 300 4800 6900 6900
2160 CONNECTION 74 57 300 5700 7800 7800
2161 CONNECTION 74 97 300 6600 8700 8700
2162 CONNECTION 74 137 300 7500 9600 9600
2163 CONNECTION 94 115 -1 -1 3600 3600
2164 CONNECTION 94 154 -1 -1 4500 4500
2165 CONNECTION 94 190 300 3300 5400 5400
2166 CONNECTION 94 226 300 4200 6300 6300
2167 CONNECTION 94 37 300 5100 7200 7200
2168 CONNECTION 94 77 300 6000 8100 8100
2169 CONNECTION 94 117 300 6900 9000 9000
2170 CONNECTION 188 189 -1 -1 2520 2520
2171 CONNECTION 188 225 -1 -1 3420 3420
2172 CONNECTION 188 16 -1 -1 3600 3600
2173 CONNECTION 188 36 -1 -1 4320 4320
2174 CONNECTION 188 56 -1 -1 4500 4500
2175 CONNECTION 188 76 -1 -1 5220 5220
2176 CONNECTION 188 96 300 3300 5400 5400
2177 CONNECTION 188 116 300 4020 6120 6120
2178 CONNECTION 188 136 300 4200 6300 6300
2179 CONNECTION 188 155 300 4920 7020 7020
2180 CONNECTION 188 173 300 5100 7200 7200
2181 CONNECTION 188 191 300 5820 7920 7920
2182 CONNECTION 188 209 300 6000 8100 8100
2183 CONNECTION 188 227 300 6720 8820 8820
2184 CONNECTION 188 18 300 6900 9000 9000
2185 SINK 188 0 -1 -1 0 0
2186 CONNECTION 206 207 -1 -1 2280 2280
2187 CONNECTION 206 225 -1 -1 3000 3000
2188 CONNECTION 206 16 -1 -1 3180 3180
2189 CONNECTION 206 36 -1 -1 3900 3900
2190 CONNECTION 206 56 -1 -1 4080 4080
2191 CONNECTION 206 76 -1 -1 4800 4800
2192 CONNECTION 206 96 -1 -1 4980 4980
2193 CONNECTION 206 116 300 3600 5700 5700
2194 CONNECTION 206 136 300 3780 5880 5880
2195 CONNECTION 206 155 300 4500 6600 6600
2196 CONNECTION 206 173 300 4680 6780 6780
2197 CONNECTION 206 191 300 5400 7500 7500
2198 CONNECTION 206 209 300 5580 7680 7680
2199 CONNECTION 206 227 300 6300 8400 8400
2200 CONNECTION 206 18 300 6480 8580 8580
2201 CONNECTION 206 38 300 7200 9300 9300
2202 SINK 206 0 -1 -1 0 0
2203 CONNECTION 114 135 -1 -1 3300 3300
2204 CONNECTION 114 172 -1 -1 4200 4200
2205 CONNECTION 114 208 -1 -1 5100 5100
2206 CONNECTION 114 17 300 3900 6000 6000
2207 CONNECTION 114 57 300 4800 6900 6900
2208 CONNECTION 114 97 300 5700 7800 7800
2209 CONNECTION 114 137 300 6600 8700 8700
2210 CONNECTION 114 174 300 7500 9600 9600
2211 CONNECTION 134 154 -1 -1 3600 3600
2212 CONNECTION 134 190 -1 -1 4500 4500
2213 CONNECTION 134 226 300 3300 5400 5400
2214 CONNECTION 134 37 300 4200 6300 6300
2215 CONNECTION 134 77 300 5100 7200 7200
2216 CONNECTION 134 117 300 6000 8100 8100
2217 CONNECTION 134 156 300 6900 9000 9000
2218 CONNECTION 224 225 -1 -1 2520 2520
2219 CONNECTION 224 36 -1 -1 3420 3420
2220 CONNECTION 224 56 -1 -1 3600 3600
2221 CONNECTION 224 76 -1 -1 4320 4320
2222 CONNECTION 224 96 -1 -1 4500 4500
2223 CONNECTION 224 116 -1 -1 5220 5220
2224 CONNECTION 224 136 300 3300 5400 5400
2225 CONNECTION 224 155 300 4020 6120 6120
2226 CONNECTION 224 173 300 4200 6300 6300
2227 CONNECTION 224 191 300 4920 7020 7020
2228 CONNECTION 224 209 300 5100 7200 7200
2229 CONNECTION 224 227 300 5820 7920 7920
2230 CONNECTION 224 18 300 6000 8100 8100
2231 CONNECTION 224 38 300 6720 8820 8820
2232 CONNECTION 224 58 300 6900 9000 9000
2233 SINK 224 0 -1 -1 0 0
2234 CONNECTION 15 16 -1 -1 2280 2280
2235 CONNECTION 15 36 -1 -1 3000 3000
2236 CONNECTION 15 56 -1 -1 3180 3180
2237 CONNECTION 15 76 -1 -1 3900 3900
2238 CONNECTION 15 96 -1 -1 4080 4080
2239 CONNECTION 15 116 -1 -1 4800 4800
2240 CONNECTION 15 136 -1 -1 4980 4980
2241 CONNECTION 15 155 300 3600 5700 5700
2242 CONNECTION 15 173 300 3780 5880 5880
2243 CONNECTION 15 191 300 4500 6600 6600
2244 CONNECTION 15 209 300 4680 6780 6780
2245 CONNECTION 15 227 300 5400 7500 7500
2246 CONNECTION 15 18 300 5580 7680 7680
2247 CONNECTION 15 38 300 6300 8400 8400
2248 CONNECTION 15 58 300 6480 8580 8580
2249 CONNECTION 15 78 300 7200 9300 9300
2250 SINK 15 0 -1 -1 0 0
2251 CONNECTION 153 172 -1 -1 3300 3300
2252 CONNECTION 153 208 -1 -1 4200 4200
2253 CONNECTION 153 17 -1 -1 5100 5100
2254 CONNECTION 153 57 300 3900 6000 6000
2255 CONNECTION 153 97 300 4800 6900 6900
2256 CONNECTION 153 137 300 5700 7800 7800
2257 CONNECTION 153 174 300 6600 8700 8700
2258 CONNECTION 153 210 300 7500 9600 9600
2259 CONNECTION 35 36 -1 -1 2520 2520
2260 CONNECTION 35 76 -1 -1 3420 3420
2261 CONNECTION 35 96 -1 -1 3600 3600
2262 CONNECTION 35 116 -1 -1 4320 4320
2263 CONNECTION 35 136 -1 -1 4500 4500
2264 CONNECTION 35 155 -1 -1 5220 5220
2265 CONNECTION 35 173 300 3300 5400 5400
2266 CONNECTION 35 191 300 4020 6120 6120
2267 CONNECTION 35 209 300 4200 6300 6300
2268 CONNECTION 35 227 300 4920 7020 7020
2269 CONNECTION 35 18 300 5100 7200 7200
2270 CONNECTION 35 38 300 5820 7920 7920
2271 CONNECTION 35 58 300 6000 8100 8100
2272 CONNECTION 35 78 300 6720 8820 8820
2273 CONNECTION 35 98 300 6900 9000 9000
2274 SINK 35 0 -1 -1 0 0
2275 CONNECTION 171 190 -1 -1 3600 3600
2276 CONNECTION 171 226 -1 -1 4500 4500
2277 CONNECTION 171 37 300 3300 5400 5400
2278 CONNECTION 171 77 300 4200 6300 6300
2279 CONNECTION 171 117 300 5100 7200 7200
2280 CONNECTION 171 156 300 6000 8100 8100
2281 CONNECTION 171 192 300 6900 9000 9000
2282 CONNECTION 55 56 -1 -1 2280 2280
2283 CONNECTION 55 76 -1 -1 3000 3000
2284 CONNECTION 55 96 -1 -1 3180 3180
2285 CONNECTION 55 116 -1 -1 3900 3900
2286 CONNECTION 55 136 -1 -1 4080 4080
2287 CONNECTION 55 155 -1 -1 4800 4800
2288 CONNECTION 55 173 -1 -1 4980 4980
2289 CONNECTION 55 191 300 3600 5700 5700
2290 CONNECTION 55 209 300 3780 5880 5880
2291 CONNECTION 55 227 300 4500 6600 6600
2292 CONNECTION 55 18 300 4680 6780 6780
2293 CONNECTION 55 38 300 5400 7500 7500
2294 CONNECTION 55 58 300 5580 7680 7680
2295 CONNECTION 55 78 300 6300 8400 8400
2296 CONNECTION 55 98 300 6480 8580 8580
2297 CONNECTION 55 118 300 7200 9300 9300
2298 SINK 55 0 -1 -1 0 0
2299 CONNECTION 189 208 -1 -1 3300 3300
2300 CONNECTION 189 17 -1 -1 4200 4200
2301 CONNECTION 189 57 -1 -1 5100 5100
2302 CONNECTION 189 97 300 3900 6000 6000
2303 CONNECTION 189 137 300 4800 6900 6900
2304 CONNECTION 189 174 300 5700 7800 7800
2305 CONNECTION 189 210 300 6600 8700 8700
2306 CONNECTION 189 19 300 7500 9600 9600
2307 CONNECTION 75 76 -1 -1 2520 2520
2308 CONNECTION 75 116 -1 -1 3420 3420
2309 CONNECTION 75 136 -1 -1 3600 3600
2310 CONNECTION 75 155 -1 -1 4320 4320
2311 CONNECTION 75 173 -1 -1 4500 4500
2312 CONNECTION 75 191 -1 -1 5220 5220
2313 CONNECTION 75 209 300 3300 5400 5400
2314 CONNECTION 75 227 300 4020 6120 6120
2315 CONNECTION 75 18 300 4200 6300 6300
2316 CONNECTION 75 38 300 4920 7020 7020
2317 CONNECTION 75 58 300 5100 7200 7200
2318 CONNECTION 75 78 300 5820 7920 7920
2319 CONNECTION 75 98 300 6000 8100 8100
2320 CONNECTION 75 118 300 6720 8820 8820
2321 SINK 75 0 -1 -1 0 0
2322 CONNECTION 207 226 -1 -1 3600 3600
2323 CONNECTION 207 37 -1 -1 4500 4500
2324 CONNECTION 207 77 300 3300 5400 5400
2325 CONNECTION 207 117 300 4200 6300 6300
2326 CONNECTION 207 156 300 5100 7200 7200
2327 CONNECTION 207 192 300 6000 8100 8100
2328 CONNECTION 207 228 300 6900 9000 9000
2329 CONNECTION 95 96 -1 -1 2280 2280
2330 CONNECTION 95 116 -1 -1 3000 3000
2331 CONNECTION 95 136 -1 -1 3180 3180
2332 CONNECTION 95 155 -1 -1 3900 3900
2333 CONNECTION 95 173 -1 -1 4080 4080
2334 CONNECTION 95 191 -1 -1 4800 4800
2335 CONNECTION 95 209 -1 -1 4980 4980
2336 CONNECTION 95 227 300 3600 5700 5700
2337 CONNECTION 95 18 300 3780 5880 5880
2338 CONNECTION 95 38 300 4500 6600 6600
2339 CONNECTION 95 58 300 4680 6780 6780
2340 CONNECTION 95 78 300 5400 7500 7500
2341 CONNECTION 95 98 300 5580 7680 7680
2342 CONNECTION 95 118 300 6300 8400 8400
2343 SINK 95 0 -1 -1 0 0
2344 CONNECTION 225 17 -1 -1 3300 3300
2345 CONNECTION 225 57 -1 -1 4200 4200
2346 CONNECTION 225 97 -1 -1 5100 5100
2347 CONNECTION 225 137 300 3900 6000 6000
2348 CONNECTION 225 174 300 4800 6900 6900
2349 CONNECTION 225 210 300 5700 7800 7800
2350 CONNECTION 225 19 300 6600 8700 8700
2351 CONNECTION 225 59 300 7500 9600 9600
2352 CONNECTION 16 37 -1 -1 3600 3600
2353 CONNECTION 16 77 -1 -1 4500 4500
2354 CONNECTION 16 117 300 3300 5400 5400
2355 CONNECTION 16 156 300 4200 6300 6300
2356 CONNECTION 16 192 300 5100 7200 7200
2357 CONNECTION 16 228 300 6000 8100 8100
2358 CONNECTION 16 39 300 6900 9000 9000
2359 CONNECTION 115 116 -1 -1 2520 2520
2360 CONNECTION 115 155 -1 -1 3420 3420
2361 CONNECTION 115 173 -1 -1 3600 3600
2362 CONNECTION 115 191 -1 -1 4320 4320
2363 CONNECTION 115 209 -1 -1 4500 4500
2364 CONNECTION 115 227 -1 -1 5220 5220
2365 CONNECTION 115 18 300 3300 5400 5400
2366 CONNECTION 115 38 300 4020 6120 6120
2367 CONNECTION 115 58 300 4200 6300 6300
2368 CONNECTION 115 78 300 4920 7020 7020
2369 CONNECTION 115 98 300 5100 7200 7200
2370 CONNECTION 115 118 300 5820 7920 7920
2371 SINK 115 0 -1 -1 0 0
2372 CONNECTION 135 136 -1 -1 2280 2280
2373 CONNECTION 135 155 -1 -1 3000 3000
2374 CONNECTION 135 173 -1 -1 3180 3180
2375 CONNECTION 135 191 -1 -1 3900 3900
2376 CONNECTION 135 209 -1 -1 4080 4080
2377 CONNECTION 135 227 -1 -1 4800 4800
2378 CONNECTION 135 18 -1 -1 4980 4980
2379 CONNECTION 135 38 300 3600 5700 5700
2380 CONNECTION 135 58 300 3780 5880 5880
2381 CONNECTION 135 78 300 4500 6600 6600
2382 CONNECTION 135 98 300 4680 6780 6780
2383 CONNECTION 135 118 300 5400 7500 7500
2384 SINK 135 0 -1 -1 0 0
2385 CONNECTION 36 57 -1 -1 3300 3300
2386 CONNECTION 36 97 -1 -1 4200 4200
2387 CONNECTION 36 137 -1 -1 5100 5100
2388 CONNECTION 36 174 300 3900 6000 6000
2389 CONNECTION 36 210 300 4800 6900 6900
2390 CONNECTION 36 19 300 5700 7800 7800
2391 CONNECTION 36 59 300 6600 8700 8700
2392 CONNECTION 36 99 300 7500 9600 9600
2393 CONNECTION 56 77 -1 -1 3600 3600
2394 CONNECTION 56 117 -1 -1 4500 4500
2395 CONNECTION 56 156 300 3300 5400 5400
2396 CONNECTION 56 192 300 4200 6300 6300
2397 CONNECTION 56 228 300 5100 7200 7200
2398 CONNECTION 56 39 300 6000 8100 8100
2399 CONNECTION 56 79 300 6900 9000 9000
2400 CONNECTION 154 155 -1 -1 2520 2520
2401 CONNECTION 154 191 -1 -1 3420 3420
2402 CONNECTION 154 209 -1 -1 3600 3600
2403 CONNECTION 154 227 -1 -1 4320 4320
2404 CONNECTION 154 18 -1 -1 4500 4500
2405 CONNECTION 154 38 -1 -1 5220 5220
2406 CONNECTION 154 58 300 3300 5400 5400
2407 CONNECTION 154 78 300 4020 6120 6120
2408 CONNECTION 154 98 300 4200 6300 6300
2409 CONNECTION 154 118 300 4920 7020 7020
2410 SINK 154 0 -1 -1 0 0
2411 CONNECTION 172 173 -1 -1 2280 2280
2412 CONNECTION 172 191 -1 -1 3000 3000
2413 CONNECTION 172 209 -1 -1 3180 3180
2414 CONNECTION 172 227 -1 -1 3900 3900
2415 CONNECTION 172 18 -1 -1 4080 4080
2416 CONNECTION 172 38 -1 -1 4800 4800
2417 CONNECTION 172 58 -1 -1 4980 4980
2418 CONNECTION 172 78 300 3600 5700 5700
2419 CONNECTION 172 98 300 3780 5880 5880
2420 CONNECTION 172 118 300 4500 6600 6600
2421 SINK 172 0 -1 -1 0 0
2422 CONNECTION 76 97 -1 -1 3300 3300
2423 CONNECTION 76 137 -1 -1 4200 4200
2424 CONNECTION 76 174 -1 -1 5100 5100
2425 CONNECTION 76 210 300 3900 6000 6000
2426 CONNECTION 76 19 300 4800 6900 6900
2427 CONNECTION 76 59 300 5700 7800 7800
2428 CONNECTION 76 99 300 6600 8700 8700
2429 CONNECTION 76 138 300 7500 9600 9600
2430 CONNECTION 96 117 -1 -1 3600 3600
2431 CONNECTION 96 156 -1 -1 4500 4500
2432 CONNECTION 96 192 300 3300 5400 5400
2433 CONNECTION 96 228 300 4200 6300 6300
2434 CONNECTION 96 39 300 5100 7200 7200
2435 CONNECTION 96 79 300 6000 8100 8100
2436 CONNECTION 96 119 300 6900 9000 9000
2437 CONNECTION 190 191 -1 -1 2520 2520
2438 CONNECTION 190 227 -1 -1 3420 3420
2439 CONNECTION 190 18 -1 -1 3600 3600
2440 CONNECTION 190 38 -1 -1 4320 4320
2441 CONNECTION 190 58 -1 -1 4500 4500
2442 CONNECTION 190 78 -1 -1 5220 5220
2443 CONNECTION 190 98 300 3300 5400 5400
2444 CONNECTION 190 118 300 4020 6120 6120
2445 SINK 190 0 -1 -1 0 0
2446 CONNECTION 208 209 -1 -1 2280 2280
2447 CONNECTION 208 227 -1 -1 3000 3000
2448 CONNECTION 208 18 -1 -1 3180 3180
2449 CONNECTION 208 38 -1 -1 3900 3900
2450 CONNECTION 208 58 -1 -1 4080 4080
2451 CONNECTION 208 78 -1 -1 4800 4800
2452 CONNECTION 208 98 -1 -1 4980 4980
2453 CONNECTION 208 118 300 3600 5700 5700
2454 SINK 208 0 -1 -1 0 0
2455 CONNECTION 116 137 -1 -1 3300 3300
2456 CONNECTION 116 174 -1 -1 4200 4200
2457 CONNECTION 116 210 -1 -1 5100 5100
2458 CONNECTION 116 19 300 3900 6000 6000
2459 CONNECTION 116 59 300 4800 6900 6900
2460 CONNECTION 116 99 300 5700 7800 7800
2461 CONNECTION 116 138 300 6600 8700 8700
2462 CONNECTION 136 156 -1 -1 3600 3600
2463 CONNECTION 136 192 -1 -1 4500 4500
2464 CONNECTION 136 228 300 3300 5400 5400
2465 CONNECTION 136 39 300 4200 6300 6300
2466 CONNECTION 136 79 300 5100 7200 7200
2467 CONNECTION 136 119 300 6000 8100 8100
2468 CONNECTION 226 227 -1 -1 2520 2520
2469 CONNECTION 226 38 -1 -1 3420 3420
2470 CONNECTION 226 58 -1 -1 3600 3600
2471 CONNECTION 226 78 -1 -1 4320 4320
2472 CONNECTION 226 98 -1 -1 4500 4500
2473 CONNECTION 226 118 -1 -1 5220 5220
2474 SINK 226 0 -1 -1 0 0
2475 CONNECTION 17 18 -1 -1 2280 2280
2476 CONNECTION 17 38 -1 -1 3000 3000
2477 CONNECTION 17 58 -1 -1 3180 3180
2478 CONNECTION 17 78 -1 -1 3900 3900
2479 CONNECTION 17 98 -1 -1 4080 4080
2480 CONNECTION 17 118 -1 -1 4800 4800
2481 SINK 17 0 -1 -1 0 0
2482 CONNECTION 155 174 -1 -1 3300 3300
2483 CONNECTION 155 210 -1 -1 4200 4200
2484 CONNECTION 155 19 -1 -1 5100 5100
2485 CONNECTION 155 59 300 3900 6000 6000
2486 CONNECTION 155 99 300 4800 6900 6900
2487 CONNECTION 155 138 300 5700 7800 7800
2488 CONNECTION 37 38 -1 -1 2520 2520
2489 CONNECTION 37 78 -1 -1 3420 3420
2490 CONNECTION 37 98 -1 -1 3600 3600
2491 CONNECTION 37 118 -1 -1 4320 4320
2492 SINK 37 0 -1 -1 0 0
2493 CONNECTION 173 192 -1 -1 3600 3600
2494 CONNECTION 173 228 -1 -1 4500 4500
2495 CONNECTION 173 39 300 3300 5400 5400
2496 CONNECTION 173 79 300 4200 6300 6300
2497 CONNECTION 173 119 300 5100 7200 7200
2498 CONNECTION 57 58 -1 -1 2280 2280
2499 CONNECTION 57 78 -1 -1 3000 3000
2500 CONNECTION 57 98 -1 -1 3180 3180
2501 CONNECTION 57 118 -1 -1 3900 3900
2502 SINK 57 0 -1 -1 0 0
2503 CONNECTION 191 210 -1 -1 3300 3300
2504 CONNECTION 191 19 -1 -1 4200 4200
2505 CONNECTION 191 59 -1 -1 5100 5100
2506 CONNECTION 191 99 300 3900 6000 6000
2507 CONNECTION 191 138 300 4800 6900 6900
2508 CONNECTION 77 78 -1 -1 2520 2520
2509 CONNECTION 77 118 -1 -1 3420 3420
2510 SINK 77 0 -1 -1 0 0
2511 CONNECTION 209 228 -1 -1 3600 3600
2512 CONNECTION 209 39 -1 -1 4500 4500
2513 CONNECTION 209 79 300 3300 5400 5400
2514 CONNECTION 209 119 300 4200 6300 6300
2515 CONNECTION 97 98 -1 -1 2280 2280
2516 CONNECTION 97 118 -1 -1 3000 3000
2517 SINK 97 0 -1 -1 0 0
2518 CONNECTION 227 19 -1 -1 3300 3300
2519 CONNECTION 227 59 -1 -1 4200 4200
2520 CONNECTION 227 99 -1 -1 5100 5100
2521 CONNECTION 227 138 300 3900 6000 6000
2522 CONNECTION 18 39 -1 -1 3600 3600
2523 CONNECTION 18 79 -1 -1 4500 4500
2524 CONNECTION 18 119 300 3300 5400 5400
2525 CONNECTION 117 118 -1 -1 2520 2520
2526 SINK 117 0 -1 -1 0 0
2527 SINK 137 0 -1 -1 0 0
2528 CONNECTION 38 59 -1 -1 3300 3300
2529 CONNECTION 38 99 -1 -1 4200 4200
2530 CONNECTION 38 138 -1 -1 5100 5100
2531 CONNECTION 58 79 -1 -1 3600 3600
2532 CONNECTION 58 119 -1 -1 4500 4500
2533 SINK 156 0 -1 -1 0 0
2534 SINK 174 0 -1 -1 0 0
2535 CONNECTION 78 99 -1 -1 3300 3300
2536 CONNECTION 78 138 -1 -1 4200 4200
2537 CONNECTION 98 119 -1 -1 3600 3600
2538 SINK 192 0 -1 -1 0 0
2539 SINK 210 0 -1 -1 0 0
2540 CONNECTION 118 138 -1 -1 3300 3300
2541 SINK 228 0 -1 -1 0 0
2542 SINK 19 0 -1 -1 0 0
2543 SINK 39 0 -1 -1 0 0
2544 SINK 59 0 -1 -1 0 0
2545 SINK 79 0 -1 -1 0 0
2546 SINK 99 0 -1 -1 0 0
2547 SINK 119 0 -1 -1 0 0
2548 SINK 138 0 -1 -1 0 0
