0 SOURCE 0 215 -1 -1 1740 30540
1 SOURCE 0 14 -1 -1 1020 29820
2 SOURCE 0 93 -1 -1 1380 30180
3 SOURCE 0 43 -1 -1 1380 30180
4 SOURCE 0 130 -1 -1 1020 29820
5 SOURCE 0 239 -1 -1 1500 30300
6 SOURCE 0 159 -1 -1 1380 30180
7 SOURCE 0 262 -1 -1 1020 29820
8 SOURCE 0 72 -1 -1 1740 30540
9 SOURCE 0 292 -1 -1 1380 30180
10 SOURCE 0 335 -1 -1 1020 29820
11 SOURCE 0 417 -1 -1 1380 30180
12 SOURCE 0 365 -1 -1 1380 30180
13 SOURCE 0 455 -1 -1 1020 29820
14 SOURCE 0 95 -1 -1 1500 30300
15 SOURCE 0 484 -1 -1 1380 30180
16 SOURCE 0 539 -1 -1 1020 29820
17 SOURCE 0 395 -1 -1 1740 30540
18 SOURCE 0 47 -1 -1 1020 29820
19 SOURCE 0 568 -1 -1 1380 30180
20 SOURCE 0 243 -1 -1 1380 30180
21 SOURCE 0 18 -1 -1 1380 30180
22 SOURCE 0 163 -1 -1 1020 29820
23 SOURCE 0 419 -1 -1 1500 30300
24 SOURCE 0 134 -1 -1 1380 30180
25 SOURCE 0 296 -1 -1 1020 29820
26 SOURCE 0 75 -1 -1 1740 30540
27 SOURCE 0 266 -1 -1 1380 30180
28 SOURCE 0 369 -1 -1 1020 29820
29 SOURCE 0 644 -1 -1 1380 30180
30 SOURCE 0 339 -1 -1 1380 30180
31 SOURCE 0 488 -1 -1 1020 29820
32 SOURCE 0 98 -1 -1 1500 30300
33 SOURCE 0 459 -1 -1 1380 30180
34 SOURCE 0 572 -1 -1 1020 29820
35 SOURCE 0 398 -1 -1 1740 30540
36 SOURCE 0 639 -1 -1 1740 30540
37 SOURCE 0 51 -1 -1 1020 29820
38 SOURCE 0 543 -1 -1 1380 30180
39 SOURCE 0 246 -1 -1 1380 30180
40 SOURCE 0 22 -1 -1 1380 30180
41 SOURCE 0 167 -1 -1 1020 29820
42 SOURCE 0 422 -1 -1 1500 30300
43 SOURCE 0 646 -1 -1 1500 30300
44 SOURCE 0 138 -1 -1 1380 30180
45 SOURCE 0 300 -1 -1 1020 29820
46 SOURCE 0 78 -1 -1 1740 30540
47 SOURCE 0 270 -1 -1 1380 30180
48 SOURCE 0 373 -1 -1 1020 29820
49 SOURCE 0 662 -1 -1 1380 30180
50 SOURCE 0 343 -1 -1 1380 30180
51 SOURCE 0 492 -1 -1 1020 29820
52 SOURCE 0 101 -1 -1 1500 30300
53 SOURCE 0 463 -1 -1 1380 30180
54 SOURCE 0 576 -1 -1 1020 29820
55 SOURCE 0 401 -1 -1 1740 30540
56 SOURCE 0 657 -1 -1 1740 30540
57 SOURCE 0 55 -1 -1 1020 29820
58 SOURCE 0 547 -1 -1 1380 30180
59 SOURCE 0 249 -1 -1 1380 30180
60 SOURCE 0 26 -1 -1 1380 30180
61 SOURCE 0 171 -1 -1 1020 29820
62 SOURCE 0 425 -1 -1 1500 30300
63 SOURCE 0 664 -1 -1 1500 30300
64 SOURCE 0 142 -1 -1 1380 30180
65 SOURCE 0 304 -1 -1 1020 29820
66 SOURCE 0 81 -1 -1 1740 30540
67 SOURCE 0 274 -1 -1 1380 30180
68 SOURCE 0 377 -1 -1 1020 29820
69 SOURCE 0 674 -1 -1 1380 30180
70 SOURCE 0 347 -1 -1 1380 30180
71 SOURCE 0 496 -1 -1 1020 29820
72 SOURCE 0 104 -1 -1 1500 30300
73 SOURCE 0 467 -1 -1 1380 30180
74 SOURCE 0 580 -1 -1 1020 29820
75 SOURCE 0 404 -1 -1 1740 30540
76 SOURCE 0 669 -1 -1 1740 30540
77 SOURCE 0 59 -1 -1 1020 29820
78 SOURCE 0 551 -1 -1 1380 30180
79 SOURCE 0 252 -1 -1 1380 30180
80 SOURCE 0 30 -1 -1 1380 30180
81 SOURCE 0 175 -1 -1 1020 29820
82 SOURCE 0 428 -1 -1 1500 30300
83 SOURCE 0 676 -1 -1 1500 30300
84 SOURCE 0 146 -1 -1 1380 30180
85 SOURCE 0 308 -1 -1 1020 29820
86 SOURCE 0 84 -1 -1 1740 30540
87 SOURCE 0 278 -1 -1 1380 30180
88 SOURCE 0 381 -1 -1 1020 29820
89 SOURCE 0 692 -1 -1 1380 30180
90 SOURCE 0 351 -1 -1 1380 30180
91 SOURCE 0 500 -1 -1 1020 29820
92 SOURCE 0 107 -1 -1 1500 30300
93 SOURCE 0 471 -1 -1 1380 30180
94 SOURCE 0 584 -1 -1 1020 29820
95 SOURCE 0 407 -1 -1 1740 30540
96 SOURCE 0 687 -1 -1 1740 30540
97 SOURCE 0 63 -1 -1 1020 29820
98 SOURCE 0 555 -1 -1 1380 30180
99 SOURCE 0 255 -1 -1 1380 30180
100 SOURCE 0 34 -1 -1 1380 30180
101 SOURCE 0 179 -1 -1 1020 29820
102 SOURCE 0 431 -1 -1 1500 30300
103 SOURCE 0 694 -1 -1 1500 30300
104 SOURCE 0 150 -1 -1 1380 30180
105 SOURCE 0 312 -1 -1 1020 29820
106 SOURCE 0 87 -1 -1 1740 30540
107 SOURCE 0 282 -1 -1 1380 30180
108 SOURCE 0 385 -1 -1 1020 29820
109 SOURCE 0 709 -1 -1 1380 30180
110 SOURCE 0 355 -1 -1 1380 30180
111 SOURCE 0 504 -1 -1 1020 29820
112 SOURCE 0 110 -1 -1 1500 30300
113 SOURCE 0 475 -1 -1 1380 30180
114 SOURCE 0 588 -1 -1 1020 29820
115 SOURCE 0 410 -1 -1 1740 30540
116 SOURCE 0 704 -1 -1 1740 30540
117 SOURCE 0 67 -1 -1 1020 29820
118 SOURCE 0 559 -1 -1 1380 30180
119 SOURCE 0 258 -1 -1 1380 30180
120 SOURCE 0 38 -1 -1 1380 30180
121 SOURCE 0 183 -1 -1 1020 29820
122 SOURCE 0 434 -1 -1 1500 30300
123 SOURCE 0 711 -1 -1 1500 30300
124 SOURCE 0 154 -1 -1 1380 30180
125 SOURCE 0 316 -1 -1 1020 29820
126 SOURCE 0 90 -1 -1 1740 30540
127 SOURCE 0 286 -1 -1 1380 30180
128 SOURCE 0 389 -1 -1 1020 29820
129 SOURCE 0 720 -1 -1 1380 30180
130 SOURCE 0 359 -1 -1 1380 30180
131 SOURCE 0 508 -1 -1 1020 29820
132 SOURCE 0 113 -1 -1 1500 30300
133 SOURCE 0 479 -1 -1 1380 30180
134 SOURCE 0 592 -1 -1 1020 29820
135 SOURCE 0 413 -1 -1 1740 30540
136 SOURCE 0 716 -1 -1 1740 30540
137 SOURCE 0 71 -1 -1 1020 29820
138 SOURCE 0 563 -1 -1 1380 30180
139 SOURCE 0 261 -1 -1 1380 30180
140 SOURCE 0 42 -1 -1 1380 30180
141 SOURCE 0 187 -1 -1 1020 29820
142 SOURCE 0 437 -1 -1 1500 30300
143 SOURCE 0 722 -1 -1 1500 30300
144 SOURCE 0 158 -1 -1 1380 30180
145 SOURCE 0 320 -1 -1 1020 29820
146 SOURCE 0 290 -1 -1 1380 30180
147 SOURCE 0 393 -1 -1 1020 29820
148 SOURCE 0 732 -1 -1 1380 30180
149 SOURCE 0 363 -1 -1 1380 30180
150 CONNECTION 215 216 -1 -1 1800 1800
151 CONNECTION 215 116 -1 -1 3960 3960
152 CONNECTION 215 202 -1 -1 2580 2580
153 CONNECTION 215 321 -1 -1 4860 4860
154 CONNECTION 215 394 -1 -1 4680 4680
155 CONNECTION 215 189 300 4560 6660 6660
156 CONNECTION 215 73 300 3300 5400 5400
157 CONNECTION 215 441 300 5460 7560 7560
158 CONNECTION 215 525 300 4080 6180 6180
159 CONNECTION 215 596 300 6360 8460 8460
160 CONNECTION 215 220 300 6180 8280 8280
161 CONNECTION 215 513 300 8160 10260 10260
162 CONNECTION 14 15 -1 -1 2580 2580
163 CONNECTION 14 415 -1 -1 1920 1920
164 CONNECTION 14 439 -1 -1 1980 1980
165 CONNECTION 14 131 -1 -1 3780 3780
166 CONNECTION 14 291 -1 -1 2460 2460
167 CONNECTION 14 263 -1 -1 4980 4980
168 CONNECTION 14 364 -1 -1 3660 3660
169 CONNECTION 14 336 300 4080 6180 6180
170 CONNECTION 14 483 300 2760 4860 4860
171 CONNECTION 14 241 300 3420 5520 5520
172 CONNECTION 14 0 300 3480 5580 5580
173 CONNECTION 14 456 300 5280 7380 7380
174 CONNECTION 14 567 300 3960 6060 6060
175 CONNECTION 14 540 300 6480 8580 8580
176 CONNECTION 14 17 300 5160 7260 7260
177 CONNECTION 93 188 -1 -1 2340 2340
178 CONNECTION 93 454 -1 -1 2220 2220
179 CONNECTION 93 94 -1 -1 2280 2280
180 CONNECTION 93 217 -1 -1 1920 1920
181 CONNECTION 93 160 -1 -1 2460 2460
182 CONNECTION 93 203 -1 -1 5880 5880
183 CONNECTION 93 538 -1 -1 3420 3420
184 CONNECTION 93 293 -1 -1 3660 3660
185 CONNECTION 93 46 300 2520 4620 4620
186 CONNECTION 93 219 300 3180 5280 5280
187 CONNECTION 93 366 300 2760 4860 4860
188 CONNECTION 93 512 300 3840 5940 5940
189 CONNECTION 93 162 300 3720 5820 5820
190 CONNECTION 93 74 300 3420 5520 5520
191 CONNECTION 93 418 300 3780 5880 5880
192 CONNECTION 93 485 300 3960 6060 6060
193 CONNECTION 93 526 300 7380 9480 9480
194 CONNECTION 93 295 300 4920 7020 7020
195 CONNECTION 93 569 300 5160 7260 7260
196 CONNECTION 93 368 300 6120 8220 8220
197 CONNECTION 15 16 -1 -1 3420 3420
198 CONNECTION 15 132 -1 -1 4620 4620
199 CONNECTION 15 609 -1 -1 6600 6600
200 CONNECTION 15 264 300 3720 5820 5820
201 CONNECTION 15 337 300 4920 7020 7020
202 CONNECTION 15 457 300 6120 8220 8220
203 CONNECTION 15 204 300 8100 10200 10200
204 CONNECTION 15 541 300 7320 9420 9420
205 CONNECTION 43 44 -1 -1 1140 1140
206 CONNECTION 43 188 -1 -1 2220 2220
207 CONNECTION 43 454 -1 -1 2100 2100
208 CONNECTION 43 94 -1 -1 2160 2160
209 CONNECTION 43 217 -1 -1 1800 1800
210 CONNECTION 43 160 -1 -1 2340 2340
211 CONNECTION 43 203 -1 -1 5760 5760
212 CONNECTION 43 538 -1 -1 3300 3300
213 CONNECTION 43 293 -1 -1 3540 3540
214 CONNECTION 43 46 300 2400 4500 4500
215 CONNECTION 43 219 300 3060 5160 5160
216 CONNECTION 43 366 300 2640 4740 4740
217 CONNECTION 43 512 300 3720 5820 5820
218 CONNECTION 43 162 300 3600 5700 5700
219 CONNECTION 43 74 300 3300 5400 5400
220 CONNECTION 43 418 300 3660 5760 5760
221 CONNECTION 43 485 300 3840 5940 5940
222 CONNECTION 43 526 300 7260 9360 9360
223 CONNECTION 43 295 300 4800 6900 6900
224 CONNECTION 43 569 300 5040 7140 7140
225 CONNECTION 43 368 300 6000 8100 8100
226 CONNECTION 43 637 300 6660 8760 8760
227 CONNECTION 130 131 -1 -1 2580 2580
228 CONNECTION 130 263 -1 -1 3780 3780
229 CONNECTION 130 364 -1 -1 2460 2460
230 CONNECTION 130 336 -1 -1 4980 4980
231 CONNECTION 130 483 -1 -1 3660 3660
232 CONNECTION 130 241 300 2220 4320 4320
233 CONNECTION 130 0 300 2280 4380 4380
234 CONNECTION 130 456 300 4080 6180 6180
235 CONNECTION 130 567 300 2760 4860 4860
236 CONNECTION 130 540 300 5280 7380 7380
237 CONNECTION 130 17 300 3960 6060 6060
238 CONNECTION 130 48 300 6480 8580 8580
239 CONNECTION 130 133 300 5160 7260 7260
240 CONNECTION 130 642 300 5820 7920 7920
241 CONNECTION 130 323 300 5880 7980 7980
242 CONNECTION 239 240 -1 -1 1200 1200
243 CONNECTION 239 322 300 2580 4680 4680
244 CONNECTION 239 96 300 2700 4800 4800
245 CONNECTION 239 242 300 3300 5400 5400
246 CONNECTION 239 1 300 4560 6660 6660
247 CONNECTION 216 217 -1 -1 1140 1140
248 CONNECTION 216 160 -1 -1 1680 1680
249 CONNECTION 216 203 -1 -1 5100 5100
250 CONNECTION 216 538 -1 -1 2640 2640
251 CONNECTION 216 293 -1 -1 2880 2880
252 CONNECTION 216 46 -1 -1 3840 3840
253 CONNECTION 216 219 -1 -1 4500 4500
254 CONNECTION 216 366 300 1980 4080 4080
255 CONNECTION 216 512 300 3060 5160 5160
256 CONNECTION 216 162 300 2940 5040 5040
257 CONNECTION 216 74 300 2640 4740 4740
258 CONNECTION 216 418 300 3000 5100 5100
259 CONNECTION 216 485 300 3180 5280 5280
260 CONNECTION 216 526 300 6600 8700 8700
261 CONNECTION 216 295 300 4140 6240 6240
262 CONNECTION 216 569 300 4380 6480 6480
263 CONNECTION 216 368 300 5340 7440 7440
264 CONNECTION 216 637 300 6000 8100 8100
265 CONNECTION 216 19 300 5580 7680 7680
266 CONNECTION 216 610 300 6660 8760 8760
267 CONNECTION 415 416 -1 -1 1620 1620
268 CONNECTION 415 322 300 2400 4500 4500
269 CONNECTION 415 96 300 2520 4620 4620
270 CONNECTION 415 242 300 3120 5220 5220
271 CONNECTION 415 1 300 4380 6480 6480
272 CONNECTION 415 597 300 6000 8100 8100
273 CONNECTION 415 420 300 6120 8220 8220
274 CONNECTION 439 440 -1 -1 2820 2820
275 CONNECTION 439 322 300 2340 4440 4440
276 CONNECTION 439 96 300 2460 4560 4560
277 CONNECTION 439 242 300 3060 5160 5160
278 CONNECTION 439 1 300 4320 6420 6420
279 CONNECTION 439 597 300 5940 8040 8040
280 CONNECTION 439 420 300 6060 8160 8160
281 CONNECTION 116 623 -1 -1 4140 4140
282 CONNECTION 116 117 -1 -1 5280 5280
283 CONNECTION 116 190 300 5640 7740 7740
284 CONNECTION 116 442 300 6780 8880 8880
285 CONNECTION 131 132 -1 -1 3420 3420
286 CONNECTION 131 609 -1 -1 5400 5400
287 CONNECTION 131 264 -1 -1 4620 4620
288 CONNECTION 131 337 300 3720 5820 5820
289 CONNECTION 131 457 300 4920 7020 7020
290 CONNECTION 131 204 300 6900 9000 9000
291 CONNECTION 131 541 300 6120 8220 8220
292 CONNECTION 131 20 300 7320 9420 9420
293 CONNECTION 159 160 -1 -1 1140 1140
294 CONNECTION 159 538 -1 -1 2100 2100
295 CONNECTION 159 293 -1 -1 2340 2340
296 CONNECTION 159 46 -1 -1 3300 3300
297 CONNECTION 159 219 -1 -1 3960 3960
298 CONNECTION 159 366 -1 -1 3540 3540
299 CONNECTION 159 512 300 2520 4620 4620
300 CONNECTION 159 162 300 2400 4500 4500
301 CONNECTION 159 74 300 2100 4200 4200
302 CONNECTION 159 418 300 2460 4560 4560
303 CONNECTION 159 485 300 2640 4740 4740
304 CONNECTION 159 526 300 6060 8160 8160
305 CONNECTION 159 295 300 3600 5700 5700
306 CONNECTION 159 569 300 3840 5940 5940
307 CONNECTION 159 368 300 4800 6900 6900
308 CONNECTION 159 637 300 5460 7560 7560
309 CONNECTION 159 19 300 5040 7140 7140
310 CONNECTION 159 610 300 6120 8220 8220
311 CONNECTION 159 487 300 6000 8100 8100
312 CONNECTION 159 97 300 6060 8160 8160
313 CONNECTION 159 397 300 5700 7800 7800
314 CONNECTION 262 263 -1 -1 2580 2580
315 CONNECTION 262 336 -1 -1 3780 3780
316 CONNECTION 262 483 -1 -1 2460 2460
317 CONNECTION 262 241 -1 -1 3120 3120
318 CONNECTION 262 0 -1 -1 3180 3180
319 CONNECTION 262 456 -1 -1 4980 4980
320 CONNECTION 262 567 -1 -1 3660 3660
321 CONNECTION 262 540 300 4080 6180 6180
322 CONNECTION 262 17 300 2760 4860 4860
323 CONNECTION 262 48 300 5280 7380 7380
324 CONNECTION 262 133 300 3960 6060 6060
325 CONNECTION 262 642 300 4620 6720 6720
326 CONNECTION 262 323 300 4680 6780 6780
327 CONNECTION 262 164 300 6480 8580 8580
328 CONNECTION 262 265 300 5160 7260 7260
329 CONNECTION 202 203 -1 -1 4320 4320
330 CONNECTION 202 293 -1 -1 2100 2100
331 CONNECTION 202 46 -1 -1 3060 3060
332 CONNECTION 202 219 -1 -1 3720 3720
333 CONNECTION 202 366 -1 -1 3300 3300
334 CONNECTION 202 512 -1 -1 4380 4380
335 CONNECTION 202 162 -1 -1 4260 4260
336 CONNECTION 202 74 -1 -1 3960 3960
337 CONNECTION 202 418 -1 -1 4320 4320
338 CONNECTION 202 485 300 2400 4500 4500
339 CONNECTION 202 526 300 5820 7920 7920
340 CONNECTION 202 295 300 3360 5460 5460
341 CONNECTION 202 569 300 3600 5700 5700
342 CONNECTION 202 368 300 4560 6660 6660
343 CONNECTION 202 637 300 5220 7320 7320
344 CONNECTION 202 19 300 4800 6900 6900
345 CONNECTION 202 610 300 5880 7980 7980
346 CONNECTION 202 487 300 5760 7860 7860
347 CONNECTION 202 97 300 5820 7920 7920
348 CONNECTION 202 397 300 5460 7560 7560
349 CONNECTION 202 135 300 6000 8100 8100
350 CONNECTION 291 292 -1 -1 1500 1500
351 CONNECTION 291 417 -1 -1 2580 2580
352 CONNECTION 291 365 -1 -1 2700 2700
353 CONNECTION 291 455 -1 -1 2340 2340
354 CONNECTION 291 95 -1 -1 2880 2880
355 CONNECTION 291 484 -1 -1 3900 3900
356 CONNECTION 291 539 -1 -1 3540 3540
357 CONNECTION 291 395 300 3060 5160 5160
358 CONNECTION 291 47 300 2640 4740 4740
359 CONNECTION 291 568 300 3000 5100 5100
360 CONNECTION 291 243 300 4080 6180 6180
361 CONNECTION 291 18 300 4200 6300 6300
362 CONNECTION 291 163 300 3840 5940 5940
363 CONNECTION 291 419 300 4380 6480 6480
364 CONNECTION 291 134 300 5400 7500 7500
365 CONNECTION 291 296 300 5040 7140 7140
366 CONNECTION 291 75 300 6660 8760 8760
367 SINK 291 0 -1 -1 0 0
368 CONNECTION 44 45 -1 -1 1860 1860
369 CONNECTION 44 218 -1 -1 2340 2340
370 CONNECTION 44 161 -1 -1 3060 3060
371 CONNECTION 44 294 300 2160 4260 4260
372 CONNECTION 44 367 300 3360 5460 5460
373 CONNECTION 44 636 300 3840 5940 5940
374 CONNECTION 44 486 300 4560 6660 6660
375 CONNECTION 44 570 300 5760 7860 7860
376 CONNECTION 240 336 -1 -1 3240 3240
377 CONNECTION 240 483 -1 -1 1920 1920
378 CONNECTION 240 241 -1 -1 2580 2580
379 CONNECTION 240 0 -1 -1 2640 2640
380 CONNECTION 240 456 -1 -1 4440 4440
381 CONNECTION 240 567 -1 -1 3120 3120
382 CONNECTION 240 540 300 3540 5640 5640
383 CONNECTION 240 17 300 2220 4320 4320
384 CONNECTION 240 48 300 4740 6840 6840
385 CONNECTION 240 133 300 3420 5520 5520
386 CONNECTION 240 642 300 4080 6180 6180
387 CONNECTION 240 323 300 4140 6240 6240
388 CONNECTION 240 164 300 5940 8040 8040
389 CONNECTION 240 265 300 4620 6720 6720
390 CONNECTION 240 297 300 7140 9240 9240
391 CONNECTION 240 338 300 5820 7920 7920
392 CONNECTION 416 417 -1 -1 1500 1500
393 CONNECTION 416 484 -1 -1 2820 2820
394 CONNECTION 416 539 -1 -1 2460 2460
395 CONNECTION 416 395 -1 -1 4080 4080
396 CONNECTION 416 47 -1 -1 3660 3660
397 CONNECTION 416 568 -1 -1 4020 4020
398 CONNECTION 416 243 300 3000 5100 5100
399 CONNECTION 416 18 300 3120 5220 5220
400 CONNECTION 416 163 300 2760 4860 4860
401 CONNECTION 416 419 300 3300 5400 5400
402 CONNECTION 416 134 300 4320 6420 6420
403 CONNECTION 416 296 300 3960 6060 6060
404 CONNECTION 416 75 300 5580 7680 7680
405 CONNECTION 416 266 300 5520 7620 7620
406 CONNECTION 416 369 300 5160 7260 7260
407 SINK 416 0 -1 -1 0 0
408 CONNECTION 440 441 -1 -1 3180 3180
409 CONNECTION 440 596 -1 -1 4080 4080
410 CONNECTION 440 220 -1 -1 3900 3900
411 CONNECTION 440 513 -1 -1 5880 5880
412 CONNECTION 440 396 300 2520 4620 4620
413 CONNECTION 440 2 300 4680 6780 6780
414 CONNECTION 440 624 300 3300 5400 5400
415 CONNECTION 440 118 300 5580 7680 7680
416 CONNECTION 440 638 300 5400 7500 7500
417 CONNECTION 440 611 300 7380 9480 9480
418 CONNECTION 440 76 300 6120 8220 8220
419 CONNECTION 188 189 -1 -1 3300 3300
420 CONNECTION 188 441 -1 -1 4200 4200
421 CONNECTION 188 525 -1 -1 2820 2820
422 CONNECTION 188 596 -1 -1 5100 5100
423 CONNECTION 188 220 300 2820 4920 4920
424 CONNECTION 188 513 300 4800 6900 6900
425 CONNECTION 188 396 300 3540 5640 5640
426 CONNECTION 188 2 300 5700 7800 7800
427 CONNECTION 188 624 300 4320 6420 6420
428 CONNECTION 188 118 300 6600 8700 8700
429 CONNECTION 188 638 300 6420 8520 8520
430 CONNECTION 72 73 -1 -1 1800 1800
431 CONNECTION 72 441 -1 -1 3960 3960
432 CONNECTION 72 525 -1 -1 2580 2580
433 CONNECTION 72 596 -1 -1 4860 4860
434 CONNECTION 72 220 -1 -1 4680 4680
435 CONNECTION 72 513 300 4560 6660 6660
436 CONNECTION 72 396 300 3300 5400 5400
437 CONNECTION 72 2 300 5460 7560 7560
438 CONNECTION 72 624 300 4080 6180 6180
439 CONNECTION 72 118 300 6360 8460 8460
440 CONNECTION 72 638 300 6180 8280 8280
441 CONNECTION 72 611 300 8160 10260 10260
442 CONNECTION 454 455 -1 -1 1140 1140
443 CONNECTION 454 484 -1 -1 2700 2700
444 CONNECTION 454 539 -1 -1 2340 2340
445 CONNECTION 454 395 -1 -1 3960 3960
446 CONNECTION 454 47 -1 -1 3540 3540
447 CONNECTION 454 568 -1 -1 3900 3900
448 CONNECTION 454 243 300 2880 4980 4980
449 CONNECTION 454 18 300 3000 5100 5100
450 CONNECTION 454 163 300 2640 4740 4740
451 CONNECTION 454 419 300 3180 5280 5280
452 CONNECTION 454 134 300 4200 6300 6300
453 CONNECTION 454 296 300 3840 5940 5940
454 CONNECTION 454 75 300 5460 7560 7560
455 CONNECTION 454 266 300 5400 7500 7500
456 CONNECTION 454 369 300 5040 7140 7140
457 CONNECTION 454 644 300 6480 8580 8580
458 SINK 454 0 -1 -1 0 0
459 CONNECTION 94 95 -1 -1 1620 1620
460 CONNECTION 94 484 -1 -1 2640 2640
461 CONNECTION 94 539 -1 -1 2280 2280
462 CONNECTION 94 395 -1 -1 3900 3900
463 CONNECTION 94 47 -1 -1 3480 3480
464 CONNECTION 94 568 -1 -1 3840 3840
465 CONNECTION 94 243 300 2820 4920 4920
466 CONNECTION 94 18 300 2940 5040 5040
467 CONNECTION 94 163 300 2580 4680 4680
468 CONNECTION 94 419 300 3120 5220 5220
469 CONNECTION 94 134 300 4140 6240 6240
470 CONNECTION 94 296 300 3780 5880 5880
471 CONNECTION 94 75 300 5400 7500 7500
472 CONNECTION 94 266 300 5340 7440 7440
473 CONNECTION 94 369 300 4980 7080 7080
474 CONNECTION 94 644 300 6420 8520 8520
475 SINK 94 0 -1 -1 0 0
476 CONNECTION 217 218 -1 -1 1680 1680
477 CONNECTION 217 161 -1 -1 2400 2400
478 CONNECTION 217 294 -1 -1 3600 3600
479 CONNECTION 217 367 300 2700 4800 4800
480 CONNECTION 217 636 300 3180 5280 5280
481 CONNECTION 217 486 300 3900 6000 6000
482 CONNECTION 217 570 300 5100 7200 7200
483 CONNECTION 263 264 -1 -1 3420 3420
484 CONNECTION 263 337 -1 -1 4620 4620
485 CONNECTION 263 457 300 3720 5820 5820
486 CONNECTION 263 204 300 5700 7800 7800
487 CONNECTION 263 541 300 4920 7020 7020
488 CONNECTION 263 20 300 6120 8220 8220
489 CONNECTION 263 136 300 7320 9420 9420
490 CONNECTION 263 527 300 9300 11400 11400
491 CONNECTION 292 293 -1 -1 1140 1140
492 CONNECTION 292 46 -1 -1 2100 2100
493 CONNECTION 292 219 -1 -1 2760 2760
494 CONNECTION 292 366 -1 -1 2340 2340
495 CONNECTION 292 512 -1 -1 3420 3420
496 CONNECTION 292 162 -1 -1 3300 3300
497 CONNECTION 292 74 -1 -1 3000 3000
498 CONNECTION 292 418 -1 -1 3360 3360
499 CONNECTION 292 485 -1 -1 3540 3540
500 CONNECTION 292 526 -1 -1 6960 6960
501 CONNECTION 292 295 300 2400 4500 4500
502 CONNECTION 292 569 300 2640 4740 4740
503 CONNECTION 292 368 300 3600 5700 5700
504 CONNECTION 292 637 300 4260 6360 6360
505 CONNECTION 292 19 300 3840 5940 5940
506 CONNECTION 292 610 300 4920 7020 7020
507 CONNECTION 292 487 300 4800 6900 6900
508 CONNECTION 292 97 300 4860 6960 6960
509 CONNECTION 292 397 300 4500 6600 6600
510 CONNECTION 292 135 300 5040 7140 7140
511 CONNECTION 292 625 300 8460 10560 10560
512 CONNECTION 292 571 300 6000 8100 8100
513 CONNECTION 321 322 -1 -1 1140 1140
514 CONNECTION 321 597 300 2640 4740 4740
515 CONNECTION 321 420 300 2760 4860 4860
516 CONNECTION 321 643 300 3360 5460 5460
517 CONNECTION 321 324 300 4620 6720 6720
518 CONNECTION 335 336 -1 -1 2580 2580
519 CONNECTION 335 241 -1 -1 1920 1920
520 CONNECTION 335 0 -1 -1 1980 1980
521 CONNECTION 335 456 -1 -1 3780 3780
522 CONNECTION 335 567 -1 -1 2460 2460
523 CONNECTION 335 540 -1 -1 4980 4980
524 CONNECTION 335 17 -1 -1 3660 3660
525 CONNECTION 335 48 300 4080 6180 6180
526 CONNECTION 335 133 300 2760 4860 4860
527 CONNECTION 335 642 300 3420 5520 5520
528 CONNECTION 335 323 300 3480 5580 5580
529 CONNECTION 335 164 300 5280 7380 7380
530 CONNECTION 335 265 300 3960 6060 6060
531 CONNECTION 335 297 300 6480 8580 8580
532 CONNECTION 335 338 300 5160 7260 7260
533 CONNECTION 364 365 -1 -1 1500 1500
534 CONNECTION 364 484 -1 -1 2700 2700
535 CONNECTION 364 539 -1 -1 2340 2340
536 CONNECTION 364 395 -1 -1 3960 3960
537 CONNECTION 364 47 -1 -1 3540 3540
538 CONNECTION 364 568 -1 -1 3900 3900
539 CONNECTION 364 243 300 2880 4980 4980
540 CONNECTION 364 18 300 3000 5100 5100
541 CONNECTION 364 163 300 2640 4740 4740
542 CONNECTION 364 419 300 3180 5280 5280
543 CONNECTION 364 134 300 4200 6300 6300
544 CONNECTION 364 296 300 3840 5940 5940
545 CONNECTION 364 75 300 5460 7560 7560
546 CONNECTION 364 266 300 5400 7500 7500
547 CONNECTION 364 369 300 5040 7140 7140
548 CONNECTION 364 644 300 6480 8580 8580
549 SINK 364 0 -1 -1 0 0
550 CONNECTION 160 161 -1 -1 1860 1860
551 CONNECTION 160 294 -1 -1 3060 3060
552 CONNECTION 160 367 300 2160 4260 4260
553 CONNECTION 160 636 300 2640 4740 4740
554 CONNECTION 160 486 300 3360 5460 5460
555 CONNECTION 160 570 300 4560 6660 6660
556 CONNECTION 160 49 300 5760 7860 7860
557 CONNECTION 203 457 -1 -1 3480 3480
558 CONNECTION 203 204 -1 -1 5460 5460
559 CONNECTION 203 541 -1 -1 4680 4680
560 CONNECTION 203 20 300 3780 5880 5880
561 CONNECTION 203 136 300 4980 7080 7080
562 CONNECTION 203 527 300 6960 9060 9060
563 CONNECTION 203 268 300 6180 8280 8280
564 CONNECTION 203 341 300 7380 9480 9480
565 CONNECTION 394 395 -1 -1 2520 2520
566 CONNECTION 394 47 -1 -1 2100 2100
567 CONNECTION 394 568 -1 -1 2460 2460
568 CONNECTION 394 243 -1 -1 3540 3540
569 CONNECTION 394 18 -1 -1 3660 3660
570 CONNECTION 394 163 -1 -1 3300 3300
571 CONNECTION 394 419 -1 -1 3840 3840
572 CONNECTION 394 134 300 2760 4860 4860
573 CONNECTION 394 296 300 2400 4500 4500
574 CONNECTION 394 75 300 4020 6120 6120
575 CONNECTION 394 266 300 3960 6060 6060
576 CONNECTION 394 369 300 3600 5700 5700
577 CONNECTION 394 644 300 5040 7140 7140
578 CONNECTION 394 339 300 5160 7260 7260
579 CONNECTION 394 488 300 4800 6900 6900
580 CONNECTION 394 98 300 5340 7440 7440
581 CONNECTION 394 459 300 6360 8460 8460
582 CONNECTION 394 572 300 6000 8100 8100
583 SINK 394 0 -1 -1 0 0
584 CONNECTION 538 539 -1 -1 1140 1140
585 CONNECTION 538 395 -1 -1 2760 2760
586 CONNECTION 538 47 -1 -1 2340 2340
587 CONNECTION 538 568 -1 -1 2700 2700
588 CONNECTION 538 243 -1 -1 3780 3780
589 CONNECTION 538 18 -1 -1 3900 3900
590 CONNECTION 538 163 -1 -1 3540 3540
591 CONNECTION 538 419 -1 -1 4080 4080
592 CONNECTION 538 134 300 3000 5100 5100
593 CONNECTION 538 296 300 2640 4740 4740
594 CONNECTION 538 75 300 4260 6360 6360
595 CONNECTION 538 266 300 4200 6300 6300
596 CONNECTION 538 369 300 3840 5940 5940
597 CONNECTION 538 644 300 5280 7380 7380
598 CONNECTION 538 339 300 5400 7500 7500
599 CONNECTION 538 488 300 5040 7140 7140
600 CONNECTION 538 98 300 5580 7680 7680
601 SINK 538 0 -1 -1 0 0
602 CONNECTION 16 17 -1 -1 1260 1260
603 CONNECTION 16 48 -1 -1 3780 3780
604 CONNECTION 16 133 -1 -1 2460 2460
605 CONNECTION 16 642 -1 -1 3120 3120
606 CONNECTION 16 323 -1 -1 3180 3180
607 CONNECTION 16 164 -1 -1 4980 4980
608 CONNECTION 16 265 -1 -1 3660 3660
609 CONNECTION 16 297 300 4080 6180 6180
610 CONNECTION 16 338 300 2760 4860 4860
611 CONNECTION 16 370 300 5280 7380 7380
612 CONNECTION 16 458 300 3960 6060 6060
613 CONNECTION 16 244 300 4620 6720 6720
614 CONNECTION 16 598 300 4680 6780 6780
615 CONNECTION 16 489 300 6480 8580 8580
616 CONNECTION 16 542 300 5160 7260 7260
617 CONNECTION 45 46 -1 -1 1500 1500
618 CONNECTION 45 219 -1 -1 2160 2160
619 CONNECTION 45 366 -1 -1 1740 1740
620 CONNECTION 45 512 -1 -1 2820 2820
621 CONNECTION 45 162 -1 -1 2700 2700
622 CONNECTION 45 74 -1 -1 2400 2400
623 CONNECTION 45 418 -1 -1 2760 2760
624 CONNECTION 45 485 -1 -1 2940 2940
625 CONNECTION 45 526 -1 -1 6360 6360
626 CONNECTION 45 295 -1 -1 3900 3900
627 CONNECTION 45 569 300 2040 4140 4140
628 CONNECTION 45 368 300 3000 5100 5100
629 CONNECTION 45 637 300 3660 5760 5760
630 CONNECTION 45 19 300 3240 5340 5340
631 CONNECTION 45 610 300 4320 6420 6420
632 CONNECTION 45 487 300 4200 6300 6300
633 CONNECTION 45 97 300 4260 6360 6360
634 CONNECTION 45 397 300 3900 6000 6000
635 CONNECTION 45 135 300 4440 6540 6540
636 CONNECTION 45 625 300 7860 9960 9960
637 CONNECTION 45 571 300 5400 7500 7500
638 CONNECTION 45 267 300 5640 7740 7740
639 CONNECTION 417 512 -1 -1 2340 2340
640 CONNECTION 417 162 -1 -1 2220 2220
641 CONNECTION 417 74 -1 -1 1920 1920
642 CONNECTION 417 418 -1 -1 2280 2280
643 CONNECTION 417 485 -1 -1 2460 2460
644 CONNECTION 417 526 -1 -1 5880 5880
645 CONNECTION 417 295 -1 -1 3420 3420
646 CONNECTION 417 569 -1 -1 3660 3660
647 CONNECTION 417 368 300 2520 4620 4620
648 CONNECTION 417 637 300 3180 5280 5280
649 CONNECTION 417 19 300 2760 4860 4860
650 CONNECTION 417 610 300 3840 5940 5940
651 CONNECTION 417 487 300 3720 5820 5820
652 CONNECTION 417 97 300 3780 5880 5880
653 CONNECTION 417 397 300 3420 5520 5520
654 CONNECTION 417 135 300 3960 6060 6060
655 CONNECTION 417 625 300 7380 9480 9480
656 CONNECTION 417 571 300 4920 7020 7020
657 CONNECTION 417 267 300 5160 7260 7260
658 CONNECTION 417 50 300 6120 8220 8220
659 CONNECTION 336 337 -1 -1 3420 3420
660 CONNECTION 336 457 -1 -1 4620 4620
661 CONNECTION 336 204 -1 -1 6600 6600
662 CONNECTION 336 541 300 3720 5820 5820
663 CONNECTION 336 20 300 4920 7020 7020
664 CONNECTION 336 136 300 6120 8220 8220
665 CONNECTION 336 527 300 8100 10200 10200
666 CONNECTION 336 268 300 7320 9420 9420
667 CONNECTION 365 366 -1 -1 1140 1140
668 CONNECTION 365 512 -1 -1 2220 2220
669 CONNECTION 365 162 -1 -1 2100 2100
670 CONNECTION 365 74 -1 -1 1800 1800
671 CONNECTION 365 418 -1 -1 2160 2160
672 CONNECTION 365 485 -1 -1 2340 2340
673 CONNECTION 365 526 -1 -1 5760 5760
674 CONNECTION 365 295 -1 -1 3300 3300
675 CONNECTION 365 569 -1 -1 3540 3540
676 CONNECTION 365 368 300 2400 4500 4500
677 CONNECTION 365 637 300 3060 5160 5160
678 CONNECTION 365 19 300 2640 4740 4740
679 CONNECTION 365 610 300 3720 5820 5820
680 CONNECTION 365 487 300 3600 5700 5700
681 CONNECTION 365 97 300 3660 5760 5760
682 CONNECTION 365 397 300 3300 5400 5400
683 CONNECTION 365 135 300 3840 5940 5940
684 CONNECTION 365 625 300 7260 9360 9360
685 CONNECTION 365 571 300 4800 6900 6900
686 CONNECTION 365 267 300 5040 7140 7140
687 CONNECTION 365 50 300 6000 8100 8100
688 CONNECTION 365 222 300 6660 8760 8760
689 CONNECTION 455 456 -1 -1 2580 2580
690 CONNECTION 455 540 -1 -1 3780 3780
691 CONNECTION 455 17 -1 -1 2460 2460
692 CONNECTION 455 48 -1 -1 4980 4980
693 CONNECTION 455 133 -1 -1 3660 3660
694 CONNECTION 455 642 300 2220 4320 4320
695 CONNECTION 455 323 300 2280 4380 4380
696 CONNECTION 455 164 300 4080 6180 6180
697 CONNECTION 455 265 300 2760 4860 4860
698 CONNECTION 455 297 300 5280 7380 7380
699 CONNECTION 455 338 300 3960 6060 6060
700 CONNECTION 455 370 300 6480 8580 8580
701 CONNECTION 455 458 300 5160 7260 7260
702 CONNECTION 455 244 300 5820 7920 7920
703 CONNECTION 455 598 300 5880 7980 7980
704 CONNECTION 95 96 -1 -1 1200 1200
705 CONNECTION 95 597 300 2580 4680 4680
706 CONNECTION 95 420 300 2700 4800 4800
707 CONNECTION 95 643 300 3300 5400 5400
708 CONNECTION 95 324 300 4560 6660 6660
709 CONNECTION 483 484 -1 -1 1500 1500
710 CONNECTION 483 395 -1 -1 2760 2760
711 CONNECTION 483 47 -1 -1 2340 2340
712 CONNECTION 483 568 -1 -1 2700 2700
713 CONNECTION 483 243 -1 -1 3780 3780
714 CONNECTION 483 18 -1 -1 3900 3900
715 CONNECTION 483 163 -1 -1 3540 3540
716 CONNECTION 483 419 -1 -1 4080 4080
717 CONNECTION 483 134 300 3000 5100 5100
718 CONNECTION 483 296 300 2640 4740 4740
719 CONNECTION 483 75 300 4260 6360 6360
720 CONNECTION 483 266 300 4200 6300 6300
721 CONNECTION 483 369 300 3840 5940 5940
722 CONNECTION 483 644 300 5280 7380 7380
723 CONNECTION 483 339 300 5400 7500 7500
724 CONNECTION 483 488 300 5040 7140 7140
725 CONNECTION 483 98 300 5580 7680 7680
726 SINK 483 0 -1 -1 0 0
727 CONNECTION 189 190 -1 -1 5040 5040
728 CONNECTION 189 442 300 4080 6180 6180
729 CONNECTION 189 514 300 6540 8640 8640
730 CONNECTION 189 648 300 7680 9780 9780
731 CONNECTION 218 219 -1 -1 1680 1680
732 CONNECTION 218 512 -1 -1 2340 2340
733 CONNECTION 218 162 -1 -1 2220 2220
734 CONNECTION 218 74 -1 -1 1920 1920
735 CONNECTION 218 418 -1 -1 2280 2280
736 CONNECTION 218 485 -1 -1 2460 2460
737 CONNECTION 218 526 -1 -1 5880 5880
738 CONNECTION 218 295 -1 -1 3420 3420
739 CONNECTION 218 569 -1 -1 3660 3660
740 CONNECTION 218 368 300 2520 4620 4620
741 CONNECTION 218 637 300 3180 5280 5280
742 CONNECTION 218 19 300 2760 4860 4860
743 CONNECTION 218 610 300 3840 5940 5940
744 CONNECTION 218 487 300 3720 5820 5820
745 CONNECTION 218 97 300 3780 5880 5880
746 CONNECTION 218 397 300 3420 5520 5520
747 CONNECTION 218 135 300 3960 6060 6060
748 CONNECTION 218 625 300 7380 9480 9480
749 CONNECTION 218 571 300 4920 7020 7020
750 CONNECTION 218 267 300 5160 7260 7260
751 CONNECTION 218 50 300 6120 8220 8220
752 CONNECTION 293 294 -1 -1 1860 1860
753 CONNECTION 293 367 -1 -1 3060 3060
754 CONNECTION 293 636 -1 -1 3540 3540
755 CONNECTION 293 486 300 2160 4260 4260
756 CONNECTION 293 570 300 3360 5460 5460
757 CONNECTION 293 49 300 4560 6660 6660
758 CONNECTION 293 221 300 5040 7140 7140
759 CONNECTION 293 165 300 5760 7860 7860
760 CONNECTION 73 74 -1 -1 1140 1140
761 CONNECTION 73 485 -1 -1 1680 1680
762 CONNECTION 73 526 -1 -1 5100 5100
763 CONNECTION 73 295 -1 -1 2640 2640
764 CONNECTION 73 569 -1 -1 2880 2880
765 CONNECTION 73 368 -1 -1 3840 3840
766 CONNECTION 73 637 -1 -1 4500 4500
767 CONNECTION 73 19 300 1980 4080 4080
768 CONNECTION 73 610 300 3060 5160 5160
769 CONNECTION 73 487 300 2940 5040 5040
770 CONNECTION 73 97 300 3000 5100 5100
771 CONNECTION 73 397 300 2640 4740 4740
772 CONNECTION 73 135 300 3180 5280 5280
773 CONNECTION 73 625 300 6600 8700 8700
774 CONNECTION 73 571 300 4140 6240 6240
775 CONNECTION 73 267 300 4380 6480 6480
776 CONNECTION 73 50 300 5340 7440 7440
777 CONNECTION 73 222 300 6000 8100 8100
778 CONNECTION 73 340 300 5580 7680 7680
779 CONNECTION 73 205 300 6660 8760 8760
780 CONNECTION 241 242 -1 -1 1620 1620
781 CONNECTION 241 597 300 2400 4500 4500
782 CONNECTION 241 420 300 2520 4620 4620
783 CONNECTION 241 643 300 3120 5220 5220
784 CONNECTION 241 324 300 4380 6480 6480
785 CONNECTION 241 119 300 6000 8100 8100
786 CONNECTION 241 99 300 6120 8220 8220
787 CONNECTION 0 1 -1 -1 2820 2820
788 CONNECTION 0 597 300 2340 4440 4440
789 CONNECTION 0 420 300 2460 4560 4560
790 CONNECTION 0 643 300 3060 5160 5160
791 CONNECTION 0 324 300 4320 6420 6420
792 CONNECTION 0 119 300 5940 8040 8040
793 CONNECTION 0 99 300 6060 8160 8160
794 CONNECTION 46 47 -1 -1 1140 1140
795 CONNECTION 46 243 -1 -1 2580 2580
796 CONNECTION 46 18 -1 -1 2700 2700
797 CONNECTION 46 163 -1 -1 2340 2340
798 CONNECTION 46 419 -1 -1 2880 2880
799 CONNECTION 46 134 -1 -1 3900 3900
800 CONNECTION 46 296 -1 -1 3540 3540
801 CONNECTION 46 75 300 3060 5160 5160
802 CONNECTION 46 266 300 3000 5100 5100
803 CONNECTION 46 369 300 2640 4740 4740
804 CONNECTION 46 644 300 4080 6180 6180
805 CONNECTION 46 339 300 4200 6300 6300
806 CONNECTION 46 488 300 3840 5940 5940
807 CONNECTION 46 98 300 4380 6480 6480
808 CONNECTION 46 459 300 5400 7500 7500
809 CONNECTION 46 572 300 5040 7140 7140
810 CONNECTION 46 398 300 6660 8760 8760
811 CONNECTION 46 639 300 6660 8760 8760
812 SINK 46 0 -1 -1 0 0
813 CONNECTION 132 133 -1 -1 1260 1260
814 CONNECTION 132 642 -1 -1 1920 1920
815 CONNECTION 132 323 -1 -1 1980 1980
816 CONNECTION 132 164 -1 -1 3780 3780
817 CONNECTION 132 265 -1 -1 2460 2460
818 CONNECTION 132 297 -1 -1 4980 4980
819 CONNECTION 132 338 -1 -1 3660 3660
820 CONNECTION 132 370 300 4080 6180 6180
821 CONNECTION 132 458 300 2760 4860 4860
822 CONNECTION 132 244 300 3420 5520 5520
823 CONNECTION 132 598 300 3480 5580 5580
824 CONNECTION 132 489 300 5280 7380 7380
825 CONNECTION 132 542 300 3960 6060 6060
826 CONNECTION 132 573 300 6480 8580 8580
827 CONNECTION 132 21 300 5160 7260 7260
828 CONNECTION 161 162 -1 -1 1500 1500
829 CONNECTION 161 485 -1 -1 1740 1740
830 CONNECTION 161 526 -1 -1 5160 5160
831 CONNECTION 161 295 -1 -1 2700 2700
832 CONNECTION 161 569 -1 -1 2940 2940
833 CONNECTION 161 368 -1 -1 3900 3900
834 CONNECTION 161 637 -1 -1 4560 4560
835 CONNECTION 161 19 300 2040 4140 4140
836 CONNECTION 161 610 300 3120 5220 5220
837 CONNECTION 161 487 300 3000 5100 5100
838 CONNECTION 161 97 300 3060 5160 5160
839 CONNECTION 161 397 300 2700 4800 4800
840 CONNECTION 161 135 300 3240 5340 5340
841 CONNECTION 161 625 300 6660 8760 8760
842 CONNECTION 161 571 300 4200 6300 6300
843 CONNECTION 161 267 300 4440 6540 6540
844 CONNECTION 161 50 300 5400 7500 7500
845 CONNECTION 161 222 300 6060 8160 8160
846 CONNECTION 161 340 300 5640 7740 7740
847 CONNECTION 441 190 -1 -1 4140 4140
848 CONNECTION 441 442 -1 -1 5280 5280
849 CONNECTION 441 514 300 5640 7740 7740
850 CONNECTION 441 648 300 6780 8880 8880
851 CONNECTION 456 457 -1 -1 3420 3420
852 CONNECTION 456 204 -1 -1 5400 5400
853 CONNECTION 456 541 -1 -1 4620 4620
854 CONNECTION 456 20 300 3720 5820 5820
855 CONNECTION 456 136 300 4920 7020 7020
856 CONNECTION 456 527 300 6900 9000 9000
857 CONNECTION 456 268 300 6120 8220 8220
858 CONNECTION 456 341 300 7320 9420 9420
859 CONNECTION 484 485 -1 -1 1140 1140
860 CONNECTION 484 295 -1 -1 2100 2100
861 CONNECTION 484 569 -1 -1 2340 2340
862 CONNECTION 484 368 -1 -1 3300 3300
863 CONNECTION 484 637 -1 -1 3960 3960
864 CONNECTION 484 19 -1 -1 3540 3540
865 CONNECTION 484 610 300 2520 4620 4620
866 CONNECTION 484 487 300 2400 4500 4500
867 CONNECTION 484 97 300 2460 4560 4560
868 CONNECTION 484 397 300 2100 4200 4200
869 CONNECTION 484 135 300 2640 4740 4740
870 CONNECTION 484 625 300 6060 8160 8160
871 CONNECTION 484 571 300 3600 5700 5700
872 CONNECTION 484 267 300 3840 5940 5940
873 CONNECTION 484 50 300 4800 6900 6900
874 CONNECTION 484 222 300 5460 7560 7560
875 CONNECTION 484 340 300 5040 7140 7140
876 CONNECTION 484 205 300 6120 8220 8220
877 CONNECTION 484 166 300 6000 8100 8100
878 CONNECTION 484 77 300 5700 7800 7800
879 CONNECTION 484 421 300 6060 8160 8160
880 CONNECTION 484 645 300 6060 8160 8160
881 CONNECTION 539 540 -1 -1 2580 2580
882 CONNECTION 539 48 -1 -1 3780 3780
883 CONNECTION 539 133 -1 -1 2460 2460
884 CONNECTION 539 642 -1 -1 3120 3120
885 CONNECTION 539 323 -1 -1 3180 3180
886 CONNECTION 539 164 -1 -1 4980 4980
887 CONNECTION 539 265 -1 -1 3660 3660
888 CONNECTION 539 297 300 4080 6180 6180
889 CONNECTION 539 338 300 2760 4860 4860
890 CONNECTION 539 370 300 5280 7380 7380
891 CONNECTION 539 458 300 3960 6060 6060
892 CONNECTION 539 244 300 4620 6720 6720
893 CONNECTION 539 598 300 4680 6780 6780
894 CONNECTION 539 489 300 6480 8580 8580
895 CONNECTION 539 542 300 5160 7260 7260
896 CONNECTION 609 610 -1 -1 1800 1800
897 CONNECTION 609 135 -1 -1 1920 1920
898 CONNECTION 609 625 -1 -1 5340 5340
899 CONNECTION 609 571 -1 -1 2880 2880
900 CONNECTION 609 267 -1 -1 3120 3120
901 CONNECTION 609 50 -1 -1 4080 4080
902 CONNECTION 609 222 300 2640 4740 4740
903 CONNECTION 609 340 300 2220 4320 4320
904 CONNECTION 609 205 300 3300 5400 5400
905 CONNECTION 609 166 300 3180 5280 5280
906 CONNECTION 609 77 300 2880 4980 4980
907 CONNECTION 609 421 300 3240 5340 5340
908 CONNECTION 609 645 300 3240 5340 5340
909 CONNECTION 609 460 300 3420 5520 5520
910 CONNECTION 609 192 300 6840 8940 8940
911 CONNECTION 609 299 300 4380 6480 6480
912 CONNECTION 609 544 300 4620 6720 6720
913 CONNECTION 609 372 300 5580 7680 7680
914 CONNECTION 609 655 300 6240 8340 8340
915 CONNECTION 609 23 300 5820 7920 7920
916 CONNECTION 525 526 -1 -1 4320 4320
917 CONNECTION 525 569 -1 -1 2100 2100
918 CONNECTION 525 368 -1 -1 3060 3060
919 CONNECTION 525 637 -1 -1 3720 3720
920 CONNECTION 525 19 -1 -1 3300 3300
921 CONNECTION 525 610 -1 -1 4380 4380
922 CONNECTION 525 487 -1 -1 4260 4260
923 CONNECTION 525 97 -1 -1 4320 4320
924 CONNECTION 525 397 -1 -1 3960 3960
925 CONNECTION 525 135 300 2400 4500 4500
926 CONNECTION 525 625 300 5820 7920 7920
927 CONNECTION 525 571 300 3360 5460 5460
928 CONNECTION 525 267 300 3600 5700 5700
929 CONNECTION 525 50 300 4560 6660 6660
930 CONNECTION 525 222 300 5220 7320 7320
931 CONNECTION 525 340 300 4800 6900 6900
932 CONNECTION 525 205 300 5880 7980 7980
933 CONNECTION 525 166 300 5760 7860 7860
934 CONNECTION 525 77 300 5460 7560 7560
935 CONNECTION 525 421 300 5820 7920 7920
936 CONNECTION 525 645 300 5820 7920 7920
937 CONNECTION 525 460 300 6000 8100 8100
938 CONNECTION 567 568 -1 -1 1500 1500
939 CONNECTION 567 243 -1 -1 2580 2580
940 CONNECTION 567 18 -1 -1 2700 2700
941 CONNECTION 567 163 -1 -1 2340 2340
942 CONNECTION 567 419 -1 -1 2880 2880
943 CONNECTION 567 134 -1 -1 3900 3900
944 CONNECTION 567 296 -1 -1 3540 3540
945 CONNECTION 567 75 300 3060 5160 5160
946 CONNECTION 567 266 300 3000 5100 5100
947 CONNECTION 567 369 300 2640 4740 4740
948 CONNECTION 567 644 300 4080 6180 6180
949 CONNECTION 567 339 300 4200 6300 6300
950 CONNECTION 567 488 300 3840 5940 5940
951 CONNECTION 567 98 300 4380 6480 6480
952 CONNECTION 567 459 300 5400 7500 7500
953 CONNECTION 567 572 300 5040 7140 7140
954 CONNECTION 567 398 300 6660 8760 8760
955 CONNECTION 567 639 300 6660 8760 8760
956 SINK 567 0 -1 -1 0 0
957 CONNECTION 219 220 -1 -1 1980 1980
958 CONNECTION 219 513 -1 -1 3960 3960
959 CONNECTION 219 396 -1 -1 2700 2700
960 CONNECTION 219 2 -1 -1 4860 4860
961 CONNECTION 219 624 -1 -1 3480 3480
962 CONNECTION 219 118 300 3660 5760 5760
963 CONNECTION 219 638 300 3480 5580 5580
964 CONNECTION 219 611 300 5460 7560 7560
965 CONNECTION 219 76 300 4200 6300 6300
966 CONNECTION 219 325 300 6360 8460 8460
967 CONNECTION 219 191 300 4980 7080 7080
968 CONNECTION 219 443 300 7260 9360 9360
969 CONNECTION 366 367 -1 -1 1860 1860
970 CONNECTION 366 636 -1 -1 2340 2340
971 CONNECTION 366 486 -1 -1 3060 3060
972 CONNECTION 366 570 300 2160 4260 4260
973 CONNECTION 366 49 300 3360 5460 5460
974 CONNECTION 366 221 300 3840 5940 5940
975 CONNECTION 366 165 300 4560 6660 6660
976 CONNECTION 366 298 300 5760 7860 7860
977 CONNECTION 322 48 -1 -1 3360 3360
978 CONNECTION 322 133 -1 -1 2040 2040
979 CONNECTION 322 642 -1 -1 2700 2700
980 CONNECTION 322 323 -1 -1 2760 2760
981 CONNECTION 322 164 -1 -1 4560 4560
982 CONNECTION 322 265 -1 -1 3240 3240
983 CONNECTION 322 297 300 3660 5760 5760
984 CONNECTION 322 338 300 2340 4440 4440
985 CONNECTION 322 370 300 4860 6960 6960
986 CONNECTION 322 458 300 3540 5640 5640
987 CONNECTION 322 244 300 4200 6300 6300
988 CONNECTION 322 598 300 4260 6360 6360
989 CONNECTION 322 489 300 6060 8160 8160
990 CONNECTION 322 542 300 4740 6840 6840
991 CONNECTION 322 573 300 7260 9360 9360
992 CONNECTION 322 21 300 5940 8040 8040
993 CONNECTION 623 624 -1 -1 1680 1680
994 CONNECTION 623 118 -1 -1 3960 3960
995 CONNECTION 623 638 -1 -1 3780 3780
996 CONNECTION 623 611 -1 -1 5760 5760
997 CONNECTION 623 76 -1 -1 4500 4500
998 CONNECTION 623 325 300 4560 6660 6660
999 CONNECTION 623 191 300 3180 5280 5280
1000 CONNECTION 623 443 300 5460 7560 7560
1001 CONNECTION 623 223 300 5280 7380 7380
1002 CONNECTION 623 206 300 7260 9360 9360
1003 CONNECTION 623 399 300 6000 8100 8100
1004 CONNECTION 623 640 300 6000 8100 8100
1005 CONNECTION 623 600 300 8160 10260 10260
1006 CONNECTION 96 48 -1 -1 3240 3240
1007 CONNECTION 96 133 -1 -1 1920 1920
1008 CONNECTION 96 642 -1 -1 2580 2580
1009 CONNECTION 96 323 -1 -1 2640 2640
1010 CONNECTION 96 164 -1 -1 4440 4440
1011 CONNECTION 96 265 -1 -1 3120 3120
1012 CONNECTION 96 297 300 3540 5640 5640
1013 CONNECTION 96 338 300 2220 4320 4320
1014 CONNECTION 96 370 300 4740 6840 6840
1015 CONNECTION 96 458 300 3420 5520 5520
1016 CONNECTION 96 244 300 4080 6180 6180
1017 CONNECTION 96 598 300 4140 6240 6240
1018 CONNECTION 96 489 300 5940 8040 8040
1019 CONNECTION 96 542 300 4620 6720 6720
1020 CONNECTION 96 573 300 7140 9240 9240
1021 CONNECTION 96 21 300 5820 7920 7920
1022 CONNECTION 242 243 -1 -1 1500 1500
1023 CONNECTION 242 134 -1 -1 2820 2820
1024 CONNECTION 242 296 -1 -1 2460 2460
1025 CONNECTION 242 75 -1 -1 4080 4080
1026 CONNECTION 242 266 -1 -1 4020 4020
1027 CONNECTION 242 369 -1 -1 3660 3660
1028 CONNECTION 242 644 300 3000 5100 5100
1029 CONNECTION 242 339 300 3120 5220 5220
1030 CONNECTION 242 488 300 2760 4860 4860
1031 CONNECTION 242 98 300 3300 5400 5400
1032 CONNECTION 242 459 300 4320 6420 6420
1033 CONNECTION 242 572 300 3960 6060 6060
1034 CONNECTION 242 398 300 5580 7680 7680
1035 CONNECTION 242 639 300 5580 7680 7680
1036 CONNECTION 242 51 300 5160 7260 7260
1037 CONNECTION 242 543 300 5520 7620 7620
1038 SINK 242 0 -1 -1 0 0
1039 CONNECTION 1 2 -1 -1 3180 3180
1040 CONNECTION 1 118 -1 -1 4080 4080
1041 CONNECTION 1 638 -1 -1 3900 3900
1042 CONNECTION 1 611 -1 -1 5880 5880
1043 CONNECTION 1 76 300 2520 4620 4620
1044 CONNECTION 1 325 300 4680 6780 6780
1045 CONNECTION 1 191 300 3300 5400 5400
1046 CONNECTION 1 443 300 5580 7680 7680
1047 CONNECTION 1 223 300 5400 7500 7500
1048 CONNECTION 1 206 300 7380 9480 9480
1049 CONNECTION 1 399 300 6120 8220 8220
1050 CONNECTION 1 640 300 6120 8220 8220
1051 CONNECTION 512 513 -1 -1 3300 3300
1052 CONNECTION 512 2 -1 -1 4200 4200
1053 CONNECTION 512 624 -1 -1 2820 2820
1054 CONNECTION 512 118 -1 -1 5100 5100
1055 CONNECTION 512 638 300 2820 4920 4920
1056 CONNECTION 512 611 300 4800 6900 6900
1057 CONNECTION 512 76 300 3540 5640 5640
1058 CONNECTION 512 325 300 5700 7800 7800
1059 CONNECTION 512 191 300 4320 6420 6420
1060 CONNECTION 512 443 300 6600 8700 8700
1061 CONNECTION 512 223 300 6420 8520 8520
1062 CONNECTION 162 163 -1 -1 1140 1140
1063 CONNECTION 162 134 -1 -1 2700 2700
1064 CONNECTION 162 296 -1 -1 2340 2340
1065 CONNECTION 162 75 -1 -1 3960 3960
1066 CONNECTION 162 266 -1 -1 3900 3900
1067 CONNECTION 162 369 -1 -1 3540 3540
1068 CONNECTION 162 644 300 2880 4980 4980
1069 CONNECTION 162 339 300 3000 5100 5100
1070 CONNECTION 162 488 300 2640 4740 4740
1071 CONNECTION 162 98 300 3180 5280 5280
1072 CONNECTION 162 459 300 4200 6300 6300
1073 CONNECTION 162 572 300 3840 5940 5940
1074 CONNECTION 162 398 300 5460 7560 7560
1075 CONNECTION 162 639 300 5460 7560 7560
1076 CONNECTION 162 51 300 5040 7140 7140
1077 CONNECTION 162 543 300 5400 7500 7500
1078 CONNECTION 162 246 300 6480 8580 8580
1079 SINK 162 0 -1 -1 0 0
1080 CONNECTION 395 396 -1 -1 1800 1800
1081 CONNECTION 395 2 -1 -1 3960 3960
1082 CONNECTION 395 624 -1 -1 2580 2580
1083 CONNECTION 395 118 -1 -1 4860 4860
1084 CONNECTION 395 638 -1 -1 4680 4680
1085 CONNECTION 395 611 300 4560 6660 6660
1086 CONNECTION 395 76 300 3300 5400 5400
1087 CONNECTION 395 325 300 5460 7560 7560
1088 CONNECTION 395 191 300 4080 6180 6180
1089 CONNECTION 395 443 300 6360 8460 8460
1090 CONNECTION 395 223 300 6180 8280 8280
1091 CONNECTION 395 206 300 8160 10260 10260
1092 CONNECTION 74 636 -1 -1 1680 1680
1093 CONNECTION 74 486 -1 -1 2400 2400
1094 CONNECTION 74 570 -1 -1 3600 3600
1095 CONNECTION 74 49 300 2700 4800 4800
1096 CONNECTION 74 221 300 3180 5280 5280
1097 CONNECTION 74 165 300 3900 6000 6000
1098 CONNECTION 74 298 300 5100 7200 7200
1099 CONNECTION 264 265 -1 -1 1260 1260
1100 CONNECTION 264 297 -1 -1 3780 3780
1101 CONNECTION 264 338 -1 -1 2460 2460
1102 CONNECTION 264 370 -1 -1 4980 4980
1103 CONNECTION 264 458 -1 -1 3660 3660
1104 CONNECTION 264 244 300 2220 4320 4320
1105 CONNECTION 264 598 300 2280 4380 4380
1106 CONNECTION 264 489 300 4080 6180 6180
1107 CONNECTION 264 542 300 2760 4860 4860
1108 CONNECTION 264 573 300 5280 7380 7380
1109 CONNECTION 264 21 300 3960 6060 6060
1110 CONNECTION 264 52 300 6480 8580 8580
1111 CONNECTION 264 137 300 5160 7260 7260
1112 CONNECTION 264 660 300 5820 7920 7920
1113 CONNECTION 264 3 300 5880 7980 7980
1114 CONNECTION 294 295 -1 -1 1500 1500
1115 CONNECTION 294 569 -1 -1 1740 1740
1116 CONNECTION 294 368 -1 -1 2700 2700
1117 CONNECTION 294 637 -1 -1 3360 3360
1118 CONNECTION 294 19 -1 -1 2940 2940
1119 CONNECTION 294 610 -1 -1 4020 4020
1120 CONNECTION 294 487 -1 -1 3900 3900
1121 CONNECTION 294 97 -1 -1 3960 3960
1122 CONNECTION 294 397 -1 -1 3600 3600
1123 CONNECTION 294 135 300 2040 4140 4140
1124 CONNECTION 294 625 300 5460 7560 7560
1125 CONNECTION 294 571 300 3000 5100 5100
1126 CONNECTION 294 267 300 3240 5340 5340
1127 CONNECTION 294 50 300 4200 6300 6300
1128 CONNECTION 294 222 300 4860 6960 6960
1129 CONNECTION 294 340 300 4440 6540 6540
1130 CONNECTION 294 205 300 5520 7620 7620
1131 CONNECTION 294 166 300 5400 7500 7500
1132 CONNECTION 294 77 300 5100 7200 7200
1133 CONNECTION 294 421 300 5460 7560 7560
1134 CONNECTION 294 645 300 5460 7560 7560
1135 CONNECTION 294 460 300 5640 7740 7740
1136 CONNECTION 294 192 300 9060 11160 11160
1137 CONNECTION 418 419 -1 -1 1620 1620
1138 CONNECTION 418 134 -1 -1 2640 2640
1139 CONNECTION 418 296 -1 -1 2280 2280
1140 CONNECTION 418 75 -1 -1 3900 3900
1141 CONNECTION 418 266 -1 -1 3840 3840
1142 CONNECTION 418 369 -1 -1 3480 3480
1143 CONNECTION 418 644 300 2820 4920 4920
1144 CONNECTION 418 339 300 2940 5040 5040
1145 CONNECTION 418 488 300 2580 4680 4680
1146 CONNECTION 418 98 300 3120 5220 5220
1147 CONNECTION 418 459 300 4140 6240 6240
1148 CONNECTION 418 572 300 3780 5880 5880
1149 CONNECTION 418 398 300 5400 7500 7500
1150 CONNECTION 418 639 300 5400 7500 7500
1151 CONNECTION 418 51 300 4980 7080 7080
1152 CONNECTION 418 543 300 5340 7440 7440
1153 CONNECTION 418 246 300 6420 8520 8520
1154 SINK 418 0 -1 -1 0 0
1155 CONNECTION 540 541 -1 -1 3420 3420
1156 CONNECTION 540 20 -1 -1 4620 4620
1157 CONNECTION 540 136 300 3720 5820 5820
1158 CONNECTION 540 527 300 5700 7800 7800
1159 CONNECTION 540 268 300 4920 7020 7020
1160 CONNECTION 540 341 300 6120 8220 8220
1161 CONNECTION 540 461 300 7320 9420 9420
1162 CONNECTION 540 626 300 9300 11400 11400
1163 CONNECTION 47 48 -1 -1 2580 2580
1164 CONNECTION 47 642 -1 -1 1920 1920
1165 CONNECTION 47 323 -1 -1 1980 1980
1166 CONNECTION 47 164 -1 -1 3780 3780
1167 CONNECTION 47 265 -1 -1 2460 2460
1168 CONNECTION 47 297 -1 -1 4980 4980
1169 CONNECTION 47 338 -1 -1 3660 3660
1170 CONNECTION 47 370 300 4080 6180 6180
1171 CONNECTION 47 458 300 2760 4860 4860
1172 CONNECTION 47 244 300 3420 5520 5520
1173 CONNECTION 47 598 300 3480 5580 5580
1174 CONNECTION 47 489 300 5280 7380 7380
1175 CONNECTION 47 542 300 3960 6060 6060
1176 CONNECTION 47 573 300 6480 8580 8580
1177 CONNECTION 47 21 300 5160 7260 7260
1178 CONNECTION 568 569 -1 -1 1140 1140
1179 CONNECTION 568 368 -1 -1 2100 2100
1180 CONNECTION 568 637 -1 -1 2760 2760
1181 CONNECTION 568 19 -1 -1 2340 2340
1182 CONNECTION 568 610 -1 -1 3420 3420
1183 CONNECTION 568 487 -1 -1 3300 3300
1184 CONNECTION 568 97 -1 -1 3360 3360
1185 CONNECTION 568 397 -1 -1 3000 3000
1186 CONNECTION 568 135 -1 -1 3540 3540
1187 CONNECTION 568 625 -1 -1 6960 6960
1188 CONNECTION 568 571 300 2400 4500 4500
1189 CONNECTION 568 267 300 2640 4740 4740
1190 CONNECTION 568 50 300 3600 5700 5700
1191 CONNECTION 568 222 300 4260 6360 6360
1192 CONNECTION 568 340 300 3840 5940 5940
1193 CONNECTION 568 205 300 4920 7020 7020
1194 CONNECTION 568 166 300 4800 6900 6900
1195 CONNECTION 568 77 300 4500 6600 6600
1196 CONNECTION 568 421 300 4860 6960 6960
1197 CONNECTION 568 645 300 4860 6960 6960
1198 CONNECTION 568 460 300 5040 7140 7140
1199 CONNECTION 568 192 300 8460 10560 10560
1200 CONNECTION 568 299 300 6000 8100 8100
1201 CONNECTION 596 597 -1 -1 1140 1140
1202 CONNECTION 596 119 300 2640 4740 4740
1203 CONNECTION 596 99 300 2760 4860 4860
1204 CONNECTION 596 245 300 3360 5460 5460
1205 CONNECTION 596 599 300 4620 6720 6720
1206 CONNECTION 17 18 -1 -1 1500 1500
1207 CONNECTION 17 134 -1 -1 2700 2700
1208 CONNECTION 17 296 -1 -1 2340 2340
1209 CONNECTION 17 75 -1 -1 3960 3960
1210 CONNECTION 17 266 -1 -1 3900 3900
1211 CONNECTION 17 369 -1 -1 3540 3540
1212 CONNECTION 17 644 300 2880 4980 4980
1213 CONNECTION 17 339 300 3000 5100 5100
1214 CONNECTION 17 488 300 2640 4740 4740
1215 CONNECTION 17 98 300 3180 5280 5280
1216 CONNECTION 17 459 300 4200 6300 6300
1217 CONNECTION 17 572 300 3840 5940 5940
1218 CONNECTION 17 398 300 5460 7560 7560
1219 CONNECTION 17 639 300 5460 7560 7560
1220 CONNECTION 17 51 300 5040 7140 7140
1221 CONNECTION 17 543 300 5400 7500 7500
1222 CONNECTION 17 246 300 6480 8580 8580
1223 SINK 17 0 -1 -1 0 0
1224 CONNECTION 485 486 -1 -1 1860 1860
1225 CONNECTION 485 570 -1 -1 3060 3060
1226 CONNECTION 485 49 300 2160 4260 4260
1227 CONNECTION 485 221 300 2640 4740 4740
1228 CONNECTION 485 165 300 3360 5460 5460
1229 CONNECTION 485 298 300 4560 6660 6660
1230 CONNECTION 485 371 300 5760 7860 7860
1231 CONNECTION 117 118 -1 -1 2820 2820
1232 CONNECTION 117 638 -1 -1 2640 2640
1233 CONNECTION 117 611 -1 -1 4620 4620
1234 CONNECTION 117 76 -1 -1 3360 3360
1235 CONNECTION 117 325 -1 -1 5520 5520
1236 CONNECTION 117 191 -1 -1 4140 4140
1237 CONNECTION 117 443 300 4320 6420 6420
1238 CONNECTION 117 223 300 4140 6240 6240
1239 CONNECTION 117 206 300 6120 8220 8220
1240 CONNECTION 117 399 300 4860 6960 6960
1241 CONNECTION 117 640 300 4860 6960 6960
1242 CONNECTION 117 600 300 7020 9120 9120
1243 CONNECTION 117 515 300 5640 7740 7740
1244 CONNECTION 526 136 -1 -1 3480 3480
1245 CONNECTION 526 527 -1 -1 5460 5460
1246 CONNECTION 526 268 -1 -1 4680 4680
1247 CONNECTION 526 341 300 3780 5880 5880
1248 CONNECTION 526 461 300 4980 7080 7080
1249 CONNECTION 526 626 300 6960 9060 9060
1250 CONNECTION 526 545 300 6180 8280 8280
1251 CONNECTION 526 24 300 7380 9480 9480
1252 CONNECTION 220 75 -1 -1 2520 2520
1253 CONNECTION 220 266 -1 -1 2460 2460
1254 CONNECTION 220 369 -1 -1 2100 2100
1255 CONNECTION 220 644 -1 -1 3540 3540
1256 CONNECTION 220 339 -1 -1 3660 3660
1257 CONNECTION 220 488 -1 -1 3300 3300
1258 CONNECTION 220 98 -1 -1 3840 3840
1259 CONNECTION 220 459 300 2760 4860 4860
1260 CONNECTION 220 572 300 2400 4500 4500
1261 CONNECTION 220 398 300 4020 6120 6120
1262 CONNECTION 220 639 300 4020 6120 6120
1263 CONNECTION 220 51 300 3600 5700 5700
1264 CONNECTION 220 543 300 3960 6060 6060
1265 CONNECTION 220 246 300 5040 7140 7140
1266 CONNECTION 220 22 300 5160 7260 7260
1267 CONNECTION 220 167 300 4800 6900 6900
1268 CONNECTION 220 422 300 5340 7440 7440
1269 CONNECTION 220 646 300 5340 7440 7440
1270 CONNECTION 220 138 300 6360 8460 8460
1271 CONNECTION 220 300 300 6000 8100 8100
1272 SINK 220 0 -1 -1 0 0
1273 CONNECTION 295 296 -1 -1 1140 1140
1274 CONNECTION 295 75 -1 -1 2760 2760
1275 CONNECTION 295 266 -1 -1 2700 2700
1276 CONNECTION 295 369 -1 -1 2340 2340
1277 CONNECTION 295 644 -1 -1 3780 3780
1278 CONNECTION 295 339 -1 -1 3900 3900
1279 CONNECTION 295 488 -1 -1 3540 3540
1280 CONNECTION 295 98 -1 -1 4080 4080
1281 CONNECTION 295 459 300 3000 5100 5100
1282 CONNECTION 295 572 300 2640 4740 4740
1283 CONNECTION 295 398 300 4260 6360 6360
1284 CONNECTION 295 639 300 4260 6360 6360
1285 CONNECTION 295 51 300 3840 5940 5940
1286 CONNECTION 295 543 300 4200 6300 6300
1287 CONNECTION 295 246 300 5280 7380 7380
1288 CONNECTION 295 22 300 5400 7500 7500
1289 CONNECTION 295 167 300 5040 7140 7140
1290 CONNECTION 295 422 300 5580 7680 7680
1291 CONNECTION 295 646 300 5580 7680 7680
1292 SINK 295 0 -1 -1 0 0
1293 CONNECTION 337 338 -1 -1 1260 1260
1294 CONNECTION 337 370 -1 -1 3780 3780
1295 CONNECTION 337 458 -1 -1 2460 2460
1296 CONNECTION 337 244 -1 -1 3120 3120
1297 CONNECTION 337 598 -1 -1 3180 3180
1298 CONNECTION 337 489 -1 -1 4980 4980
1299 CONNECTION 337 542 -1 -1 3660 3660
1300 CONNECTION 337 573 300 4080 6180 6180
1301 CONNECTION 337 21 300 2760 4860 4860
1302 CONNECTION 337 52 300 5280 7380 7380
1303 CONNECTION 337 137 300 3960 6060 6060
1304 CONNECTION 337 660 300 4620 6720 6720
1305 CONNECTION 337 3 300 4680 6780 6780
1306 CONNECTION 337 168 300 6480 8580 8580
1307 CONNECTION 337 269 300 5160 7260 7260
1308 CONNECTION 367 368 -1 -1 1500 1500
1309 CONNECTION 367 637 -1 -1 2160 2160
1310 CONNECTION 367 19 -1 -1 1740 1740
1311 CONNECTION 367 610 -1 -1 2820 2820
1312 CONNECTION 367 487 -1 -1 2700 2700
1313 CONNECTION 367 97 -1 -1 2760 2760
1314 CONNECTION 367 397 -1 -1 2400 2400
1315 CONNECTION 367 135 -1 -1 2940 2940
1316 CONNECTION 367 625 -1 -1 6360 6360
1317 CONNECTION 367 571 -1 -1 3900 3900
1318 CONNECTION 367 267 300 2040 4140 4140
1319 CONNECTION 367 50 300 3000 5100 5100
1320 CONNECTION 367 222 300 3660 5760 5760
1321 CONNECTION 367 340 300 3240 5340 5340
1322 CONNECTION 367 205 300 4320 6420 6420
1323 CONNECTION 367 166 300 4200 6300 6300
1324 CONNECTION 367 77 300 3900 6000 6000
1325 CONNECTION 367 421 300 4260 6360 6360
1326 CONNECTION 367 645 300 4260 6360 6360
1327 CONNECTION 367 460 300 4440 6540 6540
1328 CONNECTION 367 192 300 7860 9960 9960
1329 CONNECTION 367 299 300 5400 7500 7500
1330 CONNECTION 367 544 300 5640 7740 7740
1331 CONNECTION 243 610 -1 -1 2340 2340
1332 CONNECTION 243 487 -1 -1 2220 2220
1333 CONNECTION 243 97 -1 -1 2280 2280
1334 CONNECTION 243 397 -1 -1 1920 1920
1335 CONNECTION 243 135 -1 -1 2460 2460
1336 CONNECTION 243 625 -1 -1 5880 5880
1337 CONNECTION 243 571 -1 -1 3420 3420
1338 CONNECTION 243 267 -1 -1 3660 3660
1339 CONNECTION 243 50 300 2520 4620 4620
1340 CONNECTION 243 222 300 3180 5280 5280
1341 CONNECTION 243 340 300 2760 4860 4860
1342 CONNECTION 243 205 300 3840 5940 5940
1343 CONNECTION 243 166 300 3720 5820 5820
1344 CONNECTION 243 77 300 3420 5520 5520
1345 CONNECTION 243 421 300 3780 5880 5880
1346 CONNECTION 243 645 300 3780 5880 5880
1347 CONNECTION 243 460 300 3960 6060 6060
1348 CONNECTION 243 192 300 7380 9480 9480
1349 CONNECTION 243 299 300 4920 7020 7020
1350 CONNECTION 243 544 300 5160 7260 7260
1351 CONNECTION 243 372 300 6120 8220 8220
1352 CONNECTION 48 20 -1 -1 3420 3420
1353 CONNECTION 48 136 -1 -1 4620 4620
1354 CONNECTION 48 527 -1 -1 6600 6600
1355 CONNECTION 48 268 300 3720 5820 5820
1356 CONNECTION 48 341 300 4920 7020 7020
1357 CONNECTION 48 461 300 6120 8220 8220
1358 CONNECTION 48 626 300 8100 10200 10200
1359 CONNECTION 48 545 300 7320 9420 9420
1360 CONNECTION 18 19 -1 -1 1140 1140
1361 CONNECTION 18 610 -1 -1 2220 2220
1362 CONNECTION 18 487 -1 -1 2100 2100
1363 CONNECTION 18 97 -1 -1 2160 2160
1364 CONNECTION 18 397 -1 -1 1800 1800
1365 CONNECTION 18 135 -1 -1 2340 2340
1366 CONNECTION 18 625 -1 -1 5760 5760
1367 CONNECTION 18 571 -1 -1 3300 3300
1368 CONNECTION 18 267 -1 -1 3540 3540
1369 CONNECTION 18 50 300 2400 4500 4500
1370 CONNECTION 18 222 300 3060 5160 5160
1371 CONNECTION 18 340 300 2640 4740 4740
1372 CONNECTION 18 205 300 3720 5820 5820
1373 CONNECTION 18 166 300 3600 5700 5700
1374 CONNECTION 18 77 300 3300 5400 5400
1375 CONNECTION 18 421 300 3660 5760 5760
1376 CONNECTION 18 645 300 3660 5760 5760
1377 CONNECTION 18 460 300 3840 5940 5940
1378 CONNECTION 18 192 300 7260 9360 9360
1379 CONNECTION 18 299 300 4800 6900 6900
1380 CONNECTION 18 544 300 5040 7140 7140
1381 CONNECTION 18 372 300 6000 8100 8100
1382 CONNECTION 18 655 300 6660 8760 8760
1383 CONNECTION 163 164 -1 -1 2580 2580
1384 CONNECTION 163 297 -1 -1 3780 3780
1385 CONNECTION 163 338 -1 -1 2460 2460
1386 CONNECTION 163 370 -1 -1 4980 4980
1387 CONNECTION 163 458 -1 -1 3660 3660
1388 CONNECTION 163 244 300 2220 4320 4320
1389 CONNECTION 163 598 300 2280 4380 4380
1390 CONNECTION 163 489 300 4080 6180 6180
1391 CONNECTION 163 542 300 2760 4860 4860
1392 CONNECTION 163 573 300 5280 7380 7380
1393 CONNECTION 163 21 300 3960 6060 6060
1394 CONNECTION 163 52 300 6480 8580 8580
1395 CONNECTION 163 137 300 5160 7260 7260
1396 CONNECTION 163 660 300 5820 7920 7920
1397 CONNECTION 163 3 300 5880 7980 7980
1398 CONNECTION 133 134 -1 -1 1500 1500
1399 CONNECTION 133 75 -1 -1 2760 2760
1400 CONNECTION 133 266 -1 -1 2700 2700
1401 CONNECTION 133 369 -1 -1 2340 2340
1402 CONNECTION 133 644 -1 -1 3780 3780
1403 CONNECTION 133 339 -1 -1 3900 3900
1404 CONNECTION 133 488 -1 -1 3540 3540
1405 CONNECTION 133 98 -1 -1 4080 4080
1406 CONNECTION 133 459 300 3000 5100 5100
1407 CONNECTION 133 572 300 2640 4740 4740
1408 CONNECTION 133 398 300 4260 6360 6360
1409 CONNECTION 133 639 300 4260 6360 6360
1410 CONNECTION 133 51 300 3840 5940 5940
1411 CONNECTION 133 543 300 4200 6300 6300
1412 CONNECTION 133 246 300 5280 7380 7380
1413 CONNECTION 133 22 300 5400 7500 7500
1414 CONNECTION 133 167 300 5040 7140 7140
1415 CONNECTION 133 422 300 5580 7680 7680
1416 CONNECTION 133 646 300 5580 7680 7680
1417 SINK 133 0 -1 -1 0 0
1418 CONNECTION 419 420 -1 -1 1200 1200
1419 CONNECTION 419 119 300 2580 4680 4680
1420 CONNECTION 419 99 300 2700 4800 4800
1421 CONNECTION 419 245 300 3300 5400 5400
1422 CONNECTION 419 599 300 4560 6660 6660
1423 CONNECTION 513 514 -1 -1 5040 5040
1424 CONNECTION 513 648 300 4080 6180 6180
1425 CONNECTION 513 612 300 6540 8640 8640
1426 CONNECTION 513 120 300 7680 9780 9780
1427 CONNECTION 636 637 -1 -1 1680 1680
1428 CONNECTION 636 610 -1 -1 2340 2340
1429 CONNECTION 636 487 -1 -1 2220 2220
1430 CONNECTION 636 97 -1 -1 2280 2280
1431 CONNECTION 636 397 -1 -1 1920 1920
1432 CONNECTION 636 135 -1 -1 2460 2460
1433 CONNECTION 636 625 -1 -1 5880 5880
1434 CONNECTION 636 571 -1 -1 3420 3420
1435 CONNECTION 636 267 -1 -1 3660 3660
1436 CONNECTION 636 50 300 2520 4620 4620
1437 CONNECTION 636 222 300 3180 5280 5280
1438 CONNECTION 636 340 300 2760 4860 4860
1439 CONNECTION 636 205 300 3840 5940 5940
1440 CONNECTION 636 166 300 3720 5820 5820
1441 CONNECTION 636 77 300 3420 5520 5520
1442 CONNECTION 636 421 300 3780 5880 5880
1443 CONNECTION 636 645 300 3780 5880 5880
1444 CONNECTION 636 460 300 3960 6060 6060
1445 CONNECTION 636 192 300 7380 9480 9480
1446 CONNECTION 636 299 300 4920 7020 7020
1447 CONNECTION 636 544 300 5160 7260 7260
1448 CONNECTION 636 372 300 6120 8220 8220
1449 CONNECTION 569 570 -1 -1 1860 1860
1450 CONNECTION 569 49 -1 -1 3060 3060
1451 CONNECTION 569 221 -1 -1 3540 3540
1452 CONNECTION 569 165 300 2160 4260 4260
1453 CONNECTION 569 298 300 3360 5460 5460
1454 CONNECTION 569 371 300 4560 6660 6660
1455 CONNECTION 569 654 300 5040 7140 7140
1456 CONNECTION 569 490 300 5760 7860 7860
1457 CONNECTION 396 397 -1 -1 1140 1140
1458 CONNECTION 396 135 -1 -1 1680 1680
1459 CONNECTION 396 625 -1 -1 5100 5100
1460 CONNECTION 396 571 -1 -1 2640 2640
1461 CONNECTION 396 267 -1 -1 2880 2880
1462 CONNECTION 396 50 -1 -1 3840 3840
1463 CONNECTION 396 222 -1 -1 4500 4500
1464 CONNECTION 396 340 300 1980 4080 4080
1465 CONNECTION 396 205 300 3060 5160 5160
1466 CONNECTION 396 166 300 2940 5040 5040
1467 CONNECTION 396 77 300 2640 4740 4740
1468 CONNECTION 396 421 300 3000 5100 5100
1469 CONNECTION 396 645 300 3000 5100 5100
1470 CONNECTION 396 460 300 3180 5280 5280
1471 CONNECTION 396 192 300 6600 8700 8700
1472 CONNECTION 396 299 300 4140 6240 6240
1473 CONNECTION 396 544 300 4380 6480 6480
1474 CONNECTION 396 372 300 5340 7440 7440
1475 CONNECTION 396 655 300 6000 8100 8100
1476 CONNECTION 396 23 300 5580 7680 7680
1477 CONNECTION 396 528 300 6660 8760 8760
1478 CONNECTION 642 643 -1 -1 1620 1620
1479 CONNECTION 642 119 300 2400 4500 4500
1480 CONNECTION 642 99 300 2520 4620 4620
1481 CONNECTION 642 245 300 3120 5220 5220
1482 CONNECTION 642 599 300 4380 6480 6480
1483 CONNECTION 642 444 300 6000 8100 8100
1484 CONNECTION 642 423 300 6120 8220 8220
1485 CONNECTION 642 647 300 6120 8220 8220
1486 CONNECTION 323 324 -1 -1 2820 2820
1487 CONNECTION 323 119 300 2340 4440 4440
1488 CONNECTION 323 99 300 2460 4560 4560
1489 CONNECTION 323 245 300 3060 5160 5160
1490 CONNECTION 323 599 300 4320 6420 6420
1491 CONNECTION 323 444 300 5940 8040 8040
1492 CONNECTION 323 423 300 6060 8160 8160
1493 CONNECTION 323 647 300 6060 8160 8160
1494 CONNECTION 368 369 -1 -1 1140 1140
1495 CONNECTION 368 644 -1 -1 2580 2580
1496 CONNECTION 368 339 -1 -1 2700 2700
1497 CONNECTION 368 488 -1 -1 2340 2340
1498 CONNECTION 368 98 -1 -1 2880 2880
1499 CONNECTION 368 459 -1 -1 3900 3900
1500 CONNECTION 368 572 -1 -1 3540 3540
1501 CONNECTION 368 398 300 3060 5160 5160
1502 CONNECTION 368 639 300 3060 5160 5160
1503 CONNECTION 368 51 300 2640 4740 4740
1504 CONNECTION 368 543 300 3000 5100 5100
1505 CONNECTION 368 246 300 4080 6180 6180
1506 CONNECTION 368 22 300 4200 6300 6300
1507 CONNECTION 368 167 300 3840 5940 5940
1508 CONNECTION 368 422 300 4380 6480 6480
1509 CONNECTION 368 646 300 4380 6480 6480
1510 CONNECTION 368 138 300 5400 7500 7500
1511 CONNECTION 368 300 300 5040 7140 7140
1512 CONNECTION 368 78 300 6660 8760 8760
1513 SINK 368 0 -1 -1 0 0
1514 CONNECTION 457 458 -1 -1 1260 1260
1515 CONNECTION 457 244 -1 -1 1920 1920
1516 CONNECTION 457 598 -1 -1 1980 1980
1517 CONNECTION 457 489 -1 -1 3780 3780
1518 CONNECTION 457 542 -1 -1 2460 2460
1519 CONNECTION 457 573 -1 -1 4980 4980
1520 CONNECTION 457 21 -1 -1 3660 3660
1521 CONNECTION 457 52 300 4080 6180 6180
1522 CONNECTION 457 137 300 2760 4860 4860
1523 CONNECTION 457 660 300 3420 5520 5520
1524 CONNECTION 457 3 300 3480 5580 5580
1525 CONNECTION 457 168 300 5280 7380 7380
1526 CONNECTION 457 269 300 3960 6060 6060
1527 CONNECTION 457 301 300 6480 8580 8580
1528 CONNECTION 457 342 300 5160 7260 7260
1529 CONNECTION 486 487 -1 -1 1500 1500
1530 CONNECTION 486 135 -1 -1 1740 1740
1531 CONNECTION 486 625 -1 -1 5160 5160
1532 CONNECTION 486 571 -1 -1 2700 2700
1533 CONNECTION 486 267 -1 -1 2940 2940
1534 CONNECTION 486 50 -1 -1 3900 3900
1535 CONNECTION 486 222 -1 -1 4560 4560
1536 CONNECTION 486 340 300 2040 4140 4140
1537 CONNECTION 486 205 300 3120 5220 5220
1538 CONNECTION 486 166 300 3000 5100 5100
1539 CONNECTION 486 77 300 2700 4800 4800
1540 CONNECTION 486 421 300 3060 5160 5160
1541 CONNECTION 486 645 300 3060 5160 5160
1542 CONNECTION 486 460 300 3240 5340 5340
1543 CONNECTION 486 192 300 6660 8760 8760
1544 CONNECTION 486 299 300 4200 6300 6300
1545 CONNECTION 486 544 300 4440 6540 6540
1546 CONNECTION 486 372 300 5400 7500 7500
1547 CONNECTION 486 655 300 6060 8160 8160
1548 CONNECTION 486 23 300 5640 7740 7740
1549 CONNECTION 2 514 -1 -1 4140 4140
1550 CONNECTION 2 648 -1 -1 5280 5280
1551 CONNECTION 2 612 300 5640 7740 7740
1552 CONNECTION 2 120 300 6780 8880 8880
1553 CONNECTION 164 136 -1 -1 3420 3420
1554 CONNECTION 164 527 -1 -1 5400 5400
1555 CONNECTION 164 268 -1 -1 4620 4620
1556 CONNECTION 164 341 300 3720 5820 5820
1557 CONNECTION 164 461 300 4920 7020 7020
1558 CONNECTION 164 626 300 6900 9000 9000
1559 CONNECTION 164 545 300 6120 8220 8220
1560 CONNECTION 164 24 300 7320 9420 9420
1561 CONNECTION 134 135 -1 -1 1140 1140
1562 CONNECTION 134 571 -1 -1 2100 2100
1563 CONNECTION 134 267 -1 -1 2340 2340
1564 CONNECTION 134 50 -1 -1 3300 3300
1565 CONNECTION 134 222 -1 -1 3960 3960
1566 CONNECTION 134 340 -1 -1 3540 3540
1567 CONNECTION 134 205 300 2520 4620 4620
1568 CONNECTION 134 166 300 2400 4500 4500
1569 CONNECTION 134 77 300 2100 4200 4200
1570 CONNECTION 134 421 300 2460 4560 4560
1571 CONNECTION 134 645 300 2460 4560 4560
1572 CONNECTION 134 460 300 2640 4740 4740
1573 CONNECTION 134 192 300 6060 8160 8160
1574 CONNECTION 134 299 300 3600 5700 5700
1575 CONNECTION 134 544 300 3840 5940 5940
1576 CONNECTION 134 372 300 4800 6900 6900
1577 CONNECTION 134 655 300 5460 7560 7560
1578 CONNECTION 134 23 300 5040 7140 7140
1579 CONNECTION 134 528 300 6120 8220 8220
1580 CONNECTION 134 491 300 6000 8100 8100
1581 CONNECTION 134 100 300 6060 8160 8160
1582 CONNECTION 134 400 300 5700 7800 7800
1583 CONNECTION 134 641 300 5700 7800 7800
1584 CONNECTION 204 205 -1 -1 1800 1800
1585 CONNECTION 204 460 -1 -1 1920 1920
1586 CONNECTION 204 192 -1 -1 5340 5340
1587 CONNECTION 204 299 -1 -1 2880 2880
1588 CONNECTION 204 544 -1 -1 3120 3120
1589 CONNECTION 204 372 -1 -1 4080 4080
1590 CONNECTION 204 655 300 2640 4740 4740
1591 CONNECTION 204 23 300 2220 4320 4320
1592 CONNECTION 204 528 300 3300 5400 5400
1593 CONNECTION 204 491 300 3180 5280 5280
1594 CONNECTION 204 100 300 3240 5340 5340
1595 CONNECTION 204 400 300 2880 4980 4980
1596 CONNECTION 204 641 300 2880 4980 4980
1597 CONNECTION 204 139 300 3420 5520 5520
1598 CONNECTION 204 516 300 6840 8940 8940
1599 CONNECTION 204 575 300 4380 6480 6480
1600 CONNECTION 204 271 300 4620 6720 6720
1601 CONNECTION 204 54 300 5580 7680 7680
1602 CONNECTION 204 225 300 6240 8340 8340
1603 CONNECTION 204 344 300 5820 7920 7920
1604 CONNECTION 296 297 -1 -1 2580 2580
1605 CONNECTION 296 370 -1 -1 3780 3780
1606 CONNECTION 296 458 -1 -1 2460 2460
1607 CONNECTION 296 244 -1 -1 3120 3120
1608 CONNECTION 296 598 -1 -1 3180 3180
1609 CONNECTION 296 489 -1 -1 4980 4980
1610 CONNECTION 296 542 -1 -1 3660 3660
1611 CONNECTION 296 573 300 4080 6180 6180
1612 CONNECTION 296 21 300 2760 4860 4860
1613 CONNECTION 296 52 300 5280 7380 7380
1614 CONNECTION 296 137 300 3960 6060 6060
1615 CONNECTION 296 660 300 4620 6720 6720
1616 CONNECTION 296 3 300 4680 6780 6780
1617 CONNECTION 296 168 300 6480 8580 8580
1618 CONNECTION 296 269 300 5160 7260 7260
1619 CONNECTION 265 266 -1 -1 1500 1500
1620 CONNECTION 265 644 -1 -1 2580 2580
1621 CONNECTION 265 339 -1 -1 2700 2700
1622 CONNECTION 265 488 -1 -1 2340 2340
1623 CONNECTION 265 98 -1 -1 2880 2880
1624 CONNECTION 265 459 -1 -1 3900 3900
1625 CONNECTION 265 572 -1 -1 3540 3540
1626 CONNECTION 265 398 300 3060 5160 5160
1627 CONNECTION 265 639 300 3060 5160 5160
1628 CONNECTION 265 51 300 2640 4740 4740
1629 CONNECTION 265 543 300 3000 5100 5100
1630 CONNECTION 265 246 300 4080 6180 6180
1631 CONNECTION 265 22 300 4200 6300 6300
1632 CONNECTION 265 167 300 3840 5940 5940
1633 CONNECTION 265 422 300 4380 6480 6480
1634 CONNECTION 265 646 300 4380 6480 6480
1635 CONNECTION 265 138 300 5400 7500 7500
1636 CONNECTION 265 300 300 5040 7140 7140
1637 CONNECTION 265 78 300 6660 8760 8760
1638 SINK 265 0 -1 -1 0 0
1639 CONNECTION 624 625 -1 -1 4320 4320
1640 CONNECTION 624 267 -1 -1 2100 2100
1641 CONNECTION 624 50 -1 -1 3060 3060
1642 CONNECTION 624 222 -1 -1 3720 3720
1643 CONNECTION 624 340 -1 -1 3300 3300
1644 CONNECTION 624 205 -1 -1 4380 4380
1645 CONNECTION 624 166 -1 -1 4260 4260
1646 CONNECTION 624 77 -1 -1 3960 3960
1647 CONNECTION 624 421 -1 -1 4320 4320
1648 CONNECTION 624 645 -1 -1 4320 4320
1649 CONNECTION 624 460 300 2400 4500 4500
1650 CONNECTION 624 192 300 5820 7920 7920
1651 CONNECTION 624 299 300 3360 5460 5460
1652 CONNECTION 624 544 300 3600 5700 5700
1653 CONNECTION 624 372 300 4560 6660 6660
1654 CONNECTION 624 655 300 5220 7320 7320
1655 CONNECTION 624 23 300 4800 6900 6900
1656 CONNECTION 624 528 300 5880 7980 7980
1657 CONNECTION 624 491 300 5760 7860 7860
1658 CONNECTION 624 100 300 5820 7920 7920
1659 CONNECTION 624 400 300 5460 7560 7560
1660 CONNECTION 624 641 300 5460 7560 7560
1661 CONNECTION 624 139 300 6000 8100 8100
1662 CONNECTION 637 638 -1 -1 1980 1980
1663 CONNECTION 637 611 -1 -1 3960 3960
1664 CONNECTION 637 76 -1 -1 2700 2700
1665 CONNECTION 637 325 -1 -1 4860 4860
1666 CONNECTION 637 191 -1 -1 3480 3480
1667 CONNECTION 637 443 300 3660 5760 5760
1668 CONNECTION 637 223 300 3480 5580 5580
1669 CONNECTION 637 206 300 5460 7560 7560
1670 CONNECTION 637 399 300 4200 6300 6300
1671 CONNECTION 637 640 300 4200 6300 6300
1672 CONNECTION 637 600 300 6360 8460 8460
1673 CONNECTION 637 515 300 4980 7080 7080
1674 CONNECTION 637 649 300 7260 9360 9360
1675 CONNECTION 19 49 -1 -1 1860 1860
1676 CONNECTION 19 221 -1 -1 2340 2340
1677 CONNECTION 19 165 -1 -1 3060 3060
1678 CONNECTION 19 298 300 2160 4260 4260
1679 CONNECTION 19 371 300 3360 5460 5460
1680 CONNECTION 19 654 300 3840 5940 5940
1681 CONNECTION 19 490 300 4560 6660 6660
1682 CONNECTION 19 574 300 5760 7860 7860
1683 CONNECTION 597 370 -1 -1 3360 3360
1684 CONNECTION 597 458 -1 -1 2040 2040
1685 CONNECTION 597 244 -1 -1 2700 2700
1686 CONNECTION 597 598 -1 -1 2760 2760
1687 CONNECTION 597 489 -1 -1 4560 4560
1688 CONNECTION 597 542 -1 -1 3240 3240
1689 CONNECTION 597 573 300 3660 5760 5760
1690 CONNECTION 597 21 300 2340 4440 4440
1691 CONNECTION 597 52 300 4860 6960 6960
1692 CONNECTION 597 137 300 3540 5640 5640
1693 CONNECTION 597 660 300 4200 6300 6300
1694 CONNECTION 597 3 300 4260 6360 6360
1695 CONNECTION 597 168 300 6060 8160 8160
1696 CONNECTION 597 269 300 4740 6840 6840
1697 CONNECTION 597 301 300 7260 9360 9360
1698 CONNECTION 597 342 300 5940 8040 8040
1699 CONNECTION 190 191 -1 -1 1680 1680
1700 CONNECTION 190 443 -1 -1 3960 3960
1701 CONNECTION 190 223 -1 -1 3780 3780
1702 CONNECTION 190 206 -1 -1 5760 5760
1703 CONNECTION 190 399 -1 -1 4500 4500
1704 CONNECTION 190 640 -1 -1 4500 4500
1705 CONNECTION 190 600 300 4560 6660 6660
1706 CONNECTION 190 515 300 3180 5280 5280
1707 CONNECTION 190 649 300 5460 7560 7560
1708 CONNECTION 190 656 300 5280 7380 7380
1709 CONNECTION 190 529 300 7260 9360 9360
1710 CONNECTION 190 79 300 6000 8100 8100
1711 CONNECTION 190 5 300 8160 10260 10260
1712 CONNECTION 420 370 -1 -1 3240 3240
1713 CONNECTION 420 458 -1 -1 1920 1920
1714 CONNECTION 420 244 -1 -1 2580 2580
1715 CONNECTION 420 598 -1 -1 2640 2640
1716 CONNECTION 420 489 -1 -1 4440 4440
1717 CONNECTION 420 542 -1 -1 3120 3120
1718 CONNECTION 420 573 300 3540 5640 5640
1719 CONNECTION 420 21 300 2220 4320 4320
1720 CONNECTION 420 52 300 4740 6840 6840
1721 CONNECTION 420 137 300 3420 5520 5520
1722 CONNECTION 420 660 300 4080 6180 6180
1723 CONNECTION 420 3 300 4140 6240 6240
1724 CONNECTION 420 168 300 5940 8040 8040
1725 CONNECTION 420 269 300 4620 6720 6720
1726 CONNECTION 420 301 300 7140 9240 9240
1727 CONNECTION 420 342 300 5820 7920 7920
1728 CONNECTION 643 644 -1 -1 1500 1500
1729 CONNECTION 643 459 -1 -1 2820 2820
1730 CONNECTION 643 572 -1 -1 2460 2460
1731 CONNECTION 643 398 -1 -1 4080 4080
1732 CONNECTION 643 639 -1 -1 4080 4080
1733 CONNECTION 643 51 -1 -1 3660 3660
1734 CONNECTION 643 543 -1 -1 4020 4020
1735 CONNECTION 643 246 300 3000 5100 5100
1736 CONNECTION 643 22 300 3120 5220 5220
1737 CONNECTION 643 167 300 2760 4860 4860
1738 CONNECTION 643 422 300 3300 5400 5400
1739 CONNECTION 643 646 300 3300 5400 5400
1740 CONNECTION 643 138 300 4320 6420 6420
1741 CONNECTION 643 300 300 3960 6060 6060
1742 CONNECTION 643 78 300 5580 7680 7680
1743 CONNECTION 643 270 300 5520 7620 7620
1744 CONNECTION 643 373 300 5160 7260 7260
1745 SINK 643 0 -1 -1 0 0
1746 CONNECTION 324 325 -1 -1 3180 3180
1747 CONNECTION 324 443 -1 -1 4080 4080
1748 CONNECTION 324 223 -1 -1 3900 3900
1749 CONNECTION 324 206 -1 -1 5880 5880
1750 CONNECTION 324 399 300 2520 4620 4620
1751 CONNECTION 324 640 300 2520 4620 4620
1752 CONNECTION 324 600 300 4680 6780 6780
1753 CONNECTION 324 515 300 3300 5400 5400
1754 CONNECTION 324 649 300 5580 7680 7680
1755 CONNECTION 324 656 300 5400 7500 7500
1756 CONNECTION 324 529 300 7380 9480 9480
1757 CONNECTION 324 79 300 6120 8220 8220
1758 CONNECTION 610 611 -1 -1 3300 3300
1759 CONNECTION 610 325 -1 -1 4200 4200
1760 CONNECTION 610 191 -1 -1 2820 2820
1761 CONNECTION 610 443 -1 -1 5100 5100
1762 CONNECTION 610 223 300 2820 4920 4920
1763 CONNECTION 610 206 300 4800 6900 6900
1764 CONNECTION 610 399 300 3540 5640 5640
1765 CONNECTION 610 640 300 3540 5640 5640
1766 CONNECTION 610 600 300 5700 7800 7800
1767 CONNECTION 610 515 300 4320 6420 6420
1768 CONNECTION 610 649 300 6600 8700 8700
1769 CONNECTION 610 656 300 6420 8520 8520
1770 CONNECTION 75 76 -1 -1 1800 1800
1771 CONNECTION 75 325 -1 -1 3960 3960
1772 CONNECTION 75 191 -1 -1 2580 2580
1773 CONNECTION 75 443 -1 -1 4860 4860
1774 CONNECTION 75 223 -1 -1 4680 4680
1775 CONNECTION 75 206 300 4560 6660 6660
1776 CONNECTION 75 399 300 3300 5400 5400
1777 CONNECTION 75 640 300 3300 5400 5400
1778 CONNECTION 75 600 300 5460 7560 7560
1779 CONNECTION 75 515 300 4080 6180 6180
1780 CONNECTION 75 649 300 6360 8460 8460
1781 CONNECTION 75 656 300 6180 8280 8280
1782 CONNECTION 75 529 300 8160 10260 10260
1783 CONNECTION 487 488 -1 -1 1140 1140
1784 CONNECTION 487 459 -1 -1 2700 2700
1785 CONNECTION 487 572 -1 -1 2340 2340
1786 CONNECTION 487 398 -1 -1 3960 3960
1787 CONNECTION 487 639 -1 -1 3960 3960
1788 CONNECTION 487 51 -1 -1 3540 3540
1789 CONNECTION 487 543 -1 -1 3900 3900
1790 CONNECTION 487 246 300 2880 4980 4980
1791 CONNECTION 487 22 300 3000 5100 5100
1792 CONNECTION 487 167 300 2640 4740 4740
1793 CONNECTION 487 422 300 3180 5280 5280
1794 CONNECTION 487 646 300 3180 5280 5280
1795 CONNECTION 487 138 300 4200 6300 6300
1796 CONNECTION 487 300 300 3840 5940 5940
1797 CONNECTION 487 78 300 5460 7560 7560
1798 CONNECTION 487 270 300 5400 7500 7500
1799 CONNECTION 487 373 300 5040 7140 7140
1800 CONNECTION 487 662 300 6480 8580 8580
1801 SINK 487 0 -1 -1 0 0
1802 CONNECTION 97 98 -1 -1 1620 1620
1803 CONNECTION 97 459 -1 -1 2640 2640
1804 CONNECTION 97 572 -1 -1 2280 2280
1805 CONNECTION 97 398 -1 -1 3900 3900
1806 CONNECTION 97 639 -1 -1 3900 3900
1807 CONNECTION 97 51 -1 -1 3480 3480
1808 CONNECTION 97 543 -1 -1 3840 3840
1809 CONNECTION 97 246 300 2820 4920 4920
1810 CONNECTION 97 22 300 2940 5040 5040
1811 CONNECTION 97 167 300 2580 4680 4680
1812 CONNECTION 97 422 300 3120 5220 5220
1813 CONNECTION 97 646 300 3120 5220 5220
1814 CONNECTION 97 138 300 4140 6240 6240
1815 CONNECTION 97 300 300 3780 5880 5880
1816 CONNECTION 97 78 300 5400 7500 7500
1817 CONNECTION 97 270 300 5340 7440 7440
1818 CONNECTION 97 373 300 4980 7080 7080
1819 CONNECTION 97 662 300 6420 8520 8520
1820 SINK 97 0 -1 -1 0 0
1821 CONNECTION 397 221 -1 -1 1680 1680
1822 CONNECTION 397 165 -1 -1 2400 2400
1823 CONNECTION 397 298 -1 -1 3600 3600
1824 CONNECTION 397 371 300 2700 4800 4800
1825 CONNECTION 397 654 300 3180 5280 5280
1826 CONNECTION 397 490 300 3900 6000 6000
1827 CONNECTION 397 574 300 5100 7200 7200
1828 CONNECTION 541 542 -1 -1 1260 1260
1829 CONNECTION 541 573 -1 -1 3780 3780
1830 CONNECTION 541 21 -1 -1 2460 2460
1831 CONNECTION 541 52 -1 -1 4980 4980
1832 CONNECTION 541 137 -1 -1 3660 3660
1833 CONNECTION 541 660 300 2220 4320 4320
1834 CONNECTION 541 3 300 2280 4380 4380
1835 CONNECTION 541 168 300 4080 6180 6180
1836 CONNECTION 541 269 300 2760 4860 4860
1837 CONNECTION 541 301 300 5280 7380 7380
1838 CONNECTION 541 342 300 3960 6060 6060
1839 CONNECTION 541 374 300 6480 8580 8580
1840 CONNECTION 541 462 300 5160 7260 7260
1841 CONNECTION 541 247 300 5820 7920 7920
1842 CONNECTION 541 326 300 5880 7980 7980
1843 CONNECTION 570 571 -1 -1 1500 1500
1844 CONNECTION 570 267 -1 -1 1740 1740
1845 CONNECTION 570 50 -1 -1 2700 2700
1846 CONNECTION 570 222 -1 -1 3360 3360
1847 CONNECTION 570 340 -1 -1 2940 2940
1848 CONNECTION 570 205 -1 -1 4020 4020
1849 CONNECTION 570 166 -1 -1 3900 3900
1850 CONNECTION 570 77 -1 -1 3600 3600
1851 CONNECTION 570 421 -1 -1 3960 3960
1852 CONNECTION 570 645 -1 -1 3960 3960
1853 CONNECTION 570 460 300 2040 4140 4140
1854 CONNECTION 570 192 300 5460 7560 7560
1855 CONNECTION 570 299 300 3000 5100 5100
1856 CONNECTION 570 544 300 3240 5340 5340
1857 CONNECTION 570 372 300 4200 6300 6300
1858 CONNECTION 570 655 300 4860 6960 6960
1859 CONNECTION 570 23 300 4440 6540 6540
1860 CONNECTION 570 528 300 5520 7620 7620
1861 CONNECTION 570 491 300 5400 7500 7500
1862 CONNECTION 570 100 300 5460 7560 7560
1863 CONNECTION 570 400 300 5100 7200 7200
1864 CONNECTION 570 641 300 5100 7200 7200
1865 CONNECTION 570 139 300 5640 7740 7740
1866 CONNECTION 570 516 300 9060 11160 11160
1867 CONNECTION 297 268 -1 -1 3420 3420
1868 CONNECTION 297 341 -1 -1 4620 4620
1869 CONNECTION 297 461 300 3720 5820 5820
1870 CONNECTION 297 626 300 5700 7800 7800
1871 CONNECTION 297 545 300 4920 7020 7020
1872 CONNECTION 297 24 300 6120 8220 8220
1873 CONNECTION 297 140 300 7320 9420 9420
1874 CONNECTION 297 207 300 9300 11400 11400
1875 CONNECTION 118 119 -1 -1 1140 1140
1876 CONNECTION 118 444 300 2640 4740 4740
1877 CONNECTION 118 423 300 2760 4860 4860
1878 CONNECTION 118 647 300 2760 4860 4860
1879 CONNECTION 118 661 300 3360 5460 5460
1880 CONNECTION 118 4 300 4620 6720 6720
1881 CONNECTION 266 267 -1 -1 1140 1140
1882 CONNECTION 266 50 -1 -1 2100 2100
1883 CONNECTION 266 222 -1 -1 2760 2760
1884 CONNECTION 266 340 -1 -1 2340 2340
1885 CONNECTION 266 205 -1 -1 3420 3420
1886 CONNECTION 266 166 -1 -1 3300 3300
1887 CONNECTION 266 77 -1 -1 3000 3000
1888 CONNECTION 266 421 -1 -1 3360 3360
1889 CONNECTION 266 645 -1 -1 3360 3360
1890 CONNECTION 266 460 -1 -1 3540 3540
1891 CONNECTION 266 192 -1 -1 6960 6960
1892 CONNECTION 266 299 300 2400 4500 4500
1893 CONNECTION 266 544 300 2640 4740 4740
1894 CONNECTION 266 372 300 3600 5700 5700
1895 CONNECTION 266 655 300 4260 6360 6360
1896 CONNECTION 266 23 300 3840 5940 5940
1897 CONNECTION 266 528 300 4920 7020 7020
1898 CONNECTION 266 491 300 4800 6900 6900
1899 CONNECTION 266 100 300 4860 6960 6960
1900 CONNECTION 266 400 300 4500 6600 6600
1901 CONNECTION 266 641 300 4500 6600 6600
1902 CONNECTION 266 139 300 5040 7140 7140
1903 CONNECTION 266 516 300 8460 10560 10560
1904 CONNECTION 266 575 300 6000 8100 8100
1905 CONNECTION 369 370 -1 -1 2580 2580
1906 CONNECTION 369 244 -1 -1 1920 1920
1907 CONNECTION 369 598 -1 -1 1980 1980
1908 CONNECTION 369 489 -1 -1 3780 3780
1909 CONNECTION 369 542 -1 -1 2460 2460
1910 CONNECTION 369 573 -1 -1 4980 4980
1911 CONNECTION 369 21 -1 -1 3660 3660
1912 CONNECTION 369 52 300 4080 6180 6180
1913 CONNECTION 369 137 300 2760 4860 4860
1914 CONNECTION 369 660 300 3420 5520 5520
1915 CONNECTION 369 3 300 3480 5580 5580
1916 CONNECTION 369 168 300 5280 7380 7380
1917 CONNECTION 369 269 300 3960 6060 6060
1918 CONNECTION 369 301 300 6480 8580 8580
1919 CONNECTION 369 342 300 5160 7260 7260
1920 CONNECTION 338 339 -1 -1 1500 1500
1921 CONNECTION 338 459 -1 -1 2700 2700
1922 CONNECTION 338 572 -1 -1 2340 2340
1923 CONNECTION 338 398 -1 -1 3960 3960
1924 CONNECTION 338 639 -1 -1 3960 3960
1925 CONNECTION 338 51 -1 -1 3540 3540
1926 CONNECTION 338 543 -1 -1 3900 3900
1927 CONNECTION 338 246 300 2880 4980 4980
1928 CONNECTION 338 22 300 3000 5100 5100
1929 CONNECTION 338 167 300 2640 4740 4740
1930 CONNECTION 338 422 300 3180 5280 5280
1931 CONNECTION 338 646 300 3180 5280 5280
1932 CONNECTION 338 138 300 4200 6300 6300
1933 CONNECTION 338 300 300 3840 5940 5940
1934 CONNECTION 338 78 300 5460 7560 7560
1935 CONNECTION 338 270 300 5400 7500 7500
1936 CONNECTION 338 373 300 5040 7140 7140
1937 CONNECTION 338 662 300 6480 8580 8580
1938 SINK 338 0 -1 -1 0 0
1939 CONNECTION 135 165 -1 -1 1860 1860
1940 CONNECTION 135 298 -1 -1 3060 3060
1941 CONNECTION 135 371 300 2160 4260 4260
1942 CONNECTION 135 654 300 2640 4740 4740
1943 CONNECTION 135 490 300 3360 5460 5460
1944 CONNECTION 135 574 300 4560 6660 6660
1945 CONNECTION 135 53 300 5760 7860 7860
1946 CONNECTION 442 443 -1 -1 2820 2820
1947 CONNECTION 442 223 -1 -1 2640 2640
1948 CONNECTION 442 206 -1 -1 4620 4620
1949 CONNECTION 442 399 -1 -1 3360 3360
1950 CONNECTION 442 640 -1 -1 3360 3360
1951 CONNECTION 442 600 -1 -1 5520 5520
1952 CONNECTION 442 515 -1 -1 4140 4140
1953 CONNECTION 442 649 300 4320 6420 6420
1954 CONNECTION 442 656 300 4140 6240 6240
1955 CONNECTION 442 529 300 6120 8220 8220
1956 CONNECTION 442 79 300 4860 6960 6960
1957 CONNECTION 442 5 300 7020 9120 9120
1958 CONNECTION 442 613 300 5640 7740 7740
1959 CONNECTION 625 461 -1 -1 3480 3480
1960 CONNECTION 625 626 -1 -1 5460 5460
1961 CONNECTION 625 545 -1 -1 4680 4680
1962 CONNECTION 625 24 300 3780 5880 5880
1963 CONNECTION 625 140 300 4980 7080 7080
1964 CONNECTION 625 207 300 6960 9060 9060
1965 CONNECTION 625 272 300 6180 8280 8280
1966 CONNECTION 625 345 300 7380 9480 9480
1967 CONNECTION 638 398 -1 -1 2520 2520
1968 CONNECTION 638 639 -1 -1 2520 2520
1969 CONNECTION 638 51 -1 -1 2100 2100
1970 CONNECTION 638 543 -1 -1 2460 2460
1971 CONNECTION 638 246 -1 -1 3540 3540
1972 CONNECTION 638 22 -1 -1 3660 3660
1973 CONNECTION 638 167 -1 -1 3300 3300
1974 CONNECTION 638 422 -1 -1 3840 3840
1975 CONNECTION 638 646 -1 -1 3840 3840
1976 CONNECTION 638 138 300 2760 4860 4860
1977 CONNECTION 638 300 300 2400 4500 4500
1978 CONNECTION 638 78 300 4020 6120 6120
1979 CONNECTION 638 270 300 3960 6060 6060
1980 CONNECTION 638 373 300 3600 5700 5700
1981 CONNECTION 638 662 300 5040 7140 7140
1982 CONNECTION 638 343 300 5160 7260 7260
1983 CONNECTION 638 492 300 4800 6900 6900
1984 CONNECTION 638 101 300 5340 7440 7440
1985 CONNECTION 638 463 300 6360 8460 8460
1986 CONNECTION 638 576 300 6000 8100 8100
1987 SINK 638 0 -1 -1 0 0
1988 CONNECTION 571 572 -1 -1 1140 1140
1989 CONNECTION 571 398 -1 -1 2760 2760
1990 CONNECTION 571 639 -1 -1 2760 2760
1991 CONNECTION 571 51 -1 -1 2340 2340
1992 CONNECTION 571 543 -1 -1 2700 2700
1993 CONNECTION 571 246 -1 -1 3780 3780
1994 CONNECTION 571 22 -1 -1 3900 3900
1995 CONNECTION 571 167 -1 -1 3540 3540
1996 CONNECTION 571 422 -1 -1 4080 4080
1997 CONNECTION 571 646 -1 -1 4080 4080
1998 CONNECTION 571 138 300 3000 5100 5100
1999 CONNECTION 571 300 300 2640 4740 4740
2000 CONNECTION 571 78 300 4260 6360 6360
2001 CONNECTION 571 270 300 4200 6300 6300
2002 CONNECTION 571 373 300 3840 5940 5940
2003 CONNECTION 571 662 300 5280 7380 7380
2004 CONNECTION 571 343 300 5400 7500 7500
2005 CONNECTION 571 492 300 5040 7140 7140
2006 CONNECTION 571 101 300 5580 7680 7680
2007 SINK 571 0 -1 -1 0 0
2008 CONNECTION 20 21 -1 -1 1260 1260
2009 CONNECTION 20 52 -1 -1 3780 3780
2010 CONNECTION 20 137 -1 -1 2460 2460
2011 CONNECTION 20 660 -1 -1 3120 3120
2012 CONNECTION 20 3 -1 -1 3180 3180
2013 CONNECTION 20 168 -1 -1 4980 4980
2014 CONNECTION 20 269 -1 -1 3660 3660
2015 CONNECTION 20 301 300 4080 6180 6180
2016 CONNECTION 20 342 300 2760 4860 4860
2017 CONNECTION 20 374 300 5280 7380 7380
2018 CONNECTION 20 462 300 3960 6060 6060
2019 CONNECTION 20 247 300 4620 6720 6720
2020 CONNECTION 20 326 300 4680 6780 6780
2021 CONNECTION 20 493 300 6480 8580 8580
2022 CONNECTION 20 546 300 5160 7260 7260
2023 CONNECTION 49 50 -1 -1 1500 1500
2024 CONNECTION 49 222 -1 -1 2160 2160
2025 CONNECTION 49 340 -1 -1 1740 1740
2026 CONNECTION 49 205 -1 -1 2820 2820
2027 CONNECTION 49 166 -1 -1 2700 2700
2028 CONNECTION 49 77 -1 -1 2400 2400
2029 CONNECTION 49 421 -1 -1 2760 2760
2030 CONNECTION 49 645 -1 -1 2760 2760
2031 CONNECTION 49 460 -1 -1 2940 2940
2032 CONNECTION 49 192 -1 -1 6360 6360
2033 CONNECTION 49 299 -1 -1 3900 3900
2034 CONNECTION 49 544 300 2040 4140 4140
2035 CONNECTION 49 372 300 3000 5100 5100
2036 CONNECTION 49 655 300 3660 5760 5760
2037 CONNECTION 49 23 300 3240 5340 5340
2038 CONNECTION 49 528 300 4320 6420 6420
2039 CONNECTION 49 491 300 4200 6300 6300
2040 CONNECTION 49 100 300 4260 6360 6360
2041 CONNECTION 49 400 300 3900 6000 6000
2042 CONNECTION 49 641 300 3900 6000 6000
2043 CONNECTION 49 139 300 4440 6540 6540
2044 CONNECTION 49 516 300 7860 9960 9960
2045 CONNECTION 49 575 300 5400 7500 7500
2046 CONNECTION 49 271 300 5640 7740 7740
2047 CONNECTION 644 205 -1 -1 2340 2340
2048 CONNECTION 644 166 -1 -1 2220 2220
2049 CONNECTION 644 77 -1 -1 1920 1920
2050 CONNECTION 644 421 -1 -1 2280 2280
2051 CONNECTION 644 645 -1 -1 2280 2280
2052 CONNECTION 644 460 -1 -1 2460 2460
2053 CONNECTION 644 192 -1 -1 5880 5880
2054 CONNECTION 644 299 -1 -1 3420 3420
2055 CONNECTION 644 544 -1 -1 3660 3660
2056 CONNECTION 644 372 300 2520 4620 4620
2057 CONNECTION 644 655 300 3180 5280 5280
2058 CONNECTION 644 23 300 2760 4860 4860
2059 CONNECTION 644 528 300 3840 5940 5940
2060 CONNECTION 644 491 300 3720 5820 5820
2061 CONNECTION 644 100 300 3780 5880 5880
2062 CONNECTION 644 400 300 3420 5520 5520
2063 CONNECTION 644 641 300 3420 5520 5520
2064 CONNECTION 644 139 300 3960 6060 6060
2065 CONNECTION 644 516 300 7380 9480 9480
2066 CONNECTION 644 575 300 4920 7020 7020
2067 CONNECTION 644 271 300 5160 7260 7260
2068 CONNECTION 644 54 300 6120 8220 8220
2069 CONNECTION 370 341 -1 -1 3420 3420
2070 CONNECTION 370 461 -1 -1 4620 4620
2071 CONNECTION 370 626 -1 -1 6600 6600
2072 CONNECTION 370 545 300 3720 5820 5820
2073 CONNECTION 370 24 300 4920 7020 7020
2074 CONNECTION 370 140 300 6120 8220 8220
2075 CONNECTION 370 207 300 8100 10200 10200
2076 CONNECTION 370 272 300 7320 9420 9420
2077 CONNECTION 339 340 -1 -1 1140 1140
2078 CONNECTION 339 205 -1 -1 2220 2220
2079 CONNECTION 339 166 -1 -1 2100 2100
2080 CONNECTION 339 77 -1 -1 1800 1800
2081 CONNECTION 339 421 -1 -1 2160 2160
2082 CONNECTION 339 645 -1 -1 2160 2160
2083 CONNECTION 339 460 -1 -1 2340 2340
2084 CONNECTION 339 192 -1 -1 5760 5760
2085 CONNECTION 339 299 -1 -1 3300 3300
2086 CONNECTION 339 544 -1 -1 3540 3540
2087 CONNECTION 339 372 300 2400 4500 4500
2088 CONNECTION 339 655 300 3060 5160 5160
2089 CONNECTION 339 23 300 2640 4740 4740
2090 CONNECTION 339 528 300 3720 5820 5820
2091 CONNECTION 339 491 300 3600 5700 5700
2092 CONNECTION 339 100 300 3660 5760 5760
2093 CONNECTION 339 400 300 3300 5400 5400
2094 CONNECTION 339 641 300 3300 5400 5400
2095 CONNECTION 339 139 300 3840 5940 5940
2096 CONNECTION 339 516 300 7260 9360 9360
2097 CONNECTION 339 575 300 4800 6900 6900
2098 CONNECTION 339 271 300 5040 7140 7140
2099 CONNECTION 339 54 300 6000 8100 8100
2100 CONNECTION 339 225 300 6660 8760 8760
2101 CONNECTION 488 489 -1 -1 2580 2580
2102 CONNECTION 488 573 -1 -1 3780 3780
2103 CONNECTION 488 21 -1 -1 2460 2460
2104 CONNECTION 488 52 -1 -1 4980 4980
2105 CONNECTION 488 137 -1 -1 3660 3660
2106 CONNECTION 488 660 300 2220 4320 4320
2107 CONNECTION 488 3 300 2280 4380 4380
2108 CONNECTION 488 168 300 4080 6180 6180
2109 CONNECTION 488 269 300 2760 4860 4860
2110 CONNECTION 488 301 300 5280 7380 7380
2111 CONNECTION 488 342 300 3960 6060 6060
2112 CONNECTION 488 374 300 6480 8580 8580
2113 CONNECTION 488 462 300 5160 7260 7260
2114 CONNECTION 488 247 300 5820 7920 7920
2115 CONNECTION 488 326 300 5880 7980 7980
2116 CONNECTION 98 99 -1 -1 1200 1200
2117 CONNECTION 98 444 300 2580 4680 4680
2118 CONNECTION 98 423 300 2700 4800 4800
2119 CONNECTION 98 647 300 2700 4800 4800
2120 CONNECTION 98 661 300 3300 5400 5400
2121 CONNECTION 98 4 300 4560 6660 6660
2122 CONNECTION 458 459 -1 -1 1500 1500
2123 CONNECTION 458 398 -1 -1 2760 2760
2124 CONNECTION 458 639 -1 -1 2760 2760
2125 CONNECTION 458 51 -1 -1 2340 2340
2126 CONNECTION 458 543 -1 -1 2700 2700
2127 CONNECTION 458 246 -1 -1 3780 3780
2128 CONNECTION 458 22 -1 -1 3900 3900
2129 CONNECTION 458 167 -1 -1 3540 3540
2130 CONNECTION 458 422 -1 -1 4080 4080
2131 CONNECTION 458 646 -1 -1 4080 4080
2132 CONNECTION 458 138 300 3000 5100 5100
2133 CONNECTION 458 300 300 2640 4740 4740
2134 CONNECTION 458 78 300 4260 6360 6360
2135 CONNECTION 458 270 300 4200 6300 6300
2136 CONNECTION 458 373 300 3840 5940 5940
2137 CONNECTION 458 662 300 5280 7380 7380
2138 CONNECTION 458 343 300 5400 7500 7500
2139 CONNECTION 458 492 300 5040 7140 7140
2140 CONNECTION 458 101 300 5580 7680 7680
2141 SINK 458 0 -1 -1 0 0
2142 CONNECTION 221 222 -1 -1 1680 1680
2143 CONNECTION 221 205 -1 -1 2340 2340
2144 CONNECTION 221 166 -1 -1 2220 2220
2145 CONNECTION 221 77 -1 -1 1920 1920
2146 CONNECTION 221 421 -1 -1 2280 2280
2147 CONNECTION 221 645 -1 -1 2280 2280
2148 CONNECTION 221 460 -1 -1 2460 2460
2149 CONNECTION 221 192 -1 -1 5880 5880
2150 CONNECTION 221 299 -1 -1 3420 3420
2151 CONNECTION 221 544 -1 -1 3660 3660
2152 CONNECTION 221 372 300 2520 4620 4620
2153 CONNECTION 221 655 300 3180 5280 5280
2154 CONNECTION 221 23 300 2760 4860 4860
2155 CONNECTION 221 528 300 3840 5940 5940
2156 CONNECTION 221 491 300 3720 5820 5820
2157 CONNECTION 221 100 300 3780 5880 5880
2158 CONNECTION 221 400 300 3420 5520 5520
2159 CONNECTION 221 641 300 3420 5520 5520
2160 CONNECTION 221 139 300 3960 6060 6060
2161 CONNECTION 221 516 300 7380 9480 9480
2162 CONNECTION 221 575 300 4920 7020 7020
2163 CONNECTION 221 271 300 5160 7260 7260
2164 CONNECTION 221 54 300 6120 8220 8220
2165 CONNECTION 611 612 -1 -1 5040 5040
2166 CONNECTION 611 120 300 4080 6180 6180
2167 CONNECTION 611 193 300 6540 8640 8640
2168 CONNECTION 611 445 300 7680 9780 9780
2169 CONNECTION 267 298 -1 -1 1860 1860
2170 CONNECTION 267 371 -1 -1 3060 3060
2171 CONNECTION 267 654 -1 -1 3540 3540
2172 CONNECTION 267 490 300 2160 4260 4260
2173 CONNECTION 267 574 300 3360 5460 5460
2174 CONNECTION 267 53 300 4560 6660 6660
2175 CONNECTION 267 224 300 5040 7140 7140
2176 CONNECTION 267 169 300 5760 7860 7860
2177 CONNECTION 76 77 -1 -1 1140 1140
2178 CONNECTION 76 460 -1 -1 1680 1680
2179 CONNECTION 76 192 -1 -1 5100 5100
2180 CONNECTION 76 299 -1 -1 2640 2640
2181 CONNECTION 76 544 -1 -1 2880 2880
2182 CONNECTION 76 372 -1 -1 3840 3840
2183 CONNECTION 76 655 -1 -1 4500 4500
2184 CONNECTION 76 23 300 1980 4080 4080
2185 CONNECTION 76 528 300 3060 5160 5160
2186 CONNECTION 76 491 300 2940 5040 5040
2187 CONNECTION 76 100 300 3000 5100 5100
2188 CONNECTION 76 400 300 2640 4740 4740
2189 CONNECTION 76 641 300 2640 4740 4740
2190 CONNECTION 76 139 300 3180 5280 5280
2191 CONNECTION 76 516 300 6600 8700 8700
2192 CONNECTION 76 575 300 4140 6240 6240
2193 CONNECTION 76 271 300 4380 6480 6480
2194 CONNECTION 76 54 300 5340 7440 7440
2195 CONNECTION 76 225 300 6000 8100 8100
2196 CONNECTION 76 344 300 5580 7680 7680
2197 CONNECTION 76 627 300 6660 8760 8760
2198 CONNECTION 244 245 -1 -1 1620 1620
2199 CONNECTION 244 444 300 2400 4500 4500
2200 CONNECTION 244 423 300 2520 4620 4620
2201 CONNECTION 244 647 300 2520 4620 4620
2202 CONNECTION 244 661 300 3120 5220 5220
2203 CONNECTION 244 4 300 4380 6480 6480
2204 CONNECTION 244 650 300 6000 8100 8100
2205 CONNECTION 244 102 300 6120 8220 8220
2206 CONNECTION 598 599 -1 -1 2820 2820
2207 CONNECTION 598 444 300 2340 4440 4440
2208 CONNECTION 598 423 300 2460 4560 4560
2209 CONNECTION 598 647 300 2460 4560 4560
2210 CONNECTION 598 661 300 3060 5160 5160
2211 CONNECTION 598 4 300 4320 6420 6420
2212 CONNECTION 598 650 300 5940 8040 8040
2213 CONNECTION 598 102 300 6060 8160 8160
2214 CONNECTION 50 51 -1 -1 1140 1140
2215 CONNECTION 50 246 -1 -1 2580 2580
2216 CONNECTION 50 22 -1 -1 2700 2700
2217 CONNECTION 50 167 -1 -1 2340 2340
2218 CONNECTION 50 422 -1 -1 2880 2880
2219 CONNECTION 50 646 -1 -1 2880 2880
2220 CONNECTION 50 138 -1 -1 3900 3900
2221 CONNECTION 50 300 -1 -1 3540 3540
2222 CONNECTION 50 78 300 3060 5160 5160
2223 CONNECTION 50 270 300 3000 5100 5100
2224 CONNECTION 50 373 300 2640 4740 4740
2225 CONNECTION 50 662 300 4080 6180 6180
2226 CONNECTION 50 343 300 4200 6300 6300
2227 CONNECTION 50 492 300 3840 5940 5940
2228 CONNECTION 50 101 300 4380 6480 6480
2229 CONNECTION 50 463 300 5400 7500 7500
2230 CONNECTION 50 576 300 5040 7140 7140
2231 CONNECTION 50 401 300 6660 8760 8760
2232 CONNECTION 50 657 300 6660 8760 8760
2233 SINK 50 0 -1 -1 0 0
2234 CONNECTION 136 137 -1 -1 1260 1260
2235 CONNECTION 136 660 -1 -1 1920 1920
2236 CONNECTION 136 3 -1 -1 1980 1980
2237 CONNECTION 136 168 -1 -1 3780 3780
2238 CONNECTION 136 269 -1 -1 2460 2460
2239 CONNECTION 136 301 -1 -1 4980 4980
2240 CONNECTION 136 342 -1 -1 3660 3660
2241 CONNECTION 136 374 300 4080 6180 6180
2242 CONNECTION 136 462 300 2760 4860 4860
2243 CONNECTION 136 247 300 3420 5520 5520
2244 CONNECTION 136 326 300 3480 5580 5580
2245 CONNECTION 136 493 300 5280 7380 7380
2246 CONNECTION 136 546 300 3960 6060 6060
2247 CONNECTION 136 577 300 6480 8580 8580
2248 CONNECTION 136 25 300 5160 7260 7260
2249 CONNECTION 165 166 -1 -1 1500 1500
2250 CONNECTION 165 460 -1 -1 1740 1740
2251 CONNECTION 165 192 -1 -1 5160 5160
2252 CONNECTION 165 299 -1 -1 2700 2700
2253 CONNECTION 165 544 -1 -1 2940 2940
2254 CONNECTION 165 372 -1 -1 3900 3900
2255 CONNECTION 165 655 -1 -1 4560 4560
2256 CONNECTION 165 23 300 2040 4140 4140
2257 CONNECTION 165 528 300 3120 5220 5220
2258 CONNECTION 165 491 300 3000 5100 5100
2259 CONNECTION 165 100 300 3060 5160 5160
2260 CONNECTION 165 400 300 2700 4800 4800
2261 CONNECTION 165 641 300 2700 4800 4800
2262 CONNECTION 165 139 300 3240 5340 5340
2263 CONNECTION 165 516 300 6660 8760 8760
2264 CONNECTION 165 575 300 4200 6300 6300
2265 CONNECTION 165 271 300 4440 6540 6540
2266 CONNECTION 165 54 300 5400 7500 7500
2267 CONNECTION 165 225 300 6060 8160 8160
2268 CONNECTION 165 344 300 5640 7740 7740
2269 CONNECTION 325 612 -1 -1 4140 4140
2270 CONNECTION 325 120 -1 -1 5280 5280
2271 CONNECTION 325 193 300 5640 7740 7740
2272 CONNECTION 325 445 300 6780 8880 8880
2273 CONNECTION 489 461 -1 -1 3420 3420
2274 CONNECTION 489 626 -1 -1 5400 5400
2275 CONNECTION 489 545 -1 -1 4620 4620
2276 CONNECTION 489 24 300 3720 5820 5820
2277 CONNECTION 489 140 300 4920 7020 7020
2278 CONNECTION 489 207 300 6900 9000 9000
2279 CONNECTION 489 272 300 6120 8220 8220
2280 CONNECTION 489 345 300 7320 9420 9420
2281 CONNECTION 459 460 -1 -1 1140 1140
2282 CONNECTION 459 299 -1 -1 2100 2100
2283 CONNECTION 459 544 -1 -1 2340 2340
2284 CONNECTION 459 372 -1 -1 3300 3300
2285 CONNECTION 459 655 -1 -1 3960 3960
2286 CONNECTION 459 23 -1 -1 3540 3540
2287 CONNECTION 459 528 300 2520 4620 4620
2288 CONNECTION 459 491 300 2400 4500 4500
2289 CONNECTION 459 100 300 2460 4560 4560
2290 CONNECTION 459 400 300 2100 4200 4200
2291 CONNECTION 459 641 300 2100 4200 4200
2292 CONNECTION 459 139 300 2640 4740 4740
2293 CONNECTION 459 516 300 6060 8160 8160
2294 CONNECTION 459 575 300 3600 5700 5700
2295 CONNECTION 459 271 300 3840 5940 5940
2296 CONNECTION 459 54 300 4800 6900 6900
2297 CONNECTION 459 225 300 5460 7560 7560
2298 CONNECTION 459 344 300 5040 7140 7140
2299 CONNECTION 459 627 300 6120 8220 8220
2300 CONNECTION 459 170 300 6000 8100 8100
2301 CONNECTION 459 80 300 5700 7800 7800
2302 CONNECTION 459 424 300 6060 8160 8160
2303 CONNECTION 459 663 300 6060 8160 8160
2304 CONNECTION 527 528 -1 -1 1800 1800
2305 CONNECTION 527 139 -1 -1 1920 1920
2306 CONNECTION 527 516 -1 -1 5340 5340
2307 CONNECTION 527 575 -1 -1 2880 2880
2308 CONNECTION 527 271 -1 -1 3120 3120
2309 CONNECTION 527 54 -1 -1 4080 4080
2310 CONNECTION 527 225 300 2640 4740 4740
2311 CONNECTION 527 344 300 2220 4320 4320
2312 CONNECTION 527 627 300 3300 5400 5400
2313 CONNECTION 527 170 300 3180 5280 5280
2314 CONNECTION 527 80 300 2880 4980 4980
2315 CONNECTION 527 424 300 3240 5340 5340
2316 CONNECTION 527 663 300 3240 5340 5340
2317 CONNECTION 527 464 300 3420 5520 5520
2318 CONNECTION 527 614 300 6840 8940 8940
2319 CONNECTION 527 303 300 4380 6480 6480
2320 CONNECTION 527 548 300 4620 6720 6720
2321 CONNECTION 527 376 300 5580 7680 7680
2322 CONNECTION 527 667 300 6240 8340 8340
2323 CONNECTION 527 27 300 5820 7920 7920
2324 CONNECTION 572 573 -1 -1 2580 2580
2325 CONNECTION 572 52 -1 -1 3780 3780
2326 CONNECTION 572 137 -1 -1 2460 2460
2327 CONNECTION 572 660 -1 -1 3120 3120
2328 CONNECTION 572 3 -1 -1 3180 3180
2329 CONNECTION 572 168 -1 -1 4980 4980
2330 CONNECTION 572 269 -1 -1 3660 3660
2331 CONNECTION 572 301 300 4080 6180 6180
2332 CONNECTION 572 342 300 2760 4860 4860
2333 CONNECTION 572 374 300 5280 7380 7380
2334 CONNECTION 572 462 300 3960 6060 6060
2335 CONNECTION 572 247 300 4620 6720 6720
2336 CONNECTION 572 326 300 4680 6780 6780
2337 CONNECTION 572 493 300 6480 8580 8580
2338 CONNECTION 572 546 300 5160 7260 7260
2339 CONNECTION 191 192 -1 -1 4320 4320
2340 CONNECTION 191 544 -1 -1 2100 2100
2341 CONNECTION 191 372 -1 -1 3060 3060
2342 CONNECTION 191 655 -1 -1 3720 3720
2343 CONNECTION 191 23 -1 -1 3300 3300
2344 CONNECTION 191 528 -1 -1 4380 4380
2345 CONNECTION 191 491 -1 -1 4260 4260
2346 CONNECTION 191 100 -1 -1 4320 4320
2347 CONNECTION 191 400 -1 -1 3960 3960
2348 CONNECTION 191 641 -1 -1 3960 3960
2349 CONNECTION 191 139 300 2400 4500 4500
2350 CONNECTION 191 516 300 5820 7920 7920
2351 CONNECTION 191 575 300 3360 5460 5460
2352 CONNECTION 191 271 300 3600 5700 5700
2353 CONNECTION 191 54 300 4560 6660 6660
2354 CONNECTION 191 225 300 5220 7320 7320
2355 CONNECTION 191 344 300 4800 6900 6900
2356 CONNECTION 191 627 300 5880 7980 7980
2357 CONNECTION 191 170 300 5760 7860 7860
2358 CONNECTION 191 80 300 5460 7560 7560
2359 CONNECTION 191 424 300 5820 7920 7920
2360 CONNECTION 191 663 300 5820 7920 7920
2361 CONNECTION 191 464 300 6000 8100 8100
2362 CONNECTION 542 543 -1 -1 1500 1500
2363 CONNECTION 542 246 -1 -1 2580 2580
2364 CONNECTION 542 22 -1 -1 2700 2700
2365 CONNECTION 542 167 -1 -1 2340 2340
2366 CONNECTION 542 422 -1 -1 2880 2880
2367 CONNECTION 542 646 -1 -1 2880 2880
2368 CONNECTION 542 138 -1 -1 3900 3900
2369 CONNECTION 542 300 -1 -1 3540 3540
2370 CONNECTION 542 78 300 3060 5160 5160
2371 CONNECTION 542 270 300 3000 5100 5100
2372 CONNECTION 542 373 300 2640 4740 4740
2373 CONNECTION 542 662 300 4080 6180 6180
2374 CONNECTION 542 343 300 4200 6300 6300
2375 CONNECTION 542 492 300 3840 5940 5940
2376 CONNECTION 542 101 300 4380 6480 6480
2377 CONNECTION 542 463 300 5400 7500 7500
2378 CONNECTION 542 576 300 5040 7140 7140
2379 CONNECTION 542 401 300 6660 8760 8760
2380 CONNECTION 542 657 300 6660 8760 8760
2381 SINK 542 0 -1 -1 0 0
2382 CONNECTION 222 223 -1 -1 1980 1980
2383 CONNECTION 222 206 -1 -1 3960 3960
2384 CONNECTION 222 399 -1 -1 2700 2700
2385 CONNECTION 222 640 -1 -1 2700 2700
2386 CONNECTION 222 600 -1 -1 4860 4860
2387 CONNECTION 222 515 -1 -1 3480 3480
2388 CONNECTION 222 649 300 3660 5760 5760
2389 CONNECTION 222 656 300 3480 5580 5580
2390 CONNECTION 222 529 300 5460 7560 7560
2391 CONNECTION 222 79 300 4200 6300 6300
2392 CONNECTION 222 5 300 6360 8460 8460
2393 CONNECTION 222 613 300 4980 7080 7080
2394 CONNECTION 222 121 300 7260 9360 9360
2395 CONNECTION 340 371 -1 -1 1860 1860
2396 CONNECTION 340 654 -1 -1 2340 2340
2397 CONNECTION 340 490 -1 -1 3060 3060
2398 CONNECTION 340 574 300 2160 4260 4260
2399 CONNECTION 340 53 300 3360 5460 5460
2400 CONNECTION 340 224 300 3840 5940 5940
2401 CONNECTION 340 169 300 4560 6660 6660
2402 CONNECTION 340 302 300 5760 7860 7860
2403 CONNECTION 119 52 -1 -1 3360 3360
2404 CONNECTION 119 137 -1 -1 2040 2040
2405 CONNECTION 119 660 -1 -1 2700 2700
2406 CONNECTION 119 3 -1 -1 2760 2760
2407 CONNECTION 119 168 -1 -1 4560 4560
2408 CONNECTION 119 269 -1 -1 3240 3240
2409 CONNECTION 119 301 300 3660 5760 5760
2410 CONNECTION 119 342 300 2340 4440 4440
2411 CONNECTION 119 374 300 4860 6960 6960
2412 CONNECTION 119 462 300 3540 5640 5640
2413 CONNECTION 119 247 300 4200 6300 6300
2414 CONNECTION 119 326 300 4260 6360 6360
2415 CONNECTION 119 493 300 6060 8160 8160
2416 CONNECTION 119 546 300 4740 6840 6840
2417 CONNECTION 119 577 300 7260 9360 9360
2418 CONNECTION 119 25 300 5940 8040 8040
2419 CONNECTION 514 515 -1 -1 1680 1680
2420 CONNECTION 514 649 -1 -1 3960 3960
2421 CONNECTION 514 656 -1 -1 3780 3780
2422 CONNECTION 514 529 -1 -1 5760 5760
2423 CONNECTION 514 79 -1 -1 4500 4500
2424 CONNECTION 514 5 300 4560 6660 6660
2425 CONNECTION 514 613 300 3180 5280 5280
2426 CONNECTION 514 121 300 5460 7560 7560
2427 CONNECTION 514 226 300 5280 7380 7380
2428 CONNECTION 514 628 300 7260 9360 9360
2429 CONNECTION 514 402 300 6000 8100 8100
2430 CONNECTION 514 658 300 6000 8100 8100
2431 CONNECTION 514 328 300 8160 10260 10260
2432 CONNECTION 99 52 -1 -1 3240 3240
2433 CONNECTION 99 137 -1 -1 1920 1920
2434 CONNECTION 99 660 -1 -1 2580 2580
2435 CONNECTION 99 3 -1 -1 2640 2640
2436 CONNECTION 99 168 -1 -1 4440 4440
2437 CONNECTION 99 269 -1 -1 3120 3120
2438 CONNECTION 99 301 300 3540 5640 5640
2439 CONNECTION 99 342 300 2220 4320 4320
2440 CONNECTION 99 374 300 4740 6840 6840
2441 CONNECTION 99 462 300 3420 5520 5520
2442 CONNECTION 99 247 300 4080 6180 6180
2443 CONNECTION 99 326 300 4140 6240 6240
2444 CONNECTION 99 493 300 5940 8040 8040
2445 CONNECTION 99 546 300 4620 6720 6720
2446 CONNECTION 99 577 300 7140 9240 9240
2447 CONNECTION 99 25 300 5820 7920 7920
2448 CONNECTION 245 246 -1 -1 1500 1500
2449 CONNECTION 245 138 -1 -1 2820 2820
2450 CONNECTION 245 300 -1 -1 2460 2460
2451 CONNECTION 245 78 -1 -1 4080 4080
2452 CONNECTION 245 270 -1 -1 4020 4020
2453 CONNECTION 245 373 -1 -1 3660 3660
2454 CONNECTION 245 662 300 3000 5100 5100
2455 CONNECTION 245 343 300 3120 5220 5220
2456 CONNECTION 245 492 300 2760 4860 4860
2457 CONNECTION 245 101 300 3300 5400 5400
2458 CONNECTION 245 463 300 4320 6420 6420
2459 CONNECTION 245 576 300 3960 6060 6060
2460 CONNECTION 245 401 300 5580 7680 7680
2461 CONNECTION 245 657 300 5580 7680 7680
2462 CONNECTION 245 55 300 5160 7260 7260
2463 CONNECTION 245 547 300 5520 7620 7620
2464 SINK 245 0 -1 -1 0 0
2465 CONNECTION 599 600 -1 -1 3180 3180
2466 CONNECTION 599 649 -1 -1 4080 4080
2467 CONNECTION 599 656 -1 -1 3900 3900
2468 CONNECTION 599 529 -1 -1 5880 5880
2469 CONNECTION 599 79 300 2520 4620 4620
2470 CONNECTION 599 5 300 4680 6780 6780
2471 CONNECTION 599 613 300 3300 5400 5400
2472 CONNECTION 599 121 300 5580 7680 7680
2473 CONNECTION 599 226 300 5400 7500 7500
2474 CONNECTION 599 628 300 7380 9480 9480
2475 CONNECTION 599 402 300 6120 8220 8220
2476 CONNECTION 599 658 300 6120 8220 8220
2477 CONNECTION 205 206 -1 -1 3300 3300
2478 CONNECTION 205 600 -1 -1 4200 4200
2479 CONNECTION 205 515 -1 -1 2820 2820
2480 CONNECTION 205 649 -1 -1 5100 5100
2481 CONNECTION 205 656 300 2820 4920 4920
2482 CONNECTION 205 529 300 4800 6900 6900
2483 CONNECTION 205 79 300 3540 5640 5640
2484 CONNECTION 205 5 300 5700 7800 7800
2485 CONNECTION 205 613 300 4320 6420 6420
2486 CONNECTION 205 121 300 6600 8700 8700
2487 CONNECTION 205 226 300 6420 8520 8520
2488 CONNECTION 166 167 -1 -1 1140 1140
2489 CONNECTION 166 138 -1 -1 2700 2700
2490 CONNECTION 166 300 -1 -1 2340 2340
2491 CONNECTION 166 78 -1 -1 3960 3960
2492 CONNECTION 166 270 -1 -1 3900 3900
2493 CONNECTION 166 373 -1 -1 3540 3540
2494 CONNECTION 166 662 300 2880 4980 4980
2495 CONNECTION 166 343 300 3000 5100 5100
2496 CONNECTION 166 492 300 2640 4740 4740
2497 CONNECTION 166 101 300 3180 5280 5280
2498 CONNECTION 166 463 300 4200 6300 6300
2499 CONNECTION 166 576 300 3840 5940 5940
2500 CONNECTION 166 401 300 5460 7560 7560
2501 CONNECTION 166 657 300 5460 7560 7560
2502 CONNECTION 166 55 300 5040 7140 7140
2503 CONNECTION 166 547 300 5400 7500 7500
2504 CONNECTION 166 249 300 6480 8580 8580
2505 SINK 166 0 -1 -1 0 0
2506 CONNECTION 398 399 -1 -1 1800 1800
2507 CONNECTION 398 600 -1 -1 3960 3960
2508 CONNECTION 398 515 -1 -1 2580 2580
2509 CONNECTION 398 649 -1 -1 4860 4860
2510 CONNECTION 398 656 -1 -1 4680 4680
2511 CONNECTION 398 529 300 4560 6660 6660
2512 CONNECTION 398 79 300 3300 5400 5400
2513 CONNECTION 398 5 300 5460 7560 7560
2514 CONNECTION 398 613 300 4080 6180 6180
2515 CONNECTION 398 121 300 6360 8460 8460
2516 CONNECTION 398 226 300 6180 8280 8280
2517 CONNECTION 398 628 300 8160 10260 10260
2518 CONNECTION 639 640 -1 -1 1800 1800
2519 CONNECTION 639 600 -1 -1 3960 3960
2520 CONNECTION 639 515 -1 -1 2580 2580
2521 CONNECTION 639 649 -1 -1 4860 4860
2522 CONNECTION 639 656 -1 -1 4680 4680
2523 CONNECTION 639 529 300 4560 6660 6660
2524 CONNECTION 639 79 300 3300 5400 5400
2525 CONNECTION 639 5 300 5460 7560 7560
2526 CONNECTION 639 613 300 4080 6180 6180
2527 CONNECTION 639 121 300 6360 8460 8460
2528 CONNECTION 639 226 300 6180 8280 8280
2529 CONNECTION 639 628 300 8160 10260 10260
2530 CONNECTION 77 654 -1 -1 1680 1680
2531 CONNECTION 77 490 -1 -1 2400 2400
2532 CONNECTION 77 574 -1 -1 3600 3600
2533 CONNECTION 77 53 300 2700 4800 4800
2534 CONNECTION 77 224 300 3180 5280 5280
2535 CONNECTION 77 169 300 3900 6000 6000
2536 CONNECTION 77 302 300 5100 7200 7200
2537 CONNECTION 268 269 -1 -1 1260 1260
2538 CONNECTION 268 301 -1 -1 3780 3780
2539 CONNECTION 268 342 -1 -1 2460 2460
2540 CONNECTION 268 374 -1 -1 4980 4980
2541 CONNECTION 268 462 -1 -1 3660 3660
2542 CONNECTION 268 247 300 2220 4320 4320
2543 CONNECTION 268 326 300 2280 4380 4380
2544 CONNECTION 268 493 300 4080 6180 6180
2545 CONNECTION 268 546 300 2760 4860 4860
2546 CONNECTION 268 577 300 5280 7380 7380
2547 CONNECTION 268 25 300 3960 6060 6060
2548 CONNECTION 268 56 300 6480 8580 8580
2549 CONNECTION 268 141 300 5160 7260 7260
2550 CONNECTION 268 672 300 5820 7920 7920
2551 CONNECTION 268 601 300 5880 7980 7980
2552 CONNECTION 268 651 300 5880 7980 7980
2553 CONNECTION 298 299 -1 -1 1500 1500
2554 CONNECTION 298 544 -1 -1 1740 1740
2555 CONNECTION 298 372 -1 -1 2700 2700
2556 CONNECTION 298 655 -1 -1 3360 3360
2557 CONNECTION 298 23 -1 -1 2940 2940
2558 CONNECTION 298 528 -1 -1 4020 4020
2559 CONNECTION 298 491 -1 -1 3900 3900
2560 CONNECTION 298 100 -1 -1 3960 3960
2561 CONNECTION 298 400 -1 -1 3600 3600
2562 CONNECTION 298 641 -1 -1 3600 3600
2563 CONNECTION 298 139 300 2040 4140 4140
2564 CONNECTION 298 516 300 5460 7560 7560
2565 CONNECTION 298 575 300 3000 5100 5100
2566 CONNECTION 298 271 300 3240 5340 5340
2567 CONNECTION 298 54 300 4200 6300 6300
2568 CONNECTION 298 225 300 4860 6960 6960
2569 CONNECTION 298 344 300 4440 6540 6540
2570 CONNECTION 298 627 300 5520 7620 7620
2571 CONNECTION 298 170 300 5400 7500 7500
2572 CONNECTION 298 80 300 5100 7200 7200
2573 CONNECTION 298 424 300 5460 7560 7560
2574 CONNECTION 298 663 300 5460 7560 7560
2575 CONNECTION 298 464 300 5640 7740 7740
2576 CONNECTION 298 614 300 9060 11160 11160
2577 CONNECTION 421 422 -1 -1 1620 1620
2578 CONNECTION 421 138 -1 -1 2640 2640
2579 CONNECTION 421 300 -1 -1 2280 2280
2580 CONNECTION 421 78 -1 -1 3900 3900
2581 CONNECTION 421 270 -1 -1 3840 3840
2582 CONNECTION 421 373 -1 -1 3480 3480
2583 CONNECTION 421 662 300 2820 4920 4920
2584 CONNECTION 421 343 300 2940 5040 5040
2585 CONNECTION 421 492 300 2580 4680 4680
2586 CONNECTION 421 101 300 3120 5220 5220
2587 CONNECTION 421 463 300 4140 6240 6240
2588 CONNECTION 421 576 300 3780 5880 5880
2589 CONNECTION 421 401 300 5400 7500 7500
2590 CONNECTION 421 657 300 5400 7500 7500
2591 CONNECTION 421 55 300 4980 7080 7080
2592 CONNECTION 421 547 300 5340 7440 7440
2593 CONNECTION 421 249 300 6420 8520 8520
2594 SINK 421 0 -1 -1 0 0
2595 CONNECTION 645 646 -1 -1 1620 1620
2596 CONNECTION 645 138 -1 -1 2640 2640
2597 CONNECTION 645 300 -1 -1 2280 2280
2598 CONNECTION 645 78 -1 -1 3900 3900
2599 CONNECTION 645 270 -1 -1 3840 3840
2600 CONNECTION 645 373 -1 -1 3480 3480
2601 CONNECTION 645 662 300 2820 4920 4920
2602 CONNECTION 645 343 300 2940 5040 5040
2603 CONNECTION 645 492 300 2580 4680 4680
2604 CONNECTION 645 101 300 3120 5220 5220
2605 CONNECTION 645 463 300 4140 6240 6240
2606 CONNECTION 645 576 300 3780 5880 5880
2607 CONNECTION 645 401 300 5400 7500 7500
2608 CONNECTION 645 657 300 5400 7500 7500
2609 CONNECTION 645 55 300 4980 7080 7080
2610 CONNECTION 645 547 300 5340 7440 7440
2611 CONNECTION 645 249 300 6420 8520 8520
2612 SINK 645 0 -1 -1 0 0
2613 CONNECTION 573 545 -1 -1 3420 3420
2614 CONNECTION 573 24 -1 -1 4620 4620
2615 CONNECTION 573 140 300 3720 5820 5820
2616 CONNECTION 573 207 300 5700 7800 7800
2617 CONNECTION 573 272 300 4920 7020 7020
2618 CONNECTION 573 345 300 6120 8220 8220
2619 CONNECTION 573 465 300 7320 9420 9420
2620 CONNECTION 573 530 300 9300 11400 11400
2621 CONNECTION 51 52 -1 -1 2580 2580
2622 CONNECTION 51 660 -1 -1 1920 1920
2623 CONNECTION 51 3 -1 -1 1980 1980
2624 CONNECTION 51 168 -1 -1 3780 3780
2625 CONNECTION 51 269 -1 -1 2460 2460
2626 CONNECTION 51 301 -1 -1 4980 4980
2627 CONNECTION 51 342 -1 -1 3660 3660
2628 CONNECTION 51 374 300 4080 6180 6180
2629 CONNECTION 51 462 300 2760 4860 4860
2630 CONNECTION 51 247 300 3420 5520 5520
2631 CONNECTION 51 326 300 3480 5580 5580
2632 CONNECTION 51 493 300 5280 7380 7380
2633 CONNECTION 51 546 300 3960 6060 6060
2634 CONNECTION 51 577 300 6480 8580 8580
2635 CONNECTION 51 25 300 5160 7260 7260
2636 CONNECTION 443 444 -1 -1 1140 1140
2637 CONNECTION 443 650 300 2640 4740 4740
2638 CONNECTION 443 102 300 2760 4860 4860
2639 CONNECTION 443 248 300 3360 5460 5460
2640 CONNECTION 443 327 300 4620 6720 6720
2641 CONNECTION 543 544 -1 -1 1140 1140
2642 CONNECTION 543 372 -1 -1 2100 2100
2643 CONNECTION 543 655 -1 -1 2760 2760
2644 CONNECTION 543 23 -1 -1 2340 2340
2645 CONNECTION 543 528 -1 -1 3420 3420
2646 CONNECTION 543 491 -1 -1 3300 3300
2647 CONNECTION 543 100 -1 -1 3360 3360
2648 CONNECTION 543 400 -1 -1 3000 3000
2649 CONNECTION 543 641 -1 -1 3000 3000
2650 CONNECTION 543 139 -1 -1 3540 3540
2651 CONNECTION 543 516 -1 -1 6960 6960
2652 CONNECTION 543 575 300 2400 4500 4500
2653 CONNECTION 543 271 300 2640 4740 4740
2654 CONNECTION 543 54 300 3600 5700 5700
2655 CONNECTION 543 225 300 4260 6360 6360
2656 CONNECTION 543 344 300 3840 5940 5940
2657 CONNECTION 543 627 300 4920 7020 7020
2658 CONNECTION 543 170 300 4800 6900 6900
2659 CONNECTION 543 80 300 4500 6600 6600
2660 CONNECTION 543 424 300 4860 6960 6960
2661 CONNECTION 543 663 300 4860 6960 6960
2662 CONNECTION 543 464 300 5040 7140 7140
2663 CONNECTION 543 614 300 8460 10560 10560
2664 CONNECTION 543 303 300 6000 8100 8100
2665 CONNECTION 21 22 -1 -1 1500 1500
2666 CONNECTION 21 138 -1 -1 2700 2700
2667 CONNECTION 21 300 -1 -1 2340 2340
2668 CONNECTION 21 78 -1 -1 3960 3960
2669 CONNECTION 21 270 -1 -1 3900 3900
2670 CONNECTION 21 373 -1 -1 3540 3540
2671 CONNECTION 21 662 300 2880 4980 4980
2672 CONNECTION 21 343 300 3000 5100 5100
2673 CONNECTION 21 492 300 2640 4740 4740
2674 CONNECTION 21 101 300 3180 5280 5280
2675 CONNECTION 21 463 300 4200 6300 6300
2676 CONNECTION 21 576 300 3840 5940 5940
2677 CONNECTION 21 401 300 5460 7560 7560
2678 CONNECTION 21 657 300 5460 7560 7560
2679 CONNECTION 21 55 300 5040 7140 7140
2680 CONNECTION 21 547 300 5400 7500 7500
2681 CONNECTION 21 249 300 6480 8580 8580
2682 SINK 21 0 -1 -1 0 0
2683 CONNECTION 460 490 -1 -1 1860 1860
2684 CONNECTION 460 574 -1 -1 3060 3060
2685 CONNECTION 460 53 300 2160 4260 4260
2686 CONNECTION 460 224 300 2640 4740 4740
2687 CONNECTION 460 169 300 3360 5460 5460
2688 CONNECTION 460 302 300 4560 6660 6660
2689 CONNECTION 460 375 300 5760 7860 7860
2690 CONNECTION 648 649 -1 -1 2820 2820
2691 CONNECTION 648 656 -1 -1 2640 2640
2692 CONNECTION 648 529 -1 -1 4620 4620
2693 CONNECTION 648 79 -1 -1 3360 3360
2694 CONNECTION 648 5 -1 -1 5520 5520
2695 CONNECTION 648 613 -1 -1 4140 4140
2696 CONNECTION 648 121 300 4320 6420 6420
2697 CONNECTION 648 226 300 4140 6240 6240
2698 CONNECTION 648 628 300 6120 8220 8220
2699 CONNECTION 648 402 300 4860 6960 6960
2700 CONNECTION 648 658 300 4860 6960 6960
2701 CONNECTION 648 328 300 7020 9120 9120
2702 CONNECTION 648 194 300 5640 7740 7740
2703 CONNECTION 192 140 -1 -1 3480 3480
2704 CONNECTION 192 207 -1 -1 5460 5460
2705 CONNECTION 192 272 -1 -1 4680 4680
2706 CONNECTION 192 345 300 3780 5880 5880
2707 CONNECTION 192 465 300 4980 7080 7080
2708 CONNECTION 192 530 300 6960 9060 9060
2709 CONNECTION 192 549 300 6180 8280 8280
2710 CONNECTION 192 28 300 7380 9480 9480
2711 CONNECTION 223 78 -1 -1 2520 2520
2712 CONNECTION 223 270 -1 -1 2460 2460
2713 CONNECTION 223 373 -1 -1 2100 2100
2714 CONNECTION 223 662 -1 -1 3540 3540
2715 CONNECTION 223 343 -1 -1 3660 3660
2716 CONNECTION 223 492 -1 -1 3300 3300
2717 CONNECTION 223 101 -1 -1 3840 3840
2718 CONNECTION 223 463 300 2760 4860 4860
2719 CONNECTION 223 576 300 2400 4500 4500
2720 CONNECTION 223 401 300 4020 6120 6120
2721 CONNECTION 223 657 300 4020 6120 6120
2722 CONNECTION 223 55 300 3600 5700 5700
2723 CONNECTION 223 547 300 3960 6060 6060
2724 CONNECTION 223 249 300 5040 7140 7140
2725 CONNECTION 223 26 300 5160 7260 7260
2726 CONNECTION 223 171 300 4800 6900 6900
2727 CONNECTION 223 425 300 5340 7440 7440
2728 CONNECTION 223 664 300 5340 7440 7440
2729 CONNECTION 223 142 300 6360 8460 8460
2730 CONNECTION 223 304 300 6000 8100 8100
2731 SINK 223 0 -1 -1 0 0
2732 CONNECTION 299 300 -1 -1 1140 1140
2733 CONNECTION 299 78 -1 -1 2760 2760
2734 CONNECTION 299 270 -1 -1 2700 2700
2735 CONNECTION 299 373 -1 -1 2340 2340
2736 CONNECTION 299 662 -1 -1 3780 3780
2737 CONNECTION 299 343 -1 -1 3900 3900
2738 CONNECTION 299 492 -1 -1 3540 3540
2739 CONNECTION 299 101 -1 -1 4080 4080
2740 CONNECTION 299 463 300 3000 5100 5100
2741 CONNECTION 299 576 300 2640 4740 4740
2742 CONNECTION 299 401 300 4260 6360 6360
2743 CONNECTION 299 657 300 4260 6360 6360
2744 CONNECTION 299 55 300 3840 5940 5940
2745 CONNECTION 299 547 300 4200 6300 6300
2746 CONNECTION 299 249 300 5280 7380 7380
2747 CONNECTION 299 26 300 5400 7500 7500
2748 CONNECTION 299 171 300 5040 7140 7140
2749 CONNECTION 299 425 300 5580 7680 7680
2750 CONNECTION 299 664 300 5580 7680 7680
2751 SINK 299 0 -1 -1 0 0
2752 CONNECTION 341 342 -1 -1 1260 1260
2753 CONNECTION 341 374 -1 -1 3780 3780
2754 CONNECTION 341 462 -1 -1 2460 2460
2755 CONNECTION 341 247 -1 -1 3120 3120
2756 CONNECTION 341 326 -1 -1 3180 3180
2757 CONNECTION 341 493 -1 -1 4980 4980
2758 CONNECTION 341 546 -1 -1 3660 3660
2759 CONNECTION 341 577 300 4080 6180 6180
2760 CONNECTION 341 25 300 2760 4860 4860
2761 CONNECTION 341 56 300 5280 7380 7380
2762 CONNECTION 341 141 300 3960 6060 6060
2763 CONNECTION 341 672 300 4620 6720 6720
2764 CONNECTION 341 601 300 4680 6780 6780
2765 CONNECTION 341 651 300 4680 6780 6780
2766 CONNECTION 341 172 300 6480 8580 8580
2767 CONNECTION 341 273 300 5160 7260 7260
2768 CONNECTION 371 372 -1 -1 1500 1500
2769 CONNECTION 371 655 -1 -1 2160 2160
2770 CONNECTION 371 23 -1 -1 1740 1740
2771 CONNECTION 371 528 -1 -1 2820 2820
2772 CONNECTION 371 491 -1 -1 2700 2700
2773 CONNECTION 371 100 -1 -1 2760 2760
2774 CONNECTION 371 400 -1 -1 2400 2400
2775 CONNECTION 371 641 -1 -1 2400 2400
2776 CONNECTION 371 139 -1 -1 2940 2940
2777 CONNECTION 371 516 -1 -1 6360 6360
2778 CONNECTION 371 575 -1 -1 3900 3900
2779 CONNECTION 371 271 300 2040 4140 4140
2780 CONNECTION 371 54 300 3000 5100 5100
2781 CONNECTION 371 225 300 3660 5760 5760
2782 CONNECTION 371 344 300 3240 5340 5340
2783 CONNECTION 371 627 300 4320 6420 6420
2784 CONNECTION 371 170 300 4200 6300 6300
2785 CONNECTION 371 80 300 3900 6000 6000
2786 CONNECTION 371 424 300 4260 6360 6360
2787 CONNECTION 371 663 300 4260 6360 6360
2788 CONNECTION 371 464 300 4440 6540 6540
2789 CONNECTION 371 614 300 7860 9960 9960
2790 CONNECTION 371 303 300 5400 7500 7500
2791 CONNECTION 371 548 300 5640 7740 7740
2792 CONNECTION 246 528 -1 -1 2340 2340
2793 CONNECTION 246 491 -1 -1 2220 2220
2794 CONNECTION 246 100 -1 -1 2280 2280
2795 CONNECTION 246 400 -1 -1 1920 1920
2796 CONNECTION 246 641 -1 -1 1920 1920
2797 CONNECTION 246 139 -1 -1 2460 2460
2798 CONNECTION 246 516 -1 -1 5880 5880
2799 CONNECTION 246 575 -1 -1 3420 3420
2800 CONNECTION 246 271 -1 -1 3660 3660
2801 CONNECTION 246 54 300 2520 4620 4620
2802 CONNECTION 246 225 300 3180 5280 5280
2803 CONNECTION 246 344 300 2760 4860 4860
2804 CONNECTION 246 627 300 3840 5940 5940
2805 CONNECTION 246 170 300 3720 5820 5820
2806 CONNECTION 246 80 300 3420 5520 5520
2807 CONNECTION 246 424 300 3780 5880 5880
2808 CONNECTION 246 663 300 3780 5880 5880
2809 CONNECTION 246 464 300 3960 6060 6060
2810 CONNECTION 246 614 300 7380 9480 9480
2811 CONNECTION 246 303 300 4920 7020 7020
2812 CONNECTION 246 548 300 5160 7260 7260
2813 CONNECTION 246 376 300 6120 8220 8220
2814 CONNECTION 52 24 -1 -1 3420 3420
2815 CONNECTION 52 140 -1 -1 4620 4620
2816 CONNECTION 52 207 -1 -1 6600 6600
2817 CONNECTION 52 272 300 3720 5820 5820
2818 CONNECTION 52 345 300 4920 7020 7020
2819 CONNECTION 52 465 300 6120 8220 8220
2820 CONNECTION 52 530 300 8100 10200 10200
2821 CONNECTION 52 549 300 7320 9420 9420
2822 CONNECTION 22 23 -1 -1 1140 1140
2823 CONNECTION 22 528 -1 -1 2220 2220
2824 CONNECTION 22 491 -1 -1 2100 2100
2825 CONNECTION 22 100 -1 -1 2160 2160
2826 CONNECTION 22 400 -1 -1 1800 1800
2827 CONNECTION 22 641 -1 -1 1800 1800
2828 CONNECTION 22 139 -1 -1 2340 2340
2829 CONNECTION 22 516 -1 -1 5760 5760
2830 CONNECTION 22 575 -1 -1 3300 3300
2831 CONNECTION 22 271 -1 -1 3540 3540
2832 CONNECTION 22 54 300 2400 4500 4500
2833 CONNECTION 22 225 300 3060 5160 5160
2834 CONNECTION 22 344 300 2640 4740 4740
2835 CONNECTION 22 627 300 3720 5820 5820
2836 CONNECTION 22 170 300 3600 5700 5700
2837 CONNECTION 22 80 300 3300 5400 5400
2838 CONNECTION 22 424 300 3660 5760 5760
2839 CONNECTION 22 663 300 3660 5760 5760
2840 CONNECTION 22 464 300 3840 5940 5940
2841 CONNECTION 22 614 300 7260 9360 9360
2842 CONNECTION 22 303 300 4800 6900 6900
2843 CONNECTION 22 548 300 5040 7140 7140
2844 CONNECTION 22 376 300 6000 8100 8100
2845 CONNECTION 22 667 300 6660 8760 8760
2846 CONNECTION 167 168 -1 -1 2580 2580
2847 CONNECTION 167 301 -1 -1 3780 3780
2848 CONNECTION 167 342 -1 -1 2460 2460
2849 CONNECTION 167 374 -1 -1 4980 4980
2850 CONNECTION 167 462 -1 -1 3660 3660
2851 CONNECTION 167 247 300 2220 4320 4320
2852 CONNECTION 167 326 300 2280 4380 4380
2853 CONNECTION 167 493 300 4080 6180 6180
2854 CONNECTION 167 546 300 2760 4860 4860
2855 CONNECTION 167 577 300 5280 7380 7380
2856 CONNECTION 167 25 300 3960 6060 6060
2857 CONNECTION 167 56 300 6480 8580 8580
2858 CONNECTION 167 141 300 5160 7260 7260
2859 CONNECTION 167 672 300 5820 7920 7920
2860 CONNECTION 167 601 300 5880 7980 7980
2861 CONNECTION 167 651 300 5880 7980 7980
2862 CONNECTION 137 138 -1 -1 1500 1500
2863 CONNECTION 137 78 -1 -1 2760 2760
2864 CONNECTION 137 270 -1 -1 2700 2700
2865 CONNECTION 137 373 -1 -1 2340 2340
2866 CONNECTION 137 662 -1 -1 3780 3780
2867 CONNECTION 137 343 -1 -1 3900 3900
2868 CONNECTION 137 492 -1 -1 3540 3540
2869 CONNECTION 137 101 -1 -1 4080 4080
2870 CONNECTION 137 463 300 3000 5100 5100
2871 CONNECTION 137 576 300 2640 4740 4740
2872 CONNECTION 137 401 300 4260 6360 6360
2873 CONNECTION 137 657 300 4260 6360 6360
2874 CONNECTION 137 55 300 3840 5940 5940
2875 CONNECTION 137 547 300 4200 6300 6300
2876 CONNECTION 137 249 300 5280 7380 7380
2877 CONNECTION 137 26 300 5400 7500 7500
2878 CONNECTION 137 171 300 5040 7140 7140
2879 CONNECTION 137 425 300 5580 7680 7680
2880 CONNECTION 137 664 300 5580 7680 7680
2881 SINK 137 0 -1 -1 0 0
2882 CONNECTION 422 423 -1 -1 1200 1200
2883 CONNECTION 422 650 300 2580 4680 4680
2884 CONNECTION 422 102 300 2700 4800 4800
2885 CONNECTION 422 248 300 3300 5400 5400
2886 CONNECTION 422 327 300 4560 6660 6660
2887 CONNECTION 646 647 -1 -1 1200 1200
2888 CONNECTION 646 650 300 2580 4680 4680
2889 CONNECTION 646 102 300 2700 4800 4800
2890 CONNECTION 646 248 300 3300 5400 5400
2891 CONNECTION 646 327 300 4560 6660 6660
2892 CONNECTION 206 193 -1 -1 5040 5040
2893 CONNECTION 206 445 300 4080 6180 6180
2894 CONNECTION 206 517 300 6540 8640 8640
2895 CONNECTION 206 678 300 7680 9780 9780
2896 CONNECTION 654 655 -1 -1 1680 1680
2897 CONNECTION 654 528 -1 -1 2340 2340
2898 CONNECTION 654 491 -1 -1 2220 2220
2899 CONNECTION 654 100 -1 -1 2280 2280
2900 CONNECTION 654 400 -1 -1 1920 1920
2901 CONNECTION 654 641 -1 -1 1920 1920
2902 CONNECTION 654 139 -1 -1 2460 2460
2903 CONNECTION 654 516 -1 -1 5880 5880
2904 CONNECTION 654 575 -1 -1 3420 3420
2905 CONNECTION 654 271 -1 -1 3660 3660
2906 CONNECTION 654 54 300 2520 4620 4620
2907 CONNECTION 654 225 300 3180 5280 5280
2908 CONNECTION 654 344 300 2760 4860 4860
2909 CONNECTION 654 627 300 3840 5940 5940
2910 CONNECTION 654 170 300 3720 5820 5820
2911 CONNECTION 654 80 300 3420 5520 5520
2912 CONNECTION 654 424 300 3780 5880 5880
2913 CONNECTION 654 663 300 3780 5880 5880
2914 CONNECTION 654 464 300 3960 6060 6060
2915 CONNECTION 654 614 300 7380 9480 9480
2916 CONNECTION 654 303 300 4920 7020 7020
2917 CONNECTION 654 548 300 5160 7260 7260
2918 CONNECTION 654 376 300 6120 8220 8220
2919 CONNECTION 544 574 -1 -1 1860 1860
2920 CONNECTION 544 53 -1 -1 3060 3060
2921 CONNECTION 544 224 -1 -1 3540 3540
2922 CONNECTION 544 169 300 2160 4260 4260
2923 CONNECTION 544 302 300 3360 5460 5460
2924 CONNECTION 544 375 300 4560 6660 6660
2925 CONNECTION 544 666 300 5040 7140 7140
2926 CONNECTION 544 494 300 5760 7860 7860
2927 CONNECTION 399 400 -1 -1 1140 1140
2928 CONNECTION 399 139 -1 -1 1680 1680
2929 CONNECTION 399 516 -1 -1 5100 5100
2930 CONNECTION 399 575 -1 -1 2640 2640
2931 CONNECTION 399 271 -1 -1 2880 2880
2932 CONNECTION 399 54 -1 -1 3840 3840
2933 CONNECTION 399 225 -1 -1 4500 4500
2934 CONNECTION 399 344 300 1980 4080 4080
2935 CONNECTION 399 627 300 3060 5160 5160
2936 CONNECTION 399 170 300 2940 5040 5040
2937 CONNECTION 399 80 300 2640 4740 4740
2938 CONNECTION 399 424 300 3000 5100 5100
2939 CONNECTION 399 663 300 3000 5100 5100
2940 CONNECTION 399 464 300 3180 5280 5280
2941 CONNECTION 399 614 300 6600 8700 8700
2942 CONNECTION 399 303 300 4140 6240 6240
2943 CONNECTION 399 548 300 4380 6480 6480
2944 CONNECTION 399 376 300 5340 7440 7440
2945 CONNECTION 399 667 300 6000 8100 8100
2946 CONNECTION 399 27 300 5580 7680 7680
2947 CONNECTION 399 208 300 6660 8760 8760
2948 CONNECTION 640 641 -1 -1 1140 1140
2949 CONNECTION 640 139 -1 -1 1680 1680
2950 CONNECTION 640 516 -1 -1 5100 5100
2951 CONNECTION 640 575 -1 -1 2640 2640
2952 CONNECTION 640 271 -1 -1 2880 2880
2953 CONNECTION 640 54 -1 -1 3840 3840
2954 CONNECTION 640 225 -1 -1 4500 4500
2955 CONNECTION 640 344 300 1980 4080 4080
2956 CONNECTION 640 627 300 3060 5160 5160
2957 CONNECTION 640 170 300 2940 5040 5040
2958 CONNECTION 640 80 300 2640 4740 4740
2959 CONNECTION 640 424 300 3000 5100 5100
2960 CONNECTION 640 663 300 3000 5100 5100
2961 CONNECTION 640 464 300 3180 5280 5280
2962 CONNECTION 640 614 300 6600 8700 8700
2963 CONNECTION 640 303 300 4140 6240 6240
2964 CONNECTION 640 548 300 4380 6480 6480
2965 CONNECTION 640 376 300 5340 7440 7440
2966 CONNECTION 640 667 300 6000 8100 8100
2967 CONNECTION 640 27 300 5580 7680 7680
2968 CONNECTION 640 208 300 6660 8760 8760
2969 CONNECTION 660 661 -1 -1 1620 1620
2970 CONNECTION 660 650 300 2400 4500 4500
2971 CONNECTION 660 102 300 2520 4620 4620
2972 CONNECTION 660 248 300 3120 5220 5220
2973 CONNECTION 660 327 300 4380 6480 6480
2974 CONNECTION 660 122 300 6000 8100 8100
2975 CONNECTION 660 426 300 6120 8220 8220
2976 CONNECTION 660 665 300 6120 8220 8220
2977 CONNECTION 3 4 -1 -1 2820 2820
2978 CONNECTION 3 650 300 2340 4440 4440
2979 CONNECTION 3 102 300 2460 4560 4560
2980 CONNECTION 3 248 300 3060 5160 5160
2981 CONNECTION 3 327 300 4320 6420 6420
2982 CONNECTION 3 122 300 5940 8040 8040
2983 CONNECTION 3 426 300 6060 8160 8160
2984 CONNECTION 3 665 300 6060 8160 8160
2985 CONNECTION 372 373 -1 -1 1140 1140
2986 CONNECTION 372 662 -1 -1 2580 2580
2987 CONNECTION 372 343 -1 -1 2700 2700
2988 CONNECTION 372 492 -1 -1 2340 2340
2989 CONNECTION 372 101 -1 -1 2880 2880
2990 CONNECTION 372 463 -1 -1 3900 3900
2991 CONNECTION 372 576 -1 -1 3540 3540
2992 CONNECTION 372 401 300 3060 5160 5160
2993 CONNECTION 372 657 300 3060 5160 5160
2994 CONNECTION 372 55 300 2640 4740 4740
2995 CONNECTION 372 547 300 3000 5100 5100
2996 CONNECTION 372 249 300 4080 6180 6180
2997 CONNECTION 372 26 300 4200 6300 6300
2998 CONNECTION 372 171 300 3840 5940 5940
2999 CONNECTION 372 425 300 4380 6480 6480
3000 CONNECTION 372 664 300 4380 6480 6480
3001 CONNECTION 372 142 300 5400 7500 7500
3002 CONNECTION 372 304 300 5040 7140 7140
3003 CONNECTION 372 81 300 6660 8760 8760
3004 SINK 372 0 -1 -1 0 0
3005 CONNECTION 461 462 -1 -1 1260 1260
3006 CONNECTION 461 247 -1 -1 1920 1920
3007 CONNECTION 461 326 -1 -1 1980 1980
3008 CONNECTION 461 493 -1 -1 3780 3780
3009 CONNECTION 461 546 -1 -1 2460 2460
3010 CONNECTION 461 577 -1 -1 4980 4980
3011 CONNECTION 461 25 -1 -1 3660 3660
3012 CONNECTION 461 56 300 4080 6180 6180
3013 CONNECTION 461 141 300 2760 4860 4860
3014 CONNECTION 461 672 300 3420 5520 5520
3015 CONNECTION 461 601 300 3480 5580 5580
3016 CONNECTION 461 651 300 3480 5580 5580
3017 CONNECTION 461 172 300 5280 7380 7380
3018 CONNECTION 461 273 300 3960 6060 6060
3019 CONNECTION 461 305 300 6480 8580 8580
3020 CONNECTION 461 346 300 5160 7260 7260
3021 CONNECTION 490 491 -1 -1 1500 1500
3022 CONNECTION 490 139 -1 -1 1740 1740
3023 CONNECTION 490 516 -1 -1 5160 5160
3024 CONNECTION 490 575 -1 -1 2700 2700
3025 CONNECTION 490 271 -1 -1 2940 2940
3026 CONNECTION 490 54 -1 -1 3900 3900
3027 CONNECTION 490 225 -1 -1 4560 4560
3028 CONNECTION 490 344 300 2040 4140 4140
3029 CONNECTION 490 627 300 3120 5220 5220
3030 CONNECTION 490 170 300 3000 5100 5100
3031 CONNECTION 490 80 300 2700 4800 4800
3032 CONNECTION 490 424 300 3060 5160 5160
3033 CONNECTION 490 663 300 3060 5160 5160
3034 CONNECTION 490 464 300 3240 5340 5340
3035 CONNECTION 490 614 300 6660 8760 8760
3036 CONNECTION 490 303 300 4200 6300 6300
3037 CONNECTION 490 548 300 4440 6540 6540
3038 CONNECTION 490 376 300 5400 7500 7500
3039 CONNECTION 490 667 300 6060 8160 8160
3040 CONNECTION 490 27 300 5640 7740 7740
3041 CONNECTION 168 140 -1 -1 3420 3420
3042 CONNECTION 168 207 -1 -1 5400 5400
3043 CONNECTION 168 272 -1 -1 4620 4620
3044 CONNECTION 168 345 300 3720 5820 5820
3045 CONNECTION 168 465 300 4920 7020 7020
3046 CONNECTION 168 530 300 6900 9000 9000
3047 CONNECTION 168 549 300 6120 8220 8220
3048 CONNECTION 168 28 300 7320 9420 9420
3049 CONNECTION 600 193 -1 -1 4140 4140
3050 CONNECTION 600 445 -1 -1 5280 5280
3051 CONNECTION 600 517 300 5640 7740 7740
3052 CONNECTION 600 678 300 6780 8880 8880
3053 CONNECTION 138 139 -1 -1 1140 1140
3054 CONNECTION 138 575 -1 -1 2100 2100
3055 CONNECTION 138 271 -1 -1 2340 2340
3056 CONNECTION 138 54 -1 -1 3300 3300
3057 CONNECTION 138 225 -1 -1 3960 3960
3058 CONNECTION 138 344 -1 -1 3540 3540
3059 CONNECTION 138 627 300 2520 4620 4620
3060 CONNECTION 138 170 300 2400 4500 4500
3061 CONNECTION 138 80 300 2100 4200 4200
3062 CONNECTION 138 424 300 2460 4560 4560
3063 CONNECTION 138 663 300 2460 4560 4560
3064 CONNECTION 138 464 300 2640 4740 4740
3065 CONNECTION 138 614 300 6060 8160 8160
3066 CONNECTION 138 303 300 3600 5700 5700
3067 CONNECTION 138 548 300 3840 5940 5940
3068 CONNECTION 138 376 300 4800 6900 6900
3069 CONNECTION 138 667 300 5460 7560 7560
3070 CONNECTION 138 27 300 5040 7140 7140
3071 CONNECTION 138 208 300 6120 8220 8220
3072 CONNECTION 138 495 300 6000 8100 8100
3073 CONNECTION 138 103 300 6060 8160 8160
3074 CONNECTION 138 403 300 5700 7800 7800
3075 CONNECTION 138 659 300 5700 7800 7800
3076 CONNECTION 300 301 -1 -1 2580 2580
3077 CONNECTION 300 374 -1 -1 3780 3780
3078 CONNECTION 300 462 -1 -1 2460 2460
3079 CONNECTION 300 247 -1 -1 3120 3120
3080 CONNECTION 300 326 -1 -1 3180 3180
3081 CONNECTION 300 493 -1 -1 4980 4980
3082 CONNECTION 300 546 -1 -1 3660 3660
3083 CONNECTION 300 577 300 4080 6180 6180
3084 CONNECTION 300 25 300 2760 4860 4860
3085 CONNECTION 300 56 300 5280 7380 7380
3086 CONNECTION 300 141 300 3960 6060 6060
3087 CONNECTION 300 672 300 4620 6720 6720
3088 CONNECTION 300 601 300 4680 6780 6780
3089 CONNECTION 300 651 300 4680 6780 6780
3090 CONNECTION 300 172 300 6480 8580 8580
3091 CONNECTION 300 273 300 5160 7260 7260
3092 CONNECTION 626 627 -1 -1 1800 1800
3093 CONNECTION 626 464 -1 -1 1920 1920
3094 CONNECTION 626 614 -1 -1 5340 5340
3095 CONNECTION 626 303 -1 -1 2880 2880
3096 CONNECTION 626 548 -1 -1 3120 3120
3097 CONNECTION 626 376 -1 -1 4080 4080
3098 CONNECTION 626 667 300 2640 4740 4740
3099 CONNECTION 626 27 300 2220 4320 4320
3100 CONNECTION 626 208 300 3300 5400 5400
3101 CONNECTION 626 495 300 3180 5280 5280
3102 CONNECTION 626 103 300 3240 5340 5340
3103 CONNECTION 626 403 300 2880 4980 4980
3104 CONNECTION 626 659 300 2880 4980 4980
3105 CONNECTION 626 143 300 3420 5520 5520
3106 CONNECTION 626 195 300 6840 8940 8940
3107 CONNECTION 626 579 300 4380 6480 6480
3108 CONNECTION 626 275 300 4620 6720 6720
3109 CONNECTION 626 58 300 5580 7680 7680
3110 CONNECTION 626 228 300 6240 8340 8340
3111 CONNECTION 626 348 300 5820 7920 7920
3112 CONNECTION 269 270 -1 -1 1500 1500
3113 CONNECTION 269 662 -1 -1 2580 2580
3114 CONNECTION 269 343 -1 -1 2700 2700
3115 CONNECTION 269 492 -1 -1 2340 2340
3116 CONNECTION 269 101 -1 -1 2880 2880
3117 CONNECTION 269 463 -1 -1 3900 3900
3118 CONNECTION 269 576 -1 -1 3540 3540
3119 CONNECTION 269 401 300 3060 5160 5160
3120 CONNECTION 269 657 300 3060 5160 5160
3121 CONNECTION 269 55 300 2640 4740 4740
3122 CONNECTION 269 547 300 3000 5100 5100
3123 CONNECTION 269 249 300 4080 6180 6180
3124 CONNECTION 269 26 300 4200 6300 6300
3125 CONNECTION 269 171 300 3840 5940 5940
3126 CONNECTION 269 425 300 4380 6480 6480
3127 CONNECTION 269 664 300 4380 6480 6480
3128 CONNECTION 269 142 300 5400 7500 7500
3129 CONNECTION 269 304 300 5040 7140 7140
3130 CONNECTION 269 81 300 6660 8760 8760
3131 SINK 269 0 -1 -1 0 0
3132 CONNECTION 515 516 -1 -1 4320 4320
3133 CONNECTION 515 271 -1 -1 2100 2100
3134 CONNECTION 515 54 -1 -1 3060 3060
3135 CONNECTION 515 225 -1 -1 3720 3720
3136 CONNECTION 515 344 -1 -1 3300 3300
3137 CONNECTION 515 627 -1 -1 4380 4380
3138 CONNECTION 515 170 -1 -1 4260 4260
3139 CONNECTION 515 80 -1 -1 3960 3960
3140 CONNECTION 515 424 -1 -1 4320 4320
3141 CONNECTION 515 663 -1 -1 4320 4320
3142 CONNECTION 515 464 300 2400 4500 4500
3143 CONNECTION 515 614 300 5820 7920 7920
3144 CONNECTION 515 303 300 3360 5460 5460
3145 CONNECTION 515 548 300 3600 5700 5700
3146 CONNECTION 515 376 300 4560 6660 6660
3147 CONNECTION 515 667 300 5220 7320 7320
3148 CONNECTION 515 27 300 4800 6900 6900
3149 CONNECTION 515 208 300 5880 7980 7980
3150 CONNECTION 515 495 300 5760 7860 7860
3151 CONNECTION 515 103 300 5820 7920 7920
3152 CONNECTION 515 403 300 5460 7560 7560
3153 CONNECTION 515 659 300 5460 7560 7560
3154 CONNECTION 515 143 300 6000 8100 8100
3155 CONNECTION 655 656 -1 -1 1980 1980
3156 CONNECTION 655 529 -1 -1 3960 3960
3157 CONNECTION 655 79 -1 -1 2700 2700
3158 CONNECTION 655 5 -1 -1 4860 4860
3159 CONNECTION 655 613 -1 -1 3480 3480
3160 CONNECTION 655 121 300 3660 5760 5760
3161 CONNECTION 655 226 300 3480 5580 5580
3162 CONNECTION 655 628 300 5460 7560 7560
3163 CONNECTION 655 402 300 4200 6300 6300
3164 CONNECTION 655 658 300 4200 6300 6300
3165 CONNECTION 655 328 300 6360 8460 8460
3166 CONNECTION 655 194 300 4980 7080 7080
3167 CONNECTION 655 446 300 7260 9360 9360
3168 CONNECTION 23 53 -1 -1 1860 1860
3169 CONNECTION 23 224 -1 -1 2340 2340
3170 CONNECTION 23 169 -1 -1 3060 3060
3171 CONNECTION 23 302 300 2160 4260 4260
3172 CONNECTION 23 375 300 3360 5460 5460
3173 CONNECTION 23 666 300 3840 5940 5940
3174 CONNECTION 23 494 300 4560 6660 6660
3175 CONNECTION 23 578 300 5760 7860 7860
3176 CONNECTION 444 374 -1 -1 3360 3360
3177 CONNECTION 444 462 -1 -1 2040 2040
3178 CONNECTION 444 247 -1 -1 2700 2700
3179 CONNECTION 444 326 -1 -1 2760 2760
3180 CONNECTION 444 493 -1 -1 4560 4560
3181 CONNECTION 444 546 -1 -1 3240 3240
3182 CONNECTION 444 577 300 3660 5760 5760
3183 CONNECTION 444 25 300 2340 4440 4440
3184 CONNECTION 444 56 300 4860 6960 6960
3185 CONNECTION 444 141 300 3540 5640 5640
3186 CONNECTION 444 672 300 4200 6300 6300
3187 CONNECTION 444 601 300 4260 6360 6360
3188 CONNECTION 444 651 300 4260 6360 6360
3189 CONNECTION 444 172 300 6060 8160 8160
3190 CONNECTION 444 273 300 4740 6840 6840
3191 CONNECTION 444 305 300 7260 9360 9360
3192 CONNECTION 444 346 300 5940 8040 8040
3193 CONNECTION 612 613 -1 -1 1680 1680
3194 CONNECTION 612 121 -1 -1 3960 3960
3195 CONNECTION 612 226 -1 -1 3780 3780
3196 CONNECTION 612 628 -1 -1 5760 5760
3197 CONNECTION 612 402 -1 -1 4500 4500
3198 CONNECTION 612 658 -1 -1 4500 4500
3199 CONNECTION 612 328 300 4560 6660 6660
3200 CONNECTION 612 194 300 3180 5280 5280
3201 CONNECTION 612 446 300 5460 7560 7560
3202 CONNECTION 612 668 300 5280 7380 7380
3203 CONNECTION 612 209 300 7260 9360 9360
3204 CONNECTION 612 82 300 6000 8100 8100
3205 CONNECTION 612 603 300 8160 10260 10260
3206 CONNECTION 612 653 300 8160 10260 10260
3207 CONNECTION 423 374 -1 -1 3240 3240
3208 CONNECTION 423 462 -1 -1 1920 1920
3209 CONNECTION 423 247 -1 -1 2580 2580
3210 CONNECTION 423 326 -1 -1 2640 2640
3211 CONNECTION 423 493 -1 -1 4440 4440
3212 CONNECTION 423 546 -1 -1 3120 3120
3213 CONNECTION 423 577 300 3540 5640 5640
3214 CONNECTION 423 25 300 2220 4320 4320
3215 CONNECTION 423 56 300 4740 6840 6840
3216 CONNECTION 423 141 300 3420 5520 5520
3217 CONNECTION 423 672 300 4080 6180 6180
3218 CONNECTION 423 601 300 4140 6240 6240
3219 CONNECTION 423 651 300 4140 6240 6240
3220 CONNECTION 423 172 300 5940 8040 8040
3221 CONNECTION 423 273 300 4620 6720 6720
3222 CONNECTION 423 305 300 7140 9240 9240
3223 CONNECTION 423 346 300 5820 7920 7920
3224 CONNECTION 647 374 -1 -1 3240 3240
3225 CONNECTION 647 462 -1 -1 1920 1920
3226 CONNECTION 647 247 -1 -1 2580 2580
3227 CONNECTION 647 326 -1 -1 2640 2640
3228 CONNECTION 647 493 -1 -1 4440 4440
3229 CONNECTION 647 546 -1 -1 3120 3120
3230 CONNECTION 647 577 300 3540 5640 5640
3231 CONNECTION 647 25 300 2220 4320 4320
3232 CONNECTION 647 56 300 4740 6840 6840
3233 CONNECTION 647 141 300 3420 5520 5520
3234 CONNECTION 647 672 300 4080 6180 6180
3235 CONNECTION 647 601 300 4140 6240 6240
3236 CONNECTION 647 651 300 4140 6240 6240
3237 CONNECTION 647 172 300 5940 8040 8040
3238 CONNECTION 647 273 300 4620 6720 6720
3239 CONNECTION 647 305 300 7140 9240 9240
3240 CONNECTION 647 346 300 5820 7920 7920
3241 CONNECTION 661 662 -1 -1 1500 1500
3242 CONNECTION 661 463 -1 -1 2820 2820
3243 CONNECTION 661 576 -1 -1 2460 2460
3244 CONNECTION 661 401 -1 -1 4080 4080
3245 CONNECTION 661 657 -1 -1 4080 4080
3246 CONNECTION 661 55 -1 -1 3660 3660
3247 CONNECTION 661 547 -1 -1 4020 4020
3248 CONNECTION 661 249 300 3000 5100 5100
3249 CONNECTION 661 26 300 3120 5220 5220
3250 CONNECTION 661 171 300 2760 4860 4860
3251 CONNECTION 661 425 300 3300 5400 5400
3252 CONNECTION 661 664 300 3300 5400 5400
3253 CONNECTION 661 142 300 4320 6420 6420
3254 CONNECTION 661 304 300 3960 6060 6060
3255 CONNECTION 661 81 300 5580 7680 7680
3256 CONNECTION 661 274 300 5520 7620 7620
3257 CONNECTION 661 377 300 5160 7260 7260
3258 SINK 661 0 -1 -1 0 0
3259 CONNECTION 4 5 -1 -1 3180 3180
3260 CONNECTION 4 121 -1 -1 4080 4080
3261 CONNECTION 4 226 -1 -1 3900 3900
3262 CONNECTION 4 628 -1 -1 5880 5880
3263 CONNECTION 4 402 300 2520 4620 4620
3264 CONNECTION 4 658 300 2520 4620 4620
3265 CONNECTION 4 328 300 4680 6780 6780
3266 CONNECTION 4 194 300 3300 5400 5400
3267 CONNECTION 4 446 300 5580 7680 7680
3268 CONNECTION 4 668 300 5400 7500 7500
3269 CONNECTION 4 209 300 7380 9480 9480
3270 CONNECTION 4 82 300 6120 8220 8220
3271 CONNECTION 528 529 -1 -1 3300 3300
3272 CONNECTION 528 5 -1 -1 4200 4200
3273 CONNECTION 528 613 -1 -1 2820 2820
3274 CONNECTION 528 121 -1 -1 5100 5100
3275 CONNECTION 528 226 300 2820 4920 4920
3276 CONNECTION 528 628 300 4800 6900 6900
3277 CONNECTION 528 402 300 3540 5640 5640
3278 CONNECTION 528 658 300 3540 5640 5640
3279 CONNECTION 528 328 300 5700 7800 7800
3280 CONNECTION 528 194 300 4320 6420 6420
3281 CONNECTION 528 446 300 6600 8700 8700
3282 CONNECTION 528 668 300 6420 8520 8520
3283 CONNECTION 78 79 -1 -1 1800 1800
3284 CONNECTION 78 5 -1 -1 3960 3960
3285 CONNECTION 78 613 -1 -1 2580 2580
3286 CONNECTION 78 121 -1 -1 4860 4860
3287 CONNECTION 78 226 -1 -1 4680 4680
3288 CONNECTION 78 628 300 4560 6660 6660
3289 CONNECTION 78 402 300 3300 5400 5400
3290 CONNECTION 78 658 300 3300 5400 5400
3291 CONNECTION 78 328 300 5460 7560 7560
3292 CONNECTION 78 194 300 4080 6180 6180
3293 CONNECTION 78 446 300 6360 8460 8460
3294 CONNECTION 78 668 300 6180 8280 8280
3295 CONNECTION 78 209 300 8160 10260 10260
3296 CONNECTION 491 492 -1 -1 1140 1140
3297 CONNECTION 491 463 -1 -1 2700 2700
3298 CONNECTION 491 576 -1 -1 2340 2340
3299 CONNECTION 491 401 -1 -1 3960 3960
3300 CONNECTION 491 657 -1 -1 3960 3960
3301 CONNECTION 491 55 -1 -1 3540 3540
3302 CONNECTION 491 547 -1 -1 3900 3900
3303 CONNECTION 491 249 300 2880 4980 4980
3304 CONNECTION 491 26 300 3000 5100 5100
3305 CONNECTION 491 171 300 2640 4740 4740
3306 CONNECTION 491 425 300 3180 5280 5280
3307 CONNECTION 491 664 300 3180 5280 5280
3308 CONNECTION 491 142 300 4200 6300 6300
3309 CONNECTION 491 304 300 3840 5940 5940
3310 CONNECTION 491 81 300 5460 7560 7560
3311 CONNECTION 491 274 300 5400 7500 7500
3312 CONNECTION 491 377 300 5040 7140 7140
3313 CONNECTION 491 674 300 6480 8580 8580
3314 SINK 491 0 -1 -1 0 0
3315 CONNECTION 100 101 -1 -1 1620 1620
3316 CONNECTION 100 463 -1 -1 2640 2640
3317 CONNECTION 100 576 -1 -1 2280 2280
3318 CONNECTION 100 401 -1 -1 3900 3900
3319 CONNECTION 100 657 -1 -1 3900 3900
3320 CONNECTION 100 55 -1 -1 3480 3480
3321 CONNECTION 100 547 -1 -1 3840 3840
3322 CONNECTION 100 249 300 2820 4920 4920
3323 CONNECTION 100 26 300 2940 5040 5040
3324 CONNECTION 100 171 300 2580 4680 4680
3325 CONNECTION 100 425 300 3120 5220 5220
3326 CONNECTION 100 664 300 3120 5220 5220
3327 CONNECTION 100 142 300 4140 6240 6240
3328 CONNECTION 100 304 300 3780 5880 5880
3329 CONNECTION 100 81 300 5400 7500 7500
3330 CONNECTION 100 274 300 5340 7440 7440
3331 CONNECTION 100 377 300 4980 7080 7080
3332 CONNECTION 100 674 300 6420 8520 8520
3333 SINK 100 0 -1 -1 0 0
3334 CONNECTION 400 224 -1 -1 1680 1680
3335 CONNECTION 400 169 -1 -1 2400 2400
3336 CONNECTION 400 302 -1 -1 3600 3600
3337 CONNECTION 400 375 300 2700 4800 4800
3338 CONNECTION 400 666 300 3180 5280 5280
3339 CONNECTION 400 494 300 3900 6000 6000
3340 CONNECTION 400 578 300 5100 7200 7200
3341 CONNECTION 545 546 -1 -1 1260 1260
3342 CONNECTION 545 577 -1 -1 3780 3780
3343 CONNECTION 545 25 -1 -1 2460 2460
3344 CONNECTION 545 56 -1 -1 4980 4980
3345 CONNECTION 545 141 -1 -1 3660 3660
3346 CONNECTION 545 672 300 2220 4320 4320
3347 CONNECTION 545 601 300 2280 4380 4380
3348 CONNECTION 545 651 300 2280 4380 4380
3349 CONNECTION 545 172 300 4080 6180 6180
3350 CONNECTION 545 273 300 2760 4860 4860
3351 CONNECTION 545 305 300 5280 7380 7380
3352 CONNECTION 545 346 300 3960 6060 6060
3353 CONNECTION 545 378 300 6480 8580 8580
3354 CONNECTION 545 466 300 5160 7260 7260
3355 CONNECTION 545 250 300 5820 7920 7920
3356 CONNECTION 545 6 300 5880 7980 7980
3357 CONNECTION 574 575 -1 -1 1500 1500
3358 CONNECTION 574 271 -1 -1 1740 1740
3359 CONNECTION 574 54 -1 -1 2700 2700
3360 CONNECTION 574 225 -1 -1 3360 3360
3361 CONNECTION 574 344 -1 -1 2940 2940
3362 CONNECTION 574 627 -1 -1 4020 4020
3363 CONNECTION 574 170 -1 -1 3900 3900
3364 CONNECTION 574 80 -1 -1 3600 3600
3365 CONNECTION 574 424 -1 -1 3960 3960
3366 CONNECTION 574 663 -1 -1 3960 3960
3367 CONNECTION 574 464 300 2040 4140 4140
3368 CONNECTION 574 614 300 5460 7560 7560
3369 CONNECTION 574 303 300 3000 5100 5100
3370 CONNECTION 574 548 300 3240 5340 5340
3371 CONNECTION 574 376 300 4200 6300 6300
3372 CONNECTION 574 667 300 4860 6960 6960
3373 CONNECTION 574 27 300 4440 6540 6540
3374 CONNECTION 574 208 300 5520 7620 7620
3375 CONNECTION 574 495 300 5400 7500 7500
3376 CONNECTION 574 103 300 5460 7560 7560
3377 CONNECTION 574 403 300 5100 7200 7200
3378 CONNECTION 574 659 300 5100 7200 7200
3379 CONNECTION 574 143 300 5640 7740 7740
3380 CONNECTION 574 195 300 9060 11160 11160
3381 CONNECTION 641 224 -1 -1 1680 1680
3382 CONNECTION 641 169 -1 -1 2400 2400
3383 CONNECTION 641 302 -1 -1 3600 3600
3384 CONNECTION 641 375 300 2700 4800 4800
3385 CONNECTION 641 666 300 3180 5280 5280
3386 CONNECTION 641 494 300 3900 6000 6000
3387 CONNECTION 641 578 300 5100 7200 7200
3388 CONNECTION 301 272 -1 -1 3420 3420
3389 CONNECTION 301 345 -1 -1 4620 4620
3390 CONNECTION 301 465 300 3720 5820 5820
3391 CONNECTION 301 530 300 5700 7800 7800
3392 CONNECTION 301 549 300 4920 7020 7020
3393 CONNECTION 301 28 300 6120 8220 8220
3394 CONNECTION 301 144 300 7320 9420 9420
3395 CONNECTION 301 629 300 9300 11400 11400
3396 CONNECTION 270 271 -1 -1 1140 1140
3397 CONNECTION 270 54 -1 -1 2100 2100
3398 CONNECTION 270 225 -1 -1 2760 2760
3399 CONNECTION 270 344 -1 -1 2340 2340
3400 CONNECTION 270 627 -1 -1 3420 3420
3401 CONNECTION 270 170 -1 -1 3300 3300
3402 CONNECTION 270 80 -1 -1 3000 3000
3403 CONNECTION 270 424 -1 -1 3360 3360
3404 CONNECTION 270 663 -1 -1 3360 3360
3405 CONNECTION 270 464 -1 -1 3540 3540
3406 CONNECTION 270 614 -1 -1 6960 6960
3407 CONNECTION 270 303 300 2400 4500 4500
3408 CONNECTION 270 548 300 2640 4740 4740
3409 CONNECTION 270 376 300 3600 5700 5700
3410 CONNECTION 270 667 300 4260 6360 6360
3411 CONNECTION 270 27 300 3840 5940 5940
3412 CONNECTION 270 208 300 4920 7020 7020
3413 CONNECTION 270 495 300 4800 6900 6900
3414 CONNECTION 270 103 300 4860 6960 6960
3415 CONNECTION 270 403 300 4500 6600 6600
3416 CONNECTION 270 659 300 4500 6600 6600
3417 CONNECTION 270 143 300 5040 7140 7140
3418 CONNECTION 270 195 300 8460 10560 10560
3419 CONNECTION 270 579 300 6000 8100 8100
3420 CONNECTION 373 374 -1 -1 2580 2580
3421 CONNECTION 373 247 -1 -1 1920 1920
3422 CONNECTION 373 326 -1 -1 1980 1980
3423 CONNECTION 373 493 -1 -1 3780 3780
3424 CONNECTION 373 546 -1 -1 2460 2460
3425 CONNECTION 373 577 -1 -1 4980 4980
3426 CONNECTION 373 25 -1 -1 3660 3660
3427 CONNECTION 373 56 300 4080 6180 6180
3428 CONNECTION 373 141 300 2760 4860 4860
3429 CONNECTION 373 672 300 3420 5520 5520
3430 CONNECTION 373 601 300 3480 5580 5580
3431 CONNECTION 373 651 300 3480 5580 5580
3432 CONNECTION 373 172 300 5280 7380 7380
3433 CONNECTION 373 273 300 3960 6060 6060
3434 CONNECTION 373 305 300 6480 8580 8580
3435 CONNECTION 373 346 300 5160 7260 7260
3436 CONNECTION 649 650 -1 -1 1140 1140
3437 CONNECTION 649 122 300 2640 4740 4740
3438 CONNECTION 649 426 300 2760 4860 4860
3439 CONNECTION 649 665 300 2760 4860 4860
3440 CONNECTION 649 673 300 3360 5460 5460
3441 CONNECTION 649 602 300 4620 6720 6720
3442 CONNECTION 649 652 300 4620 6720 6720
3443 CONNECTION 342 343 -1 -1 1500 1500
3444 CONNECTION 342 463 -1 -1 2700 2700
3445 CONNECTION 342 576 -1 -1 2340 2340
3446 CONNECTION 342 401 -1 -1 3960 3960
3447 CONNECTION 342 657 -1 -1 3960 3960
3448 CONNECTION 342 55 -1 -1 3540 3540
3449 CONNECTION 342 547 -1 -1 3900 3900
3450 CONNECTION 342 249 300 2880 4980 4980
3451 CONNECTION 342 26 300 3000 5100 5100
3452 CONNECTION 342 171 300 2640 4740 4740
3453 CONNECTION 342 425 300 3180 5280 5280
3454 CONNECTION 342 664 300 3180 5280 5280
3455 CONNECTION 342 142 300 4200 6300 6300
3456 CONNECTION 342 304 300 3840 5940 5940
3457 CONNECTION 342 81 300 5460 7560 7560
3458 CONNECTION 342 274 300 5400 7500 7500
3459 CONNECTION 342 377 300 5040 7140 7140
3460 CONNECTION 342 674 300 6480 8580 8580
3461 SINK 342 0 -1 -1 0 0
3462 CONNECTION 139 169 -1 -1 1860 1860
3463 CONNECTION 139 302 -1 -1 3060 3060
3464 CONNECTION 139 375 300 2160 4260 4260
3465 CONNECTION 139 666 300 2640 4740 4740
3466 CONNECTION 139 494 300 3360 5460 5460
3467 CONNECTION 139 578 300 4560 6660 6660
3468 CONNECTION 139 57 300 5760 7860 7860
3469 CONNECTION 120 121 -1 -1 2820 2820
3470 CONNECTION 120 226 -1 -1 2640 2640
3471 CONNECTION 120 628 -1 -1 4620 4620
3472 CONNECTION 120 402 -1 -1 3360 3360
3473 CONNECTION 120 658 -1 -1 3360 3360
3474 CONNECTION 120 328 -1 -1 5520 5520
3475 CONNECTION 120 194 -1 -1 4140 4140
3476 CONNECTION 120 446 300 4320 6420 6420
3477 CONNECTION 120 668 300 4140 6240 6240
3478 CONNECTION 120 209 300 6120 8220 8220
3479 CONNECTION 120 82 300 4860 6960 6960
3480 CONNECTION 120 603 300 7020 9120 9120
3481 CONNECTION 120 653 300 7020 9120 9120
3482 CONNECTION 120 518 300 5640 7740 7740
3483 CONNECTION 516 465 -1 -1 3480 3480
3484 CONNECTION 516 530 -1 -1 5460 5460
3485 CONNECTION 516 549 -1 -1 4680 4680
3486 CONNECTION 516 28 300 3780 5880 5880
3487 CONNECTION 516 144 300 4980 7080 7080
3488 CONNECTION 516 629 300 6960 9060 9060
3489 CONNECTION 516 276 300 6180 8280 8280
3490 CONNECTION 516 349 300 7380 9480 9480
3491 CONNECTION 656 401 -1 -1 2520 2520
3492 CONNECTION 656 657 -1 -1 2520 2520
3493 CONNECTION 656 55 -1 -1 2100 2100
3494 CONNECTION 656 547 -1 -1 2460 2460
3495 CONNECTION 656 249 -1 -1 3540 3540
3496 CONNECTION 656 26 -1 -1 3660 3660
3497 CONNECTION 656 171 -1 -1 3300 3300
3498 CONNECTION 656 425 -1 -1 3840 3840
3499 CONNECTION 656 664 -1 -1 3840 3840
3500 CONNECTION 656 142 300 2760 4860 4860
3501 CONNECTION 656 304 300 2400 4500 4500
3502 CONNECTION 656 81 300 4020 6120 6120
3503 CONNECTION 656 274 300 3960 6060 6060
3504 CONNECTION 656 377 300 3600 5700 5700
3505 CONNECTION 656 674 300 5040 7140 7140
3506 CONNECTION 656 347 300 5160 7260 7260
3507 CONNECTION 656 496 300 4800 6900 6900
3508 CONNECTION 656 104 300 5340 7440 7440
3509 CONNECTION 656 467 300 6360 8460 8460
3510 CONNECTION 656 580 300 6000 8100 8100
3511 SINK 656 0 -1 -1 0 0
3512 CONNECTION 575 576 -1 -1 1140 1140
3513 CONNECTION 575 401 -1 -1 2760 2760
3514 CONNECTION 575 657 -1 -1 2760 2760
3515 CONNECTION 575 55 -1 -1 2340 2340
3516 CONNECTION 575 547 -1 -1 2700 2700
3517 CONNECTION 575 249 -1 -1 3780 3780
3518 CONNECTION 575 26 -1 -1 3900 3900
3519 CONNECTION 575 171 -1 -1 3540 3540
3520 CONNECTION 575 425 -1 -1 4080 4080
3521 CONNECTION 575 664 -1 -1 4080 4080
3522 CONNECTION 575 142 300 3000 5100 5100
3523 CONNECTION 575 304 300 2640 4740 4740
3524 CONNECTION 575 81 300 4260 6360 6360
3525 CONNECTION 575 274 300 4200 6300 6300
3526 CONNECTION 575 377 300 3840 5940 5940
3527 CONNECTION 575 674 300 5280 7380 7380
3528 CONNECTION 575 347 300 5400 7500 7500
3529 CONNECTION 575 496 300 5040 7140 7140
3530 CONNECTION 575 104 300 5580 7680 7680
3531 SINK 575 0 -1 -1 0 0
3532 CONNECTION 24 25 -1 -1 1260 1260
3533 CONNECTION 24 56 -1 -1 3780 3780
3534 CONNECTION 24 141 -1 -1 2460 2460
3535 CONNECTION 24 672 -1 -1 3120 3120
3536 CONNECTION 24 601 -1 -1 3180 3180
3537 CONNECTION 24 651 -1 -1 3180 3180
3538 CONNECTION 24 172 -1 -1 4980 4980
3539 CONNECTION 24 273 -1 -1 3660 3660
3540 CONNECTION 24 305 300 4080 6180 6180
3541 CONNECTION 24 346 300 2760 4860 4860
3542 CONNECTION 24 378 300 5280 7380 7380
3543 CONNECTION 24 466 300 3960 6060 6060
3544 CONNECTION 24 250 300 4620 6720 6720
3545 CONNECTION 24 6 300 4680 6780 6780
3546 CONNECTION 24 497 300 6480 8580 8580
3547 CONNECTION 24 550 300 5160 7260 7260
3548 CONNECTION 53 54 -1 -1 1500 1500
3549 CONNECTION 53 225 -1 -1 2160 2160
3550 CONNECTION 53 344 -1 -1 1740 1740
3551 CONNECTION 53 627 -1 -1 2820 2820
3552 CONNECTION 53 170 -1 -1 2700 2700
3553 CONNECTION 53 80 -1 -1 2400 2400
3554 CONNECTION 53 424 -1 -1 2760 2760
3555 CONNECTION 53 663 -1 -1 2760 2760
3556 CONNECTION 53 464 -1 -1 2940 2940
3557 CONNECTION 53 614 -1 -1 6360 6360
3558 CONNECTION 53 303 -1 -1 3900 3900
3559 CONNECTION 53 548 300 2040 4140 4140
3560 CONNECTION 53 376 300 3000 5100 5100
3561 CONNECTION 53 667 300 3660 5760 5760
3562 CONNECTION 53 27 300 3240 5340 5340
3563 CONNECTION 53 208 300 4320 6420 6420
3564 CONNECTION 53 495 300 4200 6300 6300
3565 CONNECTION 53 103 300 4260 6360 6360
3566 CONNECTION 53 403 300 3900 6000 6000
3567 CONNECTION 53 659 300 3900 6000 6000
3568 CONNECTION 53 143 300 4440 6540 6540
3569 CONNECTION 53 195 300 7860 9960 9960
3570 CONNECTION 53 579 300 5400 7500 7500
3571 CONNECTION 53 275 300 5640 7740 7740
3572 CONNECTION 662 627 -1 -1 2340 2340
3573 CONNECTION 662 170 -1 -1 2220 2220
3574 CONNECTION 662 80 -1 -1 1920 1920
3575 CONNECTION 662 424 -1 -1 2280 2280
3576 CONNECTION 662 663 -1 -1 2280 2280
3577 CONNECTION 662 464 -1 -1 2460 2460
3578 CONNECTION 662 614 -1 -1 5880 5880
3579 CONNECTION 662 303 -1 -1 3420 3420
3580 CONNECTION 662 548 -1 -1 3660 3660
3581 CONNECTION 662 376 300 2520 4620 4620
3582 CONNECTION 662 667 300 3180 5280 5280
3583 CONNECTION 662 27 300 2760 4860 4860
3584 CONNECTION 662 208 300 3840 5940 5940
3585 CONNECTION 662 495 300 3720 5820 5820
3586 CONNECTION 662 103 300 3780 5880 5880
3587 CONNECTION 662 403 300 3420 5520 5520
3588 CONNECTION 662 659 300 3420 5520 5520
3589 CONNECTION 662 143 300 3960 6060 6060
3590 CONNECTION 662 195 300 7380 9480 9480
3591 CONNECTION 662 579 300 4920 7020 7020
3592 CONNECTION 662 275 300 5160 7260 7260
3593 CONNECTION 662 58 300 6120 8220 8220
3594 CONNECTION 374 345 -1 -1 3420 3420
3595 CONNECTION 374 465 -1 -1 4620 4620
3596 CONNECTION 374 530 -1 -1 6600 6600
3597 CONNECTION 374 549 300 3720 5820 5820
3598 CONNECTION 374 28 300 4920 7020 7020
3599 CONNECTION 374 144 300 6120 8220 8220
3600 CONNECTION 374 629 300 8100 10200 10200
3601 CONNECTION 374 276 300 7320 9420 9420
3602 CONNECTION 343 344 -1 -1 1140 1140
3603 CONNECTION 343 627 -1 -1 2220 2220
3604 CONNECTION 343 170 -1 -1 2100 2100
3605 CONNECTION 343 80 -1 -1 1800 1800
3606 CONNECTION 343 424 -1 -1 2160 2160
3607 CONNECTION 343 663 -1 -1 2160 2160
3608 CONNECTION 343 464 -1 -1 2340 2340
3609 CONNECTION 343 614 -1 -1 5760 5760
3610 CONNECTION 343 303 -1 -1 3300 3300
3611 CONNECTION 343 548 -1 -1 3540 3540
3612 CONNECTION 343 376 300 2400 4500 4500
3613 CONNECTION 343 667 300 3060 5160 5160
3614 CONNECTION 343 27 300 2640 4740 4740
3615 CONNECTION 343 208 300 3720 5820 5820
3616 CONNECTION 343 495 300 3600 5700 5700
3617 CONNECTION 343 103 300 3660 5760 5760
3618 CONNECTION 343 403 300 3300 5400 5400
3619 CONNECTION 343 659 300 3300 5400 5400
3620 CONNECTION 343 143 300 3840 5940 5940
3621 CONNECTION 343 195 300 7260 9360 9360
3622 CONNECTION 343 579 300 4800 6900 6900
3623 CONNECTION 343 275 300 5040 7140 7140
3624 CONNECTION 343 58 300 6000 8100 8100
3625 CONNECTION 343 228 300 6660 8760 8760
3626 CONNECTION 492 493 -1 -1 2580 2580
3627 CONNECTION 492 577 -1 -1 3780 3780
3628 CONNECTION 492 25 -1 -1 2460 2460
3629 CONNECTION 492 56 -1 -1 4980 4980
3630 CONNECTION 492 141 -1 -1 3660 3660
3631 CONNECTION 492 672 300 2220 4320 4320
3632 CONNECTION 492 601 300 2280 4380 4380
3633 CONNECTION 492 651 300 2280 4380 4380
3634 CONNECTION 492 172 300 4080 6180 6180
3635 CONNECTION 492 273 300 2760 4860 4860
3636 CONNECTION 492 305 300 5280 7380 7380
3637 CONNECTION 492 346 300 3960 6060 6060
3638 CONNECTION 492 378 300 6480 8580 8580
3639 CONNECTION 492 466 300 5160 7260 7260
3640 CONNECTION 492 250 300 5820 7920 7920
3641 CONNECTION 492 6 300 5880 7980 7980
3642 CONNECTION 101 102 -1 -1 1200 1200
3643 CONNECTION 101 122 300 2580 4680 4680
3644 CONNECTION 101 426 300 2700 4800 4800
3645 CONNECTION 101 665 300 2700 4800 4800
3646 CONNECTION 101 673 300 3300 5400 5400
3647 CONNECTION 101 602 300 4560 6660 6660
3648 CONNECTION 101 652 300 4560 6660 6660
3649 CONNECTION 462 463 -1 -1 1500 1500
3650 CONNECTION 462 401 -1 -1 2760 2760
3651 CONNECTION 462 657 -1 -1 2760 2760
3652 CONNECTION 462 55 -1 -1 2340 2340
3653 CONNECTION 462 547 -1 -1 2700 2700
3654 CONNECTION 462 249 -1 -1 3780 3780
3655 CONNECTION 462 26 -1 -1 3900 3900
3656 CONNECTION 462 171 -1 -1 3540 3540
3657 CONNECTION 462 425 -1 -1 4080 4080
3658 CONNECTION 462 664 -1 -1 4080 4080
3659 CONNECTION 462 142 300 3000 5100 5100
3660 CONNECTION 462 304 300 2640 4740 4740
3661 CONNECTION 462 81 300 4260 6360 6360
3662 CONNECTION 462 274 300 4200 6300 6300
3663 CONNECTION 462 377 300 3840 5940 5940
3664 CONNECTION 462 674 300 5280 7380 7380
3665 CONNECTION 462 347 300 5400 7500 7500
3666 CONNECTION 462 496 300 5040 7140 7140
3667 CONNECTION 462 104 300 5580 7680 7680
3668 SINK 462 0 -1 -1 0 0
3669 CONNECTION 224 225 -1 -1 1680 1680
3670 CONNECTION 224 627 -1 -1 2340 2340
3671 CONNECTION 224 170 -1 -1 2220 2220
3672 CONNECTION 224 80 -1 -1 1920 1920
3673 CONNECTION 224 424 -1 -1 2280 2280
3674 CONNECTION 224 663 -1 -1 2280 2280
3675 CONNECTION 224 464 -1 -1 2460 2460
3676 CONNECTION 224 614 -1 -1 5880 5880
3677 CONNECTION 224 303 -1 -1 3420 3420
3678 CONNECTION 224 548 -1 -1 3660 3660
3679 CONNECTION 224 376 300 2520 4620 4620
3680 CONNECTION 224 667 300 3180 5280 5280
3681 CONNECTION 224 27 300 2760 4860 4860
3682 CONNECTION 224 208 300 3840 5940 5940
3683 CONNECTION 224 495 300 3720 5820 5820
3684 CONNECTION 224 103 300 3780 5880 5880
3685 CONNECTION 224 403 300 3420 5520 5520
3686 CONNECTION 224 659 300 3420 5520 5520
3687 CONNECTION 224 143 300 3960 6060 6060
3688 CONNECTION 224 195 300 7380 9480 9480
3689 CONNECTION 224 579 300 4920 7020 7020
3690 CONNECTION 224 275 300 5160 7260 7260
3691 CONNECTION 224 58 300 6120 8220 8220
3692 CONNECTION 529 517 -1 -1 5040 5040
3693 CONNECTION 529 678 300 4080 6180 6180
3694 CONNECTION 529 615 300 6540 8640 8640
3695 CONNECTION 529 123 300 7680 9780 9780
3696 CONNECTION 271 302 -1 -1 1860 1860
3697 CONNECTION 271 375 -1 -1 3060 3060
3698 CONNECTION 271 666 -1 -1 3540 3540
3699 CONNECTION 271 494 300 2160 4260 4260
3700 CONNECTION 271 578 300 3360 5460 5460
3701 CONNECTION 271 57 300 4560 6660 6660
3702 CONNECTION 271 227 300 5040 7140 7140
3703 CONNECTION 271 173 300 5760 7860 7860
3704 CONNECTION 79 80 -1 -1 1140 1140
3705 CONNECTION 79 464 -1 -1 1680 1680
3706 CONNECTION 79 614 -1 -1 5100 5100
3707 CONNECTION 79 303 -1 -1 2640 2640
3708 CONNECTION 79 548 -1 -1 2880 2880
3709 CONNECTION 79 376 -1 -1 3840 3840
3710 CONNECTION 79 667 -1 -1 4500 4500
3711 CONNECTION 79 27 300 1980 4080 4080
3712 CONNECTION 79 208 300 3060 5160 5160
3713 CONNECTION 79 495 300 2940 5040 5040
3714 CONNECTION 79 103 300 3000 5100 5100
3715 CONNECTION 79 403 300 2640 4740 4740
3716 CONNECTION 79 659 300 2640 4740 4740
3717 CONNECTION 79 143 300 3180 5280 5280
3718 CONNECTION 79 195 300 6600 8700 8700
3719 CONNECTION 79 579 300 4140 6240 6240
3720 CONNECTION 79 275 300 4380 6480 6480
3721 CONNECTION 79 58 300 5340 7440 7440
3722 CONNECTION 79 228 300 6000 8100 8100
3723 CONNECTION 79 348 300 5580 7680 7680
3724 CONNECTION 79 531 300 6660 8760 8760
3725 CONNECTION 247 248 -1 -1 1620 1620
3726 CONNECTION 247 122 300 2400 4500 4500
3727 CONNECTION 247 426 300 2520 4620 4620
3728 CONNECTION 247 665 300 2520 4620 4620
3729 CONNECTION 247 673 300 3120 5220 5220
3730 CONNECTION 247 602 300 4380 6480 6480
3731 CONNECTION 247 652 300 4380 6480 6480
3732 CONNECTION 247 447 300 6000 8100 8100
3733 CONNECTION 247 105 300 6120 8220 8220
3734 CONNECTION 326 327 -1 -1 2820 2820
3735 CONNECTION 326 122 300 2340 4440 4440
3736 CONNECTION 326 426 300 2460 4560 4560
3737 CONNECTION 326 665 300 2460 4560 4560
3738 CONNECTION 326 673 300 3060 5160 5160
3739 CONNECTION 326 602 300 4320 6420 6420
3740 CONNECTION 326 652 300 4320 6420 6420
3741 CONNECTION 326 447 300 5940 8040 8040
3742 CONNECTION 326 105 300 6060 8160 8160
3743 CONNECTION 54 55 -1 -1 1140 1140
3744 CONNECTION 54 249 -1 -1 2580 2580
3745 CONNECTION 54 26 -1 -1 2700 2700
3746 CONNECTION 54 171 -1 -1 2340 2340
3747 CONNECTION 54 425 -1 -1 2880 2880
3748 CONNECTION 54 664 -1 -1 2880 2880
3749 CONNECTION 54 142 -1 -1 3900 3900
3750 CONNECTION 54 304 -1 -1 3540 3540
3751 CONNECTION 54 81 300 3060 5160 5160
3752 CONNECTION 54 274 300 3000 5100 5100
3753 CONNECTION 54 377 300 2640 4740 4740
3754 CONNECTION 54 674 300 4080 6180 6180
3755 CONNECTION 54 347 300 4200 6300 6300
3756 CONNECTION 54 496 300 3840 5940 5940
3757 CONNECTION 54 104 300 4380 6480 6480
3758 CONNECTION 54 467 300 5400 7500 7500
3759 CONNECTION 54 580 300 5040 7140 7140
3760 CONNECTION 54 404 300 6660 8760 8760
3761 CONNECTION 54 669 300 6660 8760 8760
3762 SINK 54 0 -1 -1 0 0
3763 CONNECTION 140 141 -1 -1 1260 1260
3764 CONNECTION 140 672 -1 -1 1920 1920
3765 CONNECTION 140 601 -1 -1 1980 1980
3766 CONNECTION 140 651 -1 -1 1980 1980
3767 CONNECTION 140 172 -1 -1 3780 3780
3768 CONNECTION 140 273 -1 -1 2460 2460
3769 CONNECTION 140 305 -1 -1 4980 4980
3770 CONNECTION 140 346 -1 -1 3660 3660
3771 CONNECTION 140 378 300 4080 6180 6180
3772 CONNECTION 140 466 300 2760 4860 4860
3773 CONNECTION 140 250 300 3420 5520 5520
3774 CONNECTION 140 6 300 3480 5580 5580
3775 CONNECTION 140 497 300 5280 7380 7380
3776 CONNECTION 140 550 300 3960 6060 6060
3777 CONNECTION 140 581 300 6480 8580 8580
3778 CONNECTION 140 29 300 5160 7260 7260
3779 CONNECTION 169 170 -1 -1 1500 1500
3780 CONNECTION 169 464 -1 -1 1740 1740
3781 CONNECTION 169 614 -1 -1 5160 5160
3782 CONNECTION 169 303 -1 -1 2700 2700
3783 CONNECTION 169 548 -1 -1 2940 2940
3784 CONNECTION 169 376 -1 -1 3900 3900
3785 CONNECTION 169 667 -1 -1 4560 4560
3786 CONNECTION 169 27 300 2040 4140 4140
3787 CONNECTION 169 208 300 3120 5220 5220
3788 CONNECTION 169 495 300 3000 5100 5100
3789 CONNECTION 169 103 300 3060 5160 5160
3790 CONNECTION 169 403 300 2700 4800 4800
3791 CONNECTION 169 659 300 2700 4800 4800
3792 CONNECTION 169 143 300 3240 5340 5340
3793 CONNECTION 169 195 300 6660 8760 8760
3794 CONNECTION 169 579 300 4200 6300 6300
3795 CONNECTION 169 275 300 4440 6540 6540
3796 CONNECTION 169 58 300 5400 7500 7500
3797 CONNECTION 169 228 300 6060 8160 8160
3798 CONNECTION 169 348 300 5640 7740 7740
3799 CONNECTION 5 517 -1 -1 4140 4140
3800 CONNECTION 5 678 -1 -1 5280 5280
3801 CONNECTION 5 615 300 5640 7740 7740
3802 CONNECTION 5 123 300 6780 8880 8880
3803 CONNECTION 493 465 -1 -1 3420 3420
3804 CONNECTION 493 530 -1 -1 5400 5400
3805 CONNECTION 493 549 -1 -1 4620 4620
3806 CONNECTION 493 28 300 3720 5820 5820
3807 CONNECTION 493 144 300 4920 7020 7020
3808 CONNECTION 493 629 300 6900 9000 9000
3809 CONNECTION 493 276 300 6120 8220 8220
3810 CONNECTION 493 349 300 7320 9420 9420
3811 CONNECTION 207 208 -1 -1 1800 1800
3812 CONNECTION 207 143 -1 -1 1920 1920
3813 CONNECTION 207 195 -1 -1 5340 5340
3814 CONNECTION 207 579 -1 -1 2880 2880
3815 CONNECTION 207 275 -1 -1 3120 3120
3816 CONNECTION 207 58 -1 -1 4080 4080
3817 CONNECTION 207 228 300 2640 4740 4740
3818 CONNECTION 207 348 300 2220 4320 4320
3819 CONNECTION 207 531 300 3300 5400 5400
3820 CONNECTION 207 174 300 3180 5280 5280
3821 CONNECTION 207 83 300 2880 4980 4980
3822 CONNECTION 207 427 300 3240 5340 5340
3823 CONNECTION 207 675 300 3240 5340 5340
3824 CONNECTION 207 468 300 3420 5520 5520
3825 CONNECTION 207 519 300 6840 8940 8940
3826 CONNECTION 207 307 300 4380 6480 6480
3827 CONNECTION 207 552 300 4620 6720 6720
3828 CONNECTION 207 380 300 5580 7680 7680
3829 CONNECTION 207 685 300 6240 8340 8340
3830 CONNECTION 207 31 300 5820 7920 7920
3831 CONNECTION 463 464 -1 -1 1140 1140
3832 CONNECTION 463 303 -1 -1 2100 2100
3833 CONNECTION 463 548 -1 -1 2340 2340
3834 CONNECTION 463 376 -1 -1 3300 3300
3835 CONNECTION 463 667 -1 -1 3960 3960
3836 CONNECTION 463 27 -1 -1 3540 3540
3837 CONNECTION 463 208 300 2520 4620 4620
3838 CONNECTION 463 495 300 2400 4500 4500
3839 CONNECTION 463 103 300 2460 4560 4560
3840 CONNECTION 463 403 300 2100 4200 4200
3841 CONNECTION 463 659 300 2100 4200 4200
3842 CONNECTION 463 143 300 2640 4740 4740
3843 CONNECTION 463 195 300 6060 8160 8160
3844 CONNECTION 463 579 300 3600 5700 5700
3845 CONNECTION 463 275 300 3840 5940 5940
3846 CONNECTION 463 58 300 4800 6900 6900
3847 CONNECTION 463 228 300 5460 7560 7560
3848 CONNECTION 463 348 300 5040 7140 7140
3849 CONNECTION 463 531 300 6120 8220 8220
3850 CONNECTION 463 174 300 6000 8100 8100
3851 CONNECTION 463 83 300 5700 7800 7800
3852 CONNECTION 463 427 300 6060 8160 8160
3853 CONNECTION 463 675 300 6060 8160 8160
3854 CONNECTION 576 577 -1 -1 2580 2580
3855 CONNECTION 576 56 -1 -1 3780 3780
3856 CONNECTION 576 141 -1 -1 2460 2460
3857 CONNECTION 576 672 -1 -1 3120 3120
3858 CONNECTION 576 601 -1 -1 3180 3180
3859 CONNECTION 576 651 -1 -1 3180 3180
3860 CONNECTION 576 172 -1 -1 4980 4980
3861 CONNECTION 576 273 -1 -1 3660 3660
3862 CONNECTION 576 305 300 4080 6180 6180
3863 CONNECTION 576 346 300 2760 4860 4860
3864 CONNECTION 576 378 300 5280 7380 7380
3865 CONNECTION 576 466 300 3960 6060 6060
3866 CONNECTION 576 250 300 4620 6720 6720
3867 CONNECTION 576 6 300 4680 6780 6780
3868 CONNECTION 576 497 300 6480 8580 8580
3869 CONNECTION 576 550 300 5160 7260 7260
3870 CONNECTION 546 547 -1 -1 1500 1500
3871 CONNECTION 546 249 -1 -1 2580 2580
3872 CONNECTION 546 26 -1 -1 2700 2700
3873 CONNECTION 546 171 -1 -1 2340 2340
3874 CONNECTION 546 425 -1 -1 2880 2880
3875 CONNECTION 546 664 -1 -1 2880 2880
3876 CONNECTION 546 142 -1 -1 3900 3900
3877 CONNECTION 546 304 -1 -1 3540 3540
3878 CONNECTION 546 81 300 3060 5160 5160
3879 CONNECTION 546 274 300 3000 5100 5100
3880 CONNECTION 546 377 300 2640 4740 4740
3881 CONNECTION 546 674 300 4080 6180 6180
3882 CONNECTION 546 347 300 4200 6300 6300
3883 CONNECTION 546 496 300 3840 5940 5940
3884 CONNECTION 546 104 300 4380 6480 6480
3885 CONNECTION 546 467 300 5400 7500 7500
3886 CONNECTION 546 580 300 5040 7140 7140
3887 CONNECTION 546 404 300 6660 8760 8760
3888 CONNECTION 546 669 300 6660 8760 8760
3889 SINK 546 0 -1 -1 0 0
3890 CONNECTION 613 614 -1 -1 4320 4320
3891 CONNECTION 613 548 -1 -1 2100 2100
3892 CONNECTION 613 376 -1 -1 3060 3060
3893 CONNECTION 613 667 -1 -1 3720 3720
3894 CONNECTION 613 27 -1 -1 3300 3300
3895 CONNECTION 613 208 -1 -1 4380 4380
3896 CONNECTION 613 495 -1 -1 4260 4260
3897 CONNECTION 613 103 -1 -1 4320 4320
3898 CONNECTION 613 403 -1 -1 3960 3960
3899 CONNECTION 613 659 -1 -1 3960 3960
3900 CONNECTION 613 143 300 2400 4500 4500
3901 CONNECTION 613 195 300 5820 7920 7920
3902 CONNECTION 613 579 300 3360 5460 5460
3903 CONNECTION 613 275 300 3600 5700 5700
3904 CONNECTION 613 58 300 4560 6660 6660
3905 CONNECTION 613 228 300 5220 7320 7320
3906 CONNECTION 613 348 300 4800 6900 6900
3907 CONNECTION 613 531 300 5880 7980 7980
3908 CONNECTION 613 174 300 5760 7860 7860
3909 CONNECTION 613 83 300 5460 7560 7560
3910 CONNECTION 613 427 300 5820 7920 7920
3911 CONNECTION 613 675 300 5820 7920 7920
3912 CONNECTION 613 468 300 6000 8100 8100
3913 CONNECTION 225 226 -1 -1 1980 1980
3914 CONNECTION 225 628 -1 -1 3960 3960
3915 CONNECTION 225 402 -1 -1 2700 2700
3916 CONNECTION 225 658 -1 -1 2700 2700
3917 CONNECTION 225 328 -1 -1 4860 4860
3918 CONNECTION 225 194 -1 -1 3480 3480
3919 CONNECTION 225 446 300 3660 5760 5760
3920 CONNECTION 225 668 300 3480 5580 5580
3921 CONNECTION 225 209 300 5460 7560 7560
3922 CONNECTION 225 82 300 4200 6300 6300
3923 CONNECTION 225 603 300 6360 8460 8460
3924 CONNECTION 225 653 300 6360 8460 8460
3925 CONNECTION 225 518 300 4980 7080 7080
3926 CONNECTION 225 679 300 7260 9360 9360
3927 CONNECTION 344 375 -1 -1 1860 1860
3928 CONNECTION 344 666 -1 -1 2340 2340
3929 CONNECTION 344 494 -1 -1 3060 3060
3930 CONNECTION 344 578 300 2160 4260 4260
3931 CONNECTION 344 57 300 3360 5460 5460
3932 CONNECTION 344 227 300 3840 5940 5940
3933 CONNECTION 344 173 300 4560 6660 6660
3934 CONNECTION 344 306 300 5760 7860 7860
3935 CONNECTION 650 56 -1 -1 3360 3360
3936 CONNECTION 650 141 -1 -1 2040 2040
3937 CONNECTION 650 672 -1 -1 2700 2700
3938 CONNECTION 650 601 -1 -1 2760 2760
3939 CONNECTION 650 651 -1 -1 2760 2760
3940 CONNECTION 650 172 -1 -1 4560 4560
3941 CONNECTION 650 273 -1 -1 3240 3240
3942 CONNECTION 650 305 300 3660 5760 5760
3943 CONNECTION 650 346 300 2340 4440 4440
3944 CONNECTION 650 378 300 4860 6960 6960
3945 CONNECTION 650 466 300 3540 5640 5640
3946 CONNECTION 650 250 300 4200 6300 6300
3947 CONNECTION 650 6 300 4260 6360 6360
3948 CONNECTION 650 497 300 6060 8160 8160
3949 CONNECTION 650 550 300 4740 6840 6840
3950 CONNECTION 650 581 300 7260 9360 9360
3951 CONNECTION 650 29 300 5940 8040 8040
3952 CONNECTION 193 194 -1 -1 1680 1680
3953 CONNECTION 193 446 -1 -1 3960 3960
3954 CONNECTION 193 668 -1 -1 3780 3780
3955 CONNECTION 193 209 -1 -1 5760 5760
3956 CONNECTION 193 82 -1 -1 4500 4500
3957 CONNECTION 193 603 300 4560 6660 6660
3958 CONNECTION 193 653 300 4560 6660 6660
3959 CONNECTION 193 518 300 3180 5280 5280
3960 CONNECTION 193 679 300 5460 7560 7560
3961 CONNECTION 193 229 300 5280 7380 7380
3962 CONNECTION 193 532 300 7260 9360 9360
3963 CONNECTION 193 405 300 6000 8100 8100
3964 CONNECTION 193 670 300 6000 8100 8100
3965 CONNECTION 193 8 300 8160 10260 10260
3966 CONNECTION 102 56 -1 -1 3240 3240
3967 CONNECTION 102 141 -1 -1 1920 1920
3968 CONNECTION 102 672 -1 -1 2580 2580
3969 CONNECTION 102 601 -1 -1 2640 2640
3970 CONNECTION 102 651 -1 -1 2640 2640
3971 CONNECTION 102 172 -1 -1 4440 4440
3972 CONNECTION 102 273 -1 -1 3120 3120
3973 CONNECTION 102 305 300 3540 5640 5640
3974 CONNECTION 102 346 300 2220 4320 4320
3975 CONNECTION 102 378 300 4740 6840 6840
3976 CONNECTION 102 466 300 3420 5520 5520
3977 CONNECTION 102 250 300 4080 6180 6180
3978 CONNECTION 102 6 300 4140 6240 6240
3979 CONNECTION 102 497 300 5940 8040 8040
3980 CONNECTION 102 550 300 4620 6720 6720
3981 CONNECTION 102 581 300 7140 9240 9240
3982 CONNECTION 102 29 300 5820 7920 7920
3983 CONNECTION 248 249 -1 -1 1500 1500
3984 CONNECTION 248 142 -1 -1 2820 2820
3985 CONNECTION 248 304 -1 -1 2460 2460
3986 CONNECTION 248 81 -1 -1 4080 4080
3987 CONNECTION 248 274 -1 -1 4020 4020
3988 CONNECTION 248 377 -1 -1 3660 3660
3989 CONNECTION 248 674 300 3000 5100 5100
3990 CONNECTION 248 347 300 3120 5220 5220
3991 CONNECTION 248 496 300 2760 4860 4860
3992 CONNECTION 248 104 300 3300 5400 5400
3993 CONNECTION 248 467 300 4320 6420 6420
3994 CONNECTION 248 580 300 3960 6060 6060
3995 CONNECTION 248 404 300 5580 7680 7680
3996 CONNECTION 248 669 300 5580 7680 7680
3997 CONNECTION 248 59 300 5160 7260 7260
3998 CONNECTION 248 551 300 5520 7620 7620
3999 SINK 248 0 -1 -1 0 0
4000 CONNECTION 327 328 -1 -1 3180 3180
4001 CONNECTION 327 446 -1 -1 4080 4080
4002 CONNECTION 327 668 -1 -1 3900 3900
4003 CONNECTION 327 209 -1 -1 5880 5880
4004 CONNECTION 327 82 300 2520 4620 4620
4005 CONNECTION 327 603 300 4680 6780 6780
4006 CONNECTION 327 653 300 4680 6780 6780
4007 CONNECTION 327 518 300 3300 5400 5400
4008 CONNECTION 327 679 300 5580 7680 7680
4009 CONNECTION 327 229 300 5400 7500 7500
4010 CONNECTION 327 532 300 7380 9480 9480
4011 CONNECTION 327 405 300 6120 8220 8220
4012 CONNECTION 327 670 300 6120 8220 8220
4013 CONNECTION 627 628 -1 -1 3300 3300
4014 CONNECTION 627 328 -1 -1 4200 4200
4015 CONNECTION 627 194 -1 -1 2820 2820
4016 CONNECTION 627 446 -1 -1 5100 5100
4017 CONNECTION 627 668 300 2820 4920 4920
4018 CONNECTION 627 209 300 4800 6900 6900
4019 CONNECTION 627 82 300 3540 5640 5640
4020 CONNECTION 627 603 300 5700 7800 7800
4021 CONNECTION 627 653 300 5700 7800 7800
4022 CONNECTION 627 518 300 4320 6420 6420
4023 CONNECTION 627 679 300 6600 8700 8700
4024 CONNECTION 627 229 300 6420 8520 8520
4025 CONNECTION 170 171 -1 -1 1140 1140
4026 CONNECTION 170 142 -1 -1 2700 2700
4027 CONNECTION 170 304 -1 -1 2340 2340
4028 CONNECTION 170 81 -1 -1 3960 3960
4029 CONNECTION 170 274 -1 -1 3900 3900
4030 CONNECTION 170 377 -1 -1 3540 3540
4031 CONNECTION 170 674 300 2880 4980 4980
4032 CONNECTION 170 347 300 3000 5100 5100
4033 CONNECTION 170 496 300 2640 4740 4740
4034 CONNECTION 170 104 300 3180 5280 5280
4035 CONNECTION 170 467 300 4200 6300 6300
4036 CONNECTION 170 580 300 3840 5940 5940
4037 CONNECTION 170 404 300 5460 7560 7560
4038 CONNECTION 170 669 300 5460 7560 7560
4039 CONNECTION 170 59 300 5040 7140 7140
4040 CONNECTION 170 551 300 5400 7500 7500
4041 CONNECTION 170 252 300 6480 8580 8580
4042 SINK 170 0 -1 -1 0 0
4043 CONNECTION 401 402 -1 -1 1800 1800
4044 CONNECTION 401 328 -1 -1 3960 3960
4045 CONNECTION 401 194 -1 -1 2580 2580
4046 CONNECTION 401 446 -1 -1 4860 4860
4047 CONNECTION 401 668 -1 -1 4680 4680
4048 CONNECTION 401 209 300 4560 6660 6660
4049 CONNECTION 401 82 300 3300 5400 5400
4050 CONNECTION 401 603 300 5460 7560 7560
4051 CONNECTION 401 653 300 5460 7560 7560
4052 CONNECTION 401 518 300 4080 6180 6180
4053 CONNECTION 401 679 300 6360 8460 8460
4054 CONNECTION 401 229 300 6180 8280 8280
4055 CONNECTION 401 532 300 8160 10260 10260
4056 CONNECTION 657 658 -1 -1 1800 1800
4057 CONNECTION 657 328 -1 -1 3960 3960
4058 CONNECTION 657 194 -1 -1 2580 2580
4059 CONNECTION 657 446 -1 -1 4860 4860
4060 CONNECTION 657 668 -1 -1 4680 4680
4061 CONNECTION 657 209 300 4560 6660 6660
4062 CONNECTION 657 82 300 3300 5400 5400
4063 CONNECTION 657 603 300 5460 7560 7560
4064 CONNECTION 657 653 300 5460 7560 7560
4065 CONNECTION 657 518 300 4080 6180 6180
4066 CONNECTION 657 679 300 6360 8460 8460
4067 CONNECTION 657 229 300 6180 8280 8280
4068 CONNECTION 657 532 300 8160 10260 10260
4069 CONNECTION 80 666 -1 -1 1680 1680
4070 CONNECTION 80 494 -1 -1 2400 2400
4071 CONNECTION 80 578 -1 -1 3600 3600
4072 CONNECTION 80 57 300 2700 4800 4800
4073 CONNECTION 80 227 300 3180 5280 5280
4074 CONNECTION 80 173 300 3900 6000 6000
4075 CONNECTION 80 306 300 5100 7200 7200
4076 CONNECTION 272 273 -1 -1 1260 1260
4077 CONNECTION 272 305 -1 -1 3780 3780
4078 CONNECTION 272 346 -1 -1 2460 2460
4079 CONNECTION 272 378 -1 -1 4980 4980
4080 CONNECTION 272 466 -1 -1 3660 3660
4081 CONNECTION 272 250 300 2220 4320 4320
4082 CONNECTION 272 6 300 2280 4380 4380
4083 CONNECTION 272 497 300 4080 6180 6180
4084 CONNECTION 272 550 300 2760 4860 4860
4085 CONNECTION 272 581 300 5280 7380 7380
4086 CONNECTION 272 29 300 3960 6060 6060
4087 CONNECTION 272 60 300 6480 8580 8580
4088 CONNECTION 272 145 300 5160 7260 7260
4089 CONNECTION 272 690 300 5820 7920 7920
4090 CONNECTION 272 329 300 5880 7980 7980
4091 CONNECTION 302 303 -1 -1 1500 1500
4092 CONNECTION 302 548 -1 -1 1740 1740
4093 CONNECTION 302 376 -1 -1 2700 2700
4094 CONNECTION 302 667 -1 -1 3360 3360
4095 CONNECTION 302 27 -1 -1 2940 2940
4096 CONNECTION 302 208 -1 -1 4020 4020
4097 CONNECTION 302 495 -1 -1 3900 3900
4098 CONNECTION 302 103 -1 -1 3960 3960
4099 CONNECTION 302 403 -1 -1 3600 3600
4100 CONNECTION 302 659 -1 -1 3600 3600
4101 CONNECTION 302 143 300 2040 4140 4140
4102 CONNECTION 302 195 300 5460 7560 7560
4103 CONNECTION 302 579 300 3000 5100 5100
4104 CONNECTION 302 275 300 3240 5340 5340
4105 CONNECTION 302 58 300 4200 6300 6300
4106 CONNECTION 302 228 300 4860 6960 6960
4107 CONNECTION 302 348 300 4440 6540 6540
4108 CONNECTION 302 531 300 5520 7620 7620
4109 CONNECTION 302 174 300 5400 7500 7500
4110 CONNECTION 302 83 300 5100 7200 7200
4111 CONNECTION 302 427 300 5460 7560 7560
4112 CONNECTION 302 675 300 5460 7560 7560
4113 CONNECTION 302 468 300 5640 7740 7740
4114 CONNECTION 302 519 300 9060 11160 11160
4115 CONNECTION 424 425 -1 -1 1620 1620
4116 CONNECTION 424 142 -1 -1 2640 2640
4117 CONNECTION 424 304 -1 -1 2280 2280
4118 CONNECTION 424 81 -1 -1 3900 3900
4119 CONNECTION 424 274 -1 -1 3840 3840
4120 CONNECTION 424 377 -1 -1 3480 3480
4121 CONNECTION 424 674 300 2820 4920 4920
4122 CONNECTION 424 347 300 2940 5040 5040
4123 CONNECTION 424 496 300 2580 4680 4680
4124 CONNECTION 424 104 300 3120 5220 5220
4125 CONNECTION 424 467 300 4140 6240 6240
4126 CONNECTION 424 580 300 3780 5880 5880
4127 CONNECTION 424 404 300 5400 7500 7500
4128 CONNECTION 424 669 300 5400 7500 7500
4129 CONNECTION 424 59 300 4980 7080 7080
4130 CONNECTION 424 551 300 5340 7440 7440
4131 CONNECTION 424 252 300 6420 8520 8520
4132 SINK 424 0 -1 -1 0 0
4133 CONNECTION 663 664 -1 -1 1620 1620
4134 CONNECTION 663 142 -1 -1 2640 2640
4135 CONNECTION 663 304 -1 -1 2280 2280
4136 CONNECTION 663 81 -1 -1 3900 3900
4137 CONNECTION 663 274 -1 -1 3840 3840
4138 CONNECTION 663 377 -1 -1 3480 3480
4139 CONNECTION 663 674 300 2820 4920 4920
4140 CONNECTION 663 347 300 2940 5040 5040
4141 CONNECTION 663 496 300 2580 4680 4680
4142 CONNECTION 663 104 300 3120 5220 5220
4143 CONNECTION 663 467 300 4140 6240 6240
4144 CONNECTION 663 580 300 3780 5880 5880
4145 CONNECTION 663 404 300 5400 7500 7500
4146 CONNECTION 663 669 300 5400 7500 7500
4147 CONNECTION 663 59 300 4980 7080 7080
4148 CONNECTION 663 551 300 5340 7440 7440
4149 CONNECTION 663 252 300 6420 8520 8520
4150 SINK 663 0 -1 -1 0 0
4151 CONNECTION 577 549 -1 -1 3420 3420
4152 CONNECTION 577 28 -1 -1 4620 4620
4153 CONNECTION 577 144 300 3720 5820 5820
4154 CONNECTION 577 629 300 5700 7800 7800
4155 CONNECTION 577 276 300 4920 7020 7020
4156 CONNECTION 577 349 300 6120 8220 8220
4157 CONNECTION 577 469 300 7320 9420 9420
4158 CONNECTION 577 210 300 9300 11400 11400
4159 CONNECTION 55 56 -1 -1 2580 2580
4160 CONNECTION 55 672 -1 -1 1920 1920
4161 CONNECTION 55 601 -1 -1 1980 1980
4162 CONNECTION 55 651 -1 -1 1980 1980
4163 CONNECTION 55 172 -1 -1 3780 3780
4164 CONNECTION 55 273 -1 -1 2460 2460
4165 CONNECTION 55 305 -1 -1 4980 4980
4166 CONNECTION 55 346 -1 -1 3660 3660
4167 CONNECTION 55 378 300 4080 6180 6180
4168 CONNECTION 55 466 300 2760 4860 4860
4169 CONNECTION 55 250 300 3420 5520 5520
4170 CONNECTION 55 6 300 3480 5580 5580
4171 CONNECTION 55 497 300 5280 7380 7380
4172 CONNECTION 55 550 300 3960 6060 6060
4173 CONNECTION 55 581 300 6480 8580 8580
4174 CONNECTION 55 29 300 5160 7260 7260
4175 CONNECTION 121 122 -1 -1 1140 1140
4176 CONNECTION 121 447 300 2640 4740 4740
4177 CONNECTION 121 105 300 2760 4860 4860
4178 CONNECTION 121 251 300 3360 5460 5460
4179 CONNECTION 121 7 300 4620 6720 6720
4180 CONNECTION 547 548 -1 -1 1140 1140
4181 CONNECTION 547 376 -1 -1 2100 2100
4182 CONNECTION 547 667 -1 -1 2760 2760
4183 CONNECTION 547 27 -1 -1 2340 2340
4184 CONNECTION 547 208 -1 -1 3420 3420
4185 CONNECTION 547 495 -1 -1 3300 3300
4186 CONNECTION 547 103 -1 -1 3360 3360
4187 CONNECTION 547 403 -1 -1 3000 3000
4188 CONNECTION 547 659 -1 -1 3000 3000
4189 CONNECTION 547 143 -1 -1 3540 3540
4190 CONNECTION 547 195 -1 -1 6960 6960
4191 CONNECTION 547 579 300 2400 4500 4500
4192 CONNECTION 547 275 300 2640 4740 4740
4193 CONNECTION 547 58 300 3600 5700 5700
4194 CONNECTION 547 228 300 4260 6360 6360
4195 CONNECTION 547 348 300 3840 5940 5940
4196 CONNECTION 547 531 300 4920 7020 7020
4197 CONNECTION 547 174 300 4800 6900 6900
4198 CONNECTION 547 83 300 4500 6600 6600
4199 CONNECTION 547 427 300 4860 6960 6960
4200 CONNECTION 547 675 300 4860 6960 6960
4201 CONNECTION 547 468 300 5040 7140 7140
4202 CONNECTION 547 519 300 8460 10560 10560
4203 CONNECTION 547 307 300 6000 8100 8100
4204 CONNECTION 25 26 -1 -1 1500 1500
4205 CONNECTION 25 142 -1 -1 2700 2700
4206 CONNECTION 25 304 -1 -1 2340 2340
4207 CONNECTION 25 81 -1 -1 3960 3960
4208 CONNECTION 25 274 -1 -1 3900 3900
4209 CONNECTION 25 377 -1 -1 3540 3540
4210 CONNECTION 25 674 300 2880 4980 4980
4211 CONNECTION 25 347 300 3000 5100 5100
4212 CONNECTION 25 496 300 2640 4740 4740
4213 CONNECTION 25 104 300 3180 5280 5280
4214 CONNECTION 25 467 300 4200 6300 6300
4215 CONNECTION 25 580 300 3840 5940 5940
4216 CONNECTION 25 404 300 5460 7560 7560
4217 CONNECTION 25 669 300 5460 7560 7560
4218 CONNECTION 25 59 300 5040 7140 7140
4219 CONNECTION 25 551 300 5400 7500 7500
4220 CONNECTION 25 252 300 6480 8580 8580
4221 SINK 25 0 -1 -1 0 0
4222 CONNECTION 464 494 -1 -1 1860 1860
4223 CONNECTION 464 578 -1 -1 3060 3060
4224 CONNECTION 464 57 300 2160 4260 4260
4225 CONNECTION 464 227 300 2640 4740 4740
4226 CONNECTION 464 173 300 3360 5460 5460
4227 CONNECTION 464 306 300 4560 6660 6660
4228 CONNECTION 464 379 300 5760 7860 7860
4229 CONNECTION 445 446 -1 -1 2820 2820
4230 CONNECTION 445 668 -1 -1 2640 2640
4231 CONNECTION 445 209 -1 -1 4620 4620
4232 CONNECTION 445 82 -1 -1 3360 3360
4233 CONNECTION 445 603 -1 -1 5520 5520
4234 CONNECTION 445 653 -1 -1 5520 5520
4235 CONNECTION 445 518 -1 -1 4140 4140
4236 CONNECTION 445 679 300 4320 6420 6420
4237 CONNECTION 445 229 300 4140 6240 6240
4238 CONNECTION 445 532 300 6120 8220 8220
4239 CONNECTION 445 405 300 4860 6960 6960
4240 CONNECTION 445 670 300 4860 6960 6960
4241 CONNECTION 445 8 300 7020 9120 9120
4242 CONNECTION 445 616 300 5640 7740 7740
4243 CONNECTION 614 144 -1 -1 3480 3480
4244 CONNECTION 614 629 -1 -1 5460 5460
4245 CONNECTION 614 276 -1 -1 4680 4680
4246 CONNECTION 614 349 300 3780 5880 5880
4247 CONNECTION 614 469 300 4980 7080 7080
4248 CONNECTION 614 210 300 6960 9060 9060
4249 CONNECTION 614 553 300 6180 8280 8280
4250 CONNECTION 614 32 300 7380 9480 9480
4251 CONNECTION 226 81 -1 -1 2520 2520
4252 CONNECTION 226 274 -1 -1 2460 2460
4253 CONNECTION 226 377 -1 -1 2100 2100
4254 CONNECTION 226 674 -1 -1 3540 3540
4255 CONNECTION 226 347 -1 -1 3660 3660
4256 CONNECTION 226 496 -1 -1 3300 3300
4257 CONNECTION 226 104 -1 -1 3840 3840
4258 CONNECTION 226 467 300 2760 4860 4860
4259 CONNECTION 226 580 300 2400 4500 4500
4260 CONNECTION 226 404 300 4020 6120 6120
4261 CONNECTION 226 669 300 4020 6120 6120
4262 CONNECTION 226 59 300 3600 5700 5700
4263 CONNECTION 226 551 300 3960 6060 6060
4264 CONNECTION 226 252 300 5040 7140 7140
4265 CONNECTION 226 30 300 5160 7260 7260
4266 CONNECTION 226 175 300 4800 6900 6900
4267 CONNECTION 226 428 300 5340 7440 7440
4268 CONNECTION 226 676 300 5340 7440 7440
4269 CONNECTION 226 146 300 6360 8460 8460
4270 CONNECTION 226 308 300 6000 8100 8100
4271 SINK 226 0 -1 -1 0 0
4272 CONNECTION 303 304 -1 -1 1140 1140
4273 CONNECTION 303 81 -1 -1 2760 2760
4274 CONNECTION 303 274 -1 -1 2700 2700
4275 CONNECTION 303 377 -1 -1 2340 2340
4276 CONNECTION 303 674 -1 -1 3780 3780
4277 CONNECTION 303 347 -1 -1 3900 3900
4278 CONNECTION 303 496 -1 -1 3540 3540
4279 CONNECTION 303 104 -1 -1 4080 4080
4280 CONNECTION 303 467 300 3000 5100 5100
4281 CONNECTION 303 580 300 2640 4740 4740
4282 CONNECTION 303 404 300 4260 6360 6360
4283 CONNECTION 303 669 300 4260 6360 6360
4284 CONNECTION 303 59 300 3840 5940 5940
4285 CONNECTION 303 551 300 4200 6300 6300
4286 CONNECTION 303 252 300 5280 7380 7380
4287 CONNECTION 303 30 300 5400 7500 7500
4288 CONNECTION 303 175 300 5040 7140 7140
4289 CONNECTION 303 428 300 5580 7680 7680
4290 CONNECTION 303 676 300 5580 7680 7680
4291 SINK 303 0 -1 -1 0 0
4292 CONNECTION 345 346 -1 -1 1260 1260
4293 CONNECTION 345 378 -1 -1 3780 3780
4294 CONNECTION 345 466 -1 -1 2460 2460
4295 CONNECTION 345 250 -1 -1 3120 3120
4296 CONNECTION 345 6 -1 -1 3180 3180
4297 CONNECTION 345 497 -1 -1 4980 4980
4298 CONNECTION 345 550 -1 -1 3660 3660
4299 CONNECTION 345 581 300 4080 6180 6180
4300 CONNECTION 345 29 300 2760 4860 4860
4301 CONNECTION 345 60 300 5280 7380 7380
4302 CONNECTION 345 145 300 3960 6060 6060
4303 CONNECTION 345 690 300 4620 6720 6720
4304 CONNECTION 345 329 300 4680 6780 6780
4305 CONNECTION 345 176 300 6480 8580 8580
4306 CONNECTION 345 277 300 5160 7260 7260
4307 CONNECTION 375 376 -1 -1 1500 1500
4308 CONNECTION 375 667 -1 -1 2160 2160
4309 CONNECTION 375 27 -1 -1 1740 1740
4310 CONNECTION 375 208 -1 -1 2820 2820
4311 CONNECTION 375 495 -1 -1 2700 2700
4312 CONNECTION 375 103 -1 -1 2760 2760
4313 CONNECTION 375 403 -1 -1 2400 2400
4314 CONNECTION 375 659 -1 -1 2400 2400
4315 CONNECTION 375 143 -1 -1 2940 2940
4316 CONNECTION 375 195 -1 -1 6360 6360
4317 CONNECTION 375 579 -1 -1 3900 3900
4318 CONNECTION 375 275 300 2040 4140 4140
4319 CONNECTION 375 58 300 3000 5100 5100
4320 CONNECTION 375 228 300 3660 5760 5760
4321 CONNECTION 375 348 300 3240 5340 5340
4322 CONNECTION 375 531 300 4320 6420 6420
4323 CONNECTION 375 174 300 4200 6300 6300
4324 CONNECTION 375 83 300 3900 6000 6000
4325 CONNECTION 375 427 300 4260 6360 6360
4326 CONNECTION 375 675 300 4260 6360 6360
4327 CONNECTION 375 468 300 4440 6540 6540
4328 CONNECTION 375 519 300 7860 9960 9960
4329 CONNECTION 375 307 300 5400 7500 7500
4330 CONNECTION 375 552 300 5640 7740 7740
4331 CONNECTION 249 208 -1 -1 2340 2340
4332 CONNECTION 249 495 -1 -1 2220 2220
4333 CONNECTION 249 103 -1 -1 2280 2280
4334 CONNECTION 249 403 -1 -1 1920 1920
4335 CONNECTION 249 659 -1 -1 1920 1920
4336 CONNECTION 249 143 -1 -1 2460 2460
4337 CONNECTION 249 195 -1 -1 5880 5880
4338 CONNECTION 249 579 -1 -1 3420 3420
4339 CONNECTION 249 275 -1 -1 3660 3660
4340 CONNECTION 249 58 300 2520 4620 4620
4341 CONNECTION 249 228 300 3180 5280 5280
4342 CONNECTION 249 348 300 2760 4860 4860
4343 CONNECTION 249 531 300 3840 5940 5940
4344 CONNECTION 249 174 300 3720 5820 5820
4345 CONNECTION 249 83 300 3420 5520 5520
4346 CONNECTION 249 427 300 3780 5880 5880
4347 CONNECTION 249 675 300 3780 5880 5880
4348 CONNECTION 249 468 300 3960 6060 6060
4349 CONNECTION 249 519 300 7380 9480 9480
4350 CONNECTION 249 307 300 4920 7020 7020
4351 CONNECTION 249 552 300 5160 7260 7260
4352 CONNECTION 249 380 300 6120 8220 8220
4353 CONNECTION 56 28 -1 -1 3420 3420
4354 CONNECTION 56 144 -1 -1 4620 4620
4355 CONNECTION 56 629 -1 -1 6600 6600
4356 CONNECTION 56 276 300 3720 5820 5820
4357 CONNECTION 56 349 300 4920 7020 7020
4358 CONNECTION 56 469 300 6120 8220 8220
4359 CONNECTION 56 210 300 8100 10200 10200
4360 CONNECTION 56 553 300 7320 9420 9420
4361 CONNECTION 26 27 -1 -1 1140 1140
4362 CONNECTION 26 208 -1 -1 2220 2220
4363 CONNECTION 26 495 -1 -1 2100 2100
4364 CONNECTION 26 103 -1 -1 2160 2160
4365 CONNECTION 26 403 -1 -1 1800 1800
4366 CONNECTION 26 659 -1 -1 1800 1800
4367 CONNECTION 26 143 -1 -1 2340 2340
4368 CONNECTION 26 195 -1 -1 5760 5760
4369 CONNECTION 26 579 -1 -1 3300 3300
4370 CONNECTION 26 275 -1 -1 3540 3540
4371 CONNECTION 26 58 300 2400 4500 4500
4372 CONNECTION 26 228 300 3060 5160 5160
4373 CONNECTION 26 348 300 2640 4740 4740
4374 CONNECTION 26 531 300 3720 5820 5820
4375 CONNECTION 26 174 300 3600 5700 5700
4376 CONNECTION 26 83 300 3300 5400 5400
4377 CONNECTION 26 427 300 3660 5760 5760
4378 CONNECTION 26 675 300 3660 5760 5760
4379 CONNECTION 26 468 300 3840 5940 5940
4380 CONNECTION 26 519 300 7260 9360 9360
4381 CONNECTION 26 307 300 4800 6900 6900
4382 CONNECTION 26 552 300 5040 7140 7140
4383 CONNECTION 26 380 300 6000 8100 8100
4384 CONNECTION 26 685 300 6660 8760 8760
4385 CONNECTION 171 172 -1 -1 2580 2580
4386 CONNECTION 171 305 -1 -1 3780 3780
4387 CONNECTION 171 346 -1 -1 2460 2460
4388 CONNECTION 171 378 -1 -1 4980 4980
4389 CONNECTION 171 466 -1 -1 3660 3660
4390 CONNECTION 171 250 300 2220 4320 4320
4391 CONNECTION 171 6 300 2280 4380 4380
4392 CONNECTION 171 497 300 4080 6180 6180
4393 CONNECTION 171 550 300 2760 4860 4860
4394 CONNECTION 171 581 300 5280 7380 7380
4395 CONNECTION 171 29 300 3960 6060 6060
4396 CONNECTION 171 60 300 6480 8580 8580
4397 CONNECTION 171 145 300 5160 7260 7260
4398 CONNECTION 171 690 300 5820 7920 7920
4399 CONNECTION 171 329 300 5880 7980 7980
4400 CONNECTION 141 142 -1 -1 1500 1500
4401 CONNECTION 141 81 -1 -1 2760 2760
4402 CONNECTION 141 274 -1 -1 2700 2700
4403 CONNECTION 141 377 -1 -1 2340 2340
4404 CONNECTION 141 674 -1 -1 3780 3780
4405 CONNECTION 141 347 -1 -1 3900 3900
4406 CONNECTION 141 496 -1 -1 3540 3540
4407 CONNECTION 141 104 -1 -1 4080 4080
4408 CONNECTION 141 467 300 3000 5100 5100
4409 CONNECTION 141 580 300 2640 4740 4740
4410 CONNECTION 141 404 300 4260 6360 6360
4411 CONNECTION 141 669 300 4260 6360 6360
4412 CONNECTION 141 59 300 3840 5940 5940
4413 CONNECTION 141 551 300 4200 6300 6300
4414 CONNECTION 141 252 300 5280 7380 7380
4415 CONNECTION 141 30 300 5400 7500 7500
4416 CONNECTION 141 175 300 5040 7140 7140
4417 CONNECTION 141 428 300 5580 7680 7680
4418 CONNECTION 141 676 300 5580 7680 7680
4419 SINK 141 0 -1 -1 0 0
4420 CONNECTION 425 426 -1 -1 1200 1200
4421 CONNECTION 425 447 300 2580 4680 4680
4422 CONNECTION 425 105 300 2700 4800 4800
4423 CONNECTION 425 251 300 3300 5400 5400
4424 CONNECTION 425 7 300 4560 6660 6660
4425 CONNECTION 664 665 -1 -1 1200 1200
4426 CONNECTION 664 447 300 2580 4680 4680
4427 CONNECTION 664 105 300 2700 4800 4800
4428 CONNECTION 664 251 300 3300 5400 5400
4429 CONNECTION 664 7 300 4560 6660 6660
4430 CONNECTION 628 615 -1 -1 5040 5040
4431 CONNECTION 628 123 300 4080 6180 6180
4432 CONNECTION 628 196 300 6540 8640 8640
4433 CONNECTION 628 448 300 7680 9780 9780
4434 CONNECTION 666 667 -1 -1 1680 1680
4435 CONNECTION 666 208 -1 -1 2340 2340
4436 CONNECTION 666 495 -1 -1 2220 2220
4437 CONNECTION 666 103 -1 -1 2280 2280
4438 CONNECTION 666 403 -1 -1 1920 1920
4439 CONNECTION 666 659 -1 -1 1920 1920
4440 CONNECTION 666 143 -1 -1 2460 2460
4441 CONNECTION 666 195 -1 -1 5880 5880
4442 CONNECTION 666 579 -1 -1 3420 3420
4443 CONNECTION 666 275 -1 -1 3660 3660
4444 CONNECTION 666 58 300 2520 4620 4620
4445 CONNECTION 666 228 300 3180 5280 5280
4446 CONNECTION 666 348 300 2760 4860 4860
4447 CONNECTION 666 531 300 3840 5940 5940
4448 CONNECTION 666 174 300 3720 5820 5820
4449 CONNECTION 666 83 300 3420 5520 5520
4450 CONNECTION 666 427 300 3780 5880 5880
4451 CONNECTION 666 675 300 3780 5880 5880
4452 CONNECTION 666 468 300 3960 6060 6060
4453 CONNECTION 666 519 300 7380 9480 9480
4454 CONNECTION 666 307 300 4920 7020 7020
4455 CONNECTION 666 552 300 5160 7260 7260
4456 CONNECTION 666 380 300 6120 8220 8220
4457 CONNECTION 548 578 -1 -1 1860 1860
4458 CONNECTION 548 57 -1 -1 3060 3060
4459 CONNECTION 548 227 -1 -1 3540 3540
4460 CONNECTION 548 173 300 2160 4260 4260
4461 CONNECTION 548 306 300 3360 5460 5460
4462 CONNECTION 548 379 300 4560 6660 6660
4463 CONNECTION 548 684 300 5040 7140 7140
4464 CONNECTION 548 498 300 5760 7860 7860
4465 CONNECTION 402 403 -1 -1 1140 1140
4466 CONNECTION 402 143 -1 -1 1680 1680
4467 CONNECTION 402 195 -1 -1 5100 5100
4468 CONNECTION 402 579 -1 -1 2640 2640
4469 CONNECTION 402 275 -1 -1 2880 2880
4470 CONNECTION 402 58 -1 -1 3840 3840
4471 CONNECTION 402 228 -1 -1 4500 4500
4472 CONNECTION 402 348 300 1980 4080 4080
4473 CONNECTION 402 531 300 3060 5160 5160
4474 CONNECTION 402 174 300 2940 5040 5040
4475 CONNECTION 402 83 300 2640 4740 4740
4476 CONNECTION 402 427 300 3000 5100 5100
4477 CONNECTION 402 675 300 3000 5100 5100
4478 CONNECTION 402 468 300 3180 5280 5280
4479 CONNECTION 402 519 300 6600 8700 8700
4480 CONNECTION 402 307 300 4140 6240 6240
4481 CONNECTION 402 552 300 4380 6480 6480
4482 CONNECTION 402 380 300 5340 7440 7440
4483 CONNECTION 402 685 300 6000 8100 8100
4484 CONNECTION 402 31 300 5580 7680 7680
4485 CONNECTION 402 630 300 6660 8760 8760
4486 CONNECTION 658 659 -1 -1 1140 1140
4487 CONNECTION 658 143 -1 -1 1680 1680
4488 CONNECTION 658 195 -1 -1 5100 5100
4489 CONNECTION 658 579 -1 -1 2640 2640
4490 CONNECTION 658 275 -1 -1 2880 2880
4491 CONNECTION 658 58 -1 -1 3840 3840
4492 CONNECTION 658 228 -1 -1 4500 4500
4493 CONNECTION 658 348 300 1980 4080 4080
4494 CONNECTION 658 531 300 3060 5160 5160
4495 CONNECTION 658 174 300 2940 5040 5040
4496 CONNECTION 658 83 300 2640 4740 4740
4497 CONNECTION 658 427 300 3000 5100 5100
4498 CONNECTION 658 675 300 3000 5100 5100
4499 CONNECTION 658 468 300 3180 5280 5280
4500 CONNECTION 658 519 300 6600 8700 8700
4501 CONNECTION 658 307 300 4140 6240 6240
4502 CONNECTION 658 552 300 4380 6480 6480
4503 CONNECTION 658 380 300 5340 7440 7440
4504 CONNECTION 658 685 300 6000 8100 8100
4505 CONNECTION 658 31 300 5580 7680 7680
4506 CONNECTION 658 630 300 6660 8760 8760
4507 CONNECTION 672 673 -1 -1 1620 1620
4508 CONNECTION 672 447 300 2400 4500 4500
4509 CONNECTION 672 105 300 2520 4620 4620
4510 CONNECTION 672 251 300 3120 5220 5220
4511 CONNECTION 672 7 300 4380 6480 6480
4512 CONNECTION 672 680 300 6000 8100 8100
4513 CONNECTION 672 429 300 6120 8220 8220
4514 CONNECTION 672 677 300 6120 8220 8220
4515 CONNECTION 601 602 -1 -1 2820 2820
4516 CONNECTION 601 447 300 2340 4440 4440
4517 CONNECTION 601 105 300 2460 4560 4560
4518 CONNECTION 601 251 300 3060 5160 5160
4519 CONNECTION 601 7 300 4320 6420 6420
4520 CONNECTION 601 680 300 5940 8040 8040
4521 CONNECTION 601 429 300 6060 8160 8160
4522 CONNECTION 601 677 300 6060 8160 8160
4523 CONNECTION 651 652 -1 -1 2820 2820
4524 CONNECTION 651 447 300 2340 4440 4440
4525 CONNECTION 651 105 300 2460 4560 4560
4526 CONNECTION 651 251 300 3060 5160 5160
4527 CONNECTION 651 7 300 4320 6420 6420
4528 CONNECTION 651 680 300 5940 8040 8040
4529 CONNECTION 651 429 300 6060 8160 8160
4530 CONNECTION 651 677 300 6060 8160 8160
4531 CONNECTION 376 377 -1 -1 1140 1140
4532 CONNECTION 376 674 -1 -1 2580 2580
4533 CONNECTION 376 347 -1 -1 2700 2700
4534 CONNECTION 376 496 -1 -1 2340 2340
4535 CONNECTION 376 104 -1 -1 2880 2880
4536 CONNECTION 376 467 -1 -1 3900 3900
4537 CONNECTION 376 580 -1 -1 3540 3540
4538 CONNECTION 376 404 300 3060 5160 5160
4539 CONNECTION 376 669 300 3060 5160 5160
4540 CONNECTION 376 59 300 2640 4740 4740
4541 CONNECTION 376 551 300 3000 5100 5100
4542 CONNECTION 376 252 300 4080 6180 6180
4543 CONNECTION 376 30 300 4200 6300 6300
4544 CONNECTION 376 175 300 3840 5940 5940
4545 CONNECTION 376 428 300 4380 6480 6480
4546 CONNECTION 376 676 300 4380 6480 6480
4547 CONNECTION 376 146 300 5400 7500 7500
4548 CONNECTION 376 308 300 5040 7140 7140
4549 CONNECTION 376 84 300 6660 8760 8760
4550 SINK 376 0 -1 -1 0 0
4551 CONNECTION 465 466 -1 -1 1260 1260
4552 CONNECTION 465 250 -1 -1 1920 1920
4553 CONNECTION 465 6 -1 -1 1980 1980
4554 CONNECTION 465 497 -1 -1 3780 3780
4555 CONNECTION 465 550 -1 -1 2460 2460
4556 CONNECTION 465 581 -1 -1 4980 4980
4557 CONNECTION 465 29 -1 -1 3660 3660
4558 CONNECTION 465 60 300 4080 6180 6180
4559 CONNECTION 465 145 300 2760 4860 4860
4560 CONNECTION 465 690 300 3420 5520 5520
4561 CONNECTION 465 329 300 3480 5580 5580
4562 CONNECTION 465 176 300 5280 7380 7380
4563 CONNECTION 465 277 300 3960 6060 6060
4564 CONNECTION 465 309 300 6480 8580 8580
4565 CONNECTION 465 350 300 5160 7260 7260
4566 CONNECTION 494 495 -1 -1 1500 1500
4567 CONNECTION 494 143 -1 -1 1740 1740
4568 CONNECTION 494 195 -1 -1 5160 5160
4569 CONNECTION 494 579 -1 -1 2700 2700
4570 CONNECTION 494 275 -1 -1 2940 2940
4571 CONNECTION 494 58 -1 -1 3900 3900
4572 CONNECTION 494 228 -1 -1 4560 4560
4573 CONNECTION 494 348 300 2040 4140 4140
4574 CONNECTION 494 531 300 3120 5220 5220
4575 CONNECTION 494 174 300 3000 5100 5100
4576 CONNECTION 494 83 300 2700 4800 4800
4577 CONNECTION 494 427 300 3060 5160 5160
4578 CONNECTION 494 675 300 3060 5160 5160
4579 CONNECTION 494 468 300 3240 5340 5340
4580 CONNECTION 494 519 300 6660 8760 8760
4581 CONNECTION 494 307 300 4200 6300 6300
4582 CONNECTION 494 552 300 4440 6540 6540
4583 CONNECTION 494 380 300 5400 7500 7500
4584 CONNECTION 494 685 300 6060 8160 8160
4585 CONNECTION 494 31 300 5640 7740 7740
4586 CONNECTION 172 144 -1 -1 3420 3420
4587 CONNECTION 172 629 -1 -1 5400 5400
4588 CONNECTION 172 276 -1 -1 4620 4620
4589 CONNECTION 172 349 300 3720 5820 5820
4590 CONNECTION 172 469 300 4920 7020 7020
4591 CONNECTION 172 210 300 6900 9000 9000
4592 CONNECTION 172 553 300 6120 8220 8220
4593 CONNECTION 172 32 300 7320 9420 9420
4594 CONNECTION 328 615 -1 -1 4140 4140
4595 CONNECTION 328 123 -1 -1 5280 5280
4596 CONNECTION 328 196 300 5640 7740 7740
4597 CONNECTION 328 448 300 6780 8880 8880
4598 CONNECTION 142 143 -1 -1 1140 1140
4599 CONNECTION 142 579 -1 -1 2100 2100
4600 CONNECTION 142 275 -1 -1 2340 2340
4601 CONNECTION 142 58 -1 -1 3300 3300
4602 CONNECTION 142 228 -1 -1 3960 3960
4603 CONNECTION 142 348 -1 -1 3540 3540
4604 CONNECTION 142 531 300 2520 4620 4620
4605 CONNECTION 142 174 300 2400 4500 4500
4606 CONNECTION 142 83 300 2100 4200 4200
4607 CONNECTION 142 427 300 2460 4560 4560
4608 CONNECTION 142 675 300 2460 4560 4560
4609 CONNECTION 142 468 300 2640 4740 4740
4610 CONNECTION 142 519 300 6060 8160 8160
4611 CONNECTION 142 307 300 3600 5700 5700
4612 CONNECTION 142 552 300 3840 5940 5940
4613 CONNECTION 142 380 300 4800 6900 6900
4614 CONNECTION 142 685 300 5460 7560 7560
4615 CONNECTION 142 31 300 5040 7140 7140
4616 CONNECTION 142 630 300 6120 8220 8220
4617 CONNECTION 142 499 300 6000 8100 8100
4618 CONNECTION 142 106 300 6060 8160 8160
4619 CONNECTION 142 406 300 5700 7800 7800
4620 CONNECTION 142 671 300 5700 7800 7800
4621 CONNECTION 304 305 -1 -1 2580 2580
4622 CONNECTION 304 378 -1 -1 3780 3780
4623 CONNECTION 304 466 -1 -1 2460 2460
4624 CONNECTION 304 250 -1 -1 3120 3120
4625 CONNECTION 304 6 -1 -1 3180 3180
4626 CONNECTION 304 497 -1 -1 4980 4980
4627 CONNECTION 304 550 -1 -1 3660 3660
4628 CONNECTION 304 581 300 4080 6180 6180
4629 CONNECTION 304 29 300 2760 4860 4860
4630 CONNECTION 304 60 300 5280 7380 7380
4631 CONNECTION 304 145 300 3960 6060 6060
4632 CONNECTION 304 690 300 4620 6720 6720
4633 CONNECTION 304 329 300 4680 6780 6780
4634 CONNECTION 304 176 300 6480 8580 8580
4635 CONNECTION 304 277 300 5160 7260 7260
4636 CONNECTION 530 531 -1 -1 1800 1800
4637 CONNECTION 530 468 -1 -1 1920 1920
4638 CONNECTION 530 519 -1 -1 5340 5340
4639 CONNECTION 530 307 -1 -1 2880 2880
4640 CONNECTION 530 552 -1 -1 3120 3120
4641 CONNECTION 530 380 -1 -1 4080 4080
4642 CONNECTION 530 685 300 2640 4740 4740
4643 CONNECTION 530 31 300 2220 4320 4320
4644 CONNECTION 530 630 300 3300 5400 5400
4645 CONNECTION 530 499 300 3180 5280 5280
4646 CONNECTION 530 106 300 3240 5340 5340
4647 CONNECTION 530 406 300 2880 4980 4980
4648 CONNECTION 530 671 300 2880 4980 4980
4649 CONNECTION 530 147 300 3420 5520 5520
4650 CONNECTION 530 617 300 6840 8940 8940
4651 CONNECTION 530 583 300 4380 6480 6480
4652 CONNECTION 530 279 300 4620 6720 6720
4653 CONNECTION 530 62 300 5580 7680 7680
4654 CONNECTION 530 231 300 6240 8340 8340
4655 CONNECTION 530 352 300 5820 7920 7920
4656 CONNECTION 194 195 -1 -1 4320 4320
4657 CONNECTION 194 275 -1 -1 2100 2100
4658 CONNECTION 194 58 -1 -1 3060 3060
4659 CONNECTION 194 228 -1 -1 3720 3720
4660 CONNECTION 194 348 -1 -1 3300 3300
4661 CONNECTION 194 531 -1 -1 4380 4380
4662 CONNECTION 194 174 -1 -1 4260 4260
4663 CONNECTION 194 83 -1 -1 3960 3960
4664 CONNECTION 194 427 -1 -1 4320 4320
4665 CONNECTION 194 675 -1 -1 4320 4320
4666 CONNECTION 194 468 300 2400 4500 4500
4667 CONNECTION 194 519 300 5820 7920 7920
4668 CONNECTION 194 307 300 3360 5460 5460
4669 CONNECTION 194 552 300 3600 5700 5700
4670 CONNECTION 194 380 300 4560 6660 6660
4671 CONNECTION 194 685 300 5220 7320 7320
4672 CONNECTION 194 31 300 4800 6900 6900
4673 CONNECTION 194 630 300 5880 7980 7980
4674 CONNECTION 194 499 300 5760 7860 7860
4675 CONNECTION 194 106 300 5820 7920 7920
4676 CONNECTION 194 406 300 5460 7560 7560
4677 CONNECTION 194 671 300 5460 7560 7560
4678 CONNECTION 194 147 300 6000 8100 8100
4679 CONNECTION 273 274 -1 -1 1500 1500
4680 CONNECTION 273 674 -1 -1 2580 2580
4681 CONNECTION 273 347 -1 -1 2700 2700
4682 CONNECTION 273 496 -1 -1 2340 2340
4683 CONNECTION 273 104 -1 -1 2880 2880
4684 CONNECTION 273 467 -1 -1 3900 3900
4685 CONNECTION 273 580 -1 -1 3540 3540
4686 CONNECTION 273 404 300 3060 5160 5160
4687 CONNECTION 273 669 300 3060 5160 5160
4688 CONNECTION 273 59 300 2640 4740 4740
4689 CONNECTION 273 551 300 3000 5100 5100
4690 CONNECTION 273 252 300 4080 6180 6180
4691 CONNECTION 273 30 300 4200 6300 6300
4692 CONNECTION 273 175 300 3840 5940 5940
4693 CONNECTION 273 428 300 4380 6480 6480
4694 CONNECTION 273 676 300 4380 6480 6480
4695 CONNECTION 273 146 300 5400 7500 7500
4696 CONNECTION 273 308 300 5040 7140 7140
4697 CONNECTION 273 84 300 6660 8760 8760
4698 SINK 273 0 -1 -1 0 0
4699 CONNECTION 667 668 -1 -1 1980 1980
4700 CONNECTION 667 209 -1 -1 3960 3960
4701 CONNECTION 667 82 -1 -1 2700 2700
4702 CONNECTION 667 603 -1 -1 4860 4860
4703 CONNECTION 667 653 -1 -1 4860 4860
4704 CONNECTION 667 518 -1 -1 3480 3480
4705 CONNECTION 667 679 300 3660 5760 5760
4706 CONNECTION 667 229 300 3480 5580 5580
4707 CONNECTION 667 532 300 5460 7560 7560
4708 CONNECTION 667 405 300 4200 6300 6300
4709 CONNECTION 667 670 300 4200 6300 6300
4710 CONNECTION 667 8 300 6360 8460 8460
4711 CONNECTION 667 616 300 4980 7080 7080
4712 CONNECTION 667 124 300 7260 9360 9360
4713 CONNECTION 27 57 -1 -1 1860 1860
4714 CONNECTION 27 227 -1 -1 2340 2340
4715 CONNECTION 27 173 -1 -1 3060 3060
4716 CONNECTION 27 306 300 2160 4260 4260
4717 CONNECTION 27 379 300 3360 5460 5460
4718 CONNECTION 27 684 300 3840 5940 5940
4719 CONNECTION 27 498 300 4560 6660 6660
4720 CONNECTION 27 582 300 5760 7860 7860
4721 CONNECTION 122 378 -1 -1 3360 3360
4722 CONNECTION 122 466 -1 -1 2040 2040
4723 CONNECTION 122 250 -1 -1 2700 2700
4724 CONNECTION 122 6 -1 -1 2760 2760
4725 CONNECTION 122 497 -1 -1 4560 4560
4726 CONNECTION 122 550 -1 -1 3240 3240
4727 CONNECTION 122 581 300 3660 5760 5760
4728 CONNECTION 122 29 300 2340 4440 4440
4729 CONNECTION 122 60 300 4860 6960 6960
4730 CONNECTION 122 145 300 3540 5640 5640
4731 CONNECTION 122 690 300 4200 6300 6300
4732 CONNECTION 122 329 300 4260 6360 6360
4733 CONNECTION 122 176 300 6060 8160 8160
4734 CONNECTION 122 277 300 4740 6840 6840
4735 CONNECTION 122 309 300 7260 9360 9360
4736 CONNECTION 122 350 300 5940 8040 8040
4737 CONNECTION 517 518 -1 -1 1680 1680
4738 CONNECTION 517 679 -1 -1 3960 3960
4739 CONNECTION 517 229 -1 -1 3780 3780
4740 CONNECTION 517 532 -1 -1 5760 5760
4741 CONNECTION 517 405 -1 -1 4500 4500
4742 CONNECTION 517 670 -1 -1 4500 4500
4743 CONNECTION 517 8 300 4560 6660 6660
4744 CONNECTION 517 616 300 3180 5280 5280
4745 CONNECTION 517 124 300 5460 7560 7560
4746 CONNECTION 517 686 300 5280 7380 7380
4747 CONNECTION 517 631 300 7260 9360 9360
4748 CONNECTION 517 85 300 6000 8100 8100
4749 CONNECTION 517 331 300 8160 10260 10260
4750 CONNECTION 426 378 -1 -1 3240 3240
4751 CONNECTION 426 466 -1 -1 1920 1920
4752 CONNECTION 426 250 -1 -1 2580 2580
4753 CONNECTION 426 6 -1 -1 2640 2640
4754 CONNECTION 426 497 -1 -1 4440 4440
4755 CONNECTION 426 550 -1 -1 3120 3120
4756 CONNECTION 426 581 300 3540 5640 5640
4757 CONNECTION 426 29 300 2220 4320 4320
4758 CONNECTION 426 60 300 4740 6840 6840
4759 CONNECTION 426 145 300 3420 5520 5520
4760 CONNECTION 426 690 300 4080 6180 6180
4761 CONNECTION 426 329 300 4140 6240 6240
4762 CONNECTION 426 176 300 5940 8040 8040
4763 CONNECTION 426 277 300 4620 6720 6720
4764 CONNECTION 426 309 300 7140 9240 9240
4765 CONNECTION 426 350 300 5820 7920 7920
4766 CONNECTION 665 378 -1 -1 3240 3240
4767 CONNECTION 665 466 -1 -1 1920 1920
4768 CONNECTION 665 250 -1 -1 2580 2580
4769 CONNECTION 665 6 -1 -1 2640 2640
4770 CONNECTION 665 497 -1 -1 4440 4440
4771 CONNECTION 665 550 -1 -1 3120 3120
4772 CONNECTION 665 581 300 3540 5640 5640
4773 CONNECTION 665 29 300 2220 4320 4320
4774 CONNECTION 665 60 300 4740 6840 6840
4775 CONNECTION 665 145 300 3420 5520 5520
4776 CONNECTION 665 690 300 4080 6180 6180
4777 CONNECTION 665 329 300 4140 6240 6240
4778 CONNECTION 665 176 300 5940 8040 8040
4779 CONNECTION 665 277 300 4620 6720 6720
4780 CONNECTION 665 309 300 7140 9240 9240
4781 CONNECTION 665 350 300 5820 7920 7920
4782 CONNECTION 673 674 -1 -1 1500 1500
4783 CONNECTION 673 467 -1 -1 2820 2820
4784 CONNECTION 673 580 -1 -1 2460 2460
4785 CONNECTION 673 404 -1 -1 4080 4080
4786 CONNECTION 673 669 -1 -1 4080 4080
4787 CONNECTION 673 59 -1 -1 3660 3660
4788 CONNECTION 673 551 -1 -1 4020 4020
4789 CONNECTION 673 252 300 3000 5100 5100
4790 CONNECTION 673 30 300 3120 5220 5220
4791 CONNECTION 673 175 300 2760 4860 4860
4792 CONNECTION 673 428 300 3300 5400 5400
4793 CONNECTION 673 676 300 3300 5400 5400
4794 CONNECTION 673 146 300 4320 6420 6420
4795 CONNECTION 673 308 300 3960 6060 6060
4796 CONNECTION 673 84 300 5580 7680 7680
4797 CONNECTION 673 278 300 5520 7620 7620
4798 CONNECTION 673 381 300 5160 7260 7260
4799 SINK 673 0 -1 -1 0 0
4800 CONNECTION 602 603 -1 -1 3180 3180
4801 CONNECTION 602 679 -1 -1 4080 4080
4802 CONNECTION 602 229 -1 -1 3900 3900
4803 CONNECTION 602 532 -1 -1 5880 5880
4804 CONNECTION 602 405 300 2520 4620 4620
4805 CONNECTION 602 670 300 2520 4620 4620
4806 CONNECTION 602 8 300 4680 6780 6780
4807 CONNECTION 602 616 300 3300 5400 5400
4808 CONNECTION 602 124 300 5580 7680 7680
4809 CONNECTION 602 686 300 5400 7500 7500
4810 CONNECTION 602 631 300 7380 9480 9480
4811 CONNECTION 602 85 300 6120 8220 8220
4812 CONNECTION 652 653 -1 -1 3180 3180
4813 CONNECTION 652 679 -1 -1 4080 4080
4814 CONNECTION 652 229 -1 -1 3900 3900
4815 CONNECTION 652 532 -1 -1 5880 5880
4816 CONNECTION 652 405 300 2520 4620 4620
4817 CONNECTION 652 670 300 2520 4620 4620
4818 CONNECTION 652 8 300 4680 6780 6780
4819 CONNECTION 652 616 300 3300 5400 5400
4820 CONNECTION 652 124 300 5580 7680 7680
4821 CONNECTION 652 686 300 5400 7500 7500
4822 CONNECTION 652 631 300 7380 9480 9480
4823 CONNECTION 652 85 300 6120 8220 8220
4824 CONNECTION 208 209 -1 -1 3300 3300
4825 CONNECTION 208 603 -1 -1 4200 4200
4826 CONNECTION 208 653 -1 -1 4200 4200
4827 CONNECTION 208 518 -1 -1 2820 2820
4828 CONNECTION 208 679 -1 -1 5100 5100
4829 CONNECTION 208 229 300 2820 4920 4920
4830 CONNECTION 208 532 300 4800 6900 6900
4831 CONNECTION 208 405 300 3540 5640 5640
4832 CONNECTION 208 670 300 3540 5640 5640
4833 CONNECTION 208 8 300 5700 7800 7800
4834 CONNECTION 208 616 300 4320 6420 6420
4835 CONNECTION 208 124 300 6600 8700 8700
4836 CONNECTION 208 686 300 6420 8520 8520
4837 CONNECTION 81 82 -1 -1 1800 1800
4838 CONNECTION 81 603 -1 -1 3960 3960
4839 CONNECTION 81 653 -1 -1 3960 3960
4840 CONNECTION 81 518 -1 -1 2580 2580
4841 CONNECTION 81 679 -1 -1 4860 4860
4842 CONNECTION 81 229 -1 -1 4680 4680
4843 CONNECTION 81 532 300 4560 6660 6660
4844 CONNECTION 81 405 300 3300 5400 5400
4845 CONNECTION 81 670 300 3300 5400 5400
4846 CONNECTION 81 8 300 5460 7560 7560
4847 CONNECTION 81 616 300 4080 6180 6180
4848 CONNECTION 81 124 300 6360 8460 8460
4849 CONNECTION 81 686 300 6180 8280 8280
4850 CONNECTION 81 631 300 8160 10260 10260
4851 CONNECTION 495 496 -1 -1 1140 1140
4852 CONNECTION 495 467 -1 -1 2700 2700
4853 CONNECTION 495 580 -1 -1 2340 2340
4854 CONNECTION 495 404 -1 -1 3960 3960
4855 CONNECTION 495 669 -1 -1 3960 3960
4856 CONNECTION 495 59 -1 -1 3540 3540
4857 CONNECTION 495 551 -1 -1 3900 3900
4858 CONNECTION 495 252 300 2880 4980 4980
4859 CONNECTION 495 30 300 3000 5100 5100
4860 CONNECTION 495 175 300 2640 4740 4740
4861 CONNECTION 495 428 300 3180 5280 5280
4862 CONNECTION 495 676 300 3180 5280 5280
4863 CONNECTION 495 146 300 4200 6300 6300
4864 CONNECTION 495 308 300 3840 5940 5940
4865 CONNECTION 495 84 300 5460 7560 7560
4866 CONNECTION 495 278 300 5400 7500 7500
4867 CONNECTION 495 381 300 5040 7140 7140
4868 CONNECTION 495 692 300 6480 8580 8580
4869 SINK 495 0 -1 -1 0 0
4870 CONNECTION 103 104 -1 -1 1620 1620
4871 CONNECTION 103 467 -1 -1 2640 2640
4872 CONNECTION 103 580 -1 -1 2280 2280
4873 CONNECTION 103 404 -1 -1 3900 3900
4874 CONNECTION 103 669 -1 -1 3900 3900
4875 CONNECTION 103 59 -1 -1 3480 3480
4876 CONNECTION 103 551 -1 -1 3840 3840
4877 CONNECTION 103 252 300 2820 4920 4920
4878 CONNECTION 103 30 300 2940 5040 5040
4879 CONNECTION 103 175 300 2580 4680 4680
4880 CONNECTION 103 428 300 3120 5220 5220
4881 CONNECTION 103 676 300 3120 5220 5220
4882 CONNECTION 103 146 300 4140 6240 6240
4883 CONNECTION 103 308 300 3780 5880 5880
4884 CONNECTION 103 84 300 5400 7500 7500
4885 CONNECTION 103 278 300 5340 7440 7440
4886 CONNECTION 103 381 300 4980 7080 7080
4887 CONNECTION 103 692 300 6420 8520 8520
4888 SINK 103 0 -1 -1 0 0
4889 CONNECTION 403 227 -1 -1 1680 1680
4890 CONNECTION 403 173 -1 -1 2400 2400
4891 CONNECTION 403 306 -1 -1 3600 3600
4892 CONNECTION 403 379 300 2700 4800 4800
4893 CONNECTION 403 684 300 3180 5280 5280
4894 CONNECTION 403 498 300 3900 6000 6000
4895 CONNECTION 403 582 300 5100 7200 7200
4896 CONNECTION 549 550 -1 -1 1260 1260
4897 CONNECTION 549 581 -1 -1 3780 3780
4898 CONNECTION 549 29 -1 -1 2460 2460
4899 CONNECTION 549 60 -1 -1 4980 4980
4900 CONNECTION 549 145 -1 -1 3660 3660
4901 CONNECTION 549 690 300 2220 4320 4320
4902 CONNECTION 549 329 300 2280 4380 4380
4903 CONNECTION 549 176 300 4080 6180 6180
4904 CONNECTION 549 277 300 2760 4860 4860
4905 CONNECTION 549 309 300 5280 7380 7380
4906 CONNECTION 549 350 300 3960 6060 6060
4907 CONNECTION 549 382 300 6480 8580 8580
4908 CONNECTION 549 470 300 5160 7260 7260
4909 CONNECTION 549 253 300 5820 7920 7920
4910 CONNECTION 549 604 300 5880 7980 7980
4911 CONNECTION 549 681 300 5880 7980 7980
4912 CONNECTION 578 579 -1 -1 1500 1500
4913 CONNECTION 578 275 -1 -1 1740 1740
4914 CONNECTION 578 58 -1 -1 2700 2700
4915 CONNECTION 578 228 -1 -1 3360 3360
4916 CONNECTION 578 348 -1 -1 2940 2940
4917 CONNECTION 578 531 -1 -1 4020 4020
4918 CONNECTION 578 174 -1 -1 3900 3900
4919 CONNECTION 578 83 -1 -1 3600 3600
4920 CONNECTION 578 427 -1 -1 3960 3960
4921 CONNECTION 578 675 -1 -1 3960 3960
4922 CONNECTION 578 468 300 2040 4140 4140
4923 CONNECTION 578 519 300 5460 7560 7560
4924 CONNECTION 578 307 300 3000 5100 5100
4925 CONNECTION 578 552 300 3240 5340 5340
4926 CONNECTION 578 380 300 4200 6300 6300
4927 CONNECTION 578 685 300 4860 6960 6960
4928 CONNECTION 578 31 300 4440 6540 6540
4929 CONNECTION 578 630 300 5520 7620 7620
4930 CONNECTION 578 499 300 5400 7500 7500
4931 CONNECTION 578 106 300 5460 7560 7560
4932 CONNECTION 578 406 300 5100 7200 7200
4933 CONNECTION 578 671 300 5100 7200 7200
4934 CONNECTION 578 147 300 5640 7740 7740
4935 CONNECTION 578 617 300 9060 11160 11160
4936 CONNECTION 659 227 -1 -1 1680 1680
4937 CONNECTION 659 173 -1 -1 2400 2400
4938 CONNECTION 659 306 -1 -1 3600 3600
4939 CONNECTION 659 379 300 2700 4800 4800
4940 CONNECTION 659 684 300 3180 5280 5280
4941 CONNECTION 659 498 300 3900 6000 6000
4942 CONNECTION 659 582 300 5100 7200 7200
4943 CONNECTION 305 276 -1 -1 3420 3420
4944 CONNECTION 305 349 -1 -1 4620 4620
4945 CONNECTION 305 469 300 3720 5820 5820
4946 CONNECTION 305 210 300 5700 7800 7800
4947 CONNECTION 305 553 300 4920 7020 7020
4948 CONNECTION 305 32 300 6120 8220 8220
4949 CONNECTION 305 148 300 7320 9420 9420
4950 CONNECTION 305 533 300 9300 11400 11400
4951 CONNECTION 274 275 -1 -1 1140 1140
4952 CONNECTION 274 58 -1 -1 2100 2100
4953 CONNECTION 274 228 -1 -1 2760 2760
4954 CONNECTION 274 348 -1 -1 2340 2340
4955 CONNECTION 274 531 -1 -1 3420 3420
4956 CONNECTION 274 174 -1 -1 3300 3300
4957 CONNECTION 274 83 -1 -1 3000 3000
4958 CONNECTION 274 427 -1 -1 3360 3360
4959 CONNECTION 274 675 -1 -1 3360 3360
4960 CONNECTION 274 468 -1 -1 3540 3540
4961 CONNECTION 274 519 -1 -1 6960 6960
4962 CONNECTION 274 307 300 2400 4500 4500
4963 CONNECTION 274 552 300 2640 4740 4740
4964 CONNECTION 274 380 300 3600 5700 5700
4965 CONNECTION 274 685 300 4260 6360 6360
4966 CONNECTION 274 31 300 3840 5940 5940
4967 CONNECTION 274 630 300 4920 7020 7020
4968 CONNECTION 274 499 300 4800 6900 6900
4969 CONNECTION 274 106 300 4860 6960 6960
4970 CONNECTION 274 406 300 4500 6600 6600
4971 CONNECTION 274 671 300 4500 6600 6600
4972 CONNECTION 274 147 300 5040 7140 7140
4973 CONNECTION 274 617 300 8460 10560 10560
4974 CONNECTION 274 583 300 6000 8100 8100
4975 CONNECTION 377 378 -1 -1 2580 2580
4976 CONNECTION 377 250 -1 -1 1920 1920
4977 CONNECTION 377 6 -1 -1 1980 1980
4978 CONNECTION 377 497 -1 -1 3780 3780
4979 CONNECTION 377 550 -1 -1 2460 2460
4980 CONNECTION 377 581 -1 -1 4980 4980
4981 CONNECTION 377 29 -1 -1 3660 3660
4982 CONNECTION 377 60 300 4080 6180 6180
4983 CONNECTION 377 145 300 2760 4860 4860
4984 CONNECTION 377 690 300 3420 5520 5520
4985 CONNECTION 377 329 300 3480 5580 5580
4986 CONNECTION 377 176 300 5280 7380 7380
4987 CONNECTION 377 277 300 3960 6060 6060
4988 CONNECTION 377 309 300 6480 8580 8580
4989 CONNECTION 377 350 300 5160 7260 7260
4990 CONNECTION 446 447 -1 -1 1140 1140
4991 CONNECTION 446 680 300 2640 4740 4740
4992 CONNECTION 446 429 300 2760 4860 4860
4993 CONNECTION 446 677 300 2760 4860 4860
4994 CONNECTION 446 691 300 3360 5460 5460
4995 CONNECTION 446 330 300 4620 6720 6720
4996 CONNECTION 346 347 -1 -1 1500 1500
4997 CONNECTION 346 467 -1 -1 2700 2700
4998 CONNECTION 346 580 -1 -1 2340 2340
4999 CONNECTION 346 404 -1 -1 3960 3960
5000 CONNECTION 346 669 -1 -1 3960 3960
5001 CONNECTION 346 59 -1 -1 3540 3540
5002 CONNECTION 346 551 -1 -1 3900 3900
5003 CONNECTION 346 252 300 2880 4980 4980
5004 CONNECTION 346 30 300 3000 5100 5100
5005 CONNECTION 346 175 300 2640 4740 4740
5006 CONNECTION 346 428 300 3180 5280 5280
5007 CONNECTION 346 676 300 3180 5280 5280
5008 CONNECTION 346 146 300 4200 6300 6300
5009 CONNECTION 346 308 300 3840 5940 5940
5010 CONNECTION 346 84 300 5460 7560 7560
5011 CONNECTION 346 278 300 5400 7500 7500
5012 CONNECTION 346 381 300 5040 7140 7140
5013 CONNECTION 346 692 300 6480 8580 8580
5014 SINK 346 0 -1 -1 0 0
5015 CONNECTION 143 173 -1 -1 1860 1860
5016 CONNECTION 143 306 -1 -1 3060 3060
5017 CONNECTION 143 379 300 2160 4260 4260
5018 CONNECTION 143 684 300 2640 4740 4740
5019 CONNECTION 143 498 300 3360 5460 5460
5020 CONNECTION 143 582 300 4560 6660 6660
5021 CONNECTION 143 61 300 5760 7860 7860
5022 CONNECTION 678 679 -1 -1 2820 2820
5023 CONNECTION 678 229 -1 -1 2640 2640
5024 CONNECTION 678 532 -1 -1 4620 4620
5025 CONNECTION 678 405 -1 -1 3360 3360
5026 CONNECTION 678 670 -1 -1 3360 3360
5027 CONNECTION 678 8 -1 -1 5520 5520
5028 CONNECTION 678 616 -1 -1 4140 4140
5029 CONNECTION 678 124 300 4320 6420 6420
5030 CONNECTION 678 686 300 4140 6240 6240
5031 CONNECTION 678 631 300 6120 8220 8220
5032 CONNECTION 678 85 300 4860 6960 6960
5033 CONNECTION 678 331 300 7020 9120 9120
5034 CONNECTION 678 197 300 5640 7740 7740
5035 CONNECTION 195 469 -1 -1 3480 3480
5036 CONNECTION 195 210 -1 -1 5460 5460
5037 CONNECTION 195 553 -1 -1 4680 4680
5038 CONNECTION 195 32 300 3780 5880 5880
5039 CONNECTION 195 148 300 4980 7080 7080
5040 CONNECTION 195 533 300 6960 9060 9060
5041 CONNECTION 195 280 300 6180 8280 8280
5042 CONNECTION 195 353 300 7380 9480 9480
5043 CONNECTION 668 404 -1 -1 2520 2520
5044 CONNECTION 668 669 -1 -1 2520 2520
5045 CONNECTION 668 59 -1 -1 2100 2100
5046 CONNECTION 668 551 -1 -1 2460 2460
5047 CONNECTION 668 252 -1 -1 3540 3540
5048 CONNECTION 668 30 -1 -1 3660 3660
5049 CONNECTION 668 175 -1 -1 3300 3300
5050 CONNECTION 668 428 -1 -1 3840 3840
5051 CONNECTION 668 676 -1 -1 3840 3840
5052 CONNECTION 668 146 300 2760 4860 4860
5053 CONNECTION 668 308 300 2400 4500 4500
5054 CONNECTION 668 84 300 4020 6120 6120
5055 CONNECTION 668 278 300 3960 6060 6060
5056 CONNECTION 668 381 300 3600 5700 5700
5057 CONNECTION 668 692 300 5040 7140 7140
5058 CONNECTION 668 351 300 5160 7260 7260
5059 CONNECTION 668 500 300 4800 6900 6900
5060 CONNECTION 668 107 300 5340 7440 7440
5061 CONNECTION 668 471 300 6360 8460 8460
5062 CONNECTION 668 584 300 6000 8100 8100
5063 SINK 668 0 -1 -1 0 0
5064 CONNECTION 579 580 -1 -1 1140 1140
5065 CONNECTION 579 404 -1 -1 2760 2760
5066 CONNECTION 579 669 -1 -1 2760 2760
5067 CONNECTION 579 59 -1 -1 2340 2340
5068 CONNECTION 579 551 -1 -1 2700 2700
5069 CONNECTION 579 252 -1 -1 3780 3780
5070 CONNECTION 579 30 -1 -1 3900 3900
5071 CONNECTION 579 175 -1 -1 3540 3540
5072 CONNECTION 579 428 -1 -1 4080 4080
5073 CONNECTION 579 676 -1 -1 4080 4080
5074 CONNECTION 579 146 300 3000 5100 5100
5075 CONNECTION 579 308 300 2640 4740 4740
5076 CONNECTION 579 84 300 4260 6360 6360
5077 CONNECTION 579 278 300 4200 6300 6300
5078 CONNECTION 579 381 300 3840 5940 5940
5079 CONNECTION 579 692 300 5280 7380 7380
5080 CONNECTION 579 351 300 5400 7500 7500
5081 CONNECTION 579 500 300 5040 7140 7140
5082 CONNECTION 579 107 300 5580 7680 7680
5083 SINK 579 0 -1 -1 0 0
5084 CONNECTION 28 29 -1 -1 1260 1260
5085 CONNECTION 28 60 -1 -1 3780 3780
5086 CONNECTION 28 145 -1 -1 2460 2460
5087 CONNECTION 28 690 -1 -1 3120 3120
5088 CONNECTION 28 329 -1 -1 3180 3180
5089 CONNECTION 28 176 -1 -1 4980 4980
5090 CONNECTION 28 277 -1 -1 3660 3660
5091 CONNECTION 28 309 300 4080 6180 6180
5092 CONNECTION 28 350 300 2760 4860 4860
5093 CONNECTION 28 382 300 5280 7380 7380
5094 CONNECTION 28 470 300 3960 6060 6060
5095 CONNECTION 28 253 300 4620 6720 6720
5096 CONNECTION 28 604 300 4680 6780 6780
5097 CONNECTION 28 681 300 4680 6780 6780
5098 CONNECTION 28 501 300 6480 8580 8580
5099 CONNECTION 28 554 300 5160 7260 7260
5100 CONNECTION 57 58 -1 -1 1500 1500
5101 CONNECTION 57 228 -1 -1 2160 2160
5102 CONNECTION 57 348 -1 -1 1740 1740
5103 CONNECTION 57 531 -1 -1 2820 2820
5104 CONNECTION 57 174 -1 -1 2700 2700
5105 CONNECTION 57 83 -1 -1 2400 2400
5106 CONNECTION 57 427 -1 -1 2760 2760
5107 CONNECTION 57 675 -1 -1 2760 2760
5108 CONNECTION 57 468 -1 -1 2940 2940
5109 CONNECTION 57 519 -1 -1 6360 6360
5110 CONNECTION 57 307 -1 -1 3900 3900
5111 CONNECTION 57 552 300 2040 4140 4140
5112 CONNECTION 57 380 300 3000 5100 5100
5113 CONNECTION 57 685 300 3660 5760 5760
5114 CONNECTION 57 31 300 3240 5340 5340
5115 CONNECTION 57 630 300 4320 6420 6420
5116 CONNECTION 57 499 300 4200 6300 6300
5117 CONNECTION 57 106 300 4260 6360 6360
5118 CONNECTION 57 406 300 3900 6000 6000
5119 CONNECTION 57 671 300 3900 6000 6000
5120 CONNECTION 57 147 300 4440 6540 6540
5121 CONNECTION 57 617 300 7860 9960 9960
5122 CONNECTION 57 583 300 5400 7500 7500
5123 CONNECTION 57 279 300 5640 7740 7740
5124 CONNECTION 674 531 -1 -1 2340 2340
5125 CONNECTION 674 174 -1 -1 2220 2220
5126 CONNECTION 674 83 -1 -1 1920 1920
5127 CONNECTION 674 427 -1 -1 2280 2280
5128 CONNECTION 674 675 -1 -1 2280 2280
5129 CONNECTION 674 468 -1 -1 2460 2460
5130 CONNECTION 674 519 -1 -1 5880 5880
5131 CONNECTION 674 307 -1 -1 3420 3420
5132 CONNECTION 674 552 -1 -1 3660 3660
5133 CONNECTION 674 380 300 2520 4620 4620
5134 CONNECTION 674 685 300 3180 5280 5280
5135 CONNECTION 674 31 300 2760 4860 4860
5136 CONNECTION 674 630 300 3840 5940 5940
5137 CONNECTION 674 499 300 3720 5820 5820
5138 CONNECTION 674 106 300 3780 5880 5880
5139 CONNECTION 674 406 300 3420 5520 5520
5140 CONNECTION 674 671 300 3420 5520 5520
5141 CONNECTION 674 147 300 3960 6060 6060
5142 CONNECTION 674 617 300 7380 9480 9480
5143 CONNECTION 674 583 300 4920 7020 7020
5144 CONNECTION 674 279 300 5160 7260 7260
5145 CONNECTION 674 62 300 6120 8220 8220
5146 CONNECTION 378 349 -1 -1 3420 3420
5147 CONNECTION 378 469 -1 -1 4620 4620
5148 CONNECTION 378 210 -1 -1 6600 6600
5149 CONNECTION 378 553 300 3720 5820 5820
5150 CONNECTION 378 32 300 4920 7020 7020
5151 CONNECTION 378 148 300 6120 8220 8220
5152 CONNECTION 378 533 300 8100 10200 10200
5153 CONNECTION 378 280 300 7320 9420 9420
5154 CONNECTION 347 348 -1 -1 1140 1140
5155 CONNECTION 347 531 -1 -1 2220 2220
5156 CONNECTION 347 174 -1 -1 2100 2100
5157 CONNECTION 347 83 -1 -1 1800 1800
5158 CONNECTION 347 427 -1 -1 2160 2160
5159 CONNECTION 347 675 -1 -1 2160 2160
5160 CONNECTION 347 468 -1 -1 2340 2340
5161 CONNECTION 347 519 -1 -1 5760 5760
5162 CONNECTION 347 307 -1 -1 3300 3300
5163 CONNECTION 347 552 -1 -1 3540 3540
5164 CONNECTION 347 380 300 2400 4500 4500
5165 CONNECTION 347 685 300 3060 5160 5160
5166 CONNECTION 347 31 300 2640 4740 4740
5167 CONNECTION 347 630 300 3720 5820 5820
5168 CONNECTION 347 499 300 3600 5700 5700
5169 CONNECTION 347 106 300 3660 5760 5760
5170 CONNECTION 347 406 300 3300 5400 5400
5171 CONNECTION 347 671 300 3300 5400 5400
5172 CONNECTION 347 147 300 3840 5940 5940
5173 CONNECTION 347 617 300 7260 9360 9360
5174 CONNECTION 347 583 300 4800 6900 6900
5175 CONNECTION 347 279 300 5040 7140 7140
5176 CONNECTION 347 62 300 6000 8100 8100
5177 CONNECTION 347 231 300 6660 8760 8760
5178 CONNECTION 496 497 -1 -1 2580 2580
5179 CONNECTION 496 581 -1 -1 3780 3780
5180 CONNECTION 496 29 -1 -1 2460 2460
5181 CONNECTION 496 60 -1 -1 4980 4980
5182 CONNECTION 496 145 -1 -1 3660 3660
5183 CONNECTION 496 690 300 2220 4320 4320
5184 CONNECTION 496 329 300 2280 4380 4380
5185 CONNECTION 496 176 300 4080 6180 6180
5186 CONNECTION 496 277 300 2760 4860 4860
5187 CONNECTION 496 309 300 5280 7380 7380
5188 CONNECTION 496 350 300 3960 6060 6060
5189 CONNECTION 496 382 300 6480 8580 8580
5190 CONNECTION 496 470 300 5160 7260 7260
5191 CONNECTION 496 253 300 5820 7920 7920
5192 CONNECTION 496 604 300 5880 7980 7980
5193 CONNECTION 496 681 300 5880 7980 7980
5194 CONNECTION 104 105 -1 -1 1200 1200
5195 CONNECTION 104 680 300 2580 4680 4680
5196 CONNECTION 104 429 300 2700 4800 4800
5197 CONNECTION 104 677 300 2700 4800 4800
5198 CONNECTION 104 691 300 3300 5400 5400
5199 CONNECTION 104 330 300 4560 6660 6660
5200 CONNECTION 466 467 -1 -1 1500 1500
5201 CONNECTION 466 404 -1 -1 2760 2760
5202 CONNECTION 466 669 -1 -1 2760 2760
5203 CONNECTION 466 59 -1 -1 2340 2340
5204 CONNECTION 466 551 -1 -1 2700 2700
5205 CONNECTION 466 252 -1 -1 3780 3780
5206 CONNECTION 466 30 -1 -1 3900 3900
5207 CONNECTION 466 175 -1 -1 3540 3540
5208 CONNECTION 466 428 -1 -1 4080 4080
5209 CONNECTION 466 676 -1 -1 4080 4080
5210 CONNECTION 466 146 300 3000 5100 5100
5211 CONNECTION 466 308 300 2640 4740 4740
5212 CONNECTION 466 84 300 4260 6360 6360
5213 CONNECTION 466 278 300 4200 6300 6300
5214 CONNECTION 466 381 300 3840 5940 5940
5215 CONNECTION 466 692 300 5280 7380 7380
5216 CONNECTION 466 351 300 5400 7500 7500
5217 CONNECTION 466 500 300 5040 7140 7140
5218 CONNECTION 466 107 300 5580 7680 7680
5219 SINK 466 0 -1 -1 0 0
5220 CONNECTION 209 196 -1 -1 5040 5040
5221 CONNECTION 209 448 300 4080 6180 6180
5222 CONNECTION 209 520 300 6540 8640 8640
5223 CONNECTION 209 696 300 7680 9780 9780
5224 CONNECTION 227 228 -1 -1 1680 1680
5225 CONNECTION 227 531 -1 -1 2340 2340
5226 CONNECTION 227 174 -1 -1 2220 2220
5227 CONNECTION 227 83 -1 -1 1920 1920
5228 CONNECTION 227 427 -1 -1 2280 2280
5229 CONNECTION 227 675 -1 -1 2280 2280
5230 CONNECTION 227 468 -1 -1 2460 2460
5231 CONNECTION 227 519 -1 -1 5880 5880
5232 CONNECTION 227 307 -1 -1 3420 3420
5233 CONNECTION 227 552 -1 -1 3660 3660
5234 CONNECTION 227 380 300 2520 4620 4620
5235 CONNECTION 227 685 300 3180 5280 5280
5236 CONNECTION 227 31 300 2760 4860 4860
5237 CONNECTION 227 630 300 3840 5940 5940
5238 CONNECTION 227 499 300 3720 5820 5820
5239 CONNECTION 227 106 300 3780 5880 5880
5240 CONNECTION 227 406 300 3420 5520 5520
5241 CONNECTION 227 671 300 3420 5520 5520
5242 CONNECTION 227 147 300 3960 6060 6060
5243 CONNECTION 227 617 300 7380 9480 9480
5244 CONNECTION 227 583 300 4920 7020 7020
5245 CONNECTION 227 279 300 5160 7260 7260
5246 CONNECTION 227 62 300 6120 8220 8220
5247 CONNECTION 275 306 -1 -1 1860 1860
5248 CONNECTION 275 379 -1 -1 3060 3060
5249 CONNECTION 275 684 -1 -1 3540 3540
5250 CONNECTION 275 498 300 2160 4260 4260
5251 CONNECTION 275 582 300 3360 5460 5460
5252 CONNECTION 275 61 300 4560 6660 6660
5253 CONNECTION 275 230 300 5040 7140 7140
5254 CONNECTION 275 177 300 5760 7860 7860
5255 CONNECTION 82 83 -1 -1 1140 1140
5256 CONNECTION 82 468 -1 -1 1680 1680
5257 CONNECTION 82 519 -1 -1 5100 5100
5258 CONNECTION 82 307 -1 -1 2640 2640
5259 CONNECTION 82 552 -1 -1 2880 2880
5260 CONNECTION 82 380 -1 -1 3840 3840
5261 CONNECTION 82 685 -1 -1 4500 4500
5262 CONNECTION 82 31 300 1980 4080 4080
5263 CONNECTION 82 630 300 3060 5160 5160
5264 CONNECTION 82 499 300 2940 5040 5040
5265 CONNECTION 82 106 300 3000 5100 5100
5266 CONNECTION 82 406 300 2640 4740 4740
5267 CONNECTION 82 671 300 2640 4740 4740
5268 CONNECTION 82 147 300 3180 5280 5280
5269 CONNECTION 82 617 300 6600 8700 8700
5270 CONNECTION 82 583 300 4140 6240 6240
5271 CONNECTION 82 279 300 4380 6480 6480
5272 CONNECTION 82 62 300 5340 7440 7440
5273 CONNECTION 82 231 300 6000 8100 8100
5274 CONNECTION 82 352 300 5580 7680 7680
5275 CONNECTION 82 211 300 6660 8760 8760
5276 CONNECTION 250 251 -1 -1 1620 1620
5277 CONNECTION 250 680 300 2400 4500 4500
5278 CONNECTION 250 429 300 2520 4620 4620
5279 CONNECTION 250 677 300 2520 4620 4620
5280 CONNECTION 250 691 300 3120 5220 5220
5281 CONNECTION 250 330 300 4380 6480 6480
5282 CONNECTION 250 125 300 6000 8100 8100
5283 CONNECTION 250 108 300 6120 8220 8220
5284 CONNECTION 6 7 -1 -1 2820 2820
5285 CONNECTION 6 680 300 2340 4440 4440
5286 CONNECTION 6 429 300 2460 4560 4560
5287 CONNECTION 6 677 300 2460 4560 4560
5288 CONNECTION 6 691 300 3060 5160 5160
5289 CONNECTION 6 330 300 4320 6420 6420
5290 CONNECTION 6 125 300 5940 8040 8040
5291 CONNECTION 6 108 300 6060 8160 8160
5292 CONNECTION 58 59 -1 -1 1140 1140
5293 CONNECTION 58 252 -1 -1 2580 2580
5294 CONNECTION 58 30 -1 -1 2700 2700
5295 CONNECTION 58 175 -1 -1 2340 2340
5296 CONNECTION 58 428 -1 -1 2880 2880
5297 CONNECTION 58 676 -1 -1 2880 2880
5298 CONNECTION 58 146 -1 -1 3900 3900
5299 CONNECTION 58 308 -1 -1 3540 3540
5300 CONNECTION 58 84 300 3060 5160 5160
5301 CONNECTION 58 278 300 3000 5100 5100
5302 CONNECTION 58 381 300 2640 4740 4740
5303 CONNECTION 58 692 300 4080 6180 6180
5304 CONNECTION 58 351 300 4200 6300 6300
5305 CONNECTION 58 500 300 3840 5940 5940
5306 CONNECTION 58 107 300 4380 6480 6480
5307 CONNECTION 58 471 300 5400 7500 7500
5308 CONNECTION 58 584 300 5040 7140 7140
5309 CONNECTION 58 407 300 6660 8760 8760
5310 CONNECTION 58 687 300 6660 8760 8760
5311 SINK 58 0 -1 -1 0 0
5312 CONNECTION 144 145 -1 -1 1260 1260
5313 CONNECTION 144 690 -1 -1 1920 1920
5314 CONNECTION 144 329 -1 -1 1980 1980
5315 CONNECTION 144 176 -1 -1 3780 3780
5316 CONNECTION 144 277 -1 -1 2460 2460
5317 CONNECTION 144 309 -1 -1 4980 4980
5318 CONNECTION 144 350 -1 -1 3660 3660
5319 CONNECTION 144 382 300 4080 6180 6180
5320 CONNECTION 144 470 300 2760 4860 4860
5321 CONNECTION 144 253 300 3420 5520 5520
5322 CONNECTION 144 604 300 3480 5580 5580
5323 CONNECTION 144 681 300 3480 5580 5580
5324 CONNECTION 144 501 300 5280 7380 7380
5325 CONNECTION 144 554 300 3960 6060 6060
5326 CONNECTION 144 585 300 6480 8580 8580
5327 CONNECTION 144 33 300 5160 7260 7260
5328 CONNECTION 173 174 -1 -1 1500 1500
5329 CONNECTION 173 468 -1 -1 1740 1740
5330 CONNECTION 173 519 -1 -1 5160 5160
5331 CONNECTION 173 307 -1 -1 2700 2700
5332 CONNECTION 173 552 -1 -1 2940 2940
5333 CONNECTION 173 380 -1 -1 3900 3900
5334 CONNECTION 173 685 -1 -1 4560 4560
5335 CONNECTION 173 31 300 2040 4140 4140
5336 CONNECTION 173 630 300 3120 5220 5220
5337 CONNECTION 173 499 300 3000 5100 5100
5338 CONNECTION 173 106 300 3060 5160 5160
5339 CONNECTION 173 406 300 2700 4800 4800
5340 CONNECTION 173 671 300 2700 4800 4800
5341 CONNECTION 173 147 300 3240 5340 5340
5342 CONNECTION 173 617 300 6660 8760 8760
5343 CONNECTION 173 583 300 4200 6300 6300
5344 CONNECTION 173 279 300 4440 6540 6540
5345 CONNECTION 173 62 300 5400 7500 7500
5346 CONNECTION 173 231 300 6060 8160 8160
5347 CONNECTION 173 352 300 5640 7740 7740
5348 CONNECTION 497 469 -1 -1 3420 3420
5349 CONNECTION 497 210 -1 -1 5400 5400
5350 CONNECTION 497 553 -1 -1 4620 4620
5351 CONNECTION 497 32 300 3720 5820 5820
5352 CONNECTION 497 148 300 4920 7020 7020
5353 CONNECTION 497 533 300 6900 9000 9000
5354 CONNECTION 497 280 300 6120 8220 8220
5355 CONNECTION 497 353 300 7320 9420 9420
5356 CONNECTION 603 196 -1 -1 4140 4140
5357 CONNECTION 603 448 -1 -1 5280 5280
5358 CONNECTION 603 520 300 5640 7740 7740
5359 CONNECTION 603 696 300 6780 8880 8880
5360 CONNECTION 653 196 -1 -1 4140 4140
5361 CONNECTION 653 448 -1 -1 5280 5280
5362 CONNECTION 653 520 300 5640 7740 7740
5363 CONNECTION 653 696 300 6780 8880 8880
5364 CONNECTION 467 468 -1 -1 1140 1140
5365 CONNECTION 467 307 -1 -1 2100 2100
5366 CONNECTION 467 552 -1 -1 2340 2340
5367 CONNECTION 467 380 -1 -1 3300 3300
5368 CONNECTION 467 685 -1 -1 3960 3960
5369 CONNECTION 467 31 -1 -1 3540 3540
5370 CONNECTION 467 630 300 2520 4620 4620
5371 CONNECTION 467 499 300 2400 4500 4500
5372 CONNECTION 467 106 300 2460 4560 4560
5373 CONNECTION 467 406 300 2100 4200 4200
5374 CONNECTION 467 671 300 2100 4200 4200
5375 CONNECTION 467 147 300 2640 4740 4740
5376 CONNECTION 467 617 300 6060 8160 8160
5377 CONNECTION 467 583 300 3600 5700 5700
5378 CONNECTION 467 279 300 3840 5940 5940
5379 CONNECTION 467 62 300 4800 6900 6900
5380 CONNECTION 467 231 300 5460 7560 7560
5381 CONNECTION 467 352 300 5040 7140 7140
5382 CONNECTION 467 211 300 6120 8220 8220
5383 CONNECTION 467 178 300 6000 8100 8100
5384 CONNECTION 467 86 300 5700 7800 7800
5385 CONNECTION 467 430 300 6060 8160 8160
5386 CONNECTION 467 693 300 6060 8160 8160
5387 CONNECTION 580 581 -1 -1 2580 2580
5388 CONNECTION 580 60 -1 -1 3780 3780
5389 CONNECTION 580 145 -1 -1 2460 2460
5390 CONNECTION 580 690 -1 -1 3120 3120
5391 CONNECTION 580 329 -1 -1 3180 3180
5392 CONNECTION 580 176 -1 -1 4980 4980
5393 CONNECTION 580 277 -1 -1 3660 3660
5394 CONNECTION 580 309 300 4080 6180 6180
5395 CONNECTION 580 350 300 2760 4860 4860
5396 CONNECTION 580 382 300 5280 7380 7380
5397 CONNECTION 580 470 300 3960 6060 6060
5398 CONNECTION 580 253 300 4620 6720 6720
5399 CONNECTION 580 604 300 4680 6780 6780
5400 CONNECTION 580 681 300 4680 6780 6780
5401 CONNECTION 580 501 300 6480 8580 8580
5402 CONNECTION 580 554 300 5160 7260 7260
5403 CONNECTION 629 630 -1 -1 1800 1800
5404 CONNECTION 629 147 -1 -1 1920 1920
5405 CONNECTION 629 617 -1 -1 5340 5340
5406 CONNECTION 629 583 -1 -1 2880 2880
5407 CONNECTION 629 279 -1 -1 3120 3120
5408 CONNECTION 629 62 -1 -1 4080 4080
5409 CONNECTION 629 231 300 2640 4740 4740
5410 CONNECTION 629 352 300 2220 4320 4320
5411 CONNECTION 629 211 300 3300 5400 5400
5412 CONNECTION 629 178 300 3180 5280 5280
5413 CONNECTION 629 86 300 2880 4980 4980
5414 CONNECTION 629 430 300 3240 5340 5340
5415 CONNECTION 629 693 300 3240 5340 5340
5416 CONNECTION 629 472 300 3420 5520 5520
5417 CONNECTION 629 198 300 6840 8940 8940
5418 CONNECTION 629 311 300 4380 6480 6480
5419 CONNECTION 629 556 300 4620 6720 6720
5420 CONNECTION 629 384 300 5580 7680 7680
5421 CONNECTION 629 702 300 6240 8340 8340
5422 CONNECTION 629 35 300 5820 7920 7920
5423 CONNECTION 518 519 -1 -1 4320 4320
5424 CONNECTION 518 552 -1 -1 2100 2100
5425 CONNECTION 518 380 -1 -1 3060 3060
5426 CONNECTION 518 685 -1 -1 3720 3720
5427 CONNECTION 518 31 -1 -1 3300 3300
5428 CONNECTION 518 630 -1 -1 4380 4380
5429 CONNECTION 518 499 -1 -1 4260 4260
5430 CONNECTION 518 106 -1 -1 4320 4320
5431 CONNECTION 518 406 -1 -1 3960 3960
5432 CONNECTION 518 671 -1 -1 3960 3960
5433 CONNECTION 518 147 300 2400 4500 4500
5434 CONNECTION 518 617 300 5820 7920 7920
5435 CONNECTION 518 583 300 3360 5460 5460
5436 CONNECTION 518 279 300 3600 5700 5700
5437 CONNECTION 518 62 300 4560 6660 6660
5438 CONNECTION 518 231 300 5220 7320 7320
5439 CONNECTION 518 352 300 4800 6900 6900
5440 CONNECTION 518 211 300 5880 7980 7980
5441 CONNECTION 518 178 300 5760 7860 7860
5442 CONNECTION 518 86 300 5460 7560 7560
5443 CONNECTION 518 430 300 5820 7920 7920
5444 CONNECTION 518 693 300 5820 7920 7920
5445 CONNECTION 518 472 300 6000 8100 8100
5446 CONNECTION 550 551 -1 -1 1500 1500
5447 CONNECTION 550 252 -1 -1 2580 2580
5448 CONNECTION 550 30 -1 -1 2700 2700
5449 CONNECTION 550 175 -1 -1 2340 2340
5450 CONNECTION 550 428 -1 -1 2880 2880
5451 CONNECTION 550 676 -1 -1 2880 2880
5452 CONNECTION 550 146 -1 -1 3900 3900
5453 CONNECTION 550 308 -1 -1 3540 3540
5454 CONNECTION 550 84 300 3060 5160 5160
5455 CONNECTION 550 278 300 3000 5100 5100
5456 CONNECTION 550 381 300 2640 4740 4740
5457 CONNECTION 550 692 300 4080 6180 6180
5458 CONNECTION 550 351 300 4200 6300 6300
5459 CONNECTION 550 500 300 3840 5940 5940
5460 CONNECTION 550 107 300 4380 6480 6480
5461 CONNECTION 550 471 300 5400 7500 7500
5462 CONNECTION 550 584 300 5040 7140 7140
5463 CONNECTION 550 407 300 6660 8760 8760
5464 CONNECTION 550 687 300 6660 8760 8760
5465 SINK 550 0 -1 -1 0 0
5466 CONNECTION 228 229 -1 -1 1980 1980
5467 CONNECTION 228 532 -1 -1 3960 3960
5468 CONNECTION 228 405 -1 -1 2700 2700
5469 CONNECTION 228 670 -1 -1 2700 2700
5470 CONNECTION 228 8 -1 -1 4860 4860
5471 CONNECTION 228 616 -1 -1 3480 3480
5472 CONNECTION 228 124 300 3660 5760 5760
5473 CONNECTION 228 686 300 3480 5580 5580
5474 CONNECTION 228 631 300 5460 7560 7560
5475 CONNECTION 228 85 300 4200 6300 6300
5476 CONNECTION 228 331 300 6360 8460 8460
5477 CONNECTION 228 197 300 4980 7080 7080
5478 CONNECTION 228 449 300 7260 9360 9360
5479 CONNECTION 348 379 -1 -1 1860 1860
5480 CONNECTION 348 684 -1 -1 2340 2340
5481 CONNECTION 348 498 -1 -1 3060 3060
5482 CONNECTION 348 582 300 2160 4260 4260
5483 CONNECTION 348 61 300 3360 5460 5460
5484 CONNECTION 348 230 300 3840 5940 5940
5485 CONNECTION 348 177 300 4560 6660 6660
5486 CONNECTION 348 310 300 5760 7860 7860
5487 CONNECTION 447 60 -1 -1 3360 3360
5488 CONNECTION 447 145 -1 -1 2040 2040
5489 CONNECTION 447 690 -1 -1 2700 2700
5490 CONNECTION 447 329 -1 -1 2760 2760
5491 CONNECTION 447 176 -1 -1 4560 4560
5492 CONNECTION 447 277 -1 -1 3240 3240
5493 CONNECTION 447 309 300 3660 5760 5760
5494 CONNECTION 447 350 300 2340 4440 4440
5495 CONNECTION 447 382 300 4860 6960 6960
5496 CONNECTION 447 470 300 3540 5640 5640
5497 CONNECTION 447 253 300 4200 6300 6300
5498 CONNECTION 447 604 300 4260 6360 6360
5499 CONNECTION 447 681 300 4260 6360 6360
5500 CONNECTION 447 501 300 6060 8160 8160
5501 CONNECTION 447 554 300 4740 6840 6840
5502 CONNECTION 447 585 300 7260 9360 9360
5503 CONNECTION 447 33 300 5940 8040 8040
5504 CONNECTION 615 616 -1 -1 1680 1680
5505 CONNECTION 615 124 -1 -1 3960 3960
5506 CONNECTION 615 686 -1 -1 3780 3780
5507 CONNECTION 615 631 -1 -1 5760 5760
5508 CONNECTION 615 85 -1 -1 4500 4500
5509 CONNECTION 615 331 300 4560 6660 6660
5510 CONNECTION 615 197 300 3180 5280 5280
5511 CONNECTION 615 449 300 5460 7560 7560
5512 CONNECTION 615 232 300 5280 7380 7380
5513 CONNECTION 615 212 300 7260 9360 9360
5514 CONNECTION 615 408 300 6000 8100 8100
5515 CONNECTION 615 688 300 6000 8100 8100
5516 CONNECTION 615 606 300 8160 10260 10260
5517 CONNECTION 615 683 300 8160 10260 10260
5518 CONNECTION 105 60 -1 -1 3240 3240
5519 CONNECTION 105 145 -1 -1 1920 1920
5520 CONNECTION 105 690 -1 -1 2580 2580
5521 CONNECTION 105 329 -1 -1 2640 2640
5522 CONNECTION 105 176 -1 -1 4440 4440
5523 CONNECTION 105 277 -1 -1 3120 3120
5524 CONNECTION 105 309 300 3540 5640 5640
5525 CONNECTION 105 350 300 2220 4320 4320
5526 CONNECTION 105 382 300 4740 6840 6840
5527 CONNECTION 105 470 300 3420 5520 5520
5528 CONNECTION 105 253 300 4080 6180 6180
5529 CONNECTION 105 604 300 4140 6240 6240
5530 CONNECTION 105 681 300 4140 6240 6240
5531 CONNECTION 105 501 300 5940 8040 8040
5532 CONNECTION 105 554 300 4620 6720 6720
5533 CONNECTION 105 585 300 7140 9240 9240
5534 CONNECTION 105 33 300 5820 7920 7920
5535 CONNECTION 251 252 -1 -1 1500 1500
5536 CONNECTION 251 146 -1 -1 2820 2820
5537 CONNECTION 251 308 -1 -1 2460 2460
5538 CONNECTION 251 84 -1 -1 4080 4080
5539 CONNECTION 251 278 -1 -1 4020 4020
5540 CONNECTION 251 381 -1 -1 3660 3660
5541 CONNECTION 251 692 300 3000 5100 5100
5542 CONNECTION 251 351 300 3120 5220 5220
5543 CONNECTION 251 500 300 2760 4860 4860
5544 CONNECTION 251 107 300 3300 5400 5400
5545 CONNECTION 251 471 300 4320 6420 6420
5546 CONNECTION 251 584 300 3960 6060 6060
5547 CONNECTION 251 407 300 5580 7680 7680
5548 CONNECTION 251 687 300 5580 7680 7680
5549 CONNECTION 251 63 300 5160 7260 7260
5550 CONNECTION 251 555 300 5520 7620 7620
5551 SINK 251 0 -1 -1 0 0
5552 CONNECTION 7 8 -1 -1 3180 3180
5553 CONNECTION 7 124 -1 -1 4080 4080
5554 CONNECTION 7 686 -1 -1 3900 3900
5555 CONNECTION 7 631 -1 -1 5880 5880
5556 CONNECTION 7 85 300 2520 4620 4620
5557 CONNECTION 7 331 300 4680 6780 6780
5558 CONNECTION 7 197 300 3300 5400 5400
5559 CONNECTION 7 449 300 5580 7680 7680
5560 CONNECTION 7 232 300 5400 7500 7500
5561 CONNECTION 7 212 300 7380 9480 9480
5562 CONNECTION 7 408 300 6120 8220 8220
5563 CONNECTION 7 688 300 6120 8220 8220
5564 CONNECTION 531 532 -1 -1 3300 3300
5565 CONNECTION 531 8 -1 -1 4200 4200
5566 CONNECTION 531 616 -1 -1 2820 2820
5567 CONNECTION 531 124 -1 -1 5100 5100
5568 CONNECTION 531 686 300 2820 4920 4920
5569 CONNECTION 531 631 300 4800 6900 6900
5570 CONNECTION 531 85 300 3540 5640 5640
5571 CONNECTION 531 331 300 5700 7800 7800
5572 CONNECTION 531 197 300 4320 6420 6420
5573 CONNECTION 531 449 300 6600 8700 8700
5574 CONNECTION 531 232 300 6420 8520 8520
5575 CONNECTION 174 175 -1 -1 1140 1140
5576 CONNECTION 174 146 -1 -1 2700 2700
5577 CONNECTION 174 308 -1 -1 2340 2340
5578 CONNECTION 174 84 -1 -1 3960 3960
5579 CONNECTION 174 278 -1 -1 3900 3900
5580 CONNECTION 174 381 -1 -1 3540 3540
5581 CONNECTION 174 692 300 2880 4980 4980
5582 CONNECTION 174 351 300 3000 5100 5100
5583 CONNECTION 174 500 300 2640 4740 4740
5584 CONNECTION 174 107 300 3180 5280 5280
5585 CONNECTION 174 471 300 4200 6300 6300
5586 CONNECTION 174 584 300 3840 5940 5940
5587 CONNECTION 174 407 300 5460 7560 7560
5588 CONNECTION 174 687 300 5460 7560 7560
5589 CONNECTION 174 63 300 5040 7140 7140
5590 CONNECTION 174 555 300 5400 7500 7500
5591 CONNECTION 174 255 300 6480 8580 8580
5592 SINK 174 0 -1 -1 0 0
5593 CONNECTION 404 405 -1 -1 1800 1800
5594 CONNECTION 404 8 -1 -1 3960 3960
5595 CONNECTION 404 616 -1 -1 2580 2580
5596 CONNECTION 404 124 -1 -1 4860 4860
5597 CONNECTION 404 686 -1 -1 4680 4680
5598 CONNECTION 404 631 300 4560 6660 6660
5599 CONNECTION 404 85 300 3300 5400 5400
5600 CONNECTION 404 331 300 5460 7560 7560
5601 CONNECTION 404 197 300 4080 6180 6180
5602 CONNECTION 404 449 300 6360 8460 8460
5603 CONNECTION 404 232 300 6180 8280 8280
5604 CONNECTION 404 212 300 8160 10260 10260
5605 CONNECTION 669 670 -1 -1 1800 1800
5606 CONNECTION 669 8 -1 -1 3960 3960
5607 CONNECTION 669 616 -1 -1 2580 2580
5608 CONNECTION 669 124 -1 -1 4860 4860
5609 CONNECTION 669 686 -1 -1 4680 4680
5610 CONNECTION 669 631 300 4560 6660 6660
5611 CONNECTION 669 85 300 3300 5400 5400
5612 CONNECTION 669 331 300 5460 7560 7560
5613 CONNECTION 669 197 300 4080 6180 6180
5614 CONNECTION 669 449 300 6360 8460 8460
5615 CONNECTION 669 232 300 6180 8280 8280
5616 CONNECTION 669 212 300 8160 10260 10260
5617 CONNECTION 83 684 -1 -1 1680 1680
5618 CONNECTION 83 498 -1 -1 2400 2400
5619 CONNECTION 83 582 -1 -1 3600 3600
5620 CONNECTION 83 61 300 2700 4800 4800
5621 CONNECTION 83 230 300 3180 5280 5280
5622 CONNECTION 83 177 300 3900 6000 6000
5623 CONNECTION 83 310 300 5100 7200 7200
5624 CONNECTION 276 277 -1 -1 1260 1260
5625 CONNECTION 276 309 -1 -1 3780 3780
5626 CONNECTION 276 350 -1 -1 2460 2460
5627 CONNECTION 276 382 -1 -1 4980 4980
5628 CONNECTION 276 470 -1 -1 3660 3660
5629 CONNECTION 276 253 300 2220 4320 4320
5630 CONNECTION 276 604 300 2280 4380 4380
5631 CONNECTION 276 681 300 2280 4380 4380
5632 CONNECTION 276 501 300 4080 6180 6180
5633 CONNECTION 276 554 300 2760 4860 4860
5634 CONNECTION 276 585 300 5280 7380 7380
5635 CONNECTION 276 33 300 3960 6060 6060
5636 CONNECTION 276 64 300 6480 8580 8580
5637 CONNECTION 276 149 300 5160 7260 7260
5638 CONNECTION 276 707 300 5820 7920 7920
5639 CONNECTION 276 9 300 5880 7980 7980
5640 CONNECTION 306 307 -1 -1 1500 1500
5641 CONNECTION 306 552 -1 -1 1740 1740
5642 CONNECTION 306 380 -1 -1 2700 2700
5643 CONNECTION 306 685 -1 -1 3360 3360
5644 CONNECTION 306 31 -1 -1 2940 2940
5645 CONNECTION 306 630 -1 -1 4020 4020
5646 CONNECTION 306 499 -1 -1 3900 3900
5647 CONNECTION 306 106 -1 -1 3960 3960
5648 CONNECTION 306 406 -1 -1 3600 3600
5649 CONNECTION 306 671 -1 -1 3600 3600
5650 CONNECTION 306 147 300 2040 4140 4140
5651 CONNECTION 306 617 300 5460 7560 7560
5652 CONNECTION 306 583 300 3000 5100 5100
5653 CONNECTION 306 279 300 3240 5340 5340
5654 CONNECTION 306 62 300 4200 6300 6300
5655 CONNECTION 306 231 300 4860 6960 6960
5656 CONNECTION 306 352 300 4440 6540 6540
5657 CONNECTION 306 211 300 5520 7620 7620
5658 CONNECTION 306 178 300 5400 7500 7500
5659 CONNECTION 306 86 300 5100 7200 7200
5660 CONNECTION 306 430 300 5460 7560 7560
5661 CONNECTION 306 693 300 5460 7560 7560
5662 CONNECTION 306 472 300 5640 7740 7740
5663 CONNECTION 306 198 300 9060 11160 11160
5664 CONNECTION 427 428 -1 -1 1620 1620
5665 CONNECTION 427 146 -1 -1 2640 2640
5666 CONNECTION 427 308 -1 -1 2280 2280
5667 CONNECTION 427 84 -1 -1 3900 3900
5668 CONNECTION 427 278 -1 -1 3840 3840
5669 CONNECTION 427 381 -1 -1 3480 3480
5670 CONNECTION 427 692 300 2820 4920 4920
5671 CONNECTION 427 351 300 2940 5040 5040
5672 CONNECTION 427 500 300 2580 4680 4680
5673 CONNECTION 427 107 300 3120 5220 5220
5674 CONNECTION 427 471 300 4140 6240 6240
5675 CONNECTION 427 584 300 3780 5880 5880
5676 CONNECTION 427 407 300 5400 7500 7500
5677 CONNECTION 427 687 300 5400 7500 7500
5678 CONNECTION 427 63 300 4980 7080 7080
5679 CONNECTION 427 555 300 5340 7440 7440
5680 CONNECTION 427 255 300 6420 8520 8520
5681 SINK 427 0 -1 -1 0 0
5682 CONNECTION 675 676 -1 -1 1620 1620
5683 CONNECTION 675 146 -1 -1 2640 2640
5684 CONNECTION 675 308 -1 -1 2280 2280
5685 CONNECTION 675 84 -1 -1 3900 3900
5686 CONNECTION 675 278 -1 -1 3840 3840
5687 CONNECTION 675 381 -1 -1 3480 3480
5688 CONNECTION 675 692 300 2820 4920 4920
5689 CONNECTION 675 351 300 2940 5040 5040
5690 CONNECTION 675 500 300 2580 4680 4680
5691 CONNECTION 675 107 300 3120 5220 5220
5692 CONNECTION 675 471 300 4140 6240 6240
5693 CONNECTION 675 584 300 3780 5880 5880
5694 CONNECTION 675 407 300 5400 7500 7500
5695 CONNECTION 675 687 300 5400 7500 7500
5696 CONNECTION 675 63 300 4980 7080 7080
5697 CONNECTION 675 555 300 5340 7440 7440
5698 CONNECTION 675 255 300 6420 8520 8520
5699 SINK 675 0 -1 -1 0 0
5700 CONNECTION 581 553 -1 -1 3420 3420
5701 CONNECTION 581 32 -1 -1 4620 4620
5702 CONNECTION 581 148 300 3720 5820 5820
5703 CONNECTION 581 533 300 5700 7800 7800
5704 CONNECTION 581 280 300 4920 7020 7020
5705 CONNECTION 581 353 300 6120 8220 8220
5706 CONNECTION 581 473 300 7320 9420 9420
5707 CONNECTION 581 632 300 9300 11400 11400
5708 CONNECTION 59 60 -1 -1 2580 2580
5709 CONNECTION 59 690 -1 -1 1920 1920
5710 CONNECTION 59 329 -1 -1 1980 1980
5711 CONNECTION 59 176 -1 -1 3780 3780
5712 CONNECTION 59 277 -1 -1 2460 2460
5713 CONNECTION 59 309 -1 -1 4980 4980
5714 CONNECTION 59 350 -1 -1 3660 3660
5715 CONNECTION 59 382 300 4080 6180 6180
5716 CONNECTION 59 470 300 2760 4860 4860
5717 CONNECTION 59 253 300 3420 5520 5520
5718 CONNECTION 59 604 300 3480 5580 5580
5719 CONNECTION 59 681 300 3480 5580 5580
5720 CONNECTION 59 501 300 5280 7380 7380
5721 CONNECTION 59 554 300 3960 6060 6060
5722 CONNECTION 59 585 300 6480 8580 8580
5723 CONNECTION 59 33 300 5160 7260 7260
5724 CONNECTION 551 552 -1 -1 1140 1140
5725 CONNECTION 551 380 -1 -1 2100 2100
5726 CONNECTION 551 685 -1 -1 2760 2760
5727 CONNECTION 551 31 -1 -1 2340 2340
5728 CONNECTION 551 630 -1 -1 3420 3420
5729 CONNECTION 551 499 -1 -1 3300 3300
5730 CONNECTION 551 106 -1 -1 3360 3360
5731 CONNECTION 551 406 -1 -1 3000 3000
5732 CONNECTION 551 671 -1 -1 3000 3000
5733 CONNECTION 551 147 -1 -1 3540 3540
5734 CONNECTION 551 617 -1 -1 6960 6960
5735 CONNECTION 551 583 300 2400 4500 4500
5736 CONNECTION 551 279 300 2640 4740 4740
5737 CONNECTION 551 62 300 3600 5700 5700
5738 CONNECTION 551 231 300 4260 6360 6360
5739 CONNECTION 551 352 300 3840 5940 5940
5740 CONNECTION 551 211 300 4920 7020 7020
5741 CONNECTION 551 178 300 4800 6900 6900
5742 CONNECTION 551 86 300 4500 6600 6600
5743 CONNECTION 551 430 300 4860 6960 6960
5744 CONNECTION 551 693 300 4860 6960 6960
5745 CONNECTION 551 472 300 5040 7140 7140
5746 CONNECTION 551 198 300 8460 10560 10560
5747 CONNECTION 551 311 300 6000 8100 8100
5748 CONNECTION 679 680 -1 -1 1140 1140
5749 CONNECTION 679 125 300 2640 4740 4740
5750 CONNECTION 679 108 300 2760 4860 4860
5751 CONNECTION 679 254 300 3360 5460 5460
5752 CONNECTION 679 605 300 4620 6720 6720
5753 CONNECTION 679 682 300 4620 6720 6720
5754 CONNECTION 29 30 -1 -1 1500 1500
5755 CONNECTION 29 146 -1 -1 2700 2700
5756 CONNECTION 29 308 -1 -1 2340 2340
5757 CONNECTION 29 84 -1 -1 3960 3960
5758 CONNECTION 29 278 -1 -1 3900 3900
5759 CONNECTION 29 381 -1 -1 3540 3540
5760 CONNECTION 29 692 300 2880 4980 4980
5761 CONNECTION 29 351 300 3000 5100 5100
5762 CONNECTION 29 500 300 2640 4740 4740
5763 CONNECTION 29 107 300 3180 5280 5280
5764 CONNECTION 29 471 300 4200 6300 6300
5765 CONNECTION 29 584 300 3840 5940 5940
5766 CONNECTION 29 407 300 5460 7560 7560
5767 CONNECTION 29 687 300 5460 7560 7560
5768 CONNECTION 29 63 300 5040 7140 7140
5769 CONNECTION 29 555 300 5400 7500 7500
5770 CONNECTION 29 255 300 6480 8580 8580
5771 SINK 29 0 -1 -1 0 0
5772 CONNECTION 468 498 -1 -1 1860 1860
5773 CONNECTION 468 582 -1 -1 3060 3060
5774 CONNECTION 468 61 300 2160 4260 4260
5775 CONNECTION 468 230 300 2640 4740 4740
5776 CONNECTION 468 177 300 3360 5460 5460
5777 CONNECTION 468 310 300 4560 6660 6660
5778 CONNECTION 468 383 300 5760 7860 7860
5779 CONNECTION 123 124 -1 -1 2820 2820
5780 CONNECTION 123 686 -1 -1 2640 2640
5781 CONNECTION 123 631 -1 -1 4620 4620
5782 CONNECTION 123 85 -1 -1 3360 3360
5783 CONNECTION 123 331 -1 -1 5520 5520
5784 CONNECTION 123 197 -1 -1 4140 4140
5785 CONNECTION 123 449 300 4320 6420 6420
5786 CONNECTION 123 232 300 4140 6240 6240
5787 CONNECTION 123 212 300 6120 8220 8220
5788 CONNECTION 123 408 300 4860 6960 6960
5789 CONNECTION 123 688 300 4860 6960 6960
5790 CONNECTION 123 606 300 7020 9120 9120
5791 CONNECTION 123 683 300 7020 9120 9120
5792 CONNECTION 123 521 300 5640 7740 7740
5793 CONNECTION 519 148 -1 -1 3480 3480
5794 CONNECTION 519 533 -1 -1 5460 5460
5795 CONNECTION 519 280 -1 -1 4680 4680
5796 CONNECTION 519 353 300 3780 5880 5880
5797 CONNECTION 519 473 300 4980 7080 7080
5798 CONNECTION 519 632 300 6960 9060 9060
5799 CONNECTION 519 557 300 6180 8280 8280
5800 CONNECTION 519 36 300 7380 9480 9480
5801 CONNECTION 229 84 -1 -1 2520 2520
5802 CONNECTION 229 278 -1 -1 2460 2460
5803 CONNECTION 229 381 -1 -1 2100 2100
5804 CONNECTION 229 692 -1 -1 3540 3540
5805 CONNECTION 229 351 -1 -1 3660 3660
5806 CONNECTION 229 500 -1 -1 3300 3300
5807 CONNECTION 229 107 -1 -1 3840 3840
5808 CONNECTION 229 471 300 2760 4860 4860
5809 CONNECTION 229 584 300 2400 4500 4500
5810 CONNECTION 229 407 300 4020 6120 6120
5811 CONNECTION 229 687 300 4020 6120 6120
5812 CONNECTION 229 63 300 3600 5700 5700
5813 CONNECTION 229 555 300 3960 6060 6060
5814 CONNECTION 229 255 300 5040 7140 7140
5815 CONNECTION 229 34 300 5160 7260 7260
5816 CONNECTION 229 179 300 4800 6900 6900
5817 CONNECTION 229 431 300 5340 7440 7440
5818 CONNECTION 229 694 300 5340 7440 7440
5819 CONNECTION 229 150 300 6360 8460 8460
5820 CONNECTION 229 312 300 6000 8100 8100
5821 SINK 229 0 -1 -1 0 0
5822 CONNECTION 307 308 -1 -1 1140 1140
5823 CONNECTION 307 84 -1 -1 2760 2760
5824 CONNECTION 307 278 -1 -1 2700 2700
5825 CONNECTION 307 381 -1 -1 2340 2340
5826 CONNECTION 307 692 -1 -1 3780 3780
5827 CONNECTION 307 351 -1 -1 3900 3900
5828 CONNECTION 307 500 -1 -1 3540 3540
5829 CONNECTION 307 107 -1 -1 4080 4080
5830 CONNECTION 307 471 300 3000 5100 5100
5831 CONNECTION 307 584 300 2640 4740 4740
5832 CONNECTION 307 407 300 4260 6360 6360
5833 CONNECTION 307 687 300 4260 6360 6360
5834 CONNECTION 307 63 300 3840 5940 5940
5835 CONNECTION 307 555 300 4200 6300 6300
5836 CONNECTION 307 255 300 5280 7380 7380
5837 CONNECTION 307 34 300 5400 7500 7500
5838 CONNECTION 307 179 300 5040 7140 7140
5839 CONNECTION 307 431 300 5580 7680 7680
5840 CONNECTION 307 694 300 5580 7680 7680
5841 SINK 307 0 -1 -1 0 0
5842 CONNECTION 349 350 -1 -1 1260 1260
5843 CONNECTION 349 382 -1 -1 3780 3780
5844 CONNECTION 349 470 -1 -1 2460 2460
5845 CONNECTION 349 253 -1 -1 3120 3120
5846 CONNECTION 349 604 -1 -1 3180 3180
5847 CONNECTION 349 681 -1 -1 3180 3180
5848 CONNECTION 349 501 -1 -1 4980 4980
5849 CONNECTION 349 554 -1 -1 3660 3660
5850 CONNECTION 349 585 300 4080 6180 6180
5851 CONNECTION 349 33 300 2760 4860 4860
5852 CONNECTION 349 64 300 5280 7380 7380
5853 CONNECTION 349 149 300 3960 6060 6060
5854 CONNECTION 349 707 300 4620 6720 6720
5855 CONNECTION 349 9 300 4680 6780 6780
5856 CONNECTION 349 180 300 6480 8580 8580
5857 CONNECTION 349 281 300 5160 7260 7260
5858 CONNECTION 379 380 -1 -1 1500 1500
5859 CONNECTION 379 685 -1 -1 2160 2160
5860 CONNECTION 379 31 -1 -1 1740 1740
5861 CONNECTION 379 630 -1 -1 2820 2820
5862 CONNECTION 379 499 -1 -1 2700 2700
5863 CONNECTION 379 106 -1 -1 2760 2760
5864 CONNECTION 379 406 -1 -1 2400 2400
5865 CONNECTION 379 671 -1 -1 2400 2400
5866 CONNECTION 379 147 -1 -1 2940 2940
5867 CONNECTION 379 617 -1 -1 6360 6360
5868 CONNECTION 379 583 -1 -1 3900 3900
5869 CONNECTION 379 279 300 2040 4140 4140
5870 CONNECTION 379 62 300 3000 5100 5100
5871 CONNECTION 379 231 300 3660 5760 5760
5872 CONNECTION 379 352 300 3240 5340 5340
5873 CONNECTION 379 211 300 4320 6420 6420
5874 CONNECTION 379 178 300 4200 6300 6300
5875 CONNECTION 379 86 300 3900 6000 6000
5876 CONNECTION 379 430 300 4260 6360 6360
5877 CONNECTION 379 693 300 4260 6360 6360
5878 CONNECTION 379 472 300 4440 6540 6540
5879 CONNECTION 379 198 300 7860 9960 9960
5880 CONNECTION 379 311 300 5400 7500 7500
5881 CONNECTION 379 556 300 5640 7740 7740
5882 CONNECTION 252 630 -1 -1 2340 2340
5883 CONNECTION 252 499 -1 -1 2220 2220
5884 CONNECTION 252 106 -1 -1 2280 2280
5885 CONNECTION 252 406 -1 -1 1920 1920
5886 CONNECTION 252 671 -1 -1 1920 1920
5887 CONNECTION 252 147 -1 -1 2460 2460
5888 CONNECTION 252 617 -1 -1 5880 5880
5889 CONNECTION 252 583 -1 -1 3420 3420
5890 CONNECTION 252 279 -1 -1 3660 3660
5891 CONNECTION 252 62 300 2520 4620 4620
5892 CONNECTION 252 231 300 3180 5280 5280
5893 CONNECTION 252 352 300 2760 4860 4860
5894 CONNECTION 252 211 300 3840 5940 5940
5895 CONNECTION 252 178 300 3720 5820 5820
5896 CONNECTION 252 86 300 3420 5520 5520
5897 CONNECTION 252 430 300 3780 5880 5880
5898 CONNECTION 252 693 300 3780 5880 5880
5899 CONNECTION 252 472 300 3960 6060 6060
5900 CONNECTION 252 198 300 7380 9480 9480
5901 CONNECTION 252 311 300 4920 7020 7020
5902 CONNECTION 252 556 300 5160 7260 7260
5903 CONNECTION 252 384 300 6120 8220 8220
5904 CONNECTION 60 32 -1 -1 3420 3420
5905 CONNECTION 60 148 -1 -1 4620 4620
5906 CONNECTION 60 533 -1 -1 6600 6600
5907 CONNECTION 60 280 300 3720 5820 5820
5908 CONNECTION 60 353 300 4920 7020 7020
5909 CONNECTION 60 473 300 6120 8220 8220
5910 CONNECTION 60 632 300 8100 10200 10200
5911 CONNECTION 60 557 300 7320 9420 9420
5912 CONNECTION 30 31 -1 -1 1140 1140
5913 CONNECTION 30 630 -1 -1 2220 2220
5914 CONNECTION 30 499 -1 -1 2100 2100
5915 CONNECTION 30 106 -1 -1 2160 2160
5916 CONNECTION 30 406 -1 -1 1800 1800
5917 CONNECTION 30 671 -1 -1 1800 1800
5918 CONNECTION 30 147 -1 -1 2340 2340
5919 CONNECTION 30 617 -1 -1 5760 5760
5920 CONNECTION 30 583 -1 -1 3300 3300
5921 CONNECTION 30 279 -1 -1 3540 3540
5922 CONNECTION 30 62 300 2400 4500 4500
5923 CONNECTION 30 231 300 3060 5160 5160
5924 CONNECTION 30 352 300 2640 4740 4740
5925 CONNECTION 30 211 300 3720 5820 5820
5926 CONNECTION 30 178 300 3600 5700 5700
5927 CONNECTION 30 86 300 3300 5400 5400
5928 CONNECTION 30 430 300 3660 5760 5760
5929 CONNECTION 30 693 300 3660 5760 5760
5930 CONNECTION 30 472 300 3840 5940 5940
5931 CONNECTION 30 198 300 7260 9360 9360
5932 CONNECTION 30 311 300 4800 6900 6900
5933 CONNECTION 30 556 300 5040 7140 7140
5934 CONNECTION 30 384 300 6000 8100 8100
5935 CONNECTION 30 702 300 6660 8760 8760
5936 CONNECTION 175 176 -1 -1 2580 2580
5937 CONNECTION 175 309 -1 -1 3780 3780
5938 CONNECTION 175 350 -1 -1 2460 2460
5939 CONNECTION 175 382 -1 -1 4980 4980
5940 CONNECTION 175 470 -1 -1 3660 3660
5941 CONNECTION 175 253 300 2220 4320 4320
5942 CONNECTION 175 604 300 2280 4380 4380
5943 CONNECTION 175 681 300 2280 4380 4380
5944 CONNECTION 175 501 300 4080 6180 6180
5945 CONNECTION 175 554 300 2760 4860 4860
5946 CONNECTION 175 585 300 5280 7380 7380
5947 CONNECTION 175 33 300 3960 6060 6060
5948 CONNECTION 175 64 300 6480 8580 8580
5949 CONNECTION 175 149 300 5160 7260 7260
5950 CONNECTION 175 707 300 5820 7920 7920
5951 CONNECTION 175 9 300 5880 7980 7980
5952 CONNECTION 145 146 -1 -1 1500 1500
5953 CONNECTION 145 84 -1 -1 2760 2760
5954 CONNECTION 145 278 -1 -1 2700 2700
5955 CONNECTION 145 381 -1 -1 2340 2340
5956 CONNECTION 145 692 -1 -1 3780 3780
5957 CONNECTION 145 351 -1 -1 3900 3900
5958 CONNECTION 145 500 -1 -1 3540 3540
5959 CONNECTION 145 107 -1 -1 4080 4080
5960 CONNECTION 145 471 300 3000 5100 5100
5961 CONNECTION 145 584 300 2640 4740 4740
5962 CONNECTION 145 407 300 4260 6360 6360
5963 CONNECTION 145 687 300 4260 6360 6360
5964 CONNECTION 145 63 300 3840 5940 5940
5965 CONNECTION 145 555 300 4200 6300 6300
5966 CONNECTION 145 255 300 5280 7380 7380
5967 CONNECTION 145 34 300 5400 7500 7500
5968 CONNECTION 145 179 300 5040 7140 7140
5969 CONNECTION 145 431 300 5580 7680 7680
5970 CONNECTION 145 694 300 5580 7680 7680
5971 SINK 145 0 -1 -1 0 0
5972 CONNECTION 428 429 -1 -1 1200 1200
5973 CONNECTION 428 125 300 2580 4680 4680
5974 CONNECTION 428 108 300 2700 4800 4800
5975 CONNECTION 428 254 300 3300 5400 5400
5976 CONNECTION 428 605 300 4560 6660 6660
5977 CONNECTION 428 682 300 4560 6660 6660
5978 CONNECTION 676 677 -1 -1 1200 1200
5979 CONNECTION 676 125 300 2580 4680 4680
5980 CONNECTION 676 108 300 2700 4800 4800
5981 CONNECTION 676 254 300 3300 5400 5400
5982 CONNECTION 676 605 300 4560 6660 6660
5983 CONNECTION 676 682 300 4560 6660 6660
5984 CONNECTION 532 520 -1 -1 5040 5040
5985 CONNECTION 532 696 300 4080 6180 6180
5986 CONNECTION 532 618 300 6540 8640 8640
5987 CONNECTION 532 126 300 7680 9780 9780
5988 CONNECTION 684 685 -1 -1 1680 1680
5989 CONNECTION 684 630 -1 -1 2340 2340
5990 CONNECTION 684 499 -1 -1 2220 2220
5991 CONNECTION 684 106 -1 -1 2280 2280
5992 CONNECTION 684 406 -1 -1 1920 1920
5993 CONNECTION 684 671 -1 -1 1920 1920
5994 CONNECTION 684 147 -1 -1 2460 2460
5995 CONNECTION 684 617 -1 -1 5880 5880
5996 CONNECTION 684 583 -1 -1 3420 3420
5997 CONNECTION 684 279 -1 -1 3660 3660
5998 CONNECTION 684 62 300 2520 4620 4620
5999 CONNECTION 684 231 300 3180 5280 5280
6000 CONNECTION 684 352 300 2760 4860 4860
6001 CONNECTION 684 211 300 3840 5940 5940
6002 CONNECTION 684 178 300 3720 5820 5820
6003 CONNECTION 684 86 300 3420 5520 5520
6004 CONNECTION 684 430 300 3780 5880 5880
6005 CONNECTION 684 693 300 3780 5880 5880
6006 CONNECTION 684 472 300 3960 6060 6060
6007 CONNECTION 684 198 300 7380 9480 9480
6008 CONNECTION 684 311 300 4920 7020 7020
6009 CONNECTION 684 556 300 5160 7260 7260
6010 CONNECTION 684 384 300 6120 8220 8220
6011 CONNECTION 552 582 -1 -1 1860 1860
6012 CONNECTION 552 61 -1 -1 3060 3060
6013 CONNECTION 552 230 -1 -1 3540 3540
6014 CONNECTION 552 177 300 2160 4260 4260
6015 CONNECTION 552 310 300 3360 5460 5460
6016 CONNECTION 552 383 300 4560 6660 6660
6017 CONNECTION 552 701 300 5040 7140 7140
6018 CONNECTION 552 502 300 5760 7860 7860
6019 CONNECTION 405 406 -1 -1 1140 1140
6020 CONNECTION 405 147 -1 -1 1680 1680
6021 CONNECTION 405 617 -1 -1 5100 5100
6022 CONNECTION 405 583 -1 -1 2640 2640
6023 CONNECTION 405 279 -1 -1 2880 2880
6024 CONNECTION 405 62 -1 -1 3840 3840
6025 CONNECTION 405 231 -1 -1 4500 4500
6026 CONNECTION 405 352 300 1980 4080 4080
6027 CONNECTION 405 211 300 3060 5160 5160
6028 CONNECTION 405 178 300 2940 5040 5040
6029 CONNECTION 405 86 300 2640 4740 4740
6030 CONNECTION 405 430 300 3000 5100 5100
6031 CONNECTION 405 693 300 3000 5100 5100
6032 CONNECTION 405 472 300 3180 5280 5280
6033 CONNECTION 405 198 300 6600 8700 8700
6034 CONNECTION 405 311 300 4140 6240 6240
6035 CONNECTION 405 556 300 4380 6480 6480
6036 CONNECTION 405 384 300 5340 7440 7440
6037 CONNECTION 405 702 300 6000 8100 8100
6038 CONNECTION 405 35 300 5580 7680 7680
6039 CONNECTION 405 534 300 6660 8760 8760
6040 CONNECTION 670 671 -1 -1 1140 1140
6041 CONNECTION 670 147 -1 -1 1680 1680
6042 CONNECTION 670 617 -1 -1 5100 5100
6043 CONNECTION 670 583 -1 -1 2640 2640
6044 CONNECTION 670 279 -1 -1 2880 2880
6045 CONNECTION 670 62 -1 -1 3840 3840
6046 CONNECTION 670 231 -1 -1 4500 4500
6047 CONNECTION 670 352 300 1980 4080 4080
6048 CONNECTION 670 211 300 3060 5160 5160
6049 CONNECTION 670 178 300 2940 5040 5040
6050 CONNECTION 670 86 300 2640 4740 4740
6051 CONNECTION 670 430 300 3000 5100 5100
6052 CONNECTION 670 693 300 3000 5100 5100
6053 CONNECTION 670 472 300 3180 5280 5280
6054 CONNECTION 670 198 300 6600 8700 8700
6055 CONNECTION 670 311 300 4140 6240 6240
6056 CONNECTION 670 556 300 4380 6480 6480
6057 CONNECTION 670 384 300 5340 7440 7440
6058 CONNECTION 670 702 300 6000 8100 8100
6059 CONNECTION 670 35 300 5580 7680 7680
6060 CONNECTION 670 534 300 6660 8760 8760
6061 CONNECTION 690 691 -1 -1 1620 1620
6062 CONNECTION 690 125 300 2400 4500 4500
6063 CONNECTION 690 108 300 2520 4620 4620
6064 CONNECTION 690 254 300 3120 5220 5220
6065 CONNECTION 690 605 300 4380 6480 6480
6066 CONNECTION 690 682 300 4380 6480 6480
6067 CONNECTION 690 450 300 6000 8100 8100
6068 CONNECTION 690 432 300 6120 8220 8220
6069 CONNECTION 690 695 300 6120 8220 8220
6070 CONNECTION 329 330 -1 -1 2820 2820
6071 CONNECTION 329 125 300 2340 4440 4440
6072 CONNECTION 329 108 300 2460 4560 4560
6073 CONNECTION 329 254 300 3060 5160 5160
6074 CONNECTION 329 605 300 4320 6420 6420
6075 CONNECTION 329 682 300 4320 6420 6420
6076 CONNECTION 329 450 300 5940 8040 8040
6077 CONNECTION 329 432 300 6060 8160 8160
6078 CONNECTION 329 695 300 6060 8160 8160
6079 CONNECTION 380 381 -1 -1 1140 1140
6080 CONNECTION 380 692 -1 -1 2580 2580
6081 CONNECTION 380 351 -1 -1 2700 2700
6082 CONNECTION 380 500 -1 -1 2340 2340
6083 CONNECTION 380 107 -1 -1 2880 2880
6084 CONNECTION 380 471 -1 -1 3900 3900
6085 CONNECTION 380 584 -1 -1 3540 3540
6086 CONNECTION 380 407 300 3060 5160 5160
6087 CONNECTION 380 687 300 3060 5160 5160
6088 CONNECTION 380 63 300 2640 4740 4740
6089 CONNECTION 380 555 300 3000 5100 5100
6090 CONNECTION 380 255 300 4080 6180 6180
6091 CONNECTION 380 34 300 4200 6300 6300
6092 CONNECTION 380 179 300 3840 5940 5940
6093 CONNECTION 380 431 300 4380 6480 6480
6094 CONNECTION 380 694 300 4380 6480 6480
6095 CONNECTION 380 150 300 5400 7500 7500
6096 CONNECTION 380 312 300 5040 7140 7140
6097 CONNECTION 380 87 300 6660 8760 8760
6098 SINK 380 0 -1 -1 0 0
6099 CONNECTION 469 470 -1 -1 1260 1260
6100 CONNECTION 469 253 -1 -1 1920 1920
6101 CONNECTION 469 604 -1 -1 1980 1980
6102 CONNECTION 469 681 -1 -1 1980 1980
6103 CONNECTION 469 501 -1 -1 3780 3780
6104 CONNECTION 469 554 -1 -1 2460 2460
6105 CONNECTION 469 585 -1 -1 4980 4980
6106 CONNECTION 469 33 -1 -1 3660 3660
6107 CONNECTION 469 64 300 4080 6180 6180
6108 CONNECTION 469 149 300 2760 4860 4860
6109 CONNECTION 469 707 300 3420 5520 5520
6110 CONNECTION 469 9 300 3480 5580 5580
6111 CONNECTION 469 180 300 5280 7380 7380
6112 CONNECTION 469 281 300 3960 6060 6060
6113 CONNECTION 469 313 300 6480 8580 8580
6114 CONNECTION 469 354 300 5160 7260 7260
6115 CONNECTION 498 499 -1 -1 1500 1500
6116 CONNECTION 498 147 -1 -1 1740 1740
6117 CONNECTION 498 617 -1 -1 5160 5160
6118 CONNECTION 498 583 -1 -1 2700 2700
6119 CONNECTION 498 279 -1 -1 2940 2940
6120 CONNECTION 498 62 -1 -1 3900 3900
6121 CONNECTION 498 231 -1 -1 4560 4560
6122 CONNECTION 498 352 300 2040 4140 4140
6123 CONNECTION 498 211 300 3120 5220 5220
6124 CONNECTION 498 178 300 3000 5100 5100
6125 CONNECTION 498 86 300 2700 4800 4800
6126 CONNECTION 498 430 300 3060 5160 5160
6127 CONNECTION 498 693 300 3060 5160 5160
6128 CONNECTION 498 472 300 3240 5340 5340
6129 CONNECTION 498 198 300 6660 8760 8760
6130 CONNECTION 498 311 300 4200 6300 6300
6131 CONNECTION 498 556 300 4440 6540 6540
6132 CONNECTION 498 384 300 5400 7500 7500
6133 CONNECTION 498 702 300 6060 8160 8160
6134 CONNECTION 498 35 300 5640 7740 7740
6135 CONNECTION 8 520 -1 -1 4140 4140
6136 CONNECTION 8 696 -1 -1 5280 5280
6137 CONNECTION 8 618 300 5640 7740 7740
6138 CONNECTION 8 126 300 6780 8880 8880
6139 CONNECTION 176 148 -1 -1 3420 3420
6140 CONNECTION 176 533 -1 -1 5400 5400
6141 CONNECTION 176 280 -1 -1 4620 4620
6142 CONNECTION 176 353 300 3720 5820 5820
6143 CONNECTION 176 473 300 4920 7020 7020
6144 CONNECTION 176 632 300 6900 9000 9000
6145 CONNECTION 176 557 300 6120 8220 8220
6146 CONNECTION 176 36 300 7320 9420 9420
6147 CONNECTION 146 147 -1 -1 1140 1140
6148 CONNECTION 146 583 -1 -1 2100 2100
6149 CONNECTION 146 279 -1 -1 2340 2340
6150 CONNECTION 146 62 -1 -1 3300 3300
6151 CONNECTION 146 231 -1 -1 3960 3960
6152 CONNECTION 146 352 -1 -1 3540 3540
6153 CONNECTION 146 211 300 2520 4620 4620
6154 CONNECTION 146 178 300 2400 4500 4500
6155 CONNECTION 146 86 300 2100 4200 4200
6156 CONNECTION 146 430 300 2460 4560 4560
6157 CONNECTION 146 693 300 2460 4560 4560
6158 CONNECTION 146 472 300 2640 4740 4740
6159 CONNECTION 146 198 300 6060 8160 8160
6160 CONNECTION 146 311 300 3600 5700 5700
6161 CONNECTION 146 556 300 3840 5940 5940
6162 CONNECTION 146 384 300 4800 6900 6900
6163 CONNECTION 146 702 300 5460 7560 7560
6164 CONNECTION 146 35 300 5040 7140 7140
6165 CONNECTION 146 534 300 6120 8220 8220
6166 CONNECTION 146 503 300 6000 8100 8100
6167 CONNECTION 146 109 300 6060 8160 8160
6168 CONNECTION 146 409 300 5700 7800 7800
6169 CONNECTION 146 689 300 5700 7800 7800
6170 CONNECTION 210 211 -1 -1 1800 1800
6171 CONNECTION 210 472 -1 -1 1920 1920
6172 CONNECTION 210 198 -1 -1 5340 5340
6173 CONNECTION 210 311 -1 -1 2880 2880
6174 CONNECTION 210 556 -1 -1 3120 3120
6175 CONNECTION 210 384 -1 -1 4080 4080
6176 CONNECTION 210 702 300 2640 4740 4740
6177 CONNECTION 210 35 300 2220 4320 4320
6178 CONNECTION 210 534 300 3300 5400 5400
6179 CONNECTION 210 503 300 3180 5280 5280
6180 CONNECTION 210 109 300 3240 5340 5340
6181 CONNECTION 210 409 300 2880 4980 4980
6182 CONNECTION 210 689 300 2880 4980 4980
6183 CONNECTION 210 151 300 3420 5520 5520
6184 CONNECTION 210 522 300 6840 8940 8940
6185 CONNECTION 210 587 300 4380 6480 6480
6186 CONNECTION 210 283 300 4620 6720 6720
6187 CONNECTION 210 66 300 5580 7680 7680
6188 CONNECTION 210 234 300 6240 8340 8340
6189 CONNECTION 210 356 300 5820 7920 7920
6190 CONNECTION 308 309 -1 -1 2580 2580
6191 CONNECTION 308 382 -1 -1 3780 3780
6192 CONNECTION 308 470 -1 -1 2460 2460
6193 CONNECTION 308 253 -1 -1 3120 3120
6194 CONNECTION 308 604 -1 -1 3180 3180
6195 CONNECTION 308 681 -1 -1 3180 3180
6196 CONNECTION 308 501 -1 -1 4980 4980
6197 CONNECTION 308 554 -1 -1 3660 3660
6198 CONNECTION 308 585 300 4080 6180 6180
6199 CONNECTION 308 33 300 2760 4860 4860
6200 CONNECTION 308 64 300 5280 7380 7380
6201 CONNECTION 308 149 300 3960 6060 6060
6202 CONNECTION 308 707 300 4620 6720 6720
6203 CONNECTION 308 9 300 4680 6780 6780
6204 CONNECTION 308 180 300 6480 8580 8580
6205 CONNECTION 308 281 300 5160 7260 7260
6206 CONNECTION 277 278 -1 -1 1500 1500
6207 CONNECTION 277 692 -1 -1 2580 2580
6208 CONNECTION 277 351 -1 -1 2700 2700
6209 CONNECTION 277 500 -1 -1 2340 2340
6210 CONNECTION 277 107 -1 -1 2880 2880
6211 CONNECTION 277 471 -1 -1 3900 3900
6212 CONNECTION 277 584 -1 -1 3540 3540
6213 CONNECTION 277 407 300 3060 5160 5160
6214 CONNECTION 277 687 300 3060 5160 5160
6215 CONNECTION 277 63 300 2640 4740 4740
6216 CONNECTION 277 555 300 3000 5100 5100
6217 CONNECTION 277 255 300 4080 6180 6180
6218 CONNECTION 277 34 300 4200 6300 6300
6219 CONNECTION 277 179 300 3840 5940 5940
6220 CONNECTION 277 431 300 4380 6480 6480
6221 CONNECTION 277 694 300 4380 6480 6480
6222 CONNECTION 277 150 300 5400 7500 7500
6223 CONNECTION 277 312 300 5040 7140 7140
6224 CONNECTION 277 87 300 6660 8760 8760
6225 SINK 277 0 -1 -1 0 0
6226 CONNECTION 616 617 -1 -1 4320 4320
6227 CONNECTION 616 279 -1 -1 2100 2100
6228 CONNECTION 616 62 -1 -1 3060 3060
6229 CONNECTION 616 231 -1 -1 3720 3720
6230 CONNECTION 616 352 -1 -1 3300 3300
6231 CONNECTION 616 211 -1 -1 4380 4380
6232 CONNECTION 616 178 -1 -1 4260 4260
6233 CONNECTION 616 86 -1 -1 3960 3960
6234 CONNECTION 616 430 -1 -1 4320 4320
6235 CONNECTION 616 693 -1 -1 4320 4320
6236 CONNECTION 616 472 300 2400 4500 4500
6237 CONNECTION 616 198 300 5820 7920 7920
6238 CONNECTION 616 311 300 3360 5460 5460
6239 CONNECTION 616 556 300 3600 5700 5700
6240 CONNECTION 616 384 300 4560 6660 6660
6241 CONNECTION 616 702 300 5220 7320 7320
6242 CONNECTION 616 35 300 4800 6900 6900
6243 CONNECTION 616 534 300 5880 7980 7980
6244 CONNECTION 616 503 300 5760 7860 7860
6245 CONNECTION 616 109 300 5820 7920 7920
6246 CONNECTION 616 409 300 5460 7560 7560
6247 CONNECTION 616 689 300 5460 7560 7560
6248 CONNECTION 616 151 300 6000 8100 8100
6249 CONNECTION 685 686 -1 -1 1980 1980
6250 CONNECTION 685 631 -1 -1 3960 3960
6251 CONNECTION 685 85 -1 -1 2700 2700
6252 CONNECTION 685 331 -1 -1 4860 4860
6253 CONNECTION 685 197 -1 -1 3480 3480
6254 CONNECTION 685 449 300 3660 5760 5760
6255 CONNECTION 685 232 300 3480 5580 5580
6256 CONNECTION 685 212 300 5460 7560 7560
6257 CONNECTION 685 408 300 4200 6300 6300
6258 CONNECTION 685 688 300 4200 6300 6300
6259 CONNECTION 685 606 300 6360 8460 8460
6260 CONNECTION 685 683 300 6360 8460 8460
6261 CONNECTION 685 521 300 4980 7080 7080
6262 CONNECTION 685 697 300 7260 9360 9360
6263 CONNECTION 31 61 -1 -1 1860 1860
6264 CONNECTION 31 230 -1 -1 2340 2340
6265 CONNECTION 31 177 -1 -1 3060 3060
6266 CONNECTION 31 310 300 2160 4260 4260
6267 CONNECTION 31 383 300 3360 5460 5460
6268 CONNECTION 31 701 300 3840 5940 5940
6269 CONNECTION 31 502 300 4560 6660 6660
6270 CONNECTION 31 586 300 5760 7860 7860
6271 CONNECTION 680 382 -1 -1 3360 3360
6272 CONNECTION 680 470 -1 -1 2040 2040
6273 CONNECTION 680 253 -1 -1 2700 2700
6274 CONNECTION 680 604 -1 -1 2760 2760
6275 CONNECTION 680 681 -1 -1 2760 2760
6276 CONNECTION 680 501 -1 -1 4560 4560
6277 CONNECTION 680 554 -1 -1 3240 3240
6278 CONNECTION 680 585 300 3660 5760 5760
6279 CONNECTION 680 33 300 2340 4440 4440
6280 CONNECTION 680 64 300 4860 6960 6960
6281 CONNECTION 680 149 300 3540 5640 5640
6282 CONNECTION 680 707 300 4200 6300 6300
6283 CONNECTION 680 9 300 4260 6360 6360
6284 CONNECTION 680 180 300 6060 8160 8160
6285 CONNECTION 680 281 300 4740 6840 6840
6286 CONNECTION 680 313 300 7260 9360 9360
6287 CONNECTION 680 354 300 5940 8040 8040
6288 CONNECTION 196 197 -1 -1 1680 1680
6289 CONNECTION 196 449 -1 -1 3960 3960
6290 CONNECTION 196 232 -1 -1 3780 3780
6291 CONNECTION 196 212 -1 -1 5760 5760
6292 CONNECTION 196 408 -1 -1 4500 4500
6293 CONNECTION 196 688 -1 -1 4500 4500
6294 CONNECTION 196 606 300 4560 6660 6660
6295 CONNECTION 196 683 300 4560 6660 6660
6296 CONNECTION 196 521 300 3180 5280 5280
6297 CONNECTION 196 697 300 5460 7560 7560
6298 CONNECTION 196 703 300 5280 7380 7380
6299 CONNECTION 196 535 300 7260 9360 9360
6300 CONNECTION 196 88 300 6000 8100 8100
6301 CONNECTION 196 11 300 8160 10260 10260
6302 CONNECTION 429 382 -1 -1 3240 3240
6303 CONNECTION 429 470 -1 -1 1920 1920
6304 CONNECTION 429 253 -1 -1 2580 2580
6305 CONNECTION 429 604 -1 -1 2640 2640
6306 CONNECTION 429 681 -1 -1 2640 2640
6307 CONNECTION 429 501 -1 -1 4440 4440
6308 CONNECTION 429 554 -1 -1 3120 3120
6309 CONNECTION 429 585 300 3540 5640 5640
6310 CONNECTION 429 33 300 2220 4320 4320
6311 CONNECTION 429 64 300 4740 6840 6840
6312 CONNECTION 429 149 300 3420 5520 5520
6313 CONNECTION 429 707 300 4080 6180 6180
6314 CONNECTION 429 9 300 4140 6240 6240
6315 CONNECTION 429 180 300 5940 8040 8040
6316 CONNECTION 429 281 300 4620 6720 6720
6317 CONNECTION 429 313 300 7140 9240 9240
6318 CONNECTION 429 354 300 5820 7920 7920
6319 CONNECTION 677 382 -1 -1 3240 3240
6320 CONNECTION 677 470 -1 -1 1920 1920
6321 CONNECTION 677 253 -1 -1 2580 2580
6322 CONNECTION 677 604 -1 -1 2640 2640
6323 CONNECTION 677 681 -1 -1 2640 2640
6324 CONNECTION 677 501 -1 -1 4440 4440
6325 CONNECTION 677 554 -1 -1 3120 3120
6326 CONNECTION 677 585 300 3540 5640 5640
6327 CONNECTION 677 33 300 2220 4320 4320
6328 CONNECTION 677 64 300 4740 6840 6840
6329 CONNECTION 677 149 300 3420 5520 5520
6330 CONNECTION 677 707 300 4080 6180 6180
6331 CONNECTION 677 9 300 4140 6240 6240
6332 CONNECTION 677 180 300 5940 8040 8040
6333 CONNECTION 677 281 300 4620 6720 6720
6334 CONNECTION 677 313 300 7140 9240 9240
6335 CONNECTION 677 354 300 5820 7920 7920
6336 CONNECTION 691 692 -1 -1 1500 1500
6337 CONNECTION 691 471 -1 -1 2820 2820
6338 CONNECTION 691 584 -1 -1 2460 2460
6339 CONNECTION 691 407 -1 -1 4080 4080
6340 CONNECTION 691 687 -1 -1 4080 4080
6341 CONNECTION 691 63 -1 -1 3660 3660
6342 CONNECTION 691 555 -1 -1 4020 4020
6343 CONNECTION 691 255 300 3000 5100 5100
6344 CONNECTION 691 34 300 3120 5220 5220
6345 CONNECTION 691 179 300 2760 4860 4860
6346 CONNECTION 691 431 300 3300 5400 5400
6347 CONNECTION 691 694 300 3300 5400 5400
6348 CONNECTION 691 150 300 4320 6420 6420
6349 CONNECTION 691 312 300 3960 6060 6060
6350 CONNECTION 691 87 300 5580 7680 7680
6351 CONNECTION 691 282 300 5520 7620 7620
6352 CONNECTION 691 385 300 5160 7260 7260
6353 SINK 691 0 -1 -1 0 0
6354 CONNECTION 330 331 -1 -1 3180 3180
6355 CONNECTION 330 449 -1 -1 4080 4080
6356 CONNECTION 330 232 -1 -1 3900 3900
6357 CONNECTION 330 212 -1 -1 5880 5880
6358 CONNECTION 330 408 300 2520 4620 4620
6359 CONNECTION 330 688 300 2520 4620 4620
6360 CONNECTION 330 606 300 4680 6780 6780
6361 CONNECTION 330 683 300 4680 6780 6780
6362 CONNECTION 330 521 300 3300 5400 5400
6363 CONNECTION 330 697 300 5580 7680 7680
6364 CONNECTION 330 703 300 5400 7500 7500
6365 CONNECTION 330 535 300 7380 9480 9480
6366 CONNECTION 330 88 300 6120 8220 8220
6367 CONNECTION 630 631 -1 -1 3300 3300
6368 CONNECTION 630 331 -1 -1 4200 4200
6369 CONNECTION 630 197 -1 -1 2820 2820
6370 CONNECTION 630 449 -1 -1 5100 5100
6371 CONNECTION 630 232 300 2820 4920 4920
6372 CONNECTION 630 212 300 4800 6900 6900
6373 CONNECTION 630 408 300 3540 5640 5640
6374 CONNECTION 630 688 300 3540 5640 5640
6375 CONNECTION 630 606 300 5700 7800 7800
6376 CONNECTION 630 683 300 5700 7800 7800
6377 CONNECTION 630 521 300 4320 6420 6420
6378 CONNECTION 630 697 300 6600 8700 8700
6379 CONNECTION 630 703 300 6420 8520 8520
6380 CONNECTION 84 85 -1 -1 1800 1800
6381 CONNECTION 84 331 -1 -1 3960 3960
6382 CONNECTION 84 197 -1 -1 2580 2580
6383 CONNECTION 84 449 -1 -1 4860 4860
6384 CONNECTION 84 232 -1 -1 4680 4680
6385 CONNECTION 84 212 300 4560 6660 6660
6386 CONNECTION 84 408 300 3300 5400 5400
6387 CONNECTION 84 688 300 3300 5400 5400
6388 CONNECTION 84 606 300 5460 7560 7560
6389 CONNECTION 84 683 300 5460 7560 7560
6390 CONNECTION 84 521 300 4080 6180 6180
6391 CONNECTION 84 697 300 6360 8460 8460
6392 CONNECTION 84 703 300 6180 8280 8280
6393 CONNECTION 84 535 300 8160 10260 10260
6394 CONNECTION 499 500 -1 -1 1140 1140
6395 CONNECTION 499 471 -1 -1 2700 2700
6396 CONNECTION 499 584 -1 -1 2340 2340
6397 CONNECTION 499 407 -1 -1 3960 3960
6398 CONNECTION 499 687 -1 -1 3960 3960
6399 CONNECTION 499 63 -1 -1 3540 3540
6400 CONNECTION 499 555 -1 -1 3900 3900
6401 CONNECTION 499 255 300 2880 4980 4980
6402 CONNECTION 499 34 300 3000 5100 5100
6403 CONNECTION 499 179 300 2640 4740 4740
6404 CONNECTION 499 431 300 3180 5280 5280
6405 CONNECTION 499 694 300 3180 5280 5280
6406 CONNECTION 499 150 300 4200 6300 6300
6407 CONNECTION 499 312 300 3840 5940 5940
6408 CONNECTION 499 87 300 5460 7560 7560
6409 CONNECTION 499 282 300 5400 7500 7500
6410 CONNECTION 499 385 300 5040 7140 7140
6411 CONNECTION 499 709 300 6480 8580 8580
6412 SINK 499 0 -1 -1 0 0
6413 CONNECTION 106 107 -1 -1 1620 1620
6414 CONNECTION 106 471 -1 -1 2640 2640
6415 CONNECTION 106 584 -1 -1 2280 2280
6416 CONNECTION 106 407 -1 -1 3900 3900
6417 CONNECTION 106 687 -1 -1 3900 3900
6418 CONNECTION 106 63 -1 -1 3480 3480
6419 CONNECTION 106 555 -1 -1 3840 3840
6420 CONNECTION 106 255 300 2820 4920 4920
6421 CONNECTION 106 34 300 2940 5040 5040
6422 CONNECTION 106 179 300 2580 4680 4680
6423 CONNECTION 106 431 300 3120 5220 5220
6424 CONNECTION 106 694 300 3120 5220 5220
6425 CONNECTION 106 150 300 4140 6240 6240
6426 CONNECTION 106 312 300 3780 5880 5880
6427 CONNECTION 106 87 300 5400 7500 7500
6428 CONNECTION 106 282 300 5340 7440 7440
6429 CONNECTION 106 385 300 4980 7080 7080
6430 CONNECTION 106 709 300 6420 8520 8520
6431 SINK 106 0 -1 -1 0 0
6432 CONNECTION 406 230 -1 -1 1680 1680
6433 CONNECTION 406 177 -1 -1 2400 2400
6434 CONNECTION 406 310 -1 -1 3600 3600
6435 CONNECTION 406 383 300 2700 4800 4800
6436 CONNECTION 406 701 300 3180 5280 5280
6437 CONNECTION 406 502 300 3900 6000 6000
6438 CONNECTION 406 586 300 5100 7200 7200
6439 CONNECTION 553 554 -1 -1 1260 1260
6440 CONNECTION 553 585 -1 -1 3780 3780
6441 CONNECTION 553 33 -1 -1 2460 2460
6442 CONNECTION 553 64 -1 -1 4980 4980
6443 CONNECTION 553 149 -1 -1 3660 3660
6444 CONNECTION 553 707 300 2220 4320 4320
6445 CONNECTION 553 9 300 2280 4380 4380
6446 CONNECTION 553 180 300 4080 6180 6180
6447 CONNECTION 553 281 300 2760 4860 4860
6448 CONNECTION 553 313 300 5280 7380 7380
6449 CONNECTION 553 354 300 3960 6060 6060
6450 CONNECTION 553 386 300 6480 8580 8580
6451 CONNECTION 553 474 300 5160 7260 7260
6452 CONNECTION 553 256 300 5820 7920 7920
6453 CONNECTION 553 332 300 5880 7980 7980
6454 CONNECTION 582 583 -1 -1 1500 1500
6455 CONNECTION 582 279 -1 -1 1740 1740
6456 CONNECTION 582 62 -1 -1 2700 2700
6457 CONNECTION 582 231 -1 -1 3360 3360
6458 CONNECTION 582 352 -1 -1 2940 2940
6459 CONNECTION 582 211 -1 -1 4020 4020
6460 CONNECTION 582 178 -1 -1 3900 3900
6461 CONNECTION 582 86 -1 -1 3600 3600
6462 CONNECTION 582 430 -1 -1 3960 3960
6463 CONNECTION 582 693 -1 -1 3960 3960
6464 CONNECTION 582 472 300 2040 4140 4140
6465 CONNECTION 582 198 300 5460 7560 7560
6466 CONNECTION 582 311 300 3000 5100 5100
6467 CONNECTION 582 556 300 3240 5340 5340
6468 CONNECTION 582 384 300 4200 6300 6300
6469 CONNECTION 582 702 300 4860 6960 6960
6470 CONNECTION 582 35 300 4440 6540 6540
6471 CONNECTION 582 534 300 5520 7620 7620
6472 CONNECTION 582 503 300 5400 7500 7500
6473 CONNECTION 582 109 300 5460 7560 7560
6474 CONNECTION 582 409 300 5100 7200 7200
6475 CONNECTION 582 689 300 5100 7200 7200
6476 CONNECTION 582 151 300 5640 7740 7740
6477 CONNECTION 582 522 300 9060 11160 11160
6478 CONNECTION 671 230 -1 -1 1680 1680
6479 CONNECTION 671 177 -1 -1 2400 2400
6480 CONNECTION 671 310 -1 -1 3600 3600
6481 CONNECTION 671 383 300 2700 4800 4800
6482 CONNECTION 671 701 300 3180 5280 5280
6483 CONNECTION 671 502 300 3900 6000 6000
6484 CONNECTION 671 586 300 5100 7200 7200
6485 CONNECTION 309 280 -1 -1 3420 3420
6486 CONNECTION 309 353 -1 -1 4620 4620
6487 CONNECTION 309 473 300 3720 5820 5820
6488 CONNECTION 309 632 300 5700 7800 7800
6489 CONNECTION 309 557 300 4920 7020 7020
6490 CONNECTION 309 36 300 6120 8220 8220
6491 CONNECTION 309 152 300 7320 9420 9420
6492 CONNECTION 309 213 300 9300 11400 11400
6493 CONNECTION 124 125 -1 -1 1140 1140
6494 CONNECTION 124 450 300 2640 4740 4740
6495 CONNECTION 124 432 300 2760 4860 4860
6496 CONNECTION 124 695 300 2760 4860 4860
6497 CONNECTION 124 708 300 3360 5460 5460
6498 CONNECTION 124 10 300 4620 6720 6720
6499 CONNECTION 278 279 -1 -1 1140 1140
6500 CONNECTION 278 62 -1 -1 2100 2100
6501 CONNECTION 278 231 -1 -1 2760 2760
6502 CONNECTION 278 352 -1 -1 2340 2340
6503 CONNECTION 278 211 -1 -1 3420 3420
6504 CONNECTION 278 178 -1 -1 3300 3300
6505 CONNECTION 278 86 -1 -1 3000 3000
6506 CONNECTION 278 430 -1 -1 3360 3360
6507 CONNECTION 278 693 -1 -1 3360 3360
6508 CONNECTION 278 472 -1 -1 3540 3540
6509 CONNECTION 278 198 -1 -1 6960 6960
6510 CONNECTION 278 311 300 2400 4500 4500
6511 CONNECTION 278 556 300 2640 4740 4740
6512 CONNECTION 278 384 300 3600 5700 5700
6513 CONNECTION 278 702 300 4260 6360 6360
6514 CONNECTION 278 35 300 3840 5940 5940
6515 CONNECTION 278 534 300 4920 7020 7020
6516 CONNECTION 278 503 300 4800 6900 6900
6517 CONNECTION 278 109 300 4860 6960 6960
6518 CONNECTION 278 409 300 4500 6600 6600
6519 CONNECTION 278 689 300 4500 6600 6600
6520 CONNECTION 278 151 300 5040 7140 7140
6521 CONNECTION 278 522 300 8460 10560 10560
6522 CONNECTION 278 587 300 6000 8100 8100
6523 CONNECTION 381 382 -1 -1 2580 2580
6524 CONNECTION 381 253 -1 -1 1920 1920
6525 CONNECTION 381 604 -1 -1 1980 1980
6526 CONNECTION 381 681 -1 -1 1980 1980
6527 CONNECTION 381 501 -1 -1 3780 3780
6528 CONNECTION 381 554 -1 -1 2460 2460
6529 CONNECTION 381 585 -1 -1 4980 4980
6530 CONNECTION 381 33 -1 -1 3660 3660
6531 CONNECTION 381 64 300 4080 6180 6180
6532 CONNECTION 381 149 300 2760 4860 4860
6533 CONNECTION 381 707 300 3420 5520 5520
6534 CONNECTION 381 9 300 3480 5580 5580
6535 CONNECTION 381 180 300 5280 7380 7380
6536 CONNECTION 381 281 300 3960 6060 6060
6537 CONNECTION 381 313 300 6480 8580 8580
6538 CONNECTION 381 354 300 5160 7260 7260
6539 CONNECTION 350 351 -1 -1 1500 1500
6540 CONNECTION 350 471 -1 -1 2700 2700
6541 CONNECTION 350 584 -1 -1 2340 2340
6542 CONNECTION 350 407 -1 -1 3960 3960
6543 CONNECTION 350 687 -1 -1 3960 3960
6544 CONNECTION 350 63 -1 -1 3540 3540
6545 CONNECTION 350 555 -1 -1 3900 3900
6546 CONNECTION 350 255 300 2880 4980 4980
6547 CONNECTION 350 34 300 3000 5100 5100
6548 CONNECTION 350 179 300 2640 4740 4740
6549 CONNECTION 350 431 300 3180 5280 5280
6550 CONNECTION 350 694 300 3180 5280 5280
6551 CONNECTION 350 150 300 4200 6300 6300
6552 CONNECTION 350 312 300 3840 5940 5940
6553 CONNECTION 350 87 300 5460 7560 7560
6554 CONNECTION 350 282 300 5400 7500 7500
6555 CONNECTION 350 385 300 5040 7140 7140
6556 CONNECTION 350 709 300 6480 8580 8580
6557 SINK 350 0 -1 -1 0 0
6558 CONNECTION 147 177 -1 -1 1860 1860
6559 CONNECTION 147 310 -1 -1 3060 3060
6560 CONNECTION 147 383 300 2160 4260 4260
6561 CONNECTION 147 701 300 2640 4740 4740
6562 CONNECTION 147 502 300 3360 5460 5460
6563 CONNECTION 147 586 300 4560 6660 6660
6564 CONNECTION 147 65 300 5760 7860 7860
6565 CONNECTION 448 449 -1 -1 2820 2820
6566 CONNECTION 448 232 -1 -1 2640 2640
6567 CONNECTION 448 212 -1 -1 4620 4620
6568 CONNECTION 448 408 -1 -1 3360 3360
6569 CONNECTION 448 688 -1 -1 3360 3360
6570 CONNECTION 448 606 -1 -1 5520 5520
6571 CONNECTION 448 683 -1 -1 5520 5520
6572 CONNECTION 448 521 -1 -1 4140 4140
6573 CONNECTION 448 697 300 4320 6420 6420
6574 CONNECTION 448 703 300 4140 6240 6240
6575 CONNECTION 448 535 300 6120 8220 8220
6576 CONNECTION 448 88 300 4860 6960 6960
6577 CONNECTION 448 11 300 7020 9120 9120
6578 CONNECTION 448 619 300 5640 7740 7740
6579 CONNECTION 617 473 -1 -1 3480 3480
6580 CONNECTION 617 632 -1 -1 5460 5460
6581 CONNECTION 617 557 -1 -1 4680 4680
6582 CONNECTION 617 36 300 3780 5880 5880
6583 CONNECTION 617 152 300 4980 7080 7080
6584 CONNECTION 617 213 300 6960 9060 9060
6585 CONNECTION 617 284 300 6180 8280 8280
6586 CONNECTION 617 357 300 7380 9480 9480
6587 CONNECTION 686 407 -1 -1 2520 2520
6588 CONNECTION 686 687 -1 -1 2520 2520
6589 CONNECTION 686 63 -1 -1 2100 2100
6590 CONNECTION 686 555 -1 -1 2460 2460
6591 CONNECTION 686 255 -1 -1 3540 3540
6592 CONNECTION 686 34 -1 -1 3660 3660
6593 CONNECTION 686 179 -1 -1 3300 3300
6594 CONNECTION 686 431 -1 -1 3840 3840
6595 CONNECTION 686 694 -1 -1 3840 3840
6596 CONNECTION 686 150 300 2760 4860 4860
6597 CONNECTION 686 312 300 2400 4500 4500
6598 CONNECTION 686 87 300 4020 6120 6120
6599 CONNECTION 686 282 300 3960 6060 6060
6600 CONNECTION 686 385 300 3600 5700 5700
6601 CONNECTION 686 709 300 5040 7140 7140
6602 CONNECTION 686 355 300 5160 7260 7260
6603 CONNECTION 686 504 300 4800 6900 6900
6604 CONNECTION 686 110 300 5340 7440 7440
6605 CONNECTION 686 475 300 6360 8460 8460
6606 CONNECTION 686 588 300 6000 8100 8100
6607 SINK 686 0 -1 -1 0 0
6608 CONNECTION 583 584 -1 -1 1140 1140
6609 CONNECTION 583 407 -1 -1 2760 2760
6610 CONNECTION 583 687 -1 -1 2760 2760
6611 CONNECTION 583 63 -1 -1 2340 2340
6612 CONNECTION 583 555 -1 -1 2700 2700
6613 CONNECTION 583 255 -1 -1 3780 3780
6614 CONNECTION 583 34 -1 -1 3900 3900
6615 CONNECTION 583 179 -1 -1 3540 3540
6616 CONNECTION 583 431 -1 -1 4080 4080
6617 CONNECTION 583 694 -1 -1 4080 4080
6618 CONNECTION 583 150 300 3000 5100 5100
6619 CONNECTION 583 312 300 2640 4740 4740
6620 CONNECTION 583 87 300 4260 6360 6360
6621 CONNECTION 583 282 300 4200 6300 6300
6622 CONNECTION 583 385 300 3840 5940 5940
6623 CONNECTION 583 709 300 5280 7380 7380
6624 CONNECTION 583 355 300 5400 7500 7500
6625 CONNECTION 583 504 300 5040 7140 7140
6626 CONNECTION 583 110 300 5580 7680 7680
6627 SINK 583 0 -1 -1 0 0
6628 CONNECTION 32 33 -1 -1 1260 1260
6629 CONNECTION 32 64 -1 -1 3780 3780
6630 CONNECTION 32 149 -1 -1 2460 2460
6631 CONNECTION 32 707 -1 -1 3120 3120
6632 CONNECTION 32 9 -1 -1 3180 3180
6633 CONNECTION 32 180 -1 -1 4980 4980
6634 CONNECTION 32 281 -1 -1 3660 3660
6635 CONNECTION 32 313 300 4080 6180 6180
6636 CONNECTION 32 354 300 2760 4860 4860
6637 CONNECTION 32 386 300 5280 7380 7380
6638 CONNECTION 32 474 300 3960 6060 6060
6639 CONNECTION 32 256 300 4620 6720 6720
6640 CONNECTION 32 332 300 4680 6780 6780
6641 CONNECTION 32 505 300 6480 8580 8580
6642 CONNECTION 32 558 300 5160 7260 7260
6643 CONNECTION 61 62 -1 -1 1500 1500
6644 CONNECTION 61 231 -1 -1 2160 2160
6645 CONNECTION 61 352 -1 -1 1740 1740
6646 CONNECTION 61 211 -1 -1 2820 2820
6647 CONNECTION 61 178 -1 -1 2700 2700
6648 CONNECTION 61 86 -1 -1 2400 2400
6649 CONNECTION 61 430 -1 -1 2760 2760
6650 CONNECTION 61 693 -1 -1 2760 2760
6651 CONNECTION 61 472 -1 -1 2940 2940
6652 CONNECTION 61 198 -1 -1 6360 6360
6653 CONNECTION 61 311 -1 -1 3900 3900
6654 CONNECTION 61 556 300 2040 4140 4140
6655 CONNECTION 61 384 300 3000 5100 5100
6656 CONNECTION 61 702 300 3660 5760 5760
6657 CONNECTION 61 35 300 3240 5340 5340
6658 CONNECTION 61 534 300 4320 6420 6420
6659 CONNECTION 61 503 300 4200 6300 6300
6660 CONNECTION 61 109 300 4260 6360 6360
6661 CONNECTION 61 409 300 3900 6000 6000
6662 CONNECTION 61 689 300 3900 6000 6000
6663 CONNECTION 61 151 300 4440 6540 6540
6664 CONNECTION 61 522 300 7860 9960 9960
6665 CONNECTION 61 587 300 5400 7500 7500
6666 CONNECTION 61 283 300 5640 7740 7740
6667 CONNECTION 692 211 -1 -1 2340 2340
6668 CONNECTION 692 178 -1 -1 2220 2220
6669 CONNECTION 692 86 -1 -1 1920 1920
6670 CONNECTION 692 430 -1 -1 2280 2280
6671 CONNECTION 692 693 -1 -1 2280 2280
6672 CONNECTION 692 472 -1 -1 2460 2460
6673 CONNECTION 692 198 -1 -1 5880 5880
6674 CONNECTION 692 311 -1 -1 3420 3420
6675 CONNECTION 692 556 -1 -1 3660 3660
6676 CONNECTION 692 384 300 2520 4620 4620
6677 CONNECTION 692 702 300 3180 5280 5280
6678 CONNECTION 692 35 300 2760 4860 4860
6679 CONNECTION 692 534 300 3840 5940 5940
6680 CONNECTION 692 503 300 3720 5820 5820
6681 CONNECTION 692 109 300 3780 5880 5880
6682 CONNECTION 692 409 300 3420 5520 5520
6683 CONNECTION 692 689 300 3420 5520 5520
6684 CONNECTION 692 151 300 3960 6060 6060
6685 CONNECTION 692 522 300 7380 9480 9480
6686 CONNECTION 692 587 300 4920 7020 7020
6687 CONNECTION 692 283 300 5160 7260 7260
6688 CONNECTION 692 66 300 6120 8220 8220
6689 CONNECTION 382 353 -1 -1 3420 3420
6690 CONNECTION 382 473 -1 -1 4620 4620
6691 CONNECTION 382 632 -1 -1 6600 6600
6692 CONNECTION 382 557 300 3720 5820 5820
6693 CONNECTION 382 36 300 4920 7020 7020
6694 CONNECTION 382 152 300 6120 8220 8220
6695 CONNECTION 382 213 300 8100 10200 10200
6696 CONNECTION 382 284 300 7320 9420 9420
6697 CONNECTION 351 352 -1 -1 1140 1140
6698 CONNECTION 351 211 -1 -1 2220 2220
6699 CONNECTION 351 178 -1 -1 2100 2100
6700 CONNECTION 351 86 -1 -1 1800 1800
6701 CONNECTION 351 430 -1 -1 2160 2160
6702 CONNECTION 351 693 -1 -1 2160 2160
6703 CONNECTION 351 472 -1 -1 2340 2340
6704 CONNECTION 351 198 -1 -1 5760 5760
6705 CONNECTION 351 311 -1 -1 3300 3300
6706 CONNECTION 351 556 -1 -1 3540 3540
6707 CONNECTION 351 384 300 2400 4500 4500
6708 CONNECTION 351 702 300 3060 5160 5160
6709 CONNECTION 351 35 300 2640 4740 4740
6710 CONNECTION 351 534 300 3720 5820 5820
6711 CONNECTION 351 503 300 3600 5700 5700
6712 CONNECTION 351 109 300 3660 5760 5760
6713 CONNECTION 351 409 300 3300 5400 5400
6714 CONNECTION 351 689 300 3300 5400 5400
6715 CONNECTION 351 151 300 3840 5940 5940
6716 CONNECTION 351 522 300 7260 9360 9360
6717 CONNECTION 351 587 300 4800 6900 6900
6718 CONNECTION 351 283 300 5040 7140 7140
6719 CONNECTION 351 66 300 6000 8100 8100
6720 CONNECTION 351 234 300 6660 8760 8760
6721 CONNECTION 500 501 -1 -1 2580 2580
6722 CONNECTION 500 585 -1 -1 3780 3780
6723 CONNECTION 500 33 -1 -1 2460 2460
6724 CONNECTION 500 64 -1 -1 4980 4980
6725 CONNECTION 500 149 -1 -1 3660 3660
6726 CONNECTION 500 707 300 2220 4320 4320
6727 CONNECTION 500 9 300 2280 4380 4380
6728 CONNECTION 500 180 300 4080 6180 6180
6729 CONNECTION 500 281 300 2760 4860 4860
6730 CONNECTION 500 313 300 5280 7380 7380
6731 CONNECTION 500 354 300 3960 6060 6060
6732 CONNECTION 500 386 300 6480 8580 8580
6733 CONNECTION 500 474 300 5160 7260 7260
6734 CONNECTION 500 256 300 5820 7920 7920
6735 CONNECTION 500 332 300 5880 7980 7980
6736 CONNECTION 107 108 -1 -1 1200 1200
6737 CONNECTION 107 450 300 2580 4680 4680
6738 CONNECTION 107 432 300 2700 4800 4800
6739 CONNECTION 107 695 300 2700 4800 4800
6740 CONNECTION 107 708 300 3300 5400 5400
6741 CONNECTION 107 10 300 4560 6660 6660
6742 CONNECTION 470 471 -1 -1 1500 1500
6743 CONNECTION 470 407 -1 -1 2760 2760
6744 CONNECTION 470 687 -1 -1 2760 2760
6745 CONNECTION 470 63 -1 -1 2340 2340
6746 CONNECTION 470 555 -1 -1 2700 2700
6747 CONNECTION 470 255 -1 -1 3780 3780
6748 CONNECTION 470 34 -1 -1 3900 3900
6749 CONNECTION 470 179 -1 -1 3540 3540
6750 CONNECTION 470 431 -1 -1 4080 4080
6751 CONNECTION 470 694 -1 -1 4080 4080
6752 CONNECTION 470 150 300 3000 5100 5100
6753 CONNECTION 470 312 300 2640 4740 4740
6754 CONNECTION 470 87 300 4260 6360 6360
6755 CONNECTION 470 282 300 4200 6300 6300
6756 CONNECTION 470 385 300 3840 5940 5940
6757 CONNECTION 470 709 300 5280 7380 7380
6758 CONNECTION 470 355 300 5400 7500 7500
6759 CONNECTION 470 504 300 5040 7140 7140
6760 CONNECTION 470 110 300 5580 7680 7680
6761 SINK 470 0 -1 -1 0 0
6762 CONNECTION 230 231 -1 -1 1680 1680
6763 CONNECTION 230 211 -1 -1 2340 2340
6764 CONNECTION 230 178 -1 -1 2220 2220
6765 CONNECTION 230 86 -1 -1 1920 1920
6766 CONNECTION 230 430 -1 -1 2280 2280
6767 CONNECTION 230 693 -1 -1 2280 2280
6768 CONNECTION 230 472 -1 -1 2460 2460
6769 CONNECTION 230 198 -1 -1 5880 5880
6770 CONNECTION 230 311 -1 -1 3420 3420
6771 CONNECTION 230 556 -1 -1 3660 3660
6772 CONNECTION 230 384 300 2520 4620 4620
6773 CONNECTION 230 702 300 3180 5280 5280
6774 CONNECTION 230 35 300 2760 4860 4860
6775 CONNECTION 230 534 300 3840 5940 5940
6776 CONNECTION 230 503 300 3720 5820 5820
6777 CONNECTION 230 109 300 3780 5880 5880
6778 CONNECTION 230 409 300 3420 5520 5520
6779 CONNECTION 230 689 300 3420 5520 5520
6780 CONNECTION 230 151 300 3960 6060 6060
6781 CONNECTION 230 522 300 7380 9480 9480
6782 CONNECTION 230 587 300 4920 7020 7020
6783 CONNECTION 230 283 300 5160 7260 7260
6784 CONNECTION 230 66 300 6120 8220 8220
6785 CONNECTION 631 618 -1 -1 5040 5040
6786 CONNECTION 631 126 300 4080 6180 6180
6787 CONNECTION 631 199 300 6540 8640 8640
6788 CONNECTION 631 451 300 7680 9780 9780
6789 CONNECTION 279 310 -1 -1 1860 1860
6790 CONNECTION 279 383 -1 -1 3060 3060
6791 CONNECTION 279 701 -1 -1 3540 3540
6792 CONNECTION 279 502 300 2160 4260 4260
6793 CONNECTION 279 586 300 3360 5460 5460
6794 CONNECTION 279 65 300 4560 6660 6660
6795 CONNECTION 279 233 300 5040 7140 7140
6796 CONNECTION 279 181 300 5760 7860 7860
6797 CONNECTION 85 86 -1 -1 1140 1140
6798 CONNECTION 85 472 -1 -1 1680 1680
6799 CONNECTION 85 198 -1 -1 5100 5100
6800 CONNECTION 85 311 -1 -1 2640 2640
6801 CONNECTION 85 556 -1 -1 2880 2880
6802 CONNECTION 85 384 -1 -1 3840 3840
6803 CONNECTION 85 702 -1 -1 4500 4500
6804 CONNECTION 85 35 300 1980 4080 4080
6805 CONNECTION 85 534 300 3060 5160 5160
6806 CONNECTION 85 503 300 2940 5040 5040
6807 CONNECTION 85 109 300 3000 5100 5100
6808 CONNECTION 85 409 300 2640 4740 4740
6809 CONNECTION 85 689 300 2640 4740 4740
6810 CONNECTION 85 151 300 3180 5280 5280
6811 CONNECTION 85 522 300 6600 8700 8700
6812 CONNECTION 85 587 300 4140 6240 6240
6813 CONNECTION 85 283 300 4380 6480 6480
6814 CONNECTION 85 66 300 5340 7440 7440
6815 CONNECTION 85 234 300 6000 8100 8100
6816 CONNECTION 85 356 300 5580 7680 7680
6817 CONNECTION 85 633 300 6660 8760 8760
6818 CONNECTION 253 254 -1 -1 1620 1620
6819 CONNECTION 253 450 300 2400 4500 4500
6820 CONNECTION 253 432 300 2520 4620 4620
6821 CONNECTION 253 695 300 2520 4620 4620
6822 CONNECTION 253 708 300 3120 5220 5220
6823 CONNECTION 253 10 300 4380 6480 6480
6824 CONNECTION 253 698 300 6000 8100 8100
6825 CONNECTION 253 111 300 6120 8220 8220
6826 CONNECTION 604 605 -1 -1 2820 2820
6827 CONNECTION 604 450 300 2340 4440 4440
6828 CONNECTION 604 432 300 2460 4560 4560
6829 CONNECTION 604 695 300 2460 4560 4560
6830 CONNECTION 604 708 300 3060 5160 5160
6831 CONNECTION 604 10 300 4320 6420 6420
6832 CONNECTION 604 698 300 5940 8040 8040
6833 CONNECTION 604 111 300 6060 8160 8160
6834 CONNECTION 681 682 -1 -1 2820 2820
6835 CONNECTION 681 450 300 2340 4440 4440
6836 CONNECTION 681 432 300 2460 4560 4560
6837 CONNECTION 681 695 300 2460 4560 4560
6838 CONNECTION 681 708 300 3060 5160 5160
6839 CONNECTION 681 10 300 4320 6420 6420
6840 CONNECTION 681 698 300 5940 8040 8040
6841 CONNECTION 681 111 300 6060 8160 8160
6842 CONNECTION 62 63 -1 -1 1140 1140
6843 CONNECTION 62 255 -1 -1 2580 2580
6844 CONNECTION 62 34 -1 -1 2700 2700
6845 CONNECTION 62 179 -1 -1 2340 2340
6846 CONNECTION 62 431 -1 -1 2880 2880
6847 CONNECTION 62 694 -1 -1 2880 2880
6848 CONNECTION 62 150 -1 -1 3900 3900
6849 CONNECTION 62 312 -1 -1 3540 3540
6850 CONNECTION 62 87 300 3060 5160 5160
6851 CONNECTION 62 282 300 3000 5100 5100
6852 CONNECTION 62 385 300 2640 4740 4740
6853 CONNECTION 62 709 300 4080 6180 6180
6854 CONNECTION 62 355 300 4200 6300 6300
6855 CONNECTION 62 504 300 3840 5940 5940
6856 CONNECTION 62 110 300 4380 6480 6480
6857 CONNECTION 62 475 300 5400 7500 7500
6858 CONNECTION 62 588 300 5040 7140 7140
6859 CONNECTION 62 410 300 6660 8760 8760
6860 CONNECTION 62 704 300 6660 8760 8760
6861 SINK 62 0 -1 -1 0 0
6862 CONNECTION 148 149 -1 -1 1260 1260
6863 CONNECTION 148 707 -1 -1 1920 1920
6864 CONNECTION 148 9 -1 -1 1980 1980
6865 CONNECTION 148 180 -1 -1 3780 3780
6866 CONNECTION 148 281 -1 -1 2460 2460
6867 CONNECTION 148 313 -1 -1 4980 4980
6868 CONNECTION 148 354 -1 -1 3660 3660
6869 CONNECTION 148 386 300 4080 6180 6180
6870 CONNECTION 148 474 300 2760 4860 4860
6871 CONNECTION 148 256 300 3420 5520 5520
6872 CONNECTION 148 332 300 3480 5580 5580
6873 CONNECTION 148 505 300 5280 7380 7380
6874 CONNECTION 148 558 300 3960 6060 6060
6875 CONNECTION 148 589 300 6480 8580 8580
6876 CONNECTION 148 37 300 5160 7260 7260
6877 CONNECTION 177 178 -1 -1 1500 1500
6878 CONNECTION 177 472 -1 -1 1740 1740
6879 CONNECTION 177 198 -1 -1 5160 5160
6880 CONNECTION 177 311 -1 -1 2700 2700
6881 CONNECTION 177 556 -1 -1 2940 2940
6882 CONNECTION 177 384 -1 -1 3900 3900
6883 CONNECTION 177 702 -1 -1 4560 4560
6884 CONNECTION 177 35 300 2040 4140 4140
6885 CONNECTION 177 534 300 3120 5220 5220
6886 CONNECTION 177 503 300 3000 5100 5100
6887 CONNECTION 177 109 300 3060 5160 5160
6888 CONNECTION 177 409 300 2700 4800 4800
6889 CONNECTION 177 689 300 2700 4800 4800
6890 CONNECTION 177 151 300 3240 5340 5340
6891 CONNECTION 177 522 300 6660 8760 8760
6892 CONNECTION 177 587 300 4200 6300 6300
6893 CONNECTION 177 283 300 4440 6540 6540
6894 CONNECTION 177 66 300 5400 7500 7500
6895 CONNECTION 177 234 300 6060 8160 8160
6896 CONNECTION 177 356 300 5640 7740 7740
6897 CONNECTION 331 618 -1 -1 4140 4140
6898 CONNECTION 331 126 -1 -1 5280 5280
6899 CONNECTION 331 199 300 5640 7740 7740
6900 CONNECTION 331 451 300 6780 8880 8880
6901 CONNECTION 501 473 -1 -1 3420 3420
6902 CONNECTION 501 632 -1 -1 5400 5400
6903 CONNECTION 501 557 -1 -1 4620 4620
6904 CONNECTION 501 36 300 3720 5820 5820
6905 CONNECTION 501 152 300 4920 7020 7020
6906 CONNECTION 501 213 300 6900 9000 9000
6907 CONNECTION 501 284 300 6120 8220 8220
6908 CONNECTION 501 357 300 7320 9420 9420
6909 CONNECTION 471 472 -1 -1 1140 1140
6910 CONNECTION 471 311 -1 -1 2100 2100
6911 CONNECTION 471 556 -1 -1 2340 2340
6912 CONNECTION 471 384 -1 -1 3300 3300
6913 CONNECTION 471 702 -1 -1 3960 3960
6914 CONNECTION 471 35 -1 -1 3540 3540
6915 CONNECTION 471 534 300 2520 4620 4620
6916 CONNECTION 471 503 300 2400 4500 4500
6917 CONNECTION 471 109 300 2460 4560 4560
6918 CONNECTION 471 409 300 2100 4200 4200
6919 CONNECTION 471 689 300 2100 4200 4200
6920 CONNECTION 471 151 300 2640 4740 4740
6921 CONNECTION 471 522 300 6060 8160 8160
6922 CONNECTION 471 587 300 3600 5700 5700
6923 CONNECTION 471 283 300 3840 5940 5940
6924 CONNECTION 471 66 300 4800 6900 6900
6925 CONNECTION 471 234 300 5460 7560 7560
6926 CONNECTION 471 356 300 5040 7140 7140
6927 CONNECTION 471 633 300 6120 8220 8220
6928 CONNECTION 471 182 300 6000 8100 8100
6929 CONNECTION 471 89 300 5700 7800 7800
6930 CONNECTION 471 433 300 6060 8160 8160
6931 CONNECTION 471 710 300 6060 8160 8160
6932 CONNECTION 533 534 -1 -1 1800 1800
6933 CONNECTION 533 151 -1 -1 1920 1920
6934 CONNECTION 533 522 -1 -1 5340 5340
6935 CONNECTION 533 587 -1 -1 2880 2880
6936 CONNECTION 533 283 -1 -1 3120 3120
6937 CONNECTION 533 66 -1 -1 4080 4080
6938 CONNECTION 533 234 300 2640 4740 4740
6939 CONNECTION 533 356 300 2220 4320 4320
6940 CONNECTION 533 633 300 3300 5400 5400
6941 CONNECTION 533 182 300 3180 5280 5280
6942 CONNECTION 533 89 300 2880 4980 4980
6943 CONNECTION 533 433 300 3240 5340 5340
6944 CONNECTION 533 710 300 3240 5340 5340
6945 CONNECTION 533 476 300 3420 5520 5520
6946 CONNECTION 533 620 300 6840 8940 8940
6947 CONNECTION 533 315 300 4380 6480 6480
6948 CONNECTION 533 560 300 4620 6720 6720
6949 CONNECTION 533 388 300 5580 7680 7680
6950 CONNECTION 533 714 300 6240 8340 8340
6951 CONNECTION 533 39 300 5820 7920 7920
6952 CONNECTION 584 585 -1 -1 2580 2580
6953 CONNECTION 584 64 -1 -1 3780 3780
6954 CONNECTION 584 149 -1 -1 2460 2460
6955 CONNECTION 584 707 -1 -1 3120 3120
6956 CONNECTION 584 9 -1 -1 3180 3180
6957 CONNECTION 584 180 -1 -1 4980 4980
6958 CONNECTION 584 281 -1 -1 3660 3660
6959 CONNECTION 584 313 300 4080 6180 6180
6960 CONNECTION 584 354 300 2760 4860 4860
6961 CONNECTION 584 386 300 5280 7380 7380
6962 CONNECTION 584 474 300 3960 6060 6060
6963 CONNECTION 584 256 300 4620 6720 6720
6964 CONNECTION 584 332 300 4680 6780 6780
6965 CONNECTION 584 505 300 6480 8580 8580
6966 CONNECTION 584 558 300 5160 7260 7260
6967 CONNECTION 197 198 -1 -1 4320 4320
6968 CONNECTION 197 556 -1 -1 2100 2100
6969 CONNECTION 197 384 -1 -1 3060 3060
6970 CONNECTION 197 702 -1 -1 3720 3720
6971 CONNECTION 197 35 -1 -1 3300 3300
6972 CONNECTION 197 534 -1 -1 4380 4380
6973 CONNECTION 197 503 -1 -1 4260 4260
6974 CONNECTION 197 109 -1 -1 4320 4320
6975 CONNECTION 197 409 -1 -1 3960 3960
6976 CONNECTION 197 689 -1 -1 3960 3960
6977 CONNECTION 197 151 300 2400 4500 4500
6978 CONNECTION 197 522 300 5820 7920 7920
6979 CONNECTION 197 587 300 3360 5460 5460
6980 CONNECTION 197 283 300 3600 5700 5700
6981 CONNECTION 197 66 300 4560 6660 6660
6982 CONNECTION 197 234 300 5220 7320 7320
6983 CONNECTION 197 356 300 4800 6900 6900
6984 CONNECTION 197 633 300 5880 7980 7980
6985 CONNECTION 197 182 300 5760 7860 7860
6986 CONNECTION 197 89 300 5460 7560 7560
6987 CONNECTION 197 433 300 5820 7920 7920
6988 CONNECTION 197 710 300 5820 7920 7920
6989 CONNECTION 197 476 300 6000 8100 8100
6990 CONNECTION 554 555 -1 -1 1500 1500
6991 CONNECTION 554 255 -1 -1 2580 2580
6992 CONNECTION 554 34 -1 -1 2700 2700
6993 CONNECTION 554 179 -1 -1 2340 2340
6994 CONNECTION 554 431 -1 -1 2880 2880
6995 CONNECTION 554 694 -1 -1 2880 2880
6996 CONNECTION 554 150 -1 -1 3900 3900
6997 CONNECTION 554 312 -1 -1 3540 3540
6998 CONNECTION 554 87 300 3060 5160 5160
6999 CONNECTION 554 282 300 3000 5100 5100
7000 CONNECTION 554 385 300 2640 4740 4740
7001 CONNECTION 554 709 300 4080 6180 6180
7002 CONNECTION 554 355 300 4200 6300 6300
7003 CONNECTION 554 504 300 3840 5940 5940
7004 CONNECTION 554 110 300 4380 6480 6480
7005 CONNECTION 554 475 300 5400 7500 7500
7006 CONNECTION 554 588 300 5040 7140 7140
7007 CONNECTION 554 410 300 6660 8760 8760
7008 CONNECTION 554 704 300 6660 8760 8760
7009 SINK 554 0 -1 -1 0 0
7010 CONNECTION 231 232 -1 -1 1980 1980
7011 CONNECTION 231 212 -1 -1 3960 3960
7012 CONNECTION 231 408 -1 -1 2700 2700
7013 CONNECTION 231 688 -1 -1 2700 2700
7014 CONNECTION 231 606 -1 -1 4860 4860
7015 CONNECTION 231 683 -1 -1 4860 4860
7016 CONNECTION 231 521 -1 -1 3480 3480
7017 CONNECTION 231 697 300 3660 5760 5760
7018 CONNECTION 231 703 300 3480 5580 5580
7019 CONNECTION 231 535 300 5460 7560 7560
7020 CONNECTION 231 88 300 4200 6300 6300
7021 CONNECTION 231 11 300 6360 8460 8460
7022 CONNECTION 231 619 300 4980 7080 7080
7023 CONNECTION 231 127 300 7260 9360 9360
7024 CONNECTION 352 383 -1 -1 1860 1860
7025 CONNECTION 352 701 -1 -1 2340 2340
7026 CONNECTION 352 502 -1 -1 3060 3060
7027 CONNECTION 352 586 300 2160 4260 4260
7028 CONNECTION 352 65 300 3360 5460 5460
7029 CONNECTION 352 233 300 3840 5940 5940
7030 CONNECTION 352 181 300 4560 6660 6660
7031 CONNECTION 352 314 300 5760 7860 7860
7032 CONNECTION 125 64 -1 -1 3360 3360
7033 CONNECTION 125 149 -1 -1 2040 2040
7034 CONNECTION 125 707 -1 -1 2700 2700
7035 CONNECTION 125 9 -1 -1 2760 2760
7036 CONNECTION 125 180 -1 -1 4560 4560
7037 CONNECTION 125 281 -1 -1 3240 3240
7038 CONNECTION 125 313 300 3660 5760 5760
7039 CONNECTION 125 354 300 2340 4440 4440
7040 CONNECTION 125 386 300 4860 6960 6960
7041 CONNECTION 125 474 300 3540 5640 5640
7042 CONNECTION 125 256 300 4200 6300 6300
7043 CONNECTION 125 332 300 4260 6360 6360
7044 CONNECTION 125 505 300 6060 8160 8160
7045 CONNECTION 125 558 300 4740 6840 6840
7046 CONNECTION 125 589 300 7260 9360 9360
7047 CONNECTION 125 37 300 5940 8040 8040
7048 CONNECTION 520 521 -1 -1 1680 1680
7049 CONNECTION 520 697 -1 -1 3960 3960
7050 CONNECTION 520 703 -1 -1 3780 3780
7051 CONNECTION 520 535 -1 -1 5760 5760
7052 CONNECTION 520 88 -1 -1 4500 4500
7053 CONNECTION 520 11 300 4560 6660 6660
7054 CONNECTION 520 619 300 3180 5280 5280
7055 CONNECTION 520 127 300 5460 7560 7560
7056 CONNECTION 520 235 300 5280 7380 7380
7057 CONNECTION 520 634 300 7260 9360 9360
7058 CONNECTION 520 411 300 6000 8100 8100
7059 CONNECTION 520 705 300 6000 8100 8100
7060 CONNECTION 520 334 300 8160 10260 10260
7061 CONNECTION 108 64 -1 -1 3240 3240
7062 CONNECTION 108 149 -1 -1 1920 1920
7063 CONNECTION 108 707 -1 -1 2580 2580
7064 CONNECTION 108 9 -1 -1 2640 2640
7065 CONNECTION 108 180 -1 -1 4440 4440
7066 CONNECTION 108 281 -1 -1 3120 3120
7067 CONNECTION 108 313 300 3540 5640 5640
7068 CONNECTION 108 354 300 2220 4320 4320
7069 CONNECTION 108 386 300 4740 6840 6840
7070 CONNECTION 108 474 300 3420 5520 5520
7071 CONNECTION 108 256 300 4080 6180 6180
7072 CONNECTION 108 332 300 4140 6240 6240
7073 CONNECTION 108 505 300 5940 8040 8040
7074 CONNECTION 108 558 300 4620 6720 6720
7075 CONNECTION 108 589 300 7140 9240 9240
7076 CONNECTION 108 37 300 5820 7920 7920
7077 CONNECTION 254 255 -1 -1 1500 1500
7078 CONNECTION 254 150 -1 -1 2820 2820
7079 CONNECTION 254 312 -1 -1 2460 2460
7080 CONNECTION 254 87 -1 -1 4080 4080
7081 CONNECTION 254 282 -1 -1 4020 4020
7082 CONNECTION 254 385 -1 -1 3660 3660
7083 CONNECTION 254 709 300 3000 5100 5100
7084 CONNECTION 254 355 300 3120 5220 5220
7085 CONNECTION 254 504 300 2760 4860 4860
7086 CONNECTION 254 110 300 3300 5400 5400
7087 CONNECTION 254 475 300 4320 6420 6420
7088 CONNECTION 254 588 300 3960 6060 6060
7089 CONNECTION 254 410 300 5580 7680 7680
7090 CONNECTION 254 704 300 5580 7680 7680
7091 CONNECTION 254 67 300 5160 7260 7260
7092 CONNECTION 254 559 300 5520 7620 7620
7093 SINK 254 0 -1 -1 0 0
7094 CONNECTION 605 606 -1 -1 3180 3180
7095 CONNECTION 605 697 -1 -1 4080 4080
7096 CONNECTION 605 703 -1 -1 3900 3900
7097 CONNECTION 605 535 -1 -1 5880 5880
7098 CONNECTION 605 88 300 2520 4620 4620
7099 CONNECTION 605 11 300 4680 6780 6780
7100 CONNECTION 605 619 300 3300 5400 5400
7101 CONNECTION 605 127 300 5580 7680 7680
7102 CONNECTION 605 235 300 5400 7500 7500
7103 CONNECTION 605 634 300 7380 9480 9480
7104 CONNECTION 605 411 300 6120 8220 8220
7105 CONNECTION 605 705 300 6120 8220 8220
7106 CONNECTION 682 683 -1 -1 3180 3180
7107 CONNECTION 682 697 -1 -1 4080 4080
7108 CONNECTION 682 703 -1 -1 3900 3900
7109 CONNECTION 682 535 -1 -1 5880 5880
7110 CONNECTION 682 88 300 2520 4620 4620
7111 CONNECTION 682 11 300 4680 6780 6780
7112 CONNECTION 682 619 300 3300 5400 5400
7113 CONNECTION 682 127 300 5580 7680 7680
7114 CONNECTION 682 235 300 5400 7500 7500
7115 CONNECTION 682 634 300 7380 9480 9480
7116 CONNECTION 682 411 300 6120 8220 8220
7117 CONNECTION 682 705 300 6120 8220 8220
7118 CONNECTION 211 212 -1 -1 3300 3300
7119 CONNECTION 211 606 -1 -1 4200 4200
7120 CONNECTION 211 683 -1 -1 4200 4200
7121 CONNECTION 211 521 -1 -1 2820 2820
7122 CONNECTION 211 697 -1 -1 5100 5100
7123 CONNECTION 211 703 300 2820 4920 4920
7124 CONNECTION 211 535 300 4800 6900 6900
7125 CONNECTION 211 88 300 3540 5640 5640
7126 CONNECTION 211 11 300 5700 7800 7800
7127 CONNECTION 211 619 300 4320 6420 6420
7128 CONNECTION 211 127 300 6600 8700 8700
7129 CONNECTION 211 235 300 6420 8520 8520
7130 CONNECTION 178 179 -1 -1 1140 1140
7131 CONNECTION 178 150 -1 -1 2700 2700
7132 CONNECTION 178 312 -1 -1 2340 2340
7133 CONNECTION 178 87 -1 -1 3960 3960
7134 CONNECTION 178 282 -1 -1 3900 3900
7135 CONNECTION 178 385 -1 -1 3540 3540
7136 CONNECTION 178 709 300 2880 4980 4980
7137 CONNECTION 178 355 300 3000 5100 5100
7138 CONNECTION 178 504 300 2640 4740 4740
7139 CONNECTION 178 110 300 3180 5280 5280
7140 CONNECTION 178 475 300 4200 6300 6300
7141 CONNECTION 178 588 300 3840 5940 5940
7142 CONNECTION 178 410 300 5460 7560 7560
7143 CONNECTION 178 704 300 5460 7560 7560
7144 CONNECTION 178 67 300 5040 7140 7140
7145 CONNECTION 178 559 300 5400 7500 7500
7146 CONNECTION 178 258 300 6480 8580 8580
7147 SINK 178 0 -1 -1 0 0
7148 CONNECTION 407 408 -1 -1 1800 1800
7149 CONNECTION 407 606 -1 -1 3960 3960
7150 CONNECTION 407 683 -1 -1 3960 3960
7151 CONNECTION 407 521 -1 -1 2580 2580
7152 CONNECTION 407 697 -1 -1 4860 4860
7153 CONNECTION 407 703 -1 -1 4680 4680
7154 CONNECTION 407 535 300 4560 6660 6660
7155 CONNECTION 407 88 300 3300 5400 5400
7156 CONNECTION 407 11 300 5460 7560 7560
7157 CONNECTION 407 619 300 4080 6180 6180
7158 CONNECTION 407 127 300 6360 8460 8460
7159 CONNECTION 407 235 300 6180 8280 8280
7160 CONNECTION 407 634 300 8160 10260 10260
7161 CONNECTION 687 688 -1 -1 1800 1800
7162 CONNECTION 687 606 -1 -1 3960 3960
7163 CONNECTION 687 683 -1 -1 3960 3960
7164 CONNECTION 687 521 -1 -1 2580 2580
7165 CONNECTION 687 697 -1 -1 4860 4860
7166 CONNECTION 687 703 -1 -1 4680 4680
7167 CONNECTION 687 535 300 4560 6660 6660
7168 CONNECTION 687 88 300 3300 5400 5400
7169 CONNECTION 687 11 300 5460 7560 7560
7170 CONNECTION 687 619 300 4080 6180 6180
7171 CONNECTION 687 127 300 6360 8460 8460
7172 CONNECTION 687 235 300 6180 8280 8280
7173 CONNECTION 687 634 300 8160 10260 10260
7174 CONNECTION 86 701 -1 -1 1680 1680
7175 CONNECTION 86 502 -1 -1 2400 2400
7176 CONNECTION 86 586 -1 -1 3600 3600
7177 CONNECTION 86 65 300 2700 4800 4800
7178 CONNECTION 86 233 300 3180 5280 5280
7179 CONNECTION 86 181 300 3900 6000 6000
7180 CONNECTION 86 314 300 5100 7200 7200
7181 CONNECTION 280 281 -1 -1 1260 1260
7182 CONNECTION 280 313 -1 -1 3780 3780
7183 CONNECTION 280 354 -1 -1 2460 2460
7184 CONNECTION 280 386 -1 -1 4980 4980
7185 CONNECTION 280 474 -1 -1 3660 3660
7186 CONNECTION 280 256 300 2220 4320 4320
7187 CONNECTION 280 332 300 2280 4380 4380
7188 CONNECTION 280 505 300 4080 6180 6180
7189 CONNECTION 280 558 300 2760 4860 4860
7190 CONNECTION 280 589 300 5280 7380 7380
7191 CONNECTION 280 37 300 3960 6060 6060
7192 CONNECTION 280 68 300 6480 8580 8580
7193 CONNECTION 280 153 300 5160 7260 7260
7194 CONNECTION 280 718 300 5820 7920 7920
7195 CONNECTION 280 607 300 5880 7980 7980
7196 CONNECTION 280 699 300 5880 7980 7980
7197 CONNECTION 310 311 -1 -1 1500 1500
7198 CONNECTION 310 556 -1 -1 1740 1740
7199 CONNECTION 310 384 -1 -1 2700 2700
7200 CONNECTION 310 702 -1 -1 3360 3360
7201 CONNECTION 310 35 -1 -1 2940 2940
7202 CONNECTION 310 534 -1 -1 4020 4020
7203 CONNECTION 310 503 -1 -1 3900 3900
7204 CONNECTION 310 109 -1 -1 3960 3960
7205 CONNECTION 310 409 -1 -1 3600 3600
7206 CONNECTION 310 689 -1 -1 3600 3600
7207 CONNECTION 310 151 300 2040 4140 4140
7208 CONNECTION 310 522 300 5460 7560 7560
7209 CONNECTION 310 587 300 3000 5100 5100
7210 CONNECTION 310 283 300 3240 5340 5340
7211 CONNECTION 310 66 300 4200 6300 6300
7212 CONNECTION 310 234 300 4860 6960 6960
7213 CONNECTION 310 356 300 4440 6540 6540
7214 CONNECTION 310 633 300 5520 7620 7620
7215 CONNECTION 310 182 300 5400 7500 7500
7216 CONNECTION 310 89 300 5100 7200 7200
7217 CONNECTION 310 433 300 5460 7560 7560
7218 CONNECTION 310 710 300 5460 7560 7560
7219 CONNECTION 310 476 300 5640 7740 7740
7220 CONNECTION 310 620 300 9060 11160 11160
7221 CONNECTION 430 431 -1 -1 1620 1620
7222 CONNECTION 430 150 -1 -1 2640 2640
7223 CONNECTION 430 312 -1 -1 2280 2280
7224 CONNECTION 430 87 -1 -1 3900 3900
7225 CONNECTION 430 282 -1 -1 3840 3840
7226 CONNECTION 430 385 -1 -1 3480 3480
7227 CONNECTION 430 709 300 2820 4920 4920
7228 CONNECTION 430 355 300 2940 5040 5040
7229 CONNECTION 430 504 300 2580 4680 4680
7230 CONNECTION 430 110 300 3120 5220 5220
7231 CONNECTION 430 475 300 4140 6240 6240
7232 CONNECTION 430 588 300 3780 5880 5880
7233 CONNECTION 430 410 300 5400 7500 7500
7234 CONNECTION 430 704 300 5400 7500 7500
7235 CONNECTION 430 67 300 4980 7080 7080
7236 CONNECTION 430 559 300 5340 7440 7440
7237 CONNECTION 430 258 300 6420 8520 8520
7238 SINK 430 0 -1 -1 0 0
7239 CONNECTION 693 694 -1 -1 1620 1620
7240 CONNECTION 693 150 -1 -1 2640 2640
7241 CONNECTION 693 312 -1 -1 2280 2280
7242 CONNECTION 693 87 -1 -1 3900 3900
7243 CONNECTION 693 282 -1 -1 3840 3840
7244 CONNECTION 693 385 -1 -1 3480 3480
7245 CONNECTION 693 709 300 2820 4920 4920
7246 CONNECTION 693 355 300 2940 5040 5040
7247 CONNECTION 693 504 300 2580 4680 4680
7248 CONNECTION 693 110 300 3120 5220 5220
7249 CONNECTION 693 475 300 4140 6240 6240
7250 CONNECTION 693 588 300 3780 5880 5880
7251 CONNECTION 693 410 300 5400 7500 7500
7252 CONNECTION 693 704 300 5400 7500 7500
7253 CONNECTION 693 67 300 4980 7080 7080
7254 CONNECTION 693 559 300 5340 7440 7440
7255 CONNECTION 693 258 300 6420 8520 8520
7256 SINK 693 0 -1 -1 0 0
7257 CONNECTION 585 557 -1 -1 3420 3420
7258 CONNECTION 585 36 -1 -1 4620 4620
7259 CONNECTION 585 152 300 3720 5820 5820
7260 CONNECTION 585 213 300 5700 7800 7800
7261 CONNECTION 585 284 300 4920 7020 7020
7262 CONNECTION 585 357 300 6120 8220 8220
7263 CONNECTION 585 477 300 7320 9420 9420
7264 CONNECTION 585 536 300 9300 11400 11400
7265 CONNECTION 63 64 -1 -1 2580 2580
7266 CONNECTION 63 707 -1 -1 1920 1920
7267 CONNECTION 63 9 -1 -1 1980 1980
7268 CONNECTION 63 180 -1 -1 3780 3780
7269 CONNECTION 63 281 -1 -1 2460 2460
7270 CONNECTION 63 313 -1 -1 4980 4980
7271 CONNECTION 63 354 -1 -1 3660 3660
7272 CONNECTION 63 386 300 4080 6180 6180
7273 CONNECTION 63 474 300 2760 4860 4860
7274 CONNECTION 63 256 300 3420 5520 5520
7275 CONNECTION 63 332 300 3480 5580 5580
7276 CONNECTION 63 505 300 5280 7380 7380
7277 CONNECTION 63 558 300 3960 6060 6060
7278 CONNECTION 63 589 300 6480 8580 8580
7279 CONNECTION 63 37 300 5160 7260 7260
7280 CONNECTION 449 450 -1 -1 1140 1140
7281 CONNECTION 449 698 300 2640 4740 4740
7282 CONNECTION 449 111 300 2760 4860 4860
7283 CONNECTION 449 257 300 3360 5460 5460
7284 CONNECTION 449 333 300 4620 6720 6720
7285 CONNECTION 555 556 -1 -1 1140 1140
7286 CONNECTION 555 384 -1 -1 2100 2100
7287 CONNECTION 555 702 -1 -1 2760 2760
7288 CONNECTION 555 35 -1 -1 2340 2340
7289 CONNECTION 555 534 -1 -1 3420 3420
7290 CONNECTION 555 503 -1 -1 3300 3300
7291 CONNECTION 555 109 -1 -1 3360 3360
7292 CONNECTION 555 409 -1 -1 3000 3000
7293 CONNECTION 555 689 -1 -1 3000 3000
7294 CONNECTION 555 151 -1 -1 3540 3540
7295 CONNECTION 555 522 -1 -1 6960 6960
7296 CONNECTION 555 587 300 2400 4500 4500
7297 CONNECTION 555 283 300 2640 4740 4740
7298 CONNECTION 555 66 300 3600 5700 5700
7299 CONNECTION 555 234 300 4260 6360 6360
7300 CONNECTION 555 356 300 3840 5940 5940
7301 CONNECTION 555 633 300 4920 7020 7020
7302 CONNECTION 555 182 300 4800 6900 6900
7303 CONNECTION 555 89 300 4500 6600 6600
7304 CONNECTION 555 433 300 4860 6960 6960
7305 CONNECTION 555 710 300 4860 6960 6960
7306 CONNECTION 555 476 300 5040 7140 7140
7307 CONNECTION 555 620 300 8460 10560 10560
7308 CONNECTION 555 315 300 6000 8100 8100
7309 CONNECTION 33 34 -1 -1 1500 1500
7310 CONNECTION 33 150 -1 -1 2700 2700
7311 CONNECTION 33 312 -1 -1 2340 2340
7312 CONNECTION 33 87 -1 -1 3960 3960
7313 CONNECTION 33 282 -1 -1 3900 3900
7314 CONNECTION 33 385 -1 -1 3540 3540
7315 CONNECTION 33 709 300 2880 4980 4980
7316 CONNECTION 33 355 300 3000 5100 5100
7317 CONNECTION 33 504 300 2640 4740 4740
7318 CONNECTION 33 110 300 3180 5280 5280
7319 CONNECTION 33 475 300 4200 6300 6300
7320 CONNECTION 33 588 300 3840 5940 5940
7321 CONNECTION 33 410 300 5460 7560 7560
7322 CONNECTION 33 704 300 5460 7560 7560
7323 CONNECTION 33 67 300 5040 7140 7140
7324 CONNECTION 33 559 300 5400 7500 7500
7325 CONNECTION 33 258 300 6480 8580 8580
7326 SINK 33 0 -1 -1 0 0
7327 CONNECTION 472 502 -1 -1 1860 1860
7328 CONNECTION 472 586 -1 -1 3060 3060
7329 CONNECTION 472 65 300 2160 4260 4260
7330 CONNECTION 472 233 300 2640 4740 4740
7331 CONNECTION 472 181 300 3360 5460 5460
7332 CONNECTION 472 314 300 4560 6660 6660
7333 CONNECTION 472 387 300 5760 7860 7860
7334 CONNECTION 696 697 -1 -1 2820 2820
7335 CONNECTION 696 703 -1 -1 2640 2640
7336 CONNECTION 696 535 -1 -1 4620 4620
7337 CONNECTION 696 88 -1 -1 3360 3360
7338 CONNECTION 696 11 -1 -1 5520 5520
7339 CONNECTION 696 619 -1 -1 4140 4140
7340 CONNECTION 696 127 300 4320 6420 6420
7341 CONNECTION 696 235 300 4140 6240 6240
7342 CONNECTION 696 634 300 6120 8220 8220
7343 CONNECTION 696 411 300 4860 6960 6960
7344 CONNECTION 696 705 300 4860 6960 6960
7345 CONNECTION 696 334 300 7020 9120 9120
7346 CONNECTION 696 200 300 5640 7740 7740
7347 CONNECTION 198 152 -1 -1 3480 3480
7348 CONNECTION 198 213 -1 -1 5460 5460
7349 CONNECTION 198 284 -1 -1 4680 4680
7350 CONNECTION 198 357 300 3780 5880 5880
7351 CONNECTION 198 477 300 4980 7080 7080
7352 CONNECTION 198 536 300 6960 9060 9060
7353 CONNECTION 198 561 300 6180 8280 8280
7354 CONNECTION 198 40 300 7380 9480 9480
7355 CONNECTION 232 87 -1 -1 2520 2520
7356 CONNECTION 232 282 -1 -1 2460 2460
7357 CONNECTION 232 385 -1 -1 2100 2100
7358 CONNECTION 232 709 -1 -1 3540 3540
7359 CONNECTION 232 355 -1 -1 3660 3660
7360 CONNECTION 232 504 -1 -1 3300 3300
7361 CONNECTION 232 110 -1 -1 3840 3840
7362 CONNECTION 232 475 300 2760 4860 4860
7363 CONNECTION 232 588 300 2400 4500 4500
7364 CONNECTION 232 410 300 4020 6120 6120
7365 CONNECTION 232 704 300 4020 6120 6120
7366 CONNECTION 232 67 300 3600 5700 5700
7367 CONNECTION 232 559 300 3960 6060 6060
7368 CONNECTION 232 258 300 5040 7140 7140
7369 CONNECTION 232 38 300 5160 7260 7260
7370 CONNECTION 232 183 300 4800 6900 6900
7371 CONNECTION 232 434 300 5340 7440 7440
7372 CONNECTION 232 711 300 5340 7440 7440
7373 CONNECTION 232 154 300 6360 8460 8460
7374 CONNECTION 232 316 300 6000 8100 8100
7375 SINK 232 0 -1 -1 0 0
7376 CONNECTION 311 312 -1 -1 1140 1140
7377 CONNECTION 311 87 -1 -1 2760 2760
7378 CONNECTION 311 282 -1 -1 2700 2700
7379 CONNECTION 311 385 -1 -1 2340 2340
7380 CONNECTION 311 709 -1 -1 3780 3780
7381 CONNECTION 311 355 -1 -1 3900 3900
7382 CONNECTION 311 504 -1 -1 3540 3540
7383 CONNECTION 311 110 -1 -1 4080 4080
7384 CONNECTION 311 475 300 3000 5100 5100
7385 CONNECTION 311 588 300 2640 4740 4740
7386 CONNECTION 311 410 300 4260 6360 6360
7387 CONNECTION 311 704 300 4260 6360 6360
7388 CONNECTION 311 67 300 3840 5940 5940
7389 CONNECTION 311 559 300 4200 6300 6300
7390 CONNECTION 311 258 300 5280 7380 7380
7391 CONNECTION 311 38 300 5400 7500 7500
7392 CONNECTION 311 183 300 5040 7140 7140
7393 CONNECTION 311 434 300 5580 7680 7680
7394 CONNECTION 311 711 300 5580 7680 7680
7395 SINK 311 0 -1 -1 0 0
7396 CONNECTION 353 354 -1 -1 1260 1260
7397 CONNECTION 353 386 -1 -1 3780 3780
7398 CONNECTION 353 474 -1 -1 2460 2460
7399 CONNECTION 353 256 -1 -1 3120 3120
7400 CONNECTION 353 332 -1 -1 3180 3180
7401 CONNECTION 353 505 -1 -1 4980 4980
7402 CONNECTION 353 558 -1 -1 3660 3660
7403 CONNECTION 353 589 300 4080 6180 6180
7404 CONNECTION 353 37 300 2760 4860 4860
7405 CONNECTION 353 68 300 5280 7380 7380
7406 CONNECTION 353 153 300 3960 6060 6060
7407 CONNECTION 353 718 300 4620 6720 6720
7408 CONNECTION 353 607 300 4680 6780 6780
7409 CONNECTION 353 699 300 4680 6780 6780
7410 CONNECTION 353 184 300 6480 8580 8580
7411 CONNECTION 353 285 300 5160 7260 7260
7412 CONNECTION 383 384 -1 -1 1500 1500
7413 CONNECTION 383 702 -1 -1 2160 2160
7414 CONNECTION 383 35 -1 -1 1740 1740
7415 CONNECTION 383 534 -1 -1 2820 2820
7416 CONNECTION 383 503 -1 -1 2700 2700
7417 CONNECTION 383 109 -1 -1 2760 2760
7418 CONNECTION 383 409 -1 -1 2400 2400
7419 CONNECTION 383 689 -1 -1 2400 2400
7420 CONNECTION 383 151 -1 -1 2940 2940
7421 CONNECTION 383 522 -1 -1 6360 6360
7422 CONNECTION 383 587 -1 -1 3900 3900
7423 CONNECTION 383 283 300 2040 4140 4140
7424 CONNECTION 383 66 300 3000 5100 5100
7425 CONNECTION 383 234 300 3660 5760 5760
7426 CONNECTION 383 356 300 3240 5340 5340
7427 CONNECTION 383 633 300 4320 6420 6420
7428 CONNECTION 383 182 300 4200 6300 6300
7429 CONNECTION 383 89 300 3900 6000 6000
7430 CONNECTION 383 433 300 4260 6360 6360
7431 CONNECTION 383 710 300 4260 6360 6360
7432 CONNECTION 383 476 300 4440 6540 6540
7433 CONNECTION 383 620 300 7860 9960 9960
7434 CONNECTION 383 315 300 5400 7500 7500
7435 CONNECTION 383 560 300 5640 7740 7740
7436 CONNECTION 255 534 -1 -1 2340 2340
7437 CONNECTION 255 503 -1 -1 2220 2220
7438 CONNECTION 255 109 -1 -1 2280 2280
7439 CONNECTION 255 409 -1 -1 1920 1920
7440 CONNECTION 255 689 -1 -1 1920 1920
7441 CONNECTION 255 151 -1 -1 2460 2460
7442 CONNECTION 255 522 -1 -1 5880 5880
7443 CONNECTION 255 587 -1 -1 3420 3420
7444 CONNECTION 255 283 -1 -1 3660 3660
7445 CONNECTION 255 66 300 2520 4620 4620
7446 CONNECTION 255 234 300 3180 5280 5280
7447 CONNECTION 255 356 300 2760 4860 4860
7448 CONNECTION 255 633 300 3840 5940 5940
7449 CONNECTION 255 182 300 3720 5820 5820
7450 CONNECTION 255 89 300 3420 5520 5520
7451 CONNECTION 255 433 300 3780 5880 5880
7452 CONNECTION 255 710 300 3780 5880 5880
7453 CONNECTION 255 476 300 3960 6060 6060
7454 CONNECTION 255 620 300 7380 9480 9480
7455 CONNECTION 255 315 300 4920 7020 7020
7456 CONNECTION 255 560 300 5160 7260 7260
7457 CONNECTION 255 388 300 6120 8220 8220
7458 CONNECTION 64 36 -1 -1 3420 3420
7459 CONNECTION 64 152 -1 -1 4620 4620
7460 CONNECTION 64 213 -1 -1 6600 6600
7461 CONNECTION 64 284 300 3720 5820 5820
7462 CONNECTION 64 357 300 4920 7020 7020
7463 CONNECTION 64 477 300 6120 8220 8220
7464 CONNECTION 64 536 300 8100 10200 10200
7465 CONNECTION 64 561 300 7320 9420 9420
7466 CONNECTION 34 35 -1 -1 1140 1140
7467 CONNECTION 34 534 -1 -1 2220 2220
7468 CONNECTION 34 503 -1 -1 2100 2100
7469 CONNECTION 34 109 -1 -1 2160 2160
7470 CONNECTION 34 409 -1 -1 1800 1800
7471 CONNECTION 34 689 -1 -1 1800 1800
7472 CONNECTION 34 151 -1 -1 2340 2340
7473 CONNECTION 34 522 -1 -1 5760 5760
7474 CONNECTION 34 587 -1 -1 3300 3300
7475 CONNECTION 34 283 -1 -1 3540 3540
7476 CONNECTION 34 66 300 2400 4500 4500
7477 CONNECTION 34 234 300 3060 5160 5160
7478 CONNECTION 34 356 300 2640 4740 4740
7479 CONNECTION 34 633 300 3720 5820 5820
7480 CONNECTION 34 182 300 3600 5700 5700
7481 CONNECTION 34 89 300 3300 5400 5400
7482 CONNECTION 34 433 300 3660 5760 5760
7483 CONNECTION 34 710 300 3660 5760 5760
7484 CONNECTION 34 476 300 3840 5940 5940
7485 CONNECTION 34 620 300 7260 9360 9360
7486 CONNECTION 34 315 300 4800 6900 6900
7487 CONNECTION 34 560 300 5040 7140 7140
7488 CONNECTION 34 388 300 6000 8100 8100
7489 CONNECTION 34 714 300 6660 8760 8760
7490 CONNECTION 179 180 -1 -1 2580 2580
7491 CONNECTION 179 313 -1 -1 3780 3780
7492 CONNECTION 179 354 -1 -1 2460 2460
7493 CONNECTION 179 386 -1 -1 4980 4980
7494 CONNECTION 179 474 -1 -1 3660 3660
7495 CONNECTION 179 256 300 2220 4320 4320
7496 CONNECTION 179 332 300 2280 4380 4380
7497 CONNECTION 179 505 300 4080 6180 6180
7498 CONNECTION 179 558 300 2760 4860 4860
7499 CONNECTION 179 589 300 5280 7380 7380
7500 CONNECTION 179 37 300 3960 6060 6060
7501 CONNECTION 179 68 300 6480 8580 8580
7502 CONNECTION 179 153 300 5160 7260 7260
7503 CONNECTION 179 718 300 5820 7920 7920
7504 CONNECTION 179 607 300 5880 7980 7980
7505 CONNECTION 179 699 300 5880 7980 7980
7506 CONNECTION 149 150 -1 -1 1500 1500
7507 CONNECTION 149 87 -1 -1 2760 2760
7508 CONNECTION 149 282 -1 -1 2700 2700
7509 CONNECTION 149 385 -1 -1 2340 2340
7510 CONNECTION 149 709 -1 -1 3780 3780
7511 CONNECTION 149 355 -1 -1 3900 3900
7512 CONNECTION 149 504 -1 -1 3540 3540
7513 CONNECTION 149 110 -1 -1 4080 4080
7514 CONNECTION 149 475 300 3000 5100 5100
7515 CONNECTION 149 588 300 2640 4740 4740
7516 CONNECTION 149 410 300 4260 6360 6360
7517 CONNECTION 149 704 300 4260 6360 6360
7518 CONNECTION 149 67 300 3840 5940 5940
7519 CONNECTION 149 559 300 4200 6300 6300
7520 CONNECTION 149 258 300 5280 7380 7380
7521 CONNECTION 149 38 300 5400 7500 7500
7522 CONNECTION 149 183 300 5040 7140 7140
7523 CONNECTION 149 434 300 5580 7680 7680
7524 CONNECTION 149 711 300 5580 7680 7680
7525 SINK 149 0 -1 -1 0 0
7526 CONNECTION 431 432 -1 -1 1200 1200
7527 CONNECTION 431 698 300 2580 4680 4680
7528 CONNECTION 431 111 300 2700 4800 4800
7529 CONNECTION 431 257 300 3300 5400 5400
7530 CONNECTION 431 333 300 4560 6660 6660
7531 CONNECTION 694 695 -1 -1 1200 1200
7532 CONNECTION 694 698 300 2580 4680 4680
7533 CONNECTION 694 111 300 2700 4800 4800
7534 CONNECTION 694 257 300 3300 5400 5400
7535 CONNECTION 694 333 300 4560 6660 6660
7536 CONNECTION 212 199 -1 -1 5040 5040
7537 CONNECTION 212 451 300 4080 6180 6180
7538 CONNECTION 212 523 300 6540 8640 8640
7539 CONNECTION 212 724 300 7680 9780 9780
7540 CONNECTION 701 702 -1 -1 1680 1680
7541 CONNECTION 701 534 -1 -1 2340 2340
7542 CONNECTION 701 503 -1 -1 2220 2220
7543 CONNECTION 701 109 -1 -1 2280 2280
7544 CONNECTION 701 409 -1 -1 1920 1920
7545 CONNECTION 701 689 -1 -1 1920 1920
7546 CONNECTION 701 151 -1 -1 2460 2460
7547 CONNECTION 701 522 -1 -1 5880 5880
7548 CONNECTION 701 587 -1 -1 3420 3420
7549 CONNECTION 701 283 -1 -1 3660 3660
7550 CONNECTION 701 66 300 2520 4620 4620
7551 CONNECTION 701 234 300 3180 5280 5280
7552 CONNECTION 701 356 300 2760 4860 4860
7553 CONNECTION 701 633 300 3840 5940 5940
7554 CONNECTION 701 182 300 3720 5820 5820
7555 CONNECTION 701 89 300 3420 5520 5520
7556 CONNECTION 701 433 300 3780 5880 5880
7557 CONNECTION 701 710 300 3780 5880 5880
7558 CONNECTION 701 476 300 3960 6060 6060
7559 CONNECTION 701 620 300 7380 9480 9480
7560 CONNECTION 701 315 300 4920 7020 7020
7561 CONNECTION 701 560 300 5160 7260 7260
7562 CONNECTION 701 388 300 6120 8220 8220
7563 CONNECTION 556 586 -1 -1 1860 1860
7564 CONNECTION 556 65 -1 -1 3060 3060
7565 CONNECTION 556 233 -1 -1 3540 3540
7566 CONNECTION 556 181 300 2160 4260 4260
7567 CONNECTION 556 314 300 3360 5460 5460
7568 CONNECTION 556 387 300 4560 6660 6660
7569 CONNECTION 556 713 300 5040 7140 7140
7570 CONNECTION 556 506 300 5760 7860 7860
7571 CONNECTION 408 409 -1 -1 1140 1140
7572 CONNECTION 408 151 -1 -1 1680 1680
7573 CONNECTION 408 522 -1 -1 5100 5100
7574 CONNECTION 408 587 -1 -1 2640 2640
7575 CONNECTION 408 283 -1 -1 2880 2880
7576 CONNECTION 408 66 -1 -1 3840 3840
7577 CONNECTION 408 234 -1 -1 4500 4500
7578 CONNECTION 408 356 300 1980 4080 4080
7579 CONNECTION 408 633 300 3060 5160 5160
7580 CONNECTION 408 182 300 2940 5040 5040
7581 CONNECTION 408 89 300 2640 4740 4740
7582 CONNECTION 408 433 300 3000 5100 5100
7583 CONNECTION 408 710 300 3000 5100 5100
7584 CONNECTION 408 476 300 3180 5280 5280
7585 CONNECTION 408 620 300 6600 8700 8700
7586 CONNECTION 408 315 300 4140 6240 6240
7587 CONNECTION 408 560 300 4380 6480 6480
7588 CONNECTION 408 388 300 5340 7440 7440
7589 CONNECTION 408 714 300 6000 8100 8100
7590 CONNECTION 408 39 300 5580 7680 7680
7591 CONNECTION 408 214 300 6660 8760 8760
7592 CONNECTION 688 689 -1 -1 1140 1140
7593 CONNECTION 688 151 -1 -1 1680 1680
7594 CONNECTION 688 522 -1 -1 5100 5100
7595 CONNECTION 688 587 -1 -1 2640 2640
7596 CONNECTION 688 283 -1 -1 2880 2880
7597 CONNECTION 688 66 -1 -1 3840 3840
7598 CONNECTION 688 234 -1 -1 4500 4500
7599 CONNECTION 688 356 300 1980 4080 4080
7600 CONNECTION 688 633 300 3060 5160 5160
7601 CONNECTION 688 182 300 2940 5040 5040
7602 CONNECTION 688 89 300 2640 4740 4740
7603 CONNECTION 688 433 300 3000 5100 5100
7604 CONNECTION 688 710 300 3000 5100 5100
7605 CONNECTION 688 476 300 3180 5280 5280
7606 CONNECTION 688 620 300 6600 8700 8700
7607 CONNECTION 688 315 300 4140 6240 6240
7608 CONNECTION 688 560 300 4380 6480 6480
7609 CONNECTION 688 388 300 5340 7440 7440
7610 CONNECTION 688 714 300 6000 8100 8100
7611 CONNECTION 688 39 300 5580 7680 7680
7612 CONNECTION 688 214 300 6660 8760 8760
7613 CONNECTION 707 708 -1 -1 1620 1620
7614 CONNECTION 707 698 300 2400 4500 4500
7615 CONNECTION 707 111 300 2520 4620 4620
7616 CONNECTION 707 257 300 3120 5220 5220
7617 CONNECTION 707 333 300 4380 6480 6480
7618 CONNECTION 707 128 300 6000 8100 8100
7619 CONNECTION 707 435 300 6120 8220 8220
7620 CONNECTION 707 712 300 6120 8220 8220
7621 CONNECTION 9 10 -1 -1 2820 2820
7622 CONNECTION 9 698 300 2340 4440 4440
7623 CONNECTION 9 111 300 2460 4560 4560
7624 CONNECTION 9 257 300 3060 5160 5160
7625 CONNECTION 9 333 300 4320 6420 6420
7626 CONNECTION 9 128 300 5940 8040 8040
7627 CONNECTION 9 435 300 6060 8160 8160
7628 CONNECTION 9 712 300 6060 8160 8160
7629 CONNECTION 384 385 -1 -1 1140 1140
7630 CONNECTION 384 709 -1 -1 2580 2580
7631 CONNECTION 384 355 -1 -1 2700 2700
7632 CONNECTION 384 504 -1 -1 2340 2340
7633 CONNECTION 384 110 -1 -1 2880 2880
7634 CONNECTION 384 475 -1 -1 3900 3900
7635 CONNECTION 384 588 -1 -1 3540 3540
7636 CONNECTION 384 410 300 3060 5160 5160
7637 CONNECTION 384 704 300 3060 5160 5160
7638 CONNECTION 384 67 300 2640 4740 4740
7639 CONNECTION 384 559 300 3000 5100 5100
7640 CONNECTION 384 258 300 4080 6180 6180
7641 CONNECTION 384 38 300 4200 6300 6300
7642 CONNECTION 384 183 300 3840 5940 5940
7643 CONNECTION 384 434 300 4380 6480 6480
7644 CONNECTION 384 711 300 4380 6480 6480
7645 CONNECTION 384 154 300 5400 7500 7500
7646 CONNECTION 384 316 300 5040 7140 7140
7647 CONNECTION 384 90 300 6660 8760 8760
7648 SINK 384 0 -1 -1 0 0
7649 CONNECTION 473 474 -1 -1 1260 1260
7650 CONNECTION 473 256 -1 -1 1920 1920
7651 CONNECTION 473 332 -1 -1 1980 1980
7652 CONNECTION 473 505 -1 -1 3780 3780
7653 CONNECTION 473 558 -1 -1 2460 2460
7654 CONNECTION 473 589 -1 -1 4980 4980
7655 CONNECTION 473 37 -1 -1 3660 3660
7656 CONNECTION 473 68 300 4080 6180 6180
7657 CONNECTION 473 153 300 2760 4860 4860
7658 CONNECTION 473 718 300 3420 5520 5520
7659 CONNECTION 473 607 300 3480 5580 5580
7660 CONNECTION 473 699 300 3480 5580 5580
7661 CONNECTION 473 184 300 5280 7380 7380
7662 CONNECTION 473 285 300 3960 6060 6060
7663 CONNECTION 473 317 300 6480 8580 8580
7664 CONNECTION 473 358 300 5160 7260 7260
7665 CONNECTION 502 503 -1 -1 1500 1500
7666 CONNECTION 502 151 -1 -1 1740 1740
7667 CONNECTION 502 522 -1 -1 5160 5160
7668 CONNECTION 502 587 -1 -1 2700 2700
7669 CONNECTION 502 283 -1 -1 2940 2940
7670 CONNECTION 502 66 -1 -1 3900 3900
7671 CONNECTION 502 234 -1 -1 4560 4560
7672 CONNECTION 502 356 300 2040 4140 4140
7673 CONNECTION 502 633 300 3120 5220 5220
7674 CONNECTION 502 182 300 3000 5100 5100
7675 CONNECTION 502 89 300 2700 4800 4800
7676 CONNECTION 502 433 300 3060 5160 5160
7677 CONNECTION 502 710 300 3060 5160 5160
7678 CONNECTION 502 476 300 3240 5340 5340
7679 CONNECTION 502 620 300 6660 8760 8760
7680 CONNECTION 502 315 300 4200 6300 6300
7681 CONNECTION 502 560 300 4440 6540 6540
7682 CONNECTION 502 388 300 5400 7500 7500
7683 CONNECTION 502 714 300 6060 8160 8160
7684 CONNECTION 502 39 300 5640 7740 7740
7685 CONNECTION 180 152 -1 -1 3420 3420
7686 CONNECTION 180 213 -1 -1 5400 5400
7687 CONNECTION 180 284 -1 -1 4620 4620
7688 CONNECTION 180 357 300 3720 5820 5820
7689 CONNECTION 180 477 300 4920 7020 7020
7690 CONNECTION 180 536 300 6900 9000 9000
7691 CONNECTION 180 561 300 6120 8220 8220
7692 CONNECTION 180 40 300 7320 9420 9420
7693 CONNECTION 606 199 -1 -1 4140 4140
7694 CONNECTION 606 451 -1 -1 5280 5280
7695 CONNECTION 606 523 300 5640 7740 7740
7696 CONNECTION 606 724 300 6780 8880 8880
7697 CONNECTION 683 199 -1 -1 4140 4140
7698 CONNECTION 683 451 -1 -1 5280 5280
7699 CONNECTION 683 523 300 5640 7740 7740
7700 CONNECTION 683 724 300 6780 8880 8880
7701 CONNECTION 150 151 -1 -1 1140 1140
7702 CONNECTION 150 587 -1 -1 2100 2100
7703 CONNECTION 150 283 -1 -1 2340 2340
7704 CONNECTION 150 66 -1 -1 3300 3300
7705 CONNECTION 150 234 -1 -1 3960 3960
7706 CONNECTION 150 356 -1 -1 3540 3540
7707 CONNECTION 150 633 300 2520 4620 4620
7708 CONNECTION 150 182 300 2400 4500 4500
7709 CONNECTION 150 89 300 2100 4200 4200
7710 CONNECTION 150 433 300 2460 4560 4560
7711 CONNECTION 150 710 300 2460 4560 4560
7712 CONNECTION 150 476 300 2640 4740 4740
7713 CONNECTION 150 620 300 6060 8160 8160
7714 CONNECTION 150 315 300 3600 5700 5700
7715 CONNECTION 150 560 300 3840 5940 5940
7716 CONNECTION 150 388 300 4800 6900 6900
7717 CONNECTION 150 714 300 5460 7560 7560
7718 CONNECTION 150 39 300 5040 7140 7140
7719 CONNECTION 150 214 300 6120 8220 8220
7720 CONNECTION 150 507 300 6000 8100 8100
7721 CONNECTION 150 112 300 6060 8160 8160
7722 CONNECTION 150 412 300 5700 7800 7800
7723 CONNECTION 150 706 300 5700 7800 7800
7724 CONNECTION 312 313 -1 -1 2580 2580
7725 CONNECTION 312 386 -1 -1 3780 3780
7726 CONNECTION 312 474 -1 -1 2460 2460
7727 CONNECTION 312 256 -1 -1 3120 3120
7728 CONNECTION 312 332 -1 -1 3180 3180
7729 CONNECTION 312 505 -1 -1 4980 4980
7730 CONNECTION 312 558 -1 -1 3660 3660
7731 CONNECTION 312 589 300 4080 6180 6180
7732 CONNECTION 312 37 300 2760 4860 4860
7733 CONNECTION 312 68 300 5280 7380 7380
7734 CONNECTION 312 153 300 3960 6060 6060
7735 CONNECTION 312 718 300 4620 6720 6720
7736 CONNECTION 312 607 300 4680 6780 6780
7737 CONNECTION 312 699 300 4680 6780 6780
7738 CONNECTION 312 184 300 6480 8580 8580
7739 CONNECTION 312 285 300 5160 7260 7260
7740 CONNECTION 632 633 -1 -1 1800 1800
7741 CONNECTION 632 476 -1 -1 1920 1920
7742 CONNECTION 632 620 -1 -1 5340 5340
7743 CONNECTION 632 315 -1 -1 2880 2880
7744 CONNECTION 632 560 -1 -1 3120 3120
7745 CONNECTION 632 388 -1 -1 4080 4080
7746 CONNECTION 632 714 300 2640 4740 4740
7747 CONNECTION 632 39 300 2220 4320 4320
7748 CONNECTION 632 214 300 3300 5400 5400
7749 CONNECTION 632 507 300 3180 5280 5280
7750 CONNECTION 632 112 300 3240 5340 5340
7751 CONNECTION 632 412 300 2880 4980 4980
7752 CONNECTION 632 706 300 2880 4980 4980
7753 CONNECTION 632 155 300 3420 5520 5520
7754 CONNECTION 632 201 300 6840 8940 8940
7755 CONNECTION 632 591 300 4380 6480 6480
7756 CONNECTION 632 287 300 4620 6720 6720
7757 CONNECTION 632 70 300 5580 7680 7680
7758 CONNECTION 632 237 300 6240 8340 8340
7759 CONNECTION 632 360 300 5820 7920 7920
7760 CONNECTION 281 282 -1 -1 1500 1500
7761 CONNECTION 281 709 -1 -1 2580 2580
7762 CONNECTION 281 355 -1 -1 2700 2700
7763 CONNECTION 281 504 -1 -1 2340 2340
7764 CONNECTION 281 110 -1 -1 2880 2880
7765 CONNECTION 281 475 -1 -1 3900 3900
7766 CONNECTION 281 588 -1 -1 3540 3540
7767 CONNECTION 281 410 300 3060 5160 5160
7768 CONNECTION 281 704 300 3060 5160 5160
7769 CONNECTION 281 67 300 2640 4740 4740
7770 CONNECTION 281 559 300 3000 5100 5100
7771 CONNECTION 281 258 300 4080 6180 6180
7772 CONNECTION 281 38 300 4200 6300 6300
7773 CONNECTION 281 183 300 3840 5940 5940
7774 CONNECTION 281 434 300 4380 6480 6480
7775 CONNECTION 281 711 300 4380 6480 6480
7776 CONNECTION 281 154 300 5400 7500 7500
7777 CONNECTION 281 316 300 5040 7140 7140
7778 CONNECTION 281 90 300 6660 8760 8760
7779 SINK 281 0 -1 -1 0 0
7780 CONNECTION 521 522 -1 -1 4320 4320
7781 CONNECTION 521 283 -1 -1 2100 2100
7782 CONNECTION 521 66 -1 -1 3060 3060
7783 CONNECTION 521 234 -1 -1 3720 3720
7784 CONNECTION 521 356 -1 -1 3300 3300
7785 CONNECTION 521 633 -1 -1 4380 4380
7786 CONNECTION 521 182 -1 -1 4260 4260
7787 CONNECTION 521 89 -1 -1 3960 3960
7788 CONNECTION 521 433 -1 -1 4320 4320
7789 CONNECTION 521 710 -1 -1 4320 4320
7790 CONNECTION 521 476 300 2400 4500 4500
7791 CONNECTION 521 620 300 5820 7920 7920
7792 CONNECTION 521 315 300 3360 5460 5460
7793 CONNECTION 521 560 300 3600 5700 5700
7794 CONNECTION 521 388 300 4560 6660 6660
7795 CONNECTION 521 714 300 5220 7320 7320
7796 CONNECTION 521 39 300 4800 6900 6900
7797 CONNECTION 521 214 300 5880 7980 7980
7798 CONNECTION 521 507 300 5760 7860 7860
7799 CONNECTION 521 112 300 5820 7920 7920
7800 CONNECTION 521 412 300 5460 7560 7560
7801 CONNECTION 521 706 300 5460 7560 7560
7802 CONNECTION 521 155 300 6000 8100 8100
7803 CONNECTION 702 703 -1 -1 1980 1980
7804 CONNECTION 702 535 -1 -1 3960 3960
7805 CONNECTION 702 88 -1 -1 2700 2700
7806 CONNECTION 702 11 -1 -1 4860 4860
7807 CONNECTION 702 619 -1 -1 3480 3480
7808 CONNECTION 702 127 300 3660 5760 5760
7809 CONNECTION 702 235 300 3480 5580 5580
7810 CONNECTION 702 634 300 5460 7560 7560
7811 CONNECTION 702 411 300 4200 6300 6300
7812 CONNECTION 702 705 300 4200 6300 6300
7813 CONNECTION 702 334 300 6360 8460 8460
7814 CONNECTION 702 200 300 4980 7080 7080
7815 CONNECTION 702 452 300 7260 9360 9360
7816 CONNECTION 35 65 -1 -1 1860 1860
7817 CONNECTION 35 233 -1 -1 2340 2340
7818 CONNECTION 35 181 -1 -1 3060 3060
7819 CONNECTION 35 314 300 2160 4260 4260
7820 CONNECTION 35 387 300 3360 5460 5460
7821 CONNECTION 35 713 300 3840 5940 5940
7822 CONNECTION 35 506 300 4560 6660 6660
7823 CONNECTION 35 590 300 5760 7860 7860
7824 CONNECTION 450 386 -1 -1 3360 3360
7825 CONNECTION 450 474 -1 -1 2040 2040
7826 CONNECTION 450 256 -1 -1 2700 2700
7827 CONNECTION 450 332 -1 -1 2760 2760
7828 CONNECTION 450 505 -1 -1 4560 4560
7829 CONNECTION 450 558 -1 -1 3240 3240
7830 CONNECTION 450 589 300 3660 5760 5760
7831 CONNECTION 450 37 300 2340 4440 4440
7832 CONNECTION 450 68 300 4860 6960 6960
7833 CONNECTION 450 153 300 3540 5640 5640
7834 CONNECTION 450 718 300 4200 6300 6300
7835 CONNECTION 450 607 300 4260 6360 6360
7836 CONNECTION 450 699 300 4260 6360 6360
7837 CONNECTION 450 184 300 6060 8160 8160
7838 CONNECTION 450 285 300 4740 6840 6840
7839 CONNECTION 450 317 300 7260 9360 9360
7840 CONNECTION 450 358 300 5940 8040 8040
7841 CONNECTION 618 619 -1 -1 1680 1680
7842 CONNECTION 618 127 -1 -1 3960 3960
7843 CONNECTION 618 235 -1 -1 3780 3780
7844 CONNECTION 618 634 -1 -1 5760 5760
7845 CONNECTION 618 411 -1 -1 4500 4500
7846 CONNECTION 618 705 -1 -1 4500 4500
7847 CONNECTION 618 334 300 4560 6660 6660
7848 CONNECTION 618 200 300 3180 5280 5280
7849 CONNECTION 618 452 300 5460 7560 7560
7850 CONNECTION 618 715 300 5280 7380 7380
7851 CONNECTION 618 91 300 6000 8100 8100
7852 CONNECTION 432 386 -1 -1 3240 3240
7853 CONNECTION 432 474 -1 -1 1920 1920
7854 CONNECTION 432 256 -1 -1 2580 2580
7855 CONNECTION 432 332 -1 -1 2640 2640
7856 CONNECTION 432 505 -1 -1 4440 4440
7857 CONNECTION 432 558 -1 -1 3120 3120
7858 CONNECTION 432 589 300 3540 5640 5640
7859 CONNECTION 432 37 300 2220 4320 4320
7860 CONNECTION 432 68 300 4740 6840 6840
7861 CONNECTION 432 153 300 3420 5520 5520
7862 CONNECTION 432 718 300 4080 6180 6180
7863 CONNECTION 432 607 300 4140 6240 6240
7864 CONNECTION 432 699 300 4140 6240 6240
7865 CONNECTION 432 184 300 5940 8040 8040
7866 CONNECTION 432 285 300 4620 6720 6720
7867 CONNECTION 432 317 300 7140 9240 9240
7868 CONNECTION 432 358 300 5820 7920 7920
7869 CONNECTION 695 386 -1 -1 3240 3240
7870 CONNECTION 695 474 -1 -1 1920 1920
7871 CONNECTION 695 256 -1 -1 2580 2580
7872 CONNECTION 695 332 -1 -1 2640 2640
7873 CONNECTION 695 505 -1 -1 4440 4440
7874 CONNECTION 695 558 -1 -1 3120 3120
7875 CONNECTION 695 589 300 3540 5640 5640
7876 CONNECTION 695 37 300 2220 4320 4320
7877 CONNECTION 695 68 300 4740 6840 6840
7878 CONNECTION 695 153 300 3420 5520 5520
7879 CONNECTION 695 718 300 4080 6180 6180
7880 CONNECTION 695 607 300 4140 6240 6240
7881 CONNECTION 695 699 300 4140 6240 6240
7882 CONNECTION 695 184 300 5940 8040 8040
7883 CONNECTION 695 285 300 4620 6720 6720
7884 CONNECTION 695 317 300 7140 9240 9240
7885 CONNECTION 695 358 300 5820 7920 7920
7886 CONNECTION 708 709 -1 -1 1500 1500
7887 CONNECTION 708 475 -1 -1 2820 2820
7888 CONNECTION 708 588 -1 -1 2460 2460
7889 CONNECTION 708 410 -1 -1 4080 4080
7890 CONNECTION 708 704 -1 -1 4080 4080
7891 CONNECTION 708 67 -1 -1 3660 3660
7892 CONNECTION 708 559 -1 -1 4020 4020
7893 CONNECTION 708 258 300 3000 5100 5100
7894 CONNECTION 708 38 300 3120 5220 5220
7895 CONNECTION 708 183 300 2760 4860 4860
7896 CONNECTION 708 434 300 3300 5400 5400
7897 CONNECTION 708 711 300 3300 5400 5400
7898 CONNECTION 708 154 300 4320 6420 6420
7899 CONNECTION 708 316 300 3960 6060 6060
7900 CONNECTION 708 90 300 5580 7680 7680
7901 CONNECTION 708 286 300 5520 7620 7620
7902 CONNECTION 708 389 300 5160 7260 7260
7903 SINK 708 0 -1 -1 0 0
7904 CONNECTION 10 11 -1 -1 3180 3180
7905 CONNECTION 10 127 -1 -1 4080 4080
7906 CONNECTION 10 235 -1 -1 3900 3900
7907 CONNECTION 10 634 -1 -1 5880 5880
7908 CONNECTION 10 411 300 2520 4620 4620
7909 CONNECTION 10 705 300 2520 4620 4620
7910 CONNECTION 10 334 300 4680 6780 6780
7911 CONNECTION 10 200 300 3300 5400 5400
7912 CONNECTION 10 452 300 5580 7680 7680
7913 CONNECTION 10 715 300 5400 7500 7500
7914 CONNECTION 10 91 300 6120 8220 8220
7915 CONNECTION 534 535 -1 -1 3300 3300
7916 CONNECTION 534 11 -1 -1 4200 4200
7917 CONNECTION 534 619 -1 -1 2820 2820
7918 CONNECTION 534 127 -1 -1 5100 5100
7919 CONNECTION 534 235 300 2820 4920 4920
7920 CONNECTION 534 634 300 4800 6900 6900
7921 CONNECTION 534 411 300 3540 5640 5640
7922 CONNECTION 534 705 300 3540 5640 5640
7923 CONNECTION 534 334 300 5700 7800 7800
7924 CONNECTION 534 200 300 4320 6420 6420
7925 CONNECTION 534 452 300 6600 8700 8700
7926 CONNECTION 534 715 300 6420 8520 8520
7927 CONNECTION 87 88 -1 -1 1800 1800
7928 CONNECTION 87 11 -1 -1 3960 3960
7929 CONNECTION 87 619 -1 -1 2580 2580
7930 CONNECTION 87 127 -1 -1 4860 4860
7931 CONNECTION 87 235 -1 -1 4680 4680
7932 CONNECTION 87 634 300 4560 6660 6660
7933 CONNECTION 87 411 300 3300 5400 5400
7934 CONNECTION 87 705 300 3300 5400 5400
7935 CONNECTION 87 334 300 5460 7560 7560
7936 CONNECTION 87 200 300 4080 6180 6180
7937 CONNECTION 87 452 300 6360 8460 8460
7938 CONNECTION 87 715 300 6180 8280 8280
7939 CONNECTION 503 504 -1 -1 1140 1140
7940 CONNECTION 503 475 -1 -1 2700 2700
7941 CONNECTION 503 588 -1 -1 2340 2340
7942 CONNECTION 503 410 -1 -1 3960 3960
7943 CONNECTION 503 704 -1 -1 3960 3960
7944 CONNECTION 503 67 -1 -1 3540 3540
7945 CONNECTION 503 559 -1 -1 3900 3900
7946 CONNECTION 503 258 300 2880 4980 4980
7947 CONNECTION 503 38 300 3000 5100 5100
7948 CONNECTION 503 183 300 2640 4740 4740
7949 CONNECTION 503 434 300 3180 5280 5280
7950 CONNECTION 503 711 300 3180 5280 5280
7951 CONNECTION 503 154 300 4200 6300 6300
7952 CONNECTION 503 316 300 3840 5940 5940
7953 CONNECTION 503 90 300 5460 7560 7560
7954 CONNECTION 503 286 300 5400 7500 7500
7955 CONNECTION 503 389 300 5040 7140 7140
7956 CONNECTION 503 720 300 6480 8580 8580
7957 SINK 503 0 -1 -1 0 0
7958 CONNECTION 109 110 -1 -1 1620 1620
7959 CONNECTION 109 475 -1 -1 2640 2640
7960 CONNECTION 109 588 -1 -1 2280 2280
7961 CONNECTION 109 410 -1 -1 3900 3900
7962 CONNECTION 109 704 -1 -1 3900 3900
7963 CONNECTION 109 67 -1 -1 3480 3480
7964 CONNECTION 109 559 -1 -1 3840 3840
7965 CONNECTION 109 258 300 2820 4920 4920
7966 CONNECTION 109 38 300 2940 5040 5040
7967 CONNECTION 109 183 300 2580 4680 4680
7968 CONNECTION 109 434 300 3120 5220 5220
7969 CONNECTION 109 711 300 3120 5220 5220
7970 CONNECTION 109 154 300 4140 6240 6240
7971 CONNECTION 109 316 300 3780 5880 5880
7972 CONNECTION 109 90 300 5400 7500 7500
7973 CONNECTION 109 286 300 5340 7440 7440
7974 CONNECTION 109 389 300 4980 7080 7080
7975 CONNECTION 109 720 300 6420 8520 8520
7976 SINK 109 0 -1 -1 0 0
7977 CONNECTION 409 233 -1 -1 1680 1680
7978 CONNECTION 409 181 -1 -1 2400 2400
7979 CONNECTION 409 314 -1 -1 3600 3600
7980 CONNECTION 409 387 300 2700 4800 4800
7981 CONNECTION 409 713 300 3180 5280 5280
7982 CONNECTION 409 506 300 3900 6000 6000
7983 CONNECTION 409 590 300 5100 7200 7200
7984 CONNECTION 557 558 -1 -1 1260 1260
7985 CONNECTION 557 589 -1 -1 3780 3780
7986 CONNECTION 557 37 -1 -1 2460 2460
7987 CONNECTION 557 68 -1 -1 4980 4980
7988 CONNECTION 557 153 -1 -1 3660 3660
7989 CONNECTION 557 718 300 2220 4320 4320
7990 CONNECTION 557 607 300 2280 4380 4380
7991 CONNECTION 557 699 300 2280 4380 4380
7992 CONNECTION 557 184 300 4080 6180 6180
7993 CONNECTION 557 285 300 2760 4860 4860
7994 CONNECTION 557 317 300 5280 7380 7380
7995 CONNECTION 557 358 300 3960 6060 6060
7996 CONNECTION 557 390 300 6480 8580 8580
7997 CONNECTION 557 478 300 5160 7260 7260
7998 CONNECTION 557 259 300 5820 7920 7920
7999 CONNECTION 557 12 300 5880 7980 7980
8000 CONNECTION 586 587 -1 -1 1500 1500
8001 CONNECTION 586 283 -1 -1 1740 1740
8002 CONNECTION 586 66 -1 -1 2700 2700
8003 CONNECTION 586 234 -1 -1 3360 3360
8004 CONNECTION 586 356 -1 -1 2940 2940
8005 CONNECTION 586 633 -1 -1 4020 4020
8006 CONNECTION 586 182 -1 -1 3900 3900
8007 CONNECTION 586 89 -1 -1 3600 3600
8008 CONNECTION 586 433 -1 -1 3960 3960
8009 CONNECTION 586 710 -1 -1 3960 3960
8010 CONNECTION 586 476 300 2040 4140 4140
8011 CONNECTION 586 620 300 5460 7560 7560
8012 CONNECTION 586 315 300 3000 5100 5100
8013 CONNECTION 586 560 300 3240 5340 5340
8014 CONNECTION 586 388 300 4200 6300 6300
8015 CONNECTION 586 714 300 4860 6960 6960
8016 CONNECTION 586 39 300 4440 6540 6540
8017 CONNECTION 586 214 300 5520 7620 7620
8018 CONNECTION 586 507 300 5400 7500 7500
8019 CONNECTION 586 112 300 5460 7560 7560
8020 CONNECTION 586 412 300 5100 7200 7200
8021 CONNECTION 586 706 300 5100 7200 7200
8022 CONNECTION 586 155 300 5640 7740 7740
8023 CONNECTION 586 201 300 9060 11160 11160
8024 CONNECTION 689 233 -1 -1 1680 1680
8025 CONNECTION 689 181 -1 -1 2400 2400
8026 CONNECTION 689 314 -1 -1 3600 3600
8027 CONNECTION 689 387 300 2700 4800 4800
8028 CONNECTION 689 713 300 3180 5280 5280
8029 CONNECTION 689 506 300 3900 6000 6000
8030 CONNECTION 689 590 300 5100 7200 7200
8031 CONNECTION 313 284 -1 -1 3420 3420
8032 CONNECTION 313 357 -1 -1 4620 4620
8033 CONNECTION 313 477 300 3720 5820 5820
8034 CONNECTION 313 536 300 5700 7800 7800
8035 CONNECTION 313 561 300 4920 7020 7020
8036 CONNECTION 313 40 300 6120 8220 8220
8037 CONNECTION 313 156 300 7320 9420 9420
8038 CONNECTION 313 635 300 9300 11400 11400
8039 CONNECTION 282 283 -1 -1 1140 1140
8040 CONNECTION 282 66 -1 -1 2100 2100
8041 CONNECTION 282 234 -1 -1 2760 2760
8042 CONNECTION 282 356 -1 -1 2340 2340
8043 CONNECTION 282 633 -1 -1 3420 3420
8044 CONNECTION 282 182 -1 -1 3300 3300
8045 CONNECTION 282 89 -1 -1 3000 3000
8046 CONNECTION 282 433 -1 -1 3360 3360
8047 CONNECTION 282 710 -1 -1 3360 3360
8048 CONNECTION 282 476 -1 -1 3540 3540
8049 CONNECTION 282 620 -1 -1 6960 6960
8050 CONNECTION 282 315 300 2400 4500 4500
8051 CONNECTION 282 560 300 2640 4740 4740
8052 CONNECTION 282 388 300 3600 5700 5700
8053 CONNECTION 282 714 300 4260 6360 6360
8054 CONNECTION 282 39 300 3840 5940 5940
8055 CONNECTION 282 214 300 4920 7020 7020
8056 CONNECTION 282 507 300 4800 6900 6900
8057 CONNECTION 282 112 300 4860 6960 6960
8058 CONNECTION 282 412 300 4500 6600 6600
8059 CONNECTION 282 706 300 4500 6600 6600
8060 CONNECTION 282 155 300 5040 7140 7140
8061 CONNECTION 282 201 300 8460 10560 10560
8062 CONNECTION 282 591 300 6000 8100 8100
8063 CONNECTION 385 386 -1 -1 2580 2580
8064 CONNECTION 385 256 -1 -1 1920 1920
8065 CONNECTION 385 332 -1 -1 1980 1980
8066 CONNECTION 385 505 -1 -1 3780 3780
8067 CONNECTION 385 558 -1 -1 2460 2460
8068 CONNECTION 385 589 -1 -1 4980 4980
8069 CONNECTION 385 37 -1 -1 3660 3660
8070 CONNECTION 385 68 300 4080 6180 6180
8071 CONNECTION 385 153 300 2760 4860 4860
8072 CONNECTION 385 718 300 3420 5520 5520
8073 CONNECTION 385 607 300 3480 5580 5580
8074 CONNECTION 385 699 300 3480 5580 5580
8075 CONNECTION 385 184 300 5280 7380 7380
8076 CONNECTION 385 285 300 3960 6060 6060
8077 CONNECTION 385 317 300 6480 8580 8580
8078 CONNECTION 385 358 300 5160 7260 7260
8079 CONNECTION 697 698 -1 -1 1140 1140
8080 CONNECTION 697 128 300 2640 4740 4740
8081 CONNECTION 697 435 300 2760 4860 4860
8082 CONNECTION 697 712 300 2760 4860 4860
8083 CONNECTION 697 719 300 3360 5460 5460
8084 CONNECTION 697 608 300 4620 6720 6720
8085 CONNECTION 697 700 300 4620 6720 6720
8086 CONNECTION 354 355 -1 -1 1500 1500
8087 CONNECTION 354 475 -1 -1 2700 2700
8088 CONNECTION 354 588 -1 -1 2340 2340
8089 CONNECTION 354 410 -1 -1 3960 3960
8090 CONNECTION 354 704 -1 -1 3960 3960
8091 CONNECTION 354 67 -1 -1 3540 3540
8092 CONNECTION 354 559 -1 -1 3900 3900
8093 CONNECTION 354 258 300 2880 4980 4980
8094 CONNECTION 354 38 300 3000 5100 5100
8095 CONNECTION 354 183 300 2640 4740 4740
8096 CONNECTION 354 434 300 3180 5280 5280
8097 CONNECTION 354 711 300 3180 5280 5280
8098 CONNECTION 354 154 300 4200 6300 6300
8099 CONNECTION 354 316 300 3840 5940 5940
8100 CONNECTION 354 90 300 5460 7560 7560
8101 CONNECTION 354 286 300 5400 7500 7500
8102 CONNECTION 354 389 300 5040 7140 7140
8103 CONNECTION 354 720 300 6480 8580 8580
8104 SINK 354 0 -1 -1 0 0
8105 CONNECTION 151 181 -1 -1 1860 1860
8106 CONNECTION 151 314 -1 -1 3060 3060
8107 CONNECTION 151 387 300 2160 4260 4260
8108 CONNECTION 151 713 300 2640 4740 4740
8109 CONNECTION 151 506 300 3360 5460 5460
8110 CONNECTION 151 590 300 4560 6660 6660
8111 CONNECTION 151 69 300 5760 7860 7860
8112 CONNECTION 126 127 -1 -1 2820 2820
8113 CONNECTION 126 235 -1 -1 2640 2640
8114 CONNECTION 126 634 -1 -1 4620 4620
8115 CONNECTION 126 411 -1 -1 3360 3360
8116 CONNECTION 126 705 -1 -1 3360 3360
8117 CONNECTION 126 334 -1 -1 5520 5520
8118 CONNECTION 126 200 -1 -1 4140 4140
8119 CONNECTION 126 452 300 4320 6420 6420
8120 CONNECTION 126 715 300 4140 6240 6240
8121 CONNECTION 126 91 300 4860 6960 6960
8122 CONNECTION 126 524 300 5640 7740 7740
8123 CONNECTION 522 477 -1 -1 3480 3480
8124 CONNECTION 522 536 -1 -1 5460 5460
8125 CONNECTION 522 561 -1 -1 4680 4680
8126 CONNECTION 522 40 300 3780 5880 5880
8127 CONNECTION 522 156 300 4980 7080 7080
8128 CONNECTION 522 635 300 6960 9060 9060
8129 CONNECTION 522 288 300 6180 8280 8280
8130 CONNECTION 522 361 300 7380 9480 9480
8131 CONNECTION 703 410 -1 -1 2520 2520
8132 CONNECTION 703 704 -1 -1 2520 2520
8133 CONNECTION 703 67 -1 -1 2100 2100
8134 CONNECTION 703 559 -1 -1 2460 2460
8135 CONNECTION 703 258 -1 -1 3540 3540
8136 CONNECTION 703 38 -1 -1 3660 3660
8137 CONNECTION 703 183 -1 -1 3300 3300
8138 CONNECTION 703 434 -1 -1 3840 3840
8139 CONNECTION 703 711 -1 -1 3840 3840
8140 CONNECTION 703 154 300 2760 4860 4860
8141 CONNECTION 703 316 300 2400 4500 4500
8142 CONNECTION 703 90 300 4020 6120 6120
8143 CONNECTION 703 286 300 3960 6060 6060
8144 CONNECTION 703 389 300 3600 5700 5700
8145 CONNECTION 703 720 300 5040 7140 7140
8146 CONNECTION 703 359 300 5160 7260 7260
8147 CONNECTION 703 508 300 4800 6900 6900
8148 CONNECTION 703 113 300 5340 7440 7440
8149 CONNECTION 703 479 300 6360 8460 8460
8150 CONNECTION 703 592 300 6000 8100 8100
8151 SINK 703 0 -1 -1 0 0
8152 CONNECTION 587 588 -1 -1 1140 1140
8153 CONNECTION 587 410 -1 -1 2760 2760
8154 CONNECTION 587 704 -1 -1 2760 2760
8155 CONNECTION 587 67 -1 -1 2340 2340
8156 CONNECTION 587 559 -1 -1 2700 2700
8157 CONNECTION 587 258 -1 -1 3780 3780
8158 CONNECTION 587 38 -1 -1 3900 3900
8159 CONNECTION 587 183 -1 -1 3540 3540
8160 CONNECTION 587 434 -1 -1 4080 4080
8161 CONNECTION 587 711 -1 -1 4080 4080
8162 CONNECTION 587 154 300 3000 5100 5100
8163 CONNECTION 587 316 300 2640 4740 4740
8164 CONNECTION 587 90 300 4260 6360 6360
8165 CONNECTION 587 286 300 4200 6300 6300
8166 CONNECTION 587 389 300 3840 5940 5940
8167 CONNECTION 587 720 300 5280 7380 7380
8168 CONNECTION 587 359 300 5400 7500 7500
8169 CONNECTION 587 508 300 5040 7140 7140
8170 CONNECTION 587 113 300 5580 7680 7680
8171 SINK 587 0 -1 -1 0 0
8172 CONNECTION 36 37 -1 -1 1260 1260
8173 CONNECTION 36 68 -1 -1 3780 3780
8174 CONNECTION 36 153 -1 -1 2460 2460
8175 CONNECTION 36 718 -1 -1 3120 3120
8176 CONNECTION 36 607 -1 -1 3180 3180
8177 CONNECTION 36 699 -1 -1 3180 3180
8178 CONNECTION 36 184 -1 -1 4980 4980
8179 CONNECTION 36 285 -1 -1 3660 3660
8180 CONNECTION 36 317 300 4080 6180 6180
8181 CONNECTION 36 358 300 2760 4860 4860
8182 CONNECTION 36 390 300 5280 7380 7380
8183 CONNECTION 36 478 300 3960 6060 6060
8184 CONNECTION 36 259 300 4620 6720 6720
8185 CONNECTION 36 12 300 4680 6780 6780
8186 CONNECTION 36 509 300 6480 8580 8580
8187 CONNECTION 36 562 300 5160 7260 7260
8188 CONNECTION 65 66 -1 -1 1500 1500
8189 CONNECTION 65 234 -1 -1 2160 2160
8190 CONNECTION 65 356 -1 -1 1740 1740
8191 CONNECTION 65 633 -1 -1 2820 2820
8192 CONNECTION 65 182 -1 -1 2700 2700
8193 CONNECTION 65 89 -1 -1 2400 2400
8194 CONNECTION 65 433 -1 -1 2760 2760
8195 CONNECTION 65 710 -1 -1 2760 2760
8196 CONNECTION 65 476 -1 -1 2940 2940
8197 CONNECTION 65 620 -1 -1 6360 6360
8198 CONNECTION 65 315 -1 -1 3900 3900
8199 CONNECTION 65 560 300 2040 4140 4140
8200 CONNECTION 65 388 300 3000 5100 5100
8201 CONNECTION 65 714 300 3660 5760 5760
8202 CONNECTION 65 39 300 3240 5340 5340
8203 CONNECTION 65 214 300 4320 6420 6420
8204 CONNECTION 65 507 300 4200 6300 6300
8205 CONNECTION 65 112 300 4260 6360 6360
8206 CONNECTION 65 412 300 3900 6000 6000
8207 CONNECTION 65 706 300 3900 6000 6000
8208 CONNECTION 65 155 300 4440 6540 6540
8209 CONNECTION 65 201 300 7860 9960 9960
8210 CONNECTION 65 591 300 5400 7500 7500
8211 CONNECTION 65 287 300 5640 7740 7740
8212 CONNECTION 709 633 -1 -1 2340 2340
8213 CONNECTION 709 182 -1 -1 2220 2220
8214 CONNECTION 709 89 -1 -1 1920 1920
8215 CONNECTION 709 433 -1 -1 2280 2280
8216 CONNECTION 709 710 -1 -1 2280 2280
8217 CONNECTION 709 476 -1 -1 2460 2460
8218 CONNECTION 709 620 -1 -1 5880 5880
8219 CONNECTION 709 315 -1 -1 3420 3420
8220 CONNECTION 709 560 -1 -1 3660 3660
8221 CONNECTION 709 388 300 2520 4620 4620
8222 CONNECTION 709 714 300 3180 5280 5280
8223 CONNECTION 709 39 300 2760 4860 4860
8224 CONNECTION 709 214 300 3840 5940 5940
8225 CONNECTION 709 507 300 3720 5820 5820
8226 CONNECTION 709 112 300 3780 5880 5880
8227 CONNECTION 709 412 300 3420 5520 5520
8228 CONNECTION 709 706 300 3420 5520 5520
8229 CONNECTION 709 155 300 3960 6060 6060
8230 CONNECTION 709 201 300 7380 9480 9480
8231 CONNECTION 709 591 300 4920 7020 7020
8232 CONNECTION 709 287 300 5160 7260 7260
8233 CONNECTION 709 70 300 6120 8220 8220
8234 CONNECTION 386 357 -1 -1 3420 3420
8235 CONNECTION 386 477 -1 -1 4620 4620
8236 CONNECTION 386 536 -1 -1 6600 6600
8237 CONNECTION 386 561 300 3720 5820 5820
8238 CONNECTION 386 40 300 4920 7020 7020
8239 CONNECTION 386 156 300 6120 8220 8220
8240 CONNECTION 386 635 300 8100 10200 10200
8241 CONNECTION 386 288 300 7320 9420 9420
8242 CONNECTION 355 356 -1 -1 1140 1140
8243 CONNECTION 355 633 -1 -1 2220 2220
8244 CONNECTION 355 182 -1 -1 2100 2100
8245 CONNECTION 355 89 -1 -1 1800 1800
8246 CONNECTION 355 433 -1 -1 2160 2160
8247 CONNECTION 355 710 -1 -1 2160 2160
8248 CONNECTION 355 476 -1 -1 2340 2340
8249 CONNECTION 355 620 -1 -1 5760 5760
8250 CONNECTION 355 315 -1 -1 3300 3300
8251 CONNECTION 355 560 -1 -1 3540 3540
8252 CONNECTION 355 388 300 2400 4500 4500
8253 CONNECTION 355 714 300 3060 5160 5160
8254 CONNECTION 355 39 300 2640 4740 4740
8255 CONNECTION 355 214 300 3720 5820 5820
8256 CONNECTION 355 507 300 3600 5700 5700
8257 CONNECTION 355 112 300 3660 5760 5760
8258 CONNECTION 355 412 300 3300 5400 5400
8259 CONNECTION 355 706 300 3300 5400 5400
8260 CONNECTION 355 155 300 3840 5940 5940
8261 CONNECTION 355 201 300 7260 9360 9360
8262 CONNECTION 355 591 300 4800 6900 6900
8263 CONNECTION 355 287 300 5040 7140 7140
8264 CONNECTION 355 70 300 6000 8100 8100
8265 CONNECTION 355 237 300 6660 8760 8760
8266 CONNECTION 504 505 -1 -1 2580 2580
8267 CONNECTION 504 589 -1 -1 3780 3780
8268 CONNECTION 504 37 -1 -1 2460 2460
8269 CONNECTION 504 68 -1 -1 4980 4980
8270 CONNECTION 504 153 -1 -1 3660 3660
8271 CONNECTION 504 718 300 2220 4320 4320
8272 CONNECTION 504 607 300 2280 4380 4380
8273 CONNECTION 504 699 300 2280 4380 4380
8274 CONNECTION 504 184 300 4080 6180 6180
8275 CONNECTION 504 285 300 2760 4860 4860
8276 CONNECTION 504 317 300 5280 7380 7380
8277 CONNECTION 504 358 300 3960 6060 6060
8278 CONNECTION 504 390 300 6480 8580 8580
8279 CONNECTION 504 478 300 5160 7260 7260
8280 CONNECTION 504 259 300 5820 7920 7920
8281 CONNECTION 504 12 300 5880 7980 7980
8282 CONNECTION 110 111 -1 -1 1200 1200
8283 CONNECTION 110 128 300 2580 4680 4680
8284 CONNECTION 110 435 300 2700 4800 4800
8285 CONNECTION 110 712 300 2700 4800 4800
8286 CONNECTION 110 719 300 3300 5400 5400
8287 CONNECTION 110 608 300 4560 6660 6660
8288 CONNECTION 110 700 300 4560 6660 6660
8289 CONNECTION 474 475 -1 -1 1500 1500
8290 CONNECTION 474 410 -1 -1 2760 2760
8291 CONNECTION 474 704 -1 -1 2760 2760
8292 CONNECTION 474 67 -1 -1 2340 2340
8293 CONNECTION 474 559 -1 -1 2700 2700
8294 CONNECTION 474 258 -1 -1 3780 3780
8295 CONNECTION 474 38 -1 -1 3900 3900
8296 CONNECTION 474 183 -1 -1 3540 3540
8297 CONNECTION 474 434 -1 -1 4080 4080
8298 CONNECTION 474 711 -1 -1 4080 4080
8299 CONNECTION 474 154 300 3000 5100 5100
8300 CONNECTION 474 316 300 2640 4740 4740
8301 CONNECTION 474 90 300 4260 6360 6360
8302 CONNECTION 474 286 300 4200 6300 6300
8303 CONNECTION 474 389 300 3840 5940 5940
8304 CONNECTION 474 720 300 5280 7380 7380
8305 CONNECTION 474 359 300 5400 7500 7500
8306 CONNECTION 474 508 300 5040 7140 7140
8307 CONNECTION 474 113 300 5580 7680 7680
8308 SINK 474 0 -1 -1 0 0
8309 CONNECTION 233 234 -1 -1 1680 1680
8310 CONNECTION 233 633 -1 -1 2340 2340
8311 CONNECTION 233 182 -1 -1 2220 2220
8312 CONNECTION 233 89 -1 -1 1920 1920
8313 CONNECTION 233 433 -1 -1 2280 2280
8314 CONNECTION 233 710 -1 -1 2280 2280
8315 CONNECTION 233 476 -1 -1 2460 2460
8316 CONNECTION 233 620 -1 -1 5880 5880
8317 CONNECTION 233 315 -1 -1 3420 3420
8318 CONNECTION 233 560 -1 -1 3660 3660
8319 CONNECTION 233 388 300 2520 4620 4620
8320 CONNECTION 233 714 300 3180 5280 5280
8321 CONNECTION 233 39 300 2760 4860 4860
8322 CONNECTION 233 214 300 3840 5940 5940
8323 CONNECTION 233 507 300 3720 5820 5820
8324 CONNECTION 233 112 300 3780 5880 5880
8325 CONNECTION 233 412 300 3420 5520 5520
8326 CONNECTION 233 706 300 3420 5520 5520
8327 CONNECTION 233 155 300 3960 6060 6060
8328 CONNECTION 233 201 300 7380 9480 9480
8329 CONNECTION 233 591 300 4920 7020 7020
8330 CONNECTION 233 287 300 5160 7260 7260
8331 CONNECTION 233 70 300 6120 8220 8220
8332 CONNECTION 535 523 -1 -1 5040 5040
8333 CONNECTION 535 724 300 4080 6180 6180
8334 CONNECTION 535 621 300 6540 8640 8640
8335 CONNECTION 535 129 300 7680 9780 9780
8336 CONNECTION 283 314 -1 -1 1860 1860
8337 CONNECTION 283 387 -1 -1 3060 3060
8338 CONNECTION 283 713 -1 -1 3540 3540
8339 CONNECTION 283 506 300 2160 4260 4260
8340 CONNECTION 283 590 300 3360 5460 5460
8341 CONNECTION 283 69 300 4560 6660 6660
8342 CONNECTION 283 236 300 5040 7140 7140
8343 CONNECTION 283 185 300 5760 7860 7860
8344 CONNECTION 88 89 -1 -1 1140 1140
8345 CONNECTION 88 476 -1 -1 1680 1680
8346 CONNECTION 88 620 -1 -1 5100 5100
8347 CONNECTION 88 315 -1 -1 2640 2640
8348 CONNECTION 88 560 -1 -1 2880 2880
8349 CONNECTION 88 388 -1 -1 3840 3840
8350 CONNECTION 88 714 -1 -1 4500 4500
8351 CONNECTION 88 39 300 1980 4080 4080
8352 CONNECTION 88 214 300 3060 5160 5160
8353 CONNECTION 88 507 300 2940 5040 5040
8354 CONNECTION 88 112 300 3000 5100 5100
8355 CONNECTION 88 412 300 2640 4740 4740
8356 CONNECTION 88 706 300 2640 4740 4740
8357 CONNECTION 88 155 300 3180 5280 5280
8358 CONNECTION 88 201 300 6600 8700 8700
8359 CONNECTION 88 591 300 4140 6240 6240
8360 CONNECTION 88 287 300 4380 6480 6480
8361 CONNECTION 88 70 300 5340 7440 7440
8362 CONNECTION 88 237 300 6000 8100 8100
8363 CONNECTION 88 360 300 5580 7680 7680
8364 CONNECTION 88 537 300 6660 8760 8760
8365 CONNECTION 256 257 -1 -1 1620 1620
8366 CONNECTION 256 128 300 2400 4500 4500
8367 CONNECTION 256 435 300 2520 4620 4620
8368 CONNECTION 256 712 300 2520 4620 4620
8369 CONNECTION 256 719 300 3120 5220 5220
8370 CONNECTION 256 608 300 4380 6480 6480
8371 CONNECTION 256 700 300 4380 6480 6480
8372 CONNECTION 256 453 300 6000 8100 8100
8373 CONNECTION 256 114 300 6120 8220 8220
8374 CONNECTION 332 333 -1 -1 2820 2820
8375 CONNECTION 332 128 300 2340 4440 4440
8376 CONNECTION 332 435 300 2460 4560 4560
8377 CONNECTION 332 712 300 2460 4560 4560
8378 CONNECTION 332 719 300 3060 5160 5160
8379 CONNECTION 332 608 300 4320 6420 6420
8380 CONNECTION 332 700 300 4320 6420 6420
8381 CONNECTION 332 453 300 5940 8040 8040
8382 CONNECTION 332 114 300 6060 8160 8160
8383 CONNECTION 66 67 -1 -1 1140 1140
8384 CONNECTION 66 258 -1 -1 2580 2580
8385 CONNECTION 66 38 -1 -1 2700 2700
8386 CONNECTION 66 183 -1 -1 2340 2340
8387 CONNECTION 66 434 -1 -1 2880 2880
8388 CONNECTION 66 711 -1 -1 2880 2880
8389 CONNECTION 66 154 -1 -1 3900 3900
8390 CONNECTION 66 316 -1 -1 3540 3540
8391 CONNECTION 66 90 300 3060 5160 5160
8392 CONNECTION 66 286 300 3000 5100 5100
8393 CONNECTION 66 389 300 2640 4740 4740
8394 CONNECTION 66 720 300 4080 6180 6180
8395 CONNECTION 66 359 300 4200 6300 6300
8396 CONNECTION 66 508 300 3840 5940 5940
8397 CONNECTION 66 113 300 4380 6480 6480
8398 CONNECTION 66 479 300 5400 7500 7500
8399 CONNECTION 66 592 300 5040 7140 7140
8400 CONNECTION 66 413 300 6660 8760 8760
8401 CONNECTION 66 716 300 6660 8760 8760
8402 SINK 66 0 -1 -1 0 0
8403 CONNECTION 152 153 -1 -1 1260 1260
8404 CONNECTION 152 718 -1 -1 1920 1920
8405 CONNECTION 152 607 -1 -1 1980 1980
8406 CONNECTION 152 699 -1 -1 1980 1980
8407 CONNECTION 152 184 -1 -1 3780 3780
8408 CONNECTION 152 285 -1 -1 2460 2460
8409 CONNECTION 152 317 -1 -1 4980 4980
8410 CONNECTION 152 358 -1 -1 3660 3660
8411 CONNECTION 152 390 300 4080 6180 6180
8412 CONNECTION 152 478 300 2760 4860 4860
8413 CONNECTION 152 259 300 3420 5520 5520
8414 CONNECTION 152 12 300 3480 5580 5580
8415 CONNECTION 152 509 300 5280 7380 7380
8416 CONNECTION 152 562 300 3960 6060 6060
8417 CONNECTION 152 593 300 6480 8580 8580
8418 CONNECTION 152 41 300 5160 7260 7260
8419 CONNECTION 181 182 -1 -1 1500 1500
8420 CONNECTION 181 476 -1 -1 1740 1740
8421 CONNECTION 181 620 -1 -1 5160 5160
8422 CONNECTION 181 315 -1 -1 2700 2700
8423 CONNECTION 181 560 -1 -1 2940 2940
8424 CONNECTION 181 388 -1 -1 3900 3900
8425 CONNECTION 181 714 -1 -1 4560 4560
8426 CONNECTION 181 39 300 2040 4140 4140
8427 CONNECTION 181 214 300 3120 5220 5220
8428 CONNECTION 181 507 300 3000 5100 5100
8429 CONNECTION 181 112 300 3060 5160 5160
8430 CONNECTION 181 412 300 2700 4800 4800
8431 CONNECTION 181 706 300 2700 4800 4800
8432 CONNECTION 181 155 300 3240 5340 5340
8433 CONNECTION 181 201 300 6660 8760 8760
8434 CONNECTION 181 591 300 4200 6300 6300
8435 CONNECTION 181 287 300 4440 6540 6540
8436 CONNECTION 181 70 300 5400 7500 7500
8437 CONNECTION 181 237 300 6060 8160 8160
8438 CONNECTION 181 360 300 5640 7740 7740
8439 CONNECTION 11 523 -1 -1 4140 4140
8440 CONNECTION 11 724 -1 -1 5280 5280
8441 CONNECTION 11 621 300 5640 7740 7740
8442 CONNECTION 11 129 300 6780 8880 8880
8443 CONNECTION 505 477 -1 -1 3420 3420
8444 CONNECTION 505 536 -1 -1 5400 5400
8445 CONNECTION 505 561 -1 -1 4620 4620
8446 CONNECTION 505 40 300 3720 5820 5820
8447 CONNECTION 505 156 300 4920 7020 7020
8448 CONNECTION 505 635 300 6900 9000 9000
8449 CONNECTION 505 288 300 6120 8220 8220
8450 CONNECTION 505 361 300 7320 9420 9420
8451 CONNECTION 213 214 -1 -1 1800 1800
8452 CONNECTION 213 155 -1 -1 1920 1920
8453 CONNECTION 213 201 -1 -1 5340 5340
8454 CONNECTION 213 591 -1 -1 2880 2880
8455 CONNECTION 213 287 -1 -1 3120 3120
8456 CONNECTION 213 70 -1 -1 4080 4080
8457 CONNECTION 213 237 300 2640 4740 4740
8458 CONNECTION 213 360 300 2220 4320 4320
8459 CONNECTION 213 537 300 3300 5400 5400
8460 CONNECTION 213 186 300 3180 5280 5280
8461 CONNECTION 213 92 300 2880 4980 4980
8462 CONNECTION 213 436 300 3240 5340 5340
8463 CONNECTION 213 721 300 3240 5340 5340
8464 CONNECTION 213 480 300 3420 5520 5520
8465 CONNECTION 213 319 300 4380 6480 6480
8466 CONNECTION 213 564 300 4620 6720 6720
8467 CONNECTION 213 392 300 5580 7680 7680
8468 CONNECTION 213 728 300 6240 8340 8340
8469 CONNECTION 475 476 -1 -1 1140 1140
8470 CONNECTION 475 315 -1 -1 2100 2100
8471 CONNECTION 475 560 -1 -1 2340 2340
8472 CONNECTION 475 388 -1 -1 3300 3300
8473 CONNECTION 475 714 -1 -1 3960 3960
8474 CONNECTION 475 39 -1 -1 3540 3540
8475 CONNECTION 475 214 300 2520 4620 4620
8476 CONNECTION 475 507 300 2400 4500 4500
8477 CONNECTION 475 112 300 2460 4560 4560
8478 CONNECTION 475 412 300 2100 4200 4200
8479 CONNECTION 475 706 300 2100 4200 4200
8480 CONNECTION 475 155 300 2640 4740 4740
8481 CONNECTION 475 201 300 6060 8160 8160
8482 CONNECTION 475 591 300 3600 5700 5700
8483 CONNECTION 475 287 300 3840 5940 5940
8484 CONNECTION 475 70 300 4800 6900 6900
8485 CONNECTION 475 237 300 5460 7560 7560
8486 CONNECTION 475 360 300 5040 7140 7140
8487 CONNECTION 475 537 300 6120 8220 8220
8488 CONNECTION 475 186 300 6000 8100 8100
8489 CONNECTION 475 92 300 5700 7800 7800
8490 CONNECTION 475 436 300 6060 8160 8160
8491 CONNECTION 475 721 300 6060 8160 8160
8492 CONNECTION 588 589 -1 -1 2580 2580
8493 CONNECTION 588 68 -1 -1 3780 3780
8494 CONNECTION 588 153 -1 -1 2460 2460
8495 CONNECTION 588 718 -1 -1 3120 3120
8496 CONNECTION 588 607 -1 -1 3180 3180
8497 CONNECTION 588 699 -1 -1 3180 3180
8498 CONNECTION 588 184 -1 -1 4980 4980
8499 CONNECTION 588 285 -1 -1 3660 3660
8500 CONNECTION 588 317 300 4080 6180 6180
8501 CONNECTION 588 358 300 2760 4860 4860
8502 CONNECTION 588 390 300 5280 7380 7380
8503 CONNECTION 588 478 300 3960 6060 6060
8504 CONNECTION 588 259 300 4620 6720 6720
8505 CONNECTION 588 12 300 4680 6780 6780
8506 CONNECTION 588 509 300 6480 8580 8580
8507 CONNECTION 588 562 300 5160 7260 7260
8508 CONNECTION 558 559 -1 -1 1500 1500
8509 CONNECTION 558 258 -1 -1 2580 2580
8510 CONNECTION 558 38 -1 -1 2700 2700
8511 CONNECTION 558 183 -1 -1 2340 2340
8512 CONNECTION 558 434 -1 -1 2880 2880
8513 CONNECTION 558 711 -1 -1 2880 2880
8514 CONNECTION 558 154 -1 -1 3900 3900
8515 CONNECTION 558 316 -1 -1 3540 3540
8516 CONNECTION 558 90 300 3060 5160 5160
8517 CONNECTION 558 286 300 3000 5100 5100
8518 CONNECTION 558 389 300 2640 4740 4740
8519 CONNECTION 558 720 300 4080 6180 6180
8520 CONNECTION 558 359 300 4200 6300 6300
8521 CONNECTION 558 508 300 3840 5940 5940
8522 CONNECTION 558 113 300 4380 6480 6480
8523 CONNECTION 558 479 300 5400 7500 7500
8524 CONNECTION 558 592 300 5040 7140 7140
8525 CONNECTION 558 413 300 6660 8760 8760
8526 CONNECTION 558 716 300 6660 8760 8760
8527 SINK 558 0 -1 -1 0 0
8528 CONNECTION 619 620 -1 -1 4320 4320
8529 CONNECTION 619 560 -1 -1 2100 2100
8530 CONNECTION 619 388 -1 -1 3060 3060
8531 CONNECTION 619 714 -1 -1 3720 3720
8532 CONNECTION 619 39 -1 -1 3300 3300
8533 CONNECTION 619 214 -1 -1 4380 4380
8534 CONNECTION 619 507 -1 -1 4260 4260
8535 CONNECTION 619 112 -1 -1 4320 4320
8536 CONNECTION 619 412 -1 -1 3960 3960
8537 CONNECTION 619 706 -1 -1 3960 3960
8538 CONNECTION 619 155 300 2400 4500 4500
8539 CONNECTION 619 201 300 5820 7920 7920
8540 CONNECTION 619 591 300 3360 5460 5460
8541 CONNECTION 619 287 300 3600 5700 5700
8542 CONNECTION 619 70 300 4560 6660 6660
8543 CONNECTION 619 237 300 5220 7320 7320
8544 CONNECTION 619 360 300 4800 6900 6900
8545 CONNECTION 619 537 300 5880 7980 7980
8546 CONNECTION 619 186 300 5760 7860 7860
8547 CONNECTION 619 92 300 5460 7560 7560
8548 CONNECTION 619 436 300 5820 7920 7920
8549 CONNECTION 619 721 300 5820 7920 7920
8550 CONNECTION 619 480 300 6000 8100 8100
8551 CONNECTION 234 235 -1 -1 1980 1980
8552 CONNECTION 234 634 -1 -1 3960 3960
8553 CONNECTION 234 411 -1 -1 2700 2700
8554 CONNECTION 234 705 -1 -1 2700 2700
8555 CONNECTION 234 334 -1 -1 4860 4860
8556 CONNECTION 234 200 -1 -1 3480 3480
8557 CONNECTION 234 452 300 3660 5760 5760
8558 CONNECTION 234 715 300 3480 5580 5580
8559 CONNECTION 234 91 300 4200 6300 6300
8560 CONNECTION 234 524 300 4980 7080 7080
8561 CONNECTION 234 725 300 7260 9360 9360
8562 CONNECTION 356 387 -1 -1 1860 1860
8563 CONNECTION 356 713 -1 -1 2340 2340
8564 CONNECTION 356 506 -1 -1 3060 3060
8565 CONNECTION 356 590 300 2160 4260 4260
8566 CONNECTION 356 69 300 3360 5460 5460
8567 CONNECTION 356 236 300 3840 5940 5940
8568 CONNECTION 356 185 300 4560 6660 6660
8569 CONNECTION 356 318 300 5760 7860 7860
8570 CONNECTION 698 68 -1 -1 3360 3360
8571 CONNECTION 698 153 -1 -1 2040 2040
8572 CONNECTION 698 718 -1 -1 2700 2700
8573 CONNECTION 698 607 -1 -1 2760 2760
8574 CONNECTION 698 699 -1 -1 2760 2760
8575 CONNECTION 698 184 -1 -1 4560 4560
8576 CONNECTION 698 285 -1 -1 3240 3240
8577 CONNECTION 698 317 300 3660 5760 5760
8578 CONNECTION 698 358 300 2340 4440 4440
8579 CONNECTION 698 390 300 4860 6960 6960
8580 CONNECTION 698 478 300 3540 5640 5640
8581 CONNECTION 698 259 300 4200 6300 6300
8582 CONNECTION 698 12 300 4260 6360 6360
8583 CONNECTION 698 509 300 6060 8160 8160
8584 CONNECTION 698 562 300 4740 6840 6840
8585 CONNECTION 698 593 300 7260 9360 9360
8586 CONNECTION 698 41 300 5940 8040 8040
8587 CONNECTION 199 200 -1 -1 1680 1680
8588 CONNECTION 199 452 -1 -1 3960 3960
8589 CONNECTION 199 715 -1 -1 3780 3780
8590 CONNECTION 199 91 -1 -1 4500 4500
8591 CONNECTION 199 524 300 3180 5280 5280
8592 CONNECTION 199 725 300 5460 7560 7560
8593 CONNECTION 199 238 300 5280 7380 7380
8594 CONNECTION 199 414 300 6000 8100 8100
8595 CONNECTION 199 717 300 6000 8100 8100
8596 CONNECTION 111 68 -1 -1 3240 3240
8597 CONNECTION 111 153 -1 -1 1920 1920
8598 CONNECTION 111 718 -1 -1 2580 2580
8599 CONNECTION 111 607 -1 -1 2640 2640
8600 CONNECTION 111 699 -1 -1 2640 2640
8601 CONNECTION 111 184 -1 -1 4440 4440
8602 CONNECTION 111 285 -1 -1 3120 3120
8603 CONNECTION 111 317 300 3540 5640 5640
8604 CONNECTION 111 358 300 2220 4320 4320
8605 CONNECTION 111 390 300 4740 6840 6840
8606 CONNECTION 111 478 300 3420 5520 5520
8607 CONNECTION 111 259 300 4080 6180 6180
8608 CONNECTION 111 12 300 4140 6240 6240
8609 CONNECTION 111 509 300 5940 8040 8040
8610 CONNECTION 111 562 300 4620 6720 6720
8611 CONNECTION 111 593 300 7140 9240 9240
8612 CONNECTION 111 41 300 5820 7920 7920
8613 CONNECTION 257 258 -1 -1 1500 1500
8614 CONNECTION 257 154 -1 -1 2820 2820
8615 CONNECTION 257 316 -1 -1 2460 2460
8616 CONNECTION 257 90 -1 -1 4080 4080
8617 CONNECTION 257 286 -1 -1 4020 4020
8618 CONNECTION 257 389 -1 -1 3660 3660
8619 CONNECTION 257 720 300 3000 5100 5100
8620 CONNECTION 257 359 300 3120 5220 5220
8621 CONNECTION 257 508 300 2760 4860 4860
8622 CONNECTION 257 113 300 3300 5400 5400
8623 CONNECTION 257 479 300 4320 6420 6420
8624 CONNECTION 257 592 300 3960 6060 6060
8625 CONNECTION 257 413 300 5580 7680 7680
8626 CONNECTION 257 716 300 5580 7680 7680
8627 CONNECTION 257 71 300 5160 7260 7260
8628 CONNECTION 257 563 300 5520 7620 7620
8629 SINK 257 0 -1 -1 0 0
8630 CONNECTION 333 334 -1 -1 3180 3180
8631 CONNECTION 333 452 -1 -1 4080 4080
8632 CONNECTION 333 715 -1 -1 3900 3900
8633 CONNECTION 333 91 300 2520 4620 4620
8634 CONNECTION 333 524 300 3300 5400 5400
8635 CONNECTION 333 725 300 5580 7680 7680
8636 CONNECTION 333 238 300 5400 7500 7500
8637 CONNECTION 333 414 300 6120 8220 8220
8638 CONNECTION 333 717 300 6120 8220 8220
8639 CONNECTION 633 634 -1 -1 3300 3300
8640 CONNECTION 633 334 -1 -1 4200 4200
8641 CONNECTION 633 200 -1 -1 2820 2820
8642 CONNECTION 633 452 -1 -1 5100 5100
8643 CONNECTION 633 715 300 2820 4920 4920
8644 CONNECTION 633 91 300 3540 5640 5640
8645 CONNECTION 633 524 300 4320 6420 6420
8646 CONNECTION 633 725 300 6600 8700 8700
8647 CONNECTION 633 238 300 6420 8520 8520
8648 CONNECTION 182 183 -1 -1 1140 1140
8649 CONNECTION 182 154 -1 -1 2700 2700
8650 CONNECTION 182 316 -1 -1 2340 2340
8651 CONNECTION 182 90 -1 -1 3960 3960
8652 CONNECTION 182 286 -1 -1 3900 3900
8653 CONNECTION 182 389 -1 -1 3540 3540
8654 CONNECTION 182 720 300 2880 4980 4980
8655 CONNECTION 182 359 300 3000 5100 5100
8656 CONNECTION 182 508 300 2640 4740 4740
8657 CONNECTION 182 113 300 3180 5280 5280
8658 CONNECTION 182 479 300 4200 6300 6300
8659 CONNECTION 182 592 300 3840 5940 5940
8660 CONNECTION 182 413 300 5460 7560 7560
8661 CONNECTION 182 716 300 5460 7560 7560
8662 CONNECTION 182 71 300 5040 7140 7140
8663 CONNECTION 182 563 300 5400 7500 7500
8664 CONNECTION 182 261 300 6480 8580 8580
8665 SINK 182 0 -1 -1 0 0
8666 CONNECTION 410 411 -1 -1 1800 1800
8667 CONNECTION 410 334 -1 -1 3960 3960
8668 CONNECTION 410 200 -1 -1 2580 2580
8669 CONNECTION 410 452 -1 -1 4860 4860
8670 CONNECTION 410 715 -1 -1 4680 4680
8671 CONNECTION 410 91 300 3300 5400 5400
8672 CONNECTION 410 524 300 4080 6180 6180
8673 CONNECTION 410 725 300 6360 8460 8460
8674 CONNECTION 410 238 300 6180 8280 8280
8675 CONNECTION 704 705 -1 -1 1800 1800
8676 CONNECTION 704 334 -1 -1 3960 3960
8677 CONNECTION 704 200 -1 -1 2580 2580
8678 CONNECTION 704 452 -1 -1 4860 4860
8679 CONNECTION 704 715 -1 -1 4680 4680
8680 CONNECTION 704 91 300 3300 5400 5400
8681 CONNECTION 704 524 300 4080 6180 6180
8682 CONNECTION 704 725 300 6360 8460 8460
8683 CONNECTION 704 238 300 6180 8280 8280
8684 CONNECTION 89 713 -1 -1 1680 1680
8685 CONNECTION 89 506 -1 -1 2400 2400
8686 CONNECTION 89 590 -1 -1 3600 3600
8687 CONNECTION 89 69 300 2700 4800 4800
8688 CONNECTION 89 236 300 3180 5280 5280
8689 CONNECTION 89 185 300 3900 6000 6000
8690 CONNECTION 89 318 300 5100 7200 7200
8691 CONNECTION 284 285 -1 -1 1260 1260
8692 CONNECTION 284 317 -1 -1 3780 3780
8693 CONNECTION 284 358 -1 -1 2460 2460
8694 CONNECTION 284 390 -1 -1 4980 4980
8695 CONNECTION 284 478 -1 -1 3660 3660
8696 CONNECTION 284 259 300 2220 4320 4320
8697 CONNECTION 284 12 300 2280 4380 4380
8698 CONNECTION 284 509 300 4080 6180 6180
8699 CONNECTION 284 562 300 2760 4860 4860
8700 CONNECTION 284 593 300 5280 7380 7380
8701 CONNECTION 284 41 300 3960 6060 6060
8702 CONNECTION 284 157 300 5160 7260 7260
8703 CONNECTION 284 730 300 5820 7920 7920
8704 CONNECTION 314 315 -1 -1 1500 1500
8705 CONNECTION 314 560 -1 -1 1740 1740
8706 CONNECTION 314 388 -1 -1 2700 2700
8707 CONNECTION 314 714 -1 -1 3360 3360
8708 CONNECTION 314 39 -1 -1 2940 2940
8709 CONNECTION 314 214 -1 -1 4020 4020
8710 CONNECTION 314 507 -1 -1 3900 3900
8711 CONNECTION 314 112 -1 -1 3960 3960
8712 CONNECTION 314 412 -1 -1 3600 3600
8713 CONNECTION 314 706 -1 -1 3600 3600
8714 CONNECTION 314 155 300 2040 4140 4140
8715 CONNECTION 314 201 300 5460 7560 7560
8716 CONNECTION 314 591 300 3000 5100 5100
8717 CONNECTION 314 287 300 3240 5340 5340
8718 CONNECTION 314 70 300 4200 6300 6300
8719 CONNECTION 314 237 300 4860 6960 6960
8720 CONNECTION 314 360 300 4440 6540 6540
8721 CONNECTION 314 537 300 5520 7620 7620
8722 CONNECTION 314 186 300 5400 7500 7500
8723 CONNECTION 314 92 300 5100 7200 7200
8724 CONNECTION 314 436 300 5460 7560 7560
8725 CONNECTION 314 721 300 5460 7560 7560
8726 CONNECTION 314 480 300 5640 7740 7740
8727 CONNECTION 433 434 -1 -1 1620 1620
8728 CONNECTION 433 154 -1 -1 2640 2640
8729 CONNECTION 433 316 -1 -1 2280 2280
8730 CONNECTION 433 90 -1 -1 3900 3900
8731 CONNECTION 433 286 -1 -1 3840 3840
8732 CONNECTION 433 389 -1 -1 3480 3480
8733 CONNECTION 433 720 300 2820 4920 4920
8734 CONNECTION 433 359 300 2940 5040 5040
8735 CONNECTION 433 508 300 2580 4680 4680
8736 CONNECTION 433 113 300 3120 5220 5220
8737 CONNECTION 433 479 300 4140 6240 6240
8738 CONNECTION 433 592 300 3780 5880 5880
8739 CONNECTION 433 413 300 5400 7500 7500
8740 CONNECTION 433 716 300 5400 7500 7500
8741 CONNECTION 433 71 300 4980 7080 7080
8742 CONNECTION 433 563 300 5340 7440 7440
8743 CONNECTION 433 261 300 6420 8520 8520
8744 SINK 433 0 -1 -1 0 0
8745 CONNECTION 710 711 -1 -1 1620 1620
8746 CONNECTION 710 154 -1 -1 2640 2640
8747 CONNECTION 710 316 -1 -1 2280 2280
8748 CONNECTION 710 90 -1 -1 3900 3900
8749 CONNECTION 710 286 -1 -1 3840 3840
8750 CONNECTION 710 389 -1 -1 3480 3480
8751 CONNECTION 710 720 300 2820 4920 4920
8752 CONNECTION 710 359 300 2940 5040 5040
8753 CONNECTION 710 508 300 2580 4680 4680
8754 CONNECTION 710 113 300 3120 5220 5220
8755 CONNECTION 710 479 300 4140 6240 6240
8756 CONNECTION 710 592 300 3780 5880 5880
8757 CONNECTION 710 413 300 5400 7500 7500
8758 CONNECTION 710 716 300 5400 7500 7500
8759 CONNECTION 710 71 300 4980 7080 7080
8760 CONNECTION 710 563 300 5340 7440 7440
8761 CONNECTION 710 261 300 6420 8520 8520
8762 SINK 710 0 -1 -1 0 0
8763 CONNECTION 589 561 -1 -1 3420 3420
8764 CONNECTION 589 40 -1 -1 4620 4620
8765 CONNECTION 589 156 300 3720 5820 5820
8766 CONNECTION 589 635 300 5700 7800 7800
8767 CONNECTION 589 288 300 4920 7020 7020
8768 CONNECTION 589 361 300 6120 8220 8220
8769 CONNECTION 589 481 300 7320 9420 9420
8770 CONNECTION 67 68 -1 -1 2580 2580
8771 CONNECTION 67 718 -1 -1 1920 1920
8772 CONNECTION 67 607 -1 -1 1980 1980
8773 CONNECTION 67 699 -1 -1 1980 1980
8774 CONNECTION 67 184 -1 -1 3780 3780
8775 CONNECTION 67 285 -1 -1 2460 2460
8776 CONNECTION 67 317 -1 -1 4980 4980
8777 CONNECTION 67 358 -1 -1 3660 3660
8778 CONNECTION 67 390 300 4080 6180 6180
8779 CONNECTION 67 478 300 2760 4860 4860
8780 CONNECTION 67 259 300 3420 5520 5520
8781 CONNECTION 67 12 300 3480 5580 5580
8782 CONNECTION 67 509 300 5280 7380 7380
8783 CONNECTION 67 562 300 3960 6060 6060
8784 CONNECTION 67 593 300 6480 8580 8580
8785 CONNECTION 67 41 300 5160 7260 7260
8786 CONNECTION 127 128 -1 -1 1140 1140
8787 CONNECTION 127 453 300 2640 4740 4740
8788 CONNECTION 127 114 300 2760 4860 4860
8789 CONNECTION 127 260 300 3360 5460 5460
8790 CONNECTION 127 13 300 4620 6720 6720
8791 CONNECTION 559 560 -1 -1 1140 1140
8792 CONNECTION 559 388 -1 -1 2100 2100
8793 CONNECTION 559 714 -1 -1 2760 2760
8794 CONNECTION 559 39 -1 -1 2340 2340
8795 CONNECTION 559 214 -1 -1 3420 3420
8796 CONNECTION 559 507 -1 -1 3300 3300
8797 CONNECTION 559 112 -1 -1 3360 3360
8798 CONNECTION 559 412 -1 -1 3000 3000
8799 CONNECTION 559 706 -1 -1 3000 3000
8800 CONNECTION 559 155 -1 -1 3540 3540
8801 CONNECTION 559 201 -1 -1 6960 6960
8802 CONNECTION 559 591 300 2400 4500 4500
8803 CONNECTION 559 287 300 2640 4740 4740
8804 CONNECTION 559 70 300 3600 5700 5700
8805 CONNECTION 559 237 300 4260 6360 6360
8806 CONNECTION 559 360 300 3840 5940 5940
8807 CONNECTION 559 537 300 4920 7020 7020
8808 CONNECTION 559 186 300 4800 6900 6900
8809 CONNECTION 559 92 300 4500 6600 6600
8810 CONNECTION 559 436 300 4860 6960 6960
8811 CONNECTION 559 721 300 4860 6960 6960
8812 CONNECTION 559 480 300 5040 7140 7140
8813 CONNECTION 559 319 300 6000 8100 8100
8814 CONNECTION 37 38 -1 -1 1500 1500
8815 CONNECTION 37 154 -1 -1 2700 2700
8816 CONNECTION 37 316 -1 -1 2340 2340
8817 CONNECTION 37 90 -1 -1 3960 3960
8818 CONNECTION 37 286 -1 -1 3900 3900
8819 CONNECTION 37 389 -1 -1 3540 3540
8820 CONNECTION 37 720 300 2880 4980 4980
8821 CONNECTION 37 359 300 3000 5100 5100
8822 CONNECTION 37 508 300 2640 4740 4740
8823 CONNECTION 37 113 300 3180 5280 5280
8824 CONNECTION 37 479 300 4200 6300 6300
8825 CONNECTION 37 592 300 3840 5940 5940
8826 CONNECTION 37 413 300 5460 7560 7560
8827 CONNECTION 37 716 300 5460 7560 7560
8828 CONNECTION 37 71 300 5040 7140 7140
8829 CONNECTION 37 563 300 5400 7500 7500
8830 CONNECTION 37 261 300 6480 8580 8580
8831 SINK 37 0 -1 -1 0 0
8832 CONNECTION 476 506 -1 -1 1860 1860
8833 CONNECTION 476 590 -1 -1 3060 3060
8834 CONNECTION 476 69 300 2160 4260 4260
8835 CONNECTION 476 236 300 2640 4740 4740
8836 CONNECTION 476 185 300 3360 5460 5460
8837 CONNECTION 476 318 300 4560 6660 6660
8838 CONNECTION 476 391 300 5760 7860 7860
8839 CONNECTION 451 452 -1 -1 2820 2820
8840 CONNECTION 451 715 -1 -1 2640 2640
8841 CONNECTION 451 91 -1 -1 3360 3360
8842 CONNECTION 451 524 -1 -1 4140 4140
8843 CONNECTION 451 725 300 4320 6420 6420
8844 CONNECTION 451 238 300 4140 6240 6240
8845 CONNECTION 451 414 300 4860 6960 6960
8846 CONNECTION 451 717 300 4860 6960 6960
8847 CONNECTION 451 622 300 5640 7740 7740
8848 CONNECTION 620 156 -1 -1 3480 3480
8849 CONNECTION 620 635 -1 -1 5460 5460
8850 CONNECTION 620 288 -1 -1 4680 4680
8851 CONNECTION 620 361 300 3780 5880 5880
8852 CONNECTION 620 481 300 4980 7080 7080
8853 CONNECTION 620 565 300 6180 8280 8280
8854 CONNECTION 235 90 -1 -1 2520 2520
8855 CONNECTION 235 286 -1 -1 2460 2460
8856 CONNECTION 235 389 -1 -1 2100 2100
8857 CONNECTION 235 720 -1 -1 3540 3540
8858 CONNECTION 235 359 -1 -1 3660 3660
8859 CONNECTION 235 508 -1 -1 3300 3300
8860 CONNECTION 235 113 -1 -1 3840 3840
8861 CONNECTION 235 479 300 2760 4860 4860
8862 CONNECTION 235 592 300 2400 4500 4500
8863 CONNECTION 235 413 300 4020 6120 6120
8864 CONNECTION 235 716 300 4020 6120 6120
8865 CONNECTION 235 71 300 3600 5700 5700
8866 CONNECTION 235 563 300 3960 6060 6060
8867 CONNECTION 235 261 300 5040 7140 7140
8868 CONNECTION 235 42 300 5160 7260 7260
8869 CONNECTION 235 187 300 4800 6900 6900
8870 CONNECTION 235 437 300 5340 7440 7440
8871 CONNECTION 235 722 300 5340 7440 7440
8872 CONNECTION 235 158 300 6360 8460 8460
8873 CONNECTION 235 320 300 6000 8100 8100
8874 SINK 235 0 -1 -1 0 0
8875 CONNECTION 315 316 -1 -1 1140 1140
8876 CONNECTION 315 90 -1 -1 2760 2760
8877 CONNECTION 315 286 -1 -1 2700 2700
8878 CONNECTION 315 389 -1 -1 2340 2340
8879 CONNECTION 315 720 -1 -1 3780 3780
8880 CONNECTION 315 359 -1 -1 3900 3900
8881 CONNECTION 315 508 -1 -1 3540 3540
8882 CONNECTION 315 113 -1 -1 4080 4080
8883 CONNECTION 315 479 300 3000 5100 5100
8884 CONNECTION 315 592 300 2640 4740 4740
8885 CONNECTION 315 413 300 4260 6360 6360
8886 CONNECTION 315 716 300 4260 6360 6360
8887 CONNECTION 315 71 300 3840 5940 5940
8888 CONNECTION 315 563 300 4200 6300 6300
8889 CONNECTION 315 261 300 5280 7380 7380
8890 CONNECTION 315 42 300 5400 7500 7500
8891 CONNECTION 315 187 300 5040 7140 7140
8892 CONNECTION 315 437 300 5580 7680 7680
8893 CONNECTION 315 722 300 5580 7680 7680
8894 SINK 315 0 -1 -1 0 0
8895 CONNECTION 357 358 -1 -1 1260 1260
8896 CONNECTION 357 390 -1 -1 3780 3780
8897 CONNECTION 357 478 -1 -1 2460 2460
8898 CONNECTION 357 259 -1 -1 3120 3120
8899 CONNECTION 357 12 -1 -1 3180 3180
8900 CONNECTION 357 509 -1 -1 4980 4980
8901 CONNECTION 357 562 -1 -1 3660 3660
8902 CONNECTION 357 593 300 4080 6180 6180
8903 CONNECTION 357 41 300 2760 4860 4860
8904 CONNECTION 357 157 300 3960 6060 6060
8905 CONNECTION 357 730 300 4620 6720 6720
8906 CONNECTION 357 289 300 5160 7260 7260
8907 CONNECTION 387 388 -1 -1 1500 1500
8908 CONNECTION 387 714 -1 -1 2160 2160
8909 CONNECTION 387 39 -1 -1 1740 1740
8910 CONNECTION 387 214 -1 -1 2820 2820
8911 CONNECTION 387 507 -1 -1 2700 2700
8912 CONNECTION 387 112 -1 -1 2760 2760
8913 CONNECTION 387 412 -1 -1 2400 2400
8914 CONNECTION 387 706 -1 -1 2400 2400
8915 CONNECTION 387 155 -1 -1 2940 2940
8916 CONNECTION 387 201 -1 -1 6360 6360
8917 CONNECTION 387 591 -1 -1 3900 3900
8918 CONNECTION 387 287 300 2040 4140 4140
8919 CONNECTION 387 70 300 3000 5100 5100
8920 CONNECTION 387 237 300 3660 5760 5760
8921 CONNECTION 387 360 300 3240 5340 5340
8922 CONNECTION 387 537 300 4320 6420 6420
8923 CONNECTION 387 186 300 4200 6300 6300
8924 CONNECTION 387 92 300 3900 6000 6000
8925 CONNECTION 387 436 300 4260 6360 6360
8926 CONNECTION 387 721 300 4260 6360 6360
8927 CONNECTION 387 480 300 4440 6540 6540
8928 CONNECTION 387 319 300 5400 7500 7500
8929 CONNECTION 387 564 300 5640 7740 7740
8930 CONNECTION 258 214 -1 -1 2340 2340
8931 CONNECTION 258 507 -1 -1 2220 2220
8932 CONNECTION 258 112 -1 -1 2280 2280
8933 CONNECTION 258 412 -1 -1 1920 1920
8934 CONNECTION 258 706 -1 -1 1920 1920
8935 CONNECTION 258 155 -1 -1 2460 2460
8936 CONNECTION 258 201 -1 -1 5880 5880
8937 CONNECTION 258 591 -1 -1 3420 3420
8938 CONNECTION 258 287 -1 -1 3660 3660
8939 CONNECTION 258 70 300 2520 4620 4620
8940 CONNECTION 258 237 300 3180 5280 5280
8941 CONNECTION 258 360 300 2760 4860 4860
8942 CONNECTION 258 537 300 3840 5940 5940
8943 CONNECTION 258 186 300 3720 5820 5820
8944 CONNECTION 258 92 300 3420 5520 5520
8945 CONNECTION 258 436 300 3780 5880 5880
8946 CONNECTION 258 721 300 3780 5880 5880
8947 CONNECTION 258 480 300 3960 6060 6060
8948 CONNECTION 258 319 300 4920 7020 7020
8949 CONNECTION 258 564 300 5160 7260 7260
8950 CONNECTION 258 392 300 6120 8220 8220
8951 CONNECTION 68 40 -1 -1 3420 3420
8952 CONNECTION 68 156 -1 -1 4620 4620
8953 CONNECTION 68 635 -1 -1 6600 6600
8954 CONNECTION 68 288 300 3720 5820 5820
8955 CONNECTION 68 361 300 4920 7020 7020
8956 CONNECTION 68 481 300 6120 8220 8220
8957 CONNECTION 68 565 300 7320 9420 9420
8958 CONNECTION 38 39 -1 -1 1140 1140
8959 CONNECTION 38 214 -1 -1 2220 2220
8960 CONNECTION 38 507 -1 -1 2100 2100
8961 CONNECTION 38 112 -1 -1 2160 2160
8962 CONNECTION 38 412 -1 -1 1800 1800
8963 CONNECTION 38 706 -1 -1 1800 1800
8964 CONNECTION 38 155 -1 -1 2340 2340
8965 CONNECTION 38 201 -1 -1 5760 5760
8966 CONNECTION 38 591 -1 -1 3300 3300
8967 CONNECTION 38 287 -1 -1 3540 3540
8968 CONNECTION 38 70 300 2400 4500 4500
8969 CONNECTION 38 237 300 3060 5160 5160
8970 CONNECTION 38 360 300 2640 4740 4740
8971 CONNECTION 38 537 300 3720 5820 5820
8972 CONNECTION 38 186 300 3600 5700 5700
8973 CONNECTION 38 92 300 3300 5400 5400
8974 CONNECTION 38 436 300 3660 5760 5760
8975 CONNECTION 38 721 300 3660 5760 5760
8976 CONNECTION 38 480 300 3840 5940 5940
8977 CONNECTION 38 319 300 4800 6900 6900
8978 CONNECTION 38 564 300 5040 7140 7140
8979 CONNECTION 38 392 300 6000 8100 8100
8980 CONNECTION 38 728 300 6660 8760 8760
8981 CONNECTION 183 184 -1 -1 2580 2580
8982 CONNECTION 183 317 -1 -1 3780 3780
8983 CONNECTION 183 358 -1 -1 2460 2460
8984 CONNECTION 183 390 -1 -1 4980 4980
8985 CONNECTION 183 478 -1 -1 3660 3660
8986 CONNECTION 183 259 300 2220 4320 4320
8987 CONNECTION 183 12 300 2280 4380 4380
8988 CONNECTION 183 509 300 4080 6180 6180
8989 CONNECTION 183 562 300 2760 4860 4860
8990 CONNECTION 183 593 300 5280 7380 7380
8991 CONNECTION 183 41 300 3960 6060 6060
8992 CONNECTION 183 157 300 5160 7260 7260
8993 CONNECTION 183 730 300 5820 7920 7920
8994 CONNECTION 153 154 -1 -1 1500 1500
8995 CONNECTION 153 90 -1 -1 2760 2760
8996 CONNECTION 153 286 -1 -1 2700 2700
8997 CONNECTION 153 389 -1 -1 2340 2340
8998 CONNECTION 153 720 -1 -1 3780 3780
8999 CONNECTION 153 359 -1 -1 3900 3900
9000 CONNECTION 153 508 -1 -1 3540 3540
9001 CONNECTION 153 113 -1 -1 4080 4080
9002 CONNECTION 153 479 300 3000 5100 5100
9003 CONNECTION 153 592 300 2640 4740 4740
9004 CONNECTION 153 413 300 4260 6360 6360
9005 CONNECTION 153 716 300 4260 6360 6360
9006 CONNECTION 153 71 300 3840 5940 5940
9007 CONNECTION 153 563 300 4200 6300 6300
9008 CONNECTION 153 261 300 5280 7380 7380
9009 CONNECTION 153 42 300 5400 7500 7500
9010 CONNECTION 153 187 300 5040 7140 7140
9011 CONNECTION 153 437 300 5580 7680 7680
9012 CONNECTION 153 722 300 5580 7680 7680
9013 SINK 153 0 -1 -1 0 0
9014 CONNECTION 434 435 -1 -1 1200 1200
9015 CONNECTION 434 453 300 2580 4680 4680
9016 CONNECTION 434 114 300 2700 4800 4800
9017 CONNECTION 434 260 300 3300 5400 5400
9018 CONNECTION 434 13 300 4560 6660 6660
9019 CONNECTION 711 712 -1 -1 1200 1200
9020 CONNECTION 711 453 300 2580 4680 4680
9021 CONNECTION 711 114 300 2700 4800 4800
9022 CONNECTION 711 260 300 3300 5400 5400
9023 CONNECTION 711 13 300 4560 6660 6660
9024 CONNECTION 634 621 -1 -1 5040 5040
9025 CONNECTION 634 129 300 4080 6180 6180
9026 CONNECTION 713 714 -1 -1 1680 1680
9027 CONNECTION 713 214 -1 -1 2340 2340
9028 CONNECTION 713 507 -1 -1 2220 2220
9029 CONNECTION 713 112 -1 -1 2280 2280
9030 CONNECTION 713 412 -1 -1 1920 1920
9031 CONNECTION 713 706 -1 -1 1920 1920
9032 CONNECTION 713 155 -1 -1 2460 2460
9033 CONNECTION 713 201 -1 -1 5880 5880
9034 CONNECTION 713 591 -1 -1 3420 3420
9035 CONNECTION 713 287 -1 -1 3660 3660
9036 CONNECTION 713 70 300 2520 4620 4620
9037 CONNECTION 713 237 300 3180 5280 5280
9038 CONNECTION 713 360 300 2760 4860 4860
9039 CONNECTION 713 537 300 3840 5940 5940
9040 CONNECTION 713 186 300 3720 5820 5820
9041 CONNECTION 713 92 300 3420 5520 5520
9042 CONNECTION 713 436 300 3780 5880 5880
9043 CONNECTION 713 721 300 3780 5880 5880
9044 CONNECTION 713 480 300 3960 6060 6060
9045 CONNECTION 713 319 300 4920 7020 7020
9046 CONNECTION 713 564 300 5160 7260 7260
9047 CONNECTION 713 392 300 6120 8220 8220
9048 CONNECTION 560 590 -1 -1 1860 1860
9049 CONNECTION 560 69 -1 -1 3060 3060
9050 CONNECTION 560 236 -1 -1 3540 3540
9051 CONNECTION 560 185 300 2160 4260 4260
9052 CONNECTION 560 318 300 3360 5460 5460
9053 CONNECTION 560 391 300 4560 6660 6660
9054 CONNECTION 560 727 300 5040 7140 7140
9055 CONNECTION 560 510 300 5760 7860 7860
9056 CONNECTION 411 412 -1 -1 1140 1140
9057 CONNECTION 411 155 -1 -1 1680 1680
9058 CONNECTION 411 201 -1 -1 5100 5100
9059 CONNECTION 411 591 -1 -1 2640 2640
9060 CONNECTION 411 287 -1 -1 2880 2880
9061 CONNECTION 411 70 -1 -1 3840 3840
9062 CONNECTION 411 237 -1 -1 4500 4500
9063 CONNECTION 411 360 300 1980 4080 4080
9064 CONNECTION 411 537 300 3060 5160 5160
9065 CONNECTION 411 186 300 2940 5040 5040
9066 CONNECTION 411 92 300 2640 4740 4740
9067 CONNECTION 411 436 300 3000 5100 5100
9068 CONNECTION 411 721 300 3000 5100 5100
9069 CONNECTION 411 480 300 3180 5280 5280
9070 CONNECTION 411 319 300 4140 6240 6240
9071 CONNECTION 411 564 300 4380 6480 6480
9072 CONNECTION 411 392 300 5340 7440 7440
9073 CONNECTION 411 728 300 6000 8100 8100
9074 CONNECTION 705 706 -1 -1 1140 1140
9075 CONNECTION 705 155 -1 -1 1680 1680
9076 CONNECTION 705 201 -1 -1 5100 5100
9077 CONNECTION 705 591 -1 -1 2640 2640
9078 CONNECTION 705 287 -1 -1 2880 2880
9079 CONNECTION 705 70 -1 -1 3840 3840
9080 CONNECTION 705 237 -1 -1 4500 4500
9081 CONNECTION 705 360 300 1980 4080 4080
9082 CONNECTION 705 537 300 3060 5160 5160
9083 CONNECTION 705 186 300 2940 5040 5040
9084 CONNECTION 705 92 300 2640 4740 4740
9085 CONNECTION 705 436 300 3000 5100 5100
9086 CONNECTION 705 721 300 3000 5100 5100
9087 CONNECTION 705 480 300 3180 5280 5280
9088 CONNECTION 705 319 300 4140 6240 6240
9089 CONNECTION 705 564 300 4380 6480 6480
9090 CONNECTION 705 392 300 5340 7440 7440
9091 CONNECTION 705 728 300 6000 8100 8100
9092 CONNECTION 718 719 -1 -1 1620 1620
9093 CONNECTION 718 453 300 2400 4500 4500
9094 CONNECTION 718 114 300 2520 4620 4620
9095 CONNECTION 718 260 300 3120 5220 5220
9096 CONNECTION 718 13 300 4380 6480 6480
9097 CONNECTION 718 726 300 6000 8100 8100
9098 CONNECTION 718 438 300 6120 8220 8220
9099 CONNECTION 718 723 300 6120 8220 8220
9100 CONNECTION 607 608 -1 -1 2820 2820
9101 CONNECTION 607 453 300 2340 4440 4440
9102 CONNECTION 607 114 300 2460 4560 4560
9103 CONNECTION 607 260 300 3060 5160 5160
9104 CONNECTION 607 13 300 4320 6420 6420
9105 CONNECTION 607 726 300 5940 8040 8040
9106 CONNECTION 607 438 300 6060 8160 8160
9107 CONNECTION 607 723 300 6060 8160 8160
9108 CONNECTION 699 700 -1 -1 2820 2820
9109 CONNECTION 699 453 300 2340 4440 4440
9110 CONNECTION 699 114 300 2460 4560 4560
9111 CONNECTION 699 260 300 3060 5160 5160
9112 CONNECTION 699 13 300 4320 6420 6420
9113 CONNECTION 699 726 300 5940 8040 8040
9114 CONNECTION 699 438 300 6060 8160 8160
9115 CONNECTION 699 723 300 6060 8160 8160
9116 CONNECTION 388 389 -1 -1 1140 1140
9117 CONNECTION 388 720 -1 -1 2580 2580
9118 CONNECTION 388 359 -1 -1 2700 2700
9119 CONNECTION 388 508 -1 -1 2340 2340
9120 CONNECTION 388 113 -1 -1 2880 2880
9121 CONNECTION 388 479 -1 -1 3900 3900
9122 CONNECTION 388 592 -1 -1 3540 3540
9123 CONNECTION 388 413 300 3060 5160 5160
9124 CONNECTION 388 716 300 3060 5160 5160
9125 CONNECTION 388 71 300 2640 4740 4740
9126 CONNECTION 388 563 300 3000 5100 5100
9127 CONNECTION 388 261 300 4080 6180 6180
9128 CONNECTION 388 42 300 4200 6300 6300
9129 CONNECTION 388 187 300 3840 5940 5940
9130 CONNECTION 388 437 300 4380 6480 6480
9131 CONNECTION 388 722 300 4380 6480 6480
9132 CONNECTION 388 158 300 5400 7500 7500
9133 CONNECTION 388 320 300 5040 7140 7140
9134 SINK 388 0 -1 -1 0 0
9135 CONNECTION 477 478 -1 -1 1260 1260
9136 CONNECTION 477 259 -1 -1 1920 1920
9137 CONNECTION 477 12 -1 -1 1980 1980
9138 CONNECTION 477 509 -1 -1 3780 3780
9139 CONNECTION 477 562 -1 -1 2460 2460
9140 CONNECTION 477 593 -1 -1 4980 4980
9141 CONNECTION 477 41 -1 -1 3660 3660
9142 CONNECTION 477 157 300 2760 4860 4860
9143 CONNECTION 477 730 300 3420 5520 5520
9144 CONNECTION 477 289 300 3960 6060 6060
9145 CONNECTION 477 362 300 5160 7260 7260
9146 CONNECTION 506 507 -1 -1 1500 1500
9147 CONNECTION 506 155 -1 -1 1740 1740
9148 CONNECTION 506 201 -1 -1 5160 5160
9149 CONNECTION 506 591 -1 -1 2700 2700
9150 CONNECTION 506 287 -1 -1 2940 2940
9151 CONNECTION 506 70 -1 -1 3900 3900
9152 CONNECTION 506 237 -1 -1 4560 4560
9153 CONNECTION 506 360 300 2040 4140 4140
9154 CONNECTION 506 537 300 3120 5220 5220
9155 CONNECTION 506 186 300 3000 5100 5100
9156 CONNECTION 506 92 300 2700 4800 4800
9157 CONNECTION 506 436 300 3060 5160 5160
9158 CONNECTION 506 721 300 3060 5160 5160
9159 CONNECTION 506 480 300 3240 5340 5340
9160 CONNECTION 506 319 300 4200 6300 6300
9161 CONNECTION 506 564 300 4440 6540 6540
9162 CONNECTION 506 392 300 5400 7500 7500
9163 CONNECTION 506 728 300 6060 8160 8160
9164 CONNECTION 184 156 -1 -1 3420 3420
9165 CONNECTION 184 635 -1 -1 5400 5400
9166 CONNECTION 184 288 -1 -1 4620 4620
9167 CONNECTION 184 361 300 3720 5820 5820
9168 CONNECTION 184 481 300 4920 7020 7020
9169 CONNECTION 184 565 300 6120 8220 8220
9170 CONNECTION 334 621 -1 -1 4140 4140
9171 CONNECTION 334 129 -1 -1 5280 5280
9172 CONNECTION 154 155 -1 -1 1140 1140
9173 CONNECTION 154 591 -1 -1 2100 2100
9174 CONNECTION 154 287 -1 -1 2340 2340
9175 CONNECTION 154 70 -1 -1 3300 3300
9176 CONNECTION 154 237 -1 -1 3960 3960
9177 CONNECTION 154 360 -1 -1 3540 3540
9178 CONNECTION 154 537 300 2520 4620 4620
9179 CONNECTION 154 186 300 2400 4500 4500
9180 CONNECTION 154 92 300 2100 4200 4200
9181 CONNECTION 154 436 300 2460 4560 4560
9182 CONNECTION 154 721 300 2460 4560 4560
9183 CONNECTION 154 480 300 2640 4740 4740
9184 CONNECTION 154 319 300 3600 5700 5700
9185 CONNECTION 154 564 300 3840 5940 5940
9186 CONNECTION 154 392 300 4800 6900 6900
9187 CONNECTION 154 728 300 5460 7560 7560
9188 CONNECTION 154 511 300 6000 8100 8100
9189 CONNECTION 154 115 300 6060 8160 8160
9190 CONNECTION 316 317 -1 -1 2580 2580
9191 CONNECTION 316 390 -1 -1 3780 3780
9192 CONNECTION 316 478 -1 -1 2460 2460
9193 CONNECTION 316 259 -1 -1 3120 3120
9194 CONNECTION 316 12 -1 -1 3180 3180
9195 CONNECTION 316 509 -1 -1 4980 4980
9196 CONNECTION 316 562 -1 -1 3660 3660
9197 CONNECTION 316 593 300 4080 6180 6180
9198 CONNECTION 316 41 300 2760 4860 4860
9199 CONNECTION 316 157 300 3960 6060 6060
9200 CONNECTION 316 730 300 4620 6720 6720
9201 CONNECTION 316 289 300 5160 7260 7260
9202 CONNECTION 536 537 -1 -1 1800 1800
9203 CONNECTION 536 480 -1 -1 1920 1920
9204 CONNECTION 536 319 -1 -1 2880 2880
9205 CONNECTION 536 564 -1 -1 3120 3120
9206 CONNECTION 536 392 -1 -1 4080 4080
9207 CONNECTION 536 728 300 2640 4740 4740
9208 CONNECTION 536 511 300 3180 5280 5280
9209 CONNECTION 536 115 300 3240 5340 5340
9210 CONNECTION 536 595 300 4380 6480 6480
9211 CONNECTION 200 201 -1 -1 4320 4320
9212 CONNECTION 200 287 -1 -1 2100 2100
9213 CONNECTION 200 70 -1 -1 3060 3060
9214 CONNECTION 200 237 -1 -1 3720 3720
9215 CONNECTION 200 360 -1 -1 3300 3300
9216 CONNECTION 200 537 -1 -1 4380 4380
9217 CONNECTION 200 186 -1 -1 4260 4260
9218 CONNECTION 200 92 -1 -1 3960 3960
9219 CONNECTION 200 436 -1 -1 4320 4320
9220 CONNECTION 200 721 -1 -1 4320 4320
9221 CONNECTION 200 480 300 2400 4500 4500
9222 CONNECTION 200 319 300 3360 5460 5460
9223 CONNECTION 200 564 300 3600 5700 5700
9224 CONNECTION 200 392 300 4560 6660 6660
9225 CONNECTION 200 728 300 5220 7320 7320
9226 CONNECTION 200 511 300 5760 7860 7860
9227 CONNECTION 200 115 300 5820 7920 7920
9228 CONNECTION 285 286 -1 -1 1500 1500
9229 CONNECTION 285 720 -1 -1 2580 2580
9230 CONNECTION 285 359 -1 -1 2700 2700
9231 CONNECTION 285 508 -1 -1 2340 2340
9232 CONNECTION 285 113 -1 -1 2880 2880
9233 CONNECTION 285 479 -1 -1 3900 3900
9234 CONNECTION 285 592 -1 -1 3540 3540
9235 CONNECTION 285 413 300 3060 5160 5160
9236 CONNECTION 285 716 300 3060 5160 5160
9237 CONNECTION 285 71 300 2640 4740 4740
9238 CONNECTION 285 563 300 3000 5100 5100
9239 CONNECTION 285 261 300 4080 6180 6180
9240 CONNECTION 285 42 300 4200 6300 6300
9241 CONNECTION 285 187 300 3840 5940 5940
9242 CONNECTION 285 437 300 4380 6480 6480
9243 CONNECTION 285 722 300 4380 6480 6480
9244 CONNECTION 285 158 300 5400 7500 7500
9245 CONNECTION 285 320 300 5040 7140 7140
9246 SINK 285 0 -1 -1 0 0
9247 CONNECTION 714 715 -1 -1 1980 1980
9248 CONNECTION 714 91 -1 -1 2700 2700
9249 CONNECTION 714 524 -1 -1 3480 3480
9250 CONNECTION 714 725 300 3660 5760 5760
9251 CONNECTION 714 238 300 3480 5580 5580
9252 CONNECTION 714 414 300 4200 6300 6300
9253 CONNECTION 714 717 300 4200 6300 6300
9254 CONNECTION 714 622 300 4980 7080 7080
9255 CONNECTION 39 69 -1 -1 1860 1860
9256 CONNECTION 39 236 -1 -1 2340 2340
9257 CONNECTION 39 185 -1 -1 3060 3060
9258 CONNECTION 39 318 300 2160 4260 4260
9259 CONNECTION 39 391 300 3360 5460 5460
9260 CONNECTION 39 727 300 3840 5940 5940
9261 CONNECTION 39 510 300 4560 6660 6660
9262 CONNECTION 39 594 300 5760 7860 7860
9263 CONNECTION 128 390 -1 -1 3360 3360
9264 CONNECTION 128 478 -1 -1 2040 2040
9265 CONNECTION 128 259 -1 -1 2700 2700
9266 CONNECTION 128 12 -1 -1 2760 2760
9267 CONNECTION 128 509 -1 -1 4560 4560
9268 CONNECTION 128 562 -1 -1 3240 3240
9269 CONNECTION 128 593 300 3660 5760 5760
9270 CONNECTION 128 41 300 2340 4440 4440
9271 CONNECTION 128 157 300 3540 5640 5640
9272 CONNECTION 128 730 300 4200 6300 6300
9273 CONNECTION 128 289 300 4740 6840 6840
9274 CONNECTION 128 362 300 5940 8040 8040
9275 CONNECTION 523 524 -1 -1 1680 1680
9276 CONNECTION 523 725 -1 -1 3960 3960
9277 CONNECTION 523 238 -1 -1 3780 3780
9278 CONNECTION 523 414 -1 -1 4500 4500
9279 CONNECTION 523 717 -1 -1 4500 4500
9280 CONNECTION 523 622 300 3180 5280 5280
9281 CONNECTION 523 729 300 5280 7380 7380
9282 CONNECTION 435 390 -1 -1 3240 3240
9283 CONNECTION 435 478 -1 -1 1920 1920
9284 CONNECTION 435 259 -1 -1 2580 2580
9285 CONNECTION 435 12 -1 -1 2640 2640
9286 CONNECTION 435 509 -1 -1 4440 4440
9287 CONNECTION 435 562 -1 -1 3120 3120
9288 CONNECTION 435 593 300 3540 5640 5640
9289 CONNECTION 435 41 300 2220 4320 4320
9290 CONNECTION 435 157 300 3420 5520 5520
9291 CONNECTION 435 730 300 4080 6180 6180
9292 CONNECTION 435 289 300 4620 6720 6720
9293 CONNECTION 435 362 300 5820 7920 7920
9294 CONNECTION 712 390 -1 -1 3240 3240
9295 CONNECTION 712 478 -1 -1 1920 1920
9296 CONNECTION 712 259 -1 -1 2580 2580
9297 CONNECTION 712 12 -1 -1 2640 2640
9298 CONNECTION 712 509 -1 -1 4440 4440
9299 CONNECTION 712 562 -1 -1 3120 3120
9300 CONNECTION 712 593 300 3540 5640 5640
9301 CONNECTION 712 41 300 2220 4320 4320
9302 CONNECTION 712 157 300 3420 5520 5520
9303 CONNECTION 712 730 300 4080 6180 6180
9304 CONNECTION 712 289 300 4620 6720 6720
9305 CONNECTION 712 362 300 5820 7920 7920
9306 CONNECTION 719 720 -1 -1 1500 1500
9307 CONNECTION 719 479 -1 -1 2820 2820
9308 CONNECTION 719 592 -1 -1 2460 2460
9309 CONNECTION 719 413 -1 -1 4080 4080
9310 CONNECTION 719 716 -1 -1 4080 4080
9311 CONNECTION 719 71 -1 -1 3660 3660
9312 CONNECTION 719 563 -1 -1 4020 4020
9313 CONNECTION 719 261 300 3000 5100 5100
9314 CONNECTION 719 42 300 3120 5220 5220
9315 CONNECTION 719 187 300 2760 4860 4860
9316 CONNECTION 719 437 300 3300 5400 5400
9317 CONNECTION 719 722 300 3300 5400 5400
9318 CONNECTION 719 158 300 4320 6420 6420
9319 CONNECTION 719 320 300 3960 6060 6060
9320 CONNECTION 719 290 300 5520 7620 7620
9321 CONNECTION 719 393 300 5160 7260 7260
9322 SINK 719 0 -1 -1 0 0
9323 CONNECTION 608 725 -1 -1 4080 4080
9324 CONNECTION 608 238 -1 -1 3900 3900
9325 CONNECTION 608 414 300 2520 4620 4620
9326 CONNECTION 608 717 300 2520 4620 4620
9327 CONNECTION 608 622 300 3300 5400 5400
9328 CONNECTION 608 729 300 5400 7500 7500
9329 CONNECTION 700 725 -1 -1 4080 4080
9330 CONNECTION 700 238 -1 -1 3900 3900
9331 CONNECTION 700 414 300 2520 4620 4620
9332 CONNECTION 700 717 300 2520 4620 4620
9333 CONNECTION 700 622 300 3300 5400 5400
9334 CONNECTION 700 729 300 5400 7500 7500
9335 CONNECTION 214 524 -1 -1 2820 2820
9336 CONNECTION 214 725 -1 -1 5100 5100
9337 CONNECTION 214 238 300 2820 4920 4920
9338 CONNECTION 214 414 300 3540 5640 5640
9339 CONNECTION 214 717 300 3540 5640 5640
9340 CONNECTION 214 622 300 4320 6420 6420
9341 CONNECTION 214 729 300 6420 8520 8520
9342 CONNECTION 90 91 -1 -1 1800 1800
9343 CONNECTION 90 524 -1 -1 2580 2580
9344 CONNECTION 90 725 -1 -1 4860 4860
9345 CONNECTION 90 238 -1 -1 4680 4680
9346 CONNECTION 90 414 300 3300 5400 5400
9347 CONNECTION 90 717 300 3300 5400 5400
9348 CONNECTION 90 622 300 4080 6180 6180
9349 CONNECTION 90 729 300 6180 8280 8280
9350 CONNECTION 507 508 -1 -1 1140 1140
9351 CONNECTION 507 479 -1 -1 2700 2700
9352 CONNECTION 507 592 -1 -1 2340 2340
9353 CONNECTION 507 413 -1 -1 3960 3960
9354 CONNECTION 507 716 -1 -1 3960 3960
9355 CONNECTION 507 71 -1 -1 3540 3540
9356 CONNECTION 507 563 -1 -1 3900 3900
9357 CONNECTION 507 261 300 2880 4980 4980
9358 CONNECTION 507 42 300 3000 5100 5100
9359 CONNECTION 507 187 300 2640 4740 4740
9360 CONNECTION 507 437 300 3180 5280 5280
9361 CONNECTION 507 722 300 3180 5280 5280
9362 CONNECTION 507 158 300 4200 6300 6300
9363 CONNECTION 507 320 300 3840 5940 5940
9364 CONNECTION 507 290 300 5400 7500 7500
9365 CONNECTION 507 393 300 5040 7140 7140
9366 CONNECTION 507 732 300 6480 8580 8580
9367 SINK 507 0 -1 -1 0 0
9368 CONNECTION 112 113 -1 -1 1620 1620
9369 CONNECTION 112 479 -1 -1 2640 2640
9370 CONNECTION 112 592 -1 -1 2280 2280
9371 CONNECTION 112 413 -1 -1 3900 3900
9372 CONNECTION 112 716 -1 -1 3900 3900
9373 CONNECTION 112 71 -1 -1 3480 3480
9374 CONNECTION 112 563 -1 -1 3840 3840
9375 CONNECTION 112 261 300 2820 4920 4920
9376 CONNECTION 112 42 300 2940 5040 5040
9377 CONNECTION 112 187 300 2580 4680 4680
9378 CONNECTION 112 437 300 3120 5220 5220
9379 CONNECTION 112 722 300 3120 5220 5220
9380 CONNECTION 112 158 300 4140 6240 6240
9381 CONNECTION 112 320 300 3780 5880 5880
9382 CONNECTION 112 290 300 5340 7440 7440
9383 CONNECTION 112 393 300 4980 7080 7080
9384 CONNECTION 112 732 300 6420 8520 8520
9385 SINK 112 0 -1 -1 0 0
9386 CONNECTION 412 236 -1 -1 1680 1680
9387 CONNECTION 412 185 -1 -1 2400 2400
9388 CONNECTION 412 318 -1 -1 3600 3600
9389 CONNECTION 412 391 300 2700 4800 4800
9390 CONNECTION 412 727 300 3180 5280 5280
9391 CONNECTION 412 510 300 3900 6000 6000
9392 CONNECTION 412 594 300 5100 7200 7200
9393 CONNECTION 561 562 -1 -1 1260 1260
9394 CONNECTION 561 593 -1 -1 3780 3780
9395 CONNECTION 561 41 -1 -1 2460 2460
9396 CONNECTION 561 157 -1 -1 3660 3660
9397 CONNECTION 561 730 300 2220 4320 4320
9398 CONNECTION 561 289 300 2760 4860 4860
9399 CONNECTION 561 362 300 3960 6060 6060
9400 CONNECTION 561 482 300 5160 7260 7260
9401 CONNECTION 590 591 -1 -1 1500 1500
9402 CONNECTION 590 287 -1 -1 1740 1740
9403 CONNECTION 590 70 -1 -1 2700 2700
9404 CONNECTION 590 237 -1 -1 3360 3360
9405 CONNECTION 590 360 -1 -1 2940 2940
9406 CONNECTION 590 537 -1 -1 4020 4020
9407 CONNECTION 590 186 -1 -1 3900 3900
9408 CONNECTION 590 92 -1 -1 3600 3600
9409 CONNECTION 590 436 -1 -1 3960 3960
9410 CONNECTION 590 721 -1 -1 3960 3960
9411 CONNECTION 590 480 300 2040 4140 4140
9412 CONNECTION 590 319 300 3000 5100 5100
9413 CONNECTION 590 564 300 3240 5340 5340
9414 CONNECTION 590 392 300 4200 6300 6300
9415 CONNECTION 590 728 300 4860 6960 6960
9416 CONNECTION 590 511 300 5400 7500 7500
9417 CONNECTION 590 115 300 5460 7560 7560
9418 CONNECTION 706 236 -1 -1 1680 1680
9419 CONNECTION 706 185 -1 -1 2400 2400
9420 CONNECTION 706 318 -1 -1 3600 3600
9421 CONNECTION 706 391 300 2700 4800 4800
9422 CONNECTION 706 727 300 3180 5280 5280
9423 CONNECTION 706 510 300 3900 6000 6000
9424 CONNECTION 706 594 300 5100 7200 7200
9425 CONNECTION 317 288 -1 -1 3420 3420
9426 CONNECTION 317 361 -1 -1 4620 4620
9427 CONNECTION 317 481 300 3720 5820 5820
9428 CONNECTION 317 565 300 4920 7020 7020
9429 CONNECTION 286 287 -1 -1 1140 1140
9430 CONNECTION 286 70 -1 -1 2100 2100
9431 CONNECTION 286 237 -1 -1 2760 2760
9432 CONNECTION 286 360 -1 -1 2340 2340
9433 CONNECTION 286 537 -1 -1 3420 3420
9434 CONNECTION 286 186 -1 -1 3300 3300
9435 CONNECTION 286 92 -1 -1 3000 3000
9436 CONNECTION 286 436 -1 -1 3360 3360
9437 CONNECTION 286 721 -1 -1 3360 3360
9438 CONNECTION 286 480 -1 -1 3540 3540
9439 CONNECTION 286 319 300 2400 4500 4500
9440 CONNECTION 286 564 300 2640 4740 4740
9441 CONNECTION 286 392 300 3600 5700 5700
9442 CONNECTION 286 728 300 4260 6360 6360
9443 CONNECTION 286 511 300 4800 6900 6900
9444 CONNECTION 286 115 300 4860 6960 6960
9445 CONNECTION 286 595 300 6000 8100 8100
9446 CONNECTION 389 390 -1 -1 2580 2580
9447 CONNECTION 389 259 -1 -1 1920 1920
9448 CONNECTION 389 12 -1 -1 1980 1980
9449 CONNECTION 389 509 -1 -1 3780 3780
9450 CONNECTION 389 562 -1 -1 2460 2460
9451 CONNECTION 389 593 -1 -1 4980 4980
9452 CONNECTION 389 41 -1 -1 3660 3660
9453 CONNECTION 389 157 300 2760 4860 4860
9454 CONNECTION 389 730 300 3420 5520 5520
9455 CONNECTION 389 289 300 3960 6060 6060
9456 CONNECTION 389 362 300 5160 7260 7260
9457 CONNECTION 452 453 -1 -1 1140 1140
9458 CONNECTION 452 726 300 2640 4740 4740
9459 CONNECTION 452 438 300 2760 4860 4860
9460 CONNECTION 452 723 300 2760 4860 4860
9461 CONNECTION 452 731 300 3360 5460 5460
9462 CONNECTION 358 359 -1 -1 1500 1500
9463 CONNECTION 358 479 -1 -1 2700 2700
9464 CONNECTION 358 592 -1 -1 2340 2340
9465 CONNECTION 358 413 -1 -1 3960 3960
9466 CONNECTION 358 716 -1 -1 3960 3960
9467 CONNECTION 358 71 -1 -1 3540 3540
9468 CONNECTION 358 563 -1 -1 3900 3900
9469 CONNECTION 358 261 300 2880 4980 4980
9470 CONNECTION 358 42 300 3000 5100 5100
9471 CONNECTION 358 187 300 2640 4740 4740
9472 CONNECTION 358 437 300 3180 5280 5280
9473 CONNECTION 358 722 300 3180 5280 5280
9474 CONNECTION 358 158 300 4200 6300 6300
9475 CONNECTION 358 320 300 3840 5940 5940
9476 CONNECTION 358 290 300 5400 7500 7500
9477 CONNECTION 358 393 300 5040 7140 7140
9478 CONNECTION 358 732 300 6480 8580 8580
9479 SINK 358 0 -1 -1 0 0
9480 CONNECTION 155 185 -1 -1 1860 1860
9481 CONNECTION 155 318 -1 -1 3060 3060
9482 CONNECTION 155 391 300 2160 4260 4260
9483 CONNECTION 155 727 300 2640 4740 4740
9484 CONNECTION 155 510 300 3360 5460 5460
9485 CONNECTION 155 594 300 4560 6660 6660
9486 CONNECTION 724 725 -1 -1 2820 2820
9487 CONNECTION 724 238 -1 -1 2640 2640
9488 CONNECTION 724 414 -1 -1 3360 3360
9489 CONNECTION 724 717 -1 -1 3360 3360
9490 CONNECTION 724 622 -1 -1 4140 4140
9491 CONNECTION 724 729 300 4140 6240 6240
9492 CONNECTION 201 481 -1 -1 3480 3480
9493 CONNECTION 201 565 -1 -1 4680 4680
9494 CONNECTION 715 413 -1 -1 2520 2520
9495 CONNECTION 715 716 -1 -1 2520 2520
9496 CONNECTION 715 71 -1 -1 2100 2100
9497 CONNECTION 715 563 -1 -1 2460 2460
9498 CONNECTION 715 261 -1 -1 3540 3540
9499 CONNECTION 715 42 -1 -1 3660 3660
9500 CONNECTION 715 187 -1 -1 3300 3300
9501 CONNECTION 715 437 -1 -1 3840 3840
9502 CONNECTION 715 722 -1 -1 3840 3840
9503 CONNECTION 715 158 300 2760 4860 4860
9504 CONNECTION 715 320 300 2400 4500 4500
9505 CONNECTION 715 290 300 3960 6060 6060
9506 CONNECTION 715 393 300 3600 5700 5700
9507 CONNECTION 715 732 300 5040 7140 7140
9508 CONNECTION 715 363 300 5160 7260 7260
9509 SINK 715 0 -1 -1 0 0
9510 CONNECTION 591 592 -1 -1 1140 1140
9511 CONNECTION 591 413 -1 -1 2760 2760
9512 CONNECTION 591 716 -1 -1 2760 2760
9513 CONNECTION 591 71 -1 -1 2340 2340
9514 CONNECTION 591 563 -1 -1 2700 2700
9515 CONNECTION 591 261 -1 -1 3780 3780
9516 CONNECTION 591 42 -1 -1 3900 3900
9517 CONNECTION 591 187 -1 -1 3540 3540
9518 CONNECTION 591 437 -1 -1 4080 4080
9519 CONNECTION 591 722 -1 -1 4080 4080
9520 CONNECTION 591 158 300 3000 5100 5100
9521 CONNECTION 591 320 300 2640 4740 4740
9522 CONNECTION 591 290 300 4200 6300 6300
9523 CONNECTION 591 393 300 3840 5940 5940
9524 CONNECTION 591 732 300 5280 7380 7380
9525 CONNECTION 591 363 300 5400 7500 7500
9526 SINK 591 0 -1 -1 0 0
9527 CONNECTION 40 41 -1 -1 1260 1260
9528 CONNECTION 40 157 -1 -1 2460 2460
9529 CONNECTION 40 730 -1 -1 3120 3120
9530 CONNECTION 40 289 -1 -1 3660 3660
9531 CONNECTION 40 362 300 2760 4860 4860
9532 CONNECTION 40 482 300 3960 6060 6060
9533 CONNECTION 40 566 300 5160 7260 7260
9534 CONNECTION 69 70 -1 -1 1500 1500
9535 CONNECTION 69 237 -1 -1 2160 2160
9536 CONNECTION 69 360 -1 -1 1740 1740
9537 CONNECTION 69 537 -1 -1 2820 2820
9538 CONNECTION 69 186 -1 -1 2700 2700
9539 CONNECTION 69 92 -1 -1 2400 2400
9540 CONNECTION 69 436 -1 -1 2760 2760
9541 CONNECTION 69 721 -1 -1 2760 2760
9542 CONNECTION 69 480 -1 -1 2940 2940
9543 CONNECTION 69 319 -1 -1 3900 3900
9544 CONNECTION 69 564 300 2040 4140 4140
9545 CONNECTION 69 392 300 3000 5100 5100
9546 CONNECTION 69 728 300 3660 5760 5760
9547 CONNECTION 69 511 300 4200 6300 6300
9548 CONNECTION 69 115 300 4260 6360 6360
9549 CONNECTION 69 595 300 5400 7500 7500
9550 CONNECTION 720 537 -1 -1 2340 2340
9551 CONNECTION 720 186 -1 -1 2220 2220
9552 CONNECTION 720 92 -1 -1 1920 1920
9553 CONNECTION 720 436 -1 -1 2280 2280
9554 CONNECTION 720 721 -1 -1 2280 2280
9555 CONNECTION 720 480 -1 -1 2460 2460
9556 CONNECTION 720 319 -1 -1 3420 3420
9557 CONNECTION 720 564 -1 -1 3660 3660
9558 CONNECTION 720 392 300 2520 4620 4620
9559 CONNECTION 720 728 300 3180 5280 5280
9560 CONNECTION 720 511 300 3720 5820 5820
9561 CONNECTION 720 115 300 3780 5880 5880
9562 CONNECTION 720 595 300 4920 7020 7020
9563 CONNECTION 390 361 -1 -1 3420 3420
9564 CONNECTION 390 481 -1 -1 4620 4620
9565 CONNECTION 390 565 300 3720 5820 5820
9566 CONNECTION 359 360 -1 -1 1140 1140
9567 CONNECTION 359 537 -1 -1 2220 2220
9568 CONNECTION 359 186 -1 -1 2100 2100
9569 CONNECTION 359 92 -1 -1 1800 1800
9570 CONNECTION 359 436 -1 -1 2160 2160
9571 CONNECTION 359 721 -1 -1 2160 2160
9572 CONNECTION 359 480 -1 -1 2340 2340
9573 CONNECTION 359 319 -1 -1 3300 3300
9574 CONNECTION 359 564 -1 -1 3540 3540
9575 CONNECTION 359 392 300 2400 4500 4500
9576 CONNECTION 359 728 300 3060 5160 5160
9577 CONNECTION 359 511 300 3600 5700 5700
9578 CONNECTION 359 115 300 3660 5760 5760
9579 CONNECTION 359 595 300 4800 6900 6900
9580 CONNECTION 508 509 -1 -1 2580 2580
9581 CONNECTION 508 593 -1 -1 3780 3780
9582 CONNECTION 508 41 -1 -1 2460 2460
9583 CONNECTION 508 157 -1 -1 3660 3660
9584 CONNECTION 508 730 300 2220 4320 4320
9585 CONNECTION 508 289 300 2760 4860 4860
9586 CONNECTION 508 362 300 3960 6060 6060
9587 CONNECTION 508 482 300 5160 7260 7260
9588 CONNECTION 113 114 -1 -1 1200 1200
9589 CONNECTION 113 726 300 2580 4680 4680
9590 CONNECTION 113 438 300 2700 4800 4800
9591 CONNECTION 113 723 300 2700 4800 4800
9592 CONNECTION 113 731 300 3300 5400 5400
9593 CONNECTION 478 479 -1 -1 1500 1500
9594 CONNECTION 478 413 -1 -1 2760 2760
9595 CONNECTION 478 716 -1 -1 2760 2760
9596 CONNECTION 478 71 -1 -1 2340 2340
9597 CONNECTION 478 563 -1 -1 2700 2700
9598 CONNECTION 478 261 -1 -1 3780 3780
9599 CONNECTION 478 42 -1 -1 3900 3900
9600 CONNECTION 478 187 -1 -1 3540 3540
9601 CONNECTION 478 437 -1 -1 4080 4080
9602 CONNECTION 478 722 -1 -1 4080 4080
9603 CONNECTION 478 158 300 3000 5100 5100
9604 CONNECTION 478 320 300 2640 4740 4740
9605 CONNECTION 478 290 300 4200 6300 6300
9606 CONNECTION 478 393 300 3840 5940 5940
9607 CONNECTION 478 732 300 5280 7380 7380
9608 CONNECTION 478 363 300 5400 7500 7500
9609 SINK 478 0 -1 -1 0 0
9610 CONNECTION 236 237 -1 -1 1680 1680
9611 CONNECTION 236 537 -1 -1 2340 2340
9612 CONNECTION 236 186 -1 -1 2220 2220
9613 CONNECTION 236 92 -1 -1 1920 1920
9614 CONNECTION 236 436 -1 -1 2280 2280
9615 CONNECTION 236 721 -1 -1 2280 2280
9616 CONNECTION 236 480 -1 -1 2460 2460
9617 CONNECTION 236 319 -1 -1 3420 3420
9618 CONNECTION 236 564 -1 -1 3660 3660
9619 CONNECTION 236 392 300 2520 4620 4620
9620 CONNECTION 236 728 300 3180 5280 5280
9621 CONNECTION 236 511 300 3720 5820 5820
9622 CONNECTION 236 115 300 3780 5880 5880
9623 CONNECTION 236 595 300 4920 7020 7020
9624 CONNECTION 287 318 -1 -1 1860 1860
9625 CONNECTION 287 391 -1 -1 3060 3060
9626 CONNECTION 287 727 -1 -1 3540 3540
9627 CONNECTION 287 510 300 2160 4260 4260
9628 CONNECTION 287 594 300 3360 5460 5460
9629 CONNECTION 91 92 -1 -1 1140 1140
9630 CONNECTION 91 480 -1 -1 1680 1680
9631 CONNECTION 91 319 -1 -1 2640 2640
9632 CONNECTION 91 564 -1 -1 2880 2880
9633 CONNECTION 91 392 -1 -1 3840 3840
9634 CONNECTION 91 728 -1 -1 4500 4500
9635 CONNECTION 91 511 300 2940 5040 5040
9636 CONNECTION 91 115 300 3000 5100 5100
9637 CONNECTION 91 595 300 4140 6240 6240
9638 CONNECTION 259 260 -1 -1 1620 1620
9639 CONNECTION 259 726 300 2400 4500 4500
9640 CONNECTION 259 438 300 2520 4620 4620
9641 CONNECTION 259 723 300 2520 4620 4620
9642 CONNECTION 259 731 300 3120 5220 5220
9643 CONNECTION 12 13 -1 -1 2820 2820
9644 CONNECTION 12 726 300 2340 4440 4440
9645 CONNECTION 12 438 300 2460 4560 4560
9646 CONNECTION 12 723 300 2460 4560 4560
9647 CONNECTION 12 731 300 3060 5160 5160
9648 CONNECTION 70 71 -1 -1 1140 1140
9649 CONNECTION 70 261 -1 -1 2580 2580
9650 CONNECTION 70 42 -1 -1 2700 2700
9651 CONNECTION 70 187 -1 -1 2340 2340
9652 CONNECTION 70 437 -1 -1 2880 2880
9653 CONNECTION 70 722 -1 -1 2880 2880
9654 CONNECTION 70 158 -1 -1 3900 3900
9655 CONNECTION 70 320 -1 -1 3540 3540
9656 CONNECTION 70 290 300 3000 5100 5100
9657 CONNECTION 70 393 300 2640 4740 4740
9658 CONNECTION 70 732 300 4080 6180 6180
9659 CONNECTION 70 363 300 4200 6300 6300
9660 SINK 70 0 -1 -1 0 0
9661 CONNECTION 156 157 -1 -1 1260 1260
9662 CONNECTION 156 730 -1 -1 1920 1920
9663 CONNECTION 156 289 -1 -1 2460 2460
9664 CONNECTION 156 362 -1 -1 3660 3660
9665 CONNECTION 156 482 300 2760 4860 4860
9666 CONNECTION 156 566 300 3960 6060 6060
9667 CONNECTION 185 186 -1 -1 1500 1500
9668 CONNECTION 185 480 -1 -1 1740 1740
9669 CONNECTION 185 319 -1 -1 2700 2700
9670 CONNECTION 185 564 -1 -1 2940 2940
9671 CONNECTION 185 392 -1 -1 3900 3900
9672 CONNECTION 185 728 -1 -1 4560 4560
9673 CONNECTION 185 511 300 3000 5100 5100
9674 CONNECTION 185 115 300 3060 5160 5160
9675 CONNECTION 185 595 300 4200 6300 6300
9676 CONNECTION 509 481 -1 -1 3420 3420
9677 CONNECTION 509 565 -1 -1 4620 4620
9678 CONNECTION 479 480 -1 -1 1140 1140
9679 CONNECTION 479 319 -1 -1 2100 2100
9680 CONNECTION 479 564 -1 -1 2340 2340
9681 CONNECTION 479 392 -1 -1 3300 3300
9682 CONNECTION 479 728 -1 -1 3960 3960
9683 CONNECTION 479 511 300 2400 4500 4500
9684 CONNECTION 479 115 300 2460 4560 4560
9685 CONNECTION 479 595 300 3600 5700 5700
9686 CONNECTION 479 733 300 6060 8160 8160
9687 CONNECTION 592 593 -1 -1 2580 2580
9688 CONNECTION 592 157 -1 -1 2460 2460
9689 CONNECTION 592 730 -1 -1 3120 3120
9690 CONNECTION 592 289 -1 -1 3660 3660
9691 CONNECTION 592 362 300 2760 4860 4860
9692 CONNECTION 592 482 300 3960 6060 6060
9693 CONNECTION 592 566 300 5160 7260 7260
9694 CONNECTION 635 595 -1 -1 2880 2880
9695 CONNECTION 635 733 300 3240 5340 5340
9696 CONNECTION 524 564 -1 -1 2100 2100
9697 CONNECTION 524 392 -1 -1 3060 3060
9698 CONNECTION 524 728 -1 -1 3720 3720
9699 CONNECTION 524 511 -1 -1 4260 4260
9700 CONNECTION 524 115 -1 -1 4320 4320
9701 CONNECTION 524 595 300 3360 5460 5460
9702 CONNECTION 524 733 300 5820 7920 7920
9703 CONNECTION 562 563 -1 -1 1500 1500
9704 CONNECTION 562 261 -1 -1 2580 2580
9705 CONNECTION 562 42 -1 -1 2700 2700
9706 CONNECTION 562 187 -1 -1 2340 2340
9707 CONNECTION 562 437 -1 -1 2880 2880
9708 CONNECTION 562 722 -1 -1 2880 2880
9709 CONNECTION 562 158 -1 -1 3900 3900
9710 CONNECTION 562 320 -1 -1 3540 3540
9711 CONNECTION 562 290 300 3000 5100 5100
9712 CONNECTION 562 393 300 2640 4740 4740
9713 CONNECTION 562 732 300 4080 6180 6180
9714 CONNECTION 562 363 300 4200 6300 6300
9715 SINK 562 0 -1 -1 0 0
9716 CONNECTION 237 238 -1 -1 1980 1980
9717 CONNECTION 237 414 -1 -1 2700 2700
9718 CONNECTION 237 717 -1 -1 2700 2700
9719 CONNECTION 237 622 -1 -1 3480 3480
9720 CONNECTION 237 729 300 3480 5580 5580
9721 CONNECTION 360 391 -1 -1 1860 1860
9722 CONNECTION 360 727 -1 -1 2340 2340
9723 CONNECTION 360 510 -1 -1 3060 3060
9724 CONNECTION 360 594 300 2160 4260 4260
9725 CONNECTION 453 157 -1 -1 2040 2040
9726 CONNECTION 453 730 -1 -1 2700 2700
9727 CONNECTION 453 289 -1 -1 3240 3240
9728 CONNECTION 453 362 300 2340 4440 4440
9729 CONNECTION 453 482 300 3540 5640 5640
9730 CONNECTION 453 566 300 4740 6840 6840
9731 CONNECTION 621 622 -1 -1 1680 1680
9732 CONNECTION 621 729 -1 -1 3780 3780
9733 CONNECTION 114 157 -1 -1 1920 1920
9734 CONNECTION 114 730 -1 -1 2580 2580
9735 CONNECTION 114 289 -1 -1 3120 3120
9736 CONNECTION 114 362 300 2220 4320 4320
9737 CONNECTION 114 482 300 3420 5520 5520
9738 CONNECTION 114 566 300 4620 6720 6720
9739 CONNECTION 260 261 -1 -1 1500 1500
9740 CONNECTION 260 158 -1 -1 2820 2820
9741 CONNECTION 260 320 -1 -1 2460 2460
9742 CONNECTION 260 290 -1 -1 4020 4020
9743 CONNECTION 260 393 -1 -1 3660 3660
9744 CONNECTION 260 732 300 3000 5100 5100
9745 CONNECTION 260 363 300 3120 5220 5220
9746 SINK 260 0 -1 -1 0 0
9747 CONNECTION 13 729 -1 -1 3900 3900
9748 CONNECTION 537 622 -1 -1 2820 2820
9749 CONNECTION 537 729 300 2820 4920 4920
9750 CONNECTION 186 187 -1 -1 1140 1140
9751 CONNECTION 186 158 -1 -1 2700 2700
9752 CONNECTION 186 320 -1 -1 2340 2340
9753 CONNECTION 186 290 -1 -1 3900 3900
9754 CONNECTION 186 393 -1 -1 3540 3540
9755 CONNECTION 186 732 300 2880 4980 4980
9756 CONNECTION 186 363 300 3000 5100 5100
9757 SINK 186 0 -1 -1 0 0
9758 CONNECTION 413 414 -1 -1 1800 1800
9759 CONNECTION 413 622 -1 -1 2580 2580
9760 CONNECTION 413 729 -1 -1 4680 4680
9761 CONNECTION 716 717 -1 -1 1800 1800
9762 CONNECTION 716 622 -1 -1 2580 2580
9763 CONNECTION 716 729 -1 -1 4680 4680
9764 CONNECTION 92 727 -1 -1 1680 1680
9765 CONNECTION 92 510 -1 -1 2400 2400
9766 CONNECTION 92 594 -1 -1 3600 3600
9767 CONNECTION 288 289 -1 -1 1260 1260
9768 CONNECTION 288 362 -1 -1 2460 2460
9769 CONNECTION 288 482 -1 -1 3660 3660
9770 CONNECTION 288 566 300 2760 4860 4860
9771 CONNECTION 318 319 -1 -1 1500 1500
9772 CONNECTION 318 564 -1 -1 1740 1740
9773 CONNECTION 318 392 -1 -1 2700 2700
9774 CONNECTION 318 728 -1 -1 3360 3360
9775 CONNECTION 318 511 -1 -1 3900 3900
9776 CONNECTION 318 115 -1 -1 3960 3960
9777 CONNECTION 318 595 300 3000 5100 5100
9778 CONNECTION 318 733 300 5460 7560 7560
9779 CONNECTION 436 437 -1 -1 1620 1620
9780 CONNECTION 436 158 -1 -1 2640 2640
9781 CONNECTION 436 320 -1 -1 2280 2280
9782 CONNECTION 436 290 -1 -1 3840 3840
9783 CONNECTION 436 393 -1 -1 3480 3480
9784 CONNECTION 436 732 300 2820 4920 4920
9785 CONNECTION 436 363 300 2940 5040 5040
9786 SINK 436 0 -1 -1 0 0
9787 CONNECTION 721 722 -1 -1 1620 1620
9788 CONNECTION 721 158 -1 -1 2640 2640
9789 CONNECTION 721 320 -1 -1 2280 2280
9790 CONNECTION 721 290 -1 -1 3840 3840
9791 CONNECTION 721 393 -1 -1 3480 3480
9792 CONNECTION 721 732 300 2820 4920 4920
9793 CONNECTION 721 363 300 2940 5040 5040
9794 SINK 721 0 -1 -1 0 0
9795 CONNECTION 593 565 -1 -1 3420 3420
9796 CONNECTION 71 730 -1 -1 1920 1920
9797 CONNECTION 71 289 -1 -1 2460 2460
9798 CONNECTION 71 362 -1 -1 3660 3660
9799 CONNECTION 71 482 300 2760 4860 4860
9800 CONNECTION 71 566 300 3960 6060 6060
9801 CONNECTION 563 564 -1 -1 1140 1140
9802 CONNECTION 563 392 -1 -1 2100 2100
9803 CONNECTION 563 728 -1 -1 2760 2760
9804 CONNECTION 563 511 -1 -1 3300 3300
9805 CONNECTION 563 115 -1 -1 3360 3360
9806 CONNECTION 563 595 300 2400 4500 4500
9807 CONNECTION 563 733 300 4860 6960 6960
9808 CONNECTION 725 726 -1 -1 1140 1140
9809 CONNECTION 41 42 -1 -1 1500 1500
9810 CONNECTION 41 158 -1 -1 2700 2700
9811 CONNECTION 41 320 -1 -1 2340 2340
9812 CONNECTION 41 290 -1 -1 3900 3900
9813 CONNECTION 41 393 -1 -1 3540 3540
9814 CONNECTION 41 732 300 2880 4980 4980
9815 CONNECTION 41 363 300 3000 5100 5100
9816 SINK 41 0 -1 -1 0 0
9817 CONNECTION 480 510 -1 -1 1860 1860
9818 CONNECTION 480 594 -1 -1 3060 3060
9819 CONNECTION 129 729 -1 -1 2640 2640
9820 CONNECTION 238 290 -1 -1 2460 2460
9821 CONNECTION 238 393 -1 -1 2100 2100
9822 CONNECTION 238 732 -1 -1 3540 3540
9823 CONNECTION 238 363 -1 -1 3660 3660
9824 SINK 238 0 -1 -1 0 0
9825 CONNECTION 319 320 -1 -1 1140 1140
9826 CONNECTION 319 290 -1 -1 2700 2700
9827 CONNECTION 319 393 -1 -1 2340 2340
9828 CONNECTION 319 732 -1 -1 3780 3780
9829 CONNECTION 319 363 -1 -1 3900 3900
9830 SINK 319 0 -1 -1 0 0
9831 CONNECTION 361 362 -1 -1 1260 1260
9832 CONNECTION 361 482 -1 -1 2460 2460
9833 CONNECTION 361 566 -1 -1 3660 3660
9834 CONNECTION 391 392 -1 -1 1500 1500
9835 CONNECTION 391 728 -1 -1 2160 2160
9836 CONNECTION 391 511 -1 -1 2700 2700
9837 CONNECTION 391 115 -1 -1 2760 2760
9838 CONNECTION 391 595 -1 -1 3900 3900
9839 CONNECTION 391 733 300 4260 6360 6360
9840 CONNECTION 261 511 -1 -1 2220 2220
9841 CONNECTION 261 115 -1 -1 2280 2280
9842 CONNECTION 261 595 -1 -1 3420 3420
9843 CONNECTION 261 733 300 3780 5880 5880
9844 CONNECTION 42 511 -1 -1 2100 2100
9845 CONNECTION 42 115 -1 -1 2160 2160
9846 CONNECTION 42 595 -1 -1 3300 3300
9847 CONNECTION 42 733 300 3660 5760 5760
9848 CONNECTION 187 362 -1 -1 2460 2460
9849 CONNECTION 187 482 -1 -1 3660 3660
9850 CONNECTION 187 566 300 2760 4860 4860
9851 CONNECTION 157 158 -1 -1 1500 1500
9852 CONNECTION 157 290 -1 -1 2700 2700
9853 CONNECTION 157 393 -1 -1 2340 2340
9854 CONNECTION 157 732 -1 -1 3780 3780
9855 CONNECTION 157 363 -1 -1 3900 3900
9856 SINK 157 0 -1 -1 0 0
9857 CONNECTION 437 438 -1 -1 1200 1200
9858 CONNECTION 722 723 -1 -1 1200 1200
9859 CONNECTION 727 728 -1 -1 1680 1680
9860 CONNECTION 727 511 -1 -1 2220 2220
9861 CONNECTION 727 115 -1 -1 2280 2280
9862 CONNECTION 727 595 -1 -1 3420 3420
9863 CONNECTION 727 733 300 3780 5880 5880
9864 CONNECTION 564 594 -1 -1 1860 1860
9865 CONNECTION 414 595 -1 -1 2640 2640
9866 CONNECTION 414 733 300 3000 5100 5100
9867 CONNECTION 717 595 -1 -1 2640 2640
9868 CONNECTION 717 733 300 3000 5100 5100
9869 CONNECTION 730 731 -1 -1 1620 1620
9870 CONNECTION 392 393 -1 -1 1140 1140
9871 CONNECTION 392 732 -1 -1 2580 2580
9872 CONNECTION 392 363 -1 -1 2700 2700
9873 SINK 392 0 -1 -1 0 0
9874 CONNECTION 481 482 -1 -1 1260 1260
9875 CONNECTION 481 566 -1 -1 2460 2460
9876 CONNECTION 510 511 -1 -1 1500 1500
9877 CONNECTION 510 595 -1 -1 2700 2700
9878 CONNECTION 510 733 300 3060 5160 5160
9879 CONNECTION 158 595 -1 -1 2100 2100
9880 CONNECTION 158 733 300 2460 4560 4560
9881 CONNECTION 320 482 -1 -1 2460 2460
9882 CONNECTION 320 566 -1 -1 3660 3660
9883 CONNECTION 289 290 -1 -1 1500 1500
9884 CONNECTION 289 732 -1 -1 2580 2580
9885 CONNECTION 289 363 -1 -1 2700 2700
9886 SINK 289 0 -1 -1 0 0
9887 CONNECTION 622 733 -1 -1 4320 4320
9888 CONNECTION 728 729 -1 -1 1980 1980
9889 CONNECTION 726 482 -1 -1 2040 2040
9890 CONNECTION 726 566 -1 -1 3240 3240
9891 CONNECTION 438 482 -1 -1 1920 1920
9892 CONNECTION 438 566 -1 -1 3120 3120
9893 CONNECTION 723 482 -1 -1 1920 1920
9894 CONNECTION 723 566 -1 -1 3120 3120
9895 CONNECTION 731 732 -1 -1 1500 1500
9896 SINK 731 0 -1 -1 0 0
9897 SINK 511 0 -1 -1 0 0
9898 SINK 115 0 -1 -1 0 0
9899 CONNECTION 565 566 -1 -1 1260 1260
9900 CONNECTION 594 595 -1 -1 1500 1500
9901 CONNECTION 594 733 -1 -1 3960 3960
9902 CONNECTION 290 733 -1 -1 3360 3360
9903 CONNECTION 393 566 -1 -1 2460 2460
9904 CONNECTION 362 363 -1 -1 1500 1500
9905 SINK 362 0 -1 -1 0 0
9906 SINK 729 0 -1 -1 0 0
9907 SINK 595 0 -1 -1 0 0
9908 CONNECTION 732 733 -1 -1 2280 2280
9909 CONNECTION 363 733 -1 -1 2160 2160
9910 SINK 482 0 -1 -1 0 0
9911 SINK 566 0 -1 -1 0 0
9912 SINK 733 0 -1 -1 0 0
