0 SOURCE 2 216 -1 -1 2280 31080
1 SOURCE 2 157 -1 -1 1080 29880
2 SOURCE 2 488 -1 -1 2280 31080
3 SOURCE 2 54 -1 -1 1080 29880
4 SOURCE 2 126 -1 -1 1380 30180
5 SOURCE 2 732 -1 -1 2280 31080
6 SOURCE 2 509 -1 -1 3180 31980
7 SOURCE 2 269 -1 -1 1380 30180
8 SOURCE 2 324 -1 -1 1080 29880
9 SOURCE 2 378 -1 -1 1380 30180
10 SOURCE 2 433 -1 -1 1080 29880
11 SOURCE 2 677 -1 -1 1080 29880
12 SOURCE 2 86 -1 -1 2280 31080
13 SOURCE 2 108 -1 -1 2160 30960
14 SOURCE 2 576 -1 -1 1080 29880
15 SOURCE 2 646 -1 -1 1380 30180
16 SOURCE 2 356 -1 -1 2280 31080
17 SOURCE 2 411 -1 -1 3180 31980
18 SOURCE 2 958 -1 -1 3180 31980
19 SOURCE 2 271 -1 -1 1080 29880
20 SOURCE 2 779 -1 -1 1380 30180
21 SOURCE 2 831 -1 -1 1080 29880
22 SOURCE 2 867 -1 -1 1380 30180
23 SOURCE 2 914 -1 -1 1080 29880
24 SOURCE 2 608 -1 -1 2280 31080
25 SOURCE 2 628 -1 -1 2160 30960
26 SOURCE 2 58 -1 -1 1380 30180
27 SOURCE 2 1004 -1 -1 1080 29880
28 SOURCE 2 88 -1 -1 2280 31080
29 SOURCE 2 863 -1 -1 2280 31080
30 SOURCE 2 110 -1 -1 3180 31980
31 SOURCE 2 896 -1 -1 3180 31980
32 SOURCE 2 130 -1 -1 1080 29880
33 SOURCE 2 163 -1 -1 1380 30180
34 SOURCE 2 328 -1 -1 1380 30180
35 SOURCE 2 781 -1 -1 1080 29880
36 SOURCE 2 1054 -1 -1 1080 29880
37 SOURCE 2 358 -1 -1 2280 31080
38 SOURCE 2 1012 -1 -1 2160 30960
39 SOURCE 2 382 -1 -1 1080 29880
40 SOURCE 2 580 -1 -1 1380 30180
41 SOURCE 2 610 -1 -1 2280 31080
42 SOURCE 2 630 -1 -1 3180 31980
43 SOURCE 2 1036 -1 -1 3180 31980
44 SOURCE 2 275 -1 -1 1080 29880
45 SOURCE 2 413 -1 -1 1080 29880
46 SOURCE 2 650 -1 -1 1080 29880
47 SOURCE 2 683 -1 -1 1380 30180
48 SOURCE 2 835 -1 -1 1380 30180
49 SOURCE 2 90 -1 -1 2280 31080
50 SOURCE 2 513 -1 -1 2160 30960
51 SOURCE 2 62 -1 -1 1380 30180
52 SOURCE 2 871 -1 -1 1080 29880
53 SOURCE 2 1008 -1 -1 1380 30180
54 SOURCE 2 360 -1 -1 2280 31080
55 SOURCE 2 439 -1 -1 3180 31980
56 SOURCE 2 1014 -1 -1 3180 31980
57 SOURCE 2 134 -1 -1 1080 29880
58 SOURCE 2 167 -1 -1 1380 30180
59 SOURCE 2 332 -1 -1 1380 30180
60 SOURCE 2 785 -1 -1 1080 29880
61 SOURCE 2 898 -1 -1 1080 29880
62 SOURCE 2 612 -1 -1 2280 31080
63 SOURCE 2 962 -1 -1 2160 30960
64 SOURCE 2 386 -1 -1 1080 29880
65 SOURCE 2 584 -1 -1 1380 30180
66 SOURCE 2 92 -1 -1 2280 31080
67 SOURCE 2 113 -1 -1 3180 31980
68 SOURCE 2 920 -1 -1 3180 31980
69 SOURCE 2 279 -1 -1 1080 29880
70 SOURCE 2 654 -1 -1 1080 29880
71 SOURCE 2 687 -1 -1 1380 30180
72 SOURCE 2 839 -1 -1 1380 30180
73 SOURCE 2 1038 -1 -1 1080 29880
74 SOURCE 2 362 -1 -1 2280 31080
75 SOURCE 2 1083 -1 -1 2160 30960
76 SOURCE 2 66 -1 -1 1380 30180
77 SOURCE 2 875 -1 -1 1080 29880
78 SOURCE 2 614 -1 -1 2280 31080
79 SOURCE 2 633 -1 -1 3180 31980
80 SOURCE 2 1060 -1 -1 3180 31980
81 SOURCE 2 138 -1 -1 1080 29880
82 SOURCE 2 171 -1 -1 1380 30180
83 SOURCE 2 336 -1 -1 1380 30180
84 SOURCE 2 417 -1 -1 1080 29880
85 SOURCE 2 789 -1 -1 1080 29880
86 SOURCE 2 94 -1 -1 2280 31080
87 SOURCE 2 516 -1 -1 2160 30960
88 SOURCE 2 390 -1 -1 1080 29880
89 SOURCE 2 588 -1 -1 1380 30180
90 SOURCE 2 364 -1 -1 2280 31080
91 SOURCE 2 443 -1 -1 3180 31980
92 SOURCE 2 1017 -1 -1 3180 31980
93 SOURCE 2 1085 -1 -1 3180 31980
94 SOURCE 2 283 -1 -1 1080 29880
95 SOURCE 2 658 -1 -1 1080 29880
96 SOURCE 2 691 -1 -1 1380 30180
97 SOURCE 2 843 -1 -1 1380 30180
98 SOURCE 2 902 -1 -1 1080 29880
99 SOURCE 2 616 -1 -1 2280 31080
100 SOURCE 2 965 -1 -1 2160 30960
101 SOURCE 2 70 -1 -1 1380 30180
102 SOURCE 2 879 -1 -1 1080 29880
103 SOURCE 2 96 -1 -1 2280 31080
104 SOURCE 2 116 -1 -1 3180 31980
105 SOURCE 2 924 -1 -1 3180 31980
106 SOURCE 2 142 -1 -1 1080 29880
107 SOURCE 2 175 -1 -1 1380 30180
108 SOURCE 2 340 -1 -1 1380 30180
109 SOURCE 2 793 -1 -1 1080 29880
110 SOURCE 2 1042 -1 -1 1080 29880
111 SOURCE 2 366 -1 -1 2280 31080
112 SOURCE 2 1097 -1 -1 2160 30960
113 SOURCE 2 394 -1 -1 1080 29880
114 SOURCE 2 592 -1 -1 1380 30180
115 SOURCE 2 618 -1 -1 2280 31080
116 SOURCE 2 636 -1 -1 3180 31980
117 SOURCE 2 1064 -1 -1 3180 31980
118 SOURCE 2 287 -1 -1 1080 29880
119 SOURCE 2 421 -1 -1 1080 29880
120 SOURCE 2 662 -1 -1 1080 29880
121 SOURCE 2 695 -1 -1 1380 30180
122 SOURCE 2 847 -1 -1 1380 30180
123 SOURCE 2 98 -1 -1 2280 31080
124 SOURCE 2 519 -1 -1 2160 30960
125 SOURCE 2 74 -1 -1 1380 30180
126 SOURCE 2 883 -1 -1 1080 29880
127 SOURCE 2 368 -1 -1 2280 31080
128 SOURCE 2 447 -1 -1 3180 31980
129 SOURCE 2 1020 -1 -1 3180 31980
130 SOURCE 2 1099 -1 -1 3180 31980
131 SOURCE 2 146 -1 -1 1080 29880
132 SOURCE 2 179 -1 -1 1380 30180
133 SOURCE 2 344 -1 -1 1380 30180
134 SOURCE 2 797 -1 -1 1080 29880
135 SOURCE 2 906 -1 -1 1080 29880
136 SOURCE 2 620 -1 -1 2280 31080
137 SOURCE 2 968 -1 -1 2160 30960
138 SOURCE 2 398 -1 -1 1080 29880
139 SOURCE 2 596 -1 -1 1380 30180
140 SOURCE 2 100 -1 -1 2280 31080
141 SOURCE 2 119 -1 -1 3180 31980
142 SOURCE 2 928 -1 -1 3180 31980
143 SOURCE 2 291 -1 -1 1080 29880
144 SOURCE 2 666 -1 -1 1080 29880
145 SOURCE 2 699 -1 -1 1380 30180
146 SOURCE 2 851 -1 -1 1380 30180
147 SOURCE 2 1046 -1 -1 1080 29880
148 SOURCE 2 370 -1 -1 2280 31080
149 SOURCE 2 1111 -1 -1 2160 30960
150 SOURCE 2 78 -1 -1 1380 30180
151 SOURCE 2 887 -1 -1 1080 29880
152 SOURCE 2 622 -1 -1 2280 31080
153 SOURCE 2 639 -1 -1 3180 31980
154 SOURCE 2 1068 -1 -1 3180 31980
155 SOURCE 2 150 -1 -1 1080 29880
156 SOURCE 2 183 -1 -1 1380 30180
157 SOURCE 2 348 -1 -1 1380 30180
158 SOURCE 2 425 -1 -1 1080 29880
159 SOURCE 2 801 -1 -1 1080 29880
160 SOURCE 2 102 -1 -1 2280 31080
161 SOURCE 2 522 -1 -1 2160 30960
162 SOURCE 2 402 -1 -1 1080 29880
163 SOURCE 2 600 -1 -1 1380 30180
164 SOURCE 2 372 -1 -1 2280 31080
165 SOURCE 2 451 -1 -1 3180 31980
166 SOURCE 2 1023 -1 -1 3180 31980
167 SOURCE 2 1113 -1 -1 3180 31980
168 SOURCE 2 295 -1 -1 1080 29880
169 SOURCE 2 670 -1 -1 1080 29880
170 SOURCE 2 703 -1 -1 1380 30180
171 SOURCE 2 855 -1 -1 1380 30180
172 SOURCE 2 910 -1 -1 1080 29880
173 SOURCE 2 624 -1 -1 2280 31080
174 SOURCE 2 971 -1 -1 2160 30960
175 SOURCE 2 82 -1 -1 1380 30180
176 SOURCE 2 891 -1 -1 1080 29880
177 SOURCE 2 104 -1 -1 2280 31080
178 SOURCE 2 154 -1 -1 1080 29880
179 SOURCE 2 187 -1 -1 1380 30180
180 SOURCE 2 352 -1 -1 1380 30180
181 SOURCE 2 805 -1 -1 1080 29880
182 SOURCE 2 1050 -1 -1 1080 29880
183 SOURCE 2 1125 -1 -1 2160 30960
184 SOURCE 2 406 -1 -1 1080 29880
185 SOURCE 2 429 -1 -1 1080 29880
186 SOURCE 2 674 -1 -1 1080 29880
187 CONNECTION 216 217 -1 -1 2400 2400
188 CONNECTION 216 457 -1 -1 3600 3600
189 CONNECTION 216 355 -1 -1 3540 3540
190 CONNECTION 216 489 -1 -1 4200 4200
191 CONNECTION 216 27 300 480 4440 4440
192 CONNECTION 216 709 300 840 5400 5400
193 CONNECTION 216 607 300 960 5340 5340
194 CONNECTION 216 733 300 1440 6000 6000
195 CONNECTION 216 241 300 2280 6240 6240
196 CONNECTION 216 934 300 2640 7200 7200
197 CONNECTION 216 862 300 2760 7140 7140
198 CONNECTION 216 87 300 3240 7800 7800
199 CONNECTION 216 553 300 4080 8040 8040
200 CONNECTION 216 29 300 4440 9000 9000
201 CONNECTION 216 219 300 4560 8940 8940
202 CONNECTION 157 158 -1 -1 2280 2280
203 CONNECTION 157 55 -1 -1 4140 4140
204 CONNECTION 157 268 -1 -1 2700 2700
205 CONNECTION 157 377 -1 -1 2700 2700
206 CONNECTION 157 325 300 1320 5940 5940
207 CONNECTION 157 434 300 1320 5760 5760
208 CONNECTION 157 645 300 1320 4500 4500
209 CONNECTION 157 678 300 1440 5880 5880
210 CONNECTION 157 410 300 2340 5520 5520
211 CONNECTION 157 577 300 3120 7740 7740
212 CONNECTION 157 778 300 3120 6300 6300
213 CONNECTION 157 866 300 3120 6300 6300
214 CONNECTION 488 489 -1 -1 2400 2400
215 CONNECTION 488 27 -1 -1 2640 2640
216 CONNECTION 488 709 -1 -1 3600 3600
217 CONNECTION 488 607 -1 -1 3540 3540
218 CONNECTION 488 733 -1 -1 4200 4200
219 CONNECTION 488 241 300 480 4440 4440
220 CONNECTION 488 934 300 840 5400 5400
221 CONNECTION 488 862 300 960 5340 5340
222 CONNECTION 488 87 300 1440 6000 6000
223 CONNECTION 488 553 300 2280 6240 6240
224 CONNECTION 488 29 300 2640 7200 7200
225 CONNECTION 488 219 300 2760 7140 7140
226 CONNECTION 488 357 300 3240 7800 7800
227 CONNECTION 488 755 300 4080 8040 8040
228 CONNECTION 488 243 300 4440 9000 9000
229 CONNECTION 488 491 300 4560 8940 8940
230 CONNECTION 158 159 -1 -1 1020 1020
231 CONNECTION 158 191 -1 -1 3600 3600
232 CONNECTION 158 551 -1 -1 1980 1980
233 CONNECTION 158 777 -1 -1 3120 3120
234 CONNECTION 158 528 -1 -1 3720 3720
235 CONNECTION 158 809 -1 -1 3420 3420
236 CONNECTION 158 459 -1 -1 5400 5400
237 CONNECTION 158 753 300 480 3780 3780
238 CONNECTION 158 435 300 1200 6360 6360
239 CONNECTION 158 679 300 1320 4620 4620
240 CONNECTION 158 894 300 1500 5940 5940
241 CONNECTION 158 711 300 2040 7200 7200
242 CONNECTION 158 161 300 2280 6720 6720
243 CONNECTION 158 979 300 2280 5580 5580
244 CONNECTION 158 974 300 3060 7320 7320
245 CONNECTION 158 4 300 3720 7020 7020
246 CONNECTION 158 936 300 3840 9000 9000
247 CONNECTION 158 1026 300 4080 7380 7380
248 CONNECTION 158 916 300 4800 9960 9960
249 CONNECTION 217 913 -1 -1 3720 3720
250 CONNECTION 217 458 -1 -1 2220 2220
251 CONNECTION 217 627 -1 -1 4380 4380
252 CONNECTION 217 552 -1 -1 3960 3960
253 CONNECTION 217 218 -1 -1 4440 4440
254 CONNECTION 217 510 -1 -1 5160 5160
255 CONNECTION 217 710 300 720 4020 4020
256 CONNECTION 217 810 300 840 5940 5940
257 CONNECTION 217 160 300 960 4260 4260
258 CONNECTION 217 754 300 1200 5760 5760
259 CONNECTION 217 490 300 1680 6240 6240
260 CONNECTION 217 973 300 1740 5040 5040
261 CONNECTION 217 1053 300 2040 7320 7320
262 CONNECTION 217 935 300 2520 5820 5820
263 CONNECTION 217 1011 300 2700 7980 7980
264 CONNECTION 217 980 300 3000 7560 7560
265 CONNECTION 217 734 300 3480 8040 8040
266 CONNECTION 217 959 300 3660 8760 8760
267 CONNECTION 217 30 300 4320 7620 7620
268 CONNECTION 217 5 300 4440 9540 9540
269 CONNECTION 217 680 300 4560 7860 7860
270 CONNECTION 217 1027 300 4800 9360 9360
271 CONNECTION 54 55 -1 -1 2340 2340
272 CONNECTION 54 325 -1 -1 4140 4140
273 CONNECTION 54 434 -1 -1 3960 3960
274 CONNECTION 54 645 -1 -1 2700 2700
275 CONNECTION 54 678 -1 -1 4080 4080
276 CONNECTION 54 410 300 540 3720 3720
277 CONNECTION 54 577 300 1320 5940 5940
278 CONNECTION 54 778 300 1320 4500 4500
279 CONNECTION 54 866 300 1320 4500 4500
280 CONNECTION 54 57 300 3120 6300 6300
281 CONNECTION 54 832 300 3120 7740 7740
282 CONNECTION 54 915 300 3120 7560 7560
283 CONNECTION 54 272 300 3240 7680 7680
284 CONNECTION 54 895 300 4140 7320 7320
285 CONNECTION 126 127 -1 -1 2220 2220
286 CONNECTION 126 575 -1 -1 2400 2400
287 CONNECTION 126 379 -1 -1 4020 4020
288 CONNECTION 126 270 300 720 4200 4200
289 CONNECTION 126 830 300 720 4200 4200
290 CONNECTION 126 647 300 1380 5820 5820
291 CONNECTION 126 1003 300 2520 6000 6000
292 CONNECTION 126 868 300 3180 7620 7620
293 CONNECTION 126 129 300 4320 7800 7800
294 CONNECTION 126 780 300 4320 7800 7800
295 CONNECTION 457 458 -1 -1 1020 1020
296 CONNECTION 457 552 -1 -1 2760 2760
297 CONNECTION 457 218 -1 -1 3240 3240
298 CONNECTION 457 510 -1 -1 3960 3960
299 CONNECTION 457 710 -1 -1 2820 2820
300 CONNECTION 457 810 -1 -1 4740 4740
301 CONNECTION 457 160 -1 -1 3060 3060
302 CONNECTION 457 754 -1 -1 4560 4560
303 CONNECTION 457 490 300 480 5040 5040
304 CONNECTION 457 973 300 540 3840 3840
305 CONNECTION 457 1053 300 840 6120 6120
306 CONNECTION 457 935 300 1320 4620 4620
307 CONNECTION 457 1011 300 1500 6780 6780
308 CONNECTION 457 980 300 1800 6360 6360
309 CONNECTION 457 734 300 2280 6840 6840
310 CONNECTION 457 959 300 2460 7560 7560
311 CONNECTION 457 30 300 3120 6420 6420
312 CONNECTION 457 5 300 3240 8340 8340
313 CONNECTION 457 680 300 3360 6660 6660
314 CONNECTION 457 1027 300 3600 8160 8160
315 CONNECTION 457 220 300 4080 8640 8640
316 CONNECTION 457 302 300 4140 7440 7440
317 CONNECTION 457 412 300 4440 9720 9720
318 CONNECTION 355 576 -1 -1 1680 1680
319 CONNECTION 355 646 -1 -1 1980 1980
320 CONNECTION 355 356 -1 -1 3660 3660
321 CONNECTION 355 411 -1 -1 4800 4800
322 CONNECTION 355 958 -1 -1 4800 4800
323 CONNECTION 355 271 -1 -1 3480 3480
324 CONNECTION 355 779 -1 -1 3780 3780
325 CONNECTION 355 831 -1 -1 3480 3480
326 CONNECTION 355 867 -1 -1 3780 3780
327 CONNECTION 355 914 -1 -1 3480 3480
328 CONNECTION 355 608 300 1080 5460 5460
329 CONNECTION 355 628 300 1080 5340 5340
330 CONNECTION 355 58 300 2100 5580 5580
331 CONNECTION 355 1004 300 2100 5280 5280
332 CONNECTION 355 88 300 2880 7260 7260
333 CONNECTION 355 863 300 2880 7260 7260
334 CONNECTION 355 110 300 3120 8400 8400
335 CONNECTION 355 896 300 3120 8400 8400
336 CONNECTION 355 130 300 3900 7080 7080
337 CONNECTION 355 163 300 3900 7380 7380
338 CONNECTION 355 328 300 3900 7380 7380
339 CONNECTION 355 781 300 3900 7080 7080
340 CONNECTION 355 1054 300 3900 7080 7080
341 CONNECTION 355 358 300 4680 9060 9060
342 CONNECTION 355 1012 300 4680 8940 8940
343 SINK 355 2 -1 -1 300 300
344 CONNECTION 732 733 -1 -1 2400 2400
345 CONNECTION 732 241 -1 -1 2640 2640
346 CONNECTION 732 934 -1 -1 3600 3600
347 CONNECTION 732 862 -1 -1 3540 3540
348 CONNECTION 732 87 -1 -1 4200 4200
349 CONNECTION 732 553 300 480 4440 4440
350 CONNECTION 732 29 300 840 5400 5400
351 CONNECTION 732 219 300 960 5340 5340
352 CONNECTION 732 357 300 1440 6000 6000
353 CONNECTION 732 755 300 2280 6240 6240
354 CONNECTION 732 243 300 2640 7200 7200
355 CONNECTION 732 491 300 2760 7140 7140
356 CONNECTION 732 609 300 3240 7800 7800
357 CONNECTION 732 981 300 4080 8040 8040
358 CONNECTION 732 555 300 4440 9000 9000
359 CONNECTION 732 735 300 4560 8940 8940
360 CONNECTION 55 56 -1 -1 3060 3060
361 CONNECTION 55 3 -1 -1 4140 4140
362 CONNECTION 55 326 -1 -1 4860 4860
363 CONNECTION 55 578 300 2040 6660 6660
364 CONNECTION 55 529 300 3480 7740 7740
365 CONNECTION 55 833 300 3840 8460 8460
366 CONNECTION 268 269 -1 -1 1200 1200
367 CONNECTION 268 86 -1 -1 2880 2880
368 CONNECTION 268 108 -1 -1 2760 2760
369 CONNECTION 268 576 -1 -1 2700 2700
370 CONNECTION 268 646 -1 -1 3000 3000
371 CONNECTION 268 356 -1 -1 4680 4680
372 CONNECTION 268 411 300 540 5820 5820
373 CONNECTION 268 958 300 540 5820 5820
374 CONNECTION 268 271 300 1320 4500 4500
375 CONNECTION 268 779 300 1320 4800 4800
376 CONNECTION 268 831 300 1320 4500 4500
377 CONNECTION 268 867 300 1320 4800 4800
378 CONNECTION 268 914 300 1320 4500 4500
379 CONNECTION 268 608 300 2100 6480 6480
380 CONNECTION 268 628 300 2100 6360 6360
381 CONNECTION 268 58 300 3120 6600 6600
382 CONNECTION 268 1004 300 3120 6300 6300
383 CONNECTION 268 88 300 3900 8280 8280
384 CONNECTION 268 863 300 3900 8280 8280
385 CONNECTION 268 110 300 4140 9420 9420
386 CONNECTION 268 896 300 4140 9420 9420
387 SINK 268 2 -1 -1 300 300
388 CONNECTION 377 378 -1 -1 1200 1200
389 CONNECTION 377 86 -1 -1 2880 2880
390 CONNECTION 377 108 -1 -1 2760 2760
391 CONNECTION 377 576 -1 -1 2700 2700
392 CONNECTION 377 646 -1 -1 3000 3000
393 CONNECTION 377 356 -1 -1 4680 4680
394 CONNECTION 377 411 300 540 5820 5820
395 CONNECTION 377 958 300 540 5820 5820
396 CONNECTION 377 271 300 1320 4500 4500
397 CONNECTION 377 779 300 1320 4800 4800
398 CONNECTION 377 831 300 1320 4500 4500
399 CONNECTION 377 867 300 1320 4800 4800
400 CONNECTION 377 914 300 1320 4500 4500
401 CONNECTION 377 608 300 2100 6480 6480
402 CONNECTION 377 628 300 2100 6360 6360
403 CONNECTION 377 58 300 3120 6600 6600
404 CONNECTION 377 1004 300 3120 6300 6300
405 CONNECTION 377 88 300 3900 8280 8280
406 CONNECTION 377 863 300 3900 8280 8280
407 CONNECTION 377 110 300 4140 9420 9420
408 CONNECTION 377 896 300 4140 9420 9420
409 SINK 377 2 -1 -1 300 300
410 CONNECTION 509 510 -1 -1 2820 2820
411 CONNECTION 509 710 -1 -1 1680 1680
412 CONNECTION 509 810 -1 -1 3600 3600
413 CONNECTION 509 160 -1 -1 1920 1920
414 CONNECTION 509 754 -1 -1 3420 3420
415 CONNECTION 509 490 -1 -1 3900 3900
416 CONNECTION 509 973 -1 -1 2700 2700
417 CONNECTION 509 1053 -1 -1 4980 4980
418 CONNECTION 509 935 -1 -1 3480 3480
419 CONNECTION 509 1011 300 360 5640 5640
420 CONNECTION 509 980 300 660 5220 5220
421 CONNECTION 509 734 300 1140 5700 5700
422 CONNECTION 509 959 300 1320 6420 6420
423 CONNECTION 509 30 300 1980 5280 5280
424 CONNECTION 509 5 300 2100 7200 7200
425 CONNECTION 509 680 300 2220 5520 5520
426 CONNECTION 509 1027 300 2460 7020 7020
427 CONNECTION 509 220 300 2940 7500 7500
428 CONNECTION 509 302 300 3000 6300 6300
429 CONNECTION 509 412 300 3300 8580 8580
430 CONNECTION 509 244 300 3780 7080 7080
431 CONNECTION 509 512 300 3960 9240 9240
432 CONNECTION 509 194 300 4260 8820 8820
433 CONNECTION 509 492 300 4740 9300 9300
434 CONNECTION 489 510 -1 -1 3360 3360
435 CONNECTION 489 710 -1 -1 2220 2220
436 CONNECTION 489 810 -1 -1 4140 4140
437 CONNECTION 489 160 -1 -1 2460 2460
438 CONNECTION 489 754 -1 -1 3960 3960
439 CONNECTION 489 490 -1 -1 4440 4440
440 CONNECTION 489 973 -1 -1 3240 3240
441 CONNECTION 489 1053 -1 -1 5520 5520
442 CONNECTION 489 935 300 720 4020 4020
443 CONNECTION 489 1011 300 900 6180 6180
444 CONNECTION 489 980 300 1200 5760 5760
445 CONNECTION 489 734 300 1680 6240 6240
446 CONNECTION 489 959 300 1860 6960 6960
447 CONNECTION 489 30 300 2520 5820 5820
448 CONNECTION 489 5 300 2640 7740 7740
449 CONNECTION 489 680 300 2760 6060 6060
450 CONNECTION 489 1027 300 3000 7560 7560
451 CONNECTION 489 220 300 3480 8040 8040
452 CONNECTION 489 302 300 3540 6840 6840
453 CONNECTION 489 412 300 3840 9120 9120
454 CONNECTION 489 244 300 4320 7620 7620
455 CONNECTION 489 512 300 4500 9780 9780
456 CONNECTION 489 194 300 4800 9360 9360
457 CONNECTION 127 28 -1 -1 2580 2580
458 CONNECTION 127 128 -1 -1 4260 4260
459 CONNECTION 127 242 300 420 4380 4380
460 CONNECTION 127 109 300 540 4800 4800
461 CONNECTION 127 380 300 1620 6060 6060
462 CONNECTION 127 554 300 2220 6180 6180
463 CONNECTION 127 648 300 3420 7860 7860
464 CONNECTION 127 756 300 4020 7980 7980
465 CONNECTION 127 629 300 4140 8400 8400
466 CONNECTION 159 458 -1 -1 1500 1500
467 CONNECTION 159 627 -1 -1 3660 3660
468 CONNECTION 159 552 -1 -1 3240 3240
469 CONNECTION 159 218 -1 -1 3720 3720
470 CONNECTION 159 510 -1 -1 4440 4440
471 CONNECTION 159 710 -1 -1 3300 3300
472 CONNECTION 159 810 -1 -1 5220 5220
473 CONNECTION 159 160 -1 -1 3540 3540
474 CONNECTION 159 754 300 480 5040 5040
475 CONNECTION 159 490 300 960 5520 5520
476 CONNECTION 159 973 300 1020 4320 4320
477 CONNECTION 159 1053 300 1320 6600 6600
478 CONNECTION 159 935 300 1800 5100 5100
479 CONNECTION 159 1011 300 1980 7260 7260
480 CONNECTION 159 980 300 2280 6840 6840
481 CONNECTION 159 734 300 2760 7320 7320
482 CONNECTION 159 959 300 2940 8040 8040
483 CONNECTION 159 30 300 3600 6900 6900
484 CONNECTION 159 5 300 3720 8820 8820
485 CONNECTION 159 680 300 3840 7140 7140
486 CONNECTION 159 1027 300 4080 8640 8640
487 CONNECTION 159 220 300 4560 9120 9120
488 CONNECTION 159 302 300 4620 7920 7920
489 CONNECTION 269 270 -1 -1 2400 2400
490 CONNECTION 269 830 -1 -1 2400 2400
491 CONNECTION 269 647 -1 -1 4020 4020
492 CONNECTION 269 1003 300 720 4200 4200
493 CONNECTION 269 868 300 1380 5820 5820
494 CONNECTION 269 129 300 2520 6000 6000
495 CONNECTION 269 780 300 2520 6000 6000
496 CONNECTION 269 59 300 3180 7620 7620
497 CONNECTION 269 381 300 4320 7800 7800
498 CONNECTION 324 325 -1 -1 2340 2340
499 CONNECTION 324 410 -1 -1 1920 1920
500 CONNECTION 324 577 -1 -1 4140 4140
501 CONNECTION 324 778 -1 -1 2700 2700
502 CONNECTION 324 866 -1 -1 2700 2700
503 CONNECTION 324 57 300 1320 4500 4500
504 CONNECTION 324 832 300 1320 5940 5940
505 CONNECTION 324 915 300 1320 5760 5760
506 CONNECTION 324 272 300 1440 5880 5880
507 CONNECTION 324 895 300 2340 5520 5520
508 CONNECTION 324 162 300 3120 6300 6300
509 CONNECTION 324 327 300 3120 6300 6300
510 CONNECTION 324 1005 300 3120 7740 7740
511 CONNECTION 378 379 -1 -1 2220 2220
512 CONNECTION 378 270 -1 -1 2400 2400
513 CONNECTION 378 830 -1 -1 2400 2400
514 CONNECTION 378 647 -1 -1 4020 4020
515 CONNECTION 378 1003 300 720 4200 4200
516 CONNECTION 378 868 300 1380 5820 5820
517 CONNECTION 378 129 300 2520 6000 6000
518 CONNECTION 378 780 300 2520 6000 6000
519 CONNECTION 378 59 300 3180 7620 7620
520 CONNECTION 378 381 300 4320 7800 7800
521 CONNECTION 433 434 -1 -1 2160 2160
522 CONNECTION 433 410 -1 -1 1920 1920
523 CONNECTION 433 577 -1 -1 4140 4140
524 CONNECTION 433 778 -1 -1 2700 2700
525 CONNECTION 433 866 -1 -1 2700 2700
526 CONNECTION 433 57 300 1320 4500 4500
527 CONNECTION 433 832 300 1320 5940 5940
528 CONNECTION 433 915 300 1320 5760 5760
529 CONNECTION 433 272 300 1440 5880 5880
530 CONNECTION 433 895 300 2340 5520 5520
531 CONNECTION 433 162 300 3120 6300 6300
532 CONNECTION 433 327 300 3120 6300 6300
533 CONNECTION 433 1005 300 3120 7740 7740
534 CONNECTION 677 678 -1 -1 2280 2280
535 CONNECTION 677 410 -1 -1 1920 1920
536 CONNECTION 677 577 -1 -1 4140 4140
537 CONNECTION 677 778 -1 -1 2700 2700
538 CONNECTION 677 866 -1 -1 2700 2700
539 CONNECTION 677 57 300 1320 4500 4500
540 CONNECTION 677 832 300 1320 5940 5940
541 CONNECTION 677 915 300 1320 5760 5760
542 CONNECTION 677 272 300 1440 5880 5880
543 CONNECTION 677 895 300 2340 5520 5520
544 CONNECTION 677 162 300 3120 6300 6300
545 CONNECTION 677 327 300 3120 6300 6300
546 CONNECTION 677 1005 300 3120 7740 7740
547 CONNECTION 27 28 -1 -1 2280 2280
548 CONNECTION 27 128 -1 -1 3960 3960
549 CONNECTION 27 242 -1 -1 4080 4080
550 CONNECTION 27 109 -1 -1 4500 4500
551 CONNECTION 27 380 300 1320 5760 5760
552 CONNECTION 27 554 300 1920 5880 5880
553 CONNECTION 27 648 300 3120 7560 7560
554 CONNECTION 27 756 300 3720 7680 7680
555 CONNECTION 27 629 300 3840 8100 8100
556 CONNECTION 191 1033 -1 -1 3780 3780
557 CONNECTION 191 192 -1 -1 4560 4560
558 CONNECTION 191 460 300 1200 6360 6360
559 CONNECTION 191 436 300 2220 7380 7380
560 CONNECTION 191 712 300 3000 8160 8160
561 CONNECTION 191 937 300 4800 9960 9960
562 CONNECTION 551 552 -1 -1 2280 2280
563 CONNECTION 551 218 -1 -1 2760 2760
564 CONNECTION 551 510 -1 -1 3480 3480
565 CONNECTION 551 710 -1 -1 2340 2340
566 CONNECTION 551 810 -1 -1 4260 4260
567 CONNECTION 551 160 -1 -1 2580 2580
568 CONNECTION 551 754 -1 -1 4080 4080
569 CONNECTION 551 490 -1 -1 4560 4560
570 CONNECTION 551 973 -1 -1 3360 3360
571 CONNECTION 551 1053 300 360 5640 5640
572 CONNECTION 551 935 300 840 4140 4140
573 CONNECTION 551 1011 300 1020 6300 6300
574 CONNECTION 551 980 300 1320 5880 5880
575 CONNECTION 551 734 300 1800 6360 6360
576 CONNECTION 551 959 300 1980 7080 7080
577 CONNECTION 551 30 300 2640 5940 5940
578 CONNECTION 551 5 300 2760 7860 7860
579 CONNECTION 551 680 300 2880 6180 6180
580 CONNECTION 551 1027 300 3120 7680 7680
581 CONNECTION 551 220 300 3600 8160 8160
582 CONNECTION 551 302 300 3660 6960 6960
583 CONNECTION 551 412 300 3960 9240 9240
584 CONNECTION 551 244 300 4440 7740 7740
585 CONNECTION 551 512 300 4620 9900 9900
586 CONNECTION 777 778 -1 -1 900 900
587 CONNECTION 777 57 -1 -1 2700 2700
588 CONNECTION 777 832 -1 -1 4140 4140
589 CONNECTION 777 915 -1 -1 3960 3960
590 CONNECTION 777 272 -1 -1 4080 4080
591 CONNECTION 777 895 300 540 3720 3720
592 CONNECTION 777 162 300 1320 4500 4500
593 CONNECTION 777 327 300 1320 4500 4500
594 CONNECTION 777 1005 300 1320 5940 5940
595 CONNECTION 777 131 300 3120 7740 7740
596 CONNECTION 777 579 300 3120 6300 6300
597 CONNECTION 777 1055 300 3120 7560 7560
598 CONNECTION 777 782 300 3240 7680 7680
599 CONNECTION 777 1035 300 4140 7320 7320
600 CONNECTION 575 576 -1 -1 900 900
601 CONNECTION 575 356 -1 -1 2880 2880
602 CONNECTION 575 411 -1 -1 4020 4020
603 CONNECTION 575 958 -1 -1 4020 4020
604 CONNECTION 575 271 -1 -1 2700 2700
605 CONNECTION 575 779 -1 -1 3000 3000
606 CONNECTION 575 831 -1 -1 2700 2700
607 CONNECTION 575 867 -1 -1 3000 3000
608 CONNECTION 575 914 -1 -1 2700 2700
609 CONNECTION 575 608 -1 -1 4680 4680
610 CONNECTION 575 628 -1 -1 4560 4560
611 CONNECTION 575 58 300 1320 4800 4800
612 CONNECTION 575 1004 300 1320 4500 4500
613 CONNECTION 575 88 300 2100 6480 6480
614 CONNECTION 575 863 300 2100 6480 6480
615 CONNECTION 575 110 300 2340 7620 7620
616 CONNECTION 575 896 300 2340 7620 7620
617 CONNECTION 575 130 300 3120 6300 6300
618 CONNECTION 575 163 300 3120 6600 6600
619 CONNECTION 575 328 300 3120 6600 6600
620 CONNECTION 575 781 300 3120 6300 6300
621 CONNECTION 575 1054 300 3120 6300 6300
622 CONNECTION 575 358 300 3900 8280 8280
623 CONNECTION 575 1012 300 3900 8160 8160
624 SINK 575 2 -1 -1 300 300
625 CONNECTION 709 710 -1 -1 1020 1020
626 CONNECTION 709 754 -1 -1 2760 2760
627 CONNECTION 709 490 -1 -1 3240 3240
628 CONNECTION 709 973 -1 -1 2040 2040
629 CONNECTION 709 1053 -1 -1 4320 4320
630 CONNECTION 709 935 -1 -1 2820 2820
631 CONNECTION 709 1011 -1 -1 4980 4980
632 CONNECTION 709 980 -1 -1 4560 4560
633 CONNECTION 709 734 300 480 5040 5040
634 CONNECTION 709 959 300 660 5760 5760
635 CONNECTION 709 30 300 1320 4620 4620
636 CONNECTION 709 5 300 1440 6540 6540
637 CONNECTION 709 680 300 1560 4860 4860
638 CONNECTION 709 1027 300 1800 6360 6360
639 CONNECTION 709 220 300 2280 6840 6840
640 CONNECTION 709 302 300 2340 5640 5640
641 CONNECTION 709 412 300 2640 7920 7920
642 CONNECTION 709 244 300 3120 6420 6420
643 CONNECTION 709 512 300 3300 8580 8580
644 CONNECTION 709 194 300 3600 8160 8160
645 CONNECTION 709 492 300 4080 8640 8640
646 CONNECTION 709 111 300 4260 9360 9360
647 CONNECTION 913 914 -1 -1 900 900
648 CONNECTION 913 608 -1 -1 2880 2880
649 CONNECTION 913 628 -1 -1 2760 2760
650 CONNECTION 913 58 -1 -1 3000 3000
651 CONNECTION 913 1004 -1 -1 2700 2700
652 CONNECTION 913 88 -1 -1 4680 4680
653 CONNECTION 913 863 -1 -1 4680 4680
654 CONNECTION 913 110 300 540 5820 5820
655 CONNECTION 913 896 300 540 5820 5820
656 CONNECTION 913 130 300 1320 4500 4500
657 CONNECTION 913 163 300 1320 4800 4800
658 CONNECTION 913 328 300 1320 4800 4800
659 CONNECTION 913 781 300 1320 4500 4500
660 CONNECTION 913 1054 300 1320 4500 4500
661 CONNECTION 913 358 300 2100 6480 6480
662 CONNECTION 913 1012 300 2100 6360 6360
663 CONNECTION 913 382 300 3120 6300 6300
664 CONNECTION 913 580 300 3120 6600 6600
665 CONNECTION 913 610 300 3900 8280 8280
666 CONNECTION 913 630 300 4140 9420 9420
667 CONNECTION 913 1036 300 4140 9420 9420
668 SINK 913 2 -1 -1 300 300
669 CONNECTION 607 271 -1 -1 1680 1680
670 CONNECTION 607 779 -1 -1 1980 1980
671 CONNECTION 607 831 -1 -1 1680 1680
672 CONNECTION 607 867 -1 -1 1980 1980
673 CONNECTION 607 914 -1 -1 1680 1680
674 CONNECTION 607 608 -1 -1 3660 3660
675 CONNECTION 607 628 -1 -1 3540 3540
676 CONNECTION 607 58 -1 -1 3780 3780
677 CONNECTION 607 1004 -1 -1 3480 3480
678 CONNECTION 607 88 300 1080 5460 5460
679 CONNECTION 607 863 300 1080 5460 5460
680 CONNECTION 607 110 300 1320 6600 6600
681 CONNECTION 607 896 300 1320 6600 6600
682 CONNECTION 607 130 300 2100 5280 5280
683 CONNECTION 607 163 300 2100 5580 5580
684 CONNECTION 607 328 300 2100 5580 5580
685 CONNECTION 607 781 300 2100 5280 5280
686 CONNECTION 607 1054 300 2100 5280 5280
687 CONNECTION 607 358 300 2880 7260 7260
688 CONNECTION 607 1012 300 2880 7140 7140
689 CONNECTION 607 382 300 3900 7080 7080
690 CONNECTION 607 580 300 3900 7380 7380
691 CONNECTION 607 610 300 4680 9060 9060
692 SINK 607 2 -1 -1 300 300
693 CONNECTION 86 87 -1 -1 2400 2400
694 CONNECTION 86 553 -1 -1 2640 2640
695 CONNECTION 86 29 -1 -1 3600 3600
696 CONNECTION 86 219 -1 -1 3540 3540
697 CONNECTION 86 357 -1 -1 4200 4200
698 CONNECTION 86 755 300 480 4440 4440
699 CONNECTION 86 243 300 840 5400 5400
700 CONNECTION 86 491 300 960 5340 5340
701 CONNECTION 86 609 300 1440 6000 6000
702 CONNECTION 86 981 300 2280 6240 6240
703 CONNECTION 86 555 300 2640 7200 7200
704 CONNECTION 86 735 300 2760 7140 7140
705 CONNECTION 86 89 300 3240 7800 7800
706 CONNECTION 86 864 300 3240 7800 7800
707 CONNECTION 86 1028 300 4080 8040 8040
708 CONNECTION 86 757 300 4440 9000 9000
709 CONNECTION 86 221 300 4560 8940 8940
710 CONNECTION 108 128 -1 -1 3120 3120
711 CONNECTION 108 242 -1 -1 3240 3240
712 CONNECTION 108 109 -1 -1 3660 3660
713 CONNECTION 108 380 300 480 4920 4920
714 CONNECTION 108 554 300 1080 5040 5040
715 CONNECTION 108 648 300 2280 6720 6720
716 CONNECTION 108 756 300 2880 6840 6840
717 CONNECTION 108 629 300 3000 7260 7260
718 CONNECTION 108 869 300 4080 8520 8520
719 CONNECTION 108 982 300 4680 8640 8640
720 CONNECTION 325 326 -1 -1 3060 3060
721 CONNECTION 325 578 -1 -1 4860 4860
722 CONNECTION 325 529 300 1680 5940 5940
723 CONNECTION 325 833 300 2040 6660 6660
724 CONNECTION 325 60 300 3840 8460 8460
725 CONNECTION 325 1006 300 3840 8460 8460
726 CONNECTION 434 435 -1 -1 2880 2880
727 CONNECTION 434 711 -1 -1 3720 3720
728 CONNECTION 434 161 -1 -1 3240 3240
729 CONNECTION 434 979 -1 -1 2100 2100
730 CONNECTION 434 974 -1 -1 3840 3840
731 CONNECTION 434 4 -1 -1 3540 3540
732 CONNECTION 434 936 300 360 5520 5520
733 CONNECTION 434 1026 300 600 3900 3900
734 CONNECTION 434 916 300 1320 6480 6480
735 CONNECTION 434 273 300 1440 4740 4740
736 CONNECTION 434 1034 300 1620 6060 6060
737 CONNECTION 434 31 300 2160 7320 7320
738 CONNECTION 434 193 300 2400 5700 5700
739 CONNECTION 434 681 300 2400 6840 6840
740 CONNECTION 434 303 300 3180 7440 7440
741 CONNECTION 434 530 300 3840 7140 7140
742 CONNECTION 434 245 300 3960 9120 9120
743 CONNECTION 434 461 300 4200 7500 7500
744 CONNECTION 645 646 -1 -1 1200 1200
745 CONNECTION 645 356 -1 -1 2880 2880
746 CONNECTION 645 411 -1 -1 4020 4020
747 CONNECTION 645 958 -1 -1 4020 4020
748 CONNECTION 645 271 -1 -1 2700 2700
749 CONNECTION 645 779 -1 -1 3000 3000
750 CONNECTION 645 831 -1 -1 2700 2700
751 CONNECTION 645 867 -1 -1 3000 3000
752 CONNECTION 645 914 -1 -1 2700 2700
753 CONNECTION 645 608 -1 -1 4680 4680
754 CONNECTION 645 628 -1 -1 4560 4560
755 CONNECTION 645 58 300 1320 4800 4800
756 CONNECTION 645 1004 300 1320 4500 4500
757 CONNECTION 645 88 300 2100 6480 6480
758 CONNECTION 645 863 300 2100 6480 6480
759 CONNECTION 645 110 300 2340 7620 7620
760 CONNECTION 645 896 300 2340 7620 7620
761 CONNECTION 645 130 300 3120 6300 6300
762 CONNECTION 645 163 300 3120 6600 6600
763 CONNECTION 645 328 300 3120 6600 6600
764 CONNECTION 645 781 300 3120 6300 6300
765 CONNECTION 645 1054 300 3120 6300 6300
766 CONNECTION 645 358 300 3900 8280 8280
767 CONNECTION 645 1012 300 3900 8160 8160
768 SINK 645 2 -1 -1 300 300
769 CONNECTION 678 679 -1 -1 1020 1020
770 CONNECTION 678 711 -1 -1 3600 3600
771 CONNECTION 678 161 -1 -1 3120 3120
772 CONNECTION 678 979 -1 -1 1980 1980
773 CONNECTION 678 974 -1 -1 3720 3720
774 CONNECTION 678 4 -1 -1 3420 3420
775 CONNECTION 678 936 -1 -1 5400 5400
776 CONNECTION 678 1026 300 480 3780 3780
777 CONNECTION 678 916 300 1200 6360 6360
778 CONNECTION 678 273 300 1320 4620 4620
779 CONNECTION 678 1034 300 1500 5940 5940
780 CONNECTION 678 31 300 2040 7200 7200
781 CONNECTION 678 193 300 2280 5580 5580
782 CONNECTION 678 681 300 2280 6720 6720
783 CONNECTION 678 303 300 3060 7320 7320
784 CONNECTION 678 530 300 3720 7020 7020
785 CONNECTION 678 245 300 3840 9000 9000
786 CONNECTION 678 461 300 4080 7380 7380
787 CONNECTION 678 1056 300 4800 9960 9960
788 CONNECTION 458 459 -1 -1 2880 2880
789 CONNECTION 458 435 -1 -1 3840 3840
790 CONNECTION 458 679 -1 -1 2100 2100
791 CONNECTION 458 894 -1 -1 3420 3420
792 CONNECTION 458 711 -1 -1 4680 4680
793 CONNECTION 458 161 -1 -1 4200 4200
794 CONNECTION 458 979 -1 -1 3060 3060
795 CONNECTION 458 974 300 540 4800 4800
796 CONNECTION 458 4 300 1200 4500 4500
797 CONNECTION 458 936 300 1320 6480 6480
798 CONNECTION 458 1026 300 1560 4860 4860
799 CONNECTION 458 916 300 2280 7440 7440
800 CONNECTION 458 273 300 2400 5700 5700
801 CONNECTION 458 1034 300 2580 7020 7020
802 CONNECTION 458 31 300 3120 8280 8280
803 CONNECTION 458 193 300 3360 6660 6660
804 CONNECTION 458 681 300 3360 7800 7800
805 CONNECTION 458 303 300 4140 8400 8400
806 CONNECTION 458 530 300 4800 8100 8100
807 CONNECTION 733 1053 -1 -1 3720 3720
808 CONNECTION 733 935 -1 -1 2220 2220
809 CONNECTION 733 1011 -1 -1 4380 4380
810 CONNECTION 733 980 -1 -1 3960 3960
811 CONNECTION 733 734 -1 -1 4440 4440
812 CONNECTION 733 959 -1 -1 5160 5160
813 CONNECTION 733 30 300 720 4020 4020
814 CONNECTION 733 5 300 840 5940 5940
815 CONNECTION 733 680 300 960 4260 4260
816 CONNECTION 733 1027 300 1200 5760 5760
817 CONNECTION 733 220 300 1680 6240 6240
818 CONNECTION 733 302 300 1740 5040 5040
819 CONNECTION 733 412 300 2040 7320 7320
820 CONNECTION 733 244 300 2520 5820 5820
821 CONNECTION 733 512 300 2700 7980 7980
822 CONNECTION 733 194 300 3000 7560 7560
823 CONNECTION 733 492 300 3480 8040 8040
824 CONNECTION 733 111 300 3660 8760 8760
825 CONNECTION 733 556 300 4320 7620 7620
826 CONNECTION 733 531 300 4440 9540 9540
827 CONNECTION 733 164 300 4560 7860 7860
828 CONNECTION 733 462 300 4800 9360 9360
829 CONNECTION 379 242 -1 -1 2580 2580
830 CONNECTION 379 109 -1 -1 3000 3000
831 CONNECTION 379 380 -1 -1 4260 4260
832 CONNECTION 379 554 300 420 4380 4380
833 CONNECTION 379 648 300 1620 6060 6060
834 CONNECTION 379 756 300 2220 6180 6180
835 CONNECTION 379 629 300 2340 6600 6600
836 CONNECTION 379 869 300 3420 7860 7860
837 CONNECTION 379 982 300 4020 7980 7980
838 CONNECTION 627 628 -1 -1 2100 2100
839 CONNECTION 627 58 -1 -1 2340 2340
840 CONNECTION 627 1004 -1 -1 2040 2040
841 CONNECTION 627 88 -1 -1 4020 4020
842 CONNECTION 627 863 -1 -1 4020 4020
843 CONNECTION 627 110 -1 -1 5160 5160
844 CONNECTION 627 896 -1 -1 5160 5160
845 CONNECTION 627 130 300 660 3840 3840
846 CONNECTION 627 163 300 660 4140 4140
847 CONNECTION 627 328 300 660 4140 4140
848 CONNECTION 627 781 300 660 3840 3840
849 CONNECTION 627 1054 300 660 3840 3840
850 CONNECTION 627 358 300 1440 5820 5820
851 CONNECTION 627 1012 300 1440 5700 5700
852 CONNECTION 627 382 300 2460 5640 5640
853 CONNECTION 627 580 300 2460 5940 5940
854 CONNECTION 627 610 300 3240 7620 7620
855 CONNECTION 627 630 300 3480 8760 8760
856 CONNECTION 627 1036 300 3480 8760 8760
857 CONNECTION 627 275 300 4260 7440 7440
858 CONNECTION 627 413 300 4260 7440 7440
859 CONNECTION 627 650 300 4260 7440 7440
860 CONNECTION 627 683 300 4260 7740 7740
861 CONNECTION 627 835 300 4260 7740 7740
862 SINK 627 2 -1 -1 300 300
863 CONNECTION 528 326 -1 -1 3000 3000
864 CONNECTION 528 578 -1 -1 4800 4800
865 CONNECTION 528 529 300 1620 5880 5880
866 CONNECTION 528 833 300 1980 6600 6600
867 CONNECTION 528 60 300 3780 8400 8400
868 CONNECTION 528 1006 300 3780 8400 8400
869 CONNECTION 552 553 -1 -1 1680 1680
870 CONNECTION 552 219 -1 -1 2580 2580
871 CONNECTION 552 357 -1 -1 3240 3240
872 CONNECTION 552 755 -1 -1 3480 3480
873 CONNECTION 552 243 -1 -1 4440 4440
874 CONNECTION 552 491 -1 -1 4380 4380
875 CONNECTION 552 609 300 480 5040 5040
876 CONNECTION 552 981 300 1320 5280 5280
877 CONNECTION 552 555 300 1680 6240 6240
878 CONNECTION 552 735 300 1800 6180 6180
879 CONNECTION 552 89 300 2280 6840 6840
880 CONNECTION 552 864 300 2280 6840 6840
881 CONNECTION 552 1028 300 3120 7080 7080
882 CONNECTION 552 757 300 3480 8040 8040
883 CONNECTION 552 221 300 3600 7980 7980
884 CONNECTION 552 359 300 4080 8640 8640
885 CONNECTION 576 577 -1 -1 2340 2340
886 CONNECTION 576 57 -1 -1 2700 2700
887 CONNECTION 576 832 -1 -1 4140 4140
888 CONNECTION 576 915 -1 -1 3960 3960
889 CONNECTION 576 272 -1 -1 4080 4080
890 CONNECTION 576 895 300 540 3720 3720
891 CONNECTION 576 162 300 1320 4500 4500
892 CONNECTION 576 327 300 1320 4500 4500
893 CONNECTION 576 1005 300 1320 5940 5940
894 CONNECTION 576 131 300 3120 7740 7740
895 CONNECTION 576 579 300 3120 6300 6300
896 CONNECTION 576 1055 300 3120 7560 7560
897 CONNECTION 576 782 300 3240 7680 7680
898 CONNECTION 576 1035 300 4140 7320 7320
899 CONNECTION 646 647 -1 -1 2220 2220
900 CONNECTION 646 1003 -1 -1 2400 2400
901 CONNECTION 646 868 -1 -1 4020 4020
902 CONNECTION 646 129 300 720 4200 4200
903 CONNECTION 646 780 300 720 4200 4200
904 CONNECTION 646 59 300 1380 5820 5820
905 CONNECTION 646 381 300 2520 6000 6000
906 CONNECTION 646 329 300 3180 7620 7620
907 CONNECTION 646 274 300 4320 7800 7800
908 CONNECTION 646 649 300 4320 7800 7800
909 CONNECTION 410 411 -1 -1 3000 3000
910 CONNECTION 410 271 -1 -1 1680 1680
911 CONNECTION 410 779 -1 -1 1980 1980
912 CONNECTION 410 831 -1 -1 1680 1680
913 CONNECTION 410 867 -1 -1 1980 1980
914 CONNECTION 410 914 -1 -1 1680 1680
915 CONNECTION 410 608 -1 -1 3660 3660
916 CONNECTION 410 628 -1 -1 3540 3540
917 CONNECTION 410 58 -1 -1 3780 3780
918 CONNECTION 410 1004 -1 -1 3480 3480
919 CONNECTION 410 88 300 1080 5460 5460
920 CONNECTION 410 863 300 1080 5460 5460
921 CONNECTION 410 110 300 1320 6600 6600
922 CONNECTION 410 896 300 1320 6600 6600
923 CONNECTION 410 130 300 2100 5280 5280
924 CONNECTION 410 163 300 2100 5580 5580
925 CONNECTION 410 328 300 2100 5580 5580
926 CONNECTION 410 781 300 2100 5280 5280
927 CONNECTION 410 1054 300 2100 5280 5280
928 CONNECTION 410 358 300 2880 7260 7260
929 CONNECTION 410 1012 300 2880 7140 7140
930 CONNECTION 410 382 300 3900 7080 7080
931 CONNECTION 410 580 300 3900 7380 7380
932 CONNECTION 410 610 300 4680 9060 9060
933 SINK 410 2 -1 -1 300 300
934 CONNECTION 809 810 -1 -1 2820 2820
935 CONNECTION 809 490 -1 -1 3120 3120
936 CONNECTION 809 973 -1 -1 1920 1920
937 CONNECTION 809 1053 -1 -1 4200 4200
938 CONNECTION 809 935 -1 -1 2700 2700
939 CONNECTION 809 1011 -1 -1 4860 4860
940 CONNECTION 809 980 -1 -1 4440 4440
941 CONNECTION 809 734 300 360 4920 4920
942 CONNECTION 809 959 300 540 5640 5640
943 CONNECTION 809 30 300 1200 4500 4500
944 CONNECTION 809 5 300 1320 6420 6420
945 CONNECTION 809 680 300 1440 4740 4740
946 CONNECTION 809 1027 300 1680 6240 6240
947 CONNECTION 809 220 300 2160 6720 6720
948 CONNECTION 809 302 300 2220 5520 5520
949 CONNECTION 809 412 300 2520 7800 7800
950 CONNECTION 809 244 300 3000 6300 6300
951 CONNECTION 809 512 300 3180 8460 8460
952 CONNECTION 809 194 300 3480 8040 8040
953 CONNECTION 809 492 300 3960 8520 8520
954 CONNECTION 809 111 300 4140 9240 9240
955 CONNECTION 809 556 300 4800 8100 8100
956 CONNECTION 218 219 -1 -1 2100 2100
957 CONNECTION 218 357 -1 -1 2760 2760
958 CONNECTION 218 755 -1 -1 3000 3000
959 CONNECTION 218 243 -1 -1 3960 3960
960 CONNECTION 218 491 -1 -1 3900 3900
961 CONNECTION 218 609 -1 -1 4560 4560
962 CONNECTION 218 981 300 840 4800 4800
963 CONNECTION 218 555 300 1200 5760 5760
964 CONNECTION 218 735 300 1320 5700 5700
965 CONNECTION 218 89 300 1800 6360 6360
966 CONNECTION 218 864 300 1800 6360 6360
967 CONNECTION 218 1028 300 2640 6600 6600
968 CONNECTION 218 757 300 3000 7560 7560
969 CONNECTION 218 221 300 3120 7500 7500
970 CONNECTION 218 359 300 3600 8160 8160
971 CONNECTION 218 195 300 4440 8400 8400
972 CONNECTION 218 983 300 4800 9360 9360
973 CONNECTION 241 242 -1 -1 2280 2280
974 CONNECTION 241 109 -1 -1 2700 2700
975 CONNECTION 241 380 -1 -1 3960 3960
976 CONNECTION 241 554 -1 -1 4080 4080
977 CONNECTION 241 648 300 1320 5760 5760
978 CONNECTION 241 756 300 1920 5880 5880
979 CONNECTION 241 629 300 2040 6300 6300
980 CONNECTION 241 869 300 3120 7560 7560
981 CONNECTION 241 982 300 3720 7680 7680
982 CONNECTION 459 460 -1 -1 4560 4560
983 CONNECTION 459 436 300 420 5580 5580
984 CONNECTION 459 712 300 1200 6360 6360
985 CONNECTION 459 937 300 3000 8160 8160
986 CONNECTION 459 917 300 4020 9180 9180
987 CONNECTION 459 1073 300 4800 9960 9960
988 CONNECTION 56 57 -1 -1 900 900
989 CONNECTION 56 895 -1 -1 1920 1920
990 CONNECTION 56 162 -1 -1 2700 2700
991 CONNECTION 56 327 -1 -1 2700 2700
992 CONNECTION 56 1005 -1 -1 4140 4140
993 CONNECTION 56 131 300 1320 5940 5940
994 CONNECTION 56 579 300 1320 4500 4500
995 CONNECTION 56 1055 300 1320 5760 5760
996 CONNECTION 56 782 300 1440 5880 5880
997 CONNECTION 56 1035 300 2340 5520 5520
998 CONNECTION 56 383 300 3120 7740 7740
999 CONNECTION 56 682 300 3120 6300 6300
1000 CONNECTION 56 834 300 3120 6300 6300
1001 CONNECTION 510 511 -1 -1 3420 3420
1002 CONNECTION 510 811 300 960 6060 6060
1003 CONNECTION 510 960 300 1920 7020 7020
1004 CONNECTION 510 304 300 4560 9660 9660
1005 CONNECTION 753 754 -1 -1 2280 2280
1006 CONNECTION 753 490 -1 -1 2760 2760
1007 CONNECTION 753 973 -1 -1 1560 1560
1008 CONNECTION 753 1053 -1 -1 3840 3840
1009 CONNECTION 753 935 -1 -1 2340 2340
1010 CONNECTION 753 1011 -1 -1 4500 4500
1011 CONNECTION 753 980 -1 -1 4080 4080
1012 CONNECTION 753 734 -1 -1 4560 4560
1013 CONNECTION 753 959 -1 -1 5280 5280
1014 CONNECTION 753 30 300 840 4140 4140
1015 CONNECTION 753 5 300 960 6060 6060
1016 CONNECTION 753 680 300 1080 4380 4380
1017 CONNECTION 753 1027 300 1320 5880 5880
1018 CONNECTION 753 220 300 1800 6360 6360
1019 CONNECTION 753 302 300 1860 5160 5160
1020 CONNECTION 753 412 300 2160 7440 7440
1021 CONNECTION 753 244 300 2640 5940 5940
1022 CONNECTION 753 512 300 2820 8100 8100
1023 CONNECTION 753 194 300 3120 7680 7680
1024 CONNECTION 753 492 300 3600 8160 8160
1025 CONNECTION 753 111 300 3780 8880 8880
1026 CONNECTION 753 556 300 4440 7740 7740
1027 CONNECTION 753 531 300 4560 9660 9660
1028 CONNECTION 753 164 300 4680 7980 7980
1029 CONNECTION 270 271 -1 -1 900 900
1030 CONNECTION 270 608 -1 -1 2880 2880
1031 CONNECTION 270 628 -1 -1 2760 2760
1032 CONNECTION 270 58 -1 -1 3000 3000
1033 CONNECTION 270 1004 -1 -1 2700 2700
1034 CONNECTION 270 88 -1 -1 4680 4680
1035 CONNECTION 270 863 -1 -1 4680 4680
1036 CONNECTION 270 110 300 540 5820 5820
1037 CONNECTION 270 896 300 540 5820 5820
1038 CONNECTION 270 130 300 1320 4500 4500
1039 CONNECTION 270 163 300 1320 4800 4800
1040 CONNECTION 270 328 300 1320 4800 4800
1041 CONNECTION 270 781 300 1320 4500 4500
1042 CONNECTION 270 1054 300 1320 4500 4500
1043 CONNECTION 270 358 300 2100 6480 6480
1044 CONNECTION 270 1012 300 2100 6360 6360
1045 CONNECTION 270 382 300 3120 6300 6300
1046 CONNECTION 270 580 300 3120 6600 6600
1047 CONNECTION 270 610 300 3900 8280 8280
1048 CONNECTION 270 630 300 4140 9420 9420
1049 CONNECTION 270 1036 300 4140 9420 9420
1050 SINK 270 2 -1 -1 300 300
1051 CONNECTION 830 831 -1 -1 900 900
1052 CONNECTION 830 608 -1 -1 2880 2880
1053 CONNECTION 830 628 -1 -1 2760 2760
1054 CONNECTION 830 58 -1 -1 3000 3000
1055 CONNECTION 830 1004 -1 -1 2700 2700
1056 CONNECTION 830 88 -1 -1 4680 4680
1057 CONNECTION 830 863 -1 -1 4680 4680
1058 CONNECTION 830 110 300 540 5820 5820
1059 CONNECTION 830 896 300 540 5820 5820
1060 CONNECTION 830 130 300 1320 4500 4500
1061 CONNECTION 830 163 300 1320 4800 4800
1062 CONNECTION 830 328 300 1320 4800 4800
1063 CONNECTION 830 781 300 1320 4500 4500
1064 CONNECTION 830 1054 300 1320 4500 4500
1065 CONNECTION 830 358 300 2100 6480 6480
1066 CONNECTION 830 1012 300 2100 6360 6360
1067 CONNECTION 830 382 300 3120 6300 6300
1068 CONNECTION 830 580 300 3120 6600 6600
1069 CONNECTION 830 610 300 3900 8280 8280
1070 CONNECTION 830 630 300 4140 9420 9420
1071 CONNECTION 830 1036 300 4140 9420 9420
1072 SINK 830 2 -1 -1 300 300
1073 CONNECTION 934 935 -1 -1 1020 1020
1074 CONNECTION 934 980 -1 -1 2760 2760
1075 CONNECTION 934 734 -1 -1 3240 3240
1076 CONNECTION 934 959 -1 -1 3960 3960
1077 CONNECTION 934 30 -1 -1 2820 2820
1078 CONNECTION 934 5 -1 -1 4740 4740
1079 CONNECTION 934 680 -1 -1 3060 3060
1080 CONNECTION 934 1027 -1 -1 4560 4560
1081 CONNECTION 934 220 300 480 5040 5040
1082 CONNECTION 934 302 300 540 3840 3840
1083 CONNECTION 934 412 300 840 6120 6120
1084 CONNECTION 934 244 300 1320 4620 4620
1085 CONNECTION 934 512 300 1500 6780 6780
1086 CONNECTION 934 194 300 1800 6360 6360
1087 CONNECTION 934 492 300 2280 6840 6840
1088 CONNECTION 934 111 300 2460 7560 7560
1089 CONNECTION 934 556 300 3120 6420 6420
1090 CONNECTION 934 531 300 3240 8340 8340
1091 CONNECTION 934 164 300 3360 6660 6660
1092 CONNECTION 934 462 300 3600 8160 8160
1093 CONNECTION 934 736 300 4080 8640 8640
1094 CONNECTION 934 812 300 4140 7440 7440
1095 CONNECTION 934 897 300 4440 9720 9720
1096 CONNECTION 28 29 -1 -1 2280 2280
1097 CONNECTION 28 357 -1 -1 2880 2880
1098 CONNECTION 28 755 -1 -1 3120 3120
1099 CONNECTION 28 243 -1 -1 4080 4080
1100 CONNECTION 28 491 -1 -1 4020 4020
1101 CONNECTION 28 609 -1 -1 4680 4680
1102 CONNECTION 28 981 300 960 4920 4920
1103 CONNECTION 28 555 300 1320 5880 5880
1104 CONNECTION 28 735 300 1440 5820 5820
1105 CONNECTION 28 89 300 1920 6480 6480
1106 CONNECTION 28 864 300 1920 6480 6480
1107 CONNECTION 28 1028 300 2760 6720 6720
1108 CONNECTION 28 757 300 3120 7680 7680
1109 CONNECTION 28 221 300 3240 7620 7620
1110 CONNECTION 28 359 300 3720 8280 8280
1111 CONNECTION 28 195 300 4560 8520 8520
1112 CONNECTION 862 58 -1 -1 1980 1980
1113 CONNECTION 862 1004 -1 -1 1680 1680
1114 CONNECTION 862 88 -1 -1 3660 3660
1115 CONNECTION 862 863 -1 -1 3660 3660
1116 CONNECTION 862 110 -1 -1 4800 4800
1117 CONNECTION 862 896 -1 -1 4800 4800
1118 CONNECTION 862 130 -1 -1 3480 3480
1119 CONNECTION 862 163 -1 -1 3780 3780
1120 CONNECTION 862 328 -1 -1 3780 3780
1121 CONNECTION 862 781 -1 -1 3480 3480
1122 CONNECTION 862 1054 -1 -1 3480 3480
1123 CONNECTION 862 358 300 1080 5460 5460
1124 CONNECTION 862 1012 300 1080 5340 5340
1125 CONNECTION 862 382 300 2100 5280 5280
1126 CONNECTION 862 580 300 2100 5580 5580
1127 CONNECTION 862 610 300 2880 7260 7260
1128 CONNECTION 862 630 300 3120 8400 8400
1129 CONNECTION 862 1036 300 3120 8400 8400
1130 CONNECTION 862 275 300 3900 7080 7080
1131 CONNECTION 862 413 300 3900 7080 7080
1132 CONNECTION 862 650 300 3900 7080 7080
1133 CONNECTION 862 683 300 3900 7380 7380
1134 CONNECTION 862 835 300 3900 7380 7380
1135 CONNECTION 862 90 300 4680 9060 9060
1136 CONNECTION 862 513 300 4680 8940 8940
1137 SINK 862 2 -1 -1 300 300
1138 CONNECTION 356 357 -1 -1 2400 2400
1139 CONNECTION 356 755 -1 -1 2640 2640
1140 CONNECTION 356 243 -1 -1 3600 3600
1141 CONNECTION 356 491 -1 -1 3540 3540
1142 CONNECTION 356 609 -1 -1 4200 4200
1143 CONNECTION 356 981 300 480 4440 4440
1144 CONNECTION 356 555 300 840 5400 5400
1145 CONNECTION 356 735 300 960 5340 5340
1146 CONNECTION 356 89 300 1440 6000 6000
1147 CONNECTION 356 864 300 1440 6000 6000
1148 CONNECTION 356 1028 300 2280 6240 6240
1149 CONNECTION 356 757 300 2640 7200 7200
1150 CONNECTION 356 221 300 2760 7140 7140
1151 CONNECTION 356 359 300 3240 7800 7800
1152 CONNECTION 356 195 300 4080 8040 8040
1153 CONNECTION 356 983 300 4440 9000 9000
1154 CONNECTION 356 493 300 4560 8940 8940
1155 CONNECTION 577 578 -1 -1 3060 3060
1156 CONNECTION 577 529 -1 -1 4140 4140
1157 CONNECTION 577 833 -1 -1 4860 4860
1158 CONNECTION 577 60 300 2040 6660 6660
1159 CONNECTION 577 1006 300 2040 6660 6660
1160 CONNECTION 577 6 300 3480 7740 7740
1161 CONNECTION 577 975 300 3480 7740 7740
1162 CONNECTION 577 330 300 3840 8460 8460
1163 CONNECTION 778 779 -1 -1 1200 1200
1164 CONNECTION 778 608 -1 -1 2880 2880
1165 CONNECTION 778 628 -1 -1 2760 2760
1166 CONNECTION 778 58 -1 -1 3000 3000
1167 CONNECTION 778 1004 -1 -1 2700 2700
1168 CONNECTION 778 88 -1 -1 4680 4680
1169 CONNECTION 778 863 -1 -1 4680 4680
1170 CONNECTION 778 110 300 540 5820 5820
1171 CONNECTION 778 896 300 540 5820 5820
1172 CONNECTION 778 130 300 1320 4500 4500
1173 CONNECTION 778 163 300 1320 4800 4800
1174 CONNECTION 778 328 300 1320 4800 4800
1175 CONNECTION 778 781 300 1320 4500 4500
1176 CONNECTION 778 1054 300 1320 4500 4500
1177 CONNECTION 778 358 300 2100 6480 6480
1178 CONNECTION 778 1012 300 2100 6360 6360
1179 CONNECTION 778 382 300 3120 6300 6300
1180 CONNECTION 778 580 300 3120 6600 6600
1181 CONNECTION 778 610 300 3900 8280 8280
1182 CONNECTION 778 630 300 4140 9420 9420
1183 CONNECTION 778 1036 300 4140 9420 9420
1184 SINK 778 2 -1 -1 300 300
1185 CONNECTION 866 867 -1 -1 1200 1200
1186 CONNECTION 866 608 -1 -1 2880 2880
1187 CONNECTION 866 628 -1 -1 2760 2760
1188 CONNECTION 866 58 -1 -1 3000 3000
1189 CONNECTION 866 1004 -1 -1 2700 2700
1190 CONNECTION 866 88 -1 -1 4680 4680
1191 CONNECTION 866 863 -1 -1 4680 4680
1192 CONNECTION 866 110 300 540 5820 5820
1193 CONNECTION 866 896 300 540 5820 5820
1194 CONNECTION 866 130 300 1320 4500 4500
1195 CONNECTION 866 163 300 1320 4800 4800
1196 CONNECTION 866 328 300 1320 4800 4800
1197 CONNECTION 866 781 300 1320 4500 4500
1198 CONNECTION 866 1054 300 1320 4500 4500
1199 CONNECTION 866 358 300 2100 6480 6480
1200 CONNECTION 866 1012 300 2100 6360 6360
1201 CONNECTION 866 382 300 3120 6300 6300
1202 CONNECTION 866 580 300 3120 6600 6600
1203 CONNECTION 866 610 300 3900 8280 8280
1204 CONNECTION 866 630 300 4140 9420 9420
1205 CONNECTION 866 1036 300 4140 9420 9420
1206 SINK 866 2 -1 -1 300 300
1207 CONNECTION 411 30 -1 -1 1680 1680
1208 CONNECTION 411 5 -1 -1 3600 3600
1209 CONNECTION 411 680 -1 -1 1920 1920
1210 CONNECTION 411 1027 -1 -1 3420 3420
1211 CONNECTION 411 220 -1 -1 3900 3900
1212 CONNECTION 411 302 -1 -1 2700 2700
1213 CONNECTION 411 412 -1 -1 4980 4980
1214 CONNECTION 411 244 -1 -1 3480 3480
1215 CONNECTION 411 512 300 360 5640 5640
1216 CONNECTION 411 194 300 660 5220 5220
1217 CONNECTION 411 492 300 1140 5700 5700
1218 CONNECTION 411 111 300 1320 6420 6420
1219 CONNECTION 411 556 300 1980 5280 5280
1220 CONNECTION 411 531 300 2100 7200 7200
1221 CONNECTION 411 164 300 2220 5520 5520
1222 CONNECTION 411 462 300 2460 7020 7020
1223 CONNECTION 411 736 300 2940 7500 7500
1224 CONNECTION 411 812 300 3000 6300 6300
1225 CONNECTION 411 897 300 3300 8580 8580
1226 CONNECTION 411 758 300 3780 7080 7080
1227 CONNECTION 411 961 300 3960 9240 9240
1228 CONNECTION 411 714 300 4260 8820 8820
1229 CONNECTION 411 222 300 4740 9300 9300
1230 CONNECTION 958 959 -1 -1 2820 2820
1231 CONNECTION 958 30 -1 -1 1680 1680
1232 CONNECTION 958 5 -1 -1 3600 3600
1233 CONNECTION 958 680 -1 -1 1920 1920
1234 CONNECTION 958 1027 -1 -1 3420 3420
1235 CONNECTION 958 220 -1 -1 3900 3900
1236 CONNECTION 958 302 -1 -1 2700 2700
1237 CONNECTION 958 412 -1 -1 4980 4980
1238 CONNECTION 958 244 -1 -1 3480 3480
1239 CONNECTION 958 512 300 360 5640 5640
1240 CONNECTION 958 194 300 660 5220 5220
1241 CONNECTION 958 492 300 1140 5700 5700
1242 CONNECTION 958 111 300 1320 6420 6420
1243 CONNECTION 958 556 300 1980 5280 5280
1244 CONNECTION 958 531 300 2100 7200 7200
1245 CONNECTION 958 164 300 2220 5520 5520
1246 CONNECTION 958 462 300 2460 7020 7020
1247 CONNECTION 958 736 300 2940 7500 7500
1248 CONNECTION 958 812 300 3000 6300 6300
1249 CONNECTION 958 897 300 3300 8580 8580
1250 CONNECTION 958 758 300 3780 7080 7080
1251 CONNECTION 958 961 300 3960 9240 9240
1252 CONNECTION 958 714 300 4260 8820 8820
1253 CONNECTION 958 222 300 4740 9300 9300
1254 CONNECTION 710 711 -1 -1 2880 2880
1255 CONNECTION 710 974 -1 -1 3000 3000
1256 CONNECTION 710 4 -1 -1 2700 2700
1257 CONNECTION 710 936 -1 -1 4680 4680
1258 CONNECTION 710 1026 -1 -1 3060 3060
1259 CONNECTION 710 916 300 480 5640 5640
1260 CONNECTION 710 273 300 600 3900 3900
1261 CONNECTION 710 1034 300 780 5220 5220
1262 CONNECTION 710 31 300 1320 6480 6480
1263 CONNECTION 710 193 300 1560 4860 4860
1264 CONNECTION 710 681 300 1560 6000 6000
1265 CONNECTION 710 303 300 2340 6600 6600
1266 CONNECTION 710 530 300 3000 6300 6300
1267 CONNECTION 710 245 300 3120 8280 8280
1268 CONNECTION 710 461 300 3360 6660 6660
1269 CONNECTION 710 1056 300 4080 9240 9240
1270 CONNECTION 710 783 300 4200 7500 7500
1271 CONNECTION 710 437 300 4380 8820 8820
1272 CONNECTION 87 959 -1 -1 3360 3360
1273 CONNECTION 87 30 -1 -1 2220 2220
1274 CONNECTION 87 5 -1 -1 4140 4140
1275 CONNECTION 87 680 -1 -1 2460 2460
1276 CONNECTION 87 1027 -1 -1 3960 3960
1277 CONNECTION 87 220 -1 -1 4440 4440
1278 CONNECTION 87 302 -1 -1 3240 3240
1279 CONNECTION 87 412 -1 -1 5520 5520
1280 CONNECTION 87 244 300 720 4020 4020
1281 CONNECTION 87 512 300 900 6180 6180
1282 CONNECTION 87 194 300 1200 5760 5760
1283 CONNECTION 87 492 300 1680 6240 6240
1284 CONNECTION 87 111 300 1860 6960 6960
1285 CONNECTION 87 556 300 2520 5820 5820
1286 CONNECTION 87 531 300 2640 7740 7740
1287 CONNECTION 87 164 300 2760 6060 6060
1288 CONNECTION 87 462 300 3000 7560 7560
1289 CONNECTION 87 736 300 3480 8040 8040
1290 CONNECTION 87 812 300 3540 6840 6840
1291 CONNECTION 87 897 300 3840 9120 9120
1292 CONNECTION 87 758 300 4320 7620 7620
1293 CONNECTION 87 961 300 4500 9780 9780
1294 CONNECTION 87 714 300 4800 9360 9360
1295 CONNECTION 810 811 -1 -1 5280 5280
1296 CONNECTION 810 960 300 1140 6240 6240
1297 CONNECTION 810 304 300 3780 8880 8880
1298 CONNECTION 810 1081 300 4740 9840 9840
1299 CONNECTION 435 460 -1 -1 3600 3600
1300 CONNECTION 435 436 -1 -1 4620 4620
1301 CONNECTION 435 712 -1 -1 5400 5400
1302 CONNECTION 435 937 300 2040 7200 7200
1303 CONNECTION 435 917 300 3060 8220 8220
1304 CONNECTION 435 1073 300 3840 9000 9000
1305 CONNECTION 647 554 -1 -1 2580 2580
1306 CONNECTION 647 648 -1 -1 4260 4260
1307 CONNECTION 647 756 300 420 4380 4380
1308 CONNECTION 647 629 300 540 4800 4800
1309 CONNECTION 647 869 300 1620 6060 6060
1310 CONNECTION 647 982 300 2220 6180 6180
1311 CONNECTION 647 132 300 3420 7860 7860
1312 CONNECTION 647 32 300 4020 7980 7980
1313 CONNECTION 647 1029 300 4020 7980 7980
1314 CONNECTION 647 1013 300 4140 8400 8400
1315 CONNECTION 160 161 -1 -1 2160 2160
1316 CONNECTION 160 974 -1 -1 2760 2760
1317 CONNECTION 160 4 -1 -1 2460 2460
1318 CONNECTION 160 936 -1 -1 4440 4440
1319 CONNECTION 160 1026 -1 -1 2820 2820
1320 CONNECTION 160 916 -1 -1 5400 5400
1321 CONNECTION 160 273 300 360 3660 3660
1322 CONNECTION 160 1034 300 540 4980 4980
1323 CONNECTION 160 31 300 1080 6240 6240
1324 CONNECTION 160 193 300 1320 4620 4620
1325 CONNECTION 160 681 300 1320 5760 5760
1326 CONNECTION 160 303 300 2100 6360 6360
1327 CONNECTION 160 530 300 2760 6060 6060
1328 CONNECTION 160 245 300 2880 8040 8040
1329 CONNECTION 160 461 300 3120 6420 6420
1330 CONNECTION 160 1056 300 3840 9000 9000
1331 CONNECTION 160 783 300 3960 7260 7260
1332 CONNECTION 160 437 300 4140 8580 8580
1333 CONNECTION 160 557 300 4680 9840 9840
1334 CONNECTION 679 935 -1 -1 1500 1500
1335 CONNECTION 679 1011 -1 -1 3660 3660
1336 CONNECTION 679 980 -1 -1 3240 3240
1337 CONNECTION 679 734 -1 -1 3720 3720
1338 CONNECTION 679 959 -1 -1 4440 4440
1339 CONNECTION 679 30 -1 -1 3300 3300
1340 CONNECTION 679 5 -1 -1 5220 5220
1341 CONNECTION 679 680 -1 -1 3540 3540
1342 CONNECTION 679 1027 300 480 5040 5040
1343 CONNECTION 679 220 300 960 5520 5520
1344 CONNECTION 679 302 300 1020 4320 4320
1345 CONNECTION 679 412 300 1320 6600 6600
1346 CONNECTION 679 244 300 1800 5100 5100
1347 CONNECTION 679 512 300 1980 7260 7260
1348 CONNECTION 679 194 300 2280 6840 6840
1349 CONNECTION 679 492 300 2760 7320 7320
1350 CONNECTION 679 111 300 2940 8040 8040
1351 CONNECTION 679 556 300 3600 6900 6900
1352 CONNECTION 679 531 300 3720 8820 8820
1353 CONNECTION 679 164 300 3840 7140 7140
1354 CONNECTION 679 462 300 4080 8640 8640
1355 CONNECTION 679 736 300 4560 9120 9120
1356 CONNECTION 679 812 300 4620 7920 7920
1357 CONNECTION 754 755 -1 -1 1680 1680
1358 CONNECTION 754 491 -1 -1 2580 2580
1359 CONNECTION 754 609 -1 -1 3240 3240
1360 CONNECTION 754 981 -1 -1 3480 3480
1361 CONNECTION 754 555 -1 -1 4440 4440
1362 CONNECTION 754 735 -1 -1 4380 4380
1363 CONNECTION 754 89 300 480 5040 5040
1364 CONNECTION 754 864 300 480 5040 5040
1365 CONNECTION 754 1028 300 1320 5280 5280
1366 CONNECTION 754 757 300 1680 6240 6240
1367 CONNECTION 754 221 300 1800 6180 6180
1368 CONNECTION 754 359 300 2280 6840 6840
1369 CONNECTION 754 195 300 3120 7080 7080
1370 CONNECTION 754 983 300 3480 8040 8040
1371 CONNECTION 754 493 300 3600 7980 7980
1372 CONNECTION 754 611 300 4080 8640 8640
1373 CONNECTION 894 895 -1 -1 900 900
1374 CONNECTION 894 162 -1 -1 1680 1680
1375 CONNECTION 894 327 -1 -1 1680 1680
1376 CONNECTION 894 1005 -1 -1 3120 3120
1377 CONNECTION 894 131 -1 -1 4920 4920
1378 CONNECTION 894 579 -1 -1 3480 3480
1379 CONNECTION 894 1055 -1 -1 4740 4740
1380 CONNECTION 894 782 300 420 4860 4860
1381 CONNECTION 894 1035 300 1320 4500 4500
1382 CONNECTION 894 383 300 2100 6720 6720
1383 CONNECTION 894 682 300 2100 5280 5280
1384 CONNECTION 894 834 300 2100 5280 5280
1385 CONNECTION 894 61 300 3900 7080 7080
1386 CONNECTION 894 414 300 3900 8340 8340
1387 CONNECTION 894 651 300 3900 8520 8520
1388 CONNECTION 894 1007 300 3900 7080 7080
1389 CONNECTION 894 276 300 4020 8460 8460
1390 CONNECTION 3 4 -1 -1 1020 1020
1391 CONNECTION 3 916 -1 -1 3960 3960
1392 CONNECTION 3 273 -1 -1 2220 2220
1393 CONNECTION 3 1034 -1 -1 3540 3540
1394 CONNECTION 3 31 -1 -1 4800 4800
1395 CONNECTION 3 193 -1 -1 3180 3180
1396 CONNECTION 3 681 -1 -1 4320 4320
1397 CONNECTION 3 303 300 660 4920 4920
1398 CONNECTION 3 530 300 1320 4620 4620
1399 CONNECTION 3 245 300 1440 6600 6600
1400 CONNECTION 3 461 300 1680 4980 4980
1401 CONNECTION 3 1056 300 2400 7560 7560
1402 CONNECTION 3 783 300 2520 5820 5820
1403 CONNECTION 3 437 300 2700 7140 7140
1404 CONNECTION 3 557 300 3240 8400 8400
1405 CONNECTION 3 165 300 3480 7920 7920
1406 CONNECTION 3 713 300 3480 6780 6780
1407 CONNECTION 3 813 300 4260 8520 8520
1408 CONNECTION 271 272 -1 -1 2280 2280
1409 CONNECTION 271 895 -1 -1 1920 1920
1410 CONNECTION 271 162 -1 -1 2700 2700
1411 CONNECTION 271 327 -1 -1 2700 2700
1412 CONNECTION 271 1005 -1 -1 4140 4140
1413 CONNECTION 271 131 300 1320 5940 5940
1414 CONNECTION 271 579 300 1320 4500 4500
1415 CONNECTION 271 1055 300 1320 5760 5760
1416 CONNECTION 271 782 300 1440 5880 5880
1417 CONNECTION 271 1035 300 2340 5520 5520
1418 CONNECTION 271 383 300 3120 7740 7740
1419 CONNECTION 271 682 300 3120 6300 6300
1420 CONNECTION 271 834 300 3120 6300 6300
1421 CONNECTION 779 129 -1 -1 2400 2400
1422 CONNECTION 779 780 -1 -1 2400 2400
1423 CONNECTION 779 59 -1 -1 4020 4020
1424 CONNECTION 779 381 300 720 4200 4200
1425 CONNECTION 779 329 300 1380 5820 5820
1426 CONNECTION 779 274 300 2520 6000 6000
1427 CONNECTION 779 649 300 2520 6000 6000
1428 CONNECTION 779 581 300 3180 7620 7620
1429 CONNECTION 779 870 300 4320 7800 7800
1430 CONNECTION 831 832 -1 -1 2340 2340
1431 CONNECTION 831 895 -1 -1 1920 1920
1432 CONNECTION 831 162 -1 -1 2700 2700
1433 CONNECTION 831 327 -1 -1 2700 2700
1434 CONNECTION 831 1005 -1 -1 4140 4140
1435 CONNECTION 831 131 300 1320 5940 5940
1436 CONNECTION 831 579 300 1320 4500 4500
1437 CONNECTION 831 1055 300 1320 5760 5760
1438 CONNECTION 831 782 300 1440 5880 5880
1439 CONNECTION 831 1035 300 2340 5520 5520
1440 CONNECTION 831 383 300 3120 7740 7740
1441 CONNECTION 831 682 300 3120 6300 6300
1442 CONNECTION 831 834 300 3120 6300 6300
1443 CONNECTION 867 868 -1 -1 2220 2220
1444 CONNECTION 867 129 -1 -1 2400 2400
1445 CONNECTION 867 780 -1 -1 2400 2400
1446 CONNECTION 867 59 -1 -1 4020 4020
1447 CONNECTION 867 381 300 720 4200 4200
1448 CONNECTION 867 329 300 1380 5820 5820
1449 CONNECTION 867 274 300 2520 6000 6000
1450 CONNECTION 867 649 300 2520 6000 6000
1451 CONNECTION 867 581 300 3180 7620 7620
1452 CONNECTION 867 870 300 4320 7800 7800
1453 CONNECTION 914 915 -1 -1 2160 2160
1454 CONNECTION 914 895 -1 -1 1920 1920
1455 CONNECTION 914 162 -1 -1 2700 2700
1456 CONNECTION 914 327 -1 -1 2700 2700
1457 CONNECTION 914 1005 -1 -1 4140 4140
1458 CONNECTION 914 131 300 1320 5940 5940
1459 CONNECTION 914 579 300 1320 4500 4500
1460 CONNECTION 914 1055 300 1320 5760 5760
1461 CONNECTION 914 782 300 1440 5880 5880
1462 CONNECTION 914 1035 300 2340 5520 5520
1463 CONNECTION 914 383 300 3120 7740 7740
1464 CONNECTION 914 682 300 3120 6300 6300
1465 CONNECTION 914 834 300 3120 6300 6300
1466 CONNECTION 128 129 -1 -1 1320 1320
1467 CONNECTION 128 59 -1 -1 2940 2940
1468 CONNECTION 128 381 -1 -1 3120 3120
1469 CONNECTION 128 329 -1 -1 4740 4740
1470 CONNECTION 128 274 300 1440 4920 4920
1471 CONNECTION 128 649 300 1440 4920 4920
1472 CONNECTION 128 581 300 2100 6540 6540
1473 CONNECTION 128 870 300 3240 6720 6720
1474 CONNECTION 128 836 300 3900 8340 8340
1475 CONNECTION 490 491 -1 -1 2100 2100
1476 CONNECTION 490 609 -1 -1 2760 2760
1477 CONNECTION 490 981 -1 -1 3000 3000
1478 CONNECTION 490 555 -1 -1 3960 3960
1479 CONNECTION 490 735 -1 -1 3900 3900
1480 CONNECTION 490 89 -1 -1 4560 4560
1481 CONNECTION 490 864 -1 -1 4560 4560
1482 CONNECTION 490 1028 300 840 4800 4800
1483 CONNECTION 490 757 300 1200 5760 5760
1484 CONNECTION 490 221 300 1320 5700 5700
1485 CONNECTION 490 359 300 1800 6360 6360
1486 CONNECTION 490 195 300 2640 6600 6600
1487 CONNECTION 490 983 300 3000 7560 7560
1488 CONNECTION 490 493 300 3120 7500 7500
1489 CONNECTION 490 611 300 3600 8160 8160
1490 CONNECTION 490 463 300 4440 8400 8400
1491 CONNECTION 490 33 300 4800 9360 9360
1492 CONNECTION 490 1030 300 4800 9360 9360
1493 CONNECTION 553 554 -1 -1 2280 2280
1494 CONNECTION 553 648 -1 -1 3960 3960
1495 CONNECTION 553 756 -1 -1 4080 4080
1496 CONNECTION 553 629 -1 -1 4500 4500
1497 CONNECTION 553 869 300 1320 5760 5760
1498 CONNECTION 553 982 300 1920 5880 5880
1499 CONNECTION 553 132 300 3120 7560 7560
1500 CONNECTION 553 32 300 3720 7680 7680
1501 CONNECTION 553 1029 300 3720 7680 7680
1502 CONNECTION 553 1013 300 3840 8100 8100
1503 CONNECTION 711 436 -1 -1 3780 3780
1504 CONNECTION 711 712 -1 -1 4560 4560
1505 CONNECTION 711 937 300 1200 6360 6360
1506 CONNECTION 711 917 300 2220 7380 7380
1507 CONNECTION 711 1073 300 3000 8160 8160
1508 CONNECTION 711 196 300 4800 9960 9960
1509 CONNECTION 973 974 -1 -1 1980 1980
1510 CONNECTION 973 4 -1 -1 1680 1680
1511 CONNECTION 973 936 -1 -1 3660 3660
1512 CONNECTION 973 1026 -1 -1 2040 2040
1513 CONNECTION 973 916 -1 -1 4620 4620
1514 CONNECTION 973 273 -1 -1 2880 2880
1515 CONNECTION 973 1034 -1 -1 4200 4200
1516 CONNECTION 973 31 -1 -1 5460 5460
1517 CONNECTION 973 193 300 540 3840 3840
1518 CONNECTION 973 681 300 540 4980 4980
1519 CONNECTION 973 303 300 1320 5580 5580
1520 CONNECTION 973 530 300 1980 5280 5280
1521 CONNECTION 973 245 300 2100 7260 7260
1522 CONNECTION 973 461 300 2340 5640 5640
1523 CONNECTION 973 1056 300 3060 8220 8220
1524 CONNECTION 973 783 300 3180 6480 6480
1525 CONNECTION 973 437 300 3360 7800 7800
1526 CONNECTION 973 557 300 3900 9060 9060
1527 CONNECTION 973 165 300 4140 8580 8580
1528 CONNECTION 973 713 300 4140 7440 7440
1529 CONNECTION 326 327 -1 -1 900 900
1530 CONNECTION 326 131 -1 -1 4140 4140
1531 CONNECTION 326 579 -1 -1 2700 2700
1532 CONNECTION 326 1055 -1 -1 3960 3960
1533 CONNECTION 326 782 -1 -1 4080 4080
1534 CONNECTION 326 1035 300 540 3720 3720
1535 CONNECTION 326 383 300 1320 5940 5940
1536 CONNECTION 326 682 300 1320 4500 4500
1537 CONNECTION 326 834 300 1320 4500 4500
1538 CONNECTION 326 61 300 3120 6300 6300
1539 CONNECTION 326 414 300 3120 7560 7560
1540 CONNECTION 326 651 300 3120 7740 7740
1541 CONNECTION 326 1007 300 3120 6300 6300
1542 CONNECTION 326 276 300 3240 7680 7680
1543 CONNECTION 326 438 300 4140 7320 7320
1544 CONNECTION 1033 1034 -1 -1 2160 2160
1545 CONNECTION 1033 31 -1 -1 3420 3420
1546 CONNECTION 1033 193 -1 -1 1800 1800
1547 CONNECTION 1033 681 -1 -1 2940 2940
1548 CONNECTION 1033 303 -1 -1 3540 3540
1549 CONNECTION 1033 530 -1 -1 3240 3240
1550 CONNECTION 1033 245 -1 -1 5220 5220
1551 CONNECTION 1033 461 -1 -1 3600 3600
1552 CONNECTION 1033 1056 300 1020 6180 6180
1553 CONNECTION 1033 783 300 1140 4440 4440
1554 CONNECTION 1033 437 300 1320 5760 5760
1555 CONNECTION 1033 557 300 1860 7020 7020
1556 CONNECTION 1033 165 300 2100 6540 6540
1557 CONNECTION 1033 713 300 2100 5400 5400
1558 CONNECTION 1033 813 300 2880 7140 7140
1559 CONNECTION 1033 7 300 3540 6840 6840
1560 CONNECTION 1033 976 300 3540 6840 6840
1561 CONNECTION 1033 759 300 3660 8820 8820
1562 CONNECTION 1033 938 300 3900 7200 7200
1563 CONNECTION 1033 415 300 4620 9780 9780
1564 CONNECTION 1033 277 300 4740 8040 8040
1565 CONNECTION 161 162 -1 -1 900 900
1566 CONNECTION 161 131 -1 -1 4140 4140
1567 CONNECTION 161 579 -1 -1 2700 2700
1568 CONNECTION 161 1055 -1 -1 3960 3960
1569 CONNECTION 161 782 -1 -1 4080 4080
1570 CONNECTION 161 1035 300 540 3720 3720
1571 CONNECTION 161 383 300 1320 5940 5940
1572 CONNECTION 161 682 300 1320 4500 4500
1573 CONNECTION 161 834 300 1320 4500 4500
1574 CONNECTION 161 61 300 3120 6300 6300
1575 CONNECTION 161 414 300 3120 7560 7560
1576 CONNECTION 161 651 300 3120 7740 7740
1577 CONNECTION 161 1007 300 3120 6300 6300
1578 CONNECTION 161 276 300 3240 7680 7680
1579 CONNECTION 161 438 300 4140 7320 7320
1580 CONNECTION 979 980 -1 -1 2280 2280
1581 CONNECTION 979 734 -1 -1 2760 2760
1582 CONNECTION 979 959 -1 -1 3480 3480
1583 CONNECTION 979 30 -1 -1 2340 2340
1584 CONNECTION 979 5 -1 -1 4260 4260
1585 CONNECTION 979 680 -1 -1 2580 2580
1586 CONNECTION 979 1027 -1 -1 4080 4080
1587 CONNECTION 979 220 -1 -1 4560 4560
1588 CONNECTION 979 302 -1 -1 3360 3360
1589 CONNECTION 979 412 300 360 5640 5640
1590 CONNECTION 979 244 300 840 4140 4140
1591 CONNECTION 979 512 300 1020 6300 6300
1592 CONNECTION 979 194 300 1320 5880 5880
1593 CONNECTION 979 492 300 1800 6360 6360
1594 CONNECTION 979 111 300 1980 7080 7080
1595 CONNECTION 979 556 300 2640 5940 5940
1596 CONNECTION 979 531 300 2760 7860 7860
1597 CONNECTION 979 164 300 2880 6180 6180
1598 CONNECTION 979 462 300 3120 7680 7680
1599 CONNECTION 979 736 300 3600 8160 8160
1600 CONNECTION 979 812 300 3660 6960 6960
1601 CONNECTION 979 897 300 3960 9240 9240
1602 CONNECTION 979 758 300 4440 7740 7740
1603 CONNECTION 979 961 300 4620 9900 9900
1604 CONNECTION 29 30 -1 -1 1020 1020
1605 CONNECTION 29 1027 -1 -1 2760 2760
1606 CONNECTION 29 220 -1 -1 3240 3240
1607 CONNECTION 29 302 -1 -1 2040 2040
1608 CONNECTION 29 412 -1 -1 4320 4320
1609 CONNECTION 29 244 -1 -1 2820 2820
1610 CONNECTION 29 512 -1 -1 4980 4980
1611 CONNECTION 29 194 -1 -1 4560 4560
1612 CONNECTION 29 492 300 480 5040 5040
1613 CONNECTION 29 111 300 660 5760 5760
1614 CONNECTION 29 556 300 1320 4620 4620
1615 CONNECTION 29 531 300 1440 6540 6540
1616 CONNECTION 29 164 300 1560 4860 4860
1617 CONNECTION 29 462 300 1800 6360 6360
1618 CONNECTION 29 736 300 2280 6840 6840
1619 CONNECTION 29 812 300 2340 5640 5640
1620 CONNECTION 29 897 300 2640 7920 7920
1621 CONNECTION 29 758 300 3120 6420 6420
1622 CONNECTION 29 961 300 3300 8580 8580
1623 CONNECTION 29 714 300 3600 8160 8160
1624 CONNECTION 29 222 300 4080 8640 8640
1625 CONNECTION 29 631 300 4260 9360 9360
1626 CONNECTION 1003 1004 -1 -1 900 900
1627 CONNECTION 1003 88 -1 -1 2880 2880
1628 CONNECTION 1003 863 -1 -1 2880 2880
1629 CONNECTION 1003 110 -1 -1 4020 4020
1630 CONNECTION 1003 896 -1 -1 4020 4020
1631 CONNECTION 1003 130 -1 -1 2700 2700
1632 CONNECTION 1003 163 -1 -1 3000 3000
1633 CONNECTION 1003 328 -1 -1 3000 3000
1634 CONNECTION 1003 781 -1 -1 2700 2700
1635 CONNECTION 1003 1054 -1 -1 2700 2700
1636 CONNECTION 1003 358 -1 -1 4680 4680
1637 CONNECTION 1003 1012 -1 -1 4560 4560
1638 CONNECTION 1003 382 300 1320 4500 4500
1639 CONNECTION 1003 580 300 1320 4800 4800
1640 CONNECTION 1003 610 300 2100 6480 6480
1641 CONNECTION 1003 630 300 2340 7620 7620
1642 CONNECTION 1003 1036 300 2340 7620 7620
1643 CONNECTION 1003 275 300 3120 6300 6300
1644 CONNECTION 1003 413 300 3120 6300 6300
1645 CONNECTION 1003 650 300 3120 6300 6300
1646 CONNECTION 1003 683 300 3120 6600 6600
1647 CONNECTION 1003 835 300 3120 6600 6600
1648 CONNECTION 1003 90 300 3900 8280 8280
1649 CONNECTION 1003 513 300 3900 8160 8160
1650 SINK 1003 2 -1 -1 300 300
1651 CONNECTION 1053 1054 -1 -1 900 900
1652 CONNECTION 1053 358 -1 -1 2880 2880
1653 CONNECTION 1053 1012 -1 -1 2760 2760
1654 CONNECTION 1053 382 -1 -1 2700 2700
1655 CONNECTION 1053 580 -1 -1 3000 3000
1656 CONNECTION 1053 610 -1 -1 4680 4680
1657 CONNECTION 1053 630 300 540 5820 5820
1658 CONNECTION 1053 1036 300 540 5820 5820
1659 CONNECTION 1053 275 300 1320 4500 4500
1660 CONNECTION 1053 413 300 1320 4500 4500
1661 CONNECTION 1053 650 300 1320 4500 4500
1662 CONNECTION 1053 683 300 1320 4800 4800
1663 CONNECTION 1053 835 300 1320 4800 4800
1664 CONNECTION 1053 90 300 2100 6480 6480
1665 CONNECTION 1053 513 300 2100 6360 6360
1666 CONNECTION 1053 62 300 3120 6600 6600
1667 CONNECTION 1053 871 300 3120 6300 6300
1668 CONNECTION 1053 1008 300 3120 6600 6600
1669 CONNECTION 1053 360 300 3900 8280 8280
1670 CONNECTION 1053 439 300 4140 9420 9420
1671 CONNECTION 1053 1014 300 4140 9420 9420
1672 SINK 1053 2 -1 -1 300 300
1673 CONNECTION 219 130 -1 -1 1680 1680
1674 CONNECTION 219 163 -1 -1 1980 1980
1675 CONNECTION 219 328 -1 -1 1980 1980
1676 CONNECTION 219 781 -1 -1 1680 1680
1677 CONNECTION 219 1054 -1 -1 1680 1680
1678 CONNECTION 219 358 -1 -1 3660 3660
1679 CONNECTION 219 1012 -1 -1 3540 3540
1680 CONNECTION 219 382 -1 -1 3480 3480
1681 CONNECTION 219 580 -1 -1 3780 3780
1682 CONNECTION 219 610 300 1080 5460 5460
1683 CONNECTION 219 630 300 1320 6600 6600
1684 CONNECTION 219 1036 300 1320 6600 6600
1685 CONNECTION 219 275 300 2100 5280 5280
1686 CONNECTION 219 413 300 2100 5280 5280
1687 CONNECTION 219 650 300 2100 5280 5280
1688 CONNECTION 219 683 300 2100 5580 5580
1689 CONNECTION 219 835 300 2100 5580 5580
1690 CONNECTION 219 90 300 2880 7260 7260
1691 CONNECTION 219 513 300 2880 7140 7140
1692 CONNECTION 219 62 300 3900 7380 7380
1693 CONNECTION 219 871 300 3900 7080 7080
1694 CONNECTION 219 1008 300 3900 7380 7380
1695 CONNECTION 219 360 300 4680 9060 9060
1696 SINK 219 2 -1 -1 300 300
1697 CONNECTION 242 243 -1 -1 2280 2280
1698 CONNECTION 242 609 -1 -1 2880 2880
1699 CONNECTION 242 981 -1 -1 3120 3120
1700 CONNECTION 242 555 -1 -1 4080 4080
1701 CONNECTION 242 735 -1 -1 4020 4020
1702 CONNECTION 242 89 -1 -1 4680 4680
1703 CONNECTION 242 864 -1 -1 4680 4680
1704 CONNECTION 242 1028 300 960 4920 4920
1705 CONNECTION 242 757 300 1320 5880 5880
1706 CONNECTION 242 221 300 1440 5820 5820
1707 CONNECTION 242 359 300 1920 6480 6480
1708 CONNECTION 242 195 300 2760 6720 6720
1709 CONNECTION 242 983 300 3120 7680 7680
1710 CONNECTION 242 493 300 3240 7620 7620
1711 CONNECTION 242 611 300 3720 8280 8280
1712 CONNECTION 242 463 300 4560 8520 8520
1713 CONNECTION 608 609 -1 -1 2400 2400
1714 CONNECTION 608 981 -1 -1 2640 2640
1715 CONNECTION 608 555 -1 -1 3600 3600
1716 CONNECTION 608 735 -1 -1 3540 3540
1717 CONNECTION 608 89 -1 -1 4200 4200
1718 CONNECTION 608 864 -1 -1 4200 4200
1719 CONNECTION 608 1028 300 480 4440 4440
1720 CONNECTION 608 757 300 840 5400 5400
1721 CONNECTION 608 221 300 960 5340 5340
1722 CONNECTION 608 359 300 1440 6000 6000
1723 CONNECTION 608 195 300 2280 6240 6240
1724 CONNECTION 608 983 300 2640 7200 7200
1725 CONNECTION 608 493 300 2760 7140 7140
1726 CONNECTION 608 611 300 3240 7800 7800
1727 CONNECTION 608 463 300 4080 8040 8040
1728 CONNECTION 608 33 300 4440 9000 9000
1729 CONNECTION 608 1030 300 4440 9000 9000
1730 CONNECTION 608 737 300 4560 8940 8940
1731 CONNECTION 628 648 -1 -1 3120 3120
1732 CONNECTION 628 756 -1 -1 3240 3240
1733 CONNECTION 628 629 -1 -1 3660 3660
1734 CONNECTION 628 869 300 480 4920 4920
1735 CONNECTION 628 982 300 1080 5040 5040
1736 CONNECTION 628 132 300 2280 6720 6720
1737 CONNECTION 628 32 300 2880 6840 6840
1738 CONNECTION 628 1029 300 2880 6840 6840
1739 CONNECTION 628 1013 300 3000 7260 7260
1740 CONNECTION 628 384 300 4080 8520 8520
1741 CONNECTION 628 246 300 4680 8640 8640
1742 CONNECTION 109 110 -1 -1 3000 3000
1743 CONNECTION 109 130 -1 -1 1680 1680
1744 CONNECTION 109 163 -1 -1 1980 1980
1745 CONNECTION 109 328 -1 -1 1980 1980
1746 CONNECTION 109 781 -1 -1 1680 1680
1747 CONNECTION 109 1054 -1 -1 1680 1680
1748 CONNECTION 109 358 -1 -1 3660 3660
1749 CONNECTION 109 1012 -1 -1 3540 3540
1750 CONNECTION 109 382 -1 -1 3480 3480
1751 CONNECTION 109 580 -1 -1 3780 3780
1752 CONNECTION 109 610 300 1080 5460 5460
1753 CONNECTION 109 630 300 1320 6600 6600
1754 CONNECTION 109 1036 300 1320 6600 6600
1755 CONNECTION 109 275 300 2100 5280 5280
1756 CONNECTION 109 413 300 2100 5280 5280
1757 CONNECTION 109 650 300 2100 5280 5280
1758 CONNECTION 109 683 300 2100 5580 5580
1759 CONNECTION 109 835 300 2100 5580 5580
1760 CONNECTION 109 90 300 2880 7260 7260
1761 CONNECTION 109 513 300 2880 7140 7140
1762 CONNECTION 109 62 300 3900 7380 7380
1763 CONNECTION 109 871 300 3900 7080 7080
1764 CONNECTION 109 1008 300 3900 7380 7380
1765 CONNECTION 109 360 300 4680 9060 9060
1766 SINK 109 2 -1 -1 300 300
1767 CONNECTION 57 58 -1 -1 1200 1200
1768 CONNECTION 57 88 -1 -1 2880 2880
1769 CONNECTION 57 863 -1 -1 2880 2880
1770 CONNECTION 57 110 -1 -1 4020 4020
1771 CONNECTION 57 896 -1 -1 4020 4020
1772 CONNECTION 57 130 -1 -1 2700 2700
1773 CONNECTION 57 163 -1 -1 3000 3000
1774 CONNECTION 57 328 -1 -1 3000 3000
1775 CONNECTION 57 781 -1 -1 2700 2700
1776 CONNECTION 57 1054 -1 -1 2700 2700
1777 CONNECTION 57 358 -1 -1 4680 4680
1778 CONNECTION 57 1012 -1 -1 4560 4560
1779 CONNECTION 57 382 300 1320 4500 4500
1780 CONNECTION 57 580 300 1320 4800 4800
1781 CONNECTION 57 610 300 2100 6480 6480
1782 CONNECTION 57 630 300 2340 7620 7620
1783 CONNECTION 57 1036 300 2340 7620 7620
1784 CONNECTION 57 275 300 3120 6300 6300
1785 CONNECTION 57 413 300 3120 6300 6300
1786 CONNECTION 57 650 300 3120 6300 6300
1787 CONNECTION 57 683 300 3120 6600 6600
1788 CONNECTION 57 835 300 3120 6600 6600
1789 CONNECTION 57 90 300 3900 8280 8280
1790 CONNECTION 57 513 300 3900 8160 8160
1791 SINK 57 2 -1 -1 300 300
1792 CONNECTION 832 833 -1 -1 3060 3060
1793 CONNECTION 832 60 -1 -1 4860 4860
1794 CONNECTION 832 1006 -1 -1 4860 4860
1795 CONNECTION 832 6 300 1680 5940 5940
1796 CONNECTION 832 975 300 1680 5940 5940
1797 CONNECTION 832 330 300 2040 6660 6660
1798 CONNECTION 832 582 300 3840 8460 8460
1799 CONNECTION 915 916 -1 -1 2880 2880
1800 CONNECTION 915 31 -1 -1 3720 3720
1801 CONNECTION 915 193 -1 -1 2100 2100
1802 CONNECTION 915 681 -1 -1 3240 3240
1803 CONNECTION 915 303 -1 -1 3840 3840
1804 CONNECTION 915 530 -1 -1 3540 3540
1805 CONNECTION 915 245 300 360 5520 5520
1806 CONNECTION 915 461 300 600 3900 3900
1807 CONNECTION 915 1056 300 1320 6480 6480
1808 CONNECTION 915 783 300 1440 4740 4740
1809 CONNECTION 915 437 300 1620 6060 6060
1810 CONNECTION 915 557 300 2160 7320 7320
1811 CONNECTION 915 165 300 2400 6840 6840
1812 CONNECTION 915 713 300 2400 5700 5700
1813 CONNECTION 915 813 300 3180 7440 7440
1814 CONNECTION 915 7 300 3840 7140 7140
1815 CONNECTION 915 976 300 3840 7140 7140
1816 CONNECTION 915 759 300 3960 9120 9120
1817 CONNECTION 915 938 300 4200 7500 7500
1818 CONNECTION 272 273 -1 -1 1020 1020
1819 CONNECTION 272 31 -1 -1 3600 3600
1820 CONNECTION 272 193 -1 -1 1980 1980
1821 CONNECTION 272 681 -1 -1 3120 3120
1822 CONNECTION 272 303 -1 -1 3720 3720
1823 CONNECTION 272 530 -1 -1 3420 3420
1824 CONNECTION 272 245 -1 -1 5400 5400
1825 CONNECTION 272 461 300 480 3780 3780
1826 CONNECTION 272 1056 300 1200 6360 6360
1827 CONNECTION 272 783 300 1320 4620 4620
1828 CONNECTION 272 437 300 1500 5940 5940
1829 CONNECTION 272 557 300 2040 7200 7200
1830 CONNECTION 272 165 300 2280 6720 6720
1831 CONNECTION 272 713 300 2280 5580 5580
1832 CONNECTION 272 813 300 3060 7320 7320
1833 CONNECTION 272 7 300 3720 7020 7020
1834 CONNECTION 272 976 300 3720 7020 7020
1835 CONNECTION 272 759 300 3840 9000 9000
1836 CONNECTION 272 938 300 4080 7380 7380
1837 CONNECTION 272 415 300 4800 9960 9960
1838 CONNECTION 935 936 -1 -1 2880 2880
1839 CONNECTION 935 916 -1 -1 3840 3840
1840 CONNECTION 935 273 -1 -1 2100 2100
1841 CONNECTION 935 1034 -1 -1 3420 3420
1842 CONNECTION 935 31 -1 -1 4680 4680
1843 CONNECTION 935 193 -1 -1 3060 3060
1844 CONNECTION 935 681 -1 -1 4200 4200
1845 CONNECTION 935 303 300 540 4800 4800
1846 CONNECTION 935 530 300 1200 4500 4500
1847 CONNECTION 935 245 300 1320 6480 6480
1848 CONNECTION 935 461 300 1560 4860 4860
1849 CONNECTION 935 1056 300 2280 7440 7440
1850 CONNECTION 935 783 300 2400 5700 5700
1851 CONNECTION 935 437 300 2580 7020 7020
1852 CONNECTION 935 557 300 3120 8280 8280
1853 CONNECTION 935 165 300 3360 7800 7800
1854 CONNECTION 935 713 300 3360 6660 6660
1855 CONNECTION 935 813 300 4140 8400 8400
1856 CONNECTION 935 7 300 4800 8100 8100
1857 CONNECTION 935 976 300 4800 8100 8100
1858 CONNECTION 357 412 -1 -1 3720 3720
1859 CONNECTION 357 244 -1 -1 2220 2220
1860 CONNECTION 357 512 -1 -1 4380 4380
1861 CONNECTION 357 194 -1 -1 3960 3960
1862 CONNECTION 357 492 -1 -1 4440 4440
1863 CONNECTION 357 111 -1 -1 5160 5160
1864 CONNECTION 357 556 300 720 4020 4020
1865 CONNECTION 357 531 300 840 5940 5940
1866 CONNECTION 357 164 300 960 4260 4260
1867 CONNECTION 357 462 300 1200 5760 5760
1868 CONNECTION 357 736 300 1680 6240 6240
1869 CONNECTION 357 812 300 1740 5040 5040
1870 CONNECTION 357 897 300 2040 7320 7320
1871 CONNECTION 357 758 300 2520 5820 5820
1872 CONNECTION 357 961 300 2700 7980 7980
1873 CONNECTION 357 714 300 3000 7560 7560
1874 CONNECTION 357 222 300 3480 8040 8040
1875 CONNECTION 357 631 300 3660 8760 8760
1876 CONNECTION 357 984 300 4320 7620 7620
1877 CONNECTION 357 8 300 4440 9540 9540
1878 CONNECTION 357 977 300 4440 9540 9540
1879 CONNECTION 357 684 300 4560 7860 7860
1880 CONNECTION 357 939 300 4800 9360 9360
1881 CONNECTION 192 193 -1 -1 1020 1020
1882 CONNECTION 192 303 -1 -1 2760 2760
1883 CONNECTION 192 530 -1 -1 2460 2460
1884 CONNECTION 192 245 -1 -1 4440 4440
1885 CONNECTION 192 461 -1 -1 2820 2820
1886 CONNECTION 192 1056 -1 -1 5400 5400
1887 CONNECTION 192 783 300 360 3660 3660
1888 CONNECTION 192 437 300 540 4980 4980
1889 CONNECTION 192 557 300 1080 6240 6240
1890 CONNECTION 192 165 300 1320 5760 5760
1891 CONNECTION 192 713 300 1320 4620 4620
1892 CONNECTION 192 813 300 2100 6360 6360
1893 CONNECTION 192 7 300 2760 6060 6060
1894 CONNECTION 192 976 300 2760 6060 6060
1895 CONNECTION 192 759 300 2880 8040 8040
1896 CONNECTION 192 938 300 3120 6420 6420
1897 CONNECTION 192 415 300 3840 9000 9000
1898 CONNECTION 192 277 300 3960 7260 7260
1899 CONNECTION 192 918 300 4140 8580 8580
1900 CONNECTION 192 985 300 4680 9840 9840
1901 CONNECTION 868 756 -1 -1 2580 2580
1902 CONNECTION 868 629 -1 -1 3000 3000
1903 CONNECTION 868 869 -1 -1 4260 4260
1904 CONNECTION 868 982 300 420 4380 4380
1905 CONNECTION 868 132 300 1620 6060 6060
1906 CONNECTION 868 32 300 2220 6180 6180
1907 CONNECTION 868 1029 300 2220 6180 6180
1908 CONNECTION 868 1013 300 2340 6600 6600
1909 CONNECTION 868 384 300 3420 7860 7860
1910 CONNECTION 868 246 300 4020 7980 7980
1911 CONNECTION 1011 1012 -1 -1 2100 2100
1912 CONNECTION 1011 382 -1 -1 2040 2040
1913 CONNECTION 1011 580 -1 -1 2340 2340
1914 CONNECTION 1011 610 -1 -1 4020 4020
1915 CONNECTION 1011 630 -1 -1 5160 5160
1916 CONNECTION 1011 1036 -1 -1 5160 5160
1917 CONNECTION 1011 275 300 660 3840 3840
1918 CONNECTION 1011 413 300 660 3840 3840
1919 CONNECTION 1011 650 300 660 3840 3840
1920 CONNECTION 1011 683 300 660 4140 4140
1921 CONNECTION 1011 835 300 660 4140 4140
1922 CONNECTION 1011 90 300 1440 5820 5820
1923 CONNECTION 1011 513 300 1440 5700 5700
1924 CONNECTION 1011 62 300 2460 5940 5940
1925 CONNECTION 1011 871 300 2460 5640 5640
1926 CONNECTION 1011 1008 300 2460 5940 5940
1927 CONNECTION 1011 360 300 3240 7620 7620
1928 CONNECTION 1011 439 300 3480 8760 8760
1929 CONNECTION 1011 1014 300 3480 8760 8760
1930 CONNECTION 1011 134 300 4260 7440 7440
1931 CONNECTION 1011 167 300 4260 7740 7740
1932 CONNECTION 1011 332 300 4260 7740 7740
1933 CONNECTION 1011 785 300 4260 7440 7440
1934 CONNECTION 1011 898 300 4260 7440 7440
1935 SINK 1011 2 -1 -1 300 300
1936 CONNECTION 974 833 -1 -1 3000 3000
1937 CONNECTION 974 60 -1 -1 4800 4800
1938 CONNECTION 974 1006 -1 -1 4800 4800
1939 CONNECTION 974 6 300 1620 5880 5880
1940 CONNECTION 974 975 300 1620 5880 5880
1941 CONNECTION 974 330 300 1980 6600 6600
1942 CONNECTION 974 582 300 3780 8400 8400
1943 CONNECTION 980 981 -1 -1 1680 1680
1944 CONNECTION 980 735 -1 -1 2580 2580
1945 CONNECTION 980 89 -1 -1 3240 3240
1946 CONNECTION 980 864 -1 -1 3240 3240
1947 CONNECTION 980 1028 -1 -1 3480 3480
1948 CONNECTION 980 757 -1 -1 4440 4440
1949 CONNECTION 980 221 -1 -1 4380 4380
1950 CONNECTION 980 359 300 480 5040 5040
1951 CONNECTION 980 195 300 1320 5280 5280
1952 CONNECTION 980 983 300 1680 6240 6240
1953 CONNECTION 980 493 300 1800 6180 6180
1954 CONNECTION 980 611 300 2280 6840 6840
1955 CONNECTION 980 463 300 3120 7080 7080
1956 CONNECTION 980 33 300 3480 8040 8040
1957 CONNECTION 980 1030 300 3480 8040 8040
1958 CONNECTION 980 737 300 3600 7980 7980
1959 CONNECTION 980 91 300 4080 8640 8640
1960 CONNECTION 58 59 -1 -1 2220 2220
1961 CONNECTION 58 381 -1 -1 2400 2400
1962 CONNECTION 58 329 -1 -1 4020 4020
1963 CONNECTION 58 274 300 720 4200 4200
1964 CONNECTION 58 649 300 720 4200 4200
1965 CONNECTION 58 581 300 1380 5820 5820
1966 CONNECTION 58 870 300 2520 6000 6000
1967 CONNECTION 58 836 300 3180 7620 7620
1968 CONNECTION 58 133 300 4320 7800 7800
1969 CONNECTION 58 784 300 4320 7800 7800
1970 CONNECTION 1004 1005 -1 -1 2340 2340
1971 CONNECTION 1004 131 -1 -1 4140 4140
1972 CONNECTION 1004 579 -1 -1 2700 2700
1973 CONNECTION 1004 1055 -1 -1 3960 3960
1974 CONNECTION 1004 782 -1 -1 4080 4080
1975 CONNECTION 1004 1035 300 540 3720 3720
1976 CONNECTION 1004 383 300 1320 5940 5940
1977 CONNECTION 1004 682 300 1320 4500 4500
1978 CONNECTION 1004 834 300 1320 4500 4500
1979 CONNECTION 1004 61 300 3120 6300 6300
1980 CONNECTION 1004 414 300 3120 7560 7560
1981 CONNECTION 1004 651 300 3120 7740 7740
1982 CONNECTION 1004 1007 300 3120 6300 6300
1983 CONNECTION 1004 276 300 3240 7680 7680
1984 CONNECTION 1004 438 300 4140 7320 7320
1985 CONNECTION 380 381 -1 -1 1320 1320
1986 CONNECTION 380 329 -1 -1 2940 2940
1987 CONNECTION 380 274 -1 -1 3120 3120
1988 CONNECTION 380 649 -1 -1 3120 3120
1989 CONNECTION 380 581 -1 -1 4740 4740
1990 CONNECTION 380 870 300 1440 4920 4920
1991 CONNECTION 380 836 300 2100 6540 6540
1992 CONNECTION 380 133 300 3240 6720 6720
1993 CONNECTION 380 784 300 3240 6720 6720
1994 CONNECTION 380 63 300 3900 8340 8340
1995 CONNECTION 380 1009 300 3900 8340 8340
1996 CONNECTION 895 896 -1 -1 3000 3000
1997 CONNECTION 895 130 -1 -1 1680 1680
1998 CONNECTION 895 163 -1 -1 1980 1980
1999 CONNECTION 895 328 -1 -1 1980 1980
2000 CONNECTION 895 781 -1 -1 1680 1680
2001 CONNECTION 895 1054 -1 -1 1680 1680
2002 CONNECTION 895 358 -1 -1 3660 3660
2003 CONNECTION 895 1012 -1 -1 3540 3540
2004 CONNECTION 895 382 -1 -1 3480 3480
2005 CONNECTION 895 580 -1 -1 3780 3780
2006 CONNECTION 895 610 300 1080 5460 5460
2007 CONNECTION 895 630 300 1320 6600 6600
2008 CONNECTION 895 1036 300 1320 6600 6600
2009 CONNECTION 895 275 300 2100 5280 5280
2010 CONNECTION 895 413 300 2100 5280 5280
2011 CONNECTION 895 650 300 2100 5280 5280
2012 CONNECTION 895 683 300 2100 5580 5580
2013 CONNECTION 895 835 300 2100 5580 5580
2014 CONNECTION 895 90 300 2880 7260 7260
2015 CONNECTION 895 513 300 2880 7140 7140
2016 CONNECTION 895 62 300 3900 7380 7380
2017 CONNECTION 895 871 300 3900 7080 7080
2018 CONNECTION 895 1008 300 3900 7380 7380
2019 CONNECTION 895 360 300 4680 9060 9060
2020 SINK 895 2 -1 -1 300 300
2021 CONNECTION 4 5 -1 -1 2820 2820
2022 CONNECTION 4 220 -1 -1 3120 3120
2023 CONNECTION 4 302 -1 -1 1920 1920
2024 CONNECTION 4 412 -1 -1 4200 4200
2025 CONNECTION 4 244 -1 -1 2700 2700
2026 CONNECTION 4 512 -1 -1 4860 4860
2027 CONNECTION 4 194 -1 -1 4440 4440
2028 CONNECTION 4 492 300 360 4920 4920
2029 CONNECTION 4 111 300 540 5640 5640
2030 CONNECTION 4 556 300 1200 4500 4500
2031 CONNECTION 4 531 300 1320 6420 6420
2032 CONNECTION 4 164 300 1440 4740 4740
2033 CONNECTION 4 462 300 1680 6240 6240
2034 CONNECTION 4 736 300 2160 6720 6720
2035 CONNECTION 4 812 300 2220 5520 5520
2036 CONNECTION 4 897 300 2520 7800 7800
2037 CONNECTION 4 758 300 3000 6300 6300
2038 CONNECTION 4 961 300 3180 8460 8460
2039 CONNECTION 4 714 300 3480 8040 8040
2040 CONNECTION 4 222 300 3960 8520 8520
2041 CONNECTION 4 631 300 4140 9240 9240
2042 CONNECTION 4 984 300 4800 8100 8100
2043 CONNECTION 511 512 -1 -1 3000 3000
2044 CONNECTION 511 492 -1 -1 3060 3060
2045 CONNECTION 511 111 -1 -1 3780 3780
2046 CONNECTION 511 556 -1 -1 2640 2640
2047 CONNECTION 511 531 -1 -1 4560 4560
2048 CONNECTION 511 164 -1 -1 2880 2880
2049 CONNECTION 511 462 -1 -1 4380 4380
2050 CONNECTION 511 736 -1 -1 4860 4860
2051 CONNECTION 511 812 300 360 3660 3660
2052 CONNECTION 511 897 300 660 5940 5940
2053 CONNECTION 511 758 300 1140 4440 4440
2054 CONNECTION 511 961 300 1320 6600 6600
2055 CONNECTION 511 714 300 1620 6180 6180
2056 CONNECTION 511 222 300 2100 6660 6660
2057 CONNECTION 511 631 300 2280 7380 7380
2058 CONNECTION 511 984 300 2940 6240 6240
2059 CONNECTION 511 8 300 3060 8160 8160
2060 CONNECTION 511 977 300 3060 8160 8160
2061 CONNECTION 511 684 300 3180 6480 6480
2062 CONNECTION 511 939 300 3420 7980 7980
2063 CONNECTION 511 494 300 3900 8460 8460
2064 CONNECTION 511 305 300 3960 7260 7260
2065 CONNECTION 511 1037 300 4260 9540 9540
2066 CONNECTION 511 34 300 4740 8040 8040
2067 CONNECTION 511 1031 300 4740 8040 8040
2068 CONNECTION 734 735 -1 -1 2100 2100
2069 CONNECTION 734 89 -1 -1 2760 2760
2070 CONNECTION 734 864 -1 -1 2760 2760
2071 CONNECTION 734 1028 -1 -1 3000 3000
2072 CONNECTION 734 757 -1 -1 3960 3960
2073 CONNECTION 734 221 -1 -1 3900 3900
2074 CONNECTION 734 359 -1 -1 4560 4560
2075 CONNECTION 734 195 300 840 4800 4800
2076 CONNECTION 734 983 300 1200 5760 5760
2077 CONNECTION 734 493 300 1320 5700 5700
2078 CONNECTION 734 611 300 1800 6360 6360
2079 CONNECTION 734 463 300 2640 6600 6600
2080 CONNECTION 734 33 300 3000 7560 7560
2081 CONNECTION 734 1030 300 3000 7560 7560
2082 CONNECTION 734 737 300 3120 7500 7500
2083 CONNECTION 734 91 300 3600 8160 8160
2084 CONNECTION 734 715 300 4440 8400 8400
2085 CONNECTION 734 247 300 4800 9360 9360
2086 CONNECTION 755 756 -1 -1 2280 2280
2087 CONNECTION 755 629 -1 -1 2700 2700
2088 CONNECTION 755 869 -1 -1 3960 3960
2089 CONNECTION 755 982 -1 -1 4080 4080
2090 CONNECTION 755 132 300 1320 5760 5760
2091 CONNECTION 755 32 300 1920 5880 5880
2092 CONNECTION 755 1029 300 1920 5880 5880
2093 CONNECTION 755 1013 300 2040 6300 6300
2094 CONNECTION 755 384 300 3120 7560 7560
2095 CONNECTION 755 246 300 3720 7680 7680
2096 CONNECTION 936 937 -1 -1 4560 4560
2097 CONNECTION 936 917 300 420 5580 5580
2098 CONNECTION 936 1073 300 1200 6360 6360
2099 CONNECTION 936 196 300 3000 8160 8160
2100 CONNECTION 936 1057 300 4020 9180 9180
2101 CONNECTION 936 464 300 4800 9960 9960
2102 CONNECTION 578 579 -1 -1 900 900
2103 CONNECTION 578 1035 -1 -1 1920 1920
2104 CONNECTION 578 383 -1 -1 4140 4140
2105 CONNECTION 578 682 -1 -1 2700 2700
2106 CONNECTION 578 834 -1 -1 2700 2700
2107 CONNECTION 578 61 300 1320 4500 4500
2108 CONNECTION 578 414 300 1320 5760 5760
2109 CONNECTION 578 651 300 1320 5940 5940
2110 CONNECTION 578 1007 300 1320 4500 4500
2111 CONNECTION 578 276 300 1440 5880 5880
2112 CONNECTION 578 438 300 2340 5520 5520
2113 CONNECTION 578 166 300 3120 6300 6300
2114 CONNECTION 578 331 300 3120 6300 6300
2115 CONNECTION 578 872 300 3120 7740 7740
2116 CONNECTION 959 960 -1 -1 3420 3420
2117 CONNECTION 959 304 300 960 6060 6060
2118 CONNECTION 959 1081 300 1920 7020 7020
2119 CONNECTION 959 814 300 4560 9660 9660
2120 CONNECTION 1026 1027 -1 -1 2280 2280
2121 CONNECTION 1026 220 -1 -1 2760 2760
2122 CONNECTION 1026 302 -1 -1 1560 1560
2123 CONNECTION 1026 412 -1 -1 3840 3840
2124 CONNECTION 1026 244 -1 -1 2340 2340
2125 CONNECTION 1026 512 -1 -1 4500 4500
2126 CONNECTION 1026 194 -1 -1 4080 4080
2127 CONNECTION 1026 492 -1 -1 4560 4560
2128 CONNECTION 1026 111 -1 -1 5280 5280
2129 CONNECTION 1026 556 300 840 4140 4140
2130 CONNECTION 1026 531 300 960 6060 6060
2131 CONNECTION 1026 164 300 1080 4380 4380
2132 CONNECTION 1026 462 300 1320 5880 5880
2133 CONNECTION 1026 736 300 1800 6360 6360
2134 CONNECTION 1026 812 300 1860 5160 5160
2135 CONNECTION 1026 897 300 2160 7440 7440
2136 CONNECTION 1026 758 300 2640 5940 5940
2137 CONNECTION 1026 961 300 2820 8100 8100
2138 CONNECTION 1026 714 300 3120 7680 7680
2139 CONNECTION 1026 222 300 3600 8160 8160
2140 CONNECTION 1026 631 300 3780 8880 8880
2141 CONNECTION 1026 984 300 4440 7740 7740
2142 CONNECTION 1026 8 300 4560 9660 9660
2143 CONNECTION 1026 977 300 4560 9660 9660
2144 CONNECTION 1026 684 300 4680 7980 7980
2145 CONNECTION 129 130 -1 -1 900 900
2146 CONNECTION 129 358 -1 -1 2880 2880
2147 CONNECTION 129 1012 -1 -1 2760 2760
2148 CONNECTION 129 382 -1 -1 2700 2700
2149 CONNECTION 129 580 -1 -1 3000 3000
2150 CONNECTION 129 610 -1 -1 4680 4680
2151 CONNECTION 129 630 300 540 5820 5820
2152 CONNECTION 129 1036 300 540 5820 5820
2153 CONNECTION 129 275 300 1320 4500 4500
2154 CONNECTION 129 413 300 1320 4500 4500
2155 CONNECTION 129 650 300 1320 4500 4500
2156 CONNECTION 129 683 300 1320 4800 4800
2157 CONNECTION 129 835 300 1320 4800 4800
2158 CONNECTION 129 90 300 2100 6480 6480
2159 CONNECTION 129 513 300 2100 6360 6360
2160 CONNECTION 129 62 300 3120 6600 6600
2161 CONNECTION 129 871 300 3120 6300 6300
2162 CONNECTION 129 1008 300 3120 6600 6600
2163 CONNECTION 129 360 300 3900 8280 8280
2164 CONNECTION 129 439 300 4140 9420 9420
2165 CONNECTION 129 1014 300 4140 9420 9420
2166 SINK 129 2 -1 -1 300 300
2167 CONNECTION 243 244 -1 -1 1020 1020
2168 CONNECTION 243 194 -1 -1 2760 2760
2169 CONNECTION 243 492 -1 -1 3240 3240
2170 CONNECTION 243 111 -1 -1 3960 3960
2171 CONNECTION 243 556 -1 -1 2820 2820
2172 CONNECTION 243 531 -1 -1 4740 4740
2173 CONNECTION 243 164 -1 -1 3060 3060
2174 CONNECTION 243 462 -1 -1 4560 4560
2175 CONNECTION 243 736 300 480 5040 5040
2176 CONNECTION 243 812 300 540 3840 3840
2177 CONNECTION 243 897 300 840 6120 6120
2178 CONNECTION 243 758 300 1320 4620 4620
2179 CONNECTION 243 961 300 1500 6780 6780
2180 CONNECTION 243 714 300 1800 6360 6360
2181 CONNECTION 243 222 300 2280 6840 6840
2182 CONNECTION 243 631 300 2460 7560 7560
2183 CONNECTION 243 984 300 3120 6420 6420
2184 CONNECTION 243 8 300 3240 8340 8340
2185 CONNECTION 243 977 300 3240 8340 8340
2186 CONNECTION 243 684 300 3360 6660 6660
2187 CONNECTION 243 939 300 3600 8160 8160
2188 CONNECTION 243 494 300 4080 8640 8640
2189 CONNECTION 243 305 300 4140 7440 7440
2190 CONNECTION 243 1037 300 4440 9720 9720
2191 CONNECTION 780 781 -1 -1 900 900
2192 CONNECTION 780 358 -1 -1 2880 2880
2193 CONNECTION 780 1012 -1 -1 2760 2760
2194 CONNECTION 780 382 -1 -1 2700 2700
2195 CONNECTION 780 580 -1 -1 3000 3000
2196 CONNECTION 780 610 -1 -1 4680 4680
2197 CONNECTION 780 630 300 540 5820 5820
2198 CONNECTION 780 1036 300 540 5820 5820
2199 CONNECTION 780 275 300 1320 4500 4500
2200 CONNECTION 780 413 300 1320 4500 4500
2201 CONNECTION 780 650 300 1320 4500 4500
2202 CONNECTION 780 683 300 1320 4800 4800
2203 CONNECTION 780 835 300 1320 4800 4800
2204 CONNECTION 780 90 300 2100 6480 6480
2205 CONNECTION 780 513 300 2100 6360 6360
2206 CONNECTION 780 62 300 3120 6600 6600
2207 CONNECTION 780 871 300 3120 6300 6300
2208 CONNECTION 780 1008 300 3120 6600 6600
2209 CONNECTION 780 360 300 3900 8280 8280
2210 CONNECTION 780 439 300 4140 9420 9420
2211 CONNECTION 780 1014 300 4140 9420 9420
2212 SINK 780 2 -1 -1 300 300
2213 CONNECTION 491 382 -1 -1 1680 1680
2214 CONNECTION 491 580 -1 -1 1980 1980
2215 CONNECTION 491 610 -1 -1 3660 3660
2216 CONNECTION 491 630 -1 -1 4800 4800
2217 CONNECTION 491 1036 -1 -1 4800 4800
2218 CONNECTION 491 275 -1 -1 3480 3480
2219 CONNECTION 491 413 -1 -1 3480 3480
2220 CONNECTION 491 650 -1 -1 3480 3480
2221 CONNECTION 491 683 -1 -1 3780 3780
2222 CONNECTION 491 835 -1 -1 3780 3780
2223 CONNECTION 491 90 300 1080 5460 5460
2224 CONNECTION 491 513 300 1080 5340 5340
2225 CONNECTION 491 62 300 2100 5580 5580
2226 CONNECTION 491 871 300 2100 5280 5280
2227 CONNECTION 491 1008 300 2100 5580 5580
2228 CONNECTION 491 360 300 2880 7260 7260
2229 CONNECTION 491 439 300 3120 8400 8400
2230 CONNECTION 491 1014 300 3120 8400 8400
2231 CONNECTION 491 134 300 3900 7080 7080
2232 CONNECTION 491 167 300 3900 7380 7380
2233 CONNECTION 491 332 300 3900 7380 7380
2234 CONNECTION 491 785 300 3900 7080 7080
2235 CONNECTION 491 898 300 3900 7080 7080
2236 CONNECTION 491 612 300 4680 9060 9060
2237 CONNECTION 491 962 300 4680 8940 8940
2238 SINK 491 2 -1 -1 300 300
2239 CONNECTION 554 555 -1 -1 2280 2280
2240 CONNECTION 554 89 -1 -1 2880 2880
2241 CONNECTION 554 864 -1 -1 2880 2880
2242 CONNECTION 554 1028 -1 -1 3120 3120
2243 CONNECTION 554 757 -1 -1 4080 4080
2244 CONNECTION 554 221 -1 -1 4020 4020
2245 CONNECTION 554 359 -1 -1 4680 4680
2246 CONNECTION 554 195 300 960 4920 4920
2247 CONNECTION 554 983 300 1320 5880 5880
2248 CONNECTION 554 493 300 1440 5820 5820
2249 CONNECTION 554 611 300 1920 6480 6480
2250 CONNECTION 554 463 300 2760 6720 6720
2251 CONNECTION 554 33 300 3120 7680 7680
2252 CONNECTION 554 1030 300 3120 7680 7680
2253 CONNECTION 554 737 300 3240 7620 7620
2254 CONNECTION 554 91 300 3720 8280 8280
2255 CONNECTION 554 715 300 4560 8520 8520
2256 CONNECTION 88 89 -1 -1 2400 2400
2257 CONNECTION 88 1028 -1 -1 2640 2640
2258 CONNECTION 88 757 -1 -1 3600 3600
2259 CONNECTION 88 221 -1 -1 3540 3540
2260 CONNECTION 88 359 -1 -1 4200 4200
2261 CONNECTION 88 195 300 480 4440 4440
2262 CONNECTION 88 983 300 840 5400 5400
2263 CONNECTION 88 493 300 960 5340 5340
2264 CONNECTION 88 611 300 1440 6000 6000
2265 CONNECTION 88 463 300 2280 6240 6240
2266 CONNECTION 88 33 300 2640 7200 7200
2267 CONNECTION 88 1030 300 2640 7200 7200
2268 CONNECTION 88 737 300 2760 7140 7140
2269 CONNECTION 88 91 300 3240 7800 7800
2270 CONNECTION 88 715 300 4080 8040 8040
2271 CONNECTION 88 247 300 4440 9000 9000
2272 CONNECTION 88 223 300 4560 8940 8940
2273 CONNECTION 863 864 -1 -1 2400 2400
2274 CONNECTION 863 1028 -1 -1 2640 2640
2275 CONNECTION 863 757 -1 -1 3600 3600
2276 CONNECTION 863 221 -1 -1 3540 3540
2277 CONNECTION 863 359 -1 -1 4200 4200
2278 CONNECTION 863 195 300 480 4440 4440
2279 CONNECTION 863 983 300 840 5400 5400
2280 CONNECTION 863 493 300 960 5340 5340
2281 CONNECTION 863 611 300 1440 6000 6000
2282 CONNECTION 863 463 300 2280 6240 6240
2283 CONNECTION 863 33 300 2640 7200 7200
2284 CONNECTION 863 1030 300 2640 7200 7200
2285 CONNECTION 863 737 300 2760 7140 7140
2286 CONNECTION 863 91 300 3240 7800 7800
2287 CONNECTION 863 715 300 4080 8040 8040
2288 CONNECTION 863 247 300 4440 9000 9000
2289 CONNECTION 863 223 300 4560 8940 8940
2290 CONNECTION 162 163 -1 -1 1200 1200
2291 CONNECTION 162 358 -1 -1 2880 2880
2292 CONNECTION 162 1012 -1 -1 2760 2760
2293 CONNECTION 162 382 -1 -1 2700 2700
2294 CONNECTION 162 580 -1 -1 3000 3000
2295 CONNECTION 162 610 -1 -1 4680 4680
2296 CONNECTION 162 630 300 540 5820 5820
2297 CONNECTION 162 1036 300 540 5820 5820
2298 CONNECTION 162 275 300 1320 4500 4500
2299 CONNECTION 162 413 300 1320 4500 4500
2300 CONNECTION 162 650 300 1320 4500 4500
2301 CONNECTION 162 683 300 1320 4800 4800
2302 CONNECTION 162 835 300 1320 4800 4800
2303 CONNECTION 162 90 300 2100 6480 6480
2304 CONNECTION 162 513 300 2100 6360 6360
2305 CONNECTION 162 62 300 3120 6600 6600
2306 CONNECTION 162 871 300 3120 6300 6300
2307 CONNECTION 162 1008 300 3120 6600 6600
2308 CONNECTION 162 360 300 3900 8280 8280
2309 CONNECTION 162 439 300 4140 9420 9420
2310 CONNECTION 162 1014 300 4140 9420 9420
2311 SINK 162 2 -1 -1 300 300
2312 CONNECTION 327 328 -1 -1 1200 1200
2313 CONNECTION 327 358 -1 -1 2880 2880
2314 CONNECTION 327 1012 -1 -1 2760 2760
2315 CONNECTION 327 382 -1 -1 2700 2700
2316 CONNECTION 327 580 -1 -1 3000 3000
2317 CONNECTION 327 610 -1 -1 4680 4680
2318 CONNECTION 327 630 300 540 5820 5820
2319 CONNECTION 327 1036 300 540 5820 5820
2320 CONNECTION 327 275 300 1320 4500 4500
2321 CONNECTION 327 413 300 1320 4500 4500
2322 CONNECTION 327 650 300 1320 4500 4500
2323 CONNECTION 327 683 300 1320 4800 4800
2324 CONNECTION 327 835 300 1320 4800 4800
2325 CONNECTION 327 90 300 2100 6480 6480
2326 CONNECTION 327 513 300 2100 6360 6360
2327 CONNECTION 327 62 300 3120 6600 6600
2328 CONNECTION 327 871 300 3120 6300 6300
2329 CONNECTION 327 1008 300 3120 6600 6600
2330 CONNECTION 327 360 300 3900 8280 8280
2331 CONNECTION 327 439 300 4140 9420 9420
2332 CONNECTION 327 1014 300 4140 9420 9420
2333 SINK 327 2 -1 -1 300 300
2334 CONNECTION 1005 60 -1 -1 3060 3060
2335 CONNECTION 1005 1006 -1 -1 3060 3060
2336 CONNECTION 1005 6 -1 -1 4140 4140
2337 CONNECTION 1005 975 -1 -1 4140 4140
2338 CONNECTION 1005 330 -1 -1 4860 4860
2339 CONNECTION 1005 582 300 2040 6660 6660
2340 CONNECTION 1005 532 300 3480 7740 7740
2341 CONNECTION 1005 837 300 3840 8460 8460
2342 CONNECTION 110 111 -1 -1 2820 2820
2343 CONNECTION 110 556 -1 -1 1680 1680
2344 CONNECTION 110 531 -1 -1 3600 3600
2345 CONNECTION 110 164 -1 -1 1920 1920
2346 CONNECTION 110 462 -1 -1 3420 3420
2347 CONNECTION 110 736 -1 -1 3900 3900
2348 CONNECTION 110 812 -1 -1 2700 2700
2349 CONNECTION 110 897 -1 -1 4980 4980
2350 CONNECTION 110 758 -1 -1 3480 3480
2351 CONNECTION 110 961 300 360 5640 5640
2352 CONNECTION 110 714 300 660 5220 5220
2353 CONNECTION 110 222 300 1140 5700 5700
2354 CONNECTION 110 631 300 1320 6420 6420
2355 CONNECTION 110 984 300 1980 5280 5280
2356 CONNECTION 110 8 300 2100 7200 7200
2357 CONNECTION 110 977 300 2100 7200 7200
2358 CONNECTION 110 684 300 2220 5520 5520
2359 CONNECTION 110 939 300 2460 7020 7020
2360 CONNECTION 110 494 300 2940 7500 7500
2361 CONNECTION 110 305 300 3000 6300 6300
2362 CONNECTION 110 1037 300 3300 8580 8580
2363 CONNECTION 110 34 300 3780 7080 7080
2364 CONNECTION 110 1031 300 3780 7080 7080
2365 CONNECTION 110 1082 300 3960 9240 9240
2366 CONNECTION 110 1075 300 4260 8820 8820
2367 CONNECTION 110 738 300 4740 9300 9300
2368 CONNECTION 896 556 -1 -1 1680 1680
2369 CONNECTION 896 531 -1 -1 3600 3600
2370 CONNECTION 896 164 -1 -1 1920 1920
2371 CONNECTION 896 462 -1 -1 3420 3420
2372 CONNECTION 896 736 -1 -1 3900 3900
2373 CONNECTION 896 812 -1 -1 2700 2700
2374 CONNECTION 896 897 -1 -1 4980 4980
2375 CONNECTION 896 758 -1 -1 3480 3480
2376 CONNECTION 896 961 300 360 5640 5640
2377 CONNECTION 896 714 300 660 5220 5220
2378 CONNECTION 896 222 300 1140 5700 5700
2379 CONNECTION 896 631 300 1320 6420 6420
2380 CONNECTION 896 984 300 1980 5280 5280
2381 CONNECTION 896 8 300 2100 7200 7200
2382 CONNECTION 896 977 300 2100 7200 7200
2383 CONNECTION 896 684 300 2220 5520 5520
2384 CONNECTION 896 939 300 2460 7020 7020
2385 CONNECTION 896 494 300 2940 7500 7500
2386 CONNECTION 896 305 300 3000 6300 6300
2387 CONNECTION 896 1037 300 3300 8580 8580
2388 CONNECTION 896 34 300 3780 7080 7080
2389 CONNECTION 896 1031 300 3780 7080 7080
2390 CONNECTION 896 1082 300 3960 9240 9240
2391 CONNECTION 896 1075 300 4260 8820 8820
2392 CONNECTION 896 738 300 4740 9300 9300
2393 CONNECTION 30 31 -1 -1 2880 2880
2394 CONNECTION 30 303 -1 -1 3000 3000
2395 CONNECTION 30 530 -1 -1 2700 2700
2396 CONNECTION 30 245 -1 -1 4680 4680
2397 CONNECTION 30 461 -1 -1 3060 3060
2398 CONNECTION 30 1056 300 480 5640 5640
2399 CONNECTION 30 783 300 600 3900 3900
2400 CONNECTION 30 437 300 780 5220 5220
2401 CONNECTION 30 557 300 1320 6480 6480
2402 CONNECTION 30 165 300 1560 6000 6000
2403 CONNECTION 30 713 300 1560 4860 4860
2404 CONNECTION 30 813 300 2340 6600 6600
2405 CONNECTION 30 7 300 3000 6300 6300
2406 CONNECTION 30 976 300 3000 6300 6300
2407 CONNECTION 30 759 300 3120 8280 8280
2408 CONNECTION 30 938 300 3360 6660 6660
2409 CONNECTION 30 415 300 4080 9240 9240
2410 CONNECTION 30 277 300 4200 7500 7500
2411 CONNECTION 30 918 300 4380 8820 8820
2412 CONNECTION 5 304 -1 -1 5280 5280
2413 CONNECTION 5 1081 300 1140 6240 6240
2414 CONNECTION 5 814 300 3780 8880 8880
2415 CONNECTION 5 514 300 4740 9840 9840
2416 CONNECTION 609 111 -1 -1 3360 3360
2417 CONNECTION 609 556 -1 -1 2220 2220
2418 CONNECTION 609 531 -1 -1 4140 4140
2419 CONNECTION 609 164 -1 -1 2460 2460
2420 CONNECTION 609 462 -1 -1 3960 3960
2421 CONNECTION 609 736 -1 -1 4440 4440
2422 CONNECTION 609 812 -1 -1 3240 3240
2423 CONNECTION 609 897 -1 -1 5520 5520
2424 CONNECTION 609 758 300 720 4020 4020
2425 CONNECTION 609 961 300 900 6180 6180
2426 CONNECTION 609 714 300 1200 5760 5760
2427 CONNECTION 609 222 300 1680 6240 6240
2428 CONNECTION 609 631 300 1860 6960 6960
2429 CONNECTION 609 984 300 2520 5820 5820
2430 CONNECTION 609 8 300 2640 7740 7740
2431 CONNECTION 609 977 300 2640 7740 7740
2432 CONNECTION 609 684 300 2760 6060 6060
2433 CONNECTION 609 939 300 3000 7560 7560
2434 CONNECTION 609 494 300 3480 8040 8040
2435 CONNECTION 609 305 300 3540 6840 6840
2436 CONNECTION 609 1037 300 3840 9120 9120
2437 CONNECTION 609 34 300 4320 7620 7620
2438 CONNECTION 609 1031 300 4320 7620 7620
2439 CONNECTION 609 1082 300 4500 9780 9780
2440 CONNECTION 609 1075 300 4800 9360 9360
2441 CONNECTION 59 982 -1 -1 2580 2580
2442 CONNECTION 59 132 -1 -1 4260 4260
2443 CONNECTION 59 32 300 420 4380 4380
2444 CONNECTION 59 1029 300 420 4380 4380
2445 CONNECTION 59 1013 300 540 4800 4800
2446 CONNECTION 59 384 300 1620 6060 6060
2447 CONNECTION 59 246 300 2220 6180 6180
2448 CONNECTION 59 652 300 3420 7860 7860
2449 CONNECTION 59 558 300 4020 7980 7980
2450 CONNECTION 59 112 300 4140 8400 8400
2451 CONNECTION 460 461 -1 -1 1020 1020
2452 CONNECTION 460 1056 -1 -1 3600 3600
2453 CONNECTION 460 783 -1 -1 1860 1860
2454 CONNECTION 460 437 -1 -1 3180 3180
2455 CONNECTION 460 557 -1 -1 4440 4440
2456 CONNECTION 460 165 -1 -1 3960 3960
2457 CONNECTION 460 713 -1 -1 2820 2820
2458 CONNECTION 460 813 -1 -1 4560 4560
2459 CONNECTION 460 7 300 960 4260 4260
2460 CONNECTION 460 976 300 960 4260 4260
2461 CONNECTION 460 759 300 1080 6240 6240
2462 CONNECTION 460 938 300 1320 4620 4620
2463 CONNECTION 460 415 300 2040 7200 7200
2464 CONNECTION 460 277 300 2160 5460 5460
2465 CONNECTION 460 918 300 2340 6780 6780
2466 CONNECTION 460 985 300 2880 8040 8040
2467 CONNECTION 460 685 300 3120 7560 7560
2468 CONNECTION 460 1074 300 3120 6420 6420
2469 CONNECTION 460 306 300 3900 8160 8160
2470 CONNECTION 460 533 300 4560 7860 7860
2471 CONNECTION 460 35 300 4680 9840 9840
2472 CONNECTION 460 1032 300 4680 9840 9840
2473 CONNECTION 916 937 -1 -1 3600 3600
2474 CONNECTION 916 917 -1 -1 4620 4620
2475 CONNECTION 916 1073 -1 -1 5400 5400
2476 CONNECTION 916 196 300 2040 7200 7200
2477 CONNECTION 916 1057 300 3060 8220 8220
2478 CONNECTION 916 464 300 3840 9000 9000
2479 CONNECTION 680 681 -1 -1 2160 2160
2480 CONNECTION 680 303 -1 -1 2760 2760
2481 CONNECTION 680 530 -1 -1 2460 2460
2482 CONNECTION 680 245 -1 -1 4440 4440
2483 CONNECTION 680 461 -1 -1 2820 2820
2484 CONNECTION 680 1056 -1 -1 5400 5400
2485 CONNECTION 680 783 300 360 3660 3660
2486 CONNECTION 680 437 300 540 4980 4980
2487 CONNECTION 680 557 300 1080 6240 6240
2488 CONNECTION 680 165 300 1320 5760 5760
2489 CONNECTION 680 713 300 1320 4620 4620
2490 CONNECTION 680 813 300 2100 6360 6360
2491 CONNECTION 680 7 300 2760 6060 6060
2492 CONNECTION 680 976 300 2760 6060 6060
2493 CONNECTION 680 759 300 2880 8040 8040
2494 CONNECTION 680 938 300 3120 6420 6420
2495 CONNECTION 680 415 300 3840 9000 9000
2496 CONNECTION 680 277 300 3960 7260 7260
2497 CONNECTION 680 918 300 4140 8580 8580
2498 CONNECTION 680 985 300 4680 9840 9840
2499 CONNECTION 273 244 -1 -1 1500 1500
2500 CONNECTION 273 512 -1 -1 3660 3660
2501 CONNECTION 273 194 -1 -1 3240 3240
2502 CONNECTION 273 492 -1 -1 3720 3720
2503 CONNECTION 273 111 -1 -1 4440 4440
2504 CONNECTION 273 556 -1 -1 3300 3300
2505 CONNECTION 273 531 -1 -1 5220 5220
2506 CONNECTION 273 164 -1 -1 3540 3540
2507 CONNECTION 273 462 300 480 5040 5040
2508 CONNECTION 273 736 300 960 5520 5520
2509 CONNECTION 273 812 300 1020 4320 4320
2510 CONNECTION 273 897 300 1320 6600 6600
2511 CONNECTION 273 758 300 1800 5100 5100
2512 CONNECTION 273 961 300 1980 7260 7260
2513 CONNECTION 273 714 300 2280 6840 6840
2514 CONNECTION 273 222 300 2760 7320 7320
2515 CONNECTION 273 631 300 2940 8040 8040
2516 CONNECTION 273 984 300 3600 6900 6900
2517 CONNECTION 273 8 300 3720 8820 8820
2518 CONNECTION 273 977 300 3720 8820 8820
2519 CONNECTION 273 684 300 3840 7140 7140
2520 CONNECTION 273 939 300 4080 8640 8640
2521 CONNECTION 273 494 300 4560 9120 9120
2522 CONNECTION 273 305 300 4620 7920 7920
2523 CONNECTION 1027 1028 -1 -1 1680 1680
2524 CONNECTION 1027 221 -1 -1 2580 2580
2525 CONNECTION 1027 359 -1 -1 3240 3240
2526 CONNECTION 1027 195 -1 -1 3480 3480
2527 CONNECTION 1027 983 -1 -1 4440 4440
2528 CONNECTION 1027 493 -1 -1 4380 4380
2529 CONNECTION 1027 611 300 480 5040 5040
2530 CONNECTION 1027 463 300 1320 5280 5280
2531 CONNECTION 1027 33 300 1680 6240 6240
2532 CONNECTION 1027 1030 300 1680 6240 6240
2533 CONNECTION 1027 737 300 1800 6180 6180
2534 CONNECTION 1027 91 300 2280 6840 6840
2535 CONNECTION 1027 715 300 3120 7080 7080
2536 CONNECTION 1027 247 300 3480 8040 8040
2537 CONNECTION 1027 223 300 3600 7980 7980
2538 CONNECTION 1027 361 300 4080 8640 8640
2539 CONNECTION 1034 1035 -1 -1 900 900
2540 CONNECTION 1034 383 -1 -1 3120 3120
2541 CONNECTION 1034 682 -1 -1 1680 1680
2542 CONNECTION 1034 834 -1 -1 1680 1680
2543 CONNECTION 1034 61 -1 -1 3480 3480
2544 CONNECTION 1034 414 -1 -1 4740 4740
2545 CONNECTION 1034 651 -1 -1 4920 4920
2546 CONNECTION 1034 1007 -1 -1 3480 3480
2547 CONNECTION 1034 276 300 420 4860 4860
2548 CONNECTION 1034 438 300 1320 4500 4500
2549 CONNECTION 1034 166 300 2100 5280 5280
2550 CONNECTION 1034 331 300 2100 5280 5280
2551 CONNECTION 1034 872 300 2100 6720 6720
2552 CONNECTION 1034 135 300 3900 8520 8520
2553 CONNECTION 1034 583 300 3900 7080 7080
2554 CONNECTION 1034 899 300 3900 8340 8340
2555 CONNECTION 1034 786 300 4020 8460 8460
2556 CONNECTION 130 131 -1 -1 2340 2340
2557 CONNECTION 130 1035 -1 -1 1920 1920
2558 CONNECTION 130 383 -1 -1 4140 4140
2559 CONNECTION 130 682 -1 -1 2700 2700
2560 CONNECTION 130 834 -1 -1 2700 2700
2561 CONNECTION 130 61 300 1320 4500 4500
2562 CONNECTION 130 414 300 1320 5760 5760
2563 CONNECTION 130 651 300 1320 5940 5940
2564 CONNECTION 130 1007 300 1320 4500 4500
2565 CONNECTION 130 276 300 1440 5880 5880
2566 CONNECTION 130 438 300 2340 5520 5520
2567 CONNECTION 130 166 300 3120 6300 6300
2568 CONNECTION 130 331 300 3120 6300 6300
2569 CONNECTION 130 872 300 3120 7740 7740
2570 CONNECTION 163 274 -1 -1 2400 2400
2571 CONNECTION 163 649 -1 -1 2400 2400
2572 CONNECTION 163 581 -1 -1 4020 4020
2573 CONNECTION 163 870 300 720 4200 4200
2574 CONNECTION 163 836 300 1380 5820 5820
2575 CONNECTION 163 133 300 2520 6000 6000
2576 CONNECTION 163 784 300 2520 6000 6000
2577 CONNECTION 163 63 300 3180 7620 7620
2578 CONNECTION 163 1009 300 3180 7620 7620
2579 CONNECTION 163 385 300 4320 7800 7800
2580 CONNECTION 328 329 -1 -1 2220 2220
2581 CONNECTION 328 274 -1 -1 2400 2400
2582 CONNECTION 328 649 -1 -1 2400 2400
2583 CONNECTION 328 581 -1 -1 4020 4020
2584 CONNECTION 328 870 300 720 4200 4200
2585 CONNECTION 328 836 300 1380 5820 5820
2586 CONNECTION 328 133 300 2520 6000 6000
2587 CONNECTION 328 784 300 2520 6000 6000
2588 CONNECTION 328 63 300 3180 7620 7620
2589 CONNECTION 328 1009 300 3180 7620 7620
2590 CONNECTION 328 385 300 4320 7800 7800
2591 CONNECTION 529 530 -1 -1 1020 1020
2592 CONNECTION 529 1056 -1 -1 3960 3960
2593 CONNECTION 529 783 -1 -1 2220 2220
2594 CONNECTION 529 437 -1 -1 3540 3540
2595 CONNECTION 529 557 -1 -1 4800 4800
2596 CONNECTION 529 165 -1 -1 4320 4320
2597 CONNECTION 529 713 -1 -1 3180 3180
2598 CONNECTION 529 813 300 660 4920 4920
2599 CONNECTION 529 7 300 1320 4620 4620
2600 CONNECTION 529 976 300 1320 4620 4620
2601 CONNECTION 529 759 300 1440 6600 6600
2602 CONNECTION 529 938 300 1680 4980 4980
2603 CONNECTION 529 415 300 2400 7560 7560
2604 CONNECTION 529 277 300 2520 5820 5820
2605 CONNECTION 529 918 300 2700 7140 7140
2606 CONNECTION 529 985 300 3240 8400 8400
2607 CONNECTION 529 685 300 3480 7920 7920
2608 CONNECTION 529 1074 300 3480 6780 6780
2609 CONNECTION 529 306 300 4260 8520 8520
2610 CONNECTION 781 782 -1 -1 2280 2280
2611 CONNECTION 781 1035 -1 -1 1920 1920
2612 CONNECTION 781 383 -1 -1 4140 4140
2613 CONNECTION 781 682 -1 -1 2700 2700
2614 CONNECTION 781 834 -1 -1 2700 2700
2615 CONNECTION 781 61 300 1320 4500 4500
2616 CONNECTION 781 414 300 1320 5760 5760
2617 CONNECTION 781 651 300 1320 5940 5940
2618 CONNECTION 781 1007 300 1320 4500 4500
2619 CONNECTION 781 276 300 1440 5880 5880
2620 CONNECTION 781 438 300 2340 5520 5520
2621 CONNECTION 781 166 300 3120 6300 6300
2622 CONNECTION 781 331 300 3120 6300 6300
2623 CONNECTION 781 872 300 3120 7740 7740
2624 CONNECTION 1054 1055 -1 -1 2160 2160
2625 CONNECTION 1054 1035 -1 -1 1920 1920
2626 CONNECTION 1054 383 -1 -1 4140 4140
2627 CONNECTION 1054 682 -1 -1 2700 2700
2628 CONNECTION 1054 834 -1 -1 2700 2700
2629 CONNECTION 1054 61 300 1320 4500 4500
2630 CONNECTION 1054 414 300 1320 5760 5760
2631 CONNECTION 1054 651 300 1320 5940 5940
2632 CONNECTION 1054 1007 300 1320 4500 4500
2633 CONNECTION 1054 276 300 1440 5880 5880
2634 CONNECTION 1054 438 300 2340 5520 5520
2635 CONNECTION 1054 166 300 3120 6300 6300
2636 CONNECTION 1054 331 300 3120 6300 6300
2637 CONNECTION 1054 872 300 3120 7740 7740
2638 CONNECTION 648 649 -1 -1 1320 1320
2639 CONNECTION 648 581 -1 -1 2940 2940
2640 CONNECTION 648 870 -1 -1 3120 3120
2641 CONNECTION 648 836 -1 -1 4740 4740
2642 CONNECTION 648 133 300 1440 4920 4920
2643 CONNECTION 648 784 300 1440 4920 4920
2644 CONNECTION 648 63 300 2100 6540 6540
2645 CONNECTION 648 1009 300 2100 6540 6540
2646 CONNECTION 648 385 300 3240 6720 6720
2647 CONNECTION 648 333 300 3900 8340 8340
2648 CONNECTION 220 221 -1 -1 2100 2100
2649 CONNECTION 220 359 -1 -1 2760 2760
2650 CONNECTION 220 195 -1 -1 3000 3000
2651 CONNECTION 220 983 -1 -1 3960 3960
2652 CONNECTION 220 493 -1 -1 3900 3900
2653 CONNECTION 220 611 -1 -1 4560 4560
2654 CONNECTION 220 463 300 840 4800 4800
2655 CONNECTION 220 33 300 1200 5760 5760
2656 CONNECTION 220 1030 300 1200 5760 5760
2657 CONNECTION 220 737 300 1320 5700 5700
2658 CONNECTION 220 91 300 1800 6360 6360
2659 CONNECTION 220 715 300 2640 6600 6600
2660 CONNECTION 220 247 300 3000 7560 7560
2661 CONNECTION 220 223 300 3120 7500 7500
2662 CONNECTION 220 361 300 3600 8160 8160
2663 CONNECTION 220 940 300 4440 8400 8400
2664 CONNECTION 220 559 300 4800 9360 9360
2665 CONNECTION 981 982 -1 -1 2280 2280
2666 CONNECTION 981 132 -1 -1 3960 3960
2667 CONNECTION 981 32 -1 -1 4080 4080
2668 CONNECTION 981 1029 -1 -1 4080 4080
2669 CONNECTION 981 1013 -1 -1 4500 4500
2670 CONNECTION 981 384 300 1320 5760 5760
2671 CONNECTION 981 246 300 1920 5880 5880
2672 CONNECTION 981 652 300 3120 7560 7560
2673 CONNECTION 981 558 300 3720 7680 7680
2674 CONNECTION 981 112 300 3840 8100 8100
2675 CONNECTION 31 917 -1 -1 3780 3780
2676 CONNECTION 31 1073 -1 -1 4560 4560
2677 CONNECTION 31 196 300 1200 6360 6360
2678 CONNECTION 31 1057 300 2220 7380 7380
2679 CONNECTION 31 464 300 3000 8160 8160
2680 CONNECTION 31 716 300 4800 9960 9960
2681 CONNECTION 302 303 -1 -1 1980 1980
2682 CONNECTION 302 530 -1 -1 1680 1680
2683 CONNECTION 302 245 -1 -1 3660 3660
2684 CONNECTION 302 461 -1 -1 2040 2040
2685 CONNECTION 302 1056 -1 -1 4620 4620
2686 CONNECTION 302 783 -1 -1 2880 2880
2687 CONNECTION 302 437 -1 -1 4200 4200
2688 CONNECTION 302 557 -1 -1 5460 5460
2689 CONNECTION 302 165 300 540 4980 4980
2690 CONNECTION 302 713 300 540 3840 3840
2691 CONNECTION 302 813 300 1320 5580 5580
2692 CONNECTION 302 7 300 1980 5280 5280
2693 CONNECTION 302 976 300 1980 5280 5280
2694 CONNECTION 302 759 300 2100 7260 7260
2695 CONNECTION 302 938 300 2340 5640 5640
2696 CONNECTION 302 415 300 3060 8220 8220
2697 CONNECTION 302 277 300 3180 6480 6480
2698 CONNECTION 302 918 300 3360 7800 7800
2699 CONNECTION 302 985 300 3900 9060 9060
2700 CONNECTION 302 685 300 4140 8580 8580
2701 CONNECTION 302 1074 300 4140 7440 7440
2702 CONNECTION 833 834 -1 -1 900 900
2703 CONNECTION 833 61 -1 -1 2700 2700
2704 CONNECTION 833 414 -1 -1 3960 3960
2705 CONNECTION 833 651 -1 -1 4140 4140
2706 CONNECTION 833 1007 -1 -1 2700 2700
2707 CONNECTION 833 276 -1 -1 4080 4080
2708 CONNECTION 833 438 300 540 3720 3720
2709 CONNECTION 833 166 300 1320 4500 4500
2710 CONNECTION 833 331 300 1320 4500 4500
2711 CONNECTION 833 872 300 1320 5940 5940
2712 CONNECTION 833 135 300 3120 7740 7740
2713 CONNECTION 833 583 300 3120 6300 6300
2714 CONNECTION 833 899 300 3120 7560 7560
2715 CONNECTION 833 786 300 3240 7680 7680
2716 CONNECTION 833 919 300 4140 7320 7320
2717 CONNECTION 436 437 -1 -1 2160 2160
2718 CONNECTION 436 557 -1 -1 3420 3420
2719 CONNECTION 436 165 -1 -1 2940 2940
2720 CONNECTION 436 713 -1 -1 1800 1800
2721 CONNECTION 436 813 -1 -1 3540 3540
2722 CONNECTION 436 7 -1 -1 3240 3240
2723 CONNECTION 436 976 -1 -1 3240 3240
2724 CONNECTION 436 759 -1 -1 5220 5220
2725 CONNECTION 436 938 -1 -1 3600 3600
2726 CONNECTION 436 415 300 1020 6180 6180
2727 CONNECTION 436 277 300 1140 4440 4440
2728 CONNECTION 436 918 300 1320 5760 5760
2729 CONNECTION 436 985 300 1860 7020 7020
2730 CONNECTION 436 685 300 2100 6540 6540
2731 CONNECTION 436 1074 300 2100 5400 5400
2732 CONNECTION 436 306 300 2880 7140 7140
2733 CONNECTION 436 533 300 3540 6840 6840
2734 CONNECTION 436 35 300 3660 8820 8820
2735 CONNECTION 436 1032 300 3660 8820 8820
2736 CONNECTION 436 197 300 3900 7200 7200
2737 CONNECTION 436 900 300 4620 9780 9780
2738 CONNECTION 436 787 300 4740 8040 8040
2739 CONNECTION 193 194 -1 -1 2280 2280
2740 CONNECTION 193 492 -1 -1 2760 2760
2741 CONNECTION 193 111 -1 -1 3480 3480
2742 CONNECTION 193 556 -1 -1 2340 2340
2743 CONNECTION 193 531 -1 -1 4260 4260
2744 CONNECTION 193 164 -1 -1 2580 2580
2745 CONNECTION 193 462 -1 -1 4080 4080
2746 CONNECTION 193 736 -1 -1 4560 4560
2747 CONNECTION 193 812 -1 -1 3360 3360
2748 CONNECTION 193 897 300 360 5640 5640
2749 CONNECTION 193 758 300 840 4140 4140
2750 CONNECTION 193 961 300 1020 6300 6300
2751 CONNECTION 193 714 300 1320 5880 5880
2752 CONNECTION 193 222 300 1800 6360 6360
2753 CONNECTION 193 631 300 1980 7080 7080
2754 CONNECTION 193 984 300 2640 5940 5940
2755 CONNECTION 193 8 300 2760 7860 7860
2756 CONNECTION 193 977 300 2760 7860 7860
2757 CONNECTION 193 684 300 2880 6180 6180
2758 CONNECTION 193 939 300 3120 7680 7680
2759 CONNECTION 193 494 300 3600 8160 8160
2760 CONNECTION 193 305 300 3660 6960 6960
2761 CONNECTION 193 1037 300 3960 9240 9240
2762 CONNECTION 193 34 300 4440 7740 7740
2763 CONNECTION 193 1031 300 4440 7740 7740
2764 CONNECTION 193 1082 300 4620 9900 9900
2765 CONNECTION 681 682 -1 -1 900 900
2766 CONNECTION 681 61 -1 -1 2700 2700
2767 CONNECTION 681 414 -1 -1 3960 3960
2768 CONNECTION 681 651 -1 -1 4140 4140
2769 CONNECTION 681 1007 -1 -1 2700 2700
2770 CONNECTION 681 276 -1 -1 4080 4080
2771 CONNECTION 681 438 300 540 3720 3720
2772 CONNECTION 681 166 300 1320 4500 4500
2773 CONNECTION 681 331 300 1320 4500 4500
2774 CONNECTION 681 872 300 1320 5940 5940
2775 CONNECTION 681 135 300 3120 7740 7740
2776 CONNECTION 681 583 300 3120 6300 6300
2777 CONNECTION 681 899 300 3120 7560 7560
2778 CONNECTION 681 786 300 3240 7680 7680
2779 CONNECTION 681 919 300 4140 7320 7320
2780 CONNECTION 381 382 -1 -1 900 900
2781 CONNECTION 381 610 -1 -1 2880 2880
2782 CONNECTION 381 630 -1 -1 4020 4020
2783 CONNECTION 381 1036 -1 -1 4020 4020
2784 CONNECTION 381 275 -1 -1 2700 2700
2785 CONNECTION 381 413 -1 -1 2700 2700
2786 CONNECTION 381 650 -1 -1 2700 2700
2787 CONNECTION 381 683 -1 -1 3000 3000
2788 CONNECTION 381 835 -1 -1 3000 3000
2789 CONNECTION 381 90 -1 -1 4680 4680
2790 CONNECTION 381 513 -1 -1 4560 4560
2791 CONNECTION 381 62 300 1320 4800 4800
2792 CONNECTION 381 871 300 1320 4500 4500
2793 CONNECTION 381 1008 300 1320 4800 4800
2794 CONNECTION 381 360 300 2100 6480 6480
2795 CONNECTION 381 439 300 2340 7620 7620
2796 CONNECTION 381 1014 300 2340 7620 7620
2797 CONNECTION 381 134 300 3120 6300 6300
2798 CONNECTION 381 167 300 3120 6600 6600
2799 CONNECTION 381 332 300 3120 6600 6600
2800 CONNECTION 381 785 300 3120 6300 6300
2801 CONNECTION 381 898 300 3120 6300 6300
2802 CONNECTION 381 612 300 3900 8280 8280
2803 CONNECTION 381 962 300 3900 8160 8160
2804 SINK 381 2 -1 -1 300 300
2805 CONNECTION 412 413 -1 -1 900 900
2806 CONNECTION 412 90 -1 -1 2880 2880
2807 CONNECTION 412 513 -1 -1 2760 2760
2808 CONNECTION 412 62 -1 -1 3000 3000
2809 CONNECTION 412 871 -1 -1 2700 2700
2810 CONNECTION 412 1008 -1 -1 3000 3000
2811 CONNECTION 412 360 -1 -1 4680 4680
2812 CONNECTION 412 439 300 540 5820 5820
2813 CONNECTION 412 1014 300 540 5820 5820
2814 CONNECTION 412 134 300 1320 4500 4500
2815 CONNECTION 412 167 300 1320 4800 4800
2816 CONNECTION 412 332 300 1320 4800 4800
2817 CONNECTION 412 785 300 1320 4500 4500
2818 CONNECTION 412 898 300 1320 4500 4500
2819 CONNECTION 412 612 300 2100 6480 6480
2820 CONNECTION 412 962 300 2100 6360 6360
2821 CONNECTION 412 386 300 3120 6300 6300
2822 CONNECTION 412 584 300 3120 6600 6600
2823 CONNECTION 412 92 300 3900 8280 8280
2824 CONNECTION 412 113 300 4140 9420 9420
2825 CONNECTION 412 920 300 4140 9420 9420
2826 SINK 412 2 -1 -1 300 300
2827 CONNECTION 555 556 -1 -1 1020 1020
2828 CONNECTION 555 462 -1 -1 2760 2760
2829 CONNECTION 555 736 -1 -1 3240 3240
2830 CONNECTION 555 812 -1 -1 2040 2040
2831 CONNECTION 555 897 -1 -1 4320 4320
2832 CONNECTION 555 758 -1 -1 2820 2820
2833 CONNECTION 555 961 -1 -1 4980 4980
2834 CONNECTION 555 714 -1 -1 4560 4560
2835 CONNECTION 555 222 300 480 5040 5040
2836 CONNECTION 555 631 300 660 5760 5760
2837 CONNECTION 555 984 300 1320 4620 4620
2838 CONNECTION 555 8 300 1440 6540 6540
2839 CONNECTION 555 977 300 1440 6540 6540
2840 CONNECTION 555 684 300 1560 4860 4860
2841 CONNECTION 555 939 300 1800 6360 6360
2842 CONNECTION 555 494 300 2280 6840 6840
2843 CONNECTION 555 305 300 2340 5640 5640
2844 CONNECTION 555 1037 300 2640 7920 7920
2845 CONNECTION 555 34 300 3120 6420 6420
2846 CONNECTION 555 1031 300 3120 6420 6420
2847 CONNECTION 555 1082 300 3300 8580 8580
2848 CONNECTION 555 1075 300 3600 8160 8160
2849 CONNECTION 555 738 300 4080 8640 8640
2850 CONNECTION 555 1015 300 4260 9360 9360
2851 CONNECTION 735 275 -1 -1 1680 1680
2852 CONNECTION 735 413 -1 -1 1680 1680
2853 CONNECTION 735 650 -1 -1 1680 1680
2854 CONNECTION 735 683 -1 -1 1980 1980
2855 CONNECTION 735 835 -1 -1 1980 1980
2856 CONNECTION 735 90 -1 -1 3660 3660
2857 CONNECTION 735 513 -1 -1 3540 3540
2858 CONNECTION 735 62 -1 -1 3780 3780
2859 CONNECTION 735 871 -1 -1 3480 3480
2860 CONNECTION 735 1008 -1 -1 3780 3780
2861 CONNECTION 735 360 300 1080 5460 5460
2862 CONNECTION 735 439 300 1320 6600 6600
2863 CONNECTION 735 1014 300 1320 6600 6600
2864 CONNECTION 735 134 300 2100 5280 5280
2865 CONNECTION 735 167 300 2100 5580 5580
2866 CONNECTION 735 332 300 2100 5580 5580
2867 CONNECTION 735 785 300 2100 5280 5280
2868 CONNECTION 735 898 300 2100 5280 5280
2869 CONNECTION 735 612 300 2880 7260 7260
2870 CONNECTION 735 962 300 2880 7140 7140
2871 CONNECTION 735 386 300 3900 7080 7080
2872 CONNECTION 735 584 300 3900 7380 7380
2873 CONNECTION 735 92 300 4680 9060 9060
2874 SINK 735 2 -1 -1 300 300
2875 CONNECTION 756 757 -1 -1 2280 2280
2876 CONNECTION 756 359 -1 -1 2880 2880
2877 CONNECTION 756 195 -1 -1 3120 3120
2878 CONNECTION 756 983 -1 -1 4080 4080
2879 CONNECTION 756 493 -1 -1 4020 4020
2880 CONNECTION 756 611 -1 -1 4680 4680
2881 CONNECTION 756 463 300 960 4920 4920
2882 CONNECTION 756 33 300 1320 5880 5880
2883 CONNECTION 756 1030 300 1320 5880 5880
2884 CONNECTION 756 737 300 1440 5820 5820
2885 CONNECTION 756 91 300 1920 6480 6480
2886 CONNECTION 756 715 300 2760 6720 6720
2887 CONNECTION 756 247 300 3120 7680 7680
2888 CONNECTION 756 223 300 3240 7620 7620
2889 CONNECTION 756 361 300 3720 8280 8280
2890 CONNECTION 756 940 300 4560 8520 8520
2891 CONNECTION 358 359 -1 -1 2400 2400
2892 CONNECTION 358 195 -1 -1 2640 2640
2893 CONNECTION 358 983 -1 -1 3600 3600
2894 CONNECTION 358 493 -1 -1 3540 3540
2895 CONNECTION 358 611 -1 -1 4200 4200
2896 CONNECTION 358 463 300 480 4440 4440
2897 CONNECTION 358 33 300 840 5400 5400
2898 CONNECTION 358 1030 300 840 5400 5400
2899 CONNECTION 358 737 300 960 5340 5340
2900 CONNECTION 358 91 300 1440 6000 6000
2901 CONNECTION 358 715 300 2280 6240 6240
2902 CONNECTION 358 247 300 2640 7200 7200
2903 CONNECTION 358 223 300 2760 7140 7140
2904 CONNECTION 358 361 300 3240 7800 7800
2905 CONNECTION 358 940 300 4080 8040 8040
2906 CONNECTION 358 559 300 4440 9000 9000
2907 CONNECTION 358 495 300 4560 8940 8940
2908 CONNECTION 1012 132 -1 -1 3120 3120
2909 CONNECTION 1012 32 -1 -1 3240 3240
2910 CONNECTION 1012 1029 -1 -1 3240 3240
2911 CONNECTION 1012 1013 -1 -1 3660 3660
2912 CONNECTION 1012 384 300 480 4920 4920
2913 CONNECTION 1012 246 300 1080 5040 5040
2914 CONNECTION 1012 652 300 2280 6720 6720
2915 CONNECTION 1012 558 300 2880 6840 6840
2916 CONNECTION 1012 112 300 3000 7260 7260
2917 CONNECTION 1012 873 300 4080 8520 8520
2918 CONNECTION 1012 760 300 4680 8640 8640
2919 CONNECTION 629 630 -1 -1 3000 3000
2920 CONNECTION 629 275 -1 -1 1680 1680
2921 CONNECTION 629 413 -1 -1 1680 1680
2922 CONNECTION 629 650 -1 -1 1680 1680
2923 CONNECTION 629 683 -1 -1 1980 1980
2924 CONNECTION 629 835 -1 -1 1980 1980
2925 CONNECTION 629 90 -1 -1 3660 3660
2926 CONNECTION 629 513 -1 -1 3540 3540
2927 CONNECTION 629 62 -1 -1 3780 3780
2928 CONNECTION 629 871 -1 -1 3480 3480
2929 CONNECTION 629 1008 -1 -1 3780 3780
2930 CONNECTION 629 360 300 1080 5460 5460
2931 CONNECTION 629 439 300 1320 6600 6600
2932 CONNECTION 629 1014 300 1320 6600 6600
2933 CONNECTION 629 134 300 2100 5280 5280
2934 CONNECTION 629 167 300 2100 5580 5580
2935 CONNECTION 629 332 300 2100 5580 5580
2936 CONNECTION 629 785 300 2100 5280 5280
2937 CONNECTION 629 898 300 2100 5280 5280
2938 CONNECTION 629 612 300 2880 7260 7260
2939 CONNECTION 629 962 300 2880 7140 7140
2940 CONNECTION 629 386 300 3900 7080 7080
2941 CONNECTION 629 584 300 3900 7380 7380
2942 CONNECTION 629 92 300 4680 9060 9060
2943 SINK 629 2 -1 -1 300 300
2944 CONNECTION 131 330 -1 -1 3060 3060
2945 CONNECTION 131 582 -1 -1 4860 4860
2946 CONNECTION 131 532 300 1680 5940 5940
2947 CONNECTION 131 837 300 2040 6660 6660
2948 CONNECTION 131 64 300 3840 8460 8460
2949 CONNECTION 579 580 -1 -1 1200 1200
2950 CONNECTION 579 610 -1 -1 2880 2880
2951 CONNECTION 579 630 -1 -1 4020 4020
2952 CONNECTION 579 1036 -1 -1 4020 4020
2953 CONNECTION 579 275 -1 -1 2700 2700
2954 CONNECTION 579 413 -1 -1 2700 2700
2955 CONNECTION 579 650 -1 -1 2700 2700
2956 CONNECTION 579 683 -1 -1 3000 3000
2957 CONNECTION 579 835 -1 -1 3000 3000
2958 CONNECTION 579 90 -1 -1 4680 4680
2959 CONNECTION 579 513 -1 -1 4560 4560
2960 CONNECTION 579 62 300 1320 4800 4800
2961 CONNECTION 579 871 300 1320 4500 4500
2962 CONNECTION 579 1008 300 1320 4800 4800
2963 CONNECTION 579 360 300 2100 6480 6480
2964 CONNECTION 579 439 300 2340 7620 7620
2965 CONNECTION 579 1014 300 2340 7620 7620
2966 CONNECTION 579 134 300 3120 6300 6300
2967 CONNECTION 579 167 300 3120 6600 6600
2968 CONNECTION 579 332 300 3120 6600 6600
2969 CONNECTION 579 785 300 3120 6300 6300
2970 CONNECTION 579 898 300 3120 6300 6300
2971 CONNECTION 579 612 300 3900 8280 8280
2972 CONNECTION 579 962 300 3900 8160 8160
2973 SINK 579 2 -1 -1 300 300
2974 CONNECTION 1055 1056 -1 -1 2880 2880
2975 CONNECTION 1055 557 -1 -1 3720 3720
2976 CONNECTION 1055 165 -1 -1 3240 3240
2977 CONNECTION 1055 713 -1 -1 2100 2100
2978 CONNECTION 1055 813 -1 -1 3840 3840
2979 CONNECTION 1055 7 -1 -1 3540 3540
2980 CONNECTION 1055 976 -1 -1 3540 3540
2981 CONNECTION 1055 759 300 360 5520 5520
2982 CONNECTION 1055 938 300 600 3900 3900
2983 CONNECTION 1055 415 300 1320 6480 6480
2984 CONNECTION 1055 277 300 1440 4740 4740
2985 CONNECTION 1055 918 300 1620 6060 6060
2986 CONNECTION 1055 985 300 2160 7320 7320
2987 CONNECTION 1055 685 300 2400 6840 6840
2988 CONNECTION 1055 1074 300 2400 5700 5700
2989 CONNECTION 1055 306 300 3180 7440 7440
2990 CONNECTION 1055 533 300 3840 7140 7140
2991 CONNECTION 1055 35 300 3960 9120 9120
2992 CONNECTION 1055 1032 300 3960 9120 9120
2993 CONNECTION 1055 197 300 4200 7500 7500
2994 CONNECTION 782 783 -1 -1 1020 1020
2995 CONNECTION 782 557 -1 -1 3600 3600
2996 CONNECTION 782 165 -1 -1 3120 3120
2997 CONNECTION 782 713 -1 -1 1980 1980
2998 CONNECTION 782 813 -1 -1 3720 3720
2999 CONNECTION 782 7 -1 -1 3420 3420
3000 CONNECTION 782 976 -1 -1 3420 3420
3001 CONNECTION 782 759 -1 -1 5400 5400
3002 CONNECTION 782 938 300 480 3780 3780
3003 CONNECTION 782 415 300 1200 6360 6360
3004 CONNECTION 782 277 300 1320 4620 4620
3005 CONNECTION 782 918 300 1500 5940 5940
3006 CONNECTION 782 985 300 2040 7200 7200
3007 CONNECTION 782 685 300 2280 6720 6720
3008 CONNECTION 782 1074 300 2280 5580 5580
3009 CONNECTION 782 306 300 3060 7320 7320
3010 CONNECTION 782 533 300 3720 7020 7020
3011 CONNECTION 782 35 300 3840 9000 9000
3012 CONNECTION 782 1032 300 3840 9000 9000
3013 CONNECTION 782 197 300 4080 7380 7380
3014 CONNECTION 782 900 300 4800 9960 9960
3015 CONNECTION 244 245 -1 -1 2880 2880
3016 CONNECTION 244 1056 -1 -1 3840 3840
3017 CONNECTION 244 783 -1 -1 2100 2100
3018 CONNECTION 244 437 -1 -1 3420 3420
3019 CONNECTION 244 557 -1 -1 4680 4680
3020 CONNECTION 244 165 -1 -1 4200 4200
3021 CONNECTION 244 713 -1 -1 3060 3060
3022 CONNECTION 244 813 300 540 4800 4800
3023 CONNECTION 244 7 300 1200 4500 4500
3024 CONNECTION 244 976 300 1200 4500 4500
3025 CONNECTION 244 759 300 1320 6480 6480
3026 CONNECTION 244 938 300 1560 4860 4860
3027 CONNECTION 244 415 300 2280 7440 7440
3028 CONNECTION 244 277 300 2400 5700 5700
3029 CONNECTION 244 918 300 2580 7020 7020
3030 CONNECTION 244 985 300 3120 8280 8280
3031 CONNECTION 244 685 300 3360 7800 7800
3032 CONNECTION 244 1074 300 3360 6660 6660
3033 CONNECTION 244 306 300 4140 8400 8400
3034 CONNECTION 244 533 300 4800 8100 8100
3035 CONNECTION 811 812 -1 -1 1020 1020
3036 CONNECTION 811 758 -1 -1 1800 1800
3037 CONNECTION 811 961 -1 -1 3960 3960
3038 CONNECTION 811 714 -1 -1 3540 3540
3039 CONNECTION 811 222 -1 -1 4020 4020
3040 CONNECTION 811 631 -1 -1 4740 4740
3041 CONNECTION 811 984 -1 -1 3600 3600
3042 CONNECTION 811 8 300 420 5520 5520
3043 CONNECTION 811 977 300 420 5520 5520
3044 CONNECTION 811 684 300 540 3840 3840
3045 CONNECTION 811 939 300 780 5340 5340
3046 CONNECTION 811 494 300 1260 5820 5820
3047 CONNECTION 811 305 300 1320 4620 4620
3048 CONNECTION 811 1037 300 1620 6900 6900
3049 CONNECTION 811 34 300 2100 5400 5400
3050 CONNECTION 811 1031 300 2100 5400 5400
3051 CONNECTION 811 1082 300 2280 7560 7560
3052 CONNECTION 811 1075 300 2580 7140 7140
3053 CONNECTION 811 738 300 3060 7620 7620
3054 CONNECTION 811 1015 300 3240 8340 8340
3055 CONNECTION 811 248 300 3900 7200 7200
3056 CONNECTION 811 534 300 4020 9120 9120
3057 CONNECTION 811 168 300 4140 7440 7440
3058 CONNECTION 811 198 300 4380 8940 8940
3059 CONNECTION 89 897 -1 -1 3720 3720
3060 CONNECTION 89 758 -1 -1 2220 2220
3061 CONNECTION 89 961 -1 -1 4380 4380
3062 CONNECTION 89 714 -1 -1 3960 3960
3063 CONNECTION 89 222 -1 -1 4440 4440
3064 CONNECTION 89 631 -1 -1 5160 5160
3065 CONNECTION 89 984 300 720 4020 4020
3066 CONNECTION 89 8 300 840 5940 5940
3067 CONNECTION 89 977 300 840 5940 5940
3068 CONNECTION 89 684 300 960 4260 4260
3069 CONNECTION 89 939 300 1200 5760 5760
3070 CONNECTION 89 494 300 1680 6240 6240
3071 CONNECTION 89 305 300 1740 5040 5040
3072 CONNECTION 89 1037 300 2040 7320 7320
3073 CONNECTION 89 34 300 2520 5820 5820
3074 CONNECTION 89 1031 300 2520 5820 5820
3075 CONNECTION 89 1082 300 2700 7980 7980
3076 CONNECTION 89 1075 300 3000 7560 7560
3077 CONNECTION 89 738 300 3480 8040 8040
3078 CONNECTION 89 1015 300 3660 8760 8760
3079 CONNECTION 89 248 300 4320 7620 7620
3080 CONNECTION 89 534 300 4440 9540 9540
3081 CONNECTION 89 168 300 4560 7860 7860
3082 CONNECTION 89 198 300 4800 9360 9360
3083 CONNECTION 864 897 -1 -1 3720 3720
3084 CONNECTION 864 758 -1 -1 2220 2220
3085 CONNECTION 864 961 -1 -1 4380 4380
3086 CONNECTION 864 714 -1 -1 3960 3960
3087 CONNECTION 864 222 -1 -1 4440 4440
3088 CONNECTION 864 631 -1 -1 5160 5160
3089 CONNECTION 864 984 300 720 4020 4020
3090 CONNECTION 864 8 300 840 5940 5940
3091 CONNECTION 864 977 300 840 5940 5940
3092 CONNECTION 864 684 300 960 4260 4260
3093 CONNECTION 864 939 300 1200 5760 5760
3094 CONNECTION 864 494 300 1680 6240 6240
3095 CONNECTION 864 305 300 1740 5040 5040
3096 CONNECTION 864 1037 300 2040 7320 7320
3097 CONNECTION 864 34 300 2520 5820 5820
3098 CONNECTION 864 1031 300 2520 5820 5820
3099 CONNECTION 864 1082 300 2700 7980 7980
3100 CONNECTION 864 1075 300 3000 7560 7560
3101 CONNECTION 864 738 300 3480 8040 8040
3102 CONNECTION 864 1015 300 3660 8760 8760
3103 CONNECTION 864 248 300 4320 7620 7620
3104 CONNECTION 864 534 300 4440 9540 9540
3105 CONNECTION 864 168 300 4560 7860 7860
3106 CONNECTION 864 198 300 4800 9360 9360
3107 CONNECTION 329 32 -1 -1 2580 2580
3108 CONNECTION 329 1029 -1 -1 2580 2580
3109 CONNECTION 329 1013 -1 -1 3000 3000
3110 CONNECTION 329 384 -1 -1 4260 4260
3111 CONNECTION 329 246 300 420 4380 4380
3112 CONNECTION 329 652 300 1620 6060 6060
3113 CONNECTION 329 558 300 2220 6180 6180
3114 CONNECTION 329 112 300 2340 6600 6600
3115 CONNECTION 329 873 300 3420 7860 7860
3116 CONNECTION 329 760 300 4020 7980 7980
3117 CONNECTION 512 513 -1 -1 2100 2100
3118 CONNECTION 512 62 -1 -1 2340 2340
3119 CONNECTION 512 871 -1 -1 2040 2040
3120 CONNECTION 512 1008 -1 -1 2340 2340
3121 CONNECTION 512 360 -1 -1 4020 4020
3122 CONNECTION 512 439 -1 -1 5160 5160
3123 CONNECTION 512 1014 -1 -1 5160 5160
3124 CONNECTION 512 134 300 660 3840 3840
3125 CONNECTION 512 167 300 660 4140 4140
3126 CONNECTION 512 332 300 660 4140 4140
3127 CONNECTION 512 785 300 660 3840 3840
3128 CONNECTION 512 898 300 660 3840 3840
3129 CONNECTION 512 612 300 1440 5820 5820
3130 CONNECTION 512 962 300 1440 5700 5700
3131 CONNECTION 512 386 300 2460 5640 5640
3132 CONNECTION 512 584 300 2460 5940 5940
3133 CONNECTION 512 92 300 3240 7620 7620
3134 CONNECTION 512 113 300 3480 8760 8760
3135 CONNECTION 512 920 300 3480 8760 8760
3136 CONNECTION 512 279 300 4260 7440 7440
3137 CONNECTION 512 654 300 4260 7440 7440
3138 CONNECTION 512 687 300 4260 7740 7740
3139 CONNECTION 512 839 300 4260 7740 7740
3140 CONNECTION 512 1038 300 4260 7440 7440
3141 SINK 512 2 -1 -1 300 300
3142 CONNECTION 712 713 -1 -1 1020 1020
3143 CONNECTION 712 813 -1 -1 2760 2760
3144 CONNECTION 712 7 -1 -1 2460 2460
3145 CONNECTION 712 976 -1 -1 2460 2460
3146 CONNECTION 712 759 -1 -1 4440 4440
3147 CONNECTION 712 938 -1 -1 2820 2820
3148 CONNECTION 712 415 -1 -1 5400 5400
3149 CONNECTION 712 277 300 360 3660 3660
3150 CONNECTION 712 918 300 540 4980 4980
3151 CONNECTION 712 985 300 1080 6240 6240
3152 CONNECTION 712 685 300 1320 5760 5760
3153 CONNECTION 712 1074 300 1320 4620 4620
3154 CONNECTION 712 306 300 2100 6360 6360
3155 CONNECTION 712 533 300 2760 6060 6060
3156 CONNECTION 712 35 300 2880 8040 8040
3157 CONNECTION 712 1032 300 2880 8040 8040
3158 CONNECTION 712 197 300 3120 6420 6420
3159 CONNECTION 712 900 300 3840 9000 9000
3160 CONNECTION 712 787 300 3960 7260 7260
3161 CONNECTION 712 1058 300 4140 8580 8580
3162 CONNECTION 712 249 300 4680 9840 9840
3163 CONNECTION 303 330 -1 -1 3000 3000
3164 CONNECTION 303 582 -1 -1 4800 4800
3165 CONNECTION 303 532 300 1620 5880 5880
3166 CONNECTION 303 837 300 1980 6600 6600
3167 CONNECTION 303 64 300 3780 8400 8400
3168 CONNECTION 194 195 -1 -1 1680 1680
3169 CONNECTION 194 493 -1 -1 2580 2580
3170 CONNECTION 194 611 -1 -1 3240 3240
3171 CONNECTION 194 463 -1 -1 3480 3480
3172 CONNECTION 194 33 -1 -1 4440 4440
3173 CONNECTION 194 1030 -1 -1 4440 4440
3174 CONNECTION 194 737 -1 -1 4380 4380
3175 CONNECTION 194 91 300 480 5040 5040
3176 CONNECTION 194 715 300 1320 5280 5280
3177 CONNECTION 194 247 300 1680 6240 6240
3178 CONNECTION 194 223 300 1800 6180 6180
3179 CONNECTION 194 361 300 2280 6840 6840
3180 CONNECTION 194 940 300 3120 7080 7080
3181 CONNECTION 194 559 300 3480 8040 8040
3182 CONNECTION 194 495 300 3600 7980 7980
3183 CONNECTION 194 613 300 4080 8640 8640
3184 CONNECTION 382 383 -1 -1 2340 2340
3185 CONNECTION 382 61 -1 -1 2700 2700
3186 CONNECTION 382 414 -1 -1 3960 3960
3187 CONNECTION 382 651 -1 -1 4140 4140
3188 CONNECTION 382 1007 -1 -1 2700 2700
3189 CONNECTION 382 276 -1 -1 4080 4080
3190 CONNECTION 382 438 300 540 3720 3720
3191 CONNECTION 382 166 300 1320 4500 4500
3192 CONNECTION 382 331 300 1320 4500 4500
3193 CONNECTION 382 872 300 1320 5940 5940
3194 CONNECTION 382 135 300 3120 7740 7740
3195 CONNECTION 382 583 300 3120 6300 6300
3196 CONNECTION 382 899 300 3120 7560 7560
3197 CONNECTION 382 786 300 3240 7680 7680
3198 CONNECTION 382 919 300 4140 7320 7320
3199 CONNECTION 580 581 -1 -1 2220 2220
3200 CONNECTION 580 870 -1 -1 2400 2400
3201 CONNECTION 580 836 -1 -1 4020 4020
3202 CONNECTION 580 133 300 720 4200 4200
3203 CONNECTION 580 784 300 720 4200 4200
3204 CONNECTION 580 63 300 1380 5820 5820
3205 CONNECTION 580 1009 300 1380 5820 5820
3206 CONNECTION 580 385 300 2520 6000 6000
3207 CONNECTION 580 333 300 3180 7620 7620
3208 CONNECTION 580 278 300 4320 7800 7800
3209 CONNECTION 580 653 300 4320 7800 7800
3210 CONNECTION 869 870 -1 -1 1320 1320
3211 CONNECTION 869 836 -1 -1 2940 2940
3212 CONNECTION 869 133 -1 -1 3120 3120
3213 CONNECTION 869 784 -1 -1 3120 3120
3214 CONNECTION 869 63 -1 -1 4740 4740
3215 CONNECTION 869 1009 -1 -1 4740 4740
3216 CONNECTION 869 385 300 1440 4920 4920
3217 CONNECTION 869 333 300 2100 6540 6540
3218 CONNECTION 869 278 300 3240 6720 6720
3219 CONNECTION 869 653 300 3240 6720 6720
3220 CONNECTION 869 585 300 3900 8340 8340
3221 CONNECTION 1035 1036 -1 -1 3000 3000
3222 CONNECTION 1035 275 -1 -1 1680 1680
3223 CONNECTION 1035 413 -1 -1 1680 1680
3224 CONNECTION 1035 650 -1 -1 1680 1680
3225 CONNECTION 1035 683 -1 -1 1980 1980
3226 CONNECTION 1035 835 -1 -1 1980 1980
3227 CONNECTION 1035 90 -1 -1 3660 3660
3228 CONNECTION 1035 513 -1 -1 3540 3540
3229 CONNECTION 1035 62 -1 -1 3780 3780
3230 CONNECTION 1035 871 -1 -1 3480 3480
3231 CONNECTION 1035 1008 -1 -1 3780 3780
3232 CONNECTION 1035 360 300 1080 5460 5460
3233 CONNECTION 1035 439 300 1320 6600 6600
3234 CONNECTION 1035 1014 300 1320 6600 6600
3235 CONNECTION 1035 134 300 2100 5280 5280
3236 CONNECTION 1035 167 300 2100 5580 5580
3237 CONNECTION 1035 332 300 2100 5580 5580
3238 CONNECTION 1035 785 300 2100 5280 5280
3239 CONNECTION 1035 898 300 2100 5280 5280
3240 CONNECTION 1035 612 300 2880 7260 7260
3241 CONNECTION 1035 962 300 2880 7140 7140
3242 CONNECTION 1035 386 300 3900 7080 7080
3243 CONNECTION 1035 584 300 3900 7380 7380
3244 CONNECTION 1035 92 300 4680 9060 9060
3245 SINK 1035 2 -1 -1 300 300
3246 CONNECTION 530 531 -1 -1 2820 2820
3247 CONNECTION 530 736 -1 -1 3120 3120
3248 CONNECTION 530 812 -1 -1 1920 1920
3249 CONNECTION 530 897 -1 -1 4200 4200
3250 CONNECTION 530 758 -1 -1 2700 2700
3251 CONNECTION 530 961 -1 -1 4860 4860
3252 CONNECTION 530 714 -1 -1 4440 4440
3253 CONNECTION 530 222 300 360 4920 4920
3254 CONNECTION 530 631 300 540 5640 5640
3255 CONNECTION 530 984 300 1200 4500 4500
3256 CONNECTION 530 8 300 1320 6420 6420
3257 CONNECTION 530 977 300 1320 6420 6420
3258 CONNECTION 530 684 300 1440 4740 4740
3259 CONNECTION 530 939 300 1680 6240 6240
3260 CONNECTION 530 494 300 2160 6720 6720
3261 CONNECTION 530 305 300 2220 5520 5520
3262 CONNECTION 530 1037 300 2520 7800 7800
3263 CONNECTION 530 34 300 3000 6300 6300
3264 CONNECTION 530 1031 300 3000 6300 6300
3265 CONNECTION 530 1082 300 3180 8460 8460
3266 CONNECTION 530 1075 300 3480 8040 8040
3267 CONNECTION 530 738 300 3960 8520 8520
3268 CONNECTION 530 1015 300 4140 9240 9240
3269 CONNECTION 530 248 300 4800 8100 8100
3270 CONNECTION 492 493 -1 -1 2100 2100
3271 CONNECTION 492 611 -1 -1 2760 2760
3272 CONNECTION 492 463 -1 -1 3000 3000
3273 CONNECTION 492 33 -1 -1 3960 3960
3274 CONNECTION 492 1030 -1 -1 3960 3960
3275 CONNECTION 492 737 -1 -1 3900 3900
3276 CONNECTION 492 91 -1 -1 4560 4560
3277 CONNECTION 492 715 300 840 4800 4800
3278 CONNECTION 492 247 300 1200 5760 5760
3279 CONNECTION 492 223 300 1320 5700 5700
3280 CONNECTION 492 361 300 1800 6360 6360
3281 CONNECTION 492 940 300 2640 6600 6600
3282 CONNECTION 492 559 300 3000 7560 7560
3283 CONNECTION 492 495 300 3120 7500 7500
3284 CONNECTION 492 613 300 3600 8160 8160
3285 CONNECTION 492 1076 300 4440 8400 8400
3286 CONNECTION 492 761 300 4800 9360 9360
3287 CONNECTION 960 961 -1 -1 3000 3000
3288 CONNECTION 960 222 -1 -1 3060 3060
3289 CONNECTION 960 631 -1 -1 3780 3780
3290 CONNECTION 960 984 -1 -1 2640 2640
3291 CONNECTION 960 8 -1 -1 4560 4560
3292 CONNECTION 960 977 -1 -1 4560 4560
3293 CONNECTION 960 684 -1 -1 2880 2880
3294 CONNECTION 960 939 -1 -1 4380 4380
3295 CONNECTION 960 494 -1 -1 4860 4860
3296 CONNECTION 960 305 300 360 3660 3660
3297 CONNECTION 960 1037 300 660 5940 5940
3298 CONNECTION 960 34 300 1140 4440 4440
3299 CONNECTION 960 1031 300 1140 4440 4440
3300 CONNECTION 960 1082 300 1320 6600 6600
3301 CONNECTION 960 1075 300 1620 6180 6180
3302 CONNECTION 960 738 300 2100 6660 6660
3303 CONNECTION 960 1015 300 2280 7380 7380
3304 CONNECTION 960 248 300 2940 6240 6240
3305 CONNECTION 960 534 300 3060 8160 8160
3306 CONNECTION 960 168 300 3180 6480 6480
3307 CONNECTION 960 198 300 3420 7980 7980
3308 CONNECTION 960 224 300 3900 8460 8460
3309 CONNECTION 960 815 300 3960 7260 7260
3310 CONNECTION 960 416 300 4260 9540 9540
3311 CONNECTION 960 560 300 4740 8040 8040
3312 CONNECTION 1028 32 -1 -1 2280 2280
3313 CONNECTION 1028 1029 -1 -1 2280 2280
3314 CONNECTION 1028 1013 -1 -1 2700 2700
3315 CONNECTION 1028 384 -1 -1 3960 3960
3316 CONNECTION 1028 246 -1 -1 4080 4080
3317 CONNECTION 1028 652 300 1320 5760 5760
3318 CONNECTION 1028 558 300 1920 5880 5880
3319 CONNECTION 1028 112 300 2040 6300 6300
3320 CONNECTION 1028 873 300 3120 7560 7560
3321 CONNECTION 1028 760 300 3720 7680 7680
3322 CONNECTION 245 196 -1 -1 4560 4560
3323 CONNECTION 245 1057 300 420 5580 5580
3324 CONNECTION 245 464 300 1200 6360 6360
3325 CONNECTION 245 716 300 3000 8160 8160
3326 CONNECTION 245 440 300 4020 9180 9180
3327 CONNECTION 245 941 300 4800 9960 9960
3328 CONNECTION 60 61 -1 -1 900 900
3329 CONNECTION 60 438 -1 -1 1920 1920
3330 CONNECTION 60 166 -1 -1 2700 2700
3331 CONNECTION 60 331 -1 -1 2700 2700
3332 CONNECTION 60 872 -1 -1 4140 4140
3333 CONNECTION 60 135 300 1320 5940 5940
3334 CONNECTION 60 583 300 1320 4500 4500
3335 CONNECTION 60 899 300 1320 5760 5760
3336 CONNECTION 60 786 300 1440 5880 5880
3337 CONNECTION 60 919 300 2340 5520 5520
3338 CONNECTION 60 387 300 3120 7740 7740
3339 CONNECTION 60 686 300 3120 6300 6300
3340 CONNECTION 60 838 300 3120 6300 6300
3341 CONNECTION 1006 1007 -1 -1 900 900
3342 CONNECTION 1006 438 -1 -1 1920 1920
3343 CONNECTION 1006 166 -1 -1 2700 2700
3344 CONNECTION 1006 331 -1 -1 2700 2700
3345 CONNECTION 1006 872 -1 -1 4140 4140
3346 CONNECTION 1006 135 300 1320 5940 5940
3347 CONNECTION 1006 583 300 1320 4500 4500
3348 CONNECTION 1006 899 300 1320 5760 5760
3349 CONNECTION 1006 786 300 1440 5880 5880
3350 CONNECTION 1006 919 300 2340 5520 5520
3351 CONNECTION 1006 387 300 3120 7740 7740
3352 CONNECTION 1006 686 300 3120 6300 6300
3353 CONNECTION 1006 838 300 3120 6300 6300
3354 CONNECTION 111 1081 -1 -1 3420 3420
3355 CONNECTION 111 814 300 960 6060 6060
3356 CONNECTION 111 514 300 1920 7020 7020
3357 CONNECTION 111 307 300 4560 9660 9660
3358 CONNECTION 461 462 -1 -1 2280 2280
3359 CONNECTION 461 736 -1 -1 2760 2760
3360 CONNECTION 461 812 -1 -1 1560 1560
3361 CONNECTION 461 897 -1 -1 3840 3840
3362 CONNECTION 461 758 -1 -1 2340 2340
3363 CONNECTION 461 961 -1 -1 4500 4500
3364 CONNECTION 461 714 -1 -1 4080 4080
3365 CONNECTION 461 222 -1 -1 4560 4560
3366 CONNECTION 461 631 -1 -1 5280 5280
3367 CONNECTION 461 984 300 840 4140 4140
3368 CONNECTION 461 8 300 960 6060 6060
3369 CONNECTION 461 977 300 960 6060 6060
3370 CONNECTION 461 684 300 1080 4380 4380
3371 CONNECTION 461 939 300 1320 5880 5880
3372 CONNECTION 461 494 300 1800 6360 6360
3373 CONNECTION 461 305 300 1860 5160 5160
3374 CONNECTION 461 1037 300 2160 7440 7440
3375 CONNECTION 461 34 300 2640 5940 5940
3376 CONNECTION 461 1031 300 2640 5940 5940
3377 CONNECTION 461 1082 300 2820 8100 8100
3378 CONNECTION 461 1075 300 3120 7680 7680
3379 CONNECTION 461 738 300 3600 8160 8160
3380 CONNECTION 461 1015 300 3780 8880 8880
3381 CONNECTION 461 248 300 4440 7740 7740
3382 CONNECTION 461 534 300 4560 9660 9660
3383 CONNECTION 461 168 300 4680 7980 7980
3384 CONNECTION 274 275 -1 -1 900 900
3385 CONNECTION 274 90 -1 -1 2880 2880
3386 CONNECTION 274 513 -1 -1 2760 2760
3387 CONNECTION 274 62 -1 -1 3000 3000
3388 CONNECTION 274 871 -1 -1 2700 2700
3389 CONNECTION 274 1008 -1 -1 3000 3000
3390 CONNECTION 274 360 -1 -1 4680 4680
3391 CONNECTION 274 439 300 540 5820 5820
3392 CONNECTION 274 1014 300 540 5820 5820
3393 CONNECTION 274 134 300 1320 4500 4500
3394 CONNECTION 274 167 300 1320 4800 4800
3395 CONNECTION 274 332 300 1320 4800 4800
3396 CONNECTION 274 785 300 1320 4500 4500
3397 CONNECTION 274 898 300 1320 4500 4500
3398 CONNECTION 274 612 300 2100 6480 6480
3399 CONNECTION 274 962 300 2100 6360 6360
3400 CONNECTION 274 386 300 3120 6300 6300
3401 CONNECTION 274 584 300 3120 6600 6600
3402 CONNECTION 274 92 300 3900 8280 8280
3403 CONNECTION 274 113 300 4140 9420 9420
3404 CONNECTION 274 920 300 4140 9420 9420
3405 SINK 274 2 -1 -1 300 300
3406 CONNECTION 649 650 -1 -1 900 900
3407 CONNECTION 649 90 -1 -1 2880 2880
3408 CONNECTION 649 513 -1 -1 2760 2760
3409 CONNECTION 649 62 -1 -1 3000 3000
3410 CONNECTION 649 871 -1 -1 2700 2700
3411 CONNECTION 649 1008 -1 -1 3000 3000
3412 CONNECTION 649 360 -1 -1 4680 4680
3413 CONNECTION 649 439 300 540 5820 5820
3414 CONNECTION 649 1014 300 540 5820 5820
3415 CONNECTION 649 134 300 1320 4500 4500
3416 CONNECTION 649 167 300 1320 4800 4800
3417 CONNECTION 649 332 300 1320 4800 4800
3418 CONNECTION 649 785 300 1320 4500 4500
3419 CONNECTION 649 898 300 1320 4500 4500
3420 CONNECTION 649 612 300 2100 6480 6480
3421 CONNECTION 649 962 300 2100 6360 6360
3422 CONNECTION 649 386 300 3120 6300 6300
3423 CONNECTION 649 584 300 3120 6600 6600
3424 CONNECTION 649 92 300 3900 8280 8280
3425 CONNECTION 649 113 300 4140 9420 9420
3426 CONNECTION 649 920 300 4140 9420 9420
3427 SINK 649 2 -1 -1 300 300
3428 CONNECTION 757 758 -1 -1 1020 1020
3429 CONNECTION 757 714 -1 -1 2760 2760
3430 CONNECTION 757 222 -1 -1 3240 3240
3431 CONNECTION 757 631 -1 -1 3960 3960
3432 CONNECTION 757 984 -1 -1 2820 2820
3433 CONNECTION 757 8 -1 -1 4740 4740
3434 CONNECTION 757 977 -1 -1 4740 4740
3435 CONNECTION 757 684 -1 -1 3060 3060
3436 CONNECTION 757 939 -1 -1 4560 4560
3437 CONNECTION 757 494 300 480 5040 5040
3438 CONNECTION 757 305 300 540 3840 3840
3439 CONNECTION 757 1037 300 840 6120 6120
3440 CONNECTION 757 34 300 1320 4620 4620
3441 CONNECTION 757 1031 300 1320 4620 4620
3442 CONNECTION 757 1082 300 1500 6780 6780
3443 CONNECTION 757 1075 300 1800 6360 6360
3444 CONNECTION 757 738 300 2280 6840 6840
3445 CONNECTION 757 1015 300 2460 7560 7560
3446 CONNECTION 757 248 300 3120 6420 6420
3447 CONNECTION 757 534 300 3240 8340 8340
3448 CONNECTION 757 168 300 3360 6660 6660
3449 CONNECTION 757 198 300 3600 8160 8160
3450 CONNECTION 757 224 300 4080 8640 8640
3451 CONNECTION 757 815 300 4140 7440 7440
3452 CONNECTION 757 416 300 4440 9720 9720
3453 CONNECTION 221 62 -1 -1 1980 1980
3454 CONNECTION 221 871 -1 -1 1680 1680
3455 CONNECTION 221 1008 -1 -1 1980 1980
3456 CONNECTION 221 360 -1 -1 3660 3660
3457 CONNECTION 221 439 -1 -1 4800 4800
3458 CONNECTION 221 1014 -1 -1 4800 4800
3459 CONNECTION 221 134 -1 -1 3480 3480
3460 CONNECTION 221 167 -1 -1 3780 3780
3461 CONNECTION 221 332 -1 -1 3780 3780
3462 CONNECTION 221 785 -1 -1 3480 3480
3463 CONNECTION 221 898 -1 -1 3480 3480
3464 CONNECTION 221 612 300 1080 5460 5460
3465 CONNECTION 221 962 300 1080 5340 5340
3466 CONNECTION 221 386 300 2100 5280 5280
3467 CONNECTION 221 584 300 2100 5580 5580
3468 CONNECTION 221 92 300 2880 7260 7260
3469 CONNECTION 221 113 300 3120 8400 8400
3470 CONNECTION 221 920 300 3120 8400 8400
3471 CONNECTION 221 279 300 3900 7080 7080
3472 CONNECTION 221 654 300 3900 7080 7080
3473 CONNECTION 221 687 300 3900 7380 7380
3474 CONNECTION 221 839 300 3900 7380 7380
3475 CONNECTION 221 1038 300 3900 7080 7080
3476 CONNECTION 221 362 300 4680 9060 9060
3477 CONNECTION 221 1083 300 4680 8940 8940
3478 SINK 221 2 -1 -1 300 300
3479 CONNECTION 982 983 -1 -1 2280 2280
3480 CONNECTION 982 611 -1 -1 2880 2880
3481 CONNECTION 982 463 -1 -1 3120 3120
3482 CONNECTION 982 33 -1 -1 4080 4080
3483 CONNECTION 982 1030 -1 -1 4080 4080
3484 CONNECTION 982 737 -1 -1 4020 4020
3485 CONNECTION 982 91 -1 -1 4680 4680
3486 CONNECTION 982 715 300 960 4920 4920
3487 CONNECTION 982 247 300 1320 5880 5880
3488 CONNECTION 982 223 300 1440 5820 5820
3489 CONNECTION 982 361 300 1920 6480 6480
3490 CONNECTION 982 940 300 2760 6720 6720
3491 CONNECTION 982 559 300 3120 7680 7680
3492 CONNECTION 982 495 300 3240 7620 7620
3493 CONNECTION 982 613 300 3720 8280 8280
3494 CONNECTION 982 1076 300 4560 8520 8520
3495 CONNECTION 610 611 -1 -1 2400 2400
3496 CONNECTION 610 463 -1 -1 2640 2640
3497 CONNECTION 610 33 -1 -1 3600 3600
3498 CONNECTION 610 1030 -1 -1 3600 3600
3499 CONNECTION 610 737 -1 -1 3540 3540
3500 CONNECTION 610 91 -1 -1 4200 4200
3501 CONNECTION 610 715 300 480 4440 4440
3502 CONNECTION 610 247 300 840 5400 5400
3503 CONNECTION 610 223 300 960 5340 5340
3504 CONNECTION 610 361 300 1440 6000 6000
3505 CONNECTION 610 940 300 2280 6240 6240
3506 CONNECTION 610 559 300 2640 7200 7200
3507 CONNECTION 610 495 300 2760 7140 7140
3508 CONNECTION 610 613 300 3240 7800 7800
3509 CONNECTION 610 1076 300 4080 8040 8040
3510 CONNECTION 610 761 300 4440 9000 9000
3511 CONNECTION 610 739 300 4560 8940 8940
3512 CONNECTION 383 582 -1 -1 3060 3060
3513 CONNECTION 383 532 -1 -1 4140 4140
3514 CONNECTION 383 837 -1 -1 4860 4860
3515 CONNECTION 383 64 300 2040 6660 6660
3516 CONNECTION 383 9 300 3480 7740 7740
3517 CONNECTION 383 334 300 3840 8460 8460
3518 CONNECTION 682 683 -1 -1 1200 1200
3519 CONNECTION 682 90 -1 -1 2880 2880
3520 CONNECTION 682 513 -1 -1 2760 2760
3521 CONNECTION 682 62 -1 -1 3000 3000
3522 CONNECTION 682 871 -1 -1 2700 2700
3523 CONNECTION 682 1008 -1 -1 3000 3000
3524 CONNECTION 682 360 -1 -1 4680 4680
3525 CONNECTION 682 439 300 540 5820 5820
3526 CONNECTION 682 1014 300 540 5820 5820
3527 CONNECTION 682 134 300 1320 4500 4500
3528 CONNECTION 682 167 300 1320 4800 4800
3529 CONNECTION 682 332 300 1320 4800 4800
3530 CONNECTION 682 785 300 1320 4500 4500
3531 CONNECTION 682 898 300 1320 4500 4500
3532 CONNECTION 682 612 300 2100 6480 6480
3533 CONNECTION 682 962 300 2100 6360 6360
3534 CONNECTION 682 386 300 3120 6300 6300
3535 CONNECTION 682 584 300 3120 6600 6600
3536 CONNECTION 682 92 300 3900 8280 8280
3537 CONNECTION 682 113 300 4140 9420 9420
3538 CONNECTION 682 920 300 4140 9420 9420
3539 SINK 682 2 -1 -1 300 300
3540 CONNECTION 834 835 -1 -1 1200 1200
3541 CONNECTION 834 90 -1 -1 2880 2880
3542 CONNECTION 834 513 -1 -1 2760 2760
3543 CONNECTION 834 62 -1 -1 3000 3000
3544 CONNECTION 834 871 -1 -1 2700 2700
3545 CONNECTION 834 1008 -1 -1 3000 3000
3546 CONNECTION 834 360 -1 -1 4680 4680
3547 CONNECTION 834 439 300 540 5820 5820
3548 CONNECTION 834 1014 300 540 5820 5820
3549 CONNECTION 834 134 300 1320 4500 4500
3550 CONNECTION 834 167 300 1320 4800 4800
3551 CONNECTION 834 332 300 1320 4800 4800
3552 CONNECTION 834 785 300 1320 4500 4500
3553 CONNECTION 834 898 300 1320 4500 4500
3554 CONNECTION 834 612 300 2100 6480 6480
3555 CONNECTION 834 962 300 2100 6360 6360
3556 CONNECTION 834 386 300 3120 6300 6300
3557 CONNECTION 834 584 300 3120 6600 6600
3558 CONNECTION 834 92 300 3900 8280 8280
3559 CONNECTION 834 113 300 4140 9420 9420
3560 CONNECTION 834 920 300 4140 9420 9420
3561 SINK 834 2 -1 -1 300 300
3562 CONNECTION 630 631 -1 -1 2820 2820
3563 CONNECTION 630 984 -1 -1 1680 1680
3564 CONNECTION 630 8 -1 -1 3600 3600
3565 CONNECTION 630 977 -1 -1 3600 3600
3566 CONNECTION 630 684 -1 -1 1920 1920
3567 CONNECTION 630 939 -1 -1 3420 3420
3568 CONNECTION 630 494 -1 -1 3900 3900
3569 CONNECTION 630 305 -1 -1 2700 2700
3570 CONNECTION 630 1037 -1 -1 4980 4980
3571 CONNECTION 630 34 -1 -1 3480 3480
3572 CONNECTION 630 1031 -1 -1 3480 3480
3573 CONNECTION 630 1082 300 360 5640 5640
3574 CONNECTION 630 1075 300 660 5220 5220
3575 CONNECTION 630 738 300 1140 5700 5700
3576 CONNECTION 630 1015 300 1320 6420 6420
3577 CONNECTION 630 248 300 1980 5280 5280
3578 CONNECTION 630 534 300 2100 7200 7200
3579 CONNECTION 630 168 300 2220 5520 5520
3580 CONNECTION 630 198 300 2460 7020 7020
3581 CONNECTION 630 224 300 2940 7500 7500
3582 CONNECTION 630 815 300 3000 6300 6300
3583 CONNECTION 630 416 300 3300 8580 8580
3584 CONNECTION 630 560 300 3780 7080 7080
3585 CONNECTION 630 515 300 3960 9240 9240
3586 CONNECTION 630 466 300 4260 8820 8820
3587 CONNECTION 630 496 300 4740 9300 9300
3588 CONNECTION 1036 984 -1 -1 1680 1680
3589 CONNECTION 1036 8 -1 -1 3600 3600
3590 CONNECTION 1036 977 -1 -1 3600 3600
3591 CONNECTION 1036 684 -1 -1 1920 1920
3592 CONNECTION 1036 939 -1 -1 3420 3420
3593 CONNECTION 1036 494 -1 -1 3900 3900
3594 CONNECTION 1036 305 -1 -1 2700 2700
3595 CONNECTION 1036 1037 -1 -1 4980 4980
3596 CONNECTION 1036 34 -1 -1 3480 3480
3597 CONNECTION 1036 1031 -1 -1 3480 3480
3598 CONNECTION 1036 1082 300 360 5640 5640
3599 CONNECTION 1036 1075 300 660 5220 5220
3600 CONNECTION 1036 738 300 1140 5700 5700
3601 CONNECTION 1036 1015 300 1320 6420 6420
3602 CONNECTION 1036 248 300 1980 5280 5280
3603 CONNECTION 1036 534 300 2100 7200 7200
3604 CONNECTION 1036 168 300 2220 5520 5520
3605 CONNECTION 1036 198 300 2460 7020 7020
3606 CONNECTION 1036 224 300 2940 7500 7500
3607 CONNECTION 1036 815 300 3000 6300 6300
3608 CONNECTION 1036 416 300 3300 8580 8580
3609 CONNECTION 1036 560 300 3780 7080 7080
3610 CONNECTION 1036 515 300 3960 9240 9240
3611 CONNECTION 1036 466 300 4260 8820 8820
3612 CONNECTION 1036 496 300 4740 9300 9300
3613 CONNECTION 556 557 -1 -1 2880 2880
3614 CONNECTION 556 813 -1 -1 3000 3000
3615 CONNECTION 556 7 -1 -1 2700 2700
3616 CONNECTION 556 976 -1 -1 2700 2700
3617 CONNECTION 556 759 -1 -1 4680 4680
3618 CONNECTION 556 938 -1 -1 3060 3060
3619 CONNECTION 556 415 300 480 5640 5640
3620 CONNECTION 556 277 300 600 3900 3900
3621 CONNECTION 556 918 300 780 5220 5220
3622 CONNECTION 556 985 300 1320 6480 6480
3623 CONNECTION 556 685 300 1560 6000 6000
3624 CONNECTION 556 1074 300 1560 4860 4860
3625 CONNECTION 556 306 300 2340 6600 6600
3626 CONNECTION 556 533 300 3000 6300 6300
3627 CONNECTION 556 35 300 3120 8280 8280
3628 CONNECTION 556 1032 300 3120 8280 8280
3629 CONNECTION 556 197 300 3360 6660 6660
3630 CONNECTION 556 900 300 4080 9240 9240
3631 CONNECTION 556 787 300 4200 7500 7500
3632 CONNECTION 556 1058 300 4380 8820 8820
3633 CONNECTION 359 631 -1 -1 3360 3360
3634 CONNECTION 359 984 -1 -1 2220 2220
3635 CONNECTION 359 8 -1 -1 4140 4140
3636 CONNECTION 359 977 -1 -1 4140 4140
3637 CONNECTION 359 684 -1 -1 2460 2460
3638 CONNECTION 359 939 -1 -1 3960 3960
3639 CONNECTION 359 494 -1 -1 4440 4440
3640 CONNECTION 359 305 -1 -1 3240 3240
3641 CONNECTION 359 1037 -1 -1 5520 5520
3642 CONNECTION 359 34 300 720 4020 4020
3643 CONNECTION 359 1031 300 720 4020 4020
3644 CONNECTION 359 1082 300 900 6180 6180
3645 CONNECTION 359 1075 300 1200 5760 5760
3646 CONNECTION 359 738 300 1680 6240 6240
3647 CONNECTION 359 1015 300 1860 6960 6960
3648 CONNECTION 359 248 300 2520 5820 5820
3649 CONNECTION 359 534 300 2640 7740 7740
3650 CONNECTION 359 168 300 2760 6060 6060
3651 CONNECTION 359 198 300 3000 7560 7560
3652 CONNECTION 359 224 300 3480 8040 8040
3653 CONNECTION 359 815 300 3540 6840 6840
3654 CONNECTION 359 416 300 3840 9120 9120
3655 CONNECTION 359 560 300 4320 7620 7620
3656 CONNECTION 359 515 300 4500 9780 9780
3657 CONNECTION 359 466 300 4800 9360 9360
3658 CONNECTION 531 814 -1 -1 5280 5280
3659 CONNECTION 531 514 300 1140 6240 6240
3660 CONNECTION 531 307 300 3780 8880 8880
3661 CONNECTION 531 963 300 4740 9840 9840
3662 CONNECTION 581 246 -1 -1 2580 2580
3663 CONNECTION 581 652 -1 -1 4260 4260
3664 CONNECTION 581 558 300 420 4380 4380
3665 CONNECTION 581 112 300 540 4800 4800
3666 CONNECTION 581 873 300 1620 6060 6060
3667 CONNECTION 581 760 300 2220 6180 6180
3668 CONNECTION 581 136 300 3420 7860 7860
3669 CONNECTION 581 986 300 4020 7980 7980
3670 CONNECTION 581 632 300 4140 8400 8400
3671 CONNECTION 937 938 -1 -1 1020 1020
3672 CONNECTION 937 415 -1 -1 3600 3600
3673 CONNECTION 937 277 -1 -1 1860 1860
3674 CONNECTION 937 918 -1 -1 3180 3180
3675 CONNECTION 937 985 -1 -1 4440 4440
3676 CONNECTION 937 685 -1 -1 3960 3960
3677 CONNECTION 937 1074 -1 -1 2820 2820
3678 CONNECTION 937 306 -1 -1 4560 4560
3679 CONNECTION 937 533 300 960 4260 4260
3680 CONNECTION 937 35 300 1080 6240 6240
3681 CONNECTION 937 1032 300 1080 6240 6240
3682 CONNECTION 937 197 300 1320 4620 4620
3683 CONNECTION 937 900 300 2040 7200 7200
3684 CONNECTION 937 787 300 2160 5460 5460
3685 CONNECTION 937 1058 300 2340 6780 6780
3686 CONNECTION 937 249 300 2880 8040 8040
3687 CONNECTION 937 169 300 3120 7560 7560
3688 CONNECTION 937 465 300 3120 6420 6420
3689 CONNECTION 937 816 300 3900 8160 8160
3690 CONNECTION 937 10 300 4560 7860 7860
3691 CONNECTION 937 561 300 4680 9840 9840
3692 CONNECTION 1056 196 -1 -1 3600 3600
3693 CONNECTION 1056 1057 -1 -1 4620 4620
3694 CONNECTION 1056 464 -1 -1 5400 5400
3695 CONNECTION 1056 716 300 2040 7200 7200
3696 CONNECTION 1056 440 300 3060 8220 8220
3697 CONNECTION 1056 941 300 3840 9000 9000
3698 CONNECTION 164 165 -1 -1 2160 2160
3699 CONNECTION 164 813 -1 -1 2760 2760
3700 CONNECTION 164 7 -1 -1 2460 2460
3701 CONNECTION 164 976 -1 -1 2460 2460
3702 CONNECTION 164 759 -1 -1 4440 4440
3703 CONNECTION 164 938 -1 -1 2820 2820
3704 CONNECTION 164 415 -1 -1 5400 5400
3705 CONNECTION 164 277 300 360 3660 3660
3706 CONNECTION 164 918 300 540 4980 4980
3707 CONNECTION 164 985 300 1080 6240 6240
3708 CONNECTION 164 685 300 1320 5760 5760
3709 CONNECTION 164 1074 300 1320 4620 4620
3710 CONNECTION 164 306 300 2100 6360 6360
3711 CONNECTION 164 533 300 2760 6060 6060
3712 CONNECTION 164 35 300 2880 8040 8040
3713 CONNECTION 164 1032 300 2880 8040 8040
3714 CONNECTION 164 197 300 3120 6420 6420
3715 CONNECTION 164 900 300 3840 9000 9000
3716 CONNECTION 164 787 300 3960 7260 7260
3717 CONNECTION 164 1058 300 4140 8580 8580
3718 CONNECTION 164 249 300 4680 9840 9840
3719 CONNECTION 783 758 -1 -1 1500 1500
3720 CONNECTION 783 961 -1 -1 3660 3660
3721 CONNECTION 783 714 -1 -1 3240 3240
3722 CONNECTION 783 222 -1 -1 3720 3720
3723 CONNECTION 783 631 -1 -1 4440 4440
3724 CONNECTION 783 984 -1 -1 3300 3300
3725 CONNECTION 783 8 -1 -1 5220 5220
3726 CONNECTION 783 977 -1 -1 5220 5220
3727 CONNECTION 783 684 -1 -1 3540 3540
3728 CONNECTION 783 939 300 480 5040 5040
3729 CONNECTION 783 494 300 960 5520 5520
3730 CONNECTION 783 305 300 1020 4320 4320
3731 CONNECTION 783 1037 300 1320 6600 6600
3732 CONNECTION 783 34 300 1800 5100 5100
3733 CONNECTION 783 1031 300 1800 5100 5100
3734 CONNECTION 783 1082 300 1980 7260 7260
3735 CONNECTION 783 1075 300 2280 6840 6840
3736 CONNECTION 783 738 300 2760 7320 7320
3737 CONNECTION 783 1015 300 2940 8040 8040
3738 CONNECTION 783 248 300 3600 6900 6900
3739 CONNECTION 783 534 300 3720 8820 8820
3740 CONNECTION 783 168 300 3840 7140 7140
3741 CONNECTION 783 198 300 4080 8640 8640
3742 CONNECTION 783 224 300 4560 9120 9120
3743 CONNECTION 783 815 300 4620 7920 7920
3744 CONNECTION 437 438 -1 -1 900 900
3745 CONNECTION 437 166 -1 -1 1680 1680
3746 CONNECTION 437 331 -1 -1 1680 1680
3747 CONNECTION 437 872 -1 -1 3120 3120
3748 CONNECTION 437 135 -1 -1 4920 4920
3749 CONNECTION 437 583 -1 -1 3480 3480
3750 CONNECTION 437 899 -1 -1 4740 4740
3751 CONNECTION 437 786 300 420 4860 4860
3752 CONNECTION 437 919 300 1320 4500 4500
3753 CONNECTION 437 387 300 2100 6720 6720
3754 CONNECTION 437 686 300 2100 5280 5280
3755 CONNECTION 437 838 300 2100 5280 5280
3756 CONNECTION 437 65 300 3900 7080 7080
3757 CONNECTION 437 655 300 3900 8520 8520
3758 CONNECTION 437 1039 300 3900 8340 8340
3759 CONNECTION 437 280 300 4020 8460 8460
3760 CONNECTION 462 463 -1 -1 1680 1680
3761 CONNECTION 462 737 -1 -1 2580 2580
3762 CONNECTION 462 91 -1 -1 3240 3240
3763 CONNECTION 462 715 -1 -1 3480 3480
3764 CONNECTION 462 247 -1 -1 4440 4440
3765 CONNECTION 462 223 -1 -1 4380 4380
3766 CONNECTION 462 361 300 480 5040 5040
3767 CONNECTION 462 940 300 1320 5280 5280
3768 CONNECTION 462 559 300 1680 6240 6240
3769 CONNECTION 462 495 300 1800 6180 6180
3770 CONNECTION 462 613 300 2280 6840 6840
3771 CONNECTION 462 1076 300 3120 7080 7080
3772 CONNECTION 462 761 300 3480 8040 8040
3773 CONNECTION 462 739 300 3600 7980 7980
3774 CONNECTION 462 93 300 4080 8640 8640
3775 CONNECTION 6 7 -1 -1 1020 1020
3776 CONNECTION 6 415 -1 -1 3960 3960
3777 CONNECTION 6 277 -1 -1 2220 2220
3778 CONNECTION 6 918 -1 -1 3540 3540
3779 CONNECTION 6 985 -1 -1 4800 4800
3780 CONNECTION 6 685 -1 -1 4320 4320
3781 CONNECTION 6 1074 -1 -1 3180 3180
3782 CONNECTION 6 306 300 660 4920 4920
3783 CONNECTION 6 533 300 1320 4620 4620
3784 CONNECTION 6 35 300 1440 6600 6600
3785 CONNECTION 6 1032 300 1440 6600 6600
3786 CONNECTION 6 197 300 1680 4980 4980
3787 CONNECTION 6 900 300 2400 7560 7560
3788 CONNECTION 6 787 300 2520 5820 5820
3789 CONNECTION 6 1058 300 2700 7140 7140
3790 CONNECTION 6 249 300 3240 8400 8400
3791 CONNECTION 6 169 300 3480 7920 7920
3792 CONNECTION 6 465 300 3480 6780 6780
3793 CONNECTION 6 816 300 4260 8520 8520
3794 CONNECTION 275 276 -1 -1 2280 2280
3795 CONNECTION 275 438 -1 -1 1920 1920
3796 CONNECTION 275 166 -1 -1 2700 2700
3797 CONNECTION 275 331 -1 -1 2700 2700
3798 CONNECTION 275 872 -1 -1 4140 4140
3799 CONNECTION 275 135 300 1320 5940 5940
3800 CONNECTION 275 583 300 1320 4500 4500
3801 CONNECTION 275 899 300 1320 5760 5760
3802 CONNECTION 275 786 300 1440 5880 5880
3803 CONNECTION 275 919 300 2340 5520 5520
3804 CONNECTION 275 387 300 3120 7740 7740
3805 CONNECTION 275 686 300 3120 6300 6300
3806 CONNECTION 275 838 300 3120 6300 6300
3807 CONNECTION 413 414 -1 -1 2160 2160
3808 CONNECTION 413 438 -1 -1 1920 1920
3809 CONNECTION 413 166 -1 -1 2700 2700
3810 CONNECTION 413 331 -1 -1 2700 2700
3811 CONNECTION 413 872 -1 -1 4140 4140
3812 CONNECTION 413 135 300 1320 5940 5940
3813 CONNECTION 413 583 300 1320 4500 4500
3814 CONNECTION 413 899 300 1320 5760 5760
3815 CONNECTION 413 786 300 1440 5880 5880
3816 CONNECTION 413 919 300 2340 5520 5520
3817 CONNECTION 413 387 300 3120 7740 7740
3818 CONNECTION 413 686 300 3120 6300 6300
3819 CONNECTION 413 838 300 3120 6300 6300
3820 CONNECTION 650 651 -1 -1 2340 2340
3821 CONNECTION 650 438 -1 -1 1920 1920
3822 CONNECTION 650 166 -1 -1 2700 2700
3823 CONNECTION 650 331 -1 -1 2700 2700
3824 CONNECTION 650 872 -1 -1 4140 4140
3825 CONNECTION 650 135 300 1320 5940 5940
3826 CONNECTION 650 583 300 1320 4500 4500
3827 CONNECTION 650 899 300 1320 5760 5760
3828 CONNECTION 650 786 300 1440 5880 5880
3829 CONNECTION 650 919 300 2340 5520 5520
3830 CONNECTION 650 387 300 3120 7740 7740
3831 CONNECTION 650 686 300 3120 6300 6300
3832 CONNECTION 650 838 300 3120 6300 6300
3833 CONNECTION 683 133 -1 -1 2400 2400
3834 CONNECTION 683 784 -1 -1 2400 2400
3835 CONNECTION 683 63 -1 -1 4020 4020
3836 CONNECTION 683 1009 -1 -1 4020 4020
3837 CONNECTION 683 385 300 720 4200 4200
3838 CONNECTION 683 333 300 1380 5820 5820
3839 CONNECTION 683 278 300 2520 6000 6000
3840 CONNECTION 683 653 300 2520 6000 6000
3841 CONNECTION 683 585 300 3180 7620 7620
3842 CONNECTION 683 874 300 4320 7800 7800
3843 CONNECTION 835 836 -1 -1 2220 2220
3844 CONNECTION 835 133 -1 -1 2400 2400
3845 CONNECTION 835 784 -1 -1 2400 2400
3846 CONNECTION 835 63 -1 -1 4020 4020
3847 CONNECTION 835 1009 -1 -1 4020 4020
3848 CONNECTION 835 385 300 720 4200 4200
3849 CONNECTION 835 333 300 1380 5820 5820
3850 CONNECTION 835 278 300 2520 6000 6000
3851 CONNECTION 835 653 300 2520 6000 6000
3852 CONNECTION 835 585 300 3180 7620 7620
3853 CONNECTION 835 874 300 4320 7800 7800
3854 CONNECTION 975 976 -1 -1 1020 1020
3855 CONNECTION 975 415 -1 -1 3960 3960
3856 CONNECTION 975 277 -1 -1 2220 2220
3857 CONNECTION 975 918 -1 -1 3540 3540
3858 CONNECTION 975 985 -1 -1 4800 4800
3859 CONNECTION 975 685 -1 -1 4320 4320
3860 CONNECTION 975 1074 -1 -1 3180 3180
3861 CONNECTION 975 306 300 660 4920 4920
3862 CONNECTION 975 533 300 1320 4620 4620
3863 CONNECTION 975 35 300 1440 6600 6600
3864 CONNECTION 975 1032 300 1440 6600 6600
3865 CONNECTION 975 197 300 1680 4980 4980
3866 CONNECTION 975 900 300 2400 7560 7560
3867 CONNECTION 975 787 300 2520 5820 5820
3868 CONNECTION 975 1058 300 2700 7140 7140
3869 CONNECTION 975 249 300 3240 8400 8400
3870 CONNECTION 975 169 300 3480 7920 7920
3871 CONNECTION 975 465 300 3480 6780 6780
3872 CONNECTION 975 816 300 4260 8520 8520
3873 CONNECTION 132 133 -1 -1 1320 1320
3874 CONNECTION 132 63 -1 -1 2940 2940
3875 CONNECTION 132 1009 -1 -1 2940 2940
3876 CONNECTION 132 385 -1 -1 3120 3120
3877 CONNECTION 132 333 -1 -1 4740 4740
3878 CONNECTION 132 278 300 1440 4920 4920
3879 CONNECTION 132 653 300 1440 4920 4920
3880 CONNECTION 132 585 300 2100 6540 6540
3881 CONNECTION 132 874 300 3240 6720 6720
3882 CONNECTION 132 840 300 3900 8340 8340
3883 CONNECTION 195 246 -1 -1 2280 2280
3884 CONNECTION 195 652 -1 -1 3960 3960
3885 CONNECTION 195 558 -1 -1 4080 4080
3886 CONNECTION 195 112 -1 -1 4500 4500
3887 CONNECTION 195 873 300 1320 5760 5760
3888 CONNECTION 195 760 300 1920 5880 5880
3889 CONNECTION 195 136 300 3120 7560 7560
3890 CONNECTION 195 986 300 3720 7680 7680
3891 CONNECTION 195 632 300 3840 8100 8100
3892 CONNECTION 736 737 -1 -1 2100 2100
3893 CONNECTION 736 91 -1 -1 2760 2760
3894 CONNECTION 736 715 -1 -1 3000 3000
3895 CONNECTION 736 247 -1 -1 3960 3960
3896 CONNECTION 736 223 -1 -1 3900 3900
3897 CONNECTION 736 361 -1 -1 4560 4560
3898 CONNECTION 736 940 300 840 4800 4800
3899 CONNECTION 736 559 300 1200 5760 5760
3900 CONNECTION 736 495 300 1320 5700 5700
3901 CONNECTION 736 613 300 1800 6360 6360
3902 CONNECTION 736 1076 300 2640 6600 6600
3903 CONNECTION 736 761 300 3000 7560 7560
3904 CONNECTION 736 739 300 3120 7500 7500
3905 CONNECTION 736 93 300 3600 8160 8160
3906 CONNECTION 736 199 300 4440 8400 8400
3907 CONNECTION 736 987 300 4800 9360 9360
3908 CONNECTION 557 1057 -1 -1 3780 3780
3909 CONNECTION 557 464 -1 -1 4560 4560
3910 CONNECTION 557 716 300 1200 6360 6360
3911 CONNECTION 557 440 300 2220 7380 7380
3912 CONNECTION 557 941 300 3000 8160 8160
3913 CONNECTION 557 1087 300 4800 9960 9960
3914 CONNECTION 812 813 -1 -1 1980 1980
3915 CONNECTION 812 7 -1 -1 1680 1680
3916 CONNECTION 812 976 -1 -1 1680 1680
3917 CONNECTION 812 759 -1 -1 3660 3660
3918 CONNECTION 812 938 -1 -1 2040 2040
3919 CONNECTION 812 415 -1 -1 4620 4620
3920 CONNECTION 812 277 -1 -1 2880 2880
3921 CONNECTION 812 918 -1 -1 4200 4200
3922 CONNECTION 812 985 -1 -1 5460 5460
3923 CONNECTION 812 685 300 540 4980 4980
3924 CONNECTION 812 1074 300 540 3840 3840
3925 CONNECTION 812 306 300 1320 5580 5580
3926 CONNECTION 812 533 300 1980 5280 5280
3927 CONNECTION 812 35 300 2100 7260 7260
3928 CONNECTION 812 1032 300 2100 7260 7260
3929 CONNECTION 812 197 300 2340 5640 5640
3930 CONNECTION 812 900 300 3060 8220 8220
3931 CONNECTION 812 787 300 3180 6480 6480
3932 CONNECTION 812 1058 300 3360 7800 7800
3933 CONNECTION 812 249 300 3900 9060 9060
3934 CONNECTION 812 169 300 4140 8580 8580
3935 CONNECTION 812 465 300 4140 7440 7440
3936 CONNECTION 330 331 -1 -1 900 900
3937 CONNECTION 330 135 -1 -1 4140 4140
3938 CONNECTION 330 583 -1 -1 2700 2700
3939 CONNECTION 330 899 -1 -1 3960 3960
3940 CONNECTION 330 786 -1 -1 4080 4080
3941 CONNECTION 330 919 300 540 3720 3720
3942 CONNECTION 330 387 300 1320 5940 5940
3943 CONNECTION 330 686 300 1320 4500 4500
3944 CONNECTION 330 838 300 1320 4500 4500
3945 CONNECTION 330 65 300 3120 6300 6300
3946 CONNECTION 330 655 300 3120 7740 7740
3947 CONNECTION 330 1039 300 3120 7560 7560
3948 CONNECTION 330 280 300 3240 7680 7680
3949 CONNECTION 330 1059 300 4140 7320 7320
3950 CONNECTION 917 918 -1 -1 2160 2160
3951 CONNECTION 917 985 -1 -1 3420 3420
3952 CONNECTION 917 685 -1 -1 2940 2940
3953 CONNECTION 917 1074 -1 -1 1800 1800
3954 CONNECTION 917 306 -1 -1 3540 3540
3955 CONNECTION 917 533 -1 -1 3240 3240
3956 CONNECTION 917 35 -1 -1 5220 5220
3957 CONNECTION 917 1032 -1 -1 5220 5220
3958 CONNECTION 917 197 -1 -1 3600 3600
3959 CONNECTION 917 900 300 1020 6180 6180
3960 CONNECTION 917 787 300 1140 4440 4440
3961 CONNECTION 917 1058 300 1320 5760 5760
3962 CONNECTION 917 249 300 1860 7020 7020
3963 CONNECTION 917 169 300 2100 6540 6540
3964 CONNECTION 917 465 300 2100 5400 5400
3965 CONNECTION 917 816 300 2880 7140 7140
3966 CONNECTION 917 10 300 3540 6840 6840
3967 CONNECTION 917 561 300 3660 8820 8820
3968 CONNECTION 917 717 300 3900 7200 7200
3969 CONNECTION 917 1040 300 4620 9780 9780
3970 CONNECTION 917 281 300 4740 8040 8040
3971 CONNECTION 165 166 -1 -1 900 900
3972 CONNECTION 165 135 -1 -1 4140 4140
3973 CONNECTION 165 583 -1 -1 2700 2700
3974 CONNECTION 165 899 -1 -1 3960 3960
3975 CONNECTION 165 786 -1 -1 4080 4080
3976 CONNECTION 165 919 300 540 3720 3720
3977 CONNECTION 165 387 300 1320 5940 5940
3978 CONNECTION 165 686 300 1320 4500 4500
3979 CONNECTION 165 838 300 1320 4500 4500
3980 CONNECTION 165 65 300 3120 6300 6300
3981 CONNECTION 165 655 300 3120 7740 7740
3982 CONNECTION 165 1039 300 3120 7560 7560
3983 CONNECTION 165 280 300 3240 7680 7680
3984 CONNECTION 165 1059 300 4140 7320 7320
3985 CONNECTION 713 714 -1 -1 2280 2280
3986 CONNECTION 713 222 -1 -1 2760 2760
3987 CONNECTION 713 631 -1 -1 3480 3480
3988 CONNECTION 713 984 -1 -1 2340 2340
3989 CONNECTION 713 8 -1 -1 4260 4260
3990 CONNECTION 713 977 -1 -1 4260 4260
3991 CONNECTION 713 684 -1 -1 2580 2580
3992 CONNECTION 713 939 -1 -1 4080 4080
3993 CONNECTION 713 494 -1 -1 4560 4560
3994 CONNECTION 713 305 -1 -1 3360 3360
3995 CONNECTION 713 1037 300 360 5640 5640
3996 CONNECTION 713 34 300 840 4140 4140
3997 CONNECTION 713 1031 300 840 4140 4140
3998 CONNECTION 713 1082 300 1020 6300 6300
3999 CONNECTION 713 1075 300 1320 5880 5880
4000 CONNECTION 713 738 300 1800 6360 6360
4001 CONNECTION 713 1015 300 1980 7080 7080
4002 CONNECTION 713 248 300 2640 5940 5940
4003 CONNECTION 713 534 300 2760 7860 7860
4004 CONNECTION 713 168 300 2880 6180 6180
4005 CONNECTION 713 198 300 3120 7680 7680
4006 CONNECTION 713 224 300 3600 8160 8160
4007 CONNECTION 713 815 300 3660 6960 6960
4008 CONNECTION 713 416 300 3960 9240 9240
4009 CONNECTION 713 560 300 4440 7740 7740
4010 CONNECTION 713 515 300 4620 9900 9900
4011 CONNECTION 870 871 -1 -1 900 900
4012 CONNECTION 870 360 -1 -1 2880 2880
4013 CONNECTION 870 439 -1 -1 4020 4020
4014 CONNECTION 870 1014 -1 -1 4020 4020
4015 CONNECTION 870 134 -1 -1 2700 2700
4016 CONNECTION 870 167 -1 -1 3000 3000
4017 CONNECTION 870 332 -1 -1 3000 3000
4018 CONNECTION 870 785 -1 -1 2700 2700
4019 CONNECTION 870 898 -1 -1 2700 2700
4020 CONNECTION 870 612 -1 -1 4680 4680
4021 CONNECTION 870 962 -1 -1 4560 4560
4022 CONNECTION 870 386 300 1320 4500 4500
4023 CONNECTION 870 584 300 1320 4800 4800
4024 CONNECTION 870 92 300 2100 6480 6480
4025 CONNECTION 870 113 300 2340 7620 7620
4026 CONNECTION 870 920 300 2340 7620 7620
4027 CONNECTION 870 279 300 3120 6300 6300
4028 CONNECTION 870 654 300 3120 6300 6300
4029 CONNECTION 870 687 300 3120 6600 6600
4030 CONNECTION 870 839 300 3120 6600 6600
4031 CONNECTION 870 1038 300 3120 6300 6300
4032 CONNECTION 870 362 300 3900 8280 8280
4033 CONNECTION 870 1083 300 3900 8160 8160
4034 SINK 870 2 -1 -1 300 300
4035 CONNECTION 897 898 -1 -1 900 900
4036 CONNECTION 897 612 -1 -1 2880 2880
4037 CONNECTION 897 962 -1 -1 2760 2760
4038 CONNECTION 897 386 -1 -1 2700 2700
4039 CONNECTION 897 584 -1 -1 3000 3000
4040 CONNECTION 897 92 -1 -1 4680 4680
4041 CONNECTION 897 113 300 540 5820 5820
4042 CONNECTION 897 920 300 540 5820 5820
4043 CONNECTION 897 279 300 1320 4500 4500
4044 CONNECTION 897 654 300 1320 4500 4500
4045 CONNECTION 897 687 300 1320 4800 4800
4046 CONNECTION 897 839 300 1320 4800 4800
4047 CONNECTION 897 1038 300 1320 4500 4500
4048 CONNECTION 897 362 300 2100 6480 6480
4049 CONNECTION 897 1083 300 2100 6360 6360
4050 CONNECTION 897 66 300 3120 6600 6600
4051 CONNECTION 897 875 300 3120 6300 6300
4052 CONNECTION 897 614 300 3900 8280 8280
4053 CONNECTION 897 633 300 4140 9420 9420
4054 CONNECTION 897 1060 300 4140 9420 9420
4055 SINK 897 2 -1 -1 300 300
4056 CONNECTION 983 984 -1 -1 1020 1020
4057 CONNECTION 983 939 -1 -1 2760 2760
4058 CONNECTION 983 494 -1 -1 3240 3240
4059 CONNECTION 983 305 -1 -1 2040 2040
4060 CONNECTION 983 1037 -1 -1 4320 4320
4061 CONNECTION 983 34 -1 -1 2820 2820
4062 CONNECTION 983 1031 -1 -1 2820 2820
4063 CONNECTION 983 1082 -1 -1 4980 4980
4064 CONNECTION 983 1075 -1 -1 4560 4560
4065 CONNECTION 983 738 300 480 5040 5040
4066 CONNECTION 983 1015 300 660 5760 5760
4067 CONNECTION 983 248 300 1320 4620 4620
4068 CONNECTION 983 534 300 1440 6540 6540
4069 CONNECTION 983 168 300 1560 4860 4860
4070 CONNECTION 983 198 300 1800 6360 6360
4071 CONNECTION 983 224 300 2280 6840 6840
4072 CONNECTION 983 815 300 2340 5640 5640
4073 CONNECTION 983 416 300 2640 7920 7920
4074 CONNECTION 983 560 300 3120 6420 6420
4075 CONNECTION 983 515 300 3300 8580 8580
4076 CONNECTION 983 466 300 3600 8160 8160
4077 CONNECTION 983 496 300 4080 8640 8640
4078 CONNECTION 983 114 300 4260 9360 9360
4079 CONNECTION 32 33 -1 -1 2280 2280
4080 CONNECTION 32 91 -1 -1 2880 2880
4081 CONNECTION 32 715 -1 -1 3120 3120
4082 CONNECTION 32 247 -1 -1 4080 4080
4083 CONNECTION 32 223 -1 -1 4020 4020
4084 CONNECTION 32 361 -1 -1 4680 4680
4085 CONNECTION 32 940 300 960 4920 4920
4086 CONNECTION 32 559 300 1320 5880 5880
4087 CONNECTION 32 495 300 1440 5820 5820
4088 CONNECTION 32 613 300 1920 6480 6480
4089 CONNECTION 32 1076 300 2760 6720 6720
4090 CONNECTION 32 761 300 3120 7680 7680
4091 CONNECTION 32 739 300 3240 7620 7620
4092 CONNECTION 32 93 300 3720 8280 8280
4093 CONNECTION 32 199 300 4560 8520 8520
4094 CONNECTION 493 134 -1 -1 1680 1680
4095 CONNECTION 493 167 -1 -1 1980 1980
4096 CONNECTION 493 332 -1 -1 1980 1980
4097 CONNECTION 493 785 -1 -1 1680 1680
4098 CONNECTION 493 898 -1 -1 1680 1680
4099 CONNECTION 493 612 -1 -1 3660 3660
4100 CONNECTION 493 962 -1 -1 3540 3540
4101 CONNECTION 493 386 -1 -1 3480 3480
4102 CONNECTION 493 584 -1 -1 3780 3780
4103 CONNECTION 493 92 300 1080 5460 5460
4104 CONNECTION 493 113 300 1320 6600 6600
4105 CONNECTION 493 920 300 1320 6600 6600
4106 CONNECTION 493 279 300 2100 5280 5280
4107 CONNECTION 493 654 300 2100 5280 5280
4108 CONNECTION 493 687 300 2100 5580 5580
4109 CONNECTION 493 839 300 2100 5580 5580
4110 CONNECTION 493 1038 300 2100 5280 5280
4111 CONNECTION 493 362 300 2880 7260 7260
4112 CONNECTION 493 1083 300 2880 7140 7140
4113 CONNECTION 493 66 300 3900 7380 7380
4114 CONNECTION 493 875 300 3900 7080 7080
4115 CONNECTION 493 614 300 4680 9060 9060
4116 SINK 493 2 -1 -1 300 300
4117 CONNECTION 1029 1030 -1 -1 2280 2280
4118 CONNECTION 1029 91 -1 -1 2880 2880
4119 CONNECTION 1029 715 -1 -1 3120 3120
4120 CONNECTION 1029 247 -1 -1 4080 4080
4121 CONNECTION 1029 223 -1 -1 4020 4020
4122 CONNECTION 1029 361 -1 -1 4680 4680
4123 CONNECTION 1029 940 300 960 4920 4920
4124 CONNECTION 1029 559 300 1320 5880 5880
4125 CONNECTION 1029 495 300 1440 5820 5820
4126 CONNECTION 1029 613 300 1920 6480 6480
4127 CONNECTION 1029 1076 300 2760 6720 6720
4128 CONNECTION 1029 761 300 3120 7680 7680
4129 CONNECTION 1029 739 300 3240 7620 7620
4130 CONNECTION 1029 93 300 3720 8280 8280
4131 CONNECTION 1029 199 300 4560 8520 8520
4132 CONNECTION 90 91 -1 -1 2400 2400
4133 CONNECTION 90 715 -1 -1 2640 2640
4134 CONNECTION 90 247 -1 -1 3600 3600
4135 CONNECTION 90 223 -1 -1 3540 3540
4136 CONNECTION 90 361 -1 -1 4200 4200
4137 CONNECTION 90 940 300 480 4440 4440
4138 CONNECTION 90 559 300 840 5400 5400
4139 CONNECTION 90 495 300 960 5340 5340
4140 CONNECTION 90 613 300 1440 6000 6000
4141 CONNECTION 90 1076 300 2280 6240 6240
4142 CONNECTION 90 761 300 2640 7200 7200
4143 CONNECTION 90 739 300 2760 7140 7140
4144 CONNECTION 90 93 300 3240 7800 7800
4145 CONNECTION 90 199 300 4080 8040 8040
4146 CONNECTION 90 987 300 4440 9000 9000
4147 CONNECTION 90 225 300 4560 8940 8940
4148 CONNECTION 513 652 -1 -1 3120 3120
4149 CONNECTION 513 558 -1 -1 3240 3240
4150 CONNECTION 513 112 -1 -1 3660 3660
4151 CONNECTION 513 873 300 480 4920 4920
4152 CONNECTION 513 760 300 1080 5040 5040
4153 CONNECTION 513 136 300 2280 6720 6720
4154 CONNECTION 513 986 300 2880 6840 6840
4155 CONNECTION 513 632 300 3000 7260 7260
4156 CONNECTION 513 388 300 4080 8520 8520
4157 CONNECTION 513 36 300 4680 8640 8640
4158 CONNECTION 513 1077 300 4680 8640 8640
4159 CONNECTION 1013 1014 -1 -1 3000 3000
4160 CONNECTION 1013 134 -1 -1 1680 1680
4161 CONNECTION 1013 167 -1 -1 1980 1980
4162 CONNECTION 1013 332 -1 -1 1980 1980
4163 CONNECTION 1013 785 -1 -1 1680 1680
4164 CONNECTION 1013 898 -1 -1 1680 1680
4165 CONNECTION 1013 612 -1 -1 3660 3660
4166 CONNECTION 1013 962 -1 -1 3540 3540
4167 CONNECTION 1013 386 -1 -1 3480 3480
4168 CONNECTION 1013 584 -1 -1 3780 3780
4169 CONNECTION 1013 92 300 1080 5460 5460
4170 CONNECTION 1013 113 300 1320 6600 6600
4171 CONNECTION 1013 920 300 1320 6600 6600
4172 CONNECTION 1013 279 300 2100 5280 5280
4173 CONNECTION 1013 654 300 2100 5280 5280
4174 CONNECTION 1013 687 300 2100 5580 5580
4175 CONNECTION 1013 839 300 2100 5580 5580
4176 CONNECTION 1013 1038 300 2100 5280 5280
4177 CONNECTION 1013 362 300 2880 7260 7260
4178 CONNECTION 1013 1083 300 2880 7140 7140
4179 CONNECTION 1013 66 300 3900 7380 7380
4180 CONNECTION 1013 875 300 3900 7080 7080
4181 CONNECTION 1013 614 300 4680 9060 9060
4182 SINK 1013 2 -1 -1 300 300
4183 CONNECTION 61 62 -1 -1 1200 1200
4184 CONNECTION 61 360 -1 -1 2880 2880
4185 CONNECTION 61 439 -1 -1 4020 4020
4186 CONNECTION 61 1014 -1 -1 4020 4020
4187 CONNECTION 61 134 -1 -1 2700 2700
4188 CONNECTION 61 167 -1 -1 3000 3000
4189 CONNECTION 61 332 -1 -1 3000 3000
4190 CONNECTION 61 785 -1 -1 2700 2700
4191 CONNECTION 61 898 -1 -1 2700 2700
4192 CONNECTION 61 612 -1 -1 4680 4680
4193 CONNECTION 61 962 -1 -1 4560 4560
4194 CONNECTION 61 386 300 1320 4500 4500
4195 CONNECTION 61 584 300 1320 4800 4800
4196 CONNECTION 61 92 300 2100 6480 6480
4197 CONNECTION 61 113 300 2340 7620 7620
4198 CONNECTION 61 920 300 2340 7620 7620
4199 CONNECTION 61 279 300 3120 6300 6300
4200 CONNECTION 61 654 300 3120 6300 6300
4201 CONNECTION 61 687 300 3120 6600 6600
4202 CONNECTION 61 839 300 3120 6600 6600
4203 CONNECTION 61 1038 300 3120 6300 6300
4204 CONNECTION 61 362 300 3900 8280 8280
4205 CONNECTION 61 1083 300 3900 8160 8160
4206 SINK 61 2 -1 -1 300 300
4207 CONNECTION 414 415 -1 -1 2880 2880
4208 CONNECTION 414 985 -1 -1 3720 3720
4209 CONNECTION 414 685 -1 -1 3240 3240
4210 CONNECTION 414 1074 -1 -1 2100 2100
4211 CONNECTION 414 306 -1 -1 3840 3840
4212 CONNECTION 414 533 -1 -1 3540 3540
4213 CONNECTION 414 35 300 360 5520 5520
4214 CONNECTION 414 1032 300 360 5520 5520
4215 CONNECTION 414 197 300 600 3900 3900
4216 CONNECTION 414 900 300 1320 6480 6480
4217 CONNECTION 414 787 300 1440 4740 4740
4218 CONNECTION 414 1058 300 1620 6060 6060
4219 CONNECTION 414 249 300 2160 7320 7320
4220 CONNECTION 414 169 300 2400 6840 6840
4221 CONNECTION 414 465 300 2400 5700 5700
4222 CONNECTION 414 816 300 3180 7440 7440
4223 CONNECTION 414 10 300 3840 7140 7140
4224 CONNECTION 414 561 300 3960 9120 9120
4225 CONNECTION 414 717 300 4200 7500 7500
4226 CONNECTION 651 837 -1 -1 3060 3060
4227 CONNECTION 651 64 -1 -1 4860 4860
4228 CONNECTION 651 9 300 1680 5940 5940
4229 CONNECTION 651 334 300 2040 6660 6660
4230 CONNECTION 651 586 300 3840 8460 8460
4231 CONNECTION 1007 1008 -1 -1 1200 1200
4232 CONNECTION 1007 360 -1 -1 2880 2880
4233 CONNECTION 1007 439 -1 -1 4020 4020
4234 CONNECTION 1007 1014 -1 -1 4020 4020
4235 CONNECTION 1007 134 -1 -1 2700 2700
4236 CONNECTION 1007 167 -1 -1 3000 3000
4237 CONNECTION 1007 332 -1 -1 3000 3000
4238 CONNECTION 1007 785 -1 -1 2700 2700
4239 CONNECTION 1007 898 -1 -1 2700 2700
4240 CONNECTION 1007 612 -1 -1 4680 4680
4241 CONNECTION 1007 962 -1 -1 4560 4560
4242 CONNECTION 1007 386 300 1320 4500 4500
4243 CONNECTION 1007 584 300 1320 4800 4800
4244 CONNECTION 1007 92 300 2100 6480 6480
4245 CONNECTION 1007 113 300 2340 7620 7620
4246 CONNECTION 1007 920 300 2340 7620 7620
4247 CONNECTION 1007 279 300 3120 6300 6300
4248 CONNECTION 1007 654 300 3120 6300 6300
4249 CONNECTION 1007 687 300 3120 6600 6600
4250 CONNECTION 1007 839 300 3120 6600 6600
4251 CONNECTION 1007 1038 300 3120 6300 6300
4252 CONNECTION 1007 362 300 3900 8280 8280
4253 CONNECTION 1007 1083 300 3900 8160 8160
4254 SINK 1007 2 -1 -1 300 300
4255 CONNECTION 276 277 -1 -1 1020 1020
4256 CONNECTION 276 985 -1 -1 3600 3600
4257 CONNECTION 276 685 -1 -1 3120 3120
4258 CONNECTION 276 1074 -1 -1 1980 1980
4259 CONNECTION 276 306 -1 -1 3720 3720
4260 CONNECTION 276 533 -1 -1 3420 3420
4261 CONNECTION 276 35 -1 -1 5400 5400
4262 CONNECTION 276 1032 -1 -1 5400 5400
4263 CONNECTION 276 197 300 480 3780 3780
4264 CONNECTION 276 900 300 1200 6360 6360
4265 CONNECTION 276 787 300 1320 4620 4620
4266 CONNECTION 276 1058 300 1500 5940 5940
4267 CONNECTION 276 249 300 2040 7200 7200
4268 CONNECTION 276 169 300 2280 6720 6720
4269 CONNECTION 276 465 300 2280 5580 5580
4270 CONNECTION 276 816 300 3060 7320 7320
4271 CONNECTION 276 10 300 3720 7020 7020
4272 CONNECTION 276 561 300 3840 9000 9000
4273 CONNECTION 276 717 300 4080 7380 7380
4274 CONNECTION 276 1040 300 4800 9960 9960
4275 CONNECTION 304 305 -1 -1 1020 1020
4276 CONNECTION 304 34 -1 -1 1800 1800
4277 CONNECTION 304 1031 -1 -1 1800 1800
4278 CONNECTION 304 1082 -1 -1 3960 3960
4279 CONNECTION 304 1075 -1 -1 3540 3540
4280 CONNECTION 304 738 -1 -1 4020 4020
4281 CONNECTION 304 1015 -1 -1 4740 4740
4282 CONNECTION 304 248 -1 -1 3600 3600
4283 CONNECTION 304 534 300 420 5520 5520
4284 CONNECTION 304 168 300 540 3840 3840
4285 CONNECTION 304 198 300 780 5340 5340
4286 CONNECTION 304 224 300 1260 5820 5820
4287 CONNECTION 304 815 300 1320 4620 4620
4288 CONNECTION 304 416 300 1620 6900 6900
4289 CONNECTION 304 560 300 2100 5400 5400
4290 CONNECTION 304 515 300 2280 7560 7560
4291 CONNECTION 304 466 300 2580 7140 7140
4292 CONNECTION 304 496 300 3060 7620 7620
4293 CONNECTION 304 114 300 3240 8340 8340
4294 CONNECTION 304 762 300 3900 7200 7200
4295 CONNECTION 304 11 300 4020 9120 9120
4296 CONNECTION 304 688 300 4140 7440 7440
4297 CONNECTION 304 718 300 4380 8940 8940
4298 CONNECTION 758 759 -1 -1 2880 2880
4299 CONNECTION 758 415 -1 -1 3840 3840
4300 CONNECTION 758 277 -1 -1 2100 2100
4301 CONNECTION 758 918 -1 -1 3420 3420
4302 CONNECTION 758 985 -1 -1 4680 4680
4303 CONNECTION 758 685 -1 -1 4200 4200
4304 CONNECTION 758 1074 -1 -1 3060 3060
4305 CONNECTION 758 306 300 540 4800 4800
4306 CONNECTION 758 533 300 1200 4500 4500
4307 CONNECTION 758 35 300 1320 6480 6480
4308 CONNECTION 758 1032 300 1320 6480 6480
4309 CONNECTION 758 197 300 1560 4860 4860
4310 CONNECTION 758 900 300 2280 7440 7440
4311 CONNECTION 758 787 300 2400 5700 5700
4312 CONNECTION 758 1058 300 2580 7020 7020
4313 CONNECTION 758 249 300 3120 8280 8280
4314 CONNECTION 758 169 300 3360 7800 7800
4315 CONNECTION 758 465 300 3360 6660 6660
4316 CONNECTION 758 816 300 4140 8400 8400
4317 CONNECTION 758 10 300 4800 8100 8100
4318 CONNECTION 611 1037 -1 -1 3720 3720
4319 CONNECTION 611 34 -1 -1 2220 2220
4320 CONNECTION 611 1031 -1 -1 2220 2220
4321 CONNECTION 611 1082 -1 -1 4380 4380
4322 CONNECTION 611 1075 -1 -1 3960 3960
4323 CONNECTION 611 738 -1 -1 4440 4440
4324 CONNECTION 611 1015 -1 -1 5160 5160
4325 CONNECTION 611 248 300 720 4020 4020
4326 CONNECTION 611 534 300 840 5940 5940
4327 CONNECTION 611 168 300 960 4260 4260
4328 CONNECTION 611 198 300 1200 5760 5760
4329 CONNECTION 611 224 300 1680 6240 6240
4330 CONNECTION 611 815 300 1740 5040 5040
4331 CONNECTION 611 416 300 2040 7320 7320
4332 CONNECTION 611 560 300 2520 5820 5820
4333 CONNECTION 611 515 300 2700 7980 7980
4334 CONNECTION 611 466 300 3000 7560 7560
4335 CONNECTION 611 496 300 3480 8040 8040
4336 CONNECTION 611 114 300 3660 8760 8760
4337 CONNECTION 611 762 300 4320 7620 7620
4338 CONNECTION 611 11 300 4440 9540 9540
4339 CONNECTION 611 688 300 4560 7860 7860
4340 CONNECTION 611 718 300 4800 9360 9360
4341 CONNECTION 836 558 -1 -1 2580 2580
4342 CONNECTION 836 112 -1 -1 3000 3000
4343 CONNECTION 836 873 -1 -1 4260 4260
4344 CONNECTION 836 760 300 420 4380 4380
4345 CONNECTION 836 136 300 1620 6060 6060
4346 CONNECTION 836 986 300 2220 6180 6180
4347 CONNECTION 836 632 300 2340 6600 6600
4348 CONNECTION 836 388 300 3420 7860 7860
4349 CONNECTION 836 36 300 4020 7980 7980
4350 CONNECTION 836 1077 300 4020 7980 7980
4351 CONNECTION 961 962 -1 -1 2100 2100
4352 CONNECTION 961 386 -1 -1 2040 2040
4353 CONNECTION 961 584 -1 -1 2340 2340
4354 CONNECTION 961 92 -1 -1 4020 4020
4355 CONNECTION 961 113 -1 -1 5160 5160
4356 CONNECTION 961 920 -1 -1 5160 5160
4357 CONNECTION 961 279 300 660 3840 3840
4358 CONNECTION 961 654 300 660 3840 3840
4359 CONNECTION 961 687 300 660 4140 4140
4360 CONNECTION 961 839 300 660 4140 4140
4361 CONNECTION 961 1038 300 660 3840 3840
4362 CONNECTION 961 362 300 1440 5820 5820
4363 CONNECTION 961 1083 300 1440 5700 5700
4364 CONNECTION 961 66 300 2460 5940 5940
4365 CONNECTION 961 875 300 2460 5640 5640
4366 CONNECTION 961 614 300 3240 7620 7620
4367 CONNECTION 961 633 300 3480 8760 8760
4368 CONNECTION 961 1060 300 3480 8760 8760
4369 CONNECTION 961 138 300 4260 7440 7440
4370 CONNECTION 961 171 300 4260 7740 7740
4371 CONNECTION 961 336 300 4260 7740 7740
4372 CONNECTION 961 417 300 4260 7440 7440
4373 CONNECTION 961 789 300 4260 7440 7440
4374 SINK 961 2 -1 -1 300 300
4375 CONNECTION 1073 1074 -1 -1 1020 1020
4376 CONNECTION 1073 306 -1 -1 2760 2760
4377 CONNECTION 1073 533 -1 -1 2460 2460
4378 CONNECTION 1073 35 -1 -1 4440 4440
4379 CONNECTION 1073 1032 -1 -1 4440 4440
4380 CONNECTION 1073 197 -1 -1 2820 2820
4381 CONNECTION 1073 900 -1 -1 5400 5400
4382 CONNECTION 1073 787 300 360 3660 3660
4383 CONNECTION 1073 1058 300 540 4980 4980
4384 CONNECTION 1073 249 300 1080 6240 6240
4385 CONNECTION 1073 169 300 1320 5760 5760
4386 CONNECTION 1073 465 300 1320 4620 4620
4387 CONNECTION 1073 816 300 2100 6360 6360
4388 CONNECTION 1073 10 300 2760 6060 6060
4389 CONNECTION 1073 561 300 2880 8040 8040
4390 CONNECTION 1073 717 300 3120 6420 6420
4391 CONNECTION 1073 1040 300 3840 9000 9000
4392 CONNECTION 1073 281 300 3960 7260 7260
4393 CONNECTION 1073 441 300 4140 8580 8580
4394 CONNECTION 1073 763 300 4680 9840 9840
4395 CONNECTION 813 837 -1 -1 3000 3000
4396 CONNECTION 813 64 -1 -1 4800 4800
4397 CONNECTION 813 9 300 1620 5880 5880
4398 CONNECTION 813 334 300 1980 6600 6600
4399 CONNECTION 813 586 300 3780 8400 8400
4400 CONNECTION 714 715 -1 -1 1680 1680
4401 CONNECTION 714 223 -1 -1 2580 2580
4402 CONNECTION 714 361 -1 -1 3240 3240
4403 CONNECTION 714 940 -1 -1 3480 3480
4404 CONNECTION 714 559 -1 -1 4440 4440
4405 CONNECTION 714 495 -1 -1 4380 4380
4406 CONNECTION 714 613 300 480 5040 5040
4407 CONNECTION 714 1076 300 1320 5280 5280
4408 CONNECTION 714 761 300 1680 6240 6240
4409 CONNECTION 714 739 300 1800 6180 6180
4410 CONNECTION 714 93 300 2280 6840 6840
4411 CONNECTION 714 199 300 3120 7080 7080
4412 CONNECTION 714 987 300 3480 8040 8040
4413 CONNECTION 714 225 300 3600 7980 7980
4414 CONNECTION 714 363 300 4080 8640 8640
4415 CONNECTION 62 63 -1 -1 2220 2220
4416 CONNECTION 62 385 -1 -1 2400 2400
4417 CONNECTION 62 333 -1 -1 4020 4020
4418 CONNECTION 62 278 300 720 4200 4200
4419 CONNECTION 62 653 300 720 4200 4200
4420 CONNECTION 62 585 300 1380 5820 5820
4421 CONNECTION 62 874 300 2520 6000 6000
4422 CONNECTION 62 840 300 3180 7620 7620
4423 CONNECTION 62 137 300 4320 7800 7800
4424 CONNECTION 62 788 300 4320 7800 7800
4425 CONNECTION 871 872 -1 -1 2340 2340
4426 CONNECTION 871 135 -1 -1 4140 4140
4427 CONNECTION 871 583 -1 -1 2700 2700
4428 CONNECTION 871 899 -1 -1 3960 3960
4429 CONNECTION 871 786 -1 -1 4080 4080
4430 CONNECTION 871 919 300 540 3720 3720
4431 CONNECTION 871 387 300 1320 5940 5940
4432 CONNECTION 871 686 300 1320 4500 4500
4433 CONNECTION 871 838 300 1320 4500 4500
4434 CONNECTION 871 65 300 3120 6300 6300
4435 CONNECTION 871 655 300 3120 7740 7740
4436 CONNECTION 871 1039 300 3120 7560 7560
4437 CONNECTION 871 280 300 3240 7680 7680
4438 CONNECTION 871 1059 300 4140 7320 7320
4439 CONNECTION 1008 1009 -1 -1 2220 2220
4440 CONNECTION 1008 385 -1 -1 2400 2400
4441 CONNECTION 1008 333 -1 -1 4020 4020
4442 CONNECTION 1008 278 300 720 4200 4200
4443 CONNECTION 1008 653 300 720 4200 4200
4444 CONNECTION 1008 585 300 1380 5820 5820
4445 CONNECTION 1008 874 300 2520 6000 6000
4446 CONNECTION 1008 840 300 3180 7620 7620
4447 CONNECTION 1008 137 300 4320 7800 7800
4448 CONNECTION 1008 788 300 4320 7800 7800
4449 CONNECTION 384 385 -1 -1 1320 1320
4450 CONNECTION 384 333 -1 -1 2940 2940
4451 CONNECTION 384 278 -1 -1 3120 3120
4452 CONNECTION 384 653 -1 -1 3120 3120
4453 CONNECTION 384 585 -1 -1 4740 4740
4454 CONNECTION 384 874 300 1440 4920 4920
4455 CONNECTION 384 840 300 2100 6540 6540
4456 CONNECTION 384 137 300 3240 6720 6720
4457 CONNECTION 384 788 300 3240 6720 6720
4458 CONNECTION 384 67 300 3900 8340 8340
4459 CONNECTION 438 439 -1 -1 3000 3000
4460 CONNECTION 438 134 -1 -1 1680 1680
4461 CONNECTION 438 167 -1 -1 1980 1980
4462 CONNECTION 438 332 -1 -1 1980 1980
4463 CONNECTION 438 785 -1 -1 1680 1680
4464 CONNECTION 438 898 -1 -1 1680 1680
4465 CONNECTION 438 612 -1 -1 3660 3660
4466 CONNECTION 438 962 -1 -1 3540 3540
4467 CONNECTION 438 386 -1 -1 3480 3480
4468 CONNECTION 438 584 -1 -1 3780 3780
4469 CONNECTION 438 92 300 1080 5460 5460
4470 CONNECTION 438 113 300 1320 6600 6600
4471 CONNECTION 438 920 300 1320 6600 6600
4472 CONNECTION 438 279 300 2100 5280 5280
4473 CONNECTION 438 654 300 2100 5280 5280
4474 CONNECTION 438 687 300 2100 5580 5580
4475 CONNECTION 438 839 300 2100 5580 5580
4476 CONNECTION 438 1038 300 2100 5280 5280
4477 CONNECTION 438 362 300 2880 7260 7260
4478 CONNECTION 438 1083 300 2880 7140 7140
4479 CONNECTION 438 66 300 3900 7380 7380
4480 CONNECTION 438 875 300 3900 7080 7080
4481 CONNECTION 438 614 300 4680 9060 9060
4482 SINK 438 2 -1 -1 300 300
4483 CONNECTION 7 8 -1 -1 2820 2820
4484 CONNECTION 7 494 -1 -1 3120 3120
4485 CONNECTION 7 305 -1 -1 1920 1920
4486 CONNECTION 7 1037 -1 -1 4200 4200
4487 CONNECTION 7 34 -1 -1 2700 2700
4488 CONNECTION 7 1031 -1 -1 2700 2700
4489 CONNECTION 7 1082 -1 -1 4860 4860
4490 CONNECTION 7 1075 -1 -1 4440 4440
4491 CONNECTION 7 738 300 360 4920 4920
4492 CONNECTION 7 1015 300 540 5640 5640
4493 CONNECTION 7 248 300 1200 4500 4500
4494 CONNECTION 7 534 300 1320 6420 6420
4495 CONNECTION 7 168 300 1440 4740 4740
4496 CONNECTION 7 198 300 1680 6240 6240
4497 CONNECTION 7 224 300 2160 6720 6720
4498 CONNECTION 7 815 300 2220 5520 5520
4499 CONNECTION 7 416 300 2520 7800 7800
4500 CONNECTION 7 560 300 3000 6300 6300
4501 CONNECTION 7 515 300 3180 8460 8460
4502 CONNECTION 7 466 300 3480 8040 8040
4503 CONNECTION 7 496 300 3960 8520 8520
4504 CONNECTION 7 114 300 4140 9240 9240
4505 CONNECTION 7 762 300 4800 8100 8100
4506 CONNECTION 976 977 -1 -1 2820 2820
4507 CONNECTION 976 494 -1 -1 3120 3120
4508 CONNECTION 976 305 -1 -1 1920 1920
4509 CONNECTION 976 1037 -1 -1 4200 4200
4510 CONNECTION 976 34 -1 -1 2700 2700
4511 CONNECTION 976 1031 -1 -1 2700 2700
4512 CONNECTION 976 1082 -1 -1 4860 4860
4513 CONNECTION 976 1075 -1 -1 4440 4440
4514 CONNECTION 976 738 300 360 4920 4920
4515 CONNECTION 976 1015 300 540 5640 5640
4516 CONNECTION 976 248 300 1200 4500 4500
4517 CONNECTION 976 534 300 1320 6420 6420
4518 CONNECTION 976 168 300 1440 4740 4740
4519 CONNECTION 976 198 300 1680 6240 6240
4520 CONNECTION 976 224 300 2160 6720 6720
4521 CONNECTION 976 815 300 2220 5520 5520
4522 CONNECTION 976 416 300 2520 7800 7800
4523 CONNECTION 976 560 300 3000 6300 6300
4524 CONNECTION 976 515 300 3180 8460 8460
4525 CONNECTION 976 466 300 3480 8040 8040
4526 CONNECTION 976 496 300 3960 8520 8520
4527 CONNECTION 976 114 300 4140 9240 9240
4528 CONNECTION 976 762 300 4800 8100 8100
4529 CONNECTION 222 223 -1 -1 2100 2100
4530 CONNECTION 222 361 -1 -1 2760 2760
4531 CONNECTION 222 940 -1 -1 3000 3000
4532 CONNECTION 222 559 -1 -1 3960 3960
4533 CONNECTION 222 495 -1 -1 3900 3900
4534 CONNECTION 222 613 -1 -1 4560 4560
4535 CONNECTION 222 1076 300 840 4800 4800
4536 CONNECTION 222 761 300 1200 5760 5760
4537 CONNECTION 222 739 300 1320 5700 5700
4538 CONNECTION 222 93 300 1800 6360 6360
4539 CONNECTION 222 199 300 2640 6600 6600
4540 CONNECTION 222 987 300 3000 7560 7560
4541 CONNECTION 222 225 300 3120 7500 7500
4542 CONNECTION 222 363 300 3600 8160 8160
4543 CONNECTION 222 467 300 4440 8400 8400
4544 CONNECTION 222 37 300 4800 9360 9360
4545 CONNECTION 222 1078 300 4800 9360 9360
4546 CONNECTION 463 558 -1 -1 2280 2280
4547 CONNECTION 463 112 -1 -1 2700 2700
4548 CONNECTION 463 873 -1 -1 3960 3960
4549 CONNECTION 463 760 -1 -1 4080 4080
4550 CONNECTION 463 136 300 1320 5760 5760
4551 CONNECTION 463 986 300 1920 5880 5880
4552 CONNECTION 463 632 300 2040 6300 6300
4553 CONNECTION 463 388 300 3120 7560 7560
4554 CONNECTION 463 36 300 3720 7680 7680
4555 CONNECTION 463 1077 300 3720 7680 7680
4556 CONNECTION 1081 1082 -1 -1 3000 3000
4557 CONNECTION 1081 738 -1 -1 3060 3060
4558 CONNECTION 1081 1015 -1 -1 3780 3780
4559 CONNECTION 1081 248 -1 -1 2640 2640
4560 CONNECTION 1081 534 -1 -1 4560 4560
4561 CONNECTION 1081 168 -1 -1 2880 2880
4562 CONNECTION 1081 198 -1 -1 4380 4380
4563 CONNECTION 1081 224 -1 -1 4860 4860
4564 CONNECTION 1081 815 300 360 3660 3660
4565 CONNECTION 1081 416 300 660 5940 5940
4566 CONNECTION 1081 560 300 1140 4440 4440
4567 CONNECTION 1081 515 300 1320 6600 6600
4568 CONNECTION 1081 466 300 1620 6180 6180
4569 CONNECTION 1081 496 300 2100 6660 6660
4570 CONNECTION 1081 114 300 2280 7380 7380
4571 CONNECTION 1081 762 300 2940 6240 6240
4572 CONNECTION 1081 11 300 3060 8160 8160
4573 CONNECTION 1081 688 300 3180 6480 6480
4574 CONNECTION 1081 718 300 3420 7980 7980
4575 CONNECTION 1081 740 300 3900 8460 8460
4576 CONNECTION 1081 308 300 3960 7260 7260
4577 CONNECTION 1081 901 300 4260 9540 9540
4578 CONNECTION 1081 988 300 4740 8040 8040
4579 CONNECTION 759 716 -1 -1 4560 4560
4580 CONNECTION 759 440 300 420 5580 5580
4581 CONNECTION 759 941 300 1200 6360 6360
4582 CONNECTION 759 1087 300 3000 8160 8160
4583 CONNECTION 759 921 300 4020 9180 9180
4584 CONNECTION 759 200 300 4800 9960 9960
4585 CONNECTION 582 583 -1 -1 900 900
4586 CONNECTION 582 919 -1 -1 1920 1920
4587 CONNECTION 582 387 -1 -1 4140 4140
4588 CONNECTION 582 686 -1 -1 2700 2700
4589 CONNECTION 582 838 -1 -1 2700 2700
4590 CONNECTION 582 65 300 1320 4500 4500
4591 CONNECTION 582 655 300 1320 5940 5940
4592 CONNECTION 582 1039 300 1320 5760 5760
4593 CONNECTION 582 280 300 1440 5880 5880
4594 CONNECTION 582 1059 300 2340 5520 5520
4595 CONNECTION 582 170 300 3120 6300 6300
4596 CONNECTION 582 335 300 3120 6300 6300
4597 CONNECTION 582 876 300 3120 7740 7740
4598 CONNECTION 631 514 -1 -1 3420 3420
4599 CONNECTION 631 307 300 960 6060 6060
4600 CONNECTION 631 963 300 1920 7020 7020
4601 CONNECTION 631 817 300 4560 9660 9660
4602 CONNECTION 938 939 -1 -1 2280 2280
4603 CONNECTION 938 494 -1 -1 2760 2760
4604 CONNECTION 938 305 -1 -1 1560 1560
4605 CONNECTION 938 1037 -1 -1 3840 3840
4606 CONNECTION 938 34 -1 -1 2340 2340
4607 CONNECTION 938 1031 -1 -1 2340 2340
4608 CONNECTION 938 1082 -1 -1 4500 4500
4609 CONNECTION 938 1075 -1 -1 4080 4080
4610 CONNECTION 938 738 -1 -1 4560 4560
4611 CONNECTION 938 1015 -1 -1 5280 5280
4612 CONNECTION 938 248 300 840 4140 4140
4613 CONNECTION 938 534 300 960 6060 6060
4614 CONNECTION 938 168 300 1080 4380 4380
4615 CONNECTION 938 198 300 1320 5880 5880
4616 CONNECTION 938 224 300 1800 6360 6360
4617 CONNECTION 938 815 300 1860 5160 5160
4618 CONNECTION 938 416 300 2160 7440 7440
4619 CONNECTION 938 560 300 2640 5940 5940
4620 CONNECTION 938 515 300 2820 8100 8100
4621 CONNECTION 938 466 300 3120 7680 7680
4622 CONNECTION 938 496 300 3600 8160 8160
4623 CONNECTION 938 114 300 3780 8880 8880
4624 CONNECTION 938 762 300 4440 7740 7740
4625 CONNECTION 938 11 300 4560 9660 9660
4626 CONNECTION 938 688 300 4680 7980 7980
4627 CONNECTION 33 34 -1 -1 1020 1020
4628 CONNECTION 33 1075 -1 -1 2760 2760
4629 CONNECTION 33 738 -1 -1 3240 3240
4630 CONNECTION 33 1015 -1 -1 3960 3960
4631 CONNECTION 33 248 -1 -1 2820 2820
4632 CONNECTION 33 534 -1 -1 4740 4740
4633 CONNECTION 33 168 -1 -1 3060 3060
4634 CONNECTION 33 198 -1 -1 4560 4560
4635 CONNECTION 33 224 300 480 5040 5040
4636 CONNECTION 33 815 300 540 3840 3840
4637 CONNECTION 33 416 300 840 6120 6120
4638 CONNECTION 33 560 300 1320 4620 4620
4639 CONNECTION 33 515 300 1500 6780 6780
4640 CONNECTION 33 466 300 1800 6360 6360
4641 CONNECTION 33 496 300 2280 6840 6840
4642 CONNECTION 33 114 300 2460 7560 7560
4643 CONNECTION 33 762 300 3120 6420 6420
4644 CONNECTION 33 11 300 3240 8340 8340
4645 CONNECTION 33 688 300 3360 6660 6660
4646 CONNECTION 33 718 300 3600 8160 8160
4647 CONNECTION 33 740 300 4080 8640 8640
4648 CONNECTION 33 308 300 4140 7440 7440
4649 CONNECTION 33 901 300 4440 9720 9720
4650 CONNECTION 133 134 -1 -1 900 900
4651 CONNECTION 133 612 -1 -1 2880 2880
4652 CONNECTION 133 962 -1 -1 2760 2760
4653 CONNECTION 133 386 -1 -1 2700 2700
4654 CONNECTION 133 584 -1 -1 3000 3000
4655 CONNECTION 133 92 -1 -1 4680 4680
4656 CONNECTION 133 113 300 540 5820 5820
4657 CONNECTION 133 920 300 540 5820 5820
4658 CONNECTION 133 279 300 1320 4500 4500
4659 CONNECTION 133 654 300 1320 4500 4500
4660 CONNECTION 133 687 300 1320 4800 4800
4661 CONNECTION 133 839 300 1320 4800 4800
4662 CONNECTION 133 1038 300 1320 4500 4500
4663 CONNECTION 133 362 300 2100 6480 6480
4664 CONNECTION 133 1083 300 2100 6360 6360
4665 CONNECTION 133 66 300 3120 6600 6600
4666 CONNECTION 133 875 300 3120 6300 6300
4667 CONNECTION 133 614 300 3900 8280 8280
4668 CONNECTION 133 633 300 4140 9420 9420
4669 CONNECTION 133 1060 300 4140 9420 9420
4670 SINK 133 2 -1 -1 300 300
4671 CONNECTION 784 785 -1 -1 900 900
4672 CONNECTION 784 612 -1 -1 2880 2880
4673 CONNECTION 784 962 -1 -1 2760 2760
4674 CONNECTION 784 386 -1 -1 2700 2700
4675 CONNECTION 784 584 -1 -1 3000 3000
4676 CONNECTION 784 92 -1 -1 4680 4680
4677 CONNECTION 784 113 300 540 5820 5820
4678 CONNECTION 784 920 300 540 5820 5820
4679 CONNECTION 784 279 300 1320 4500 4500
4680 CONNECTION 784 654 300 1320 4500 4500
4681 CONNECTION 784 687 300 1320 4800 4800
4682 CONNECTION 784 839 300 1320 4800 4800
4683 CONNECTION 784 1038 300 1320 4500 4500
4684 CONNECTION 784 362 300 2100 6480 6480
4685 CONNECTION 784 1083 300 2100 6360 6360
4686 CONNECTION 784 66 300 3120 6600 6600
4687 CONNECTION 784 875 300 3120 6300 6300
4688 CONNECTION 784 614 300 3900 8280 8280
4689 CONNECTION 784 633 300 4140 9420 9420
4690 CONNECTION 784 1060 300 4140 9420 9420
4691 SINK 784 2 -1 -1 300 300
4692 CONNECTION 1030 1031 -1 -1 1020 1020
4693 CONNECTION 1030 1075 -1 -1 2760 2760
4694 CONNECTION 1030 738 -1 -1 3240 3240
4695 CONNECTION 1030 1015 -1 -1 3960 3960
4696 CONNECTION 1030 248 -1 -1 2820 2820
4697 CONNECTION 1030 534 -1 -1 4740 4740
4698 CONNECTION 1030 168 -1 -1 3060 3060
4699 CONNECTION 1030 198 -1 -1 4560 4560
4700 CONNECTION 1030 224 300 480 5040 5040
4701 CONNECTION 1030 815 300 540 3840 3840
4702 CONNECTION 1030 416 300 840 6120 6120
4703 CONNECTION 1030 560 300 1320 4620 4620
4704 CONNECTION 1030 515 300 1500 6780 6780
4705 CONNECTION 1030 466 300 1800 6360 6360
4706 CONNECTION 1030 496 300 2280 6840 6840
4707 CONNECTION 1030 114 300 2460 7560 7560
4708 CONNECTION 1030 762 300 3120 6420 6420
4709 CONNECTION 1030 11 300 3240 8340 8340
4710 CONNECTION 1030 688 300 3360 6660 6660
4711 CONNECTION 1030 718 300 3600 8160 8160
4712 CONNECTION 1030 740 300 4080 8640 8640
4713 CONNECTION 1030 308 300 4140 7440 7440
4714 CONNECTION 1030 901 300 4440 9720 9720
4715 CONNECTION 246 247 -1 -1 2280 2280
4716 CONNECTION 246 361 -1 -1 2880 2880
4717 CONNECTION 246 940 -1 -1 3120 3120
4718 CONNECTION 246 559 -1 -1 4080 4080
4719 CONNECTION 246 495 -1 -1 4020 4020
4720 CONNECTION 246 613 -1 -1 4680 4680
4721 CONNECTION 246 1076 300 960 4920 4920
4722 CONNECTION 246 761 300 1320 5880 5880
4723 CONNECTION 246 739 300 1440 5820 5820
4724 CONNECTION 246 93 300 1920 6480 6480
4725 CONNECTION 246 199 300 2760 6720 6720
4726 CONNECTION 246 987 300 3120 7680 7680
4727 CONNECTION 246 225 300 3240 7620 7620
4728 CONNECTION 246 363 300 3720 8280 8280
4729 CONNECTION 246 467 300 4560 8520 8520
4730 CONNECTION 737 386 -1 -1 1680 1680
4731 CONNECTION 737 584 -1 -1 1980 1980
4732 CONNECTION 737 92 -1 -1 3660 3660
4733 CONNECTION 737 113 -1 -1 4800 4800
4734 CONNECTION 737 920 -1 -1 4800 4800
4735 CONNECTION 737 279 -1 -1 3480 3480
4736 CONNECTION 737 654 -1 -1 3480 3480
4737 CONNECTION 737 687 -1 -1 3780 3780
4738 CONNECTION 737 839 -1 -1 3780 3780
4739 CONNECTION 737 1038 -1 -1 3480 3480
4740 CONNECTION 737 362 300 1080 5460 5460
4741 CONNECTION 737 1083 300 1080 5340 5340
4742 CONNECTION 737 66 300 2100 5580 5580
4743 CONNECTION 737 875 300 2100 5280 5280
4744 CONNECTION 737 614 300 2880 7260 7260
4745 CONNECTION 737 633 300 3120 8400 8400
4746 CONNECTION 737 1060 300 3120 8400 8400
4747 CONNECTION 737 138 300 3900 7080 7080
4748 CONNECTION 737 171 300 3900 7380 7380
4749 CONNECTION 737 336 300 3900 7380 7380
4750 CONNECTION 737 417 300 3900 7080 7080
4751 CONNECTION 737 789 300 3900 7080 7080
4752 CONNECTION 737 94 300 4680 9060 9060
4753 CONNECTION 737 516 300 4680 8940 8940
4754 SINK 737 2 -1 -1 300 300
4755 CONNECTION 360 361 -1 -1 2400 2400
4756 CONNECTION 360 940 -1 -1 2640 2640
4757 CONNECTION 360 559 -1 -1 3600 3600
4758 CONNECTION 360 495 -1 -1 3540 3540
4759 CONNECTION 360 613 -1 -1 4200 4200
4760 CONNECTION 360 1076 300 480 4440 4440
4761 CONNECTION 360 761 300 840 5400 5400
4762 CONNECTION 360 739 300 960 5340 5340
4763 CONNECTION 360 93 300 1440 6000 6000
4764 CONNECTION 360 199 300 2280 6240 6240
4765 CONNECTION 360 987 300 2640 7200 7200
4766 CONNECTION 360 225 300 2760 7140 7140
4767 CONNECTION 360 363 300 3240 7800 7800
4768 CONNECTION 360 467 300 4080 8040 8040
4769 CONNECTION 360 37 300 4440 9000 9000
4770 CONNECTION 360 1078 300 4440 9000 9000
4771 CONNECTION 360 497 300 4560 8940 8940
4772 CONNECTION 166 167 -1 -1 1200 1200
4773 CONNECTION 166 612 -1 -1 2880 2880
4774 CONNECTION 166 962 -1 -1 2760 2760
4775 CONNECTION 166 386 -1 -1 2700 2700
4776 CONNECTION 166 584 -1 -1 3000 3000
4777 CONNECTION 166 92 -1 -1 4680 4680
4778 CONNECTION 166 113 300 540 5820 5820
4779 CONNECTION 166 920 300 540 5820 5820
4780 CONNECTION 166 279 300 1320 4500 4500
4781 CONNECTION 166 654 300 1320 4500 4500
4782 CONNECTION 166 687 300 1320 4800 4800
4783 CONNECTION 166 839 300 1320 4800 4800
4784 CONNECTION 166 1038 300 1320 4500 4500
4785 CONNECTION 166 362 300 2100 6480 6480
4786 CONNECTION 166 1083 300 2100 6360 6360
4787 CONNECTION 166 66 300 3120 6600 6600
4788 CONNECTION 166 875 300 3120 6300 6300
4789 CONNECTION 166 614 300 3900 8280 8280
4790 CONNECTION 166 633 300 4140 9420 9420
4791 CONNECTION 166 1060 300 4140 9420 9420
4792 SINK 166 2 -1 -1 300 300
4793 CONNECTION 331 332 -1 -1 1200 1200
4794 CONNECTION 331 612 -1 -1 2880 2880
4795 CONNECTION 331 962 -1 -1 2760 2760
4796 CONNECTION 331 386 -1 -1 2700 2700
4797 CONNECTION 331 584 -1 -1 3000 3000
4798 CONNECTION 331 92 -1 -1 4680 4680
4799 CONNECTION 331 113 300 540 5820 5820
4800 CONNECTION 331 920 300 540 5820 5820
4801 CONNECTION 331 279 300 1320 4500 4500
4802 CONNECTION 331 654 300 1320 4500 4500
4803 CONNECTION 331 687 300 1320 4800 4800
4804 CONNECTION 331 839 300 1320 4800 4800
4805 CONNECTION 331 1038 300 1320 4500 4500
4806 CONNECTION 331 362 300 2100 6480 6480
4807 CONNECTION 331 1083 300 2100 6360 6360
4808 CONNECTION 331 66 300 3120 6600 6600
4809 CONNECTION 331 875 300 3120 6300 6300
4810 CONNECTION 331 614 300 3900 8280 8280
4811 CONNECTION 331 633 300 4140 9420 9420
4812 CONNECTION 331 1060 300 4140 9420 9420
4813 SINK 331 2 -1 -1 300 300
4814 CONNECTION 872 64 -1 -1 3060 3060
4815 CONNECTION 872 9 -1 -1 4140 4140
4816 CONNECTION 872 334 -1 -1 4860 4860
4817 CONNECTION 872 586 300 2040 6660 6660
4818 CONNECTION 872 535 300 3480 7740 7740
4819 CONNECTION 872 841 300 3840 8460 8460
4820 CONNECTION 439 248 -1 -1 1680 1680
4821 CONNECTION 439 534 -1 -1 3600 3600
4822 CONNECTION 439 168 -1 -1 1920 1920
4823 CONNECTION 439 198 -1 -1 3420 3420
4824 CONNECTION 439 224 -1 -1 3900 3900
4825 CONNECTION 439 815 -1 -1 2700 2700
4826 CONNECTION 439 416 -1 -1 4980 4980
4827 CONNECTION 439 560 -1 -1 3480 3480
4828 CONNECTION 439 515 300 360 5640 5640
4829 CONNECTION 439 466 300 660 5220 5220
4830 CONNECTION 439 496 300 1140 5700 5700
4831 CONNECTION 439 114 300 1320 6420 6420
4832 CONNECTION 439 762 300 1980 5280 5280
4833 CONNECTION 439 11 300 2100 7200 7200
4834 CONNECTION 439 688 300 2220 5520 5520
4835 CONNECTION 439 718 300 2460 7020 7020
4836 CONNECTION 439 740 300 2940 7500 7500
4837 CONNECTION 439 308 300 3000 6300 6300
4838 CONNECTION 439 901 300 3300 8580 8580
4839 CONNECTION 439 988 300 3780 7080 7080
4840 CONNECTION 439 964 300 3960 9240 9240
4841 CONNECTION 439 943 300 4260 8820 8820
4842 CONNECTION 439 226 300 4740 9300 9300
4843 CONNECTION 1014 1015 -1 -1 2820 2820
4844 CONNECTION 1014 248 -1 -1 1680 1680
4845 CONNECTION 1014 534 -1 -1 3600 3600
4846 CONNECTION 1014 168 -1 -1 1920 1920
4847 CONNECTION 1014 198 -1 -1 3420 3420
4848 CONNECTION 1014 224 -1 -1 3900 3900
4849 CONNECTION 1014 815 -1 -1 2700 2700
4850 CONNECTION 1014 416 -1 -1 4980 4980
4851 CONNECTION 1014 560 -1 -1 3480 3480
4852 CONNECTION 1014 515 300 360 5640 5640
4853 CONNECTION 1014 466 300 660 5220 5220
4854 CONNECTION 1014 496 300 1140 5700 5700
4855 CONNECTION 1014 114 300 1320 6420 6420
4856 CONNECTION 1014 762 300 1980 5280 5280
4857 CONNECTION 1014 11 300 2100 7200 7200
4858 CONNECTION 1014 688 300 2220 5520 5520
4859 CONNECTION 1014 718 300 2460 7020 7020
4860 CONNECTION 1014 740 300 2940 7500 7500
4861 CONNECTION 1014 308 300 3000 6300 6300
4862 CONNECTION 1014 901 300 3300 8580 8580
4863 CONNECTION 1014 988 300 3780 7080 7080
4864 CONNECTION 1014 964 300 3960 9240 9240
4865 CONNECTION 1014 943 300 4260 8820 8820
4866 CONNECTION 1014 226 300 4740 9300 9300
4867 CONNECTION 984 985 -1 -1 2880 2880
4868 CONNECTION 984 306 -1 -1 3000 3000
4869 CONNECTION 984 533 -1 -1 2700 2700
4870 CONNECTION 984 35 -1 -1 4680 4680
4871 CONNECTION 984 1032 -1 -1 4680 4680
4872 CONNECTION 984 197 -1 -1 3060 3060
4873 CONNECTION 984 900 300 480 5640 5640
4874 CONNECTION 984 787 300 600 3900 3900
4875 CONNECTION 984 1058 300 780 5220 5220
4876 CONNECTION 984 249 300 1320 6480 6480
4877 CONNECTION 984 169 300 1560 6000 6000
4878 CONNECTION 984 465 300 1560 4860 4860
4879 CONNECTION 984 816 300 2340 6600 6600
4880 CONNECTION 984 10 300 3000 6300 6300
4881 CONNECTION 984 561 300 3120 8280 8280
4882 CONNECTION 984 717 300 3360 6660 6660
4883 CONNECTION 984 1040 300 4080 9240 9240
4884 CONNECTION 984 281 300 4200 7500 7500
4885 CONNECTION 984 441 300 4380 8820 8820
4886 CONNECTION 8 307 -1 -1 5280 5280
4887 CONNECTION 8 963 300 1140 6240 6240
4888 CONNECTION 8 817 300 3780 8880 8880
4889 CONNECTION 8 1095 300 4740 9840 9840
4890 CONNECTION 91 1015 -1 -1 3360 3360
4891 CONNECTION 91 248 -1 -1 2220 2220
4892 CONNECTION 91 534 -1 -1 4140 4140
4893 CONNECTION 91 168 -1 -1 2460 2460
4894 CONNECTION 91 198 -1 -1 3960 3960
4895 CONNECTION 91 224 -1 -1 4440 4440
4896 CONNECTION 91 815 -1 -1 3240 3240
4897 CONNECTION 91 416 -1 -1 5520 5520
4898 CONNECTION 91 560 300 720 4020 4020
4899 CONNECTION 91 515 300 900 6180 6180
4900 CONNECTION 91 466 300 1200 5760 5760
4901 CONNECTION 91 496 300 1680 6240 6240
4902 CONNECTION 91 114 300 1860 6960 6960
4903 CONNECTION 91 762 300 2520 5820 5820
4904 CONNECTION 91 11 300 2640 7740 7740
4905 CONNECTION 91 688 300 2760 6060 6060
4906 CONNECTION 91 718 300 3000 7560 7560
4907 CONNECTION 91 740 300 3480 8040 8040
4908 CONNECTION 91 308 300 3540 6840 6840
4909 CONNECTION 91 901 300 3840 9120 9120
4910 CONNECTION 91 988 300 4320 7620 7620
4911 CONNECTION 91 964 300 4500 9780 9780
4912 CONNECTION 91 943 300 4800 9360 9360
4913 CONNECTION 977 307 -1 -1 5280 5280
4914 CONNECTION 977 963 300 1140 6240 6240
4915 CONNECTION 977 817 300 3780 8880 8880
4916 CONNECTION 977 1095 300 4740 9840 9840
4917 CONNECTION 63 760 -1 -1 2580 2580
4918 CONNECTION 63 136 -1 -1 4260 4260
4919 CONNECTION 63 986 300 420 4380 4380
4920 CONNECTION 63 632 300 540 4800 4800
4921 CONNECTION 63 388 300 1620 6060 6060
4922 CONNECTION 63 36 300 2220 6180 6180
4923 CONNECTION 63 1077 300 2220 6180 6180
4924 CONNECTION 63 656 300 3420 7860 7860
4925 CONNECTION 63 250 300 4020 7980 7980
4926 CONNECTION 63 1016 300 4140 8400 8400
4927 CONNECTION 63 1084 300 4140 8400 8400
4928 CONNECTION 196 197 -1 -1 1020 1020
4929 CONNECTION 196 900 -1 -1 3600 3600
4930 CONNECTION 196 787 -1 -1 1860 1860
4931 CONNECTION 196 1058 -1 -1 3180 3180
4932 CONNECTION 196 249 -1 -1 4440 4440
4933 CONNECTION 196 169 -1 -1 3960 3960
4934 CONNECTION 196 465 -1 -1 2820 2820
4935 CONNECTION 196 816 -1 -1 4560 4560
4936 CONNECTION 196 10 300 960 4260 4260
4937 CONNECTION 196 561 300 1080 6240 6240
4938 CONNECTION 196 717 300 1320 4620 4620
4939 CONNECTION 196 1040 300 2040 7200 7200
4940 CONNECTION 196 281 300 2160 5460 5460
4941 CONNECTION 196 441 300 2340 6780 6780
4942 CONNECTION 196 763 300 2880 8040 8040
4943 CONNECTION 196 689 300 3120 7560 7560
4944 CONNECTION 196 942 300 3120 6420 6420
4945 CONNECTION 196 309 300 3900 8160 8160
4946 CONNECTION 196 536 300 4560 7860 7860
4947 CONNECTION 196 989 300 4680 9840 9840
4948 CONNECTION 415 716 -1 -1 3600 3600
4949 CONNECTION 415 440 -1 -1 4620 4620
4950 CONNECTION 415 941 -1 -1 5400 5400
4951 CONNECTION 415 1087 300 2040 7200 7200
4952 CONNECTION 415 921 300 3060 8220 8220
4953 CONNECTION 415 200 300 3840 9000 9000
4954 CONNECTION 1009 760 -1 -1 2580 2580
4955 CONNECTION 1009 136 -1 -1 4260 4260
4956 CONNECTION 1009 986 300 420 4380 4380
4957 CONNECTION 1009 632 300 540 4800 4800
4958 CONNECTION 1009 388 300 1620 6060 6060
4959 CONNECTION 1009 36 300 2220 6180 6180
4960 CONNECTION 1009 1077 300 2220 6180 6180
4961 CONNECTION 1009 656 300 3420 7860 7860
4962 CONNECTION 1009 250 300 4020 7980 7980
4963 CONNECTION 1009 1016 300 4140 8400 8400
4964 CONNECTION 1009 1084 300 4140 8400 8400
4965 CONNECTION 684 685 -1 -1 2160 2160
4966 CONNECTION 684 306 -1 -1 2760 2760
4967 CONNECTION 684 533 -1 -1 2460 2460
4968 CONNECTION 684 35 -1 -1 4440 4440
4969 CONNECTION 684 1032 -1 -1 4440 4440
4970 CONNECTION 684 197 -1 -1 2820 2820
4971 CONNECTION 684 900 -1 -1 5400 5400
4972 CONNECTION 684 787 300 360 3660 3660
4973 CONNECTION 684 1058 300 540 4980 4980
4974 CONNECTION 684 249 300 1080 6240 6240
4975 CONNECTION 684 169 300 1320 5760 5760
4976 CONNECTION 684 465 300 1320 4620 4620
4977 CONNECTION 684 816 300 2100 6360 6360
4978 CONNECTION 684 10 300 2760 6060 6060
4979 CONNECTION 684 561 300 2880 8040 8040
4980 CONNECTION 684 717 300 3120 6420 6420
4981 CONNECTION 684 1040 300 3840 9000 9000
4982 CONNECTION 684 281 300 3960 7260 7260
4983 CONNECTION 684 441 300 4140 8580 8580
4984 CONNECTION 684 763 300 4680 9840 9840
4985 CONNECTION 277 34 -1 -1 1500 1500
4986 CONNECTION 277 1031 -1 -1 1500 1500
4987 CONNECTION 277 1082 -1 -1 3660 3660
4988 CONNECTION 277 1075 -1 -1 3240 3240
4989 CONNECTION 277 738 -1 -1 3720 3720
4990 CONNECTION 277 1015 -1 -1 4440 4440
4991 CONNECTION 277 248 -1 -1 3300 3300
4992 CONNECTION 277 534 -1 -1 5220 5220
4993 CONNECTION 277 168 -1 -1 3540 3540
4994 CONNECTION 277 198 300 480 5040 5040
4995 CONNECTION 277 224 300 960 5520 5520
4996 CONNECTION 277 815 300 1020 4320 4320
4997 CONNECTION 277 416 300 1320 6600 6600
4998 CONNECTION 277 560 300 1800 5100 5100
4999 CONNECTION 277 515 300 1980 7260 7260
5000 CONNECTION 277 466 300 2280 6840 6840
5001 CONNECTION 277 496 300 2760 7320 7320
5002 CONNECTION 277 114 300 2940 8040 8040
5003 CONNECTION 277 762 300 3600 6900 6900
5004 CONNECTION 277 11 300 3720 8820 8820
5005 CONNECTION 277 688 300 3840 7140 7140
5006 CONNECTION 277 718 300 4080 8640 8640
5007 CONNECTION 277 740 300 4560 9120 9120
5008 CONNECTION 277 308 300 4620 7920 7920
5009 CONNECTION 918 919 -1 -1 900 900
5010 CONNECTION 918 387 -1 -1 3120 3120
5011 CONNECTION 918 686 -1 -1 1680 1680
5012 CONNECTION 918 838 -1 -1 1680 1680
5013 CONNECTION 918 65 -1 -1 3480 3480
5014 CONNECTION 918 655 -1 -1 4920 4920
5015 CONNECTION 918 1039 -1 -1 4740 4740
5016 CONNECTION 918 280 300 420 4860 4860
5017 CONNECTION 918 1059 300 1320 4500 4500
5018 CONNECTION 918 170 300 2100 5280 5280
5019 CONNECTION 918 335 300 2100 5280 5280
5020 CONNECTION 918 876 300 2100 6720 6720
5021 CONNECTION 918 139 300 3900 8520 8520
5022 CONNECTION 918 418 300 3900 8340 8340
5023 CONNECTION 918 587 300 3900 7080 7080
5024 CONNECTION 918 790 300 4020 8460 8460
5025 CONNECTION 939 940 -1 -1 1680 1680
5026 CONNECTION 939 495 -1 -1 2580 2580
5027 CONNECTION 939 613 -1 -1 3240 3240
5028 CONNECTION 939 1076 -1 -1 3480 3480
5029 CONNECTION 939 761 -1 -1 4440 4440
5030 CONNECTION 939 739 -1 -1 4380 4380
5031 CONNECTION 939 93 300 480 5040 5040
5032 CONNECTION 939 199 300 1320 5280 5280
5033 CONNECTION 939 987 300 1680 6240 6240
5034 CONNECTION 939 225 300 1800 6180 6180
5035 CONNECTION 939 363 300 2280 6840 6840
5036 CONNECTION 939 467 300 3120 7080 7080
5037 CONNECTION 939 37 300 3480 8040 8040
5038 CONNECTION 939 1078 300 3480 8040 8040
5039 CONNECTION 939 497 300 3600 7980 7980
5040 CONNECTION 939 615 300 4080 8640 8640
5041 CONNECTION 134 135 -1 -1 2340 2340
5042 CONNECTION 134 919 -1 -1 1920 1920
5043 CONNECTION 134 387 -1 -1 4140 4140
5044 CONNECTION 134 686 -1 -1 2700 2700
5045 CONNECTION 134 838 -1 -1 2700 2700
5046 CONNECTION 134 65 300 1320 4500 4500
5047 CONNECTION 134 655 300 1320 5940 5940
5048 CONNECTION 134 1039 300 1320 5760 5760
5049 CONNECTION 134 280 300 1440 5880 5880
5050 CONNECTION 134 1059 300 2340 5520 5520
5051 CONNECTION 134 170 300 3120 6300 6300
5052 CONNECTION 134 335 300 3120 6300 6300
5053 CONNECTION 134 876 300 3120 7740 7740
5054 CONNECTION 167 278 -1 -1 2400 2400
5055 CONNECTION 167 653 -1 -1 2400 2400
5056 CONNECTION 167 585 -1 -1 4020 4020
5057 CONNECTION 167 874 300 720 4200 4200
5058 CONNECTION 167 840 300 1380 5820 5820
5059 CONNECTION 167 137 300 2520 6000 6000
5060 CONNECTION 167 788 300 2520 6000 6000
5061 CONNECTION 167 67 300 3180 7620 7620
5062 CONNECTION 167 389 300 4320 7800 7800
5063 CONNECTION 332 333 -1 -1 2220 2220
5064 CONNECTION 332 278 -1 -1 2400 2400
5065 CONNECTION 332 653 -1 -1 2400 2400
5066 CONNECTION 332 585 -1 -1 4020 4020
5067 CONNECTION 332 874 300 720 4200 4200
5068 CONNECTION 332 840 300 1380 5820 5820
5069 CONNECTION 332 137 300 2520 6000 6000
5070 CONNECTION 332 788 300 2520 6000 6000
5071 CONNECTION 332 67 300 3180 7620 7620
5072 CONNECTION 332 389 300 4320 7800 7800
5073 CONNECTION 532 533 -1 -1 1020 1020
5074 CONNECTION 532 900 -1 -1 3960 3960
5075 CONNECTION 532 787 -1 -1 2220 2220
5076 CONNECTION 532 1058 -1 -1 3540 3540
5077 CONNECTION 532 249 -1 -1 4800 4800
5078 CONNECTION 532 169 -1 -1 4320 4320
5079 CONNECTION 532 465 -1 -1 3180 3180
5080 CONNECTION 532 816 300 660 4920 4920
5081 CONNECTION 532 10 300 1320 4620 4620
5082 CONNECTION 532 561 300 1440 6600 6600
5083 CONNECTION 532 717 300 1680 4980 4980
5084 CONNECTION 532 1040 300 2400 7560 7560
5085 CONNECTION 532 281 300 2520 5820 5820
5086 CONNECTION 532 441 300 2700 7140 7140
5087 CONNECTION 532 763 300 3240 8400 8400
5088 CONNECTION 532 689 300 3480 7920 7920
5089 CONNECTION 532 942 300 3480 6780 6780
5090 CONNECTION 532 309 300 4260 8520 8520
5091 CONNECTION 785 786 -1 -1 2280 2280
5092 CONNECTION 785 919 -1 -1 1920 1920
5093 CONNECTION 785 387 -1 -1 4140 4140
5094 CONNECTION 785 686 -1 -1 2700 2700
5095 CONNECTION 785 838 -1 -1 2700 2700
5096 CONNECTION 785 65 300 1320 4500 4500
5097 CONNECTION 785 655 300 1320 5940 5940
5098 CONNECTION 785 1039 300 1320 5760 5760
5099 CONNECTION 785 280 300 1440 5880 5880
5100 CONNECTION 785 1059 300 2340 5520 5520
5101 CONNECTION 785 170 300 3120 6300 6300
5102 CONNECTION 785 335 300 3120 6300 6300
5103 CONNECTION 785 876 300 3120 7740 7740
5104 CONNECTION 898 899 -1 -1 2160 2160
5105 CONNECTION 898 919 -1 -1 1920 1920
5106 CONNECTION 898 387 -1 -1 4140 4140
5107 CONNECTION 898 686 -1 -1 2700 2700
5108 CONNECTION 898 838 -1 -1 2700 2700
5109 CONNECTION 898 65 300 1320 4500 4500
5110 CONNECTION 898 655 300 1320 5940 5940
5111 CONNECTION 898 1039 300 1320 5760 5760
5112 CONNECTION 898 280 300 1440 5880 5880
5113 CONNECTION 898 1059 300 2340 5520 5520
5114 CONNECTION 898 170 300 3120 6300 6300
5115 CONNECTION 898 335 300 3120 6300 6300
5116 CONNECTION 898 876 300 3120 7740 7740
5117 CONNECTION 652 653 -1 -1 1320 1320
5118 CONNECTION 652 585 -1 -1 2940 2940
5119 CONNECTION 652 874 -1 -1 3120 3120
5120 CONNECTION 652 840 -1 -1 4740 4740
5121 CONNECTION 652 137 300 1440 4920 4920
5122 CONNECTION 652 788 300 1440 4920 4920
5123 CONNECTION 652 67 300 2100 6540 6540
5124 CONNECTION 652 389 300 3240 6720 6720
5125 CONNECTION 652 337 300 3900 8340 8340
5126 CONNECTION 494 495 -1 -1 2100 2100
5127 CONNECTION 494 613 -1 -1 2760 2760
5128 CONNECTION 494 1076 -1 -1 3000 3000
5129 CONNECTION 494 761 -1 -1 3960 3960
5130 CONNECTION 494 739 -1 -1 3900 3900
5131 CONNECTION 494 93 -1 -1 4560 4560
5132 CONNECTION 494 199 300 840 4800 4800
5133 CONNECTION 494 987 300 1200 5760 5760
5134 CONNECTION 494 225 300 1320 5700 5700
5135 CONNECTION 494 363 300 1800 6360 6360
5136 CONNECTION 494 467 300 2640 6600 6600
5137 CONNECTION 494 37 300 3000 7560 7560
5138 CONNECTION 494 1078 300 3000 7560 7560
5139 CONNECTION 494 497 300 3120 7500 7500
5140 CONNECTION 494 615 300 3600 8160 8160
5141 CONNECTION 494 719 300 4440 8400 8400
5142 CONNECTION 494 251 300 4800 9360 9360
5143 CONNECTION 715 760 -1 -1 2280 2280
5144 CONNECTION 715 136 -1 -1 3960 3960
5145 CONNECTION 715 986 -1 -1 4080 4080
5146 CONNECTION 715 632 -1 -1 4500 4500
5147 CONNECTION 715 388 300 1320 5760 5760
5148 CONNECTION 715 36 300 1920 5880 5880
5149 CONNECTION 715 1077 300 1920 5880 5880
5150 CONNECTION 715 656 300 3120 7560 7560
5151 CONNECTION 715 250 300 3720 7680 7680
5152 CONNECTION 715 1016 300 3840 8100 8100
5153 CONNECTION 715 1084 300 3840 8100 8100
5154 CONNECTION 305 306 -1 -1 1980 1980
5155 CONNECTION 305 533 -1 -1 1680 1680
5156 CONNECTION 305 35 -1 -1 3660 3660
5157 CONNECTION 305 1032 -1 -1 3660 3660
5158 CONNECTION 305 197 -1 -1 2040 2040
5159 CONNECTION 305 900 -1 -1 4620 4620
5160 CONNECTION 305 787 -1 -1 2880 2880
5161 CONNECTION 305 1058 -1 -1 4200 4200
5162 CONNECTION 305 249 -1 -1 5460 5460
5163 CONNECTION 305 169 300 540 4980 4980
5164 CONNECTION 305 465 300 540 3840 3840
5165 CONNECTION 305 816 300 1320 5580 5580
5166 CONNECTION 305 10 300 1980 5280 5280
5167 CONNECTION 305 561 300 2100 7260 7260
5168 CONNECTION 305 717 300 2340 5640 5640
5169 CONNECTION 305 1040 300 3060 8220 8220
5170 CONNECTION 305 281 300 3180 6480 6480
5171 CONNECTION 305 441 300 3360 7800 7800
5172 CONNECTION 305 763 300 3900 9060 9060
5173 CONNECTION 305 689 300 4140 8580 8580
5174 CONNECTION 305 942 300 4140 7440 7440
5175 CONNECTION 985 440 -1 -1 3780 3780
5176 CONNECTION 985 941 -1 -1 4560 4560
5177 CONNECTION 985 1087 300 1200 6360 6360
5178 CONNECTION 985 921 300 2220 7380 7380
5179 CONNECTION 985 200 300 3000 8160 8160
5180 CONNECTION 985 468 300 4800 9960 9960
5181 CONNECTION 837 838 -1 -1 900 900
5182 CONNECTION 837 65 -1 -1 2700 2700
5183 CONNECTION 837 655 -1 -1 4140 4140
5184 CONNECTION 837 1039 -1 -1 3960 3960
5185 CONNECTION 837 280 -1 -1 4080 4080
5186 CONNECTION 837 1059 300 540 3720 3720
5187 CONNECTION 837 170 300 1320 4500 4500
5188 CONNECTION 837 335 300 1320 4500 4500
5189 CONNECTION 837 876 300 1320 5940 5940
5190 CONNECTION 837 139 300 3120 7740 7740
5191 CONNECTION 837 418 300 3120 7560 7560
5192 CONNECTION 837 587 300 3120 6300 6300
5193 CONNECTION 837 790 300 3240 7680 7680
5194 CONNECTION 837 442 300 4140 7320 7320
5195 CONNECTION 1057 1058 -1 -1 2160 2160
5196 CONNECTION 1057 249 -1 -1 3420 3420
5197 CONNECTION 1057 169 -1 -1 2940 2940
5198 CONNECTION 1057 465 -1 -1 1800 1800
5199 CONNECTION 1057 816 -1 -1 3540 3540
5200 CONNECTION 1057 10 -1 -1 3240 3240
5201 CONNECTION 1057 561 -1 -1 5220 5220
5202 CONNECTION 1057 717 -1 -1 3600 3600
5203 CONNECTION 1057 1040 300 1020 6180 6180
5204 CONNECTION 1057 281 300 1140 4440 4440
5205 CONNECTION 1057 441 300 1320 5760 5760
5206 CONNECTION 1057 763 300 1860 7020 7020
5207 CONNECTION 1057 689 300 2100 6540 6540
5208 CONNECTION 1057 942 300 2100 5400 5400
5209 CONNECTION 1057 309 300 2880 7140 7140
5210 CONNECTION 1057 536 300 3540 6840 6840
5211 CONNECTION 1057 989 300 3660 8820 8820
5212 CONNECTION 1057 1088 300 3900 7200 7200
5213 CONNECTION 1057 419 300 4620 9780 9780
5214 CONNECTION 1057 791 300 4740 8040 8040
5215 CONNECTION 685 686 -1 -1 900 900
5216 CONNECTION 685 65 -1 -1 2700 2700
5217 CONNECTION 685 655 -1 -1 4140 4140
5218 CONNECTION 685 1039 -1 -1 3960 3960
5219 CONNECTION 685 280 -1 -1 4080 4080
5220 CONNECTION 685 1059 300 540 3720 3720
5221 CONNECTION 685 170 300 1320 4500 4500
5222 CONNECTION 685 335 300 1320 4500 4500
5223 CONNECTION 685 876 300 1320 5940 5940
5224 CONNECTION 685 139 300 3120 7740 7740
5225 CONNECTION 685 418 300 3120 7560 7560
5226 CONNECTION 685 587 300 3120 6300 6300
5227 CONNECTION 685 790 300 3240 7680 7680
5228 CONNECTION 685 442 300 4140 7320 7320
5229 CONNECTION 1074 1075 -1 -1 2280 2280
5230 CONNECTION 1074 738 -1 -1 2760 2760
5231 CONNECTION 1074 1015 -1 -1 3480 3480
5232 CONNECTION 1074 248 -1 -1 2340 2340
5233 CONNECTION 1074 534 -1 -1 4260 4260
5234 CONNECTION 1074 168 -1 -1 2580 2580
5235 CONNECTION 1074 198 -1 -1 4080 4080
5236 CONNECTION 1074 224 -1 -1 4560 4560
5237 CONNECTION 1074 815 -1 -1 3360 3360
5238 CONNECTION 1074 416 300 360 5640 5640
5239 CONNECTION 1074 560 300 840 4140 4140
5240 CONNECTION 1074 515 300 1020 6300 6300
5241 CONNECTION 1074 466 300 1320 5880 5880
5242 CONNECTION 1074 496 300 1800 6360 6360
5243 CONNECTION 1074 114 300 1980 7080 7080
5244 CONNECTION 1074 762 300 2640 5940 5940
5245 CONNECTION 1074 11 300 2760 7860 7860
5246 CONNECTION 1074 688 300 2880 6180 6180
5247 CONNECTION 1074 718 300 3120 7680 7680
5248 CONNECTION 1074 740 300 3600 8160 8160
5249 CONNECTION 1074 308 300 3660 6960 6960
5250 CONNECTION 1074 901 300 3960 9240 9240
5251 CONNECTION 1074 988 300 4440 7740 7740
5252 CONNECTION 1074 964 300 4620 9900 9900
5253 CONNECTION 247 248 -1 -1 1020 1020
5254 CONNECTION 247 198 -1 -1 2760 2760
5255 CONNECTION 247 224 -1 -1 3240 3240
5256 CONNECTION 247 815 -1 -1 2040 2040
5257 CONNECTION 247 416 -1 -1 4320 4320
5258 CONNECTION 247 560 -1 -1 2820 2820
5259 CONNECTION 247 515 -1 -1 4980 4980
5260 CONNECTION 247 466 -1 -1 4560 4560
5261 CONNECTION 247 496 300 480 5040 5040
5262 CONNECTION 247 114 300 660 5760 5760
5263 CONNECTION 247 762 300 1320 4620 4620
5264 CONNECTION 247 11 300 1440 6540 6540
5265 CONNECTION 247 688 300 1560 4860 4860
5266 CONNECTION 247 718 300 1800 6360 6360
5267 CONNECTION 247 740 300 2280 6840 6840
5268 CONNECTION 247 308 300 2340 5640 5640
5269 CONNECTION 247 901 300 2640 7920 7920
5270 CONNECTION 247 988 300 3120 6420 6420
5271 CONNECTION 247 964 300 3300 8580 8580
5272 CONNECTION 247 943 300 3600 8160 8160
5273 CONNECTION 247 226 300 4080 8640 8640
5274 CONNECTION 247 634 300 4260 9360 9360
5275 CONNECTION 385 386 -1 -1 900 900
5276 CONNECTION 385 92 -1 -1 2880 2880
5277 CONNECTION 385 113 -1 -1 4020 4020
5278 CONNECTION 385 920 -1 -1 4020 4020
5279 CONNECTION 385 279 -1 -1 2700 2700
5280 CONNECTION 385 654 -1 -1 2700 2700
5281 CONNECTION 385 687 -1 -1 3000 3000
5282 CONNECTION 385 839 -1 -1 3000 3000
5283 CONNECTION 385 1038 -1 -1 2700 2700
5284 CONNECTION 385 362 -1 -1 4680 4680
5285 CONNECTION 385 1083 -1 -1 4560 4560
5286 CONNECTION 385 66 300 1320 4800 4800
5287 CONNECTION 385 875 300 1320 4500 4500
5288 CONNECTION 385 614 300 2100 6480 6480
5289 CONNECTION 385 633 300 2340 7620 7620
5290 CONNECTION 385 1060 300 2340 7620 7620
5291 CONNECTION 385 138 300 3120 6300 6300
5292 CONNECTION 385 171 300 3120 6600 6600
5293 CONNECTION 385 336 300 3120 6600 6600
5294 CONNECTION 385 417 300 3120 6300 6300
5295 CONNECTION 385 789 300 3120 6300 6300
5296 CONNECTION 385 94 300 3900 8280 8280
5297 CONNECTION 385 516 300 3900 8160 8160
5298 SINK 385 2 -1 -1 300 300
5299 CONNECTION 1037 1038 -1 -1 900 900
5300 CONNECTION 1037 362 -1 -1 2880 2880
5301 CONNECTION 1037 1083 -1 -1 2760 2760
5302 CONNECTION 1037 66 -1 -1 3000 3000
5303 CONNECTION 1037 875 -1 -1 2700 2700
5304 CONNECTION 1037 614 -1 -1 4680 4680
5305 CONNECTION 1037 633 300 540 5820 5820
5306 CONNECTION 1037 1060 300 540 5820 5820
5307 CONNECTION 1037 138 300 1320 4500 4500
5308 CONNECTION 1037 171 300 1320 4800 4800
5309 CONNECTION 1037 336 300 1320 4800 4800
5310 CONNECTION 1037 417 300 1320 4500 4500
5311 CONNECTION 1037 789 300 1320 4500 4500
5312 CONNECTION 1037 94 300 2100 6480 6480
5313 CONNECTION 1037 516 300 2100 6360 6360
5314 CONNECTION 1037 390 300 3120 6300 6300
5315 CONNECTION 1037 588 300 3120 6600 6600
5316 CONNECTION 1037 364 300 3900 8280 8280
5317 CONNECTION 1037 443 300 4140 9420 9420
5318 CONNECTION 1037 1017 300 4140 9420 9420
5319 CONNECTION 1037 1085 300 4140 9420 9420
5320 SINK 1037 2 -1 -1 300 300
5321 CONNECTION 223 279 -1 -1 1680 1680
5322 CONNECTION 223 654 -1 -1 1680 1680
5323 CONNECTION 223 687 -1 -1 1980 1980
5324 CONNECTION 223 839 -1 -1 1980 1980
5325 CONNECTION 223 1038 -1 -1 1680 1680
5326 CONNECTION 223 362 -1 -1 3660 3660
5327 CONNECTION 223 1083 -1 -1 3540 3540
5328 CONNECTION 223 66 -1 -1 3780 3780
5329 CONNECTION 223 875 -1 -1 3480 3480
5330 CONNECTION 223 614 300 1080 5460 5460
5331 CONNECTION 223 633 300 1320 6600 6600
5332 CONNECTION 223 1060 300 1320 6600 6600
5333 CONNECTION 223 138 300 2100 5280 5280
5334 CONNECTION 223 171 300 2100 5580 5580
5335 CONNECTION 223 336 300 2100 5580 5580
5336 CONNECTION 223 417 300 2100 5280 5280
5337 CONNECTION 223 789 300 2100 5280 5280
5338 CONNECTION 223 94 300 2880 7260 7260
5339 CONNECTION 223 516 300 2880 7140 7140
5340 CONNECTION 223 390 300 3900 7080 7080
5341 CONNECTION 223 588 300 3900 7380 7380
5342 CONNECTION 223 364 300 4680 9060 9060
5343 SINK 223 2 -1 -1 300 300
5344 CONNECTION 558 559 -1 -1 2280 2280
5345 CONNECTION 558 613 -1 -1 2880 2880
5346 CONNECTION 558 1076 -1 -1 3120 3120
5347 CONNECTION 558 761 -1 -1 4080 4080
5348 CONNECTION 558 739 -1 -1 4020 4020
5349 CONNECTION 558 93 -1 -1 4680 4680
5350 CONNECTION 558 199 300 960 4920 4920
5351 CONNECTION 558 987 300 1320 5880 5880
5352 CONNECTION 558 225 300 1440 5820 5820
5353 CONNECTION 558 363 300 1920 6480 6480
5354 CONNECTION 558 467 300 2760 6720 6720
5355 CONNECTION 558 37 300 3120 7680 7680
5356 CONNECTION 558 1078 300 3120 7680 7680
5357 CONNECTION 558 497 300 3240 7620 7620
5358 CONNECTION 558 615 300 3720 8280 8280
5359 CONNECTION 558 719 300 4560 8520 8520
5360 CONNECTION 612 613 -1 -1 2400 2400
5361 CONNECTION 612 1076 -1 -1 2640 2640
5362 CONNECTION 612 761 -1 -1 3600 3600
5363 CONNECTION 612 739 -1 -1 3540 3540
5364 CONNECTION 612 93 -1 -1 4200 4200
5365 CONNECTION 612 199 300 480 4440 4440
5366 CONNECTION 612 987 300 840 5400 5400
5367 CONNECTION 612 225 300 960 5340 5340
5368 CONNECTION 612 363 300 1440 6000 6000
5369 CONNECTION 612 467 300 2280 6240 6240
5370 CONNECTION 612 37 300 2640 7200 7200
5371 CONNECTION 612 1078 300 2640 7200 7200
5372 CONNECTION 612 497 300 2760 7140 7140
5373 CONNECTION 612 615 300 3240 7800 7800
5374 CONNECTION 612 719 300 4080 8040 8040
5375 CONNECTION 612 251 300 4440 9000 9000
5376 CONNECTION 612 741 300 4560 8940 8940
5377 CONNECTION 962 136 -1 -1 3120 3120
5378 CONNECTION 962 986 -1 -1 3240 3240
5379 CONNECTION 962 632 -1 -1 3660 3660
5380 CONNECTION 962 388 300 480 4920 4920
5381 CONNECTION 962 36 300 1080 5040 5040
5382 CONNECTION 962 1077 300 1080 5040 5040
5383 CONNECTION 962 656 300 2280 6720 6720
5384 CONNECTION 962 250 300 2880 6840 6840
5385 CONNECTION 962 1016 300 3000 7260 7260
5386 CONNECTION 962 1084 300 3000 7260 7260
5387 CONNECTION 962 877 300 4080 8520 8520
5388 CONNECTION 962 562 300 4680 8640 8640
5389 CONNECTION 112 113 -1 -1 3000 3000
5390 CONNECTION 112 279 -1 -1 1680 1680
5391 CONNECTION 112 654 -1 -1 1680 1680
5392 CONNECTION 112 687 -1 -1 1980 1980
5393 CONNECTION 112 839 -1 -1 1980 1980
5394 CONNECTION 112 1038 -1 -1 1680 1680
5395 CONNECTION 112 362 -1 -1 3660 3660
5396 CONNECTION 112 1083 -1 -1 3540 3540
5397 CONNECTION 112 66 -1 -1 3780 3780
5398 CONNECTION 112 875 -1 -1 3480 3480
5399 CONNECTION 112 614 300 1080 5460 5460
5400 CONNECTION 112 633 300 1320 6600 6600
5401 CONNECTION 112 1060 300 1320 6600 6600
5402 CONNECTION 112 138 300 2100 5280 5280
5403 CONNECTION 112 171 300 2100 5580 5580
5404 CONNECTION 112 336 300 2100 5580 5580
5405 CONNECTION 112 417 300 2100 5280 5280
5406 CONNECTION 112 789 300 2100 5280 5280
5407 CONNECTION 112 94 300 2880 7260 7260
5408 CONNECTION 112 516 300 2880 7140 7140
5409 CONNECTION 112 390 300 3900 7080 7080
5410 CONNECTION 112 588 300 3900 7380 7380
5411 CONNECTION 112 364 300 4680 9060 9060
5412 SINK 112 2 -1 -1 300 300
5413 CONNECTION 135 334 -1 -1 3060 3060
5414 CONNECTION 135 586 -1 -1 4860 4860
5415 CONNECTION 135 535 300 1680 5940 5940
5416 CONNECTION 135 841 300 2040 6660 6660
5417 CONNECTION 135 68 300 3840 8460 8460
5418 CONNECTION 583 584 -1 -1 1200 1200
5419 CONNECTION 583 92 -1 -1 2880 2880
5420 CONNECTION 583 113 -1 -1 4020 4020
5421 CONNECTION 583 920 -1 -1 4020 4020
5422 CONNECTION 583 279 -1 -1 2700 2700
5423 CONNECTION 583 654 -1 -1 2700 2700
5424 CONNECTION 583 687 -1 -1 3000 3000
5425 CONNECTION 583 839 -1 -1 3000 3000
5426 CONNECTION 583 1038 -1 -1 2700 2700
5427 CONNECTION 583 362 -1 -1 4680 4680
5428 CONNECTION 583 1083 -1 -1 4560 4560
5429 CONNECTION 583 66 300 1320 4800 4800
5430 CONNECTION 583 875 300 1320 4500 4500
5431 CONNECTION 583 614 300 2100 6480 6480
5432 CONNECTION 583 633 300 2340 7620 7620
5433 CONNECTION 583 1060 300 2340 7620 7620
5434 CONNECTION 583 138 300 3120 6300 6300
5435 CONNECTION 583 171 300 3120 6600 6600
5436 CONNECTION 583 336 300 3120 6600 6600
5437 CONNECTION 583 417 300 3120 6300 6300
5438 CONNECTION 583 789 300 3120 6300 6300
5439 CONNECTION 583 94 300 3900 8280 8280
5440 CONNECTION 583 516 300 3900 8160 8160
5441 SINK 583 2 -1 -1 300 300
5442 CONNECTION 899 900 -1 -1 2880 2880
5443 CONNECTION 899 249 -1 -1 3720 3720
5444 CONNECTION 899 169 -1 -1 3240 3240
5445 CONNECTION 899 465 -1 -1 2100 2100
5446 CONNECTION 899 816 -1 -1 3840 3840
5447 CONNECTION 899 10 -1 -1 3540 3540
5448 CONNECTION 899 561 300 360 5520 5520
5449 CONNECTION 899 717 300 600 3900 3900
5450 CONNECTION 899 1040 300 1320 6480 6480
5451 CONNECTION 899 281 300 1440 4740 4740
5452 CONNECTION 899 441 300 1620 6060 6060
5453 CONNECTION 899 763 300 2160 7320 7320
5454 CONNECTION 899 689 300 2400 6840 6840
5455 CONNECTION 899 942 300 2400 5700 5700
5456 CONNECTION 899 309 300 3180 7440 7440
5457 CONNECTION 899 536 300 3840 7140 7140
5458 CONNECTION 899 989 300 3960 9120 9120
5459 CONNECTION 899 1088 300 4200 7500 7500
5460 CONNECTION 786 787 -1 -1 1020 1020
5461 CONNECTION 786 249 -1 -1 3600 3600
5462 CONNECTION 786 169 -1 -1 3120 3120
5463 CONNECTION 786 465 -1 -1 1980 1980
5464 CONNECTION 786 816 -1 -1 3720 3720
5465 CONNECTION 786 10 -1 -1 3420 3420
5466 CONNECTION 786 561 -1 -1 5400 5400
5467 CONNECTION 786 717 300 480 3780 3780
5468 CONNECTION 786 1040 300 1200 6360 6360
5469 CONNECTION 786 281 300 1320 4620 4620
5470 CONNECTION 786 441 300 1500 5940 5940
5471 CONNECTION 786 763 300 2040 7200 7200
5472 CONNECTION 786 689 300 2280 6720 6720
5473 CONNECTION 786 942 300 2280 5580 5580
5474 CONNECTION 786 309 300 3060 7320 7320
5475 CONNECTION 786 536 300 3720 7020 7020
5476 CONNECTION 786 989 300 3840 9000 9000
5477 CONNECTION 786 1088 300 4080 7380 7380
5478 CONNECTION 786 419 300 4800 9960 9960
5479 CONNECTION 34 35 -1 -1 2880 2880
5480 CONNECTION 34 900 -1 -1 3840 3840
5481 CONNECTION 34 787 -1 -1 2100 2100
5482 CONNECTION 34 1058 -1 -1 3420 3420
5483 CONNECTION 34 249 -1 -1 4680 4680
5484 CONNECTION 34 169 -1 -1 4200 4200
5485 CONNECTION 34 465 -1 -1 3060 3060
5486 CONNECTION 34 816 300 540 4800 4800
5487 CONNECTION 34 10 300 1200 4500 4500
5488 CONNECTION 34 561 300 1320 6480 6480
5489 CONNECTION 34 717 300 1560 4860 4860
5490 CONNECTION 34 1040 300 2280 7440 7440
5491 CONNECTION 34 281 300 2400 5700 5700
5492 CONNECTION 34 441 300 2580 7020 7020
5493 CONNECTION 34 763 300 3120 8280 8280
5494 CONNECTION 34 689 300 3360 7800 7800
5495 CONNECTION 34 942 300 3360 6660 6660
5496 CONNECTION 34 309 300 4140 8400 8400
5497 CONNECTION 34 536 300 4800 8100 8100
5498 CONNECTION 814 815 -1 -1 1020 1020
5499 CONNECTION 814 560 -1 -1 1800 1800
5500 CONNECTION 814 515 -1 -1 3960 3960
5501 CONNECTION 814 466 -1 -1 3540 3540
5502 CONNECTION 814 496 -1 -1 4020 4020
5503 CONNECTION 814 114 -1 -1 4740 4740
5504 CONNECTION 814 762 -1 -1 3600 3600
5505 CONNECTION 814 11 300 420 5520 5520
5506 CONNECTION 814 688 300 540 3840 3840
5507 CONNECTION 814 718 300 780 5340 5340
5508 CONNECTION 814 740 300 1260 5820 5820
5509 CONNECTION 814 308 300 1320 4620 4620
5510 CONNECTION 814 901 300 1620 6900 6900
5511 CONNECTION 814 988 300 2100 5400 5400
5512 CONNECTION 814 964 300 2280 7560 7560
5513 CONNECTION 814 943 300 2580 7140 7140
5514 CONNECTION 814 226 300 3060 7620 7620
5515 CONNECTION 814 634 300 3240 8340 8340
5516 CONNECTION 814 38 300 3900 7200 7200
5517 CONNECTION 814 1079 300 3900 7200 7200
5518 CONNECTION 814 537 300 4020 9120 9120
5519 CONNECTION 814 172 300 4140 7440 7440
5520 CONNECTION 814 1089 300 4380 8940 8940
5521 CONNECTION 1031 1032 -1 -1 2880 2880
5522 CONNECTION 1031 900 -1 -1 3840 3840
5523 CONNECTION 1031 787 -1 -1 2100 2100
5524 CONNECTION 1031 1058 -1 -1 3420 3420
5525 CONNECTION 1031 249 -1 -1 4680 4680
5526 CONNECTION 1031 169 -1 -1 4200 4200
5527 CONNECTION 1031 465 -1 -1 3060 3060
5528 CONNECTION 1031 816 300 540 4800 4800
5529 CONNECTION 1031 10 300 1200 4500 4500
5530 CONNECTION 1031 561 300 1320 6480 6480
5531 CONNECTION 1031 717 300 1560 4860 4860
5532 CONNECTION 1031 1040 300 2280 7440 7440
5533 CONNECTION 1031 281 300 2400 5700 5700
5534 CONNECTION 1031 441 300 2580 7020 7020
5535 CONNECTION 1031 763 300 3120 8280 8280
5536 CONNECTION 1031 689 300 3360 7800 7800
5537 CONNECTION 1031 942 300 3360 6660 6660
5538 CONNECTION 1031 309 300 4140 8400 8400
5539 CONNECTION 1031 536 300 4800 8100 8100
5540 CONNECTION 361 416 -1 -1 3720 3720
5541 CONNECTION 361 560 -1 -1 2220 2220
5542 CONNECTION 361 515 -1 -1 4380 4380
5543 CONNECTION 361 466 -1 -1 3960 3960
5544 CONNECTION 361 496 -1 -1 4440 4440
5545 CONNECTION 361 114 -1 -1 5160 5160
5546 CONNECTION 361 762 300 720 4020 4020
5547 CONNECTION 361 11 300 840 5940 5940
5548 CONNECTION 361 688 300 960 4260 4260
5549 CONNECTION 361 718 300 1200 5760 5760
5550 CONNECTION 361 740 300 1680 6240 6240
5551 CONNECTION 361 308 300 1740 5040 5040
5552 CONNECTION 361 901 300 2040 7320 7320
5553 CONNECTION 361 988 300 2520 5820 5820
5554 CONNECTION 361 964 300 2700 7980 7980
5555 CONNECTION 361 943 300 3000 7560 7560
5556 CONNECTION 361 226 300 3480 8040 8040
5557 CONNECTION 361 634 300 3660 8760 8760
5558 CONNECTION 361 38 300 4320 7620 7620
5559 CONNECTION 361 1079 300 4320 7620 7620
5560 CONNECTION 361 537 300 4440 9540 9540
5561 CONNECTION 361 172 300 4560 7860 7860
5562 CONNECTION 361 1089 300 4800 9360 9360
5563 CONNECTION 333 986 -1 -1 2580 2580
5564 CONNECTION 333 632 -1 -1 3000 3000
5565 CONNECTION 333 388 -1 -1 4260 4260
5566 CONNECTION 333 36 300 420 4380 4380
5567 CONNECTION 333 1077 300 420 4380 4380
5568 CONNECTION 333 656 300 1620 6060 6060
5569 CONNECTION 333 250 300 2220 6180 6180
5570 CONNECTION 333 1016 300 2340 6600 6600
5571 CONNECTION 333 1084 300 2340 6600 6600
5572 CONNECTION 333 877 300 3420 7860 7860
5573 CONNECTION 333 562 300 4020 7980 7980
5574 CONNECTION 464 465 -1 -1 1020 1020
5575 CONNECTION 464 816 -1 -1 2760 2760
5576 CONNECTION 464 10 -1 -1 2460 2460
5577 CONNECTION 464 561 -1 -1 4440 4440
5578 CONNECTION 464 717 -1 -1 2820 2820
5579 CONNECTION 464 1040 -1 -1 5400 5400
5580 CONNECTION 464 281 300 360 3660 3660
5581 CONNECTION 464 441 300 540 4980 4980
5582 CONNECTION 464 763 300 1080 6240 6240
5583 CONNECTION 464 689 300 1320 5760 5760
5584 CONNECTION 464 942 300 1320 4620 4620
5585 CONNECTION 464 309 300 2100 6360 6360
5586 CONNECTION 464 536 300 2760 6060 6060
5587 CONNECTION 464 989 300 2880 8040 8040
5588 CONNECTION 464 1088 300 3120 6420 6420
5589 CONNECTION 464 419 300 3840 9000 9000
5590 CONNECTION 464 791 300 3960 7260 7260
5591 CONNECTION 464 922 300 4140 8580 8580
5592 CONNECTION 464 39 300 4680 9840 9840
5593 CONNECTION 464 1080 300 4680 9840 9840
5594 CONNECTION 1082 1083 -1 -1 2100 2100
5595 CONNECTION 1082 66 -1 -1 2340 2340
5596 CONNECTION 1082 875 -1 -1 2040 2040
5597 CONNECTION 1082 614 -1 -1 4020 4020
5598 CONNECTION 1082 633 -1 -1 5160 5160
5599 CONNECTION 1082 1060 -1 -1 5160 5160
5600 CONNECTION 1082 138 300 660 3840 3840
5601 CONNECTION 1082 171 300 660 4140 4140
5602 CONNECTION 1082 336 300 660 4140 4140
5603 CONNECTION 1082 417 300 660 3840 3840
5604 CONNECTION 1082 789 300 660 3840 3840
5605 CONNECTION 1082 94 300 1440 5820 5820
5606 CONNECTION 1082 516 300 1440 5700 5700
5607 CONNECTION 1082 390 300 2460 5640 5640
5608 CONNECTION 1082 588 300 2460 5940 5940
5609 CONNECTION 1082 364 300 3240 7620 7620
5610 CONNECTION 1082 443 300 3480 8760 8760
5611 CONNECTION 1082 1017 300 3480 8760 8760
5612 CONNECTION 1082 1085 300 3480 8760 8760
5613 CONNECTION 1082 283 300 4260 7440 7440
5614 CONNECTION 1082 658 300 4260 7440 7440
5615 CONNECTION 1082 691 300 4260 7740 7740
5616 CONNECTION 1082 843 300 4260 7740 7740
5617 CONNECTION 1082 902 300 4260 7440 7440
5618 SINK 1082 2 -1 -1 300 300
5619 CONNECTION 306 334 -1 -1 3000 3000
5620 CONNECTION 306 586 -1 -1 4800 4800
5621 CONNECTION 306 535 300 1620 5880 5880
5622 CONNECTION 306 841 300 1980 6600 6600
5623 CONNECTION 306 68 300 3780 8400 8400
5624 CONNECTION 1075 1076 -1 -1 1680 1680
5625 CONNECTION 1075 739 -1 -1 2580 2580
5626 CONNECTION 1075 93 -1 -1 3240 3240
5627 CONNECTION 1075 199 -1 -1 3480 3480
5628 CONNECTION 1075 987 -1 -1 4440 4440
5629 CONNECTION 1075 225 -1 -1 4380 4380
5630 CONNECTION 1075 363 300 480 5040 5040
5631 CONNECTION 1075 467 300 1320 5280 5280
5632 CONNECTION 1075 37 300 1680 6240 6240
5633 CONNECTION 1075 1078 300 1680 6240 6240
5634 CONNECTION 1075 497 300 1800 6180 6180
5635 CONNECTION 1075 615 300 2280 6840 6840
5636 CONNECTION 1075 719 300 3120 7080 7080
5637 CONNECTION 1075 251 300 3480 8040 8040
5638 CONNECTION 1075 741 300 3600 7980 7980
5639 CONNECTION 1075 95 300 4080 8640 8640
5640 CONNECTION 386 387 -1 -1 2340 2340
5641 CONNECTION 386 65 -1 -1 2700 2700
5642 CONNECTION 386 655 -1 -1 4140 4140
5643 CONNECTION 386 1039 -1 -1 3960 3960
5644 CONNECTION 386 280 -1 -1 4080 4080
5645 CONNECTION 386 1059 300 540 3720 3720
5646 CONNECTION 386 170 300 1320 4500 4500
5647 CONNECTION 386 335 300 1320 4500 4500
5648 CONNECTION 386 876 300 1320 5940 5940
5649 CONNECTION 386 139 300 3120 7740 7740
5650 CONNECTION 386 418 300 3120 7560 7560
5651 CONNECTION 386 587 300 3120 6300 6300
5652 CONNECTION 386 790 300 3240 7680 7680
5653 CONNECTION 386 442 300 4140 7320 7320
5654 CONNECTION 584 585 -1 -1 2220 2220
5655 CONNECTION 584 874 -1 -1 2400 2400
5656 CONNECTION 584 840 -1 -1 4020 4020
5657 CONNECTION 584 137 300 720 4200 4200
5658 CONNECTION 584 788 300 720 4200 4200
5659 CONNECTION 584 67 300 1380 5820 5820
5660 CONNECTION 584 389 300 2520 6000 6000
5661 CONNECTION 584 337 300 3180 7620 7620
5662 CONNECTION 584 282 300 4320 7800 7800
5663 CONNECTION 584 657 300 4320 7800 7800
5664 CONNECTION 873 874 -1 -1 1320 1320
5665 CONNECTION 873 840 -1 -1 2940 2940
5666 CONNECTION 873 137 -1 -1 3120 3120
5667 CONNECTION 873 788 -1 -1 3120 3120
5668 CONNECTION 873 67 -1 -1 4740 4740
5669 CONNECTION 873 389 300 1440 4920 4920
5670 CONNECTION 873 337 300 2100 6540 6540
5671 CONNECTION 873 282 300 3240 6720 6720
5672 CONNECTION 873 657 300 3240 6720 6720
5673 CONNECTION 873 589 300 3900 8340 8340
5674 CONNECTION 919 920 -1 -1 3000 3000
5675 CONNECTION 919 279 -1 -1 1680 1680
5676 CONNECTION 919 654 -1 -1 1680 1680
5677 CONNECTION 919 687 -1 -1 1980 1980
5678 CONNECTION 919 839 -1 -1 1980 1980
5679 CONNECTION 919 1038 -1 -1 1680 1680
5680 CONNECTION 919 362 -1 -1 3660 3660
5681 CONNECTION 919 1083 -1 -1 3540 3540
5682 CONNECTION 919 66 -1 -1 3780 3780
5683 CONNECTION 919 875 -1 -1 3480 3480
5684 CONNECTION 919 614 300 1080 5460 5460
5685 CONNECTION 919 633 300 1320 6600 6600
5686 CONNECTION 919 1060 300 1320 6600 6600
5687 CONNECTION 919 138 300 2100 5280 5280
5688 CONNECTION 919 171 300 2100 5580 5580
5689 CONNECTION 919 336 300 2100 5580 5580
5690 CONNECTION 919 417 300 2100 5280 5280
5691 CONNECTION 919 789 300 2100 5280 5280
5692 CONNECTION 919 94 300 2880 7260 7260
5693 CONNECTION 919 516 300 2880 7140 7140
5694 CONNECTION 919 390 300 3900 7080 7080
5695 CONNECTION 919 588 300 3900 7380 7380
5696 CONNECTION 919 364 300 4680 9060 9060
5697 SINK 919 2 -1 -1 300 300
5698 CONNECTION 533 534 -1 -1 2820 2820
5699 CONNECTION 533 224 -1 -1 3120 3120
5700 CONNECTION 533 815 -1 -1 1920 1920
5701 CONNECTION 533 416 -1 -1 4200 4200
5702 CONNECTION 533 560 -1 -1 2700 2700
5703 CONNECTION 533 515 -1 -1 4860 4860
5704 CONNECTION 533 466 -1 -1 4440 4440
5705 CONNECTION 533 496 300 360 4920 4920
5706 CONNECTION 533 114 300 540 5640 5640
5707 CONNECTION 533 762 300 1200 4500 4500
5708 CONNECTION 533 11 300 1320 6420 6420
5709 CONNECTION 533 688 300 1440 4740 4740
5710 CONNECTION 533 718 300 1680 6240 6240
5711 CONNECTION 533 740 300 2160 6720 6720
5712 CONNECTION 533 308 300 2220 5520 5520
5713 CONNECTION 533 901 300 2520 7800 7800
5714 CONNECTION 533 988 300 3000 6300 6300
5715 CONNECTION 533 964 300 3180 8460 8460
5716 CONNECTION 533 943 300 3480 8040 8040
5717 CONNECTION 533 226 300 3960 8520 8520
5718 CONNECTION 533 634 300 4140 9240 9240
5719 CONNECTION 533 38 300 4800 8100 8100
5720 CONNECTION 533 1079 300 4800 8100 8100
5721 CONNECTION 514 515 -1 -1 3000 3000
5722 CONNECTION 514 496 -1 -1 3060 3060
5723 CONNECTION 514 114 -1 -1 3780 3780
5724 CONNECTION 514 762 -1 -1 2640 2640
5725 CONNECTION 514 11 -1 -1 4560 4560
5726 CONNECTION 514 688 -1 -1 2880 2880
5727 CONNECTION 514 718 -1 -1 4380 4380
5728 CONNECTION 514 740 -1 -1 4860 4860
5729 CONNECTION 514 308 300 360 3660 3660
5730 CONNECTION 514 901 300 660 5940 5940
5731 CONNECTION 514 988 300 1140 4440 4440
5732 CONNECTION 514 964 300 1320 6600 6600
5733 CONNECTION 514 943 300 1620 6180 6180
5734 CONNECTION 514 226 300 2100 6660 6660
5735 CONNECTION 514 634 300 2280 7380 7380
5736 CONNECTION 514 38 300 2940 6240 6240
5737 CONNECTION 514 1079 300 2940 6240 6240
5738 CONNECTION 514 537 300 3060 8160 8160
5739 CONNECTION 514 172 300 3180 6480 6480
5740 CONNECTION 514 1089 300 3420 7980 7980
5741 CONNECTION 514 498 300 3900 8460 8460
5742 CONNECTION 514 818 300 3960 7260 7260
5743 CONNECTION 514 1041 300 4260 9540 9540
5744 CONNECTION 514 252 300 4740 8040 8040
5745 CONNECTION 738 739 -1 -1 2100 2100
5746 CONNECTION 738 93 -1 -1 2760 2760
5747 CONNECTION 738 199 -1 -1 3000 3000
5748 CONNECTION 738 987 -1 -1 3960 3960
5749 CONNECTION 738 225 -1 -1 3900 3900
5750 CONNECTION 738 363 -1 -1 4560 4560
5751 CONNECTION 738 467 300 840 4800 4800
5752 CONNECTION 738 37 300 1200 5760 5760
5753 CONNECTION 738 1078 300 1200 5760 5760
5754 CONNECTION 738 497 300 1320 5700 5700
5755 CONNECTION 738 615 300 1800 6360 6360
5756 CONNECTION 738 719 300 2640 6600 6600
5757 CONNECTION 738 251 300 3000 7560 7560
5758 CONNECTION 738 741 300 3120 7500 7500
5759 CONNECTION 738 95 300 3600 8160 8160
5760 CONNECTION 738 944 300 4440 8400 8400
5761 CONNECTION 738 563 300 4800 9360 9360
5762 CONNECTION 940 986 -1 -1 2280 2280
5763 CONNECTION 940 632 -1 -1 2700 2700
5764 CONNECTION 940 388 -1 -1 3960 3960
5765 CONNECTION 940 36 -1 -1 4080 4080
5766 CONNECTION 940 1077 -1 -1 4080 4080
5767 CONNECTION 940 656 300 1320 5760 5760
5768 CONNECTION 940 250 300 1920 5880 5880
5769 CONNECTION 940 1016 300 2040 6300 6300
5770 CONNECTION 940 1084 300 2040 6300 6300
5771 CONNECTION 940 877 300 3120 7560 7560
5772 CONNECTION 940 562 300 3720 7680 7680
5773 CONNECTION 35 1087 -1 -1 4560 4560
5774 CONNECTION 35 921 300 420 5580 5580
5775 CONNECTION 35 200 300 1200 6360 6360
5776 CONNECTION 35 468 300 3000 8160 8160
5777 CONNECTION 35 1061 300 4020 9180 9180
5778 CONNECTION 35 720 300 4800 9960 9960
5779 CONNECTION 1032 1087 -1 -1 4560 4560
5780 CONNECTION 1032 921 300 420 5580 5580
5781 CONNECTION 1032 200 300 1200 6360 6360
5782 CONNECTION 1032 468 300 3000 8160 8160
5783 CONNECTION 1032 1061 300 4020 9180 9180
5784 CONNECTION 1032 720 300 4800 9960 9960
5785 CONNECTION 64 65 -1 -1 900 900
5786 CONNECTION 64 1059 -1 -1 1920 1920
5787 CONNECTION 64 170 -1 -1 2700 2700
5788 CONNECTION 64 335 -1 -1 2700 2700
5789 CONNECTION 64 876 -1 -1 4140 4140
5790 CONNECTION 64 139 300 1320 5940 5940
5791 CONNECTION 64 418 300 1320 5760 5760
5792 CONNECTION 64 587 300 1320 4500 4500
5793 CONNECTION 64 790 300 1440 5880 5880
5794 CONNECTION 64 442 300 2340 5520 5520
5795 CONNECTION 64 391 300 3120 7740 7740
5796 CONNECTION 64 690 300 3120 6300 6300
5797 CONNECTION 64 842 300 3120 6300 6300
5798 CONNECTION 1015 963 -1 -1 3420 3420
5799 CONNECTION 1015 817 300 960 6060 6060
5800 CONNECTION 1015 1095 300 1920 7020 7020
5801 CONNECTION 1015 310 300 4560 9660 9660
5802 CONNECTION 197 198 -1 -1 2280 2280
5803 CONNECTION 197 224 -1 -1 2760 2760
5804 CONNECTION 197 815 -1 -1 1560 1560
5805 CONNECTION 197 416 -1 -1 3840 3840
5806 CONNECTION 197 560 -1 -1 2340 2340
5807 CONNECTION 197 515 -1 -1 4500 4500
5808 CONNECTION 197 466 -1 -1 4080 4080
5809 CONNECTION 197 496 -1 -1 4560 4560
5810 CONNECTION 197 114 -1 -1 5280 5280
5811 CONNECTION 197 762 300 840 4140 4140
5812 CONNECTION 197 11 300 960 6060 6060
5813 CONNECTION 197 688 300 1080 4380 4380
5814 CONNECTION 197 718 300 1320 5880 5880
5815 CONNECTION 197 740 300 1800 6360 6360
5816 CONNECTION 197 308 300 1860 5160 5160
5817 CONNECTION 197 901 300 2160 7440 7440
5818 CONNECTION 197 988 300 2640 5940 5940
5819 CONNECTION 197 964 300 2820 8100 8100
5820 CONNECTION 197 943 300 3120 7680 7680
5821 CONNECTION 197 226 300 3600 8160 8160
5822 CONNECTION 197 634 300 3780 8880 8880
5823 CONNECTION 197 38 300 4440 7740 7740
5824 CONNECTION 197 1079 300 4440 7740 7740
5825 CONNECTION 197 537 300 4560 9660 9660
5826 CONNECTION 197 172 300 4680 7980 7980
5827 CONNECTION 278 279 -1 -1 900 900
5828 CONNECTION 278 362 -1 -1 2880 2880
5829 CONNECTION 278 1083 -1 -1 2760 2760
5830 CONNECTION 278 66 -1 -1 3000 3000
5831 CONNECTION 278 875 -1 -1 2700 2700
5832 CONNECTION 278 614 -1 -1 4680 4680
5833 CONNECTION 278 633 300 540 5820 5820
5834 CONNECTION 278 1060 300 540 5820 5820
5835 CONNECTION 278 138 300 1320 4500 4500
5836 CONNECTION 278 171 300 1320 4800 4800
5837 CONNECTION 278 336 300 1320 4800 4800
5838 CONNECTION 278 417 300 1320 4500 4500
5839 CONNECTION 278 789 300 1320 4500 4500
5840 CONNECTION 278 94 300 2100 6480 6480
5841 CONNECTION 278 516 300 2100 6360 6360
5842 CONNECTION 278 390 300 3120 6300 6300
5843 CONNECTION 278 588 300 3120 6600 6600
5844 CONNECTION 278 364 300 3900 8280 8280
5845 CONNECTION 278 443 300 4140 9420 9420
5846 CONNECTION 278 1017 300 4140 9420 9420
5847 CONNECTION 278 1085 300 4140 9420 9420
5848 SINK 278 2 -1 -1 300 300
5849 CONNECTION 559 560 -1 -1 1020 1020
5850 CONNECTION 559 466 -1 -1 2760 2760
5851 CONNECTION 559 496 -1 -1 3240 3240
5852 CONNECTION 559 114 -1 -1 3960 3960
5853 CONNECTION 559 762 -1 -1 2820 2820
5854 CONNECTION 559 11 -1 -1 4740 4740
5855 CONNECTION 559 688 -1 -1 3060 3060
5856 CONNECTION 559 718 -1 -1 4560 4560
5857 CONNECTION 559 740 300 480 5040 5040
5858 CONNECTION 559 308 300 540 3840 3840
5859 CONNECTION 559 901 300 840 6120 6120
5860 CONNECTION 559 988 300 1320 4620 4620
5861 CONNECTION 559 964 300 1500 6780 6780
5862 CONNECTION 559 943 300 1800 6360 6360
5863 CONNECTION 559 226 300 2280 6840 6840
5864 CONNECTION 559 634 300 2460 7560 7560
5865 CONNECTION 559 38 300 3120 6420 6420
5866 CONNECTION 559 1079 300 3120 6420 6420
5867 CONNECTION 559 537 300 3240 8340 8340
5868 CONNECTION 559 172 300 3360 6660 6660
5869 CONNECTION 559 1089 300 3600 8160 8160
5870 CONNECTION 559 498 300 4080 8640 8640
5871 CONNECTION 559 818 300 4140 7440 7440
5872 CONNECTION 559 1041 300 4440 9720 9720
5873 CONNECTION 653 654 -1 -1 900 900
5874 CONNECTION 653 362 -1 -1 2880 2880
5875 CONNECTION 653 1083 -1 -1 2760 2760
5876 CONNECTION 653 66 -1 -1 3000 3000
5877 CONNECTION 653 875 -1 -1 2700 2700
5878 CONNECTION 653 614 -1 -1 4680 4680
5879 CONNECTION 653 633 300 540 5820 5820
5880 CONNECTION 653 1060 300 540 5820 5820
5881 CONNECTION 653 138 300 1320 4500 4500
5882 CONNECTION 653 171 300 1320 4800 4800
5883 CONNECTION 653 336 300 1320 4800 4800
5884 CONNECTION 653 417 300 1320 4500 4500
5885 CONNECTION 653 789 300 1320 4500 4500
5886 CONNECTION 653 94 300 2100 6480 6480
5887 CONNECTION 653 516 300 2100 6360 6360
5888 CONNECTION 653 390 300 3120 6300 6300
5889 CONNECTION 653 588 300 3120 6600 6600
5890 CONNECTION 653 364 300 3900 8280 8280
5891 CONNECTION 653 443 300 4140 9420 9420
5892 CONNECTION 653 1017 300 4140 9420 9420
5893 CONNECTION 653 1085 300 4140 9420 9420
5894 SINK 653 2 -1 -1 300 300
5895 CONNECTION 495 66 -1 -1 1980 1980
5896 CONNECTION 495 875 -1 -1 1680 1680
5897 CONNECTION 495 614 -1 -1 3660 3660
5898 CONNECTION 495 633 -1 -1 4800 4800
5899 CONNECTION 495 1060 -1 -1 4800 4800
5900 CONNECTION 495 138 -1 -1 3480 3480
5901 CONNECTION 495 171 -1 -1 3780 3780
5902 CONNECTION 495 336 -1 -1 3780 3780
5903 CONNECTION 495 417 -1 -1 3480 3480
5904 CONNECTION 495 789 -1 -1 3480 3480
5905 CONNECTION 495 94 300 1080 5460 5460
5906 CONNECTION 495 516 300 1080 5340 5340
5907 CONNECTION 495 390 300 2100 5280 5280
5908 CONNECTION 495 588 300 2100 5580 5580
5909 CONNECTION 495 364 300 2880 7260 7260
5910 CONNECTION 495 443 300 3120 8400 8400
5911 CONNECTION 495 1017 300 3120 8400 8400
5912 CONNECTION 495 1085 300 3120 8400 8400
5913 CONNECTION 495 283 300 3900 7080 7080
5914 CONNECTION 495 658 300 3900 7080 7080
5915 CONNECTION 495 691 300 3900 7380 7380
5916 CONNECTION 495 843 300 3900 7380 7380
5917 CONNECTION 495 902 300 3900 7080 7080
5918 CONNECTION 495 616 300 4680 9060 9060
5919 CONNECTION 495 965 300 4680 8940 8940
5920 SINK 495 2 -1 -1 300 300
5921 CONNECTION 760 761 -1 -1 2280 2280
5922 CONNECTION 760 93 -1 -1 2880 2880
5923 CONNECTION 760 199 -1 -1 3120 3120
5924 CONNECTION 760 987 -1 -1 4080 4080
5925 CONNECTION 760 225 -1 -1 4020 4020
5926 CONNECTION 760 363 -1 -1 4680 4680
5927 CONNECTION 760 467 300 960 4920 4920
5928 CONNECTION 760 37 300 1320 5880 5880
5929 CONNECTION 760 1078 300 1320 5880 5880
5930 CONNECTION 760 497 300 1440 5820 5820
5931 CONNECTION 760 615 300 1920 6480 6480
5932 CONNECTION 760 719 300 2760 6720 6720
5933 CONNECTION 760 251 300 3120 7680 7680
5934 CONNECTION 760 741 300 3240 7620 7620
5935 CONNECTION 760 95 300 3720 8280 8280
5936 CONNECTION 760 944 300 4560 8520 8520
5937 CONNECTION 92 93 -1 -1 2400 2400
5938 CONNECTION 92 199 -1 -1 2640 2640
5939 CONNECTION 92 987 -1 -1 3600 3600
5940 CONNECTION 92 225 -1 -1 3540 3540
5941 CONNECTION 92 363 -1 -1 4200 4200
5942 CONNECTION 92 467 300 480 4440 4440
5943 CONNECTION 92 37 300 840 5400 5400
5944 CONNECTION 92 1078 300 840 5400 5400
5945 CONNECTION 92 497 300 960 5340 5340
5946 CONNECTION 92 615 300 1440 6000 6000
5947 CONNECTION 92 719 300 2280 6240 6240
5948 CONNECTION 92 251 300 2640 7200 7200
5949 CONNECTION 92 741 300 2760 7140 7140
5950 CONNECTION 92 95 300 3240 7800 7800
5951 CONNECTION 92 944 300 4080 8040 8040
5952 CONNECTION 92 563 300 4440 9000 9000
5953 CONNECTION 92 227 300 4560 8940 8940
5954 CONNECTION 387 586 -1 -1 3060 3060
5955 CONNECTION 387 535 -1 -1 4140 4140
5956 CONNECTION 387 841 -1 -1 4860 4860
5957 CONNECTION 387 68 300 2040 6660 6660
5958 CONNECTION 387 12 300 3480 7740 7740
5959 CONNECTION 387 338 300 3840 8460 8460
5960 CONNECTION 686 687 -1 -1 1200 1200
5961 CONNECTION 686 362 -1 -1 2880 2880
5962 CONNECTION 686 1083 -1 -1 2760 2760
5963 CONNECTION 686 66 -1 -1 3000 3000
5964 CONNECTION 686 875 -1 -1 2700 2700
5965 CONNECTION 686 614 -1 -1 4680 4680
5966 CONNECTION 686 633 300 540 5820 5820
5967 CONNECTION 686 1060 300 540 5820 5820
5968 CONNECTION 686 138 300 1320 4500 4500
5969 CONNECTION 686 171 300 1320 4800 4800
5970 CONNECTION 686 336 300 1320 4800 4800
5971 CONNECTION 686 417 300 1320 4500 4500
5972 CONNECTION 686 789 300 1320 4500 4500
5973 CONNECTION 686 94 300 2100 6480 6480
5974 CONNECTION 686 516 300 2100 6360 6360
5975 CONNECTION 686 390 300 3120 6300 6300
5976 CONNECTION 686 588 300 3120 6600 6600
5977 CONNECTION 686 364 300 3900 8280 8280
5978 CONNECTION 686 443 300 4140 9420 9420
5979 CONNECTION 686 1017 300 4140 9420 9420
5980 CONNECTION 686 1085 300 4140 9420 9420
5981 SINK 686 2 -1 -1 300 300
5982 CONNECTION 838 839 -1 -1 1200 1200
5983 CONNECTION 838 362 -1 -1 2880 2880
5984 CONNECTION 838 1083 -1 -1 2760 2760
5985 CONNECTION 838 66 -1 -1 3000 3000
5986 CONNECTION 838 875 -1 -1 2700 2700
5987 CONNECTION 838 614 -1 -1 4680 4680
5988 CONNECTION 838 633 300 540 5820 5820
5989 CONNECTION 838 1060 300 540 5820 5820
5990 CONNECTION 838 138 300 1320 4500 4500
5991 CONNECTION 838 171 300 1320 4800 4800
5992 CONNECTION 838 336 300 1320 4800 4800
5993 CONNECTION 838 417 300 1320 4500 4500
5994 CONNECTION 838 789 300 1320 4500 4500
5995 CONNECTION 838 94 300 2100 6480 6480
5996 CONNECTION 838 516 300 2100 6360 6360
5997 CONNECTION 838 390 300 3120 6300 6300
5998 CONNECTION 838 588 300 3120 6600 6600
5999 CONNECTION 838 364 300 3900 8280 8280
6000 CONNECTION 838 443 300 4140 9420 9420
6001 CONNECTION 838 1017 300 4140 9420 9420
6002 CONNECTION 838 1085 300 4140 9420 9420
6003 SINK 838 2 -1 -1 300 300
6004 CONNECTION 113 114 -1 -1 2820 2820
6005 CONNECTION 113 762 -1 -1 1680 1680
6006 CONNECTION 113 11 -1 -1 3600 3600
6007 CONNECTION 113 688 -1 -1 1920 1920
6008 CONNECTION 113 718 -1 -1 3420 3420
6009 CONNECTION 113 740 -1 -1 3900 3900
6010 CONNECTION 113 308 -1 -1 2700 2700
6011 CONNECTION 113 901 -1 -1 4980 4980
6012 CONNECTION 113 988 -1 -1 3480 3480
6013 CONNECTION 113 964 300 360 5640 5640
6014 CONNECTION 113 943 300 660 5220 5220
6015 CONNECTION 113 226 300 1140 5700 5700
6016 CONNECTION 113 634 300 1320 6420 6420
6017 CONNECTION 113 38 300 1980 5280 5280
6018 CONNECTION 113 1079 300 1980 5280 5280
6019 CONNECTION 113 537 300 2100 7200 7200
6020 CONNECTION 113 172 300 2220 5520 5520
6021 CONNECTION 113 1089 300 2460 7020 7020
6022 CONNECTION 113 498 300 2940 7500 7500
6023 CONNECTION 113 818 300 3000 6300 6300
6024 CONNECTION 113 1041 300 3300 8580 8580
6025 CONNECTION 113 252 300 3780 7080 7080
6026 CONNECTION 113 1096 300 3960 9240 9240
6027 CONNECTION 113 202 300 4260 8820 8820
6028 CONNECTION 113 742 300 4740 9300 9300
6029 CONNECTION 920 762 -1 -1 1680 1680
6030 CONNECTION 920 11 -1 -1 3600 3600
6031 CONNECTION 920 688 -1 -1 1920 1920
6032 CONNECTION 920 718 -1 -1 3420 3420
6033 CONNECTION 920 740 -1 -1 3900 3900
6034 CONNECTION 920 308 -1 -1 2700 2700
6035 CONNECTION 920 901 -1 -1 4980 4980
6036 CONNECTION 920 988 -1 -1 3480 3480
6037 CONNECTION 920 964 300 360 5640 5640
6038 CONNECTION 920 943 300 660 5220 5220
6039 CONNECTION 920 226 300 1140 5700 5700
6040 CONNECTION 920 634 300 1320 6420 6420
6041 CONNECTION 920 38 300 1980 5280 5280
6042 CONNECTION 920 1079 300 1980 5280 5280
6043 CONNECTION 920 537 300 2100 7200 7200
6044 CONNECTION 920 172 300 2220 5520 5520
6045 CONNECTION 920 1089 300 2460 7020 7020
6046 CONNECTION 920 498 300 2940 7500 7500
6047 CONNECTION 920 818 300 3000 6300 6300
6048 CONNECTION 920 1041 300 3300 8580 8580
6049 CONNECTION 920 252 300 3780 7080 7080
6050 CONNECTION 920 1096 300 3960 9240 9240
6051 CONNECTION 920 202 300 4260 8820 8820
6052 CONNECTION 920 742 300 4740 9300 9300
6053 CONNECTION 248 249 -1 -1 2880 2880
6054 CONNECTION 248 816 -1 -1 3000 3000
6055 CONNECTION 248 10 -1 -1 2700 2700
6056 CONNECTION 248 561 -1 -1 4680 4680
6057 CONNECTION 248 717 -1 -1 3060 3060
6058 CONNECTION 248 1040 300 480 5640 5640
6059 CONNECTION 248 281 300 600 3900 3900
6060 CONNECTION 248 441 300 780 5220 5220
6061 CONNECTION 248 763 300 1320 6480 6480
6062 CONNECTION 248 689 300 1560 6000 6000
6063 CONNECTION 248 942 300 1560 4860 4860
6064 CONNECTION 248 309 300 2340 6600 6600
6065 CONNECTION 248 536 300 3000 6300 6300
6066 CONNECTION 248 989 300 3120 8280 8280
6067 CONNECTION 248 1088 300 3360 6660 6660
6068 CONNECTION 248 419 300 4080 9240 9240
6069 CONNECTION 248 791 300 4200 7500 7500
6070 CONNECTION 248 922 300 4380 8820 8820
6071 CONNECTION 534 817 -1 -1 5280 5280
6072 CONNECTION 534 1095 300 1140 6240 6240
6073 CONNECTION 534 310 300 3780 8880 8880
6074 CONNECTION 534 517 300 4740 9840 9840
6075 CONNECTION 613 114 -1 -1 3360 3360
6076 CONNECTION 613 762 -1 -1 2220 2220
6077 CONNECTION 613 11 -1 -1 4140 4140
6078 CONNECTION 613 688 -1 -1 2460 2460
6079 CONNECTION 613 718 -1 -1 3960 3960
6080 CONNECTION 613 740 -1 -1 4440 4440
6081 CONNECTION 613 308 -1 -1 3240 3240
6082 CONNECTION 613 901 -1 -1 5520 5520
6083 CONNECTION 613 988 300 720 4020 4020
6084 CONNECTION 613 964 300 900 6180 6180
6085 CONNECTION 613 943 300 1200 5760 5760
6086 CONNECTION 613 226 300 1680 6240 6240
6087 CONNECTION 613 634 300 1860 6960 6960
6088 CONNECTION 613 38 300 2520 5820 5820
6089 CONNECTION 613 1079 300 2520 5820 5820
6090 CONNECTION 613 537 300 2640 7740 7740
6091 CONNECTION 613 172 300 2760 6060 6060
6092 CONNECTION 613 1089 300 3000 7560 7560
6093 CONNECTION 613 498 300 3480 8040 8040
6094 CONNECTION 613 818 300 3540 6840 6840
6095 CONNECTION 613 1041 300 3840 9120 9120
6096 CONNECTION 613 252 300 4320 7620 7620
6097 CONNECTION 613 1096 300 4500 9780 9780
6098 CONNECTION 613 202 300 4800 9360 9360
6099 CONNECTION 585 36 -1 -1 2580 2580
6100 CONNECTION 585 1077 -1 -1 2580 2580
6101 CONNECTION 585 656 -1 -1 4260 4260
6102 CONNECTION 585 250 300 420 4380 4380
6103 CONNECTION 585 1016 300 540 4800 4800
6104 CONNECTION 585 1084 300 540 4800 4800
6105 CONNECTION 585 877 300 1620 6060 6060
6106 CONNECTION 585 562 300 2220 6180 6180
6107 CONNECTION 585 140 300 3420 7860 7860
6108 CONNECTION 585 764 300 4020 7980 7980
6109 CONNECTION 585 115 300 4140 8400 8400
6110 CONNECTION 716 717 -1 -1 1020 1020
6111 CONNECTION 716 1040 -1 -1 3600 3600
6112 CONNECTION 716 281 -1 -1 1860 1860
6113 CONNECTION 716 441 -1 -1 3180 3180
6114 CONNECTION 716 763 -1 -1 4440 4440
6115 CONNECTION 716 689 -1 -1 3960 3960
6116 CONNECTION 716 942 -1 -1 2820 2820
6117 CONNECTION 716 309 -1 -1 4560 4560
6118 CONNECTION 716 536 300 960 4260 4260
6119 CONNECTION 716 989 300 1080 6240 6240
6120 CONNECTION 716 1088 300 1320 4620 4620
6121 CONNECTION 716 419 300 2040 7200 7200
6122 CONNECTION 716 791 300 2160 5460 5460
6123 CONNECTION 716 922 300 2340 6780 6780
6124 CONNECTION 716 39 300 2880 8040 8040
6125 CONNECTION 716 1080 300 2880 8040 8040
6126 CONNECTION 716 173 300 3120 7560 7560
6127 CONNECTION 716 201 300 3120 6420 6420
6128 CONNECTION 716 819 300 3900 8160 8160
6129 CONNECTION 716 13 300 4560 7860 7860
6130 CONNECTION 716 253 300 4680 9840 9840
6131 CONNECTION 900 1087 -1 -1 3600 3600
6132 CONNECTION 900 921 -1 -1 4620 4620
6133 CONNECTION 900 200 -1 -1 5400 5400
6134 CONNECTION 900 468 300 2040 7200 7200
6135 CONNECTION 900 1061 300 3060 8220 8220
6136 CONNECTION 900 720 300 3840 9000 9000
6137 CONNECTION 168 169 -1 -1 2160 2160
6138 CONNECTION 168 816 -1 -1 2760 2760
6139 CONNECTION 168 10 -1 -1 2460 2460
6140 CONNECTION 168 561 -1 -1 4440 4440
6141 CONNECTION 168 717 -1 -1 2820 2820
6142 CONNECTION 168 1040 -1 -1 5400 5400
6143 CONNECTION 168 281 300 360 3660 3660
6144 CONNECTION 168 441 300 540 4980 4980
6145 CONNECTION 168 763 300 1080 6240 6240
6146 CONNECTION 168 689 300 1320 5760 5760
6147 CONNECTION 168 942 300 1320 4620 4620
6148 CONNECTION 168 309 300 2100 6360 6360
6149 CONNECTION 168 536 300 2760 6060 6060
6150 CONNECTION 168 989 300 2880 8040 8040
6151 CONNECTION 168 1088 300 3120 6420 6420
6152 CONNECTION 168 419 300 3840 9000 9000
6153 CONNECTION 168 791 300 3960 7260 7260
6154 CONNECTION 168 922 300 4140 8580 8580
6155 CONNECTION 168 39 300 4680 9840 9840
6156 CONNECTION 168 1080 300 4680 9840 9840
6157 CONNECTION 787 560 -1 -1 1500 1500
6158 CONNECTION 787 515 -1 -1 3660 3660
6159 CONNECTION 787 466 -1 -1 3240 3240
6160 CONNECTION 787 496 -1 -1 3720 3720
6161 CONNECTION 787 114 -1 -1 4440 4440
6162 CONNECTION 787 762 -1 -1 3300 3300
6163 CONNECTION 787 11 -1 -1 5220 5220
6164 CONNECTION 787 688 -1 -1 3540 3540
6165 CONNECTION 787 718 300 480 5040 5040
6166 CONNECTION 787 740 300 960 5520 5520
6167 CONNECTION 787 308 300 1020 4320 4320
6168 CONNECTION 787 901 300 1320 6600 6600
6169 CONNECTION 787 988 300 1800 5100 5100
6170 CONNECTION 787 964 300 1980 7260 7260
6171 CONNECTION 787 943 300 2280 6840 6840
6172 CONNECTION 787 226 300 2760 7320 7320
6173 CONNECTION 787 634 300 2940 8040 8040
6174 CONNECTION 787 38 300 3600 6900 6900
6175 CONNECTION 787 1079 300 3600 6900 6900
6176 CONNECTION 787 537 300 3720 8820 8820
6177 CONNECTION 787 172 300 3840 7140 7140
6178 CONNECTION 787 1089 300 4080 8640 8640
6179 CONNECTION 787 498 300 4560 9120 9120
6180 CONNECTION 787 818 300 4620 7920 7920
6181 CONNECTION 198 199 -1 -1 1680 1680
6182 CONNECTION 198 225 -1 -1 2580 2580
6183 CONNECTION 198 363 -1 -1 3240 3240
6184 CONNECTION 198 467 -1 -1 3480 3480
6185 CONNECTION 198 37 -1 -1 4440 4440
6186 CONNECTION 198 1078 -1 -1 4440 4440
6187 CONNECTION 198 497 -1 -1 4380 4380
6188 CONNECTION 198 615 300 480 5040 5040
6189 CONNECTION 198 719 300 1320 5280 5280
6190 CONNECTION 198 251 300 1680 6240 6240
6191 CONNECTION 198 741 300 1800 6180 6180
6192 CONNECTION 198 95 300 2280 6840 6840
6193 CONNECTION 198 944 300 3120 7080 7080
6194 CONNECTION 198 563 300 3480 8040 8040
6195 CONNECTION 198 227 300 3600 7980 7980
6196 CONNECTION 198 365 300 4080 8640 8640
6197 CONNECTION 1058 1059 -1 -1 900 900
6198 CONNECTION 1058 170 -1 -1 1680 1680
6199 CONNECTION 1058 335 -1 -1 1680 1680
6200 CONNECTION 1058 876 -1 -1 3120 3120
6201 CONNECTION 1058 139 -1 -1 4920 4920
6202 CONNECTION 1058 418 -1 -1 4740 4740
6203 CONNECTION 1058 587 -1 -1 3480 3480
6204 CONNECTION 1058 790 300 420 4860 4860
6205 CONNECTION 1058 442 300 1320 4500 4500
6206 CONNECTION 1058 391 300 2100 6720 6720
6207 CONNECTION 1058 690 300 2100 5280 5280
6208 CONNECTION 1058 842 300 2100 5280 5280
6209 CONNECTION 1058 69 300 3900 7080 7080
6210 CONNECTION 1058 659 300 3900 8520 8520
6211 CONNECTION 1058 903 300 3900 8340 8340
6212 CONNECTION 1058 284 300 4020 8460 8460
6213 CONNECTION 9 10 -1 -1 1020 1020
6214 CONNECTION 9 1040 -1 -1 3960 3960
6215 CONNECTION 9 281 -1 -1 2220 2220
6216 CONNECTION 9 441 -1 -1 3540 3540
6217 CONNECTION 9 763 -1 -1 4800 4800
6218 CONNECTION 9 689 -1 -1 4320 4320
6219 CONNECTION 9 942 -1 -1 3180 3180
6220 CONNECTION 9 309 300 660 4920 4920
6221 CONNECTION 9 536 300 1320 4620 4620
6222 CONNECTION 9 989 300 1440 6600 6600
6223 CONNECTION 9 1088 300 1680 4980 4980
6224 CONNECTION 9 419 300 2400 7560 7560
6225 CONNECTION 9 791 300 2520 5820 5820
6226 CONNECTION 9 922 300 2700 7140 7140
6227 CONNECTION 9 39 300 3240 8400 8400
6228 CONNECTION 9 1080 300 3240 8400 8400
6229 CONNECTION 9 173 300 3480 7920 7920
6230 CONNECTION 9 201 300 3480 6780 6780
6231 CONNECTION 9 819 300 4260 8520 8520
6232 CONNECTION 279 280 -1 -1 2280 2280
6233 CONNECTION 279 1059 -1 -1 1920 1920
6234 CONNECTION 279 170 -1 -1 2700 2700
6235 CONNECTION 279 335 -1 -1 2700 2700
6236 CONNECTION 279 876 -1 -1 4140 4140
6237 CONNECTION 279 139 300 1320 5940 5940
6238 CONNECTION 279 418 300 1320 5760 5760
6239 CONNECTION 279 587 300 1320 4500 4500
6240 CONNECTION 279 790 300 1440 5880 5880
6241 CONNECTION 279 442 300 2340 5520 5520
6242 CONNECTION 279 391 300 3120 7740 7740
6243 CONNECTION 279 690 300 3120 6300 6300
6244 CONNECTION 279 842 300 3120 6300 6300
6245 CONNECTION 654 655 -1 -1 2340 2340
6246 CONNECTION 654 1059 -1 -1 1920 1920
6247 CONNECTION 654 170 -1 -1 2700 2700
6248 CONNECTION 654 335 -1 -1 2700 2700
6249 CONNECTION 654 876 -1 -1 4140 4140
6250 CONNECTION 654 139 300 1320 5940 5940
6251 CONNECTION 654 418 300 1320 5760 5760
6252 CONNECTION 654 587 300 1320 4500 4500
6253 CONNECTION 654 790 300 1440 5880 5880
6254 CONNECTION 654 442 300 2340 5520 5520
6255 CONNECTION 654 391 300 3120 7740 7740
6256 CONNECTION 654 690 300 3120 6300 6300
6257 CONNECTION 654 842 300 3120 6300 6300
6258 CONNECTION 687 137 -1 -1 2400 2400
6259 CONNECTION 687 788 -1 -1 2400 2400
6260 CONNECTION 687 67 -1 -1 4020 4020
6261 CONNECTION 687 389 300 720 4200 4200
6262 CONNECTION 687 337 300 1380 5820 5820
6263 CONNECTION 687 282 300 2520 6000 6000
6264 CONNECTION 687 657 300 2520 6000 6000
6265 CONNECTION 687 589 300 3180 7620 7620
6266 CONNECTION 687 878 300 4320 7800 7800
6267 CONNECTION 839 840 -1 -1 2220 2220
6268 CONNECTION 839 137 -1 -1 2400 2400
6269 CONNECTION 839 788 -1 -1 2400 2400
6270 CONNECTION 839 67 -1 -1 4020 4020
6271 CONNECTION 839 389 300 720 4200 4200
6272 CONNECTION 839 337 300 1380 5820 5820
6273 CONNECTION 839 282 300 2520 6000 6000
6274 CONNECTION 839 657 300 2520 6000 6000
6275 CONNECTION 839 589 300 3180 7620 7620
6276 CONNECTION 839 878 300 4320 7800 7800
6277 CONNECTION 1038 1039 -1 -1 2160 2160
6278 CONNECTION 1038 1059 -1 -1 1920 1920
6279 CONNECTION 1038 170 -1 -1 2700 2700
6280 CONNECTION 1038 335 -1 -1 2700 2700
6281 CONNECTION 1038 876 -1 -1 4140 4140
6282 CONNECTION 1038 139 300 1320 5940 5940
6283 CONNECTION 1038 418 300 1320 5760 5760
6284 CONNECTION 1038 587 300 1320 4500 4500
6285 CONNECTION 1038 790 300 1440 5880 5880
6286 CONNECTION 1038 442 300 2340 5520 5520
6287 CONNECTION 1038 391 300 3120 7740 7740
6288 CONNECTION 1038 690 300 3120 6300 6300
6289 CONNECTION 1038 842 300 3120 6300 6300
6290 CONNECTION 136 137 -1 -1 1320 1320
6291 CONNECTION 136 67 -1 -1 2940 2940
6292 CONNECTION 136 389 -1 -1 3120 3120
6293 CONNECTION 136 337 -1 -1 4740 4740
6294 CONNECTION 136 282 300 1440 4920 4920
6295 CONNECTION 136 657 300 1440 4920 4920
6296 CONNECTION 136 589 300 2100 6540 6540
6297 CONNECTION 136 878 300 3240 6720 6720
6298 CONNECTION 136 844 300 3900 8340 8340
6299 CONNECTION 224 225 -1 -1 2100 2100
6300 CONNECTION 224 363 -1 -1 2760 2760
6301 CONNECTION 224 467 -1 -1 3000 3000
6302 CONNECTION 224 37 -1 -1 3960 3960
6303 CONNECTION 224 1078 -1 -1 3960 3960
6304 CONNECTION 224 497 -1 -1 3900 3900
6305 CONNECTION 224 615 -1 -1 4560 4560
6306 CONNECTION 224 719 300 840 4800 4800
6307 CONNECTION 224 251 300 1200 5760 5760
6308 CONNECTION 224 741 300 1320 5700 5700
6309 CONNECTION 224 95 300 1800 6360 6360
6310 CONNECTION 224 944 300 2640 6600 6600
6311 CONNECTION 224 563 300 3000 7560 7560
6312 CONNECTION 224 227 300 3120 7500 7500
6313 CONNECTION 224 365 300 3600 8160 8160
6314 CONNECTION 224 1090 300 4440 8400 8400
6315 CONNECTION 224 765 300 4800 9360 9360
6316 CONNECTION 1076 36 -1 -1 2280 2280
6317 CONNECTION 1076 1077 -1 -1 2280 2280
6318 CONNECTION 1076 656 -1 -1 3960 3960
6319 CONNECTION 1076 250 -1 -1 4080 4080
6320 CONNECTION 1076 1016 -1 -1 4500 4500
6321 CONNECTION 1076 1084 -1 -1 4500 4500
6322 CONNECTION 1076 877 300 1320 5760 5760
6323 CONNECTION 1076 562 300 1920 5880 5880
6324 CONNECTION 1076 140 300 3120 7560 7560
6325 CONNECTION 1076 764 300 3720 7680 7680
6326 CONNECTION 1076 115 300 3840 8100 8100
6327 CONNECTION 249 921 -1 -1 3780 3780
6328 CONNECTION 249 200 -1 -1 4560 4560
6329 CONNECTION 249 468 300 1200 6360 6360
6330 CONNECTION 249 1061 300 2220 7380 7380
6331 CONNECTION 249 720 300 3000 8160 8160
6332 CONNECTION 249 945 300 4800 9960 9960
6333 CONNECTION 815 816 -1 -1 1980 1980
6334 CONNECTION 815 10 -1 -1 1680 1680
6335 CONNECTION 815 561 -1 -1 3660 3660
6336 CONNECTION 815 717 -1 -1 2040 2040
6337 CONNECTION 815 1040 -1 -1 4620 4620
6338 CONNECTION 815 281 -1 -1 2880 2880
6339 CONNECTION 815 441 -1 -1 4200 4200
6340 CONNECTION 815 763 -1 -1 5460 5460
6341 CONNECTION 815 689 300 540 4980 4980
6342 CONNECTION 815 942 300 540 3840 3840
6343 CONNECTION 815 309 300 1320 5580 5580
6344 CONNECTION 815 536 300 1980 5280 5280
6345 CONNECTION 815 989 300 2100 7260 7260
6346 CONNECTION 815 1088 300 2340 5640 5640
6347 CONNECTION 815 419 300 3060 8220 8220
6348 CONNECTION 815 791 300 3180 6480 6480
6349 CONNECTION 815 922 300 3360 7800 7800
6350 CONNECTION 815 39 300 3900 9060 9060
6351 CONNECTION 815 1080 300 3900 9060 9060
6352 CONNECTION 815 173 300 4140 8580 8580
6353 CONNECTION 815 201 300 4140 7440 7440
6354 CONNECTION 334 335 -1 -1 900 900
6355 CONNECTION 334 139 -1 -1 4140 4140
6356 CONNECTION 334 418 -1 -1 3960 3960
6357 CONNECTION 334 587 -1 -1 2700 2700
6358 CONNECTION 334 790 -1 -1 4080 4080
6359 CONNECTION 334 442 300 540 3720 3720
6360 CONNECTION 334 391 300 1320 5940 5940
6361 CONNECTION 334 690 300 1320 4500 4500
6362 CONNECTION 334 842 300 1320 4500 4500
6363 CONNECTION 334 69 300 3120 6300 6300
6364 CONNECTION 334 659 300 3120 7740 7740
6365 CONNECTION 334 903 300 3120 7560 7560
6366 CONNECTION 334 284 300 3240 7680 7680
6367 CONNECTION 334 923 300 4140 7320 7320
6368 CONNECTION 440 441 -1 -1 2160 2160
6369 CONNECTION 440 763 -1 -1 3420 3420
6370 CONNECTION 440 689 -1 -1 2940 2940
6371 CONNECTION 440 942 -1 -1 1800 1800
6372 CONNECTION 440 309 -1 -1 3540 3540
6373 CONNECTION 440 536 -1 -1 3240 3240
6374 CONNECTION 440 989 -1 -1 5220 5220
6375 CONNECTION 440 1088 -1 -1 3600 3600
6376 CONNECTION 440 419 300 1020 6180 6180
6377 CONNECTION 440 791 300 1140 4440 4440
6378 CONNECTION 440 922 300 1320 5760 5760
6379 CONNECTION 440 39 300 1860 7020 7020
6380 CONNECTION 440 1080 300 1860 7020 7020
6381 CONNECTION 440 173 300 2100 6540 6540
6382 CONNECTION 440 201 300 2100 5400 5400
6383 CONNECTION 440 819 300 2880 7140 7140
6384 CONNECTION 440 13 300 3540 6840 6840
6385 CONNECTION 440 253 300 3660 8820 8820
6386 CONNECTION 440 469 300 3900 7200 7200
6387 CONNECTION 440 904 300 4620 9780 9780
6388 CONNECTION 440 285 300 4740 8040 8040
6389 CONNECTION 169 170 -1 -1 900 900
6390 CONNECTION 169 139 -1 -1 4140 4140
6391 CONNECTION 169 418 -1 -1 3960 3960
6392 CONNECTION 169 587 -1 -1 2700 2700
6393 CONNECTION 169 790 -1 -1 4080 4080
6394 CONNECTION 169 442 300 540 3720 3720
6395 CONNECTION 169 391 300 1320 5940 5940
6396 CONNECTION 169 690 300 1320 4500 4500
6397 CONNECTION 169 842 300 1320 4500 4500
6398 CONNECTION 169 69 300 3120 6300 6300
6399 CONNECTION 169 659 300 3120 7740 7740
6400 CONNECTION 169 903 300 3120 7560 7560
6401 CONNECTION 169 284 300 3240 7680 7680
6402 CONNECTION 169 923 300 4140 7320 7320
6403 CONNECTION 465 466 -1 -1 2280 2280
6404 CONNECTION 465 496 -1 -1 2760 2760
6405 CONNECTION 465 114 -1 -1 3480 3480
6406 CONNECTION 465 762 -1 -1 2340 2340
6407 CONNECTION 465 11 -1 -1 4260 4260
6408 CONNECTION 465 688 -1 -1 2580 2580
6409 CONNECTION 465 718 -1 -1 4080 4080
6410 CONNECTION 465 740 -1 -1 4560 4560
6411 CONNECTION 465 308 -1 -1 3360 3360
6412 CONNECTION 465 901 300 360 5640 5640
6413 CONNECTION 465 988 300 840 4140 4140
6414 CONNECTION 465 964 300 1020 6300 6300
6415 CONNECTION 465 943 300 1320 5880 5880
6416 CONNECTION 465 226 300 1800 6360 6360
6417 CONNECTION 465 634 300 1980 7080 7080
6418 CONNECTION 465 38 300 2640 5940 5940
6419 CONNECTION 465 1079 300 2640 5940 5940
6420 CONNECTION 465 537 300 2760 7860 7860
6421 CONNECTION 465 172 300 2880 6180 6180
6422 CONNECTION 465 1089 300 3120 7680 7680
6423 CONNECTION 465 498 300 3600 8160 8160
6424 CONNECTION 465 818 300 3660 6960 6960
6425 CONNECTION 465 1041 300 3960 9240 9240
6426 CONNECTION 465 252 300 4440 7740 7740
6427 CONNECTION 465 1096 300 4620 9900 9900
6428 CONNECTION 416 417 -1 -1 900 900
6429 CONNECTION 416 94 -1 -1 2880 2880
6430 CONNECTION 416 516 -1 -1 2760 2760
6431 CONNECTION 416 390 -1 -1 2700 2700
6432 CONNECTION 416 588 -1 -1 3000 3000
6433 CONNECTION 416 364 -1 -1 4680 4680
6434 CONNECTION 416 443 300 540 5820 5820
6435 CONNECTION 416 1017 300 540 5820 5820
6436 CONNECTION 416 1085 300 540 5820 5820
6437 CONNECTION 416 283 300 1320 4500 4500
6438 CONNECTION 416 658 300 1320 4500 4500
6439 CONNECTION 416 691 300 1320 4800 4800
6440 CONNECTION 416 843 300 1320 4800 4800
6441 CONNECTION 416 902 300 1320 4500 4500
6442 CONNECTION 416 616 300 2100 6480 6480
6443 CONNECTION 416 965 300 2100 6360 6360
6444 CONNECTION 416 70 300 3120 6600 6600
6445 CONNECTION 416 879 300 3120 6300 6300
6446 CONNECTION 416 96 300 3900 8280 8280
6447 CONNECTION 416 116 300 4140 9420 9420
6448 CONNECTION 416 924 300 4140 9420 9420
6449 SINK 416 2 -1 -1 300 300
6450 CONNECTION 761 762 -1 -1 1020 1020
6451 CONNECTION 761 718 -1 -1 2760 2760
6452 CONNECTION 761 740 -1 -1 3240 3240
6453 CONNECTION 761 308 -1 -1 2040 2040
6454 CONNECTION 761 901 -1 -1 4320 4320
6455 CONNECTION 761 988 -1 -1 2820 2820
6456 CONNECTION 761 964 -1 -1 4980 4980
6457 CONNECTION 761 943 -1 -1 4560 4560
6458 CONNECTION 761 226 300 480 5040 5040
6459 CONNECTION 761 634 300 660 5760 5760
6460 CONNECTION 761 38 300 1320 4620 4620
6461 CONNECTION 761 1079 300 1320 4620 4620
6462 CONNECTION 761 537 300 1440 6540 6540
6463 CONNECTION 761 172 300 1560 4860 4860
6464 CONNECTION 761 1089 300 1800 6360 6360
6465 CONNECTION 761 498 300 2280 6840 6840
6466 CONNECTION 761 818 300 2340 5640 5640
6467 CONNECTION 761 1041 300 2640 7920 7920
6468 CONNECTION 761 252 300 3120 6420 6420
6469 CONNECTION 761 1096 300 3300 8580 8580
6470 CONNECTION 761 202 300 3600 8160 8160
6471 CONNECTION 761 742 300 4080 8640 8640
6472 CONNECTION 761 1018 300 4260 9360 9360
6473 CONNECTION 761 1086 300 4260 9360 9360
6474 CONNECTION 874 875 -1 -1 900 900
6475 CONNECTION 874 614 -1 -1 2880 2880
6476 CONNECTION 874 633 -1 -1 4020 4020
6477 CONNECTION 874 1060 -1 -1 4020 4020
6478 CONNECTION 874 138 -1 -1 2700 2700
6479 CONNECTION 874 171 -1 -1 3000 3000
6480 CONNECTION 874 336 -1 -1 3000 3000
6481 CONNECTION 874 417 -1 -1 2700 2700
6482 CONNECTION 874 789 -1 -1 2700 2700
6483 CONNECTION 874 94 -1 -1 4680 4680
6484 CONNECTION 874 516 -1 -1 4560 4560
6485 CONNECTION 874 390 300 1320 4500 4500
6486 CONNECTION 874 588 300 1320 4800 4800
6487 CONNECTION 874 364 300 2100 6480 6480
6488 CONNECTION 874 443 300 2340 7620 7620
6489 CONNECTION 874 1017 300 2340 7620 7620
6490 CONNECTION 874 1085 300 2340 7620 7620
6491 CONNECTION 874 283 300 3120 6300 6300
6492 CONNECTION 874 658 300 3120 6300 6300
6493 CONNECTION 874 691 300 3120 6600 6600
6494 CONNECTION 874 843 300 3120 6600 6600
6495 CONNECTION 874 902 300 3120 6300 6300
6496 CONNECTION 874 616 300 3900 8280 8280
6497 CONNECTION 874 965 300 3900 8160 8160
6498 SINK 874 2 -1 -1 300 300
6499 CONNECTION 739 138 -1 -1 1680 1680
6500 CONNECTION 739 171 -1 -1 1980 1980
6501 CONNECTION 739 336 -1 -1 1980 1980
6502 CONNECTION 739 417 -1 -1 1680 1680
6503 CONNECTION 739 789 -1 -1 1680 1680
6504 CONNECTION 739 94 -1 -1 3660 3660
6505 CONNECTION 739 516 -1 -1 3540 3540
6506 CONNECTION 739 390 -1 -1 3480 3480
6507 CONNECTION 739 588 -1 -1 3780 3780
6508 CONNECTION 739 364 300 1080 5460 5460
6509 CONNECTION 739 443 300 1320 6600 6600
6510 CONNECTION 739 1017 300 1320 6600 6600
6511 CONNECTION 739 1085 300 1320 6600 6600
6512 CONNECTION 739 283 300 2100 5280 5280
6513 CONNECTION 739 658 300 2100 5280 5280
6514 CONNECTION 739 691 300 2100 5580 5580
6515 CONNECTION 739 843 300 2100 5580 5580
6516 CONNECTION 739 902 300 2100 5280 5280
6517 CONNECTION 739 616 300 2880 7260 7260
6518 CONNECTION 739 965 300 2880 7140 7140
6519 CONNECTION 739 70 300 3900 7380 7380
6520 CONNECTION 739 879 300 3900 7080 7080
6521 CONNECTION 739 96 300 4680 9060 9060
6522 SINK 739 2 -1 -1 300 300
6523 CONNECTION 986 987 -1 -1 2280 2280
6524 CONNECTION 986 363 -1 -1 2880 2880
6525 CONNECTION 986 467 -1 -1 3120 3120
6526 CONNECTION 986 37 -1 -1 4080 4080
6527 CONNECTION 986 1078 -1 -1 4080 4080
6528 CONNECTION 986 497 -1 -1 4020 4020
6529 CONNECTION 986 615 -1 -1 4680 4680
6530 CONNECTION 986 719 300 960 4920 4920
6531 CONNECTION 986 251 300 1320 5880 5880
6532 CONNECTION 986 741 300 1440 5820 5820
6533 CONNECTION 986 95 300 1920 6480 6480
6534 CONNECTION 986 944 300 2760 6720 6720
6535 CONNECTION 986 563 300 3120 7680 7680
6536 CONNECTION 986 227 300 3240 7620 7620
6537 CONNECTION 986 365 300 3720 8280 8280
6538 CONNECTION 986 1090 300 4560 8520 8520
6539 CONNECTION 362 363 -1 -1 2400 2400
6540 CONNECTION 362 467 -1 -1 2640 2640
6541 CONNECTION 362 37 -1 -1 3600 3600
6542 CONNECTION 362 1078 -1 -1 3600 3600
6543 CONNECTION 362 497 -1 -1 3540 3540
6544 CONNECTION 362 615 -1 -1 4200 4200
6545 CONNECTION 362 719 300 480 4440 4440
6546 CONNECTION 362 251 300 840 5400 5400
6547 CONNECTION 362 741 300 960 5340 5340
6548 CONNECTION 362 95 300 1440 6000 6000
6549 CONNECTION 362 944 300 2280 6240 6240
6550 CONNECTION 362 563 300 2640 7200 7200
6551 CONNECTION 362 227 300 2760 7140 7140
6552 CONNECTION 362 365 300 3240 7800 7800
6553 CONNECTION 362 1090 300 4080 8040 8040
6554 CONNECTION 362 765 300 4440 9000 9000
6555 CONNECTION 362 499 300 4560 8940 8940
6556 CONNECTION 1083 656 -1 -1 3120 3120
6557 CONNECTION 1083 250 -1 -1 3240 3240
6558 CONNECTION 1083 1016 -1 -1 3660 3660
6559 CONNECTION 1083 1084 -1 -1 3660 3660
6560 CONNECTION 1083 877 300 480 4920 4920
6561 CONNECTION 1083 562 300 1080 5040 5040
6562 CONNECTION 1083 140 300 2280 6720 6720
6563 CONNECTION 1083 764 300 2880 6840 6840
6564 CONNECTION 1083 115 300 3000 7260 7260
6565 CONNECTION 1083 392 300 4080 8520 8520
6566 CONNECTION 1083 990 300 4680 8640 8640
6567 CONNECTION 632 633 -1 -1 3000 3000
6568 CONNECTION 632 138 -1 -1 1680 1680
6569 CONNECTION 632 171 -1 -1 1980 1980
6570 CONNECTION 632 336 -1 -1 1980 1980
6571 CONNECTION 632 417 -1 -1 1680 1680
6572 CONNECTION 632 789 -1 -1 1680 1680
6573 CONNECTION 632 94 -1 -1 3660 3660
6574 CONNECTION 632 516 -1 -1 3540 3540
6575 CONNECTION 632 390 -1 -1 3480 3480
6576 CONNECTION 632 588 -1 -1 3780 3780
6577 CONNECTION 632 364 300 1080 5460 5460
6578 CONNECTION 632 443 300 1320 6600 6600
6579 CONNECTION 632 1017 300 1320 6600 6600
6580 CONNECTION 632 1085 300 1320 6600 6600
6581 CONNECTION 632 283 300 2100 5280 5280
6582 CONNECTION 632 658 300 2100 5280 5280
6583 CONNECTION 632 691 300 2100 5580 5580
6584 CONNECTION 632 843 300 2100 5580 5580
6585 CONNECTION 632 902 300 2100 5280 5280
6586 CONNECTION 632 616 300 2880 7260 7260
6587 CONNECTION 632 965 300 2880 7140 7140
6588 CONNECTION 632 70 300 3900 7380 7380
6589 CONNECTION 632 879 300 3900 7080 7080
6590 CONNECTION 632 96 300 4680 9060 9060
6591 SINK 632 2 -1 -1 300 300
6592 CONNECTION 65 66 -1 -1 1200 1200
6593 CONNECTION 65 614 -1 -1 2880 2880
6594 CONNECTION 65 633 -1 -1 4020 4020
6595 CONNECTION 65 1060 -1 -1 4020 4020
6596 CONNECTION 65 138 -1 -1 2700 2700
6597 CONNECTION 65 171 -1 -1 3000 3000
6598 CONNECTION 65 336 -1 -1 3000 3000
6599 CONNECTION 65 417 -1 -1 2700 2700
6600 CONNECTION 65 789 -1 -1 2700 2700
6601 CONNECTION 65 94 -1 -1 4680 4680
6602 CONNECTION 65 516 -1 -1 4560 4560
6603 CONNECTION 65 390 300 1320 4500 4500
6604 CONNECTION 65 588 300 1320 4800 4800
6605 CONNECTION 65 364 300 2100 6480 6480
6606 CONNECTION 65 443 300 2340 7620 7620
6607 CONNECTION 65 1017 300 2340 7620 7620
6608 CONNECTION 65 1085 300 2340 7620 7620
6609 CONNECTION 65 283 300 3120 6300 6300
6610 CONNECTION 65 658 300 3120 6300 6300
6611 CONNECTION 65 691 300 3120 6600 6600
6612 CONNECTION 65 843 300 3120 6600 6600
6613 CONNECTION 65 902 300 3120 6300 6300
6614 CONNECTION 65 616 300 3900 8280 8280
6615 CONNECTION 65 965 300 3900 8160 8160
6616 SINK 65 2 -1 -1 300 300
6617 CONNECTION 655 841 -1 -1 3060 3060
6618 CONNECTION 655 68 -1 -1 4860 4860
6619 CONNECTION 655 12 300 1680 5940 5940
6620 CONNECTION 655 338 300 2040 6660 6660
6621 CONNECTION 655 590 300 3840 8460 8460
6622 CONNECTION 1039 1040 -1 -1 2880 2880
6623 CONNECTION 1039 763 -1 -1 3720 3720
6624 CONNECTION 1039 689 -1 -1 3240 3240
6625 CONNECTION 1039 942 -1 -1 2100 2100
6626 CONNECTION 1039 309 -1 -1 3840 3840
6627 CONNECTION 1039 536 -1 -1 3540 3540
6628 CONNECTION 1039 989 300 360 5520 5520
6629 CONNECTION 1039 1088 300 600 3900 3900
6630 CONNECTION 1039 419 300 1320 6480 6480
6631 CONNECTION 1039 791 300 1440 4740 4740
6632 CONNECTION 1039 922 300 1620 6060 6060
6633 CONNECTION 1039 39 300 2160 7320 7320
6634 CONNECTION 1039 1080 300 2160 7320 7320
6635 CONNECTION 1039 173 300 2400 6840 6840
6636 CONNECTION 1039 201 300 2400 5700 5700
6637 CONNECTION 1039 819 300 3180 7440 7440
6638 CONNECTION 1039 13 300 3840 7140 7140
6639 CONNECTION 1039 253 300 3960 9120 9120
6640 CONNECTION 1039 469 300 4200 7500 7500
6641 CONNECTION 280 281 -1 -1 1020 1020
6642 CONNECTION 280 763 -1 -1 3600 3600
6643 CONNECTION 280 689 -1 -1 3120 3120
6644 CONNECTION 280 942 -1 -1 1980 1980
6645 CONNECTION 280 309 -1 -1 3720 3720
6646 CONNECTION 280 536 -1 -1 3420 3420
6647 CONNECTION 280 989 -1 -1 5400 5400
6648 CONNECTION 280 1088 300 480 3780 3780
6649 CONNECTION 280 419 300 1200 6360 6360
6650 CONNECTION 280 791 300 1320 4620 4620
6651 CONNECTION 280 922 300 1500 5940 5940
6652 CONNECTION 280 39 300 2040 7200 7200
6653 CONNECTION 280 1080 300 2040 7200 7200
6654 CONNECTION 280 173 300 2280 6720 6720
6655 CONNECTION 280 201 300 2280 5580 5580
6656 CONNECTION 280 819 300 3060 7320 7320
6657 CONNECTION 280 13 300 3720 7020 7020
6658 CONNECTION 280 253 300 3840 9000 9000
6659 CONNECTION 280 469 300 4080 7380 7380
6660 CONNECTION 280 904 300 4800 9960 9960
6661 CONNECTION 307 308 -1 -1 1020 1020
6662 CONNECTION 307 988 -1 -1 1800 1800
6663 CONNECTION 307 964 -1 -1 3960 3960
6664 CONNECTION 307 943 -1 -1 3540 3540
6665 CONNECTION 307 226 -1 -1 4020 4020
6666 CONNECTION 307 634 -1 -1 4740 4740
6667 CONNECTION 307 38 -1 -1 3600 3600
6668 CONNECTION 307 1079 -1 -1 3600 3600
6669 CONNECTION 307 537 300 420 5520 5520
6670 CONNECTION 307 172 300 540 3840 3840
6671 CONNECTION 307 1089 300 780 5340 5340
6672 CONNECTION 307 498 300 1260 5820 5820
6673 CONNECTION 307 818 300 1320 4620 4620
6674 CONNECTION 307 1041 300 1620 6900 6900
6675 CONNECTION 307 252 300 2100 5400 5400
6676 CONNECTION 307 1096 300 2280 7560 7560
6677 CONNECTION 307 202 300 2580 7140 7140
6678 CONNECTION 307 742 300 3060 7620 7620
6679 CONNECTION 307 1018 300 3240 8340 8340
6680 CONNECTION 307 1086 300 3240 8340 8340
6681 CONNECTION 307 564 300 3900 7200 7200
6682 CONNECTION 307 14 300 4020 9120 9120
6683 CONNECTION 307 692 300 4140 7440 7440
6684 CONNECTION 307 470 300 4380 8940 8940
6685 CONNECTION 560 561 -1 -1 2880 2880
6686 CONNECTION 560 1040 -1 -1 3840 3840
6687 CONNECTION 560 281 -1 -1 2100 2100
6688 CONNECTION 560 441 -1 -1 3420 3420
6689 CONNECTION 560 763 -1 -1 4680 4680
6690 CONNECTION 560 689 -1 -1 4200 4200
6691 CONNECTION 560 942 -1 -1 3060 3060
6692 CONNECTION 560 309 300 540 4800 4800
6693 CONNECTION 560 536 300 1200 4500 4500
6694 CONNECTION 560 989 300 1320 6480 6480
6695 CONNECTION 560 1088 300 1560 4860 4860
6696 CONNECTION 560 419 300 2280 7440 7440
6697 CONNECTION 560 791 300 2400 5700 5700
6698 CONNECTION 560 922 300 2580 7020 7020
6699 CONNECTION 560 39 300 3120 8280 8280
6700 CONNECTION 560 1080 300 3120 8280 8280
6701 CONNECTION 560 173 300 3360 7800 7800
6702 CONNECTION 560 201 300 3360 6660 6660
6703 CONNECTION 560 819 300 4140 8400 8400
6704 CONNECTION 560 13 300 4800 8100 8100
6705 CONNECTION 93 901 -1 -1 3720 3720
6706 CONNECTION 93 988 -1 -1 2220 2220
6707 CONNECTION 93 964 -1 -1 4380 4380
6708 CONNECTION 93 943 -1 -1 3960 3960
6709 CONNECTION 93 226 -1 -1 4440 4440
6710 CONNECTION 93 634 -1 -1 5160 5160
6711 CONNECTION 93 38 300 720 4020 4020
6712 CONNECTION 93 1079 300 720 4020 4020
6713 CONNECTION 93 537 300 840 5940 5940
6714 CONNECTION 93 172 300 960 4260 4260
6715 CONNECTION 93 1089 300 1200 5760 5760
6716 CONNECTION 93 498 300 1680 6240 6240
6717 CONNECTION 93 818 300 1740 5040 5040
6718 CONNECTION 93 1041 300 2040 7320 7320
6719 CONNECTION 93 252 300 2520 5820 5820
6720 CONNECTION 93 1096 300 2700 7980 7980
6721 CONNECTION 93 202 300 3000 7560 7560
6722 CONNECTION 93 742 300 3480 8040 8040
6723 CONNECTION 93 1018 300 3660 8760 8760
6724 CONNECTION 93 1086 300 3660 8760 8760
6725 CONNECTION 93 564 300 4320 7620 7620
6726 CONNECTION 93 14 300 4440 9540 9540
6727 CONNECTION 93 692 300 4560 7860 7860
6728 CONNECTION 93 470 300 4800 9360 9360
6729 CONNECTION 515 516 -1 -1 2100 2100
6730 CONNECTION 515 390 -1 -1 2040 2040
6731 CONNECTION 515 588 -1 -1 2340 2340
6732 CONNECTION 515 364 -1 -1 4020 4020
6733 CONNECTION 515 443 -1 -1 5160 5160
6734 CONNECTION 515 1017 -1 -1 5160 5160
6735 CONNECTION 515 1085 -1 -1 5160 5160
6736 CONNECTION 515 283 300 660 3840 3840
6737 CONNECTION 515 658 300 660 3840 3840
6738 CONNECTION 515 691 300 660 4140 4140
6739 CONNECTION 515 843 300 660 4140 4140
6740 CONNECTION 515 902 300 660 3840 3840
6741 CONNECTION 515 616 300 1440 5820 5820
6742 CONNECTION 515 965 300 1440 5700 5700
6743 CONNECTION 515 70 300 2460 5940 5940
6744 CONNECTION 515 879 300 2460 5640 5640
6745 CONNECTION 515 96 300 3240 7620 7620
6746 CONNECTION 515 116 300 3480 8760 8760
6747 CONNECTION 515 924 300 3480 8760 8760
6748 CONNECTION 515 142 300 4260 7440 7440
6749 CONNECTION 515 175 300 4260 7740 7740
6750 CONNECTION 515 340 300 4260 7740 7740
6751 CONNECTION 515 793 300 4260 7440 7440
6752 CONNECTION 515 1042 300 4260 7440 7440
6753 SINK 515 2 -1 -1 300 300
6754 CONNECTION 840 250 -1 -1 2580 2580
6755 CONNECTION 840 1016 -1 -1 3000 3000
6756 CONNECTION 840 1084 -1 -1 3000 3000
6757 CONNECTION 840 877 -1 -1 4260 4260
6758 CONNECTION 840 562 300 420 4380 4380
6759 CONNECTION 840 140 300 1620 6060 6060
6760 CONNECTION 840 764 300 2220 6180 6180
6761 CONNECTION 840 115 300 2340 6600 6600
6762 CONNECTION 840 392 300 3420 7860 7860
6763 CONNECTION 840 990 300 4020 7980 7980
6764 CONNECTION 941 942 -1 -1 1020 1020
6765 CONNECTION 941 309 -1 -1 2760 2760
6766 CONNECTION 941 536 -1 -1 2460 2460
6767 CONNECTION 941 989 -1 -1 4440 4440
6768 CONNECTION 941 1088 -1 -1 2820 2820
6769 CONNECTION 941 419 -1 -1 5400 5400
6770 CONNECTION 941 791 300 360 3660 3660
6771 CONNECTION 941 922 300 540 4980 4980
6772 CONNECTION 941 39 300 1080 6240 6240
6773 CONNECTION 941 1080 300 1080 6240 6240
6774 CONNECTION 941 173 300 1320 5760 5760
6775 CONNECTION 941 201 300 1320 4620 4620
6776 CONNECTION 941 819 300 2100 6360 6360
6777 CONNECTION 941 13 300 2760 6060 6060
6778 CONNECTION 941 253 300 2880 8040 8040
6779 CONNECTION 941 469 300 3120 6420 6420
6780 CONNECTION 941 904 300 3840 9000 9000
6781 CONNECTION 941 285 300 3960 7260 7260
6782 CONNECTION 941 1062 300 4140 8580 8580
6783 CONNECTION 941 565 300 4680 9840 9840
6784 CONNECTION 816 841 -1 -1 3000 3000
6785 CONNECTION 816 68 -1 -1 4800 4800
6786 CONNECTION 816 12 300 1620 5880 5880
6787 CONNECTION 816 338 300 1980 6600 6600
6788 CONNECTION 816 590 300 3780 8400 8400
6789 CONNECTION 466 467 -1 -1 1680 1680
6790 CONNECTION 466 497 -1 -1 2580 2580
6791 CONNECTION 466 615 -1 -1 3240 3240
6792 CONNECTION 466 719 -1 -1 3480 3480
6793 CONNECTION 466 251 -1 -1 4440 4440
6794 CONNECTION 466 741 -1 -1 4380 4380
6795 CONNECTION 466 95 300 480 5040 5040
6796 CONNECTION 466 944 300 1320 5280 5280
6797 CONNECTION 466 563 300 1680 6240 6240
6798 CONNECTION 466 227 300 1800 6180 6180
6799 CONNECTION 466 365 300 2280 6840 6840
6800 CONNECTION 466 1090 300 3120 7080 7080
6801 CONNECTION 466 765 300 3480 8040 8040
6802 CONNECTION 466 499 300 3600 7980 7980
6803 CONNECTION 466 617 300 4080 8640 8640
6804 CONNECTION 66 67 -1 -1 2220 2220
6805 CONNECTION 66 389 -1 -1 2400 2400
6806 CONNECTION 66 337 -1 -1 4020 4020
6807 CONNECTION 66 282 300 720 4200 4200
6808 CONNECTION 66 657 300 720 4200 4200
6809 CONNECTION 66 589 300 1380 5820 5820
6810 CONNECTION 66 878 300 2520 6000 6000
6811 CONNECTION 66 844 300 3180 7620 7620
6812 CONNECTION 66 141 300 4320 7800 7800
6813 CONNECTION 66 792 300 4320 7800 7800
6814 CONNECTION 875 876 -1 -1 2340 2340
6815 CONNECTION 875 139 -1 -1 4140 4140
6816 CONNECTION 875 418 -1 -1 3960 3960
6817 CONNECTION 875 587 -1 -1 2700 2700
6818 CONNECTION 875 790 -1 -1 4080 4080
6819 CONNECTION 875 442 300 540 3720 3720
6820 CONNECTION 875 391 300 1320 5940 5940
6821 CONNECTION 875 690 300 1320 4500 4500
6822 CONNECTION 875 842 300 1320 4500 4500
6823 CONNECTION 875 69 300 3120 6300 6300
6824 CONNECTION 875 659 300 3120 7740 7740
6825 CONNECTION 875 903 300 3120 7560 7560
6826 CONNECTION 875 284 300 3240 7680 7680
6827 CONNECTION 875 923 300 4140 7320 7320
6828 CONNECTION 388 389 -1 -1 1320 1320
6829 CONNECTION 388 337 -1 -1 2940 2940
6830 CONNECTION 388 282 -1 -1 3120 3120
6831 CONNECTION 388 657 -1 -1 3120 3120
6832 CONNECTION 388 589 -1 -1 4740 4740
6833 CONNECTION 388 878 300 1440 4920 4920
6834 CONNECTION 388 844 300 2100 6540 6540
6835 CONNECTION 388 141 300 3240 6720 6720
6836 CONNECTION 388 792 300 3240 6720 6720
6837 CONNECTION 388 71 300 3900 8340 8340
6838 CONNECTION 1059 1060 -1 -1 3000 3000
6839 CONNECTION 1059 138 -1 -1 1680 1680
6840 CONNECTION 1059 171 -1 -1 1980 1980
6841 CONNECTION 1059 336 -1 -1 1980 1980
6842 CONNECTION 1059 417 -1 -1 1680 1680
6843 CONNECTION 1059 789 -1 -1 1680 1680
6844 CONNECTION 1059 94 -1 -1 3660 3660
6845 CONNECTION 1059 516 -1 -1 3540 3540
6846 CONNECTION 1059 390 -1 -1 3480 3480
6847 CONNECTION 1059 588 -1 -1 3780 3780
6848 CONNECTION 1059 364 300 1080 5460 5460
6849 CONNECTION 1059 443 300 1320 6600 6600
6850 CONNECTION 1059 1017 300 1320 6600 6600
6851 CONNECTION 1059 1085 300 1320 6600 6600
6852 CONNECTION 1059 283 300 2100 5280 5280
6853 CONNECTION 1059 658 300 2100 5280 5280
6854 CONNECTION 1059 691 300 2100 5580 5580
6855 CONNECTION 1059 843 300 2100 5580 5580
6856 CONNECTION 1059 902 300 2100 5280 5280
6857 CONNECTION 1059 616 300 2880 7260 7260
6858 CONNECTION 1059 965 300 2880 7140 7140
6859 CONNECTION 1059 70 300 3900 7380 7380
6860 CONNECTION 1059 879 300 3900 7080 7080
6861 CONNECTION 1059 96 300 4680 9060 9060
6862 SINK 1059 2 -1 -1 300 300
6863 CONNECTION 10 11 -1 -1 2820 2820
6864 CONNECTION 10 740 -1 -1 3120 3120
6865 CONNECTION 10 308 -1 -1 1920 1920
6866 CONNECTION 10 901 -1 -1 4200 4200
6867 CONNECTION 10 988 -1 -1 2700 2700
6868 CONNECTION 10 964 -1 -1 4860 4860
6869 CONNECTION 10 943 -1 -1 4440 4440
6870 CONNECTION 10 226 300 360 4920 4920
6871 CONNECTION 10 634 300 540 5640 5640
6872 CONNECTION 10 38 300 1200 4500 4500
6873 CONNECTION 10 1079 300 1200 4500 4500
6874 CONNECTION 10 537 300 1320 6420 6420
6875 CONNECTION 10 172 300 1440 4740 4740
6876 CONNECTION 10 1089 300 1680 6240 6240
6877 CONNECTION 10 498 300 2160 6720 6720
6878 CONNECTION 10 818 300 2220 5520 5520
6879 CONNECTION 10 1041 300 2520 7800 7800
6880 CONNECTION 10 252 300 3000 6300 6300
6881 CONNECTION 10 1096 300 3180 8460 8460
6882 CONNECTION 10 202 300 3480 8040 8040
6883 CONNECTION 10 742 300 3960 8520 8520
6884 CONNECTION 10 1018 300 4140 9240 9240
6885 CONNECTION 10 1086 300 4140 9240 9240
6886 CONNECTION 10 564 300 4800 8100 8100
6887 CONNECTION 199 250 -1 -1 2280 2280
6888 CONNECTION 199 1016 -1 -1 2700 2700
6889 CONNECTION 199 1084 -1 -1 2700 2700
6890 CONNECTION 199 877 -1 -1 3960 3960
6891 CONNECTION 199 562 -1 -1 4080 4080
6892 CONNECTION 199 140 300 1320 5760 5760
6893 CONNECTION 199 764 300 1920 5880 5880
6894 CONNECTION 199 115 300 2040 6300 6300
6895 CONNECTION 199 392 300 3120 7560 7560
6896 CONNECTION 199 990 300 3720 7680 7680
6897 CONNECTION 496 497 -1 -1 2100 2100
6898 CONNECTION 496 615 -1 -1 2760 2760
6899 CONNECTION 496 719 -1 -1 3000 3000
6900 CONNECTION 496 251 -1 -1 3960 3960
6901 CONNECTION 496 741 -1 -1 3900 3900
6902 CONNECTION 496 95 -1 -1 4560 4560
6903 CONNECTION 496 944 300 840 4800 4800
6904 CONNECTION 496 563 300 1200 5760 5760
6905 CONNECTION 496 227 300 1320 5700 5700
6906 CONNECTION 496 365 300 1800 6360 6360
6907 CONNECTION 496 1090 300 2640 6600 6600
6908 CONNECTION 496 765 300 3000 7560 7560
6909 CONNECTION 496 499 300 3120 7500 7500
6910 CONNECTION 496 617 300 3600 8160 8160
6911 CONNECTION 496 203 300 4440 8400 8400
6912 CONNECTION 496 991 300 4800 9360 9360
6913 CONNECTION 963 964 -1 -1 3000 3000
6914 CONNECTION 963 226 -1 -1 3060 3060
6915 CONNECTION 963 634 -1 -1 3780 3780
6916 CONNECTION 963 38 -1 -1 2640 2640
6917 CONNECTION 963 1079 -1 -1 2640 2640
6918 CONNECTION 963 537 -1 -1 4560 4560
6919 CONNECTION 963 172 -1 -1 2880 2880
6920 CONNECTION 963 1089 -1 -1 4380 4380
6921 CONNECTION 963 498 -1 -1 4860 4860
6922 CONNECTION 963 818 300 360 3660 3660
6923 CONNECTION 963 1041 300 660 5940 5940
6924 CONNECTION 963 252 300 1140 4440 4440
6925 CONNECTION 963 1096 300 1320 6600 6600
6926 CONNECTION 963 202 300 1620 6180 6180
6927 CONNECTION 963 742 300 2100 6660 6660
6928 CONNECTION 963 1018 300 2280 7380 7380
6929 CONNECTION 963 1086 300 2280 7380 7380
6930 CONNECTION 963 564 300 2940 6240 6240
6931 CONNECTION 963 14 300 3060 8160 8160
6932 CONNECTION 963 692 300 3180 6480 6480
6933 CONNECTION 963 470 300 3420 7980 7980
6934 CONNECTION 963 228 300 3900 8460 8460
6935 CONNECTION 963 311 300 3960 7260 7260
6936 CONNECTION 963 420 300 4260 9540 9540
6937 CONNECTION 963 766 300 4740 8040 8040
6938 CONNECTION 561 468 -1 -1 4560 4560
6939 CONNECTION 561 1061 300 420 5580 5580
6940 CONNECTION 561 720 300 1200 6360 6360
6941 CONNECTION 561 945 300 3000 8160 8160
6942 CONNECTION 561 444 300 4020 9180 9180
6943 CONNECTION 561 1101 300 4800 9960 9960
6944 CONNECTION 586 587 -1 -1 900 900
6945 CONNECTION 586 442 -1 -1 1920 1920
6946 CONNECTION 586 391 -1 -1 4140 4140
6947 CONNECTION 586 690 -1 -1 2700 2700
6948 CONNECTION 586 842 -1 -1 2700 2700
6949 CONNECTION 586 69 300 1320 4500 4500
6950 CONNECTION 586 659 300 1320 5940 5940
6951 CONNECTION 586 903 300 1320 5760 5760
6952 CONNECTION 586 284 300 1440 5880 5880
6953 CONNECTION 586 923 300 2340 5520 5520
6954 CONNECTION 586 174 300 3120 6300 6300
6955 CONNECTION 586 339 300 3120 6300 6300
6956 CONNECTION 586 880 300 3120 7740 7740
6957 CONNECTION 114 1095 -1 -1 3420 3420
6958 CONNECTION 114 310 300 960 6060 6060
6959 CONNECTION 114 517 300 1920 7020 7020
6960 CONNECTION 114 820 300 4560 9660 9660
6961 CONNECTION 717 718 -1 -1 2280 2280
6962 CONNECTION 717 740 -1 -1 2760 2760
6963 CONNECTION 717 308 -1 -1 1560 1560
6964 CONNECTION 717 901 -1 -1 3840 3840
6965 CONNECTION 717 988 -1 -1 2340 2340
6966 CONNECTION 717 964 -1 -1 4500 4500
6967 CONNECTION 717 943 -1 -1 4080 4080
6968 CONNECTION 717 226 -1 -1 4560 4560
6969 CONNECTION 717 634 -1 -1 5280 5280
6970 CONNECTION 717 38 300 840 4140 4140
6971 CONNECTION 717 1079 300 840 4140 4140
6972 CONNECTION 717 537 300 960 6060 6060
6973 CONNECTION 717 172 300 1080 4380 4380
6974 CONNECTION 717 1089 300 1320 5880 5880
6975 CONNECTION 717 498 300 1800 6360 6360
6976 CONNECTION 717 818 300 1860 5160 5160
6977 CONNECTION 717 1041 300 2160 7440 7440
6978 CONNECTION 717 252 300 2640 5940 5940
6979 CONNECTION 717 1096 300 2820 8100 8100
6980 CONNECTION 717 202 300 3120 7680 7680
6981 CONNECTION 717 742 300 3600 8160 8160
6982 CONNECTION 717 1018 300 3780 8880 8880
6983 CONNECTION 717 1086 300 3780 8880 8880
6984 CONNECTION 717 564 300 4440 7740 7740
6985 CONNECTION 717 14 300 4560 9660 9660
6986 CONNECTION 717 692 300 4680 7980 7980
6987 CONNECTION 137 138 -1 -1 900 900
6988 CONNECTION 137 94 -1 -1 2880 2880
6989 CONNECTION 137 516 -1 -1 2760 2760
6990 CONNECTION 137 390 -1 -1 2700 2700
6991 CONNECTION 137 588 -1 -1 3000 3000
6992 CONNECTION 137 364 -1 -1 4680 4680
6993 CONNECTION 137 443 300 540 5820 5820
6994 CONNECTION 137 1017 300 540 5820 5820
6995 CONNECTION 137 1085 300 540 5820 5820
6996 CONNECTION 137 283 300 1320 4500 4500
6997 CONNECTION 137 658 300 1320 4500 4500
6998 CONNECTION 137 691 300 1320 4800 4800
6999 CONNECTION 137 843 300 1320 4800 4800
7000 CONNECTION 137 902 300 1320 4500 4500
7001 CONNECTION 137 616 300 2100 6480 6480
7002 CONNECTION 137 965 300 2100 6360 6360
7003 CONNECTION 137 70 300 3120 6600 6600
7004 CONNECTION 137 879 300 3120 6300 6300
7005 CONNECTION 137 96 300 3900 8280 8280
7006 CONNECTION 137 116 300 4140 9420 9420
7007 CONNECTION 137 924 300 4140 9420 9420
7008 SINK 137 2 -1 -1 300 300
7009 CONNECTION 788 789 -1 -1 900 900
7010 CONNECTION 788 94 -1 -1 2880 2880
7011 CONNECTION 788 516 -1 -1 2760 2760
7012 CONNECTION 788 390 -1 -1 2700 2700
7013 CONNECTION 788 588 -1 -1 3000 3000
7014 CONNECTION 788 364 -1 -1 4680 4680
7015 CONNECTION 788 443 300 540 5820 5820
7016 CONNECTION 788 1017 300 540 5820 5820
7017 CONNECTION 788 1085 300 540 5820 5820
7018 CONNECTION 788 283 300 1320 4500 4500
7019 CONNECTION 788 658 300 1320 4500 4500
7020 CONNECTION 788 691 300 1320 4800 4800
7021 CONNECTION 788 843 300 1320 4800 4800
7022 CONNECTION 788 902 300 1320 4500 4500
7023 CONNECTION 788 616 300 2100 6480 6480
7024 CONNECTION 788 965 300 2100 6360 6360
7025 CONNECTION 788 70 300 3120 6600 6600
7026 CONNECTION 788 879 300 3120 6300 6300
7027 CONNECTION 788 96 300 3900 8280 8280
7028 CONNECTION 788 116 300 4140 9420 9420
7029 CONNECTION 788 924 300 4140 9420 9420
7030 SINK 788 2 -1 -1 300 300
7031 CONNECTION 987 988 -1 -1 1020 1020
7032 CONNECTION 987 943 -1 -1 2760 2760
7033 CONNECTION 987 226 -1 -1 3240 3240
7034 CONNECTION 987 634 -1 -1 3960 3960
7035 CONNECTION 987 38 -1 -1 2820 2820
7036 CONNECTION 987 1079 -1 -1 2820 2820
7037 CONNECTION 987 537 -1 -1 4740 4740
7038 CONNECTION 987 172 -1 -1 3060 3060
7039 CONNECTION 987 1089 -1 -1 4560 4560
7040 CONNECTION 987 498 300 480 5040 5040
7041 CONNECTION 987 818 300 540 3840 3840
7042 CONNECTION 987 1041 300 840 6120 6120
7043 CONNECTION 987 252 300 1320 4620 4620
7044 CONNECTION 987 1096 300 1500 6780 6780
7045 CONNECTION 987 202 300 1800 6360 6360
7046 CONNECTION 987 742 300 2280 6840 6840
7047 CONNECTION 987 1018 300 2460 7560 7560
7048 CONNECTION 987 1086 300 2460 7560 7560
7049 CONNECTION 987 564 300 3120 6420 6420
7050 CONNECTION 987 14 300 3240 8340 8340
7051 CONNECTION 987 692 300 3360 6660 6660
7052 CONNECTION 987 470 300 3600 8160 8160
7053 CONNECTION 987 228 300 4080 8640 8640
7054 CONNECTION 987 311 300 4140 7440 7440
7055 CONNECTION 987 420 300 4440 9720 9720
7056 CONNECTION 36 37 -1 -1 2280 2280
7057 CONNECTION 36 615 -1 -1 2880 2880
7058 CONNECTION 36 719 -1 -1 3120 3120
7059 CONNECTION 36 251 -1 -1 4080 4080
7060 CONNECTION 36 741 -1 -1 4020 4020
7061 CONNECTION 36 95 -1 -1 4680 4680
7062 CONNECTION 36 944 300 960 4920 4920
7063 CONNECTION 36 563 300 1320 5880 5880
7064 CONNECTION 36 227 300 1440 5820 5820
7065 CONNECTION 36 365 300 1920 6480 6480
7066 CONNECTION 36 1090 300 2760 6720 6720
7067 CONNECTION 36 765 300 3120 7680 7680
7068 CONNECTION 36 499 300 3240 7620 7620
7069 CONNECTION 36 617 300 3720 8280 8280
7070 CONNECTION 36 203 300 4560 8520 8520
7071 CONNECTION 225 390 -1 -1 1680 1680
7072 CONNECTION 225 588 -1 -1 1980 1980
7073 CONNECTION 225 364 -1 -1 3660 3660
7074 CONNECTION 225 443 -1 -1 4800 4800
7075 CONNECTION 225 1017 -1 -1 4800 4800
7076 CONNECTION 225 1085 -1 -1 4800 4800
7077 CONNECTION 225 283 -1 -1 3480 3480
7078 CONNECTION 225 658 -1 -1 3480 3480
7079 CONNECTION 225 691 -1 -1 3780 3780
7080 CONNECTION 225 843 -1 -1 3780 3780
7081 CONNECTION 225 902 -1 -1 3480 3480
7082 CONNECTION 225 616 300 1080 5460 5460
7083 CONNECTION 225 965 300 1080 5340 5340
7084 CONNECTION 225 70 300 2100 5580 5580
7085 CONNECTION 225 879 300 2100 5280 5280
7086 CONNECTION 225 96 300 2880 7260 7260
7087 CONNECTION 225 116 300 3120 8400 8400
7088 CONNECTION 225 924 300 3120 8400 8400
7089 CONNECTION 225 142 300 3900 7080 7080
7090 CONNECTION 225 175 300 3900 7380 7380
7091 CONNECTION 225 340 300 3900 7380 7380
7092 CONNECTION 225 793 300 3900 7080 7080
7093 CONNECTION 225 1042 300 3900 7080 7080
7094 CONNECTION 225 366 300 4680 9060 9060
7095 CONNECTION 225 1097 300 4680 8940 8940
7096 SINK 225 2 -1 -1 300 300
7097 CONNECTION 1077 1078 -1 -1 2280 2280
7098 CONNECTION 1077 615 -1 -1 2880 2880
7099 CONNECTION 1077 719 -1 -1 3120 3120
7100 CONNECTION 1077 251 -1 -1 4080 4080
7101 CONNECTION 1077 741 -1 -1 4020 4020
7102 CONNECTION 1077 95 -1 -1 4680 4680
7103 CONNECTION 1077 944 300 960 4920 4920
7104 CONNECTION 1077 563 300 1320 5880 5880
7105 CONNECTION 1077 227 300 1440 5820 5820
7106 CONNECTION 1077 365 300 1920 6480 6480
7107 CONNECTION 1077 1090 300 2760 6720 6720
7108 CONNECTION 1077 765 300 3120 7680 7680
7109 CONNECTION 1077 499 300 3240 7620 7620
7110 CONNECTION 1077 617 300 3720 8280 8280
7111 CONNECTION 1077 203 300 4560 8520 8520
7112 CONNECTION 614 615 -1 -1 2400 2400
7113 CONNECTION 614 719 -1 -1 2640 2640
7114 CONNECTION 614 251 -1 -1 3600 3600
7115 CONNECTION 614 741 -1 -1 3540 3540
7116 CONNECTION 614 95 -1 -1 4200 4200
7117 CONNECTION 614 944 300 480 4440 4440
7118 CONNECTION 614 563 300 840 5400 5400
7119 CONNECTION 614 227 300 960 5340 5340
7120 CONNECTION 614 365 300 1440 6000 6000
7121 CONNECTION 614 1090 300 2280 6240 6240
7122 CONNECTION 614 765 300 2640 7200 7200
7123 CONNECTION 614 499 300 2760 7140 7140
7124 CONNECTION 614 617 300 3240 7800 7800
7125 CONNECTION 614 203 300 4080 8040 8040
7126 CONNECTION 614 991 300 4440 9000 9000
7127 CONNECTION 614 743 300 4560 8940 8940
7128 CONNECTION 170 171 -1 -1 1200 1200
7129 CONNECTION 170 94 -1 -1 2880 2880
7130 CONNECTION 170 516 -1 -1 2760 2760
7131 CONNECTION 170 390 -1 -1 2700 2700
7132 CONNECTION 170 588 -1 -1 3000 3000
7133 CONNECTION 170 364 -1 -1 4680 4680
7134 CONNECTION 170 443 300 540 5820 5820
7135 CONNECTION 170 1017 300 540 5820 5820
7136 CONNECTION 170 1085 300 540 5820 5820
7137 CONNECTION 170 283 300 1320 4500 4500
7138 CONNECTION 170 658 300 1320 4500 4500
7139 CONNECTION 170 691 300 1320 4800 4800
7140 CONNECTION 170 843 300 1320 4800 4800
7141 CONNECTION 170 902 300 1320 4500 4500
7142 CONNECTION 170 616 300 2100 6480 6480
7143 CONNECTION 170 965 300 2100 6360 6360
7144 CONNECTION 170 70 300 3120 6600 6600
7145 CONNECTION 170 879 300 3120 6300 6300
7146 CONNECTION 170 96 300 3900 8280 8280
7147 CONNECTION 170 116 300 4140 9420 9420
7148 CONNECTION 170 924 300 4140 9420 9420
7149 SINK 170 2 -1 -1 300 300
7150 CONNECTION 335 336 -1 -1 1200 1200
7151 CONNECTION 335 94 -1 -1 2880 2880
7152 CONNECTION 335 516 -1 -1 2760 2760
7153 CONNECTION 335 390 -1 -1 2700 2700
7154 CONNECTION 335 588 -1 -1 3000 3000
7155 CONNECTION 335 364 -1 -1 4680 4680
7156 CONNECTION 335 443 300 540 5820 5820
7157 CONNECTION 335 1017 300 540 5820 5820
7158 CONNECTION 335 1085 300 540 5820 5820
7159 CONNECTION 335 283 300 1320 4500 4500
7160 CONNECTION 335 658 300 1320 4500 4500
7161 CONNECTION 335 691 300 1320 4800 4800
7162 CONNECTION 335 843 300 1320 4800 4800
7163 CONNECTION 335 902 300 1320 4500 4500
7164 CONNECTION 335 616 300 2100 6480 6480
7165 CONNECTION 335 965 300 2100 6360 6360
7166 CONNECTION 335 70 300 3120 6600 6600
7167 CONNECTION 335 879 300 3120 6300 6300
7168 CONNECTION 335 96 300 3900 8280 8280
7169 CONNECTION 335 116 300 4140 9420 9420
7170 CONNECTION 335 924 300 4140 9420 9420
7171 SINK 335 2 -1 -1 300 300
7172 CONNECTION 876 68 -1 -1 3060 3060
7173 CONNECTION 876 12 -1 -1 4140 4140
7174 CONNECTION 876 338 -1 -1 4860 4860
7175 CONNECTION 876 590 300 2040 6660 6660
7176 CONNECTION 876 538 300 3480 7740 7740
7177 CONNECTION 876 845 300 3840 8460 8460
7178 CONNECTION 633 634 -1 -1 2820 2820
7179 CONNECTION 633 38 -1 -1 1680 1680
7180 CONNECTION 633 1079 -1 -1 1680 1680
7181 CONNECTION 633 537 -1 -1 3600 3600
7182 CONNECTION 633 172 -1 -1 1920 1920
7183 CONNECTION 633 1089 -1 -1 3420 3420
7184 CONNECTION 633 498 -1 -1 3900 3900
7185 CONNECTION 633 818 -1 -1 2700 2700
7186 CONNECTION 633 1041 -1 -1 4980 4980
7187 CONNECTION 633 252 -1 -1 3480 3480
7188 CONNECTION 633 1096 300 360 5640 5640
7189 CONNECTION 633 202 300 660 5220 5220
7190 CONNECTION 633 742 300 1140 5700 5700
7191 CONNECTION 633 1018 300 1320 6420 6420
7192 CONNECTION 633 1086 300 1320 6420 6420
7193 CONNECTION 633 564 300 1980 5280 5280
7194 CONNECTION 633 14 300 2100 7200 7200
7195 CONNECTION 633 692 300 2220 5520 5520
7196 CONNECTION 633 470 300 2460 7020 7020
7197 CONNECTION 633 228 300 2940 7500 7500
7198 CONNECTION 633 311 300 3000 6300 6300
7199 CONNECTION 633 420 300 3300 8580 8580
7200 CONNECTION 633 766 300 3780 7080 7080
7201 CONNECTION 633 518 300 3960 9240 9240
7202 CONNECTION 633 722 300 4260 8820 8820
7203 CONNECTION 633 500 300 4740 9300 9300
7204 CONNECTION 1060 38 -1 -1 1680 1680
7205 CONNECTION 1060 1079 -1 -1 1680 1680
7206 CONNECTION 1060 537 -1 -1 3600 3600
7207 CONNECTION 1060 172 -1 -1 1920 1920
7208 CONNECTION 1060 1089 -1 -1 3420 3420
7209 CONNECTION 1060 498 -1 -1 3900 3900
7210 CONNECTION 1060 818 -1 -1 2700 2700
7211 CONNECTION 1060 1041 -1 -1 4980 4980
7212 CONNECTION 1060 252 -1 -1 3480 3480
7213 CONNECTION 1060 1096 300 360 5640 5640
7214 CONNECTION 1060 202 300 660 5220 5220
7215 CONNECTION 1060 742 300 1140 5700 5700
7216 CONNECTION 1060 1018 300 1320 6420 6420
7217 CONNECTION 1060 1086 300 1320 6420 6420
7218 CONNECTION 1060 564 300 1980 5280 5280
7219 CONNECTION 1060 14 300 2100 7200 7200
7220 CONNECTION 1060 692 300 2220 5520 5520
7221 CONNECTION 1060 470 300 2460 7020 7020
7222 CONNECTION 1060 228 300 2940 7500 7500
7223 CONNECTION 1060 311 300 3000 6300 6300
7224 CONNECTION 1060 420 300 3300 8580 8580
7225 CONNECTION 1060 766 300 3780 7080 7080
7226 CONNECTION 1060 518 300 3960 9240 9240
7227 CONNECTION 1060 722 300 4260 8820 8820
7228 CONNECTION 1060 500 300 4740 9300 9300
7229 CONNECTION 762 763 -1 -1 2880 2880
7230 CONNECTION 762 309 -1 -1 3000 3000
7231 CONNECTION 762 536 -1 -1 2700 2700
7232 CONNECTION 762 989 -1 -1 4680 4680
7233 CONNECTION 762 1088 -1 -1 3060 3060
7234 CONNECTION 762 419 300 480 5640 5640
7235 CONNECTION 762 791 300 600 3900 3900
7236 CONNECTION 762 922 300 780 5220 5220
7237 CONNECTION 762 39 300 1320 6480 6480
7238 CONNECTION 762 1080 300 1320 6480 6480
7239 CONNECTION 762 173 300 1560 6000 6000
7240 CONNECTION 762 201 300 1560 4860 4860
7241 CONNECTION 762 819 300 2340 6600 6600
7242 CONNECTION 762 13 300 3000 6300 6300
7243 CONNECTION 762 253 300 3120 8280 8280
7244 CONNECTION 762 469 300 3360 6660 6660
7245 CONNECTION 762 904 300 4080 9240 9240
7246 CONNECTION 762 285 300 4200 7500 7500
7247 CONNECTION 762 1062 300 4380 8820 8820
7248 CONNECTION 11 310 -1 -1 5280 5280
7249 CONNECTION 11 517 300 1140 6240 6240
7250 CONNECTION 11 820 300 3780 8880 8880
7251 CONNECTION 11 966 300 4740 9840 9840
7252 CONNECTION 363 634 -1 -1 3360 3360
7253 CONNECTION 363 38 -1 -1 2220 2220
7254 CONNECTION 363 1079 -1 -1 2220 2220
7255 CONNECTION 363 537 -1 -1 4140 4140
7256 CONNECTION 363 172 -1 -1 2460 2460
7257 CONNECTION 363 1089 -1 -1 3960 3960
7258 CONNECTION 363 498 -1 -1 4440 4440
7259 CONNECTION 363 818 -1 -1 3240 3240
7260 CONNECTION 363 1041 -1 -1 5520 5520
7261 CONNECTION 363 252 300 720 4020 4020
7262 CONNECTION 363 1096 300 900 6180 6180
7263 CONNECTION 363 202 300 1200 5760 5760
7264 CONNECTION 363 742 300 1680 6240 6240
7265 CONNECTION 363 1018 300 1860 6960 6960
7266 CONNECTION 363 1086 300 1860 6960 6960
7267 CONNECTION 363 564 300 2520 5820 5820
7268 CONNECTION 363 14 300 2640 7740 7740
7269 CONNECTION 363 692 300 2760 6060 6060
7270 CONNECTION 363 470 300 3000 7560 7560
7271 CONNECTION 363 228 300 3480 8040 8040
7272 CONNECTION 363 311 300 3540 6840 6840
7273 CONNECTION 363 420 300 3840 9120 9120
7274 CONNECTION 363 766 300 4320 7620 7620
7275 CONNECTION 363 518 300 4500 9780 9780
7276 CONNECTION 363 722 300 4800 9360 9360
7277 CONNECTION 67 562 -1 -1 2580 2580
7278 CONNECTION 67 140 -1 -1 4260 4260
7279 CONNECTION 67 764 300 420 4380 4380
7280 CONNECTION 67 115 300 540 4800 4800
7281 CONNECTION 67 392 300 1620 6060 6060
7282 CONNECTION 67 990 300 2220 6180 6180
7283 CONNECTION 67 660 300 3420 7860 7860
7284 CONNECTION 67 40 300 4020 7980 7980
7285 CONNECTION 67 1091 300 4020 7980 7980
7286 CONNECTION 67 635 300 4140 8400 8400
7287 CONNECTION 1040 468 -1 -1 3600 3600
7288 CONNECTION 1040 1061 -1 -1 4620 4620
7289 CONNECTION 1040 720 -1 -1 5400 5400
7290 CONNECTION 1040 945 300 2040 7200 7200
7291 CONNECTION 1040 444 300 3060 8220 8220
7292 CONNECTION 1040 1101 300 3840 9000 9000
7293 CONNECTION 1087 1088 -1 -1 1020 1020
7294 CONNECTION 1087 419 -1 -1 3600 3600
7295 CONNECTION 1087 791 -1 -1 1860 1860
7296 CONNECTION 1087 922 -1 -1 3180 3180
7297 CONNECTION 1087 39 -1 -1 4440 4440
7298 CONNECTION 1087 1080 -1 -1 4440 4440
7299 CONNECTION 1087 173 -1 -1 3960 3960
7300 CONNECTION 1087 201 -1 -1 2820 2820
7301 CONNECTION 1087 819 -1 -1 4560 4560
7302 CONNECTION 1087 13 300 960 4260 4260
7303 CONNECTION 1087 253 300 1080 6240 6240
7304 CONNECTION 1087 469 300 1320 4620 4620
7305 CONNECTION 1087 904 300 2040 7200 7200
7306 CONNECTION 1087 285 300 2160 5460 5460
7307 CONNECTION 1087 1062 300 2340 6780 6780
7308 CONNECTION 1087 565 300 2880 8040 8040
7309 CONNECTION 1087 693 300 3120 7560 7560
7310 CONNECTION 1087 721 300 3120 6420 6420
7311 CONNECTION 1087 312 300 3900 8160 8160
7312 CONNECTION 1087 539 300 4560 7860 7860
7313 CONNECTION 1087 767 300 4680 9840 9840
7314 CONNECTION 688 689 -1 -1 2160 2160
7315 CONNECTION 688 309 -1 -1 2760 2760
7316 CONNECTION 688 536 -1 -1 2460 2460
7317 CONNECTION 688 989 -1 -1 4440 4440
7318 CONNECTION 688 1088 -1 -1 2820 2820
7319 CONNECTION 688 419 -1 -1 5400 5400
7320 CONNECTION 688 791 300 360 3660 3660
7321 CONNECTION 688 922 300 540 4980 4980
7322 CONNECTION 688 39 300 1080 6240 6240
7323 CONNECTION 688 1080 300 1080 6240 6240
7324 CONNECTION 688 173 300 1320 5760 5760
7325 CONNECTION 688 201 300 1320 4620 4620
7326 CONNECTION 688 819 300 2100 6360 6360
7327 CONNECTION 688 13 300 2760 6060 6060
7328 CONNECTION 688 253 300 2880 8040 8040
7329 CONNECTION 688 469 300 3120 6420 6420
7330 CONNECTION 688 904 300 3840 9000 9000
7331 CONNECTION 688 285 300 3960 7260 7260
7332 CONNECTION 688 1062 300 4140 8580 8580
7333 CONNECTION 688 565 300 4680 9840 9840
7334 CONNECTION 281 988 -1 -1 1500 1500
7335 CONNECTION 281 964 -1 -1 3660 3660
7336 CONNECTION 281 943 -1 -1 3240 3240
7337 CONNECTION 281 226 -1 -1 3720 3720
7338 CONNECTION 281 634 -1 -1 4440 4440
7339 CONNECTION 281 38 -1 -1 3300 3300
7340 CONNECTION 281 1079 -1 -1 3300 3300
7341 CONNECTION 281 537 -1 -1 5220 5220
7342 CONNECTION 281 172 -1 -1 3540 3540
7343 CONNECTION 281 1089 300 480 5040 5040
7344 CONNECTION 281 498 300 960 5520 5520
7345 CONNECTION 281 818 300 1020 4320 4320
7346 CONNECTION 281 1041 300 1320 6600 6600
7347 CONNECTION 281 252 300 1800 5100 5100
7348 CONNECTION 281 1096 300 1980 7260 7260
7349 CONNECTION 281 202 300 2280 6840 6840
7350 CONNECTION 281 742 300 2760 7320 7320
7351 CONNECTION 281 1018 300 2940 8040 8040
7352 CONNECTION 281 1086 300 2940 8040 8040
7353 CONNECTION 281 564 300 3600 6900 6900
7354 CONNECTION 281 14 300 3720 8820 8820
7355 CONNECTION 281 692 300 3840 7140 7140
7356 CONNECTION 281 470 300 4080 8640 8640
7357 CONNECTION 281 228 300 4560 9120 9120
7358 CONNECTION 281 311 300 4620 7920 7920
7359 CONNECTION 441 442 -1 -1 900 900
7360 CONNECTION 441 391 -1 -1 3120 3120
7361 CONNECTION 441 690 -1 -1 1680 1680
7362 CONNECTION 441 842 -1 -1 1680 1680
7363 CONNECTION 441 69 -1 -1 3480 3480
7364 CONNECTION 441 659 -1 -1 4920 4920
7365 CONNECTION 441 903 -1 -1 4740 4740
7366 CONNECTION 441 284 300 420 4860 4860
7367 CONNECTION 441 923 300 1320 4500 4500
7368 CONNECTION 441 174 300 2100 5280 5280
7369 CONNECTION 441 339 300 2100 5280 5280
7370 CONNECTION 441 880 300 2100 6720 6720
7371 CONNECTION 441 143 300 3900 8520 8520
7372 CONNECTION 441 591 300 3900 7080 7080
7373 CONNECTION 441 1043 300 3900 8340 8340
7374 CONNECTION 441 794 300 4020 8460 8460
7375 CONNECTION 718 719 -1 -1 1680 1680
7376 CONNECTION 718 741 -1 -1 2580 2580
7377 CONNECTION 718 95 -1 -1 3240 3240
7378 CONNECTION 718 944 -1 -1 3480 3480
7379 CONNECTION 718 563 -1 -1 4440 4440
7380 CONNECTION 718 227 -1 -1 4380 4380
7381 CONNECTION 718 365 300 480 5040 5040
7382 CONNECTION 718 1090 300 1320 5280 5280
7383 CONNECTION 718 765 300 1680 6240 6240
7384 CONNECTION 718 499 300 1800 6180 6180
7385 CONNECTION 718 617 300 2280 6840 6840
7386 CONNECTION 718 203 300 3120 7080 7080
7387 CONNECTION 718 991 300 3480 8040 8040
7388 CONNECTION 718 743 300 3600 7980 7980
7389 CONNECTION 718 97 300 4080 8640 8640
7390 CONNECTION 138 139 -1 -1 2340 2340
7391 CONNECTION 138 442 -1 -1 1920 1920
7392 CONNECTION 138 391 -1 -1 4140 4140
7393 CONNECTION 138 690 -1 -1 2700 2700
7394 CONNECTION 138 842 -1 -1 2700 2700
7395 CONNECTION 138 69 300 1320 4500 4500
7396 CONNECTION 138 659 300 1320 5940 5940
7397 CONNECTION 138 903 300 1320 5760 5760
7398 CONNECTION 138 284 300 1440 5880 5880
7399 CONNECTION 138 923 300 2340 5520 5520
7400 CONNECTION 138 174 300 3120 6300 6300
7401 CONNECTION 138 339 300 3120 6300 6300
7402 CONNECTION 138 880 300 3120 7740 7740
7403 CONNECTION 171 282 -1 -1 2400 2400
7404 CONNECTION 171 657 -1 -1 2400 2400
7405 CONNECTION 171 589 -1 -1 4020 4020
7406 CONNECTION 171 878 300 720 4200 4200
7407 CONNECTION 171 844 300 1380 5820 5820
7408 CONNECTION 171 141 300 2520 6000 6000
7409 CONNECTION 171 792 300 2520 6000 6000
7410 CONNECTION 171 71 300 3180 7620 7620
7411 CONNECTION 171 393 300 4320 7800 7800
7412 CONNECTION 336 337 -1 -1 2220 2220
7413 CONNECTION 336 282 -1 -1 2400 2400
7414 CONNECTION 336 657 -1 -1 2400 2400
7415 CONNECTION 336 589 -1 -1 4020 4020
7416 CONNECTION 336 878 300 720 4200 4200
7417 CONNECTION 336 844 300 1380 5820 5820
7418 CONNECTION 336 141 300 2520 6000 6000
7419 CONNECTION 336 792 300 2520 6000 6000
7420 CONNECTION 336 71 300 3180 7620 7620
7421 CONNECTION 336 393 300 4320 7800 7800
7422 CONNECTION 417 418 -1 -1 2160 2160
7423 CONNECTION 417 442 -1 -1 1920 1920
7424 CONNECTION 417 391 -1 -1 4140 4140
7425 CONNECTION 417 690 -1 -1 2700 2700
7426 CONNECTION 417 842 -1 -1 2700 2700
7427 CONNECTION 417 69 300 1320 4500 4500
7428 CONNECTION 417 659 300 1320 5940 5940
7429 CONNECTION 417 903 300 1320 5760 5760
7430 CONNECTION 417 284 300 1440 5880 5880
7431 CONNECTION 417 923 300 2340 5520 5520
7432 CONNECTION 417 174 300 3120 6300 6300
7433 CONNECTION 417 339 300 3120 6300 6300
7434 CONNECTION 417 880 300 3120 7740 7740
7435 CONNECTION 535 536 -1 -1 1020 1020
7436 CONNECTION 535 419 -1 -1 3960 3960
7437 CONNECTION 535 791 -1 -1 2220 2220
7438 CONNECTION 535 922 -1 -1 3540 3540
7439 CONNECTION 535 39 -1 -1 4800 4800
7440 CONNECTION 535 1080 -1 -1 4800 4800
7441 CONNECTION 535 173 -1 -1 4320 4320
7442 CONNECTION 535 201 -1 -1 3180 3180
7443 CONNECTION 535 819 300 660 4920 4920
7444 CONNECTION 535 13 300 1320 4620 4620
7445 CONNECTION 535 253 300 1440 6600 6600
7446 CONNECTION 535 469 300 1680 4980 4980
7447 CONNECTION 535 904 300 2400 7560 7560
7448 CONNECTION 535 285 300 2520 5820 5820
7449 CONNECTION 535 1062 300 2700 7140 7140
7450 CONNECTION 535 565 300 3240 8400 8400
7451 CONNECTION 535 693 300 3480 7920 7920
7452 CONNECTION 535 721 300 3480 6780 6780
7453 CONNECTION 535 312 300 4260 8520 8520
7454 CONNECTION 789 790 -1 -1 2280 2280
7455 CONNECTION 789 442 -1 -1 1920 1920
7456 CONNECTION 789 391 -1 -1 4140 4140
7457 CONNECTION 789 690 -1 -1 2700 2700
7458 CONNECTION 789 842 -1 -1 2700 2700
7459 CONNECTION 789 69 300 1320 4500 4500
7460 CONNECTION 789 659 300 1320 5940 5940
7461 CONNECTION 789 903 300 1320 5760 5760
7462 CONNECTION 789 284 300 1440 5880 5880
7463 CONNECTION 789 923 300 2340 5520 5520
7464 CONNECTION 789 174 300 3120 6300 6300
7465 CONNECTION 789 339 300 3120 6300 6300
7466 CONNECTION 789 880 300 3120 7740 7740
7467 CONNECTION 656 657 -1 -1 1320 1320
7468 CONNECTION 656 589 -1 -1 2940 2940
7469 CONNECTION 656 878 -1 -1 3120 3120
7470 CONNECTION 656 844 -1 -1 4740 4740
7471 CONNECTION 656 141 300 1440 4920 4920
7472 CONNECTION 656 792 300 1440 4920 4920
7473 CONNECTION 656 71 300 2100 6540 6540
7474 CONNECTION 656 393 300 3240 6720 6720
7475 CONNECTION 656 341 300 3900 8340 8340
7476 CONNECTION 467 562 -1 -1 2280 2280
7477 CONNECTION 467 140 -1 -1 3960 3960
7478 CONNECTION 467 764 -1 -1 4080 4080
7479 CONNECTION 467 115 -1 -1 4500 4500
7480 CONNECTION 467 392 300 1320 5760 5760
7481 CONNECTION 467 990 300 1920 5880 5880
7482 CONNECTION 467 660 300 3120 7560 7560
7483 CONNECTION 467 40 300 3720 7680 7680
7484 CONNECTION 467 1091 300 3720 7680 7680
7485 CONNECTION 467 635 300 3840 8100 8100
7486 CONNECTION 740 741 -1 -1 2100 2100
7487 CONNECTION 740 95 -1 -1 2760 2760
7488 CONNECTION 740 944 -1 -1 3000 3000
7489 CONNECTION 740 563 -1 -1 3960 3960
7490 CONNECTION 740 227 -1 -1 3900 3900
7491 CONNECTION 740 365 -1 -1 4560 4560
7492 CONNECTION 740 1090 300 840 4800 4800
7493 CONNECTION 740 765 300 1200 5760 5760
7494 CONNECTION 740 499 300 1320 5700 5700
7495 CONNECTION 740 617 300 1800 6360 6360
7496 CONNECTION 740 203 300 2640 6600 6600
7497 CONNECTION 740 991 300 3000 7560 7560
7498 CONNECTION 740 743 300 3120 7500 7500
7499 CONNECTION 740 97 300 3600 8160 8160
7500 CONNECTION 740 471 300 4440 8400 8400
7501 CONNECTION 740 41 300 4800 9360 9360
7502 CONNECTION 740 1092 300 4800 9360 9360
7503 CONNECTION 308 309 -1 -1 1980 1980
7504 CONNECTION 308 536 -1 -1 1680 1680
7505 CONNECTION 308 989 -1 -1 3660 3660
7506 CONNECTION 308 1088 -1 -1 2040 2040
7507 CONNECTION 308 419 -1 -1 4620 4620
7508 CONNECTION 308 791 -1 -1 2880 2880
7509 CONNECTION 308 922 -1 -1 4200 4200
7510 CONNECTION 308 39 -1 -1 5460 5460
7511 CONNECTION 308 1080 -1 -1 5460 5460
7512 CONNECTION 308 173 300 540 4980 4980
7513 CONNECTION 308 201 300 540 3840 3840
7514 CONNECTION 308 819 300 1320 5580 5580
7515 CONNECTION 308 13 300 1980 5280 5280
7516 CONNECTION 308 253 300 2100 7260 7260
7517 CONNECTION 308 469 300 2340 5640 5640
7518 CONNECTION 308 904 300 3060 8220 8220
7519 CONNECTION 308 285 300 3180 6480 6480
7520 CONNECTION 308 1062 300 3360 7800 7800
7521 CONNECTION 308 565 300 3900 9060 9060
7522 CONNECTION 308 693 300 4140 8580 8580
7523 CONNECTION 308 721 300 4140 7440 7440
7524 CONNECTION 763 1061 -1 -1 3780 3780
7525 CONNECTION 763 720 -1 -1 4560 4560
7526 CONNECTION 763 945 300 1200 6360 6360
7527 CONNECTION 763 444 300 2220 7380 7380
7528 CONNECTION 763 1101 300 3000 8160 8160
7529 CONNECTION 763 204 300 4800 9960 9960
7530 CONNECTION 841 842 -1 -1 900 900
7531 CONNECTION 841 69 -1 -1 2700 2700
7532 CONNECTION 841 659 -1 -1 4140 4140
7533 CONNECTION 841 903 -1 -1 3960 3960
7534 CONNECTION 841 284 -1 -1 4080 4080
7535 CONNECTION 841 923 300 540 3720 3720
7536 CONNECTION 841 174 300 1320 4500 4500
7537 CONNECTION 841 339 300 1320 4500 4500
7538 CONNECTION 841 880 300 1320 5940 5940
7539 CONNECTION 841 143 300 3120 7740 7740
7540 CONNECTION 841 591 300 3120 6300 6300
7541 CONNECTION 841 1043 300 3120 7560 7560
7542 CONNECTION 841 794 300 3240 7680 7680
7543 CONNECTION 841 1063 300 4140 7320 7320
7544 CONNECTION 921 922 -1 -1 2160 2160
7545 CONNECTION 921 39 -1 -1 3420 3420
7546 CONNECTION 921 1080 -1 -1 3420 3420
7547 CONNECTION 921 173 -1 -1 2940 2940
7548 CONNECTION 921 201 -1 -1 1800 1800
7549 CONNECTION 921 819 -1 -1 3540 3540
7550 CONNECTION 921 13 -1 -1 3240 3240
7551 CONNECTION 921 253 -1 -1 5220 5220
7552 CONNECTION 921 469 -1 -1 3600 3600
7553 CONNECTION 921 904 300 1020 6180 6180
7554 CONNECTION 921 285 300 1140 4440 4440
7555 CONNECTION 921 1062 300 1320 5760 5760
7556 CONNECTION 921 565 300 1860 7020 7020
7557 CONNECTION 921 693 300 2100 6540 6540
7558 CONNECTION 921 721 300 2100 5400 5400
7559 CONNECTION 921 312 300 2880 7140 7140
7560 CONNECTION 921 539 300 3540 6840 6840
7561 CONNECTION 921 767 300 3660 8820 8820
7562 CONNECTION 921 946 300 3900 7200 7200
7563 CONNECTION 921 1044 300 4620 9780 9780
7564 CONNECTION 921 795 300 4740 8040 8040
7565 CONNECTION 689 690 -1 -1 900 900
7566 CONNECTION 689 69 -1 -1 2700 2700
7567 CONNECTION 689 659 -1 -1 4140 4140
7568 CONNECTION 689 903 -1 -1 3960 3960
7569 CONNECTION 689 284 -1 -1 4080 4080
7570 CONNECTION 689 923 300 540 3720 3720
7571 CONNECTION 689 174 300 1320 4500 4500
7572 CONNECTION 689 339 300 1320 4500 4500
7573 CONNECTION 689 880 300 1320 5940 5940
7574 CONNECTION 689 143 300 3120 7740 7740
7575 CONNECTION 689 591 300 3120 6300 6300
7576 CONNECTION 689 1043 300 3120 7560 7560
7577 CONNECTION 689 794 300 3240 7680 7680
7578 CONNECTION 689 1063 300 4140 7320 7320
7579 CONNECTION 942 943 -1 -1 2280 2280
7580 CONNECTION 942 226 -1 -1 2760 2760
7581 CONNECTION 942 634 -1 -1 3480 3480
7582 CONNECTION 942 38 -1 -1 2340 2340
7583 CONNECTION 942 1079 -1 -1 2340 2340
7584 CONNECTION 942 537 -1 -1 4260 4260
7585 CONNECTION 942 172 -1 -1 2580 2580
7586 CONNECTION 942 1089 -1 -1 4080 4080
7587 CONNECTION 942 498 -1 -1 4560 4560
7588 CONNECTION 942 818 -1 -1 3360 3360
7589 CONNECTION 942 1041 300 360 5640 5640
7590 CONNECTION 942 252 300 840 4140 4140
7591 CONNECTION 942 1096 300 1020 6300 6300
7592 CONNECTION 942 202 300 1320 5880 5880
7593 CONNECTION 942 742 300 1800 6360 6360
7594 CONNECTION 942 1018 300 1980 7080 7080
7595 CONNECTION 942 1086 300 1980 7080 7080
7596 CONNECTION 942 564 300 2640 5940 5940
7597 CONNECTION 942 14 300 2760 7860 7860
7598 CONNECTION 942 692 300 2880 6180 6180
7599 CONNECTION 942 470 300 3120 7680 7680
7600 CONNECTION 942 228 300 3600 8160 8160
7601 CONNECTION 942 311 300 3660 6960 6960
7602 CONNECTION 942 420 300 3960 9240 9240
7603 CONNECTION 942 766 300 4440 7740 7740
7604 CONNECTION 942 518 300 4620 9900 9900
7605 CONNECTION 37 38 -1 -1 1020 1020
7606 CONNECTION 37 1089 -1 -1 2760 2760
7607 CONNECTION 37 498 -1 -1 3240 3240
7608 CONNECTION 37 818 -1 -1 2040 2040
7609 CONNECTION 37 1041 -1 -1 4320 4320
7610 CONNECTION 37 252 -1 -1 2820 2820
7611 CONNECTION 37 1096 -1 -1 4980 4980
7612 CONNECTION 37 202 -1 -1 4560 4560
7613 CONNECTION 37 742 300 480 5040 5040
7614 CONNECTION 37 1018 300 660 5760 5760
7615 CONNECTION 37 1086 300 660 5760 5760
7616 CONNECTION 37 564 300 1320 4620 4620
7617 CONNECTION 37 14 300 1440 6540 6540
7618 CONNECTION 37 692 300 1560 4860 4860
7619 CONNECTION 37 470 300 1800 6360 6360
7620 CONNECTION 37 228 300 2280 6840 6840
7621 CONNECTION 37 311 300 2340 5640 5640
7622 CONNECTION 37 420 300 2640 7920 7920
7623 CONNECTION 37 766 300 3120 6420 6420
7624 CONNECTION 37 518 300 3300 8580 8580
7625 CONNECTION 37 722 300 3600 8160 8160
7626 CONNECTION 37 500 300 4080 8640 8640
7627 CONNECTION 37 117 300 4260 9360 9360
7628 CONNECTION 389 390 -1 -1 900 900
7629 CONNECTION 389 364 -1 -1 2880 2880
7630 CONNECTION 389 443 -1 -1 4020 4020
7631 CONNECTION 389 1017 -1 -1 4020 4020
7632 CONNECTION 389 1085 -1 -1 4020 4020
7633 CONNECTION 389 283 -1 -1 2700 2700
7634 CONNECTION 389 658 -1 -1 2700 2700
7635 CONNECTION 389 691 -1 -1 3000 3000
7636 CONNECTION 389 843 -1 -1 3000 3000
7637 CONNECTION 389 902 -1 -1 2700 2700
7638 CONNECTION 389 616 -1 -1 4680 4680
7639 CONNECTION 389 965 -1 -1 4560 4560
7640 CONNECTION 389 70 300 1320 4800 4800
7641 CONNECTION 389 879 300 1320 4500 4500
7642 CONNECTION 389 96 300 2100 6480 6480
7643 CONNECTION 389 116 300 2340 7620 7620
7644 CONNECTION 389 924 300 2340 7620 7620
7645 CONNECTION 389 142 300 3120 6300 6300
7646 CONNECTION 389 175 300 3120 6600 6600
7647 CONNECTION 389 340 300 3120 6600 6600
7648 CONNECTION 389 793 300 3120 6300 6300
7649 CONNECTION 389 1042 300 3120 6300 6300
7650 CONNECTION 389 366 300 3900 8280 8280
7651 CONNECTION 389 1097 300 3900 8160 8160
7652 SINK 389 2 -1 -1 300 300
7653 CONNECTION 901 902 -1 -1 900 900
7654 CONNECTION 901 616 -1 -1 2880 2880
7655 CONNECTION 901 965 -1 -1 2760 2760
7656 CONNECTION 901 70 -1 -1 3000 3000
7657 CONNECTION 901 879 -1 -1 2700 2700
7658 CONNECTION 901 96 -1 -1 4680 4680
7659 CONNECTION 901 116 300 540 5820 5820
7660 CONNECTION 901 924 300 540 5820 5820
7661 CONNECTION 901 142 300 1320 4500 4500
7662 CONNECTION 901 175 300 1320 4800 4800
7663 CONNECTION 901 340 300 1320 4800 4800
7664 CONNECTION 901 793 300 1320 4500 4500
7665 CONNECTION 901 1042 300 1320 4500 4500
7666 CONNECTION 901 366 300 2100 6480 6480
7667 CONNECTION 901 1097 300 2100 6360 6360
7668 CONNECTION 901 394 300 3120 6300 6300
7669 CONNECTION 901 592 300 3120 6600 6600
7670 CONNECTION 901 618 300 3900 8280 8280
7671 CONNECTION 901 636 300 4140 9420 9420
7672 CONNECTION 901 1064 300 4140 9420 9420
7673 SINK 901 2 -1 -1 300 300
7674 CONNECTION 1078 1079 -1 -1 1020 1020
7675 CONNECTION 1078 1089 -1 -1 2760 2760
7676 CONNECTION 1078 498 -1 -1 3240 3240
7677 CONNECTION 1078 818 -1 -1 2040 2040
7678 CONNECTION 1078 1041 -1 -1 4320 4320
7679 CONNECTION 1078 252 -1 -1 2820 2820
7680 CONNECTION 1078 1096 -1 -1 4980 4980
7681 CONNECTION 1078 202 -1 -1 4560 4560
7682 CONNECTION 1078 742 300 480 5040 5040
7683 CONNECTION 1078 1018 300 660 5760 5760
7684 CONNECTION 1078 1086 300 660 5760 5760
7685 CONNECTION 1078 564 300 1320 4620 4620
7686 CONNECTION 1078 14 300 1440 6540 6540
7687 CONNECTION 1078 692 300 1560 4860 4860
7688 CONNECTION 1078 470 300 1800 6360 6360
7689 CONNECTION 1078 228 300 2280 6840 6840
7690 CONNECTION 1078 311 300 2340 5640 5640
7691 CONNECTION 1078 420 300 2640 7920 7920
7692 CONNECTION 1078 766 300 3120 6420 6420
7693 CONNECTION 1078 518 300 3300 8580 8580
7694 CONNECTION 1078 722 300 3600 8160 8160
7695 CONNECTION 1078 500 300 4080 8640 8640
7696 CONNECTION 1078 117 300 4260 9360 9360
7697 CONNECTION 250 251 -1 -1 2280 2280
7698 CONNECTION 250 95 -1 -1 2880 2880
7699 CONNECTION 250 944 -1 -1 3120 3120
7700 CONNECTION 250 563 -1 -1 4080 4080
7701 CONNECTION 250 227 -1 -1 4020 4020
7702 CONNECTION 250 365 -1 -1 4680 4680
7703 CONNECTION 250 1090 300 960 4920 4920
7704 CONNECTION 250 765 300 1320 5880 5880
7705 CONNECTION 250 499 300 1440 5820 5820
7706 CONNECTION 250 617 300 1920 6480 6480
7707 CONNECTION 250 203 300 2760 6720 6720
7708 CONNECTION 250 991 300 3120 7680 7680
7709 CONNECTION 250 743 300 3240 7620 7620
7710 CONNECTION 250 97 300 3720 8280 8280
7711 CONNECTION 250 471 300 4560 8520 8520
7712 CONNECTION 497 283 -1 -1 1680 1680
7713 CONNECTION 497 658 -1 -1 1680 1680
7714 CONNECTION 497 691 -1 -1 1980 1980
7715 CONNECTION 497 843 -1 -1 1980 1980
7716 CONNECTION 497 902 -1 -1 1680 1680
7717 CONNECTION 497 616 -1 -1 3660 3660
7718 CONNECTION 497 965 -1 -1 3540 3540
7719 CONNECTION 497 70 -1 -1 3780 3780
7720 CONNECTION 497 879 -1 -1 3480 3480
7721 CONNECTION 497 96 300 1080 5460 5460
7722 CONNECTION 497 116 300 1320 6600 6600
7723 CONNECTION 497 924 300 1320 6600 6600
7724 CONNECTION 497 142 300 2100 5280 5280
7725 CONNECTION 497 175 300 2100 5580 5580
7726 CONNECTION 497 340 300 2100 5580 5580
7727 CONNECTION 497 793 300 2100 5280 5280
7728 CONNECTION 497 1042 300 2100 5280 5280
7729 CONNECTION 497 366 300 2880 7260 7260
7730 CONNECTION 497 1097 300 2880 7140 7140
7731 CONNECTION 497 394 300 3900 7080 7080
7732 CONNECTION 497 592 300 3900 7380 7380
7733 CONNECTION 497 618 300 4680 9060 9060
7734 SINK 497 2 -1 -1 300 300
7735 CONNECTION 94 95 -1 -1 2400 2400
7736 CONNECTION 94 944 -1 -1 2640 2640
7737 CONNECTION 94 563 -1 -1 3600 3600
7738 CONNECTION 94 227 -1 -1 3540 3540
7739 CONNECTION 94 365 -1 -1 4200 4200
7740 CONNECTION 94 1090 300 480 4440 4440
7741 CONNECTION 94 765 300 840 5400 5400
7742 CONNECTION 94 499 300 960 5340 5340
7743 CONNECTION 94 617 300 1440 6000 6000
7744 CONNECTION 94 203 300 2280 6240 6240
7745 CONNECTION 94 991 300 2640 7200 7200
7746 CONNECTION 94 743 300 2760 7140 7140
7747 CONNECTION 94 97 300 3240 7800 7800
7748 CONNECTION 94 471 300 4080 8040 8040
7749 CONNECTION 94 41 300 4440 9000 9000
7750 CONNECTION 94 1092 300 4440 9000 9000
7751 CONNECTION 94 229 300 4560 8940 8940
7752 CONNECTION 516 140 -1 -1 3120 3120
7753 CONNECTION 516 764 -1 -1 3240 3240
7754 CONNECTION 516 115 -1 -1 3660 3660
7755 CONNECTION 516 392 300 480 4920 4920
7756 CONNECTION 516 990 300 1080 5040 5040
7757 CONNECTION 516 660 300 2280 6720 6720
7758 CONNECTION 516 40 300 2880 6840 6840
7759 CONNECTION 516 1091 300 2880 6840 6840
7760 CONNECTION 516 635 300 3000 7260 7260
7761 CONNECTION 516 881 300 4080 8520 8520
7762 CONNECTION 516 254 300 4680 8640 8640
7763 CONNECTION 1016 1017 -1 -1 3000 3000
7764 CONNECTION 1016 283 -1 -1 1680 1680
7765 CONNECTION 1016 658 -1 -1 1680 1680
7766 CONNECTION 1016 691 -1 -1 1980 1980
7767 CONNECTION 1016 843 -1 -1 1980 1980
7768 CONNECTION 1016 902 -1 -1 1680 1680
7769 CONNECTION 1016 616 -1 -1 3660 3660
7770 CONNECTION 1016 965 -1 -1 3540 3540
7771 CONNECTION 1016 70 -1 -1 3780 3780
7772 CONNECTION 1016 879 -1 -1 3480 3480
7773 CONNECTION 1016 96 300 1080 5460 5460
7774 CONNECTION 1016 116 300 1320 6600 6600
7775 CONNECTION 1016 924 300 1320 6600 6600
7776 CONNECTION 1016 142 300 2100 5280 5280
7777 CONNECTION 1016 175 300 2100 5580 5580
7778 CONNECTION 1016 340 300 2100 5580 5580
7779 CONNECTION 1016 793 300 2100 5280 5280
7780 CONNECTION 1016 1042 300 2100 5280 5280
7781 CONNECTION 1016 366 300 2880 7260 7260
7782 CONNECTION 1016 1097 300 2880 7140 7140
7783 CONNECTION 1016 394 300 3900 7080 7080
7784 CONNECTION 1016 592 300 3900 7380 7380
7785 CONNECTION 1016 618 300 4680 9060 9060
7786 SINK 1016 2 -1 -1 300 300
7787 CONNECTION 1084 1085 -1 -1 3000 3000
7788 CONNECTION 1084 283 -1 -1 1680 1680
7789 CONNECTION 1084 658 -1 -1 1680 1680
7790 CONNECTION 1084 691 -1 -1 1980 1980
7791 CONNECTION 1084 843 -1 -1 1980 1980
7792 CONNECTION 1084 902 -1 -1 1680 1680
7793 CONNECTION 1084 616 -1 -1 3660 3660
7794 CONNECTION 1084 965 -1 -1 3540 3540
7795 CONNECTION 1084 70 -1 -1 3780 3780
7796 CONNECTION 1084 879 -1 -1 3480 3480
7797 CONNECTION 1084 96 300 1080 5460 5460
7798 CONNECTION 1084 116 300 1320 6600 6600
7799 CONNECTION 1084 924 300 1320 6600 6600
7800 CONNECTION 1084 142 300 2100 5280 5280
7801 CONNECTION 1084 175 300 2100 5580 5580
7802 CONNECTION 1084 340 300 2100 5580 5580
7803 CONNECTION 1084 793 300 2100 5280 5280
7804 CONNECTION 1084 1042 300 2100 5280 5280
7805 CONNECTION 1084 366 300 2880 7260 7260
7806 CONNECTION 1084 1097 300 2880 7140 7140
7807 CONNECTION 1084 394 300 3900 7080 7080
7808 CONNECTION 1084 592 300 3900 7380 7380
7809 CONNECTION 1084 618 300 4680 9060 9060
7810 SINK 1084 2 -1 -1 300 300
7811 CONNECTION 139 338 -1 -1 3060 3060
7812 CONNECTION 139 590 -1 -1 4860 4860
7813 CONNECTION 139 538 300 1680 5940 5940
7814 CONNECTION 139 845 300 2040 6660 6660
7815 CONNECTION 139 72 300 3840 8460 8460
7816 CONNECTION 418 419 -1 -1 2880 2880
7817 CONNECTION 418 39 -1 -1 3720 3720
7818 CONNECTION 418 1080 -1 -1 3720 3720
7819 CONNECTION 418 173 -1 -1 3240 3240
7820 CONNECTION 418 201 -1 -1 2100 2100
7821 CONNECTION 418 819 -1 -1 3840 3840
7822 CONNECTION 418 13 -1 -1 3540 3540
7823 CONNECTION 418 253 300 360 5520 5520
7824 CONNECTION 418 469 300 600 3900 3900
7825 CONNECTION 418 904 300 1320 6480 6480
7826 CONNECTION 418 285 300 1440 4740 4740
7827 CONNECTION 418 1062 300 1620 6060 6060
7828 CONNECTION 418 565 300 2160 7320 7320
7829 CONNECTION 418 693 300 2400 6840 6840
7830 CONNECTION 418 721 300 2400 5700 5700
7831 CONNECTION 418 312 300 3180 7440 7440
7832 CONNECTION 418 539 300 3840 7140 7140
7833 CONNECTION 418 767 300 3960 9120 9120
7834 CONNECTION 418 946 300 4200 7500 7500
7835 CONNECTION 587 588 -1 -1 1200 1200
7836 CONNECTION 587 364 -1 -1 2880 2880
7837 CONNECTION 587 443 -1 -1 4020 4020
7838 CONNECTION 587 1017 -1 -1 4020 4020
7839 CONNECTION 587 1085 -1 -1 4020 4020
7840 CONNECTION 587 283 -1 -1 2700 2700
7841 CONNECTION 587 658 -1 -1 2700 2700
7842 CONNECTION 587 691 -1 -1 3000 3000
7843 CONNECTION 587 843 -1 -1 3000 3000
7844 CONNECTION 587 902 -1 -1 2700 2700
7845 CONNECTION 587 616 -1 -1 4680 4680
7846 CONNECTION 587 965 -1 -1 4560 4560
7847 CONNECTION 587 70 300 1320 4800 4800
7848 CONNECTION 587 879 300 1320 4500 4500
7849 CONNECTION 587 96 300 2100 6480 6480
7850 CONNECTION 587 116 300 2340 7620 7620
7851 CONNECTION 587 924 300 2340 7620 7620
7852 CONNECTION 587 142 300 3120 6300 6300
7853 CONNECTION 587 175 300 3120 6600 6600
7854 CONNECTION 587 340 300 3120 6600 6600
7855 CONNECTION 587 793 300 3120 6300 6300
7856 CONNECTION 587 1042 300 3120 6300 6300
7857 CONNECTION 587 366 300 3900 8280 8280
7858 CONNECTION 587 1097 300 3900 8160 8160
7859 SINK 587 2 -1 -1 300 300
7860 CONNECTION 790 791 -1 -1 1020 1020
7861 CONNECTION 790 39 -1 -1 3600 3600
7862 CONNECTION 790 1080 -1 -1 3600 3600
7863 CONNECTION 790 173 -1 -1 3120 3120
7864 CONNECTION 790 201 -1 -1 1980 1980
7865 CONNECTION 790 819 -1 -1 3720 3720
7866 CONNECTION 790 13 -1 -1 3420 3420
7867 CONNECTION 790 253 -1 -1 5400 5400
7868 CONNECTION 790 469 300 480 3780 3780
7869 CONNECTION 790 904 300 1200 6360 6360
7870 CONNECTION 790 285 300 1320 4620 4620
7871 CONNECTION 790 1062 300 1500 5940 5940
7872 CONNECTION 790 565 300 2040 7200 7200
7873 CONNECTION 790 693 300 2280 6720 6720
7874 CONNECTION 790 721 300 2280 5580 5580
7875 CONNECTION 790 312 300 3060 7320 7320
7876 CONNECTION 790 539 300 3720 7020 7020
7877 CONNECTION 790 767 300 3840 9000 9000
7878 CONNECTION 790 946 300 4080 7380 7380
7879 CONNECTION 790 1044 300 4800 9960 9960
7880 CONNECTION 817 818 -1 -1 1020 1020
7881 CONNECTION 817 252 -1 -1 1800 1800
7882 CONNECTION 817 1096 -1 -1 3960 3960
7883 CONNECTION 817 202 -1 -1 3540 3540
7884 CONNECTION 817 742 -1 -1 4020 4020
7885 CONNECTION 817 1018 -1 -1 4740 4740
7886 CONNECTION 817 1086 -1 -1 4740 4740
7887 CONNECTION 817 564 -1 -1 3600 3600
7888 CONNECTION 817 14 300 420 5520 5520
7889 CONNECTION 817 692 300 540 3840 3840
7890 CONNECTION 817 470 300 780 5340 5340
7891 CONNECTION 817 228 300 1260 5820 5820
7892 CONNECTION 817 311 300 1320 4620 4620
7893 CONNECTION 817 420 300 1620 6900 6900
7894 CONNECTION 817 766 300 2100 5400 5400
7895 CONNECTION 817 518 300 2280 7560 7560
7896 CONNECTION 817 722 300 2580 7140 7140
7897 CONNECTION 817 500 300 3060 7620 7620
7898 CONNECTION 817 117 300 3240 8340 8340
7899 CONNECTION 817 992 300 3900 7200 7200
7900 CONNECTION 817 540 300 4020 9120 9120
7901 CONNECTION 817 176 300 4140 7440 7440
7902 CONNECTION 817 947 300 4380 8940 8940
7903 CONNECTION 988 989 -1 -1 2880 2880
7904 CONNECTION 988 419 -1 -1 3840 3840
7905 CONNECTION 988 791 -1 -1 2100 2100
7906 CONNECTION 988 922 -1 -1 3420 3420
7907 CONNECTION 988 39 -1 -1 4680 4680
7908 CONNECTION 988 1080 -1 -1 4680 4680
7909 CONNECTION 988 173 -1 -1 4200 4200
7910 CONNECTION 988 201 -1 -1 3060 3060
7911 CONNECTION 988 819 300 540 4800 4800
7912 CONNECTION 988 13 300 1200 4500 4500
7913 CONNECTION 988 253 300 1320 6480 6480
7914 CONNECTION 988 469 300 1560 4860 4860
7915 CONNECTION 988 904 300 2280 7440 7440
7916 CONNECTION 988 285 300 2400 5700 5700
7917 CONNECTION 988 1062 300 2580 7020 7020
7918 CONNECTION 988 565 300 3120 8280 8280
7919 CONNECTION 988 693 300 3360 7800 7800
7920 CONNECTION 988 721 300 3360 6660 6660
7921 CONNECTION 988 312 300 4140 8400 8400
7922 CONNECTION 988 539 300 4800 8100 8100
7923 CONNECTION 615 1041 -1 -1 3720 3720
7924 CONNECTION 615 252 -1 -1 2220 2220
7925 CONNECTION 615 1096 -1 -1 4380 4380
7926 CONNECTION 615 202 -1 -1 3960 3960
7927 CONNECTION 615 742 -1 -1 4440 4440
7928 CONNECTION 615 1018 -1 -1 5160 5160
7929 CONNECTION 615 1086 -1 -1 5160 5160
7930 CONNECTION 615 564 300 720 4020 4020
7931 CONNECTION 615 14 300 840 5940 5940
7932 CONNECTION 615 692 300 960 4260 4260
7933 CONNECTION 615 470 300 1200 5760 5760
7934 CONNECTION 615 228 300 1680 6240 6240
7935 CONNECTION 615 311 300 1740 5040 5040
7936 CONNECTION 615 420 300 2040 7320 7320
7937 CONNECTION 615 766 300 2520 5820 5820
7938 CONNECTION 615 518 300 2700 7980 7980
7939 CONNECTION 615 722 300 3000 7560 7560
7940 CONNECTION 615 500 300 3480 8040 8040
7941 CONNECTION 615 117 300 3660 8760 8760
7942 CONNECTION 615 992 300 4320 7620 7620
7943 CONNECTION 615 540 300 4440 9540 9540
7944 CONNECTION 615 176 300 4560 7860 7860
7945 CONNECTION 615 947 300 4800 9360 9360
7946 CONNECTION 200 201 -1 -1 1020 1020
7947 CONNECTION 200 819 -1 -1 2760 2760
7948 CONNECTION 200 13 -1 -1 2460 2460
7949 CONNECTION 200 253 -1 -1 4440 4440
7950 CONNECTION 200 469 -1 -1 2820 2820
7951 CONNECTION 200 904 -1 -1 5400 5400
7952 CONNECTION 200 285 300 360 3660 3660
7953 CONNECTION 200 1062 300 540 4980 4980
7954 CONNECTION 200 565 300 1080 6240 6240
7955 CONNECTION 200 693 300 1320 5760 5760
7956 CONNECTION 200 721 300 1320 4620 4620
7957 CONNECTION 200 312 300 2100 6360 6360
7958 CONNECTION 200 539 300 2760 6060 6060
7959 CONNECTION 200 767 300 2880 8040 8040
7960 CONNECTION 200 946 300 3120 6420 6420
7961 CONNECTION 200 1044 300 3840 9000 9000
7962 CONNECTION 200 795 300 3960 7260 7260
7963 CONNECTION 200 445 300 4140 8580 8580
7964 CONNECTION 200 993 300 4680 9840 9840
7965 CONNECTION 337 764 -1 -1 2580 2580
7966 CONNECTION 337 115 -1 -1 3000 3000
7967 CONNECTION 337 392 -1 -1 4260 4260
7968 CONNECTION 337 990 300 420 4380 4380
7969 CONNECTION 337 660 300 1620 6060 6060
7970 CONNECTION 337 40 300 2220 6180 6180
7971 CONNECTION 337 1091 300 2220 6180 6180
7972 CONNECTION 337 635 300 2340 6600 6600
7973 CONNECTION 337 881 300 3420 7860 7860
7974 CONNECTION 337 254 300 4020 7980 7980
7975 CONNECTION 964 965 -1 -1 2100 2100
7976 CONNECTION 964 70 -1 -1 2340 2340
7977 CONNECTION 964 879 -1 -1 2040 2040
7978 CONNECTION 964 96 -1 -1 4020 4020
7979 CONNECTION 964 116 -1 -1 5160 5160
7980 CONNECTION 964 924 -1 -1 5160 5160
7981 CONNECTION 964 142 300 660 3840 3840
7982 CONNECTION 964 175 300 660 4140 4140
7983 CONNECTION 964 340 300 660 4140 4140
7984 CONNECTION 964 793 300 660 3840 3840
7985 CONNECTION 964 1042 300 660 3840 3840
7986 CONNECTION 964 366 300 1440 5820 5820
7987 CONNECTION 964 1097 300 1440 5700 5700
7988 CONNECTION 964 394 300 2460 5640 5640
7989 CONNECTION 964 592 300 2460 5940 5940
7990 CONNECTION 964 618 300 3240 7620 7620
7991 CONNECTION 964 636 300 3480 8760 8760
7992 CONNECTION 964 1064 300 3480 8760 8760
7993 CONNECTION 964 287 300 4260 7440 7440
7994 CONNECTION 964 421 300 4260 7440 7440
7995 CONNECTION 964 662 300 4260 7440 7440
7996 CONNECTION 964 695 300 4260 7740 7740
7997 CONNECTION 964 847 300 4260 7740 7740
7998 SINK 964 2 -1 -1 300 300
7999 CONNECTION 309 338 -1 -1 3000 3000
8000 CONNECTION 309 590 -1 -1 4800 4800
8001 CONNECTION 309 538 300 1620 5880 5880
8002 CONNECTION 309 845 300 1980 6600 6600
8003 CONNECTION 309 72 300 3780 8400 8400
8004 CONNECTION 943 944 -1 -1 1680 1680
8005 CONNECTION 943 227 -1 -1 2580 2580
8006 CONNECTION 943 365 -1 -1 3240 3240
8007 CONNECTION 943 1090 -1 -1 3480 3480
8008 CONNECTION 943 765 -1 -1 4440 4440
8009 CONNECTION 943 499 -1 -1 4380 4380
8010 CONNECTION 943 617 300 480 5040 5040
8011 CONNECTION 943 203 300 1320 5280 5280
8012 CONNECTION 943 991 300 1680 6240 6240
8013 CONNECTION 943 743 300 1800 6180 6180
8014 CONNECTION 943 97 300 2280 6840 6840
8015 CONNECTION 943 471 300 3120 7080 7080
8016 CONNECTION 943 41 300 3480 8040 8040
8017 CONNECTION 943 1092 300 3480 8040 8040
8018 CONNECTION 943 229 300 3600 7980 7980
8019 CONNECTION 943 367 300 4080 8640 8640
8020 CONNECTION 390 391 -1 -1 2340 2340
8021 CONNECTION 390 69 -1 -1 2700 2700
8022 CONNECTION 390 659 -1 -1 4140 4140
8023 CONNECTION 390 903 -1 -1 3960 3960
8024 CONNECTION 390 284 -1 -1 4080 4080
8025 CONNECTION 390 923 300 540 3720 3720
8026 CONNECTION 390 174 300 1320 4500 4500
8027 CONNECTION 390 339 300 1320 4500 4500
8028 CONNECTION 390 880 300 1320 5940 5940
8029 CONNECTION 390 143 300 3120 7740 7740
8030 CONNECTION 390 591 300 3120 6300 6300
8031 CONNECTION 390 1043 300 3120 7560 7560
8032 CONNECTION 390 794 300 3240 7680 7680
8033 CONNECTION 390 1063 300 4140 7320 7320
8034 CONNECTION 588 589 -1 -1 2220 2220
8035 CONNECTION 588 878 -1 -1 2400 2400
8036 CONNECTION 588 844 -1 -1 4020 4020
8037 CONNECTION 588 141 300 720 4200 4200
8038 CONNECTION 588 792 300 720 4200 4200
8039 CONNECTION 588 71 300 1380 5820 5820
8040 CONNECTION 588 393 300 2520 6000 6000
8041 CONNECTION 588 341 300 3180 7620 7620
8042 CONNECTION 588 286 300 4320 7800 7800
8043 CONNECTION 588 661 300 4320 7800 7800
8044 CONNECTION 442 443 -1 -1 3000 3000
8045 CONNECTION 442 283 -1 -1 1680 1680
8046 CONNECTION 442 658 -1 -1 1680 1680
8047 CONNECTION 442 691 -1 -1 1980 1980
8048 CONNECTION 442 843 -1 -1 1980 1980
8049 CONNECTION 442 902 -1 -1 1680 1680
8050 CONNECTION 442 616 -1 -1 3660 3660
8051 CONNECTION 442 965 -1 -1 3540 3540
8052 CONNECTION 442 70 -1 -1 3780 3780
8053 CONNECTION 442 879 -1 -1 3480 3480
8054 CONNECTION 442 96 300 1080 5460 5460
8055 CONNECTION 442 116 300 1320 6600 6600
8056 CONNECTION 442 924 300 1320 6600 6600
8057 CONNECTION 442 142 300 2100 5280 5280
8058 CONNECTION 442 175 300 2100 5580 5580
8059 CONNECTION 442 340 300 2100 5580 5580
8060 CONNECTION 442 793 300 2100 5280 5280
8061 CONNECTION 442 1042 300 2100 5280 5280
8062 CONNECTION 442 366 300 2880 7260 7260
8063 CONNECTION 442 1097 300 2880 7140 7140
8064 CONNECTION 442 394 300 3900 7080 7080
8065 CONNECTION 442 592 300 3900 7380 7380
8066 CONNECTION 442 618 300 4680 9060 9060
8067 SINK 442 2 -1 -1 300 300
8068 CONNECTION 877 878 -1 -1 1320 1320
8069 CONNECTION 877 844 -1 -1 2940 2940
8070 CONNECTION 877 141 -1 -1 3120 3120
8071 CONNECTION 877 792 -1 -1 3120 3120
8072 CONNECTION 877 71 -1 -1 4740 4740
8073 CONNECTION 877 393 300 1440 4920 4920
8074 CONNECTION 877 341 300 2100 6540 6540
8075 CONNECTION 877 286 300 3240 6720 6720
8076 CONNECTION 877 661 300 3240 6720 6720
8077 CONNECTION 877 593 300 3900 8340 8340
8078 CONNECTION 536 537 -1 -1 2820 2820
8079 CONNECTION 536 498 -1 -1 3120 3120
8080 CONNECTION 536 818 -1 -1 1920 1920
8081 CONNECTION 536 1041 -1 -1 4200 4200
8082 CONNECTION 536 252 -1 -1 2700 2700
8083 CONNECTION 536 1096 -1 -1 4860 4860
8084 CONNECTION 536 202 -1 -1 4440 4440
8085 CONNECTION 536 742 300 360 4920 4920
8086 CONNECTION 536 1018 300 540 5640 5640
8087 CONNECTION 536 1086 300 540 5640 5640
8088 CONNECTION 536 564 300 1200 4500 4500
8089 CONNECTION 536 14 300 1320 6420 6420
8090 CONNECTION 536 692 300 1440 4740 4740
8091 CONNECTION 536 470 300 1680 6240 6240
8092 CONNECTION 536 228 300 2160 6720 6720
8093 CONNECTION 536 311 300 2220 5520 5520
8094 CONNECTION 536 420 300 2520 7800 7800
8095 CONNECTION 536 766 300 3000 6300 6300
8096 CONNECTION 536 518 300 3180 8460 8460
8097 CONNECTION 536 722 300 3480 8040 8040
8098 CONNECTION 536 500 300 3960 8520 8520
8099 CONNECTION 536 117 300 4140 9240 9240
8100 CONNECTION 536 992 300 4800 8100 8100
8101 CONNECTION 226 227 -1 -1 2100 2100
8102 CONNECTION 226 365 -1 -1 2760 2760
8103 CONNECTION 226 1090 -1 -1 3000 3000
8104 CONNECTION 226 765 -1 -1 3960 3960
8105 CONNECTION 226 499 -1 -1 3900 3900
8106 CONNECTION 226 617 -1 -1 4560 4560
8107 CONNECTION 226 203 300 840 4800 4800
8108 CONNECTION 226 991 300 1200 5760 5760
8109 CONNECTION 226 743 300 1320 5700 5700
8110 CONNECTION 226 97 300 1800 6360 6360
8111 CONNECTION 226 471 300 2640 6600 6600
8112 CONNECTION 226 41 300 3000 7560 7560
8113 CONNECTION 226 1092 300 3000 7560 7560
8114 CONNECTION 226 229 300 3120 7500 7500
8115 CONNECTION 226 367 300 3600 8160 8160
8116 CONNECTION 226 723 300 4440 8400 8400
8117 CONNECTION 226 255 300 4800 9360 9360
8118 CONNECTION 719 764 -1 -1 2280 2280
8119 CONNECTION 719 115 -1 -1 2700 2700
8120 CONNECTION 719 392 -1 -1 3960 3960
8121 CONNECTION 719 990 -1 -1 4080 4080
8122 CONNECTION 719 660 300 1320 5760 5760
8123 CONNECTION 719 40 300 1920 5880 5880
8124 CONNECTION 719 1091 300 1920 5880 5880
8125 CONNECTION 719 635 300 2040 6300 6300
8126 CONNECTION 719 881 300 3120 7560 7560
8127 CONNECTION 719 254 300 3720 7680 7680
8128 CONNECTION 1095 1096 -1 -1 3000 3000
8129 CONNECTION 1095 742 -1 -1 3060 3060
8130 CONNECTION 1095 1018 -1 -1 3780 3780
8131 CONNECTION 1095 1086 -1 -1 3780 3780
8132 CONNECTION 1095 564 -1 -1 2640 2640
8133 CONNECTION 1095 14 -1 -1 4560 4560
8134 CONNECTION 1095 692 -1 -1 2880 2880
8135 CONNECTION 1095 470 -1 -1 4380 4380
8136 CONNECTION 1095 228 -1 -1 4860 4860
8137 CONNECTION 1095 311 300 360 3660 3660
8138 CONNECTION 1095 420 300 660 5940 5940
8139 CONNECTION 1095 766 300 1140 4440 4440
8140 CONNECTION 1095 518 300 1320 6600 6600
8141 CONNECTION 1095 722 300 1620 6180 6180
8142 CONNECTION 1095 500 300 2100 6660 6660
8143 CONNECTION 1095 117 300 2280 7380 7380
8144 CONNECTION 1095 992 300 2940 6240 6240
8145 CONNECTION 1095 540 300 3060 8160 8160
8146 CONNECTION 1095 176 300 3180 6480 6480
8147 CONNECTION 1095 947 300 3420 7980 7980
8148 CONNECTION 1095 744 300 3900 8460 8460
8149 CONNECTION 1095 821 300 3960 7260 7260
8150 CONNECTION 1095 905 300 4260 9540 9540
8151 CONNECTION 1095 42 300 4740 8040 8040
8152 CONNECTION 1095 1093 300 4740 8040 8040
8153 CONNECTION 989 945 -1 -1 4560 4560
8154 CONNECTION 989 444 300 420 5580 5580
8155 CONNECTION 989 1101 300 1200 6360 6360
8156 CONNECTION 989 204 300 3000 8160 8160
8157 CONNECTION 989 925 300 4020 9180 9180
8158 CONNECTION 989 472 300 4800 9960 9960
8159 CONNECTION 68 69 -1 -1 900 900
8160 CONNECTION 68 923 -1 -1 1920 1920
8161 CONNECTION 68 174 -1 -1 2700 2700
8162 CONNECTION 68 339 -1 -1 2700 2700
8163 CONNECTION 68 880 -1 -1 4140 4140
8164 CONNECTION 68 143 300 1320 5940 5940
8165 CONNECTION 68 591 300 1320 4500 4500
8166 CONNECTION 68 1043 300 1320 5760 5760
8167 CONNECTION 68 794 300 1440 5880 5880
8168 CONNECTION 68 1063 300 2340 5520 5520
8169 CONNECTION 68 395 300 3120 7740 7740
8170 CONNECTION 68 694 300 3120 6300 6300
8171 CONNECTION 68 846 300 3120 6300 6300
8172 CONNECTION 634 517 -1 -1 3420 3420
8173 CONNECTION 634 820 300 960 6060 6060
8174 CONNECTION 634 966 300 1920 7020 7020
8175 CONNECTION 634 313 300 4560 9660 9660
8176 CONNECTION 1088 1089 -1 -1 2280 2280
8177 CONNECTION 1088 498 -1 -1 2760 2760
8178 CONNECTION 1088 818 -1 -1 1560 1560
8179 CONNECTION 1088 1041 -1 -1 3840 3840
8180 CONNECTION 1088 252 -1 -1 2340 2340
8181 CONNECTION 1088 1096 -1 -1 4500 4500
8182 CONNECTION 1088 202 -1 -1 4080 4080
8183 CONNECTION 1088 742 -1 -1 4560 4560
8184 CONNECTION 1088 1018 -1 -1 5280 5280
8185 CONNECTION 1088 1086 -1 -1 5280 5280
8186 CONNECTION 1088 564 300 840 4140 4140
8187 CONNECTION 1088 14 300 960 6060 6060
8188 CONNECTION 1088 692 300 1080 4380 4380
8189 CONNECTION 1088 470 300 1320 5880 5880
8190 CONNECTION 1088 228 300 1800 6360 6360
8191 CONNECTION 1088 311 300 1860 5160 5160
8192 CONNECTION 1088 420 300 2160 7440 7440
8193 CONNECTION 1088 766 300 2640 5940 5940
8194 CONNECTION 1088 518 300 2820 8100 8100
8195 CONNECTION 1088 722 300 3120 7680 7680
8196 CONNECTION 1088 500 300 3600 8160 8160
8197 CONNECTION 1088 117 300 3780 8880 8880
8198 CONNECTION 1088 992 300 4440 7740 7740
8199 CONNECTION 1088 540 300 4560 9660 9660
8200 CONNECTION 1088 176 300 4680 7980 7980
8201 CONNECTION 251 252 -1 -1 1020 1020
8202 CONNECTION 251 202 -1 -1 2760 2760
8203 CONNECTION 251 742 -1 -1 3240 3240
8204 CONNECTION 251 1018 -1 -1 3960 3960
8205 CONNECTION 251 1086 -1 -1 3960 3960
8206 CONNECTION 251 564 -1 -1 2820 2820
8207 CONNECTION 251 14 -1 -1 4740 4740
8208 CONNECTION 251 692 -1 -1 3060 3060
8209 CONNECTION 251 470 -1 -1 4560 4560
8210 CONNECTION 251 228 300 480 5040 5040
8211 CONNECTION 251 311 300 540 3840 3840
8212 CONNECTION 251 420 300 840 6120 6120
8213 CONNECTION 251 766 300 1320 4620 4620
8214 CONNECTION 251 518 300 1500 6780 6780
8215 CONNECTION 251 722 300 1800 6360 6360
8216 CONNECTION 251 500 300 2280 6840 6840
8217 CONNECTION 251 117 300 2460 7560 7560
8218 CONNECTION 251 992 300 3120 6420 6420
8219 CONNECTION 251 540 300 3240 8340 8340
8220 CONNECTION 251 176 300 3360 6660 6660
8221 CONNECTION 251 947 300 3600 8160 8160
8222 CONNECTION 251 744 300 4080 8640 8640
8223 CONNECTION 251 821 300 4140 7440 7440
8224 CONNECTION 251 905 300 4440 9720 9720
8225 CONNECTION 282 283 -1 -1 900 900
8226 CONNECTION 282 616 -1 -1 2880 2880
8227 CONNECTION 282 965 -1 -1 2760 2760
8228 CONNECTION 282 70 -1 -1 3000 3000
8229 CONNECTION 282 879 -1 -1 2700 2700
8230 CONNECTION 282 96 -1 -1 4680 4680
8231 CONNECTION 282 116 300 540 5820 5820
8232 CONNECTION 282 924 300 540 5820 5820
8233 CONNECTION 282 142 300 1320 4500 4500
8234 CONNECTION 282 175 300 1320 4800 4800
8235 CONNECTION 282 340 300 1320 4800 4800
8236 CONNECTION 282 793 300 1320 4500 4500
8237 CONNECTION 282 1042 300 1320 4500 4500
8238 CONNECTION 282 366 300 2100 6480 6480
8239 CONNECTION 282 1097 300 2100 6360 6360
8240 CONNECTION 282 394 300 3120 6300 6300
8241 CONNECTION 282 592 300 3120 6600 6600
8242 CONNECTION 282 618 300 3900 8280 8280
8243 CONNECTION 282 636 300 4140 9420 9420
8244 CONNECTION 282 1064 300 4140 9420 9420
8245 SINK 282 2 -1 -1 300 300
8246 CONNECTION 657 658 -1 -1 900 900
8247 CONNECTION 657 616 -1 -1 2880 2880
8248 CONNECTION 657 965 -1 -1 2760 2760
8249 CONNECTION 657 70 -1 -1 3000 3000
8250 CONNECTION 657 879 -1 -1 2700 2700
8251 CONNECTION 657 96 -1 -1 4680 4680
8252 CONNECTION 657 116 300 540 5820 5820
8253 CONNECTION 657 924 300 540 5820 5820
8254 CONNECTION 657 142 300 1320 4500 4500
8255 CONNECTION 657 175 300 1320 4800 4800
8256 CONNECTION 657 340 300 1320 4800 4800
8257 CONNECTION 657 793 300 1320 4500 4500
8258 CONNECTION 657 1042 300 1320 4500 4500
8259 CONNECTION 657 366 300 2100 6480 6480
8260 CONNECTION 657 1097 300 2100 6360 6360
8261 CONNECTION 657 394 300 3120 6300 6300
8262 CONNECTION 657 592 300 3120 6600 6600
8263 CONNECTION 657 618 300 3900 8280 8280
8264 CONNECTION 657 636 300 4140 9420 9420
8265 CONNECTION 657 1064 300 4140 9420 9420
8266 SINK 657 2 -1 -1 300 300
8267 CONNECTION 562 563 -1 -1 2280 2280
8268 CONNECTION 562 365 -1 -1 2880 2880
8269 CONNECTION 562 1090 -1 -1 3120 3120
8270 CONNECTION 562 765 -1 -1 4080 4080
8271 CONNECTION 562 499 -1 -1 4020 4020
8272 CONNECTION 562 617 -1 -1 4680 4680
8273 CONNECTION 562 203 300 960 4920 4920
8274 CONNECTION 562 991 300 1320 5880 5880
8275 CONNECTION 562 743 300 1440 5820 5820
8276 CONNECTION 562 97 300 1920 6480 6480
8277 CONNECTION 562 471 300 2760 6720 6720
8278 CONNECTION 562 41 300 3120 7680 7680
8279 CONNECTION 562 1092 300 3120 7680 7680
8280 CONNECTION 562 229 300 3240 7620 7620
8281 CONNECTION 562 367 300 3720 8280 8280
8282 CONNECTION 562 723 300 4560 8520 8520
8283 CONNECTION 741 70 -1 -1 1980 1980
8284 CONNECTION 741 879 -1 -1 1680 1680
8285 CONNECTION 741 96 -1 -1 3660 3660
8286 CONNECTION 741 116 -1 -1 4800 4800
8287 CONNECTION 741 924 -1 -1 4800 4800
8288 CONNECTION 741 142 -1 -1 3480 3480
8289 CONNECTION 741 175 -1 -1 3780 3780
8290 CONNECTION 741 340 -1 -1 3780 3780
8291 CONNECTION 741 793 -1 -1 3480 3480
8292 CONNECTION 741 1042 -1 -1 3480 3480
8293 CONNECTION 741 366 300 1080 5460 5460
8294 CONNECTION 741 1097 300 1080 5340 5340
8295 CONNECTION 741 394 300 2100 5280 5280
8296 CONNECTION 741 592 300 2100 5580 5580
8297 CONNECTION 741 618 300 2880 7260 7260
8298 CONNECTION 741 636 300 3120 8400 8400
8299 CONNECTION 741 1064 300 3120 8400 8400
8300 CONNECTION 741 287 300 3900 7080 7080
8301 CONNECTION 741 421 300 3900 7080 7080
8302 CONNECTION 741 662 300 3900 7080 7080
8303 CONNECTION 741 695 300 3900 7380 7380
8304 CONNECTION 741 847 300 3900 7380 7380
8305 CONNECTION 741 98 300 4680 9060 9060
8306 CONNECTION 741 519 300 4680 8940 8940
8307 SINK 741 2 -1 -1 300 300
8308 CONNECTION 364 365 -1 -1 2400 2400
8309 CONNECTION 364 1090 -1 -1 2640 2640
8310 CONNECTION 364 765 -1 -1 3600 3600
8311 CONNECTION 364 499 -1 -1 3540 3540
8312 CONNECTION 364 617 -1 -1 4200 4200
8313 CONNECTION 364 203 300 480 4440 4440
8314 CONNECTION 364 991 300 840 5400 5400
8315 CONNECTION 364 743 300 960 5340 5340
8316 CONNECTION 364 97 300 1440 6000 6000
8317 CONNECTION 364 471 300 2280 6240 6240
8318 CONNECTION 364 41 300 2640 7200 7200
8319 CONNECTION 364 1092 300 2640 7200 7200
8320 CONNECTION 364 229 300 2760 7140 7140
8321 CONNECTION 364 367 300 3240 7800 7800
8322 CONNECTION 364 723 300 4080 8040 8040
8323 CONNECTION 364 255 300 4440 9000 9000
8324 CONNECTION 364 501 300 4560 8940 8940
8325 CONNECTION 391 590 -1 -1 3060 3060
8326 CONNECTION 391 538 -1 -1 4140 4140
8327 CONNECTION 391 845 -1 -1 4860 4860
8328 CONNECTION 391 72 300 2040 6660 6660
8329 CONNECTION 391 15 300 3480 7740 7740
8330 CONNECTION 391 342 300 3840 8460 8460
8331 CONNECTION 690 691 -1 -1 1200 1200
8332 CONNECTION 690 616 -1 -1 2880 2880
8333 CONNECTION 690 965 -1 -1 2760 2760
8334 CONNECTION 690 70 -1 -1 3000 3000
8335 CONNECTION 690 879 -1 -1 2700 2700
8336 CONNECTION 690 96 -1 -1 4680 4680
8337 CONNECTION 690 116 300 540 5820 5820
8338 CONNECTION 690 924 300 540 5820 5820
8339 CONNECTION 690 142 300 1320 4500 4500
8340 CONNECTION 690 175 300 1320 4800 4800
8341 CONNECTION 690 340 300 1320 4800 4800
8342 CONNECTION 690 793 300 1320 4500 4500
8343 CONNECTION 690 1042 300 1320 4500 4500
8344 CONNECTION 690 366 300 2100 6480 6480
8345 CONNECTION 690 1097 300 2100 6360 6360
8346 CONNECTION 690 394 300 3120 6300 6300
8347 CONNECTION 690 592 300 3120 6600 6600
8348 CONNECTION 690 618 300 3900 8280 8280
8349 CONNECTION 690 636 300 4140 9420 9420
8350 CONNECTION 690 1064 300 4140 9420 9420
8351 SINK 690 2 -1 -1 300 300
8352 CONNECTION 842 843 -1 -1 1200 1200
8353 CONNECTION 842 616 -1 -1 2880 2880
8354 CONNECTION 842 965 -1 -1 2760 2760
8355 CONNECTION 842 70 -1 -1 3000 3000
8356 CONNECTION 842 879 -1 -1 2700 2700
8357 CONNECTION 842 96 -1 -1 4680 4680
8358 CONNECTION 842 116 300 540 5820 5820
8359 CONNECTION 842 924 300 540 5820 5820
8360 CONNECTION 842 142 300 1320 4500 4500
8361 CONNECTION 842 175 300 1320 4800 4800
8362 CONNECTION 842 340 300 1320 4800 4800
8363 CONNECTION 842 793 300 1320 4500 4500
8364 CONNECTION 842 1042 300 1320 4500 4500
8365 CONNECTION 842 366 300 2100 6480 6480
8366 CONNECTION 842 1097 300 2100 6360 6360
8367 CONNECTION 842 394 300 3120 6300 6300
8368 CONNECTION 842 592 300 3120 6600 6600
8369 CONNECTION 842 618 300 3900 8280 8280
8370 CONNECTION 842 636 300 4140 9420 9420
8371 CONNECTION 842 1064 300 4140 9420 9420
8372 SINK 842 2 -1 -1 300 300
8373 CONNECTION 443 564 -1 -1 1680 1680
8374 CONNECTION 443 14 -1 -1 3600 3600
8375 CONNECTION 443 692 -1 -1 1920 1920
8376 CONNECTION 443 470 -1 -1 3420 3420
8377 CONNECTION 443 228 -1 -1 3900 3900
8378 CONNECTION 443 311 -1 -1 2700 2700
8379 CONNECTION 443 420 -1 -1 4980 4980
8380 CONNECTION 443 766 -1 -1 3480 3480
8381 CONNECTION 443 518 300 360 5640 5640
8382 CONNECTION 443 722 300 660 5220 5220
8383 CONNECTION 443 500 300 1140 5700 5700
8384 CONNECTION 443 117 300 1320 6420 6420
8385 CONNECTION 443 992 300 1980 5280 5280
8386 CONNECTION 443 540 300 2100 7200 7200
8387 CONNECTION 443 176 300 2220 5520 5520
8388 CONNECTION 443 947 300 2460 7020 7020
8389 CONNECTION 443 744 300 2940 7500 7500
8390 CONNECTION 443 821 300 3000 6300 6300
8391 CONNECTION 443 905 300 3300 8580 8580
8392 CONNECTION 443 42 300 3780 7080 7080
8393 CONNECTION 443 1093 300 3780 7080 7080
8394 CONNECTION 443 967 300 3960 9240 9240
8395 CONNECTION 443 1103 300 4260 8820 8820
8396 CONNECTION 443 230 300 4740 9300 9300
8397 CONNECTION 1017 1018 -1 -1 2820 2820
8398 CONNECTION 1017 564 -1 -1 1680 1680
8399 CONNECTION 1017 14 -1 -1 3600 3600
8400 CONNECTION 1017 692 -1 -1 1920 1920
8401 CONNECTION 1017 470 -1 -1 3420 3420
8402 CONNECTION 1017 228 -1 -1 3900 3900
8403 CONNECTION 1017 311 -1 -1 2700 2700
8404 CONNECTION 1017 420 -1 -1 4980 4980
8405 CONNECTION 1017 766 -1 -1 3480 3480
8406 CONNECTION 1017 518 300 360 5640 5640
8407 CONNECTION 1017 722 300 660 5220 5220
8408 CONNECTION 1017 500 300 1140 5700 5700
8409 CONNECTION 1017 117 300 1320 6420 6420
8410 CONNECTION 1017 992 300 1980 5280 5280
8411 CONNECTION 1017 540 300 2100 7200 7200
8412 CONNECTION 1017 176 300 2220 5520 5520
8413 CONNECTION 1017 947 300 2460 7020 7020
8414 CONNECTION 1017 744 300 2940 7500 7500
8415 CONNECTION 1017 821 300 3000 6300 6300
8416 CONNECTION 1017 905 300 3300 8580 8580
8417 CONNECTION 1017 42 300 3780 7080 7080
8418 CONNECTION 1017 1093 300 3780 7080 7080
8419 CONNECTION 1017 967 300 3960 9240 9240
8420 CONNECTION 1017 1103 300 4260 8820 8820
8421 CONNECTION 1017 230 300 4740 9300 9300
8422 CONNECTION 1085 1086 -1 -1 2820 2820
8423 CONNECTION 1085 564 -1 -1 1680 1680
8424 CONNECTION 1085 14 -1 -1 3600 3600
8425 CONNECTION 1085 692 -1 -1 1920 1920
8426 CONNECTION 1085 470 -1 -1 3420 3420
8427 CONNECTION 1085 228 -1 -1 3900 3900
8428 CONNECTION 1085 311 -1 -1 2700 2700
8429 CONNECTION 1085 420 -1 -1 4980 4980
8430 CONNECTION 1085 766 -1 -1 3480 3480
8431 CONNECTION 1085 518 300 360 5640 5640
8432 CONNECTION 1085 722 300 660 5220 5220
8433 CONNECTION 1085 500 300 1140 5700 5700
8434 CONNECTION 1085 117 300 1320 6420 6420
8435 CONNECTION 1085 992 300 1980 5280 5280
8436 CONNECTION 1085 540 300 2100 7200 7200
8437 CONNECTION 1085 176 300 2220 5520 5520
8438 CONNECTION 1085 947 300 2460 7020 7020
8439 CONNECTION 1085 744 300 2940 7500 7500
8440 CONNECTION 1085 821 300 3000 6300 6300
8441 CONNECTION 1085 905 300 3300 8580 8580
8442 CONNECTION 1085 42 300 3780 7080 7080
8443 CONNECTION 1085 1093 300 3780 7080 7080
8444 CONNECTION 1085 967 300 3960 9240 9240
8445 CONNECTION 1085 1103 300 4260 8820 8820
8446 CONNECTION 1085 230 300 4740 9300 9300
8447 CONNECTION 38 39 -1 -1 2880 2880
8448 CONNECTION 38 819 -1 -1 3000 3000
8449 CONNECTION 38 13 -1 -1 2700 2700
8450 CONNECTION 38 253 -1 -1 4680 4680
8451 CONNECTION 38 469 -1 -1 3060 3060
8452 CONNECTION 38 904 300 480 5640 5640
8453 CONNECTION 38 285 300 600 3900 3900
8454 CONNECTION 38 1062 300 780 5220 5220
8455 CONNECTION 38 565 300 1320 6480 6480
8456 CONNECTION 38 693 300 1560 6000 6000
8457 CONNECTION 38 721 300 1560 4860 4860
8458 CONNECTION 38 312 300 2340 6600 6600
8459 CONNECTION 38 539 300 3000 6300 6300
8460 CONNECTION 38 767 300 3120 8280 8280
8461 CONNECTION 38 946 300 3360 6660 6660
8462 CONNECTION 38 1044 300 4080 9240 9240
8463 CONNECTION 38 795 300 4200 7500 7500
8464 CONNECTION 38 445 300 4380 8820 8820
8465 CONNECTION 1079 1080 -1 -1 2880 2880
8466 CONNECTION 1079 819 -1 -1 3000 3000
8467 CONNECTION 1079 13 -1 -1 2700 2700
8468 CONNECTION 1079 253 -1 -1 4680 4680
8469 CONNECTION 1079 469 -1 -1 3060 3060
8470 CONNECTION 1079 904 300 480 5640 5640
8471 CONNECTION 1079 285 300 600 3900 3900
8472 CONNECTION 1079 1062 300 780 5220 5220
8473 CONNECTION 1079 565 300 1320 6480 6480
8474 CONNECTION 1079 693 300 1560 6000 6000
8475 CONNECTION 1079 721 300 1560 4860 4860
8476 CONNECTION 1079 312 300 2340 6600 6600
8477 CONNECTION 1079 539 300 3000 6300 6300
8478 CONNECTION 1079 767 300 3120 8280 8280
8479 CONNECTION 1079 946 300 3360 6660 6660
8480 CONNECTION 1079 1044 300 4080 9240 9240
8481 CONNECTION 1079 795 300 4200 7500 7500
8482 CONNECTION 1079 445 300 4380 8820 8820
8483 CONNECTION 95 1018 -1 -1 3360 3360
8484 CONNECTION 95 1086 -1 -1 3360 3360
8485 CONNECTION 95 564 -1 -1 2220 2220
8486 CONNECTION 95 14 -1 -1 4140 4140
8487 CONNECTION 95 692 -1 -1 2460 2460
8488 CONNECTION 95 470 -1 -1 3960 3960
8489 CONNECTION 95 228 -1 -1 4440 4440
8490 CONNECTION 95 311 -1 -1 3240 3240
8491 CONNECTION 95 420 -1 -1 5520 5520
8492 CONNECTION 95 766 300 720 4020 4020
8493 CONNECTION 95 518 300 900 6180 6180
8494 CONNECTION 95 722 300 1200 5760 5760
8495 CONNECTION 95 500 300 1680 6240 6240
8496 CONNECTION 95 117 300 1860 6960 6960
8497 CONNECTION 95 992 300 2520 5820 5820
8498 CONNECTION 95 540 300 2640 7740 7740
8499 CONNECTION 95 176 300 2760 6060 6060
8500 CONNECTION 95 947 300 3000 7560 7560
8501 CONNECTION 95 744 300 3480 8040 8040
8502 CONNECTION 95 821 300 3540 6840 6840
8503 CONNECTION 95 905 300 3840 9120 9120
8504 CONNECTION 95 42 300 4320 7620 7620
8505 CONNECTION 95 1093 300 4320 7620 7620
8506 CONNECTION 95 967 300 4500 9780 9780
8507 CONNECTION 95 1103 300 4800 9360 9360
8508 CONNECTION 537 820 -1 -1 5280 5280
8509 CONNECTION 537 966 300 1140 6240 6240
8510 CONNECTION 537 313 300 3780 8880 8880
8511 CONNECTION 537 1109 300 4740 9840 9840
8512 CONNECTION 419 945 -1 -1 3600 3600
8513 CONNECTION 419 444 -1 -1 4620 4620
8514 CONNECTION 419 1101 -1 -1 5400 5400
8515 CONNECTION 419 204 300 2040 7200 7200
8516 CONNECTION 419 925 300 3060 8220 8220
8517 CONNECTION 419 472 300 3840 9000 9000
8518 CONNECTION 468 469 -1 -1 1020 1020
8519 CONNECTION 468 904 -1 -1 3600 3600
8520 CONNECTION 468 285 -1 -1 1860 1860
8521 CONNECTION 468 1062 -1 -1 3180 3180
8522 CONNECTION 468 565 -1 -1 4440 4440
8523 CONNECTION 468 693 -1 -1 3960 3960
8524 CONNECTION 468 721 -1 -1 2820 2820
8525 CONNECTION 468 312 -1 -1 4560 4560
8526 CONNECTION 468 539 300 960 4260 4260
8527 CONNECTION 468 767 300 1080 6240 6240
8528 CONNECTION 468 946 300 1320 4620 4620
8529 CONNECTION 468 1044 300 2040 7200 7200
8530 CONNECTION 468 795 300 2160 5460 5460
8531 CONNECTION 468 445 300 2340 6780 6780
8532 CONNECTION 468 993 300 2880 8040 8040
8533 CONNECTION 468 177 300 3120 7560 7560
8534 CONNECTION 468 1102 300 3120 6420 6420
8535 CONNECTION 468 822 300 3900 8160 8160
8536 CONNECTION 468 16 300 4560 7860 7860
8537 CONNECTION 468 43 300 4680 9840 9840
8538 CONNECTION 468 1094 300 4680 9840 9840
8539 CONNECTION 589 990 -1 -1 2580 2580
8540 CONNECTION 589 660 -1 -1 4260 4260
8541 CONNECTION 589 40 300 420 4380 4380
8542 CONNECTION 589 1091 300 420 4380 4380
8543 CONNECTION 589 635 300 540 4800 4800
8544 CONNECTION 589 881 300 1620 6060 6060
8545 CONNECTION 589 254 300 2220 6180 6180
8546 CONNECTION 589 144 300 3420 7860 7860
8547 CONNECTION 589 566 300 4020 7980 7980
8548 CONNECTION 589 1019 300 4140 8400 8400
8549 CONNECTION 589 1098 300 4140 8400 8400
8550 CONNECTION 172 173 -1 -1 2160 2160
8551 CONNECTION 172 819 -1 -1 2760 2760
8552 CONNECTION 172 13 -1 -1 2460 2460
8553 CONNECTION 172 253 -1 -1 4440 4440
8554 CONNECTION 172 469 -1 -1 2820 2820
8555 CONNECTION 172 904 -1 -1 5400 5400
8556 CONNECTION 172 285 300 360 3660 3660
8557 CONNECTION 172 1062 300 540 4980 4980
8558 CONNECTION 172 565 300 1080 6240 6240
8559 CONNECTION 172 693 300 1320 5760 5760
8560 CONNECTION 172 721 300 1320 4620 4620
8561 CONNECTION 172 312 300 2100 6360 6360
8562 CONNECTION 172 539 300 2760 6060 6060
8563 CONNECTION 172 767 300 2880 8040 8040
8564 CONNECTION 172 946 300 3120 6420 6420
8565 CONNECTION 172 1044 300 3840 9000 9000
8566 CONNECTION 172 795 300 3960 7260 7260
8567 CONNECTION 172 445 300 4140 8580 8580
8568 CONNECTION 172 993 300 4680 9840 9840
8569 CONNECTION 791 252 -1 -1 1500 1500
8570 CONNECTION 791 1096 -1 -1 3660 3660
8571 CONNECTION 791 202 -1 -1 3240 3240
8572 CONNECTION 791 742 -1 -1 3720 3720
8573 CONNECTION 791 1018 -1 -1 4440 4440
8574 CONNECTION 791 1086 -1 -1 4440 4440
8575 CONNECTION 791 564 -1 -1 3300 3300
8576 CONNECTION 791 14 -1 -1 5220 5220
8577 CONNECTION 791 692 -1 -1 3540 3540
8578 CONNECTION 791 470 300 480 5040 5040
8579 CONNECTION 791 228 300 960 5520 5520
8580 CONNECTION 791 311 300 1020 4320 4320
8581 CONNECTION 791 420 300 1320 6600 6600
8582 CONNECTION 791 766 300 1800 5100 5100
8583 CONNECTION 791 518 300 1980 7260 7260
8584 CONNECTION 791 722 300 2280 6840 6840
8585 CONNECTION 791 500 300 2760 7320 7320
8586 CONNECTION 791 117 300 2940 8040 8040
8587 CONNECTION 791 992 300 3600 6900 6900
8588 CONNECTION 791 540 300 3720 8820 8820
8589 CONNECTION 791 176 300 3840 7140 7140
8590 CONNECTION 791 947 300 4080 8640 8640
8591 CONNECTION 791 744 300 4560 9120 9120
8592 CONNECTION 791 821 300 4620 7920 7920
8593 CONNECTION 922 923 -1 -1 900 900
8594 CONNECTION 922 174 -1 -1 1680 1680
8595 CONNECTION 922 339 -1 -1 1680 1680
8596 CONNECTION 922 880 -1 -1 3120 3120
8597 CONNECTION 922 143 -1 -1 4920 4920
8598 CONNECTION 922 591 -1 -1 3480 3480
8599 CONNECTION 922 1043 -1 -1 4740 4740
8600 CONNECTION 922 794 300 420 4860 4860
8601 CONNECTION 922 1063 300 1320 4500 4500
8602 CONNECTION 922 395 300 2100 6720 6720
8603 CONNECTION 922 694 300 2100 5280 5280
8604 CONNECTION 922 846 300 2100 5280 5280
8605 CONNECTION 922 73 300 3900 7080 7080
8606 CONNECTION 922 422 300 3900 8340 8340
8607 CONNECTION 922 663 300 3900 8520 8520
8608 CONNECTION 922 288 300 4020 8460 8460
8609 CONNECTION 1089 1090 -1 -1 1680 1680
8610 CONNECTION 1089 499 -1 -1 2580 2580
8611 CONNECTION 1089 617 -1 -1 3240 3240
8612 CONNECTION 1089 203 -1 -1 3480 3480
8613 CONNECTION 1089 991 -1 -1 4440 4440
8614 CONNECTION 1089 743 -1 -1 4380 4380
8615 CONNECTION 1089 97 300 480 5040 5040
8616 CONNECTION 1089 471 300 1320 5280 5280
8617 CONNECTION 1089 41 300 1680 6240 6240
8618 CONNECTION 1089 1092 300 1680 6240 6240
8619 CONNECTION 1089 229 300 1800 6180 6180
8620 CONNECTION 1089 367 300 2280 6840 6840
8621 CONNECTION 1089 723 300 3120 7080 7080
8622 CONNECTION 1089 255 300 3480 8040 8040
8623 CONNECTION 1089 501 300 3600 7980 7980
8624 CONNECTION 1089 619 300 4080 8640 8640
8625 CONNECTION 12 13 -1 -1 1020 1020
8626 CONNECTION 12 904 -1 -1 3960 3960
8627 CONNECTION 12 285 -1 -1 2220 2220
8628 CONNECTION 12 1062 -1 -1 3540 3540
8629 CONNECTION 12 565 -1 -1 4800 4800
8630 CONNECTION 12 693 -1 -1 4320 4320
8631 CONNECTION 12 721 -1 -1 3180 3180
8632 CONNECTION 12 312 300 660 4920 4920
8633 CONNECTION 12 539 300 1320 4620 4620
8634 CONNECTION 12 767 300 1440 6600 6600
8635 CONNECTION 12 946 300 1680 4980 4980
8636 CONNECTION 12 1044 300 2400 7560 7560
8637 CONNECTION 12 795 300 2520 5820 5820
8638 CONNECTION 12 445 300 2700 7140 7140
8639 CONNECTION 12 993 300 3240 8400 8400
8640 CONNECTION 12 177 300 3480 7920 7920
8641 CONNECTION 12 1102 300 3480 6780 6780
8642 CONNECTION 12 822 300 4260 8520 8520
8643 CONNECTION 283 284 -1 -1 2280 2280
8644 CONNECTION 283 923 -1 -1 1920 1920
8645 CONNECTION 283 174 -1 -1 2700 2700
8646 CONNECTION 283 339 -1 -1 2700 2700
8647 CONNECTION 283 880 -1 -1 4140 4140
8648 CONNECTION 283 143 300 1320 5940 5940
8649 CONNECTION 283 591 300 1320 4500 4500
8650 CONNECTION 283 1043 300 1320 5760 5760
8651 CONNECTION 283 794 300 1440 5880 5880
8652 CONNECTION 283 1063 300 2340 5520 5520
8653 CONNECTION 283 395 300 3120 7740 7740
8654 CONNECTION 283 694 300 3120 6300 6300
8655 CONNECTION 283 846 300 3120 6300 6300
8656 CONNECTION 658 659 -1 -1 2340 2340
8657 CONNECTION 658 923 -1 -1 1920 1920
8658 CONNECTION 658 174 -1 -1 2700 2700
8659 CONNECTION 658 339 -1 -1 2700 2700
8660 CONNECTION 658 880 -1 -1 4140 4140
8661 CONNECTION 658 143 300 1320 5940 5940
8662 CONNECTION 658 591 300 1320 4500 4500
8663 CONNECTION 658 1043 300 1320 5760 5760
8664 CONNECTION 658 794 300 1440 5880 5880
8665 CONNECTION 658 1063 300 2340 5520 5520
8666 CONNECTION 658 395 300 3120 7740 7740
8667 CONNECTION 658 694 300 3120 6300 6300
8668 CONNECTION 658 846 300 3120 6300 6300
8669 CONNECTION 691 141 -1 -1 2400 2400
8670 CONNECTION 691 792 -1 -1 2400 2400
8671 CONNECTION 691 71 -1 -1 4020 4020
8672 CONNECTION 691 393 300 720 4200 4200
8673 CONNECTION 691 341 300 1380 5820 5820
8674 CONNECTION 691 286 300 2520 6000 6000
8675 CONNECTION 691 661 300 2520 6000 6000
8676 CONNECTION 691 593 300 3180 7620 7620
8677 CONNECTION 691 882 300 4320 7800 7800
8678 CONNECTION 843 844 -1 -1 2220 2220
8679 CONNECTION 843 141 -1 -1 2400 2400
8680 CONNECTION 843 792 -1 -1 2400 2400
8681 CONNECTION 843 71 -1 -1 4020 4020
8682 CONNECTION 843 393 300 720 4200 4200
8683 CONNECTION 843 341 300 1380 5820 5820
8684 CONNECTION 843 286 300 2520 6000 6000
8685 CONNECTION 843 661 300 2520 6000 6000
8686 CONNECTION 843 593 300 3180 7620 7620
8687 CONNECTION 843 882 300 4320 7800 7800
8688 CONNECTION 902 903 -1 -1 2160 2160
8689 CONNECTION 902 923 -1 -1 1920 1920
8690 CONNECTION 902 174 -1 -1 2700 2700
8691 CONNECTION 902 339 -1 -1 2700 2700
8692 CONNECTION 902 880 -1 -1 4140 4140
8693 CONNECTION 902 143 300 1320 5940 5940
8694 CONNECTION 902 591 300 1320 4500 4500
8695 CONNECTION 902 1043 300 1320 5760 5760
8696 CONNECTION 902 794 300 1440 5880 5880
8697 CONNECTION 902 1063 300 2340 5520 5520
8698 CONNECTION 902 395 300 3120 7740 7740
8699 CONNECTION 902 694 300 3120 6300 6300
8700 CONNECTION 902 846 300 3120 6300 6300
8701 CONNECTION 140 141 -1 -1 1320 1320
8702 CONNECTION 140 71 -1 -1 2940 2940
8703 CONNECTION 140 393 -1 -1 3120 3120
8704 CONNECTION 140 341 -1 -1 4740 4740
8705 CONNECTION 140 286 300 1440 4920 4920
8706 CONNECTION 140 661 300 1440 4920 4920
8707 CONNECTION 140 593 300 2100 6540 6540
8708 CONNECTION 140 882 300 3240 6720 6720
8709 CONNECTION 140 848 300 3900 8340 8340
8710 CONNECTION 498 499 -1 -1 2100 2100
8711 CONNECTION 498 617 -1 -1 2760 2760
8712 CONNECTION 498 203 -1 -1 3000 3000
8713 CONNECTION 498 991 -1 -1 3960 3960
8714 CONNECTION 498 743 -1 -1 3900 3900
8715 CONNECTION 498 97 -1 -1 4560 4560
8716 CONNECTION 498 471 300 840 4800 4800
8717 CONNECTION 498 41 300 1200 5760 5760
8718 CONNECTION 498 1092 300 1200 5760 5760
8719 CONNECTION 498 229 300 1320 5700 5700
8720 CONNECTION 498 367 300 1800 6360 6360
8721 CONNECTION 498 723 300 2640 6600 6600
8722 CONNECTION 498 255 300 3000 7560 7560
8723 CONNECTION 498 501 300 3120 7500 7500
8724 CONNECTION 498 619 300 3600 8160 8160
8725 CONNECTION 498 948 300 4440 8400 8400
8726 CONNECTION 498 567 300 4800 9360 9360
8727 CONNECTION 944 990 -1 -1 2280 2280
8728 CONNECTION 944 660 -1 -1 3960 3960
8729 CONNECTION 944 40 -1 -1 4080 4080
8730 CONNECTION 944 1091 -1 -1 4080 4080
8731 CONNECTION 944 635 -1 -1 4500 4500
8732 CONNECTION 944 881 300 1320 5760 5760
8733 CONNECTION 944 254 300 1920 5880 5880
8734 CONNECTION 944 144 300 3120 7560 7560
8735 CONNECTION 944 566 300 3720 7680 7680
8736 CONNECTION 944 1019 300 3840 8100 8100
8737 CONNECTION 944 1098 300 3840 8100 8100
8738 CONNECTION 39 444 -1 -1 3780 3780
8739 CONNECTION 39 1101 -1 -1 4560 4560
8740 CONNECTION 39 204 300 1200 6360 6360
8741 CONNECTION 39 925 300 2220 7380 7380
8742 CONNECTION 39 472 300 3000 8160 8160
8743 CONNECTION 39 724 300 4800 9960 9960
8744 CONNECTION 818 819 -1 -1 1980 1980
8745 CONNECTION 818 13 -1 -1 1680 1680
8746 CONNECTION 818 253 -1 -1 3660 3660
8747 CONNECTION 818 469 -1 -1 2040 2040
8748 CONNECTION 818 904 -1 -1 4620 4620
8749 CONNECTION 818 285 -1 -1 2880 2880
8750 CONNECTION 818 1062 -1 -1 4200 4200
8751 CONNECTION 818 565 -1 -1 5460 5460
8752 CONNECTION 818 693 300 540 4980 4980
8753 CONNECTION 818 721 300 540 3840 3840
8754 CONNECTION 818 312 300 1320 5580 5580
8755 CONNECTION 818 539 300 1980 5280 5280
8756 CONNECTION 818 767 300 2100 7260 7260
8757 CONNECTION 818 946 300 2340 5640 5640
8758 CONNECTION 818 1044 300 3060 8220 8220
8759 CONNECTION 818 795 300 3180 6480 6480
8760 CONNECTION 818 445 300 3360 7800 7800
8761 CONNECTION 818 993 300 3900 9060 9060
8762 CONNECTION 818 177 300 4140 8580 8580
8763 CONNECTION 818 1102 300 4140 7440 7440
8764 CONNECTION 1080 444 -1 -1 3780 3780
8765 CONNECTION 1080 1101 -1 -1 4560 4560
8766 CONNECTION 1080 204 300 1200 6360 6360
8767 CONNECTION 1080 925 300 2220 7380 7380
8768 CONNECTION 1080 472 300 3000 8160 8160
8769 CONNECTION 1080 724 300 4800 9960 9960
8770 CONNECTION 338 339 -1 -1 900 900
8771 CONNECTION 338 143 -1 -1 4140 4140
8772 CONNECTION 338 591 -1 -1 2700 2700
8773 CONNECTION 338 1043 -1 -1 3960 3960
8774 CONNECTION 338 794 -1 -1 4080 4080
8775 CONNECTION 338 1063 300 540 3720 3720
8776 CONNECTION 338 395 300 1320 5940 5940
8777 CONNECTION 338 694 300 1320 4500 4500
8778 CONNECTION 338 846 300 1320 4500 4500
8779 CONNECTION 338 73 300 3120 6300 6300
8780 CONNECTION 338 422 300 3120 7560 7560
8781 CONNECTION 338 663 300 3120 7740 7740
8782 CONNECTION 338 288 300 3240 7680 7680
8783 CONNECTION 338 446 300 4140 7320 7320
8784 CONNECTION 1061 1062 -1 -1 2160 2160
8785 CONNECTION 1061 565 -1 -1 3420 3420
8786 CONNECTION 1061 693 -1 -1 2940 2940
8787 CONNECTION 1061 721 -1 -1 1800 1800
8788 CONNECTION 1061 312 -1 -1 3540 3540
8789 CONNECTION 1061 539 -1 -1 3240 3240
8790 CONNECTION 1061 767 -1 -1 5220 5220
8791 CONNECTION 1061 946 -1 -1 3600 3600
8792 CONNECTION 1061 1044 300 1020 6180 6180
8793 CONNECTION 1061 795 300 1140 4440 4440
8794 CONNECTION 1061 445 300 1320 5760 5760
8795 CONNECTION 1061 993 300 1860 7020 7020
8796 CONNECTION 1061 177 300 2100 6540 6540
8797 CONNECTION 1061 1102 300 2100 5400 5400
8798 CONNECTION 1061 822 300 2880 7140 7140
8799 CONNECTION 1061 16 300 3540 6840 6840
8800 CONNECTION 1061 43 300 3660 8820 8820
8801 CONNECTION 1061 1094 300 3660 8820 8820
8802 CONNECTION 1061 205 300 3900 7200 7200
8803 CONNECTION 1061 423 300 4620 9780 9780
8804 CONNECTION 1061 289 300 4740 8040 8040
8805 CONNECTION 173 174 -1 -1 900 900
8806 CONNECTION 173 143 -1 -1 4140 4140
8807 CONNECTION 173 591 -1 -1 2700 2700
8808 CONNECTION 173 1043 -1 -1 3960 3960
8809 CONNECTION 173 794 -1 -1 4080 4080
8810 CONNECTION 173 1063 300 540 3720 3720
8811 CONNECTION 173 395 300 1320 5940 5940
8812 CONNECTION 173 694 300 1320 4500 4500
8813 CONNECTION 173 846 300 1320 4500 4500
8814 CONNECTION 173 73 300 3120 6300 6300
8815 CONNECTION 173 422 300 3120 7560 7560
8816 CONNECTION 173 663 300 3120 7740 7740
8817 CONNECTION 173 288 300 3240 7680 7680
8818 CONNECTION 173 446 300 4140 7320 7320
8819 CONNECTION 201 202 -1 -1 2280 2280
8820 CONNECTION 201 742 -1 -1 2760 2760
8821 CONNECTION 201 1018 -1 -1 3480 3480
8822 CONNECTION 201 1086 -1 -1 3480 3480
8823 CONNECTION 201 564 -1 -1 2340 2340
8824 CONNECTION 201 14 -1 -1 4260 4260
8825 CONNECTION 201 692 -1 -1 2580 2580
8826 CONNECTION 201 470 -1 -1 4080 4080
8827 CONNECTION 201 228 -1 -1 4560 4560
8828 CONNECTION 201 311 -1 -1 3360 3360
8829 CONNECTION 201 420 300 360 5640 5640
8830 CONNECTION 201 766 300 840 4140 4140
8831 CONNECTION 201 518 300 1020 6300 6300
8832 CONNECTION 201 722 300 1320 5880 5880
8833 CONNECTION 201 500 300 1800 6360 6360
8834 CONNECTION 201 117 300 1980 7080 7080
8835 CONNECTION 201 992 300 2640 5940 5940
8836 CONNECTION 201 540 300 2760 7860 7860
8837 CONNECTION 201 176 300 2880 6180 6180
8838 CONNECTION 201 947 300 3120 7680 7680
8839 CONNECTION 201 744 300 3600 8160 8160
8840 CONNECTION 201 821 300 3660 6960 6960
8841 CONNECTION 201 905 300 3960 9240 9240
8842 CONNECTION 201 42 300 4440 7740 7740
8843 CONNECTION 201 1093 300 4440 7740 7740
8844 CONNECTION 201 967 300 4620 9900 9900
8845 CONNECTION 563 564 -1 -1 1020 1020
8846 CONNECTION 563 470 -1 -1 2760 2760
8847 CONNECTION 563 228 -1 -1 3240 3240
8848 CONNECTION 563 311 -1 -1 2040 2040
8849 CONNECTION 563 420 -1 -1 4320 4320
8850 CONNECTION 563 766 -1 -1 2820 2820
8851 CONNECTION 563 518 -1 -1 4980 4980
8852 CONNECTION 563 722 -1 -1 4560 4560
8853 CONNECTION 563 500 300 480 5040 5040
8854 CONNECTION 563 117 300 660 5760 5760
8855 CONNECTION 563 992 300 1320 4620 4620
8856 CONNECTION 563 540 300 1440 6540 6540
8857 CONNECTION 563 176 300 1560 4860 4860
8858 CONNECTION 563 947 300 1800 6360 6360
8859 CONNECTION 563 744 300 2280 6840 6840
8860 CONNECTION 563 821 300 2340 5640 5640
8861 CONNECTION 563 905 300 2640 7920 7920
8862 CONNECTION 563 42 300 3120 6420 6420
8863 CONNECTION 563 1093 300 3120 6420 6420
8864 CONNECTION 563 967 300 3300 8580 8580
8865 CONNECTION 563 1103 300 3600 8160 8160
8866 CONNECTION 563 230 300 4080 8640 8640
8867 CONNECTION 563 637 300 4260 9360 9360
8868 CONNECTION 878 879 -1 -1 900 900
8869 CONNECTION 878 96 -1 -1 2880 2880
8870 CONNECTION 878 116 -1 -1 4020 4020
8871 CONNECTION 878 924 -1 -1 4020 4020
8872 CONNECTION 878 142 -1 -1 2700 2700
8873 CONNECTION 878 175 -1 -1 3000 3000
8874 CONNECTION 878 340 -1 -1 3000 3000
8875 CONNECTION 878 793 -1 -1 2700 2700
8876 CONNECTION 878 1042 -1 -1 2700 2700
8877 CONNECTION 878 366 -1 -1 4680 4680
8878 CONNECTION 878 1097 -1 -1 4560 4560
8879 CONNECTION 878 394 300 1320 4500 4500
8880 CONNECTION 878 592 300 1320 4800 4800
8881 CONNECTION 878 618 300 2100 6480 6480
8882 CONNECTION 878 636 300 2340 7620 7620
8883 CONNECTION 878 1064 300 2340 7620 7620
8884 CONNECTION 878 287 300 3120 6300 6300
8885 CONNECTION 878 421 300 3120 6300 6300
8886 CONNECTION 878 662 300 3120 6300 6300
8887 CONNECTION 878 695 300 3120 6600 6600
8888 CONNECTION 878 847 300 3120 6600 6600
8889 CONNECTION 878 98 300 3900 8280 8280
8890 CONNECTION 878 519 300 3900 8160 8160
8891 SINK 878 2 -1 -1 300 300
8892 CONNECTION 1041 1042 -1 -1 900 900
8893 CONNECTION 1041 366 -1 -1 2880 2880
8894 CONNECTION 1041 1097 -1 -1 2760 2760
8895 CONNECTION 1041 394 -1 -1 2700 2700
8896 CONNECTION 1041 592 -1 -1 3000 3000
8897 CONNECTION 1041 618 -1 -1 4680 4680
8898 CONNECTION 1041 636 300 540 5820 5820
8899 CONNECTION 1041 1064 300 540 5820 5820
8900 CONNECTION 1041 287 300 1320 4500 4500
8901 CONNECTION 1041 421 300 1320 4500 4500
8902 CONNECTION 1041 662 300 1320 4500 4500
8903 CONNECTION 1041 695 300 1320 4800 4800
8904 CONNECTION 1041 847 300 1320 4800 4800
8905 CONNECTION 1041 98 300 2100 6480 6480
8906 CONNECTION 1041 519 300 2100 6360 6360
8907 CONNECTION 1041 74 300 3120 6600 6600
8908 CONNECTION 1041 883 300 3120 6300 6300
8909 CONNECTION 1041 368 300 3900 8280 8280
8910 CONNECTION 1041 447 300 4140 9420 9420
8911 CONNECTION 1041 1020 300 4140 9420 9420
8912 CONNECTION 1041 1099 300 4140 9420 9420
8913 SINK 1041 2 -1 -1 300 300
8914 CONNECTION 227 142 -1 -1 1680 1680
8915 CONNECTION 227 175 -1 -1 1980 1980
8916 CONNECTION 227 340 -1 -1 1980 1980
8917 CONNECTION 227 793 -1 -1 1680 1680
8918 CONNECTION 227 1042 -1 -1 1680 1680
8919 CONNECTION 227 366 -1 -1 3660 3660
8920 CONNECTION 227 1097 -1 -1 3540 3540
8921 CONNECTION 227 394 -1 -1 3480 3480
8922 CONNECTION 227 592 -1 -1 3780 3780
8923 CONNECTION 227 618 300 1080 5460 5460
8924 CONNECTION 227 636 300 1320 6600 6600
8925 CONNECTION 227 1064 300 1320 6600 6600
8926 CONNECTION 227 287 300 2100 5280 5280
8927 CONNECTION 227 421 300 2100 5280 5280
8928 CONNECTION 227 662 300 2100 5280 5280
8929 CONNECTION 227 695 300 2100 5580 5580
8930 CONNECTION 227 847 300 2100 5580 5580
8931 CONNECTION 227 98 300 2880 7260 7260
8932 CONNECTION 227 519 300 2880 7140 7140
8933 CONNECTION 227 74 300 3900 7380 7380
8934 CONNECTION 227 883 300 3900 7080 7080
8935 CONNECTION 227 368 300 4680 9060 9060
8936 SINK 227 2 -1 -1 300 300
8937 CONNECTION 764 765 -1 -1 2280 2280
8938 CONNECTION 764 617 -1 -1 2880 2880
8939 CONNECTION 764 203 -1 -1 3120 3120
8940 CONNECTION 764 991 -1 -1 4080 4080
8941 CONNECTION 764 743 -1 -1 4020 4020
8942 CONNECTION 764 97 -1 -1 4680 4680
8943 CONNECTION 764 471 300 960 4920 4920
8944 CONNECTION 764 41 300 1320 5880 5880
8945 CONNECTION 764 1092 300 1320 5880 5880
8946 CONNECTION 764 229 300 1440 5820 5820
8947 CONNECTION 764 367 300 1920 6480 6480
8948 CONNECTION 764 723 300 2760 6720 6720
8949 CONNECTION 764 255 300 3120 7680 7680
8950 CONNECTION 764 501 300 3240 7620 7620
8951 CONNECTION 764 619 300 3720 8280 8280
8952 CONNECTION 764 948 300 4560 8520 8520
8953 CONNECTION 616 617 -1 -1 2400 2400
8954 CONNECTION 616 203 -1 -1 2640 2640
8955 CONNECTION 616 991 -1 -1 3600 3600
8956 CONNECTION 616 743 -1 -1 3540 3540
8957 CONNECTION 616 97 -1 -1 4200 4200
8958 CONNECTION 616 471 300 480 4440 4440
8959 CONNECTION 616 41 300 840 5400 5400
8960 CONNECTION 616 1092 300 840 5400 5400
8961 CONNECTION 616 229 300 960 5340 5340
8962 CONNECTION 616 367 300 1440 6000 6000
8963 CONNECTION 616 723 300 2280 6240 6240
8964 CONNECTION 616 255 300 2640 7200 7200
8965 CONNECTION 616 501 300 2760 7140 7140
8966 CONNECTION 616 619 300 3240 7800 7800
8967 CONNECTION 616 948 300 4080 8040 8040
8968 CONNECTION 616 567 300 4440 9000 9000
8969 CONNECTION 616 745 300 4560 8940 8940
8970 CONNECTION 965 660 -1 -1 3120 3120
8971 CONNECTION 965 40 -1 -1 3240 3240
8972 CONNECTION 965 1091 -1 -1 3240 3240
8973 CONNECTION 965 635 -1 -1 3660 3660
8974 CONNECTION 965 881 300 480 4920 4920
8975 CONNECTION 965 254 300 1080 5040 5040
8976 CONNECTION 965 144 300 2280 6720 6720
8977 CONNECTION 965 566 300 2880 6840 6840
8978 CONNECTION 965 1019 300 3000 7260 7260
8979 CONNECTION 965 1098 300 3000 7260 7260
8980 CONNECTION 965 396 300 4080 8520 8520
8981 CONNECTION 965 768 300 4680 8640 8640
8982 CONNECTION 115 116 -1 -1 3000 3000
8983 CONNECTION 115 142 -1 -1 1680 1680
8984 CONNECTION 115 175 -1 -1 1980 1980
8985 CONNECTION 115 340 -1 -1 1980 1980
8986 CONNECTION 115 793 -1 -1 1680 1680
8987 CONNECTION 115 1042 -1 -1 1680 1680
8988 CONNECTION 115 366 -1 -1 3660 3660
8989 CONNECTION 115 1097 -1 -1 3540 3540
8990 CONNECTION 115 394 -1 -1 3480 3480
8991 CONNECTION 115 592 -1 -1 3780 3780
8992 CONNECTION 115 618 300 1080 5460 5460
8993 CONNECTION 115 636 300 1320 6600 6600
8994 CONNECTION 115 1064 300 1320 6600 6600
8995 CONNECTION 115 287 300 2100 5280 5280
8996 CONNECTION 115 421 300 2100 5280 5280
8997 CONNECTION 115 662 300 2100 5280 5280
8998 CONNECTION 115 695 300 2100 5580 5580
8999 CONNECTION 115 847 300 2100 5580 5580
9000 CONNECTION 115 98 300 2880 7260 7260
9001 CONNECTION 115 519 300 2880 7140 7140
9002 CONNECTION 115 74 300 3900 7380 7380
9003 CONNECTION 115 883 300 3900 7080 7080
9004 CONNECTION 115 368 300 4680 9060 9060
9005 SINK 115 2 -1 -1 300 300
9006 CONNECTION 69 70 -1 -1 1200 1200
9007 CONNECTION 69 96 -1 -1 2880 2880
9008 CONNECTION 69 116 -1 -1 4020 4020
9009 CONNECTION 69 924 -1 -1 4020 4020
9010 CONNECTION 69 142 -1 -1 2700 2700
9011 CONNECTION 69 175 -1 -1 3000 3000
9012 CONNECTION 69 340 -1 -1 3000 3000
9013 CONNECTION 69 793 -1 -1 2700 2700
9014 CONNECTION 69 1042 -1 -1 2700 2700
9015 CONNECTION 69 366 -1 -1 4680 4680
9016 CONNECTION 69 1097 -1 -1 4560 4560
9017 CONNECTION 69 394 300 1320 4500 4500
9018 CONNECTION 69 592 300 1320 4800 4800
9019 CONNECTION 69 618 300 2100 6480 6480
9020 CONNECTION 69 636 300 2340 7620 7620
9021 CONNECTION 69 1064 300 2340 7620 7620
9022 CONNECTION 69 287 300 3120 6300 6300
9023 CONNECTION 69 421 300 3120 6300 6300
9024 CONNECTION 69 662 300 3120 6300 6300
9025 CONNECTION 69 695 300 3120 6600 6600
9026 CONNECTION 69 847 300 3120 6600 6600
9027 CONNECTION 69 98 300 3900 8280 8280
9028 CONNECTION 69 519 300 3900 8160 8160
9029 SINK 69 2 -1 -1 300 300
9030 CONNECTION 659 845 -1 -1 3060 3060
9031 CONNECTION 659 72 -1 -1 4860 4860
9032 CONNECTION 659 15 300 1680 5940 5940
9033 CONNECTION 659 342 300 2040 6660 6660
9034 CONNECTION 659 594 300 3840 8460 8460
9035 CONNECTION 903 904 -1 -1 2880 2880
9036 CONNECTION 903 565 -1 -1 3720 3720
9037 CONNECTION 903 693 -1 -1 3240 3240
9038 CONNECTION 903 721 -1 -1 2100 2100
9039 CONNECTION 903 312 -1 -1 3840 3840
9040 CONNECTION 903 539 -1 -1 3540 3540
9041 CONNECTION 903 767 300 360 5520 5520
9042 CONNECTION 903 946 300 600 3900 3900
9043 CONNECTION 903 1044 300 1320 6480 6480
9044 CONNECTION 903 795 300 1440 4740 4740
9045 CONNECTION 903 445 300 1620 6060 6060
9046 CONNECTION 903 993 300 2160 7320 7320
9047 CONNECTION 903 177 300 2400 6840 6840
9048 CONNECTION 903 1102 300 2400 5700 5700
9049 CONNECTION 903 822 300 3180 7440 7440
9050 CONNECTION 903 16 300 3840 7140 7140
9051 CONNECTION 903 43 300 3960 9120 9120
9052 CONNECTION 903 1094 300 3960 9120 9120
9053 CONNECTION 903 205 300 4200 7500 7500
9054 CONNECTION 284 285 -1 -1 1020 1020
9055 CONNECTION 284 565 -1 -1 3600 3600
9056 CONNECTION 284 693 -1 -1 3120 3120
9057 CONNECTION 284 721 -1 -1 1980 1980
9058 CONNECTION 284 312 -1 -1 3720 3720
9059 CONNECTION 284 539 -1 -1 3420 3420
9060 CONNECTION 284 767 -1 -1 5400 5400
9061 CONNECTION 284 946 300 480 3780 3780
9062 CONNECTION 284 1044 300 1200 6360 6360
9063 CONNECTION 284 795 300 1320 4620 4620
9064 CONNECTION 284 445 300 1500 5940 5940
9065 CONNECTION 284 993 300 2040 7200 7200
9066 CONNECTION 284 177 300 2280 6720 6720
9067 CONNECTION 284 1102 300 2280 5580 5580
9068 CONNECTION 284 822 300 3060 7320 7320
9069 CONNECTION 284 16 300 3720 7020 7020
9070 CONNECTION 284 43 300 3840 9000 9000
9071 CONNECTION 284 1094 300 3840 9000 9000
9072 CONNECTION 284 205 300 4080 7380 7380
9073 CONNECTION 284 423 300 4800 9960 9960
9074 CONNECTION 252 253 -1 -1 2880 2880
9075 CONNECTION 252 904 -1 -1 3840 3840
9076 CONNECTION 252 285 -1 -1 2100 2100
9077 CONNECTION 252 1062 -1 -1 3420 3420
9078 CONNECTION 252 565 -1 -1 4680 4680
9079 CONNECTION 252 693 -1 -1 4200 4200
9080 CONNECTION 252 721 -1 -1 3060 3060
9081 CONNECTION 252 312 300 540 4800 4800
9082 CONNECTION 252 539 300 1200 4500 4500
9083 CONNECTION 252 767 300 1320 6480 6480
9084 CONNECTION 252 946 300 1560 4860 4860
9085 CONNECTION 252 1044 300 2280 7440 7440
9086 CONNECTION 252 795 300 2400 5700 5700
9087 CONNECTION 252 445 300 2580 7020 7020
9088 CONNECTION 252 993 300 3120 8280 8280
9089 CONNECTION 252 177 300 3360 7800 7800
9090 CONNECTION 252 1102 300 3360 6660 6660
9091 CONNECTION 252 822 300 4140 8400 8400
9092 CONNECTION 252 16 300 4800 8100 8100
9093 CONNECTION 310 311 -1 -1 1020 1020
9094 CONNECTION 310 766 -1 -1 1800 1800
9095 CONNECTION 310 518 -1 -1 3960 3960
9096 CONNECTION 310 722 -1 -1 3540 3540
9097 CONNECTION 310 500 -1 -1 4020 4020
9098 CONNECTION 310 117 -1 -1 4740 4740
9099 CONNECTION 310 992 -1 -1 3600 3600
9100 CONNECTION 310 540 300 420 5520 5520
9101 CONNECTION 310 176 300 540 3840 3840
9102 CONNECTION 310 947 300 780 5340 5340
9103 CONNECTION 310 744 300 1260 5820 5820
9104 CONNECTION 310 821 300 1320 4620 4620
9105 CONNECTION 310 905 300 1620 6900 6900
9106 CONNECTION 310 42 300 2100 5400 5400
9107 CONNECTION 310 1093 300 2100 5400 5400
9108 CONNECTION 310 967 300 2280 7560 7560
9109 CONNECTION 310 1103 300 2580 7140 7140
9110 CONNECTION 310 230 300 3060 7620 7620
9111 CONNECTION 310 637 300 3240 8340 8340
9112 CONNECTION 310 256 300 3900 7200 7200
9113 CONNECTION 310 17 300 4020 9120 9120
9114 CONNECTION 310 696 300 4140 7440 7440
9115 CONNECTION 310 206 300 4380 8940 8940
9116 CONNECTION 365 420 -1 -1 3720 3720
9117 CONNECTION 365 766 -1 -1 2220 2220
9118 CONNECTION 365 518 -1 -1 4380 4380
9119 CONNECTION 365 722 -1 -1 3960 3960
9120 CONNECTION 365 500 -1 -1 4440 4440
9121 CONNECTION 365 117 -1 -1 5160 5160
9122 CONNECTION 365 992 300 720 4020 4020
9123 CONNECTION 365 540 300 840 5940 5940
9124 CONNECTION 365 176 300 960 4260 4260
9125 CONNECTION 365 947 300 1200 5760 5760
9126 CONNECTION 365 744 300 1680 6240 6240
9127 CONNECTION 365 821 300 1740 5040 5040
9128 CONNECTION 365 905 300 2040 7320 7320
9129 CONNECTION 365 42 300 2520 5820 5820
9130 CONNECTION 365 1093 300 2520 5820 5820
9131 CONNECTION 365 967 300 2700 7980 7980
9132 CONNECTION 365 1103 300 3000 7560 7560
9133 CONNECTION 365 230 300 3480 8040 8040
9134 CONNECTION 365 637 300 3660 8760 8760
9135 CONNECTION 365 256 300 4320 7620 7620
9136 CONNECTION 365 17 300 4440 9540 9540
9137 CONNECTION 365 696 300 4560 7860 7860
9138 CONNECTION 365 206 300 4800 9360 9360
9139 CONNECTION 720 721 -1 -1 1020 1020
9140 CONNECTION 720 312 -1 -1 2760 2760
9141 CONNECTION 720 539 -1 -1 2460 2460
9142 CONNECTION 720 767 -1 -1 4440 4440
9143 CONNECTION 720 946 -1 -1 2820 2820
9144 CONNECTION 720 1044 -1 -1 5400 5400
9145 CONNECTION 720 795 300 360 3660 3660
9146 CONNECTION 720 445 300 540 4980 4980
9147 CONNECTION 720 993 300 1080 6240 6240
9148 CONNECTION 720 177 300 1320 5760 5760
9149 CONNECTION 720 1102 300 1320 4620 4620
9150 CONNECTION 720 822 300 2100 6360 6360
9151 CONNECTION 720 16 300 2760 6060 6060
9152 CONNECTION 720 43 300 2880 8040 8040
9153 CONNECTION 720 1094 300 2880 8040 8040
9154 CONNECTION 720 205 300 3120 6420 6420
9155 CONNECTION 720 423 300 3840 9000 9000
9156 CONNECTION 720 289 300 3960 7260 7260
9157 CONNECTION 720 926 300 4140 8580 8580
9158 CONNECTION 720 257 300 4680 9840 9840
9159 CONNECTION 844 40 -1 -1 2580 2580
9160 CONNECTION 844 1091 -1 -1 2580 2580
9161 CONNECTION 844 635 -1 -1 3000 3000
9162 CONNECTION 844 881 -1 -1 4260 4260
9163 CONNECTION 844 254 300 420 4380 4380
9164 CONNECTION 844 144 300 1620 6060 6060
9165 CONNECTION 844 566 300 2220 6180 6180
9166 CONNECTION 844 1019 300 2340 6600 6600
9167 CONNECTION 844 1098 300 2340 6600 6600
9168 CONNECTION 844 396 300 3420 7860 7860
9169 CONNECTION 844 768 300 4020 7980 7980
9170 CONNECTION 1096 1097 -1 -1 2100 2100
9171 CONNECTION 1096 394 -1 -1 2040 2040
9172 CONNECTION 1096 592 -1 -1 2340 2340
9173 CONNECTION 1096 618 -1 -1 4020 4020
9174 CONNECTION 1096 636 -1 -1 5160 5160
9175 CONNECTION 1096 1064 -1 -1 5160 5160
9176 CONNECTION 1096 287 300 660 3840 3840
9177 CONNECTION 1096 421 300 660 3840 3840
9178 CONNECTION 1096 662 300 660 3840 3840
9179 CONNECTION 1096 695 300 660 4140 4140
9180 CONNECTION 1096 847 300 660 4140 4140
9181 CONNECTION 1096 98 300 1440 5820 5820
9182 CONNECTION 1096 519 300 1440 5700 5700
9183 CONNECTION 1096 74 300 2460 5940 5940
9184 CONNECTION 1096 883 300 2460 5640 5640
9185 CONNECTION 1096 368 300 3240 7620 7620
9186 CONNECTION 1096 447 300 3480 8760 8760
9187 CONNECTION 1096 1020 300 3480 8760 8760
9188 CONNECTION 1096 1099 300 3480 8760 8760
9189 CONNECTION 1096 146 300 4260 7440 7440
9190 CONNECTION 1096 179 300 4260 7740 7740
9191 CONNECTION 1096 344 300 4260 7740 7740
9192 CONNECTION 1096 797 300 4260 7440 7440
9193 CONNECTION 1096 906 300 4260 7440 7440
9194 SINK 1096 2 -1 -1 300 300
9195 CONNECTION 819 845 -1 -1 3000 3000
9196 CONNECTION 819 72 -1 -1 4800 4800
9197 CONNECTION 819 15 300 1620 5880 5880
9198 CONNECTION 819 342 300 1980 6600 6600
9199 CONNECTION 819 594 300 3780 8400 8400
9200 CONNECTION 202 203 -1 -1 1680 1680
9201 CONNECTION 202 743 -1 -1 2580 2580
9202 CONNECTION 202 97 -1 -1 3240 3240
9203 CONNECTION 202 471 -1 -1 3480 3480
9204 CONNECTION 202 41 -1 -1 4440 4440
9205 CONNECTION 202 1092 -1 -1 4440 4440
9206 CONNECTION 202 229 -1 -1 4380 4380
9207 CONNECTION 202 367 300 480 5040 5040
9208 CONNECTION 202 723 300 1320 5280 5280
9209 CONNECTION 202 255 300 1680 6240 6240
9210 CONNECTION 202 501 300 1800 6180 6180
9211 CONNECTION 202 619 300 2280 6840 6840
9212 CONNECTION 202 948 300 3120 7080 7080
9213 CONNECTION 202 567 300 3480 8040 8040
9214 CONNECTION 202 745 300 3600 7980 7980
9215 CONNECTION 202 99 300 4080 8640 8640
9216 CONNECTION 70 71 -1 -1 2220 2220
9217 CONNECTION 70 393 -1 -1 2400 2400
9218 CONNECTION 70 341 -1 -1 4020 4020
9219 CONNECTION 70 286 300 720 4200 4200
9220 CONNECTION 70 661 300 720 4200 4200
9221 CONNECTION 70 593 300 1380 5820 5820
9222 CONNECTION 70 882 300 2520 6000 6000
9223 CONNECTION 70 848 300 3180 7620 7620
9224 CONNECTION 70 145 300 4320 7800 7800
9225 CONNECTION 70 796 300 4320 7800 7800
9226 CONNECTION 879 880 -1 -1 2340 2340
9227 CONNECTION 879 143 -1 -1 4140 4140
9228 CONNECTION 879 591 -1 -1 2700 2700
9229 CONNECTION 879 1043 -1 -1 3960 3960
9230 CONNECTION 879 794 -1 -1 4080 4080
9231 CONNECTION 879 1063 300 540 3720 3720
9232 CONNECTION 879 395 300 1320 5940 5940
9233 CONNECTION 879 694 300 1320 4500 4500
9234 CONNECTION 879 846 300 1320 4500 4500
9235 CONNECTION 879 73 300 3120 6300 6300
9236 CONNECTION 879 422 300 3120 7560 7560
9237 CONNECTION 879 663 300 3120 7740 7740
9238 CONNECTION 879 288 300 3240 7680 7680
9239 CONNECTION 879 446 300 4140 7320 7320
9240 CONNECTION 392 393 -1 -1 1320 1320
9241 CONNECTION 392 341 -1 -1 2940 2940
9242 CONNECTION 392 286 -1 -1 3120 3120
9243 CONNECTION 392 661 -1 -1 3120 3120
9244 CONNECTION 392 593 -1 -1 4740 4740
9245 CONNECTION 392 882 300 1440 4920 4920
9246 CONNECTION 392 848 300 2100 6540 6540
9247 CONNECTION 392 145 300 3240 6720 6720
9248 CONNECTION 392 796 300 3240 6720 6720
9249 CONNECTION 392 75 300 3900 8340 8340
9250 CONNECTION 923 924 -1 -1 3000 3000
9251 CONNECTION 923 142 -1 -1 1680 1680
9252 CONNECTION 923 175 -1 -1 1980 1980
9253 CONNECTION 923 340 -1 -1 1980 1980
9254 CONNECTION 923 793 -1 -1 1680 1680
9255 CONNECTION 923 1042 -1 -1 1680 1680
9256 CONNECTION 923 366 -1 -1 3660 3660
9257 CONNECTION 923 1097 -1 -1 3540 3540
9258 CONNECTION 923 394 -1 -1 3480 3480
9259 CONNECTION 923 592 -1 -1 3780 3780
9260 CONNECTION 923 618 300 1080 5460 5460
9261 CONNECTION 923 636 300 1320 6600 6600
9262 CONNECTION 923 1064 300 1320 6600 6600
9263 CONNECTION 923 287 300 2100 5280 5280
9264 CONNECTION 923 421 300 2100 5280 5280
9265 CONNECTION 923 662 300 2100 5280 5280
9266 CONNECTION 923 695 300 2100 5580 5580
9267 CONNECTION 923 847 300 2100 5580 5580
9268 CONNECTION 923 98 300 2880 7260 7260
9269 CONNECTION 923 519 300 2880 7140 7140
9270 CONNECTION 923 74 300 3900 7380 7380
9271 CONNECTION 923 883 300 3900 7080 7080
9272 CONNECTION 923 368 300 4680 9060 9060
9273 SINK 923 2 -1 -1 300 300
9274 CONNECTION 13 14 -1 -1 2820 2820
9275 CONNECTION 13 228 -1 -1 3120 3120
9276 CONNECTION 13 311 -1 -1 1920 1920
9277 CONNECTION 13 420 -1 -1 4200 4200
9278 CONNECTION 13 766 -1 -1 2700 2700
9279 CONNECTION 13 518 -1 -1 4860 4860
9280 CONNECTION 13 722 -1 -1 4440 4440
9281 CONNECTION 13 500 300 360 4920 4920
9282 CONNECTION 13 117 300 540 5640 5640
9283 CONNECTION 13 992 300 1200 4500 4500
9284 CONNECTION 13 540 300 1320 6420 6420
9285 CONNECTION 13 176 300 1440 4740 4740
9286 CONNECTION 13 947 300 1680 6240 6240
9287 CONNECTION 13 744 300 2160 6720 6720
9288 CONNECTION 13 821 300 2220 5520 5520
9289 CONNECTION 13 905 300 2520 7800 7800
9290 CONNECTION 13 42 300 3000 6300 6300
9291 CONNECTION 13 1093 300 3000 6300 6300
9292 CONNECTION 13 967 300 3180 8460 8460
9293 CONNECTION 13 1103 300 3480 8040 8040
9294 CONNECTION 13 230 300 3960 8520 8520
9295 CONNECTION 13 637 300 4140 9240 9240
9296 CONNECTION 13 256 300 4800 8100 8100
9297 CONNECTION 517 518 -1 -1 3000 3000
9298 CONNECTION 517 500 -1 -1 3060 3060
9299 CONNECTION 517 117 -1 -1 3780 3780
9300 CONNECTION 517 992 -1 -1 2640 2640
9301 CONNECTION 517 540 -1 -1 4560 4560
9302 CONNECTION 517 176 -1 -1 2880 2880
9303 CONNECTION 517 947 -1 -1 4380 4380
9304 CONNECTION 517 744 -1 -1 4860 4860
9305 CONNECTION 517 821 300 360 3660 3660
9306 CONNECTION 517 905 300 660 5940 5940
9307 CONNECTION 517 42 300 1140 4440 4440
9308 CONNECTION 517 1093 300 1140 4440 4440
9309 CONNECTION 517 967 300 1320 6600 6600
9310 CONNECTION 517 1103 300 1620 6180 6180
9311 CONNECTION 517 230 300 2100 6660 6660
9312 CONNECTION 517 637 300 2280 7380 7380
9313 CONNECTION 517 256 300 2940 6240 6240
9314 CONNECTION 517 17 300 3060 8160 8160
9315 CONNECTION 517 696 300 3180 6480 6480
9316 CONNECTION 517 206 300 3420 7980 7980
9317 CONNECTION 517 502 300 3900 8460 8460
9318 CONNECTION 517 314 300 3960 7260 7260
9319 CONNECTION 517 1045 300 4260 9540 9540
9320 CONNECTION 517 568 300 4740 8040 8040
9321 CONNECTION 742 743 -1 -1 2100 2100
9322 CONNECTION 742 97 -1 -1 2760 2760
9323 CONNECTION 742 471 -1 -1 3000 3000
9324 CONNECTION 742 41 -1 -1 3960 3960
9325 CONNECTION 742 1092 -1 -1 3960 3960
9326 CONNECTION 742 229 -1 -1 3900 3900
9327 CONNECTION 742 367 -1 -1 4560 4560
9328 CONNECTION 742 723 300 840 4800 4800
9329 CONNECTION 742 255 300 1200 5760 5760
9330 CONNECTION 742 501 300 1320 5700 5700
9331 CONNECTION 742 619 300 1800 6360 6360
9332 CONNECTION 742 948 300 2640 6600 6600
9333 CONNECTION 742 567 300 3000 7560 7560
9334 CONNECTION 742 745 300 3120 7500 7500
9335 CONNECTION 742 99 300 3600 8160 8160
9336 CONNECTION 742 1104 300 4440 8400 8400
9337 CONNECTION 742 769 300 4800 9360 9360
9338 CONNECTION 1090 40 -1 -1 2280 2280
9339 CONNECTION 1090 1091 -1 -1 2280 2280
9340 CONNECTION 1090 635 -1 -1 2700 2700
9341 CONNECTION 1090 881 -1 -1 3960 3960
9342 CONNECTION 1090 254 -1 -1 4080 4080
9343 CONNECTION 1090 144 300 1320 5760 5760
9344 CONNECTION 1090 566 300 1920 5880 5880
9345 CONNECTION 1090 1019 300 2040 6300 6300
9346 CONNECTION 1090 1098 300 2040 6300 6300
9347 CONNECTION 1090 396 300 3120 7560 7560
9348 CONNECTION 1090 768 300 3720 7680 7680
9349 CONNECTION 253 204 -1 -1 4560 4560
9350 CONNECTION 253 925 300 420 5580 5580
9351 CONNECTION 253 472 300 1200 6360 6360
9352 CONNECTION 253 724 300 3000 8160 8160
9353 CONNECTION 253 1065 300 4020 9180 9180
9354 CONNECTION 253 949 300 4800 9960 9960
9355 CONNECTION 590 591 -1 -1 900 900
9356 CONNECTION 590 1063 -1 -1 1920 1920
9357 CONNECTION 590 395 -1 -1 4140 4140
9358 CONNECTION 590 694 -1 -1 2700 2700
9359 CONNECTION 590 846 -1 -1 2700 2700
9360 CONNECTION 590 73 300 1320 4500 4500
9361 CONNECTION 590 422 300 1320 5760 5760
9362 CONNECTION 590 663 300 1320 5940 5940
9363 CONNECTION 590 288 300 1440 5880 5880
9364 CONNECTION 590 446 300 2340 5520 5520
9365 CONNECTION 590 178 300 3120 6300 6300
9366 CONNECTION 590 343 300 3120 6300 6300
9367 CONNECTION 590 884 300 3120 7740 7740
9368 CONNECTION 1018 966 -1 -1 3420 3420
9369 CONNECTION 1018 313 300 960 6060 6060
9370 CONNECTION 1018 1109 300 1920 7020 7020
9371 CONNECTION 1018 823 300 4560 9660 9660
9372 CONNECTION 1086 966 -1 -1 3420 3420
9373 CONNECTION 1086 313 300 960 6060 6060
9374 CONNECTION 1086 1109 300 1920 7020 7020
9375 CONNECTION 1086 823 300 4560 9660 9660
9376 CONNECTION 469 470 -1 -1 2280 2280
9377 CONNECTION 469 228 -1 -1 2760 2760
9378 CONNECTION 469 311 -1 -1 1560 1560
9379 CONNECTION 469 420 -1 -1 3840 3840
9380 CONNECTION 469 766 -1 -1 2340 2340
9381 CONNECTION 469 518 -1 -1 4500 4500
9382 CONNECTION 469 722 -1 -1 4080 4080
9383 CONNECTION 469 500 -1 -1 4560 4560
9384 CONNECTION 469 117 -1 -1 5280 5280
9385 CONNECTION 469 992 300 840 4140 4140
9386 CONNECTION 469 540 300 960 6060 6060
9387 CONNECTION 469 176 300 1080 4380 4380
9388 CONNECTION 469 947 300 1320 5880 5880
9389 CONNECTION 469 744 300 1800 6360 6360
9390 CONNECTION 469 821 300 1860 5160 5160
9391 CONNECTION 469 905 300 2160 7440 7440
9392 CONNECTION 469 42 300 2640 5940 5940
9393 CONNECTION 469 1093 300 2640 5940 5940
9394 CONNECTION 469 967 300 2820 8100 8100
9395 CONNECTION 469 1103 300 3120 7680 7680
9396 CONNECTION 469 230 300 3600 8160 8160
9397 CONNECTION 469 637 300 3780 8880 8880
9398 CONNECTION 469 256 300 4440 7740 7740
9399 CONNECTION 469 17 300 4560 9660 9660
9400 CONNECTION 469 696 300 4680 7980 7980
9401 CONNECTION 141 142 -1 -1 900 900
9402 CONNECTION 141 366 -1 -1 2880 2880
9403 CONNECTION 141 1097 -1 -1 2760 2760
9404 CONNECTION 141 394 -1 -1 2700 2700
9405 CONNECTION 141 592 -1 -1 3000 3000
9406 CONNECTION 141 618 -1 -1 4680 4680
9407 CONNECTION 141 636 300 540 5820 5820
9408 CONNECTION 141 1064 300 540 5820 5820
9409 CONNECTION 141 287 300 1320 4500 4500
9410 CONNECTION 141 421 300 1320 4500 4500
9411 CONNECTION 141 662 300 1320 4500 4500
9412 CONNECTION 141 695 300 1320 4800 4800
9413 CONNECTION 141 847 300 1320 4800 4800
9414 CONNECTION 141 98 300 2100 6480 6480
9415 CONNECTION 141 519 300 2100 6360 6360
9416 CONNECTION 141 74 300 3120 6600 6600
9417 CONNECTION 141 883 300 3120 6300 6300
9418 CONNECTION 141 368 300 3900 8280 8280
9419 CONNECTION 141 447 300 4140 9420 9420
9420 CONNECTION 141 1020 300 4140 9420 9420
9421 CONNECTION 141 1099 300 4140 9420 9420
9422 SINK 141 2 -1 -1 300 300
9423 CONNECTION 765 766 -1 -1 1020 1020
9424 CONNECTION 765 722 -1 -1 2760 2760
9425 CONNECTION 765 500 -1 -1 3240 3240
9426 CONNECTION 765 117 -1 -1 3960 3960
9427 CONNECTION 765 992 -1 -1 2820 2820
9428 CONNECTION 765 540 -1 -1 4740 4740
9429 CONNECTION 765 176 -1 -1 3060 3060
9430 CONNECTION 765 947 -1 -1 4560 4560
9431 CONNECTION 765 744 300 480 5040 5040
9432 CONNECTION 765 821 300 540 3840 3840
9433 CONNECTION 765 905 300 840 6120 6120
9434 CONNECTION 765 42 300 1320 4620 4620
9435 CONNECTION 765 1093 300 1320 4620 4620
9436 CONNECTION 765 967 300 1500 6780 6780
9437 CONNECTION 765 1103 300 1800 6360 6360
9438 CONNECTION 765 230 300 2280 6840 6840
9439 CONNECTION 765 637 300 2460 7560 7560
9440 CONNECTION 765 256 300 3120 6420 6420
9441 CONNECTION 765 17 300 3240 8340 8340
9442 CONNECTION 765 696 300 3360 6660 6660
9443 CONNECTION 765 206 300 3600 8160 8160
9444 CONNECTION 765 502 300 4080 8640 8640
9445 CONNECTION 765 314 300 4140 7440 7440
9446 CONNECTION 765 1045 300 4440 9720 9720
9447 CONNECTION 792 793 -1 -1 900 900
9448 CONNECTION 792 366 -1 -1 2880 2880
9449 CONNECTION 792 1097 -1 -1 2760 2760
9450 CONNECTION 792 394 -1 -1 2700 2700
9451 CONNECTION 792 592 -1 -1 3000 3000
9452 CONNECTION 792 618 -1 -1 4680 4680
9453 CONNECTION 792 636 300 540 5820 5820
9454 CONNECTION 792 1064 300 540 5820 5820
9455 CONNECTION 792 287 300 1320 4500 4500
9456 CONNECTION 792 421 300 1320 4500 4500
9457 CONNECTION 792 662 300 1320 4500 4500
9458 CONNECTION 792 695 300 1320 4800 4800
9459 CONNECTION 792 847 300 1320 4800 4800
9460 CONNECTION 792 98 300 2100 6480 6480
9461 CONNECTION 792 519 300 2100 6360 6360
9462 CONNECTION 792 74 300 3120 6600 6600
9463 CONNECTION 792 883 300 3120 6300 6300
9464 CONNECTION 792 368 300 3900 8280 8280
9465 CONNECTION 792 447 300 4140 9420 9420
9466 CONNECTION 792 1020 300 4140 9420 9420
9467 CONNECTION 792 1099 300 4140 9420 9420
9468 SINK 792 2 -1 -1 300 300
9469 CONNECTION 499 394 -1 -1 1680 1680
9470 CONNECTION 499 592 -1 -1 1980 1980
9471 CONNECTION 499 618 -1 -1 3660 3660
9472 CONNECTION 499 636 -1 -1 4800 4800
9473 CONNECTION 499 1064 -1 -1 4800 4800
9474 CONNECTION 499 287 -1 -1 3480 3480
9475 CONNECTION 499 421 -1 -1 3480 3480
9476 CONNECTION 499 662 -1 -1 3480 3480
9477 CONNECTION 499 695 -1 -1 3780 3780
9478 CONNECTION 499 847 -1 -1 3780 3780
9479 CONNECTION 499 98 300 1080 5460 5460
9480 CONNECTION 499 519 300 1080 5340 5340
9481 CONNECTION 499 74 300 2100 5580 5580
9482 CONNECTION 499 883 300 2100 5280 5280
9483 CONNECTION 499 368 300 2880 7260 7260
9484 CONNECTION 499 447 300 3120 8400 8400
9485 CONNECTION 499 1020 300 3120 8400 8400
9486 CONNECTION 499 1099 300 3120 8400 8400
9487 CONNECTION 499 146 300 3900 7080 7080
9488 CONNECTION 499 179 300 3900 7380 7380
9489 CONNECTION 499 344 300 3900 7380 7380
9490 CONNECTION 499 797 300 3900 7080 7080
9491 CONNECTION 499 906 300 3900 7080 7080
9492 CONNECTION 499 620 300 4680 9060 9060
9493 CONNECTION 499 968 300 4680 8940 8940
9494 SINK 499 2 -1 -1 300 300
9495 CONNECTION 990 991 -1 -1 2280 2280
9496 CONNECTION 990 97 -1 -1 2880 2880
9497 CONNECTION 990 471 -1 -1 3120 3120
9498 CONNECTION 990 41 -1 -1 4080 4080
9499 CONNECTION 990 1092 -1 -1 4080 4080
9500 CONNECTION 990 229 -1 -1 4020 4020
9501 CONNECTION 990 367 -1 -1 4680 4680
9502 CONNECTION 990 723 300 960 4920 4920
9503 CONNECTION 990 255 300 1320 5880 5880
9504 CONNECTION 990 501 300 1440 5820 5820
9505 CONNECTION 990 619 300 1920 6480 6480
9506 CONNECTION 990 948 300 2760 6720 6720
9507 CONNECTION 990 567 300 3120 7680 7680
9508 CONNECTION 990 745 300 3240 7620 7620
9509 CONNECTION 990 99 300 3720 8280 8280
9510 CONNECTION 990 1104 300 4560 8520 8520
9511 CONNECTION 96 97 -1 -1 2400 2400
9512 CONNECTION 96 471 -1 -1 2640 2640
9513 CONNECTION 96 41 -1 -1 3600 3600
9514 CONNECTION 96 1092 -1 -1 3600 3600
9515 CONNECTION 96 229 -1 -1 3540 3540
9516 CONNECTION 96 367 -1 -1 4200 4200
9517 CONNECTION 96 723 300 480 4440 4440
9518 CONNECTION 96 255 300 840 5400 5400
9519 CONNECTION 96 501 300 960 5340 5340
9520 CONNECTION 96 619 300 1440 6000 6000
9521 CONNECTION 96 948 300 2280 6240 6240
9522 CONNECTION 96 567 300 2640 7200 7200
9523 CONNECTION 96 745 300 2760 7140 7140
9524 CONNECTION 96 99 300 3240 7800 7800
9525 CONNECTION 96 1104 300 4080 8040 8040
9526 CONNECTION 96 769 300 4440 9000 9000
9527 CONNECTION 96 231 300 4560 8940 8940
9528 CONNECTION 174 175 -1 -1 1200 1200
9529 CONNECTION 174 366 -1 -1 2880 2880
9530 CONNECTION 174 1097 -1 -1 2760 2760
9531 CONNECTION 174 394 -1 -1 2700 2700
9532 CONNECTION 174 592 -1 -1 3000 3000
9533 CONNECTION 174 618 -1 -1 4680 4680
9534 CONNECTION 174 636 300 540 5820 5820
9535 CONNECTION 174 1064 300 540 5820 5820
9536 CONNECTION 174 287 300 1320 4500 4500
9537 CONNECTION 174 421 300 1320 4500 4500
9538 CONNECTION 174 662 300 1320 4500 4500
9539 CONNECTION 174 695 300 1320 4800 4800
9540 CONNECTION 174 847 300 1320 4800 4800
9541 CONNECTION 174 98 300 2100 6480 6480
9542 CONNECTION 174 519 300 2100 6360 6360
9543 CONNECTION 174 74 300 3120 6600 6600
9544 CONNECTION 174 883 300 3120 6300 6300
9545 CONNECTION 174 368 300 3900 8280 8280
9546 CONNECTION 174 447 300 4140 9420 9420
9547 CONNECTION 174 1020 300 4140 9420 9420
9548 CONNECTION 174 1099 300 4140 9420 9420
9549 SINK 174 2 -1 -1 300 300
9550 CONNECTION 339 340 -1 -1 1200 1200
9551 CONNECTION 339 366 -1 -1 2880 2880
9552 CONNECTION 339 1097 -1 -1 2760 2760
9553 CONNECTION 339 394 -1 -1 2700 2700
9554 CONNECTION 339 592 -1 -1 3000 3000
9555 CONNECTION 339 618 -1 -1 4680 4680
9556 CONNECTION 339 636 300 540 5820 5820
9557 CONNECTION 339 1064 300 540 5820 5820
9558 CONNECTION 339 287 300 1320 4500 4500
9559 CONNECTION 339 421 300 1320 4500 4500
9560 CONNECTION 339 662 300 1320 4500 4500
9561 CONNECTION 339 695 300 1320 4800 4800
9562 CONNECTION 339 847 300 1320 4800 4800
9563 CONNECTION 339 98 300 2100 6480 6480
9564 CONNECTION 339 519 300 2100 6360 6360
9565 CONNECTION 339 74 300 3120 6600 6600
9566 CONNECTION 339 883 300 3120 6300 6300
9567 CONNECTION 339 368 300 3900 8280 8280
9568 CONNECTION 339 447 300 4140 9420 9420
9569 CONNECTION 339 1020 300 4140 9420 9420
9570 CONNECTION 339 1099 300 4140 9420 9420
9571 SINK 339 2 -1 -1 300 300
9572 CONNECTION 880 72 -1 -1 3060 3060
9573 CONNECTION 880 15 -1 -1 4140 4140
9574 CONNECTION 880 342 -1 -1 4860 4860
9575 CONNECTION 880 594 300 2040 6660 6660
9576 CONNECTION 880 541 300 3480 7740 7740
9577 CONNECTION 880 849 300 3840 8460 8460
9578 CONNECTION 116 117 -1 -1 2820 2820
9579 CONNECTION 116 992 -1 -1 1680 1680
9580 CONNECTION 116 540 -1 -1 3600 3600
9581 CONNECTION 116 176 -1 -1 1920 1920
9582 CONNECTION 116 947 -1 -1 3420 3420
9583 CONNECTION 116 744 -1 -1 3900 3900
9584 CONNECTION 116 821 -1 -1 2700 2700
9585 CONNECTION 116 905 -1 -1 4980 4980
9586 CONNECTION 116 42 -1 -1 3480 3480
9587 CONNECTION 116 1093 -1 -1 3480 3480
9588 CONNECTION 116 967 300 360 5640 5640
9589 CONNECTION 116 1103 300 660 5220 5220
9590 CONNECTION 116 230 300 1140 5700 5700
9591 CONNECTION 116 637 300 1320 6420 6420
9592 CONNECTION 116 256 300 1980 5280 5280
9593 CONNECTION 116 17 300 2100 7200 7200
9594 CONNECTION 116 696 300 2220 5520 5520
9595 CONNECTION 116 206 300 2460 7020 7020
9596 CONNECTION 116 502 300 2940 7500 7500
9597 CONNECTION 116 314 300 3000 6300 6300
9598 CONNECTION 116 1045 300 3300 8580 8580
9599 CONNECTION 116 568 300 3780 7080 7080
9600 CONNECTION 116 1110 300 3960 9240 9240
9601 CONNECTION 116 474 300 4260 8820 8820
9602 CONNECTION 116 746 300 4740 9300 9300
9603 CONNECTION 924 992 -1 -1 1680 1680
9604 CONNECTION 924 540 -1 -1 3600 3600
9605 CONNECTION 924 176 -1 -1 1920 1920
9606 CONNECTION 924 947 -1 -1 3420 3420
9607 CONNECTION 924 744 -1 -1 3900 3900
9608 CONNECTION 924 821 -1 -1 2700 2700
9609 CONNECTION 924 905 -1 -1 4980 4980
9610 CONNECTION 924 42 -1 -1 3480 3480
9611 CONNECTION 924 1093 -1 -1 3480 3480
9612 CONNECTION 924 967 300 360 5640 5640
9613 CONNECTION 924 1103 300 660 5220 5220
9614 CONNECTION 924 230 300 1140 5700 5700
9615 CONNECTION 924 637 300 1320 6420 6420
9616 CONNECTION 924 256 300 1980 5280 5280
9617 CONNECTION 924 17 300 2100 7200 7200
9618 CONNECTION 924 696 300 2220 5520 5520
9619 CONNECTION 924 206 300 2460 7020 7020
9620 CONNECTION 924 502 300 2940 7500 7500
9621 CONNECTION 924 314 300 3000 6300 6300
9622 CONNECTION 924 1045 300 3300 8580 8580
9623 CONNECTION 924 568 300 3780 7080 7080
9624 CONNECTION 924 1110 300 3960 9240 9240
9625 CONNECTION 924 474 300 4260 8820 8820
9626 CONNECTION 924 746 300 4740 9300 9300
9627 CONNECTION 564 565 -1 -1 2880 2880
9628 CONNECTION 564 312 -1 -1 3000 3000
9629 CONNECTION 564 539 -1 -1 2700 2700
9630 CONNECTION 564 767 -1 -1 4680 4680
9631 CONNECTION 564 946 -1 -1 3060 3060
9632 CONNECTION 564 1044 300 480 5640 5640
9633 CONNECTION 564 795 300 600 3900 3900
9634 CONNECTION 564 445 300 780 5220 5220
9635 CONNECTION 564 993 300 1320 6480 6480
9636 CONNECTION 564 177 300 1560 6000 6000
9637 CONNECTION 564 1102 300 1560 4860 4860
9638 CONNECTION 564 822 300 2340 6600 6600
9639 CONNECTION 564 16 300 3000 6300 6300
9640 CONNECTION 564 43 300 3120 8280 8280
9641 CONNECTION 564 1094 300 3120 8280 8280
9642 CONNECTION 564 205 300 3360 6660 6660
9643 CONNECTION 564 423 300 4080 9240 9240
9644 CONNECTION 564 289 300 4200 7500 7500
9645 CONNECTION 564 926 300 4380 8820 8820
9646 CONNECTION 14 313 -1 -1 5280 5280
9647 CONNECTION 14 1109 300 1140 6240 6240
9648 CONNECTION 14 823 300 3780 8880 8880
9649 CONNECTION 14 520 300 4740 9840 9840
9650 CONNECTION 617 117 -1 -1 3360 3360
9651 CONNECTION 617 992 -1 -1 2220 2220
9652 CONNECTION 617 540 -1 -1 4140 4140
9653 CONNECTION 617 176 -1 -1 2460 2460
9654 CONNECTION 617 947 -1 -1 3960 3960
9655 CONNECTION 617 744 -1 -1 4440 4440
9656 CONNECTION 617 821 -1 -1 3240 3240
9657 CONNECTION 617 905 -1 -1 5520 5520
9658 CONNECTION 617 42 300 720 4020 4020
9659 CONNECTION 617 1093 300 720 4020 4020
9660 CONNECTION 617 967 300 900 6180 6180
9661 CONNECTION 617 1103 300 1200 5760 5760
9662 CONNECTION 617 230 300 1680 6240 6240
9663 CONNECTION 617 637 300 1860 6960 6960
9664 CONNECTION 617 256 300 2520 5820 5820
9665 CONNECTION 617 17 300 2640 7740 7740
9666 CONNECTION 617 696 300 2760 6060 6060
9667 CONNECTION 617 206 300 3000 7560 7560
9668 CONNECTION 617 502 300 3480 8040 8040
9669 CONNECTION 617 314 300 3540 6840 6840
9670 CONNECTION 617 1045 300 3840 9120 9120
9671 CONNECTION 617 568 300 4320 7620 7620
9672 CONNECTION 617 1110 300 4500 9780 9780
9673 CONNECTION 617 474 300 4800 9360 9360
9674 CONNECTION 71 254 -1 -1 2580 2580
9675 CONNECTION 71 144 -1 -1 4260 4260
9676 CONNECTION 71 566 300 420 4380 4380
9677 CONNECTION 71 1019 300 540 4800 4800
9678 CONNECTION 71 1098 300 540 4800 4800
9679 CONNECTION 71 396 300 1620 6060 6060
9680 CONNECTION 71 768 300 2220 6180 6180
9681 CONNECTION 71 664 300 3420 7860 7860
9682 CONNECTION 71 994 300 4020 7980 7980
9683 CONNECTION 71 118 300 4140 8400 8400
9684 CONNECTION 904 204 -1 -1 3600 3600
9685 CONNECTION 904 925 -1 -1 4620 4620
9686 CONNECTION 904 472 -1 -1 5400 5400
9687 CONNECTION 904 724 300 2040 7200 7200
9688 CONNECTION 904 1065 300 3060 8220 8220
9689 CONNECTION 904 949 300 3840 9000 9000
9690 CONNECTION 945 946 -1 -1 1020 1020
9691 CONNECTION 945 1044 -1 -1 3600 3600
9692 CONNECTION 945 795 -1 -1 1860 1860
9693 CONNECTION 945 445 -1 -1 3180 3180
9694 CONNECTION 945 993 -1 -1 4440 4440
9695 CONNECTION 945 177 -1 -1 3960 3960
9696 CONNECTION 945 1102 -1 -1 2820 2820
9697 CONNECTION 945 822 -1 -1 4560 4560
9698 CONNECTION 945 16 300 960 4260 4260
9699 CONNECTION 945 43 300 1080 6240 6240
9700 CONNECTION 945 1094 300 1080 6240 6240
9701 CONNECTION 945 205 300 1320 4620 4620
9702 CONNECTION 945 423 300 2040 7200 7200
9703 CONNECTION 945 289 300 2160 5460 5460
9704 CONNECTION 945 926 300 2340 6780 6780
9705 CONNECTION 945 257 300 2880 8040 8040
9706 CONNECTION 945 473 300 3120 6420 6420
9707 CONNECTION 945 697 300 3120 7560 7560
9708 CONNECTION 945 315 300 3900 8160 8160
9709 CONNECTION 945 542 300 4560 7860 7860
9710 CONNECTION 945 569 300 4680 9840 9840
9711 CONNECTION 692 693 -1 -1 2160 2160
9712 CONNECTION 692 312 -1 -1 2760 2760
9713 CONNECTION 692 539 -1 -1 2460 2460
9714 CONNECTION 692 767 -1 -1 4440 4440
9715 CONNECTION 692 946 -1 -1 2820 2820
9716 CONNECTION 692 1044 -1 -1 5400 5400
9717 CONNECTION 692 795 300 360 3660 3660
9718 CONNECTION 692 445 300 540 4980 4980
9719 CONNECTION 692 993 300 1080 6240 6240
9720 CONNECTION 692 177 300 1320 5760 5760
9721 CONNECTION 692 1102 300 1320 4620 4620
9722 CONNECTION 692 822 300 2100 6360 6360
9723 CONNECTION 692 16 300 2760 6060 6060
9724 CONNECTION 692 43 300 2880 8040 8040
9725 CONNECTION 692 1094 300 2880 8040 8040
9726 CONNECTION 692 205 300 3120 6420 6420
9727 CONNECTION 692 423 300 3840 9000 9000
9728 CONNECTION 692 289 300 3960 7260 7260
9729 CONNECTION 692 926 300 4140 8580 8580
9730 CONNECTION 692 257 300 4680 9840 9840
9731 CONNECTION 285 766 -1 -1 1500 1500
9732 CONNECTION 285 518 -1 -1 3660 3660
9733 CONNECTION 285 722 -1 -1 3240 3240
9734 CONNECTION 285 500 -1 -1 3720 3720
9735 CONNECTION 285 117 -1 -1 4440 4440
9736 CONNECTION 285 992 -1 -1 3300 3300
9737 CONNECTION 285 540 -1 -1 5220 5220
9738 CONNECTION 285 176 -1 -1 3540 3540
9739 CONNECTION 285 947 300 480 5040 5040
9740 CONNECTION 285 744 300 960 5520 5520
9741 CONNECTION 285 821 300 1020 4320 4320
9742 CONNECTION 285 905 300 1320 6600 6600
9743 CONNECTION 285 42 300 1800 5100 5100
9744 CONNECTION 285 1093 300 1800 5100 5100
9745 CONNECTION 285 967 300 1980 7260 7260
9746 CONNECTION 285 1103 300 2280 6840 6840
9747 CONNECTION 285 230 300 2760 7320 7320
9748 CONNECTION 285 637 300 2940 8040 8040
9749 CONNECTION 285 256 300 3600 6900 6900
9750 CONNECTION 285 17 300 3720 8820 8820
9751 CONNECTION 285 696 300 3840 7140 7140
9752 CONNECTION 285 206 300 4080 8640 8640
9753 CONNECTION 285 502 300 4560 9120 9120
9754 CONNECTION 285 314 300 4620 7920 7920
9755 CONNECTION 470 471 -1 -1 1680 1680
9756 CONNECTION 470 229 -1 -1 2580 2580
9757 CONNECTION 470 367 -1 -1 3240 3240
9758 CONNECTION 470 723 -1 -1 3480 3480
9759 CONNECTION 470 255 -1 -1 4440 4440
9760 CONNECTION 470 501 -1 -1 4380 4380
9761 CONNECTION 470 619 300 480 5040 5040
9762 CONNECTION 470 948 300 1320 5280 5280
9763 CONNECTION 470 567 300 1680 6240 6240
9764 CONNECTION 470 745 300 1800 6180 6180
9765 CONNECTION 470 99 300 2280 6840 6840
9766 CONNECTION 470 1104 300 3120 7080 7080
9767 CONNECTION 470 769 300 3480 8040 8040
9768 CONNECTION 470 231 300 3600 7980 7980
9769 CONNECTION 470 369 300 4080 8640 8640
9770 CONNECTION 1062 1063 -1 -1 900 900
9771 CONNECTION 1062 395 -1 -1 3120 3120
9772 CONNECTION 1062 694 -1 -1 1680 1680
9773 CONNECTION 1062 846 -1 -1 1680 1680
9774 CONNECTION 1062 73 -1 -1 3480 3480
9775 CONNECTION 1062 422 -1 -1 4740 4740
9776 CONNECTION 1062 663 -1 -1 4920 4920
9777 CONNECTION 1062 288 300 420 4860 4860
9778 CONNECTION 1062 446 300 1320 4500 4500
9779 CONNECTION 1062 178 300 2100 5280 5280
9780 CONNECTION 1062 343 300 2100 5280 5280
9781 CONNECTION 1062 884 300 2100 6720 6720
9782 CONNECTION 1062 147 300 3900 8520 8520
9783 CONNECTION 1062 595 300 3900 7080 7080
9784 CONNECTION 1062 907 300 3900 8340 8340
9785 CONNECTION 1062 798 300 4020 8460 8460
9786 CONNECTION 142 143 -1 -1 2340 2340
9787 CONNECTION 142 1063 -1 -1 1920 1920
9788 CONNECTION 142 395 -1 -1 4140 4140
9789 CONNECTION 142 694 -1 -1 2700 2700
9790 CONNECTION 142 846 -1 -1 2700 2700
9791 CONNECTION 142 73 300 1320 4500 4500
9792 CONNECTION 142 422 300 1320 5760 5760
9793 CONNECTION 142 663 300 1320 5940 5940
9794 CONNECTION 142 288 300 1440 5880 5880
9795 CONNECTION 142 446 300 2340 5520 5520
9796 CONNECTION 142 178 300 3120 6300 6300
9797 CONNECTION 142 343 300 3120 6300 6300
9798 CONNECTION 142 884 300 3120 7740 7740
9799 CONNECTION 175 286 -1 -1 2400 2400
9800 CONNECTION 175 661 -1 -1 2400 2400
9801 CONNECTION 175 593 -1 -1 4020 4020
9802 CONNECTION 175 882 300 720 4200 4200
9803 CONNECTION 175 848 300 1380 5820 5820
9804 CONNECTION 175 145 300 2520 6000 6000
9805 CONNECTION 175 796 300 2520 6000 6000
9806 CONNECTION 175 75 300 3180 7620 7620
9807 CONNECTION 175 397 300 4320 7800 7800
9808 CONNECTION 340 341 -1 -1 2220 2220
9809 CONNECTION 340 286 -1 -1 2400 2400
9810 CONNECTION 340 661 -1 -1 2400 2400
9811 CONNECTION 340 593 -1 -1 4020 4020
9812 CONNECTION 340 882 300 720 4200 4200
9813 CONNECTION 340 848 300 1380 5820 5820
9814 CONNECTION 340 145 300 2520 6000 6000
9815 CONNECTION 340 796 300 2520 6000 6000
9816 CONNECTION 340 75 300 3180 7620 7620
9817 CONNECTION 340 397 300 4320 7800 7800
9818 CONNECTION 538 539 -1 -1 1020 1020
9819 CONNECTION 538 1044 -1 -1 3960 3960
9820 CONNECTION 538 795 -1 -1 2220 2220
9821 CONNECTION 538 445 -1 -1 3540 3540
9822 CONNECTION 538 993 -1 -1 4800 4800
9823 CONNECTION 538 177 -1 -1 4320 4320
9824 CONNECTION 538 1102 -1 -1 3180 3180
9825 CONNECTION 538 822 300 660 4920 4920
9826 CONNECTION 538 16 300 1320 4620 4620
9827 CONNECTION 538 43 300 1440 6600 6600
9828 CONNECTION 538 1094 300 1440 6600 6600
9829 CONNECTION 538 205 300 1680 4980 4980
9830 CONNECTION 538 423 300 2400 7560 7560
9831 CONNECTION 538 289 300 2520 5820 5820
9832 CONNECTION 538 926 300 2700 7140 7140
9833 CONNECTION 538 257 300 3240 8400 8400
9834 CONNECTION 538 473 300 3480 6780 6780
9835 CONNECTION 538 697 300 3480 7920 7920
9836 CONNECTION 538 315 300 4260 8520 8520
9837 CONNECTION 793 794 -1 -1 2280 2280
9838 CONNECTION 793 1063 -1 -1 1920 1920
9839 CONNECTION 793 395 -1 -1 4140 4140
9840 CONNECTION 793 694 -1 -1 2700 2700
9841 CONNECTION 793 846 -1 -1 2700 2700
9842 CONNECTION 793 73 300 1320 4500 4500
9843 CONNECTION 793 422 300 1320 5760 5760
9844 CONNECTION 793 663 300 1320 5940 5940
9845 CONNECTION 793 288 300 1440 5880 5880
9846 CONNECTION 793 446 300 2340 5520 5520
9847 CONNECTION 793 178 300 3120 6300 6300
9848 CONNECTION 793 343 300 3120 6300 6300
9849 CONNECTION 793 884 300 3120 7740 7740
9850 CONNECTION 1042 1043 -1 -1 2160 2160
9851 CONNECTION 1042 1063 -1 -1 1920 1920
9852 CONNECTION 1042 395 -1 -1 4140 4140
9853 CONNECTION 1042 694 -1 -1 2700 2700
9854 CONNECTION 1042 846 -1 -1 2700 2700
9855 CONNECTION 1042 73 300 1320 4500 4500
9856 CONNECTION 1042 422 300 1320 5760 5760
9857 CONNECTION 1042 663 300 1320 5940 5940
9858 CONNECTION 1042 288 300 1440 5880 5880
9859 CONNECTION 1042 446 300 2340 5520 5520
9860 CONNECTION 1042 178 300 3120 6300 6300
9861 CONNECTION 1042 343 300 3120 6300 6300
9862 CONNECTION 1042 884 300 3120 7740 7740
9863 CONNECTION 660 661 -1 -1 1320 1320
9864 CONNECTION 660 593 -1 -1 2940 2940
9865 CONNECTION 660 882 -1 -1 3120 3120
9866 CONNECTION 660 848 -1 -1 4740 4740
9867 CONNECTION 660 145 300 1440 4920 4920
9868 CONNECTION 660 796 300 1440 4920 4920
9869 CONNECTION 660 75 300 2100 6540 6540
9870 CONNECTION 660 397 300 3240 6720 6720
9871 CONNECTION 660 345 300 3900 8340 8340
9872 CONNECTION 203 254 -1 -1 2280 2280
9873 CONNECTION 203 144 -1 -1 3960 3960
9874 CONNECTION 203 566 -1 -1 4080 4080
9875 CONNECTION 203 1019 -1 -1 4500 4500
9876 CONNECTION 203 1098 -1 -1 4500 4500
9877 CONNECTION 203 396 300 1320 5760 5760
9878 CONNECTION 203 768 300 1920 5880 5880
9879 CONNECTION 203 664 300 3120 7560 7560
9880 CONNECTION 203 994 300 3720 7680 7680
9881 CONNECTION 203 118 300 3840 8100 8100
9882 CONNECTION 228 229 -1 -1 2100 2100
9883 CONNECTION 228 367 -1 -1 2760 2760
9884 CONNECTION 228 723 -1 -1 3000 3000
9885 CONNECTION 228 255 -1 -1 3960 3960
9886 CONNECTION 228 501 -1 -1 3900 3900
9887 CONNECTION 228 619 -1 -1 4560 4560
9888 CONNECTION 228 948 300 840 4800 4800
9889 CONNECTION 228 567 300 1200 5760 5760
9890 CONNECTION 228 745 300 1320 5700 5700
9891 CONNECTION 228 99 300 1800 6360 6360
9892 CONNECTION 228 1104 300 2640 6600 6600
9893 CONNECTION 228 769 300 3000 7560 7560
9894 CONNECTION 228 231 300 3120 7500 7500
9895 CONNECTION 228 369 300 3600 8160 8160
9896 CONNECTION 228 207 300 4440 8400 8400
9897 CONNECTION 228 995 300 4800 9360 9360
9898 CONNECTION 311 312 -1 -1 1980 1980
9899 CONNECTION 311 539 -1 -1 1680 1680
9900 CONNECTION 311 767 -1 -1 3660 3660
9901 CONNECTION 311 946 -1 -1 2040 2040
9902 CONNECTION 311 1044 -1 -1 4620 4620
9903 CONNECTION 311 795 -1 -1 2880 2880
9904 CONNECTION 311 445 -1 -1 4200 4200
9905 CONNECTION 311 993 -1 -1 5460 5460
9906 CONNECTION 311 177 300 540 4980 4980
9907 CONNECTION 311 1102 300 540 3840 3840
9908 CONNECTION 311 822 300 1320 5580 5580
9909 CONNECTION 311 16 300 1980 5280 5280
9910 CONNECTION 311 43 300 2100 7260 7260
9911 CONNECTION 311 1094 300 2100 7260 7260
9912 CONNECTION 311 205 300 2340 5640 5640
9913 CONNECTION 311 423 300 3060 8220 8220
9914 CONNECTION 311 289 300 3180 6480 6480
9915 CONNECTION 311 926 300 3360 7800 7800
9916 CONNECTION 311 257 300 3900 9060 9060
9917 CONNECTION 311 473 300 4140 7440 7440
9918 CONNECTION 311 697 300 4140 8580 8580
9919 CONNECTION 565 925 -1 -1 3780 3780
9920 CONNECTION 565 472 -1 -1 4560 4560
9921 CONNECTION 565 724 300 1200 6360 6360
9922 CONNECTION 565 1065 300 2220 7380 7380
9923 CONNECTION 565 949 300 3000 8160 8160
9924 CONNECTION 565 1115 300 4800 9960 9960
9925 CONNECTION 845 846 -1 -1 900 900
9926 CONNECTION 845 73 -1 -1 2700 2700
9927 CONNECTION 845 422 -1 -1 3960 3960
9928 CONNECTION 845 663 -1 -1 4140 4140
9929 CONNECTION 845 288 -1 -1 4080 4080
9930 CONNECTION 845 446 300 540 3720 3720
9931 CONNECTION 845 178 300 1320 4500 4500
9932 CONNECTION 845 343 300 1320 4500 4500
9933 CONNECTION 845 884 300 1320 5940 5940
9934 CONNECTION 845 147 300 3120 7740 7740
9935 CONNECTION 845 595 300 3120 6300 6300
9936 CONNECTION 845 907 300 3120 7560 7560
9937 CONNECTION 845 798 300 3240 7680 7680
9938 CONNECTION 845 927 300 4140 7320 7320
9939 CONNECTION 444 445 -1 -1 2160 2160
9940 CONNECTION 444 993 -1 -1 3420 3420
9941 CONNECTION 444 177 -1 -1 2940 2940
9942 CONNECTION 444 1102 -1 -1 1800 1800
9943 CONNECTION 444 822 -1 -1 3540 3540
9944 CONNECTION 444 16 -1 -1 3240 3240
9945 CONNECTION 444 43 -1 -1 5220 5220
9946 CONNECTION 444 1094 -1 -1 5220 5220
9947 CONNECTION 444 205 -1 -1 3600 3600
9948 CONNECTION 444 423 300 1020 6180 6180
9949 CONNECTION 444 289 300 1140 4440 4440
9950 CONNECTION 444 926 300 1320 5760 5760
9951 CONNECTION 444 257 300 1860 7020 7020
9952 CONNECTION 444 473 300 2100 5400 5400
9953 CONNECTION 444 697 300 2100 6540 6540
9954 CONNECTION 444 315 300 2880 7140 7140
9955 CONNECTION 444 542 300 3540 6840 6840
9956 CONNECTION 444 569 300 3660 8820 8820
9957 CONNECTION 444 725 300 3900 7200 7200
9958 CONNECTION 444 908 300 4620 9780 9780
9959 CONNECTION 444 799 300 4740 8040 8040
9960 CONNECTION 693 694 -1 -1 900 900
9961 CONNECTION 693 73 -1 -1 2700 2700
9962 CONNECTION 693 422 -1 -1 3960 3960
9963 CONNECTION 693 663 -1 -1 4140 4140
9964 CONNECTION 693 288 -1 -1 4080 4080
9965 CONNECTION 693 446 300 540 3720 3720
9966 CONNECTION 693 178 300 1320 4500 4500
9967 CONNECTION 693 343 300 1320 4500 4500
9968 CONNECTION 693 884 300 1320 5940 5940
9969 CONNECTION 693 147 300 3120 7740 7740
9970 CONNECTION 693 595 300 3120 6300 6300
9971 CONNECTION 693 907 300 3120 7560 7560
9972 CONNECTION 693 798 300 3240 7680 7680
9973 CONNECTION 693 927 300 4140 7320 7320
9974 CONNECTION 721 722 -1 -1 2280 2280
9975 CONNECTION 721 500 -1 -1 2760 2760
9976 CONNECTION 721 117 -1 -1 3480 3480
9977 CONNECTION 721 992 -1 -1 2340 2340
9978 CONNECTION 721 540 -1 -1 4260 4260
9979 CONNECTION 721 176 -1 -1 2580 2580
9980 CONNECTION 721 947 -1 -1 4080 4080
9981 CONNECTION 721 744 -1 -1 4560 4560
9982 CONNECTION 721 821 -1 -1 3360 3360
9983 CONNECTION 721 905 300 360 5640 5640
9984 CONNECTION 721 42 300 840 4140 4140
9985 CONNECTION 721 1093 300 840 4140 4140
9986 CONNECTION 721 967 300 1020 6300 6300
9987 CONNECTION 721 1103 300 1320 5880 5880
9988 CONNECTION 721 230 300 1800 6360 6360
9989 CONNECTION 721 637 300 1980 7080 7080
9990 CONNECTION 721 256 300 2640 5940 5940
9991 CONNECTION 721 17 300 2760 7860 7860
9992 CONNECTION 721 696 300 2880 6180 6180
9993 CONNECTION 721 206 300 3120 7680 7680
9994 CONNECTION 721 502 300 3600 8160 8160
9995 CONNECTION 721 314 300 3660 6960 6960
9996 CONNECTION 721 1045 300 3960 9240 9240
9997 CONNECTION 721 568 300 4440 7740 7740
9998 CONNECTION 721 1110 300 4620 9900 9900
9999 CONNECTION 393 394 -1 -1 900 900
10000 CONNECTION 393 618 -1 -1 2880 2880
10001 CONNECTION 393 636 -1 -1 4020 4020
10002 CONNECTION 393 1064 -1 -1 4020 4020
10003 CONNECTION 393 287 -1 -1 2700 2700
10004 CONNECTION 393 421 -1 -1 2700 2700
10005 CONNECTION 393 662 -1 -1 2700 2700
10006 CONNECTION 393 695 -1 -1 3000 3000
10007 CONNECTION 393 847 -1 -1 3000 3000
10008 CONNECTION 393 98 -1 -1 4680 4680
10009 CONNECTION 393 519 -1 -1 4560 4560
10010 CONNECTION 393 74 300 1320 4800 4800
10011 CONNECTION 393 883 300 1320 4500 4500
10012 CONNECTION 393 368 300 2100 6480 6480
10013 CONNECTION 393 447 300 2340 7620 7620
10014 CONNECTION 393 1020 300 2340 7620 7620
10015 CONNECTION 393 1099 300 2340 7620 7620
10016 CONNECTION 393 146 300 3120 6300 6300
10017 CONNECTION 393 179 300 3120 6600 6600
10018 CONNECTION 393 344 300 3120 6600 6600
10019 CONNECTION 393 797 300 3120 6300 6300
10020 CONNECTION 393 906 300 3120 6300 6300
10021 CONNECTION 393 620 300 3900 8280 8280
10022 CONNECTION 393 968 300 3900 8160 8160
10023 SINK 393 2 -1 -1 300 300
10024 CONNECTION 420 421 -1 -1 900 900
10025 CONNECTION 420 98 -1 -1 2880 2880
10026 CONNECTION 420 519 -1 -1 2760 2760
10027 CONNECTION 420 74 -1 -1 3000 3000
10028 CONNECTION 420 883 -1 -1 2700 2700
10029 CONNECTION 420 368 -1 -1 4680 4680
10030 CONNECTION 420 447 300 540 5820 5820
10031 CONNECTION 420 1020 300 540 5820 5820
10032 CONNECTION 420 1099 300 540 5820 5820
10033 CONNECTION 420 146 300 1320 4500 4500
10034 CONNECTION 420 179 300 1320 4800 4800
10035 CONNECTION 420 344 300 1320 4800 4800
10036 CONNECTION 420 797 300 1320 4500 4500
10037 CONNECTION 420 906 300 1320 4500 4500
10038 CONNECTION 420 620 300 2100 6480 6480
10039 CONNECTION 420 968 300 2100 6360 6360
10040 CONNECTION 420 398 300 3120 6300 6300
10041 CONNECTION 420 596 300 3120 6600 6600
10042 CONNECTION 420 100 300 3900 8280 8280
10043 CONNECTION 420 119 300 4140 9420 9420
10044 CONNECTION 420 928 300 4140 9420 9420
10045 SINK 420 2 -1 -1 300 300
10046 CONNECTION 991 992 -1 -1 1020 1020
10047 CONNECTION 991 947 -1 -1 2760 2760
10048 CONNECTION 991 744 -1 -1 3240 3240
10049 CONNECTION 991 821 -1 -1 2040 2040
10050 CONNECTION 991 905 -1 -1 4320 4320
10051 CONNECTION 991 42 -1 -1 2820 2820
10052 CONNECTION 991 1093 -1 -1 2820 2820
10053 CONNECTION 991 967 -1 -1 4980 4980
10054 CONNECTION 991 1103 -1 -1 4560 4560
10055 CONNECTION 991 230 300 480 5040 5040
10056 CONNECTION 991 637 300 660 5760 5760
10057 CONNECTION 991 256 300 1320 4620 4620
10058 CONNECTION 991 17 300 1440 6540 6540
10059 CONNECTION 991 696 300 1560 4860 4860
10060 CONNECTION 991 206 300 1800 6360 6360
10061 CONNECTION 991 502 300 2280 6840 6840
10062 CONNECTION 991 314 300 2340 5640 5640
10063 CONNECTION 991 1045 300 2640 7920 7920
10064 CONNECTION 991 568 300 3120 6420 6420
10065 CONNECTION 991 1110 300 3300 8580 8580
10066 CONNECTION 991 474 300 3600 8160 8160
10067 CONNECTION 991 746 300 4080 8640 8640
10068 CONNECTION 991 1021 300 4260 9360 9360
10069 CONNECTION 991 1100 300 4260 9360 9360
10070 CONNECTION 40 41 -1 -1 2280 2280
10071 CONNECTION 40 367 -1 -1 2880 2880
10072 CONNECTION 40 723 -1 -1 3120 3120
10073 CONNECTION 40 255 -1 -1 4080 4080
10074 CONNECTION 40 501 -1 -1 4020 4020
10075 CONNECTION 40 619 -1 -1 4680 4680
10076 CONNECTION 40 948 300 960 4920 4920
10077 CONNECTION 40 567 300 1320 5880 5880
10078 CONNECTION 40 745 300 1440 5820 5820
10079 CONNECTION 40 99 300 1920 6480 6480
10080 CONNECTION 40 1104 300 2760 6720 6720
10081 CONNECTION 40 769 300 3120 7680 7680
10082 CONNECTION 40 231 300 3240 7620 7620
10083 CONNECTION 40 369 300 3720 8280 8280
10084 CONNECTION 40 207 300 4560 8520 8520
10085 CONNECTION 743 287 -1 -1 1680 1680
10086 CONNECTION 743 421 -1 -1 1680 1680
10087 CONNECTION 743 662 -1 -1 1680 1680
10088 CONNECTION 743 695 -1 -1 1980 1980
10089 CONNECTION 743 847 -1 -1 1980 1980
10090 CONNECTION 743 98 -1 -1 3660 3660
10091 CONNECTION 743 519 -1 -1 3540 3540
10092 CONNECTION 743 74 -1 -1 3780 3780
10093 CONNECTION 743 883 -1 -1 3480 3480
10094 CONNECTION 743 368 300 1080 5460 5460
10095 CONNECTION 743 447 300 1320 6600 6600
10096 CONNECTION 743 1020 300 1320 6600 6600
10097 CONNECTION 743 1099 300 1320 6600 6600
10098 CONNECTION 743 146 300 2100 5280 5280
10099 CONNECTION 743 179 300 2100 5580 5580
10100 CONNECTION 743 344 300 2100 5580 5580
10101 CONNECTION 743 797 300 2100 5280 5280
10102 CONNECTION 743 906 300 2100 5280 5280
10103 CONNECTION 743 620 300 2880 7260 7260
10104 CONNECTION 743 968 300 2880 7140 7140
10105 CONNECTION 743 398 300 3900 7080 7080
10106 CONNECTION 743 596 300 3900 7380 7380
10107 CONNECTION 743 100 300 4680 9060 9060
10108 SINK 743 2 -1 -1 300 300
10109 CONNECTION 1091 1092 -1 -1 2280 2280
10110 CONNECTION 1091 367 -1 -1 2880 2880
10111 CONNECTION 1091 723 -1 -1 3120 3120
10112 CONNECTION 1091 255 -1 -1 4080 4080
10113 CONNECTION 1091 501 -1 -1 4020 4020
10114 CONNECTION 1091 619 -1 -1 4680 4680
10115 CONNECTION 1091 948 300 960 4920 4920
10116 CONNECTION 1091 567 300 1320 5880 5880
10117 CONNECTION 1091 745 300 1440 5820 5820
10118 CONNECTION 1091 99 300 1920 6480 6480
10119 CONNECTION 1091 1104 300 2760 6720 6720
10120 CONNECTION 1091 769 300 3120 7680 7680
10121 CONNECTION 1091 231 300 3240 7620 7620
10122 CONNECTION 1091 369 300 3720 8280 8280
10123 CONNECTION 1091 207 300 4560 8520 8520
10124 CONNECTION 366 367 -1 -1 2400 2400
10125 CONNECTION 366 723 -1 -1 2640 2640
10126 CONNECTION 366 255 -1 -1 3600 3600
10127 CONNECTION 366 501 -1 -1 3540 3540
10128 CONNECTION 366 619 -1 -1 4200 4200
10129 CONNECTION 366 948 300 480 4440 4440
10130 CONNECTION 366 567 300 840 5400 5400
10131 CONNECTION 366 745 300 960 5340 5340
10132 CONNECTION 366 99 300 1440 6000 6000
10133 CONNECTION 366 1104 300 2280 6240 6240
10134 CONNECTION 366 769 300 2640 7200 7200
10135 CONNECTION 366 231 300 2760 7140 7140
10136 CONNECTION 366 369 300 3240 7800 7800
10137 CONNECTION 366 207 300 4080 8040 8040
10138 CONNECTION 366 995 300 4440 9000 9000
10139 CONNECTION 366 503 300 4560 8940 8940
10140 CONNECTION 1097 144 -1 -1 3120 3120
10141 CONNECTION 1097 566 -1 -1 3240 3240
10142 CONNECTION 1097 1019 -1 -1 3660 3660
10143 CONNECTION 1097 1098 -1 -1 3660 3660
10144 CONNECTION 1097 396 300 480 4920 4920
10145 CONNECTION 1097 768 300 1080 5040 5040
10146 CONNECTION 1097 664 300 2280 6720 6720
10147 CONNECTION 1097 994 300 2880 6840 6840
10148 CONNECTION 1097 118 300 3000 7260 7260
10149 CONNECTION 1097 885 300 4080 8520 8520
10150 CONNECTION 1097 44 300 4680 8640 8640
10151 CONNECTION 1097 1105 300 4680 8640 8640
10152 CONNECTION 635 636 -1 -1 3000 3000
10153 CONNECTION 635 287 -1 -1 1680 1680
10154 CONNECTION 635 421 -1 -1 1680 1680
10155 CONNECTION 635 662 -1 -1 1680 1680
10156 CONNECTION 635 695 -1 -1 1980 1980
10157 CONNECTION 635 847 -1 -1 1980 1980
10158 CONNECTION 635 98 -1 -1 3660 3660
10159 CONNECTION 635 519 -1 -1 3540 3540
10160 CONNECTION 635 74 -1 -1 3780 3780
10161 CONNECTION 635 883 -1 -1 3480 3480
10162 CONNECTION 635 368 300 1080 5460 5460
10163 CONNECTION 635 447 300 1320 6600 6600
10164 CONNECTION 635 1020 300 1320 6600 6600
10165 CONNECTION 635 1099 300 1320 6600 6600
10166 CONNECTION 635 146 300 2100 5280 5280
10167 CONNECTION 635 179 300 2100 5580 5580
10168 CONNECTION 635 344 300 2100 5580 5580
10169 CONNECTION 635 797 300 2100 5280 5280
10170 CONNECTION 635 906 300 2100 5280 5280
10171 CONNECTION 635 620 300 2880 7260 7260
10172 CONNECTION 635 968 300 2880 7140 7140
10173 CONNECTION 635 398 300 3900 7080 7080
10174 CONNECTION 635 596 300 3900 7380 7380
10175 CONNECTION 635 100 300 4680 9060 9060
10176 SINK 635 2 -1 -1 300 300
10177 CONNECTION 143 342 -1 -1 3060 3060
10178 CONNECTION 143 594 -1 -1 4860 4860
10179 CONNECTION 143 541 300 1680 5940 5940
10180 CONNECTION 143 849 300 2040 6660 6660
10181 CONNECTION 143 76 300 3840 8460 8460
10182 CONNECTION 591 592 -1 -1 1200 1200
10183 CONNECTION 591 618 -1 -1 2880 2880
10184 CONNECTION 591 636 -1 -1 4020 4020
10185 CONNECTION 591 1064 -1 -1 4020 4020
10186 CONNECTION 591 287 -1 -1 2700 2700
10187 CONNECTION 591 421 -1 -1 2700 2700
10188 CONNECTION 591 662 -1 -1 2700 2700
10189 CONNECTION 591 695 -1 -1 3000 3000
10190 CONNECTION 591 847 -1 -1 3000 3000
10191 CONNECTION 591 98 -1 -1 4680 4680
10192 CONNECTION 591 519 -1 -1 4560 4560
10193 CONNECTION 591 74 300 1320 4800 4800
10194 CONNECTION 591 883 300 1320 4500 4500
10195 CONNECTION 591 368 300 2100 6480 6480
10196 CONNECTION 591 447 300 2340 7620 7620
10197 CONNECTION 591 1020 300 2340 7620 7620
10198 CONNECTION 591 1099 300 2340 7620 7620
10199 CONNECTION 591 146 300 3120 6300 6300
10200 CONNECTION 591 179 300 3120 6600 6600
10201 CONNECTION 591 344 300 3120 6600 6600
10202 CONNECTION 591 797 300 3120 6300 6300
10203 CONNECTION 591 906 300 3120 6300 6300
10204 CONNECTION 591 620 300 3900 8280 8280
10205 CONNECTION 591 968 300 3900 8160 8160
10206 SINK 591 2 -1 -1 300 300
10207 CONNECTION 1043 1044 -1 -1 2880 2880
10208 CONNECTION 1043 993 -1 -1 3720 3720
10209 CONNECTION 1043 177 -1 -1 3240 3240
10210 CONNECTION 1043 1102 -1 -1 2100 2100
10211 CONNECTION 1043 822 -1 -1 3840 3840
10212 CONNECTION 1043 16 -1 -1 3540 3540
10213 CONNECTION 1043 43 300 360 5520 5520
10214 CONNECTION 1043 1094 300 360 5520 5520
10215 CONNECTION 1043 205 300 600 3900 3900
10216 CONNECTION 1043 423 300 1320 6480 6480
10217 CONNECTION 1043 289 300 1440 4740 4740
10218 CONNECTION 1043 926 300 1620 6060 6060
10219 CONNECTION 1043 257 300 2160 7320 7320
10220 CONNECTION 1043 473 300 2400 5700 5700
10221 CONNECTION 1043 697 300 2400 6840 6840
10222 CONNECTION 1043 315 300 3180 7440 7440
10223 CONNECTION 1043 542 300 3840 7140 7140
10224 CONNECTION 1043 569 300 3960 9120 9120
10225 CONNECTION 1043 725 300 4200 7500 7500
10226 CONNECTION 794 795 -1 -1 1020 1020
10227 CONNECTION 794 993 -1 -1 3600 3600
10228 CONNECTION 794 177 -1 -1 3120 3120
10229 CONNECTION 794 1102 -1 -1 1980 1980
10230 CONNECTION 794 822 -1 -1 3720 3720
10231 CONNECTION 794 16 -1 -1 3420 3420
10232 CONNECTION 794 43 -1 -1 5400 5400
10233 CONNECTION 794 1094 -1 -1 5400 5400
10234 CONNECTION 794 205 300 480 3780 3780
10235 CONNECTION 794 423 300 1200 6360 6360
10236 CONNECTION 794 289 300 1320 4620 4620
10237 CONNECTION 794 926 300 1500 5940 5940
10238 CONNECTION 794 257 300 2040 7200 7200
10239 CONNECTION 794 473 300 2280 5580 5580
10240 CONNECTION 794 697 300 2280 6720 6720
10241 CONNECTION 794 315 300 3060 7320 7320
10242 CONNECTION 794 542 300 3720 7020 7020
10243 CONNECTION 794 569 300 3840 9000 9000
10244 CONNECTION 794 725 300 4080 7380 7380
10245 CONNECTION 794 908 300 4800 9960 9960
10246 CONNECTION 766 767 -1 -1 2880 2880
10247 CONNECTION 766 1044 -1 -1 3840 3840
10248 CONNECTION 766 795 -1 -1 2100 2100
10249 CONNECTION 766 445 -1 -1 3420 3420
10250 CONNECTION 766 993 -1 -1 4680 4680
10251 CONNECTION 766 177 -1 -1 4200 4200
10252 CONNECTION 766 1102 -1 -1 3060 3060
10253 CONNECTION 766 822 300 540 4800 4800
10254 CONNECTION 766 16 300 1200 4500 4500
10255 CONNECTION 766 43 300 1320 6480 6480
10256 CONNECTION 766 1094 300 1320 6480 6480
10257 CONNECTION 766 205 300 1560 4860 4860
10258 CONNECTION 766 423 300 2280 7440 7440
10259 CONNECTION 766 289 300 2400 5700 5700
10260 CONNECTION 766 926 300 2580 7020 7020
10261 CONNECTION 766 257 300 3120 8280 8280
10262 CONNECTION 766 473 300 3360 6660 6660
10263 CONNECTION 766 697 300 3360 7800 7800
10264 CONNECTION 766 315 300 4140 8400 8400
10265 CONNECTION 766 542 300 4800 8100 8100
10266 CONNECTION 820 821 -1 -1 1020 1020
10267 CONNECTION 820 42 -1 -1 1800 1800
10268 CONNECTION 820 1093 -1 -1 1800 1800
10269 CONNECTION 820 967 -1 -1 3960 3960
10270 CONNECTION 820 1103 -1 -1 3540 3540
10271 CONNECTION 820 230 -1 -1 4020 4020
10272 CONNECTION 820 637 -1 -1 4740 4740
10273 CONNECTION 820 256 -1 -1 3600 3600
10274 CONNECTION 820 17 300 420 5520 5520
10275 CONNECTION 820 696 300 540 3840 3840
10276 CONNECTION 820 206 300 780 5340 5340
10277 CONNECTION 820 502 300 1260 5820 5820
10278 CONNECTION 820 314 300 1320 4620 4620
10279 CONNECTION 820 1045 300 1620 6900 6900
10280 CONNECTION 820 568 300 2100 5400 5400
10281 CONNECTION 820 1110 300 2280 7560 7560
10282 CONNECTION 820 474 300 2580 7140 7140
10283 CONNECTION 820 746 300 3060 7620 7620
10284 CONNECTION 820 1021 300 3240 8340 8340
10285 CONNECTION 820 1100 300 3240 8340 8340
10286 CONNECTION 820 770 300 3900 7200 7200
10287 CONNECTION 820 543 300 4020 9120 9120
10288 CONNECTION 820 180 300 4140 7440 7440
10289 CONNECTION 820 726 300 4380 8940 8940
10290 CONNECTION 97 905 -1 -1 3720 3720
10291 CONNECTION 97 42 -1 -1 2220 2220
10292 CONNECTION 97 1093 -1 -1 2220 2220
10293 CONNECTION 97 967 -1 -1 4380 4380
10294 CONNECTION 97 1103 -1 -1 3960 3960
10295 CONNECTION 97 230 -1 -1 4440 4440
10296 CONNECTION 97 637 -1 -1 5160 5160
10297 CONNECTION 97 256 300 720 4020 4020
10298 CONNECTION 97 17 300 840 5940 5940
10299 CONNECTION 97 696 300 960 4260 4260
10300 CONNECTION 97 206 300 1200 5760 5760
10301 CONNECTION 97 502 300 1680 6240 6240
10302 CONNECTION 97 314 300 1740 5040 5040
10303 CONNECTION 97 1045 300 2040 7320 7320
10304 CONNECTION 97 568 300 2520 5820 5820
10305 CONNECTION 97 1110 300 2700 7980 7980
10306 CONNECTION 97 474 300 3000 7560 7560
10307 CONNECTION 97 746 300 3480 8040 8040
10308 CONNECTION 97 1021 300 3660 8760 8760
10309 CONNECTION 97 1100 300 3660 8760 8760
10310 CONNECTION 97 770 300 4320 7620 7620
10311 CONNECTION 97 543 300 4440 9540 9540
10312 CONNECTION 97 180 300 4560 7860 7860
10313 CONNECTION 97 726 300 4800 9360 9360
10314 CONNECTION 341 566 -1 -1 2580 2580
10315 CONNECTION 341 1019 -1 -1 3000 3000
10316 CONNECTION 341 1098 -1 -1 3000 3000
10317 CONNECTION 341 396 -1 -1 4260 4260
10318 CONNECTION 341 768 300 420 4380 4380
10319 CONNECTION 341 664 300 1620 6060 6060
10320 CONNECTION 341 994 300 2220 6180 6180
10321 CONNECTION 341 118 300 2340 6600 6600
10322 CONNECTION 341 885 300 3420 7860 7860
10323 CONNECTION 341 44 300 4020 7980 7980
10324 CONNECTION 341 1105 300 4020 7980 7980
10325 CONNECTION 518 519 -1 -1 2100 2100
10326 CONNECTION 518 74 -1 -1 2340 2340
10327 CONNECTION 518 883 -1 -1 2040 2040
10328 CONNECTION 518 368 -1 -1 4020 4020
10329 CONNECTION 518 447 -1 -1 5160 5160
10330 CONNECTION 518 1020 -1 -1 5160 5160
10331 CONNECTION 518 1099 -1 -1 5160 5160
10332 CONNECTION 518 146 300 660 3840 3840
10333 CONNECTION 518 179 300 660 4140 4140
10334 CONNECTION 518 344 300 660 4140 4140
10335 CONNECTION 518 797 300 660 3840 3840
10336 CONNECTION 518 906 300 660 3840 3840
10337 CONNECTION 518 620 300 1440 5820 5820
10338 CONNECTION 518 968 300 1440 5700 5700
10339 CONNECTION 518 398 300 2460 5640 5640
10340 CONNECTION 518 596 300 2460 5940 5940
10341 CONNECTION 518 100 300 3240 7620 7620
10342 CONNECTION 518 119 300 3480 8760 8760
10343 CONNECTION 518 928 300 3480 8760 8760
10344 CONNECTION 518 291 300 4260 7440 7440
10345 CONNECTION 518 666 300 4260 7440 7440
10346 CONNECTION 518 699 300 4260 7740 7740
10347 CONNECTION 518 851 300 4260 7740 7740
10348 CONNECTION 518 1046 300 4260 7440 7440
10349 SINK 518 2 -1 -1 300 300
10350 CONNECTION 1101 1102 -1 -1 1020 1020
10351 CONNECTION 1101 822 -1 -1 2760 2760
10352 CONNECTION 1101 16 -1 -1 2460 2460
10353 CONNECTION 1101 43 -1 -1 4440 4440
10354 CONNECTION 1101 1094 -1 -1 4440 4440
10355 CONNECTION 1101 205 -1 -1 2820 2820
10356 CONNECTION 1101 423 -1 -1 5400 5400
10357 CONNECTION 1101 289 300 360 3660 3660
10358 CONNECTION 1101 926 300 540 4980 4980
10359 CONNECTION 1101 257 300 1080 6240 6240
10360 CONNECTION 1101 473 300 1320 4620 4620
10361 CONNECTION 1101 697 300 1320 5760 5760
10362 CONNECTION 1101 315 300 2100 6360 6360
10363 CONNECTION 1101 542 300 2760 6060 6060
10364 CONNECTION 1101 569 300 2880 8040 8040
10365 CONNECTION 1101 725 300 3120 6420 6420
10366 CONNECTION 1101 908 300 3840 9000 9000
10367 CONNECTION 1101 799 300 3960 7260 7260
10368 CONNECTION 1101 1066 300 4140 8580 8580
10369 CONNECTION 1101 771 300 4680 9840 9840
10370 CONNECTION 312 342 -1 -1 3000 3000
10371 CONNECTION 312 594 -1 -1 4800 4800
10372 CONNECTION 312 541 300 1620 5880 5880
10373 CONNECTION 312 849 300 1980 6600 6600
10374 CONNECTION 312 76 300 3780 8400 8400
10375 CONNECTION 722 723 -1 -1 1680 1680
10376 CONNECTION 722 501 -1 -1 2580 2580
10377 CONNECTION 722 619 -1 -1 3240 3240
10378 CONNECTION 722 948 -1 -1 3480 3480
10379 CONNECTION 722 567 -1 -1 4440 4440
10380 CONNECTION 722 745 -1 -1 4380 4380
10381 CONNECTION 722 99 300 480 5040 5040
10382 CONNECTION 722 1104 300 1320 5280 5280
10383 CONNECTION 722 769 300 1680 6240 6240
10384 CONNECTION 722 231 300 1800 6180 6180
10385 CONNECTION 722 369 300 2280 6840 6840
10386 CONNECTION 722 207 300 3120 7080 7080
10387 CONNECTION 722 995 300 3480 8040 8040
10388 CONNECTION 722 503 300 3600 7980 7980
10389 CONNECTION 722 621 300 4080 8640 8640
10390 CONNECTION 394 395 -1 -1 2340 2340
10391 CONNECTION 394 73 -1 -1 2700 2700
10392 CONNECTION 394 422 -1 -1 3960 3960
10393 CONNECTION 394 663 -1 -1 4140 4140
10394 CONNECTION 394 288 -1 -1 4080 4080
10395 CONNECTION 394 446 300 540 3720 3720
10396 CONNECTION 394 178 300 1320 4500 4500
10397 CONNECTION 394 343 300 1320 4500 4500
10398 CONNECTION 394 884 300 1320 5940 5940
10399 CONNECTION 394 147 300 3120 7740 7740
10400 CONNECTION 394 595 300 3120 6300 6300
10401 CONNECTION 394 907 300 3120 7560 7560
10402 CONNECTION 394 798 300 3240 7680 7680
10403 CONNECTION 394 927 300 4140 7320 7320
10404 CONNECTION 592 593 -1 -1 2220 2220
10405 CONNECTION 592 882 -1 -1 2400 2400
10406 CONNECTION 592 848 -1 -1 4020 4020
10407 CONNECTION 592 145 300 720 4200 4200
10408 CONNECTION 592 796 300 720 4200 4200
10409 CONNECTION 592 75 300 1380 5820 5820
10410 CONNECTION 592 397 300 2520 6000 6000
10411 CONNECTION 592 345 300 3180 7620 7620
10412 CONNECTION 592 290 300 4320 7800 7800
10413 CONNECTION 592 665 300 4320 7800 7800
10414 CONNECTION 881 882 -1 -1 1320 1320
10415 CONNECTION 881 848 -1 -1 2940 2940
10416 CONNECTION 881 145 -1 -1 3120 3120
10417 CONNECTION 881 796 -1 -1 3120 3120
10418 CONNECTION 881 75 -1 -1 4740 4740
10419 CONNECTION 881 397 300 1440 4920 4920
10420 CONNECTION 881 345 300 2100 6540 6540
10421 CONNECTION 881 290 300 3240 6720 6720
10422 CONNECTION 881 665 300 3240 6720 6720
10423 CONNECTION 881 597 300 3900 8340 8340
10424 CONNECTION 1063 1064 -1 -1 3000 3000
10425 CONNECTION 1063 287 -1 -1 1680 1680
10426 CONNECTION 1063 421 -1 -1 1680 1680
10427 CONNECTION 1063 662 -1 -1 1680 1680
10428 CONNECTION 1063 695 -1 -1 1980 1980
10429 CONNECTION 1063 847 -1 -1 1980 1980
10430 CONNECTION 1063 98 -1 -1 3660 3660
10431 CONNECTION 1063 519 -1 -1 3540 3540
10432 CONNECTION 1063 74 -1 -1 3780 3780
10433 CONNECTION 1063 883 -1 -1 3480 3480
10434 CONNECTION 1063 368 300 1080 5460 5460
10435 CONNECTION 1063 447 300 1320 6600 6600
10436 CONNECTION 1063 1020 300 1320 6600 6600
10437 CONNECTION 1063 1099 300 1320 6600 6600
10438 CONNECTION 1063 146 300 2100 5280 5280
10439 CONNECTION 1063 179 300 2100 5580 5580
10440 CONNECTION 1063 344 300 2100 5580 5580
10441 CONNECTION 1063 797 300 2100 5280 5280
10442 CONNECTION 1063 906 300 2100 5280 5280
10443 CONNECTION 1063 620 300 2880 7260 7260
10444 CONNECTION 1063 968 300 2880 7140 7140
10445 CONNECTION 1063 398 300 3900 7080 7080
10446 CONNECTION 1063 596 300 3900 7380 7380
10447 CONNECTION 1063 100 300 4680 9060 9060
10448 SINK 1063 2 -1 -1 300 300
10449 CONNECTION 539 540 -1 -1 2820 2820
10450 CONNECTION 539 744 -1 -1 3120 3120
10451 CONNECTION 539 821 -1 -1 1920 1920
10452 CONNECTION 539 905 -1 -1 4200 4200
10453 CONNECTION 539 42 -1 -1 2700 2700
10454 CONNECTION 539 1093 -1 -1 2700 2700
10455 CONNECTION 539 967 -1 -1 4860 4860
10456 CONNECTION 539 1103 -1 -1 4440 4440
10457 CONNECTION 539 230 300 360 4920 4920
10458 CONNECTION 539 637 300 540 5640 5640
10459 CONNECTION 539 256 300 1200 4500 4500
10460 CONNECTION 539 17 300 1320 6420 6420
10461 CONNECTION 539 696 300 1440 4740 4740
10462 CONNECTION 539 206 300 1680 6240 6240
10463 CONNECTION 539 502 300 2160 6720 6720
10464 CONNECTION 539 314 300 2220 5520 5520
10465 CONNECTION 539 1045 300 2520 7800 7800
10466 CONNECTION 539 568 300 3000 6300 6300
10467 CONNECTION 539 1110 300 3180 8460 8460
10468 CONNECTION 539 474 300 3480 8040 8040
10469 CONNECTION 539 746 300 3960 8520 8520
10470 CONNECTION 539 1021 300 4140 9240 9240
10471 CONNECTION 539 1100 300 4140 9240 9240
10472 CONNECTION 539 770 300 4800 8100 8100
10473 CONNECTION 471 566 -1 -1 2280 2280
10474 CONNECTION 471 1019 -1 -1 2700 2700
10475 CONNECTION 471 1098 -1 -1 2700 2700
10476 CONNECTION 471 396 -1 -1 3960 3960
10477 CONNECTION 471 768 -1 -1 4080 4080
10478 CONNECTION 471 664 300 1320 5760 5760
10479 CONNECTION 471 994 300 1920 5880 5880
10480 CONNECTION 471 118 300 2040 6300 6300
10481 CONNECTION 471 885 300 3120 7560 7560
10482 CONNECTION 471 44 300 3720 7680 7680
10483 CONNECTION 471 1105 300 3720 7680 7680
10484 CONNECTION 500 501 -1 -1 2100 2100
10485 CONNECTION 500 619 -1 -1 2760 2760
10486 CONNECTION 500 948 -1 -1 3000 3000
10487 CONNECTION 500 567 -1 -1 3960 3960
10488 CONNECTION 500 745 -1 -1 3900 3900
10489 CONNECTION 500 99 -1 -1 4560 4560
10490 CONNECTION 500 1104 300 840 4800 4800
10491 CONNECTION 500 769 300 1200 5760 5760
10492 CONNECTION 500 231 300 1320 5700 5700
10493 CONNECTION 500 369 300 1800 6360 6360
10494 CONNECTION 500 207 300 2640 6600 6600
10495 CONNECTION 500 995 300 3000 7560 7560
10496 CONNECTION 500 503 300 3120 7500 7500
10497 CONNECTION 500 621 300 3600 8160 8160
10498 CONNECTION 500 475 300 4440 8400 8400
10499 CONNECTION 500 45 300 4800 9360 9360
10500 CONNECTION 500 1106 300 4800 9360 9360
10501 CONNECTION 966 967 -1 -1 3000 3000
10502 CONNECTION 966 230 -1 -1 3060 3060
10503 CONNECTION 966 637 -1 -1 3780 3780
10504 CONNECTION 966 256 -1 -1 2640 2640
10505 CONNECTION 966 17 -1 -1 4560 4560
10506 CONNECTION 966 696 -1 -1 2880 2880
10507 CONNECTION 966 206 -1 -1 4380 4380
10508 CONNECTION 966 502 -1 -1 4860 4860
10509 CONNECTION 966 314 300 360 3660 3660
10510 CONNECTION 966 1045 300 660 5940 5940
10511 CONNECTION 966 568 300 1140 4440 4440
10512 CONNECTION 966 1110 300 1320 6600 6600
10513 CONNECTION 966 474 300 1620 6180 6180
10514 CONNECTION 966 746 300 2100 6660 6660
10515 CONNECTION 966 1021 300 2280 7380 7380
10516 CONNECTION 966 1100 300 2280 7380 7380
10517 CONNECTION 966 770 300 2940 6240 6240
10518 CONNECTION 966 543 300 3060 8160 8160
10519 CONNECTION 966 180 300 3180 6480 6480
10520 CONNECTION 966 726 300 3420 7980 7980
10521 CONNECTION 966 232 300 3900 8460 8460
10522 CONNECTION 966 824 300 3960 7260 7260
10523 CONNECTION 966 424 300 4260 9540 9540
10524 CONNECTION 966 996 300 4740 8040 8040
10525 CONNECTION 767 724 -1 -1 4560 4560
10526 CONNECTION 767 1065 300 420 5580 5580
10527 CONNECTION 767 949 300 1200 6360 6360
10528 CONNECTION 767 1115 300 3000 8160 8160
10529 CONNECTION 767 448 300 4020 9180 9180
10530 CONNECTION 767 208 300 4800 9960 9960
10531 CONNECTION 72 73 -1 -1 900 900
10532 CONNECTION 72 446 -1 -1 1920 1920
10533 CONNECTION 72 178 -1 -1 2700 2700
10534 CONNECTION 72 343 -1 -1 2700 2700
10535 CONNECTION 72 884 -1 -1 4140 4140
10536 CONNECTION 72 147 300 1320 5940 5940
10537 CONNECTION 72 595 300 1320 4500 4500
10538 CONNECTION 72 907 300 1320 5760 5760
10539 CONNECTION 72 798 300 1440 5880 5880
10540 CONNECTION 72 927 300 2340 5520 5520
10541 CONNECTION 72 399 300 3120 7740 7740
10542 CONNECTION 72 698 300 3120 6300 6300
10543 CONNECTION 72 850 300 3120 6300 6300
10544 CONNECTION 117 1109 -1 -1 3420 3420
10545 CONNECTION 117 823 300 960 6060 6060
10546 CONNECTION 117 520 300 1920 7020 7020
10547 CONNECTION 117 316 300 4560 9660 9660
10548 CONNECTION 946 947 -1 -1 2280 2280
10549 CONNECTION 946 744 -1 -1 2760 2760
10550 CONNECTION 946 821 -1 -1 1560 1560
10551 CONNECTION 946 905 -1 -1 3840 3840
10552 CONNECTION 946 42 -1 -1 2340 2340
10553 CONNECTION 946 1093 -1 -1 2340 2340
10554 CONNECTION 946 967 -1 -1 4500 4500
10555 CONNECTION 946 1103 -1 -1 4080 4080
10556 CONNECTION 946 230 -1 -1 4560 4560
10557 CONNECTION 946 637 -1 -1 5280 5280
10558 CONNECTION 946 256 300 840 4140 4140
10559 CONNECTION 946 17 300 960 6060 6060
10560 CONNECTION 946 696 300 1080 4380 4380
10561 CONNECTION 946 206 300 1320 5880 5880
10562 CONNECTION 946 502 300 1800 6360 6360
10563 CONNECTION 946 314 300 1860 5160 5160
10564 CONNECTION 946 1045 300 2160 7440 7440
10565 CONNECTION 946 568 300 2640 5940 5940
10566 CONNECTION 946 1110 300 2820 8100 8100
10567 CONNECTION 946 474 300 3120 7680 7680
10568 CONNECTION 946 746 300 3600 8160 8160
10569 CONNECTION 946 1021 300 3780 8880 8880
10570 CONNECTION 946 1100 300 3780 8880 8880
10571 CONNECTION 946 770 300 4440 7740 7740
10572 CONNECTION 946 543 300 4560 9660 9660
10573 CONNECTION 946 180 300 4680 7980 7980
10574 CONNECTION 41 42 -1 -1 1020 1020
10575 CONNECTION 41 1103 -1 -1 2760 2760
10576 CONNECTION 41 230 -1 -1 3240 3240
10577 CONNECTION 41 637 -1 -1 3960 3960
10578 CONNECTION 41 256 -1 -1 2820 2820
10579 CONNECTION 41 17 -1 -1 4740 4740
10580 CONNECTION 41 696 -1 -1 3060 3060
10581 CONNECTION 41 206 -1 -1 4560 4560
10582 CONNECTION 41 502 300 480 5040 5040
10583 CONNECTION 41 314 300 540 3840 3840
10584 CONNECTION 41 1045 300 840 6120 6120
10585 CONNECTION 41 568 300 1320 4620 4620
10586 CONNECTION 41 1110 300 1500 6780 6780
10587 CONNECTION 41 474 300 1800 6360 6360
10588 CONNECTION 41 746 300 2280 6840 6840
10589 CONNECTION 41 1021 300 2460 7560 7560
10590 CONNECTION 41 1100 300 2460 7560 7560
10591 CONNECTION 41 770 300 3120 6420 6420
10592 CONNECTION 41 543 300 3240 8340 8340
10593 CONNECTION 41 180 300 3360 6660 6660
10594 CONNECTION 41 726 300 3600 8160 8160
10595 CONNECTION 41 232 300 4080 8640 8640
10596 CONNECTION 41 824 300 4140 7440 7440
10597 CONNECTION 41 424 300 4440 9720 9720
10598 CONNECTION 286 287 -1 -1 900 900
10599 CONNECTION 286 98 -1 -1 2880 2880
10600 CONNECTION 286 519 -1 -1 2760 2760
10601 CONNECTION 286 74 -1 -1 3000 3000
10602 CONNECTION 286 883 -1 -1 2700 2700
10603 CONNECTION 286 368 -1 -1 4680 4680
10604 CONNECTION 286 447 300 540 5820 5820
10605 CONNECTION 286 1020 300 540 5820 5820
10606 CONNECTION 286 1099 300 540 5820 5820
10607 CONNECTION 286 146 300 1320 4500 4500
10608 CONNECTION 286 179 300 1320 4800 4800
10609 CONNECTION 286 344 300 1320 4800 4800
10610 CONNECTION 286 797 300 1320 4500 4500
10611 CONNECTION 286 906 300 1320 4500 4500
10612 CONNECTION 286 620 300 2100 6480 6480
10613 CONNECTION 286 968 300 2100 6360 6360
10614 CONNECTION 286 398 300 3120 6300 6300
10615 CONNECTION 286 596 300 3120 6600 6600
10616 CONNECTION 286 100 300 3900 8280 8280
10617 CONNECTION 286 119 300 4140 9420 9420
10618 CONNECTION 286 928 300 4140 9420 9420
10619 SINK 286 2 -1 -1 300 300
10620 CONNECTION 661 662 -1 -1 900 900
10621 CONNECTION 661 98 -1 -1 2880 2880
10622 CONNECTION 661 519 -1 -1 2760 2760
10623 CONNECTION 661 74 -1 -1 3000 3000
10624 CONNECTION 661 883 -1 -1 2700 2700
10625 CONNECTION 661 368 -1 -1 4680 4680
10626 CONNECTION 661 447 300 540 5820 5820
10627 CONNECTION 661 1020 300 540 5820 5820
10628 CONNECTION 661 1099 300 540 5820 5820
10629 CONNECTION 661 146 300 1320 4500 4500
10630 CONNECTION 661 179 300 1320 4800 4800
10631 CONNECTION 661 344 300 1320 4800 4800
10632 CONNECTION 661 797 300 1320 4500 4500
10633 CONNECTION 661 906 300 1320 4500 4500
10634 CONNECTION 661 620 300 2100 6480 6480
10635 CONNECTION 661 968 300 2100 6360 6360
10636 CONNECTION 661 398 300 3120 6300 6300
10637 CONNECTION 661 596 300 3120 6600 6600
10638 CONNECTION 661 100 300 3900 8280 8280
10639 CONNECTION 661 119 300 4140 9420 9420
10640 CONNECTION 661 928 300 4140 9420 9420
10641 SINK 661 2 -1 -1 300 300
10642 CONNECTION 1092 1093 -1 -1 1020 1020
10643 CONNECTION 1092 1103 -1 -1 2760 2760
10644 CONNECTION 1092 230 -1 -1 3240 3240
10645 CONNECTION 1092 637 -1 -1 3960 3960
10646 CONNECTION 1092 256 -1 -1 2820 2820
10647 CONNECTION 1092 17 -1 -1 4740 4740
10648 CONNECTION 1092 696 -1 -1 3060 3060
10649 CONNECTION 1092 206 -1 -1 4560 4560
10650 CONNECTION 1092 502 300 480 5040 5040
10651 CONNECTION 1092 314 300 540 3840 3840
10652 CONNECTION 1092 1045 300 840 6120 6120
10653 CONNECTION 1092 568 300 1320 4620 4620
10654 CONNECTION 1092 1110 300 1500 6780 6780
10655 CONNECTION 1092 474 300 1800 6360 6360
10656 CONNECTION 1092 746 300 2280 6840 6840
10657 CONNECTION 1092 1021 300 2460 7560 7560
10658 CONNECTION 1092 1100 300 2460 7560 7560
10659 CONNECTION 1092 770 300 3120 6420 6420
10660 CONNECTION 1092 543 300 3240 8340 8340
10661 CONNECTION 1092 180 300 3360 6660 6660
10662 CONNECTION 1092 726 300 3600 8160 8160
10663 CONNECTION 1092 232 300 4080 8640 8640
10664 CONNECTION 1092 824 300 4140 7440 7440
10665 CONNECTION 1092 424 300 4440 9720 9720
10666 CONNECTION 229 74 -1 -1 1980 1980
10667 CONNECTION 229 883 -1 -1 1680 1680
10668 CONNECTION 229 368 -1 -1 3660 3660
10669 CONNECTION 229 447 -1 -1 4800 4800
10670 CONNECTION 229 1020 -1 -1 4800 4800
10671 CONNECTION 229 1099 -1 -1 4800 4800
10672 CONNECTION 229 146 -1 -1 3480 3480
10673 CONNECTION 229 179 -1 -1 3780 3780
10674 CONNECTION 229 344 -1 -1 3780 3780
10675 CONNECTION 229 797 -1 -1 3480 3480
10676 CONNECTION 229 906 -1 -1 3480 3480
10677 CONNECTION 229 620 300 1080 5460 5460
10678 CONNECTION 229 968 300 1080 5340 5340
10679 CONNECTION 229 398 300 2100 5280 5280
10680 CONNECTION 229 596 300 2100 5580 5580
10681 CONNECTION 229 100 300 2880 7260 7260
10682 CONNECTION 229 119 300 3120 8400 8400
10683 CONNECTION 229 928 300 3120 8400 8400
10684 CONNECTION 229 291 300 3900 7080 7080
10685 CONNECTION 229 666 300 3900 7080 7080
10686 CONNECTION 229 699 300 3900 7380 7380
10687 CONNECTION 229 851 300 3900 7380 7380
10688 CONNECTION 229 1046 300 3900 7080 7080
10689 CONNECTION 229 370 300 4680 9060 9060
10690 CONNECTION 229 1111 300 4680 8940 8940
10691 SINK 229 2 -1 -1 300 300
10692 CONNECTION 254 255 -1 -1 2280 2280
10693 CONNECTION 254 619 -1 -1 2880 2880
10694 CONNECTION 254 948 -1 -1 3120 3120
10695 CONNECTION 254 567 -1 -1 4080 4080
10696 CONNECTION 254 745 -1 -1 4020 4020
10697 CONNECTION 254 99 -1 -1 4680 4680
10698 CONNECTION 254 1104 300 960 4920 4920
10699 CONNECTION 254 769 300 1320 5880 5880
10700 CONNECTION 254 231 300 1440 5820 5820
10701 CONNECTION 254 369 300 1920 6480 6480
10702 CONNECTION 254 207 300 2760 6720 6720
10703 CONNECTION 254 995 300 3120 7680 7680
10704 CONNECTION 254 503 300 3240 7620 7620
10705 CONNECTION 254 621 300 3720 8280 8280
10706 CONNECTION 254 475 300 4560 8520 8520
10707 CONNECTION 618 619 -1 -1 2400 2400
10708 CONNECTION 618 948 -1 -1 2640 2640
10709 CONNECTION 618 567 -1 -1 3600 3600
10710 CONNECTION 618 745 -1 -1 3540 3540
10711 CONNECTION 618 99 -1 -1 4200 4200
10712 CONNECTION 618 1104 300 480 4440 4440
10713 CONNECTION 618 769 300 840 5400 5400
10714 CONNECTION 618 231 300 960 5340 5340
10715 CONNECTION 618 369 300 1440 6000 6000
10716 CONNECTION 618 207 300 2280 6240 6240
10717 CONNECTION 618 995 300 2640 7200 7200
10718 CONNECTION 618 503 300 2760 7140 7140
10719 CONNECTION 618 621 300 3240 7800 7800
10720 CONNECTION 618 475 300 4080 8040 8040
10721 CONNECTION 618 45 300 4440 9000 9000
10722 CONNECTION 618 1106 300 4440 9000 9000
10723 CONNECTION 618 747 300 4560 8940 8940
10724 CONNECTION 395 594 -1 -1 3060 3060
10725 CONNECTION 395 541 -1 -1 4140 4140
10726 CONNECTION 395 849 -1 -1 4860 4860
10727 CONNECTION 395 76 300 2040 6660 6660
10728 CONNECTION 395 18 300 3480 7740 7740
10729 CONNECTION 395 346 300 3840 8460 8460
10730 CONNECTION 694 695 -1 -1 1200 1200
10731 CONNECTION 694 98 -1 -1 2880 2880
10732 CONNECTION 694 519 -1 -1 2760 2760
10733 CONNECTION 694 74 -1 -1 3000 3000
10734 CONNECTION 694 883 -1 -1 2700 2700
10735 CONNECTION 694 368 -1 -1 4680 4680
10736 CONNECTION 694 447 300 540 5820 5820
10737 CONNECTION 694 1020 300 540 5820 5820
10738 CONNECTION 694 1099 300 540 5820 5820
10739 CONNECTION 694 146 300 1320 4500 4500
10740 CONNECTION 694 179 300 1320 4800 4800
10741 CONNECTION 694 344 300 1320 4800 4800
10742 CONNECTION 694 797 300 1320 4500 4500
10743 CONNECTION 694 906 300 1320 4500 4500
10744 CONNECTION 694 620 300 2100 6480 6480
10745 CONNECTION 694 968 300 2100 6360 6360
10746 CONNECTION 694 398 300 3120 6300 6300
10747 CONNECTION 694 596 300 3120 6600 6600
10748 CONNECTION 694 100 300 3900 8280 8280
10749 CONNECTION 694 119 300 4140 9420 9420
10750 CONNECTION 694 928 300 4140 9420 9420
10751 SINK 694 2 -1 -1 300 300
10752 CONNECTION 846 847 -1 -1 1200 1200
10753 CONNECTION 846 98 -1 -1 2880 2880
10754 CONNECTION 846 519 -1 -1 2760 2760
10755 CONNECTION 846 74 -1 -1 3000 3000
10756 CONNECTION 846 883 -1 -1 2700 2700
10757 CONNECTION 846 368 -1 -1 4680 4680
10758 CONNECTION 846 447 300 540 5820 5820
10759 CONNECTION 846 1020 300 540 5820 5820
10760 CONNECTION 846 1099 300 540 5820 5820
10761 CONNECTION 846 146 300 1320 4500 4500
10762 CONNECTION 846 179 300 1320 4800 4800
10763 CONNECTION 846 344 300 1320 4800 4800
10764 CONNECTION 846 797 300 1320 4500 4500
10765 CONNECTION 846 906 300 1320 4500 4500
10766 CONNECTION 846 620 300 2100 6480 6480
10767 CONNECTION 846 968 300 2100 6360 6360
10768 CONNECTION 846 398 300 3120 6300 6300
10769 CONNECTION 846 596 300 3120 6600 6600
10770 CONNECTION 846 100 300 3900 8280 8280
10771 CONNECTION 846 119 300 4140 9420 9420
10772 CONNECTION 846 928 300 4140 9420 9420
10773 SINK 846 2 -1 -1 300 300
10774 CONNECTION 636 637 -1 -1 2820 2820
10775 CONNECTION 636 256 -1 -1 1680 1680
10776 CONNECTION 636 17 -1 -1 3600 3600
10777 CONNECTION 636 696 -1 -1 1920 1920
10778 CONNECTION 636 206 -1 -1 3420 3420
10779 CONNECTION 636 502 -1 -1 3900 3900
10780 CONNECTION 636 314 -1 -1 2700 2700
10781 CONNECTION 636 1045 -1 -1 4980 4980
10782 CONNECTION 636 568 -1 -1 3480 3480
10783 CONNECTION 636 1110 300 360 5640 5640
10784 CONNECTION 636 474 300 660 5220 5220
10785 CONNECTION 636 746 300 1140 5700 5700
10786 CONNECTION 636 1021 300 1320 6420 6420
10787 CONNECTION 636 1100 300 1320 6420 6420
10788 CONNECTION 636 770 300 1980 5280 5280
10789 CONNECTION 636 543 300 2100 7200 7200
10790 CONNECTION 636 180 300 2220 5520 5520
10791 CONNECTION 636 726 300 2460 7020 7020
10792 CONNECTION 636 232 300 2940 7500 7500
10793 CONNECTION 636 824 300 3000 6300 6300
10794 CONNECTION 636 424 300 3300 8580 8580
10795 CONNECTION 636 996 300 3780 7080 7080
10796 CONNECTION 636 521 300 3960 9240 9240
10797 CONNECTION 636 951 300 4260 8820 8820
10798 CONNECTION 636 504 300 4740 9300 9300
10799 CONNECTION 1064 256 -1 -1 1680 1680
10800 CONNECTION 1064 17 -1 -1 3600 3600
10801 CONNECTION 1064 696 -1 -1 1920 1920
10802 CONNECTION 1064 206 -1 -1 3420 3420
10803 CONNECTION 1064 502 -1 -1 3900 3900
10804 CONNECTION 1064 314 -1 -1 2700 2700
10805 CONNECTION 1064 1045 -1 -1 4980 4980
10806 CONNECTION 1064 568 -1 -1 3480 3480
10807 CONNECTION 1064 1110 300 360 5640 5640
10808 CONNECTION 1064 474 300 660 5220 5220
10809 CONNECTION 1064 746 300 1140 5700 5700
10810 CONNECTION 1064 1021 300 1320 6420 6420
10811 CONNECTION 1064 1100 300 1320 6420 6420
10812 CONNECTION 1064 770 300 1980 5280 5280
10813 CONNECTION 1064 543 300 2100 7200 7200
10814 CONNECTION 1064 180 300 2220 5520 5520
10815 CONNECTION 1064 726 300 2460 7020 7020
10816 CONNECTION 1064 232 300 2940 7500 7500
10817 CONNECTION 1064 824 300 3000 6300 6300
10818 CONNECTION 1064 424 300 3300 8580 8580
10819 CONNECTION 1064 996 300 3780 7080 7080
10820 CONNECTION 1064 521 300 3960 9240 9240
10821 CONNECTION 1064 951 300 4260 8820 8820
10822 CONNECTION 1064 504 300 4740 9300 9300
10823 CONNECTION 992 993 -1 -1 2880 2880
10824 CONNECTION 992 822 -1 -1 3000 3000
10825 CONNECTION 992 16 -1 -1 2700 2700
10826 CONNECTION 992 43 -1 -1 4680 4680
10827 CONNECTION 992 1094 -1 -1 4680 4680
10828 CONNECTION 992 205 -1 -1 3060 3060
10829 CONNECTION 992 423 300 480 5640 5640
10830 CONNECTION 992 289 300 600 3900 3900
10831 CONNECTION 992 926 300 780 5220 5220
10832 CONNECTION 992 257 300 1320 6480 6480
10833 CONNECTION 992 473 300 1560 4860 4860
10834 CONNECTION 992 697 300 1560 6000 6000
10835 CONNECTION 992 315 300 2340 6600 6600
10836 CONNECTION 992 542 300 3000 6300 6300
10837 CONNECTION 992 569 300 3120 8280 8280
10838 CONNECTION 992 725 300 3360 6660 6660
10839 CONNECTION 992 908 300 4080 9240 9240
10840 CONNECTION 992 799 300 4200 7500 7500
10841 CONNECTION 992 1066 300 4380 8820 8820
10842 CONNECTION 367 637 -1 -1 3360 3360
10843 CONNECTION 367 256 -1 -1 2220 2220
10844 CONNECTION 367 17 -1 -1 4140 4140
10845 CONNECTION 367 696 -1 -1 2460 2460
10846 CONNECTION 367 206 -1 -1 3960 3960
10847 CONNECTION 367 502 -1 -1 4440 4440
10848 CONNECTION 367 314 -1 -1 3240 3240
10849 CONNECTION 367 1045 -1 -1 5520 5520
10850 CONNECTION 367 568 300 720 4020 4020
10851 CONNECTION 367 1110 300 900 6180 6180
10852 CONNECTION 367 474 300 1200 5760 5760
10853 CONNECTION 367 746 300 1680 6240 6240
10854 CONNECTION 367 1021 300 1860 6960 6960
10855 CONNECTION 367 1100 300 1860 6960 6960
10856 CONNECTION 367 770 300 2520 5820 5820
10857 CONNECTION 367 543 300 2640 7740 7740
10858 CONNECTION 367 180 300 2760 6060 6060
10859 CONNECTION 367 726 300 3000 7560 7560
10860 CONNECTION 367 232 300 3480 8040 8040
10861 CONNECTION 367 824 300 3540 6840 6840
10862 CONNECTION 367 424 300 3840 9120 9120
10863 CONNECTION 367 996 300 4320 7620 7620
10864 CONNECTION 367 521 300 4500 9780 9780
10865 CONNECTION 367 951 300 4800 9360 9360
10866 CONNECTION 540 823 -1 -1 5280 5280
10867 CONNECTION 540 520 300 1140 6240 6240
10868 CONNECTION 540 316 300 3780 8880 8880
10869 CONNECTION 540 969 300 4740 9840 9840
10870 CONNECTION 204 205 -1 -1 1020 1020
10871 CONNECTION 204 423 -1 -1 3600 3600
10872 CONNECTION 204 289 -1 -1 1860 1860
10873 CONNECTION 204 926 -1 -1 3180 3180
10874 CONNECTION 204 257 -1 -1 4440 4440
10875 CONNECTION 204 473 -1 -1 2820 2820
10876 CONNECTION 204 697 -1 -1 3960 3960
10877 CONNECTION 204 315 -1 -1 4560 4560
10878 CONNECTION 204 542 300 960 4260 4260
10879 CONNECTION 204 569 300 1080 6240 6240
10880 CONNECTION 204 725 300 1320 4620 4620
10881 CONNECTION 204 908 300 2040 7200 7200
10882 CONNECTION 204 799 300 2160 5460 5460
10883 CONNECTION 204 1066 300 2340 6780 6780
10884 CONNECTION 204 771 300 2880 8040 8040
10885 CONNECTION 204 181 300 3120 7560 7560
10886 CONNECTION 204 950 300 3120 6420 6420
10887 CONNECTION 204 825 300 3900 8160 8160
10888 CONNECTION 204 19 300 4560 7860 7860
10889 CONNECTION 204 997 300 4680 9840 9840
10890 CONNECTION 593 768 -1 -1 2580 2580
10891 CONNECTION 593 664 -1 -1 4260 4260
10892 CONNECTION 593 994 300 420 4380 4380
10893 CONNECTION 593 118 300 540 4800 4800
10894 CONNECTION 593 885 300 1620 6060 6060
10895 CONNECTION 593 44 300 2220 6180 6180
10896 CONNECTION 593 1105 300 2220 6180 6180
10897 CONNECTION 593 148 300 3420 7860 7860
10898 CONNECTION 593 258 300 4020 7980 7980
10899 CONNECTION 593 638 300 4140 8400 8400
10900 CONNECTION 1044 724 -1 -1 3600 3600
10901 CONNECTION 1044 1065 -1 -1 4620 4620
10902 CONNECTION 1044 949 -1 -1 5400 5400
10903 CONNECTION 1044 1115 300 2040 7200 7200
10904 CONNECTION 1044 448 300 3060 8220 8220
10905 CONNECTION 1044 208 300 3840 9000 9000
10906 CONNECTION 176 177 -1 -1 2160 2160
10907 CONNECTION 176 822 -1 -1 2760 2760
10908 CONNECTION 176 16 -1 -1 2460 2460
10909 CONNECTION 176 43 -1 -1 4440 4440
10910 CONNECTION 176 1094 -1 -1 4440 4440
10911 CONNECTION 176 205 -1 -1 2820 2820
10912 CONNECTION 176 423 -1 -1 5400 5400
10913 CONNECTION 176 289 300 360 3660 3660
10914 CONNECTION 176 926 300 540 4980 4980
10915 CONNECTION 176 257 300 1080 6240 6240
10916 CONNECTION 176 473 300 1320 4620 4620
10917 CONNECTION 176 697 300 1320 5760 5760
10918 CONNECTION 176 315 300 2100 6360 6360
10919 CONNECTION 176 542 300 2760 6060 6060
10920 CONNECTION 176 569 300 2880 8040 8040
10921 CONNECTION 176 725 300 3120 6420 6420
10922 CONNECTION 176 908 300 3840 9000 9000
10923 CONNECTION 176 799 300 3960 7260 7260
10924 CONNECTION 176 1066 300 4140 8580 8580
10925 CONNECTION 176 771 300 4680 9840 9840
10926 CONNECTION 795 42 -1 -1 1500 1500
10927 CONNECTION 795 1093 -1 -1 1500 1500
10928 CONNECTION 795 967 -1 -1 3660 3660
10929 CONNECTION 795 1103 -1 -1 3240 3240
10930 CONNECTION 795 230 -1 -1 3720 3720
10931 CONNECTION 795 637 -1 -1 4440 4440
10932 CONNECTION 795 256 -1 -1 3300 3300
10933 CONNECTION 795 17 -1 -1 5220 5220
10934 CONNECTION 795 696 -1 -1 3540 3540
10935 CONNECTION 795 206 300 480 5040 5040
10936 CONNECTION 795 502 300 960 5520 5520
10937 CONNECTION 795 314 300 1020 4320 4320
10938 CONNECTION 795 1045 300 1320 6600 6600
10939 CONNECTION 795 568 300 1800 5100 5100
10940 CONNECTION 795 1110 300 1980 7260 7260
10941 CONNECTION 795 474 300 2280 6840 6840
10942 CONNECTION 795 746 300 2760 7320 7320
10943 CONNECTION 795 1021 300 2940 8040 8040
10944 CONNECTION 795 1100 300 2940 8040 8040
10945 CONNECTION 795 770 300 3600 6900 6900
10946 CONNECTION 795 543 300 3720 8820 8820
10947 CONNECTION 795 180 300 3840 7140 7140
10948 CONNECTION 795 726 300 4080 8640 8640
10949 CONNECTION 795 232 300 4560 9120 9120
10950 CONNECTION 795 824 300 4620 7920 7920
10951 CONNECTION 445 446 -1 -1 900 900
10952 CONNECTION 445 178 -1 -1 1680 1680
10953 CONNECTION 445 343 -1 -1 1680 1680
10954 CONNECTION 445 884 -1 -1 3120 3120
10955 CONNECTION 445 147 -1 -1 4920 4920
10956 CONNECTION 445 595 -1 -1 3480 3480
10957 CONNECTION 445 907 -1 -1 4740 4740
10958 CONNECTION 445 798 300 420 4860 4860
10959 CONNECTION 445 927 300 1320 4500 4500
10960 CONNECTION 445 399 300 2100 6720 6720
10961 CONNECTION 445 698 300 2100 5280 5280
10962 CONNECTION 445 850 300 2100 5280 5280
10963 CONNECTION 445 77 300 3900 7080 7080
10964 CONNECTION 445 667 300 3900 8520 8520
10965 CONNECTION 445 1047 300 3900 8340 8340
10966 CONNECTION 445 292 300 4020 8460 8460
10967 CONNECTION 947 948 -1 -1 1680 1680
10968 CONNECTION 947 745 -1 -1 2580 2580
10969 CONNECTION 947 99 -1 -1 3240 3240
10970 CONNECTION 947 1104 -1 -1 3480 3480
10971 CONNECTION 947 769 -1 -1 4440 4440
10972 CONNECTION 947 231 -1 -1 4380 4380
10973 CONNECTION 947 369 300 480 5040 5040
10974 CONNECTION 947 207 300 1320 5280 5280
10975 CONNECTION 947 995 300 1680 6240 6240
10976 CONNECTION 947 503 300 1800 6180 6180
10977 CONNECTION 947 621 300 2280 6840 6840
10978 CONNECTION 947 475 300 3120 7080 7080
10979 CONNECTION 947 45 300 3480 8040 8040
10980 CONNECTION 947 1106 300 3480 8040 8040
10981 CONNECTION 947 747 300 3600 7980 7980
10982 CONNECTION 947 101 300 4080 8640 8640
10983 CONNECTION 15 16 -1 -1 1020 1020
10984 CONNECTION 15 423 -1 -1 3960 3960
10985 CONNECTION 15 289 -1 -1 2220 2220
10986 CONNECTION 15 926 -1 -1 3540 3540
10987 CONNECTION 15 257 -1 -1 4800 4800
10988 CONNECTION 15 473 -1 -1 3180 3180
10989 CONNECTION 15 697 -1 -1 4320 4320
10990 CONNECTION 15 315 300 660 4920 4920
10991 CONNECTION 15 542 300 1320 4620 4620
10992 CONNECTION 15 569 300 1440 6600 6600
10993 CONNECTION 15 725 300 1680 4980 4980
10994 CONNECTION 15 908 300 2400 7560 7560
10995 CONNECTION 15 799 300 2520 5820 5820
10996 CONNECTION 15 1066 300 2700 7140 7140
10997 CONNECTION 15 771 300 3240 8400 8400
10998 CONNECTION 15 181 300 3480 7920 7920
10999 CONNECTION 15 950 300 3480 6780 6780
11000 CONNECTION 15 825 300 4260 8520 8520
11001 CONNECTION 287 288 -1 -1 2280 2280
11002 CONNECTION 287 446 -1 -1 1920 1920
11003 CONNECTION 287 178 -1 -1 2700 2700
11004 CONNECTION 287 343 -1 -1 2700 2700
11005 CONNECTION 287 884 -1 -1 4140 4140
11006 CONNECTION 287 147 300 1320 5940 5940
11007 CONNECTION 287 595 300 1320 4500 4500
11008 CONNECTION 287 907 300 1320 5760 5760
11009 CONNECTION 287 798 300 1440 5880 5880
11010 CONNECTION 287 927 300 2340 5520 5520
11011 CONNECTION 287 399 300 3120 7740 7740
11012 CONNECTION 287 698 300 3120 6300 6300
11013 CONNECTION 287 850 300 3120 6300 6300
11014 CONNECTION 421 422 -1 -1 2160 2160
11015 CONNECTION 421 446 -1 -1 1920 1920
11016 CONNECTION 421 178 -1 -1 2700 2700
11017 CONNECTION 421 343 -1 -1 2700 2700
11018 CONNECTION 421 884 -1 -1 4140 4140
11019 CONNECTION 421 147 300 1320 5940 5940
11020 CONNECTION 421 595 300 1320 4500 4500
11021 CONNECTION 421 907 300 1320 5760 5760
11022 CONNECTION 421 798 300 1440 5880 5880
11023 CONNECTION 421 927 300 2340 5520 5520
11024 CONNECTION 421 399 300 3120 7740 7740
11025 CONNECTION 421 698 300 3120 6300 6300
11026 CONNECTION 421 850 300 3120 6300 6300
11027 CONNECTION 662 663 -1 -1 2340 2340
11028 CONNECTION 662 446 -1 -1 1920 1920
11029 CONNECTION 662 178 -1 -1 2700 2700
11030 CONNECTION 662 343 -1 -1 2700 2700
11031 CONNECTION 662 884 -1 -1 4140 4140
11032 CONNECTION 662 147 300 1320 5940 5940
11033 CONNECTION 662 595 300 1320 4500 4500
11034 CONNECTION 662 907 300 1320 5760 5760
11035 CONNECTION 662 798 300 1440 5880 5880
11036 CONNECTION 662 927 300 2340 5520 5520
11037 CONNECTION 662 399 300 3120 7740 7740
11038 CONNECTION 662 698 300 3120 6300 6300
11039 CONNECTION 662 850 300 3120 6300 6300
11040 CONNECTION 695 145 -1 -1 2400 2400
11041 CONNECTION 695 796 -1 -1 2400 2400
11042 CONNECTION 695 75 -1 -1 4020 4020
11043 CONNECTION 695 397 300 720 4200 4200
11044 CONNECTION 695 345 300 1380 5820 5820
11045 CONNECTION 695 290 300 2520 6000 6000
11046 CONNECTION 695 665 300 2520 6000 6000
11047 CONNECTION 695 597 300 3180 7620 7620
11048 CONNECTION 695 886 300 4320 7800 7800
11049 CONNECTION 847 848 -1 -1 2220 2220
11050 CONNECTION 847 145 -1 -1 2400 2400
11051 CONNECTION 847 796 -1 -1 2400 2400
11052 CONNECTION 847 75 -1 -1 4020 4020
11053 CONNECTION 847 397 300 720 4200 4200
11054 CONNECTION 847 345 300 1380 5820 5820
11055 CONNECTION 847 290 300 2520 6000 6000
11056 CONNECTION 847 665 300 2520 6000 6000
11057 CONNECTION 847 597 300 3180 7620 7620
11058 CONNECTION 847 886 300 4320 7800 7800
11059 CONNECTION 144 145 -1 -1 1320 1320
11060 CONNECTION 144 75 -1 -1 2940 2940
11061 CONNECTION 144 397 -1 -1 3120 3120
11062 CONNECTION 144 345 -1 -1 4740 4740
11063 CONNECTION 144 290 300 1440 4920 4920
11064 CONNECTION 144 665 300 1440 4920 4920
11065 CONNECTION 144 597 300 2100 6540 6540
11066 CONNECTION 144 886 300 3240 6720 6720
11067 CONNECTION 144 852 300 3900 8340 8340
11068 CONNECTION 723 768 -1 -1 2280 2280
11069 CONNECTION 723 664 -1 -1 3960 3960
11070 CONNECTION 723 994 -1 -1 4080 4080
11071 CONNECTION 723 118 -1 -1 4500 4500
11072 CONNECTION 723 885 300 1320 5760 5760
11073 CONNECTION 723 44 300 1920 5880 5880
11074 CONNECTION 723 1105 300 1920 5880 5880
11075 CONNECTION 723 148 300 3120 7560 7560
11076 CONNECTION 723 258 300 3720 7680 7680
11077 CONNECTION 723 638 300 3840 8100 8100
11078 CONNECTION 744 745 -1 -1 2100 2100
11079 CONNECTION 744 99 -1 -1 2760 2760
11080 CONNECTION 744 1104 -1 -1 3000 3000
11081 CONNECTION 744 769 -1 -1 3960 3960
11082 CONNECTION 744 231 -1 -1 3900 3900
11083 CONNECTION 744 369 -1 -1 4560 4560
11084 CONNECTION 744 207 300 840 4800 4800
11085 CONNECTION 744 995 300 1200 5760 5760
11086 CONNECTION 744 503 300 1320 5700 5700
11087 CONNECTION 744 621 300 1800 6360 6360
11088 CONNECTION 744 475 300 2640 6600 6600
11089 CONNECTION 744 45 300 3000 7560 7560
11090 CONNECTION 744 1106 300 3000 7560 7560
11091 CONNECTION 744 747 300 3120 7500 7500
11092 CONNECTION 744 101 300 3600 8160 8160
11093 CONNECTION 744 727 300 4440 8400 8400
11094 CONNECTION 744 259 300 4800 9360 9360
11095 CONNECTION 821 822 -1 -1 1980 1980
11096 CONNECTION 821 16 -1 -1 1680 1680
11097 CONNECTION 821 43 -1 -1 3660 3660
11098 CONNECTION 821 1094 -1 -1 3660 3660
11099 CONNECTION 821 205 -1 -1 2040 2040
11100 CONNECTION 821 423 -1 -1 4620 4620
11101 CONNECTION 821 289 -1 -1 2880 2880
11102 CONNECTION 821 926 -1 -1 4200 4200
11103 CONNECTION 821 257 -1 -1 5460 5460
11104 CONNECTION 821 473 300 540 3840 3840
11105 CONNECTION 821 697 300 540 4980 4980
11106 CONNECTION 821 315 300 1320 5580 5580
11107 CONNECTION 821 542 300 1980 5280 5280
11108 CONNECTION 821 569 300 2100 7260 7260
11109 CONNECTION 821 725 300 2340 5640 5640
11110 CONNECTION 821 908 300 3060 8220 8220
11111 CONNECTION 821 799 300 3180 6480 6480
11112 CONNECTION 821 1066 300 3360 7800 7800
11113 CONNECTION 821 771 300 3900 9060 9060
11114 CONNECTION 821 181 300 4140 8580 8580
11115 CONNECTION 821 950 300 4140 7440 7440
11116 CONNECTION 993 1065 -1 -1 3780 3780
11117 CONNECTION 993 949 -1 -1 4560 4560
11118 CONNECTION 993 1115 300 1200 6360 6360
11119 CONNECTION 993 448 300 2220 7380 7380
11120 CONNECTION 993 208 300 3000 8160 8160
11121 CONNECTION 993 476 300 4800 9960 9960
11122 CONNECTION 342 343 -1 -1 900 900
11123 CONNECTION 342 147 -1 -1 4140 4140
11124 CONNECTION 342 595 -1 -1 2700 2700
11125 CONNECTION 342 907 -1 -1 3960 3960
11126 CONNECTION 342 798 -1 -1 4080 4080
11127 CONNECTION 342 927 300 540 3720 3720
11128 CONNECTION 342 399 300 1320 5940 5940
11129 CONNECTION 342 698 300 1320 4500 4500
11130 CONNECTION 342 850 300 1320 4500 4500
11131 CONNECTION 342 77 300 3120 6300 6300
11132 CONNECTION 342 667 300 3120 7740 7740
11133 CONNECTION 342 1047 300 3120 7560 7560
11134 CONNECTION 342 292 300 3240 7680 7680
11135 CONNECTION 342 1067 300 4140 7320 7320
11136 CONNECTION 925 926 -1 -1 2160 2160
11137 CONNECTION 925 257 -1 -1 3420 3420
11138 CONNECTION 925 473 -1 -1 1800 1800
11139 CONNECTION 925 697 -1 -1 2940 2940
11140 CONNECTION 925 315 -1 -1 3540 3540
11141 CONNECTION 925 542 -1 -1 3240 3240
11142 CONNECTION 925 569 -1 -1 5220 5220
11143 CONNECTION 925 725 -1 -1 3600 3600
11144 CONNECTION 925 908 300 1020 6180 6180
11145 CONNECTION 925 799 300 1140 4440 4440
11146 CONNECTION 925 1066 300 1320 5760 5760
11147 CONNECTION 925 771 300 1860 7020 7020
11148 CONNECTION 925 181 300 2100 6540 6540
11149 CONNECTION 925 950 300 2100 5400 5400
11150 CONNECTION 925 825 300 2880 7140 7140
11151 CONNECTION 925 19 300 3540 6840 6840
11152 CONNECTION 925 997 300 3660 8820 8820
11153 CONNECTION 925 1116 300 3900 7200 7200
11154 CONNECTION 925 1048 300 4620 9780 9780
11155 CONNECTION 925 293 300 4740 8040 8040
11156 CONNECTION 177 178 -1 -1 900 900
11157 CONNECTION 177 147 -1 -1 4140 4140
11158 CONNECTION 177 595 -1 -1 2700 2700
11159 CONNECTION 177 907 -1 -1 3960 3960
11160 CONNECTION 177 798 -1 -1 4080 4080
11161 CONNECTION 177 927 300 540 3720 3720
11162 CONNECTION 177 399 300 1320 5940 5940
11163 CONNECTION 177 698 300 1320 4500 4500
11164 CONNECTION 177 850 300 1320 4500 4500
11165 CONNECTION 177 77 300 3120 6300 6300
11166 CONNECTION 177 667 300 3120 7740 7740
11167 CONNECTION 177 1047 300 3120 7560 7560
11168 CONNECTION 177 292 300 3240 7680 7680
11169 CONNECTION 177 1067 300 4140 7320 7320
11170 CONNECTION 1102 1103 -1 -1 2280 2280
11171 CONNECTION 1102 230 -1 -1 2760 2760
11172 CONNECTION 1102 637 -1 -1 3480 3480
11173 CONNECTION 1102 256 -1 -1 2340 2340
11174 CONNECTION 1102 17 -1 -1 4260 4260
11175 CONNECTION 1102 696 -1 -1 2580 2580
11176 CONNECTION 1102 206 -1 -1 4080 4080
11177 CONNECTION 1102 502 -1 -1 4560 4560
11178 CONNECTION 1102 314 -1 -1 3360 3360
11179 CONNECTION 1102 1045 300 360 5640 5640
11180 CONNECTION 1102 568 300 840 4140 4140
11181 CONNECTION 1102 1110 300 1020 6300 6300
11182 CONNECTION 1102 474 300 1320 5880 5880
11183 CONNECTION 1102 746 300 1800 6360 6360
11184 CONNECTION 1102 1021 300 1980 7080 7080
11185 CONNECTION 1102 1100 300 1980 7080 7080
11186 CONNECTION 1102 770 300 2640 5940 5940
11187 CONNECTION 1102 543 300 2760 7860 7860
11188 CONNECTION 1102 180 300 2880 6180 6180
11189 CONNECTION 1102 726 300 3120 7680 7680
11190 CONNECTION 1102 232 300 3600 8160 8160
11191 CONNECTION 1102 824 300 3660 6960 6960
11192 CONNECTION 1102 424 300 3960 9240 9240
11193 CONNECTION 1102 996 300 4440 7740 7740
11194 CONNECTION 1102 521 300 4620 9900 9900
11195 CONNECTION 255 256 -1 -1 1020 1020
11196 CONNECTION 255 206 -1 -1 2760 2760
11197 CONNECTION 255 502 -1 -1 3240 3240
11198 CONNECTION 255 314 -1 -1 2040 2040
11199 CONNECTION 255 1045 -1 -1 4320 4320
11200 CONNECTION 255 568 -1 -1 2820 2820
11201 CONNECTION 255 1110 -1 -1 4980 4980
11202 CONNECTION 255 474 -1 -1 4560 4560
11203 CONNECTION 255 746 300 480 5040 5040
11204 CONNECTION 255 1021 300 660 5760 5760
11205 CONNECTION 255 1100 300 660 5760 5760
11206 CONNECTION 255 770 300 1320 4620 4620
11207 CONNECTION 255 543 300 1440 6540 6540
11208 CONNECTION 255 180 300 1560 4860 4860
11209 CONNECTION 255 726 300 1800 6360 6360
11210 CONNECTION 255 232 300 2280 6840 6840
11211 CONNECTION 255 824 300 2340 5640 5640
11212 CONNECTION 255 424 300 2640 7920 7920
11213 CONNECTION 255 996 300 3120 6420 6420
11214 CONNECTION 255 521 300 3300 8580 8580
11215 CONNECTION 255 951 300 3600 8160 8160
11216 CONNECTION 255 504 300 4080 8640 8640
11217 CONNECTION 255 120 300 4260 9360 9360
11218 CONNECTION 882 883 -1 -1 900 900
11219 CONNECTION 882 368 -1 -1 2880 2880
11220 CONNECTION 882 447 -1 -1 4020 4020
11221 CONNECTION 882 1020 -1 -1 4020 4020
11222 CONNECTION 882 1099 -1 -1 4020 4020
11223 CONNECTION 882 146 -1 -1 2700 2700
11224 CONNECTION 882 179 -1 -1 3000 3000
11225 CONNECTION 882 344 -1 -1 3000 3000
11226 CONNECTION 882 797 -1 -1 2700 2700
11227 CONNECTION 882 906 -1 -1 2700 2700
11228 CONNECTION 882 620 -1 -1 4680 4680
11229 CONNECTION 882 968 -1 -1 4560 4560
11230 CONNECTION 882 398 300 1320 4500 4500
11231 CONNECTION 882 596 300 1320 4800 4800
11232 CONNECTION 882 100 300 2100 6480 6480
11233 CONNECTION 882 119 300 2340 7620 7620
11234 CONNECTION 882 928 300 2340 7620 7620
11235 CONNECTION 882 291 300 3120 6300 6300
11236 CONNECTION 882 666 300 3120 6300 6300
11237 CONNECTION 882 699 300 3120 6600 6600
11238 CONNECTION 882 851 300 3120 6600 6600
11239 CONNECTION 882 1046 300 3120 6300 6300
11240 CONNECTION 882 370 300 3900 8280 8280
11241 CONNECTION 882 1111 300 3900 8160 8160
11242 SINK 882 2 -1 -1 300 300
11243 CONNECTION 905 906 -1 -1 900 900
11244 CONNECTION 905 620 -1 -1 2880 2880
11245 CONNECTION 905 968 -1 -1 2760 2760
11246 CONNECTION 905 398 -1 -1 2700 2700
11247 CONNECTION 905 596 -1 -1 3000 3000
11248 CONNECTION 905 100 -1 -1 4680 4680
11249 CONNECTION 905 119 300 540 5820 5820
11250 CONNECTION 905 928 300 540 5820 5820
11251 CONNECTION 905 291 300 1320 4500 4500
11252 CONNECTION 905 666 300 1320 4500 4500
11253 CONNECTION 905 699 300 1320 4800 4800
11254 CONNECTION 905 851 300 1320 4800 4800
11255 CONNECTION 905 1046 300 1320 4500 4500
11256 CONNECTION 905 370 300 2100 6480 6480
11257 CONNECTION 905 1111 300 2100 6360 6360
11258 CONNECTION 905 78 300 3120 6600 6600
11259 CONNECTION 905 887 300 3120 6300 6300
11260 CONNECTION 905 622 300 3900 8280 8280
11261 CONNECTION 905 639 300 4140 9420 9420
11262 CONNECTION 905 1068 300 4140 9420 9420
11263 SINK 905 2 -1 -1 300 300
11264 CONNECTION 501 146 -1 -1 1680 1680
11265 CONNECTION 501 179 -1 -1 1980 1980
11266 CONNECTION 501 344 -1 -1 1980 1980
11267 CONNECTION 501 797 -1 -1 1680 1680
11268 CONNECTION 501 906 -1 -1 1680 1680
11269 CONNECTION 501 620 -1 -1 3660 3660
11270 CONNECTION 501 968 -1 -1 3540 3540
11271 CONNECTION 501 398 -1 -1 3480 3480
11272 CONNECTION 501 596 -1 -1 3780 3780
11273 CONNECTION 501 100 300 1080 5460 5460
11274 CONNECTION 501 119 300 1320 6600 6600
11275 CONNECTION 501 928 300 1320 6600 6600
11276 CONNECTION 501 291 300 2100 5280 5280
11277 CONNECTION 501 666 300 2100 5280 5280
11278 CONNECTION 501 699 300 2100 5580 5580
11279 CONNECTION 501 851 300 2100 5580 5580
11280 CONNECTION 501 1046 300 2100 5280 5280
11281 CONNECTION 501 370 300 2880 7260 7260
11282 CONNECTION 501 1111 300 2880 7140 7140
11283 CONNECTION 501 78 300 3900 7380 7380
11284 CONNECTION 501 887 300 3900 7080 7080
11285 CONNECTION 501 622 300 4680 9060 9060
11286 SINK 501 2 -1 -1 300 300
11287 CONNECTION 566 567 -1 -1 2280 2280
11288 CONNECTION 566 99 -1 -1 2880 2880
11289 CONNECTION 566 1104 -1 -1 3120 3120
11290 CONNECTION 566 769 -1 -1 4080 4080
11291 CONNECTION 566 231 -1 -1 4020 4020
11292 CONNECTION 566 369 -1 -1 4680 4680
11293 CONNECTION 566 207 300 960 4920 4920
11294 CONNECTION 566 995 300 1320 5880 5880
11295 CONNECTION 566 503 300 1440 5820 5820
11296 CONNECTION 566 621 300 1920 6480 6480
11297 CONNECTION 566 475 300 2760 6720 6720
11298 CONNECTION 566 45 300 3120 7680 7680
11299 CONNECTION 566 1106 300 3120 7680 7680
11300 CONNECTION 566 747 300 3240 7620 7620
11301 CONNECTION 566 101 300 3720 8280 8280
11302 CONNECTION 566 727 300 4560 8520 8520
11303 CONNECTION 98 99 -1 -1 2400 2400
11304 CONNECTION 98 1104 -1 -1 2640 2640
11305 CONNECTION 98 769 -1 -1 3600 3600
11306 CONNECTION 98 231 -1 -1 3540 3540
11307 CONNECTION 98 369 -1 -1 4200 4200
11308 CONNECTION 98 207 300 480 4440 4440
11309 CONNECTION 98 995 300 840 5400 5400
11310 CONNECTION 98 503 300 960 5340 5340
11311 CONNECTION 98 621 300 1440 6000 6000
11312 CONNECTION 98 475 300 2280 6240 6240
11313 CONNECTION 98 45 300 2640 7200 7200
11314 CONNECTION 98 1106 300 2640 7200 7200
11315 CONNECTION 98 747 300 2760 7140 7140
11316 CONNECTION 98 101 300 3240 7800 7800
11317 CONNECTION 98 727 300 4080 8040 8040
11318 CONNECTION 98 259 300 4440 9000 9000
11319 CONNECTION 98 233 300 4560 8940 8940
11320 CONNECTION 519 664 -1 -1 3120 3120
11321 CONNECTION 519 994 -1 -1 3240 3240
11322 CONNECTION 519 118 -1 -1 3660 3660
11323 CONNECTION 519 885 300 480 4920 4920
11324 CONNECTION 519 44 300 1080 5040 5040
11325 CONNECTION 519 1105 300 1080 5040 5040
11326 CONNECTION 519 148 300 2280 6720 6720
11327 CONNECTION 519 258 300 2880 6840 6840
11328 CONNECTION 519 638 300 3000 7260 7260
11329 CONNECTION 519 400 300 4080 8520 8520
11330 CONNECTION 519 570 300 4680 8640 8640
11331 CONNECTION 1019 1020 -1 -1 3000 3000
11332 CONNECTION 1019 146 -1 -1 1680 1680
11333 CONNECTION 1019 179 -1 -1 1980 1980
11334 CONNECTION 1019 344 -1 -1 1980 1980
11335 CONNECTION 1019 797 -1 -1 1680 1680
11336 CONNECTION 1019 906 -1 -1 1680 1680
11337 CONNECTION 1019 620 -1 -1 3660 3660
11338 CONNECTION 1019 968 -1 -1 3540 3540
11339 CONNECTION 1019 398 -1 -1 3480 3480
11340 CONNECTION 1019 596 -1 -1 3780 3780
11341 CONNECTION 1019 100 300 1080 5460 5460
11342 CONNECTION 1019 119 300 1320 6600 6600
11343 CONNECTION 1019 928 300 1320 6600 6600
11344 CONNECTION 1019 291 300 2100 5280 5280
11345 CONNECTION 1019 666 300 2100 5280 5280
11346 CONNECTION 1019 699 300 2100 5580 5580
11347 CONNECTION 1019 851 300 2100 5580 5580
11348 CONNECTION 1019 1046 300 2100 5280 5280
11349 CONNECTION 1019 370 300 2880 7260 7260
11350 CONNECTION 1019 1111 300 2880 7140 7140
11351 CONNECTION 1019 78 300 3900 7380 7380
11352 CONNECTION 1019 887 300 3900 7080 7080
11353 CONNECTION 1019 622 300 4680 9060 9060
11354 SINK 1019 2 -1 -1 300 300
11355 CONNECTION 1098 1099 -1 -1 3000 3000
11356 CONNECTION 1098 146 -1 -1 1680 1680
11357 CONNECTION 1098 179 -1 -1 1980 1980
11358 CONNECTION 1098 344 -1 -1 1980 1980
11359 CONNECTION 1098 797 -1 -1 1680 1680
11360 CONNECTION 1098 906 -1 -1 1680 1680
11361 CONNECTION 1098 620 -1 -1 3660 3660
11362 CONNECTION 1098 968 -1 -1 3540 3540
11363 CONNECTION 1098 398 -1 -1 3480 3480
11364 CONNECTION 1098 596 -1 -1 3780 3780
11365 CONNECTION 1098 100 300 1080 5460 5460
11366 CONNECTION 1098 119 300 1320 6600 6600
11367 CONNECTION 1098 928 300 1320 6600 6600
11368 CONNECTION 1098 291 300 2100 5280 5280
11369 CONNECTION 1098 666 300 2100 5280 5280
11370 CONNECTION 1098 699 300 2100 5580 5580
11371 CONNECTION 1098 851 300 2100 5580 5580
11372 CONNECTION 1098 1046 300 2100 5280 5280
11373 CONNECTION 1098 370 300 2880 7260 7260
11374 CONNECTION 1098 1111 300 2880 7140 7140
11375 CONNECTION 1098 78 300 3900 7380 7380
11376 CONNECTION 1098 887 300 3900 7080 7080
11377 CONNECTION 1098 622 300 4680 9060 9060
11378 SINK 1098 2 -1 -1 300 300
11379 CONNECTION 73 74 -1 -1 1200 1200
11380 CONNECTION 73 368 -1 -1 2880 2880
11381 CONNECTION 73 447 -1 -1 4020 4020
11382 CONNECTION 73 1020 -1 -1 4020 4020
11383 CONNECTION 73 1099 -1 -1 4020 4020
11384 CONNECTION 73 146 -1 -1 2700 2700
11385 CONNECTION 73 179 -1 -1 3000 3000
11386 CONNECTION 73 344 -1 -1 3000 3000
11387 CONNECTION 73 797 -1 -1 2700 2700
11388 CONNECTION 73 906 -1 -1 2700 2700
11389 CONNECTION 73 620 -1 -1 4680 4680
11390 CONNECTION 73 968 -1 -1 4560 4560
11391 CONNECTION 73 398 300 1320 4500 4500
11392 CONNECTION 73 596 300 1320 4800 4800
11393 CONNECTION 73 100 300 2100 6480 6480
11394 CONNECTION 73 119 300 2340 7620 7620
11395 CONNECTION 73 928 300 2340 7620 7620
11396 CONNECTION 73 291 300 3120 6300 6300
11397 CONNECTION 73 666 300 3120 6300 6300
11398 CONNECTION 73 699 300 3120 6600 6600
11399 CONNECTION 73 851 300 3120 6600 6600
11400 CONNECTION 73 1046 300 3120 6300 6300
11401 CONNECTION 73 370 300 3900 8280 8280
11402 CONNECTION 73 1111 300 3900 8160 8160
11403 SINK 73 2 -1 -1 300 300
11404 CONNECTION 422 423 -1 -1 2880 2880
11405 CONNECTION 422 257 -1 -1 3720 3720
11406 CONNECTION 422 473 -1 -1 2100 2100
11407 CONNECTION 422 697 -1 -1 3240 3240
11408 CONNECTION 422 315 -1 -1 3840 3840
11409 CONNECTION 422 542 -1 -1 3540 3540
11410 CONNECTION 422 569 300 360 5520 5520
11411 CONNECTION 422 725 300 600 3900 3900
11412 CONNECTION 422 908 300 1320 6480 6480
11413 CONNECTION 422 799 300 1440 4740 4740
11414 CONNECTION 422 1066 300 1620 6060 6060
11415 CONNECTION 422 771 300 2160 7320 7320
11416 CONNECTION 422 181 300 2400 6840 6840
11417 CONNECTION 422 950 300 2400 5700 5700
11418 CONNECTION 422 825 300 3180 7440 7440
11419 CONNECTION 422 19 300 3840 7140 7140
11420 CONNECTION 422 997 300 3960 9120 9120
11421 CONNECTION 422 1116 300 4200 7500 7500
11422 CONNECTION 663 849 -1 -1 3060 3060
11423 CONNECTION 663 76 -1 -1 4860 4860
11424 CONNECTION 663 18 300 1680 5940 5940
11425 CONNECTION 663 346 300 2040 6660 6660
11426 CONNECTION 663 598 300 3840 8460 8460
11427 CONNECTION 288 289 -1 -1 1020 1020
11428 CONNECTION 288 257 -1 -1 3600 3600
11429 CONNECTION 288 473 -1 -1 1980 1980
11430 CONNECTION 288 697 -1 -1 3120 3120
11431 CONNECTION 288 315 -1 -1 3720 3720
11432 CONNECTION 288 542 -1 -1 3420 3420
11433 CONNECTION 288 569 -1 -1 5400 5400
11434 CONNECTION 288 725 300 480 3780 3780
11435 CONNECTION 288 908 300 1200 6360 6360
11436 CONNECTION 288 799 300 1320 4620 4620
11437 CONNECTION 288 1066 300 1500 5940 5940
11438 CONNECTION 288 771 300 2040 7200 7200
11439 CONNECTION 288 181 300 2280 6720 6720
11440 CONNECTION 288 950 300 2280 5580 5580
11441 CONNECTION 288 825 300 3060 7320 7320
11442 CONNECTION 288 19 300 3720 7020 7020
11443 CONNECTION 288 997 300 3840 9000 9000
11444 CONNECTION 288 1116 300 4080 7380 7380
11445 CONNECTION 288 1048 300 4800 9960 9960
11446 CONNECTION 42 43 -1 -1 2880 2880
11447 CONNECTION 42 423 -1 -1 3840 3840
11448 CONNECTION 42 289 -1 -1 2100 2100
11449 CONNECTION 42 926 -1 -1 3420 3420
11450 CONNECTION 42 257 -1 -1 4680 4680
11451 CONNECTION 42 473 -1 -1 3060 3060
11452 CONNECTION 42 697 -1 -1 4200 4200
11453 CONNECTION 42 315 300 540 4800 4800
11454 CONNECTION 42 542 300 1200 4500 4500
11455 CONNECTION 42 569 300 1320 6480 6480
11456 CONNECTION 42 725 300 1560 4860 4860
11457 CONNECTION 42 908 300 2280 7440 7440
11458 CONNECTION 42 799 300 2400 5700 5700
11459 CONNECTION 42 1066 300 2580 7020 7020
11460 CONNECTION 42 771 300 3120 8280 8280
11461 CONNECTION 42 181 300 3360 7800 7800
11462 CONNECTION 42 950 300 3360 6660 6660
11463 CONNECTION 42 825 300 4140 8400 8400
11464 CONNECTION 42 19 300 4800 8100 8100
11465 CONNECTION 313 314 -1 -1 1020 1020
11466 CONNECTION 313 568 -1 -1 1800 1800
11467 CONNECTION 313 1110 -1 -1 3960 3960
11468 CONNECTION 313 474 -1 -1 3540 3540
11469 CONNECTION 313 746 -1 -1 4020 4020
11470 CONNECTION 313 1021 -1 -1 4740 4740
11471 CONNECTION 313 1100 -1 -1 4740 4740
11472 CONNECTION 313 770 -1 -1 3600 3600
11473 CONNECTION 313 543 300 420 5520 5520
11474 CONNECTION 313 180 300 540 3840 3840
11475 CONNECTION 313 726 300 780 5340 5340
11476 CONNECTION 313 232 300 1260 5820 5820
11477 CONNECTION 313 824 300 1320 4620 4620
11478 CONNECTION 313 424 300 1620 6900 6900
11479 CONNECTION 313 996 300 2100 5400 5400
11480 CONNECTION 313 521 300 2280 7560 7560
11481 CONNECTION 313 951 300 2580 7140 7140
11482 CONNECTION 313 504 300 3060 7620 7620
11483 CONNECTION 313 120 300 3240 8340 8340
11484 CONNECTION 313 46 300 3900 7200 7200
11485 CONNECTION 313 1107 300 3900 7200 7200
11486 CONNECTION 313 20 300 4020 9120 9120
11487 CONNECTION 313 700 300 4140 7440 7440
11488 CONNECTION 313 1117 300 4380 8940 8940
11489 CONNECTION 1093 1094 -1 -1 2880 2880
11490 CONNECTION 1093 423 -1 -1 3840 3840
11491 CONNECTION 1093 289 -1 -1 2100 2100
11492 CONNECTION 1093 926 -1 -1 3420 3420
11493 CONNECTION 1093 257 -1 -1 4680 4680
11494 CONNECTION 1093 473 -1 -1 3060 3060
11495 CONNECTION 1093 697 -1 -1 4200 4200
11496 CONNECTION 1093 315 300 540 4800 4800
11497 CONNECTION 1093 542 300 1200 4500 4500
11498 CONNECTION 1093 569 300 1320 6480 6480
11499 CONNECTION 1093 725 300 1560 4860 4860
11500 CONNECTION 1093 908 300 2280 7440 7440
11501 CONNECTION 1093 799 300 2400 5700 5700
11502 CONNECTION 1093 1066 300 2580 7020 7020
11503 CONNECTION 1093 771 300 3120 8280 8280
11504 CONNECTION 1093 181 300 3360 7800 7800
11505 CONNECTION 1093 950 300 3360 6660 6660
11506 CONNECTION 1093 825 300 4140 8400 8400
11507 CONNECTION 1093 19 300 4800 8100 8100
11508 CONNECTION 619 1045 -1 -1 3720 3720
11509 CONNECTION 619 568 -1 -1 2220 2220
11510 CONNECTION 619 1110 -1 -1 4380 4380
11511 CONNECTION 619 474 -1 -1 3960 3960
11512 CONNECTION 619 746 -1 -1 4440 4440
11513 CONNECTION 619 1021 -1 -1 5160 5160
11514 CONNECTION 619 1100 -1 -1 5160 5160
11515 CONNECTION 619 770 300 720 4020 4020
11516 CONNECTION 619 543 300 840 5940 5940
11517 CONNECTION 619 180 300 960 4260 4260
11518 CONNECTION 619 726 300 1200 5760 5760
11519 CONNECTION 619 232 300 1680 6240 6240
11520 CONNECTION 619 824 300 1740 5040 5040
11521 CONNECTION 619 424 300 2040 7320 7320
11522 CONNECTION 619 996 300 2520 5820 5820
11523 CONNECTION 619 521 300 2700 7980 7980
11524 CONNECTION 619 951 300 3000 7560 7560
11525 CONNECTION 619 504 300 3480 8040 8040
11526 CONNECTION 619 120 300 3660 8760 8760
11527 CONNECTION 619 46 300 4320 7620 7620
11528 CONNECTION 619 1107 300 4320 7620 7620
11529 CONNECTION 619 20 300 4440 9540 9540
11530 CONNECTION 619 700 300 4560 7860 7860
11531 CONNECTION 619 1117 300 4800 9360 9360
11532 CONNECTION 472 473 -1 -1 1020 1020
11533 CONNECTION 472 315 -1 -1 2760 2760
11534 CONNECTION 472 542 -1 -1 2460 2460
11535 CONNECTION 472 569 -1 -1 4440 4440
11536 CONNECTION 472 725 -1 -1 2820 2820
11537 CONNECTION 472 908 -1 -1 5400 5400
11538 CONNECTION 472 799 300 360 3660 3660
11539 CONNECTION 472 1066 300 540 4980 4980
11540 CONNECTION 472 771 300 1080 6240 6240
11541 CONNECTION 472 181 300 1320 5760 5760
11542 CONNECTION 472 950 300 1320 4620 4620
11543 CONNECTION 472 825 300 2100 6360 6360
11544 CONNECTION 472 19 300 2760 6060 6060
11545 CONNECTION 472 997 300 2880 8040 8040
11546 CONNECTION 472 1116 300 3120 6420 6420
11547 CONNECTION 472 1048 300 3840 9000 9000
11548 CONNECTION 472 293 300 3960 7260 7260
11549 CONNECTION 472 449 300 4140 8580 8580
11550 CONNECTION 472 47 300 4680 9840 9840
11551 CONNECTION 472 1108 300 4680 9840 9840
11552 CONNECTION 848 994 -1 -1 2580 2580
11553 CONNECTION 848 118 -1 -1 3000 3000
11554 CONNECTION 848 885 -1 -1 4260 4260
11555 CONNECTION 848 44 300 420 4380 4380
11556 CONNECTION 848 1105 300 420 4380 4380
11557 CONNECTION 848 148 300 1620 6060 6060
11558 CONNECTION 848 258 300 2220 6180 6180
11559 CONNECTION 848 638 300 2340 6600 6600
11560 CONNECTION 848 400 300 3420 7860 7860
11561 CONNECTION 848 570 300 4020 7980 7980
11562 CONNECTION 967 968 -1 -1 2100 2100
11563 CONNECTION 967 398 -1 -1 2040 2040
11564 CONNECTION 967 596 -1 -1 2340 2340
11565 CONNECTION 967 100 -1 -1 4020 4020
11566 CONNECTION 967 119 -1 -1 5160 5160
11567 CONNECTION 967 928 -1 -1 5160 5160
11568 CONNECTION 967 291 300 660 3840 3840
11569 CONNECTION 967 666 300 660 3840 3840
11570 CONNECTION 967 699 300 660 4140 4140
11571 CONNECTION 967 851 300 660 4140 4140
11572 CONNECTION 967 1046 300 660 3840 3840
11573 CONNECTION 967 370 300 1440 5820 5820
11574 CONNECTION 967 1111 300 1440 5700 5700
11575 CONNECTION 967 78 300 2460 5940 5940
11576 CONNECTION 967 887 300 2460 5640 5640
11577 CONNECTION 967 622 300 3240 7620 7620
11578 CONNECTION 967 639 300 3480 8760 8760
11579 CONNECTION 967 1068 300 3480 8760 8760
11580 CONNECTION 967 150 300 4260 7440 7440
11581 CONNECTION 967 183 300 4260 7740 7740
11582 CONNECTION 967 348 300 4260 7740 7740
11583 CONNECTION 967 425 300 4260 7440 7440
11584 CONNECTION 967 801 300 4260 7440 7440
11585 SINK 967 2 -1 -1 300 300
11586 CONNECTION 822 849 -1 -1 3000 3000
11587 CONNECTION 822 76 -1 -1 4800 4800
11588 CONNECTION 822 18 300 1620 5880 5880
11589 CONNECTION 822 346 300 1980 6600 6600
11590 CONNECTION 822 598 300 3780 8400 8400
11591 CONNECTION 1103 1104 -1 -1 1680 1680
11592 CONNECTION 1103 231 -1 -1 2580 2580
11593 CONNECTION 1103 369 -1 -1 3240 3240
11594 CONNECTION 1103 207 -1 -1 3480 3480
11595 CONNECTION 1103 995 -1 -1 4440 4440
11596 CONNECTION 1103 503 -1 -1 4380 4380
11597 CONNECTION 1103 621 300 480 5040 5040
11598 CONNECTION 1103 475 300 1320 5280 5280
11599 CONNECTION 1103 45 300 1680 6240 6240
11600 CONNECTION 1103 1106 300 1680 6240 6240
11601 CONNECTION 1103 747 300 1800 6180 6180
11602 CONNECTION 1103 101 300 2280 6840 6840
11603 CONNECTION 1103 727 300 3120 7080 7080
11604 CONNECTION 1103 259 300 3480 8040 8040
11605 CONNECTION 1103 233 300 3600 7980 7980
11606 CONNECTION 1103 371 300 4080 8640 8640
11607 CONNECTION 74 75 -1 -1 2220 2220
11608 CONNECTION 74 397 -1 -1 2400 2400
11609 CONNECTION 74 345 -1 -1 4020 4020
11610 CONNECTION 74 290 300 720 4200 4200
11611 CONNECTION 74 665 300 720 4200 4200
11612 CONNECTION 74 597 300 1380 5820 5820
11613 CONNECTION 74 886 300 2520 6000 6000
11614 CONNECTION 74 852 300 3180 7620 7620
11615 CONNECTION 74 149 300 4320 7800 7800
11616 CONNECTION 74 800 300 4320 7800 7800
11617 CONNECTION 883 884 -1 -1 2340 2340
11618 CONNECTION 883 147 -1 -1 4140 4140
11619 CONNECTION 883 595 -1 -1 2700 2700
11620 CONNECTION 883 907 -1 -1 3960 3960
11621 CONNECTION 883 798 -1 -1 4080 4080
11622 CONNECTION 883 927 300 540 3720 3720
11623 CONNECTION 883 399 300 1320 5940 5940
11624 CONNECTION 883 698 300 1320 4500 4500
11625 CONNECTION 883 850 300 1320 4500 4500
11626 CONNECTION 883 77 300 3120 6300 6300
11627 CONNECTION 883 667 300 3120 7740 7740
11628 CONNECTION 883 1047 300 3120 7560 7560
11629 CONNECTION 883 292 300 3240 7680 7680
11630 CONNECTION 883 1067 300 4140 7320 7320
11631 CONNECTION 396 397 -1 -1 1320 1320
11632 CONNECTION 396 345 -1 -1 2940 2940
11633 CONNECTION 396 290 -1 -1 3120 3120
11634 CONNECTION 396 665 -1 -1 3120 3120
11635 CONNECTION 396 597 -1 -1 4740 4740
11636 CONNECTION 396 886 300 1440 4920 4920
11637 CONNECTION 396 852 300 2100 6540 6540
11638 CONNECTION 396 149 300 3240 6720 6720
11639 CONNECTION 396 800 300 3240 6720 6720
11640 CONNECTION 396 79 300 3900 8340 8340
11641 CONNECTION 446 447 -1 -1 3000 3000
11642 CONNECTION 446 146 -1 -1 1680 1680
11643 CONNECTION 446 179 -1 -1 1980 1980
11644 CONNECTION 446 344 -1 -1 1980 1980
11645 CONNECTION 446 797 -1 -1 1680 1680
11646 CONNECTION 446 906 -1 -1 1680 1680
11647 CONNECTION 446 620 -1 -1 3660 3660
11648 CONNECTION 446 968 -1 -1 3540 3540
11649 CONNECTION 446 398 -1 -1 3480 3480
11650 CONNECTION 446 596 -1 -1 3780 3780
11651 CONNECTION 446 100 300 1080 5460 5460
11652 CONNECTION 446 119 300 1320 6600 6600
11653 CONNECTION 446 928 300 1320 6600 6600
11654 CONNECTION 446 291 300 2100 5280 5280
11655 CONNECTION 446 666 300 2100 5280 5280
11656 CONNECTION 446 699 300 2100 5580 5580
11657 CONNECTION 446 851 300 2100 5580 5580
11658 CONNECTION 446 1046 300 2100 5280 5280
11659 CONNECTION 446 370 300 2880 7260 7260
11660 CONNECTION 446 1111 300 2880 7140 7140
11661 CONNECTION 446 78 300 3900 7380 7380
11662 CONNECTION 446 887 300 3900 7080 7080
11663 CONNECTION 446 622 300 4680 9060 9060
11664 SINK 446 2 -1 -1 300 300
11665 CONNECTION 16 17 -1 -1 2820 2820
11666 CONNECTION 16 502 -1 -1 3120 3120
11667 CONNECTION 16 314 -1 -1 1920 1920
11668 CONNECTION 16 1045 -1 -1 4200 4200
11669 CONNECTION 16 568 -1 -1 2700 2700
11670 CONNECTION 16 1110 -1 -1 4860 4860
11671 CONNECTION 16 474 -1 -1 4440 4440
11672 CONNECTION 16 746 300 360 4920 4920
11673 CONNECTION 16 1021 300 540 5640 5640
11674 CONNECTION 16 1100 300 540 5640 5640
11675 CONNECTION 16 770 300 1200 4500 4500
11676 CONNECTION 16 543 300 1320 6420 6420
11677 CONNECTION 16 180 300 1440 4740 4740
11678 CONNECTION 16 726 300 1680 6240 6240
11679 CONNECTION 16 232 300 2160 6720 6720
11680 CONNECTION 16 824 300 2220 5520 5520
11681 CONNECTION 16 424 300 2520 7800 7800
11682 CONNECTION 16 996 300 3000 6300 6300
11683 CONNECTION 16 521 300 3180 8460 8460
11684 CONNECTION 16 951 300 3480 8040 8040
11685 CONNECTION 16 504 300 3960 8520 8520
11686 CONNECTION 16 120 300 4140 9240 9240
11687 CONNECTION 16 46 300 4800 8100 8100
11688 CONNECTION 16 1107 300 4800 8100 8100
11689 CONNECTION 230 231 -1 -1 2100 2100
11690 CONNECTION 230 369 -1 -1 2760 2760
11691 CONNECTION 230 207 -1 -1 3000 3000
11692 CONNECTION 230 995 -1 -1 3960 3960
11693 CONNECTION 230 503 -1 -1 3900 3900
11694 CONNECTION 230 621 -1 -1 4560 4560
11695 CONNECTION 230 475 300 840 4800 4800
11696 CONNECTION 230 45 300 1200 5760 5760
11697 CONNECTION 230 1106 300 1200 5760 5760
11698 CONNECTION 230 747 300 1320 5700 5700
11699 CONNECTION 230 101 300 1800 6360 6360
11700 CONNECTION 230 727 300 2640 6600 6600
11701 CONNECTION 230 259 300 3000 7560 7560
11702 CONNECTION 230 233 300 3120 7500 7500
11703 CONNECTION 230 371 300 3600 8160 8160
11704 CONNECTION 230 952 300 4440 8400 8400
11705 CONNECTION 230 571 300 4800 9360 9360
11706 CONNECTION 948 994 -1 -1 2280 2280
11707 CONNECTION 948 118 -1 -1 2700 2700
11708 CONNECTION 948 885 -1 -1 3960 3960
11709 CONNECTION 948 44 -1 -1 4080 4080
11710 CONNECTION 948 1105 -1 -1 4080 4080
11711 CONNECTION 948 148 300 1320 5760 5760
11712 CONNECTION 948 258 300 1920 5880 5880
11713 CONNECTION 948 638 300 2040 6300 6300
11714 CONNECTION 948 400 300 3120 7560 7560
11715 CONNECTION 948 570 300 3720 7680 7680
11716 CONNECTION 1109 1110 -1 -1 3000 3000
11717 CONNECTION 1109 746 -1 -1 3060 3060
11718 CONNECTION 1109 1021 -1 -1 3780 3780
11719 CONNECTION 1109 1100 -1 -1 3780 3780
11720 CONNECTION 1109 770 -1 -1 2640 2640
11721 CONNECTION 1109 543 -1 -1 4560 4560
11722 CONNECTION 1109 180 -1 -1 2880 2880
11723 CONNECTION 1109 726 -1 -1 4380 4380
11724 CONNECTION 1109 232 -1 -1 4860 4860
11725 CONNECTION 1109 824 300 360 3660 3660
11726 CONNECTION 1109 424 300 660 5940 5940
11727 CONNECTION 1109 996 300 1140 4440 4440
11728 CONNECTION 1109 521 300 1320 6600 6600
11729 CONNECTION 1109 951 300 1620 6180 6180
11730 CONNECTION 1109 504 300 2100 6660 6660
11731 CONNECTION 1109 120 300 2280 7380 7380
11732 CONNECTION 1109 46 300 2940 6240 6240
11733 CONNECTION 1109 1107 300 2940 6240 6240
11734 CONNECTION 1109 20 300 3060 8160 8160
11735 CONNECTION 1109 700 300 3180 6480 6480
11736 CONNECTION 1109 1117 300 3420 7980 7980
11737 CONNECTION 1109 748 300 3900 8460 8460
11738 CONNECTION 1109 317 300 3960 7260 7260
11739 CONNECTION 1109 909 300 4260 9540 9540
11740 CONNECTION 1109 260 300 4740 8040 8040
11741 CONNECTION 43 1115 -1 -1 4560 4560
11742 CONNECTION 43 448 300 420 5580 5580
11743 CONNECTION 43 208 300 1200 6360 6360
11744 CONNECTION 43 476 300 3000 8160 8160
11745 CONNECTION 43 929 300 4020 9180 9180
11746 CONNECTION 43 728 300 4800 9960 9960
11747 CONNECTION 1094 1115 -1 -1 4560 4560
11748 CONNECTION 1094 448 300 420 5580 5580
11749 CONNECTION 1094 208 300 1200 6360 6360
11750 CONNECTION 1094 476 300 3000 8160 8160
11751 CONNECTION 1094 929 300 4020 9180 9180
11752 CONNECTION 1094 728 300 4800 9960 9960
11753 CONNECTION 594 595 -1 -1 900 900
11754 CONNECTION 594 927 -1 -1 1920 1920
11755 CONNECTION 594 399 -1 -1 4140 4140
11756 CONNECTION 594 698 -1 -1 2700 2700
11757 CONNECTION 594 850 -1 -1 2700 2700
11758 CONNECTION 594 77 300 1320 4500 4500
11759 CONNECTION 594 667 300 1320 5940 5940
11760 CONNECTION 594 1047 300 1320 5760 5760
11761 CONNECTION 594 292 300 1440 5880 5880
11762 CONNECTION 594 1067 300 2340 5520 5520
11763 CONNECTION 594 182 300 3120 6300 6300
11764 CONNECTION 594 347 300 3120 6300 6300
11765 CONNECTION 594 888 300 3120 7740 7740
11766 CONNECTION 637 520 -1 -1 3420 3420
11767 CONNECTION 637 316 300 960 6060 6060
11768 CONNECTION 637 969 300 1920 7020 7020
11769 CONNECTION 637 826 300 4560 9660 9660
11770 CONNECTION 205 206 -1 -1 2280 2280
11771 CONNECTION 205 502 -1 -1 2760 2760
11772 CONNECTION 205 314 -1 -1 1560 1560
11773 CONNECTION 205 1045 -1 -1 3840 3840
11774 CONNECTION 205 568 -1 -1 2340 2340
11775 CONNECTION 205 1110 -1 -1 4500 4500
11776 CONNECTION 205 474 -1 -1 4080 4080
11777 CONNECTION 205 746 -1 -1 4560 4560
11778 CONNECTION 205 1021 -1 -1 5280 5280
11779 CONNECTION 205 1100 -1 -1 5280 5280
11780 CONNECTION 205 770 300 840 4140 4140
11781 CONNECTION 205 543 300 960 6060 6060
11782 CONNECTION 205 180 300 1080 4380 4380
11783 CONNECTION 205 726 300 1320 5880 5880
11784 CONNECTION 205 232 300 1800 6360 6360
11785 CONNECTION 205 824 300 1860 5160 5160
11786 CONNECTION 205 424 300 2160 7440 7440
11787 CONNECTION 205 996 300 2640 5940 5940
11788 CONNECTION 205 521 300 2820 8100 8100
11789 CONNECTION 205 951 300 3120 7680 7680
11790 CONNECTION 205 504 300 3600 8160 8160
11791 CONNECTION 205 120 300 3780 8880 8880
11792 CONNECTION 205 46 300 4440 7740 7740
11793 CONNECTION 205 1107 300 4440 7740 7740
11794 CONNECTION 205 20 300 4560 9660 9660
11795 CONNECTION 205 700 300 4680 7980 7980
11796 CONNECTION 145 146 -1 -1 900 900
11797 CONNECTION 145 620 -1 -1 2880 2880
11798 CONNECTION 145 968 -1 -1 2760 2760
11799 CONNECTION 145 398 -1 -1 2700 2700
11800 CONNECTION 145 596 -1 -1 3000 3000
11801 CONNECTION 145 100 -1 -1 4680 4680
11802 CONNECTION 145 119 300 540 5820 5820
11803 CONNECTION 145 928 300 540 5820 5820
11804 CONNECTION 145 291 300 1320 4500 4500
11805 CONNECTION 145 666 300 1320 4500 4500
11806 CONNECTION 145 699 300 1320 4800 4800
11807 CONNECTION 145 851 300 1320 4800 4800
11808 CONNECTION 145 1046 300 1320 4500 4500
11809 CONNECTION 145 370 300 2100 6480 6480
11810 CONNECTION 145 1111 300 2100 6360 6360
11811 CONNECTION 145 78 300 3120 6600 6600
11812 CONNECTION 145 887 300 3120 6300 6300
11813 CONNECTION 145 622 300 3900 8280 8280
11814 CONNECTION 145 639 300 4140 9420 9420
11815 CONNECTION 145 1068 300 4140 9420 9420
11816 SINK 145 2 -1 -1 300 300
11817 CONNECTION 567 568 -1 -1 1020 1020
11818 CONNECTION 567 474 -1 -1 2760 2760
11819 CONNECTION 567 746 -1 -1 3240 3240
11820 CONNECTION 567 1021 -1 -1 3960 3960
11821 CONNECTION 567 1100 -1 -1 3960 3960
11822 CONNECTION 567 770 -1 -1 2820 2820
11823 CONNECTION 567 543 -1 -1 4740 4740
11824 CONNECTION 567 180 -1 -1 3060 3060
11825 CONNECTION 567 726 -1 -1 4560 4560
11826 CONNECTION 567 232 300 480 5040 5040
11827 CONNECTION 567 824 300 540 3840 3840
11828 CONNECTION 567 424 300 840 6120 6120
11829 CONNECTION 567 996 300 1320 4620 4620
11830 CONNECTION 567 521 300 1500 6780 6780
11831 CONNECTION 567 951 300 1800 6360 6360
11832 CONNECTION 567 504 300 2280 6840 6840
11833 CONNECTION 567 120 300 2460 7560 7560
11834 CONNECTION 567 46 300 3120 6420 6420
11835 CONNECTION 567 1107 300 3120 6420 6420
11836 CONNECTION 567 20 300 3240 8340 8340
11837 CONNECTION 567 700 300 3360 6660 6660
11838 CONNECTION 567 1117 300 3600 8160 8160
11839 CONNECTION 567 748 300 4080 8640 8640
11840 CONNECTION 567 317 300 4140 7440 7440
11841 CONNECTION 567 909 300 4440 9720 9720
11842 CONNECTION 796 797 -1 -1 900 900
11843 CONNECTION 796 620 -1 -1 2880 2880
11844 CONNECTION 796 968 -1 -1 2760 2760
11845 CONNECTION 796 398 -1 -1 2700 2700
11846 CONNECTION 796 596 -1 -1 3000 3000
11847 CONNECTION 796 100 -1 -1 4680 4680
11848 CONNECTION 796 119 300 540 5820 5820
11849 CONNECTION 796 928 300 540 5820 5820
11850 CONNECTION 796 291 300 1320 4500 4500
11851 CONNECTION 796 666 300 1320 4500 4500
11852 CONNECTION 796 699 300 1320 4800 4800
11853 CONNECTION 796 851 300 1320 4800 4800
11854 CONNECTION 796 1046 300 1320 4500 4500
11855 CONNECTION 796 370 300 2100 6480 6480
11856 CONNECTION 796 1111 300 2100 6360 6360
11857 CONNECTION 796 78 300 3120 6600 6600
11858 CONNECTION 796 887 300 3120 6300 6300
11859 CONNECTION 796 622 300 3900 8280 8280
11860 CONNECTION 796 639 300 4140 9420 9420
11861 CONNECTION 796 1068 300 4140 9420 9420
11862 SINK 796 2 -1 -1 300 300
11863 CONNECTION 745 398 -1 -1 1680 1680
11864 CONNECTION 745 596 -1 -1 1980 1980
11865 CONNECTION 745 100 -1 -1 3660 3660
11866 CONNECTION 745 119 -1 -1 4800 4800
11867 CONNECTION 745 928 -1 -1 4800 4800
11868 CONNECTION 745 291 -1 -1 3480 3480
11869 CONNECTION 745 666 -1 -1 3480 3480
11870 CONNECTION 745 699 -1 -1 3780 3780
11871 CONNECTION 745 851 -1 -1 3780 3780
11872 CONNECTION 745 1046 -1 -1 3480 3480
11873 CONNECTION 745 370 300 1080 5460 5460
11874 CONNECTION 745 1111 300 1080 5340 5340
11875 CONNECTION 745 78 300 2100 5580 5580
11876 CONNECTION 745 887 300 2100 5280 5280
11877 CONNECTION 745 622 300 2880 7260 7260
11878 CONNECTION 745 639 300 3120 8400 8400
11879 CONNECTION 745 1068 300 3120 8400 8400
11880 CONNECTION 745 150 300 3900 7080 7080
11881 CONNECTION 745 183 300 3900 7380 7380
11882 CONNECTION 745 348 300 3900 7380 7380
11883 CONNECTION 745 425 300 3900 7080 7080
11884 CONNECTION 745 801 300 3900 7080 7080
11885 CONNECTION 745 102 300 4680 9060 9060
11886 CONNECTION 745 522 300 4680 8940 8940
11887 SINK 745 2 -1 -1 300 300
11888 CONNECTION 768 769 -1 -1 2280 2280
11889 CONNECTION 768 369 -1 -1 2880 2880
11890 CONNECTION 768 207 -1 -1 3120 3120
11891 CONNECTION 768 995 -1 -1 4080 4080
11892 CONNECTION 768 503 -1 -1 4020 4020
11893 CONNECTION 768 621 -1 -1 4680 4680
11894 CONNECTION 768 475 300 960 4920 4920
11895 CONNECTION 768 45 300 1320 5880 5880
11896 CONNECTION 768 1106 300 1320 5880 5880
11897 CONNECTION 768 747 300 1440 5820 5820
11898 CONNECTION 768 101 300 1920 6480 6480
11899 CONNECTION 768 727 300 2760 6720 6720
11900 CONNECTION 768 259 300 3120 7680 7680
11901 CONNECTION 768 233 300 3240 7620 7620
11902 CONNECTION 768 371 300 3720 8280 8280
11903 CONNECTION 768 952 300 4560 8520 8520
11904 CONNECTION 368 369 -1 -1 2400 2400
11905 CONNECTION 368 207 -1 -1 2640 2640
11906 CONNECTION 368 995 -1 -1 3600 3600
11907 CONNECTION 368 503 -1 -1 3540 3540
11908 CONNECTION 368 621 -1 -1 4200 4200
11909 CONNECTION 368 475 300 480 4440 4440
11910 CONNECTION 368 45 300 840 5400 5400
11911 CONNECTION 368 1106 300 840 5400 5400
11912 CONNECTION 368 747 300 960 5340 5340
11913 CONNECTION 368 101 300 1440 6000 6000
11914 CONNECTION 368 727 300 2280 6240 6240
11915 CONNECTION 368 259 300 2640 7200 7200
11916 CONNECTION 368 233 300 2760 7140 7140
11917 CONNECTION 368 371 300 3240 7800 7800
11918 CONNECTION 368 952 300 4080 8040 8040
11919 CONNECTION 368 571 300 4440 9000 9000
11920 CONNECTION 368 505 300 4560 8940 8940
11921 CONNECTION 178 179 -1 -1 1200 1200
11922 CONNECTION 178 620 -1 -1 2880 2880
11923 CONNECTION 178 968 -1 -1 2760 2760
11924 CONNECTION 178 398 -1 -1 2700 2700
11925 CONNECTION 178 596 -1 -1 3000 3000
11926 CONNECTION 178 100 -1 -1 4680 4680
11927 CONNECTION 178 119 300 540 5820 5820
11928 CONNECTION 178 928 300 540 5820 5820
11929 CONNECTION 178 291 300 1320 4500 4500
11930 CONNECTION 178 666 300 1320 4500 4500
11931 CONNECTION 178 699 300 1320 4800 4800
11932 CONNECTION 178 851 300 1320 4800 4800
11933 CONNECTION 178 1046 300 1320 4500 4500
11934 CONNECTION 178 370 300 2100 6480 6480
11935 CONNECTION 178 1111 300 2100 6360 6360
11936 CONNECTION 178 78 300 3120 6600 6600
11937 CONNECTION 178 887 300 3120 6300 6300
11938 CONNECTION 178 622 300 3900 8280 8280
11939 CONNECTION 178 639 300 4140 9420 9420
11940 CONNECTION 178 1068 300 4140 9420 9420
11941 SINK 178 2 -1 -1 300 300
11942 CONNECTION 343 344 -1 -1 1200 1200
11943 CONNECTION 343 620 -1 -1 2880 2880
11944 CONNECTION 343 968 -1 -1 2760 2760
11945 CONNECTION 343 398 -1 -1 2700 2700
11946 CONNECTION 343 596 -1 -1 3000 3000
11947 CONNECTION 343 100 -1 -1 4680 4680
11948 CONNECTION 343 119 300 540 5820 5820
11949 CONNECTION 343 928 300 540 5820 5820
11950 CONNECTION 343 291 300 1320 4500 4500
11951 CONNECTION 343 666 300 1320 4500 4500
11952 CONNECTION 343 699 300 1320 4800 4800
11953 CONNECTION 343 851 300 1320 4800 4800
11954 CONNECTION 343 1046 300 1320 4500 4500
11955 CONNECTION 343 370 300 2100 6480 6480
11956 CONNECTION 343 1111 300 2100 6360 6360
11957 CONNECTION 343 78 300 3120 6600 6600
11958 CONNECTION 343 887 300 3120 6300 6300
11959 CONNECTION 343 622 300 3900 8280 8280
11960 CONNECTION 343 639 300 4140 9420 9420
11961 CONNECTION 343 1068 300 4140 9420 9420
11962 SINK 343 2 -1 -1 300 300
11963 CONNECTION 884 76 -1 -1 3060 3060
11964 CONNECTION 884 18 -1 -1 4140 4140
11965 CONNECTION 884 346 -1 -1 4860 4860
11966 CONNECTION 884 598 300 2040 6660 6660
11967 CONNECTION 884 544 300 3480 7740 7740
11968 CONNECTION 884 853 300 3840 8460 8460
11969 CONNECTION 447 770 -1 -1 1680 1680
11970 CONNECTION 447 543 -1 -1 3600 3600
11971 CONNECTION 447 180 -1 -1 1920 1920
11972 CONNECTION 447 726 -1 -1 3420 3420
11973 CONNECTION 447 232 -1 -1 3900 3900
11974 CONNECTION 447 824 -1 -1 2700 2700
11975 CONNECTION 447 424 -1 -1 4980 4980
11976 CONNECTION 447 996 -1 -1 3480 3480
11977 CONNECTION 447 521 300 360 5640 5640
11978 CONNECTION 447 951 300 660 5220 5220
11979 CONNECTION 447 504 300 1140 5700 5700
11980 CONNECTION 447 120 300 1320 6420 6420
11981 CONNECTION 447 46 300 1980 5280 5280
11982 CONNECTION 447 1107 300 1980 5280 5280
11983 CONNECTION 447 20 300 2100 7200 7200
11984 CONNECTION 447 700 300 2220 5520 5520
11985 CONNECTION 447 1117 300 2460 7020 7020
11986 CONNECTION 447 748 300 2940 7500 7500
11987 CONNECTION 447 317 300 3000 6300 6300
11988 CONNECTION 447 909 300 3300 8580 8580
11989 CONNECTION 447 260 300 3780 7080 7080
11990 CONNECTION 447 970 300 3960 9240 9240
11991 CONNECTION 447 210 300 4260 8820 8820
11992 CONNECTION 447 234 300 4740 9300 9300
11993 CONNECTION 1020 1021 -1 -1 2820 2820
11994 CONNECTION 1020 770 -1 -1 1680 1680
11995 CONNECTION 1020 543 -1 -1 3600 3600
11996 CONNECTION 1020 180 -1 -1 1920 1920
11997 CONNECTION 1020 726 -1 -1 3420 3420
11998 CONNECTION 1020 232 -1 -1 3900 3900
11999 CONNECTION 1020 824 -1 -1 2700 2700
12000 CONNECTION 1020 424 -1 -1 4980 4980
12001 CONNECTION 1020 996 -1 -1 3480 3480
12002 CONNECTION 1020 521 300 360 5640 5640
12003 CONNECTION 1020 951 300 660 5220 5220
12004 CONNECTION 1020 504 300 1140 5700 5700
12005 CONNECTION 1020 120 300 1320 6420 6420
12006 CONNECTION 1020 46 300 1980 5280 5280
12007 CONNECTION 1020 1107 300 1980 5280 5280
12008 CONNECTION 1020 20 300 2100 7200 7200
12009 CONNECTION 1020 700 300 2220 5520 5520
12010 CONNECTION 1020 1117 300 2460 7020 7020
12011 CONNECTION 1020 748 300 2940 7500 7500
12012 CONNECTION 1020 317 300 3000 6300 6300
12013 CONNECTION 1020 909 300 3300 8580 8580
12014 CONNECTION 1020 260 300 3780 7080 7080
12015 CONNECTION 1020 970 300 3960 9240 9240
12016 CONNECTION 1020 210 300 4260 8820 8820
12017 CONNECTION 1020 234 300 4740 9300 9300
12018 CONNECTION 1099 1100 -1 -1 2820 2820
12019 CONNECTION 1099 770 -1 -1 1680 1680
12020 CONNECTION 1099 543 -1 -1 3600 3600
12021 CONNECTION 1099 180 -1 -1 1920 1920
12022 CONNECTION 1099 726 -1 -1 3420 3420
12023 CONNECTION 1099 232 -1 -1 3900 3900
12024 CONNECTION 1099 824 -1 -1 2700 2700
12025 CONNECTION 1099 424 -1 -1 4980 4980
12026 CONNECTION 1099 996 -1 -1 3480 3480
12027 CONNECTION 1099 521 300 360 5640 5640
12028 CONNECTION 1099 951 300 660 5220 5220
12029 CONNECTION 1099 504 300 1140 5700 5700
12030 CONNECTION 1099 120 300 1320 6420 6420
12031 CONNECTION 1099 46 300 1980 5280 5280
12032 CONNECTION 1099 1107 300 1980 5280 5280
12033 CONNECTION 1099 20 300 2100 7200 7200
12034 CONNECTION 1099 700 300 2220 5520 5520
12035 CONNECTION 1099 1117 300 2460 7020 7020
12036 CONNECTION 1099 748 300 2940 7500 7500
12037 CONNECTION 1099 317 300 3000 6300 6300
12038 CONNECTION 1099 909 300 3300 8580 8580
12039 CONNECTION 1099 260 300 3780 7080 7080
12040 CONNECTION 1099 970 300 3960 9240 9240
12041 CONNECTION 1099 210 300 4260 8820 8820
12042 CONNECTION 1099 234 300 4740 9300 9300
12043 CONNECTION 256 257 -1 -1 2880 2880
12044 CONNECTION 256 315 -1 -1 3000 3000
12045 CONNECTION 256 542 -1 -1 2700 2700
12046 CONNECTION 256 569 -1 -1 4680 4680
12047 CONNECTION 256 725 -1 -1 3060 3060
12048 CONNECTION 256 908 300 480 5640 5640
12049 CONNECTION 256 799 300 600 3900 3900
12050 CONNECTION 256 1066 300 780 5220 5220
12051 CONNECTION 256 771 300 1320 6480 6480
12052 CONNECTION 256 181 300 1560 6000 6000
12053 CONNECTION 256 950 300 1560 4860 4860
12054 CONNECTION 256 825 300 2340 6600 6600
12055 CONNECTION 256 19 300 3000 6300 6300
12056 CONNECTION 256 997 300 3120 8280 8280
12057 CONNECTION 256 1116 300 3360 6660 6660
12058 CONNECTION 256 1048 300 4080 9240 9240
12059 CONNECTION 256 293 300 4200 7500 7500
12060 CONNECTION 256 449 300 4380 8820 8820
12061 CONNECTION 17 316 -1 -1 5280 5280
12062 CONNECTION 17 969 300 1140 6240 6240
12063 CONNECTION 17 826 300 3780 8880 8880
12064 CONNECTION 17 1123 300 4740 9840 9840
12065 CONNECTION 99 1021 -1 -1 3360 3360
12066 CONNECTION 99 1100 -1 -1 3360 3360
12067 CONNECTION 99 770 -1 -1 2220 2220
12068 CONNECTION 99 543 -1 -1 4140 4140
12069 CONNECTION 99 180 -1 -1 2460 2460
12070 CONNECTION 99 726 -1 -1 3960 3960
12071 CONNECTION 99 232 -1 -1 4440 4440
12072 CONNECTION 99 824 -1 -1 3240 3240
12073 CONNECTION 99 424 -1 -1 5520 5520
12074 CONNECTION 99 996 300 720 4020 4020
12075 CONNECTION 99 521 300 900 6180 6180
12076 CONNECTION 99 951 300 1200 5760 5760
12077 CONNECTION 99 504 300 1680 6240 6240
12078 CONNECTION 99 120 300 1860 6960 6960
12079 CONNECTION 99 46 300 2520 5820 5820
12080 CONNECTION 99 1107 300 2520 5820 5820
12081 CONNECTION 99 20 300 2640 7740 7740
12082 CONNECTION 99 700 300 2760 6060 6060
12083 CONNECTION 99 1117 300 3000 7560 7560
12084 CONNECTION 99 748 300 3480 8040 8040
12085 CONNECTION 99 317 300 3540 6840 6840
12086 CONNECTION 99 909 300 3840 9120 9120
12087 CONNECTION 99 260 300 4320 7620 7620
12088 CONNECTION 99 970 300 4500 9780 9780
12089 CONNECTION 99 210 300 4800 9360 9360
12090 CONNECTION 75 44 -1 -1 2580 2580
12091 CONNECTION 75 1105 -1 -1 2580 2580
12092 CONNECTION 75 148 -1 -1 4260 4260
12093 CONNECTION 75 258 300 420 4380 4380
12094 CONNECTION 75 638 300 540 4800 4800
12095 CONNECTION 75 400 300 1620 6060 6060
12096 CONNECTION 75 570 300 2220 6180 6180
12097 CONNECTION 75 668 300 3420 7860 7860
12098 CONNECTION 75 772 300 4020 7980 7980
12099 CONNECTION 75 1022 300 4140 8400 8400
12100 CONNECTION 75 1112 300 4140 8400 8400
12101 CONNECTION 423 1115 -1 -1 3600 3600
12102 CONNECTION 423 448 -1 -1 4620 4620
12103 CONNECTION 423 208 -1 -1 5400 5400
12104 CONNECTION 423 476 300 2040 7200 7200
12105 CONNECTION 423 929 300 3060 8220 8220
12106 CONNECTION 423 728 300 3840 9000 9000
12107 CONNECTION 724 725 -1 -1 1020 1020
12108 CONNECTION 724 908 -1 -1 3600 3600
12109 CONNECTION 724 799 -1 -1 1860 1860
12110 CONNECTION 724 1066 -1 -1 3180 3180
12111 CONNECTION 724 771 -1 -1 4440 4440
12112 CONNECTION 724 181 -1 -1 3960 3960
12113 CONNECTION 724 950 -1 -1 2820 2820
12114 CONNECTION 724 825 -1 -1 4560 4560
12115 CONNECTION 724 19 300 960 4260 4260
12116 CONNECTION 724 997 300 1080 6240 6240
12117 CONNECTION 724 1116 300 1320 4620 4620
12118 CONNECTION 724 1048 300 2040 7200 7200
12119 CONNECTION 724 293 300 2160 5460 5460
12120 CONNECTION 724 449 300 2340 6780 6780
12121 CONNECTION 724 47 300 2880 8040 8040
12122 CONNECTION 724 1108 300 2880 8040 8040
12123 CONNECTION 724 209 300 3120 6420 6420
12124 CONNECTION 724 701 300 3120 7560 7560
12125 CONNECTION 724 318 300 3900 8160 8160
12126 CONNECTION 724 545 300 4560 7860 7860
12127 CONNECTION 724 261 300 4680 9840 9840
12128 CONNECTION 696 697 -1 -1 2160 2160
12129 CONNECTION 696 315 -1 -1 2760 2760
12130 CONNECTION 696 542 -1 -1 2460 2460
12131 CONNECTION 696 569 -1 -1 4440 4440
12132 CONNECTION 696 725 -1 -1 2820 2820
12133 CONNECTION 696 908 -1 -1 5400 5400
12134 CONNECTION 696 799 300 360 3660 3660
12135 CONNECTION 696 1066 300 540 4980 4980
12136 CONNECTION 696 771 300 1080 6240 6240
12137 CONNECTION 696 181 300 1320 5760 5760
12138 CONNECTION 696 950 300 1320 4620 4620
12139 CONNECTION 696 825 300 2100 6360 6360
12140 CONNECTION 696 19 300 2760 6060 6060
12141 CONNECTION 696 997 300 2880 8040 8040
12142 CONNECTION 696 1116 300 3120 6420 6420
12143 CONNECTION 696 1048 300 3840 9000 9000
12144 CONNECTION 696 293 300 3960 7260 7260
12145 CONNECTION 696 449 300 4140 8580 8580
12146 CONNECTION 696 47 300 4680 9840 9840
12147 CONNECTION 696 1108 300 4680 9840 9840
12148 CONNECTION 289 568 -1 -1 1500 1500
12149 CONNECTION 289 1110 -1 -1 3660 3660
12150 CONNECTION 289 474 -1 -1 3240 3240
12151 CONNECTION 289 746 -1 -1 3720 3720
12152 CONNECTION 289 1021 -1 -1 4440 4440
12153 CONNECTION 289 1100 -1 -1 4440 4440
12154 CONNECTION 289 770 -1 -1 3300 3300
12155 CONNECTION 289 543 -1 -1 5220 5220
12156 CONNECTION 289 180 -1 -1 3540 3540
12157 CONNECTION 289 726 300 480 5040 5040
12158 CONNECTION 289 232 300 960 5520 5520
12159 CONNECTION 289 824 300 1020 4320 4320
12160 CONNECTION 289 424 300 1320 6600 6600
12161 CONNECTION 289 996 300 1800 5100 5100
12162 CONNECTION 289 521 300 1980 7260 7260
12163 CONNECTION 289 951 300 2280 6840 6840
12164 CONNECTION 289 504 300 2760 7320 7320
12165 CONNECTION 289 120 300 2940 8040 8040
12166 CONNECTION 289 46 300 3600 6900 6900
12167 CONNECTION 289 1107 300 3600 6900 6900
12168 CONNECTION 289 20 300 3720 8820 8820
12169 CONNECTION 289 700 300 3840 7140 7140
12170 CONNECTION 289 1117 300 4080 8640 8640
12171 CONNECTION 289 748 300 4560 9120 9120
12172 CONNECTION 289 317 300 4620 7920 7920
12173 CONNECTION 206 207 -1 -1 1680 1680
12174 CONNECTION 206 503 -1 -1 2580 2580
12175 CONNECTION 206 621 -1 -1 3240 3240
12176 CONNECTION 206 475 -1 -1 3480 3480
12177 CONNECTION 206 45 -1 -1 4440 4440
12178 CONNECTION 206 1106 -1 -1 4440 4440
12179 CONNECTION 206 747 -1 -1 4380 4380
12180 CONNECTION 206 101 300 480 5040 5040
12181 CONNECTION 206 727 300 1320 5280 5280
12182 CONNECTION 206 259 300 1680 6240 6240
12183 CONNECTION 206 233 300 1800 6180 6180
12184 CONNECTION 206 371 300 2280 6840 6840
12185 CONNECTION 206 952 300 3120 7080 7080
12186 CONNECTION 206 571 300 3480 8040 8040
12187 CONNECTION 206 505 300 3600 7980 7980
12188 CONNECTION 206 623 300 4080 8640 8640
12189 CONNECTION 926 927 -1 -1 900 900
12190 CONNECTION 926 399 -1 -1 3120 3120
12191 CONNECTION 926 698 -1 -1 1680 1680
12192 CONNECTION 926 850 -1 -1 1680 1680
12193 CONNECTION 926 77 -1 -1 3480 3480
12194 CONNECTION 926 667 -1 -1 4920 4920
12195 CONNECTION 926 1047 -1 -1 4740 4740
12196 CONNECTION 926 292 300 420 4860 4860
12197 CONNECTION 926 1067 300 1320 4500 4500
12198 CONNECTION 926 182 300 2100 5280 5280
12199 CONNECTION 926 347 300 2100 5280 5280
12200 CONNECTION 926 888 300 2100 6720 6720
12201 CONNECTION 926 151 300 3900 8520 8520
12202 CONNECTION 926 426 300 3900 8340 8340
12203 CONNECTION 926 599 300 3900 7080 7080
12204 CONNECTION 926 802 300 4020 8460 8460
12205 CONNECTION 146 147 -1 -1 2340 2340
12206 CONNECTION 146 927 -1 -1 1920 1920
12207 CONNECTION 146 399 -1 -1 4140 4140
12208 CONNECTION 146 698 -1 -1 2700 2700
12209 CONNECTION 146 850 -1 -1 2700 2700
12210 CONNECTION 146 77 300 1320 4500 4500
12211 CONNECTION 146 667 300 1320 5940 5940
12212 CONNECTION 146 1047 300 1320 5760 5760
12213 CONNECTION 146 292 300 1440 5880 5880
12214 CONNECTION 146 1067 300 2340 5520 5520
12215 CONNECTION 146 182 300 3120 6300 6300
12216 CONNECTION 146 347 300 3120 6300 6300
12217 CONNECTION 146 888 300 3120 7740 7740
12218 CONNECTION 179 290 -1 -1 2400 2400
12219 CONNECTION 179 665 -1 -1 2400 2400
12220 CONNECTION 179 597 -1 -1 4020 4020
12221 CONNECTION 179 886 300 720 4200 4200
12222 CONNECTION 179 852 300 1380 5820 5820
12223 CONNECTION 179 149 300 2520 6000 6000
12224 CONNECTION 179 800 300 2520 6000 6000
12225 CONNECTION 179 79 300 3180 7620 7620
12226 CONNECTION 179 401 300 4320 7800 7800
12227 CONNECTION 344 345 -1 -1 2220 2220
12228 CONNECTION 344 290 -1 -1 2400 2400
12229 CONNECTION 344 665 -1 -1 2400 2400
12230 CONNECTION 344 597 -1 -1 4020 4020
12231 CONNECTION 344 886 300 720 4200 4200
12232 CONNECTION 344 852 300 1380 5820 5820
12233 CONNECTION 344 149 300 2520 6000 6000
12234 CONNECTION 344 800 300 2520 6000 6000
12235 CONNECTION 344 79 300 3180 7620 7620
12236 CONNECTION 344 401 300 4320 7800 7800
12237 CONNECTION 541 542 -1 -1 1020 1020
12238 CONNECTION 541 908 -1 -1 3960 3960
12239 CONNECTION 541 799 -1 -1 2220 2220
12240 CONNECTION 541 1066 -1 -1 3540 3540
12241 CONNECTION 541 771 -1 -1 4800 4800
12242 CONNECTION 541 181 -1 -1 4320 4320
12243 CONNECTION 541 950 -1 -1 3180 3180
12244 CONNECTION 541 825 300 660 4920 4920
12245 CONNECTION 541 19 300 1320 4620 4620
12246 CONNECTION 541 997 300 1440 6600 6600
12247 CONNECTION 541 1116 300 1680 4980 4980
12248 CONNECTION 541 1048 300 2400 7560 7560
12249 CONNECTION 541 293 300 2520 5820 5820
12250 CONNECTION 541 449 300 2700 7140 7140
12251 CONNECTION 541 47 300 3240 8400 8400
12252 CONNECTION 541 1108 300 3240 8400 8400
12253 CONNECTION 541 209 300 3480 6780 6780
12254 CONNECTION 541 701 300 3480 7920 7920
12255 CONNECTION 541 318 300 4260 8520 8520
12256 CONNECTION 797 798 -1 -1 2280 2280
12257 CONNECTION 797 927 -1 -1 1920 1920
12258 CONNECTION 797 399 -1 -1 4140 4140
12259 CONNECTION 797 698 -1 -1 2700 2700
12260 CONNECTION 797 850 -1 -1 2700 2700
12261 CONNECTION 797 77 300 1320 4500 4500
12262 CONNECTION 797 667 300 1320 5940 5940
12263 CONNECTION 797 1047 300 1320 5760 5760
12264 CONNECTION 797 292 300 1440 5880 5880
12265 CONNECTION 797 1067 300 2340 5520 5520
12266 CONNECTION 797 182 300 3120 6300 6300
12267 CONNECTION 797 347 300 3120 6300 6300
12268 CONNECTION 797 888 300 3120 7740 7740
12269 CONNECTION 906 907 -1 -1 2160 2160
12270 CONNECTION 906 927 -1 -1 1920 1920
12271 CONNECTION 906 399 -1 -1 4140 4140
12272 CONNECTION 906 698 -1 -1 2700 2700
12273 CONNECTION 906 850 -1 -1 2700 2700
12274 CONNECTION 906 77 300 1320 4500 4500
12275 CONNECTION 906 667 300 1320 5940 5940
12276 CONNECTION 906 1047 300 1320 5760 5760
12277 CONNECTION 906 292 300 1440 5880 5880
12278 CONNECTION 906 1067 300 2340 5520 5520
12279 CONNECTION 906 182 300 3120 6300 6300
12280 CONNECTION 906 347 300 3120 6300 6300
12281 CONNECTION 906 888 300 3120 7740 7740
12282 CONNECTION 664 665 -1 -1 1320 1320
12283 CONNECTION 664 597 -1 -1 2940 2940
12284 CONNECTION 664 886 -1 -1 3120 3120
12285 CONNECTION 664 852 -1 -1 4740 4740
12286 CONNECTION 664 149 300 1440 4920 4920
12287 CONNECTION 664 800 300 1440 4920 4920
12288 CONNECTION 664 79 300 2100 6540 6540
12289 CONNECTION 664 401 300 3240 6720 6720
12290 CONNECTION 664 349 300 3900 8340 8340
12291 CONNECTION 502 503 -1 -1 2100 2100
12292 CONNECTION 502 621 -1 -1 2760 2760
12293 CONNECTION 502 475 -1 -1 3000 3000
12294 CONNECTION 502 45 -1 -1 3960 3960
12295 CONNECTION 502 1106 -1 -1 3960 3960
12296 CONNECTION 502 747 -1 -1 3900 3900
12297 CONNECTION 502 101 -1 -1 4560 4560
12298 CONNECTION 502 727 300 840 4800 4800
12299 CONNECTION 502 259 300 1200 5760 5760
12300 CONNECTION 502 233 300 1320 5700 5700
12301 CONNECTION 502 371 300 1800 6360 6360
12302 CONNECTION 502 952 300 2640 6600 6600
12303 CONNECTION 502 571 300 3000 7560 7560
12304 CONNECTION 502 505 300 3120 7500 7500
12305 CONNECTION 502 623 300 3600 8160 8160
12306 CONNECTION 502 1118 300 4440 8400 8400
12307 CONNECTION 502 773 300 4800 9360 9360
12308 CONNECTION 1104 44 -1 -1 2280 2280
12309 CONNECTION 1104 1105 -1 -1 2280 2280
12310 CONNECTION 1104 148 -1 -1 3960 3960
12311 CONNECTION 1104 258 -1 -1 4080 4080
12312 CONNECTION 1104 638 -1 -1 4500 4500
12313 CONNECTION 1104 400 300 1320 5760 5760
12314 CONNECTION 1104 570 300 1920 5880 5880
12315 CONNECTION 1104 668 300 3120 7560 7560
12316 CONNECTION 1104 772 300 3720 7680 7680
12317 CONNECTION 1104 1022 300 3840 8100 8100
12318 CONNECTION 1104 1112 300 3840 8100 8100
12319 CONNECTION 257 448 -1 -1 3780 3780
12320 CONNECTION 257 208 -1 -1 4560 4560
12321 CONNECTION 257 476 300 1200 6360 6360
12322 CONNECTION 257 929 300 2220 7380 7380
12323 CONNECTION 257 728 300 3000 8160 8160
12324 CONNECTION 257 953 300 4800 9960 9960
12325 CONNECTION 314 315 -1 -1 1980 1980
12326 CONNECTION 314 542 -1 -1 1680 1680
12327 CONNECTION 314 569 -1 -1 3660 3660
12328 CONNECTION 314 725 -1 -1 2040 2040
12329 CONNECTION 314 908 -1 -1 4620 4620
12330 CONNECTION 314 799 -1 -1 2880 2880
12331 CONNECTION 314 1066 -1 -1 4200 4200
12332 CONNECTION 314 771 -1 -1 5460 5460
12333 CONNECTION 314 181 300 540 4980 4980
12334 CONNECTION 314 950 300 540 3840 3840
12335 CONNECTION 314 825 300 1320 5580 5580
12336 CONNECTION 314 19 300 1980 5280 5280
12337 CONNECTION 314 997 300 2100 7260 7260
12338 CONNECTION 314 1116 300 2340 5640 5640
12339 CONNECTION 314 1048 300 3060 8220 8220
12340 CONNECTION 314 293 300 3180 6480 6480
12341 CONNECTION 314 449 300 3360 7800 7800
12342 CONNECTION 314 47 300 3900 9060 9060
12343 CONNECTION 314 1108 300 3900 9060 9060
12344 CONNECTION 314 209 300 4140 7440 7440
12345 CONNECTION 314 701 300 4140 8580 8580
12346 CONNECTION 849 850 -1 -1 900 900
12347 CONNECTION 849 77 -1 -1 2700 2700
12348 CONNECTION 849 667 -1 -1 4140 4140
12349 CONNECTION 849 1047 -1 -1 3960 3960
12350 CONNECTION 849 292 -1 -1 4080 4080
12351 CONNECTION 849 1067 300 540 3720 3720
12352 CONNECTION 849 182 300 1320 4500 4500
12353 CONNECTION 849 347 300 1320 4500 4500
12354 CONNECTION 849 888 300 1320 5940 5940
12355 CONNECTION 849 151 300 3120 7740 7740
12356 CONNECTION 849 426 300 3120 7560 7560
12357 CONNECTION 849 599 300 3120 6300 6300
12358 CONNECTION 849 802 300 3240 7680 7680
12359 CONNECTION 849 450 300 4140 7320 7320
12360 CONNECTION 1065 1066 -1 -1 2160 2160
12361 CONNECTION 1065 771 -1 -1 3420 3420
12362 CONNECTION 1065 181 -1 -1 2940 2940
12363 CONNECTION 1065 950 -1 -1 1800 1800
12364 CONNECTION 1065 825 -1 -1 3540 3540
12365 CONNECTION 1065 19 -1 -1 3240 3240
12366 CONNECTION 1065 997 -1 -1 5220 5220
12367 CONNECTION 1065 1116 -1 -1 3600 3600
12368 CONNECTION 1065 1048 300 1020 6180 6180
12369 CONNECTION 1065 293 300 1140 4440 4440
12370 CONNECTION 1065 449 300 1320 5760 5760
12371 CONNECTION 1065 47 300 1860 7020 7020
12372 CONNECTION 1065 1108 300 1860 7020 7020
12373 CONNECTION 1065 209 300 2100 5400 5400
12374 CONNECTION 1065 701 300 2100 6540 6540
12375 CONNECTION 1065 318 300 2880 7140 7140
12376 CONNECTION 1065 545 300 3540 6840 6840
12377 CONNECTION 1065 261 300 3660 8820 8820
12378 CONNECTION 1065 477 300 3900 7200 7200
12379 CONNECTION 1065 427 300 4620 9780 9780
12380 CONNECTION 1065 803 300 4740 8040 8040
12381 CONNECTION 473 474 -1 -1 2280 2280
12382 CONNECTION 473 746 -1 -1 2760 2760
12383 CONNECTION 473 1021 -1 -1 3480 3480
12384 CONNECTION 473 1100 -1 -1 3480 3480
12385 CONNECTION 473 770 -1 -1 2340 2340
12386 CONNECTION 473 543 -1 -1 4260 4260
12387 CONNECTION 473 180 -1 -1 2580 2580
12388 CONNECTION 473 726 -1 -1 4080 4080
12389 CONNECTION 473 232 -1 -1 4560 4560
12390 CONNECTION 473 824 -1 -1 3360 3360
12391 CONNECTION 473 424 300 360 5640 5640
12392 CONNECTION 473 996 300 840 4140 4140
12393 CONNECTION 473 521 300 1020 6300 6300
12394 CONNECTION 473 951 300 1320 5880 5880
12395 CONNECTION 473 504 300 1800 6360 6360
12396 CONNECTION 473 120 300 1980 7080 7080
12397 CONNECTION 473 46 300 2640 5940 5940
12398 CONNECTION 473 1107 300 2640 5940 5940
12399 CONNECTION 473 20 300 2760 7860 7860
12400 CONNECTION 473 700 300 2880 6180 6180
12401 CONNECTION 473 1117 300 3120 7680 7680
12402 CONNECTION 473 748 300 3600 8160 8160
12403 CONNECTION 473 317 300 3660 6960 6960
12404 CONNECTION 473 909 300 3960 9240 9240
12405 CONNECTION 473 260 300 4440 7740 7740
12406 CONNECTION 473 970 300 4620 9900 9900
12407 CONNECTION 697 698 -1 -1 900 900
12408 CONNECTION 697 77 -1 -1 2700 2700
12409 CONNECTION 697 667 -1 -1 4140 4140
12410 CONNECTION 697 1047 -1 -1 3960 3960
12411 CONNECTION 697 292 -1 -1 4080 4080
12412 CONNECTION 697 1067 300 540 3720 3720
12413 CONNECTION 697 182 300 1320 4500 4500
12414 CONNECTION 697 347 300 1320 4500 4500
12415 CONNECTION 697 888 300 1320 5940 5940
12416 CONNECTION 697 151 300 3120 7740 7740
12417 CONNECTION 697 426 300 3120 7560 7560
12418 CONNECTION 697 599 300 3120 6300 6300
12419 CONNECTION 697 802 300 3240 7680 7680
12420 CONNECTION 697 450 300 4140 7320 7320
12421 CONNECTION 397 398 -1 -1 900 900
12422 CONNECTION 397 100 -1 -1 2880 2880
12423 CONNECTION 397 119 -1 -1 4020 4020
12424 CONNECTION 397 928 -1 -1 4020 4020
12425 CONNECTION 397 291 -1 -1 2700 2700
12426 CONNECTION 397 666 -1 -1 2700 2700
12427 CONNECTION 397 699 -1 -1 3000 3000
12428 CONNECTION 397 851 -1 -1 3000 3000
12429 CONNECTION 397 1046 -1 -1 2700 2700
12430 CONNECTION 397 370 -1 -1 4680 4680
12431 CONNECTION 397 1111 -1 -1 4560 4560
12432 CONNECTION 397 78 300 1320 4800 4800
12433 CONNECTION 397 887 300 1320 4500 4500
12434 CONNECTION 397 622 300 2100 6480 6480
12435 CONNECTION 397 639 300 2340 7620 7620
12436 CONNECTION 397 1068 300 2340 7620 7620
12437 CONNECTION 397 150 300 3120 6300 6300
12438 CONNECTION 397 183 300 3120 6600 6600
12439 CONNECTION 397 348 300 3120 6600 6600
12440 CONNECTION 397 425 300 3120 6300 6300
12441 CONNECTION 397 801 300 3120 6300 6300
12442 CONNECTION 397 102 300 3900 8280 8280
12443 CONNECTION 397 522 300 3900 8160 8160
12444 SINK 397 2 -1 -1 300 300
12445 CONNECTION 769 770 -1 -1 1020 1020
12446 CONNECTION 769 726 -1 -1 2760 2760
12447 CONNECTION 769 232 -1 -1 3240 3240
12448 CONNECTION 769 824 -1 -1 2040 2040
12449 CONNECTION 769 424 -1 -1 4320 4320
12450 CONNECTION 769 996 -1 -1 2820 2820
12451 CONNECTION 769 521 -1 -1 4980 4980
12452 CONNECTION 769 951 -1 -1 4560 4560
12453 CONNECTION 769 504 300 480 5040 5040
12454 CONNECTION 769 120 300 660 5760 5760
12455 CONNECTION 769 46 300 1320 4620 4620
12456 CONNECTION 769 1107 300 1320 4620 4620
12457 CONNECTION 769 20 300 1440 6540 6540
12458 CONNECTION 769 700 300 1560 4860 4860
12459 CONNECTION 769 1117 300 1800 6360 6360
12460 CONNECTION 769 748 300 2280 6840 6840
12461 CONNECTION 769 317 300 2340 5640 5640
12462 CONNECTION 769 909 300 2640 7920 7920
12463 CONNECTION 769 260 300 3120 6420 6420
12464 CONNECTION 769 970 300 3300 8580 8580
12465 CONNECTION 769 210 300 3600 8160 8160
12466 CONNECTION 769 234 300 4080 8640 8640
12467 CONNECTION 769 640 300 4260 9360 9360
12468 CONNECTION 1045 1046 -1 -1 900 900
12469 CONNECTION 1045 370 -1 -1 2880 2880
12470 CONNECTION 1045 1111 -1 -1 2760 2760
12471 CONNECTION 1045 78 -1 -1 3000 3000
12472 CONNECTION 1045 887 -1 -1 2700 2700
12473 CONNECTION 1045 622 -1 -1 4680 4680
12474 CONNECTION 1045 639 300 540 5820 5820
12475 CONNECTION 1045 1068 300 540 5820 5820
12476 CONNECTION 1045 150 300 1320 4500 4500
12477 CONNECTION 1045 183 300 1320 4800 4800
12478 CONNECTION 1045 348 300 1320 4800 4800
12479 CONNECTION 1045 425 300 1320 4500 4500
12480 CONNECTION 1045 801 300 1320 4500 4500
12481 CONNECTION 1045 102 300 2100 6480 6480
12482 CONNECTION 1045 522 300 2100 6360 6360
12483 CONNECTION 1045 402 300 3120 6300 6300
12484 CONNECTION 1045 600 300 3120 6600 6600
12485 CONNECTION 1045 372 300 3900 8280 8280
12486 CONNECTION 1045 451 300 4140 9420 9420
12487 CONNECTION 1045 1023 300 4140 9420 9420
12488 CONNECTION 1045 1113 300 4140 9420 9420
12489 SINK 1045 2 -1 -1 300 300
12490 CONNECTION 231 291 -1 -1 1680 1680
12491 CONNECTION 231 666 -1 -1 1680 1680
12492 CONNECTION 231 699 -1 -1 1980 1980
12493 CONNECTION 231 851 -1 -1 1980 1980
12494 CONNECTION 231 1046 -1 -1 1680 1680
12495 CONNECTION 231 370 -1 -1 3660 3660
12496 CONNECTION 231 1111 -1 -1 3540 3540
12497 CONNECTION 231 78 -1 -1 3780 3780
12498 CONNECTION 231 887 -1 -1 3480 3480
12499 CONNECTION 231 622 300 1080 5460 5460
12500 CONNECTION 231 639 300 1320 6600 6600
12501 CONNECTION 231 1068 300 1320 6600 6600
12502 CONNECTION 231 150 300 2100 5280 5280
12503 CONNECTION 231 183 300 2100 5580 5580
12504 CONNECTION 231 348 300 2100 5580 5580
12505 CONNECTION 231 425 300 2100 5280 5280
12506 CONNECTION 231 801 300 2100 5280 5280
12507 CONNECTION 231 102 300 2880 7260 7260
12508 CONNECTION 231 522 300 2880 7140 7140
12509 CONNECTION 231 402 300 3900 7080 7080
12510 CONNECTION 231 600 300 3900 7380 7380
12511 CONNECTION 231 372 300 4680 9060 9060
12512 SINK 231 2 -1 -1 300 300
12513 CONNECTION 994 995 -1 -1 2280 2280
12514 CONNECTION 994 621 -1 -1 2880 2880
12515 CONNECTION 994 475 -1 -1 3120 3120
12516 CONNECTION 994 45 -1 -1 4080 4080
12517 CONNECTION 994 1106 -1 -1 4080 4080
12518 CONNECTION 994 747 -1 -1 4020 4020
12519 CONNECTION 994 101 -1 -1 4680 4680
12520 CONNECTION 994 727 300 960 4920 4920
12521 CONNECTION 994 259 300 1320 5880 5880
12522 CONNECTION 994 233 300 1440 5820 5820
12523 CONNECTION 994 371 300 1920 6480 6480
12524 CONNECTION 994 952 300 2760 6720 6720
12525 CONNECTION 994 571 300 3120 7680 7680
12526 CONNECTION 994 505 300 3240 7620 7620
12527 CONNECTION 994 623 300 3720 8280 8280
12528 CONNECTION 994 1118 300 4560 8520 8520
12529 CONNECTION 620 621 -1 -1 2400 2400
12530 CONNECTION 620 475 -1 -1 2640 2640
12531 CONNECTION 620 45 -1 -1 3600 3600
12532 CONNECTION 620 1106 -1 -1 3600 3600
12533 CONNECTION 620 747 -1 -1 3540 3540
12534 CONNECTION 620 101 -1 -1 4200 4200
12535 CONNECTION 620 727 300 480 4440 4440
12536 CONNECTION 620 259 300 840 5400 5400
12537 CONNECTION 620 233 300 960 5340 5340
12538 CONNECTION 620 371 300 1440 6000 6000
12539 CONNECTION 620 952 300 2280 6240 6240
12540 CONNECTION 620 571 300 2640 7200 7200
12541 CONNECTION 620 505 300 2760 7140 7140
12542 CONNECTION 620 623 300 3240 7800 7800
12543 CONNECTION 620 1118 300 4080 8040 8040
12544 CONNECTION 620 773 300 4440 9000 9000
12545 CONNECTION 620 749 300 4560 8940 8940
12546 CONNECTION 968 148 -1 -1 3120 3120
12547 CONNECTION 968 258 -1 -1 3240 3240
12548 CONNECTION 968 638 -1 -1 3660 3660
12549 CONNECTION 968 400 300 480 4920 4920
12550 CONNECTION 968 570 300 1080 5040 5040
12551 CONNECTION 968 668 300 2280 6720 6720
12552 CONNECTION 968 772 300 2880 6840 6840
12553 CONNECTION 968 1022 300 3000 7260 7260
12554 CONNECTION 968 1112 300 3000 7260 7260
12555 CONNECTION 968 889 300 4080 8520 8520
12556 CONNECTION 968 998 300 4680 8640 8640
12557 CONNECTION 118 119 -1 -1 3000 3000
12558 CONNECTION 118 291 -1 -1 1680 1680
12559 CONNECTION 118 666 -1 -1 1680 1680
12560 CONNECTION 118 699 -1 -1 1980 1980
12561 CONNECTION 118 851 -1 -1 1980 1980
12562 CONNECTION 118 1046 -1 -1 1680 1680
12563 CONNECTION 118 370 -1 -1 3660 3660
12564 CONNECTION 118 1111 -1 -1 3540 3540
12565 CONNECTION 118 78 -1 -1 3780 3780
12566 CONNECTION 118 887 -1 -1 3480 3480
12567 CONNECTION 118 622 300 1080 5460 5460
12568 CONNECTION 118 639 300 1320 6600 6600
12569 CONNECTION 118 1068 300 1320 6600 6600
12570 CONNECTION 118 150 300 2100 5280 5280
12571 CONNECTION 118 183 300 2100 5580 5580
12572 CONNECTION 118 348 300 2100 5580 5580
12573 CONNECTION 118 425 300 2100 5280 5280
12574 CONNECTION 118 801 300 2100 5280 5280
12575 CONNECTION 118 102 300 2880 7260 7260
12576 CONNECTION 118 522 300 2880 7140 7140
12577 CONNECTION 118 402 300 3900 7080 7080
12578 CONNECTION 118 600 300 3900 7380 7380
12579 CONNECTION 118 372 300 4680 9060 9060
12580 SINK 118 2 -1 -1 300 300
12581 CONNECTION 147 346 -1 -1 3060 3060
12582 CONNECTION 147 598 -1 -1 4860 4860
12583 CONNECTION 147 544 300 1680 5940 5940
12584 CONNECTION 147 853 300 2040 6660 6660
12585 CONNECTION 147 80 300 3840 8460 8460
12586 CONNECTION 595 596 -1 -1 1200 1200
12587 CONNECTION 595 100 -1 -1 2880 2880
12588 CONNECTION 595 119 -1 -1 4020 4020
12589 CONNECTION 595 928 -1 -1 4020 4020
12590 CONNECTION 595 291 -1 -1 2700 2700
12591 CONNECTION 595 666 -1 -1 2700 2700
12592 CONNECTION 595 699 -1 -1 3000 3000
12593 CONNECTION 595 851 -1 -1 3000 3000
12594 CONNECTION 595 1046 -1 -1 2700 2700
12595 CONNECTION 595 370 -1 -1 4680 4680
12596 CONNECTION 595 1111 -1 -1 4560 4560
12597 CONNECTION 595 78 300 1320 4800 4800
12598 CONNECTION 595 887 300 1320 4500 4500
12599 CONNECTION 595 622 300 2100 6480 6480
12600 CONNECTION 595 639 300 2340 7620 7620
12601 CONNECTION 595 1068 300 2340 7620 7620
12602 CONNECTION 595 150 300 3120 6300 6300
12603 CONNECTION 595 183 300 3120 6600 6600
12604 CONNECTION 595 348 300 3120 6600 6600
12605 CONNECTION 595 425 300 3120 6300 6300
12606 CONNECTION 595 801 300 3120 6300 6300
12607 CONNECTION 595 102 300 3900 8280 8280
12608 CONNECTION 595 522 300 3900 8160 8160
12609 SINK 595 2 -1 -1 300 300
12610 CONNECTION 907 908 -1 -1 2880 2880
12611 CONNECTION 907 771 -1 -1 3720 3720
12612 CONNECTION 907 181 -1 -1 3240 3240
12613 CONNECTION 907 950 -1 -1 2100 2100
12614 CONNECTION 907 825 -1 -1 3840 3840
12615 CONNECTION 907 19 -1 -1 3540 3540
12616 CONNECTION 907 997 300 360 5520 5520
12617 CONNECTION 907 1116 300 600 3900 3900
12618 CONNECTION 907 1048 300 1320 6480 6480
12619 CONNECTION 907 293 300 1440 4740 4740
12620 CONNECTION 907 449 300 1620 6060 6060
12621 CONNECTION 907 47 300 2160 7320 7320
12622 CONNECTION 907 1108 300 2160 7320 7320
12623 CONNECTION 907 209 300 2400 5700 5700
12624 CONNECTION 907 701 300 2400 6840 6840
12625 CONNECTION 907 318 300 3180 7440 7440
12626 CONNECTION 907 545 300 3840 7140 7140
12627 CONNECTION 907 261 300 3960 9120 9120
12628 CONNECTION 907 477 300 4200 7500 7500
12629 CONNECTION 798 799 -1 -1 1020 1020
12630 CONNECTION 798 771 -1 -1 3600 3600
12631 CONNECTION 798 181 -1 -1 3120 3120
12632 CONNECTION 798 950 -1 -1 1980 1980
12633 CONNECTION 798 825 -1 -1 3720 3720
12634 CONNECTION 798 19 -1 -1 3420 3420
12635 CONNECTION 798 997 -1 -1 5400 5400
12636 CONNECTION 798 1116 300 480 3780 3780
12637 CONNECTION 798 1048 300 1200 6360 6360
12638 CONNECTION 798 293 300 1320 4620 4620
12639 CONNECTION 798 449 300 1500 5940 5940
12640 CONNECTION 798 47 300 2040 7200 7200
12641 CONNECTION 798 1108 300 2040 7200 7200
12642 CONNECTION 798 209 300 2280 5580 5580
12643 CONNECTION 798 701 300 2280 6720 6720
12644 CONNECTION 798 318 300 3060 7320 7320
12645 CONNECTION 798 545 300 3720 7020 7020
12646 CONNECTION 798 261 300 3840 9000 9000
12647 CONNECTION 798 477 300 4080 7380 7380
12648 CONNECTION 798 427 300 4800 9960 9960
12649 CONNECTION 568 569 -1 -1 2880 2880
12650 CONNECTION 568 908 -1 -1 3840 3840
12651 CONNECTION 568 799 -1 -1 2100 2100
12652 CONNECTION 568 1066 -1 -1 3420 3420
12653 CONNECTION 568 771 -1 -1 4680 4680
12654 CONNECTION 568 181 -1 -1 4200 4200
12655 CONNECTION 568 950 -1 -1 3060 3060
12656 CONNECTION 568 825 300 540 4800 4800
12657 CONNECTION 568 19 300 1200 4500 4500
12658 CONNECTION 568 997 300 1320 6480 6480
12659 CONNECTION 568 1116 300 1560 4860 4860
12660 CONNECTION 568 1048 300 2280 7440 7440
12661 CONNECTION 568 293 300 2400 5700 5700
12662 CONNECTION 568 449 300 2580 7020 7020
12663 CONNECTION 568 47 300 3120 8280 8280
12664 CONNECTION 568 1108 300 3120 8280 8280
12665 CONNECTION 568 209 300 3360 6660 6660
12666 CONNECTION 568 701 300 3360 7800 7800
12667 CONNECTION 568 318 300 4140 8400 8400
12668 CONNECTION 568 545 300 4800 8100 8100
12669 CONNECTION 823 824 -1 -1 1020 1020
12670 CONNECTION 823 996 -1 -1 1800 1800
12671 CONNECTION 823 521 -1 -1 3960 3960
12672 CONNECTION 823 951 -1 -1 3540 3540
12673 CONNECTION 823 504 -1 -1 4020 4020
12674 CONNECTION 823 120 -1 -1 4740 4740
12675 CONNECTION 823 46 -1 -1 3600 3600
12676 CONNECTION 823 1107 -1 -1 3600 3600
12677 CONNECTION 823 20 300 420 5520 5520
12678 CONNECTION 823 700 300 540 3840 3840
12679 CONNECTION 823 1117 300 780 5340 5340
12680 CONNECTION 823 748 300 1260 5820 5820
12681 CONNECTION 823 317 300 1320 4620 4620
12682 CONNECTION 823 909 300 1620 6900 6900
12683 CONNECTION 823 260 300 2100 5400 5400
12684 CONNECTION 823 970 300 2280 7560 7560
12685 CONNECTION 823 210 300 2580 7140 7140
12686 CONNECTION 823 234 300 3060 7620 7620
12687 CONNECTION 823 640 300 3240 8340 8340
12688 CONNECTION 823 572 300 3900 7200 7200
12689 CONNECTION 823 184 300 4140 7440 7440
12690 CONNECTION 823 478 300 4380 8940 8940
12691 CONNECTION 369 424 -1 -1 3720 3720
12692 CONNECTION 369 996 -1 -1 2220 2220
12693 CONNECTION 369 521 -1 -1 4380 4380
12694 CONNECTION 369 951 -1 -1 3960 3960
12695 CONNECTION 369 504 -1 -1 4440 4440
12696 CONNECTION 369 120 -1 -1 5160 5160
12697 CONNECTION 369 46 300 720 4020 4020
12698 CONNECTION 369 1107 300 720 4020 4020
12699 CONNECTION 369 20 300 840 5940 5940
12700 CONNECTION 369 700 300 960 4260 4260
12701 CONNECTION 369 1117 300 1200 5760 5760
12702 CONNECTION 369 748 300 1680 6240 6240
12703 CONNECTION 369 317 300 1740 5040 5040
12704 CONNECTION 369 909 300 2040 7320 7320
12705 CONNECTION 369 260 300 2520 5820 5820
12706 CONNECTION 369 970 300 2700 7980 7980
12707 CONNECTION 369 210 300 3000 7560 7560
12708 CONNECTION 369 234 300 3480 8040 8040
12709 CONNECTION 369 640 300 3660 8760 8760
12710 CONNECTION 369 572 300 4320 7620 7620
12711 CONNECTION 369 184 300 4560 7860 7860
12712 CONNECTION 369 478 300 4800 9360 9360
12713 CONNECTION 345 258 -1 -1 2580 2580
12714 CONNECTION 345 638 -1 -1 3000 3000
12715 CONNECTION 345 400 -1 -1 4260 4260
12716 CONNECTION 345 570 300 420 4380 4380
12717 CONNECTION 345 668 300 1620 6060 6060
12718 CONNECTION 345 772 300 2220 6180 6180
12719 CONNECTION 345 1022 300 2340 6600 6600
12720 CONNECTION 345 1112 300 2340 6600 6600
12721 CONNECTION 345 889 300 3420 7860 7860
12722 CONNECTION 345 998 300 4020 7980 7980
12723 CONNECTION 949 950 -1 -1 1020 1020
12724 CONNECTION 949 825 -1 -1 2760 2760
12725 CONNECTION 949 19 -1 -1 2460 2460
12726 CONNECTION 949 997 -1 -1 4440 4440
12727 CONNECTION 949 1116 -1 -1 2820 2820
12728 CONNECTION 949 1048 -1 -1 5400 5400
12729 CONNECTION 949 293 300 360 3660 3660
12730 CONNECTION 949 449 300 540 4980 4980
12731 CONNECTION 949 47 300 1080 6240 6240
12732 CONNECTION 949 1108 300 1080 6240 6240
12733 CONNECTION 949 209 300 1320 4620 4620
12734 CONNECTION 949 701 300 1320 5760 5760
12735 CONNECTION 949 318 300 2100 6360 6360
12736 CONNECTION 949 545 300 2760 6060 6060
12737 CONNECTION 949 261 300 2880 8040 8040
12738 CONNECTION 949 477 300 3120 6420 6420
12739 CONNECTION 949 427 300 3840 9000 9000
12740 CONNECTION 949 803 300 3960 7260 7260
12741 CONNECTION 949 930 300 4140 8580 8580
12742 CONNECTION 949 573 300 4680 9840 9840
12743 CONNECTION 1110 1111 -1 -1 2100 2100
12744 CONNECTION 1110 78 -1 -1 2340 2340
12745 CONNECTION 1110 887 -1 -1 2040 2040
12746 CONNECTION 1110 622 -1 -1 4020 4020
12747 CONNECTION 1110 639 -1 -1 5160 5160
12748 CONNECTION 1110 1068 -1 -1 5160 5160
12749 CONNECTION 1110 150 300 660 3840 3840
12750 CONNECTION 1110 183 300 660 4140 4140
12751 CONNECTION 1110 348 300 660 4140 4140
12752 CONNECTION 1110 425 300 660 3840 3840
12753 CONNECTION 1110 801 300 660 3840 3840
12754 CONNECTION 1110 102 300 1440 5820 5820
12755 CONNECTION 1110 522 300 1440 5700 5700
12756 CONNECTION 1110 402 300 2460 5640 5640
12757 CONNECTION 1110 600 300 2460 5940 5940
12758 CONNECTION 1110 372 300 3240 7620 7620
12759 CONNECTION 1110 451 300 3480 8760 8760
12760 CONNECTION 1110 1023 300 3480 8760 8760
12761 CONNECTION 1110 1113 300 3480 8760 8760
12762 CONNECTION 1110 295 300 4260 7440 7440
12763 CONNECTION 1110 670 300 4260 7440 7440
12764 CONNECTION 1110 703 300 4260 7740 7740
12765 CONNECTION 1110 855 300 4260 7740 7740
12766 CONNECTION 1110 910 300 4260 7440 7440
12767 SINK 1110 2 -1 -1 300 300
12768 CONNECTION 315 346 -1 -1 3000 3000
12769 CONNECTION 315 598 -1 -1 4800 4800
12770 CONNECTION 315 544 300 1620 5880 5880
12771 CONNECTION 315 853 300 1980 6600 6600
12772 CONNECTION 315 80 300 3780 8400 8400
12773 CONNECTION 474 475 -1 -1 1680 1680
12774 CONNECTION 474 747 -1 -1 2580 2580
12775 CONNECTION 474 101 -1 -1 3240 3240
12776 CONNECTION 474 727 -1 -1 3480 3480
12777 CONNECTION 474 259 -1 -1 4440 4440
12778 CONNECTION 474 233 -1 -1 4380 4380
12779 CONNECTION 474 371 300 480 5040 5040
12780 CONNECTION 474 952 300 1320 5280 5280
12781 CONNECTION 474 571 300 1680 6240 6240
12782 CONNECTION 474 505 300 1800 6180 6180
12783 CONNECTION 474 623 300 2280 6840 6840
12784 CONNECTION 474 1118 300 3120 7080 7080
12785 CONNECTION 474 773 300 3480 8040 8040
12786 CONNECTION 474 749 300 3600 7980 7980
12787 CONNECTION 474 103 300 4080 8640 8640
12788 CONNECTION 398 399 -1 -1 2340 2340
12789 CONNECTION 398 77 -1 -1 2700 2700
12790 CONNECTION 398 667 -1 -1 4140 4140
12791 CONNECTION 398 1047 -1 -1 3960 3960
12792 CONNECTION 398 292 -1 -1 4080 4080
12793 CONNECTION 398 1067 300 540 3720 3720
12794 CONNECTION 398 182 300 1320 4500 4500
12795 CONNECTION 398 347 300 1320 4500 4500
12796 CONNECTION 398 888 300 1320 5940 5940
12797 CONNECTION 398 151 300 3120 7740 7740
12798 CONNECTION 398 426 300 3120 7560 7560
12799 CONNECTION 398 599 300 3120 6300 6300
12800 CONNECTION 398 802 300 3240 7680 7680
12801 CONNECTION 398 450 300 4140 7320 7320
12802 CONNECTION 596 597 -1 -1 2220 2220
12803 CONNECTION 596 886 -1 -1 2400 2400
12804 CONNECTION 596 852 -1 -1 4020 4020
12805 CONNECTION 596 149 300 720 4200 4200
12806 CONNECTION 596 800 300 720 4200 4200
12807 CONNECTION 596 79 300 1380 5820 5820
12808 CONNECTION 596 401 300 2520 6000 6000
12809 CONNECTION 596 349 300 3180 7620 7620
12810 CONNECTION 596 294 300 4320 7800 7800
12811 CONNECTION 596 669 300 4320 7800 7800
12812 CONNECTION 885 886 -1 -1 1320 1320
12813 CONNECTION 885 852 -1 -1 2940 2940
12814 CONNECTION 885 149 -1 -1 3120 3120
12815 CONNECTION 885 800 -1 -1 3120 3120
12816 CONNECTION 885 79 -1 -1 4740 4740
12817 CONNECTION 885 401 300 1440 4920 4920
12818 CONNECTION 885 349 300 2100 6540 6540
12819 CONNECTION 885 294 300 3240 6720 6720
12820 CONNECTION 885 669 300 3240 6720 6720
12821 CONNECTION 885 601 300 3900 8340 8340
12822 CONNECTION 927 928 -1 -1 3000 3000
12823 CONNECTION 927 291 -1 -1 1680 1680
12824 CONNECTION 927 666 -1 -1 1680 1680
12825 CONNECTION 927 699 -1 -1 1980 1980
12826 CONNECTION 927 851 -1 -1 1980 1980
12827 CONNECTION 927 1046 -1 -1 1680 1680
12828 CONNECTION 927 370 -1 -1 3660 3660
12829 CONNECTION 927 1111 -1 -1 3540 3540
12830 CONNECTION 927 78 -1 -1 3780 3780
12831 CONNECTION 927 887 -1 -1 3480 3480
12832 CONNECTION 927 622 300 1080 5460 5460
12833 CONNECTION 927 639 300 1320 6600 6600
12834 CONNECTION 927 1068 300 1320 6600 6600
12835 CONNECTION 927 150 300 2100 5280 5280
12836 CONNECTION 927 183 300 2100 5580 5580
12837 CONNECTION 927 348 300 2100 5580 5580
12838 CONNECTION 927 425 300 2100 5280 5280
12839 CONNECTION 927 801 300 2100 5280 5280
12840 CONNECTION 927 102 300 2880 7260 7260
12841 CONNECTION 927 522 300 2880 7140 7140
12842 CONNECTION 927 402 300 3900 7080 7080
12843 CONNECTION 927 600 300 3900 7380 7380
12844 CONNECTION 927 372 300 4680 9060 9060
12845 SINK 927 2 -1 -1 300 300
12846 CONNECTION 542 543 -1 -1 2820 2820
12847 CONNECTION 542 232 -1 -1 3120 3120
12848 CONNECTION 542 824 -1 -1 1920 1920
12849 CONNECTION 542 424 -1 -1 4200 4200
12850 CONNECTION 542 996 -1 -1 2700 2700
12851 CONNECTION 542 521 -1 -1 4860 4860
12852 CONNECTION 542 951 -1 -1 4440 4440
12853 CONNECTION 542 504 300 360 4920 4920
12854 CONNECTION 542 120 300 540 5640 5640
12855 CONNECTION 542 46 300 1200 4500 4500
12856 CONNECTION 542 1107 300 1200 4500 4500
12857 CONNECTION 542 20 300 1320 6420 6420
12858 CONNECTION 542 700 300 1440 4740 4740
12859 CONNECTION 542 1117 300 1680 6240 6240
12860 CONNECTION 542 748 300 2160 6720 6720
12861 CONNECTION 542 317 300 2220 5520 5520
12862 CONNECTION 542 909 300 2520 7800 7800
12863 CONNECTION 542 260 300 3000 6300 6300
12864 CONNECTION 542 970 300 3180 8460 8460
12865 CONNECTION 542 210 300 3480 8040 8040
12866 CONNECTION 542 234 300 3960 8520 8520
12867 CONNECTION 542 640 300 4140 9240 9240
12868 CONNECTION 542 572 300 4800 8100 8100
12869 CONNECTION 207 258 -1 -1 2280 2280
12870 CONNECTION 207 638 -1 -1 2700 2700
12871 CONNECTION 207 400 -1 -1 3960 3960
12872 CONNECTION 207 570 -1 -1 4080 4080
12873 CONNECTION 207 668 300 1320 5760 5760
12874 CONNECTION 207 772 300 1920 5880 5880
12875 CONNECTION 207 1022 300 2040 6300 6300
12876 CONNECTION 207 1112 300 2040 6300 6300
12877 CONNECTION 207 889 300 3120 7560 7560
12878 CONNECTION 207 998 300 3720 7680 7680
12879 CONNECTION 520 521 -1 -1 3000 3000
12880 CONNECTION 520 504 -1 -1 3060 3060
12881 CONNECTION 520 120 -1 -1 3780 3780
12882 CONNECTION 520 46 -1 -1 2640 2640
12883 CONNECTION 520 1107 -1 -1 2640 2640
12884 CONNECTION 520 20 -1 -1 4560 4560
12885 CONNECTION 520 700 -1 -1 2880 2880
12886 CONNECTION 520 1117 -1 -1 4380 4380
12887 CONNECTION 520 748 -1 -1 4860 4860
12888 CONNECTION 520 317 300 360 3660 3660
12889 CONNECTION 520 909 300 660 5940 5940
12890 CONNECTION 520 260 300 1140 4440 4440
12891 CONNECTION 520 970 300 1320 6600 6600
12892 CONNECTION 520 210 300 1620 6180 6180
12893 CONNECTION 520 234 300 2100 6660 6660
12894 CONNECTION 520 640 300 2280 7380 7380
12895 CONNECTION 520 572 300 2940 6240 6240
12896 CONNECTION 520 184 300 3180 6480 6480
12897 CONNECTION 520 478 300 3420 7980 7980
12898 CONNECTION 520 506 300 3900 8460 8460
12899 CONNECTION 520 827 300 3960 7260 7260
12900 CONNECTION 520 1049 300 4260 9540 9540
12901 CONNECTION 520 774 300 4740 8040 8040
12902 CONNECTION 746 747 -1 -1 2100 2100
12903 CONNECTION 746 101 -1 -1 2760 2760
12904 CONNECTION 746 727 -1 -1 3000 3000
12905 CONNECTION 746 259 -1 -1 3960 3960
12906 CONNECTION 746 233 -1 -1 3900 3900
12907 CONNECTION 746 371 -1 -1 4560 4560
12908 CONNECTION 746 952 300 840 4800 4800
12909 CONNECTION 746 571 300 1200 5760 5760
12910 CONNECTION 746 505 300 1320 5700 5700
12911 CONNECTION 746 623 300 1800 6360 6360
12912 CONNECTION 746 1118 300 2640 6600 6600
12913 CONNECTION 746 773 300 3000 7560 7560
12914 CONNECTION 746 749 300 3120 7500 7500
12915 CONNECTION 746 103 300 3600 8160 8160
12916 CONNECTION 746 211 300 4440 8400 8400
12917 CONNECTION 746 999 300 4800 9360 9360
12918 CONNECTION 569 476 -1 -1 4560 4560
12919 CONNECTION 569 929 300 420 5580 5580
12920 CONNECTION 569 728 300 1200 6360 6360
12921 CONNECTION 569 953 300 3000 8160 8160
12922 CONNECTION 569 1069 300 4020 9180 9180
12923 CONNECTION 569 1129 300 4800 9960 9960
12924 CONNECTION 76 77 -1 -1 900 900
12925 CONNECTION 76 1067 -1 -1 1920 1920
12926 CONNECTION 76 182 -1 -1 2700 2700
12927 CONNECTION 76 347 -1 -1 2700 2700
12928 CONNECTION 76 888 -1 -1 4140 4140
12929 CONNECTION 76 151 300 1320 5940 5940
12930 CONNECTION 76 426 300 1320 5760 5760
12931 CONNECTION 76 599 300 1320 4500 4500
12932 CONNECTION 76 802 300 1440 5880 5880
12933 CONNECTION 76 450 300 2340 5520 5520
12934 CONNECTION 76 403 300 3120 7740 7740
12935 CONNECTION 76 702 300 3120 6300 6300
12936 CONNECTION 76 854 300 3120 6300 6300
12937 CONNECTION 1021 969 -1 -1 3420 3420
12938 CONNECTION 1021 826 300 960 6060 6060
12939 CONNECTION 1021 1123 300 1920 7020 7020
12940 CONNECTION 1021 319 300 4560 9660 9660
12941 CONNECTION 1100 969 -1 -1 3420 3420
12942 CONNECTION 1100 826 300 960 6060 6060
12943 CONNECTION 1100 1123 300 1920 7020 7020
12944 CONNECTION 1100 319 300 4560 9660 9660
12945 CONNECTION 725 726 -1 -1 2280 2280
12946 CONNECTION 725 232 -1 -1 2760 2760
12947 CONNECTION 725 824 -1 -1 1560 1560
12948 CONNECTION 725 424 -1 -1 3840 3840
12949 CONNECTION 725 996 -1 -1 2340 2340
12950 CONNECTION 725 521 -1 -1 4500 4500
12951 CONNECTION 725 951 -1 -1 4080 4080
12952 CONNECTION 725 504 -1 -1 4560 4560
12953 CONNECTION 725 120 -1 -1 5280 5280
12954 CONNECTION 725 46 300 840 4140 4140
12955 CONNECTION 725 1107 300 840 4140 4140
12956 CONNECTION 725 20 300 960 6060 6060
12957 CONNECTION 725 700 300 1080 4380 4380
12958 CONNECTION 725 1117 300 1320 5880 5880
12959 CONNECTION 725 748 300 1800 6360 6360
12960 CONNECTION 725 317 300 1860 5160 5160
12961 CONNECTION 725 909 300 2160 7440 7440
12962 CONNECTION 725 260 300 2640 5940 5940
12963 CONNECTION 725 970 300 2820 8100 8100
12964 CONNECTION 725 210 300 3120 7680 7680
12965 CONNECTION 725 234 300 3600 8160 8160
12966 CONNECTION 725 640 300 3780 8880 8880
12967 CONNECTION 725 572 300 4440 7740 7740
12968 CONNECTION 725 184 300 4680 7980 7980
12969 CONNECTION 290 291 -1 -1 900 900
12970 CONNECTION 290 370 -1 -1 2880 2880
12971 CONNECTION 290 1111 -1 -1 2760 2760
12972 CONNECTION 290 78 -1 -1 3000 3000
12973 CONNECTION 290 887 -1 -1 2700 2700
12974 CONNECTION 290 622 -1 -1 4680 4680
12975 CONNECTION 290 639 300 540 5820 5820
12976 CONNECTION 290 1068 300 540 5820 5820
12977 CONNECTION 290 150 300 1320 4500 4500
12978 CONNECTION 290 183 300 1320 4800 4800
12979 CONNECTION 290 348 300 1320 4800 4800
12980 CONNECTION 290 425 300 1320 4500 4500
12981 CONNECTION 290 801 300 1320 4500 4500
12982 CONNECTION 290 102 300 2100 6480 6480
12983 CONNECTION 290 522 300 2100 6360 6360
12984 CONNECTION 290 402 300 3120 6300 6300
12985 CONNECTION 290 600 300 3120 6600 6600
12986 CONNECTION 290 372 300 3900 8280 8280
12987 CONNECTION 290 451 300 4140 9420 9420
12988 CONNECTION 290 1023 300 4140 9420 9420
12989 CONNECTION 290 1113 300 4140 9420 9420
12990 SINK 290 2 -1 -1 300 300
12991 CONNECTION 665 666 -1 -1 900 900
12992 CONNECTION 665 370 -1 -1 2880 2880
12993 CONNECTION 665 1111 -1 -1 2760 2760
12994 CONNECTION 665 78 -1 -1 3000 3000
12995 CONNECTION 665 887 -1 -1 2700 2700
12996 CONNECTION 665 622 -1 -1 4680 4680
12997 CONNECTION 665 639 300 540 5820 5820
12998 CONNECTION 665 1068 300 540 5820 5820
12999 CONNECTION 665 150 300 1320 4500 4500
13000 CONNECTION 665 183 300 1320 4800 4800
13001 CONNECTION 665 348 300 1320 4800 4800
13002 CONNECTION 665 425 300 1320 4500 4500
13003 CONNECTION 665 801 300 1320 4500 4500
13004 CONNECTION 665 102 300 2100 6480 6480
13005 CONNECTION 665 522 300 2100 6360 6360
13006 CONNECTION 665 402 300 3120 6300 6300
13007 CONNECTION 665 600 300 3120 6600 6600
13008 CONNECTION 665 372 300 3900 8280 8280
13009 CONNECTION 665 451 300 4140 9420 9420
13010 CONNECTION 665 1023 300 4140 9420 9420
13011 CONNECTION 665 1113 300 4140 9420 9420
13012 SINK 665 2 -1 -1 300 300
13013 CONNECTION 995 996 -1 -1 1020 1020
13014 CONNECTION 995 951 -1 -1 2760 2760
13015 CONNECTION 995 504 -1 -1 3240 3240
13016 CONNECTION 995 120 -1 -1 3960 3960
13017 CONNECTION 995 46 -1 -1 2820 2820
13018 CONNECTION 995 1107 -1 -1 2820 2820
13019 CONNECTION 995 20 -1 -1 4740 4740
13020 CONNECTION 995 700 -1 -1 3060 3060
13021 CONNECTION 995 1117 -1 -1 4560 4560
13022 CONNECTION 995 748 300 480 5040 5040
13023 CONNECTION 995 317 300 540 3840 3840
13024 CONNECTION 995 909 300 840 6120 6120
13025 CONNECTION 995 260 300 1320 4620 4620
13026 CONNECTION 995 970 300 1500 6780 6780
13027 CONNECTION 995 210 300 1800 6360 6360
13028 CONNECTION 995 234 300 2280 6840 6840
13029 CONNECTION 995 640 300 2460 7560 7560
13030 CONNECTION 995 572 300 3120 6420 6420
13031 CONNECTION 995 184 300 3360 6660 6660
13032 CONNECTION 995 478 300 3600 8160 8160
13033 CONNECTION 995 506 300 4080 8640 8640
13034 CONNECTION 995 827 300 4140 7440 7440
13035 CONNECTION 995 1049 300 4440 9720 9720
13036 CONNECTION 44 45 -1 -1 2280 2280
13037 CONNECTION 44 101 -1 -1 2880 2880
13038 CONNECTION 44 727 -1 -1 3120 3120
13039 CONNECTION 44 259 -1 -1 4080 4080
13040 CONNECTION 44 233 -1 -1 4020 4020
13041 CONNECTION 44 371 -1 -1 4680 4680
13042 CONNECTION 44 952 300 960 4920 4920
13043 CONNECTION 44 571 300 1320 5880 5880
13044 CONNECTION 44 505 300 1440 5820 5820
13045 CONNECTION 44 623 300 1920 6480 6480
13046 CONNECTION 44 1118 300 2760 6720 6720
13047 CONNECTION 44 773 300 3120 7680 7680
13048 CONNECTION 44 749 300 3240 7620 7620
13049 CONNECTION 44 103 300 3720 8280 8280
13050 CONNECTION 44 211 300 4560 8520 8520
13051 CONNECTION 503 78 -1 -1 1980 1980
13052 CONNECTION 503 887 -1 -1 1680 1680
13053 CONNECTION 503 622 -1 -1 3660 3660
13054 CONNECTION 503 639 -1 -1 4800 4800
13055 CONNECTION 503 1068 -1 -1 4800 4800
13056 CONNECTION 503 150 -1 -1 3480 3480
13057 CONNECTION 503 183 -1 -1 3780 3780
13058 CONNECTION 503 348 -1 -1 3780 3780
13059 CONNECTION 503 425 -1 -1 3480 3480
13060 CONNECTION 503 801 -1 -1 3480 3480
13061 CONNECTION 503 102 300 1080 5460 5460
13062 CONNECTION 503 522 300 1080 5340 5340
13063 CONNECTION 503 402 300 2100 5280 5280
13064 CONNECTION 503 600 300 2100 5580 5580
13065 CONNECTION 503 372 300 2880 7260 7260
13066 CONNECTION 503 451 300 3120 8400 8400
13067 CONNECTION 503 1023 300 3120 8400 8400
13068 CONNECTION 503 1113 300 3120 8400 8400
13069 CONNECTION 503 295 300 3900 7080 7080
13070 CONNECTION 503 670 300 3900 7080 7080
13071 CONNECTION 503 703 300 3900 7380 7380
13072 CONNECTION 503 855 300 3900 7380 7380
13073 CONNECTION 503 910 300 3900 7080 7080
13074 CONNECTION 503 624 300 4680 9060 9060
13075 CONNECTION 503 971 300 4680 8940 8940
13076 SINK 503 2 -1 -1 300 300
13077 CONNECTION 1105 1106 -1 -1 2280 2280
13078 CONNECTION 1105 101 -1 -1 2880 2880
13079 CONNECTION 1105 727 -1 -1 3120 3120
13080 CONNECTION 1105 259 -1 -1 4080 4080
13081 CONNECTION 1105 233 -1 -1 4020 4020
13082 CONNECTION 1105 371 -1 -1 4680 4680
13083 CONNECTION 1105 952 300 960 4920 4920
13084 CONNECTION 1105 571 300 1320 5880 5880
13085 CONNECTION 1105 505 300 1440 5820 5820
13086 CONNECTION 1105 623 300 1920 6480 6480
13087 CONNECTION 1105 1118 300 2760 6720 6720
13088 CONNECTION 1105 773 300 3120 7680 7680
13089 CONNECTION 1105 749 300 3240 7620 7620
13090 CONNECTION 1105 103 300 3720 8280 8280
13091 CONNECTION 1105 211 300 4560 8520 8520
13092 CONNECTION 100 101 -1 -1 2400 2400
13093 CONNECTION 100 727 -1 -1 2640 2640
13094 CONNECTION 100 259 -1 -1 3600 3600
13095 CONNECTION 100 233 -1 -1 3540 3540
13096 CONNECTION 100 371 -1 -1 4200 4200
13097 CONNECTION 100 952 300 480 4440 4440
13098 CONNECTION 100 571 300 840 5400 5400
13099 CONNECTION 100 505 300 960 5340 5340
13100 CONNECTION 100 623 300 1440 6000 6000
13101 CONNECTION 100 1118 300 2280 6240 6240
13102 CONNECTION 100 773 300 2640 7200 7200
13103 CONNECTION 100 749 300 2760 7140 7140
13104 CONNECTION 100 103 300 3240 7800 7800
13105 CONNECTION 100 211 300 4080 8040 8040
13106 CONNECTION 100 999 300 4440 9000 9000
13107 CONNECTION 100 235 300 4560 8940 8940
13108 CONNECTION 399 598 -1 -1 3060 3060
13109 CONNECTION 399 544 -1 -1 4140 4140
13110 CONNECTION 399 853 -1 -1 4860 4860
13111 CONNECTION 399 80 300 2040 6660 6660
13112 CONNECTION 399 21 300 3480 7740 7740
13113 CONNECTION 399 350 300 3840 8460 8460
13114 CONNECTION 698 699 -1 -1 1200 1200
13115 CONNECTION 698 370 -1 -1 2880 2880
13116 CONNECTION 698 1111 -1 -1 2760 2760
13117 CONNECTION 698 78 -1 -1 3000 3000
13118 CONNECTION 698 887 -1 -1 2700 2700
13119 CONNECTION 698 622 -1 -1 4680 4680
13120 CONNECTION 698 639 300 540 5820 5820
13121 CONNECTION 698 1068 300 540 5820 5820
13122 CONNECTION 698 150 300 1320 4500 4500
13123 CONNECTION 698 183 300 1320 4800 4800
13124 CONNECTION 698 348 300 1320 4800 4800
13125 CONNECTION 698 425 300 1320 4500 4500
13126 CONNECTION 698 801 300 1320 4500 4500
13127 CONNECTION 698 102 300 2100 6480 6480
13128 CONNECTION 698 522 300 2100 6360 6360
13129 CONNECTION 698 402 300 3120 6300 6300
13130 CONNECTION 698 600 300 3120 6600 6600
13131 CONNECTION 698 372 300 3900 8280 8280
13132 CONNECTION 698 451 300 4140 9420 9420
13133 CONNECTION 698 1023 300 4140 9420 9420
13134 CONNECTION 698 1113 300 4140 9420 9420
13135 SINK 698 2 -1 -1 300 300
13136 CONNECTION 850 851 -1 -1 1200 1200
13137 CONNECTION 850 370 -1 -1 2880 2880
13138 CONNECTION 850 1111 -1 -1 2760 2760
13139 CONNECTION 850 78 -1 -1 3000 3000
13140 CONNECTION 850 887 -1 -1 2700 2700
13141 CONNECTION 850 622 -1 -1 4680 4680
13142 CONNECTION 850 639 300 540 5820 5820
13143 CONNECTION 850 1068 300 540 5820 5820
13144 CONNECTION 850 150 300 1320 4500 4500
13145 CONNECTION 850 183 300 1320 4800 4800
13146 CONNECTION 850 348 300 1320 4800 4800
13147 CONNECTION 850 425 300 1320 4500 4500
13148 CONNECTION 850 801 300 1320 4500 4500
13149 CONNECTION 850 102 300 2100 6480 6480
13150 CONNECTION 850 522 300 2100 6360 6360
13151 CONNECTION 850 402 300 3120 6300 6300
13152 CONNECTION 850 600 300 3120 6600 6600
13153 CONNECTION 850 372 300 3900 8280 8280
13154 CONNECTION 850 451 300 4140 9420 9420
13155 CONNECTION 850 1023 300 4140 9420 9420
13156 CONNECTION 850 1113 300 4140 9420 9420
13157 SINK 850 2 -1 -1 300 300
13158 CONNECTION 119 120 -1 -1 2820 2820
13159 CONNECTION 119 46 -1 -1 1680 1680
13160 CONNECTION 119 1107 -1 -1 1680 1680
13161 CONNECTION 119 20 -1 -1 3600 3600
13162 CONNECTION 119 700 -1 -1 1920 1920
13163 CONNECTION 119 1117 -1 -1 3420 3420
13164 CONNECTION 119 748 -1 -1 3900 3900
13165 CONNECTION 119 317 -1 -1 2700 2700
13166 CONNECTION 119 909 -1 -1 4980 4980
13167 CONNECTION 119 260 -1 -1 3480 3480
13168 CONNECTION 119 970 300 360 5640 5640
13169 CONNECTION 119 210 300 660 5220 5220
13170 CONNECTION 119 234 300 1140 5700 5700
13171 CONNECTION 119 640 300 1320 6420 6420
13172 CONNECTION 119 572 300 1980 5280 5280
13173 CONNECTION 119 184 300 2220 5520 5520
13174 CONNECTION 119 478 300 2460 7020 7020
13175 CONNECTION 119 506 300 2940 7500 7500
13176 CONNECTION 119 827 300 3000 6300 6300
13177 CONNECTION 119 1049 300 3300 8580 8580
13178 CONNECTION 119 774 300 3780 7080 7080
13179 CONNECTION 119 1124 300 3960 9240 9240
13180 CONNECTION 119 730 300 4260 8820 8820
13181 CONNECTION 119 750 300 4740 9300 9300
13182 CONNECTION 928 46 -1 -1 1680 1680
13183 CONNECTION 928 1107 -1 -1 1680 1680
13184 CONNECTION 928 20 -1 -1 3600 3600
13185 CONNECTION 928 700 -1 -1 1920 1920
13186 CONNECTION 928 1117 -1 -1 3420 3420
13187 CONNECTION 928 748 -1 -1 3900 3900
13188 CONNECTION 928 317 -1 -1 2700 2700
13189 CONNECTION 928 909 -1 -1 4980 4980
13190 CONNECTION 928 260 -1 -1 3480 3480
13191 CONNECTION 928 970 300 360 5640 5640
13192 CONNECTION 928 210 300 660 5220 5220
13193 CONNECTION 928 234 300 1140 5700 5700
13194 CONNECTION 928 640 300 1320 6420 6420
13195 CONNECTION 928 572 300 1980 5280 5280
13196 CONNECTION 928 184 300 2220 5520 5520
13197 CONNECTION 928 478 300 2460 7020 7020
13198 CONNECTION 928 506 300 2940 7500 7500
13199 CONNECTION 928 827 300 3000 6300 6300
13200 CONNECTION 928 1049 300 3300 8580 8580
13201 CONNECTION 928 774 300 3780 7080 7080
13202 CONNECTION 928 1124 300 3960 9240 9240
13203 CONNECTION 928 730 300 4260 8820 8820
13204 CONNECTION 928 750 300 4740 9300 9300
13205 CONNECTION 770 771 -1 -1 2880 2880
13206 CONNECTION 770 825 -1 -1 3000 3000
13207 CONNECTION 770 19 -1 -1 2700 2700
13208 CONNECTION 770 997 -1 -1 4680 4680
13209 CONNECTION 770 1116 -1 -1 3060 3060
13210 CONNECTION 770 1048 300 480 5640 5640
13211 CONNECTION 770 293 300 600 3900 3900
13212 CONNECTION 770 449 300 780 5220 5220
13213 CONNECTION 770 47 300 1320 6480 6480
13214 CONNECTION 770 1108 300 1320 6480 6480
13215 CONNECTION 770 209 300 1560 4860 4860
13216 CONNECTION 770 701 300 1560 6000 6000
13217 CONNECTION 770 318 300 2340 6600 6600
13218 CONNECTION 770 545 300 3000 6300 6300
13219 CONNECTION 770 261 300 3120 8280 8280
13220 CONNECTION 770 477 300 3360 6660 6660
13221 CONNECTION 770 427 300 4080 9240 9240
13222 CONNECTION 770 803 300 4200 7500 7500
13223 CONNECTION 770 930 300 4380 8820 8820
13224 CONNECTION 543 826 -1 -1 5280 5280
13225 CONNECTION 543 1123 300 1140 6240 6240
13226 CONNECTION 543 319 300 3780 8880 8880
13227 CONNECTION 543 523 300 4740 9840 9840
13228 CONNECTION 621 120 -1 -1 3360 3360
13229 CONNECTION 621 46 -1 -1 2220 2220
13230 CONNECTION 621 1107 -1 -1 2220 2220
13231 CONNECTION 621 20 -1 -1 4140 4140
13232 CONNECTION 621 700 -1 -1 2460 2460
13233 CONNECTION 621 1117 -1 -1 3960 3960
13234 CONNECTION 621 748 -1 -1 4440 4440
13235 CONNECTION 621 317 -1 -1 3240 3240
13236 CONNECTION 621 909 -1 -1 5520 5520
13237 CONNECTION 621 260 300 720 4020 4020
13238 CONNECTION 621 970 300 900 6180 6180
13239 CONNECTION 621 210 300 1200 5760 5760
13240 CONNECTION 621 234 300 1680 6240 6240
13241 CONNECTION 621 640 300 1860 6960 6960
13242 CONNECTION 621 572 300 2520 5820 5820
13243 CONNECTION 621 184 300 2760 6060 6060
13244 CONNECTION 621 478 300 3000 7560 7560
13245 CONNECTION 621 506 300 3480 8040 8040
13246 CONNECTION 621 827 300 3540 6840 6840
13247 CONNECTION 621 1049 300 3840 9120 9120
13248 CONNECTION 621 774 300 4320 7620 7620
13249 CONNECTION 621 1124 300 4500 9780 9780
13250 CONNECTION 621 730 300 4800 9360 9360
13251 CONNECTION 597 570 -1 -1 2580 2580
13252 CONNECTION 597 668 -1 -1 4260 4260
13253 CONNECTION 597 772 300 420 4380 4380
13254 CONNECTION 597 1022 300 540 4800 4800
13255 CONNECTION 597 1112 300 540 4800 4800
13256 CONNECTION 597 889 300 1620 6060 6060
13257 CONNECTION 597 998 300 2220 6180 6180
13258 CONNECTION 597 152 300 3420 7860 7860
13259 CONNECTION 597 48 300 4020 7980 7980
13260 CONNECTION 597 1119 300 4020 7980 7980
13261 CONNECTION 597 121 300 4140 8400 8400
13262 CONNECTION 908 476 -1 -1 3600 3600
13263 CONNECTION 908 929 -1 -1 4620 4620
13264 CONNECTION 908 728 -1 -1 5400 5400
13265 CONNECTION 908 953 300 2040 7200 7200
13266 CONNECTION 908 1069 300 3060 8220 8220
13267 CONNECTION 908 1129 300 3840 9000 9000
13268 CONNECTION 1115 1116 -1 -1 1020 1020
13269 CONNECTION 1115 1048 -1 -1 3600 3600
13270 CONNECTION 1115 293 -1 -1 1860 1860
13271 CONNECTION 1115 449 -1 -1 3180 3180
13272 CONNECTION 1115 47 -1 -1 4440 4440
13273 CONNECTION 1115 1108 -1 -1 4440 4440
13274 CONNECTION 1115 209 -1 -1 2820 2820
13275 CONNECTION 1115 701 -1 -1 3960 3960
13276 CONNECTION 1115 318 -1 -1 4560 4560
13277 CONNECTION 1115 545 300 960 4260 4260
13278 CONNECTION 1115 261 300 1080 6240 6240
13279 CONNECTION 1115 477 300 1320 4620 4620
13280 CONNECTION 1115 427 300 2040 7200 7200
13281 CONNECTION 1115 803 300 2160 5460 5460
13282 CONNECTION 1115 930 300 2340 6780 6780
13283 CONNECTION 1115 573 300 2880 8040 8040
13284 CONNECTION 1115 185 300 3120 7560 7560
13285 CONNECTION 1115 729 300 3120 6420 6420
13286 CONNECTION 1115 828 300 3900 8160 8160
13287 CONNECTION 1115 22 300 4560 7860 7860
13288 CONNECTION 180 181 -1 -1 2160 2160
13289 CONNECTION 180 825 -1 -1 2760 2760
13290 CONNECTION 180 19 -1 -1 2460 2460
13291 CONNECTION 180 997 -1 -1 4440 4440
13292 CONNECTION 180 1116 -1 -1 2820 2820
13293 CONNECTION 180 1048 -1 -1 5400 5400
13294 CONNECTION 180 293 300 360 3660 3660
13295 CONNECTION 180 449 300 540 4980 4980
13296 CONNECTION 180 47 300 1080 6240 6240
13297 CONNECTION 180 1108 300 1080 6240 6240
13298 CONNECTION 180 209 300 1320 4620 4620
13299 CONNECTION 180 701 300 1320 5760 5760
13300 CONNECTION 180 318 300 2100 6360 6360
13301 CONNECTION 180 545 300 2760 6060 6060
13302 CONNECTION 180 261 300 2880 8040 8040
13303 CONNECTION 180 477 300 3120 6420 6420
13304 CONNECTION 180 427 300 3840 9000 9000
13305 CONNECTION 180 803 300 3960 7260 7260
13306 CONNECTION 180 930 300 4140 8580 8580
13307 CONNECTION 180 573 300 4680 9840 9840
13308 CONNECTION 799 996 -1 -1 1500 1500
13309 CONNECTION 799 521 -1 -1 3660 3660
13310 CONNECTION 799 951 -1 -1 3240 3240
13311 CONNECTION 799 504 -1 -1 3720 3720
13312 CONNECTION 799 120 -1 -1 4440 4440
13313 CONNECTION 799 46 -1 -1 3300 3300
13314 CONNECTION 799 1107 -1 -1 3300 3300
13315 CONNECTION 799 20 -1 -1 5220 5220
13316 CONNECTION 799 700 -1 -1 3540 3540
13317 CONNECTION 799 1117 300 480 5040 5040
13318 CONNECTION 799 748 300 960 5520 5520
13319 CONNECTION 799 317 300 1020 4320 4320
13320 CONNECTION 799 909 300 1320 6600 6600
13321 CONNECTION 799 260 300 1800 5100 5100
13322 CONNECTION 799 970 300 1980 7260 7260
13323 CONNECTION 799 210 300 2280 6840 6840
13324 CONNECTION 799 234 300 2760 7320 7320
13325 CONNECTION 799 640 300 2940 8040 8040
13326 CONNECTION 799 572 300 3600 6900 6900
13327 CONNECTION 799 184 300 3840 7140 7140
13328 CONNECTION 799 478 300 4080 8640 8640
13329 CONNECTION 799 506 300 4560 9120 9120
13330 CONNECTION 799 827 300 4620 7920 7920
13331 CONNECTION 726 727 -1 -1 1680 1680
13332 CONNECTION 726 233 -1 -1 2580 2580
13333 CONNECTION 726 371 -1 -1 3240 3240
13334 CONNECTION 726 952 -1 -1 3480 3480
13335 CONNECTION 726 571 -1 -1 4440 4440
13336 CONNECTION 726 505 -1 -1 4380 4380
13337 CONNECTION 726 623 300 480 5040 5040
13338 CONNECTION 726 1118 300 1320 5280 5280
13339 CONNECTION 726 773 300 1680 6240 6240
13340 CONNECTION 726 749 300 1800 6180 6180
13341 CONNECTION 726 103 300 2280 6840 6840
13342 CONNECTION 726 211 300 3120 7080 7080
13343 CONNECTION 726 999 300 3480 8040 8040
13344 CONNECTION 726 235 300 3600 7980 7980
13345 CONNECTION 726 373 300 4080 8640 8640
13346 CONNECTION 1066 1067 -1 -1 900 900
13347 CONNECTION 1066 182 -1 -1 1680 1680
13348 CONNECTION 1066 347 -1 -1 1680 1680
13349 CONNECTION 1066 888 -1 -1 3120 3120
13350 CONNECTION 1066 151 -1 -1 4920 4920
13351 CONNECTION 1066 426 -1 -1 4740 4740
13352 CONNECTION 1066 599 -1 -1 3480 3480
13353 CONNECTION 1066 802 300 420 4860 4860
13354 CONNECTION 1066 450 300 1320 4500 4500
13355 CONNECTION 1066 403 300 2100 6720 6720
13356 CONNECTION 1066 702 300 2100 5280 5280
13357 CONNECTION 1066 854 300 2100 5280 5280
13358 CONNECTION 1066 81 300 3900 7080 7080
13359 CONNECTION 1066 671 300 3900 8520 8520
13360 CONNECTION 1066 911 300 3900 8340 8340
13361 CONNECTION 1066 296 300 4020 8460 8460
13362 CONNECTION 18 19 -1 -1 1020 1020
13363 CONNECTION 18 1048 -1 -1 3960 3960
13364 CONNECTION 18 293 -1 -1 2220 2220
13365 CONNECTION 18 449 -1 -1 3540 3540
13366 CONNECTION 18 47 -1 -1 4800 4800
13367 CONNECTION 18 1108 -1 -1 4800 4800
13368 CONNECTION 18 209 -1 -1 3180 3180
13369 CONNECTION 18 701 -1 -1 4320 4320
13370 CONNECTION 18 318 300 660 4920 4920
13371 CONNECTION 18 545 300 1320 4620 4620
13372 CONNECTION 18 261 300 1440 6600 6600
13373 CONNECTION 18 477 300 1680 4980 4980
13374 CONNECTION 18 427 300 2400 7560 7560
13375 CONNECTION 18 803 300 2520 5820 5820
13376 CONNECTION 18 930 300 2700 7140 7140
13377 CONNECTION 18 573 300 3240 8400 8400
13378 CONNECTION 18 185 300 3480 7920 7920
13379 CONNECTION 18 729 300 3480 6780 6780
13380 CONNECTION 18 828 300 4260 8520 8520
13381 CONNECTION 291 292 -1 -1 2280 2280
13382 CONNECTION 291 1067 -1 -1 1920 1920
13383 CONNECTION 291 182 -1 -1 2700 2700
13384 CONNECTION 291 347 -1 -1 2700 2700
13385 CONNECTION 291 888 -1 -1 4140 4140
13386 CONNECTION 291 151 300 1320 5940 5940
13387 CONNECTION 291 426 300 1320 5760 5760
13388 CONNECTION 291 599 300 1320 4500 4500
13389 CONNECTION 291 802 300 1440 5880 5880
13390 CONNECTION 291 450 300 2340 5520 5520
13391 CONNECTION 291 403 300 3120 7740 7740
13392 CONNECTION 291 702 300 3120 6300 6300
13393 CONNECTION 291 854 300 3120 6300 6300
13394 CONNECTION 666 667 -1 -1 2340 2340
13395 CONNECTION 666 1067 -1 -1 1920 1920
13396 CONNECTION 666 182 -1 -1 2700 2700
13397 CONNECTION 666 347 -1 -1 2700 2700
13398 CONNECTION 666 888 -1 -1 4140 4140
13399 CONNECTION 666 151 300 1320 5940 5940
13400 CONNECTION 666 426 300 1320 5760 5760
13401 CONNECTION 666 599 300 1320 4500 4500
13402 CONNECTION 666 802 300 1440 5880 5880
13403 CONNECTION 666 450 300 2340 5520 5520
13404 CONNECTION 666 403 300 3120 7740 7740
13405 CONNECTION 666 702 300 3120 6300 6300
13406 CONNECTION 666 854 300 3120 6300 6300
13407 CONNECTION 699 149 -1 -1 2400 2400
13408 CONNECTION 699 800 -1 -1 2400 2400
13409 CONNECTION 699 79 -1 -1 4020 4020
13410 CONNECTION 699 401 300 720 4200 4200
13411 CONNECTION 699 349 300 1380 5820 5820
13412 CONNECTION 699 294 300 2520 6000 6000
13413 CONNECTION 699 669 300 2520 6000 6000
13414 CONNECTION 699 601 300 3180 7620 7620
13415 CONNECTION 699 890 300 4320 7800 7800
13416 CONNECTION 851 852 -1 -1 2220 2220
13417 CONNECTION 851 149 -1 -1 2400 2400
13418 CONNECTION 851 800 -1 -1 2400 2400
13419 CONNECTION 851 79 -1 -1 4020 4020
13420 CONNECTION 851 401 300 720 4200 4200
13421 CONNECTION 851 349 300 1380 5820 5820
13422 CONNECTION 851 294 300 2520 6000 6000
13423 CONNECTION 851 669 300 2520 6000 6000
13424 CONNECTION 851 601 300 3180 7620 7620
13425 CONNECTION 851 890 300 4320 7800 7800
13426 CONNECTION 1046 1047 -1 -1 2160 2160
13427 CONNECTION 1046 1067 -1 -1 1920 1920
13428 CONNECTION 1046 182 -1 -1 2700 2700
13429 CONNECTION 1046 347 -1 -1 2700 2700
13430 CONNECTION 1046 888 -1 -1 4140 4140
13431 CONNECTION 1046 151 300 1320 5940 5940
13432 CONNECTION 1046 426 300 1320 5760 5760
13433 CONNECTION 1046 599 300 1320 4500 4500
13434 CONNECTION 1046 802 300 1440 5880 5880
13435 CONNECTION 1046 450 300 2340 5520 5520
13436 CONNECTION 1046 403 300 3120 7740 7740
13437 CONNECTION 1046 702 300 3120 6300 6300
13438 CONNECTION 1046 854 300 3120 6300 6300
13439 CONNECTION 148 149 -1 -1 1320 1320
13440 CONNECTION 148 79 -1 -1 2940 2940
13441 CONNECTION 148 401 -1 -1 3120 3120
13442 CONNECTION 148 349 -1 -1 4740 4740
13443 CONNECTION 148 294 300 1440 4920 4920
13444 CONNECTION 148 669 300 1440 4920 4920
13445 CONNECTION 148 601 300 2100 6540 6540
13446 CONNECTION 148 890 300 3240 6720 6720
13447 CONNECTION 148 856 300 3900 8340 8340
13448 CONNECTION 232 233 -1 -1 2100 2100
13449 CONNECTION 232 371 -1 -1 2760 2760
13450 CONNECTION 232 952 -1 -1 3000 3000
13451 CONNECTION 232 571 -1 -1 3960 3960
13452 CONNECTION 232 505 -1 -1 3900 3900
13453 CONNECTION 232 623 -1 -1 4560 4560
13454 CONNECTION 232 1118 300 840 4800 4800
13455 CONNECTION 232 773 300 1200 5760 5760
13456 CONNECTION 232 749 300 1320 5700 5700
13457 CONNECTION 232 103 300 1800 6360 6360
13458 CONNECTION 232 211 300 2640 6600 6600
13459 CONNECTION 232 999 300 3000 7560 7560
13460 CONNECTION 232 235 300 3120 7500 7500
13461 CONNECTION 232 373 300 3600 8160 8160
13462 CONNECTION 232 479 300 4440 8400 8400
13463 CONNECTION 232 49 300 4800 9360 9360
13464 CONNECTION 232 1120 300 4800 9360 9360
13465 CONNECTION 475 570 -1 -1 2280 2280
13466 CONNECTION 475 668 -1 -1 3960 3960
13467 CONNECTION 475 772 -1 -1 4080 4080
13468 CONNECTION 475 1022 -1 -1 4500 4500
13469 CONNECTION 475 1112 -1 -1 4500 4500
13470 CONNECTION 475 889 300 1320 5760 5760
13471 CONNECTION 475 998 300 1920 5880 5880
13472 CONNECTION 475 152 300 3120 7560 7560
13473 CONNECTION 475 48 300 3720 7680 7680
13474 CONNECTION 475 1119 300 3720 7680 7680
13475 CONNECTION 475 121 300 3840 8100 8100
13476 CONNECTION 771 929 -1 -1 3780 3780
13477 CONNECTION 771 728 -1 -1 4560 4560
13478 CONNECTION 771 953 300 1200 6360 6360
13479 CONNECTION 771 1069 300 2220 7380 7380
13480 CONNECTION 771 1129 300 3000 8160 8160
13481 CONNECTION 771 212 300 4800 9960 9960
13482 CONNECTION 824 825 -1 -1 1980 1980
13483 CONNECTION 824 19 -1 -1 1680 1680
13484 CONNECTION 824 997 -1 -1 3660 3660
13485 CONNECTION 824 1116 -1 -1 2040 2040
13486 CONNECTION 824 1048 -1 -1 4620 4620
13487 CONNECTION 824 293 -1 -1 2880 2880
13488 CONNECTION 824 449 -1 -1 4200 4200
13489 CONNECTION 824 47 -1 -1 5460 5460
13490 CONNECTION 824 1108 -1 -1 5460 5460
13491 CONNECTION 824 209 300 540 3840 3840
13492 CONNECTION 824 701 300 540 4980 4980
13493 CONNECTION 824 318 300 1320 5580 5580
13494 CONNECTION 824 545 300 1980 5280 5280
13495 CONNECTION 824 261 300 2100 7260 7260
13496 CONNECTION 824 477 300 2340 5640 5640
13497 CONNECTION 824 427 300 3060 8220 8220
13498 CONNECTION 824 803 300 3180 6480 6480
13499 CONNECTION 824 930 300 3360 7800 7800
13500 CONNECTION 824 573 300 3900 9060 9060
13501 CONNECTION 824 185 300 4140 8580 8580
13502 CONNECTION 824 729 300 4140 7440 7440
13503 CONNECTION 346 347 -1 -1 900 900
13504 CONNECTION 346 151 -1 -1 4140 4140
13505 CONNECTION 346 426 -1 -1 3960 3960
13506 CONNECTION 346 599 -1 -1 2700 2700
13507 CONNECTION 346 802 -1 -1 4080 4080
13508 CONNECTION 346 450 300 540 3720 3720
13509 CONNECTION 346 403 300 1320 5940 5940
13510 CONNECTION 346 702 300 1320 4500 4500
13511 CONNECTION 346 854 300 1320 4500 4500
13512 CONNECTION 346 81 300 3120 6300 6300
13513 CONNECTION 346 671 300 3120 7740 7740
13514 CONNECTION 346 911 300 3120 7560 7560
13515 CONNECTION 346 296 300 3240 7680 7680
13516 CONNECTION 346 931 300 4140 7320 7320
13517 CONNECTION 448 449 -1 -1 2160 2160
13518 CONNECTION 448 47 -1 -1 3420 3420
13519 CONNECTION 448 1108 -1 -1 3420 3420
13520 CONNECTION 448 209 -1 -1 1800 1800
13521 CONNECTION 448 701 -1 -1 2940 2940
13522 CONNECTION 448 318 -1 -1 3540 3540
13523 CONNECTION 448 545 -1 -1 3240 3240
13524 CONNECTION 448 261 -1 -1 5220 5220
13525 CONNECTION 448 477 -1 -1 3600 3600
13526 CONNECTION 448 427 300 1020 6180 6180
13527 CONNECTION 448 803 300 1140 4440 4440
13528 CONNECTION 448 930 300 1320 5760 5760
13529 CONNECTION 448 573 300 1860 7020 7020
13530 CONNECTION 448 185 300 2100 6540 6540
13531 CONNECTION 448 729 300 2100 5400 5400
13532 CONNECTION 448 828 300 2880 7140 7140
13533 CONNECTION 448 22 300 3540 6840 6840
13534 CONNECTION 448 954 300 3900 7200 7200
13535 CONNECTION 448 297 300 4740 8040 8040
13536 CONNECTION 181 182 -1 -1 900 900
13537 CONNECTION 181 151 -1 -1 4140 4140
13538 CONNECTION 181 426 -1 -1 3960 3960
13539 CONNECTION 181 599 -1 -1 2700 2700
13540 CONNECTION 181 802 -1 -1 4080 4080
13541 CONNECTION 181 450 300 540 3720 3720
13542 CONNECTION 181 403 300 1320 5940 5940
13543 CONNECTION 181 702 300 1320 4500 4500
13544 CONNECTION 181 854 300 1320 4500 4500
13545 CONNECTION 181 81 300 3120 6300 6300
13546 CONNECTION 181 671 300 3120 7740 7740
13547 CONNECTION 181 911 300 3120 7560 7560
13548 CONNECTION 181 296 300 3240 7680 7680
13549 CONNECTION 181 931 300 4140 7320 7320
13550 CONNECTION 950 951 -1 -1 2280 2280
13551 CONNECTION 950 504 -1 -1 2760 2760
13552 CONNECTION 950 120 -1 -1 3480 3480
13553 CONNECTION 950 46 -1 -1 2340 2340
13554 CONNECTION 950 1107 -1 -1 2340 2340
13555 CONNECTION 950 20 -1 -1 4260 4260
13556 CONNECTION 950 700 -1 -1 2580 2580
13557 CONNECTION 950 1117 -1 -1 4080 4080
13558 CONNECTION 950 748 -1 -1 4560 4560
13559 CONNECTION 950 317 -1 -1 3360 3360
13560 CONNECTION 950 909 300 360 5640 5640
13561 CONNECTION 950 260 300 840 4140 4140
13562 CONNECTION 950 970 300 1020 6300 6300
13563 CONNECTION 950 210 300 1320 5880 5880
13564 CONNECTION 950 234 300 1800 6360 6360
13565 CONNECTION 950 640 300 1980 7080 7080
13566 CONNECTION 950 572 300 2640 5940 5940
13567 CONNECTION 950 184 300 2880 6180 6180
13568 CONNECTION 950 478 300 3120 7680 7680
13569 CONNECTION 950 506 300 3600 8160 8160
13570 CONNECTION 950 827 300 3660 6960 6960
13571 CONNECTION 950 1049 300 3960 9240 9240
13572 CONNECTION 950 774 300 4440 7740 7740
13573 CONNECTION 950 1124 300 4620 9900 9900
13574 CONNECTION 45 46 -1 -1 1020 1020
13575 CONNECTION 45 1117 -1 -1 2760 2760
13576 CONNECTION 45 748 -1 -1 3240 3240
13577 CONNECTION 45 317 -1 -1 2040 2040
13578 CONNECTION 45 909 -1 -1 4320 4320
13579 CONNECTION 45 260 -1 -1 2820 2820
13580 CONNECTION 45 970 -1 -1 4980 4980
13581 CONNECTION 45 210 -1 -1 4560 4560
13582 CONNECTION 45 234 300 480 5040 5040
13583 CONNECTION 45 640 300 660 5760 5760
13584 CONNECTION 45 572 300 1320 4620 4620
13585 CONNECTION 45 184 300 1560 4860 4860
13586 CONNECTION 45 478 300 1800 6360 6360
13587 CONNECTION 45 506 300 2280 6840 6840
13588 CONNECTION 45 827 300 2340 5640 5640
13589 CONNECTION 45 1049 300 2640 7920 7920
13590 CONNECTION 45 774 300 3120 6420 6420
13591 CONNECTION 45 1124 300 3300 8580 8580
13592 CONNECTION 45 730 300 3600 8160 8160
13593 CONNECTION 45 750 300 4080 8640 8640
13594 CONNECTION 424 425 -1 -1 900 900
13595 CONNECTION 424 102 -1 -1 2880 2880
13596 CONNECTION 424 522 -1 -1 2760 2760
13597 CONNECTION 424 402 -1 -1 2700 2700
13598 CONNECTION 424 600 -1 -1 3000 3000
13599 CONNECTION 424 372 -1 -1 4680 4680
13600 CONNECTION 424 451 300 540 5820 5820
13601 CONNECTION 424 1023 300 540 5820 5820
13602 CONNECTION 424 1113 300 540 5820 5820
13603 CONNECTION 424 295 300 1320 4500 4500
13604 CONNECTION 424 670 300 1320 4500 4500
13605 CONNECTION 424 703 300 1320 4800 4800
13606 CONNECTION 424 855 300 1320 4800 4800
13607 CONNECTION 424 910 300 1320 4500 4500
13608 CONNECTION 424 624 300 2100 6480 6480
13609 CONNECTION 424 971 300 2100 6360 6360
13610 CONNECTION 424 82 300 3120 6600 6600
13611 CONNECTION 424 891 300 3120 6300 6300
13612 CONNECTION 424 104 300 3900 8280 8280
13613 SINK 424 2 -1 -1 300 300
13614 CONNECTION 886 887 -1 -1 900 900
13615 CONNECTION 886 622 -1 -1 2880 2880
13616 CONNECTION 886 639 -1 -1 4020 4020
13617 CONNECTION 886 1068 -1 -1 4020 4020
13618 CONNECTION 886 150 -1 -1 2700 2700
13619 CONNECTION 886 183 -1 -1 3000 3000
13620 CONNECTION 886 348 -1 -1 3000 3000
13621 CONNECTION 886 425 -1 -1 2700 2700
13622 CONNECTION 886 801 -1 -1 2700 2700
13623 CONNECTION 886 102 -1 -1 4680 4680
13624 CONNECTION 886 522 -1 -1 4560 4560
13625 CONNECTION 886 402 300 1320 4500 4500
13626 CONNECTION 886 600 300 1320 4800 4800
13627 CONNECTION 886 372 300 2100 6480 6480
13628 CONNECTION 886 451 300 2340 7620 7620
13629 CONNECTION 886 1023 300 2340 7620 7620
13630 CONNECTION 886 1113 300 2340 7620 7620
13631 CONNECTION 886 295 300 3120 6300 6300
13632 CONNECTION 886 670 300 3120 6300 6300
13633 CONNECTION 886 703 300 3120 6600 6600
13634 CONNECTION 886 855 300 3120 6600 6600
13635 CONNECTION 886 910 300 3120 6300 6300
13636 CONNECTION 886 624 300 3900 8280 8280
13637 CONNECTION 886 971 300 3900 8160 8160
13638 SINK 886 2 -1 -1 300 300
13639 CONNECTION 1106 1107 -1 -1 1020 1020
13640 CONNECTION 1106 1117 -1 -1 2760 2760
13641 CONNECTION 1106 748 -1 -1 3240 3240
13642 CONNECTION 1106 317 -1 -1 2040 2040
13643 CONNECTION 1106 909 -1 -1 4320 4320
13644 CONNECTION 1106 260 -1 -1 2820 2820
13645 CONNECTION 1106 970 -1 -1 4980 4980
13646 CONNECTION 1106 210 -1 -1 4560 4560
13647 CONNECTION 1106 234 300 480 5040 5040
13648 CONNECTION 1106 640 300 660 5760 5760
13649 CONNECTION 1106 572 300 1320 4620 4620
13650 CONNECTION 1106 184 300 1560 4860 4860
13651 CONNECTION 1106 478 300 1800 6360 6360
13652 CONNECTION 1106 506 300 2280 6840 6840
13653 CONNECTION 1106 827 300 2340 5640 5640
13654 CONNECTION 1106 1049 300 2640 7920 7920
13655 CONNECTION 1106 774 300 3120 6420 6420
13656 CONNECTION 1106 1124 300 3300 8580 8580
13657 CONNECTION 1106 730 300 3600 8160 8160
13658 CONNECTION 1106 750 300 4080 8640 8640
13659 CONNECTION 258 259 -1 -1 2280 2280
13660 CONNECTION 258 371 -1 -1 2880 2880
13661 CONNECTION 258 952 -1 -1 3120 3120
13662 CONNECTION 258 571 -1 -1 4080 4080
13663 CONNECTION 258 505 -1 -1 4020 4020
13664 CONNECTION 258 623 -1 -1 4680 4680
13665 CONNECTION 258 1118 300 960 4920 4920
13666 CONNECTION 258 773 300 1320 5880 5880
13667 CONNECTION 258 749 300 1440 5820 5820
13668 CONNECTION 258 103 300 1920 6480 6480
13669 CONNECTION 258 211 300 2760 6720 6720
13670 CONNECTION 258 999 300 3120 7680 7680
13671 CONNECTION 258 235 300 3240 7620 7620
13672 CONNECTION 258 373 300 3720 8280 8280
13673 CONNECTION 258 479 300 4560 8520 8520
13674 CONNECTION 747 150 -1 -1 1680 1680
13675 CONNECTION 747 183 -1 -1 1980 1980
13676 CONNECTION 747 348 -1 -1 1980 1980
13677 CONNECTION 747 425 -1 -1 1680 1680
13678 CONNECTION 747 801 -1 -1 1680 1680
13679 CONNECTION 747 102 -1 -1 3660 3660
13680 CONNECTION 747 522 -1 -1 3540 3540
13681 CONNECTION 747 402 -1 -1 3480 3480
13682 CONNECTION 747 600 -1 -1 3780 3780
13683 CONNECTION 747 372 300 1080 5460 5460
13684 CONNECTION 747 451 300 1320 6600 6600
13685 CONNECTION 747 1023 300 1320 6600 6600
13686 CONNECTION 747 1113 300 1320 6600 6600
13687 CONNECTION 747 295 300 2100 5280 5280
13688 CONNECTION 747 670 300 2100 5280 5280
13689 CONNECTION 747 703 300 2100 5580 5580
13690 CONNECTION 747 855 300 2100 5580 5580
13691 CONNECTION 747 910 300 2100 5280 5280
13692 CONNECTION 747 624 300 2880 7260 7260
13693 CONNECTION 747 971 300 2880 7140 7140
13694 CONNECTION 747 82 300 3900 7380 7380
13695 CONNECTION 747 891 300 3900 7080 7080
13696 CONNECTION 747 104 300 4680 9060 9060
13697 SINK 747 2 -1 -1 300 300
13698 CONNECTION 370 371 -1 -1 2400 2400
13699 CONNECTION 370 952 -1 -1 2640 2640
13700 CONNECTION 370 571 -1 -1 3600 3600
13701 CONNECTION 370 505 -1 -1 3540 3540
13702 CONNECTION 370 623 -1 -1 4200 4200
13703 CONNECTION 370 1118 300 480 4440 4440
13704 CONNECTION 370 773 300 840 5400 5400
13705 CONNECTION 370 749 300 960 5340 5340
13706 CONNECTION 370 103 300 1440 6000 6000
13707 CONNECTION 370 211 300 2280 6240 6240
13708 CONNECTION 370 999 300 2640 7200 7200
13709 CONNECTION 370 235 300 2760 7140 7140
13710 CONNECTION 370 373 300 3240 7800 7800
13711 CONNECTION 370 479 300 4080 8040 8040
13712 CONNECTION 370 49 300 4440 9000 9000
13713 CONNECTION 370 1120 300 4440 9000 9000
13714 CONNECTION 370 507 300 4560 8940 8940
13715 CONNECTION 1111 668 -1 -1 3120 3120
13716 CONNECTION 1111 772 -1 -1 3240 3240
13717 CONNECTION 1111 1022 -1 -1 3660 3660
13718 CONNECTION 1111 1112 -1 -1 3660 3660
13719 CONNECTION 1111 889 300 480 4920 4920
13720 CONNECTION 1111 998 300 1080 5040 5040
13721 CONNECTION 1111 152 300 2280 6720 6720
13722 CONNECTION 1111 48 300 2880 6840 6840
13723 CONNECTION 1111 1119 300 2880 6840 6840
13724 CONNECTION 1111 121 300 3000 7260 7260
13725 CONNECTION 1111 404 300 4080 8520 8520
13726 CONNECTION 1111 262 300 4680 8640 8640
13727 CONNECTION 638 639 -1 -1 3000 3000
13728 CONNECTION 638 150 -1 -1 1680 1680
13729 CONNECTION 638 183 -1 -1 1980 1980
13730 CONNECTION 638 348 -1 -1 1980 1980
13731 CONNECTION 638 425 -1 -1 1680 1680
13732 CONNECTION 638 801 -1 -1 1680 1680
13733 CONNECTION 638 102 -1 -1 3660 3660
13734 CONNECTION 638 522 -1 -1 3540 3540
13735 CONNECTION 638 402 -1 -1 3480 3480
13736 CONNECTION 638 600 -1 -1 3780 3780
13737 CONNECTION 638 372 300 1080 5460 5460
13738 CONNECTION 638 451 300 1320 6600 6600
13739 CONNECTION 638 1023 300 1320 6600 6600
13740 CONNECTION 638 1113 300 1320 6600 6600
13741 CONNECTION 638 295 300 2100 5280 5280
13742 CONNECTION 638 670 300 2100 5280 5280
13743 CONNECTION 638 703 300 2100 5580 5580
13744 CONNECTION 638 855 300 2100 5580 5580
13745 CONNECTION 638 910 300 2100 5280 5280
13746 CONNECTION 638 624 300 2880 7260 7260
13747 CONNECTION 638 971 300 2880 7140 7140
13748 CONNECTION 638 82 300 3900 7380 7380
13749 CONNECTION 638 891 300 3900 7080 7080
13750 CONNECTION 638 104 300 4680 9060 9060
13751 SINK 638 2 -1 -1 300 300
13752 CONNECTION 77 78 -1 -1 1200 1200
13753 CONNECTION 77 622 -1 -1 2880 2880
13754 CONNECTION 77 639 -1 -1 4020 4020
13755 CONNECTION 77 1068 -1 -1 4020 4020
13756 CONNECTION 77 150 -1 -1 2700 2700
13757 CONNECTION 77 183 -1 -1 3000 3000
13758 CONNECTION 77 348 -1 -1 3000 3000
13759 CONNECTION 77 425 -1 -1 2700 2700
13760 CONNECTION 77 801 -1 -1 2700 2700
13761 CONNECTION 77 102 -1 -1 4680 4680
13762 CONNECTION 77 522 -1 -1 4560 4560
13763 CONNECTION 77 402 300 1320 4500 4500
13764 CONNECTION 77 600 300 1320 4800 4800
13765 CONNECTION 77 372 300 2100 6480 6480
13766 CONNECTION 77 451 300 2340 7620 7620
13767 CONNECTION 77 1023 300 2340 7620 7620
13768 CONNECTION 77 1113 300 2340 7620 7620
13769 CONNECTION 77 295 300 3120 6300 6300
13770 CONNECTION 77 670 300 3120 6300 6300
13771 CONNECTION 77 703 300 3120 6600 6600
13772 CONNECTION 77 855 300 3120 6600 6600
13773 CONNECTION 77 910 300 3120 6300 6300
13774 CONNECTION 77 624 300 3900 8280 8280
13775 CONNECTION 77 971 300 3900 8160 8160
13776 SINK 77 2 -1 -1 300 300
13777 CONNECTION 667 853 -1 -1 3060 3060
13778 CONNECTION 667 80 -1 -1 4860 4860
13779 CONNECTION 667 21 300 1680 5940 5940
13780 CONNECTION 667 350 300 2040 6660 6660
13781 CONNECTION 667 602 300 3840 8460 8460
13782 CONNECTION 1047 1048 -1 -1 2880 2880
13783 CONNECTION 1047 47 -1 -1 3720 3720
13784 CONNECTION 1047 1108 -1 -1 3720 3720
13785 CONNECTION 1047 209 -1 -1 2100 2100
13786 CONNECTION 1047 701 -1 -1 3240 3240
13787 CONNECTION 1047 318 -1 -1 3840 3840
13788 CONNECTION 1047 545 -1 -1 3540 3540
13789 CONNECTION 1047 261 300 360 5520 5520
13790 CONNECTION 1047 477 300 600 3900 3900
13791 CONNECTION 1047 427 300 1320 6480 6480
13792 CONNECTION 1047 803 300 1440 4740 4740
13793 CONNECTION 1047 930 300 1620 6060 6060
13794 CONNECTION 1047 573 300 2160 7320 7320
13795 CONNECTION 1047 185 300 2400 6840 6840
13796 CONNECTION 1047 729 300 2400 5700 5700
13797 CONNECTION 1047 828 300 3180 7440 7440
13798 CONNECTION 1047 22 300 3840 7140 7140
13799 CONNECTION 1047 954 300 4200 7500 7500
13800 CONNECTION 292 293 -1 -1 1020 1020
13801 CONNECTION 292 47 -1 -1 3600 3600
13802 CONNECTION 292 1108 -1 -1 3600 3600
13803 CONNECTION 292 209 -1 -1 1980 1980
13804 CONNECTION 292 701 -1 -1 3120 3120
13805 CONNECTION 292 318 -1 -1 3720 3720
13806 CONNECTION 292 545 -1 -1 3420 3420
13807 CONNECTION 292 261 -1 -1 5400 5400
13808 CONNECTION 292 477 300 480 3780 3780
13809 CONNECTION 292 427 300 1200 6360 6360
13810 CONNECTION 292 803 300 1320 4620 4620
13811 CONNECTION 292 930 300 1500 5940 5940
13812 CONNECTION 292 573 300 2040 7200 7200
13813 CONNECTION 292 185 300 2280 6720 6720
13814 CONNECTION 292 729 300 2280 5580 5580
13815 CONNECTION 292 828 300 3060 7320 7320
13816 CONNECTION 292 22 300 3720 7020 7020
13817 CONNECTION 292 954 300 4080 7380 7380
13818 CONNECTION 316 317 -1 -1 1020 1020
13819 CONNECTION 316 260 -1 -1 1800 1800
13820 CONNECTION 316 970 -1 -1 3960 3960
13821 CONNECTION 316 210 -1 -1 3540 3540
13822 CONNECTION 316 234 -1 -1 4020 4020
13823 CONNECTION 316 640 -1 -1 4740 4740
13824 CONNECTION 316 572 -1 -1 3600 3600
13825 CONNECTION 316 184 300 540 3840 3840
13826 CONNECTION 316 478 300 780 5340 5340
13827 CONNECTION 316 506 300 1260 5820 5820
13828 CONNECTION 316 827 300 1320 4620 4620
13829 CONNECTION 316 1049 300 1620 6900 6900
13830 CONNECTION 316 774 300 2100 5400 5400
13831 CONNECTION 316 1124 300 2280 7560 7560
13832 CONNECTION 316 730 300 2580 7140 7140
13833 CONNECTION 316 750 300 3060 7620 7620
13834 CONNECTION 316 1000 300 3900 7200 7200
13835 CONNECTION 316 704 300 4140 7440 7440
13836 CONNECTION 316 955 300 4380 8940 8940
13837 CONNECTION 996 997 -1 -1 2880 2880
13838 CONNECTION 996 1048 -1 -1 3840 3840
13839 CONNECTION 996 293 -1 -1 2100 2100
13840 CONNECTION 996 449 -1 -1 3420 3420
13841 CONNECTION 996 47 -1 -1 4680 4680
13842 CONNECTION 996 1108 -1 -1 4680 4680
13843 CONNECTION 996 209 -1 -1 3060 3060
13844 CONNECTION 996 701 -1 -1 4200 4200
13845 CONNECTION 996 318 300 540 4800 4800
13846 CONNECTION 996 545 300 1200 4500 4500
13847 CONNECTION 996 261 300 1320 6480 6480
13848 CONNECTION 996 477 300 1560 4860 4860
13849 CONNECTION 996 427 300 2280 7440 7440
13850 CONNECTION 996 803 300 2400 5700 5700
13851 CONNECTION 996 930 300 2580 7020 7020
13852 CONNECTION 996 573 300 3120 8280 8280
13853 CONNECTION 996 185 300 3360 7800 7800
13854 CONNECTION 996 729 300 3360 6660 6660
13855 CONNECTION 996 828 300 4140 8400 8400
13856 CONNECTION 996 22 300 4800 8100 8100
13857 CONNECTION 101 909 -1 -1 3720 3720
13858 CONNECTION 101 260 -1 -1 2220 2220
13859 CONNECTION 101 970 -1 -1 4380 4380
13860 CONNECTION 101 210 -1 -1 3960 3960
13861 CONNECTION 101 234 -1 -1 4440 4440
13862 CONNECTION 101 640 -1 -1 5160 5160
13863 CONNECTION 101 572 300 720 4020 4020
13864 CONNECTION 101 184 300 960 4260 4260
13865 CONNECTION 101 478 300 1200 5760 5760
13866 CONNECTION 101 506 300 1680 6240 6240
13867 CONNECTION 101 827 300 1740 5040 5040
13868 CONNECTION 101 1049 300 2040 7320 7320
13869 CONNECTION 101 774 300 2520 5820 5820
13870 CONNECTION 101 1124 300 2700 7980 7980
13871 CONNECTION 101 730 300 3000 7560 7560
13872 CONNECTION 101 750 300 3480 8040 8040
13873 CONNECTION 101 1000 300 4320 7620 7620
13874 CONNECTION 101 704 300 4560 7860 7860
13875 CONNECTION 101 955 300 4800 9360 9360
13876 CONNECTION 208 209 -1 -1 1020 1020
13877 CONNECTION 208 318 -1 -1 2760 2760
13878 CONNECTION 208 545 -1 -1 2460 2460
13879 CONNECTION 208 261 -1 -1 4440 4440
13880 CONNECTION 208 477 -1 -1 2820 2820
13881 CONNECTION 208 427 -1 -1 5400 5400
13882 CONNECTION 208 803 300 360 3660 3660
13883 CONNECTION 208 930 300 540 4980 4980
13884 CONNECTION 208 573 300 1080 6240 6240
13885 CONNECTION 208 185 300 1320 5760 5760
13886 CONNECTION 208 729 300 1320 4620 4620
13887 CONNECTION 208 828 300 2100 6360 6360
13888 CONNECTION 208 22 300 2760 6060 6060
13889 CONNECTION 208 954 300 3120 6420 6420
13890 CONNECTION 208 297 300 3960 7260 7260
13891 CONNECTION 208 1070 300 4140 8580 8580
13892 CONNECTION 521 522 -1 -1 2100 2100
13893 CONNECTION 521 402 -1 -1 2040 2040
13894 CONNECTION 521 600 -1 -1 2340 2340
13895 CONNECTION 521 372 -1 -1 4020 4020
13896 CONNECTION 521 451 -1 -1 5160 5160
13897 CONNECTION 521 1023 -1 -1 5160 5160
13898 CONNECTION 521 1113 -1 -1 5160 5160
13899 CONNECTION 521 295 300 660 3840 3840
13900 CONNECTION 521 670 300 660 3840 3840
13901 CONNECTION 521 703 300 660 4140 4140
13902 CONNECTION 521 855 300 660 4140 4140
13903 CONNECTION 521 910 300 660 3840 3840
13904 CONNECTION 521 624 300 1440 5820 5820
13905 CONNECTION 521 971 300 1440 5700 5700
13906 CONNECTION 521 82 300 2460 5940 5940
13907 CONNECTION 521 891 300 2460 5640 5640
13908 CONNECTION 521 104 300 3240 7620 7620
13909 CONNECTION 521 154 300 4260 7440 7440
13910 CONNECTION 521 187 300 4260 7740 7740
13911 CONNECTION 521 352 300 4260 7740 7740
13912 CONNECTION 521 805 300 4260 7440 7440
13913 CONNECTION 521 1050 300 4260 7440 7440
13914 SINK 521 2 -1 -1 300 300
13915 CONNECTION 852 772 -1 -1 2580 2580
13916 CONNECTION 852 1022 -1 -1 3000 3000
13917 CONNECTION 852 1112 -1 -1 3000 3000
13918 CONNECTION 852 889 -1 -1 4260 4260
13919 CONNECTION 852 998 300 420 4380 4380
13920 CONNECTION 852 152 300 1620 6060 6060
13921 CONNECTION 852 48 300 2220 6180 6180
13922 CONNECTION 852 1119 300 2220 6180 6180
13923 CONNECTION 852 121 300 2340 6600 6600
13924 CONNECTION 852 404 300 3420 7860 7860
13925 CONNECTION 852 262 300 4020 7980 7980
13926 CONNECTION 825 853 -1 -1 3000 3000
13927 CONNECTION 825 80 -1 -1 4800 4800
13928 CONNECTION 825 21 300 1620 5880 5880
13929 CONNECTION 825 350 300 1980 6600 6600
13930 CONNECTION 825 602 300 3780 8400 8400
13931 CONNECTION 951 952 -1 -1 1680 1680
13932 CONNECTION 951 505 -1 -1 2580 2580
13933 CONNECTION 951 623 -1 -1 3240 3240
13934 CONNECTION 951 1118 -1 -1 3480 3480
13935 CONNECTION 951 773 -1 -1 4440 4440
13936 CONNECTION 951 749 -1 -1 4380 4380
13937 CONNECTION 951 103 300 480 5040 5040
13938 CONNECTION 951 211 300 1320 5280 5280
13939 CONNECTION 951 999 300 1680 6240 6240
13940 CONNECTION 951 235 300 1800 6180 6180
13941 CONNECTION 951 373 300 2280 6840 6840
13942 CONNECTION 951 479 300 3120 7080 7080
13943 CONNECTION 951 49 300 3480 8040 8040
13944 CONNECTION 951 1120 300 3480 8040 8040
13945 CONNECTION 951 507 300 3600 7980 7980
13946 CONNECTION 78 79 -1 -1 2220 2220
13947 CONNECTION 78 401 -1 -1 2400 2400
13948 CONNECTION 78 349 -1 -1 4020 4020
13949 CONNECTION 78 294 300 720 4200 4200
13950 CONNECTION 78 669 300 720 4200 4200
13951 CONNECTION 78 601 300 1380 5820 5820
13952 CONNECTION 78 890 300 2520 6000 6000
13953 CONNECTION 78 856 300 3180 7620 7620
13954 CONNECTION 78 153 300 4320 7800 7800
13955 CONNECTION 78 804 300 4320 7800 7800
13956 CONNECTION 887 888 -1 -1 2340 2340
13957 CONNECTION 887 151 -1 -1 4140 4140
13958 CONNECTION 887 426 -1 -1 3960 3960
13959 CONNECTION 887 599 -1 -1 2700 2700
13960 CONNECTION 887 802 -1 -1 4080 4080
13961 CONNECTION 887 450 300 540 3720 3720
13962 CONNECTION 887 403 300 1320 5940 5940
13963 CONNECTION 887 702 300 1320 4500 4500
13964 CONNECTION 887 854 300 1320 4500 4500
13965 CONNECTION 887 81 300 3120 6300 6300
13966 CONNECTION 887 671 300 3120 7740 7740
13967 CONNECTION 887 911 300 3120 7560 7560
13968 CONNECTION 887 296 300 3240 7680 7680
13969 CONNECTION 887 931 300 4140 7320 7320
13970 CONNECTION 400 401 -1 -1 1320 1320
13971 CONNECTION 400 349 -1 -1 2940 2940
13972 CONNECTION 400 294 -1 -1 3120 3120
13973 CONNECTION 400 669 -1 -1 3120 3120
13974 CONNECTION 400 601 -1 -1 4740 4740
13975 CONNECTION 400 890 300 1440 4920 4920
13976 CONNECTION 400 856 300 2100 6540 6540
13977 CONNECTION 400 153 300 3240 6720 6720
13978 CONNECTION 400 804 300 3240 6720 6720
13979 CONNECTION 400 83 300 3900 8340 8340
13980 CONNECTION 1067 1068 -1 -1 3000 3000
13981 CONNECTION 1067 150 -1 -1 1680 1680
13982 CONNECTION 1067 183 -1 -1 1980 1980
13983 CONNECTION 1067 348 -1 -1 1980 1980
13984 CONNECTION 1067 425 -1 -1 1680 1680
13985 CONNECTION 1067 801 -1 -1 1680 1680
13986 CONNECTION 1067 102 -1 -1 3660 3660
13987 CONNECTION 1067 522 -1 -1 3540 3540
13988 CONNECTION 1067 402 -1 -1 3480 3480
13989 CONNECTION 1067 600 -1 -1 3780 3780
13990 CONNECTION 1067 372 300 1080 5460 5460
13991 CONNECTION 1067 451 300 1320 6600 6600
13992 CONNECTION 1067 1023 300 1320 6600 6600
13993 CONNECTION 1067 1113 300 1320 6600 6600
13994 CONNECTION 1067 295 300 2100 5280 5280
13995 CONNECTION 1067 670 300 2100 5280 5280
13996 CONNECTION 1067 703 300 2100 5580 5580
13997 CONNECTION 1067 855 300 2100 5580 5580
13998 CONNECTION 1067 910 300 2100 5280 5280
13999 CONNECTION 1067 624 300 2880 7260 7260
14000 CONNECTION 1067 971 300 2880 7140 7140
14001 CONNECTION 1067 82 300 3900 7380 7380
14002 CONNECTION 1067 891 300 3900 7080 7080
14003 CONNECTION 1067 104 300 4680 9060 9060
14004 SINK 1067 2 -1 -1 300 300
14005 CONNECTION 19 20 -1 -1 2820 2820
14006 CONNECTION 19 748 -1 -1 3120 3120
14007 CONNECTION 19 317 -1 -1 1920 1920
14008 CONNECTION 19 909 -1 -1 4200 4200
14009 CONNECTION 19 260 -1 -1 2700 2700
14010 CONNECTION 19 970 -1 -1 4860 4860
14011 CONNECTION 19 210 -1 -1 4440 4440
14012 CONNECTION 19 234 300 360 4920 4920
14013 CONNECTION 19 640 300 540 5640 5640
14014 CONNECTION 19 572 300 1200 4500 4500
14015 CONNECTION 19 184 300 1440 4740 4740
14016 CONNECTION 19 478 300 1680 6240 6240
14017 CONNECTION 19 506 300 2160 6720 6720
14018 CONNECTION 19 827 300 2220 5520 5520
14019 CONNECTION 19 1049 300 2520 7800 7800
14020 CONNECTION 19 774 300 3000 6300 6300
14021 CONNECTION 19 1124 300 3180 8460 8460
14022 CONNECTION 19 730 300 3480 8040 8040
14023 CONNECTION 19 750 300 3960 8520 8520
14024 CONNECTION 19 1000 300 4800 8100 8100
14025 CONNECTION 504 505 -1 -1 2100 2100
14026 CONNECTION 504 623 -1 -1 2760 2760
14027 CONNECTION 504 1118 -1 -1 3000 3000
14028 CONNECTION 504 773 -1 -1 3960 3960
14029 CONNECTION 504 749 -1 -1 3900 3900
14030 CONNECTION 504 103 -1 -1 4560 4560
14031 CONNECTION 504 211 300 840 4800 4800
14032 CONNECTION 504 999 300 1200 5760 5760
14033 CONNECTION 504 235 300 1320 5700 5700
14034 CONNECTION 504 373 300 1800 6360 6360
14035 CONNECTION 504 479 300 2640 6600 6600
14036 CONNECTION 504 49 300 3000 7560 7560
14037 CONNECTION 504 1120 300 3000 7560 7560
14038 CONNECTION 504 507 300 3120 7500 7500
14039 CONNECTION 504 731 300 4440 8400 8400
14040 CONNECTION 727 772 -1 -1 2280 2280
14041 CONNECTION 727 1022 -1 -1 2700 2700
14042 CONNECTION 727 1112 -1 -1 2700 2700
14043 CONNECTION 727 889 -1 -1 3960 3960
14044 CONNECTION 727 998 -1 -1 4080 4080
14045 CONNECTION 727 152 300 1320 5760 5760
14046 CONNECTION 727 48 300 1920 5880 5880
14047 CONNECTION 727 1119 300 1920 5880 5880
14048 CONNECTION 727 121 300 2040 6300 6300
14049 CONNECTION 727 404 300 3120 7560 7560
14050 CONNECTION 727 262 300 3720 7680 7680
14051 CONNECTION 969 970 -1 -1 3000 3000
14052 CONNECTION 969 234 -1 -1 3060 3060
14053 CONNECTION 969 640 -1 -1 3780 3780
14054 CONNECTION 969 572 -1 -1 2640 2640
14055 CONNECTION 969 184 -1 -1 2880 2880
14056 CONNECTION 969 478 -1 -1 4380 4380
14057 CONNECTION 969 506 -1 -1 4860 4860
14058 CONNECTION 969 827 300 360 3660 3660
14059 CONNECTION 969 1049 300 660 5940 5940
14060 CONNECTION 969 774 300 1140 4440 4440
14061 CONNECTION 969 1124 300 1320 6600 6600
14062 CONNECTION 969 730 300 1620 6180 6180
14063 CONNECTION 969 750 300 2100 6660 6660
14064 CONNECTION 969 1000 300 2940 6240 6240
14065 CONNECTION 969 704 300 3180 6480 6480
14066 CONNECTION 969 955 300 3420 7980 7980
14067 CONNECTION 969 236 300 3900 8460 8460
14068 CONNECTION 969 320 300 3960 7260 7260
14069 CONNECTION 969 428 300 4260 9540 9540
14070 CONNECTION 969 50 300 4740 8040 8040
14071 CONNECTION 969 1121 300 4740 8040 8040
14072 CONNECTION 997 953 -1 -1 4560 4560
14073 CONNECTION 997 1069 300 420 5580 5580
14074 CONNECTION 997 1129 300 1200 6360 6360
14075 CONNECTION 997 212 300 3000 8160 8160
14076 CONNECTION 997 452 300 4020 9180 9180
14077 CONNECTION 598 599 -1 -1 900 900
14078 CONNECTION 598 450 -1 -1 1920 1920
14079 CONNECTION 598 403 -1 -1 4140 4140
14080 CONNECTION 598 702 -1 -1 2700 2700
14081 CONNECTION 598 854 -1 -1 2700 2700
14082 CONNECTION 598 81 300 1320 4500 4500
14083 CONNECTION 598 671 300 1320 5940 5940
14084 CONNECTION 598 911 300 1320 5760 5760
14085 CONNECTION 598 296 300 1440 5880 5880
14086 CONNECTION 598 931 300 2340 5520 5520
14087 CONNECTION 598 186 300 3120 6300 6300
14088 CONNECTION 598 351 300 3120 6300 6300
14089 CONNECTION 120 1123 -1 -1 3420 3420
14090 CONNECTION 120 319 300 960 6060 6060
14091 CONNECTION 120 523 300 1920 7020 7020
14092 CONNECTION 1116 1117 -1 -1 2280 2280
14093 CONNECTION 1116 748 -1 -1 2760 2760
14094 CONNECTION 1116 317 -1 -1 1560 1560
14095 CONNECTION 1116 909 -1 -1 3840 3840
14096 CONNECTION 1116 260 -1 -1 2340 2340
14097 CONNECTION 1116 970 -1 -1 4500 4500
14098 CONNECTION 1116 210 -1 -1 4080 4080
14099 CONNECTION 1116 234 -1 -1 4560 4560
14100 CONNECTION 1116 640 -1 -1 5280 5280
14101 CONNECTION 1116 572 300 840 4140 4140
14102 CONNECTION 1116 184 300 1080 4380 4380
14103 CONNECTION 1116 478 300 1320 5880 5880
14104 CONNECTION 1116 506 300 1800 6360 6360
14105 CONNECTION 1116 827 300 1860 5160 5160
14106 CONNECTION 1116 1049 300 2160 7440 7440
14107 CONNECTION 1116 774 300 2640 5940 5940
14108 CONNECTION 1116 1124 300 2820 8100 8100
14109 CONNECTION 1116 730 300 3120 7680 7680
14110 CONNECTION 1116 750 300 3600 8160 8160
14111 CONNECTION 1116 1000 300 4440 7740 7740
14112 CONNECTION 1116 704 300 4680 7980 7980
14113 CONNECTION 149 150 -1 -1 900 900
14114 CONNECTION 149 102 -1 -1 2880 2880
14115 CONNECTION 149 522 -1 -1 2760 2760
14116 CONNECTION 149 402 -1 -1 2700 2700
14117 CONNECTION 149 600 -1 -1 3000 3000
14118 CONNECTION 149 372 -1 -1 4680 4680
14119 CONNECTION 149 451 300 540 5820 5820
14120 CONNECTION 149 1023 300 540 5820 5820
14121 CONNECTION 149 1113 300 540 5820 5820
14122 CONNECTION 149 295 300 1320 4500 4500
14123 CONNECTION 149 670 300 1320 4500 4500
14124 CONNECTION 149 703 300 1320 4800 4800
14125 CONNECTION 149 855 300 1320 4800 4800
14126 CONNECTION 149 910 300 1320 4500 4500
14127 CONNECTION 149 624 300 2100 6480 6480
14128 CONNECTION 149 971 300 2100 6360 6360
14129 CONNECTION 149 82 300 3120 6600 6600
14130 CONNECTION 149 891 300 3120 6300 6300
14131 CONNECTION 149 104 300 3900 8280 8280
14132 SINK 149 2 -1 -1 300 300
14133 CONNECTION 259 260 -1 -1 1020 1020
14134 CONNECTION 259 210 -1 -1 2760 2760
14135 CONNECTION 259 234 -1 -1 3240 3240
14136 CONNECTION 259 640 -1 -1 3960 3960
14137 CONNECTION 259 572 -1 -1 2820 2820
14138 CONNECTION 259 184 -1 -1 3060 3060
14139 CONNECTION 259 478 -1 -1 4560 4560
14140 CONNECTION 259 506 300 480 5040 5040
14141 CONNECTION 259 827 300 540 3840 3840
14142 CONNECTION 259 1049 300 840 6120 6120
14143 CONNECTION 259 774 300 1320 4620 4620
14144 CONNECTION 259 1124 300 1500 6780 6780
14145 CONNECTION 259 730 300 1800 6360 6360
14146 CONNECTION 259 750 300 2280 6840 6840
14147 CONNECTION 259 1000 300 3120 6420 6420
14148 CONNECTION 259 704 300 3360 6660 6660
14149 CONNECTION 259 955 300 3600 8160 8160
14150 CONNECTION 259 236 300 4080 8640 8640
14151 CONNECTION 259 320 300 4140 7440 7440
14152 CONNECTION 259 428 300 4440 9720 9720
14153 CONNECTION 800 801 -1 -1 900 900
14154 CONNECTION 800 102 -1 -1 2880 2880
14155 CONNECTION 800 522 -1 -1 2760 2760
14156 CONNECTION 800 402 -1 -1 2700 2700
14157 CONNECTION 800 600 -1 -1 3000 3000
14158 CONNECTION 800 372 -1 -1 4680 4680
14159 CONNECTION 800 451 300 540 5820 5820
14160 CONNECTION 800 1023 300 540 5820 5820
14161 CONNECTION 800 1113 300 540 5820 5820
14162 CONNECTION 800 295 300 1320 4500 4500
14163 CONNECTION 800 670 300 1320 4500 4500
14164 CONNECTION 800 703 300 1320 4800 4800
14165 CONNECTION 800 855 300 1320 4800 4800
14166 CONNECTION 800 910 300 1320 4500 4500
14167 CONNECTION 800 624 300 2100 6480 6480
14168 CONNECTION 800 971 300 2100 6360 6360
14169 CONNECTION 800 82 300 3120 6600 6600
14170 CONNECTION 800 891 300 3120 6300 6300
14171 CONNECTION 800 104 300 3900 8280 8280
14172 SINK 800 2 -1 -1 300 300
14173 CONNECTION 233 402 -1 -1 1680 1680
14174 CONNECTION 233 600 -1 -1 1980 1980
14175 CONNECTION 233 372 -1 -1 3660 3660
14176 CONNECTION 233 451 -1 -1 4800 4800
14177 CONNECTION 233 1023 -1 -1 4800 4800
14178 CONNECTION 233 1113 -1 -1 4800 4800
14179 CONNECTION 233 295 -1 -1 3480 3480
14180 CONNECTION 233 670 -1 -1 3480 3480
14181 CONNECTION 233 703 -1 -1 3780 3780
14182 CONNECTION 233 855 -1 -1 3780 3780
14183 CONNECTION 233 910 -1 -1 3480 3480
14184 CONNECTION 233 624 300 1080 5460 5460
14185 CONNECTION 233 971 300 1080 5340 5340
14186 CONNECTION 233 82 300 2100 5580 5580
14187 CONNECTION 233 891 300 2100 5280 5280
14188 CONNECTION 233 104 300 2880 7260 7260
14189 CONNECTION 233 154 300 3900 7080 7080
14190 CONNECTION 233 187 300 3900 7380 7380
14191 CONNECTION 233 352 300 3900 7380 7380
14192 CONNECTION 233 805 300 3900 7080 7080
14193 CONNECTION 233 1050 300 3900 7080 7080
14194 CONNECTION 233 1125 300 4680 8940 8940
14195 SINK 233 2 -1 -1 300 300
14196 CONNECTION 570 571 -1 -1 2280 2280
14197 CONNECTION 570 623 -1 -1 2880 2880
14198 CONNECTION 570 1118 -1 -1 3120 3120
14199 CONNECTION 570 773 -1 -1 4080 4080
14200 CONNECTION 570 749 -1 -1 4020 4020
14201 CONNECTION 570 103 -1 -1 4680 4680
14202 CONNECTION 570 211 300 960 4920 4920
14203 CONNECTION 570 999 300 1320 5880 5880
14204 CONNECTION 570 235 300 1440 5820 5820
14205 CONNECTION 570 373 300 1920 6480 6480
14206 CONNECTION 570 479 300 2760 6720 6720
14207 CONNECTION 570 49 300 3120 7680 7680
14208 CONNECTION 570 1120 300 3120 7680 7680
14209 CONNECTION 570 507 300 3240 7620 7620
14210 CONNECTION 570 731 300 4560 8520 8520
14211 CONNECTION 622 623 -1 -1 2400 2400
14212 CONNECTION 622 1118 -1 -1 2640 2640
14213 CONNECTION 622 773 -1 -1 3600 3600
14214 CONNECTION 622 749 -1 -1 3540 3540
14215 CONNECTION 622 103 -1 -1 4200 4200
14216 CONNECTION 622 211 300 480 4440 4440
14217 CONNECTION 622 999 300 840 5400 5400
14218 CONNECTION 622 235 300 960 5340 5340
14219 CONNECTION 622 373 300 1440 6000 6000
14220 CONNECTION 622 479 300 2280 6240 6240
14221 CONNECTION 622 49 300 2640 7200 7200
14222 CONNECTION 622 1120 300 2640 7200 7200
14223 CONNECTION 622 507 300 2760 7140 7140
14224 CONNECTION 622 731 300 4080 8040 8040
14225 CONNECTION 622 751 300 4560 8940 8940
14226 CONNECTION 182 183 -1 -1 1200 1200
14227 CONNECTION 182 102 -1 -1 2880 2880
14228 CONNECTION 182 522 -1 -1 2760 2760
14229 CONNECTION 182 402 -1 -1 2700 2700
14230 CONNECTION 182 600 -1 -1 3000 3000
14231 CONNECTION 182 372 -1 -1 4680 4680
14232 CONNECTION 182 451 300 540 5820 5820
14233 CONNECTION 182 1023 300 540 5820 5820
14234 CONNECTION 182 1113 300 540 5820 5820
14235 CONNECTION 182 295 300 1320 4500 4500
14236 CONNECTION 182 670 300 1320 4500 4500
14237 CONNECTION 182 703 300 1320 4800 4800
14238 CONNECTION 182 855 300 1320 4800 4800
14239 CONNECTION 182 910 300 1320 4500 4500
14240 CONNECTION 182 624 300 2100 6480 6480
14241 CONNECTION 182 971 300 2100 6360 6360
14242 CONNECTION 182 82 300 3120 6600 6600
14243 CONNECTION 182 891 300 3120 6300 6300
14244 CONNECTION 182 104 300 3900 8280 8280
14245 SINK 182 2 -1 -1 300 300
14246 CONNECTION 347 348 -1 -1 1200 1200
14247 CONNECTION 347 102 -1 -1 2880 2880
14248 CONNECTION 347 522 -1 -1 2760 2760
14249 CONNECTION 347 402 -1 -1 2700 2700
14250 CONNECTION 347 600 -1 -1 3000 3000
14251 CONNECTION 347 372 -1 -1 4680 4680
14252 CONNECTION 347 451 300 540 5820 5820
14253 CONNECTION 347 1023 300 540 5820 5820
14254 CONNECTION 347 1113 300 540 5820 5820
14255 CONNECTION 347 295 300 1320 4500 4500
14256 CONNECTION 347 670 300 1320 4500 4500
14257 CONNECTION 347 703 300 1320 4800 4800
14258 CONNECTION 347 855 300 1320 4800 4800
14259 CONNECTION 347 910 300 1320 4500 4500
14260 CONNECTION 347 624 300 2100 6480 6480
14261 CONNECTION 347 971 300 2100 6360 6360
14262 CONNECTION 347 82 300 3120 6600 6600
14263 CONNECTION 347 891 300 3120 6300 6300
14264 CONNECTION 347 104 300 3900 8280 8280
14265 SINK 347 2 -1 -1 300 300
14266 CONNECTION 888 80 -1 -1 3060 3060
14267 CONNECTION 888 21 -1 -1 4140 4140
14268 CONNECTION 888 350 -1 -1 4860 4860
14269 CONNECTION 888 602 300 2040 6660 6660
14270 CONNECTION 888 547 300 3480 7740 7740
14271 CONNECTION 888 857 300 3840 8460 8460
14272 CONNECTION 639 640 -1 -1 2820 2820
14273 CONNECTION 639 572 -1 -1 1680 1680
14274 CONNECTION 639 184 -1 -1 1920 1920
14275 CONNECTION 639 478 -1 -1 3420 3420
14276 CONNECTION 639 506 -1 -1 3900 3900
14277 CONNECTION 639 827 -1 -1 2700 2700
14278 CONNECTION 639 1049 -1 -1 4980 4980
14279 CONNECTION 639 774 -1 -1 3480 3480
14280 CONNECTION 639 1124 300 360 5640 5640
14281 CONNECTION 639 730 300 660 5220 5220
14282 CONNECTION 639 750 300 1140 5700 5700
14283 CONNECTION 639 1000 300 1980 5280 5280
14284 CONNECTION 639 704 300 2220 5520 5520
14285 CONNECTION 639 955 300 2460 7020 7020
14286 CONNECTION 639 236 300 2940 7500 7500
14287 CONNECTION 639 320 300 3000 6300 6300
14288 CONNECTION 639 428 300 3300 8580 8580
14289 CONNECTION 639 50 300 3780 7080 7080
14290 CONNECTION 639 1121 300 3780 7080 7080
14291 CONNECTION 639 524 300 3960 9240 9240
14292 CONNECTION 1068 572 -1 -1 1680 1680
14293 CONNECTION 1068 184 -1 -1 1920 1920
14294 CONNECTION 1068 478 -1 -1 3420 3420
14295 CONNECTION 1068 506 -1 -1 3900 3900
14296 CONNECTION 1068 827 -1 -1 2700 2700
14297 CONNECTION 1068 1049 -1 -1 4980 4980
14298 CONNECTION 1068 774 -1 -1 3480 3480
14299 CONNECTION 1068 1124 300 360 5640 5640
14300 CONNECTION 1068 730 300 660 5220 5220
14301 CONNECTION 1068 750 300 1140 5700 5700
14302 CONNECTION 1068 1000 300 1980 5280 5280
14303 CONNECTION 1068 704 300 2220 5520 5520
14304 CONNECTION 1068 955 300 2460 7020 7020
14305 CONNECTION 1068 236 300 2940 7500 7500
14306 CONNECTION 1068 320 300 3000 6300 6300
14307 CONNECTION 1068 428 300 3300 8580 8580
14308 CONNECTION 1068 50 300 3780 7080 7080
14309 CONNECTION 1068 1121 300 3780 7080 7080
14310 CONNECTION 1068 524 300 3960 9240 9240
14311 CONNECTION 46 47 -1 -1 2880 2880
14312 CONNECTION 46 318 -1 -1 3000 3000
14313 CONNECTION 46 545 -1 -1 2700 2700
14314 CONNECTION 46 261 -1 -1 4680 4680
14315 CONNECTION 46 477 -1 -1 3060 3060
14316 CONNECTION 46 427 300 480 5640 5640
14317 CONNECTION 46 803 300 600 3900 3900
14318 CONNECTION 46 930 300 780 5220 5220
14319 CONNECTION 46 573 300 1320 6480 6480
14320 CONNECTION 46 185 300 1560 6000 6000
14321 CONNECTION 46 729 300 1560 4860 4860
14322 CONNECTION 46 828 300 2340 6600 6600
14323 CONNECTION 46 22 300 3000 6300 6300
14324 CONNECTION 46 954 300 3360 6660 6660
14325 CONNECTION 46 297 300 4200 7500 7500
14326 CONNECTION 46 1070 300 4380 8820 8820
14327 CONNECTION 1107 1108 -1 -1 2880 2880
14328 CONNECTION 1107 318 -1 -1 3000 3000
14329 CONNECTION 1107 545 -1 -1 2700 2700
14330 CONNECTION 1107 261 -1 -1 4680 4680
14331 CONNECTION 1107 477 -1 -1 3060 3060
14332 CONNECTION 1107 427 300 480 5640 5640
14333 CONNECTION 1107 803 300 600 3900 3900
14334 CONNECTION 1107 930 300 780 5220 5220
14335 CONNECTION 1107 573 300 1320 6480 6480
14336 CONNECTION 1107 185 300 1560 6000 6000
14337 CONNECTION 1107 729 300 1560 4860 4860
14338 CONNECTION 1107 828 300 2340 6600 6600
14339 CONNECTION 1107 22 300 3000 6300 6300
14340 CONNECTION 1107 954 300 3360 6660 6660
14341 CONNECTION 1107 297 300 4200 7500 7500
14342 CONNECTION 1107 1070 300 4380 8820 8820
14343 CONNECTION 20 319 -1 -1 5280 5280
14344 CONNECTION 20 523 300 1140 6240 6240
14345 CONNECTION 371 640 -1 -1 3360 3360
14346 CONNECTION 371 572 -1 -1 2220 2220
14347 CONNECTION 371 184 -1 -1 2460 2460
14348 CONNECTION 371 478 -1 -1 3960 3960
14349 CONNECTION 371 506 -1 -1 4440 4440
14350 CONNECTION 371 827 -1 -1 3240 3240
14351 CONNECTION 371 1049 -1 -1 5520 5520
14352 CONNECTION 371 774 300 720 4020 4020
14353 CONNECTION 371 1124 300 900 6180 6180
14354 CONNECTION 371 730 300 1200 5760 5760
14355 CONNECTION 371 750 300 1680 6240 6240
14356 CONNECTION 371 1000 300 2520 5820 5820
14357 CONNECTION 371 704 300 2760 6060 6060
14358 CONNECTION 371 955 300 3000 7560 7560
14359 CONNECTION 371 236 300 3480 8040 8040
14360 CONNECTION 371 320 300 3540 6840 6840
14361 CONNECTION 371 428 300 3840 9120 9120
14362 CONNECTION 371 50 300 4320 7620 7620
14363 CONNECTION 371 1121 300 4320 7620 7620
14364 CONNECTION 371 524 300 4500 9780 9780
14365 CONNECTION 79 998 -1 -1 2580 2580
14366 CONNECTION 79 152 -1 -1 4260 4260
14367 CONNECTION 79 48 300 420 4380 4380
14368 CONNECTION 79 1119 300 420 4380 4380
14369 CONNECTION 79 121 300 540 4800 4800
14370 CONNECTION 79 404 300 1620 6060 6060
14371 CONNECTION 79 262 300 2220 6180 6180
14372 CONNECTION 79 672 300 3420 7860 7860
14373 CONNECTION 79 641 300 4140 8400 8400
14374 CONNECTION 476 477 -1 -1 1020 1020
14375 CONNECTION 476 427 -1 -1 3600 3600
14376 CONNECTION 476 803 -1 -1 1860 1860
14377 CONNECTION 476 930 -1 -1 3180 3180
14378 CONNECTION 476 573 -1 -1 4440 4440
14379 CONNECTION 476 185 -1 -1 3960 3960
14380 CONNECTION 476 729 -1 -1 2820 2820
14381 CONNECTION 476 828 -1 -1 4560 4560
14382 CONNECTION 476 22 300 960 4260 4260
14383 CONNECTION 476 954 300 1320 4620 4620
14384 CONNECTION 476 297 300 2160 5460 5460
14385 CONNECTION 476 1070 300 2340 6780 6780
14386 CONNECTION 476 705 300 3120 7560 7560
14387 CONNECTION 1048 953 -1 -1 3600 3600
14388 CONNECTION 1048 1069 -1 -1 4620 4620
14389 CONNECTION 1048 1129 -1 -1 5400 5400
14390 CONNECTION 1048 212 300 2040 7200 7200
14391 CONNECTION 1048 452 300 3060 8220 8220
14392 CONNECTION 700 701 -1 -1 2160 2160
14393 CONNECTION 700 318 -1 -1 2760 2760
14394 CONNECTION 700 545 -1 -1 2460 2460
14395 CONNECTION 700 261 -1 -1 4440 4440
14396 CONNECTION 700 477 -1 -1 2820 2820
14397 CONNECTION 700 427 -1 -1 5400 5400
14398 CONNECTION 700 803 300 360 3660 3660
14399 CONNECTION 700 930 300 540 4980 4980
14400 CONNECTION 700 573 300 1080 6240 6240
14401 CONNECTION 700 185 300 1320 5760 5760
14402 CONNECTION 700 729 300 1320 4620 4620
14403 CONNECTION 700 828 300 2100 6360 6360
14404 CONNECTION 700 22 300 2760 6060 6060
14405 CONNECTION 700 954 300 3120 6420 6420
14406 CONNECTION 700 297 300 3960 7260 7260
14407 CONNECTION 700 1070 300 4140 8580 8580
14408 CONNECTION 293 260 -1 -1 1500 1500
14409 CONNECTION 293 970 -1 -1 3660 3660
14410 CONNECTION 293 210 -1 -1 3240 3240
14411 CONNECTION 293 234 -1 -1 3720 3720
14412 CONNECTION 293 640 -1 -1 4440 4440
14413 CONNECTION 293 572 -1 -1 3300 3300
14414 CONNECTION 293 184 -1 -1 3540 3540
14415 CONNECTION 293 478 300 480 5040 5040
14416 CONNECTION 293 506 300 960 5520 5520
14417 CONNECTION 293 827 300 1020 4320 4320
14418 CONNECTION 293 1049 300 1320 6600 6600
14419 CONNECTION 293 774 300 1800 5100 5100
14420 CONNECTION 293 1124 300 1980 7260 7260
14421 CONNECTION 293 730 300 2280 6840 6840
14422 CONNECTION 293 750 300 2760 7320 7320
14423 CONNECTION 293 1000 300 3600 6900 6900
14424 CONNECTION 293 704 300 3840 7140 7140
14425 CONNECTION 293 955 300 4080 8640 8640
14426 CONNECTION 293 236 300 4560 9120 9120
14427 CONNECTION 293 320 300 4620 7920 7920
14428 CONNECTION 449 450 -1 -1 900 900
14429 CONNECTION 449 403 -1 -1 3120 3120
14430 CONNECTION 449 702 -1 -1 1680 1680
14431 CONNECTION 449 854 -1 -1 1680 1680
14432 CONNECTION 449 81 -1 -1 3480 3480
14433 CONNECTION 449 671 -1 -1 4920 4920
14434 CONNECTION 449 911 -1 -1 4740 4740
14435 CONNECTION 449 296 300 420 4860 4860
14436 CONNECTION 449 931 300 1320 4500 4500
14437 CONNECTION 449 186 300 2100 5280 5280
14438 CONNECTION 449 351 300 2100 5280 5280
14439 CONNECTION 449 603 300 3900 7080 7080
14440 CONNECTION 1117 1118 -1 -1 1680 1680
14441 CONNECTION 1117 749 -1 -1 2580 2580
14442 CONNECTION 1117 103 -1 -1 3240 3240
14443 CONNECTION 1117 211 -1 -1 3480 3480
14444 CONNECTION 1117 999 -1 -1 4440 4440
14445 CONNECTION 1117 235 -1 -1 4380 4380
14446 CONNECTION 1117 373 300 480 5040 5040
14447 CONNECTION 1117 479 300 1320 5280 5280
14448 CONNECTION 1117 49 300 1680 6240 6240
14449 CONNECTION 1117 1120 300 1680 6240 6240
14450 CONNECTION 1117 507 300 1800 6180 6180
14451 CONNECTION 1117 731 300 3120 7080 7080
14452 CONNECTION 1117 751 300 3600 7980 7980
14453 CONNECTION 150 151 -1 -1 2340 2340
14454 CONNECTION 150 450 -1 -1 1920 1920
14455 CONNECTION 150 403 -1 -1 4140 4140
14456 CONNECTION 150 702 -1 -1 2700 2700
14457 CONNECTION 150 854 -1 -1 2700 2700
14458 CONNECTION 150 81 300 1320 4500 4500
14459 CONNECTION 150 671 300 1320 5940 5940
14460 CONNECTION 150 911 300 1320 5760 5760
14461 CONNECTION 150 296 300 1440 5880 5880
14462 CONNECTION 150 931 300 2340 5520 5520
14463 CONNECTION 150 186 300 3120 6300 6300
14464 CONNECTION 150 351 300 3120 6300 6300
14465 CONNECTION 183 294 -1 -1 2400 2400
14466 CONNECTION 183 669 -1 -1 2400 2400
14467 CONNECTION 183 601 -1 -1 4020 4020
14468 CONNECTION 183 890 300 720 4200 4200
14469 CONNECTION 183 856 300 1380 5820 5820
14470 CONNECTION 183 153 300 2520 6000 6000
14471 CONNECTION 183 804 300 2520 6000 6000
14472 CONNECTION 183 83 300 3180 7620 7620
14473 CONNECTION 183 405 300 4320 7800 7800
14474 CONNECTION 348 349 -1 -1 2220 2220
14475 CONNECTION 348 294 -1 -1 2400 2400
14476 CONNECTION 348 669 -1 -1 2400 2400
14477 CONNECTION 348 601 -1 -1 4020 4020
14478 CONNECTION 348 890 300 720 4200 4200
14479 CONNECTION 348 856 300 1380 5820 5820
14480 CONNECTION 348 153 300 2520 6000 6000
14481 CONNECTION 348 804 300 2520 6000 6000
14482 CONNECTION 348 83 300 3180 7620 7620
14483 CONNECTION 348 405 300 4320 7800 7800
14484 CONNECTION 425 426 -1 -1 2160 2160
14485 CONNECTION 425 450 -1 -1 1920 1920
14486 CONNECTION 425 403 -1 -1 4140 4140
14487 CONNECTION 425 702 -1 -1 2700 2700
14488 CONNECTION 425 854 -1 -1 2700 2700
14489 CONNECTION 425 81 300 1320 4500 4500
14490 CONNECTION 425 671 300 1320 5940 5940
14491 CONNECTION 425 911 300 1320 5760 5760
14492 CONNECTION 425 296 300 1440 5880 5880
14493 CONNECTION 425 931 300 2340 5520 5520
14494 CONNECTION 425 186 300 3120 6300 6300
14495 CONNECTION 425 351 300 3120 6300 6300
14496 CONNECTION 544 545 -1 -1 1020 1020
14497 CONNECTION 544 427 -1 -1 3960 3960
14498 CONNECTION 544 803 -1 -1 2220 2220
14499 CONNECTION 544 930 -1 -1 3540 3540
14500 CONNECTION 544 573 -1 -1 4800 4800
14501 CONNECTION 544 185 -1 -1 4320 4320
14502 CONNECTION 544 729 -1 -1 3180 3180
14503 CONNECTION 544 828 300 660 4920 4920
14504 CONNECTION 544 22 300 1320 4620 4620
14505 CONNECTION 544 954 300 1680 4980 4980
14506 CONNECTION 544 297 300 2520 5820 5820
14507 CONNECTION 544 1070 300 2700 7140 7140
14508 CONNECTION 544 705 300 3480 7920 7920
14509 CONNECTION 801 802 -1 -1 2280 2280
14510 CONNECTION 801 450 -1 -1 1920 1920
14511 CONNECTION 801 403 -1 -1 4140 4140
14512 CONNECTION 801 702 -1 -1 2700 2700
14513 CONNECTION 801 854 -1 -1 2700 2700
14514 CONNECTION 801 81 300 1320 4500 4500
14515 CONNECTION 801 671 300 1320 5940 5940
14516 CONNECTION 801 911 300 1320 5760 5760
14517 CONNECTION 801 296 300 1440 5880 5880
14518 CONNECTION 801 931 300 2340 5520 5520
14519 CONNECTION 801 186 300 3120 6300 6300
14520 CONNECTION 801 351 300 3120 6300 6300
14521 CONNECTION 668 669 -1 -1 1320 1320
14522 CONNECTION 668 601 -1 -1 2940 2940
14523 CONNECTION 668 890 -1 -1 3120 3120
14524 CONNECTION 668 856 -1 -1 4740 4740
14525 CONNECTION 668 153 300 1440 4920 4920
14526 CONNECTION 668 804 300 1440 4920 4920
14527 CONNECTION 668 83 300 2100 6540 6540
14528 CONNECTION 668 405 300 3240 6720 6720
14529 CONNECTION 668 353 300 3900 8340 8340
14530 CONNECTION 748 749 -1 -1 2100 2100
14531 CONNECTION 748 103 -1 -1 2760 2760
14532 CONNECTION 748 211 -1 -1 3000 3000
14533 CONNECTION 748 999 -1 -1 3960 3960
14534 CONNECTION 748 235 -1 -1 3900 3900
14535 CONNECTION 748 373 -1 -1 4560 4560
14536 CONNECTION 748 479 300 840 4800 4800
14537 CONNECTION 748 49 300 1200 5760 5760
14538 CONNECTION 748 1120 300 1200 5760 5760
14539 CONNECTION 748 507 300 1320 5700 5700
14540 CONNECTION 748 731 300 2640 6600 6600
14541 CONNECTION 748 751 300 3120 7500 7500
14542 CONNECTION 748 956 300 4440 8400 8400
14543 CONNECTION 952 998 -1 -1 2280 2280
14544 CONNECTION 952 152 -1 -1 3960 3960
14545 CONNECTION 952 48 -1 -1 4080 4080
14546 CONNECTION 952 1119 -1 -1 4080 4080
14547 CONNECTION 952 121 -1 -1 4500 4500
14548 CONNECTION 952 404 300 1320 5760 5760
14549 CONNECTION 952 262 300 1920 5880 5880
14550 CONNECTION 952 672 300 3120 7560 7560
14551 CONNECTION 952 641 300 3840 8100 8100
14552 CONNECTION 47 1069 -1 -1 3780 3780
14553 CONNECTION 47 1129 -1 -1 4560 4560
14554 CONNECTION 47 212 300 1200 6360 6360
14555 CONNECTION 47 452 300 2220 7380 7380
14556 CONNECTION 317 318 -1 -1 1980 1980
14557 CONNECTION 317 545 -1 -1 1680 1680
14558 CONNECTION 317 261 -1 -1 3660 3660
14559 CONNECTION 317 477 -1 -1 2040 2040
14560 CONNECTION 317 427 -1 -1 4620 4620
14561 CONNECTION 317 803 -1 -1 2880 2880
14562 CONNECTION 317 930 -1 -1 4200 4200
14563 CONNECTION 317 573 -1 -1 5460 5460
14564 CONNECTION 317 185 300 540 4980 4980
14565 CONNECTION 317 729 300 540 3840 3840
14566 CONNECTION 317 828 300 1320 5580 5580
14567 CONNECTION 317 22 300 1980 5280 5280
14568 CONNECTION 317 954 300 2340 5640 5640
14569 CONNECTION 317 297 300 3180 6480 6480
14570 CONNECTION 317 1070 300 3360 7800 7800
14571 CONNECTION 317 705 300 4140 8580 8580
14572 CONNECTION 1108 1069 -1 -1 3780 3780
14573 CONNECTION 1108 1129 -1 -1 4560 4560
14574 CONNECTION 1108 212 300 1200 6360 6360
14575 CONNECTION 1108 452 300 2220 7380 7380
14576 CONNECTION 853 854 -1 -1 900 900
14577 CONNECTION 853 81 -1 -1 2700 2700
14578 CONNECTION 853 671 -1 -1 4140 4140
14579 CONNECTION 853 911 -1 -1 3960 3960
14580 CONNECTION 853 296 -1 -1 4080 4080
14581 CONNECTION 853 931 300 540 3720 3720
14582 CONNECTION 853 186 300 1320 4500 4500
14583 CONNECTION 853 351 300 1320 4500 4500
14584 CONNECTION 853 603 300 3120 6300 6300
14585 CONNECTION 853 1071 300 4140 7320 7320
14586 CONNECTION 929 930 -1 -1 2160 2160
14587 CONNECTION 929 573 -1 -1 3420 3420
14588 CONNECTION 929 185 -1 -1 2940 2940
14589 CONNECTION 929 729 -1 -1 1800 1800
14590 CONNECTION 929 828 -1 -1 3540 3540
14591 CONNECTION 929 22 -1 -1 3240 3240
14592 CONNECTION 929 954 -1 -1 3600 3600
14593 CONNECTION 929 297 300 1140 4440 4440
14594 CONNECTION 929 1070 300 1320 5760 5760
14595 CONNECTION 929 705 300 2100 6540 6540
14596 CONNECTION 209 210 -1 -1 2280 2280
14597 CONNECTION 209 234 -1 -1 2760 2760
14598 CONNECTION 209 640 -1 -1 3480 3480
14599 CONNECTION 209 572 -1 -1 2340 2340
14600 CONNECTION 209 184 -1 -1 2580 2580
14601 CONNECTION 209 478 -1 -1 4080 4080
14602 CONNECTION 209 506 -1 -1 4560 4560
14603 CONNECTION 209 827 -1 -1 3360 3360
14604 CONNECTION 209 1049 300 360 5640 5640
14605 CONNECTION 209 774 300 840 4140 4140
14606 CONNECTION 209 1124 300 1020 6300 6300
14607 CONNECTION 209 730 300 1320 5880 5880
14608 CONNECTION 209 750 300 1800 6360 6360
14609 CONNECTION 209 1000 300 2640 5940 5940
14610 CONNECTION 209 704 300 2880 6180 6180
14611 CONNECTION 209 955 300 3120 7680 7680
14612 CONNECTION 209 236 300 3600 8160 8160
14613 CONNECTION 209 320 300 3660 6960 6960
14614 CONNECTION 209 428 300 3960 9240 9240
14615 CONNECTION 209 50 300 4440 7740 7740
14616 CONNECTION 209 1121 300 4440 7740 7740
14617 CONNECTION 209 524 300 4620 9900 9900
14618 CONNECTION 701 702 -1 -1 900 900
14619 CONNECTION 701 81 -1 -1 2700 2700
14620 CONNECTION 701 671 -1 -1 4140 4140
14621 CONNECTION 701 911 -1 -1 3960 3960
14622 CONNECTION 701 296 -1 -1 4080 4080
14623 CONNECTION 701 931 300 540 3720 3720
14624 CONNECTION 701 186 300 1320 4500 4500
14625 CONNECTION 701 351 300 1320 4500 4500
14626 CONNECTION 701 603 300 3120 6300 6300
14627 CONNECTION 701 1071 300 4140 7320 7320
14628 CONNECTION 401 402 -1 -1 900 900
14629 CONNECTION 401 372 -1 -1 2880 2880
14630 CONNECTION 401 451 -1 -1 4020 4020
14631 CONNECTION 401 1023 -1 -1 4020 4020
14632 CONNECTION 401 1113 -1 -1 4020 4020
14633 CONNECTION 401 295 -1 -1 2700 2700
14634 CONNECTION 401 670 -1 -1 2700 2700
14635 CONNECTION 401 703 -1 -1 3000 3000
14636 CONNECTION 401 855 -1 -1 3000 3000
14637 CONNECTION 401 910 -1 -1 2700 2700
14638 CONNECTION 401 624 -1 -1 4680 4680
14639 CONNECTION 401 971 -1 -1 4560 4560
14640 CONNECTION 401 82 300 1320 4800 4800
14641 CONNECTION 401 891 300 1320 4500 4500
14642 CONNECTION 401 104 300 2100 6480 6480
14643 CONNECTION 401 154 300 3120 6300 6300
14644 CONNECTION 401 187 300 3120 6600 6600
14645 CONNECTION 401 352 300 3120 6600 6600
14646 CONNECTION 401 805 300 3120 6300 6300
14647 CONNECTION 401 1050 300 3120 6300 6300
14648 CONNECTION 401 1125 300 3900 8160 8160
14649 SINK 401 2 -1 -1 300 300
14650 CONNECTION 571 572 -1 -1 1020 1020
14651 CONNECTION 571 478 -1 -1 2760 2760
14652 CONNECTION 571 506 -1 -1 3240 3240
14653 CONNECTION 571 827 -1 -1 2040 2040
14654 CONNECTION 571 1049 -1 -1 4320 4320
14655 CONNECTION 571 774 -1 -1 2820 2820
14656 CONNECTION 571 1124 -1 -1 4980 4980
14657 CONNECTION 571 730 -1 -1 4560 4560
14658 CONNECTION 571 750 300 480 5040 5040
14659 CONNECTION 571 1000 300 1320 4620 4620
14660 CONNECTION 571 704 300 1560 4860 4860
14661 CONNECTION 571 955 300 1800 6360 6360
14662 CONNECTION 571 236 300 2280 6840 6840
14663 CONNECTION 571 320 300 2340 5640 5640
14664 CONNECTION 571 428 300 2640 7920 7920
14665 CONNECTION 571 50 300 3120 6420 6420
14666 CONNECTION 571 1121 300 3120 6420 6420
14667 CONNECTION 571 524 300 3300 8580 8580
14668 CONNECTION 909 910 -1 -1 900 900
14669 CONNECTION 909 624 -1 -1 2880 2880
14670 CONNECTION 909 971 -1 -1 2760 2760
14671 CONNECTION 909 82 -1 -1 3000 3000
14672 CONNECTION 909 891 -1 -1 2700 2700
14673 CONNECTION 909 104 -1 -1 4680 4680
14674 CONNECTION 909 154 300 1320 4500 4500
14675 CONNECTION 909 187 300 1320 4800 4800
14676 CONNECTION 909 352 300 1320 4800 4800
14677 CONNECTION 909 805 300 1320 4500 4500
14678 CONNECTION 909 1050 300 1320 4500 4500
14679 CONNECTION 909 1125 300 2100 6360 6360
14680 CONNECTION 909 406 300 3120 6300 6300
14681 SINK 909 2 -1 -1 300 300
14682 CONNECTION 505 295 -1 -1 1680 1680
14683 CONNECTION 505 670 -1 -1 1680 1680
14684 CONNECTION 505 703 -1 -1 1980 1980
14685 CONNECTION 505 855 -1 -1 1980 1980
14686 CONNECTION 505 910 -1 -1 1680 1680
14687 CONNECTION 505 624 -1 -1 3660 3660
14688 CONNECTION 505 971 -1 -1 3540 3540
14689 CONNECTION 505 82 -1 -1 3780 3780
14690 CONNECTION 505 891 -1 -1 3480 3480
14691 CONNECTION 505 104 300 1080 5460 5460
14692 CONNECTION 505 154 300 2100 5280 5280
14693 CONNECTION 505 187 300 2100 5580 5580
14694 CONNECTION 505 352 300 2100 5580 5580
14695 CONNECTION 505 805 300 2100 5280 5280
14696 CONNECTION 505 1050 300 2100 5280 5280
14697 CONNECTION 505 1125 300 2880 7140 7140
14698 CONNECTION 505 406 300 3900 7080 7080
14699 SINK 505 2 -1 -1 300 300
14700 CONNECTION 772 773 -1 -1 2280 2280
14701 CONNECTION 772 103 -1 -1 2880 2880
14702 CONNECTION 772 211 -1 -1 3120 3120
14703 CONNECTION 772 999 -1 -1 4080 4080
14704 CONNECTION 772 235 -1 -1 4020 4020
14705 CONNECTION 772 373 -1 -1 4680 4680
14706 CONNECTION 772 479 300 960 4920 4920
14707 CONNECTION 772 49 300 1320 5880 5880
14708 CONNECTION 772 1120 300 1320 5880 5880
14709 CONNECTION 772 507 300 1440 5820 5820
14710 CONNECTION 772 731 300 2760 6720 6720
14711 CONNECTION 772 751 300 3240 7620 7620
14712 CONNECTION 772 956 300 4560 8520 8520
14713 CONNECTION 102 103 -1 -1 2400 2400
14714 CONNECTION 102 211 -1 -1 2640 2640
14715 CONNECTION 102 999 -1 -1 3600 3600
14716 CONNECTION 102 235 -1 -1 3540 3540
14717 CONNECTION 102 373 -1 -1 4200 4200
14718 CONNECTION 102 479 300 480 4440 4440
14719 CONNECTION 102 49 300 840 5400 5400
14720 CONNECTION 102 1120 300 840 5400 5400
14721 CONNECTION 102 507 300 960 5340 5340
14722 CONNECTION 102 731 300 2280 6240 6240
14723 CONNECTION 102 751 300 2760 7140 7140
14724 CONNECTION 102 956 300 4080 8040 8040
14725 CONNECTION 102 237 300 4560 8940 8940
14726 CONNECTION 522 152 -1 -1 3120 3120
14727 CONNECTION 522 48 -1 -1 3240 3240
14728 CONNECTION 522 1119 -1 -1 3240 3240
14729 CONNECTION 522 121 -1 -1 3660 3660
14730 CONNECTION 522 404 300 480 4920 4920
14731 CONNECTION 522 262 300 1080 5040 5040
14732 CONNECTION 522 672 300 2280 6720 6720
14733 CONNECTION 522 641 300 3000 7260 7260
14734 CONNECTION 1022 1023 -1 -1 3000 3000
14735 CONNECTION 1022 295 -1 -1 1680 1680
14736 CONNECTION 1022 670 -1 -1 1680 1680
14737 CONNECTION 1022 703 -1 -1 1980 1980
14738 CONNECTION 1022 855 -1 -1 1980 1980
14739 CONNECTION 1022 910 -1 -1 1680 1680
14740 CONNECTION 1022 624 -1 -1 3660 3660
14741 CONNECTION 1022 971 -1 -1 3540 3540
14742 CONNECTION 1022 82 -1 -1 3780 3780
14743 CONNECTION 1022 891 -1 -1 3480 3480
14744 CONNECTION 1022 104 300 1080 5460 5460
14745 CONNECTION 1022 154 300 2100 5280 5280
14746 CONNECTION 1022 187 300 2100 5580 5580
14747 CONNECTION 1022 352 300 2100 5580 5580
14748 CONNECTION 1022 805 300 2100 5280 5280
14749 CONNECTION 1022 1050 300 2100 5280 5280
14750 CONNECTION 1022 1125 300 2880 7140 7140
14751 CONNECTION 1022 406 300 3900 7080 7080
14752 SINK 1022 2 -1 -1 300 300
14753 CONNECTION 1112 1113 -1 -1 3000 3000
14754 CONNECTION 1112 295 -1 -1 1680 1680
14755 CONNECTION 1112 670 -1 -1 1680 1680
14756 CONNECTION 1112 703 -1 -1 1980 1980
14757 CONNECTION 1112 855 -1 -1 1980 1980
14758 CONNECTION 1112 910 -1 -1 1680 1680
14759 CONNECTION 1112 624 -1 -1 3660 3660
14760 CONNECTION 1112 971 -1 -1 3540 3540
14761 CONNECTION 1112 82 -1 -1 3780 3780
14762 CONNECTION 1112 891 -1 -1 3480 3480
14763 CONNECTION 1112 104 300 1080 5460 5460
14764 CONNECTION 1112 154 300 2100 5280 5280
14765 CONNECTION 1112 187 300 2100 5580 5580
14766 CONNECTION 1112 352 300 2100 5580 5580
14767 CONNECTION 1112 805 300 2100 5280 5280
14768 CONNECTION 1112 1050 300 2100 5280 5280
14769 CONNECTION 1112 1125 300 2880 7140 7140
14770 CONNECTION 1112 406 300 3900 7080 7080
14771 SINK 1112 2 -1 -1 300 300
14772 CONNECTION 151 350 -1 -1 3060 3060
14773 CONNECTION 151 602 -1 -1 4860 4860
14774 CONNECTION 151 547 300 1680 5940 5940
14775 CONNECTION 151 857 300 2040 6660 6660
14776 CONNECTION 426 427 -1 -1 2880 2880
14777 CONNECTION 426 573 -1 -1 3720 3720
14778 CONNECTION 426 185 -1 -1 3240 3240
14779 CONNECTION 426 729 -1 -1 2100 2100
14780 CONNECTION 426 828 -1 -1 3840 3840
14781 CONNECTION 426 22 -1 -1 3540 3540
14782 CONNECTION 426 954 300 600 3900 3900
14783 CONNECTION 426 297 300 1440 4740 4740
14784 CONNECTION 426 1070 300 1620 6060 6060
14785 CONNECTION 426 705 300 2400 6840 6840
14786 CONNECTION 599 600 -1 -1 1200 1200
14787 CONNECTION 599 372 -1 -1 2880 2880
14788 CONNECTION 599 451 -1 -1 4020 4020
14789 CONNECTION 599 1023 -1 -1 4020 4020
14790 CONNECTION 599 1113 -1 -1 4020 4020
14791 CONNECTION 599 295 -1 -1 2700 2700
14792 CONNECTION 599 670 -1 -1 2700 2700
14793 CONNECTION 599 703 -1 -1 3000 3000
14794 CONNECTION 599 855 -1 -1 3000 3000
14795 CONNECTION 599 910 -1 -1 2700 2700
14796 CONNECTION 599 624 -1 -1 4680 4680
14797 CONNECTION 599 971 -1 -1 4560 4560
14798 CONNECTION 599 82 300 1320 4800 4800
14799 CONNECTION 599 891 300 1320 4500 4500
14800 CONNECTION 599 104 300 2100 6480 6480
14801 CONNECTION 599 154 300 3120 6300 6300
14802 CONNECTION 599 187 300 3120 6600 6600
14803 CONNECTION 599 352 300 3120 6600 6600
14804 CONNECTION 599 805 300 3120 6300 6300
14805 CONNECTION 599 1050 300 3120 6300 6300
14806 CONNECTION 599 1125 300 3900 8160 8160
14807 SINK 599 2 -1 -1 300 300
14808 CONNECTION 802 803 -1 -1 1020 1020
14809 CONNECTION 802 573 -1 -1 3600 3600
14810 CONNECTION 802 185 -1 -1 3120 3120
14811 CONNECTION 802 729 -1 -1 1980 1980
14812 CONNECTION 802 828 -1 -1 3720 3720
14813 CONNECTION 802 22 -1 -1 3420 3420
14814 CONNECTION 802 954 300 480 3780 3780
14815 CONNECTION 802 297 300 1320 4620 4620
14816 CONNECTION 802 1070 300 1500 5940 5940
14817 CONNECTION 802 705 300 2280 6720 6720
14818 CONNECTION 260 261 -1 -1 2880 2880
14819 CONNECTION 260 427 -1 -1 3840 3840
14820 CONNECTION 260 803 -1 -1 2100 2100
14821 CONNECTION 260 930 -1 -1 3420 3420
14822 CONNECTION 260 573 -1 -1 4680 4680
14823 CONNECTION 260 185 -1 -1 4200 4200
14824 CONNECTION 260 729 -1 -1 3060 3060
14825 CONNECTION 260 828 300 540 4800 4800
14826 CONNECTION 260 22 300 1200 4500 4500
14827 CONNECTION 260 954 300 1560 4860 4860
14828 CONNECTION 260 297 300 2400 5700 5700
14829 CONNECTION 260 1070 300 2580 7020 7020
14830 CONNECTION 260 705 300 3360 7800 7800
14831 CONNECTION 826 827 -1 -1 1020 1020
14832 CONNECTION 826 774 -1 -1 1800 1800
14833 CONNECTION 826 1124 -1 -1 3960 3960
14834 CONNECTION 826 730 -1 -1 3540 3540
14835 CONNECTION 826 750 -1 -1 4020 4020
14836 CONNECTION 826 1000 -1 -1 3600 3600
14837 CONNECTION 826 704 300 540 3840 3840
14838 CONNECTION 826 955 300 780 5340 5340
14839 CONNECTION 826 236 300 1260 5820 5820
14840 CONNECTION 826 320 300 1320 4620 4620
14841 CONNECTION 826 428 300 1620 6900 6900
14842 CONNECTION 826 50 300 2100 5400 5400
14843 CONNECTION 826 1121 300 2100 5400 5400
14844 CONNECTION 826 524 300 2280 7560 7560
14845 CONNECTION 623 1049 -1 -1 3720 3720
14846 CONNECTION 623 774 -1 -1 2220 2220
14847 CONNECTION 623 1124 -1 -1 4380 4380
14848 CONNECTION 623 730 -1 -1 3960 3960
14849 CONNECTION 623 750 -1 -1 4440 4440
14850 CONNECTION 623 1000 300 720 4020 4020
14851 CONNECTION 623 704 300 960 4260 4260
14852 CONNECTION 623 955 300 1200 5760 5760
14853 CONNECTION 623 236 300 1680 6240 6240
14854 CONNECTION 623 320 300 1740 5040 5040
14855 CONNECTION 623 428 300 2040 7320 7320
14856 CONNECTION 623 50 300 2520 5820 5820
14857 CONNECTION 623 1121 300 2520 5820 5820
14858 CONNECTION 623 524 300 2700 7980 7980
14859 CONNECTION 349 48 -1 -1 2580 2580
14860 CONNECTION 349 1119 -1 -1 2580 2580
14861 CONNECTION 349 121 -1 -1 3000 3000
14862 CONNECTION 349 404 -1 -1 4260 4260
14863 CONNECTION 349 262 300 420 4380 4380
14864 CONNECTION 349 672 300 1620 6060 6060
14865 CONNECTION 349 641 300 2340 6600 6600
14866 CONNECTION 728 729 -1 -1 1020 1020
14867 CONNECTION 728 828 -1 -1 2760 2760
14868 CONNECTION 728 22 -1 -1 2460 2460
14869 CONNECTION 728 954 -1 -1 2820 2820
14870 CONNECTION 728 297 300 360 3660 3660
14871 CONNECTION 728 1070 300 540 4980 4980
14872 CONNECTION 728 705 300 1320 5760 5760
14873 CONNECTION 728 453 300 4140 8580 8580
14874 CONNECTION 970 971 -1 -1 2100 2100
14875 CONNECTION 970 82 -1 -1 2340 2340
14876 CONNECTION 970 891 -1 -1 2040 2040
14877 CONNECTION 970 104 -1 -1 4020 4020
14878 CONNECTION 970 154 300 660 3840 3840
14879 CONNECTION 970 187 300 660 4140 4140
14880 CONNECTION 970 352 300 660 4140 4140
14881 CONNECTION 970 805 300 660 3840 3840
14882 CONNECTION 970 1050 300 660 3840 3840
14883 CONNECTION 970 1125 300 1440 5700 5700
14884 CONNECTION 970 406 300 2460 5640 5640
14885 CONNECTION 970 429 300 4260 7440 7440
14886 CONNECTION 970 674 300 4260 7440 7440
14887 SINK 970 2 -1 -1 300 300
14888 CONNECTION 318 350 -1 -1 3000 3000
14889 CONNECTION 318 602 -1 -1 4800 4800
14890 CONNECTION 318 547 300 1620 5880 5880
14891 CONNECTION 318 857 300 1980 6600 6600
14892 CONNECTION 210 211 -1 -1 1680 1680
14893 CONNECTION 210 235 -1 -1 2580 2580
14894 CONNECTION 210 373 -1 -1 3240 3240
14895 CONNECTION 210 479 -1 -1 3480 3480
14896 CONNECTION 210 49 -1 -1 4440 4440
14897 CONNECTION 210 1120 -1 -1 4440 4440
14898 CONNECTION 210 507 -1 -1 4380 4380
14899 CONNECTION 210 731 300 1320 5280 5280
14900 CONNECTION 210 751 300 1800 6180 6180
14901 CONNECTION 210 956 300 3120 7080 7080
14902 CONNECTION 210 237 300 3600 7980 7980
14903 CONNECTION 402 403 -1 -1 2340 2340
14904 CONNECTION 402 81 -1 -1 2700 2700
14905 CONNECTION 402 671 -1 -1 4140 4140
14906 CONNECTION 402 911 -1 -1 3960 3960
14907 CONNECTION 402 296 -1 -1 4080 4080
14908 CONNECTION 402 931 300 540 3720 3720
14909 CONNECTION 402 186 300 1320 4500 4500
14910 CONNECTION 402 351 300 1320 4500 4500
14911 CONNECTION 402 603 300 3120 6300 6300
14912 CONNECTION 402 1071 300 4140 7320 7320
14913 CONNECTION 600 601 -1 -1 2220 2220
14914 CONNECTION 600 890 -1 -1 2400 2400
14915 CONNECTION 600 856 -1 -1 4020 4020
14916 CONNECTION 600 153 300 720 4200 4200
14917 CONNECTION 600 804 300 720 4200 4200
14918 CONNECTION 600 83 300 1380 5820 5820
14919 CONNECTION 600 405 300 2520 6000 6000
14920 CONNECTION 600 353 300 3180 7620 7620
14921 CONNECTION 600 673 300 4320 7800 7800
14922 CONNECTION 450 451 -1 -1 3000 3000
14923 CONNECTION 450 295 -1 -1 1680 1680
14924 CONNECTION 450 670 -1 -1 1680 1680
14925 CONNECTION 450 703 -1 -1 1980 1980
14926 CONNECTION 450 855 -1 -1 1980 1980
14927 CONNECTION 450 910 -1 -1 1680 1680
14928 CONNECTION 450 624 -1 -1 3660 3660
14929 CONNECTION 450 971 -1 -1 3540 3540
14930 CONNECTION 450 82 -1 -1 3780 3780
14931 CONNECTION 450 891 -1 -1 3480 3480
14932 CONNECTION 450 104 300 1080 5460 5460
14933 CONNECTION 450 154 300 2100 5280 5280
14934 CONNECTION 450 187 300 2100 5580 5580
14935 CONNECTION 450 352 300 2100 5580 5580
14936 CONNECTION 450 805 300 2100 5280 5280
14937 CONNECTION 450 1050 300 2100 5280 5280
14938 CONNECTION 450 1125 300 2880 7140 7140
14939 CONNECTION 450 406 300 3900 7080 7080
14940 SINK 450 2 -1 -1 300 300
14941 CONNECTION 889 890 -1 -1 1320 1320
14942 CONNECTION 889 856 -1 -1 2940 2940
14943 CONNECTION 889 153 -1 -1 3120 3120
14944 CONNECTION 889 804 -1 -1 3120 3120
14945 CONNECTION 889 83 -1 -1 4740 4740
14946 CONNECTION 889 405 300 1440 4920 4920
14947 CONNECTION 889 353 300 2100 6540 6540
14948 CONNECTION 889 673 300 3240 6720 6720
14949 CONNECTION 545 506 -1 -1 3120 3120
14950 CONNECTION 545 827 -1 -1 1920 1920
14951 CONNECTION 545 1049 -1 -1 4200 4200
14952 CONNECTION 545 774 -1 -1 2700 2700
14953 CONNECTION 545 1124 -1 -1 4860 4860
14954 CONNECTION 545 730 -1 -1 4440 4440
14955 CONNECTION 545 750 300 360 4920 4920
14956 CONNECTION 545 1000 300 1200 4500 4500
14957 CONNECTION 545 704 300 1440 4740 4740
14958 CONNECTION 545 955 300 1680 6240 6240
14959 CONNECTION 545 236 300 2160 6720 6720
14960 CONNECTION 545 320 300 2220 5520 5520
14961 CONNECTION 545 428 300 2520 7800 7800
14962 CONNECTION 545 50 300 3000 6300 6300
14963 CONNECTION 545 1121 300 3000 6300 6300
14964 CONNECTION 545 524 300 3180 8460 8460
14965 CONNECTION 234 235 -1 -1 2100 2100
14966 CONNECTION 234 373 -1 -1 2760 2760
14967 CONNECTION 234 479 -1 -1 3000 3000
14968 CONNECTION 234 49 -1 -1 3960 3960
14969 CONNECTION 234 1120 -1 -1 3960 3960
14970 CONNECTION 234 507 -1 -1 3900 3900
14971 CONNECTION 234 731 300 840 4800 4800
14972 CONNECTION 234 751 300 1320 5700 5700
14973 CONNECTION 234 956 300 2640 6600 6600
14974 CONNECTION 234 237 300 3120 7500 7500
14975 CONNECTION 1118 48 -1 -1 2280 2280
14976 CONNECTION 1118 1119 -1 -1 2280 2280
14977 CONNECTION 1118 121 -1 -1 2700 2700
14978 CONNECTION 1118 404 -1 -1 3960 3960
14979 CONNECTION 1118 262 -1 -1 4080 4080
14980 CONNECTION 1118 672 300 1320 5760 5760
14981 CONNECTION 1118 641 300 2040 6300 6300
14982 CONNECTION 1123 1124 -1 -1 3000 3000
14983 CONNECTION 1123 750 -1 -1 3060 3060
14984 CONNECTION 1123 1000 -1 -1 2640 2640
14985 CONNECTION 1123 704 -1 -1 2880 2880
14986 CONNECTION 1123 955 -1 -1 4380 4380
14987 CONNECTION 1123 236 -1 -1 4860 4860
14988 CONNECTION 1123 320 300 360 3660 3660
14989 CONNECTION 1123 428 300 660 5940 5940
14990 CONNECTION 1123 50 300 1140 4440 4440
14991 CONNECTION 1123 1121 300 1140 4440 4440
14992 CONNECTION 1123 524 300 1320 6600 6600
14993 CONNECTION 261 212 -1 -1 4560 4560
14994 CONNECTION 261 452 300 420 5580 5580
14995 CONNECTION 80 81 -1 -1 900 900
14996 CONNECTION 80 931 -1 -1 1920 1920
14997 CONNECTION 80 186 -1 -1 2700 2700
14998 CONNECTION 80 351 -1 -1 2700 2700
14999 CONNECTION 80 603 300 1320 4500 4500
15000 CONNECTION 80 1071 300 2340 5520 5520
15001 CONNECTION 80 706 300 3120 6300 6300
15002 CONNECTION 80 858 300 3120 6300 6300
15003 CONNECTION 640 523 -1 -1 3420 3420
15004 CONNECTION 477 478 -1 -1 2280 2280
15005 CONNECTION 477 506 -1 -1 2760 2760
15006 CONNECTION 477 827 -1 -1 1560 1560
15007 CONNECTION 477 1049 -1 -1 3840 3840
15008 CONNECTION 477 774 -1 -1 2340 2340
15009 CONNECTION 477 1124 -1 -1 4500 4500
15010 CONNECTION 477 730 -1 -1 4080 4080
15011 CONNECTION 477 750 -1 -1 4560 4560
15012 CONNECTION 477 1000 300 840 4140 4140
15013 CONNECTION 477 704 300 1080 4380 4380
15014 CONNECTION 477 955 300 1320 5880 5880
15015 CONNECTION 477 236 300 1800 6360 6360
15016 CONNECTION 477 320 300 1860 5160 5160
15017 CONNECTION 477 428 300 2160 7440 7440
15018 CONNECTION 477 50 300 2640 5940 5940
15019 CONNECTION 477 1121 300 2640 5940 5940
15020 CONNECTION 477 524 300 2820 8100 8100
15021 CONNECTION 294 295 -1 -1 900 900
15022 CONNECTION 294 624 -1 -1 2880 2880
15023 CONNECTION 294 971 -1 -1 2760 2760
15024 CONNECTION 294 82 -1 -1 3000 3000
15025 CONNECTION 294 891 -1 -1 2700 2700
15026 CONNECTION 294 104 -1 -1 4680 4680
15027 CONNECTION 294 154 300 1320 4500 4500
15028 CONNECTION 294 187 300 1320 4800 4800
15029 CONNECTION 294 352 300 1320 4800 4800
15030 CONNECTION 294 805 300 1320 4500 4500
15031 CONNECTION 294 1050 300 1320 4500 4500
15032 CONNECTION 294 1125 300 2100 6360 6360
15033 CONNECTION 294 406 300 3120 6300 6300
15034 SINK 294 2 -1 -1 300 300
15035 CONNECTION 669 670 -1 -1 900 900
15036 CONNECTION 669 624 -1 -1 2880 2880
15037 CONNECTION 669 971 -1 -1 2760 2760
15038 CONNECTION 669 82 -1 -1 3000 3000
15039 CONNECTION 669 891 -1 -1 2700 2700
15040 CONNECTION 669 104 -1 -1 4680 4680
15041 CONNECTION 669 154 300 1320 4500 4500
15042 CONNECTION 669 187 300 1320 4800 4800
15043 CONNECTION 669 352 300 1320 4800 4800
15044 CONNECTION 669 805 300 1320 4500 4500
15045 CONNECTION 669 1050 300 1320 4500 4500
15046 CONNECTION 669 1125 300 2100 6360 6360
15047 CONNECTION 669 406 300 3120 6300 6300
15048 SINK 669 2 -1 -1 300 300
15049 CONNECTION 773 774 -1 -1 1020 1020
15050 CONNECTION 773 730 -1 -1 2760 2760
15051 CONNECTION 773 750 -1 -1 3240 3240
15052 CONNECTION 773 1000 -1 -1 2820 2820
15053 CONNECTION 773 704 -1 -1 3060 3060
15054 CONNECTION 773 955 -1 -1 4560 4560
15055 CONNECTION 773 236 300 480 5040 5040
15056 CONNECTION 773 320 300 540 3840 3840
15057 CONNECTION 773 428 300 840 6120 6120
15058 CONNECTION 773 50 300 1320 4620 4620
15059 CONNECTION 773 1121 300 1320 4620 4620
15060 CONNECTION 773 524 300 1500 6780 6780
15061 CONNECTION 749 82 -1 -1 1980 1980
15062 CONNECTION 749 891 -1 -1 1680 1680
15063 CONNECTION 749 104 -1 -1 3660 3660
15064 CONNECTION 749 154 -1 -1 3480 3480
15065 CONNECTION 749 187 -1 -1 3780 3780
15066 CONNECTION 749 352 -1 -1 3780 3780
15067 CONNECTION 749 805 -1 -1 3480 3480
15068 CONNECTION 749 1050 -1 -1 3480 3480
15069 CONNECTION 749 1125 300 1080 5340 5340
15070 CONNECTION 749 406 300 2100 5280 5280
15071 CONNECTION 749 429 300 3900 7080 7080
15072 CONNECTION 749 674 300 3900 7080 7080
15073 SINK 749 2 -1 -1 300 300
15074 CONNECTION 998 999 -1 -1 2280 2280
15075 CONNECTION 998 373 -1 -1 2880 2880
15076 CONNECTION 998 479 -1 -1 3120 3120
15077 CONNECTION 998 49 -1 -1 4080 4080
15078 CONNECTION 998 1120 -1 -1 4080 4080
15079 CONNECTION 998 507 -1 -1 4020 4020
15080 CONNECTION 998 731 300 960 4920 4920
15081 CONNECTION 998 751 300 1440 5820 5820
15082 CONNECTION 998 956 300 2760 6720 6720
15083 CONNECTION 998 237 300 3240 7620 7620
15084 CONNECTION 372 373 -1 -1 2400 2400
15085 CONNECTION 372 479 -1 -1 2640 2640
15086 CONNECTION 372 49 -1 -1 3600 3600
15087 CONNECTION 372 1120 -1 -1 3600 3600
15088 CONNECTION 372 507 -1 -1 3540 3540
15089 CONNECTION 372 731 300 480 4440 4440
15090 CONNECTION 372 751 300 960 5340 5340
15091 CONNECTION 372 956 300 2280 6240 6240
15092 CONNECTION 372 237 300 2760 7140 7140
15093 CONNECTION 403 602 -1 -1 3060 3060
15094 CONNECTION 403 547 -1 -1 4140 4140
15095 CONNECTION 403 857 -1 -1 4860 4860
15096 CONNECTION 702 703 -1 -1 1200 1200
15097 CONNECTION 702 624 -1 -1 2880 2880
15098 CONNECTION 702 971 -1 -1 2760 2760
15099 CONNECTION 702 82 -1 -1 3000 3000
15100 CONNECTION 702 891 -1 -1 2700 2700
15101 CONNECTION 702 104 -1 -1 4680 4680
15102 CONNECTION 702 154 300 1320 4500 4500
15103 CONNECTION 702 187 300 1320 4800 4800
15104 CONNECTION 702 352 300 1320 4800 4800
15105 CONNECTION 702 805 300 1320 4500 4500
15106 CONNECTION 702 1050 300 1320 4500 4500
15107 CONNECTION 702 1125 300 2100 6360 6360
15108 CONNECTION 702 406 300 3120 6300 6300
15109 SINK 702 2 -1 -1 300 300
15110 CONNECTION 854 855 -1 -1 1200 1200
15111 CONNECTION 854 624 -1 -1 2880 2880
15112 CONNECTION 854 971 -1 -1 2760 2760
15113 CONNECTION 854 82 -1 -1 3000 3000
15114 CONNECTION 854 891 -1 -1 2700 2700
15115 CONNECTION 854 104 -1 -1 4680 4680
15116 CONNECTION 854 154 300 1320 4500 4500
15117 CONNECTION 854 187 300 1320 4800 4800
15118 CONNECTION 854 352 300 1320 4800 4800
15119 CONNECTION 854 805 300 1320 4500 4500
15120 CONNECTION 854 1050 300 1320 4500 4500
15121 CONNECTION 854 1125 300 2100 6360 6360
15122 CONNECTION 854 406 300 3120 6300 6300
15123 SINK 854 2 -1 -1 300 300
15124 CONNECTION 451 1000 -1 -1 1680 1680
15125 CONNECTION 451 704 -1 -1 1920 1920
15126 CONNECTION 451 955 -1 -1 3420 3420
15127 CONNECTION 451 236 -1 -1 3900 3900
15128 CONNECTION 451 320 -1 -1 2700 2700
15129 CONNECTION 451 428 -1 -1 4980 4980
15130 CONNECTION 451 50 -1 -1 3480 3480
15131 CONNECTION 451 1121 -1 -1 3480 3480
15132 CONNECTION 451 524 300 360 5640 5640
15133 CONNECTION 1023 1000 -1 -1 1680 1680
15134 CONNECTION 1023 704 -1 -1 1920 1920
15135 CONNECTION 1023 955 -1 -1 3420 3420
15136 CONNECTION 1023 236 -1 -1 3900 3900
15137 CONNECTION 1023 320 -1 -1 2700 2700
15138 CONNECTION 1023 428 -1 -1 4980 4980
15139 CONNECTION 1023 50 -1 -1 3480 3480
15140 CONNECTION 1023 1121 -1 -1 3480 3480
15141 CONNECTION 1023 524 300 360 5640 5640
15142 CONNECTION 1113 1000 -1 -1 1680 1680
15143 CONNECTION 1113 704 -1 -1 1920 1920
15144 CONNECTION 1113 955 -1 -1 3420 3420
15145 CONNECTION 1113 236 -1 -1 3900 3900
15146 CONNECTION 1113 320 -1 -1 2700 2700
15147 CONNECTION 1113 428 -1 -1 4980 4980
15148 CONNECTION 1113 50 -1 -1 3480 3480
15149 CONNECTION 1113 1121 -1 -1 3480 3480
15150 CONNECTION 1113 524 300 360 5640 5640
15151 CONNECTION 572 573 -1 -1 2880 2880
15152 CONNECTION 572 828 -1 -1 3000 3000
15153 CONNECTION 572 22 -1 -1 2700 2700
15154 CONNECTION 572 954 -1 -1 3060 3060
15155 CONNECTION 572 297 300 600 3900 3900
15156 CONNECTION 572 1070 300 780 5220 5220
15157 CONNECTION 572 705 300 1560 6000 6000
15158 CONNECTION 572 453 300 4380 8820 8820
15159 CONNECTION 103 1000 -1 -1 2220 2220
15160 CONNECTION 103 704 -1 -1 2460 2460
15161 CONNECTION 103 955 -1 -1 3960 3960
15162 CONNECTION 103 236 -1 -1 4440 4440
15163 CONNECTION 103 320 -1 -1 3240 3240
15164 CONNECTION 103 428 -1 -1 5520 5520
15165 CONNECTION 103 50 300 720 4020 4020
15166 CONNECTION 103 1121 300 720 4020 4020
15167 CONNECTION 103 524 300 900 6180 6180
15168 CONNECTION 427 212 -1 -1 3600 3600
15169 CONNECTION 427 452 -1 -1 4620 4620
15170 CONNECTION 601 262 -1 -1 2580 2580
15171 CONNECTION 601 672 -1 -1 4260 4260
15172 CONNECTION 601 641 300 540 4800 4800
15173 CONNECTION 601 1126 300 4140 8400 8400
15174 CONNECTION 953 954 -1 -1 1020 1020
15175 CONNECTION 953 297 -1 -1 1860 1860
15176 CONNECTION 953 1070 -1 -1 3180 3180
15177 CONNECTION 953 705 -1 -1 3960 3960
15178 CONNECTION 953 453 300 2340 6780 6780
15179 CONNECTION 184 185 -1 -1 2160 2160
15180 CONNECTION 184 828 -1 -1 2760 2760
15181 CONNECTION 184 22 -1 -1 2460 2460
15182 CONNECTION 184 954 -1 -1 2820 2820
15183 CONNECTION 184 297 300 360 3660 3660
15184 CONNECTION 184 1070 300 540 4980 4980
15185 CONNECTION 184 705 300 1320 5760 5760
15186 CONNECTION 184 453 300 4140 8580 8580
15187 CONNECTION 803 774 -1 -1 1500 1500
15188 CONNECTION 803 1124 -1 -1 3660 3660
15189 CONNECTION 803 730 -1 -1 3240 3240
15190 CONNECTION 803 750 -1 -1 3720 3720
15191 CONNECTION 803 1000 -1 -1 3300 3300
15192 CONNECTION 803 704 -1 -1 3540 3540
15193 CONNECTION 803 955 300 480 5040 5040
15194 CONNECTION 803 236 300 960 5520 5520
15195 CONNECTION 803 320 300 1020 4320 4320
15196 CONNECTION 803 428 300 1320 6600 6600
15197 CONNECTION 803 50 300 1800 5100 5100
15198 CONNECTION 803 1121 300 1800 5100 5100
15199 CONNECTION 803 524 300 1980 7260 7260
15200 CONNECTION 478 479 -1 -1 1680 1680
15201 CONNECTION 478 507 -1 -1 2580 2580
15202 CONNECTION 478 731 -1 -1 3480 3480
15203 CONNECTION 478 751 -1 -1 4380 4380
15204 CONNECTION 478 956 300 1320 5280 5280
15205 CONNECTION 478 237 300 1800 6180 6180
15206 CONNECTION 930 931 -1 -1 900 900
15207 CONNECTION 930 186 -1 -1 1680 1680
15208 CONNECTION 930 351 -1 -1 1680 1680
15209 CONNECTION 930 603 -1 -1 3480 3480
15210 CONNECTION 930 1071 300 1320 4500 4500
15211 CONNECTION 930 706 300 2100 5280 5280
15212 CONNECTION 930 858 300 2100 5280 5280
15213 CONNECTION 21 22 -1 -1 1020 1020
15214 CONNECTION 21 297 -1 -1 2220 2220
15215 CONNECTION 21 1070 -1 -1 3540 3540
15216 CONNECTION 21 705 -1 -1 4320 4320
15217 CONNECTION 21 453 300 2700 7140 7140
15218 CONNECTION 295 296 -1 -1 2280 2280
15219 CONNECTION 295 931 -1 -1 1920 1920
15220 CONNECTION 295 186 -1 -1 2700 2700
15221 CONNECTION 295 351 -1 -1 2700 2700
15222 CONNECTION 295 603 300 1320 4500 4500
15223 CONNECTION 295 1071 300 2340 5520 5520
15224 CONNECTION 295 706 300 3120 6300 6300
15225 CONNECTION 295 858 300 3120 6300 6300
15226 CONNECTION 670 671 -1 -1 2340 2340
15227 CONNECTION 670 931 -1 -1 1920 1920
15228 CONNECTION 670 186 -1 -1 2700 2700
15229 CONNECTION 670 351 -1 -1 2700 2700
15230 CONNECTION 670 603 300 1320 4500 4500
15231 CONNECTION 670 1071 300 2340 5520 5520
15232 CONNECTION 670 706 300 3120 6300 6300
15233 CONNECTION 670 858 300 3120 6300 6300
15234 CONNECTION 703 153 -1 -1 2400 2400
15235 CONNECTION 703 804 -1 -1 2400 2400
15236 CONNECTION 703 83 -1 -1 4020 4020
15237 CONNECTION 703 405 300 720 4200 4200
15238 CONNECTION 703 353 300 1380 5820 5820
15239 CONNECTION 703 673 300 2520 6000 6000
15240 CONNECTION 855 856 -1 -1 2220 2220
15241 CONNECTION 855 153 -1 -1 2400 2400
15242 CONNECTION 855 804 -1 -1 2400 2400
15243 CONNECTION 855 83 -1 -1 4020 4020
15244 CONNECTION 855 405 300 720 4200 4200
15245 CONNECTION 855 353 300 1380 5820 5820
15246 CONNECTION 855 673 300 2520 6000 6000
15247 CONNECTION 910 911 -1 -1 2160 2160
15248 CONNECTION 910 931 -1 -1 1920 1920
15249 CONNECTION 910 186 -1 -1 2700 2700
15250 CONNECTION 910 351 -1 -1 2700 2700
15251 CONNECTION 910 603 300 1320 4500 4500
15252 CONNECTION 910 1071 300 2340 5520 5520
15253 CONNECTION 910 706 300 3120 6300 6300
15254 CONNECTION 910 858 300 3120 6300 6300
15255 CONNECTION 152 153 -1 -1 1320 1320
15256 CONNECTION 152 83 -1 -1 2940 2940
15257 CONNECTION 152 405 -1 -1 3120 3120
15258 CONNECTION 152 353 -1 -1 4740 4740
15259 CONNECTION 152 673 300 1440 4920 4920
15260 CONNECTION 211 262 -1 -1 2280 2280
15261 CONNECTION 211 672 -1 -1 3960 3960
15262 CONNECTION 211 641 -1 -1 4500 4500
15263 CONNECTION 211 1126 300 3840 8100 8100
15264 CONNECTION 506 507 -1 -1 2100 2100
15265 CONNECTION 506 731 -1 -1 3000 3000
15266 CONNECTION 506 751 -1 -1 3900 3900
15267 CONNECTION 506 956 300 840 4800 4800
15268 CONNECTION 506 237 300 1320 5700 5700
15269 CONNECTION 573 452 -1 -1 3780 3780
15270 CONNECTION 827 828 -1 -1 1980 1980
15271 CONNECTION 827 22 -1 -1 1680 1680
15272 CONNECTION 827 954 -1 -1 2040 2040
15273 CONNECTION 827 297 -1 -1 2880 2880
15274 CONNECTION 827 1070 -1 -1 4200 4200
15275 CONNECTION 827 705 300 540 4980 4980
15276 CONNECTION 827 453 300 3360 7800 7800
15277 CONNECTION 350 351 -1 -1 900 900
15278 CONNECTION 350 603 -1 -1 2700 2700
15279 CONNECTION 350 1071 300 540 3720 3720
15280 CONNECTION 350 706 300 1320 4500 4500
15281 CONNECTION 350 858 300 1320 4500 4500
15282 CONNECTION 350 454 300 4140 7320 7320
15283 CONNECTION 1069 1070 -1 -1 2160 2160
15284 CONNECTION 1069 705 -1 -1 2940 2940
15285 CONNECTION 1069 453 300 1320 5760 5760
15286 CONNECTION 185 186 -1 -1 900 900
15287 CONNECTION 185 603 -1 -1 2700 2700
15288 CONNECTION 185 1071 300 540 3720 3720
15289 CONNECTION 185 706 300 1320 4500 4500
15290 CONNECTION 185 858 300 1320 4500 4500
15291 CONNECTION 185 454 300 4140 7320 7320
15292 CONNECTION 729 730 -1 -1 2280 2280
15293 CONNECTION 729 750 -1 -1 2760 2760
15294 CONNECTION 729 1000 -1 -1 2340 2340
15295 CONNECTION 729 704 -1 -1 2580 2580
15296 CONNECTION 729 955 -1 -1 4080 4080
15297 CONNECTION 729 236 -1 -1 4560 4560
15298 CONNECTION 729 320 -1 -1 3360 3360
15299 CONNECTION 729 428 300 360 5640 5640
15300 CONNECTION 729 50 300 840 4140 4140
15301 CONNECTION 729 1121 300 840 4140 4140
15302 CONNECTION 729 524 300 1020 6300 6300
15303 CONNECTION 890 891 -1 -1 900 900
15304 CONNECTION 890 104 -1 -1 2880 2880
15305 CONNECTION 890 154 -1 -1 2700 2700
15306 CONNECTION 890 187 -1 -1 3000 3000
15307 CONNECTION 890 352 -1 -1 3000 3000
15308 CONNECTION 890 805 -1 -1 2700 2700
15309 CONNECTION 890 1050 -1 -1 2700 2700
15310 CONNECTION 890 1125 -1 -1 4560 4560
15311 CONNECTION 890 406 300 1320 4500 4500
15312 CONNECTION 890 429 300 3120 6300 6300
15313 CONNECTION 890 674 300 3120 6300 6300
15314 SINK 890 2 -1 -1 300 300
15315 CONNECTION 999 1000 -1 -1 1020 1020
15316 CONNECTION 999 955 -1 -1 2760 2760
15317 CONNECTION 999 236 -1 -1 3240 3240
15318 CONNECTION 999 320 -1 -1 2040 2040
15319 CONNECTION 999 428 -1 -1 4320 4320
15320 CONNECTION 999 50 -1 -1 2820 2820
15321 CONNECTION 999 1121 -1 -1 2820 2820
15322 CONNECTION 999 524 -1 -1 4980 4980
15323 CONNECTION 1049 1050 -1 -1 900 900
15324 CONNECTION 1049 1125 -1 -1 2760 2760
15325 CONNECTION 1049 406 -1 -1 2700 2700
15326 CONNECTION 1049 429 300 1320 4500 4500
15327 CONNECTION 1049 674 300 1320 4500 4500
15328 SINK 1049 2 -1 -1 300 300
15329 CONNECTION 48 49 -1 -1 2280 2280
15330 CONNECTION 48 731 -1 -1 3120 3120
15331 CONNECTION 48 751 -1 -1 4020 4020
15332 CONNECTION 48 956 300 960 4920 4920
15333 CONNECTION 48 237 300 1440 5820 5820
15334 CONNECTION 235 154 -1 -1 1680 1680
15335 CONNECTION 235 187 -1 -1 1980 1980
15336 CONNECTION 235 352 -1 -1 1980 1980
15337 CONNECTION 235 805 -1 -1 1680 1680
15338 CONNECTION 235 1050 -1 -1 1680 1680
15339 CONNECTION 235 1125 -1 -1 3540 3540
15340 CONNECTION 235 406 -1 -1 3480 3480
15341 CONNECTION 235 429 300 2100 5280 5280
15342 CONNECTION 235 674 300 2100 5280 5280
15343 SINK 235 2 -1 -1 300 300
15344 CONNECTION 1119 1120 -1 -1 2280 2280
15345 CONNECTION 1119 731 -1 -1 3120 3120
15346 CONNECTION 1119 751 -1 -1 4020 4020
15347 CONNECTION 1119 956 300 960 4920 4920
15348 CONNECTION 1119 237 300 1440 5820 5820
15349 CONNECTION 624 731 -1 -1 2640 2640
15350 CONNECTION 624 751 -1 -1 3540 3540
15351 CONNECTION 624 956 300 480 4440 4440
15352 CONNECTION 624 237 300 960 5340 5340
15353 CONNECTION 971 672 -1 -1 3120 3120
15354 CONNECTION 971 641 -1 -1 3660 3660
15355 CONNECTION 971 1126 300 3000 7260 7260
15356 CONNECTION 121 154 -1 -1 1680 1680
15357 CONNECTION 121 187 -1 -1 1980 1980
15358 CONNECTION 121 352 -1 -1 1980 1980
15359 CONNECTION 121 805 -1 -1 1680 1680
15360 CONNECTION 121 1050 -1 -1 1680 1680
15361 CONNECTION 121 1125 -1 -1 3540 3540
15362 CONNECTION 121 406 -1 -1 3480 3480
15363 CONNECTION 121 429 300 2100 5280 5280
15364 CONNECTION 121 674 300 2100 5280 5280
15365 SINK 121 2 -1 -1 300 300
15366 CONNECTION 81 82 -1 -1 1200 1200
15367 CONNECTION 81 104 -1 -1 2880 2880
15368 CONNECTION 81 154 -1 -1 2700 2700
15369 CONNECTION 81 187 -1 -1 3000 3000
15370 CONNECTION 81 352 -1 -1 3000 3000
15371 CONNECTION 81 805 -1 -1 2700 2700
15372 CONNECTION 81 1050 -1 -1 2700 2700
15373 CONNECTION 81 1125 -1 -1 4560 4560
15374 CONNECTION 81 406 300 1320 4500 4500
15375 CONNECTION 81 429 300 3120 6300 6300
15376 CONNECTION 81 674 300 3120 6300 6300
15377 SINK 81 2 -1 -1 300 300
15378 CONNECTION 671 857 -1 -1 3060 3060
15379 CONNECTION 911 705 -1 -1 3240 3240
15380 CONNECTION 911 453 300 1620 6060 6060
15381 CONNECTION 296 297 -1 -1 1020 1020
15382 CONNECTION 296 705 -1 -1 3120 3120
15383 CONNECTION 296 453 300 1500 5940 5940
15384 CONNECTION 319 320 -1 -1 1020 1020
15385 CONNECTION 319 50 -1 -1 1800 1800
15386 CONNECTION 319 1121 -1 -1 1800 1800
15387 CONNECTION 319 524 -1 -1 3960 3960
15388 CONNECTION 774 297 -1 -1 2100 2100
15389 CONNECTION 774 1070 -1 -1 3420 3420
15390 CONNECTION 774 705 -1 -1 4200 4200
15391 CONNECTION 774 453 300 2580 7020 7020
15392 CONNECTION 373 428 -1 -1 3720 3720
15393 CONNECTION 373 50 -1 -1 2220 2220
15394 CONNECTION 373 1121 -1 -1 2220 2220
15395 CONNECTION 373 524 -1 -1 4380 4380
15396 CONNECTION 856 641 -1 -1 3000 3000
15397 CONNECTION 856 1126 300 2340 6600 6600
15398 CONNECTION 1124 1125 -1 -1 2100 2100
15399 CONNECTION 1124 406 -1 -1 2040 2040
15400 CONNECTION 1124 429 300 660 3840 3840
15401 CONNECTION 1124 674 300 660 3840 3840
15402 SINK 1124 2 -1 -1 300 300
15403 CONNECTION 1129 453 300 540 4980 4980
15404 CONNECTION 828 857 -1 -1 3000 3000
15405 CONNECTION 730 731 -1 -1 1680 1680
15406 CONNECTION 730 751 -1 -1 2580 2580
15407 CONNECTION 730 956 -1 -1 3480 3480
15408 CONNECTION 730 237 -1 -1 4380 4380
15409 CONNECTION 82 83 -1 -1 2220 2220
15410 CONNECTION 82 405 -1 -1 2400 2400
15411 CONNECTION 82 353 -1 -1 4020 4020
15412 CONNECTION 82 673 300 720 4200 4200
15413 CONNECTION 891 603 -1 -1 2700 2700
15414 CONNECTION 891 1071 300 540 3720 3720
15415 CONNECTION 891 706 300 1320 4500 4500
15416 CONNECTION 891 858 300 1320 4500 4500
15417 CONNECTION 891 454 300 4140 7320 7320
15418 CONNECTION 404 405 -1 -1 1320 1320
15419 CONNECTION 404 353 -1 -1 2940 2940
15420 CONNECTION 404 673 -1 -1 3120 3120
15421 CONNECTION 931 154 -1 -1 1680 1680
15422 CONNECTION 931 187 -1 -1 1980 1980
15423 CONNECTION 931 352 -1 -1 1980 1980
15424 CONNECTION 931 805 -1 -1 1680 1680
15425 CONNECTION 931 1050 -1 -1 1680 1680
15426 CONNECTION 931 1125 -1 -1 3540 3540
15427 CONNECTION 931 406 -1 -1 3480 3480
15428 CONNECTION 931 429 300 2100 5280 5280
15429 CONNECTION 931 674 300 2100 5280 5280
15430 SINK 931 2 -1 -1 300 300
15431 CONNECTION 22 236 -1 -1 3120 3120
15432 CONNECTION 22 320 -1 -1 1920 1920
15433 CONNECTION 22 428 -1 -1 4200 4200
15434 CONNECTION 22 50 -1 -1 2700 2700
15435 CONNECTION 22 1121 -1 -1 2700 2700
15436 CONNECTION 22 524 -1 -1 4860 4860
15437 CONNECTION 479 641 -1 -1 2700 2700
15438 CONNECTION 479 1126 300 2040 6300 6300
15439 CONNECTION 523 524 -1 -1 3000 3000
15440 CONNECTION 750 751 -1 -1 2100 2100
15441 CONNECTION 750 956 -1 -1 3000 3000
15442 CONNECTION 750 237 -1 -1 3900 3900
15443 CONNECTION 602 603 -1 -1 900 900
15444 CONNECTION 602 1071 -1 -1 1920 1920
15445 CONNECTION 602 706 -1 -1 2700 2700
15446 CONNECTION 602 858 -1 -1 2700 2700
15447 CONNECTION 602 454 300 2340 5520 5520
15448 CONNECTION 954 955 -1 -1 2280 2280
15449 CONNECTION 954 236 -1 -1 2760 2760
15450 CONNECTION 954 320 -1 -1 1560 1560
15451 CONNECTION 954 428 -1 -1 3840 3840
15452 CONNECTION 954 50 -1 -1 2340 2340
15453 CONNECTION 954 1121 -1 -1 2340 2340
15454 CONNECTION 954 524 -1 -1 4500 4500
15455 CONNECTION 49 50 -1 -1 1020 1020
15456 CONNECTION 153 154 -1 -1 900 900
15457 CONNECTION 153 1125 -1 -1 2760 2760
15458 CONNECTION 153 406 -1 -1 2700 2700
15459 CONNECTION 153 429 300 1320 4500 4500
15460 CONNECTION 153 674 300 1320 4500 4500
15461 SINK 153 2 -1 -1 300 300
15462 CONNECTION 804 805 -1 -1 900 900
15463 CONNECTION 804 1125 -1 -1 2760 2760
15464 CONNECTION 804 406 -1 -1 2700 2700
15465 CONNECTION 804 429 300 1320 4500 4500
15466 CONNECTION 804 674 300 1320 4500 4500
15467 SINK 804 2 -1 -1 300 300
15468 CONNECTION 1120 1121 -1 -1 1020 1020
15469 CONNECTION 262 956 -1 -1 3120 3120
15470 CONNECTION 262 237 -1 -1 4020 4020
15471 CONNECTION 507 406 -1 -1 1680 1680
15472 CONNECTION 507 429 -1 -1 3480 3480
15473 CONNECTION 507 674 -1 -1 3480 3480
15474 SINK 507 2 -1 -1 300 300
15475 CONNECTION 104 956 -1 -1 2640 2640
15476 CONNECTION 104 237 -1 -1 3540 3540
15477 CONNECTION 186 187 -1 -1 1200 1200
15478 CONNECTION 186 1125 -1 -1 2760 2760
15479 CONNECTION 186 406 -1 -1 2700 2700
15480 CONNECTION 186 429 300 1320 4500 4500
15481 CONNECTION 186 674 300 1320 4500 4500
15482 SINK 186 2 -1 -1 300 300
15483 CONNECTION 351 352 -1 -1 1200 1200
15484 CONNECTION 351 1125 -1 -1 2760 2760
15485 CONNECTION 351 406 -1 -1 2700 2700
15486 CONNECTION 351 429 300 1320 4500 4500
15487 CONNECTION 351 674 300 1320 4500 4500
15488 SINK 351 2 -1 -1 300 300
15489 CONNECTION 1000 453 300 780 5220 5220
15490 CONNECTION 83 1126 300 540 4800 4800
15491 CONNECTION 212 453 -1 -1 3180 3180
15492 CONNECTION 704 705 -1 -1 2160 2160
15493 CONNECTION 704 453 300 540 4980 4980
15494 CONNECTION 297 50 -1 -1 1500 1500
15495 CONNECTION 297 1121 -1 -1 1500 1500
15496 CONNECTION 297 524 -1 -1 3660 3660
15497 CONNECTION 955 956 -1 -1 1680 1680
15498 CONNECTION 955 237 -1 -1 2580 2580
15499 CONNECTION 1070 1071 -1 -1 900 900
15500 CONNECTION 1070 706 -1 -1 1680 1680
15501 CONNECTION 1070 858 -1 -1 1680 1680
15502 CONNECTION 1070 454 300 1320 4500 4500
15503 CONNECTION 154 1071 -1 -1 1920 1920
15504 CONNECTION 154 706 -1 -1 2700 2700
15505 CONNECTION 154 858 -1 -1 2700 2700
15506 CONNECTION 154 454 300 2340 5520 5520
15507 CONNECTION 187 673 -1 -1 2400 2400
15508 CONNECTION 352 353 -1 -1 2220 2220
15509 CONNECTION 352 673 -1 -1 2400 2400
15510 CONNECTION 547 453 -1 -1 3540 3540
15511 CONNECTION 805 1071 -1 -1 1920 1920
15512 CONNECTION 805 706 -1 -1 2700 2700
15513 CONNECTION 805 858 -1 -1 2700 2700
15514 CONNECTION 805 454 300 2340 5520 5520
15515 CONNECTION 1050 1071 -1 -1 1920 1920
15516 CONNECTION 1050 706 -1 -1 2700 2700
15517 CONNECTION 1050 858 -1 -1 2700 2700
15518 CONNECTION 1050 454 300 2340 5520 5520
15519 CONNECTION 672 673 -1 -1 1320 1320
15520 CONNECTION 236 237 -1 -1 2100 2100
15521 CONNECTION 731 1126 -1 -1 4500 4500
15522 CONNECTION 320 453 -1 -1 4200 4200
15523 CONNECTION 857 858 -1 -1 900 900
15524 CONNECTION 857 454 300 540 3720 3720
15525 CONNECTION 452 453 -1 -1 2160 2160
15526 CONNECTION 705 706 -1 -1 900 900
15527 CONNECTION 705 454 300 540 3720 3720
15528 CONNECTION 405 406 -1 -1 900 900
15529 CONNECTION 405 429 -1 -1 2700 2700
15530 CONNECTION 405 674 -1 -1 2700 2700
15531 SINK 405 2 -1 -1 300 300
15532 CONNECTION 428 429 -1 -1 900 900
15533 SINK 428 2 -1 -1 300 300
15534 CONNECTION 751 429 -1 -1 1680 1680
15535 CONNECTION 751 674 -1 -1 1680 1680
15536 SINK 751 2 -1 -1 300 300
15537 CONNECTION 1125 1126 -1 -1 3660 3660
15538 CONNECTION 641 429 -1 -1 1680 1680
15539 CONNECTION 641 674 -1 -1 1680 1680
15540 SINK 641 2 -1 -1 300 300
15541 CONNECTION 603 429 -1 -1 2700 2700
15542 CONNECTION 603 674 -1 -1 2700 2700
15543 SINK 603 2 -1 -1 300 300
15544 CONNECTION 50 453 -1 -1 3420 3420
15545 CONNECTION 1121 453 -1 -1 3420 3420
15546 CONNECTION 353 1126 -1 -1 3000 3000
15547 SINK 524 2 -1 -1 300 300
15548 CONNECTION 406 454 300 540 3720 3720
15549 CONNECTION 1071 429 -1 -1 1680 1680
15550 CONNECTION 1071 674 -1 -1 1680 1680
15551 SINK 1071 2 -1 -1 300 300
15552 CONNECTION 956 1126 -1 -1 2700 2700
15553 CONNECTION 673 674 -1 -1 900 900
15554 SINK 673 2 -1 -1 300 300
15555 SINK 237 2 -1 -1 300 300
15556 SINK 706 2 -1 -1 300 300
15557 SINK 858 2 -1 -1 300 300
15558 CONNECTION 453 454 -1 -1 900 900
15559 CONNECTION 429 454 -1 -1 1920 1920
15560 CONNECTION 674 454 -1 -1 1920 1920
15561 SINK 1126 2 -1 -1 300 300
15562 SINK 454 2 -1 -1 300 300
